time,Esti,Pr,id
1.0,$\hat{m}_{emp}$,0.029648819804260217,1
1.0762239473831834,$\hat{m}_{emp}$,0.02754931461049816,1
1.1582579849210413,$\hat{m}_{emp}$,0.025598011804908356,1
1.2465449806198148,$\hat{m}_{emp}$,0.023784782357695416,1
1.3415615596333508,$\hat{m}_{emp}$,0.043046801662867104,1
1.4438206773661448,$\hat{m}_{emp}$,0.03999800632990256,1
1.5538743887084543,$\hat{m}_{emp}$,0.03642468449693181,1
1.6723168283534438,$\hat{m}_{emp}$,0.03384469737719732,1
1.7997874182858689,$\hat{m}_{emp}$,0.03144742103158737,1
1.9369743197582066,$\hat{m}_{emp}$,0.030817528281908865,1
2.0846181483900335,$\hat{m}_{emp}$,0.028635045567522784,1
2.2435159724469447,$\hat{m}_{emp}$,0.026607005388760586,1
2.4145256158840724,$\hat{m}_{emp}$,0.02263616720065569,1
2.5985702893845684,$\hat{m}_{emp}$,0.02103295486014954,1
2.796643574394121,$\hat{m}_{emp}$,0.019543261498874236,1
3.009814787058257,$\hat{m}_{emp}$,0.027818623055864387,1
3.239234751020113,$\hat{m}_{emp}$,0.025848375451263537,1
3.486142010243649,$\hat{m}_{emp}$,0.030385599867888698,1
3.751869515402767,$\hat{m}_{emp}$,0.028233579162391033,1
4.037851819933397,$\hat{m}_{emp}$,0.02623394908261377,1
4.345632824597091,$\hat{m}_{emp}$,0.02717449803353343,1
4.676874112365815,$\hat{m}_{emp}$,0.025249844207999632,1
5.03336391862456,$\hat{m}_{emp}$,0.04647289259979412,1
5.417026785118212,$\hat{m}_{emp}$,0.043181380396011985,1
5.829933949760359,$\hat{m}_{emp}$,0.04335697136896937,1
6.274314528394325,$\hat{m}_{emp}$,0.053716946615666054,1
6.752567548872198,$\hat{m}_{emp}$,0.04991234567243391,1
7.267274902418825,$\hat{m}_{emp}$,0.054615940665630226,1
7.821215282199927,$\hat{m}_{emp}$,0.05074780672496998,1
8.417379184342884,$\hat{m}_{emp}$,0.06379895527874907,1
9.058985052394538,$\hat{m}_{emp}$,0.02687373396353815,1
9.749496652373306,$\hat{m}_{emp}$,0.030513616350692534,1
10.492641772216333,$\hat{m}_{emp}$,0.028352451005606707,1
11.292432346572342,$\hat{m}_{emp}$,0.038547936388576454,1
12.153186115585632,$\hat{m}_{emp}$,0.04375231299868251,1
13.079549934598068,$\hat{m}_{emp}$,0.0445846205479339,1
14.076524860608592,$\hat{m}_{emp}$,0.051308857698629154,1
15.149493150921694,$\hat{m}_{emp}$,0.052947589178199646,1
16.304247319739442,$\hat{m}_{emp}$,0.0517309487501462,1
17.54702140956167,$\hat{m}_{emp}$,0.053400646336061945,1
18.88452464621569,$\hat{m}_{emp}$,0.059583305547352076,1
20.32397765920527,$\hat{m}_{emp}$,0.03411342106148347,1
21.87315146291753,$\hat{m}_{emp}$,0.028956779502094073,1
23.540409409131357,$\hat{m}_{emp}$,0.029846708333142274,1
25.33475233731158,$\hat{m}_{emp}$,0.025957518122116937,1
27.265867166436806,$\hat{m}_{emp}$,0.02849368287977281,1
29.344179190688156,$\hat{m}_{emp}$,0.030945026810358253,1
31.580908361321878,$\hat{m}_{emp}$,0.03213942693860252,1
33.98812985856841,$\hat{m}_{emp}$,0.033196804180353985,1
36.57883928056072,$\hat{m}_{emp}$,0.029283570608620208,1
39.36702280122011,$\hat{m}_{emp}$,0.029762334555950502,1
42.36773267585289,$\hat{m}_{emp}$,0.029543999225476392,1
45.597168502081885,$\hat{m}_{emp}$,0.02482694838911282,1
49.07276467480673,$\hat{m}_{emp}$,0.03641244215810131,1
52.81328450732654,$\hat{m}_{emp}$,0.04170308726295387,1
56.8389215267461,$\hat{m}_{emp}$,0.04576033100228083,1
61.17140849051769,$\hat{m}_{emp}$,0.05441457423580786,1
65.83413471265413,$\hat{m}_{emp}$,0.04581499001194195,1
70.8522723330089,$\hat{m}_{emp}$,0.04519564279003631,1
76.25291221129912,$\hat{m}_{emp}$,0.04547086771858117,1
82.06521017950769,$\hat{m}_{emp}$,0.05308920090635501,1
88.32054444222037,$\hat{m}_{emp}$,0.05027183267573387,1
95.0526849746383,$\hat{m}_{emp}$,0.038615880384762,1
102.29797583277549,$\hat{m}_{emp}$,0.03704266469698569,1
110.0955313600591,$\hat{m}_{emp}$,0.04127899319337489,1
118.4874473495718,$\hat{m}_{emp}$,0.049054005959228,1
127.51902830191335,$\hat{m}_{emp}$,0.04884577064733513,1
137.239032005553,$\hat{m}_{emp}$,0.05300621835176711,1
147.6999327600634,$\hat{m}_{emp}$,0.04533381470608369,1
158.95820466326612,$\hat{m}_{emp}$,0.04386981726964492,1
171.07462649164432,$\hat{m}_{emp}$,0.03698571793634118,1
184.11460981994108,$\hat{m}_{emp}$,0.031376142593566476,1
198.14855215133173,$\hat{m}_{emp}$,0.026508199635628244,1
213.25221696456873,$\hat{m}_{emp}$,0.025928417442256577,1
229.50714272982336,$\hat{m}_{emp}$,0.023776907011037945,1
247.00108310132606,$\hat{m}_{emp}$,0.02144684597622721,1
265.8284806632307,$\hat{m}_{emp}$,0.01786817184684834,1
286.0909767862566,$\hat{m}_{emp}$,0.021250917635825508,1
307.8979603476156,$\hat{m}_{emp}$,0.02004719764839131,1
331.36715827654194,$\hat{m}_{emp}$,0.018333411151781807,1
356.62527111352796,$\hat{m}_{emp}$,0.02081289191403117,1
383.8086570143992,$\hat{m}_{emp}$,0.021568222498235905,1
413.0640678918749,$\hat{m}_{emp}$,0.022769561618321364,1
444.5494416687491,$\hat{m}_{emp}$,0.022489630169698727,1
478.43475491973123,$\hat{m}_{emp}$,0.009959671572700368,1
514.9029405050194,$\hat{m}_{emp}$,0.010704411999110295,1
554.1508751495202,$\hat{m}_{emp}$,0.011759833825428525,1
596.390442299262,$\hat{m}_{emp}$,0.015196117498976928,1
641.8496759929147,$\hat{m}_{emp}$,0.015420852461427829,1
690.7739919237116,$\hat{m}_{emp}$,0.01815120456417076,1
743.4275123377766,$\hat{m}_{emp}$,0.018448624126065776,1
800.0944919214219,$\hat{m}_{emp}$,0.023170999504733277,1
861.0808523752157,$\hat{m}_{emp}$,0.027457375453571423,1
926.7158339593304,$\hat{m}_{emp}$,0.027908447275189437,1
997.35377292621,$\hat{m}_{emp}$,0.019316419927398736,1
1073.3760144361563,$\hat{m}_{emp}$,0.020432133160103377,1
1155.1929712829099,$\hat{m}_{emp}$,0.02285373142807859,1
1243.246339543401,$\hat{m}_{emp}$,0.025970767637975265,1
1338.011483113092,$\hat{m}_{emp}$,0.027193755020473973,1
1.0,$\hat{m}_{GT}$,0.0001079447322970639,1
1.0762239473831834,$\hat{m}_{GT}$,0.00010030090270812437,1
1.1582579849210413,$\hat{m}_{GT}$,9.319664492078285e-05,1
1.2465449806198148,$\hat{m}_{GT}$,8.659508139937652e-05,1
1.3415615596333508,$\hat{m}_{GT}$,5.364087434625184e-05,1
1.4438206773661448,$\hat{m}_{GT}$,4.984175243601565e-05,1
1.5538743887084543,$\hat{m}_{GT}$,0.0011346532360773417,1
1.6723168283534438,$\hat{m}_{GT}$,0.0010542849151193062,1
1.7997874182858689,$\hat{m}_{GT}$,0.000979608156737305,1
1.9369743197582066,$\hat{m}_{GT}$,1.857596641465272e-05,1
2.0846181483900335,$\hat{m}_{GT}$,1.7260425296879315e-05,1
2.2435159724469447,$\hat{m}_{GT}$,1.6037977931742366e-05,1
2.4145256158840724,$\hat{m}_{GT}$,2.9804038447209596e-05,1
2.5985702893845684,$\hat{m}_{GT}$,2.7693159789531986e-05,1
2.796643574394121,$\hat{m}_{GT}$,2.573174654229656e-05,1
3.009814787058257,$\hat{m}_{GT}$,2.390943107508757e-05,1
3.239234751020113,$\hat{m}_{GT}$,2.221605109691752e-05,1
3.486142010243649,$\hat{m}_{GT}$,1.032119560729915e-05,1
3.751869515402767,$\hat{m}_{GT}$,9.59021031331217e-06,1
4.037851819933397,$\hat{m}_{GT}$,8.910988139474787e-06,1
4.345632824597091,$\hat{m}_{GT}$,8.279859242392879e-06,1
4.676874112365815,$\hat{m}_{GT}$,7.693432117001715e-06,1
5.03336391862456,$\hat{m}_{GT}$,7.148576003660071e-06,1
5.417026785118212,$\hat{m}_{GT}$,6.6422674044011665e-06,1
5.829933949760359,$\hat{m}_{GT}$,6.171810871027668e-06,1
6.274314528394325,$\hat{m}_{GT}$,3.4408207504430054e-05,1
6.752567548872198,$\hat{m}_{GT}$,3.197118330677949e-05,1
7.267274902418825,$\hat{m}_{GT}$,9.90226464792498e-06,1
7.821215282199927,$\hat{m}_{GT}$,9.200944016856129e-06,1
8.417379184342884,$\hat{m}_{GT}$,4.274636869597928e-06,1
9.058985052394538,$\hat{m}_{GT}$,3.971879096000318e-06,1
9.749496652373306,$\hat{m}_{GT}$,3.6905680153232384e-06,1
10.492641772216333,$\hat{m}_{GT}$,3.4291788831164377e-06,1
11.292432346572342,$\hat{m}_{GT}$,3.1863065290607087e-06,1
12.153186115585632,$\hat{m}_{GT}$,8.88191494086125e-06,1
13.079549934598068,$\hat{m}_{GT}$,8.252845168371796e-06,1
14.076524860608592,$\hat{m}_{GT}$,7.668339216653588e-06,1
15.149493150921694,$\hat{m}_{GT}$,2.3750768931144145e-06,1
16.304247319739442,$\hat{m}_{GT}$,1.324114553563744e-05,1
17.54702140956167,$\hat{m}_{GT}$,2.050558572155055e-06,1
18.88452464621569,$\hat{m}_{GT}$,1.905324429117168e-06,1
20.32397765920527,$\hat{m}_{GT}$,3.540756765943585e-06,1
21.87315146291753,$\hat{m}_{GT}$,1.6449911663974364e-06,1
23.540409409131357,$\hat{m}_{GT}$,1.5284840647893825e-06,1
25.33475233731158,$\hat{m}_{GT}$,1.4202285999954552e-06,1
27.265867166436806,$\hat{m}_{GT}$,1.319640741004669e-06,1
29.344179190688156,$\hat{m}_{GT}$,1.2261769152576871e-06,1
31.580908361321878,$\hat{m}_{GT}$,1.1393323740154744e-06,1
33.98812985856841,$\hat{m}_{GT}$,4.234556308483193e-06,1
36.57883928056072,$\hat{m}_{GT}$,9.83660416816265e-07,1
39.36702280122011,$\hat{m}_{GT}$,9.139924010671776e-07,1
42.36773267585289,$\hat{m}_{GT}$,8.492583426893294e-07,1
45.597168502081885,$\hat{m}_{GT}$,7.891090327732763e-07,1
49.07276467480673,$\hat{m}_{GT}$,7.33220075272373e-07,1
52.81328450732654,$\hat{m}_{GT}$,6.812894083342133e-07,1
56.8389215267461,$\hat{m}_{GT}$,6.330367977960191e-07,1
61.17140849051769,$\hat{m}_{GT}$,5.882020780003012e-07,1
65.83413471265413,$\hat{m}_{GT}$,5.465421643616251e-07,1
70.8522723330089,$\hat{m}_{GT}$,5.078333291013889e-07,1
76.25291221129912,$\hat{m}_{GT}$,4.718657145674855e-07,1
82.06521017950769,$\hat{m}_{GT}$,4.384457274340753e-07,1
88.32054444222037,$\hat{m}_{GT}$,4.073925451238168e-07,1
95.0526849746383,$\hat{m}_{GT}$,3.7853881745230506e-07,1
102.29797583277549,$\hat{m}_{GT}$,3.5172874679047517e-07,1
110.0955313600591,$\hat{m}_{GT}$,3.268173577927801e-07,1
118.4874473495718,$\hat{m}_{GT}$,3.036704034322044e-07,1
127.51902830191335,$\hat{m}_{GT}$,2.8216282318577063e-07,1
137.239032005553,$\hat{m}_{GT}$,5.243571774272625e-07,1
147.6999327600634,$\hat{m}_{GT}$,7.308290744269021e-07,1
158.95820466326612,$\hat{m}_{GT}$,2.2635593429430482e-07,1
171.07462649164432,$\hat{m}_{GT}$,2.103241831797441e-07,1
184.11460981994108,$\hat{m}_{GT}$,1.9542788642591123e-07,1
198.14855215133173,$\hat{m}_{GT}$,1.8158664234132005e-07,1
213.25221696456873,$\hat{m}_{GT}$,1.6872571087938323e-07,1
229.50714272982336,$\hat{m}_{GT}$,1.567756393232184e-07,1
247.00108310132606,$\hat{m}_{GT}$,1.4567196218239325e-07,1
265.8284806632307,$\hat{m}_{GT}$,1.3535468409096538e-07,1
286.0909767862566,$\hat{m}_{GT}$,1.2576814466455686e-07,1
307.8979603476156,$\hat{m}_{GT}$,1.1686057341613607e-07,1
331.36715827654194,$\hat{m}_{GT}$,1.0858388159144881e-07,1
356.62527111352796,$\hat{m}_{GT}$,1.0089338061735248e-07,1
383.8086570143992,$\hat{m}_{GT}$,9.374757135197966e-08,1
413.0640678918749,$\hat{m}_{GT}$,8.710786976920509e-08,1
444.5494416687491,$\hat{m}_{GT}$,8.093841946044508e-08,1
478.43475491973123,$\hat{m}_{GT}$,7.5205928874444e-08,1
514.9029405050194,$\hat{m}_{GT}$,6.987943910010376e-08,1
554.1508751495202,$\hat{m}_{GT}$,6.493020360228874e-08,1
596.390442299262,$\hat{m}_{GT}$,6.033150108575586e-08,1
641.8496759929147,$\hat{m}_{GT}$,5.605849995975e-08,1
690.7739919237116,$\hat{m}_{GT}$,5.2088135208297845e-08,1
743.4275123377766,$\hat{m}_{GT}$,4.839897403854833e-08,1
800.0944919214219,$\hat{m}_{GT}$,4.497109999715333e-08,1
861.0808523752157,$\hat{m}_{GT}$,4.178600575802802e-08,1
926.7158339593304,$\hat{m}_{GT}$,3.882649708081041e-08,1
997.35377292621,$\hat{m}_{GT}$,3.6076596530997136e-08,1
1073.3760144361563,$\hat{m}_{GT}$,3.352145799033898e-08,1
1155.1929712829099,$\hat{m}_{GT}$,3.1147288894811025e-08,1
1243.246339543401,$\hat{m}_{GT}$,2.8941270723794846e-08,1
1338.011483113092,$\hat{m}_{GT}$,2.689149462093467e-08,1
1.0,$\hat{m}_{MLG}$,29.350878841321244,1
1.0762239473831834,$\hat{m}_{MLG}$,27.27247157331996,1
1.1582579849210413,$\hat{m}_{MLG}$,25.34077740782852,1
1.2465449806198148,$\hat{m}_{MLG}$,23.545769101662625,1
1.3415615596333508,$\hat{m}_{MLG}$,22.646812667507042,1
1.4438206773661448,$\hat{m}_{MLG}$,21.042849211453635,1
1.5538743887084543,$\hat{m}_{MLG}$,19.314321961792288,1
1.6723168283534438,$\hat{m}_{MLG}$,17.946274370548874,1
1.7997874182858689,$\hat{m}_{MLG}$,16.675109834466213,1
1.9369743197582066,$\hat{m}_{MLG}$,15.255398120186502,1
2.0846181483900335,$\hat{m}_{MLG}$,14.175018071734327,1
2.2435159724469447,$\hat{m}_{MLG}$,13.171090694829356,1
2.4145256158840724,$\hat{m}_{MLG}$,14.770057233827583,1
2.5985702893845684,$\hat{m}_{MLG}$,13.72396414671836,1
2.796643574394121,$\hat{m}_{MLG}$,12.751941983608877,1
3.009814787058257,$\hat{m}_{MLG}$,12.053717942414135,1
3.239234751020113,$\hat{m}_{MLG}$,11.20001613068592,1
3.486142010243649,$\hat{m}_{MLG}$,12.835249308294113,1
3.751869515402767,$\hat{m}_{MLG}$,11.92620942124999,1
4.037851819933397,$\hat{m}_{MLG}$,11.081541199793266,1
4.345632824597091,$\hat{m}_{MLG}$,9.92488005477127,1
4.676874112365815,$\hat{m}_{MLG}$,9.221943119494387,1
5.03336391862456,$\hat{m}_{MLG}$,9.50516466054272,1
5.417026785118212,$\hat{m}_{MLG}$,8.831947141061832,1
5.829933949760359,$\hat{m}_{MLG}$,9.466578605071994,1
6.274314528394325,$\hat{m}_{MLG}$,8.696028928574295,1
6.752567548872198,$\hat{m}_{MLG}$,8.080116782622596,1
7.267274902418825,$\hat{m}_{MLG}$,8.280699749616288,1
7.821215282199927,$\hat{m}_{MLG}$,7.694225263165401,1
8.417379184342884,$\hat{m}_{MLG}$,7.30926408663834,1
9.058985052394538,$\hat{m}_{MLG}$,7.825762240934186,1
9.749496652373306,$\hat{m}_{MLG}$,9.030183754389009,1
10.492641772216333,$\hat{m}_{MLG}$,8.390609606066217,1
11.292432346572342,$\hat{m}_{MLG}$,6.869760804660292,1
12.153186115585632,$\hat{m}_{MLG}$,8.61751863627374,1
13.079549934598068,$\hat{m}_{MLG}$,6.7058937027050085,1
14.076524860608592,$\hat{m}_{MLG}$,4.931508842497425,1
15.149493150921694,$\hat{m}_{MLG}$,5.252654900515155,1
16.304247319739442,$\hat{m}_{MLG}$,5.4179014341087495,1
17.54702140956167,$\hat{m}_{MLG}$,4.6303438425642645,1
18.88452464621569,$\hat{m}_{MLG}$,4.547846664975373,1
20.32397765920527,$\hat{m}_{MLG}$,5.416820894196876,1
21.87315146291753,$\hat{m}_{MLG}$,3.713598756118545,1
23.540409409131357,$\hat{m}_{MLG}$,3.1547762799984103,1
25.33475233731158,$\hat{m}_{MLG}$,3.8149806553062584,1
27.265867166436806,$\hat{m}_{MLG}$,2.5551163998141946,1
29.344179190688156,$\hat{m}_{MLG}$,4.442085457974625,1
31.580908361321878,$\hat{m}_{MLG}$,2.8370587662101365,1
33.98812985856841,$\hat{m}_{MLG}$,4.361572650715798,1
36.57883928056072,$\hat{m}_{MLG}$,3.5691306344904787,1
39.36702280122011,$\hat{m}_{MLG}$,3.151290115212398,1
42.36773267585289,$\hat{m}_{MLG}$,2.8179271345692305,1
45.597168502081885,$\hat{m}_{MLG}$,2.6431688740960757,1
49.07276467480673,$\hat{m}_{MLG}$,3.2727303952708775,1
52.81328450732654,$\hat{m}_{MLG}$,3.460932630771799,1
56.8389215267461,$\hat{m}_{MLG}$,1.9821511519490886,1
61.17140849051769,$\hat{m}_{MLG}$,2.4254841436936503,1
65.83413471265413,$\hat{m}_{MLG}$,3.4826485090455463,1
70.8522723330089,$\hat{m}_{MLG}$,3.080657620078206,1
76.25291221129912,$\hat{m}_{MLG}$,1.9101061429182158,1
82.06521017950769,$\hat{m}_{MLG}$,2.4640305735168258,1
88.32054444222037,$\hat{m}_{MLG}$,1.9095999724097472,1
95.0526849746383,$\hat{m}_{MLG}$,1.38250286137265,1
102.29797583277549,$\hat{m}_{MLG}$,1.7846023279209313,1
110.0955313600591,$\hat{m}_{MLG}$,1.2845074116405153,1
118.4874473495718,$\hat{m}_{MLG}$,1.0663870834841562,1
127.51902830191335,$\hat{m}_{MLG}$,1.3033180887049376,1
137.239032005553,$\hat{m}_{MLG}$,1.2248691959113773,1
147.6999327600634,$\hat{m}_{MLG}$,1.3725626962769375,1
158.95820466326612,$\hat{m}_{MLG}$,1.183687689286189,1
171.07462649164432,$\hat{m}_{MLG}$,1.3026723698885176,1
184.11460981994108,$\hat{m}_{MLG}$,1.8456644234619384,1
198.14855215133173,$\hat{m}_{MLG}$,1.3342328693458687,1
213.25221696456873,$\hat{m}_{MLG}$,1.337127094870924,1
229.50714272982336,$\hat{m}_{MLG}$,1.0925941927391871,1
247.00108310132606,$\hat{m}_{MLG}$,0.8229395446008945,1
265.8284806632307,$\hat{m}_{MLG}$,0.9914294862902624,1
286.0909767862566,$\hat{m}_{MLG}$,0.8298339431572005,1
307.8979603476156,$\hat{m}_{MLG}$,0.7009015453225036,1
331.36715827654194,$\hat{m}_{MLG}$,0.9227543830269278,1
356.62527111352796,$\hat{m}_{MLG}$,0.9126632169003878,1
383.8086570143992,$\hat{m}_{MLG}$,0.8583052388960923,1
413.0640678918749,$\hat{m}_{MLG}$,0.7373884413342869,1
444.5494416687491,$\hat{m}_{MLG}$,0.6837320499973614,1
478.43475491973123,$\hat{m}_{MLG}$,0.7206060386660001,1
514.9029405050194,$\hat{m}_{MLG}$,0.640291252022014,1
554.1508751495202,$\hat{m}_{MLG}$,0.9057014899853927,1
596.390442299262,$\hat{m}_{MLG}$,0.4701366520556843,1
641.8496759929147,$\hat{m}_{MLG}$,0.7534364884569382,1
690.7739919237116,$\hat{m}_{MLG}$,0.6067088605437064,1
743.4275123377766,$\hat{m}_{MLG}$,0.5118563460879473,1
800.0944919214219,$\hat{m}_{MLG}$,0.7145358560895569,1
861.0808523752157,$\hat{m}_{MLG}$,0.44683172648067354,1
926.7158339593304,$\hat{m}_{MLG}$,0.4837729734201567,1
997.35377292621,$\hat{m}_{MLG}$,0.6317892562767417,1
1073.3760144361563,$\hat{m}_{MLG}$,0.5194344143909229,1
1155.1929712829099,$\hat{m}_{MLG}$,0.3680005298784885,1
1243.246339543401,$\hat{m}_{MLG}$,0.4030467419218619,1
1338.011483113092,$\hat{m}_{MLG}$,0.38802931910585026,1
1.0,$\hat{m}_{MLD}$,0.4822992641767415,1
1.0762239473831834,$\hat{m}_{MLD}$,0.44814647776663324,1
1.1582579849210413,$\hat{m}_{MLD}$,0.41640450916433674,1
1.2465449806198148,$\hat{m}_{MLD}$,0.38690858878882345,1
1.3415615596333508,$\hat{m}_{MLD}$,0.481728795950114,1
1.4438206773661448,$\hat{m}_{MLD}$,0.44761029125028035,1
1.5538743887084543,$\hat{m}_{MLD}$,0.47089465344448306,1
1.6723168283534438,$\hat{m}_{MLD}$,0.43754083974869296,1
1.7997874182858689,$\hat{m}_{MLD}$,0.4065490925429828,1
1.9369743197582066,$\hat{m}_{MLD}$,0.4756969644827522,1
2.0846181483900335,$\hat{m}_{MLD}$,0.4420083314174261,1
2.2435159724469447,$\hat{m}_{MLD}$,0.41070366129394403,1
2.4145256158840724,$\hat{m}_{MLD}$,0.4767790424111467,1
2.5985702893845684,$\hat{m}_{MLD}$,0.44301104459983387,1
2.796643574394121,$\hat{m}_{MLD}$,0.4116340642135735,1
3.009814787058257,$\hat{m}_{MLD}$,0.47438576078614214,1
3.239234751020113,$\hat{m}_{MLD}$,0.4407874979616774,1
3.486142010243649,$\hat{m}_{MLD}$,0.4641430573858476,1
3.751869515402767,$\hat{m}_{MLD}$,0.43127072726400895,1
4.037851819933397,$\hat{m}_{MLD}$,0.40072617909303965,1
4.345632824597091,$\hat{m}_{MLD}$,0.4421229125067274,1
4.676874112365815,$\hat{m}_{MLD}$,0.4108092317954163,1
5.03336391862456,$\hat{m}_{MLD}$,0.44675527103111057,1
5.417026785118212,$\hat{m}_{MLD}$,0.415113160018864,1
5.829933949760359,$\hat{m}_{MLD}$,0.43573594275645416,1
6.274314528394325,$\hat{m}_{MLD}$,0.45532288345366645,1
6.752567548872198,$\hat{m}_{MLD}$,0.42307380786384535,1
7.267274902418825,$\hat{m}_{MLD}$,0.43486638914414727,1
7.821215282199927,$\hat{m}_{MLD}$,0.4040672960771775,1
8.417379184342884,$\hat{m}_{MLD}$,0.4219425214928742,1
9.058985052394538,$\hat{m}_{MLD}$,0.42664479275132067,1
9.749496652373306,$\hat{m}_{MLD}$,0.4386245320138322,1
10.492641772216333,$\hat{m}_{MLD}$,0.40755839658110865,1
11.292432346572342,$\hat{m}_{MLD}$,0.4170600670621935,1
12.153186115585632,$\hat{m}_{MLD}$,0.41920721438574154,1
13.079549934598068,$\hat{m}_{MLD}$,0.4179609911667047,1
14.076524860608592,$\hat{m}_{MLD}$,0.420035844130781,1
15.149493150921694,$\hat{m}_{MLD}$,0.4184050965492508,1
16.304247319739442,$\hat{m}_{MLD}$,0.4184418161444874,1
17.54702140956167,$\hat{m}_{MLD}$,0.4124258627499631,1
18.88452464621569,$\hat{m}_{MLD}$,0.41106126900513484,1
20.32397765920527,$\hat{m}_{MLD}$,0.4088752776413603,1
21.87315146291753,$\hat{m}_{MLD}$,0.40243728050882865,1
23.540409409131357,$\hat{m}_{MLD}$,0.3978182582266833,1
25.33475233731158,$\hat{m}_{MLD}$,0.3935414773203695,1
27.265867166436806,$\hat{m}_{MLD}$,0.3878096691805823,1
29.344179190688156,$\hat{m}_{MLD}$,0.40259997972148615,1
31.580908361321878,$\hat{m}_{MLD}$,0.395423469500642,1
33.98812985856841,$\hat{m}_{MLD}$,0.38848196521100264,1
36.57883928056072,$\hat{m}_{MLD}$,0.3807577049205645,1
39.36702280122011,$\hat{m}_{MLD}$,0.394766856624754,1
42.36773267585289,$\hat{m}_{MLD}$,0.38682435375261787,1
45.597168502081885,$\hat{m}_{MLD}$,0.37807717150969183,1
49.07276467480673,$\hat{m}_{MLD}$,0.38832187125975276,1
52.81328450732654,$\hat{m}_{MLD}$,0.37997831442664387,1
56.8389215267461,$\hat{m}_{MLD}$,0.37005546048552657,1
61.17140849051769,$\hat{m}_{MLD}$,0.37887409457936494,1
65.83413471265413,$\hat{m}_{MLD}$,0.36996394924700154,1
70.8522723330089,$\hat{m}_{MLD}$,0.37698404830916893,1
76.25291221129912,$\hat{m}_{MLD}$,0.3659320112535254,1
82.06521017950769,$\hat{m}_{MLD}$,0.3729189095109401,1
88.32054444222037,$\hat{m}_{MLD}$,0.3623746436920357,1
95.0526849746383,$\hat{m}_{MLD}$,0.36256540056636977,1
102.29797583277549,$\hat{m}_{MLD}$,0.35121497172522953,1
110.0955313600591,$\hat{m}_{MLD}$,0.35472606802343803,1
118.4874473495718,$\hat{m}_{MLD}$,0.3581715667622419,1
127.51902830191335,$\hat{m}_{MLD}$,0.34779749162780577,1
137.239032005553,$\hat{m}_{MLD}$,0.3516482222532467,1
147.6999327600634,$\hat{m}_{MLD}$,0.34113797487750697,1
158.95820466326612,$\hat{m}_{MLD}$,0.3438270573769286,1
171.07462649164432,$\hat{m}_{MLD}$,0.33377005773293666,1
184.11460981994108,$\hat{m}_{MLD}$,0.33720235773993124,1
198.14855215133173,$\hat{m}_{MLD}$,0.3402087666319291,1
213.25221696456873,$\hat{m}_{MLD}$,0.32982147555881536,1
229.50714272982336,$\hat{m}_{MLD}$,0.3331117896605525,1
247.00108310132606,$\hat{m}_{MLD}$,0.3225265774483196,1
265.8284806632307,$\hat{m}_{MLD}$,0.32603076764175726,1
286.0909767862566,$\hat{m}_{MLD}$,0.3299179010486422,1
307.8979603476156,$\hat{m}_{MLD}$,0.3200153319904885,1
331.36715827654194,$\hat{m}_{MLD}$,0.3223288827225671,1
356.62527111352796,$\hat{m}_{MLD}$,0.3252368526977831,1
383.8086570143992,$\hat{m}_{MLD}$,0.31479649058394704,1
413.0640678918749,$\hat{m}_{MLD}$,0.3187061533427776,1
444.5494416687491,$\hat{m}_{MLD}$,0.30886457760561814,1
478.43475491973123,$\hat{m}_{MLD}$,0.3129299331416284,1
514.9029405050194,$\hat{m}_{MLD}$,0.3164324717173103,1
554.1508751495202,$\hat{m}_{MLD}$,0.3076297631258517,1
596.390442299262,$\hat{m}_{MLD}$,0.3110567179820271,1
641.8496759929147,$\hat{m}_{MLD}$,0.30195713367833227,1
690.7739919237116,$\hat{m}_{MLD}$,0.30505132899501675,1
743.4275123377766,$\hat{m}_{MLD}$,0.2962011142808191,1
800.0944919214219,$\hat{m}_{MLD}$,0.3006464804491965,1
861.0808523752157,$\hat{m}_{MLD}$,0.3046450293485265,1
926.7158339593304,$\hat{m}_{MLD}$,0.29559633724295453,1
997.35377292621,$\hat{m}_{MLD}$,0.30057248561764993,1
1073.3760144361563,$\hat{m}_{MLD}$,0.2989311291268686,1
1155.1929712829099,$\hat{m}_{MLD}$,0.293384438212173,1
1243.246339543401,$\hat{m}_{MLD}$,0.29625791586923095,1
1338.011483113092,$\hat{m}_{MLD}$,0.29078639587130584,1
1.0,$\hat{m}_{emp}$,0.034016139044072004,2
1.0762239473831834,$\hat{m}_{emp}$,0.031606875072095975,2
1.1582579849210413,$\hat{m}_{emp}$,0.029367631296891746,2
1.2465449806198148,$\hat{m}_{emp}$,0.02728811871327557,2
1.3415615596333508,$\hat{m}_{emp}$,0.020666892871464265,2
1.4438206773661448,$\hat{m}_{emp}$,0.019203210088850675,2
1.5538743887084543,$\hat{m}_{emp}$,0.017842876165113184,2
1.6723168283534438,$\hat{m}_{emp}$,0.017865980401860833,2
1.7997874182858689,$\hat{m}_{emp}$,0.016600372473731403,2
1.9369743197582066,$\hat{m}_{emp}$,0.015424713724149717,2
2.0846181483900335,$\hat{m}_{emp}$,0.01433222169286962,2
2.2435159724469447,$\hat{m}_{emp}$,0.01864763169544046,2
2.4145256158840724,$\hat{m}_{emp}$,0.017327072050455885,2
2.5985702893845684,$\hat{m}_{emp}$,0.01609975157653354,2
2.796643574394121,$\hat{m}_{emp}$,0.023319818886685804,2
3.009814787058257,$\hat{m}_{emp}$,0.02166799571039679,2
3.239234751020113,$\hat{m}_{emp}$,0.02013337080661233,2
3.486142010243649,$\hat{m}_{emp}$,0.03555149328142063,2
3.751869515402767,$\hat{m}_{emp}$,0.03303333112743476,2
4.037851819933397,$\hat{m}_{emp}$,0.03764206729044754,2
4.345632824597091,$\hat{m}_{emp}$,0.03497595581583583,2
4.676874112365815,$\hat{m}_{emp}$,0.03773701766959538,2
5.03336391862456,$\hat{m}_{emp}$,0.03506420902050413,2
5.417026785118212,$\hat{m}_{emp}$,0.03744700355219434,2
5.829933949760359,$\hat{m}_{emp}$,0.03479458277732035,2
6.274314528394325,$\hat{m}_{emp}$,0.04539578689108441,2
6.752567548872198,$\hat{m}_{emp}$,0.04218041426645422,2
7.267274902418825,$\hat{m}_{emp}$,0.04969308385245248,2
7.821215282199927,$\hat{m}_{emp}$,0.02111066432456456,2
8.417379184342884,$\hat{m}_{emp}$,0.019615458357709267,2
9.058985052394538,$\hat{m}_{emp}$,0.021821155146266147,2
9.749496652373306,$\hat{m}_{emp}$,0.025212010084804035,2
10.492641772216333,$\hat{m}_{emp}$,0.02664841990684687,2
11.292432346572342,$\hat{m}_{emp}$,0.024761074140306646,2
12.153186115585632,$\hat{m}_{emp}$,0.03024287596743494,2
13.079549934598068,$\hat{m}_{emp}$,0.038028948825437,2
14.076524860608592,$\hat{m}_{emp}$,0.04203511206227511,2
15.149493150921694,$\hat{m}_{emp}$,0.053401147783237776,2
16.304247319739442,$\hat{m}_{emp}$,0.055758600210151214,2
17.54702140956167,$\hat{m}_{emp}$,0.056217057554211324,2
18.88452464621569,$\hat{m}_{emp}$,0.07819334028696895,2
20.32397765920527,$\hat{m}_{emp}$,0.08422615048193802,2
21.87315146291753,$\hat{m}_{emp}$,0.09081914116743413,2
23.540409409131357,$\hat{m}_{emp}$,0.05529040956705322,2
25.33475233731158,$\hat{m}_{emp}$,0.04875618640053574,2
27.265867166436806,$\hat{m}_{emp}$,0.03900761424016197,2
29.344179190688156,$\hat{m}_{emp}$,0.029061330858908423,2
31.580908361321878,$\hat{m}_{emp}$,0.019076932753124127,2
33.98812985856841,$\hat{m}_{emp}$,0.019169776403338428,2
36.57883928056072,$\hat{m}_{emp}$,0.0251993605980422,2
39.36702280122011,$\hat{m}_{emp}$,0.025337186189005066,2
42.36773267585289,$\hat{m}_{emp}$,0.029311134617319257,2
45.597168502081885,$\hat{m}_{emp}$,0.029755373745899073,2
49.07276467480673,$\hat{m}_{emp}$,0.03342763782017498,2
52.81328450732654,$\hat{m}_{emp}$,0.032443054627284106,2
56.8389215267461,$\hat{m}_{emp}$,0.03427689874915274,2
61.17140849051769,$\hat{m}_{emp}$,0.03892653861400606,2
65.83413471265413,$\hat{m}_{emp}$,0.03735627848973301,2
70.8522723330089,$\hat{m}_{emp}$,0.03297295687221811,2
76.25291221129912,$\hat{m}_{emp}$,0.032768745444865986,2
82.06521017950769,$\hat{m}_{emp}$,0.03294087866883089,2
88.32054444222037,$\hat{m}_{emp}$,0.0364396579149454,2
95.0526849746383,$\hat{m}_{emp}$,0.03829151810396994,2
102.29797583277549,$\hat{m}_{emp}$,0.04028118637739538,2
110.0955313600591,$\hat{m}_{emp}$,0.04148233622624064,2
118.4874473495718,$\hat{m}_{emp}$,0.04001081260045136,2
127.51902830191335,$\hat{m}_{emp}$,0.03784162669799259,2
137.239032005553,$\hat{m}_{emp}$,0.037087324776042,2
147.6999327600634,$\hat{m}_{emp}$,0.035718278132892904,2
158.95820466326612,$\hat{m}_{emp}$,0.03148520511656386,2
171.07462649164432,$\hat{m}_{emp}$,0.028213439880564926,2
184.11460981994108,$\hat{m}_{emp}$,0.027932354426556033,2
198.14855215133173,$\hat{m}_{emp}$,0.02223002814308281,2
213.25221696456873,$\hat{m}_{emp}$,0.021452530747793002,2
229.50714272982336,$\hat{m}_{emp}$,0.021511347701998616,2
247.00108310132606,$\hat{m}_{emp}$,0.02224816391246556,2
265.8284806632307,$\hat{m}_{emp}$,0.022133999842463743,2
286.0909767862566,$\hat{m}_{emp}$,0.023904423385068273,2
307.8979603476156,$\hat{m}_{emp}$,0.022589984562977432,2
331.36715827654194,$\hat{m}_{emp}$,0.023912350395612823,2
356.62527111352796,$\hat{m}_{emp}$,0.023666750908148702,2
383.8086570143992,$\hat{m}_{emp}$,0.026746024198850544,2
413.0640678918749,$\hat{m}_{emp}$,0.027207777388854014,2
444.5494416687491,$\hat{m}_{emp}$,0.02776327197331503,2
478.43475491973123,$\hat{m}_{emp}$,0.025397591199277408,2
514.9029405050194,$\hat{m}_{emp}$,0.024670325762388628,2
554.1508751495202,$\hat{m}_{emp}$,0.023448601443745647,2
596.390442299262,$\hat{m}_{emp}$,0.02463516406246585,2
641.8496759929147,$\hat{m}_{emp}$,0.026061338887343362,2
690.7739919237116,$\hat{m}_{emp}$,0.013400944096158133,2
743.4275123377766,$\hat{m}_{emp}$,0.012607449537750599,2
800.0944919214219,$\hat{m}_{emp}$,0.013751936663024874,2
861.0808523752157,$\hat{m}_{emp}$,0.015843273103848178,2
926.7158339593304,$\hat{m}_{emp}$,0.020273643415144982,2
997.35377292621,$\hat{m}_{emp}$,0.02132836837297348,2
1073.3760144361563,$\hat{m}_{emp}$,0.020988764720690948,2
1155.1929712829099,$\hat{m}_{emp}$,0.023908304881897435,2
1243.246339543401,$\hat{m}_{emp}$,0.02422961125698304,2
1338.011483113092,$\hat{m}_{emp}$,0.0240492963441889,2
1.0,$\hat{m}_{GT}$,0.00028967515001034554,2
1.0762239473831834,$\hat{m}_{GT}$,0.000269158303533664,2
1.1582579849210413,$\hat{m}_{GT}$,0.0002500893176134334,2
1.2465449806198148,$\hat{m}_{GT}$,0.00023238057298409853,2
1.3415615596333508,$\hat{m}_{GT}$,0.0001542305438168975,2
1.4438206773661448,$\hat{m}_{GT}$,0.00014330753797649757,2
1.5538743887084543,$\hat{m}_{GT}$,0.00013315579227696404,2
1.6723168283534438,$\hat{m}_{GT}$,0.00017321587647233495,2
1.7997874182858689,$\hat{m}_{GT}$,0.00016094543949601086,2
1.9369743197582066,$\hat{m}_{GT}$,0.00014954708596821056,2
2.0846181483900335,$\hat{m}_{GT}$,0.0001389550579641099,2
2.2435159724469447,$\hat{m}_{GT}$,1.844473956027741e-05,2
2.4145256158840724,$\hat{m}_{GT}$,1.713854802221156e-05,2
2.5985702893845684,$\hat{m}_{GT}$,1.5924581183514873e-05,2
2.796643574394121,$\hat{m}_{GT}$,1.4796839395105205e-05,2
3.009814787058257,$\hat{m}_{GT}$,1.3748728242637556e-05,2
3.239234751020113,$\hat{m}_{GT}$,1.277498147627686e-05,2
3.486142010243649,$\hat{m}_{GT}$,1.1870281563078676e-05,2
3.751869515402767,$\hat{m}_{GT}$,1.1029492863918117e-05,2
4.037851819933397,$\hat{m}_{GT}$,1.0248316713979728e-05,2
4.345632824597091,$\hat{m}_{GT}$,9.522449173927534e-06,2
4.676874112365815,$\hat{m}_{GT}$,8.848069793574532e-06,2
5.03336391862456,$\hat{m}_{GT}$,8.221385467879046e-06,2
5.417026785118212,$\hat{m}_{GT}$,7.639127611626752e-06,2
5.829933949760359,$\hat{m}_{GT}$,7.098038102268533e-06,2
6.274314528394325,$\hat{m}_{GT}$,6.595348959913469e-06,2
6.752567548872198,$\hat{m}_{GT}$,6.128201985537443e-06,2
7.267274902418825,$\hat{m}_{GT}$,5.694177134462299e-06,2
7.821215282199927,$\hat{m}_{GT}$,5.2908933144272075e-06,2
8.417379184342884,$\hat{m}_{GT}$,4.916154976869491e-06,2
9.058985052394538,$\hat{m}_{GT}$,4.567962140729778e-06,2
9.749496652373306,$\hat{m}_{GT}$,4.244446142222901e-06,2
10.492641772216333,$\hat{m}_{GT}$,1.577529667417308e-05,2
11.292432346572342,$\hat{m}_{GT}$,1.4658028202046261e-05,2
12.153186115585632,$\hat{m}_{GT}$,1.0214887176571135e-05,2
13.079549934598068,$\hat{m}_{GT}$,3.1638060586886025e-06,2
14.076524860608592,$\hat{m}_{GT}$,2.9397239011312056e-06,2
15.149493150921694,$\hat{m}_{GT}$,2.7315165106515487e-06,2
16.304247319739442,$\hat{m}_{GT}$,3.0456698189349293e-05,2
17.54702140956167,$\hat{m}_{GT}$,2.358295895385994e-06,2
18.88452464621569,$\hat{m}_{GT}$,4.382543452918336e-06,2
20.32397765920527,$\hat{m}_{GT}$,2.0360710344462496e-06,2
21.87315146291753,$\hat{m}_{GT}$,1.891868371366194e-06,2
23.540409409131357,$\hat{m}_{GT}$,1.7578739569215408e-06,2
25.33475233731158,$\hat{m}_{GT}$,1.6333730787449162e-06,2
27.265867166436806,$\hat{m}_{GT}$,1.517687893555442e-06,2
29.344179190688156,$\hat{m}_{GT}$,1.410196567299516e-06,2
31.580908361321878,$\hat{m}_{GT}$,1.3103188923088211e-06,2
33.98812985856841,$\hat{m}_{GT}$,1.217515173282847e-06,2
36.57883928056072,$\hat{m}_{GT}$,1.1312844263992008e-06,2
39.36702280122011,$\hat{m}_{GT}$,1.0511610599487663e-06,2
42.36773267585289,$\hat{m}_{GT}$,9.76712249827366e-07,2
45.597168502081885,$\hat{m}_{GT}$,9.075357228748916e-07,2
49.07276467480673,$\hat{m}_{GT}$,8.43259196795615e-07,2
52.81328450732654,$\hat{m}_{GT}$,7.835351066822224e-07,2
56.8389215267461,$\hat{m}_{GT}$,7.280410090939603e-07,2
61.17140849051769,$\hat{m}_{GT}$,6.764773928020099e-07,2
65.83413471265413,$\hat{m}_{GT}$,6.285655380143866e-07,2
70.8522723330089,$\hat{m}_{GT}$,5.840469900846343e-07,2
76.25291221129912,$\hat{m}_{GT}$,5.426816396148914e-07,2
82.06521017950769,$\hat{m}_{GT}$,5.04246003472238e-07,2
88.32054444222037,$\hat{m}_{GT}$,4.6853264477775855e-07,2
95.0526849746383,$\hat{m}_{GT}$,4.35348561826026e-07,2
102.29797583277549,$\hat{m}_{GT}$,4.045148713824741e-07,2
110.0955313600591,$\hat{m}_{GT}$,3.7586495923744517e-07,2
118.4874473495718,$\hat{m}_{GT}$,6.984884012508531e-07,2
127.51902830191335,$\hat{m}_{GT}$,3.2450885584667604e-07,2
137.239032005553,$\hat{m}_{GT}$,3.015254170850332e-07,2
147.6999327600634,$\hat{m}_{GT}$,2.8016972682050786e-07,2
158.95820466326612,$\hat{m}_{GT}$,2.6032663703802435e-07,2
171.07462649164432,$\hat{m}_{GT}$,2.418889202538189e-07,2
184.11460981994108,$\hat{m}_{GT}$,2.2475703202945037e-07,2
198.14855215133173,$\hat{m}_{GT}$,2.088385485887944e-07,2
213.25221696456873,$\hat{m}_{GT}$,1.9404747720815356e-07,2
229.50714272982336,$\hat{m}_{GT}$,1.8030398891923807e-07,2
247.00108310132606,$\hat{m}_{GT}$,1.675338778631121e-07,2
265.8284806632307,$\hat{m}_{GT}$,1.556682386045401e-07,2
286.0909767862566,$\hat{m}_{GT}$,1.446429878381283e-07,2
307.8979603476156,$\hat{m}_{GT}$,1.3439859451325802e-07,2
331.36715827654194,$\hat{m}_{GT}$,1.2487975640455197e-07,2
356.62527111352796,$\hat{m}_{GT}$,1.160350992250944e-07,2
383.8086570143992,$\hat{m}_{GT}$,1.0781687433274832e-07,2
413.0640678918749,$\hat{m}_{GT}$,1.0018070595740596e-07,2
444.5494416687491,$\hat{m}_{GT}$,9.30853762315428e-08,2
478.43475491973123,$\hat{m}_{GT}$,8.64925680828412e-08,2
514.9029405050194,$\hat{m}_{GT}$,8.036669716582824e-08,2
554.1508751495202,$\hat{m}_{GT}$,7.4674696486563e-08,2
596.390442299262,$\hat{m}_{GT}$,6.93858375040582e-08,2
641.8496759929147,$\hat{m}_{GT}$,6.447156046642595e-08,2
690.7739919237116,$\hat{m}_{GT}$,5.990533878176383e-08,2
743.4275123377766,$\hat{m}_{GT}$,5.566252036552464e-08,2
800.0944919214219,$\hat{m}_{GT}$,5.172020362864811e-08,2
861.0808523752157,$\hat{m}_{GT}$,4.8057101832854616e-08,2
926.7158339593304,$\hat{m}_{GT}$,4.465343841299537e-08,2
997.35377292621,$\hat{m}_{GT}$,4.149084402873938e-08,2
1073.3760144361563,$\hat{m}_{GT}$,3.8552240020078007e-08,2
1155.1929712829099,$\hat{m}_{GT}$,3.5821763799170294e-08,2
1243.246339543401,$\hat{m}_{GT}$,3.328467335985944e-08,2
1338.011483113092,$\hat{m}_{GT}$,3.09272748533823e-08,2
1.0,$\hat{m}_{MLG}$,30.98266200380716,2
1.0762239473831834,$\hat{m}_{MLG}$,28.788250368054754,2
1.1582579849210413,$\hat{m}_{MLG}$,26.748696938978206,2
1.2465449806198148,$\hat{m}_{MLG}$,24.854630260000665,2
1.3415615596333508,$\hat{m}_{MLG}$,25.526742485733674,2
1.4438206773661448,$\hat{m}_{MLG}$,23.718872589423903,2
1.5538743887084543,$\hat{m}_{MLG}$,22.038654184953394,2
1.6723168283534438,$\hat{m}_{MLG}$,21.18929112617539,2
1.7997874182858689,$\hat{m}_{MLG}$,19.688263237555468,2
1.9369743197582066,$\hat{m}_{MLG}$,18.29391627480345,2
2.0846181483900335,$\hat{m}_{MLG}$,16.998206149575193,2
2.2435159724469447,$\hat{m}_{MLG}$,17.47690721875461,2
2.4145256158840724,$\hat{m}_{MLG}$,16.23925416075958,2
2.5985702893845684,$\hat{m}_{MLG}$,15.088986587871839,2
2.796643574394121,$\hat{m}_{MLG}$,16.19136468863011,2
3.009814787058257,$\hat{m}_{MLG}$,15.04447450142987,2
3.239234751020113,$\hat{m}_{MLG}$,13.978957157656048,2
3.486142010243649,$\hat{m}_{MLG}$,15.018881504166469,2
3.751869515402767,$\hat{m}_{MLG}$,13.955073053151127,2
4.037851819933397,$\hat{m}_{MLG}$,14.373446243192555,2
4.345632824597091,$\hat{m}_{MLG}$,13.355404123906109,2
4.676874112365815,$\hat{m}_{MLG}$,9.305396430007344,2
5.03336391862456,$\hat{m}_{MLG}$,8.646320922792968,2
5.417026785118212,$\hat{m}_{MLG}$,10.445009685932547,2
5.829933949760359,$\hat{m}_{MLG}$,9.705175839250732,2
6.274314528394325,$\hat{m}_{MLG}$,8.84456222841672,2
6.752567548872198,$\hat{m}_{MLG}$,8.218104021307758,2
7.267274902418825,$\hat{m}_{MLG}$,11.098845186341947,2
7.821215282199927,$\hat{m}_{MLG}$,11.553184071972021,2
8.417379184342884,$\hat{m}_{MLG}$,10.734906186681153,2
9.058985052394538,$\hat{m}_{MLG}$,9.40488857399642,2
9.749496652373306,$\hat{m}_{MLG}$,10.166609895438068,2
10.492641772216333,$\hat{m}_{MLG}$,8.512203393029685,2
11.292432346572342,$\hat{m}_{MLG}$,7.909335714798745,2
12.153186115585632,$\hat{m}_{MLG}$,7.41584590273044,2
13.079549934598068,$\hat{m}_{MLG}$,6.766162591290041,2
14.076524860608592,$\hat{m}_{MLG}$,8.036994226082406,2
15.149493150921694,$\hat{m}_{MLG}$,8.646202117018168,2
16.304247319739442,$\hat{m}_{MLG}$,8.712172384792463,2
17.54702140956167,$\hat{m}_{MLG}$,8.527449937943802,2
18.88452464621569,$\hat{m}_{MLG}$,6.032019285616931,2
20.32397765920527,$\hat{m}_{MLG}$,5.952076456403647,2
21.87315146291753,$\hat{m}_{MLG}$,5.771700625438441,2
23.540409409131357,$\hat{m}_{MLG}$,5.270238682406671,2
25.33475233731158,$\hat{m}_{MLG}$,4.431523587447528,2
27.265867166436806,$\hat{m}_{MLG}$,5.342968746793505,2
29.344179190688156,$\hat{m}_{MLG}$,4.85262031049567,2
31.580908361321878,$\hat{m}_{MLG}$,5.655483577585947,2
33.98812985856841,$\hat{m}_{MLG}$,4.6808247734898245,2
36.57883928056072,$\hat{m}_{MLG}$,3.9846363296664635,2
39.36702280122011,$\hat{m}_{MLG}$,3.9850961943050196,2
42.36773267585289,$\hat{m}_{MLG}$,3.6963562861854795,2
45.597168502081885,$\hat{m}_{MLG}$,3.542828083969743,2
49.07276467480673,$\hat{m}_{MLG}$,3.522870714651207,2
52.81328450732654,$\hat{m}_{MLG}$,3.655453456821339,2
56.8389215267461,$\hat{m}_{MLG}$,3.2645456752041606,2
61.17140849051769,$\hat{m}_{MLG}$,2.9303567765689875,2
65.83413471265413,$\hat{m}_{MLG}$,2.474611052150197,2
70.8522723330089,$\hat{m}_{MLG}$,3.056716385140443,2
76.25291221129912,$\hat{m}_{MLG}$,1.9084963423116394,2
82.06521017950769,$\hat{m}_{MLG}$,2.1082666353091204,2
88.32054444222037,$\hat{m}_{MLG}$,1.1606424962702457,2
95.0526849746383,$\hat{m}_{MLG}$,1.6180677581708396,2
102.29797583277549,$\hat{m}_{MLG}$,1.2354187334558475,2
110.0955313600591,$\hat{m}_{MLG}$,1.7341953654316997,2
118.4874473495718,$\hat{m}_{MLG}$,1.89622925675805,2
127.51902830191335,$\hat{m}_{MLG}$,1.8039610495927414,2
137.239032005553,$\hat{m}_{MLG}$,1.875856593351666,2
147.6999327600634,$\hat{m}_{MLG}$,1.841877862145848,2
158.95820466326612,$\hat{m}_{MLG}$,2.1927774911262463,2
171.07462649164432,$\hat{m}_{MLG}$,1.2910510853043047,2
184.11460981994108,$\hat{m}_{MLG}$,1.247100141340932,2
198.14855215133173,$\hat{m}_{MLG}$,1.8813741581991685,2
213.25221696456873,$\hat{m}_{MLG}$,0.959451254275157,2
229.50714272982336,$\hat{m}_{MLG}$,1.0067110301482693,2
247.00108310132606,$\hat{m}_{MLG}$,0.9215904549419311,2
265.8284806632307,$\hat{m}_{MLG}$,0.8202373530569661,2
286.0909767862566,$\hat{m}_{MLG}$,0.7045797481882743,2
307.8979603476156,$\hat{m}_{MLG}$,0.6964924124809793,2
331.36715827654194,$\hat{m}_{MLG}$,0.6721694694518515,2
356.62527111352796,$\hat{m}_{MLG}$,1.0739764893809318,2
383.8086570143992,$\hat{m}_{MLG}$,0.5491376594040142,2
413.0640678918749,$\hat{m}_{MLG}$,0.8725632150870741,2
444.5494416687491,$\hat{m}_{MLG}$,1.1105465652561066,2
478.43475491973123,$\hat{m}_{MLG}$,0.46755235654926486,2
514.9029405050194,$\hat{m}_{MLG}$,0.6741306682914402,2
554.1508751495202,$\hat{m}_{MLG}$,0.5713080090218234,2
596.390442299262,$\hat{m}_{MLG}$,0.5945091928907548,2
641.8496759929147,$\hat{m}_{MLG}$,0.6067930017697444,2
690.7739919237116,$\hat{m}_{MLG}$,0.6055428536490408,2
743.4275123377766,$\hat{m}_{MLG}$,0.7654369431873249,2
800.0944919214219,$\hat{m}_{MLG}$,0.6976789736609174,2
861.0808523752157,$\hat{m}_{MLG}$,0.5638330403219749,2
926.7158339593304,$\hat{m}_{MLG}$,0.44105493370111987,2
997.35377292621,$\hat{m}_{MLG}$,0.37578083104517557,2
1073.3760144361563,$\hat{m}_{MLG}$,0.7904371238050445,2
1155.1929712829099,$\hat{m}_{MLG}$,0.41560719853055544,2
1243.246339543401,$\hat{m}_{MLG}$,0.49915490565718956,2
1338.011483113092,$\hat{m}_{MLG}$,0.5066520225159221,2
1.0,$\hat{m}_{MLD}$,0.46590536995654874,2
1.0762239473831834,$\hat{m}_{MLD}$,0.43290665070942436,2
1.1582579849210413,$\hat{m}_{MLD}$,0.4022366296891747,2
1.2465449806198148,$\hat{m}_{MLD}$,0.37375438253162035,2
1.3415615596333508,$\hat{m}_{MLD}$,0.4878969626145162,2
1.4438206773661448,$\hat{m}_{MLD}$,0.4533428383777587,2
1.5538743887084543,$\hat{m}_{MLD}$,0.42122853877496674,2
1.6723168283534438,$\hat{m}_{MLD}$,0.47906334563990893,2
1.7997874182858689,$\hat{m}_{MLD}$,0.4451269842043547,2
1.9369743197582066,$\hat{m}_{MLD}$,0.41360254494958126,2
2.0846181483900335,$\hat{m}_{MLD}$,0.38430816110846433,2
2.2435159724469447,$\hat{m}_{MLD}$,0.46938849326767007,2
2.4145256158840724,$\hat{m}_{MLD}$,0.4361480522211558,2
2.5985702893845684,$\hat{m}_{MLD}$,0.4052545791292439,2
2.796643574394121,$\hat{m}_{MLD}$,0.46356686881122194,2
3.009814787058257,$\hat{m}_{MLD}$,0.43073082915830285,2
3.239234751020113,$\hat{m}_{MLD}$,0.4002245347096247,2
3.486142010243649,$\hat{m}_{MLD}$,0.4543280537486349,2
3.751869515402767,$\hat{m}_{MLD}$,0.42214736020117793,2
4.037851819933397,$\hat{m}_{MLD}$,0.45238276918741094,2
4.345632824597091,$\hat{m}_{MLD}$,0.4203414128362615,2
4.676874112365815,$\hat{m}_{MLD}$,0.4456531979578655,2
5.03336391862456,$\hat{m}_{MLD}$,0.4140888138185047,2
5.417026785118212,$\hat{m}_{MLD}$,0.4405909086971468,2
5.829933949760359,$\hat{m}_{MLD}$,0.4093832720748985,2
6.274314528394325,$\hat{m}_{MLD}$,0.43274843119072426,2
6.752567548872198,$\hat{m}_{MLD}$,0.40209696429709524,2
7.267274902418825,$\hat{m}_{MLD}$,0.41722169227527933,2
7.821215282199927,$\hat{m}_{MLD}$,0.43426424639690164,2
8.417379184342884,$\hat{m}_{MLD}$,0.4035065931832595,2
9.058985052394538,$\hat{m}_{MLD}$,0.41778183302271193,2
9.749496652373306,$\hat{m}_{MLD}$,0.42897261091162214,2
10.492641772216333,$\hat{m}_{MLD}$,0.4360841031901594,2
11.292432346572342,$\hat{m}_{MLD}$,0.40519891416625137,2
12.153186115585632,$\hat{m}_{MLD}$,0.40869412947029,2
13.079549934598068,$\hat{m}_{MLD}$,0.40948469246223207,2
14.076524860608592,$\hat{m}_{MLD}$,0.4066633304396651,2
15.149493150921694,$\hat{m}_{MLD}$,0.4230191459421957,2
16.304247319739442,$\hat{m}_{MLD}$,0.41318270577306715,2
17.54702140956167,$\hat{m}_{MLD}$,0.4048003604277949,2
18.88452464621569,$\hat{m}_{MLD}$,0.422344439615125,2
20.32397765920527,$\hat{m}_{MLD}$,0.41550431505552365,2
21.87315146291753,$\hat{m}_{MLD}$,0.4079827691674644,2
23.540409409131357,$\hat{m}_{MLD}$,0.4188258568598394,2
25.33475233731158,$\hat{m}_{MLD}$,0.40499933817846234,2
27.265867166436806,$\hat{m}_{MLD}$,0.4109279670130536,2
29.344179190688156,$\hat{m}_{MLD}$,0.399577901054968,2
31.580908361321878,$\hat{m}_{MLD}$,0.4067084166787871,2
33.98812985856841,$\hat{m}_{MLD}$,0.39590104433337997,2
36.57883928056072,$\hat{m}_{MLD}$,0.4024052837962738,2
39.36702280122011,$\hat{m}_{MLD}$,0.39052296309373524,2
42.36773267585289,$\hat{m}_{MLD}$,0.3961633899103671,2
45.597168502081885,$\hat{m}_{MLD}$,0.38459156066195654,2
49.07276467480673,$\hat{m}_{MLD}$,0.3885211682335828,2
52.81328450732654,$\hat{m}_{MLD}$,0.3763800143104852,2
56.8389215267461,$\hat{m}_{MLD}$,0.3809205133591885,2
61.17140849051769,$\hat{m}_{MLD}$,0.3841415372576689,2
65.83413471265413,$\hat{m}_{MLD}$,0.37196353106182317,2
70.8522723330089,$\hat{m}_{MLD}$,0.37602275874186936,2
76.25291221129912,$\hat{m}_{MLD}$,0.3633882498859012,2
82.06521017950769,$\hat{m}_{MLD}$,0.367736114808747,2
88.32054444222037,$\hat{m}_{MLD}$,0.37037780142649446,2
95.0526849746383,$\hat{m}_{MLD}$,0.3587365325923701,2
102.29797583277549,$\hat{m}_{MLD}$,0.36137350137393476,2
110.0955313600591,$\hat{m}_{MLD}$,0.3656254350332453,2
118.4874473495718,$\hat{m}_{MLD}$,0.3553621939880405,2
127.51902830191335,$\hat{m}_{MLD}$,0.36078935334568635,2
137.239032005553,$\hat{m}_{MLD}$,0.3506804984628234,2
147.6999327600634,$\hat{m}_{MLD}$,0.3563390854865077,2
158.95820466326612,$\hat{m}_{MLD}$,0.3460777515184853,2
171.07462649164432,$\hat{m}_{MLD}$,0.3509218660150663,2
184.11460981994108,$\hat{m}_{MLD}$,0.34071861327585845,2
198.14855215133173,$\hat{m}_{MLD}$,0.33317187956072064,2
213.25221696456873,$\hat{m}_{MLD}$,0.33838528948274316,2
229.50714272982336,$\hat{m}_{MLD}$,0.3289397527772674,2
247.00108310132606,$\hat{m}_{MLD}$,0.33519943577454764,2
265.8284806632307,$\hat{m}_{MLD}$,0.32618831737111215,2
286.0909767862566,$\hat{m}_{MLD}$,0.33166325622145654,2
307.8979603476156,$\hat{m}_{MLD}$,0.3222321209349465,2
331.36715827654194,$\hat{m}_{MLD}$,0.3282899644989331,2
356.62527111352796,$\hat{m}_{MLD}$,0.3190968535068476,2
383.8086570143992,$\hat{m}_{MLD}$,0.32399237521997337,2
413.0640678918749,$\hat{m}_{MLD}$,0.3151145344640663,2
444.5494416687491,$\hat{m}_{MLD}$,0.32112697495724124,2
478.43475491973123,$\hat{m}_{MLD}$,0.31246239240138574,2
514.9029405050194,$\hat{m}_{MLD}$,0.3184501130334289,2
554.1508751495202,$\hat{m}_{MLD}$,0.3095343945856514,2
596.390442299262,$\hat{m}_{MLD}$,0.31378238869772707,2
641.8496759929147,$\hat{m}_{MLD}$,0.3051035752283502,2
690.7739919237116,$\hat{m}_{MLD}$,0.310874433982849,2
743.4275123377766,$\hat{m}_{MLD}$,0.30267384151371995,2
800.0944919214219,$\hat{m}_{MLD}$,0.30945886739317346,2
861.0808523752157,$\hat{m}_{MLD}$,0.301068363896689,2
926.7158339593304,$\hat{m}_{MLD}$,0.30807356012920384,2
997.35377292621,$\hat{m}_{MLD}$,0.3002356168807656,2
1073.3760144361563,$\hat{m}_{MLD}$,0.2933542933403704,2
1155.1929712829099,$\hat{m}_{MLD}$,0.2990154550712334,2
1243.246339543401,$\hat{m}_{MLD}$,0.2912705969204754,2
1338.011483113092,$\hat{m}_{MLD}$,0.2975062941724138,2
1.0,$\hat{m}_{emp}$,0.051938614115333646,3
1.0762239473831834,$\hat{m}_{emp}$,0.048260247855100094,3
1.1582579849210413,$\hat{m}_{emp}$,0.04484222181214246,3
1.2465449806198148,$\hat{m}_{emp}$,0.046260416309454405,3
1.3415615596333508,$\hat{m}_{emp}$,0.04298368595462656,3
1.4438206773661448,$\hat{m}_{emp}$,0.03993960208432023,3
1.5538743887084543,$\hat{m}_{emp}$,0.04844566712517194,3
1.6723168283534438,$\hat{m}_{emp}$,0.045014186753917336,3
1.7997874182858689,$\hat{m}_{emp}$,0.031209177493290264,3
1.9369743197582066,$\hat{m}_{emp}$,0.01873675847457627,3
2.0846181483900335,$\hat{m}_{emp}$,0.01740967067218964,3
2.2435159724469447,$\hat{m}_{emp}$,0.019853669689810227,3
2.4145256158840724,$\hat{m}_{emp}$,0.018447702004107357,3
2.5985702893845684,$\hat{m}_{emp}$,0.017140977134397106,3
2.796643574394121,$\hat{m}_{emp}$,0.03122754994420922,3
3.009814787058257,$\hat{m}_{emp}$,0.02901576480613549,3
3.239234751020113,$\hat{m}_{emp}$,0.026960687279781462,3
3.486142010243649,$\hat{m}_{emp}$,0.0417887753975942,3
3.751869515402767,$\hat{m}_{emp}$,0.038828756978466446,3
4.037851819933397,$\hat{m}_{emp}$,0.05501799703578234,3
4.345632824597091,$\hat{m}_{emp}$,0.06467637222112925,3
4.676874112365815,$\hat{m}_{emp}$,0.06081766582273853,3
5.03336391862456,$\hat{m}_{emp}$,0.056510513979006013,3
5.417026785118212,$\hat{m}_{emp}$,0.07474511536883305,3
5.829933949760359,$\hat{m}_{emp}$,0.09368469677305823,3
6.274314528394325,$\hat{m}_{emp}$,0.08704923728871296,3
6.752567548872198,$\hat{m}_{emp}$,0.10426861306475403,3
7.267274902418825,$\hat{m}_{emp}$,0.0643205025645852,3
7.821215282199927,$\hat{m}_{emp}$,0.04744024878803282,3
8.417379184342884,$\hat{m}_{emp}$,0.04408038067572989,3
9.058985052394538,$\hat{m}_{emp}$,0.03435681827833694,3
9.749496652373306,$\hat{m}_{emp}$,0.03369052421122783,3
10.492641772216333,$\hat{m}_{emp}$,0.03778604340404382,3
11.292432346572342,$\hat{m}_{emp}$,0.04417214607205182,3
12.153186115585632,$\hat{m}_{emp}$,0.05198254000077381,3
13.079549934598068,$\hat{m}_{emp}$,0.055098732588617486,3
14.076524860608592,$\hat{m}_{emp}$,0.0592922584504754,3
15.149493150921694,$\hat{m}_{emp}$,0.06547084948730537,3
16.304247319739442,$\hat{m}_{emp}$,0.07049520733267613,3
17.54702140956167,$\hat{m}_{emp}$,0.047789343928826354,3
18.88452464621569,$\hat{m}_{emp}$,0.042360642675733064,3
20.32397765920527,$\hat{m}_{emp}$,0.04341973532554285,3
21.87315146291753,$\hat{m}_{emp}$,0.05055961289288695,3
23.540409409131357,$\hat{m}_{emp}$,0.04942472798059183,3
25.33475233731158,$\hat{m}_{emp}$,0.054009546579648474,3
27.265867166436806,$\hat{m}_{emp}$,0.0557655495266121,3
29.344179190688156,$\hat{m}_{emp}$,0.04923463293263488,3
31.580908361321878,$\hat{m}_{emp}$,0.04987323918878495,3
33.98812985856841,$\hat{m}_{emp}$,0.05164336372337308,3
36.57883928056072,$\hat{m}_{emp}$,0.05002962441846741,3
39.36702280122011,$\hat{m}_{emp}$,0.04503881364563777,3
42.36773267585289,$\hat{m}_{emp}$,0.04108513757432121,3
45.597168502081885,$\hat{m}_{emp}$,0.03698092689031907,3
49.07276467480673,$\hat{m}_{emp}$,0.02101669698046676,3
52.81328450732654,$\hat{m}_{emp}$,0.01977584729060451,3
56.8389215267461,$\hat{m}_{emp}$,0.019730444598701484,3
61.17140849051769,$\hat{m}_{emp}$,0.019626505215845438,3
65.83413471265413,$\hat{m}_{emp}$,0.01919483255005188,3
70.8522723330089,$\hat{m}_{emp}$,0.018020567181198134,3
76.25291221129912,$\hat{m}_{emp}$,0.016827219542603692,3
82.06521017950769,$\hat{m}_{emp}$,0.015516143028960724,3
88.32054444222037,$\hat{m}_{emp}$,0.017772253794753702,3
95.0526849746383,$\hat{m}_{emp}$,0.01838523640602402,3
102.29797583277549,$\hat{m}_{emp}$,0.020924932494152,3
110.0955313600591,$\hat{m}_{emp}$,0.027434257450576365,3
118.4874473495718,$\hat{m}_{emp}$,0.02821393744338182,3
127.51902830191335,$\hat{m}_{emp}$,0.027657444054735632,3
137.239032005553,$\hat{m}_{emp}$,0.027103969879079006,3
147.6999327600634,$\hat{m}_{emp}$,0.02420030996354817,3
158.95820466326612,$\hat{m}_{emp}$,0.023912115713987218,3
171.07462649164432,$\hat{m}_{emp}$,0.02384893798576485,3
184.11460981994108,$\hat{m}_{emp}$,0.020882409072609572,3
198.14855215133173,$\hat{m}_{emp}$,0.025386242984460537,3
213.25221696456873,$\hat{m}_{emp}$,0.026190106788187992,3
229.50714272982336,$\hat{m}_{emp}$,0.02945175997766444,3
247.00108310132606,$\hat{m}_{emp}$,0.02981829836781428,3
265.8284806632307,$\hat{m}_{emp}$,0.034373067323009,3
286.0909767862566,$\hat{m}_{emp}$,0.03463807919081043,3
307.8979603476156,$\hat{m}_{emp}$,0.03589931620283979,3
331.36715827654194,$\hat{m}_{emp}$,0.035804784299894594,3
356.62527111352796,$\hat{m}_{emp}$,0.03899995900646044,3
383.8086570143992,$\hat{m}_{emp}$,0.0321340613231519,3
413.0640678918749,$\hat{m}_{emp}$,0.025265523271078224,3
444.5494416687491,$\hat{m}_{emp}$,0.025644714128785898,3
478.43475491973123,$\hat{m}_{emp}$,0.03779393961053756,3
514.9029405050194,$\hat{m}_{emp}$,0.04359263540873232,3
554.1508751495202,$\hat{m}_{emp}$,0.05523993320080357,3
596.390442299262,$\hat{m}_{emp}$,0.05969881379908267,3
641.8496759929147,$\hat{m}_{emp}$,0.07118713556578266,3
690.7739919237116,$\hat{m}_{emp}$,0.0762188912982363,3
743.4275123377766,$\hat{m}_{emp}$,0.08832662335280222,3
800.0944919214219,$\hat{m}_{emp}$,0.09298469275994707,3
861.0808523752157,$\hat{m}_{emp}$,0.027456964410628334,3
926.7158339593304,$\hat{m}_{emp}$,0.026610828442530075,3
997.35377292621,$\hat{m}_{emp}$,0.02572268713180312,3
1073.3760144361563,$\hat{m}_{emp}$,0.029943628125555427,3
1155.1929712829099,$\hat{m}_{emp}$,0.03380564180638425,3
1243.246339543401,$\hat{m}_{emp}$,0.04288960682962645,3
1338.011483113092,$\hat{m}_{emp}$,0.044100295150173247,3
1.0,$\hat{m}_{GT}$,0.00025648698328559823,3
1.0762239473831834,$\hat{m}_{GT}$,0.00023832221163012392,3
1.1582579849210413,$\hat{m}_{GT}$,0.00022144307067724673,3
1.2465449806198148,$\hat{m}_{GT}$,0.00020575426082781797,3
1.3415615596333508,$\hat{m}_{GT}$,0.00019118021921998472,3
1.4438206773661448,$\hat{m}_{GT}$,0.00017764092846991948,3
1.5538743887084543,$\hat{m}_{GT}$,2.751031636863824e-05,3
1.6723168283534438,$\hat{m}_{GT}$,2.5561718769970092e-05,3
1.7997874182858689,$\hat{m}_{GT}$,2.375127663111892e-05,3
1.9369743197582066,$\hat{m}_{GT}$,8.827683615819209e-05,3
2.0846181483900335,$\hat{m}_{GT}$,8.202436123528688e-05,3
2.2435159724469447,$\hat{m}_{GT}$,1.905342580595991e-05,3
2.4145256158840724,$\hat{m}_{GT}$,1.7704128602790172e-05,3
2.5985702893845684,$\hat{m}_{GT}$,1.6450074025333115e-05,3
2.796643574394121,$\hat{m}_{GT}$,1.5285144368188557e-05,3
3.009814787058257,$\hat{m}_{GT}$,1.42025280499929e-05,3
3.239234751020113,$\hat{m}_{GT}$,1.319661638755823e-05,3
3.486142010243649,$\hat{m}_{GT}$,2.452392922394026e-05,3
3.751869515402767,$\hat{m}_{GT}$,2.278682921271505e-05,3
4.037851819933397,$\hat{m}_{GT}$,4.2345966546686426e-05,3
4.345632824597091,$\hat{m}_{GT}$,2.9510131811922092e-05,3
4.676874112365815,$\hat{m}_{GT}$,9.140015903627672e-06,3
5.03336391862456,$\hat{m}_{GT}$,8.492713252029759e-06,3
5.417026785118212,$\hat{m}_{GT}$,7.891165051608219e-06,3
5.829933949760359,$\hat{m}_{GT}$,1.4664584295696677e-05,3
6.274314528394325,$\hat{m}_{GT}$,1.3625927414684663e-05,3
6.752567548872198,$\hat{m}_{GT}$,6.3304361037431865e-06,3
7.267274902418825,$\hat{m}_{GT}$,3.529245682556115e-05,3
7.821215282199927,$\hat{m}_{GT}$,5.4654664502341955e-05,3
8.417379184342884,$\hat{m}_{GT}$,5.078384870475794e-05,3
9.058985052394538,$\hat{m}_{GT}$,4.718694997711433e-06,3
9.749496652373306,$\hat{m}_{GT}$,4.384503411143654e-06,3
10.492641772216333,$\hat{m}_{GT}$,4.073966943832218e-06,3
11.292432346572342,$\hat{m}_{GT}$,3.7854268636602807e-06,3
12.153186115585632,$\hat{m}_{GT}$,3.5173245822297727e-06,3
13.079549934598068,$\hat{m}_{GT}$,3.268208825471112e-06,3
14.076524860608592,$\hat{m}_{GT}$,3.036735387988497e-06,3
15.149493150921694,$\hat{m}_{GT}$,2.8216545053357487e-06,3
16.304247319739442,$\hat{m}_{GT}$,2.6218092581328524e-06,3
17.54702140956167,$\hat{m}_{GT}$,1.705283210999564e-05,3
18.88452464621569,$\hat{m}_{GT}$,2.263580350311695e-06,3
20.32397765920527,$\hat{m}_{GT}$,2.1032617383037614e-06,3
21.87315146291753,$\hat{m}_{GT}$,7.817187258766487e-06,3
23.540409409131357,$\hat{m}_{GT}$,1.8158838996469921e-06,3
25.33475233731158,$\hat{m}_{GT}$,1.6872710584082622e-06,3
27.265867166436806,$\hat{m}_{GT}$,1.567769174208943e-06,3
29.344179190688156,$\hat{m}_{GT}$,1.4567321419206723e-06,3
31.580908361321878,$\hat{m}_{GT}$,1.3535591160176125e-06,3
33.98812985856841,$\hat{m}_{GT}$,1.257692360902369e-06,3
36.57883928056072,$\hat{m}_{GT}$,1.1686161131126908e-06,3
39.36702280122011,$\hat{m}_{GT}$,2.1716964967277964e-06,3
42.36773267585289,$\hat{m}_{GT}$,1.0089422552079077e-06,3
45.597168502081885,$\hat{m}_{GT}$,5.624903321974154e-06,3
49.07276467480673,$\hat{m}_{GT}$,8.710862096599977e-07,3
52.81328450732654,$\hat{m}_{GT}$,8.093908767079159e-07,3
56.8389215267461,$\hat{m}_{GT}$,7.520657365619014e-07,3
61.17140849051769,$\hat{m}_{GT}$,7.267523116313912e-05,3
65.83413471265413,$\hat{m}_{GT}$,6.493076432599918e-07,3
70.8522723330089,$\hat{m}_{GT}$,6.033200703471202e-07,3
76.25291221129912,$\hat{m}_{GT}$,5.605896506181061e-07,3
82.06521017950769,$\hat{m}_{GT}$,5.208856931972849e-07,3
88.32054444222037,$\hat{m}_{GT}$,4.83993839726408e-07,3
95.0526849746383,$\hat{m}_{GT}$,4.497147009936896e-07,3
102.29797583277549,$\hat{m}_{GT}$,4.178634973670421e-07,3
110.0955313600591,$\hat{m}_{GT}$,3.8826824210388584e-07,3
118.4874473495718,$\hat{m}_{GT}$,3.607689718481148e-07,3
127.51902830191335,$\hat{m}_{GT}$,3.352173666731587e-07,3
137.239032005553,$\hat{m}_{GT}$,3.1147544047299417e-07,3
147.6999327600634,$\hat{m}_{GT}$,2.8941507765730073e-07,3
158.95820466326612,$\hat{m}_{GT}$,2.68917180769087e-07,3
171.07462649164432,$\hat{m}_{GT}$,2.498710040941364e-07,3
184.11460981994108,$\hat{m}_{GT}$,2.3217381088700146e-07,3
198.14855215133173,$\hat{m}_{GT}$,2.157299957889505e-07,3
213.25221696456873,$\hat{m}_{GT}$,2.004508540609539e-07,3
229.50714272982336,$\hat{m}_{GT}$,1.8625383380235153e-07,3
247.00108310132606,$\hat{m}_{GT}$,1.7306235921377078e-07,3
265.8284806632307,$\hat{m}_{GT}$,1.6080515785759932e-07,3
286.0909767862566,$\hat{m}_{GT}$,1.494160596265704e-07,3
307.8979603476156,$\hat{m}_{GT}$,1.3883360611823043e-07,3
331.36715827654194,$\hat{m}_{GT}$,1.2900068202660588e-07,3
356.62527111352796,$\hat{m}_{GT}$,1.1986415076608773e-07,3
383.8086570143992,$\hat{m}_{GT}$,1.1137473510911438e-07,3
413.0640678918749,$\hat{m}_{GT}$,1.0348657660091923e-07,3
444.5494416687491,$\hat{m}_{GT}$,9.615710070186991e-08,3
478.43475491973123,$\hat{m}_{GT}$,8.93467413009779e-08,3
514.9029405050194,$\hat{m}_{GT}$,8.30187269493316e-08,3
554.1508751495202,$\hat{m}_{GT}$,7.713889374649645e-08,3
596.390442299262,$\hat{m}_{GT}$,7.167550377844585e-08,3
641.8496759929147,$\hat{m}_{GT}$,6.659905974115476e-08,3
690.7739919237116,$\hat{m}_{GT}$,6.18821569421848e-08,3
743.4275123377766,$\hat{m}_{GT}$,5.749933329523044e-08,3
800.0944919214219,$\hat{m}_{GT}$,5.342692020091086e-08,3
861.0808523752157,$\hat{m}_{GT}$,4.9642940667104816e-08,3
926.7158339593304,$\hat{m}_{GT}$,4.612696123190353e-08,3
997.35377292621,$\hat{m}_{GT}$,4.2860001619250864e-08,3
1073.3760144361563,$\hat{m}_{GT}$,3.9824426845853226e-08,3
1155.1929712829099,$\hat{m}_{GT}$,3.7003847327010436e-08,3
1243.246339543401,$\hat{m}_{GT}$,3.4383037142379025e-08,3
1338.011483113092,$\hat{m}_{GT}$,3.194784578071989e-08,3
1.0,$\hat{m}_{MLG}$,32.54041463100073,3
1.0762239473831834,$\hat{m}_{MLG}$,30.235856349817286,3
1.1582579849210413,$\hat{m}_{MLG}$,28.09440559007197,3
1.2465449806198148,$\hat{m}_{MLG}$,29.826784771509892,3
1.3415615596333508,$\hat{m}_{MLG}$,27.714085862923785,3
1.4438206773661448,$\hat{m}_{MLG}$,25.75138769309569,3
1.5538743887084543,$\hat{m}_{MLG}$,24.665136785584593,3
1.6723168283534438,$\hat{m}_{MLG}$,22.918067589172054,3
1.7997874182858689,$\hat{m}_{MLG}$,24.289630978695104,3
1.9369743197582066,$\hat{m}_{MLG}$,24.13219991154661,3
2.0846181483900335,$\hat{m}_{MLG}$,22.422963589222,3
2.2435159724469447,$\hat{m}_{MLG}$,22.340141016614588,3
2.4145256158840724,$\hat{m}_{MLG}$,20.75809009836414,3
2.5985702893845684,$\hat{m}_{MLG}$,19.2877111550584,3
2.796643574394121,$\hat{m}_{MLG}$,18.05563326732189,3
3.009814787058257,$\hat{m}_{MLG}$,16.776788740917485,3
3.239234751020113,$\hat{m}_{MLG}$,15.588551872573474,3
3.486142010243649,$\hat{m}_{MLG}$,14.540746605667481,3
3.751869515402767,$\hat{m}_{MLG}$,13.510783957297484,3
4.037851819933397,$\hat{m}_{MLG}$,14.493577849322463,3
4.345632824597091,$\hat{m}_{MLG}$,12.051372899026164,3
4.676874112365815,$\hat{m}_{MLG}$,12.831925696725133,3
5.03336391862456,$\hat{m}_{MLG}$,11.9231592770408,3
5.417026785118212,$\hat{m}_{MLG}$,13.242785336258324,3
5.829933949760359,$\hat{m}_{MLG}$,11.11930403876583,3
6.274314528394325,$\hat{m}_{MLG}$,10.331750745808325,3
6.752567548872198,$\hat{m}_{MLG}$,10.707226324821006,3
7.267274902418825,$\hat{m}_{MLG}$,11.892877562961742,3
7.821215282199927,$\hat{m}_{MLG}$,14.511273419518274,3
8.417379184342884,$\hat{m}_{MLG}$,13.483539247022797,3
9.058985052394538,$\hat{m}_{MLG}$,10.92464345227748,3
9.749496652373306,$\hat{m}_{MLG}$,9.35573848052842,3
10.492641772216333,$\hat{m}_{MLG}$,7.654678019567263,3
11.292432346572342,$\hat{m}_{MLG}$,7.410045217253218,3
12.153186115585632,$\hat{m}_{MLG}$,6.145704186752349,3
13.079549934598068,$\hat{m}_{MLG}$,6.276699550438266,3
14.076524860608592,$\hat{m}_{MLG}$,5.5461630786484095,3
15.149493150921694,$\hat{m}_{MLG}$,6.299437907644427,3
16.304247319739442,$\hat{m}_{MLG}$,7.112223293089435,3
17.54702140956167,$\hat{m}_{MLG}$,6.184566133141204,3
18.88452464621569,$\hat{m}_{MLG}$,4.3332825730366835,3
20.32397765920527,$\hat{m}_{MLG}$,4.952988842196478,3
21.87315146291753,$\hat{m}_{MLG}$,5.416987357345127,3
23.540409409131357,$\hat{m}_{MLG}$,5.0179631131223035,3
25.33475233731158,$\hat{m}_{MLG}$,3.8726407437895767,3
27.265867166436806,$\hat{m}_{MLG}$,3.568710505041162,3
29.344179190688156,$\hat{m}_{MLG}$,3.6183278011385815,3
31.580908361321878,$\hat{m}_{MLG}$,3.844922729514221,3
33.98812985856841,$\hat{m}_{MLG}$,3.4606397848176407,3
36.57883928056072,$\hat{m}_{MLG}$,3.428880384681546,3
39.36702280122011,$\hat{m}_{MLG}$,3.500829102053448,3
42.36773267585289,$\hat{m}_{MLG}$,3.088195650730424,3
45.597168502081885,$\hat{m}_{MLG}$,3.1684142295457423,3
49.07276467480673,$\hat{m}_{MLG}$,3.2237969692889843,3
52.81328450732654,$\hat{m}_{MLG}$,2.9466263223909084,3
56.8389215267461,$\hat{m}_{MLG}$,3.044894500421533,3
61.17140849051769,$\hat{m}_{MLG}$,2.6682088562980075,3
65.83413471265413,$\hat{m}_{MLG}$,2.3073579032077096,3
70.8522723330089,$\hat{m}_{MLG}$,1.7065822525799474,3
76.25291221129912,$\hat{m}_{MLG}$,2.3104465397362763,3
82.06521017950769,$\hat{m}_{MLG}$,1.4615153006510548,3
88.32054444222037,$\hat{m}_{MLG}$,2.3178391541888215,3
95.0526849746383,$\hat{m}_{MLG}$,1.6457907166068846,3
102.29797583277549,$\hat{m}_{MLG}$,1.733869412584628,3
110.0955313600591,$\hat{m}_{MLG}$,1.8395651748732984,3
118.4874473495718,$\hat{m}_{MLG}$,1.369466972734885,3
127.51902830191335,$\hat{m}_{MLG}$,1.5385133097217396,3
137.239032005553,$\hat{m}_{MLG}$,1.0685114445623551,3
147.6999327600634,$\hat{m}_{MLG}$,1.057752409516836,3
158.95820466326612,$\hat{m}_{MLG}$,1.224948159224787,3
171.07462649164432,$\hat{m}_{MLG}$,1.4853392057792665,3
184.11460981994108,$\hat{m}_{MLG}$,0.8536490284635805,3
198.14855215133173,$\hat{m}_{MLG}$,0.8254832895387778,3
213.25221696456873,$\hat{m}_{MLG}$,0.9476056567016534,3
229.50714272982336,$\hat{m}_{MLG}$,1.3275359114081777,3
247.00108310132606,$\hat{m}_{MLG}$,0.7871677850593188,3
265.8284806632307,$\hat{m}_{MLG}$,0.9966200736648428,3
286.0909767862566,$\hat{m}_{MLG}$,0.8676317096553107,3
307.8979603476156,$\hat{m}_{MLG}$,0.5929409592727451,3
331.36715827654194,$\hat{m}_{MLG}$,1.0223770182249583,3
356.62527111352796,$\hat{m}_{MLG}$,1.0655491285789935,3
383.8086570143992,$\hat{m}_{MLG}$,0.5939356298084232,3
413.0640678918749,$\hat{m}_{MLG}$,0.6508239632072105,3
444.5494416687491,$\hat{m}_{MLG}$,0.8456976191845147,3
478.43475491973123,$\hat{m}_{MLG}$,0.9652452172334676,3
514.9029405050194,$\hat{m}_{MLG}$,0.5634578309911398,3
554.1508751495202,$\hat{m}_{MLG}$,0.7108322341358272,3
596.390442299262,$\hat{m}_{MLG}$,0.5359159935085647,3
641.8496759929147,$\hat{m}_{MLG}$,0.510179849598744,3
690.7739919237116,$\hat{m}_{MLG}$,0.4958066152754743,3
743.4275123377766,$\hat{m}_{MLG}$,0.5449694771328601,3
800.0944919214219,$\hat{m}_{MLG}$,0.43722802825723095,3
861.0808523752157,$\hat{m}_{MLG}$,0.69359169563089,3
926.7158339593304,$\hat{m}_{MLG}$,0.39196227939423306,3
997.35377292621,$\hat{m}_{MLG}$,0.5083706903328881,3
1073.3760144361563,$\hat{m}_{MLG}$,0.47850170735573494,3
1155.1929712829099,$\hat{m}_{MLG}$,0.3566079242898323,3
1243.246339543401,$\hat{m}_{MLG}$,0.4514568668157928,3
1338.011483113092,$\hat{m}_{MLG}$,0.3966970478231457,3
1.0,$\hat{m}_{MLD}$,0.5049277883982388,3
1.0762239473831834,$\hat{m}_{MLD}$,0.4691680868287258,3
1.1582579849210413,$\hat{m}_{MLD}$,0.4359393155194685,3
1.2465449806198148,$\hat{m}_{MLD}$,0.4924954353417236,3
1.3415615596333508,$\hat{m}_{MLD}$,0.457610865090492,3
1.4438206773661448,$\hat{m}_{MLD}$,0.4252030847347229,3
1.5538743887084543,$\hat{m}_{MLD}$,0.469631134002751,3
1.6723168283534438,$\hat{m}_{MLD}$,0.43636644566856675,3
1.7997874182858689,$\hat{m}_{MLD}$,0.46995423231123673,3
1.9369743197582066,$\hat{m}_{MLD}$,0.4807095843043785,3
2.0846181483900335,$\hat{m}_{MLD}$,0.44666186859697327,3
2.2435159724469447,$\hat{m}_{MLD}$,0.48078514347229634,3
2.4145256158840724,$\hat{m}_{MLD}$,0.4467376154309185,3
2.5985702893845684,$\hat{m}_{MLD}$,0.41509339480177665,3
2.796643574394121,$\hat{m}_{MLD}$,0.46184172361401954,3
3.009814787058257,$\hat{m}_{MLD}$,0.4291303946030393,3
3.239234751020113,$\hat{m}_{MLD}$,0.3987367022183512,3
3.486142010243649,$\hat{m}_{MLD}$,0.4399468836462178,3
3.751869515402767,$\hat{m}_{MLD}$,0.40878418824199614,3
4.037851819933397,$\hat{m}_{MLD}$,0.43653412461359303,3
4.345632824597091,$\hat{m}_{MLD}$,0.45136156413535317,3
4.676874112365815,$\hat{m}_{MLD}$,0.4575453520094325,3
5.03336391862456,$\hat{m}_{MLD}$,0.42514165351428473,3
5.417026785118212,$\hat{m}_{MLD}$,0.4387252589012342,3
5.829933949760359,$\hat{m}_{MLD}$,0.4544181557085561,3
6.274314528394325,$\hat{m}_{MLD}$,0.42223282165704906,3
6.752567548872198,$\hat{m}_{MLD}$,0.4334168407642102,3
7.267274902418825,$\hat{m}_{MLD}$,0.43081631764975764,3
7.821215282199927,$\hat{m}_{MLD}$,0.4507775422999776,3
8.417379184342884,$\hat{m}_{MLD}$,0.41885205436918843,3
9.058985052394538,$\hat{m}_{MLD}$,0.4200161646163937,3
9.749496652373306,$\hat{m}_{MLD}$,0.4152973034470966,3
10.492641772216333,$\hat{m}_{MLD}$,0.4169416149653102,3
11.292432346572342,$\hat{m}_{MLD}$,0.4164655222829152,3
12.153186115585632,$\hat{m}_{MLD}$,0.4171897120436711,3
13.079549934598068,$\hat{m}_{MLD}$,0.41450969243540386,3
14.076524860608592,$\hat{m}_{MLD}$,0.41146717687768936,3
15.149493150921694,$\hat{m}_{MLD}$,0.40840701398976303,3
16.304247319739442,$\hat{m}_{MLD}$,0.4042713362916081,3
17.54702140956167,$\hat{m}_{MLD}$,0.4105533068754583,3
18.88452464621569,$\hat{m}_{MLD}$,0.40139402992905937,3
20.32397765920527,$\hat{m}_{MLD}$,0.39740320599766116,3
21.87315146291753,$\hat{m}_{MLD}$,0.4137988710769934,3
23.540409409131357,$\hat{m}_{MLD}$,0.40646140985589146,3
25.33475233731158,$\hat{m}_{MLD}$,0.3988463000052306,3
27.265867166436806,$\hat{m}_{MLD}$,0.39116777760096827,3
29.344179190688156,$\hat{m}_{MLD}$,0.4032082648280765,3
31.580908361321878,$\hat{m}_{MLD}$,0.393294794628536,3
33.98812985856841,$\hat{m}_{MLD}$,0.3847328579436478,3
36.57883928056072,$\hat{m}_{MLD}$,0.38994349891493996,3
39.36702280122011,$\hat{m}_{MLD}$,0.3973666154207825,3
42.36773267585289,$\hat{m}_{MLD}$,0.386631910593591,3
45.597168502081885,$\hat{m}_{MLD}$,0.37634266506606917,3
49.07276467480673,$\hat{m}_{MLD}$,0.3816160028615182,3
52.81328450732654,$\hat{m}_{MLD}$,0.3712782383332376,3
56.8389215267461,$\hat{m}_{MLD}$,0.3774667249530147,3
61.17140849051769,$\hat{m}_{MLD}$,0.36731142348905405,3
65.83413471265413,$\hat{m}_{MLD}$,0.3727097203211216,3
70.8522723330089,$\hat{m}_{MLD}$,0.3614441064250571,3
76.25291221129912,$\hat{m}_{MLD}$,0.367398159693492,3
82.06521017950769,$\hat{m}_{MLD}$,0.3570450727448124,3
88.32054444222037,$\hat{m}_{MLD}$,0.3640286507229416,3
95.0526849746383,$\hat{m}_{MLD}$,0.36670895788196967,3
102.29797583277549,$\hat{m}_{MLD}$,0.3567314838984658,3
110.0955313600591,$\hat{m}_{MLD}$,0.3625971936282075,3
118.4874473495718,$\hat{m}_{MLD}$,0.3512300022125961,3
127.51902830191335,$\hat{m}_{MLD}$,0.3574193971045265,3
137.239032005553,$\hat{m}_{MLD}$,0.34675731950527733,3
147.6999327600634,$\hat{m}_{MLD}$,0.3518865633056411,3
158.95820466326612,$\hat{m}_{MLD}$,0.34206144843876096,3
171.07462649164432,$\hat{m}_{MLD}$,0.34813379758399726,3
184.11460981994108,$\hat{m}_{MLD}$,0.3375536274624935,3
198.14855215133173,$\hat{m}_{MLD}$,0.3431189538795157,3
213.25221696456873,$\hat{m}_{MLD}$,0.33334953376975496,3
229.50714272982336,$\hat{m}_{MLD}$,0.33874345768452585,3
247.00108310132606,$\hat{m}_{MLD}$,0.32864143361397125,3
265.8284806632307,$\hat{m}_{MLD}$,0.33377285751521296,3
286.0909767862566,$\hat{m}_{MLD}$,0.3244099425144123,3
307.8979603476156,$\hat{m}_{MLD}$,0.32946315308723595,3
331.36715827654194,$\hat{m}_{MLD}$,0.3199754266662728,3
356.62527111352796,$\hat{m}_{MLD}$,0.3258090227957642,3
383.8086570143992,$\hat{m}_{MLD}$,0.31662974917607756,3
413.0640678918749,$\hat{m}_{MLD}$,0.3237588547265786,3
444.5494416687491,$\hat{m}_{MLD}$,0.3148944928472579,3
478.43475491973123,$\hat{m}_{MLD}$,0.322302996996788,3
514.9029405050194,$\hat{m}_{MLD}$,0.31277303031287684,3
554.1508751495202,$\hat{m}_{MLD}$,0.31816600788745186,3
596.390442299262,$\hat{m}_{MLD}$,0.3090231715427751,3
641.8496759929147,$\hat{m}_{MLD}$,0.31426574850583344,3
690.7739919237116,$\hat{m}_{MLD}$,0.3062024065796327,3
743.4275123377766,$\hat{m}_{MLD}$,0.3114091410199324,3
800.0944919214219,$\hat{m}_{MLD}$,0.3035510352785434,3
861.0808523752157,$\hat{m}_{MLD}$,0.31054038511752297,3
926.7158339593304,$\hat{m}_{MLD}$,0.3012730216196145,3
997.35377292621,$\hat{m}_{MLD}$,0.29311756161577407,3
1073.3760144361563,$\hat{m}_{MLD}$,0.29872452533759464,3
1155.1929712829099,$\hat{m}_{MLD}$,0.29026602703408577,3
1243.246339543401,$\hat{m}_{MLD}$,0.29695591678730815,3
1338.011483113092,$\hat{m}_{MLD}$,0.2893287873322638,3
1.0,$\hat{m}_{emp}$,0.023594630503504833,4
1.0762239473831834,$\hat{m}_{emp}$,0.03886594866118939,4
1.1582579849210413,$\hat{m}_{emp}$,0.03611264931571869,4
1.2465449806198148,$\hat{m}_{emp}$,0.03355507368885295,4
1.3415615596333508,$\hat{m}_{emp}$,0.03602772939931018,4
1.4438206773661448,$\hat{m}_{emp}$,0.03347612248135808,4
1.5538743887084543,$\hat{m}_{emp}$,0.017100569036176547,4
1.6723168283534438,$\hat{m}_{emp}$,0.015889105005068075,4
1.7997874182858689,$\hat{m}_{emp}$,0.013949344533536974,4
1.9369743197582066,$\hat{m}_{emp}$,0.013883632923368023,4
2.0846181483900335,$\hat{m}_{emp}$,0.012900531844754077,4
2.2435159724469447,$\hat{m}_{emp}$,0.011986685997835454,4
2.4145256158840724,$\hat{m}_{emp}$,0.011137674559805707,4
2.5985702893845684,$\hat{m}_{emp}$,0.03127589428959292,4
2.796643574394121,$\hat{m}_{emp}$,0.02906100517659393,4
3.009814787058257,$\hat{m}_{emp}$,0.027002344059179884,4
3.239234751020113,$\hat{m}_{emp}$,0.05302312424863871,4
3.486142010243649,$\hat{m}_{emp}$,0.04926736316446547,4
3.751869515402767,$\hat{m}_{emp}$,0.05851395079064656,4
4.037851819933397,$\hat{m}_{emp}$,0.05436990140349683,4
4.345632824597091,$\hat{m}_{emp}$,0.03584380534705237,4
4.676874112365815,$\hat{m}_{emp}$,0.033305252434222124,4
5.03336391862456,$\hat{m}_{emp}$,0.037072096261843865,4
5.417026785118212,$\hat{m}_{emp}$,0.034446305035435804,4
5.829933949760359,$\hat{m}_{emp}$,0.027040194884287456,4
6.274314528394325,$\hat{m}_{emp}$,0.025125041071884926,4
6.752567548872198,$\hat{m}_{emp}$,0.02004152136450602,4
7.267274902418825,$\hat{m}_{emp}$,0.018622067843836878,4
7.821215282199927,$\hat{m}_{emp}$,0.023793206459662257,4
8.417379184342884,$\hat{m}_{emp}$,0.022108047503456085,4
9.058985052394538,$\hat{m}_{emp}$,0.03660904833668794,4
9.749496652373306,$\hat{m}_{emp}$,0.03401609879188576,4
10.492641772216333,$\hat{m}_{emp}$,0.04145272276363128,4
11.292432346572342,$\hat{m}_{emp}$,0.05019676254614792,4
12.153186115585632,$\hat{m}_{emp}$,0.046641460500077274,4
13.079549934598068,$\hat{m}_{emp}$,0.048634145828882064,4
14.076524860608592,$\hat{m}_{emp}$,0.047728152938381375,4
15.149493150921694,$\hat{m}_{emp}$,0.029584313630617934,4
16.304247319739442,$\hat{m}_{emp}$,0.029281684125342804,4
17.54702140956167,$\hat{m}_{emp}$,0.024163544508700705,4
18.88452464621569,$\hat{m}_{emp}$,0.02595036510516484,4
20.32397765920527,$\hat{m}_{emp}$,0.03128733403962762,4
21.87315146291753,$\hat{m}_{emp}$,0.030401407491962424,4
23.540409409131357,$\hat{m}_{emp}$,0.03380442863314897,4
25.33475233731158,$\hat{m}_{emp}$,0.03793636585564326,4
27.265867166436806,$\hat{m}_{emp}$,0.040987504137563704,4
29.344179190688156,$\hat{m}_{emp}$,0.036165814757338544,4
31.580908361321878,$\hat{m}_{emp}$,0.0348953936049531,4
33.98812985856841,$\hat{m}_{emp}$,0.033895860572322044,4
36.57883928056072,$\hat{m}_{emp}$,0.03395370973398126,4
39.36702280122011,$\hat{m}_{emp}$,0.03673799983940435,4
42.36773267585289,$\hat{m}_{emp}$,0.03748594290657439,4
45.597168502081885,$\hat{m}_{emp}$,0.03436378469835988,4
49.07276467480673,$\hat{m}_{emp}$,0.03258625953058235,4
52.81328450732654,$\hat{m}_{emp}$,0.027203213032559712,4
56.8389215267461,$\hat{m}_{emp}$,0.02776228443203544,4
61.17140849051769,$\hat{m}_{emp}$,0.02862845395414325,4
65.83413471265413,$\hat{m}_{emp}$,0.03566539992748898,4
70.8522723330089,$\hat{m}_{emp}$,0.03187139966855451,4
76.25291221129912,$\hat{m}_{emp}$,0.02292537327780328,4
82.06521017950769,$\hat{m}_{emp}$,0.019480671730361065,4
88.32054444222037,$\hat{m}_{emp}$,0.01912177005013344,4
95.0526849746383,$\hat{m}_{emp}$,0.025715682059606594,4
102.29797583277549,$\hat{m}_{emp}$,0.02773321797045528,4
110.0955313600591,$\hat{m}_{emp}$,0.032400699413022364,4
118.4874473495718,$\hat{m}_{emp}$,0.03662169184514309,4
127.51902830191335,$\hat{m}_{emp}$,0.04110434539247136,4
137.239032005553,$\hat{m}_{emp}$,0.05073598507166236,4
147.6999327600634,$\hat{m}_{emp}$,0.05489138442021287,4
158.95820466326612,$\hat{m}_{emp}$,0.06478803826234318,4
171.07462649164432,$\hat{m}_{emp}$,0.06667441485552753,4
184.11460981994108,$\hat{m}_{emp}$,0.04419307850370828,4
198.14855215133173,$\hat{m}_{emp}$,0.037644265872309415,4
213.25221696456873,$\hat{m}_{emp}$,0.03633044717172776,4
229.50714272982336,$\hat{m}_{emp}$,0.0360550838897907,4
247.00108310132606,$\hat{m}_{emp}$,0.04050227727818702,4
265.8284806632307,$\hat{m}_{emp}$,0.04195510615446339,4
286.0909767862566,$\hat{m}_{emp}$,0.041671310548208614,4
307.8979603476156,$\hat{m}_{emp}$,0.04466134724283409,4
331.36715827654194,$\hat{m}_{emp}$,0.04569641460283349,4
356.62527111352796,$\hat{m}_{emp}$,0.04204411518171933,4
383.8086570143992,$\hat{m}_{emp}$,0.040950006636625194,4
413.0640678918749,$\hat{m}_{emp}$,0.03780360028690143,4
444.5494416687491,$\hat{m}_{emp}$,0.03695876519204526,4
478.43475491973123,$\hat{m}_{emp}$,0.03447319295870201,4
514.9029405050194,$\hat{m}_{emp}$,0.02564970856648163,4
554.1508751495202,$\hat{m}_{emp}$,0.025438468276877624,4
596.390442299262,$\hat{m}_{emp}$,0.026567188829291807,4
641.8496759929147,$\hat{m}_{emp}$,0.025077057835345765,4
690.7739919237116,$\hat{m}_{emp}$,0.025649460315914932,4
743.4275123377766,$\hat{m}_{emp}$,0.022579152870890514,4
800.0944919214219,$\hat{m}_{emp}$,0.02067690333039517,4
861.0808523752157,$\hat{m}_{emp}$,0.017660868986451684,4
926.7158339593304,$\hat{m}_{emp}$,0.014794472575003591,4
997.35377292621,$\hat{m}_{emp}$,0.011498619809171978,4
1073.3760144361563,$\hat{m}_{emp}$,0.012605941368065941,4
1155.1929712829099,$\hat{m}_{emp}$,0.01107862974506576,4
1243.246339543401,$\hat{m}_{emp}$,0.012038467645535752,4
1338.011483113092,$\hat{m}_{emp}$,0.012953453385694202,4
1.0,$\hat{m}_{GT}$,4.581481651165987e-05,4
1.0762239473831834,$\hat{m}_{GT}$,0.0004256949470009791,4
1.1582579849210413,$\hat{m}_{GT}$,0.0003955383276639506,4
1.2465449806198148,$\hat{m}_{GT}$,0.00036752545113749124,4
1.3415615596333508,$\hat{m}_{GT}$,0.00040979407847556605,4
1.4438206773661448,$\hat{m}_{GT}$,0.00038077106139933366,4
1.5538743887084543,$\hat{m}_{GT}$,0.00026535365745791197,4
1.6723168283534438,$\hat{m}_{GT}$,0.00024655507766484946,4
1.7997874182858689,$\hat{m}_{GT}$,0.0002545500827287769,4
1.9369743197582066,$\hat{m}_{GT}$,2.3651844843897824e-05,4
2.0846181483900335,$\hat{m}_{GT}$,2.1977055953584458e-05,4
2.2435159724469447,$\hat{m}_{GT}$,2.0420248718629393e-05,4
2.4145256158840724,$\hat{m}_{GT}$,1.8973891924711598e-05,4
2.5985702893845684,$\hat{m}_{GT}$,1.7630154616455987e-05,4
2.796643574394121,$\hat{m}_{GT}$,1.6381626367865803e-05,4
3.009814787058257,$\hat{m}_{GT}$,1.5221163505738378e-05,4
3.239234751020113,$\hat{m}_{GT}$,1.4143271338660633e-05,4
3.486142010243649,$\hat{m}_{GT}$,1.314146790196465e-05,4
3.751869515402767,$\hat{m}_{GT}$,1.221075767751389e-05,4
4.037851819933397,$\hat{m}_{GT}$,1.1345972746973461e-05,4
4.345632824597091,$\hat{m}_{GT}$,1.0542295690309521e-05,4
4.676874112365815,$\hat{m}_{GT}$,9.795662480653567e-06,4
5.03336391862456,$\hat{m}_{GT}$,9.101914132542074e-06,4
5.417026785118212,$\hat{m}_{GT}$,8.457231778894133e-06,4
5.829933949760359,$\hat{m}_{GT}$,7.858237397351773e-06,4
6.274314528394325,$\hat{m}_{GT}$,7.301668431236538e-06,4
6.752567548872198,$\hat{m}_{GT}$,2.0353610051969552e-05,4
7.267274902418825,$\hat{m}_{GT}$,1.891205265115458e-05,4
7.821215282199927,$\hat{m}_{GT}$,5.857510206711535e-06,4
8.417379184342884,$\hat{m}_{GT}$,5.4426507886401e-06,4
9.058985052394538,$\hat{m}_{GT}$,1.5171590690711953e-05,4
9.749496652373306,$\hat{m}_{GT}$,1.40970156617844e-05,4
10.492641772216333,$\hat{m}_{GT}$,4.366202102762933e-06,4
11.292432346572342,$\hat{m}_{GT}$,4.056959714390036e-06,4
12.153186115585632,$\hat{m}_{GT}$,3.769616139988465e-06,4
13.079549934598068,$\hat{m}_{GT}$,3.502639238666335e-06,4
14.076524860608592,$\hat{m}_{GT}$,3.254562082399003e-06,4
15.149493150921694,$\hat{m}_{GT}$,3.0240533201081403e-06,4
16.304247319739442,$\hat{m}_{GT}$,2.8098727689610214e-06,4
17.54702140956167,$\hat{m}_{GT}$,2.610863804289649e-06,4
18.88452464621569,$\hat{m}_{GT}$,2.4259479391572257e-06,4
20.32397765920527,$\hat{m}_{GT}$,2.254130694497667e-06,4
21.87315146291753,$\hat{m}_{GT}$,2.0944820869419515e-06,4
23.540409409131357,$\hat{m}_{GT}$,1.9461386662722493e-06,4
25.33475233731158,$\hat{m}_{GT}$,1.808301914087576e-06,4
27.265867166436806,$\hat{m}_{GT}$,1.344183131509837e-05,4
29.344179190688156,$\hat{m}_{GT}$,1.561226624534364e-06,4
31.580908361321878,$\hat{m}_{GT}$,1.4506503265413885e-06,4
33.98812985856841,$\hat{m}_{GT}$,1.3479087196215073e-06,4
36.57883928056072,$\hat{m}_{GT}$,1.2524422624117028e-06,4
39.36702280122011,$\hat{m}_{GT}$,1.1637365719346305e-06,4
42.36773267585289,$\hat{m}_{GT}$,2.162629757785467e-05,4
45.597168502081885,$\hat{m}_{GT}$,1.0047302701116857e-06,4
49.07276467480673,$\hat{m}_{GT}$,9.335699621997522e-07,4
52.81328450732654,$\hat{m}_{GT}$,8.674493951709092e-07,4
56.8389215267461,$\hat{m}_{GT}$,8.060122062488514e-07,4
61.17140849051769,$\hat{m}_{GT}$,7.489262270220072e-07,4
65.83413471265413,$\hat{m}_{GT}$,6.958830860744748e-07,4
70.8522723330089,$\hat{m}_{GT}$,6.465967350744459e-07,4
76.25291221129912,$\hat{m}_{GT}$,6.008012285183521e-07,4
82.06521017950769,$\hat{m}_{GT}$,5.582494191414794e-07,4
88.32054444222037,$\hat{m}_{GT}$,5.187112101273176e-07,4
95.0526849746383,$\hat{m}_{GT}$,4.819732369900964e-07,4
102.29797583277549,$\hat{m}_{GT}$,4.478372595225876e-07,4
110.0955313600591,$\hat{m}_{GT}$,4.1611912325365205e-07,4
118.4874473495718,$\hat{m}_{GT}$,3.866473652301944e-07,4
127.51902830191335,$\hat{m}_{GT}$,3.592628931368932e-07,4
137.239032005553,$\hat{m}_{GT}$,3.3381792568879157e-07,4
147.6999327600634,$\hat{m}_{GT}$,3.101751403930229e-07,4
158.95820466326612,$\hat{m}_{GT}$,2.88206863358244e-07,4
171.07462649164432,$\hat{m}_{GT}$,2.6779454588204295e-07,4
184.11460981994108,$\hat{m}_{GT}$,2.4882789619497357e-07,4
198.14855215133173,$\hat{m}_{GT}$,9.248182847672718e-07,4
213.25221696456873,$\hat{m}_{GT}$,2.1482941684984454e-07,4
229.50714272982336,$\hat{m}_{GT}$,1.9961402631871014e-07,4
247.00108310132606,$\hat{m}_{GT}$,1.854763143037108e-07,4
265.8284806632307,$\hat{m}_{GT}$,1.7233986524401257e-07,4
286.0909767862566,$\hat{m}_{GT}$,1.601338462740697e-07,4
307.8979603476156,$\hat{m}_{GT}$,1.4879229755840768e-07,4
331.36715827654194,$\hat{m}_{GT}$,1.2442863064079916e-06,4
356.62527111352796,$\hat{m}_{GT}$,1.2846213482229512e-07,4
383.8086570143992,$\hat{m}_{GT}$,1.1936376249857957e-07,4
413.0640678918749,$\hat{m}_{GT}$,1.109097852043463e-07,4
444.5494416687491,$\hat{m}_{GT}$,1.0305455770117435e-07,4
478.43475491973123,$\hat{m}_{GT}$,9.575567747381201e-08,4
514.9029405050194,$\hat{m}_{GT}$,2.6692125022354655e-07,4
554.1508751495202,$\hat{m}_{GT}$,8.267214904267304e-08,4
596.390442299262,$\hat{m}_{GT}$,7.681686283773014e-08,4
641.8496759929147,$\hat{m}_{GT}$,6.423865488253747e-07,4
690.7739919237116,$\hat{m}_{GT}$,6.632103239563573e-08,4
743.4275123377766,$\hat{m}_{GT}$,6.162382095913657e-08,4
800.0944919214219,$\hat{m}_{GT}$,5.7259293097380765e-08,4
861.0808523752157,$\hat{m}_{GT}$,5.32038819041946e-08,4
926.7158339593304,$\hat{m}_{GT}$,4.943569646838306e-08,4
997.35377292621,$\hat{m}_{GT}$,4.593439704535259e-08,4
1073.3760144361563,$\hat{m}_{GT}$,4.268107670869316e-08,4
1155.1929712829099,$\hat{m}_{GT}$,3.965817351188554e-08,4
1243.246339543401,$\hat{m}_{GT}$,3.684936866160919e-08,4
1338.011483113092,$\hat{m}_{GT}$,3.423949996086425e-08,4
1.0,$\hat{m}_{MLG}$,26.547257535162874,4
1.0762239473831834,$\hat{m}_{MLG}$,27.22243925792857,4
1.1582579849210413,$\hat{m}_{MLG}$,25.293976766395065,4
1.2465449806198148,$\hat{m}_{MLG}$,23.502602837590505,4
1.3415615596333508,$\hat{m}_{MLG}$,26.296713170303587,4
1.4438206773661448,$\hat{m}_{MLG}$,24.434290076661906,4
1.5538743887084543,$\hat{m}_{MLG}$,26.360938635816847,4
1.6723168283534438,$\hat{m}_{MLG}$,24.493437682135717,4
1.7997874182858689,$\hat{m}_{MLG}$,19.255192850197275,4
1.9369743197582066,$\hat{m}_{MLG}$,22.09060383602176,4
2.0846181483900335,$\hat{m}_{MLG}$,20.526366537448904,4
2.2435159724469447,$\hat{m}_{MLG}$,19.072323011312818,4
2.4145256158840724,$\hat{m}_{MLG}$,17.72143917325061,4
2.5985702893845684,$\hat{m}_{MLG}$,16.102075754641138,4
2.796643574394121,$\hat{m}_{MLG}$,14.96176264463338,4
3.009814787058257,$\hat{m}_{MLG}$,13.901881927592926,4
3.239234751020113,$\hat{m}_{MLG}$,15.323172941659005,4
3.486142010243649,$\hat{m}_{MLG}$,14.237794110519744,4
3.751869515402767,$\hat{m}_{MLG}$,13.446650515135232,4
4.037851819933397,$\hat{m}_{MLG}$,12.49433772350999,4
4.345632824597091,$\hat{m}_{MLG}$,10.798208491028507,4
4.676874112365815,$\hat{m}_{MLG}$,10.033450861283624,4
5.03336391862456,$\hat{m}_{MLG}$,13.369224055567186,4
5.417026785118212,$\hat{m}_{MLG}$,12.422291058278784,4
5.829933949760359,$\hat{m}_{MLG}$,11.493360689450316,4
6.274314528394325,$\hat{m}_{MLG}$,10.679329812975064,4
6.752567548872198,$\hat{m}_{MLG}$,10.216827865652604,4
7.267274902418825,$\hat{m}_{MLG}$,9.49321452212395,4
7.821215282199927,$\hat{m}_{MLG}$,8.858728333345049,4
8.417379184342884,$\hat{m}_{MLG}$,8.231306997055526,4
9.058985052394538,$\hat{m}_{MLG}$,6.576468062815442,4
9.749496652373306,$\hat{m}_{MLG}$,6.1106692877952735,4
10.492641772216333,$\hat{m}_{MLG}$,6.134300631038458,4
11.292432346572342,$\hat{m}_{MLG}$,7.000143288498519,4
12.153186115585632,$\hat{m}_{MLG}$,6.504341916178815,4
13.079549934598068,$\hat{m}_{MLG}$,4.828854651574962,4
14.076524860608592,$\hat{m}_{MLG}$,5.0289052972717005,4
15.149493150921694,$\hat{m}_{MLG}$,6.2129443405265485,4
16.304247319739442,$\hat{m}_{MLG}$,5.549852056492492,4
17.54702140956167,$\hat{m}_{MLG}$,5.730364918705534,4
18.88452464621569,$\hat{m}_{MLG}$,6.23865078495427,4
20.32397765920527,$\hat{m}_{MLG}$,5.184338144483015,4
21.87315146291753,$\hat{m}_{MLG}$,5.7383050778854106,4
23.540409409131357,$\hat{m}_{MLG}$,4.350821237966052,4
25.33475233731158,$\hat{m}_{MLG}$,4.369297552089042,4
27.265867166436806,$\hat{m}_{MLG}$,4.4720705982942315,4
29.344179190688156,$\hat{m}_{MLG}$,3.667759069284115,4
31.580908361321878,$\hat{m}_{MLG}$,3.0905211597412623,4
33.98812985856841,$\hat{m}_{MLG}$,3.35857826783081,4
36.57883928056072,$\hat{m}_{MLG}$,4.064852237048495,4
39.36702280122011,$\hat{m}_{MLG}$,4.271456575200075,4
42.36773267585289,$\hat{m}_{MLG}$,4.329764898699178,4
45.597168502081885,$\hat{m}_{MLG}$,3.962948400682413,4
49.07276467480673,$\hat{m}_{MLG}$,3.1371654123121075,4
52.81328450732654,$\hat{m}_{MLG}$,3.1792903126764718,4
56.8389215267461,$\hat{m}_{MLG}$,2.7588434558337553,4
61.17140849051769,$\hat{m}_{MLG}$,2.1186213867140484,4
65.83413471265413,$\hat{m}_{MLG}$,2.5936444821419,4
70.8522723330089,$\hat{m}_{MLG}$,2.32279165003663,4
76.25291221129912,$\hat{m}_{MLG}$,1.3920856790171372,4
82.06521017950769,$\hat{m}_{MLG}$,2.0868574283626433,4
88.32054444222037,$\hat{m}_{MLG}$,1.8055078232865023,4
95.0526849746383,$\hat{m}_{MLG}$,2.234767328899019,4
102.29797583277549,$\hat{m}_{MLG}$,1.519829956782361,4
110.0955313600591,$\hat{m}_{MLG}$,2.0219662154361053,4
118.4874473495718,$\hat{m}_{MLG}$,1.7570331195993096,4
127.51902830191335,$\hat{m}_{MLG}$,1.6056457777452444,4
137.239032005553,$\hat{m}_{MLG}$,1.2585479151361392,4
147.6999327600634,$\hat{m}_{MLG}$,1.484938623534849,4
158.95820466326612,$\hat{m}_{MLG}$,1.0613177548235742,4
171.07462649164432,$\hat{m}_{MLG}$,1.4306602051035748,4
184.11460981994108,$\hat{m}_{MLG}$,1.4499296106154458,4
198.14855215133173,$\hat{m}_{MLG}$,0.8912068959544749,4
213.25221696456873,$\hat{m}_{MLG}$,1.0322799878322766,4
229.50714272982336,$\hat{m}_{MLG}$,1.025633509498833,4
247.00108310132606,$\hat{m}_{MLG}$,1.3070779141270632,4
265.8284806632307,$\hat{m}_{MLG}$,1.3123583571357667,4
286.0909767862566,$\hat{m}_{MLG}$,1.1187140602345065,4
307.8979603476156,$\hat{m}_{MLG}$,0.924766886687077,4
331.36715827654194,$\hat{m}_{MLG}$,1.035468696219941,4
356.62527111352796,$\hat{m}_{MLG}$,0.7864728114886256,4
383.8086570143992,$\hat{m}_{MLG}$,0.773175428767168,4
413.0640678918749,$\hat{m}_{MLG}$,0.6735299639042994,4
444.5494416687491,$\hat{m}_{MLG}$,0.6794047724841857,4
478.43475491973123,$\hat{m}_{MLG}$,0.7175312855695715,4
514.9029405050194,$\hat{m}_{MLG}$,0.48671058411952023,4
554.1508751495202,$\hat{m}_{MLG}$,0.6765799032258838,4
596.390442299262,$\hat{m}_{MLG}$,0.9124211033305871,4
641.8496759929147,$\hat{m}_{MLG}$,0.7246230842008882,4
690.7739919237116,$\hat{m}_{MLG}$,0.843392091785457,4
743.4275123377766,$\hat{m}_{MLG}$,0.6908065957352248,4
800.0944919214219,$\hat{m}_{MLG}$,0.7535094985526569,4
861.0808523752157,$\hat{m}_{MLG}$,0.7847156769427837,4
926.7158339593304,$\hat{m}_{MLG}$,0.4421101892625865,4
997.35377292621,$\hat{m}_{MLG}$,0.495326468669434,4
1073.3760144361563,$\hat{m}_{MLG}$,0.45583195953022987,4
1155.1929712829099,$\hat{m}_{MLG}$,0.45295754350384637,4
1243.246339543401,$\hat{m}_{MLG}$,0.3774783561730265,4
1338.011483113092,$\hat{m}_{MLG}$,0.4189131438146994,4
1.0,$\hat{m}_{MLD}$,0.4193398952673294,4
1.0762239473831834,$\hat{m}_{MLD}$,0.4867827997956664,4
1.1582579849210413,$\hat{m}_{MLD}$,0.45229866110276085,4
1.2465449806198148,$\hat{m}_{MLD}$,0.4202658954757617,4
1.3415615596333508,$\hat{m}_{MLD}$,0.4821231331147765,4
1.4438206773661448,$\hat{m}_{MLD}$,0.44797752521021733,4
1.5538743887084543,$\hat{m}_{MLD}$,0.47396143883598196,4
1.6723168283534438,$\hat{m}_{MLD}$,0.4403843552858669,4
1.7997874182858689,$\hat{m}_{MLD}$,0.4693147052819142,4
1.9369743197582066,$\hat{m}_{MLD}$,0.4774997562677389,4
2.0846181483900335,$\hat{m}_{MLD}$,0.443687963056569,4
2.2435159724469447,$\hat{m}_{MLD}$,0.4122580648751302,4
2.4145256158840724,$\hat{m}_{MLD}$,0.38305801637446873,4
2.5985702893845684,$\hat{m}_{MLD}$,0.45882965906807005,4
2.796643574394121,$\hat{m}_{MLD}$,0.42633636544132103,4
3.009814787058257,$\hat{m}_{MLD}$,0.3961349978994794,4
3.239234751020113,$\hat{m}_{MLD}$,0.4661229797468354,4
3.486142010243649,$\hat{m}_{MLD}$,0.4331063181943623,4
3.751869515402767,$\hat{m}_{MLD}$,0.45473094115635876,4
4.037851819933397,$\hat{m}_{MLD}$,0.42252618566549804,4
4.345632824597091,$\hat{m}_{MLD}$,0.45742115731213634,4
4.676874112365815,$\hat{m}_{MLD}$,0.4250253834805948,4
5.03336391862456,$\hat{m}_{MLD}$,0.43585818231134005,4
5.417026785118212,$\hat{m}_{MLD}$,0.4049866453206136,4
5.829933949760359,$\hat{m}_{MLD}$,0.4360171231228635,4
6.274314528394325,$\hat{m}_{MLD}$,0.4051356942280311,4
6.752567548872198,$\hat{m}_{MLD}$,0.43536045488283104,4
7.267274902418825,$\hat{m}_{MLD}$,0.4045257732634008,4
7.821215282199927,$\hat{m}_{MLD}$,0.43222856916840924,4
8.417379184342884,$\hat{m}_{MLD}$,0.4016158879521482,4
9.058985052394538,$\hat{m}_{MLD}$,0.42569767420020427,4
9.749496652373306,$\hat{m}_{MLD}$,0.39554631433995424,4
10.492641772216333,$\hat{m}_{MLD}$,0.41372506607810267,4
11.292432346572342,$\hat{m}_{MLD}$,0.42788335515031034,4
12.153186115585632,$\hat{m}_{MLD}$,0.3975775248361159,4
13.079549934598068,$\hat{m}_{MLD}$,0.4098709851628202,4
14.076524860608592,$\hat{m}_{MLD}$,0.40947462378564153,4
15.149493150921694,$\hat{m}_{MLD}$,0.40784374285869807,4
16.304247319739442,$\hat{m}_{MLD}$,0.4043548110107674,4
17.54702140956167,$\hat{m}_{MLD}$,0.4050344800908581,4
18.88452464621569,$\hat{m}_{MLD}$,0.40509031282113483,4
20.32397765920527,$\hat{m}_{MLD}$,0.4047680509501161,4
21.87315146291753,$\hat{m}_{MLD}$,0.40256709330917695,4
23.540409409131357,$\hat{m}_{MLD}$,0.39962780942826337,4
25.33475233731158,$\hat{m}_{MLD}$,0.39673684315874175,4
27.265867166436806,$\hat{m}_{MLD}$,0.4150385484838454,4
29.344179190688156,$\hat{m}_{MLD}$,0.40787708325709343,4
31.580908361321878,$\hat{m}_{MLD}$,0.4019032606949195,4
33.98812985856841,$\hat{m}_{MLD}$,0.39401402571540256,4
36.57883928056072,$\hat{m}_{MLD}$,0.4072739563636591,4
39.36702280122011,$\hat{m}_{MLD}$,0.3985684050676073,4
42.36773267585289,$\hat{m}_{MLD}$,0.3896351033336938,4
45.597168502081885,$\hat{m}_{MLD}$,0.39809395671923414,4
49.07276467480673,$\hat{m}_{MLD}$,0.388369841941004,4
52.81328450732654,$\hat{m}_{MLD}$,0.37849335427760983,4
56.8389215267461,$\hat{m}_{MLD}$,0.3871508817854138,4
61.17140849051769,$\hat{m}_{MLD}$,0.3763892286404368,4
65.83413471265413,$\hat{m}_{MLD}$,0.3833973456353865,4
70.8522723330089,$\hat{m}_{MLD}$,0.37305313780657573,4
76.25291221129912,$\hat{m}_{MLD}$,0.37680313151659056,4
82.06521017950769,$\hat{m}_{MLD}$,0.38219107872377484,4
88.32054444222037,$\hat{m}_{MLD}$,0.3707425976922538,4
95.0526849746383,$\hat{m}_{MLD}$,0.376742106325224,4
102.29797583277549,$\hat{m}_{MLD}$,0.36528343091438514,4
110.0955313600591,$\hat{m}_{MLD}$,0.3677132571083549,4
118.4874473495718,$\hat{m}_{MLD}$,0.35713136864119743,4
127.51902830191335,$\hat{m}_{MLD}$,0.36110126291002226,4
137.239032005553,$\hat{m}_{MLD}$,0.3660332356414061,4
147.6999327600634,$\hat{m}_{MLD}$,0.3553112932526051,4
158.95820466326612,$\hat{m}_{MLD}$,0.3599929801353419,4
171.07462649164432,$\hat{m}_{MLD}$,0.34976515779017014,4
184.11460981994108,$\hat{m}_{MLD}$,0.35576400658199553,4
198.14855215133173,$\hat{m}_{MLD}$,0.3437991988248334,4
213.25221696456873,$\hat{m}_{MLD}$,0.34780476123343024,4
229.50714272982336,$\hat{m}_{MLD}$,0.3376771282725721,4
247.00108310132606,$\hat{m}_{MLD}$,0.34275742406043264,4
265.8284806632307,$\hat{m}_{MLD}$,0.3332339142364448,4
286.0909767862566,$\hat{m}_{MLD}$,0.33938402831983083,4
307.8979603476156,$\hat{m}_{MLD}$,0.34333358119744467,4
331.36715827654194,$\hat{m}_{MLD}$,0.33308668226886484,4
356.62527111352796,$\hat{m}_{MLD}$,0.33737851814572617,4
383.8086570143992,$\hat{m}_{MLD}$,0.32708578144793493,4
413.0640678918749,$\hat{m}_{MLD}$,0.33008753310784633,4
444.5494416687491,$\hat{m}_{MLD}$,0.3337005500414382,4
478.43475491973123,$\hat{m}_{MLD}$,0.32340823910345873,4
514.9029405050194,$\hat{m}_{MLD}$,0.3267943315855923,4
554.1508751495202,$\hat{m}_{MLD}$,0.31685572495381104,4
596.390442299262,$\hat{m}_{MLD}$,0.3192959930198821,4
641.8496759929147,$\hat{m}_{MLD}$,0.3223168648941889,4
690.7739919237116,$\hat{m}_{MLD}$,0.31253539271409075,4
743.4275123377766,$\hat{m}_{MLD}$,0.31631548654613334,4
800.0944919214219,$\hat{m}_{MLD}$,0.31895223237023584,4
861.0808523752157,$\hat{m}_{MLD}$,0.30976426403415985,4
926.7158339593304,$\hat{m}_{MLD}$,0.314190386746972,4
997.35377292621,$\hat{m}_{MLD}$,0.30506268376836426,4
1073.3760144361563,$\hat{m}_{MLD}$,0.3101960550661008,4
1155.1929712829099,$\hat{m}_{MLD}$,0.30074198037162325,4
1243.246339543401,$\hat{m}_{MLD}$,0.3040284616865875,4
1338.011483113092,$\hat{m}_{MLD}$,0.2958240857469727,4
1.0,$\hat{m}_{emp}$,0.04997123002699951,5
1.0762239473831834,$\hat{m}_{emp}$,0.04643224347110837,5
1.1582579849210413,$\hat{m}_{emp}$,0.05991822385265008,5
1.2465449806198148,$\hat{m}_{emp}$,0.05567588680183219,5
1.3415615596333508,$\hat{m}_{emp}$,0.051732101616628175,5
1.4438206773661448,$\hat{m}_{emp}$,0.054780662763250665,5
1.5538743887084543,$\hat{m}_{emp}$,0.05528811917851141,5
1.6723168283534438,$\hat{m}_{emp}$,0.0513723102982823,5
1.7997874182858689,$\hat{m}_{emp}$,0.037036126208100734,5
1.9369743197582066,$\hat{m}_{emp}$,0.03441263167515938,5
2.0846181483900335,$\hat{m}_{emp}$,0.03879145611278611,5
2.2435159724469447,$\hat{m}_{emp}$,0.03604332300893685,5
2.4145256158840724,$\hat{m}_{emp}$,0.033490981082270124,5
2.5985702893845684,$\hat{m}_{emp}$,0.03706290133024476,5
2.796643574394121,$\hat{m}_{emp}$,0.034438008419586615,5
3.009814787058257,$\hat{m}_{emp}$,0.03254316049527955,5
3.239234751020113,$\hat{m}_{emp}$,0.030238436838149894,5
3.486142010243649,$\hat{m}_{emp}$,0.03430501244223249,5
3.751869515402767,$\hat{m}_{emp}$,0.031875235938089844,5
4.037851819933397,$\hat{m}_{emp}$,0.04055727893542623,5
4.345632824597091,$\hat{m}_{emp}$,0.03768473157267552,5
4.676874112365815,$\hat{m}_{emp}$,0.06403134374970426,5
5.03336391862456,$\hat{m}_{emp}$,0.05949648701647013,5
5.417026785118212,$\hat{m}_{emp}$,0.0696625541302394,5
5.829933949760359,$\hat{m}_{emp}$,0.06472870276877292,5
6.274314528394325,$\hat{m}_{emp}$,0.02849907236930283,5
6.752567548872198,$\hat{m}_{emp}$,0.026480690071052148,5
7.267274902418825,$\hat{m}_{emp}$,0.028795381045476968,5
7.821215282199927,$\hat{m}_{emp}$,0.023982932391672183,5
8.417379184342884,$\hat{m}_{emp}$,0.02117489930486176,5
9.058985052394538,$\hat{m}_{emp}$,0.019675190791209437,5
9.749496652373306,$\hat{m}_{emp}$,0.02214040567288311,5
10.492641772216333,$\hat{m}_{emp}$,0.02255490032311677,5
11.292432346572342,$\hat{m}_{emp}$,0.021459143358836072,5
12.153186115585632,$\hat{m}_{emp}$,0.02544221601482976,5
13.079549934598068,$\hat{m}_{emp}$,0.027393041930473448,5
14.076524860608592,$\hat{m}_{emp}$,0.02749348350359547,5
15.149493150921694,$\hat{m}_{emp}$,0.024561690540812958,5
16.304247319739442,$\hat{m}_{emp}$,0.02627514109416865,5
17.54702140956167,$\hat{m}_{emp}$,0.032960020179089417,5
18.88452464621569,$\hat{m}_{emp}$,0.025722515579992923,5
20.32397765920527,$\hat{m}_{emp}$,0.037827396442874535,5
21.87315146291753,$\hat{m}_{emp}$,0.04758474439084404,5
23.540409409131357,$\hat{m}_{emp}$,0.053664296377631794,5
25.33475233731158,$\hat{m}_{emp}$,0.07280896991974171,5
27.265867166436806,$\hat{m}_{emp}$,0.07997623503935666,5
29.344179190688156,$\hat{m}_{emp}$,0.08432404711986606,5
31.580908361321878,$\hat{m}_{emp}$,0.09691321257138853,5
33.98812985856841,$\hat{m}_{emp}$,0.06635387081609505,5
36.57883928056072,$\hat{m}_{emp}$,0.08528445899671606,5
39.36702280122011,$\hat{m}_{emp}$,0.054580348780863486,5
42.36773267585289,$\hat{m}_{emp}$,0.05447025713563398,5
45.597168502081885,$\hat{m}_{emp}$,0.057813848338628404,5
49.07276467480673,$\hat{m}_{emp}$,0.07031114005315997,5
52.81328450732654,$\hat{m}_{emp}$,0.0489599334920607,5
56.8389215267461,$\hat{m}_{emp}$,0.05991462349146624,5
61.17140849051769,$\hat{m}_{emp}$,0.061189611896842515,5
65.83413471265413,$\hat{m}_{emp}$,0.04753372936370702,5
70.8522723330089,$\hat{m}_{emp}$,0.045582038048333155,5
76.25291221129912,$\hat{m}_{emp}$,0.058261832593657165,5
82.06521017950769,$\hat{m}_{emp}$,0.06545385314856543,5
88.32054444222037,$\hat{m}_{emp}$,0.08326680788603427,5
95.0526849746383,$\hat{m}_{emp}$,0.08931727805250561,5
102.29797583277549,$\hat{m}_{emp}$,0.11105635542602639,5
110.0955313600591,$\hat{m}_{emp}$,0.11866440035827827,5
118.4874473495718,$\hat{m}_{emp}$,0.07219014924982864,5
127.51902830191335,$\hat{m}_{emp}$,0.0661543411552002,5
137.239032005553,$\hat{m}_{emp}$,0.05530391157411454,5
147.6999327600634,$\hat{m}_{emp}$,0.048241121702571416,5
158.95820466326612,$\hat{m}_{emp}$,0.04564499862728927,5
171.07462649164432,$\hat{m}_{emp}$,0.039551504351146696,5
184.11460981994108,$\hat{m}_{emp}$,0.03277074326507377,5
198.14855215133173,$\hat{m}_{emp}$,0.026589693503406946,5
213.25221696456873,$\hat{m}_{emp}$,0.024672222486271128,5
229.50714272982336,$\hat{m}_{emp}$,0.027382527090070614,5
247.00108310132606,$\hat{m}_{emp}$,0.028529712910961076,5
265.8284806632307,$\hat{m}_{emp}$,0.025617643106904293,5
286.0909767862566,$\hat{m}_{emp}$,0.024511824975297112,5
307.8979603476156,$\hat{m}_{emp}$,0.02382183497862508,5
331.36715827654194,$\hat{m}_{emp}$,0.021793243281147946,5
356.62527111352796,$\hat{m}_{emp}$,0.02341400948514547,5
383.8086570143992,$\hat{m}_{emp}$,0.023898212223772492,5
413.0640678918749,$\hat{m}_{emp}$,0.025738390475704722,5
444.5494416687491,$\hat{m}_{emp}$,0.027552570633722965,5
478.43475491973123,$\hat{m}_{emp}$,0.032139071800656324,5
514.9029405050194,$\hat{m}_{emp}$,0.03024867838569648,5
554.1508751495202,$\hat{m}_{emp}$,0.027485229530523826,5
596.390442299262,$\hat{m}_{emp}$,0.024036047094550893,5
641.8496759929147,$\hat{m}_{emp}$,0.02274584424068877,5
690.7739919237116,$\hat{m}_{emp}$,0.023445739962377275,5
743.4275123377766,$\hat{m}_{emp}$,0.024585323011298416,5
800.0944919214219,$\hat{m}_{emp}$,0.02394003694640006,5
861.0808523752157,$\hat{m}_{emp}$,0.022395747209995796,5
926.7158339593304,$\hat{m}_{emp}$,0.02116867136361995,5
997.35377292621,$\hat{m}_{emp}$,0.022926811430583897,5
1073.3760144361563,$\hat{m}_{emp}$,0.02423092500286375,5
1155.1929712829099,$\hat{m}_{emp}$,0.028789908514746238,5
1243.246339543401,$\hat{m}_{emp}$,0.030241174735580717,5
1338.011483113092,$\hat{m}_{emp}$,0.026170781538321485,5
1.0,$\hat{m}_{GT}$,0.0006196609569335635,5
1.0762239473831834,$\hat{m}_{GT}$,0.0005757762697923093,5
1.1582579849210413,$\hat{m}_{GT}$,3.821315296725133e-05,5
1.2465449806198148,$\hat{m}_{GT}$,3.550758086851543e-05,5
1.3415615596333508,$\hat{m}_{GT}$,3.299241174529858e-05,5
1.4438206773661448,$\hat{m}_{GT}$,0.0005824468900401581,5
1.5538743887084543,$\hat{m}_{GT}$,5.696869570171191e-05,5
1.6723168283534438,$\hat{m}_{GT}$,5.293385914300082e-05,5
1.7997874182858689,$\hat{m}_{GT}$,7.377714384083811e-05,5
1.9369743197582066,$\hat{m}_{GT}$,6.855105911386331e-05,5
2.0846181483900335,$\hat{m}_{GT}$,2.1232324090194913e-05,5
2.2435159724469447,$\hat{m}_{GT}$,1.9728146146106652e-05,5
2.4145256158840724,$\hat{m}_{GT}$,1.8331133597301656e-05,5
2.5985702893845684,$\hat{m}_{GT}$,8.516291665956975e-05,5
2.796643574394121,$\hat{m}_{GT}$,7.913145317000601e-05,5
3.009814787058257,$\hat{m}_{GT}$,5.882179935884239e-05,5
3.239234751020113,$\hat{m}_{GT}$,5.46560087449614e-05,5
3.486142010243649,$\hat{m}_{GT}$,2.5392311208166168e-05,5
3.751869515402767,$\hat{m}_{GT}$,2.359380898452246e-05,5
4.037851819933397,$\hat{m}_{GT}$,8.76914139144351e-05,5
4.345632824597091,$\hat{m}_{GT}$,8.148050069767679e-05,5
4.676874112365815,$\hat{m}_{GT}$,9.463692543556645e-06,5
5.03336391862456,$\hat{m}_{GT}$,8.793450637964844e-06,5
5.417026785118212,$\hat{m}_{GT}$,1.6341204346760357e-05,5
5.829933949760359,$\hat{m}_{GT}$,1.5183838322489542e-05,5
6.274314528394325,$\hat{m}_{GT}$,3.5271129169929244e-05,5
6.752567548872198,$\hat{m}_{GT}$,3.277313127605464e-05,5
7.267274902418825,$\hat{m}_{GT}$,1.8271180866419398e-05,5
7.821215282199927,$\hat{m}_{GT}$,1.6977063986554164e-05,5
8.417379184342884,$\hat{m}_{GT}$,5.258231761823134e-06,5
9.058985052394538,$\hat{m}_{GT}$,4.885818423444111e-06,5
9.749496652373306,$\hat{m}_{GT}$,4.539759211171439e-06,5
10.492641772216333,$\hat{m}_{GT}$,4.218234584461711e-06,5
11.292432346572342,$\hat{m}_{GT}$,3.919478239056817e-06,5
12.153186115585632,$\hat{m}_{GT}$,3.6418860599527284e-06,5
13.079549934598068,$\hat{m}_{GT}$,3.383945883937424e-06,5
14.076524860608592,$\hat{m}_{GT}$,3.1442684702190612e-06,5
15.149493150921694,$\hat{m}_{GT}$,5.843152263783266e-06,5
16.304247319739442,$\hat{m}_{GT}$,2.7146545194925767e-06,5
17.54702140956167,$\hat{m}_{GT}$,2.522386177323748e-06,5
18.88452464621569,$\hat{m}_{GT}$,9.374948730749129e-06,5
20.32397765920527,$\hat{m}_{GT}$,2.177743030677866e-06,5
21.87315146291753,$\hat{m}_{GT}$,2.0235050344805256e-06,5
23.540409409131357,$\hat{m}_{GT}$,1.8801869657918782e-06,5
25.33475233731158,$\hat{m}_{GT}$,1.7470239447101863e-06,5
27.265867166436806,$\hat{m}_{GT}$,1.6232896614304753e-06,5
29.344179190688156,$\hat{m}_{GT}$,1.5083183758427729e-06,5
31.580908361321878,$\hat{m}_{GT}$,1.4014925896079324e-06,5
33.98812985856841,$\hat{m}_{GT}$,1.3022308516719993e-06,5
36.57883928056072,$\hat{m}_{GT}$,6.0500020570006995e-06,5
39.36702280122011,$\hat{m}_{GT}$,1.124301668126385e-06,5
42.36773267585289,$\hat{m}_{GT}$,1.0446722758603399e-06,5
45.597168502081885,$\hat{m}_{GT}$,9.706824771428544e-07,5
49.07276467480673,$\hat{m}_{GT}$,9.01933655564164e-07,5
52.81328450732654,$\hat{m}_{GT}$,8.380536706331746e-07,5
56.8389215267461,$\hat{m}_{GT}$,7.786985455468566e-07,5
61.17140849051769,$\hat{m}_{GT}$,7.23546593868232e-07,5
65.83413471265413,$\hat{m}_{GT}$,6.723014492130039e-07,5
70.8522723330089,$\hat{m}_{GT}$,6.246853147726833e-07,5
76.25291221129912,$\hat{m}_{GT}$,5.804416696752893e-07,5
82.06521017950769,$\hat{m}_{GT}$,5.393318541258348e-07,5
88.32054444222037,$\hat{m}_{GT}$,5.011333129873209e-07,5
95.0526849746383,$\hat{m}_{GT}$,9.312807904711349e-07,5
102.29797583277549,$\hat{m}_{GT}$,8.653225035337608e-07,5
110.0955313600591,$\hat{m}_{GT}$,8.04035615561627e-07,5
118.4874473495718,$\hat{m}_{GT}$,3.7354480950148577e-07,5
127.51902830191335,$\hat{m}_{GT}$,3.4708832807899455e-07,5
137.239032005553,$\hat{m}_{GT}$,3.2250563659226353e-07,5
147.6999327600634,$\hat{m}_{GT}$,2.9966407657016486e-07,5
158.95820466326612,$\hat{m}_{GT}$,2.7844031102896505e-07,5
171.07462649164432,$\hat{m}_{GT}$,5.174392552186336e-07,5
184.11460981994108,$\hat{m}_{GT}$,2.4039571057125714e-07,5
198.14855215133173,$\hat{m}_{GT}$,2.233695973874692e-07,5
213.25221696456873,$\hat{m}_{GT}$,2.07549358869653e-07,5
229.50714272982336,$\hat{m}_{GT}$,1.9284963687377625e-07,5
247.00108310132606,$\hat{m}_{GT}$,1.7919098138958305e-07,5
265.8284806632307,$\hat{m}_{GT}$,1.664996952223079e-07,5
286.0909767862566,$\hat{m}_{GT}$,1.5470730229296333e-07,5
307.8979603476156,$\hat{m}_{GT}$,1.4375009792975422e-07,5
331.36715827654194,$\hat{m}_{GT}$,1.3356894895929752e-07,5
356.62527111352796,$\hat{m}_{GT}$,1.2410888270854233e-07,5
383.8086570143992,$\hat{m}_{GT}$,1.153188259943856e-07,5
413.0640678918749,$\hat{m}_{GT}$,1.0715132209730282e-07,5
444.5494416687491,$\hat{m}_{GT}$,9.956229428563208e-08,5
478.43475491973123,$\hat{m}_{GT}$,3.7004305358417687e-07,5
514.9029405050194,$\hat{m}_{GT}$,8.595865388748013e-08,5
554.1508751495202,$\hat{m}_{GT}$,7.987059685380134e-08,5
596.390442299262,$\hat{m}_{GT}$,7.421373332556563e-08,5
641.8496759929147,$\hat{m}_{GT}$,6.895751816927167e-08,5
690.7739919237116,$\hat{m}_{GT}$,6.407357902261778e-08,5
743.4275123377766,$\hat{m}_{GT}$,5.9535546531554314e-08,5
800.0944919214219,$\hat{m}_{GT}$,5.531891965690321e-08,5
861.0808523752157,$\hat{m}_{GT}$,5.140093505496996e-08,5
926.7158339593304,$\hat{m}_{GT}$,4.77604458303889e-08,5
997.35377292621,$\hat{m}_{GT}$,4.437779491352365e-08,5
1073.3760144361563,$\hat{m}_{GT}$,4.12347226383493e-08,5
1155.1929712829099,$\hat{m}_{GT}$,3.831425845204878e-08,5
1243.246339543401,$\hat{m}_{GT}$,3.560063703779915e-08,5
1338.011483113092,$\hat{m}_{GT}$,3.307920892659654e-08,5
1.0,$\hat{m}_{MLG}$,30.38503287049086,5
1.0762239473831834,$\hat{m}_{MLG}$,28.233150221797246,5
1.1582579849210413,$\hat{m}_{MLG}$,31.39935902277504,5
1.2465449806198148,$\hat{m}_{MLG}$,29.176217955011897,5
1.3415615596333508,$\hat{m}_{MLG}$,27.109529075123724,5
1.4438206773661448,$\hat{m}_{MLG}$,29.706898262499617,5
1.5538743887084543,$\hat{m}_{MLG}$,29.55227513108497,5
1.6723168283534438,$\hat{m}_{MLG}$,27.459220364370218,5
1.7997874182858689,$\hat{m}_{MLG}$,24.451087858520033,5
1.9369743197582066,$\hat{m}_{MLG}$,22.719068290359438,5
2.0846181483900335,$\hat{m}_{MLG}$,23.58924189521848,5
2.2435159724469447,$\hat{m}_{MLG}$,21.918091001617707,5
2.4145256158840724,$\hat{m}_{MLG}$,20.36600151746957,5
2.5985702893845684,$\hat{m}_{MLG}$,19.840887767862924,5
2.796643574394121,$\hat{m}_{MLG}$,18.4357035061406,5
3.009814787058257,$\hat{m}_{MLG}$,17.126784990897328,5
3.239234751020113,$\hat{m}_{MLG}$,15.913857114859603,5
3.486142010243649,$\hat{m}_{MLG}$,17.977476203951042,5
3.751869515402767,$\hat{m}_{MLG}$,16.70415647093243,5
4.037851819933397,$\hat{m}_{MLG}$,16.106949673897553,5
4.345632824597091,$\hat{m}_{MLG}$,14.966143953637594,5
4.676874112365815,$\hat{m}_{MLG}$,12.563400672802295,5
5.03336391862456,$\hat{m}_{MLG}$,11.673629838754497,5
5.417026785118212,$\hat{m}_{MLG}$,11.855741972187271,5
5.829933949760359,$\hat{m}_{MLG}$,11.01605888274281,5
6.274314528394325,$\hat{m}_{MLG}$,14.078132603510182,5
6.752567548872198,$\hat{m}_{MLG}$,13.08108072507931,5
7.267274902418825,$\hat{m}_{MLG}$,12.433777963920509,5
7.821215282199927,$\hat{m}_{MLG}$,12.308266839017822,5
8.417379184342884,$\hat{m}_{MLG}$,11.376720198698061,5
9.058985052394538,$\hat{m}_{MLG}$,10.57096599444971,5
9.749496652373306,$\hat{m}_{MLG}$,9.66609493703354,5
10.492641772216333,$\hat{m}_{MLG}$,9.66425930691875,5
11.292432346572342,$\hat{m}_{MLG}$,9.258466848151574,5
12.153186115585632,$\hat{m}_{MLG}$,9.253932611960682,5
13.079549934598068,$\hat{m}_{MLG}$,7.730851705363216,5
14.076524860608592,$\hat{m}_{MLG}$,8.672292784963478,5
15.149493150921694,$\hat{m}_{MLG}$,6.644909080080401,5
16.304247319739442,$\hat{m}_{MLG}$,5.193471244354197,5
17.54702140956167,$\hat{m}_{MLG}$,4.206647242983983,5
18.88452464621569,$\hat{m}_{MLG}$,5.812495572495307,5
20.32397765920527,$\hat{m}_{MLG}$,5.398757853207053,5
21.87315146291753,$\hat{m}_{MLG}$,4.551438469426862,5
23.540409409131357,$\hat{m}_{MLG}$,3.439056263404793,5
25.33475233731158,$\hat{m}_{MLG}$,3.5236243262619626,5
27.265867166436806,$\hat{m}_{MLG}$,3.181751905923871,5
29.344179190688156,$\hat{m}_{MLG}$,3.6491018386551834,5
31.580908361321878,$\hat{m}_{MLG}$,3.577804530216881,5
33.98812985856841,$\hat{m}_{MLG}$,3.54050729933469,5
36.57883928056072,$\hat{m}_{MLG}$,3.7785681804715616,5
39.36702280122011,$\hat{m}_{MLG}$,4.0766922951348095,5
42.36773267585289,$\hat{m}_{MLG}$,2.900144009297583,5
45.597168502081885,$\hat{m}_{MLG}$,2.604964892768707,5
49.07276467480673,$\hat{m}_{MLG}$,2.2718450442136895,5
52.81328450732654,$\hat{m}_{MLG}$,2.4381204713490403,5
56.8389215267461,$\hat{m}_{MLG}$,2.273222864764981,5
61.17140849051769,$\hat{m}_{MLG}$,2.5818360243307015,5
65.83413471265413,$\hat{m}_{MLG}$,2.956644868429934,5
70.8522723330089,$\hat{m}_{MLG}$,2.1935861191793387,5
76.25291221129912,$\hat{m}_{MLG}$,2.4428608297779344,5
82.06521017950769,$\hat{m}_{MLG}$,1.403240747324105,5
88.32054444222037,$\hat{m}_{MLG}$,1.7957106970117922,5
95.0526849746383,$\hat{m}_{MLG}$,1.7743165796091414,5
102.29797583277549,$\hat{m}_{MLG}$,1.3412279444367767,5
110.0955313600591,$\hat{m}_{MLG}$,1.374825986114305,5
118.4874473495718,$\hat{m}_{MLG}$,2.9066469545874103,5
127.51902830191335,$\hat{m}_{MLG}$,2.0424113161811537,5
137.239032005553,$\hat{m}_{MLG}$,2.665697444257642,5
147.6999327600634,$\hat{m}_{MLG}$,1.7953796908650401,5
158.95820466326612,$\hat{m}_{MLG}$,1.6768369100562615,5
171.07462649164432,$\hat{m}_{MLG}$,1.2264213118497729,5
184.11460981994108,$\hat{m}_{MLG}$,1.2303969123870622,5
198.14855215133173,$\hat{m}_{MLG}$,1.1288295564313133,5
213.25221696456873,$\hat{m}_{MLG}$,1.2541448412180989,5
229.50714272982336,$\hat{m}_{MLG}$,1.0919572391439636,5
247.00108310132606,$\hat{m}_{MLG}$,1.4918499255977544,5
265.8284806632307,$\hat{m}_{MLG}$,1.1271703813817044,5
286.0909767862566,$\hat{m}_{MLG}$,1.2106659304609242,5
307.8979603476156,$\hat{m}_{MLG}$,0.8540216843066725,5
331.36715827654194,$\hat{m}_{MLG}$,0.89635840303856,5
356.62527111352796,$\hat{m}_{MLG}$,0.8764303573548973,5
383.8086570143992,$\hat{m}_{MLG}$,0.7244883048320548,5
413.0640678918749,$\hat{m}_{MLG}$,0.53898049233118,5
444.5494416687491,$\hat{m}_{MLG}$,0.7548657336574219,5
478.43475491973123,$\hat{m}_{MLG}$,0.6231948195338882,5
514.9029405050194,$\hat{m}_{MLG}$,0.9914455748760905,5
554.1508751495202,$\hat{m}_{MLG}$,0.8003644985661631,5
596.390442299262,$\hat{m}_{MLG}$,0.7442483201764506,5
641.8496759929147,$\hat{m}_{MLG}$,0.6307031380304022,5
690.7739919237116,$\hat{m}_{MLG}$,0.8197470530800265,5
743.4275123377766,$\hat{m}_{MLG}$,0.548257737781103,5
800.0944919214219,$\hat{m}_{MLG}$,0.43181564694442076,5
861.0808523752157,$\hat{m}_{MLG}$,0.5715025938557172,5
926.7158339593304,$\hat{m}_{MLG}$,0.470873140713927,5
997.35377292621,$\hat{m}_{MLG}$,0.4718732839783024,5
1073.3760144361563,$\hat{m}_{MLG}$,0.46346002274560905,5
1155.1929712829099,$\hat{m}_{MLG}$,0.6209044910170306,5
1243.246339543401,$\hat{m}_{MLG}$,0.5227085742645486,5
1338.011483113092,$\hat{m}_{MLG}$,0.4006053440421318,5
1.0,$\hat{m}_{MLD}$,0.47597198163147875,5
1.0762239473831834,$\hat{m}_{MLD}$,0.4422634168620193,5
1.1582579849210413,$\hat{m}_{MLD}$,0.4992754155298254,5
1.2465449806198148,$\hat{m}_{MLD}$,0.46392565951780707,5
1.3415615596333508,$\hat{m}_{MLD}$,0.43106362088419664,5
1.4438206773661448,$\hat{m}_{MLD}$,0.4856038295576469,5
1.5538743887084543,$\hat{m}_{MLD}$,0.4981438635030051,5
1.6723168283534438,$\hat{m}_{MLD}$,0.46286257353836385,5
1.7997874182858689,$\hat{m}_{MLD}$,0.48091472486043824,5
1.9369743197582066,$\hat{m}_{MLD}$,0.44684860400338183,5
2.0846181483900335,$\hat{m}_{MLD}$,0.4994998663425199,5
2.2435159724469447,$\hat{m}_{MLD}$,0.46411341129239087,5
2.4145256158840724,$\hat{m}_{MLD}$,0.4312480698232879,5
2.5985702893845684,$\hat{m}_{MLD}$,0.4847527251963005,5
2.796643574394121,$\hat{m}_{MLD}$,0.45042125231855157,5
3.009814787058257,$\hat{m}_{MLD}$,0.4796866780388812,5
3.239234751020113,$\hat{m}_{MLD}$,0.4457150164651226,5
3.486142010243649,$\hat{m}_{MLD}$,0.4651713744985018,5
3.751869515402767,$\hat{m}_{MLD}$,0.43222393050443564,5
4.037851819933397,$\hat{m}_{MLD}$,0.45705116991307587,5
4.345632824597091,$\hat{m}_{MLD}$,0.4246796408746932,5
4.676874112365815,$\hat{m}_{MLD}$,0.46422667122185735,5
5.03336391862456,$\hat{m}_{MLD}$,0.43134900034294454,5
5.417026785118212,$\hat{m}_{MLD}$,0.45252477016913145,5
5.829933949760359,$\hat{m}_{MLD}$,0.4204746970520578,5
6.274314528394325,$\hat{m}_{MLD}$,0.46765630317651785,5
6.752567548872198,$\hat{m}_{MLD}$,0.43453560395637236,5
7.267274902418825,$\hat{m}_{MLD}$,0.44536522838367043,5
7.821215282199927,$\hat{m}_{MLD}$,0.45024054180602,5
8.417379184342884,$\hat{m}_{MLD}$,0.46066068929634346,5
9.058985052394538,$\hat{m}_{MLD}$,0.4280344771148265,5
9.749496652373306,$\hat{m}_{MLD}$,0.43686328977283045,5
10.492641772216333,$\hat{m}_{MLD}$,0.43841136801565805,5
11.292432346572342,$\hat{m}_{MLD}$,0.4413473113163176,5
12.153186115585632,$\hat{m}_{MLD}$,0.4433409266924755,5
13.079549934598068,$\hat{m}_{MLD}$,0.441227284518786,5
14.076524860608592,$\hat{m}_{MLD}$,0.44077182612509785,5
15.149493150921694,$\hat{m}_{MLD}$,0.4373179682979774,5
16.304247319739442,$\hat{m}_{MLD}$,0.43206562606991317,5
17.54702140956167,$\hat{m}_{MLD}$,0.4281264214730735,5
18.88452464621569,$\hat{m}_{MLD}$,0.41646879849485197,5
20.32397765920527,$\hat{m}_{MLD}$,0.42891357108697686,5
21.87315146291753,$\hat{m}_{MLD}$,0.4221139316196944,5
23.540409409131357,$\hat{m}_{MLD}$,0.4127625700914899,5
25.33475233731158,$\hat{m}_{MLD}$,0.42476415360882736,5
27.265867166436806,$\hat{m}_{MLD}$,0.4152404061973953,5
29.344179190688156,$\hat{m}_{MLD}$,0.40545078876453644,5
31.580908361321878,$\hat{m}_{MLD}$,0.4150735226740479,5
33.98812985856841,$\hat{m}_{MLD}$,0.4046110200934221,5
36.57883928056072,$\hat{m}_{MLD}$,0.4121728189089184,5
39.36702280122011,$\hat{m}_{MLD}$,0.4100593624995924,5
42.36773267585289,$\hat{m}_{MLD}$,0.3977118854015407,5
45.597168502081885,$\hat{m}_{MLD}$,0.3868846599359544,5
49.07276467480673,$\hat{m}_{MLD}$,0.39453057913069833,5
52.81328450732654,$\hat{m}_{MLD}$,0.3850639724523378,5
56.8389215267461,$\hat{m}_{MLD}$,0.3914315614143969,5
61.17140849051769,$\hat{m}_{MLD}$,0.37976077330706376,5
65.83413471265413,$\hat{m}_{MLD}$,0.3871195057185961,5
70.8522723330089,$\hat{m}_{MLD}$,0.37484360235031605,5
76.25291221129912,$\hat{m}_{MLD}$,0.3816356425367391,5
82.06521017950769,$\hat{m}_{MLD}$,0.3713451974024699,5
88.32054444222037,$\hat{m}_{MLD}$,0.3769679127361528,5
95.0526849746383,$\hat{m}_{MLD}$,0.3658062369318023,5
102.29797583277549,$\hat{m}_{MLD}$,0.3731916896399696,5
110.0955313600591,$\hat{m}_{MLD}$,0.36297093676742304,5
118.4874473495718,$\hat{m}_{MLD}$,0.3736930606065247,5
127.51902830191335,$\hat{m}_{MLD}$,0.3615323506209931,5
137.239032005553,$\hat{m}_{MLD}$,0.35278666635211614,5
147.6999327600634,$\hat{m}_{MLD}$,0.3590310807304012,5
158.95820466326612,$\hat{m}_{MLD}$,0.3493356630710741,5
171.07462649164432,$\hat{m}_{MLD}$,0.355070194865295,5
184.11460981994108,$\hat{m}_{MLD}$,0.34532721690328017,5
198.14855215133173,$\hat{m}_{MLD}$,0.35128248605872164,5
213.25221696456873,$\hat{m}_{MLD}$,0.3413800157982421,5
229.50714272982336,$\hat{m}_{MLD}$,0.34739011830052413,5
247.00108310132606,$\hat{m}_{MLD}$,0.3389576290784315,5
265.8284806632307,$\hat{m}_{MLD}$,0.34401171077054893,5
286.0909767862566,$\hat{m}_{MLD}$,0.3343310378465115,5
307.8979603476156,$\hat{m}_{MLD}$,0.3239274412783006,5
331.36715827654194,$\hat{m}_{MLD}$,0.32895267772817915,5
356.62527111352796,$\hat{m}_{MLD}$,0.3329616886486665,5
383.8086570143992,$\hat{m}_{MLD}$,0.3232738899458244,5
413.0640678918749,$\hat{m}_{MLD}$,0.32801731857481026,5
444.5494416687491,$\hat{m}_{MLD}$,0.3185020035320719,5
478.43475491973123,$\hat{m}_{MLD}$,0.3245034801123599,5
514.9029405050194,$\hat{m}_{MLD}$,0.3151403523948941,5
554.1508751495202,$\hat{m}_{MLD}$,0.31935310717587795,5
596.390442299262,$\hat{m}_{MLD}$,0.3098671313146703,5
641.8496759929147,$\hat{m}_{MLD}$,0.31386232815972653,5
690.7739919237116,$\hat{m}_{MLD}$,0.3050527076353345,5
743.4275123377766,$\hat{m}_{MLD}$,0.3103124575176368,5
800.0944919214219,$\hat{m}_{MLD}$,0.30171481376039316,5
861.0808523752157,$\hat{m}_{MLD}$,0.3086999575071554,5
926.7158339593304,$\hat{m}_{MLD}$,0.3004699740433917,5
997.35377292621,$\hat{m}_{MLD}$,0.3073608058168372,5
1073.3760144361563,$\hat{m}_{MLD}$,0.2989355753835056,5
1155.1929712829099,$\hat{m}_{MLD}$,0.30458929775029403,5
1243.246339543401,$\hat{m}_{MLD}$,0.2963914092892742,5
1338.011483113092,$\hat{m}_{MLD}$,0.3024428553239449,5
