time,Esti,Pr,Dur,id
1.0,$\hat{T}_{emp}$,0.01792834137751704,0.0005089029418590743,1
1.0762239473831834,$\hat{T}_{emp}$,0.01377608979467268,0.000662291390783503,1
1.1582579849210413,$\hat{T}_{emp}$,0.012122978518932799,0.0007526026426115757,1
1.2465449806198148,$\hat{T}_{emp}$,0.00942726440988106,0.000967808398384288,1
1.3415615596333508,$\hat{T}_{emp}$,0.010378128400435256,0.0008791359402808642,1
1.4438206773661448,$\hat{T}_{emp}$,0.008575202057542955,0.0010639732578250664,1
1.5538743887084543,$\hat{T}_{emp}$,0.008977746462333392,0.001016266800132028,1
1.6723168283534438,$\hat{T}_{emp}$,0.007218030345188798,0.0012640270590928838,1
1.7997874182858689,$\hat{T}_{emp}$,0.006483729842900088,0.001407181651725211,1
1.9369743197582066,$\hat{T}_{emp}$,0.007310444231955874,0.0012480480501841085,1
2.0846181483900335,$\hat{T}_{emp}$,0.007453573820142594,0.0012240820162022147,1
2.2435159724469447,$\hat{T}_{emp}$,0.00806028540405129,0.001131943251672746,1
2.4145256158840724,$\hat{T}_{emp}$,0.008226269649334945,0.0011091036470473352,1
2.5985702893845684,$\hat{T}_{emp}$,0.008423100150274566,0.0010831861793041584,1
2.796643574394121,$\hat{T}_{emp}$,0.005046946059336687,0.0018077834719064378,1
3.009814787058257,$\hat{T}_{emp}$,0.005798972978544103,0.0015733450911790277,1
3.239234751020113,$\hat{T}_{emp}$,0.006723356551963068,0.0013570283829448628,1
3.486142010243649,$\hat{T}_{emp}$,0.005433232223568608,0.0016792556059162121,1
3.751869515402767,$\hat{T}_{emp}$,0.005495868371520702,0.0016601172104032118,1
4.037851819933397,$\hat{T}_{emp}$,0.00812539683615666,0.0011228726243957547,1
4.345632824597091,$\hat{T}_{emp}$,0.00936600482472071,0.0009741384763747713,1
4.676874112365815,$\hat{T}_{emp}$,0.012512631632338539,0.0007291660090186006,1
5.03336391862456,$\hat{T}_{emp}$,0.01369649466895304,0.0006661401979262488,1
5.417026785118212,$\hat{T}_{emp}$,0.015919828203292772,0.0005731082994843546,1
5.829933949760359,$\hat{T}_{emp}$,0.012674868266818575,0.00071983278071278,1
6.274314528394325,$\hat{T}_{emp}$,0.010626927657495342,0.0008585534750711356,1
6.752567548872198,$\hat{T}_{emp}$,0.010343126988738084,0.0008821109592492144,1
7.267274902418825,$\hat{T}_{emp}$,0.007437361820621982,0.0012267502764722524,1
7.821215282199927,$\hat{T}_{emp}$,0.007336395122446289,0.001243633353628574,1
8.417379184342884,$\hat{T}_{emp}$,0.010263664200742487,0.0008889403911920816,1
9.058985052394538,$\hat{T}_{emp}$,0.018931470233065465,0.0004819375123722141,1
9.749496652373306,$\hat{T}_{emp}$,0.036308933350802,0.0002512821178612415,1
10.492641772216333,$\hat{T}_{emp}$,0.04817348401912644,0.00018939434951496865,1
11.292432346572342,$\hat{T}_{emp}$,0.07865856663739172,0.00011599226962438748,1
12.153186115585632,$\hat{T}_{emp}$,0.08964192328568436,0.00010178034267064013,1
13.079549934598068,$\hat{T}_{emp}$,0.11212807781434549,8.136932200673923e-05,1
14.076524860608592,$\hat{T}_{emp}$,0.12248272339675326,7.44903886576549e-05,1
15.149493150921694,$\hat{T}_{emp}$,0.1489383229374882,6.125881834658222e-05,1
16.304247319739442,$\hat{T}_{emp}$,0.15666724864633766,5.823671347077986e-05,1
17.54702140956167,$\hat{T}_{emp}$,0.07442165912634924,0.00012259583805008026,1
18.88452464621569,$\hat{T}_{emp}$,0.054099116248238974,0.0001686494401832153,1
20.32397765920527,$\hat{T}_{emp}$,0.03711245516998035,0.00024584160837336,1
21.87315146291753,$\hat{T}_{emp}$,0.03656831469072853,0.0002494997581057631,1
23.540409409131357,$\hat{T}_{emp}$,0.028759969520726604,0.0003172390590712171,1
25.33475233731158,$\hat{T}_{emp}$,0.030225296926656056,0.00030185925689371184,1
27.265867166436806,$\hat{T}_{emp}$,0.03304737560135951,0.00027608200359779413,1
29.344179190688156,$\hat{T}_{emp}$,0.04414301473651744,0.00020668696336511224,1
31.580908361321878,$\hat{T}_{emp}$,0.07238784970858461,0.00012604029138042186,1
33.98812985856841,$\hat{T}_{emp}$,0.11079447077248014,8.234874543882398e-05,1
36.57883928056072,$\hat{T}_{emp}$,0.1255962264536851,7.264378817174639e-05,1
39.36702280122011,$\hat{T}_{emp}$,0.1627911396394893,5.604595981008155e-05,1
42.36773267585289,$\hat{T}_{emp}$,0.16818210302785067,5.4249444533116035e-05,1
45.597168502081885,$\hat{T}_{emp}$,0.20117816198326602,4.535176969372603e-05,1
49.07276467480673,$\hat{T}_{emp}$,0.2078200601202703,4.390233389592922e-05,1
52.81328450732654,$\hat{T}_{emp}$,0.23632056998265707,3.860766614747823e-05,1
56.8389215267461,$\hat{T}_{emp}$,0.1951736112727459,4.6747024918866366e-05,1
61.17140849051769,$\hat{T}_{emp}$,0.03405210267326591,0.0002679360436921041,1
65.83413471265413,$\hat{T}_{emp}$,0.03141736603683738,0.00029040581119927115,1
70.8522723330089,$\hat{T}_{emp}$,0.03122475264838843,0.00029219721201356215,1
76.25291221129912,$\hat{T}_{emp}$,0.021843365226479627,0.0004176913939346616,1
82.06521017950769,$\hat{T}_{emp}$,0.019458024130804955,0.0004688957937526594,1
88.32054444222037,$\hat{T}_{emp}$,0.01843877808540295,0.0004948150917275278,1
95.0526849746383,$\hat{T}_{emp}$,0.020014457504276925,0.0004558597537666215,1
102.29797583277549,$\hat{T}_{emp}$,0.019342541077246995,0.0004716952975948272,1
110.0955313600591,$\hat{T}_{emp}$,0.021972145384192038,0.0004152432778019182,1
118.4874473495718,$\hat{T}_{emp}$,0.026754930619921853,0.00034101324347589877,1
127.51902830191335,$\hat{T}_{emp}$,0.02925128788963397,0.0003119105628475752,1
137.239032005553,$\hat{T}_{emp}$,0.035129350391024536,0.00025971973771548294,1
147.6999327600634,$\hat{T}_{emp}$,0.04156711007750712,0.00021949530897528695,1
158.95820466326612,$\hat{T}_{emp}$,0.04697763998577693,0.00019421549640285317,1
171.07462649164432,$\hat{T}_{emp}$,0.048443235794608956,0.00018833972421568787,1
184.11460981994108,$\hat{T}_{emp}$,0.012671938253767612,0.0007199992208736901,1
198.14855215133173,$\hat{T}_{emp}$,0.013032996575757976,0.0007000527942010578,1
213.25221696456873,$\hat{T}_{emp}$,0.010635891954277922,0.0008578298565737556,1
229.50714272982336,$\hat{T}_{emp}$,0.012593732054876969,0.0007244703658864149,1
247.00108310132606,$\hat{T}_{emp}$,0.009686019769199519,0.0009419540623574636,1
265.8284806632307,$\hat{T}_{emp}$,0.012317370077634825,0.0007407251395522034,1
286.0909767862566,$\hat{T}_{emp}$,0.014085643447148365,0.0006477365200891335,1
307.8979603476156,$\hat{T}_{emp}$,0.01664679659509559,0.0005480805641825528,1
331.36715827654194,$\hat{T}_{emp}$,0.017271077799904524,0.0005282696178765767,1
356.62527111352796,$\hat{T}_{emp}$,0.019884119758931153,0.0004588478534773534,1
383.8086570143992,$\hat{T}_{emp}$,0.02012153521468939,0.00045343387432046053,1
413.0640678918749,$\hat{T}_{emp}$,0.02460811410800255,0.00037076330309705193,1
444.5494416687491,$\hat{T}_{emp}$,0.025870331334731583,0.0003526737076391161,1
478.43475491973123,$\hat{T}_{emp}$,0.025799997192885244,0.0003536351419521944,1
514.9029405050194,$\hat{T}_{emp}$,0.02933543514105347,0.000311015862754458,1
554.1508751495202,$\hat{T}_{emp}$,0.021669726720696933,0.00042103833552077,1
596.390442299262,$\hat{T}_{emp}$,0.01817255016728356,0.0005020641344051943,1
641.8496759929147,$\hat{T}_{emp}$,0.016100657617959088,0.0005666716159155689,1
690.7739919237116,$\hat{T}_{emp}$,0.015289731917812991,0.0005967263336411221,1
743.4275123377766,$\hat{T}_{emp}$,0.015743765174375,0.0005795173879068219,1
800.0944919214219,$\hat{T}_{emp}$,0.010099453711709514,0.0009033939785370653,1
861.0808523752157,$\hat{T}_{emp}$,0.010090319752198785,0.0009042117488580105,1
926.7158339593304,$\hat{T}_{emp}$,0.01122893669218907,0.0008125244553225385,1
997.35377292621,$\hat{T}_{emp}$,0.014163536299557996,0.0006441742709380367,1
1073.3760144361563,$\hat{T}_{emp}$,0.01337386977790574,0.00068220984809835,1
1155.1929712829099,$\hat{T}_{emp}$,0.016377681975514445,0.0005570865085372131,1
1243.246339543401,$\hat{T}_{emp}$,0.017296539731420642,0.0005274919614758583,1
1338.011483113092,$\hat{T}_{emp}$,0.015745445999991094,0.0005794555244530609,1
1.0,$\hat{T}_{GT}$,1.8247675702307417e-05,0.4999971403765406,1
1.0762239473831834,$\hat{T}_{GT}$,8.477593719798572e-06,1.0762235100231923,1
1.1582579849210413,$\hat{T}_{GT}$,7.877179024647694e-06,1.1582554669792147,1
1.2465449806198148,$\hat{T}_{GT}$,7.319304666056724e-06,1.246537217118963,1
1.3415615596333508,$\hat{T}_{GT}$,1.3601741022850926e-05,0.6707807224342994,1
1.4438206773661448,$\hat{T}_{GT}$,6.319235119781102e-06,1.443811710868615,1
1.5538743887084543,$\hat{T}_{GT}$,2.348658328929599e-05,0.3884679843504677,1
1.6723168283534438,$\hat{T}_{GT}$,5.4558052495758115e-06,1.6723077991798854,1
1.7997874182858689,$\hat{T}_{GT}$,5.0693743885067146e-06,1.7997853325565452,1
1.9369743197582066,$\hat{T}_{GT}$,4.7103377783220835e-06,1.9369705738857363,1
2.0846181483900335,$\hat{T}_{GT}$,4.37673154441726e-06,2.084611673592372,1
2.2435159724469447,$\hat{T}_{GT}$,4.066743392558673e-06,2.243511524815383,1
2.4145256158840724,$\hat{T}_{GT}$,3.7787182587666265e-06,2.4145186396220484,1
2.5985702893845684,$\hat{T}_{GT}$,3.5110880159543838e-06,2.598563644150676,1
2.796643574394121,$\hat{T}_{GT}$,3.2624085709997977e-06,2.796641031039259,1
3.009814787058257,$\hat{T}_{GT}$,3.0313502240167816e-06,3.00980915942548,1
3.239234751020113,$\hat{T}_{GT}$,2.8166554469891363e-06,3.2392267500893874,1
3.486142010243649,$\hat{T}_{GT}$,5.234327768370528e-06,1.7430673189410282,1
3.751869515402767,$\hat{T}_{GT}$,2.431800164389691e-06,3.751864895511259,1
4.037851819933397,$\hat{T}_{GT}$,2.2595653048266574e-06,4.037849957327134,1
4.345632824597091,$\hat{T}_{GT}$,2.0995303350640463e-06,4.345631743107855,1
4.676874112365815,$\hat{T}_{GT}$,1.950831249195282e-06,4.676870781845304,1
5.03336391862456,$\hat{T}_{GT}$,1.8126647259069667e-06,5.033355335530736,1
5.417026785118212,$\hat{T}_{GT}$,1.684281443429197e-06,5.417019646726121,1
5.829933949760359,$\hat{T}_{GT}$,6.259967041273528e-06,1.4574814227482014,1
6.274314528394325,$\hat{T}_{GT}$,1.4541499257656463e-06,6.274308795819859,1
6.752567548872198,$\hat{T}_{GT}$,1.3511596327548118e-06,6.752559393052736,1
7.267274902418825,$\hat{T}_{GT}$,1.2554628326505708e-06,7.267268637821624,1
7.821215282199927,$\hat{T}_{GT}$,1.1665439851242311e-06,7.821210160970101,1
8.417379184342884,$\hat{T}_{GT}$,1.083922716310327e-06,8.417376564197822,1
9.058985052394538,$\hat{T}_{GT}$,1.0071538135375573e-06,9.058979420060508,1
9.749496652373306,$\hat{T}_{GT}$,9.358213704168149e-07,9.749494890898308,1
10.492641772216333,$\hat{T}_{GT}$,8.695417775694743e-07,10.492636357478778,1
11.292432346572342,$\hat{T}_{GT}$,8.07956105360708e-07,11.292427409282242,1
12.153186115585632,$\hat{T}_{GT}$,7.507321515307804e-07,12.153183596930456,1
13.079549934598068,$\hat{T}_{GT}$,6.975611865794808e-07,13.079548927329283,1
14.076524860608592,$\hat{T}_{GT}$,6.481561900860621e-07,14.076523235025702,1
15.149493150921694,$\hat{T}_{GT}$,6.022503687277883e-07,15.149489553564822,1
16.304247319739442,$\hat{T}_{GT}$,5.595958375023223e-07,16.304241486846884,1
17.54702140956167,$\hat{T}_{GT}$,5.199621259587452e-07,17.54701970426994,1
18.88452464621569,$\hat{T}_{GT}$,4.831356664276756e-07,18.884521064515532,1
20.32397765920527,$\hat{T}_{GT}$,4.4891745799591573e-07,20.323971605834046,1
21.87315146291753,$\hat{T}_{GT}$,4.171227208414533e-07,21.873144793616035,1
23.540409409131357,$\hat{T}_{GT}$,3.8757977360690266e-07,23.540407139320592,1
25.33475233731158,$\hat{T}_{GT}$,3.6012935846556084e-07,25.334745571832343,1
27.265867166436806,$\hat{T}_{GT}$,3.3462308223328783e-07,27.26585867531815,1
29.344179190688156,$\hat{T}_{GT}$,3.109232305669872e-07,29.34417493679845,1
31.580908361321878,$\hat{T}_{GT}$,2.889019472569049e-07,31.580907488861264,1
33.98812985856841,$\hat{T}_{GT}$,2.684403775130717e-07,33.988127099947576,1
36.57883928056072,$\hat{T}_{GT}$,2.494279992407412e-07,36.57883516463666,1
39.36702280122011,$\hat{T}_{GT}$,2.317621712221839e-07,39.367018446360134,1
42.36773267585289,$\hat{T}_{GT}$,2.1534751597717058e-07,42.367731191472956,1
45.597168502081885,$\hat{T}_{GT}$,2.0009544552751663e-07,45.597168119538786,1
49.07276467480673,$\hat{T}_{GT}$,1.8592364636430027e-07,49.0727556611867,1
52.81328450732654,$\hat{T}_{GT}$,1.7275552139603046e-07,52.81327969111055,1
56.8389215267461,$\hat{T}_{GT}$,1.6052005930895152e-07,56.838912899426,1
61.17140849051769,$\hat{T}_{GT}$,1.491511509696018e-07,61.17140639116953,1
65.83413471265413,$\hat{T}_{GT}$,1.3858748036735106e-07,65.83412618144116,1
70.8522723330089,$\hat{T}_{GT}$,1.2877195594041773e-07,70.85227216626056,1
76.25291221129912,$\hat{T}_{GT}$,1.196516461972613e-07,76.25290549392395,1
82.06521017950769,$\hat{T}_{GT}$,1.1117727394213712e-07,82.06520403100295,1
88.32054444222037,$\hat{T}_{GT}$,1.0330310650002774e-07,88.32053535262989,1
95.0526849746383,$\hat{T}_{GT}$,9.598661716188883e-08,95.05268483713957,1
102.29797583277549,$\hat{T}_{GT}$,8.918833177595641e-08,102.29797427528295,1
110.0955313600591,$\hat{T}_{GT}$,8.287153859049933e-08,110.0955264600116,1
118.4874473495718,$\hat{T}_{GT}$,7.700213442216405e-08,118.48743853840536,1
127.51902830191335,$\hat{T}_{GT}$,7.154843038126656e-08,127.51901923009984,1
137.239032005553,$\hat{T}_{GT}$,6.648098527479416e-08,137.23902604571379,1
147.6999327600634,$\hat{T}_{GT}$,6.177244415276869e-08,147.69992987663343,1
158.95820466326612,$\hat{T}_{GT}$,5.739738996848596e-08,158.95819783236843,1
171.07462649164432,$\hat{T}_{GT}$,5.333219842415087e-08,171.07462169683578,1
184.11460981994108,$\hat{T}_{GT}$,4.9554927375271736e-08,184.1146007657157,1
198.14855215133173,$\hat{T}_{GT}$,4.604518165031364e-08,198.14854329302102,1
213.25221696456873,$\hat{T}_{GT}$,4.278401397565487e-08,213.25221319495276,1
229.50714272982336,$\hat{T}_{GT}$,3.975382049122603e-08,229.50714062025506,1
247.00108310132606,$\hat{T}_{GT}$,3.693824228783062e-08,247.00107813949884,1
265.8284806632307,$\hat{T}_{GT}$,3.432207803707917e-08,265.82847518193654,1
286.0909767862566,$\hat{T}_{GT}$,3.189120455886045e-08,286.09097071992835,1
307.8979603476156,$\hat{T}_{GT}$,2.9632498055441397e-08,307.8979589436536,1
331.36715827654194,$\hat{T}_{GT}$,2.75337658961379e-08,331.3671549358224,1
356.62527111352796,$\hat{T}_{GT}$,2.5583676877342362e-08,356.62526983181516,1
383.8086570143992,$\hat{T}_{GT}$,2.377170416019086e-08,383.8086494846795,1
413.0640678918749,$\hat{T}_{GT}$,2.208806471643928e-08,413.0640591106977,1
444.5494416687491,$\hat{T}_{GT}$,2.0523669219120154e-08,444.5494405635975,1
478.43475491973123,$\hat{T}_{GT}$,1.90700730597383e-08,478.43475172283354,1
514.9029405050194,$\hat{T}_{GT}$,1.771942840880472e-08,514.9029336148684,1
554.1508751495202,$\hat{T}_{GT}$,1.6464443511276373e-08,554.1508684106681,1
596.390442299262,$\hat{T}_{GT}$,1.5298343319454422e-08,596.390437784839,1
641.8496759929147,$\hat{T}_{GT}$,1.421483263200192e-08,641.8496725126238,1
690.7739919237116,$\hat{T}_{GT}$,1.3208062084865655e-08,690.7739841809648,1
743.4275123377766,$\hat{T}_{GT}$,1.2272596307389314e-08,743.4275063849994,1
800.0944919214219,$\hat{T}_{GT}$,1.1403385195244999e-08,800.0944906672662,1
861.0808523752157,$\hat{T}_{GT}$,1.0595736377400803e-08,861.0808484374834,1
926.7158339593304,$\hat{T}_{GT}$,9.845289544845964e-09,926.7158297491126,1
997.35377292621,$\hat{T}_{GT}$,9.147993401369399e-09,997.3537659424213,1
1073.3760144361563,$\hat{T}_{GT}$,8.500083436819015e-09,1073.3760130108303,1
1155.1929712829099,$\hat{T}_{GT}$,7.898061988555566e-09,1155.1929679575471,1
1243.246339543401,$\hat{T}_{GT}$,7.338678939599348e-09,1243.2463314944118,1
1338.011483113092,$\hat{T}_{GT}$,6.818914340054799e-09,1338.0114802261717,1
1.0,$\hat{T}_{Reset}$,0.0006021732981761448,0.015151428496258805,1
1.0762239473831834,$\hat{T}_{Reset}$,0.00038996931111073434,0.023396163261373743,1
1.1582579849210413,$\hat{T}_{Reset}$,0.0001181576853697154,0.07721703113194765,1
1.2465449806198148,$\hat{T}_{Reset}$,0.00032204940530649586,0.02833039129815825,1
1.3415615596333508,$\hat{T}_{Reset}$,0.00015642002176278563,0.05832875847254778,1
1.4438206773661448,$\hat{T}_{Reset}$,0.00023381169943190077,0.03902193813158419,1
1.5538743887084543,$\hat{T}_{Reset}$,0.0001702777288473959,0.0535817909448921,1
1.6723168283534438,$\hat{T}_{Reset}$,5.455805249575811e-05,0.16723077991798857,1
1.7997874182858689,$\hat{T}_{Reset}$,6.590186705058728e-05,0.13844502558127272,1
1.9369743197582066,$\hat{T}_{Reset}$,4.7103377783220835e-06,1.9369705738857363,1
2.0846181483900335,$\hat{T}_{Reset}$,1.3130194633251781e-05,0.6948705578641239,1
2.2435159724469447,$\hat{T}_{Reset}$,4.066743392558673e-06,2.243511524815383,1
2.4145256158840724,$\hat{T}_{Reset}$,0.00019649334945586456,0.04643305076196247,1
2.5985702893845684,$\hat{T}_{Reset}$,0.0002422650731008525,0.03766034266885037,1
2.796643574394121,$\hat{T}_{Reset}$,0.0001239715256979923,0.07359581660629629,1
3.009814787058257,$\hat{T}_{Reset}$,3.0313502240167816e-05,0.300980915942548,1
3.239234751020113,$\hat{T}_{Reset}$,8.449966340967408e-06,1.0797422500297957,1
3.486142010243649,$\hat{T}_{Reset}$,0.00021984176627156215,0.041501602831929246,1
3.751869515402767,$\hat{T}_{Reset}$,0.00018238501232922683,0.05002486527348345,1
4.037851819933397,$\hat{T}_{Reset}$,2.2595653048266574e-06,4.037849957327134,1
4.345632824597091,$\hat{T}_{Reset}$,2.72938943558326e-05,0.33427936485445037,1
4.676874112365815,$\hat{T}_{Reset}$,0.00023800141240182441,0.03833500640856807,1
5.03336391862456,$\hat{T}_{Reset}$,1.8126647259069667e-06,5.033355335530736,1
5.417026785118212,$\hat{T}_{Reset}$,2.3579940208008758e-05,0.38692997476615154,1
5.829933949760359,$\hat{T}_{Reset}$,0.0001564991760318382,0.058299256909928064,1
6.274314528394325,$\hat{T}_{Reset}$,1.599564918342211e-05,0.5703917087108963,1
6.752567548872198,$\hat{T}_{Reset}$,2.161855412407699e-05,0.422034962065796,1
7.267274902418825,$\hat{T}_{Reset}$,2.0087405322409133e-05,0.4542042898638515,1
7.821215282199927,$\hat{T}_{Reset}$,1.1665439851242311e-06,7.821210160970101,1
8.417379184342884,$\hat{T}_{Reset}$,1.083922716310327e-06,8.417376564197822,1
9.058985052394538,$\hat{T}_{Reset}$,1.0071538135375573e-06,9.058979420060508,1
9.749496652373306,$\hat{T}_{Reset}$,9.358213704168149e-07,9.749494890898308,1
10.492641772216333,$\hat{T}_{Reset}$,8.695417775694743e-07,10.492636357478778,1
11.292432346572342,$\hat{T}_{Reset}$,8.07956105360708e-07,11.292427409282242,1
12.153186115585632,$\hat{T}_{Reset}$,8.258053666838585e-06,1.1048348724482233,1
13.079549934598068,$\hat{T}_{Reset}$,6.975611865794808e-07,13.079548927329283,1
14.076524860608592,$\hat{T}_{Reset}$,6.481561900860621e-07,14.076523235025702,1
15.149493150921694,$\hat{T}_{Reset}$,6.022503687277883e-07,15.149489553564822,1
16.304247319739442,$\hat{T}_{Reset}$,2.462221685010218e-05,0.3705509428828837,1
17.54702140956167,$\hat{T}_{Reset}$,5.719583385546197e-06,1.5951836094790854,1
18.88452464621569,$\hat{T}_{Reset}$,1.4494069992830266e-05,0.6294840354838512,1
20.32397765920527,$\hat{T}_{Reset}$,9.876184075910146e-06,0.9238168911742749,1
21.87315146291753,$\hat{T}_{Reset}$,9.593822579353427e-06,0.9510062953746101,1
23.540409409131357,$\hat{T}_{Reset}$,1.7053510038703716e-05,0.5350092531663772,1
25.33475233731158,$\hat{T}_{Reset}$,4.32155230158673e-06,2.111228797652695,1
27.265867166436806,$\hat{T}_{Reset}$,3.3462308223328783e-07,27.26585867531815,1
29.344179190688156,$\hat{T}_{Reset}$,2.4562935214791988e-05,0.37144525236453735,1
31.580908361321878,$\hat{T}_{Reset}$,1.7334116835414293e-06,5.263484581476877,1
33.98812985856841,$\hat{T}_{Reset}$,5.368807550261434e-07,16.994063549973788,1
36.57883928056072,$\hat{T}_{Reset}$,1.7459959946851882e-06,5.22554788066238,1
39.36702280122011,$\hat{T}_{Reset}$,2.317621712221839e-07,39.367018446360134,1
42.36773267585289,$\hat{T}_{Reset}$,4.3069503195434116e-07,21.183865595736478,1
45.597168502081885,$\hat{T}_{Reset}$,7.003340593463082e-06,1.3027762319868224,1
49.07276467480673,$\hat{T}_{Reset}$,1.8592364636430027e-07,49.0727556611867,1
52.81328450732654,$\hat{T}_{Reset}$,3.4551104279206093e-07,26.406639845555276,1
56.8389215267461,$\hat{T}_{Reset}$,1.6212525990204103e-05,0.5627615138557029,1
61.17140849051769,$\hat{T}_{Reset}$,4.474534529088054e-07,20.39046879705651,1
65.83413471265413,$\hat{T}_{Reset}$,1.3858748036735106e-07,65.83412618144116,1
70.8522723330089,$\hat{T}_{Reset}$,1.2877195594041773e-07,70.85227216626056,1
76.25291221129912,$\hat{T}_{Reset}$,5.982582309863065e-07,15.250581098784789,1
82.06521017950769,$\hat{T}_{Reset}$,3.335318218264114e-07,27.355068010334314,1
88.32054444222037,$\hat{T}_{Reset}$,1.0330310650002774e-07,88.32053535262989,1
95.0526849746383,$\hat{T}_{Reset}$,9.598661716188883e-08,95.05268483713957,1
102.29797583277549,$\hat{T}_{Reset}$,8.918833177595641e-08,102.29797427528295,1
110.0955313600591,$\hat{T}_{Reset}$,1.6574307718099865e-07,55.0477632300058,1
118.4874473495718,$\hat{T}_{Reset}$,7.700213442216405e-08,118.48743853840536,1
127.51902830191335,$\hat{T}_{Reset}$,7.154843038126656e-08,127.51901923009984,1
137.239032005553,$\hat{T}_{Reset}$,6.648098527479416e-08,137.23902604571379,1
147.6999327600634,$\hat{T}_{Reset}$,1.2354488830553739e-07,73.84996493831672,1
158.95820466326612,$\hat{T}_{Reset}$,5.739738996848596e-08,158.95819783236843,1
171.07462649164432,$\hat{T}_{Reset}$,5.333219842415087e-08,171.07462169683578,1
184.11460981994108,$\hat{T}_{Reset}$,9.910985475054347e-08,92.05730038285785,1
198.14855215133173,$\hat{T}_{Reset}$,4.604518165031364e-08,198.14854329302102,1
213.25221696456873,$\hat{T}_{Reset}$,4.278401397565487e-08,213.25221319495276,1
229.50714272982336,$\hat{T}_{Reset}$,3.975382049122603e-08,229.50714062025506,1
247.00108310132606,$\hat{T}_{Reset}$,9.234560571957654e-07,9.880043125579954,1
265.8284806632307,$\hat{T}_{Reset}$,3.432207803707917e-08,265.82847518193654,1
286.0909767862566,$\hat{T}_{Reset}$,9.567361367658134e-08,95.36365690664277,1
307.8979603476156,$\hat{T}_{Reset}$,2.9632498055441397e-08,307.8979589436536,1
331.36715827654194,$\hat{T}_{Reset}$,2.75337658961379e-08,331.3671549358224,1
356.62527111352796,$\hat{T}_{Reset}$,1.1256817826030638e-06,8.10511976890489,1
383.8086570143992,$\hat{T}_{Reset}$,2.377170416019086e-08,383.8086494846795,1
413.0640678918749,$\hat{T}_{Reset}$,2.208806471643928e-08,413.0640591106977,1
444.5494416687491,$\hat{T}_{Reset}$,3.2837870750592246e-07,27.784340035224844,1
478.43475491973123,$\hat{T}_{Reset}$,1.90700730597383e-08,478.43475172283354,1
514.9029405050194,$\hat{T}_{Reset}$,1.771942840880472e-08,514.9029336148684,1
554.1508751495202,$\hat{T}_{Reset}$,4.116110877819093e-06,2.216603473642672,1
596.390442299262,$\hat{T}_{Reset}$,1.0708840323618095e-07,85.19863396926272,1
641.8496759929147,$\hat{T}_{Reset}$,8.528899579201153e-08,106.97494541877062,1
690.7739919237116,$\hat{T}_{Reset}$,1.0962691530438494e-06,8.322578122662227,1
743.4275123377766,$\hat{T}_{Reset}$,1.5954375199606107e-07,57.186731260384576,1
800.0944919214219,$\hat{T}_{Reset}$,2.7368124468587997e-07,33.337270444469425,1
861.0808523752157,$\hat{T}_{Reset}$,4.7680813698303616e-07,19.135129965277407,1
926.7158339593304,$\hat{T}_{Reset}$,9.845289544845964e-09,926.7158297491126,1
997.35377292621,$\hat{T}_{Reset}$,1.82959868027388e-07,49.86768829712106,1
1073.3760144361563,$\hat{T}_{Reset}$,7.650075093137114e-08,119.2640014456478,1
1155.1929712829099,$\hat{T}_{Reset}$,7.898061988555566e-09,1155.1929679575471,1
1243.246339543401,$\hat{T}_{Reset}$,7.338678939599348e-09,1243.2463314944118,1
1338.011483113092,$\hat{T}_{Reset}$,6.818914340054799e-09,1338.0114802261717,1
1.0,$\hat{T}_{MLG}$,2.8415795646834483,3.210814781703492e-06,1
1.0762239473831834,$\hat{T}_{MLG}$,1.7910023396293597,5.094234366863148e-06,1
1.1582579849210413,$\hat{T}_{MLG}$,1.644938829238513,5.546580521718148e-06,1
1.2465449806198148,$\hat{T}_{MLG}$,2.75397494810613,3.3129515851066435e-06,1
1.3415615596333508,$\hat{T}_{MLG}$,2.8121023960622957,3.2444713544030116e-06,1
1.4438206773661448,$\hat{T}_{MLG}$,2.304030067186108,3.959924742134546e-06,1
1.5538743887084543,$\hat{T}_{MLG}$,1.9922616453173623,4.579612166462601e-06,1
1.6723168283534438,$\hat{T}_{MLG}$,2.2135857401945542,4.121722282539773e-06,1
1.7997874182858689,$\hat{T}_{MLG}$,1.0034759705165186,9.092181514795924e-06,1
1.9369743197582066,$\hat{T}_{MLG}$,0.9476460491570851,9.627841194280967e-06,1
2.0846181483900335,$\hat{T}_{MLG}$,0.6746724341192484,1.3523282126655794e-05,1
2.2435159724469447,$\hat{T}_{MLG}$,0.8717789756402071,1.0465709686302045e-05,1
2.4145256158840724,$\hat{T}_{MLG}$,0.6799541718750001,1.341823617981929e-05,1
2.5985702893845684,$\hat{T}_{MLG}$,0.6256047957248992,1.4583944579741113e-05,1
2.796643574394121,$\hat{T}_{MLG}$,0.5191621993951494,1.757405620112918e-05,1
3.009814787058257,$\hat{T}_{MLG}$,0.7744456016927059,1.178105427899691e-05,1
3.239234751020113,$\hat{T}_{MLG}$,0.5575502131729342,1.63640609475335e-05,1
3.486142010243649,$\hat{T}_{MLG}$,0.445364094571217,2.0486127599613286e-05,1
3.751869515402767,$\hat{T}_{MLG}$,0.4183808460646178,2.180736942308073e-05,1
4.037851819933397,$\hat{T}_{MLG}$,1.1424645291540414,7.98605596659361e-06,1
4.345632824597091,$\hat{T}_{MLG}$,1.1398332579105053,8.004491539751642e-06,1
4.676874112365815,$\hat{T}_{MLG}$,0.7971739194989486,1.1445163278054564e-05,1
5.03336391862456,$\hat{T}_{MLG}$,0.33254947560334547,2.7435874475877247e-05,1
5.417026785118212,$\hat{T}_{MLG}$,0.5866627087119458,1.555201231335127e-05,1
5.829933949760359,$\hat{T}_{MLG}$,0.5193189542944157,1.7568751523942404e-05,1
6.274314528394325,$\hat{T}_{MLG}$,0.4066509370004086,2.2436406361122e-05,1
6.752567548872198,$\hat{T}_{MLG}$,0.31829376595753306,2.8664669702923087e-05,1
7.267274902418825,$\hat{T}_{MLG}$,0.7024259176428936,1.2988965014685908e-05,1
7.821215282199927,$\hat{T}_{MLG}$,0.6864515421314858,1.3291230494350876e-05,1
8.417379184342884,$\hat{T}_{MLG}$,0.34302560814242744,2.6597972434419267e-05,1
9.058985052394538,$\hat{T}_{MLG}$,0.32184345119685126,2.8348520486414212e-05,1
9.749496652373306,$\hat{T}_{MLG}$,0.3344100883480881,2.7283224961129833e-05,1
10.492641772216333,$\hat{T}_{MLG}$,0.3159080156847946,2.8881146462505982e-05,1
11.292432346572342,$\hat{T}_{MLG}$,0.31916273272812035,2.8586625987578292e-05,1
12.153186115585632,$\hat{T}_{MLG}$,0.3141530604001553,2.9042485398839298e-05,1
13.079549934598068,$\hat{T}_{MLG}$,0.304598873921396,2.995344517270491e-05,1
14.076524860608592,$\hat{T}_{MLG}$,0.2937091757216247,3.106401305732322e-05,1
15.149493150921694,$\hat{T}_{MLG}$,0.29397713137489545,3.1035698685137e-05,1
16.304247319739442,$\hat{T}_{MLG}$,1.5542142689048262,5.8703525326023725e-06,1
17.54702140956167,$\hat{T}_{MLG}$,0.4084139197734837,2.2339556092340007e-05,1
18.88452464621569,$\hat{T}_{MLG}$,0.4459245706213898,2.0460378886407448e-05,1
20.32397765920527,$\hat{T}_{MLG}$,0.5287861582425061,1.7254206691030554e-05,1
21.87315146291753,$\hat{T}_{MLG}$,0.3398377555702568,2.6847475067513423e-05,1
23.540409409131357,$\hat{T}_{MLG}$,0.3169831540916409,2.8783187850526823e-05,1
25.33475233731158,$\hat{T}_{MLG}$,0.3351661517617528,2.7221679819738117e-05,1
27.265867166436806,$\hat{T}_{MLG}$,0.28904345647842,3.1565446181804055e-05,1
29.344179190688156,$\hat{T}_{MLG}$,1.3187243620669928,6.918644966391157e-06,1
31.580908361321878,$\hat{T}_{MLG}$,0.28379406404436147,3.2149318205069993e-05,1
33.98812985856841,$\hat{T}_{MLG}$,0.7769975811994559,1.1742360453153208e-05,1
36.57883928056072,$\hat{T}_{MLG}$,0.2677704019771659,3.4073167169724085e-05,1
39.36702280122011,$\hat{T}_{MLG}$,0.26584229266440285,3.432029410455763e-05,1
42.36773267585289,$\hat{T}_{MLG}$,0.2591011625871592,3.521321779713371e-05,1
45.597168502081885,$\hat{T}_{MLG}$,0.2658438442765199,3.4320093792286576e-05,1
49.07276467480673,$\hat{T}_{MLG}$,0.2530109180286813,3.6060837772375965e-05,1
52.81328450732654,$\hat{T}_{MLG}$,0.2901735136634933,3.144251711495904e-05,1
56.8389215267461,$\hat{T}_{MLG}$,0.5388344053877916,1.6932448222392053e-05,1
61.17140849051769,$\hat{T}_{MLG}$,0.26063736544850946,3.5005670249819385e-05,1
65.83413471265413,$\hat{T}_{MLG}$,0.390180902554292,2.3383475741493153e-05,1
70.8522723330089,$\hat{T}_{MLG}$,0.2783441497113061,3.277879444973148e-05,1
76.25291221129912,$\hat{T}_{MLG}$,0.3373552215515349,2.704504061834545e-05,1
82.06521017950769,$\hat{T}_{MLG}$,0.28717394241272914,3.177093852254672e-05,1
88.32054444222037,$\hat{T}_{MLG}$,0.27296715334189164,3.3424481876193506e-05,1
95.0526849746383,$\hat{T}_{MLG}$,0.26123529224853353,3.492554773568657e-05,1
102.29797583277549,$\hat{T}_{MLG}$,0.2723245836189218,3.3503349379722494e-05,1
110.0955313600591,$\hat{T}_{MLG}$,0.27524256461174806,3.3148163993247294e-05,1
118.4874473495718,$\hat{T}_{MLG}$,0.29150320549143804,3.129909207787484e-05,1
127.51902830191335,$\hat{T}_{MLG}$,0.2604437508875404,3.503169355601794e-05,1
137.239032005553,$\hat{T}_{MLG}$,0.24748151050668818,3.686653459885691e-05,1
147.6999327600634,$\hat{T}_{MLG}$,0.2497562254969099,3.653076375381511e-05,1
158.95820466326612,$\hat{T}_{MLG}$,0.25678707022507524,3.553054934454116e-05,1
171.07462649164432,$\hat{T}_{MLG}$,0.24474141434014285,3.7279287995745206e-05,1
184.11460981994108,$\hat{T}_{MLG}$,0.2502854195539184,3.645352448390096e-05,1
198.14855215133173,$\hat{T}_{MLG}$,0.24327475845839627,3.750403752320443e-05,1
213.25221696456873,$\hat{T}_{MLG}$,0.2550069445525169,3.57785772684838e-05,1
229.50714272982336,$\hat{T}_{MLG}$,0.2504849878740909,3.642448095236096e-05,1
247.00108310132606,$\hat{T}_{MLG}$,0.24337987191904586,3.748783988475014e-05,1
265.8284806632307,$\hat{T}_{MLG}$,0.24830175890576411,3.674474844592165e-05,1
286.0909767862566,$\hat{T}_{MLG}$,0.2532557930399551,3.602597026569406e-05,1
307.8979603476156,$\hat{T}_{MLG}$,0.39560207759933386,2.3063037800607224e-05,1
331.36715827654194,$\hat{T}_{MLG}$,0.24619579786468487,3.705906335041039e-05,1
356.62527111352796,$\hat{T}_{MLG}$,0.33175311598244783,2.7501733156757767e-05,1
383.8086570143992,$\hat{T}_{MLG}$,0.241105741917787,3.784142840025456e-05,1
413.0640678918749,$\hat{T}_{MLG}$,0.2436225467036998,3.745049788338671e-05,1
444.5494416687491,$\hat{T}_{MLG}$,0.28476082385413126,3.2040171629598356e-05,1
478.43475491973123,$\hat{T}_{MLG}$,0.23813457873714697,3.831356923491161e-05,1
514.9029405050194,$\hat{T}_{MLG}$,0.23871181681596437,3.822092174308322e-05,1
554.1508751495202,$\hat{T}_{MLG}$,0.24136768673220227,3.7800360906615646e-05,1
596.390442299262,$\hat{T}_{MLG}$,0.25248541257279045,3.6135892274734254e-05,1
641.8496759929147,$\hat{T}_{MLG}$,0.24158543587633563,3.7766290159736845e-05,1
690.7739919237116,$\hat{T}_{MLG}$,0.2604978860197339,3.502441347635743e-05,1
743.4275123377766,$\hat{T}_{MLG}$,0.23925303145170662,3.8134462139568886e-05,1
800.0944919214219,$\hat{T}_{MLG}$,0.24429261505328037,3.734777519853511e-05,1
861.0808523752157,$\hat{T}_{MLG}$,0.3851074883704483,2.3691530144684446e-05,1
926.7158339593304,$\hat{T}_{MLG}$,0.24971359220240663,3.65370006061859e-05,1
997.35377292621,$\hat{T}_{MLG}$,0.24927745399015805,3.660092609110335e-05,1
1073.3760144361563,$\hat{T}_{MLG}$,0.24723266291537868,3.690364194635166e-05,1
1155.1929712829099,$\hat{T}_{MLG}$,0.24027651231485966,3.79720247383828e-05,1
1243.246339543401,$\hat{T}_{MLG}$,0.2344122962478428,3.892195851375332e-05,1
1338.011483113092,$\hat{T}_{MLG}$,0.2390726990019585,3.816322695046601e-05,1
1.0,$\hat{T}_{MLD}$,0.32971803026377017,2.767147936184527e-05,1
1.0762239473831834,$\hat{T}_{MLD}$,0.32105248853829327,2.8418361468591944e-05,1
1.1582579849210413,$\hat{T}_{MLD}$,0.30680491837667095,2.973806847017597e-05,1
1.2465449806198148,$\hat{T}_{MLD}$,0.3181663663165599,2.8676147561727097e-05,1
1.3415615596333508,$\hat{T}_{MLD}$,0.3186364705794342,2.8633839852295516e-05,1
1.4438206773661448,$\hat{T}_{MLD}$,0.31934615434731783,2.8570206797446662e-05,1
1.5538743887084543,$\hat{T}_{MLD}$,0.306482238230286,2.9769378226795382e-05,1
1.6723168283534438,$\hat{T}_{MLD}$,0.30827524127753136,2.9596232353471122e-05,1
1.7997874182858689,$\hat{T}_{MLD}$,0.3081888938422309,2.9604524536639756e-05,1
1.9369743197582066,$\hat{T}_{MLD}$,0.29689243361014417,3.0730947093292476e-05,1
2.0846181483900335,$\hat{T}_{MLD}$,0.30052722806272736,3.0359264711175636e-05,1
2.2435159724469447,$\hat{T}_{MLD}$,0.29147461256135704,3.1302162440482126e-05,1
2.4145256158840724,$\hat{T}_{MLD}$,0.2962024794248791,3.0802529699911254e-05,1
2.5985702893845684,$\hat{T}_{MLD}$,0.2872797705468871,3.1759234742855286e-05,1
2.796643574394121,$\hat{T}_{MLD}$,0.2969956339088222,3.0720268677327406e-05,1
3.009814787058257,$\hat{T}_{MLD}$,0.3075415182547911,2.9666842127355768e-05,1
3.239234751020113,$\hat{T}_{MLD}$,0.29947091924648833,3.0466349429283285e-05,1
3.486142010243649,$\hat{T}_{MLD}$,0.30227100745891705,3.018412432728019e-05,1
3.751869515402767,$\hat{T}_{MLD}$,0.2925694594618912,3.118502418691659e-05,1
4.037851819933397,$\hat{T}_{MLD}$,0.29847217208623406,3.0568295884670155e-05,1
4.345632824597091,$\hat{T}_{MLD}$,0.2909143727968053,3.136244380763157e-05,1
4.676874112365815,$\hat{T}_{MLD}$,0.29908985887296574,3.050516558485987e-05,1
5.03336391862456,$\hat{T}_{MLD}$,0.2915488267473182,3.12941944286391e-05,1
5.417026785118212,$\hat{T}_{MLD}$,0.2983699983797212,3.0578763680056006e-05,1
5.829933949760359,$\hat{T}_{MLD}$,0.28676243582829536,3.1816530095089706e-05,1
6.274314528394325,$\hat{T}_{MLD}$,0.29281548581549455,3.115882223326523e-05,1
6.752567548872198,$\hat{T}_{MLD}$,0.28299649592287585,3.223992452598659e-05,1
7.267274902418825,$\hat{T}_{MLD}$,0.29219114811448316,3.1225400661684e-05,1
7.821215282199927,$\hat{T}_{MLD}$,0.28626580401944396,3.1871727400079115e-05,1
8.417379184342884,$\hat{T}_{MLD}$,0.28676093826843346,3.181669625146617e-05,1
9.058985052394538,$\hat{T}_{MLD}$,0.2787064970293998,3.273617862130337e-05,1
9.749496652373306,$\hat{T}_{MLD}$,0.2851200218523648,3.199980699495207e-05,1
10.492641772216333,$\hat{T}_{MLD}$,0.27409830181273376,3.328654577329573e-05,1
11.292432346572342,$\hat{T}_{MLD}$,0.28034092633379415,3.2545321830066124e-05,1
12.153186115585632,$\hat{T}_{MLD}$,0.27329241801216636,3.338470103208652e-05,1
13.079549934598068,$\hat{T}_{MLD}$,0.2782779655244335,3.278659038805966e-05,1
14.076524860608592,$\hat{T}_{MLD}$,0.27100709294883846,3.3666224637871766e-05,1
15.149493150921694,$\hat{T}_{MLD}$,0.2755025342599156,3.3116884729142255e-05,1
16.304247319739442,$\hat{T}_{MLD}$,0.27948158635738923,3.264539102051997e-05,1
17.54702140956167,$\hat{T}_{MLD}$,0.2783013027677064,3.2783841034648935e-05,1
18.88452464621569,$\hat{T}_{MLD}$,0.28340103153474805,3.219390423620782e-05,1
20.32397765920527,$\hat{T}_{MLD}$,0.2613642693576575,3.4908312800733176e-05,1
21.87315146291753,$\hat{T}_{MLD}$,0.25697231201822324,3.550493669148751e-05,1
23.540409409131357,$\hat{T}_{MLD}$,0.26133514399441266,3.491220327361427e-05,1
25.33475233731158,$\hat{T}_{MLD}$,0.2525547911786314,3.61259654869068e-05,1
27.265867166436806,$\hat{T}_{MLD}$,0.2502880314622661,3.6453144069127055e-05,1
29.344179190688156,$\hat{T}_{MLD}$,0.246575347096972,3.700201896535922e-05,1
31.580908361321878,$\hat{T}_{MLD}$,0.2508564169120889,3.637054926471969e-05,1
33.98812985856841,$\hat{T}_{MLD}$,0.2558932189490989,3.5654659811392075e-05,1
36.57883928056072,$\hat{T}_{MLD}$,0.2468373261243653,3.6962747137664693e-05,1
39.36702280122011,$\hat{T}_{MLD}$,0.24894910978782636,3.664919982018889e-05,1
42.36773267585289,$\hat{T}_{MLD}$,0.24526696779004134,3.7199406637923326e-05,1
45.597168502081885,$\hat{T}_{MLD}$,0.24768832728991727,3.683575148453754e-05,1
49.07276467480673,$\hat{T}_{MLD}$,0.23572409713302017,3.870535842809315e-05,1
52.81328450732654,$\hat{T}_{MLD}$,0.24938731411013543,3.658480264815277e-05,1
56.8389215267461,$\hat{T}_{MLD}$,0.2412360084679147,3.782099416922531e-05,1
61.17140849051769,$\hat{T}_{MLD}$,0.23962673632791062,3.807499033491404e-05,1
65.83413471265413,$\hat{T}_{MLD}$,0.2425260488060758,3.761981739523404e-05,1
70.8522723330089,$\hat{T}_{MLD}$,0.23418191433252475,3.896024889743169e-05,1
76.25291221129912,$\hat{T}_{MLD}$,0.2388819845182735,3.819369505017762e-05,1
82.06521017950769,$\hat{T}_{MLD}$,0.23903779609154072,3.816879932317562e-05,1
88.32054444222037,$\hat{T}_{MLD}$,0.24093759570531795,3.786783728360584e-05,1
95.0526849746383,$\hat{T}_{MLD}$,0.23512940138541324,3.8803253084955134e-05,1
102.29797583277549,$\hat{T}_{MLD}$,0.2379208692812999,3.834798392101075e-05,1
110.0955313600591,$\hat{T}_{MLD}$,0.24319485229026683,3.751636016860437e-05,1
118.4874473495718,$\hat{T}_{MLD}$,0.24404892224740277,3.738506847583216e-05,1
127.51902830191335,$\hat{T}_{MLD}$,0.23580798174749457,3.869158966570532e-05,1
137.239032005553,$\hat{T}_{MLD}$,0.23606405602598607,3.8649618342014075e-05,1
147.6999327600634,$\hat{T}_{MLD}$,0.23847160594690733,3.8259421424383265e-05,1
158.95820466326612,$\hat{T}_{MLD}$,0.2417812764342101,3.773569982022499e-05,1
171.07462649164432,$\hat{T}_{MLD}$,0.23438554203907871,3.8926401305721306e-05,1
184.11460981994108,$\hat{T}_{MLD}$,0.2402907765317081,3.796977063107638e-05,1
198.14855215133173,$\hat{T}_{MLD}$,0.23295040485285826,3.9166215123923806e-05,1
213.25221696456873,$\hat{T}_{MLD}$,0.2378201564965215,3.836422363890607e-05,1
229.50714272982336,$\hat{T}_{MLD}$,0.2391038611386329,3.815825318011992e-05,1
247.00108310132606,$\hat{T}_{MLD}$,0.23170369778271552,3.937695322509782e-05,1
265.8284806632307,$\hat{T}_{MLD}$,0.23570010464097993,3.870929834150733e-05,1
286.0909767862566,$\hat{T}_{MLD}$,0.23978537264206,3.804980082455545e-05,1
307.8979603476156,$\hat{T}_{MLD}$,0.23238780316948013,3.926103498219407e-05,1
331.36715827654194,$\hat{T}_{MLD}$,0.23346804864539103,3.907937605428007e-05,1
356.62527111352796,$\hat{T}_{MLD}$,0.2362754130004682,3.861504484875924e-05,1
383.8086570143992,$\hat{T}_{MLD}$,0.2303721193794777,3.960455672434538e-05,1
413.0640678918749,$\hat{T}_{MLD}$,0.23259620898262395,3.922585716069766e-05,1
444.5494416687491,$\hat{T}_{MLD}$,0.2370745120934387,3.8484886414429114e-05,1
478.43475491973123,$\hat{T}_{MLD}$,0.22851958608358747,3.992561786951123e-05,1
514.9029405050194,$\hat{T}_{MLD}$,0.22972652393268397,3.971585654752563e-05,1
554.1508751495202,$\hat{T}_{MLD}$,0.23163568484880168,3.9388515097005315e-05,1
596.390442299262,$\hat{T}_{MLD}$,0.24047504798238184,3.794067511877837e-05,1
641.8496759929147,$\hat{T}_{MLD}$,0.23286289556717835,3.918093368825296e-05,1
690.7739919237116,$\hat{T}_{MLD}$,0.2398890113964971,3.8033362247644065e-05,1
743.4275123377766,$\hat{T}_{MLD}$,0.23232398695042564,3.9271819451080035e-05,1
800.0944919214219,$\hat{T}_{MLD}$,0.23756982547787195,3.840464861781031e-05,1
861.0808523752157,$\hat{T}_{MLD}$,0.2430352678993139,3.7540994558255e-05,1
926.7158339593304,$\hat{T}_{MLD}$,0.23655861160253983,3.8568816446225e-05,1
997.35377292621,$\hat{T}_{MLD}$,0.238237835775195,3.8296963368495085e-05,1
1073.3760144361563,$\hat{T}_{MLD}$,0.23172024391260576,3.9374141488964004e-05,1
1155.1929712829099,$\hat{T}_{MLD}$,0.23564115711899833,3.871898178239167e-05,1
1243.246339543401,$\hat{T}_{MLD}$,0.22913803905523109,3.9817856988262894e-05,1
1338.011483113092,$\hat{T}_{MLD}$,0.2326282242363295,3.922045873678354e-05,1
1.0,$\hat{T}_{emp}$,0.06036874483859294,0.00015370314865308302,2
1.0762239473831834,$\hat{T}_{emp}$,0.0679133688548618,0.0001366279764703799,2
1.1582579849210413,$\hat{T}_{emp}$,0.08452498257588502,0.00010977661135387857,2
1.2465449806198148,$\hat{T}_{emp}$,0.11533995325363625,8.044797921429503e-05,2
1.3415615596333508,$\hat{T}_{emp}$,0.1266063548712841,7.328910283658163e-05,2
1.4438206773661448,$\hat{T}_{emp}$,0.14142400853453982,6.561026135573099e-05,2
1.5538743887084543,$\hat{T}_{emp}$,0.1415894854385745,6.55335820536739e-05,2
1.6723168283534438,$\hat{T}_{emp}$,0.13334775950462746,6.95839674876899e-05,2
1.7997874182858689,$\hat{T}_{emp}$,0.12423826856253158,7.468605502382748e-05,2
1.9369743197582066,$\hat{T}_{emp}$,0.12310839229512673,7.537151601884412e-05,2
2.0846181483900335,$\hat{T}_{emp}$,0.10367083142306477,8.950315179841337e-05,2
2.2435159724469447,$\hat{T}_{emp}$,0.07491304329844037,0.00012386182370085968,2
2.4145256158840724,$\hat{T}_{emp}$,0.04555813032968638,0.00020367091658017486,2
2.5985702893845684,$\hat{T}_{emp}$,0.04565937754417037,0.0002032192872745586,2
2.796643574394121,$\hat{T}_{emp}$,0.03799282678442861,0.00024422679087751474,2
3.009814787058257,$\hat{T}_{emp}$,0.0347192892133439,0.00026725392057738555,2
3.239234751020113,$\hat{T}_{emp}$,0.015752023787016827,0.0005890586687390695,2
3.486142010243649,$\hat{T}_{emp}$,0.01389912884242242,0.0006675861679622444,2
3.751869515402767,$\hat{T}_{emp}$,0.018580667499288973,0.0004993828215418721,2
4.037851819933397,$\hat{T}_{emp}$,0.014518597500723861,0.0006391021006997176,2
4.345632824597091,$\hat{T}_{emp}$,0.015691725598715452,0.0005913222292573018,2
4.676874112365815,$\hat{T}_{emp}$,0.015038638189808247,0.0006170017553992767,2
5.03336391862456,$\hat{T}_{emp}$,0.01871863789372002,0.0004957019957653696,2
5.417026785118212,$\hat{T}_{emp}$,0.017930736790898284,0.0005174838195514799,2
5.829933949760359,$\hat{T}_{emp}$,0.020210026388583834,0.00045912192213503,2
6.274314528394325,$\hat{T}_{emp}$,0.023442976423925677,0.0003958058052925552,2
6.752567548872198,$\hat{T}_{emp}$,0.029998515945342818,0.00030931083987062387,2
7.267274902418825,$\hat{T}_{emp}$,0.03050151492517304,0.0003042100100499729,2
7.821215282199927,$\hat{T}_{emp}$,0.03469426009543176,0.00026744672278363564,2
8.417379184342884,$\hat{T}_{emp}$,0.03826354011878883,0.00024249889406782876,2
9.058985052394538,$\hat{T}_{emp}$,0.04242023224347359,0.00021873680720722256,2
9.749496652373306,$\hat{T}_{emp}$,0.051803525201766405,0.00017911650077454374,2
10.492641772216333,$\hat{T}_{emp}$,0.04594847940856554,0.000201940657914276,2
11.292432346572342,$\hat{T}_{emp}$,0.048733571349337104,0.00019039988051383606,2
12.153186115585632,$\hat{T}_{emp}$,0.03928552341250754,0.00023619046803821195,2
13.079549934598068,$\hat{T}_{emp}$,0.04747638701878397,0.00019544170785900614,2
14.076524860608592,$\hat{T}_{emp}$,0.0516383090362097,0.00017968958192298245,2
15.149493150921694,$\hat{T}_{emp}$,0.03315271083802345,0.000279882577544283,2
16.304247319739442,$\hat{T}_{emp}$,0.035066133147273096,0.00026461047538250894,2
17.54702140956167,$\hat{T}_{emp}$,0.04081069318847025,0.00022736360098259085,2
18.88452464621569,$\hat{T}_{emp}$,0.03449753294241698,0.000268971876261833,2
20.32397765920527,$\hat{T}_{emp}$,0.03544317782857633,0.00026179554798399406,2
21.87315146291753,$\hat{T}_{emp}$,0.04540603094716516,0.00020435316561192622,2
23.540409409131357,$\hat{T}_{emp}$,0.05061505909360376,0.0001833222429863539,2
25.33475233731158,$\hat{T}_{emp}$,0.0513637157734242,0.00018065021235724564,2
27.265867166436806,$\hat{T}_{emp}$,0.04313642614525619,0.00021510512091754978,2
29.344179190688156,$\hat{T}_{emp}$,0.04100239243073619,0.00022630060374161657,2
31.580908361321878,$\hat{T}_{emp}$,0.04382009266849418,0.0002117491223061155,2
33.98812985856841,$\hat{T}_{emp}$,0.04320193417292731,0.00021477895236785333,2
36.57883928056072,$\hat{T}_{emp}$,0.01031691714656359,0.0008993836075359916,2
39.36702280122011,$\hat{T}_{emp}$,0.009658576919069998,0.0009606866766889848,2
42.36773267585289,$\hat{T}_{emp}$,0.012915770011953449,0.0007184137030419996,2
45.597168502081885,$\hat{T}_{emp}$,0.014098038130371292,0.0006581671914999931,2
49.07276467480673,$\hat{T}_{emp}$,0.01972730705458605,0.00047035645241651013,2
52.81328450732654,$\hat{T}_{emp}$,0.022242594674216264,0.00041716653555182577,2
56.8389215267461,$\hat{T}_{emp}$,0.025447823179714356,0.00036462317803759753,2
61.17140849051769,$\hat{T}_{emp}$,0.028011914050886516,0.0003312471309554312,2
65.83413471265413,$\hat{T}_{emp}$,0.031708954763186005,0.00029262604936757555,2
70.8522723330089,$\hat{T}_{emp}$,0.028827864674596602,0.0003218714346922447,2
76.25291221129912,$\hat{T}_{emp}$,0.03788602262959253,0.0002449152884863302,2
82.06521017950769,$\hat{T}_{emp}$,0.0224722912370592,0.00041290254135833065,2
88.32054444222037,$\hat{T}_{emp}$,0.027592269886430192,0.00033628498851736774,2
95.0526849746383,$\hat{T}_{emp}$,0.0263437211080792,0.00035222306385109003,2
102.29797583277549,$\hat{T}_{emp}$,0.029306016824741595,0.00031661983330646997,2
110.0955313600591,$\hat{T}_{emp}$,0.031136537866391038,0.00029800571282981184,2
118.4874473495718,$\hat{T}_{emp}$,0.034918937188655186,0.0002657259043079037,2
127.51902830191335,$\hat{T}_{emp}$,0.042684930960616686,0.0002173803717871173,2
137.239032005553,$\hat{T}_{emp}$,0.0437050957388512,0.00021230627699272915,2
147.6999327600634,$\hat{T}_{emp}$,0.02409044920226525,0.00038516783493824545,2
158.95820466326612,$\hat{T}_{emp}$,0.02413875167829661,0.0003843971007941148,2
171.07462649164432,$\hat{T}_{emp}$,0.026360336579375254,0.0003520010502895559,2
184.11460981994108,$\hat{T}_{emp}$,0.028302026573451947,0.0003278516518188175,2
198.14855215133173,$\hat{T}_{emp}$,0.02924454115119568,0.0003172854076921264,2
213.25221696456873,$\hat{T}_{emp}$,0.018392371402121573,0.000504495367076807,2
229.50714272982336,$\hat{T}_{emp}$,0.014709355130780437,0.0006308139329989769,2
247.00108310132606,$\hat{T}_{emp}$,0.012480508831263165,0.000743468578675503,2
265.8284806632307,$\hat{T}_{emp}$,0.012179179519149312,0.0007618629930971242,2
286.0909767862566,$\hat{T}_{emp}$,0.0122057102276634,0.0007602069841783053,2
307.8979603476156,$\hat{T}_{emp}$,0.012752061593034903,0.0007276365546253593,2
331.36715827654194,$\hat{T}_{emp}$,0.015571811079577075,0.0005958758499257557,2
356.62527111352796,$\hat{T}_{emp}$,0.012163742014489564,0.000762829904717908,2
383.8086570143992,$\hat{T}_{emp}$,0.01286757279835276,0.0007211046175790138,2
413.0640678918749,$\hat{T}_{emp}$,0.004840256072261318,0.001917019683132446,2
444.5494416687491,$\hat{T}_{emp}$,0.004611052315547054,0.0020123098865395214,2
478.43475491973123,$\hat{T}_{emp}$,0.0045111524393199156,0.002056872669841575,2
514.9029405050194,$\hat{T}_{emp}$,0.005841777942446128,0.0015883633806938146,2
554.1508751495202,$\hat{T}_{emp}$,0.006816921048802423,0.0013611520649129967,2
596.390442299262,$\hat{T}_{emp}$,0.005612263758520078,0.0016533196872367015,2
641.8496759929147,$\hat{T}_{emp}$,0.006424459777370418,0.0014443029427330621,2
690.7739919237116,$\hat{T}_{emp}$,0.008201789572214192,0.0011313221438112712,2
743.4275123377766,$\hat{T}_{emp}$,0.009013160075662023,0.0010294797922186852,2
800.0944919214219,$\hat{T}_{emp}$,0.007760634545680459,0.0011956324070292515,2
861.0808523752157,$\hat{T}_{emp}$,0.011011374401546427,0.000842661944236786,2
926.7158339593304,$\hat{T}_{emp}$,0.011002632902143266,0.0008433314320719366,2
997.35377292621,$\hat{T}_{emp}$,0.012097014996260138,0.0007670376671265518,2
1073.3760144361563,$\hat{T}_{emp}$,0.013555141054539133,0.0006845274515840709,2
1155.1929712829099,$\hat{T}_{emp}$,0.015188814027417738,0.000610901295201637,2
1243.246339543401,$\hat{T}_{emp}$,0.010814088582299337,0.0008580349690415961,2
1338.011483113092,$\hat{T}_{emp}$,0.013169912959018207,0.0007045503027089111,2
1.0,$\hat{T}_{GT}$,9.278934036057938e-06,0.9999926851369579,2
1.0762239473831834,$\hat{T}_{GT}$,8.621730208818305e-06,1.0762185706571825,2
1.1582579849210413,$\hat{T}_{GT}$,8.01108734488532e-06,1.158253026394773,2
1.2465449806198148,$\hat{T}_{GT}$,7.443688496523798e-06,1.2465414379255015,2
1.3415615596333508,$\hat{T}_{GT}$,6.9164902961641145e-06,1.3415570274236266,2
1.4438206773661448,$\hat{T}_{GT}$,6.4266113121212316e-06,1.4438194113942162,2
1.5538743887084543,$\hat{T}_{GT}$,4.7771746594770186e-05,0.19423334550933277,2
1.6723168283534438,$\hat{T}_{GT}$,1.664558226246754e-05,0.5574371635438837,2
1.7997874182858689,$\hat{T}_{GT}$,5.155542723982553e-06,1.7997845539641948,2
1.9369743197582066,$\hat{T}_{GT}$,2.8742377282024995e-05,0.3228287650280458,2
2.0846181483900335,$\hat{T}_{GT}$,4.451111219916052e-06,2.0846179085368455,2
2.2435159724469447,$\hat{T}_{GT}$,4.135871655630783e-06,2.2435092126936715,2
2.4145256158840724,$\hat{T}_{GT}$,3.842946463912812e-06,2.4145187160579726,2
2.5985702893845684,$\hat{T}_{GT}$,7.14153085855484e-06,1.2992825131898904,2
2.796643574394121,$\hat{T}_{GT}$,3.3178610413438666e-06,2.7966409823384217,2
3.009814787058257,$\hat{T}_{GT}$,3.0828706458305716e-06,3.009813653542516,2
3.239234751020113,$\hat{T}_{GT}$,2.864525147666271e-06,3.2392336193961437,2
3.486142010243649,$\hat{T}_{GT}$,2.6616485718924587e-06,3.48613496909884,2
3.751869515402767,$\hat{T}_{GT}$,2.4731355649259916e-06,3.7518631382440852,2
4.037851819933397,$\hat{T}_{GT}$,2.297973646838218e-06,4.037847072220815,2
4.345632824597091,$\hat{T}_{GT}$,2.135219158894469e-06,4.34562706281191,2
4.676874112365815,$\hat{T}_{GT}$,1.9839892070987135e-06,4.676873305926517,2
5.03336391862456,$\hat{T}_{GT}$,1.8434742853771933e-06,5.033358065001563,2
5.417026785118212,$\hat{T}_{GT}$,1.7129095138420217e-06,5.417020623064891,2
5.829933949760359,$\hat{T}_{GT}$,1.5915913048183835e-06,5.829930167270611,2
6.274314528394325,$\hat{T}_{GT}$,1.4788655326725762e-06,6.274313625497585,2
6.752567548872198,$\hat{T}_{GT}$,1.3741246825771984e-06,6.75256494521559,2
7.267274902418825,$\hat{T}_{GT}$,1.2768016629064859e-06,7.267272930083803,2
7.821215282199927,$\hat{T}_{GT}$,1.1863719086113991e-06,7.82121196108464,2
8.417379184342884,$\hat{T}_{GT}$,1.102346233723858e-06,8.417379111988403,2
9.058985052394538,$\hat{T}_{GT}$,1.0242721777972618e-06,9.058984870487121,2
9.749496652373306,$\hat{T}_{GT}$,9.51728338663012e-07,9.74949025365919,2
10.492641772216333,$\hat{T}_{GT}$,8.843218577833589e-07,10.492634644567866,2
11.292432346572342,$\hat{T}_{GT}$,8.216893110545972e-07,11.292426513395103,2
12.153186115585632,$\hat{T}_{GT}$,7.634928269848905e-07,12.153180532906195,2
13.079549934598068,$\hat{T}_{GT}$,7.094180927152694e-07,13.079545415048269,2
14.076524860608592,$\hat{T}_{GT}$,6.591731858894751e-07,14.076522468682601,2
15.149493150921694,$\hat{T}_{GT}$,6.124872679209181e-07,15.149484157316946,2
16.304247319739442,$\hat{T}_{GT}$,5.691075880822042e-07,16.304239051168672,2
17.54702140956167,$\hat{T}_{GT}$,5.288003160110688e-07,17.547013269432433,2
18.88452464621569,$\hat{T}_{GT}$,4.913478556105538e-07,18.8845154323433,2
20.32397765920527,$\hat{T}_{GT}$,4.5654783183151924e-07,20.32397377664141,2
21.87315146291753,$\hat{T}_{GT}$,4.2421270364330836e-07,21.873145434438136,2
23.540409409131357,$\hat{T}_{GT}$,3.941675811354549e-07,23.5404092218777,2
25.33475233731158,$\hat{T}_{GT}$,7.325011875675503e-07,12.667373540702421,2
27.265867166436806,$\hat{T}_{GT}$,3.4031072410975566e-07,27.265864707024942,2
29.344179190688156,$\hat{T}_{GT}$,3.16208133252637e-07,29.344172986571678,2
31.580908361321878,$\hat{T}_{GT}$,2.938126004471828e-07,31.580899348100978,2
33.98812985856841,$\hat{T}_{GT}$,2.730031796680336e-07,33.98812487535567,2
36.57883928056072,$\hat{T}_{GT}$,2.5366765377206336e-07,36.57883070209631,2
39.36702280122011,$\hat{T}_{GT}$,2.3570152079335245e-07,39.36701863736122,2
42.36773267585289,$\hat{T}_{GT}$,2.1900786807666852e-07,42.367729723198885,2
45.597168502081885,$\hat{T}_{GT}$,2.0349655928017568e-07,45.597164859928036,2
49.07276467480673,$\hat{T}_{GT}$,1.8908384904377462e-07,49.07275903706692,2
52.81328450732654,$\hat{T}_{GT}$,1.7569190106016006e-07,52.81328340086114,2
56.8389215267461,$\hat{T}_{GT}$,1.632484615464984e-07,56.838919485212855,2
61.17140849051769,$\hat{T}_{GT}$,1.5168632723716096e-07,61.17140767353948,2
65.83413471265413,$\hat{T}_{GT}$,1.4094309535279607e-07,65.83413070856906,2
70.8522723330089,$\hat{T}_{GT}$,1.309607437313021e-07,70.85227143306506,2
76.25291221129912,$\hat{T}_{GT}$,1.2168541108739056e-07,76.252905578488,2
82.06521017950769,$\hat{T}_{GT}$,1.1306699422928674e-07,82.06520590005094,2
88.32054444222037,$\hat{T}_{GT}$,1.0505897853466468e-07,88.32054424424739,2
95.0526849746383,$\hat{T}_{GT}$,9.761814651058566e-08,95.05267712617442,2
102.29797583277549,$\hat{T}_{GT}$,9.070430532520441e-08,102.29796842232062,2
110.0955313600591,$\hat{T}_{GT}$,8.42801363854879e-08,110.09552855355851,2
118.4874473495718,$\hat{T}_{GT}$,7.831096406748401e-08,118.48744645679858,2
127.51902830191335,$\hat{T}_{GT}$,7.276456522844836e-08,127.51902155664335,2
137.239032005553,$\hat{T}_{GT}$,6.761098935498778e-08,137.23902357363997,2
147.6999327600634,$\hat{T}_{GT}$,6.282241642027192e-08,147.69992449593403,2
158.95820466326612,$\hat{T}_{GT}$,5.837299632501127e-08,158.9581955029871,2
171.07462649164432,$\hat{T}_{GT}$,5.423870606407175e-08,171.0746224470259,2
184.11460981994108,$\hat{T}_{GT}$,5.0397230974541335e-08,184.1146027767597,2
198.14855215133173,$\hat{T}_{GT}$,4.682782901080473e-08,198.14854452862522,2
213.25221696456873,$\hat{T}_{GT}$,4.35112310319315e-08,213.25220964483458,2
229.50714272982336,$\hat{T}_{GT}$,4.042953142779518e-08,229.50714080121878,2
247.00108310132606,$\hat{T}_{GT}$,3.756609566702134e-08,247.001078956205,2
265.8284806632307,$\hat{T}_{GT}$,3.4905463787152065e-08,265.82847368845546,2
286.0909767862566,$\hat{T}_{GT}$,3.2433271139292597e-08,286.09097497677413,2
307.8979603476156,$\hat{T}_{GT}$,3.0136173615460557e-08,307.89795281661156,2
331.36715827654194,$\hat{T}_{GT}$,2.800176780760523e-08,331.36715601956263,2
356.62527111352796,$\hat{T}_{GT}$,2.6018532532389234e-08,356.62526894533613,2
383.8086570143992,$\hat{T}_{GT}$,2.4175760681243924e-08,383.8086538110477,2
413.0640678918749,$\hat{T}_{GT}$,2.2463503713992155e-08,413.0640651639144,2
444.5494416687491,$\hat{T}_{GT}$,2.0872518007138734e-08,444.5494385848784,2
478.43475491973123,$\hat{T}_{GT}$,1.939421434512846e-08,478.4347536231599,2
514.9029405050194,$\hat{T}_{GT}$,1.8020612336803082e-08,514.9029338462752,2
554.1508751495202,$\hat{T}_{GT}$,1.6744296013702193e-08,554.1508675153143,2
596.390442299262,$\hat{T}_{GT}$,1.5558375148022382e-08,596.3904375390846,2
641.8496759929147,$\hat{T}_{GT}$,1.4456447616837985e-08,641.8496720535156,2
690.7739919237116,$\hat{T}_{GT}$,1.3432564523189362e-08,690.7739877897241,2
743.4275123377766,$\hat{T}_{GT}$,1.2481198322846464e-08,743.4275076730091,2
800.0944919214219,$\hat{T}_{GT}$,1.1597212929955363e-08,800.0944897682415,2
861.0808523752157,$\hat{T}_{GT}$,1.07758361744454e-08,861.0808490139137,2
926.7158339593304,$\hat{T}_{GT}$,1.001263374100172e-08,926.7158274180493,2
997.35377292621,$\hat{T}_{GT}$,9.303485358207305e-09,997.35376632164,2
1073.3760144361563,$\hat{T}_{GT}$,8.644562658262491e-09,1073.3760085662088,2
1155.1929712829099,$\hat{T}_{GT}$,8.032308386150849e-09,1155.1929676809634,2
1243.246339543401,$\hat{T}_{GT}$,7.463417257992595e-09,1243.2463362529443,2
1338.011483113092,$\hat{T}_{GT}$,6.934818050138595e-09,1338.011479874493,2
1.0,$\hat{T}_{Reset}$,0.00012990507650481112,0.07142804893835415,2
1.0762239473831834,$\hat{T}_{Reset}$,0.0001293259531322746,0.07174790471047883,2
1.1582579849210413,$\hat{T}_{Reset}$,2.4033262034655965e-05,0.38608434213159093,2
1.2465449806198148,$\hat{T}_{Reset}$,8.932426195828558e-05,0.10387845316045845,2
1.3415615596333508,$\hat{T}_{Reset}$,4.84154320731488e-05,0.19165100391766093,2
1.4438206773661448,$\hat{T}_{Reset}$,8.997255836969724e-05,0.10312995795672973,2
1.5538743887084543,$\hat{T}_{Reset}$,0.0001373437714599643,0.0675594245249853,2
1.6723168283534438,$\hat{T}_{Reset}$,0.0005382071598197838,0.017240324645687127,2
1.7997874182858689,$\hat{T}_{Reset}$,0.00038666570429869154,0.023997127386189258,2
1.9369743197582066,$\hat{T}_{Reset}$,0.00011975990534177082,0.07747890360673099,2
2.0846181483900335,$\hat{T}_{Reset}$,0.00033828445271361996,0.027429183007063762,2
2.2435159724469447,$\hat{T}_{Reset}$,7.858156145698487e-05,0.11807943224703535,2
2.4145256158840724,$\hat{T}_{Reset}$,0.0006456150059373523,0.014372135214630792,2
2.5985702893845684,$\hat{T}_{Reset}$,0.0005070486909573936,0.018299753706899867,2
2.796643574394121,$\hat{T}_{Reset}$,0.00024883957810079,0.03728854643117895,2
3.009814787058257,$\hat{T}_{Reset}$,6.165741291661144e-05,0.1504906826771258,2
3.239234751020113,$\hat{T}_{Reset}$,0.0007648282144268945,0.01213196112133387,2
3.486142010243649,$\hat{T}_{Reset}$,5.855626858163409e-05,0.15846068041358363,2
3.751869515402767,$\hat{T}_{Reset}$,2.4731355649259916e-06,3.7518631382440852,2
4.037851819933397,$\hat{T}_{Reset}$,5.744934117095545e-05,0.16151388288883262,2
4.345632824597091,$\hat{T}_{Reset}$,2.135219158894469e-06,4.34562706281191,2
4.676874112365815,$\hat{T}_{Reset}$,3.571180572777684e-05,0.2598262947736954,2
5.03336391862456,$\hat{T}_{Reset}$,2.0278217139149127e-05,0.45757800590923303,2
5.417026785118212,$\hat{T}_{Reset}$,2.911946173531437e-05,0.31864827194499357,2
5.829933949760359,$\hat{T}_{Reset}$,6.366365219273534e-06,1.4574825418176527,2
6.274314528394325,$\hat{T}_{Reset}$,1.4788655326725762e-06,6.274313625497585,2
6.752567548872198,$\hat{T}_{Reset}$,2.7482493651543968e-05,0.33762824726077945,2
7.267274902418825,$\hat{T}_{Reset}$,1.1491214966158371e-05,0.8074747700093114,2
7.821215282199927,$\hat{T}_{Reset}$,0.00010321435604919172,0.08989898805844414,2
8.417379184342884,$\hat{T}_{Reset}$,2.9763348310544164e-05,0.31175478192549644,2
9.058985052394538,$\hat{T}_{Reset}$,4.097088711189047e-06,2.2647462176217803,2
9.749496652373306,$\hat{T}_{Reset}$,0.00013800060910613675,0.06723786381833924,2
10.492641772216333,$\hat{T}_{Reset}$,7.95889672005023e-06,1.165848293840874,2
11.292432346572342,$\hat{T}_{Reset}$,1.3147028976873555e-05,0.705776657087194,2
12.153186115585632,$\hat{T}_{Reset}$,1.756033502065248e-05,0.5283991536046172,2
13.079549934598068,$\hat{T}_{Reset}$,5.604402932450628e-05,0.16556386601326922,2
14.076524860608592,$\hat{T}_{Reset}$,3.098113973680533e-05,0.2995004780570766,2
15.149493150921694,$\hat{T}_{Reset}$,3.6749236075255085e-06,2.524914026219491,2
16.304247319739442,$\hat{T}_{Reset}$,1.650412005438392e-05,0.5622151396954715,2
17.54702140956167,$\hat{T}_{Reset}$,1.0576006320221376e-06,8.773506634716217,2
18.88452464621569,$\hat{T}_{Reset}$,4.4221307004949836e-06,2.0982794924825887,2
20.32397765920527,$\hat{T}_{Reset}$,6.391669645641269e-06,1.4517124126172436,2
21.87315146291753,$\hat{T}_{Reset}$,4.2421270364330836e-07,21.873145434438136,2
23.540409409131357,$\hat{T}_{Reset}$,3.941675811354549e-07,23.5404092218777,2
25.33475233731158,$\hat{T}_{Reset}$,7.691262469459278e-06,1.206416527685945,2
27.265867166436806,$\hat{T}_{Reset}$,6.465903758085357e-05,0.14350455108960497,2
29.344179190688156,$\hat{T}_{Reset}$,8.853827731073837e-06,1.0480061780918455,2
31.580908361321878,$\hat{T}_{Reset}$,2.938126004471828e-07,31.580899348100978,2
33.98812985856841,$\hat{T}_{Reset}$,1.064712400705331e-05,0.8714903814193764,2
36.57883928056072,$\hat{T}_{Reset}$,2.5366765377206336e-07,36.57883070209631,2
39.36702280122011,$\hat{T}_{Reset}$,4.714030415867049e-07,19.68350931868061,2
42.36773267585289,$\hat{T}_{Reset}$,2.1900786807666852e-07,42.367729723198885,2
45.597168502081885,$\hat{T}_{Reset}$,8.139862371207028e-06,1.1399291214982008,2
49.07276467480673,$\hat{T}_{Reset}$,1.8908384904377462e-07,49.07275903706692,2
52.81328450732654,$\hat{T}_{Reset}$,1.2298433074211206e-06,7.54475477155159,2
56.8389215267461,$\hat{T}_{Reset}$,1.632484615464984e-07,56.838919485212855,2
61.17140849051769,$\hat{T}_{Reset}$,1.5168632723716096e-07,61.17140767353948,2
65.83413471265413,$\hat{T}_{Reset}$,6.201496195523027e-06,1.4962302433765695,2
70.8522723330089,$\hat{T}_{Reset}$,1.309607437313021e-07,70.85227143306506,2
76.25291221129912,$\hat{T}_{Reset}$,1.2168541108739056e-07,76.252905578488,2
82.06521017950769,$\hat{T}_{Reset}$,1.1306699422928674e-07,82.06520590005094,2
88.32054444222037,$\hat{T}_{Reset}$,1.0505897853466468e-07,88.32054424424739,2
95.0526849746383,$\hat{T}_{Reset}$,8.78563318595271e-07,10.561408569574933,2
102.29797583277549,$\hat{T}_{Reset}$,9.070430532520441e-08,102.29796842232062,2
110.0955313600591,$\hat{T}_{Reset}$,8.42801363854879e-08,110.09552855355851,2
118.4874473495718,$\hat{T}_{Reset}$,7.831096406748401e-08,118.48744645679858,2
127.51902830191335,$\hat{T}_{Reset}$,7.276456522844836e-08,127.51902155664335,2
137.239032005553,$\hat{T}_{Reset}$,6.761098935498778e-08,137.23902357363997,2
147.6999327600634,$\hat{T}_{Reset}$,6.282241642027192e-08,147.69992449593403,2
158.95820466326612,$\hat{T}_{Reset}$,5.837299632501127e-08,158.9581955029871,2
171.07462649164432,$\hat{T}_{Reset}$,5.423870606407175e-08,171.0746224470259,2
184.11460981994108,$\hat{T}_{Reset}$,5.0397230974541335e-08,184.1146027767597,2
198.14855215133173,$\hat{T}_{Reset}$,4.682782901080473e-08,198.14854452862522,2
213.25221696456873,$\hat{T}_{Reset}$,4.35112310319315e-08,213.25220964483458,2
229.50714272982336,$\hat{T}_{Reset}$,4.042953142779518e-08,229.50714080121878,2
247.00108310132606,$\hat{T}_{Reset}$,3.756609566702134e-08,247.001078956205,2
265.8284806632307,$\hat{T}_{Reset}$,3.4905463787152065e-08,265.82847368845546,2
286.0909767862566,$\hat{T}_{Reset}$,3.2433271139292597e-08,286.09097497677413,2
307.8979603476156,$\hat{T}_{Reset}$,6.027234723092111e-08,153.94897640830578,2
331.36715827654194,$\hat{T}_{Reset}$,2.800176780760523e-08,331.36715601956263,2
356.62527111352796,$\hat{T}_{Reset}$,2.6018532532389234e-08,356.62526894533613,2
383.8086570143992,$\hat{T}_{Reset}$,2.4175760681243924e-08,383.8086538110477,2
413.0640678918749,$\hat{T}_{Reset}$,2.2463503713992155e-08,413.0640651639144,2
444.5494416687491,$\hat{T}_{Reset}$,2.0872518007138734e-08,444.5494385848784,2
478.43475491973123,$\hat{T}_{Reset}$,1.939421434512846e-08,478.4347536231599,2
514.9029405050194,$\hat{T}_{Reset}$,1.8020612336803082e-08,514.9029338462752,2
554.1508751495202,$\hat{T}_{Reset}$,1.6744296013702193e-08,554.1508675153143,2
596.390442299262,$\hat{T}_{Reset}$,1.5558375148022382e-08,596.3904375390846,2
641.8496759929147,$\hat{T}_{Reset}$,1.4456447616837985e-08,641.8496720535156,2
690.7739919237116,$\hat{T}_{Reset}$,1.3432564523189362e-08,690.7739877897241,2
743.4275123377766,$\hat{T}_{Reset}$,1.2481198322846464e-08,743.4275076730091,2
800.0944919214219,$\hat{T}_{Reset}$,1.1597212929955363e-08,800.0944897682415,2
861.0808523752157,$\hat{T}_{Reset}$,1.07758361744454e-08,861.0808490139137,2
926.7158339593304,$\hat{T}_{Reset}$,1.001263374100172e-08,926.7158274180493,2
997.35377292621,$\hat{T}_{Reset}$,9.303485358207305e-09,997.35376632164,2
1073.3760144361563,$\hat{T}_{Reset}$,8.644562658262491e-09,1073.3760085662088,2
1155.1929712829099,$\hat{T}_{Reset}$,8.032308386150849e-09,1155.1929676809634,2
1243.246339543401,$\hat{T}_{Reset}$,7.463417257992595e-09,1243.2463362529443,2
1338.011483113092,$\hat{T}_{Reset}$,1.386963610027719e-08,669.0057399372465,2
1.0,$\hat{T}_{MLG}$,0.33083341162279273,2.804694397827569e-05,2
1.0762239473831834,$\hat{T}_{MLG}$,0.3156506291448968,2.9396000847718578e-05,2
1.1582579849210413,$\hat{T}_{MLG}$,0.30710006382433286,3.0214471616762603e-05,2
1.2465449806198148,$\hat{T}_{MLG}$,1.3886841513004125,6.681768603204143e-06,2
1.3415615596333508,$\hat{T}_{MLG}$,0.35078902642790943,2.6451415132374973e-05,2
1.4438206773661448,$\hat{T}_{MLG}$,0.33197030483988094,2.7950892072716442e-05,2
1.5538743887084543,$\hat{T}_{MLG}$,1.1632580164812525,7.976619142496003e-06,2
1.6723168283534438,$\hat{T}_{MLG}$,2.331180872622456,3.980328712755803e-06,2
1.7997874182858689,$\hat{T}_{MLG}$,2.5108755612272255,3.6954703391955885e-06,2
1.9369743197582066,$\hat{T}_{MLG}$,1.6718368405277102,5.550102699613583e-06,2
2.0846181483900335,$\hat{T}_{MLG}$,2.02820445159194,4.574916574432768e-06,2
2.2435159724469447,$\hat{T}_{MLG}$,2.4903612238044226,3.725911756589008e-06,2
2.4145256158840724,$\hat{T}_{MLG}$,2.3287526515024,3.984479054029206e-06,2
2.5985702893845684,$\hat{T}_{MLG}$,2.04445247270864,4.538558017752777e-06,2
2.796643574394121,$\hat{T}_{MLG}$,0.4065226156457055,2.2824969152547836e-05,2
3.009814787058257,$\hat{T}_{MLG}$,0.7314927072721836,1.2684837551598015e-05,2
3.239234751020113,$\hat{T}_{MLG}$,2.2466732049968776,4.130047103107363e-06,2
3.486142010243649,$\hat{T}_{MLG}$,0.7168176488487039,1.2944528049538503e-05,2
3.751869515402767,$\hat{T}_{MLG}$,0.4250430624936626,2.183041432905316e-05,2
4.037851819933397,$\hat{T}_{MLG}$,0.4678413475662161,1.983336062576855e-05,2
4.345632824597091,$\hat{T}_{MLG}$,1.106261354365242,8.387589537781854e-06,2
4.676874112365815,$\hat{T}_{MLG}$,0.7925302175424326,1.1707902054131447e-05,2
5.03336391862456,$\hat{T}_{MLG}$,0.613896402211063,1.5114710118037362e-05,2
5.417026785118212,$\hat{T}_{MLG}$,0.5649692107957834,1.642366696205729e-05,2
5.829933949760359,$\hat{T}_{MLG}$,0.3327262716512123,2.78873865771954e-05,2
6.274314528394325,$\hat{T}_{MLG}$,0.31828758675764646,2.9152460064336377e-05,2
6.752567548872198,$\hat{T}_{MLG}$,0.9385176818612793,9.886724929384743e-06,2
7.267274902418825,$\hat{T}_{MLG}$,0.3225519737361898,2.8767041957446917e-05,2
7.821215282199927,$\hat{T}_{MLG}$,0.44006253022756986,2.1085335661565873e-05,2
8.417379184342884,$\hat{T}_{MLG}$,0.33363816632310206,2.7811165203864727e-05,2
9.058985052394538,$\hat{T}_{MLG}$,0.3020787104321097,3.071671667511192e-05,2
9.749496652373306,$\hat{T}_{MLG}$,0.8422684018244632,1.1016519368205023e-05,2
10.492641772216333,$\hat{T}_{MLG}$,0.27941909120365044,3.320770288800176e-05,2
11.292432346572342,$\hat{T}_{MLG}$,1.1586482466916734,8.008354725794081e-06,2
12.153186115585632,$\hat{T}_{MLG}$,0.4787144071195706,1.9382884709397656e-05,2
13.079549934598068,$\hat{T}_{MLG}$,0.6608766087147756,1.4040239947319588e-05,2
14.076524860608592,$\hat{T}_{MLG}$,1.466800403471338,6.325922831741028e-06,2
15.149493150921694,$\hat{T}_{MLG}$,1.421873320144645,6.525803691838288e-06,2
16.304247319739442,$\hat{T}_{MLG}$,0.2783967941258991,3.332964444170329e-05,2
17.54702140956167,$\hat{T}_{MLG}$,0.2621990006641732,3.538864045409061e-05,2
18.88452464621569,$\hat{T}_{MLG}$,1.1016555087115976,8.422656709426398e-06,2
20.32397765920527,$\hat{T}_{MLG}$,0.26610250853721623,3.4869517814517624e-05,2
21.87315146291753,$\hat{T}_{MLG}$,0.29056466216336596,3.193391134641615e-05,2
23.540409409131357,$\hat{T}_{MLG}$,0.2671698736294793,3.473021129169133e-05,2
25.33475233731158,$\hat{T}_{MLG}$,0.2761037886521649,3.360644273380757e-05,2
27.265867166436806,$\hat{T}_{MLG}$,0.40911294668385917,2.2680451051813097e-05,2
29.344179190688156,$\hat{T}_{MLG}$,0.3041357594895642,3.0508961450304808e-05,2
31.580908361321878,$\hat{T}_{MLG}$,0.4292275425217348,2.161759263492844e-05,2
33.98812985856841,$\hat{T}_{MLG}$,0.2821365018710273,3.2887861373456475e-05,2
36.57883928056072,$\hat{T}_{MLG}$,0.3350159341732439,2.7696790556618687e-05,2
39.36702280122011,$\hat{T}_{MLG}$,0.28410069945534094,3.266048334169932e-05,2
42.36773267585289,$\hat{T}_{MLG}$,0.3057336518495434,3.034950881524999e-05,2
45.597168502081885,$\hat{T}_{MLG}$,1.0427386094329203,8.898554324148866e-06,2
49.07276467480673,$\hat{T}_{MLG}$,0.2714797694372052,3.417884942646727e-05,2
52.81328450732654,$\hat{T}_{MLG}$,0.2580878372291841,3.5952357389420796e-05,2
56.8389215267461,$\hat{T}_{MLG}$,0.2694796269131087,3.443253305719536e-05,2
61.17140849051769,$\hat{T}_{MLG}$,0.24641037704670363,3.765615017166103e-05,2
65.83413471265413,$\hat{T}_{MLG}$,0.9676219338535731,9.589350796310522e-06,2
70.8522723330089,$\hat{T}_{MLG}$,0.2524648627143762,3.675309927157606e-05,2
76.25291221129912,$\hat{T}_{MLG}$,0.23038540970492263,4.027540708333332e-05,2
82.06521017950769,$\hat{T}_{MLG}$,0.2263454919212502,4.0994260955524483e-05,2
88.32054444222037,$\hat{T}_{MLG}$,0.2300602021580585,4.0332339426318594e-05,2
95.0526849746383,$\hat{T}_{MLG}$,0.2796331758576267,3.318227936820543e-05,2
102.29797583277549,$\hat{T}_{MLG}$,0.22468762404797893,4.1296738978133106e-05,2
110.0955313600591,$\hat{T}_{MLG}$,0.23780734119152896,3.901841766294814e-05,2
118.4874473495718,$\hat{T}_{MLG}$,0.23072015196461848,4.0216973172543794e-05,2
127.51902830191335,$\hat{T}_{MLG}$,0.2282267980943397,4.06563393931101e-05,2
137.239032005553,$\hat{T}_{MLG}$,0.22174994821106395,4.1843825609801566e-05,2
147.6999327600634,$\hat{T}_{MLG}$,0.22550625779134603,4.114682338665624e-05,2
158.95820466326612,$\hat{T}_{MLG}$,0.2196496064048953,4.224394622780208e-05,2
171.07462649164432,$\hat{T}_{MLG}$,0.2626348577141379,3.5329911050976224e-05,2
184.11460981994108,$\hat{T}_{MLG}$,0.21751068592697645,4.265935773399854e-05,2
198.14855215133173,$\hat{T}_{MLG}$,0.2256449449409625,4.112153349747765e-05,2
213.25221696456873,$\hat{T}_{MLG}$,0.2355673847361383,3.938943488428864e-05,2
229.50714272982336,$\hat{T}_{MLG}$,0.22216855276278233,4.176498449730499e-05,2
247.00108310132606,$\hat{T}_{MLG}$,0.22306478048030356,4.1597181509098e-05,2
265.8284806632307,$\hat{T}_{MLG}$,0.21585502087936637,4.298656628011407e-05,2
286.0909767862566,$\hat{T}_{MLG}$,0.21772710515450303,4.26169546292449e-05,2
307.8979603476156,$\hat{T}_{MLG}$,0.2111586761904911,4.3942623288448774e-05,2
331.36715827654194,$\hat{T}_{MLG}$,0.2157544164906499,4.300661053827561e-05,2
356.62527111352796,$\hat{T}_{MLG}$,0.23312613130840462,3.9801913710184615e-05,2
383.8086570143992,$\hat{T}_{MLG}$,0.21248108908163416,4.366913875503243e-05,2
413.0640678918749,$\hat{T}_{MLG}$,0.2149754788808808,4.316243978257522e-05,2
444.5494416687491,$\hat{T}_{MLG}$,0.21604702282580998,4.2948363928196616e-05,2
478.43475491973123,$\hat{T}_{MLG}$,0.21016956139724377,4.4149429157289824e-05,2
514.9029405050194,$\hat{T}_{MLG}$,0.21174982517367816,4.381994721514278e-05,2
554.1508751495202,$\hat{T}_{MLG}$,0.21363572934891645,4.343311949833897e-05,2
596.390442299262,$\hat{T}_{MLG}$,0.21753478242678104,4.2654632323221305e-05,2
641.8496759929147,$\hat{T}_{MLG}$,0.21034981545585654,4.411159639868345e-05,2
690.7739919237116,$\hat{T}_{MLG}$,0.21269593999912528,4.362502717242486e-05,2
743.4275123377766,$\hat{T}_{MLG}$,0.20624651697037333,4.498920174860053e-05,2
800.0944919214219,$\hat{T}_{MLG}$,0.2103541977068506,4.4110677433959775e-05,2
861.0808523752157,$\hat{T}_{MLG}$,0.21419762974317422,4.3319182257300286e-05,2
926.7158339593304,$\hat{T}_{MLG}$,0.20839211571905197,4.4525994325216115e-05,2
997.35377292621,$\hat{T}_{MLG}$,0.21208218862954256,4.3751275021658105e-05,2
1073.3760144361563,$\hat{T}_{MLG}$,0.206073932510983,4.502687966820723e-05,2
1155.1929712829099,$\hat{T}_{MLG}$,0.21077942704451885,4.402168794190002e-05,2
1243.246339543401,$\hat{T}_{MLG}$,0.2045540307344269,4.536144376432781e-05,2
1338.011483113092,$\hat{T}_{MLG}$,0.20915051987846178,4.436453788074864e-05,2
1.0,$\hat{T}_{MLD}$,0.28961370000278364,3.2038768061860003e-05,2
1.0762239473831834,$\hat{T}_{MLD}$,0.28581679783767006,3.246438359160482e-05,2
1.1582579849210413,$\hat{T}_{MLD}$,0.2807900331659016,3.3045568096941586e-05,2
1.2465449806198148,$\hat{T}_{MLD}$,0.2977992257521847,3.115812721973881e-05,2
1.3415615596333508,$\hat{T}_{MLD}$,0.2883939712066509,3.2174272309171984e-05,2
1.4438206773661448,$\hat{T}_{MLD}$,0.29132594829148534,3.1850462399052575e-05,2
1.5538743887084543,$\hat{T}_{MLD}$,0.29322905067985167,3.1643747917927076e-05,2
1.6723168283534438,$\hat{T}_{MLD}$,0.2970924849412966,3.123224797745971e-05,2
1.7997874182858689,$\hat{T}_{MLD}$,0.2838564961127208,3.268858133950053e-05,2
1.9369743197582066,$\hat{T}_{MLD}$,0.29893312266288546,3.103993990117416e-05,2
2.0846181483900335,$\hat{T}_{MLD}$,0.2861159405643119,3.243044111287684e-05,2
2.2435159724469447,$\hat{T}_{MLD}$,0.28187964979920344,3.291782918183727e-05,2
2.4145256158840724,$\hat{T}_{MLD}$,0.26402148719722385,3.514435987929643e-05,2
2.5985702893845684,$\hat{T}_{MLD}$,0.26323357045120194,3.524955478141189e-05,2
2.796643574394121,$\hat{T}_{MLD}$,0.26304395398458524,3.527496458812371e-05,2
3.009814787058257,$\hat{T}_{MLD}$,0.25628827104598717,3.62048022098574e-05,2
3.239234751020113,$\hat{T}_{MLD}$,0.2684142905516503,3.4569195786320405e-05,2
3.486142010243649,$\hat{T}_{MLD}$,0.2529533090839404,3.668212997698787e-05,2
3.751869515402767,$\hat{T}_{MLD}$,0.25341626572605075,3.661511677374716e-05,2
4.037851819933397,$\hat{T}_{MLD}$,0.24458983811694848,3.7936433636665154e-05,2
4.345632824597091,$\hat{T}_{MLD}$,0.2470275475321137,3.7562070524624515e-05,2
4.676874112365815,$\hat{T}_{MLD}$,0.23906568678762388,3.881304040997423e-05,2
5.03336391862456,$\hat{T}_{MLD}$,0.2432583606425614,3.8144079148672946e-05,2
5.417026785118212,$\hat{T}_{MLD}$,0.23748771830004006,3.907093060788703e-05,2
5.829933949760359,$\hat{T}_{MLD}$,0.24247757353151828,3.826690455033023e-05,2
6.274314528394325,$\hat{T}_{MLD}$,0.2353985898322079,3.941767947097841e-05,2
6.752567548872198,$\hat{T}_{MLD}$,0.24226580685578286,3.830035398866607e-05,2
7.267274902418825,$\hat{T}_{MLD}$,0.23505860651909394,3.947469228774042e-05,2
7.821215282199927,$\hat{T}_{MLD}$,0.24101203994039666,3.8499595971309126e-05,2
8.417379184342884,$\hat{T}_{MLD}$,0.236812714764605,3.918229716318064e-05,2
9.058985052394538,$\hat{T}_{MLD}$,0.23906672392075,3.88128720289914e-05,2
9.749496652373306,$\hat{T}_{MLD}$,0.2424625043532054,3.826928285954422e-05,2
10.492641772216333,$\hat{T}_{MLD}$,0.23493018361970625,3.949627084507146e-05,2
11.292432346572342,$\hat{T}_{MLD}$,0.23842813275459016,3.8916826025210964e-05,2
12.153186115585632,$\hat{T}_{MLD}$,0.22981576341266027,4.03752380782733e-05,2
13.079549934598068,$\hat{T}_{MLD}$,0.24186522961735407,3.836378704208966e-05,2
14.076524860608592,$\hat{T}_{MLD}$,0.2339092843989527,3.966865268203879e-05,2
15.149493150921694,$\hat{T}_{MLD}$,0.23288454966383637,3.9843202030019265e-05,2
16.304247319739442,$\hat{T}_{MLD}$,0.2223726488128131,4.172665213758807e-05,2
17.54702140956167,$\hat{T}_{MLD}$,0.2209024183402756,4.200436659608328e-05,2
18.88452464621569,$\hat{T}_{MLD}$,0.21672555928111878,4.281389879765172e-05,2
20.32397765920527,$\hat{T}_{MLD}$,0.21851446683568068,4.246339519892678e-05,2
21.87315146291753,$\hat{T}_{MLD}$,0.2233240586444368,4.154888738028688e-05,2
23.540409409131357,$\hat{T}_{MLD}$,0.21541105790006432,4.307516175066107e-05,2
25.33475233731158,$\hat{T}_{MLD}$,0.21964044920342327,4.224570745315007e-05,2
27.265867166436806,$\hat{T}_{MLD}$,0.2164708557528337,4.286427440616253e-05,2
29.344179190688156,$\hat{T}_{MLD}$,0.21765408646426818,4.263125178423692e-05,2
31.580908361321878,$\hat{T}_{MLD}$,0.21175598196842688,4.381867315233523e-05,2
33.98812985856841,$\hat{T}_{MLD}$,0.21572456554082886,4.301256159058128e-05,2
36.57883928056072,$\hat{T}_{MLD}$,0.21273007338072522,4.361802736428246e-05,2
39.36702280122011,$\hat{T}_{MLD}$,0.21569420794200989,4.301861533723216e-05,2
42.36773267585289,$\hat{T}_{MLD}$,0.2213834097416014,4.191310528985246e-05,2
45.597168502081885,$\hat{T}_{MLD}$,0.2171080796597456,4.273846545217589e-05,2
49.07276467480673,$\hat{T}_{MLD}$,0.2204763146239907,4.2085546366968474e-05,2
52.81328450732654,$\hat{T}_{MLD}$,0.21380719893383127,4.339828690612938e-05,2
56.8389215267461,$\hat{T}_{MLD}$,0.2174197076184139,4.267720835229582e-05,2
61.17140849051769,$\hat{T}_{MLD}$,0.21124845913570342,4.392394718470187e-05,2
65.83413471265413,$\hat{T}_{MLD}$,0.2146020978240923,4.3237537079120746e-05,2
70.8522723330089,$\hat{T}_{MLD}$,0.20794617897802428,4.462147949786025e-05,2
76.25291221129912,$\hat{T}_{MLD}$,0.21146889094516955,4.387816156056801e-05,2
82.06521017950769,$\hat{T}_{MLD}$,0.2070460274129797,4.481547546632425e-05,2
88.32054444222037,$\hat{T}_{MLD}$,0.2126415712394953,4.3636181334813546e-05,2
95.0526849746383,$\hat{T}_{MLD}$,0.20693952544675676,4.483853986759836e-05,2
102.29797583277549,$\hat{T}_{MLD}$,0.2106009164155291,4.4059001830830077e-05,2
110.0955313600591,$\hat{T}_{MLD}$,0.2158429671923556,4.2988966852263116e-05,2
118.4874473495718,$\hat{T}_{MLD}$,0.21081824199959528,4.401358285657321e-05,2
127.51902830191335,$\hat{T}_{MLD}$,0.21396806978121805,4.33656581162503e-05,2
137.239032005553,$\hat{T}_{MLD}$,0.20771283808358004,4.467160647139506e-05,2
147.6999327600634,$\hat{T}_{MLD}$,0.21180844114560446,4.380782046145023e-05,2
158.95820466326612,$\hat{T}_{MLD}$,0.20771011513232954,4.467219208855013e-05,2
171.07462649164432,$\hat{T}_{MLD}$,0.21185884521515355,4.3797397991587855e-05,2
184.11460981994108,$\hat{T}_{MLD}$,0.2061133609983893,4.501826624426739e-05,2
198.14855215133173,$\hat{T}_{MLD}$,0.21091302329061684,4.3993803782998016e-05,2
213.25221696456873,$\hat{T}_{MLD}$,0.20438265074761866,4.539948047441791e-05,2
229.50714272982336,$\hat{T}_{MLD}$,0.2079002741122231,4.463133202468806e-05,2
247.00108310132606,$\hat{T}_{MLD}$,0.21139973877536333,4.389251479532885e-05,2
265.8284806632307,$\hat{T}_{MLD}$,0.2060899575599475,4.502337848862553e-05,2
286.0909767862566,$\hat{T}_{MLD}$,0.20986593922339053,4.421330205493449e-05,2
307.8979603476156,$\hat{T}_{MLD}$,0.20407350824162568,4.546825426718294e-05,2
331.36715827654194,$\hat{T}_{MLD}$,0.20747462087418103,4.472289730103075e-05,2
356.62527111352796,$\hat{T}_{MLD}$,0.21083362721695134,4.401037104189352e-05,2
383.8086570143992,$\hat{T}_{MLD}$,0.20364487580097015,4.556395600641028e-05,2
413.0640678918749,$\hat{T}_{MLD}$,0.207465591200803,4.472484380769149e-05,2
444.5494416687491,$\hat{T}_{MLD}$,0.20934593288690218,4.4323126004741345e-05,2
478.43475491973123,$\hat{T}_{MLD}$,0.20205642743273608,4.5922152934309366e-05,2
514.9029405050194,$\hat{T}_{MLD}$,0.20556035982947818,4.5139374972993515e-05,2
554.1508751495202,$\hat{T}_{MLD}$,0.2074165635674426,4.4735415544136215e-05,2
596.390442299262,$\hat{T}_{MLD}$,0.21064037114732623,4.4050749205319515e-05,2
641.8496759929147,$\hat{T}_{MLD}$,0.20435108030926735,4.5406494293465654e-05,2
690.7739919237116,$\hat{T}_{MLD}$,0.20719507861071232,4.478323628216986e-05,2
743.4275123377766,$\hat{T}_{MLD}$,0.20123817128143165,4.6108877370733967e-05,2
800.0944919214219,$\hat{T}_{MLD}$,0.20588143182010116,4.506898014015244e-05,2
861.0808523752157,$\hat{T}_{MLD}$,0.2096260963223224,4.42638885363731e-05,2
926.7158339593304,$\hat{T}_{MLD}$,0.2040023901709399,4.5484105133039075e-05,2
997.35377292621,$\hat{T}_{MLD}$,0.20787966111581035,4.463575759225914e-05,2
1073.3760144361563,$\hat{T}_{MLD}$,0.20218433887831888,4.589310039246221e-05,2
1155.1929712829099,$\hat{T}_{MLD}$,0.20718365393225033,4.478570575341096e-05,2
1243.246339543401,$\hat{T}_{MLD}$,0.20143449744916445,4.6063937803245314e-05,2
1338.011483113092,$\hat{T}_{MLD}$,0.20585951012326015,4.507377947402327e-05,2
1.0,$\hat{T}_{emp}$,0.12334938782434941,7.641124911094857e-05,3
1.0762239473831834,$\hat{T}_{emp}$,0.14462621733342676,6.516993235742293e-05,3
1.1582579849210413,$\hat{T}_{emp}$,0.1366121997265803,6.899296563259653e-05,3
1.2465449806198148,$\hat{T}_{emp}$,0.12712562852066084,7.414146864333924e-05,3
1.3415615596333508,$\hat{T}_{emp}$,0.11309155800359712,8.334203690455461e-05,3
1.4438206773661448,$\hat{T}_{emp}$,0.09040702418644123,0.00010425385511298494,3
1.5538743887084543,$\hat{T}_{emp}$,0.07882956654656621,0.00011956530035163476,3
1.6723168283534438,$\hat{T}_{emp}$,0.07604774894605136,0.00012393898480040098,3
1.7997874182858689,$\hat{T}_{emp}$,0.06087361811545249,0.00015483358953386744,3
1.9369743197582066,$\hat{T}_{emp}$,0.059588921112560096,0.00015817169743559457,3
2.0846181483900335,$\hat{T}_{emp}$,0.05332025156777726,0.00017676737306365783,3
2.2435159724469447,$\hat{T}_{emp}$,0.030260764354222768,0.00031146869558217586,3
2.4145256158840724,$\hat{T}_{emp}$,0.024514492046452622,0.0003844779154660583,3
2.5985702893845684,$\hat{T}_{emp}$,0.021846051171192083,0.0004314409376262143,3
2.796643574394121,$\hat{T}_{emp}$,0.014768280887175323,0.0006382111007188536,3
3.009814787058257,$\hat{T}_{emp}$,0.016161761666468336,0.0005831839990738448,3
3.239234751020113,$\hat{T}_{emp}$,0.011272277587837347,0.0008361469744942348,3
3.486142010243649,$\hat{T}_{emp}$,0.01229617893806219,0.0007665211158853502,3
3.751869515402767,$\hat{T}_{emp}$,0.012739157522408458,0.0007398668855573922,3
4.037851819933397,$\hat{T}_{emp}$,0.013641265528493998,0.0006909388854752338,3
4.345632824597091,$\hat{T}_{emp}$,0.0115754748287103,0.0008142457169318126,3
4.676874112365815,$\hat{T}_{emp}$,0.00898620529821344,0.001048861058471836,3
5.03336391862456,$\hat{T}_{emp}$,0.007748657373770664,0.001216375992134341,3
5.417026785118212,$\hat{T}_{emp}$,0.008398682518665188,0.0011222332526301209,3
5.829933949760359,$\hat{T}_{emp}$,0.014291672998761605,0.0006594945743263287,3
6.274314528394325,$\hat{T}_{emp}$,0.020571167617310787,0.0004581791843841634,3
6.752567548872198,$\hat{T}_{emp}$,0.018477704063615336,0.0005100893903419961,3
7.267274902418825,$\hat{T}_{emp}$,0.02048402158124092,0.0004601284353928311,3
7.821215282199927,$\hat{T}_{emp}$,0.026339701040717655,0.0003578355269165412,3
8.417379184342884,$\hat{T}_{emp}$,0.031908127525015005,0.0002953880886097197,3
9.058985052394538,$\hat{T}_{emp}$,0.025250328777613157,0.00037327358719724024,3
9.749496652373306,$\hat{T}_{emp}$,0.015194344923327385,0.0006203150480188877,3
10.492641772216333,$\hat{T}_{emp}$,0.013923272885369245,0.0006769443419178817,3
11.292432346572342,$\hat{T}_{emp}$,0.01546114681579167,0.0006096107173047861,3
12.153186115585632,$\hat{T}_{emp}$,0.01968630954596781,0.0004787733718562743,3
13.079549934598068,$\hat{T}_{emp}$,0.031176565115597,0.00030231941093517364,3
14.076524860608592,$\hat{T}_{emp}$,0.028497775337549422,0.0003307374238546393,3
15.149493150921694,$\hat{T}_{emp}$,0.042764842206772125,0.0002203978856079307,3
16.304247319739442,$\hat{T}_{emp}$,0.04813676624801572,0.00019580211832609127,3
17.54702140956167,$\hat{T}_{emp}$,0.05368703929801681,0.00017555970535848748,3
18.88452464621569,$\hat{T}_{emp}$,0.059473857845092064,0.00015847771007690179,3
20.32397765920527,$\hat{T}_{emp}$,0.06862694630911388,0.0001373408159278342,3
21.87315146291753,$\hat{T}_{emp}$,0.07064152068631342,0.00013342409264634488,3
23.540409409131357,$\hat{T}_{emp}$,0.07323766476442606,0.00012869444746834062,3
25.33475233731158,$\hat{T}_{emp}$,0.0762988396019728,0.00012353111593699348,3
27.265867166436806,$\hat{T}_{emp}$,0.05670129464291887,0.00016622690645929448,3
29.344179190688156,$\hat{T}_{emp}$,0.06308064501623332,0.00014941636691102072,3
31.580908361321878,$\hat{T}_{emp}$,0.05957663850603717,0.00015820430687398153,3
33.98812985856841,$\hat{T}_{emp}$,0.05501100924554777,0.00017133444614074575,3
36.57883928056072,$\hat{T}_{emp}$,0.04687693252747797,0.0002010643677506955,3
39.36702280122011,$\hat{T}_{emp}$,0.05613458125795475,0.00016790507009248828,3
42.36773267585289,$\hat{T}_{emp}$,0.05210054645975766,0.00018090560351434,3
45.597168502081885,$\hat{T}_{emp}$,0.06016101283426948,0.000156667588471191,3
49.07276467480673,$\hat{T}_{emp}$,0.06572759763557273,0.00014339913734544087,3
52.81328450732654,$\hat{T}_{emp}$,0.07452683780671754,0.0001264682774435361,3
56.8389215267461,$\hat{T}_{emp}$,0.07410079637176176,0.00012719540493793052,3
61.17140849051769,$\hat{T}_{emp}$,0.059839686071535274,0.0001575088610836282,3
65.83413471265413,$\hat{T}_{emp}$,0.05937912723904396,0.00015873053779968493,3
70.8522723330089,$\hat{T}_{emp}$,0.02325289354176749,0.00040533797584371256,3
76.25291221129912,$\hat{T}_{emp}$,0.023570461887903876,0.0003998767968805197,3
82.06521017950769,$\hat{T}_{emp}$,0.03206861573616584,0.00029390981133307464,3
88.32054444222037,$\hat{T}_{emp}$,0.01979414338462852,0.0004761651271076844,3
95.0526849746383,$\hat{T}_{emp}$,0.026093953662245355,0.0003612055467993935,3
102.29797583277549,$\hat{T}_{emp}$,0.02772920954233228,0.0003399044169052291,3
110.0955313600591,$\hat{T}_{emp}$,0.03498838914036834,0.00026938310200325344,3
118.4874473495718,$\hat{T}_{emp}$,0.032882126078762175,0.00028663842411385154,3
127.51902830191335,$\hat{T}_{emp}$,0.03218219904745693,0.0002928724909951163,3
137.239032005553,$\hat{T}_{emp}$,0.04171980042767069,0.00022591864544198645,3
147.6999327600634,$\hat{T}_{emp}$,0.04635606788324107,0.00020332356110249063,3
158.95820466326612,$\hat{T}_{emp}$,0.04940667671543269,0.00019076937424907363,3
171.07462649164432,$\hat{T}_{emp}$,0.056041027374667735,0.0001681853677969845,3
184.11460981994108,$\hat{T}_{emp}$,0.06185447578811315,0.0001523783150796772,3
198.14855215133173,$\hat{T}_{emp}$,0.07463297977290877,0.0001262884160515681,3
213.25221696456873,$\hat{T}_{emp}$,0.07902232674513399,0.00011927364314553997,3
229.50714272982336,$\hat{T}_{emp}$,0.07449382786523212,0.00012652431846811232,3
247.00108310132606,$\hat{T}_{emp}$,0.07247124061721201,0.00013005546366334528,3
265.8284806632307,$\hat{T}_{emp}$,0.053181147075605804,0.00017722973871416825,3
286.0909767862566,$\hat{T}_{emp}$,0.01976903873761163,0.0004767698078711981,3
307.8979603476156,$\hat{T}_{emp}$,0.01991860654303722,0.0004731897675856289,3
331.36715827654194,$\hat{T}_{emp}$,0.016265170297205377,0.00057947630602729,3
356.62527111352796,$\hat{T}_{emp}$,0.01751128000121151,0.000538240539816466,3
383.8086570143992,$\hat{T}_{emp}$,0.023298778842170378,0.00040453969131076426,3
413.0640678918749,$\hat{T}_{emp}$,0.025513974633726046,0.0003694164055595797,3
444.5494416687491,$\hat{T}_{emp}$,0.03064115906060776,0.0003076019670824561,3
478.43475491973123,$\hat{T}_{emp}$,0.025324800370049364,0.000372175917006488,3
514.9029405050194,$\hat{T}_{emp}$,0.023387998795679675,0.0004029964634028648,3
554.1508751495202,$\hat{T}_{emp}$,0.02161608162805868,0.00043603095893637433,3
596.390442299262,$\hat{T}_{emp}$,0.023210426322999786,0.0004060796070509754,3
641.8496759929147,$\hat{T}_{emp}$,0.024956250286716056,0.00037767215396723063,3
690.7739919237116,$\hat{T}_{emp}$,0.021899744255267393,0.0004303831447009877,3
743.4275123377766,$\hat{T}_{emp}$,0.017941855497052964,0.0005253236379190278,3
800.0944919214219,$\hat{T}_{emp}$,0.016541511167408995,0.0005697956314474811,3
861.0808523752157,$\hat{T}_{emp}$,0.0169270468898503,0.0005568177876544375,3
926.7158339593304,$\hat{T}_{emp}$,0.015304403094156876,0.0006158541919434859,3
997.35377292621,$\hat{T}_{emp}$,0.012579392345697297,0.0007492636004753623,3
1073.3760144361563,$\hat{T}_{emp}$,0.01535401492567929,0.0006138642463454801,3
1155.1929712829099,$\hat{T}_{emp}$,0.0174188605211574,0.0005410962898107589,3
1243.246339543401,$\hat{T}_{emp}$,0.023422132463684454,0.00040240916643021634,3
1338.011483113092,$\hat{T}_{emp}$,0.021790639639504276,0.0004325380510465726,3
1.0,$\hat{T}_{GT}$,9.425337191438024e-06,0.9999940171149839,3
1.0762239473831834,$\hat{T}_{GT}$,8.757794437048973e-06,1.0762162629504823,3
1.1582579849210413,$\hat{T}_{GT}$,4.068745524379923e-05,0.23165078140800613,3
1.2465449806198148,$\hat{T}_{GT}$,2.2683452421458545e-05,0.41551350410015425,3
1.3415615596333508,$\hat{T}_{GT}$,1.4051258992805756e-05,0.6707783840263077,3
1.4438206773661448,$\hat{T}_{GT}$,1.3056108626823775e-05,0.7219058197298642,3
1.5538743887084543,$\hat{T}_{GT}$,6.065679174097124e-06,1.5538706433698453,3
1.6723168283534438,$\hat{T}_{GT}$,5.636089005117569e-06,1.6723087219118107,3
1.7997874182858689,$\hat{T}_{GT}$,5.236890753221997e-06,1.7997856447416754,3
1.9369743197582066,$\hat{T}_{GT}$,4.8659906183700875e-06,1.9369706067962913,3
2.0846181483900335,$\hat{T}_{GT}$,4.521347542421543e-06,2.084617630539717,3
2.2435159724469447,$\hat{T}_{GT}$,4.201133465809075e-06,2.2435090142784126,3
2.4145256158840724,$\hat{T}_{GT}$,3.903581536059335e-06,2.414521309126846,3
2.5985702893845684,$\hat{T}_{GT}$,3.6271046274600836e-06,2.5985687673226887,3
2.796643574394121,$\hat{T}_{GT}$,3.3702147163795804e-06,2.796641043350016,3
3.009814787058257,$\hat{T}_{GT}$,3.131517470735969e-06,3.0098126192201127,3
3.239234751020113,$\hat{T}_{GT}$,2.909725758347276e-06,3.239233379190666,3
3.486142010243649,$\hat{T}_{GT}$,2.703645324991686e-06,3.4861380350465727,3
3.751869515402767,$\hat{T}_{GT}$,2.5121588488283293e-06,3.751864976661536,3
4.037851819933397,$\hat{T}_{GT}$,2.334234347791581e-06,4.037846846717266,3
4.345632824597091,$\hat{T}_{GT}$,2.1689104044801014e-06,4.345629391265084,3
4.676874112365815,$\hat{T}_{GT}$,2.0152960973791075e-06,4.676871459725917,3
5.03336391862456,$\hat{T}_{GT}$,1.872560989311422e-06,5.033363855451904,3
5.417026785118212,$\hat{T}_{GT}$,1.7399383713828856e-06,5.4170199104455925,3
5.829933949760359,$\hat{T}_{GT}$,1.6167050903576475e-06,5.829932037044745,3
6.274314528394325,$\hat{T}_{GT}$,1.5022029806711542e-06,6.274305750956733,3
6.752567548872198,$\hat{T}_{GT}$,1.3958078307610922e-06,6.752563349347343,3
7.267274902418825,$\hat{T}_{GT}$,1.2969495746005394e-06,7.267268508594373,3
7.821215282199927,$\hat{T}_{GT}$,1.2050922377598781e-06,7.82121111181484,3
8.417379184342884,$\hat{T}_{GT}$,1.1197405785027726e-06,8.417378973022572,3
9.058985052394538,$\hat{T}_{GT}$,1.0404354846764661e-06,9.058976687689823,3
9.749496652373306,$\hat{T}_{GT}$,9.667458753787227e-07,9.749491609712859,3
10.492641772216333,$\hat{T}_{GT}$,8.982756700238223e-07,10.492637299727166,3
11.292432346572342,$\hat{T}_{GT}$,8.346548702111677e-07,11.292428927353857,3
12.153186115585632,$\hat{T}_{GT}$,7.755400861159712e-07,12.153183271199667,3
13.079549934598068,$\hat{T}_{GT}$,7.206121744544425e-07,13.079546994699353,3
14.076524860608592,$\hat{T}_{GT}$,6.695748534468039e-07,14.076515496677303,3
15.149493150921694,$\hat{T}_{GT}$,6.221517116948968e-07,15.149489463032333,3
16.304247319739442,$\hat{T}_{GT}$,5.78087478509598e-07,16.304246590895293,3
17.54702140956167,$\hat{T}_{GT}$,5.3714433659183e-07,17.547016990875463,3
18.88452464621569,$\hat{T}_{GT}$,4.991008697830858e-07,18.88452088818377,3
20.32397765920527,$\hat{T}_{GT}$,4.637519854381877e-07,20.32396862263276,3
21.87315146291753,$\hat{T}_{GT}$,4.3090651095428985e-07,21.87314547616384,3
23.540409409131357,$\hat{T}_{GT}$,4.003874148626211e-07,23.54040224756646,3
25.33475233731158,$\hat{T}_{GT}$,3.7202976089275235e-07,25.334749505286116,3
27.265867166436806,$\hat{T}_{GT}$,3.456805828451171e-07,27.265867012705154,3
29.344179190688156,$\hat{T}_{GT}$,3.2119763033236246e-07,29.344179130389183,3
31.580908361321878,$\hat{T}_{GT}$,2.984487529169635e-07,31.580901942491067,3
33.98812985856841,$\hat{T}_{GT}$,2.7731097097663376e-07,33.98812808427815,3
36.57883928056072,$\hat{T}_{GT}$,2.5767033039520443e-07,36.57883616741303,3
39.36702280122011,$\hat{T}_{GT}$,2.394207167873187e-07,39.367022733884795,3
42.36773267585289,$\hat{T}_{GT}$,2.224636694581408e-07,42.3677305318514,3
45.597168502081885,$\hat{T}_{GT}$,2.0670762095858179e-07,45.597161619009306,3
49.07276467480673,$\hat{T}_{GT}$,1.9206746023819437e-07,49.07276219012066,3
52.81328450732654,$\hat{T}_{GT}$,1.7846422256344583e-07,52.81327912869812,3
56.8389215267461,$\hat{T}_{GT}$,1.6582441681625412e-07,56.83892023677844,3
61.17140849051769,$\hat{T}_{GT}$,1.540798574329895e-07,61.171401361326524,3
65.83413471265413,$\hat{T}_{GT}$,1.4316709962783712e-07,65.83412547457053,3
70.8522723330089,$\hat{T}_{GT}$,1.3302722881135647e-07,70.85226750152927,3
76.25291221129912,$\hat{T}_{GT}$,1.2360552877641775e-07,76.25290627394318,3
82.06521017950769,$\hat{T}_{GT}$,1.1485112308319218e-07,82.06520361060977,3
88.32054444222037,$\hat{T}_{GT}$,1.0671675239579109e-07,88.32053627131464,3
95.0526849746383,$\hat{T}_{GT}$,9.915849146220599e-08,95.0526844624476,3
102.29797583277549,$\hat{T}_{GT}$,9.21355575716863e-08,102.29797321621467,3
110.0955313600591,$\hat{T}_{GT}$,8.561002493391977e-08,110.09552687321968,3
118.4874473495718,$\hat{T}_{GT}$,7.954666672818276e-08,118.48743873751867,3
127.51902830191335,$\hat{T}_{GT}$,7.39127417214588e-08,127.51902555920158,3
137.239032005553,$\hat{T}_{GT}$,6.86778470538852e-08,137.23902546528893,3
147.6999327600634,$\hat{T}_{GT}$,6.381371296706773e-08,147.69992784456005,3
158.95820466326612,$\hat{T}_{GT}$,5.929408377269755e-08,158.9581995542921,3
171.07462649164432,$\hat{T}_{GT}$,5.509455796341424e-08,171.0746242303689,3
184.11460981994108,$\hat{T}_{GT}$,5.119246708989868e-08,184.1146038962668,3
198.14855215133173,$\hat{T}_{GT}$,4.756674232315589e-08,198.1485453995672,3
213.25221696456873,$\hat{T}_{GT}$,4.419781083823137e-08,213.2522091473464,3
229.50714272982336,$\hat{T}_{GT}$,4.1067483526292326e-08,229.50714266909227,3
247.00108310132606,$\hat{T}_{GT}$,3.8158865277455017e-08,247.00107647849802,3
265.8284806632307,$\hat{T}_{GT}$,3.545624906284702e-08,265.82848016502936,3
286.0909767862566,$\hat{T}_{GT}$,3.2945048482756976e-08,286.0909676809989,3
307.8979603476156,$\hat{T}_{GT}$,3.061170294587132e-08,307.8979571112225,3
331.36715827654194,$\hat{T}_{GT}$,2.844361839119993e-08,331.3671513623394,3
356.62527111352796,$\hat{T}_{GT}$,2.6429088891254e-08,356.6252639094348,3
383.8086570143992,$\hat{T}_{GT}$,2.455723911801202e-08,383.8086502898528,3
413.0640678918749,$\hat{T}_{GT}$,2.2817963761422673e-08,413.0640621256607,3
444.5494416687491,$\hat{T}_{GT}$,2.120187312612545e-08,444.5494388472364,3
478.43475491973123,$\hat{T}_{GT}$,1.9700243071449137e-08,478.4347465432594,3
514.9029405050194,$\hat{T}_{GT}$,1.830496600548153e-08,514.9029393393528,3
554.1508751495202,$\hat{T}_{GT}$,1.7008510225099637e-08,554.1508736503202,3
596.390442299262,$\hat{T}_{GT}$,1.580387642222047e-08,596.3904392138434,3
641.8496759929147,$\hat{T}_{GT}$,1.4684561233827379e-08,641.8496712736147,3
690.7739919237116,$\hat{T}_{GT}$,1.3644521944116241e-08,690.773985291124,3
743.4275123377766,$\hat{T}_{GT}$,1.2678143767614697e-08,743.4275059102497,3
800.0944919214219,$\hat{T}_{GT}$,1.1780209608332416e-08,800.0944901746612,3
861.0808523752157,$\hat{T}_{GT}$,1.0945872104205227e-08,861.080844998027,3
926.7158339593304,$\hat{T}_{GT}$,1.017062670527084e-08,926.7158331398398,3
997.35377292621,$\hat{T}_{GT}$,9.450288439813703e-09,997.3537697559605,3
1073.3760144361563,$\hat{T}_{GT}$,8.780968368001533e-09,1073.3760111328675,3
1155.1929712829099,$\hat{T}_{GT}$,8.15905316994677e-09,1155.1929622724667,3
1243.246339543401,$\hat{T}_{GT}$,7.581185244927171e-09,1243.2463389594848,3
1338.011483113092,$\hat{T}_{GT}$,7.044245107805233e-09,1338.0114769552636,3
1.0,$\hat{T}_{Reset}$,0.0012441445092698192,0.0075757122508710905,3
1.0762239473831834,$\hat{T}_{Reset}$,0.00035031177748195893,0.02690540657376206,3
1.1582579849210413,$\hat{T}_{Reset}$,0.0010253238721437405,0.00919249132571453,3
1.2465449806198148,$\hat{T}_{Reset}$,0.00379569770519073,0.002483148430877416,3
1.3415615596333508,$\hat{T}_{Reset}$,0.0009484599820143884,0.009937457541130486,3
1.4438206773661448,$\hat{T}_{Reset}$,0.0007246140287887195,0.013007312067204761,3
1.5538743887084543,$\hat{T}_{Reset}$,0.00042459754218679863,0.02219815204814065,3
1.6723168283534438,$\hat{T}_{Reset}$,0.00040579840836846493,0.023226510026552925,3
1.7997874182858689,$\hat{T}_{Reset}$,0.0006336637811398617,0.014874261526790705,3
1.9369743197582066,$\hat{T}_{Reset}$,3.89279249469607e-05,0.2421213258495364,3
2.0846181483900335,$\hat{T}_{Reset}$,0.00026675950500287105,0.03533250221253757,3
2.2435159724469447,$\hat{T}_{Reset}$,0.0002016544063588356,0.046739771130800266,3
2.4145256158840724,$\hat{T}_{Reset}$,0.0001483360983702547,0.06354003445070648,3
2.5985702893845684,$\hat{T}_{Reset}$,0.0004497609738050504,0.020956199736473297,3
2.796643574394121,$\hat{T}_{Reset}$,0.0005527152134862512,0.017052689288719614,3
3.009814787058257,$\hat{T}_{Reset}$,3.131517470735969e-06,3.0098126192201127,3
3.239234751020113,$\hat{T}_{Reset}$,1.4548628791736378e-05,0.6478466758381333,3
3.486142010243649,$\hat{T}_{Reset}$,0.0002379207885992684,0.03961520494371105,3
3.751869515402767,$\hat{T}_{Reset}$,7.285260661602155e-05,0.12937465436763917,3
4.037851819933397,$\hat{T}_{Reset}$,7.936396782491375e-05,0.11876020137403726,3
4.345632824597091,$\hat{T}_{Reset}$,4.337820808960203e-06,2.172814695632542,3
4.676874112365815,$\hat{T}_{Reset}$,0.00011487187755060913,0.0820503764864196,3
5.03336391862456,$\hat{T}_{Reset}$,1.872560989311422e-06,5.033363855451904,3
5.417026785118212,$\hat{T}_{Reset}$,1.7399383713828856e-06,5.4170199104455925,3
5.829933949760359,$\hat{T}_{Reset}$,6.46682036143059e-06,1.4574830092611863,3
6.274314528394325,$\hat{T}_{Reset}$,0.00012318064441503465,0.07651592379215529,3
6.752567548872198,$\hat{T}_{Reset}$,6.979039153805461e-06,1.3505126698694685,3
7.267274902418825,$\hat{T}_{Reset}$,1.2969495746005394e-06,7.267268508594373,3
7.821215282199927,$\hat{T}_{Reset}$,1.2050922377598781e-06,7.82121111181484,3
8.417379184342884,$\hat{T}_{Reset}$,0.00014556627520536042,0.06474906902325057,3
9.058985052394538,$\hat{T}_{Reset}$,1.0404354846764661e-06,9.058976687689823,3
9.749496652373306,$\hat{T}_{Reset}$,9.667458753787227e-07,9.749491609712859,3
10.492641772216333,$\hat{T}_{Reset}$,8.982756700238223e-07,10.492637299727166,3
11.292432346572342,$\hat{T}_{Reset}$,8.346548702111677e-07,11.292428927353857,3
12.153186115585632,$\hat{T}_{Reset}$,0.00011633101291739568,0.08102122180799777,3
13.079549934598068,$\hat{T}_{Reset}$,4.323673046726655e-05,0.2179924499116559,3
14.076524860608592,$\hat{T}_{Reset}$,0.00014663689290485006,0.06427632646884614,3
15.149493150921694,$\hat{T}_{Reset}$,4.977213693559175e-06,1.8936861828790417,3
16.304247319739442,$\hat{T}_{Reset}$,7.919798455581492e-05,0.1190090992036153,3
17.54702140956167,$\hat{T}_{Reset}$,4.83429902932647e-06,1.9496685545417183,3
18.88452464621569,$\hat{T}_{Reset}$,3.992806958264686e-06,2.360565111022971,3
20.32397765920527,$\hat{T}_{Reset}$,4.637519854381877e-07,20.32396862263276,3
21.87315146291753,$\hat{T}_{Reset}$,4.3090651095428985e-07,21.87314547616384,3
23.540409409131357,$\hat{T}_{Reset}$,8.00774829725242e-06,1.177020112378323,3
25.33475233731158,$\hat{T}_{Reset}$,5.208416652498533e-06,1.809624964663294,3
27.265867166436806,$\hat{T}_{Reset}$,3.456805828451171e-07,27.265867012705154,3
29.344179190688156,$\hat{T}_{Reset}$,1.0599521800967962e-05,0.8892175494057327,3
31.580908361321878,$\hat{T}_{Reset}$,1.5817783904599065e-05,0.595866074386624,3
33.98812985856841,$\hat{T}_{Reset}$,2.7731097097663376e-07,33.98812808427815,3
36.57883928056072,$\hat{T}_{Reset}$,5.153406607904089e-07,18.289418083706515,3
39.36702280122011,$\hat{T}_{Reset}$,4.788414335746374e-07,19.683511366942398,3
42.36773267585289,$\hat{T}_{Reset}$,6.228982744827942e-06,1.5131332332804073,3
45.597168502081885,$\hat{T}_{Reset}$,1.4469533467100724e-06,6.513880231287045,3
49.07276467480673,$\hat{T}_{Reset}$,1.9206746023819437e-07,49.07276219012066,3
52.81328450732654,$\hat{T}_{Reset}$,1.7846422256344583e-07,52.81327912869812,3
56.8389215267461,$\hat{T}_{Reset}$,5.803854588568894e-06,1.6239691496222413,3
61.17140849051769,$\hat{T}_{Reset}$,1.540798574329895e-07,61.171401361326524,3
65.83413471265413,$\hat{T}_{Reset}$,1.4316709962783712e-07,65.83412547457053,3
70.8522723330089,$\hat{T}_{Reset}$,1.3302722881135647e-07,70.85226750152927,3
76.25291221129912,$\hat{T}_{Reset}$,1.2360552877641775e-07,76.25290627394318,3
82.06521017950769,$\hat{T}_{Reset}$,1.1485112308319218e-07,82.06520361060977,3
88.32054444222037,$\hat{T}_{Reset}$,1.0671675239579109e-07,88.32053627131464,3
95.0526849746383,$\hat{T}_{Reset}$,9.915849146220599e-08,95.0526844624476,3
102.29797583277549,$\hat{T}_{Reset}$,9.21355575716863e-08,102.29797321621467,3
110.0955313600591,$\hat{T}_{Reset}$,8.561002493391977e-08,110.09552687321968,3
118.4874473495718,$\hat{T}_{Reset}$,7.954666672818276e-08,118.48743873751867,3
127.51902830191335,$\hat{T}_{Reset}$,7.39127417214588e-08,127.51902555920158,3
137.239032005553,$\hat{T}_{Reset}$,6.86778470538852e-08,137.23902546528893,3
147.6999327600634,$\hat{T}_{Reset}$,6.381371296706773e-08,147.69992784456005,3
158.95820466326612,$\hat{T}_{Reset}$,5.929408377269755e-08,158.9581995542921,3
171.07462649164432,$\hat{T}_{Reset}$,5.509455796341424e-08,171.0746242303689,3
184.11460981994108,$\hat{T}_{Reset}$,5.119246708989868e-08,184.1146038962668,3
198.14855215133173,$\hat{T}_{Reset}$,4.756674232315589e-08,198.1485453995672,3
213.25221696456873,$\hat{T}_{Reset}$,4.419781083823137e-08,213.2522091473464,3
229.50714272982336,$\hat{T}_{Reset}$,4.1067483526292326e-08,229.50714266909227,3
247.00108310132606,$\hat{T}_{Reset}$,3.8158865277455017e-08,247.00107647849802,3
265.8284806632307,$\hat{T}_{Reset}$,1.0636874718854105e-07,88.60949338834313,3
286.0909767862566,$\hat{T}_{Reset}$,3.2945048482756976e-08,286.0909676809989,3
307.8979603476156,$\hat{T}_{Reset}$,3.061170294587132e-08,307.8979571112225,3
331.36715827654194,$\hat{T}_{Reset}$,2.844361839119993e-08,331.3671513623394,3
356.62527111352796,$\hat{T}_{Reset}$,8.985890223026359e-07,10.488978350277494,3
383.8086570143992,$\hat{T}_{Reset}$,2.455723911801202e-08,383.8086502898528,3
413.0640678918749,$\hat{T}_{Reset}$,2.2817963761422673e-08,413.0640621256607,3
444.5494416687491,$\hat{T}_{Reset}$,2.120187312612545e-08,444.5494388472364,3
478.43475491973123,$\hat{T}_{Reset}$,1.9700243071449137e-08,478.4347465432594,3
514.9029405050194,$\hat{T}_{Reset}$,1.830496600548153e-08,514.9029393393528,3
554.1508751495202,$\hat{T}_{Reset}$,1.7008510225099637e-08,554.1508736503202,3
596.390442299262,$\hat{T}_{Reset}$,1.580387642222047e-08,596.3904392138434,3
641.8496759929147,$\hat{T}_{Reset}$,1.4684561233827379e-08,641.8496712736147,3
690.7739919237116,$\hat{T}_{Reset}$,1.3644521944116241e-08,690.773985291124,3
743.4275123377766,$\hat{T}_{Reset}$,1.2678143767614697e-08,743.4275059102497,3
800.0944919214219,$\hat{T}_{Reset}$,1.1780209608332416e-08,800.0944901746612,3
861.0808523752157,$\hat{T}_{Reset}$,1.0945872104205227e-08,861.080844998027,3
926.7158339593304,$\hat{T}_{Reset}$,1.017062670527084e-08,926.7158331398398,3
997.35377292621,$\hat{T}_{Reset}$,9.450288439813703e-09,997.3537697559605,3
1073.3760144361563,$\hat{T}_{Reset}$,8.780968368001533e-09,1073.3760111328675,3
1155.1929712829099,$\hat{T}_{Reset}$,5.466565623864337e-07,17.241686004066665,3
1243.246339543401,$\hat{T}_{Reset}$,7.581185244927171e-09,1243.2463389594848,3
1338.011483113092,$\hat{T}_{Reset}$,7.044245107805233e-09,1338.0114769552636,3
1.0,$\hat{T}_{MLG}$,2.0509685183181428,4.59552680431116e-06,3
1.0762239473831834,$\hat{T}_{MLG}$,2.134438288744483,4.41581321438602e-06,3
1.1582579849210413,$\hat{T}_{MLG}$,6.528522949156955,1.4437079985981332e-06,3
1.2465449806198148,$\hat{T}_{MLG}$,2.4677973354277722,3.819309092128335e-06,3
1.3415615596333508,$\hat{T}_{MLG}$,1.146282996438006,8.222472836130144e-06,3
1.4438206773661448,$\hat{T}_{MLG}$,1.5514156403825439,6.0752776724652e-06,3
1.5538743887084543,$\hat{T}_{MLG}$,3.4598403816404018,2.7241952694536143e-06,3
1.6723168283534438,$\hat{T}_{MLG}$,1.620623323004261,5.815836824597265e-06,3
1.7997874182858689,$\hat{T}_{MLG}$,1.332582283540976,7.072944700783687e-06,3
1.9369743197582066,$\hat{T}_{MLG}$,1.2170719634612766,7.744226375837679e-06,3
2.0846181483900335,$\hat{T}_{MLG}$,1.3691188153933798,6.884194925055695e-06,3
2.2435159724469447,$\hat{T}_{MLG}$,1.7105507788817422,5.510085357940129e-06,3
2.4145256158840724,$\hat{T}_{MLG}$,1.8744454884161217,5.028303495074477e-06,3
2.5985702893845684,$\hat{T}_{MLG}$,0.6319524147340244,1.4914541951226302e-05,3
2.796643574394121,$\hat{T}_{MLG}$,0.4237892256965391,2.2240491804004687e-05,3
3.009814787058257,$\hat{T}_{MLG}$,0.3276498596673076,2.8766320273415365e-05,3
3.239234751020113,$\hat{T}_{MLG}$,0.3173346189335855,2.9701394800237575e-05,3
3.486142010243649,$\hat{T}_{MLG}$,0.40172009200234676,2.346230867803921e-05,3
3.751869515402767,$\hat{T}_{MLG}$,0.6925605786732787,1.3609323272175191e-05,3
4.037851819933397,$\hat{T}_{MLG}$,0.31132781124914216,3.0274458176133598e-05,3
4.345632824597091,$\hat{T}_{MLG}$,1.5254429504989577,6.178717334297196e-06,3
4.676874112365815,$\hat{T}_{MLG}$,1.198105020507653,7.866823558368659e-06,3
5.03336391862456,$\hat{T}_{MLG}$,0.4659486992217637,2.0228151331834708e-05,3
5.417026785118212,$\hat{T}_{MLG}$,0.37211006992464324,2.5329281743539222e-05,3
5.829933949760359,$\hat{T}_{MLG}$,0.3638068848243126,2.590737337277432e-05,3
6.274314528394325,$\hat{T}_{MLG}$,1.950541657383553,4.832135096961935e-06,3
6.752567548872198,$\hat{T}_{MLG}$,0.9057036691014207,1.0406583435927237e-05,3
7.267274902418825,$\hat{T}_{MLG}$,0.36361820913571286,2.592081629556561e-05,3
7.821215282199927,$\hat{T}_{MLG}$,0.25991169878840026,3.6263395778897565e-05,3
8.417379184342884,$\hat{T}_{MLG}$,0.2621390924222676,3.595526601406945e-05,3
9.058985052394538,$\hat{T}_{MLG}$,0.26842884319076593,3.5112772117529295e-05,3
9.749496652373306,$\hat{T}_{MLG}$,0.257699364706815,3.657471492586925e-05,3
10.492641772216333,$\hat{T}_{MLG}$,0.5284519616642892,1.7835643510614856e-05,3
11.292432346572342,$\hat{T}_{MLG}$,0.7720898736808279,1.2207491798585173e-05,3
12.153186115585632,$\hat{T}_{MLG}$,0.40470620144963954,2.328919291814268e-05,3
13.079549934598068,$\hat{T}_{MLG}$,0.7064746100436042,1.3341287382072561e-05,3
14.076524860608592,$\hat{T}_{MLG}$,1.3361577866406427,7.054017792633859e-06,3
15.149493150921694,$\hat{T}_{MLG}$,0.2918128047955454,3.229906517410386e-05,3
16.304247319739442,$\hat{T}_{MLG}$,0.2676190049137436,3.521902640571897e-05,3
17.54702140956167,$\hat{T}_{MLG}$,0.2656945082884057,3.5474127265357066e-05,3
18.88452464621569,$\hat{T}_{MLG}$,0.24900017116814058,3.785250731560673e-05,3
20.32397765920527,$\hat{T}_{MLG}$,0.3964106601263724,2.3776557365346003e-05,3
21.87315146291753,$\hat{T}_{MLG}$,0.2995982647739529,3.14597309428369e-05,3
23.540409409131357,$\hat{T}_{MLG}$,0.9006785989583522,1.046464389364846e-05,3
25.33475233731158,$\hat{T}_{MLG}$,2.0099657531794595,4.689274325107287e-06,3
27.265867166436806,$\hat{T}_{MLG}$,0.24138009313429964,3.9047465258393566e-05,3
29.344179190688156,$\hat{T}_{MLG}$,0.25019268208597306,3.767208825672441e-05,3
31.580908361321878,$\hat{T}_{MLG}$,0.23975145945140938,3.9312715018694595e-05,3
33.98812985856841,$\hat{T}_{MLG}$,0.2539625378074686,3.7112878466645204e-05,3
36.57883928056072,$\hat{T}_{MLG}$,0.2440000015890529,3.862819975142261e-05,3
39.36702280122011,$\hat{T}_{MLG}$,0.2502016390531581,3.767073963383135e-05,3
42.36773267585289,$\hat{T}_{MLG}$,0.2483878496577174,3.7945820674069056e-05,3
45.597168502081885,$\hat{T}_{MLG}$,0.24085307879095058,3.913290562048443e-05,3
49.07276467480673,$\hat{T}_{MLG}$,0.23107940134224425,4.078806135891745e-05,3
52.81328450732654,$\hat{T}_{MLG}$,0.2714390754482486,3.472337497895123e-05,3
56.8389215267461,$\hat{T}_{MLG}$,0.26452397933181054,3.56311016662372e-05,3
61.17140849051769,$\hat{T}_{MLG}$,0.2631507698482976,3.5817036773872636e-05,3
65.83413471265413,$\hat{T}_{MLG}$,0.2490292459348776,3.784808794383182e-05,3
70.8522723330089,$\hat{T}_{MLG}$,0.2434156767546092,3.872092761811364e-05,3
76.25291221129912,$\hat{T}_{MLG}$,0.25051217645653356,3.762404260762452e-05,3
82.06521017950769,$\hat{T}_{MLG}$,0.2493399275266443,3.780092861269557e-05,3
88.32054444222037,$\hat{T}_{MLG}$,0.24297299504065908,3.879147474455811e-05,3
95.0526849746383,$\hat{T}_{MLG}$,0.23917722409957892,3.9407100053997006e-05,3
102.29797583277549,$\hat{T}_{MLG}$,0.22649629657192152,4.161339917421771e-05,3
110.0955313600591,$\hat{T}_{MLG}$,0.2289190372990893,4.11729881093942e-05,3
118.4874473495718,$\hat{T}_{MLG}$,0.23115405673491002,4.077488811515164e-05,3
127.51902830191335,$\hat{T}_{MLG}$,0.2227988335870881,4.230399526326602e-05,3
137.239032005553,$\hat{T}_{MLG}$,0.22571499769111947,4.1757441451132234e-05,3
147.6999327600634,$\hat{T}_{MLG}$,0.21783811348209542,4.326736331888062e-05,3
158.95820466326612,$\hat{T}_{MLG}$,0.22074175328437343,4.269822387696237e-05,3
171.07462649164432,$\hat{T}_{MLG}$,0.21661463875021741,4.351174442830637e-05,3
184.11460981994108,$\hat{T}_{MLG}$,0.2761758114915212,3.412782875454222e-05,3
198.14855215133173,$\hat{T}_{MLG}$,0.23478238175554766,4.014475332541284e-05,3
213.25221696456873,$\hat{T}_{MLG}$,0.22583342906960735,4.173554304851948e-05,3
229.50714272982336,$\hat{T}_{MLG}$,0.24168285006130347,3.89985503660629e-05,3
247.00108310132606,$\hat{T}_{MLG}$,0.2287704494463721,4.1199730225379584e-05,3
265.8284806632307,$\hat{T}_{MLG}$,0.22927735860982146,4.1108641768544964e-05,3
286.0909767862566,$\hat{T}_{MLG}$,0.23136202334594855,4.0738236398616017e-05,3
307.8979603476156,$\hat{T}_{MLG}$,0.22384762747522785,4.210578824103204e-05,3
331.36715827654194,$\hat{T}_{MLG}$,0.2307236909112485,4.0850944970167596e-05,3
356.62527111352796,$\hat{T}_{MLG}$,0.3771833065434169,2.4988594768693567e-05,3
383.8086570143992,$\hat{T}_{MLG}$,0.22784538413479566,4.136700349019701e-05,3
413.0640678918749,$\hat{T}_{MLG}$,0.21898801128149792,4.30401680236899e-05,3
444.5494416687491,$\hat{T}_{MLG}$,0.2220154823856534,4.245325911261056e-05,3
478.43475491973123,$\hat{T}_{MLG}$,0.22821091780658675,4.1300744466211206e-05,3
514.9029405050194,$\hat{T}_{MLG}$,0.22076566720685842,4.2693598692127435e-05,3
554.1508751495202,$\hat{T}_{MLG}$,0.22447773882362712,4.198759685536054e-05,3
596.390442299262,$\hat{T}_{MLG}$,0.2268345061114301,4.155135372613591e-05,3
641.8496759929147,$\hat{T}_{MLG}$,0.22032164244310745,4.277964114743386e-05,3
690.7739919237116,$\hat{T}_{MLG}$,0.3870802465497439,2.434968171262163e-05,3
743.4275123377766,$\hat{T}_{MLG}$,0.21845534991064447,4.314511319857638e-05,3
800.0944919214219,$\hat{T}_{MLG}$,0.2233031231872422,4.220845936322246e-05,3
861.0808523752157,$\hat{T}_{MLG}$,0.22842245451013224,4.126249681075591e-05,3
926.7158339593304,$\hat{T}_{MLG}$,0.222638995162077,4.233436642070695e-05,3
997.35377292621,$\hat{T}_{MLG}$,0.22700998345938694,4.1519234780331115e-05,3
1073.3760144361563,$\hat{T}_{MLG}$,0.2192720748928002,4.298441014587603e-05,3
1155.1929712829099,$\hat{T}_{MLG}$,0.22501488649309623,4.188736553222913e-05,3
1243.246339543401,$\hat{T}_{MLG}$,0.22890801700562954,4.117497029602757e-05,3
1338.011483113092,$\hat{T}_{MLG}$,0.2269915213231941,4.152261170719899e-05,3
1.0,$\hat{T}_{MLD}$,0.23407101004740943,4.026675836029564e-05,3
1.0762239473831834,$\hat{T}_{MLD}$,0.2259089300952848,4.172159461227999e-05,3
1.1582579849210413,$\hat{T}_{MLD}$,0.23025263797929824,4.093451820333449e-05,3
1.2465449806198148,$\hat{T}_{MLD}$,0.23647597304449738,3.985724502740846e-05,3
1.3415615596333508,$\hat{T}_{MLD}$,0.22779114817052606,4.1376852772494646e-05,3
1.4438206773661448,$\hat{T}_{MLD}$,0.2354056528511277,4.003846418543733e-05,3
1.5538743887084543,$\hat{T}_{MLD}$,0.2334371726474263,4.037609217862195e-05,3
1.6723168283534438,$\hat{T}_{MLD}$,0.23078749731722165,4.083965080558133e-05,3
1.7997874182858689,$\hat{T}_{MLD}$,0.22166905269359477,4.2519606080320104e-05,3
1.9369743197582066,$\hat{T}_{MLD}$,0.2183096311579111,4.317391198335052e-05,3
2.0846181483900335,$\hat{T}_{MLD}$,0.21474217102449214,4.389114981823659e-05,3
2.2435159724469447,$\hat{T}_{MLD}$,0.2199742601845978,4.284719854413817e-05,3
2.4145256158840724,$\hat{T}_{MLD}$,0.21473359106860546,4.3892903545389305e-05,3
2.5985702893845684,$\hat{T}_{MLD}$,0.20378966940754872,4.62500421543951e-05,3
2.796643574394121,$\hat{T}_{MLD}$,0.2085124727433885,4.5202479624942374e-05,3
3.009814787058257,$\hat{T}_{MLD}$,0.19960044023812057,4.722074154488406e-05,3
3.239234751020113,$\hat{T}_{MLD}$,0.2032420231555976,4.6374665309809394e-05,3
3.486142010243649,$\hat{T}_{MLD}$,0.20072927738589938,4.695518722268597e-05,3
3.751869515402767,$\hat{T}_{MLD}$,0.20301189447174323,4.642723435124268e-05,3
4.037851819933397,$\hat{T}_{MLD}$,0.1913514495011741,4.92563856991924e-05,3
4.345632824597091,$\hat{T}_{MLD}$,0.19619277566092122,4.80409167410885e-05,3
4.676874112365815,$\hat{T}_{MLD}$,0.19153700325470321,4.920866798879464e-05,3
5.03336391862456,$\hat{T}_{MLD}$,0.19650272407626565,4.796514066172069e-05,3
5.417026785118212,$\hat{T}_{MLD}$,0.19136863064762247,4.925196344266399e-05,3
5.829933949760359,$\hat{T}_{MLD}$,0.1958382366112568,4.812788842374413e-05,3
6.274314528394325,$\hat{T}_{MLD}$,0.20005799185956208,4.7112743225703196e-05,3
6.752567548872198,$\hat{T}_{MLD}$,0.19140882709151336,4.9241620378474515e-05,3
7.267274902418825,$\hat{T}_{MLD}$,0.18487316000077816,5.09824184359141e-05,3
7.821215282199927,$\hat{T}_{MLD}$,0.18790089172246244,5.01609157589891e-05,3
8.417379184342884,$\hat{T}_{MLD}$,0.1965678552589736,4.794924779695938e-05,3
9.058985052394538,$\hat{T}_{MLD}$,0.19039358777321835,4.9504192399357547e-05,3
9.749496652373306,$\hat{T}_{MLD}$,0.1844962042550353,5.1086583806897667e-05,3
10.492641772216333,$\hat{T}_{MLD}$,0.18923536826607645,4.980718396931408e-05,3
11.292432346572342,$\hat{T}_{MLD}$,0.19535323078040231,4.824737611493297e-05,3
12.153186115585632,$\hat{T}_{MLD}$,0.18937387884900544,4.977075433008626e-05,3
13.079549934598068,$\hat{T}_{MLD}$,0.20497442337550595,4.598271650440302e-05,3
14.076524860608592,$\hat{T}_{MLD}$,0.1974382025082274,4.773787788275985e-05,3
15.149493150921694,$\hat{T}_{MLD}$,0.20390083129858616,4.62248277297471e-05,3
16.304247319739442,$\hat{T}_{MLD}$,0.1954956590249283,4.821222551815087e-05,3
17.54702140956167,$\hat{T}_{MLD}$,0.20078005014833242,4.69433133110892e-05,3
18.88452464621569,$\hat{T}_{MLD}$,0.1952427542921427,4.8274676491329736e-05,3
20.32397765920527,$\hat{T}_{MLD}$,0.2014445123647873,4.6788471376482714e-05,3
21.87315146291753,$\hat{T}_{MLD}$,0.19885003686146657,4.739893916789016e-05,3
23.540409409131357,$\hat{T}_{MLD}$,0.213678788726772,4.410957613945173e-05,3
25.33475233731158,$\hat{T}_{MLD}$,0.20500242643613717,4.5976435326074317e-05,3
27.265867166436806,$\hat{T}_{MLD}$,0.20523813546980063,4.592363295035017e-05,3
29.344179190688156,$\hat{T}_{MLD}$,0.2098776846494513,4.490844663391426e-05,3
31.580908361321878,$\hat{T}_{MLD}$,0.2051341261569739,4.5946917645077266e-05,3
33.98812985856841,$\hat{T}_{MLD}$,0.20762308811999802,4.539611122286133e-05,3
36.57883928056072,$\hat{T}_{MLD}$,0.19956020361676383,4.723026249677373e-05,3
39.36702280122011,$\hat{T}_{MLD}$,0.20729733867856046,4.546744719836662e-05,3
42.36773267585289,$\hat{T}_{MLD}$,0.20654283385234107,4.563354063141967e-05,3
45.597168502081885,$\hat{T}_{MLD}$,0.2124430322087681,4.436615643607992e-05,3
49.07276467480673,$\hat{T}_{MLD}$,0.20671673844310887,4.5595150502644614e-05,3
52.81328450732654,$\hat{T}_{MLD}$,0.21282845565092684,4.428581118019461e-05,3
56.8389215267461,$\hat{T}_{MLD}$,0.21427919491035116,4.398598195533011e-05,3
61.17140849051769,$\hat{T}_{MLD}$,0.20939145875320736,4.501272810672846e-05,3
65.83413471265413,$\hat{T}_{MLD}$,0.21598787183767143,4.363800948885253e-05,3
70.8522723330089,$\hat{T}_{MLD}$,0.21035639617490845,4.480624774010854e-05,3
76.25291221129912,$\hat{T}_{MLD}$,0.21255790308955727,4.434218000710237e-05,3
82.06521017950769,$\hat{T}_{MLD}$,0.2173319092200644,4.3368140622119074e-05,3
88.32054444222037,$\hat{T}_{MLD}$,0.21095965978507247,4.4678119078936356e-05,3
95.0526849746383,$\hat{T}_{MLD}$,0.21366218987661212,4.411300289570363e-05,3
102.29797583277549,$\hat{T}_{MLD}$,0.2078813575582898,4.533971160971723e-05,3
110.0955313600591,$\hat{T}_{MLD}$,0.21265664143927573,4.4321591542772324e-05,3
118.4874473495718,$\hat{T}_{MLD}$,0.21753224229326043,4.332820138001852e-05,3
127.51902830191335,$\hat{T}_{MLD}$,0.21121405663135143,4.462430650238425e-05,3
137.239032005553,$\hat{T}_{MLD}$,0.21436997368230562,4.396735531020566e-05,3
147.6999327600634,$\hat{T}_{MLD}$,0.20797974624923735,4.5318262815045296e-05,3
158.95820466326612,$\hat{T}_{MLD}$,0.2111105030575291,4.464619554319813e-05,3
171.07462649164432,$\hat{T}_{MLD}$,0.2076585966410611,4.5388348728085715e-05,3
184.11460981994108,$\hat{T}_{MLD}$,0.21335100512549218,4.417734425570415e-05,3
198.14855215133173,$\hat{T}_{MLD}$,0.2144498046167519,4.3950988053234666e-05,3
213.25221696456873,$\hat{T}_{MLD}$,0.20869834671282098,4.5162220732390434e-05,3
229.50714272982336,$\hat{T}_{MLD}$,0.21783985218321927,4.326701797796859e-05,3
247.00108310132606,$\hat{T}_{MLD}$,0.2131820611994171,4.4212354208887545e-05,3
265.8284806632307,$\hat{T}_{MLD}$,0.21492671268124305,4.385346373723199e-05,3
286.0909767862566,$\hat{T}_{MLD}$,0.22005568931060016,4.28313434215552e-05,3
307.8979603476156,$\hat{T}_{MLD}$,0.2149335238250731,4.385207404127556e-05,3
331.36715827654194,$\hat{T}_{MLD}$,0.22193972710674842,4.246774979675452e-05,3
356.62527111352796,$\hat{T}_{MLD}$,0.2147464683485099,4.3890271505807374e-05,3
383.8086570143992,$\hat{T}_{MLD}$,0.21890269745614016,4.305694224082296e-05,3
413.0640678918749,$\hat{T}_{MLD}$,0.21178407050212297,4.4504200804067973e-05,3
444.5494416687491,$\hat{T}_{MLD}$,0.21584204060497936,4.366749301624205e-05,3
478.43475491973123,$\hat{T}_{MLD}$,0.22147641585071706,4.255658899177031e-05,3
514.9029405050194,$\hat{T}_{MLD}$,0.21545197853784837,4.374655022754239e-05,3
554.1508751495202,$\hat{T}_{MLD}$,0.2201240827962542,4.281803554158753e-05,3
596.390442299262,$\hat{T}_{MLD}$,0.22281417459937766,4.230108258451747e-05,3
641.8496759929147,$\hat{T}_{MLD}$,0.21649857428938618,4.353507098910925e-05,3
690.7739919237116,$\hat{T}_{MLD}$,0.22131872267446384,4.258691125103297e-05,3
743.4275123377766,$\hat{T}_{MLD}$,0.21510149122219843,4.3817831048847154e-05,3
800.0944919214219,$\hat{T}_{MLD}$,0.22018886749225594,4.280543747771833e-05,3
861.0808523752157,$\hat{T}_{MLD}$,0.22494007733624233,4.1901296168936493e-05,3
926.7158339593304,$\hat{T}_{MLD}$,0.2197138195633693,4.289798802578713e-05,3
997.35377292621,$\hat{T}_{MLD}$,0.22272695675042417,4.231764730342377e-05,3
1073.3760144361563,$\hat{T}_{MLD}$,0.21663223493833864,4.350821013969664e-05,3
1155.1929712829099,$\hat{T}_{MLD}$,0.2225026134946611,4.236031502144817e-05,3
1243.246339543401,$\hat{T}_{MLD}$,0.22595793050682283,4.171254701965317e-05,3
1338.011483113092,$\hat{T}_{MLD}$,0.2210771961724911,4.263343738707216e-05,3
1.0,$\hat{T}_{emp}$,0.04695166740120464,0.00020859328791546697,4
1.0762239473831834,$\hat{T}_{emp}$,0.05122488351776354,0.0001911922878835727,4
1.1582579849210413,$\hat{T}_{emp}$,0.04101839951295407,0.000238766085284184,4
1.2465449806198148,$\hat{T}_{emp}$,0.04424959537390594,0.00022133089791158062,4
1.3415615596333508,$\hat{T}_{emp}$,0.04373631187034604,0.0002239284077121987,4
1.4438206773661448,$\hat{T}_{emp}$,0.028367735939927148,0.0003452444247602467,4
1.5538743887084543,$\hat{T}_{emp}$,0.011748540886687088,0.0008336186400328755,4
1.6723168283534438,$\hat{T}_{emp}$,0.013054019865067466,0.0007502518593938196,4
1.7997874182858689,$\hat{T}_{emp}$,0.011949914837810924,0.0008195709182246213,4
1.9369743197582066,$\hat{T}_{emp}$,0.013778283402856781,0.0007108144309399299,4
2.0846181483900335,$\hat{T}_{emp}$,0.015480385247827109,0.0006326588466333822,4
2.2435159724469447,$\hat{T}_{emp}$,0.01600785768852996,0.0006118122029125881,4
2.4145256158840724,$\hat{T}_{emp}$,0.012225395074147386,0.0008011031641048014,4
2.5985702893845684,$\hat{T}_{emp}$,0.015938762588192726,0.0006144644304813144,4
2.796643574394121,$\hat{T}_{emp}$,0.01814730767075699,0.0005396835086514069,4
3.009814787058257,$\hat{T}_{emp}$,0.016852250763053255,0.0005811569513196767,4
3.239234751020113,$\hat{T}_{emp}$,0.019679932757458208,0.0004976542753998544,4
3.486142010243649,$\hat{T}_{emp}$,0.028197542934039043,0.0003473282299539653,4
3.751869515402767,$\hat{T}_{emp}$,0.02132941428295474,0.0004591688522903967,4
4.037851819933397,$\hat{T}_{emp}$,0.0279878530922709,0.0003499304731964372,4
4.345632824597091,$\hat{T}_{emp}$,0.038459631472666955,0.0002546514956413746,4
4.676874112365815,$\hat{T}_{emp}$,0.06643924830483275,0.00014740989590061827,4
5.03336391862456,$\hat{T}_{emp}$,0.0782242043223533,0.00012520169123065214,4
5.417026785118212,$\hat{T}_{emp}$,0.1044517606900654,9.376388307509145e-05,4
5.829933949760359,$\hat{T}_{emp}$,0.11735406128678391,8.345516609260864e-05,4
6.274314528394325,$\hat{T}_{emp}$,0.13847693169809613,7.07251565746916e-05,4
6.752567548872198,$\hat{T}_{emp}$,0.14801014688029843,6.616980580562056e-05,4
7.267274902418825,$\hat{T}_{emp}$,0.1638390516787125,5.977697365788175e-05,4
7.821215282199927,$\hat{T}_{emp}$,0.15642609205247263,6.260977659050272e-05,4
8.417379184342884,$\hat{T}_{emp}$,0.1637611567276624,5.980540728970293e-05,4
9.058985052394538,$\hat{T}_{emp}$,0.15173124346601136,6.454704023120058e-05,4
9.749496652373306,$\hat{T}_{emp}$,0.16877353145630833,5.8029257264585465e-05,4
10.492641772216333,$\hat{T}_{emp}$,0.17579233774052486,5.571234106225205e-05,4
11.292432346572342,$\hat{T}_{emp}$,0.18147158153645476,5.3968795518340176e-05,4
12.153186115585632,$\hat{T}_{emp}$,0.18343950584452476,5.338982260795839e-05,4
13.079549934598068,$\hat{T}_{emp}$,0.203969772937614,4.801595126218161e-05,4
14.076524860608592,$\hat{T}_{emp}$,0.16801492253819517,5.829126680163948e-05,4
15.149493150921694,$\hat{T}_{emp}$,0.11192919260119313,8.749998502380267e-05,4
16.304247319739442,$\hat{T}_{emp}$,0.07471447681965651,0.00013108306573531527,4
17.54702140956167,$\hat{T}_{emp}$,0.06916269685121773,0.00014160527455138247,4
18.88452464621569,$\hat{T}_{emp}$,0.07617838504188598,0.00012856406277116127,4
20.32397765920527,$\hat{T}_{emp}$,0.08303878156522762,0.00011794251422918114,4
21.87315146291753,$\hat{T}_{emp}$,0.09470727144588034,0.00010341130651121448,4
23.540409409131357,$\hat{T}_{emp}$,0.1105519965451851,8.859001178081641e-05,4
25.33475233731158,$\hat{T}_{emp}$,0.05485550951865886,0.0001785381771542821,4
27.265867166436806,$\hat{T}_{emp}$,0.05105727712481829,0.0001918199173134143,4
29.344179190688156,$\hat{T}_{emp}$,0.04362695656295078,0.00022448970654643125,4
31.580908361321878,$\hat{T}_{emp}$,0.050189482041072014,0.00019513655606798395,4
33.98812985856841,$\hat{T}_{emp}$,0.043257334734528384,0.0002264079083104772,4
36.57883928056072,$\hat{T}_{emp}$,0.04235539624128758,0.00023122915957480365,4
39.36702280122011,$\hat{T}_{emp}$,0.03550466030697199,0.00027584555355983874,4
42.36773267585289,$\hat{T}_{emp}$,0.031067230424230572,0.0003152454384441088,4
45.597168502081885,$\hat{T}_{emp}$,0.026905421206963653,0.00036400852456440616,4
49.07276467480673,$\hat{T}_{emp}$,0.019717027505526792,0.0004967180105411663,4
52.81328450732654,$\hat{T}_{emp}$,0.01966130862750625,0.0004981256772821904,4
56.8389215267461,$\hat{T}_{emp}$,0.014616545706428468,0.0006700490576253824,4
61.17140849051769,$\hat{T}_{emp}$,0.017311913518082974,0.0005657261784551264,4
65.83413471265413,$\hat{T}_{emp}$,0.018689176570313177,0.0005240360718667343,4
70.8522723330089,$\hat{T}_{emp}$,0.020578630039431063,0.00047592102377877693,4
76.25291221129912,$\hat{T}_{emp}$,0.016537986365749175,0.0005922004323702961,4
82.06521017950769,$\hat{T}_{emp}$,0.018910293092536737,0.0005179085606132679,4
88.32054444222037,$\hat{T}_{emp}$,0.02614181875965222,0.0003746412124716688,4
95.0526849746383,$\hat{T}_{emp}$,0.02497684019118859,0.0003921153597237578,4
102.29797583277549,$\hat{T}_{emp}$,0.02231020756571408,0.00043898303713595484,4
110.0955313600591,$\hat{T}_{emp}$,0.02610594852253458,0.00037515597902434923,4
118.4874473495718,$\hat{T}_{emp}$,0.02585821401950008,0.00037875015919293825,4
127.51902830191335,$\hat{T}_{emp}$,0.01940703876592225,0.0005046520901235139,4
137.239032005553,$\hat{T}_{emp}$,0.020639850126070055,0.0004745093891917479,4
147.6999327600634,$\hat{T}_{emp}$,0.01835367487927491,0.0005336153517348152,4
158.95820466326612,$\hat{T}_{emp}$,0.014501720465829494,0.0006753545346159396,4
171.07462649164432,$\hat{T}_{emp}$,0.007025963438678608,0.0013939444407602372,4
184.11460981994108,$\hat{T}_{emp}$,0.0070166151101013225,0.0013958016112685563,4
198.14855215133173,$\hat{T}_{emp}$,0.008636057056843617,0.0011340595148766016,4
213.25221696456873,$\hat{T}_{emp}$,0.008770931137352056,0.0011166206327424745,4
229.50714272982336,$\hat{T}_{emp}$,0.009518981356721657,0.0010288708748667742,4
247.00108310132606,$\hat{T}_{emp}$,0.0064290285462332885,0.0015233720936064013,4
265.8284806632307,$\hat{T}_{emp}$,0.007472998360984844,0.0013105586544033482,4
286.0909767862566,$\hat{T}_{emp}$,0.00613010065341206,0.0015976577270194446,4
307.8979603476156,$\hat{T}_{emp}$,0.007393558885986531,0.001324639842240727,4
331.36715827654194,$\hat{T}_{emp}$,0.010185677753548308,0.0009615268530284036,4
356.62527111352796,$\hat{T}_{emp}$,0.011711470734917075,0.0008362572812593952,4
383.8086570143992,$\hat{T}_{emp}$,0.017713216461893704,0.0005529093317072058,4
413.0640678918749,$\hat{T}_{emp}$,0.023092623742874067,0.00042410956785942955,4
444.5494416687491,$\hat{T}_{emp}$,0.023969720621485033,0.00040859060608124657,4
478.43475491973123,$\hat{T}_{emp}$,0.02350110586804526,0.0004167379497510148,4
514.9029405050194,$\hat{T}_{emp}$,0.02451694944929718,0.0003994706884959328,4
554.1508751495202,$\hat{T}_{emp}$,0.024307556346575686,0.0004029118573949298,4
596.390442299262,$\hat{T}_{emp}$,0.026742994740623957,0.0003662193696449951,4
641.8496759929147,$\hat{T}_{emp}$,0.023522396165496538,0.0004163607571024848,4
690.7739919237116,$\hat{T}_{emp}$,0.009642821252229351,0.0010156573911464415,4
743.4275123377766,$\hat{T}_{emp}$,0.009171318441050813,0.0010678729278980948,4
800.0944919214219,$\hat{T}_{emp}$,0.01087480694410245,0.0009005955440562586,4
861.0808523752157,$\hat{T}_{emp}$,0.013463712966295921,0.0007274221235143543,4
926.7158339593304,$\hat{T}_{emp}$,0.014049010682714039,0.0006971168929625102,4
997.35377292621,$\hat{T}_{emp}$,0.013799404569290786,0.0007097264687873464,4
1073.3760144361563,$\hat{T}_{emp}$,0.01449451329036598,0.0006756903443484604,4
1155.1929712829099,$\hat{T}_{emp}$,0.014278666226858493,0.0006859045880565763,4
1243.246339543401,$\hat{T}_{emp}$,0.009808026958926415,0.0009985497304753283,4
1338.011483113092,$\hat{T}_{emp}$,0.01051349843064076,0.0009315455498416645,4
1.0,$\hat{T}_{GT}$,1.9587679349689046e-05,0.4999981111333743,4
1.0762239473831834,$\hat{T}_{GT}$,9.100174723354689e-06,1.0762213884966305,4
1.1582579849210413,$\hat{T}_{GT}$,8.455658526686058e-06,1.1582542797135766,4
1.2465449806198148,$\hat{T}_{GT}$,7.85681736042364e-06,1.246535617038022,4
1.3415615596333508,$\hat{T}_{GT}$,7.300335815447511e-06,1.3415550906037825,4
1.4438206773661448,$\hat{T}_{GT}$,6.783294103282436e-06,1.4438121843473517,4
1.5538743887084543,$\hat{T}_{GT}$,6.3028652825574505e-06,1.55386514502128,4
1.6723168283534438,$\hat{T}_{GT}$,5.856446776611694e-06,1.6723113945888237,4
1.7997874182858689,$\hat{T}_{GT}$,5.441673423411167e-06,1.7997777364212681,4
1.9369743197582066,$\hat{T}_{GT}$,5.056250790039186e-06,1.9369693243113089,4
2.0846181483900335,$\hat{T}_{GT}$,4.698144233027954e-06,2.0846108996569948,4
2.2435159724469447,$\hat{T}_{GT}$,4.365382516643021e-06,2.2435153480804604,4
2.4145256158840724,$\hat{T}_{GT}$,4.056202745238018e-06,2.414524936611871,4
2.5985702893845684,$\hat{T}_{GT}$,3.768919978291021e-06,2.5985700765054784,4
2.796643574394121,$\hat{T}_{GT}$,3.501989129825741e-06,2.796639941831591,4
3.009814787058257,$\hat{T}_{GT}$,3.253958440442799e-06,3.0098118508846055,4
3.239234751020113,$\hat{T}_{GT}$,3.0234955841846994e-06,3.2392316785776525,4
3.486142010243649,$\hat{T}_{GT}$,2.809359662652092e-06,3.48613344404795,4
3.751869515402767,$\hat{T}_{GT}$,2.6103799146927842e-06,3.7518686920648316,4
4.037851819933397,$\hat{T}_{GT}$,2.4255007446287285e-06,4.037847730213689,4
4.345632824597091,$\hat{T}_{GT}$,2.253714120871196e-06,4.345627773120057,4
4.676874112365815,$\hat{T}_{GT}$,2.0940917295941233e-06,4.676873767238916,4
5.03336391862456,$\hat{T}_{GT}$,1.945778924490157e-06,5.033358390854678,4
5.417026785118212,$\hat{T}_{GT}$,1.8079684401029096e-06,5.417020816897257,4
5.829933949760359,$\hat{T}_{GT}$,1.6799184231613712e-06,5.829927537731361,4
6.274314528394325,$\hat{T}_{GT}$,1.5609366244121123e-06,6.274311540367191,4
6.752567548872198,$\hat{T}_{GT}$,1.4503831187008049e-06,6.752562512657773,4
7.267274902418825,$\hat{T}_{GT}$,1.347659856042974e-06,7.267266018509658,4
7.821215282199927,$\hat{T}_{GT}$,1.2522101509163675e-06,7.8212132916855985,4
8.417379184342884,$\hat{T}_{GT}$,1.163522634587572e-06,8.417371854396526,4
9.058985052394538,$\hat{T}_{GT}$,1.0811149754965291e-06,9.058983455328306,4
9.749496652373306,$\hat{T}_{GT}$,1.004544559587574e-06,9.749495513023005,4
10.492641772216333,$\hat{T}_{GT}$,9.333974266232948e-07,10.492639466300302,4
11.292432346572342,$\hat{T}_{GT}$,8.672891489985413e-07,11.292430774257499,4
12.153186115585632,$\hat{T}_{GT}$,8.058634625535395e-07,12.153178710072178,4
13.079549934598068,$\hat{T}_{GT}$,7.487877126931498e-07,13.07954512381827,4
14.076524860608592,$\hat{T}_{GT}$,6.957542985439949e-07,14.07652485486071,4
15.149493150921694,$\hat{T}_{GT}$,6.464776021369964e-07,15.149484907066123,4
16.304247319739442,$\hat{T}_{GT}$,6.006904335843618e-07,16.304242799224248,4
17.54702140956167,$\hat{T}_{GT}$,5.581462845597203e-07,17.547017596034557,4
18.88452464621569,$\hat{T}_{GT}$,5.186154419822312e-07,18.884518052330343,4
20.32397765920527,$\hat{T}_{GT}$,4.818842831995381e-07,20.323971994486726,4
21.87315146291753,$\hat{T}_{GT}$,4.4775464478280766e-07,21.873145908026043,4
23.540409409131357,$\hat{T}_{GT}$,4.1604225657991633e-07,23.54040370043388,4
25.33475233731158,$\hat{T}_{GT}$,3.865759192582072e-07,25.334745876369784,4
27.265867166436806,$\hat{T}_{GT}$,3.591965634946377e-07,27.265858506680647,4
29.344179190688156,$\hat{T}_{GT}$,3.33756313835067e-07,29.34417199121676,4
31.580908361321878,$\hat{T}_{GT}$,3.101179068281761e-07,31.580900234042524,4
33.98812985856841,$\hat{T}_{GT}$,2.8815362968397326e-07,33.98812878766053,4
36.57883928056072,$\hat{T}_{GT}$,2.677450724196872e-07,36.57883444061691,4
39.36702280122011,$\hat{T}_{GT}$,2.487819016142214e-07,39.36702233073883,4
42.36773267585289,$\hat{T}_{GT}$,2.3116186809302787e-07,42.36772594513445,4
45.597168502081885,$\hat{T}_{GT}$,2.1478973373805447e-07,45.59716382103577,4
49.07276467480673,$\hat{T}_{GT}$,1.9957717579535995e-07,49.07275913340399,4
52.81328450732654,$\hat{T}_{GT}$,1.854420567749401e-07,52.813276808166954,4
56.8389215267461,$\hat{T}_{GT}$,1.7230803162196996e-07,56.838921460245935,4
61.17140849051769,$\hat{T}_{GT}$,1.60104259894043e-07,61.171405950174346,4
65.83413471265413,$\hat{T}_{GT}$,1.4876482794826972e-07,65.83412767254596,4
70.8522723330089,$\hat{T}_{GT}$,1.3822850221953506e-07,70.85226649404163,4
76.25291221129912,$\hat{T}_{GT}$,1.284384085813297e-07,76.25291207286408,4
82.06521017950769,$\hat{T}_{GT}$,1.1934172536389977e-07,82.06520097197536,4
88.32054444222037,$\hat{T}_{GT}$,1.108892955568988e-07,88.3205419165585,4
95.0526849746383,$\hat{T}_{GT}$,1.0303551912540155e-07,95.05268435063611,4
102.29797583277549,$\hat{T}_{GT}$,9.573799345037239e-08,102.29797307594009,4
110.0955313600591,$\hat{T}_{GT}$,8.895731881217783e-08,110.09552454035968,4
118.4874473495718,$\hat{T}_{GT}$,8.265688317755541e-08,118.48744230160042,4
127.51902830191335,$\hat{T}_{GT}$,7.680267986054784e-08,127.51902269704036,4
137.239032005553,$\hat{T}_{GT}$,7.136310088087757e-08,137.23902907020494,4
147.6999327600634,$\hat{T}_{GT}$,6.630878489284302e-08,147.69992682203124,4
158.95820466326612,$\hat{T}_{GT}$,6.16124419672409e-08,158.95819681255372,4
171.07462649164432,$\hat{T}_{GT}$,5.7248718201199476e-08,171.0746193811816,4
184.11460981994108,$\hat{T}_{GT}$,5.319405569194216e-08,184.11460733599017,4
198.14855215133173,$\hat{T}_{GT}$,4.9426567788488294e-08,198.1485487368142,4
213.25221696456873,$\hat{T}_{GT}$,4.592591442743772e-08,213.25220844115776,4
229.50714272982336,$\hat{T}_{GT}$,4.2673193958414544e-08,229.50713944390668,4
247.00108310132606,$\hat{T}_{GT}$,3.9650850471091754e-08,247.00107462943555,4
265.8284806632307,$\hat{T}_{GT}$,3.684256424394508e-08,265.8284752245575,4
286.0909767862566,$\hat{T}_{GT}$,3.4233176336563336e-08,286.09097151964494,4
307.8979603476156,$\hat{T}_{GT}$,3.180859875488421e-08,307.8979602905924,4
331.36715827654194,$\hat{T}_{GT}$,2.9555743773099846e-08,331.36715325176664,4
356.62527111352796,$\hat{T}_{GT}$,2.7462447848811536e-08,356.6252626221941,4
383.8086570143992,$\hat{T}_{GT}$,2.551741014618159e-08,383.8086475165374,4
413.0640678918749,$\hat{T}_{GT}$,2.371013037845043e-08,413.06405827409856,4
444.5494416687491,$\hat{T}_{GT}$,2.2030851475666088e-08,444.54943955063885,4
478.43475491973123,$\hat{T}_{GT}$,2.0470508496642784e-08,478.43475299780323,4
514.9029405050194,$\hat{T}_{GT}$,1.9020677435502167e-08,514.902937055783,4
554.1508751495202,$\hat{T}_{GT}$,1.767353127829753e-08,554.1508667459777,4
596.390442299262,$\hat{T}_{GT}$,1.642179687432773e-08,596.3904407830923,4
641.8496759929147,$\hat{T}_{GT}$,1.5258717350998777e-08,641.8496686872346,4
690.7739919237116,$\hat{T}_{GT}$,1.417801323613946e-08,690.7739831534735,4
743.4275123377766,$\hat{T}_{GT}$,1.3173850349697223e-08,743.4275034523841,4
800.0944919214219,$\hat{T}_{GT}$,1.224080763086072e-08,800.0944849128443,4
861.0808523752157,$\hat{T}_{GT}$,1.1373848011178035e-08,861.0808467552522,4
926.7158339593304,$\hat{T}_{GT}$,1.0568291150756599e-08,926.7158272441776,4
997.35377292621,$\hat{T}_{GT}$,9.819788131982784e-09,997.3537661604504,4
1073.3760144361563,$\hat{T}_{GT}$,9.12429813275527e-09,1073.376004798879,4
1155.1929712829099,$\hat{T}_{GT}$,8.47806643248382e-09,1155.1929622544171,4
1243.246339543401,$\hat{T}_{GT}$,7.877604275906881e-09,1243.2463390277683,4
1338.011483113092,$\hat{T}_{GT}$,7.3196701539966376e-09,1338.011477331827,4
1.0,$\hat{T}_{Reset}$,0.00011752607609813428,0.08333301852222905,4
1.0762239473831834,$\hat{T}_{Reset}$,9.100174723354689e-06,1.0762213884966305,4
1.1582579849210413,$\hat{T}_{Reset}$,0.0002029358046404654,0.0482605949880657,4
1.2465449806198148,$\hat{T}_{Reset}$,9.428180832508368e-05,0.10387796808650182,4
1.3415615596333508,$\hat{T}_{Reset}$,2.9201343261790042e-05,0.33538877265094563,4
1.4438206773661448,$\hat{T}_{Reset}$,6.783294103282436e-05,0.14438121843473517,4
1.5538743887084543,$\hat{T}_{Reset}$,9.454297923836176e-05,0.10359100966808532,4
1.6723168283534438,$\hat{T}_{Reset}$,5.856446776611694e-06,1.6723113945888237,4
1.7997874182858689,$\hat{T}_{Reset}$,5.441673423411167e-06,1.7997777364212681,4
1.9369743197582066,$\hat{T}_{Reset}$,5.056250790039186e-06,1.9369693243113089,4
2.0846181483900335,$\hat{T}_{Reset}$,4.698144233027954e-06,2.0846108996569948,4
2.2435159724469447,$\hat{T}_{Reset}$,4.365382516643021e-06,2.2435153480804604,4
2.4145256158840724,$\hat{T}_{Reset}$,1.2168608235714054e-05,0.8048416455372905,4
2.5985702893845684,$\hat{T}_{Reset}$,5.276487969607429e-05,0.18561214832181988,4
2.796643574394121,$\hat{T}_{Reset}$,3.501989129825741e-05,0.27966399418315907,4
3.009814787058257,$\hat{T}_{Reset}$,3.253958440442799e-06,3.0098118508846055,4
3.239234751020113,$\hat{T}_{Reset}$,3.0234955841846994e-06,3.2392316785776525,4
3.486142010243649,$\hat{T}_{Reset}$,3.933103527712928e-05,0.24900953171771073,4
3.751869515402767,$\hat{T}_{Reset}$,7.831139744078353e-06,1.250622897354944,4
4.037851819933397,$\hat{T}_{Reset}$,0.00013825354244383753,0.07083943386339804,4
4.345632824597091,$\hat{T}_{Reset}$,2.253714120871196e-06,4.345627773120057,4
4.676874112365815,$\hat{T}_{Reset}$,4.1881834591882465e-06,2.338436883619458,4
5.03336391862456,$\hat{T}_{Reset}$,1.945778924490157e-06,5.033358390854678,4
5.417026785118212,$\hat{T}_{Reset}$,3.79673372421611e-05,0.25795337223320275,4
5.829933949760359,$\hat{T}_{Reset}$,1.6799184231613712e-06,5.829927537731361,4
6.274314528394325,$\hat{T}_{Reset}$,5.463278185442393e-05,0.17926604401049118,4
6.752567548872198,$\hat{T}_{Reset}$,1.4503831187008049e-06,6.752562512657773,4
7.267274902418825,$\hat{T}_{Reset}$,8.894555049883629e-05,0.11011009118954028,4
7.821215282199927,$\hat{T}_{Reset}$,2.6296413169243715e-05,0.3724387281755048,4
8.417379184342884,$\hat{T}_{Reset}$,2.0943407422576297e-05,0.46763176968869596,4
9.058985052394538,$\hat{T}_{Reset}$,1.7297839607944466e-05,0.5661864659580191,4
9.749496652373306,$\hat{T}_{Reset}$,7.03181191711302e-06,1.3927850732890004,4
10.492641772216333,$\hat{T}_{Reset}$,9.333974266232948e-07,10.492639466300302,4
11.292432346572342,$\hat{T}_{Reset}$,8.672891489985412e-06,1.1292430774257498,4
12.153186115585632,$\hat{T}_{Reset}$,6.366321354172963e-05,0.15383770519078704,4
13.079549934598068,$\hat{T}_{Reset}$,7.263240813123553e-05,0.1348406713795698,4
14.076524860608592,$\hat{T}_{Reset}$,1.1827823075247915e-05,0.8280308738153358,4
15.149493150921694,$\hat{T}_{Reset}$,3.6202745719671794e-05,0.2705265161976093,4
16.304247319739442,$\hat{T}_{Reset}$,9.010356503765428e-06,1.0869495199482833,4
17.54702140956167,$\hat{T}_{Reset}$,7.032643185452475e-05,0.1392620444129727,4
18.88452464621569,$\hat{T}_{Reset}$,1.0372308839644623e-06,9.442259026165171,4
20.32397765920527,$\hat{T}_{Reset}$,2.2166677027178756e-05,0.44182547814101575,4
21.87315146291753,$\hat{T}_{Reset}$,5.8208103821765e-06,1.6825496852327726,4
23.540409409131357,$\hat{T}_{Reset}$,1.5393563493456902e-05,0.6362271270387536,4
25.33475233731158,$\hat{T}_{Reset}$,6.958366546647729e-06,1.4074858820205438,4
27.265867166436806,$\hat{T}_{Reset}$,3.591965634946377e-07,27.265858506680647,4
29.344179190688156,$\hat{T}_{Reset}$,3.33756313835067e-07,29.34417199121676,4
31.580908361321878,$\hat{T}_{Reset}$,3.101179068281761e-07,31.580900234042524,4
33.98812985856841,$\hat{T}_{Reset}$,2.8815362968397326e-07,33.98812878766053,4
36.57883928056072,$\hat{T}_{Reset}$,2.677450724196872e-07,36.57883444061691,4
39.36702280122011,$\hat{T}_{Reset}$,3.2341647209848776e-06,3.0282324869799107,4
42.36773267585289,$\hat{T}_{Reset}$,1.618133076651195e-06,6.05253227787635,4
45.597168502081885,$\hat{T}_{Reset}$,4.940163875975253e-06,1.9824853835232945,4
49.07276467480673,$\hat{T}_{Reset}$,3.991543515907199e-07,24.536379566701996,4
52.81328450732654,$\hat{T}_{Reset}$,1.854420567749401e-07,52.813276808166954,4
56.8389215267461,$\hat{T}_{Reset}$,3.446160632439399e-07,28.419460730122967,4
61.17140849051769,$\hat{T}_{Reset}$,1.761146858834473e-06,5.561036904561305,4
65.83413471265413,$\hat{T}_{Reset}$,1.4876482794826972e-07,65.83412767254596,4
70.8522723330089,$\hat{T}_{Reset}$,8.293710133172104e-07,11.808711082340272,4
76.25291221129912,$\hat{T}_{Reset}$,3.853152257439891e-07,25.417637357621356,4
82.06521017950769,$\hat{T}_{Reset}$,3.580251760916993e-07,27.35506699065845,4
88.32054444222037,$\hat{T}_{Reset}$,1.108892955568988e-07,88.3205419165585,4
95.0526849746383,$\hat{T}_{Reset}$,1.0303551912540155e-07,95.05268435063611,4
102.29797583277549,$\hat{T}_{Reset}$,9.573799345037239e-08,102.29797307594009,4
110.0955313600591,$\hat{T}_{Reset}$,8.895731881217783e-08,110.09552454035968,4
118.4874473495718,$\hat{T}_{Reset}$,8.265688317755541e-08,118.48744230160042,4
127.51902830191335,$\hat{T}_{Reset}$,7.680267986054784e-08,127.51902269704036,4
137.239032005553,$\hat{T}_{Reset}$,4.424512254614409e-06,2.2135327269387894,4
147.6999327600634,$\hat{T}_{Reset}$,6.630878489284302e-08,147.69992682203124,4
158.95820466326612,$\hat{T}_{Reset}$,6.16124419672409e-08,158.95819681255372,4
171.07462649164432,$\hat{T}_{Reset}$,5.7248718201199476e-08,171.0746193811816,4
184.11460981994108,$\hat{T}_{Reset}$,5.319405569194216e-08,184.11460733599017,4
198.14855215133173,$\hat{T}_{Reset}$,4.9426567788488294e-08,198.1485487368142,4
213.25221696456873,$\hat{T}_{Reset}$,4.592591442743772e-08,213.25220844115776,4
229.50714272982336,$\hat{T}_{Reset}$,4.2673193958414544e-08,229.50713944390668,4
247.00108310132606,$\hat{T}_{Reset}$,3.9650850471091754e-08,247.00107462943555,4
265.8284806632307,$\hat{T}_{Reset}$,3.684256424394508e-08,265.8284752245575,4
286.0909767862566,$\hat{T}_{Reset}$,3.4233176336563336e-08,286.09097151964494,4
307.8979603476156,$\hat{T}_{Reset}$,3.180859875488421e-08,307.8979602905924,4
331.36715827654194,$\hat{T}_{Reset}$,5.911148754619969e-08,165.68357662588332,4
356.62527111352796,$\hat{T}_{Reset}$,2.7462447848811536e-08,356.6252626221941,4
383.8086570143992,$\hat{T}_{Reset}$,2.551741014618159e-08,383.8086475165374,4
413.0640678918749,$\hat{T}_{Reset}$,2.371013037845043e-08,413.06405827409856,4
444.5494416687491,$\hat{T}_{Reset}$,2.2030851475666088e-08,444.54943955063885,4
478.43475491973123,$\hat{T}_{Reset}$,2.0470508496642784e-08,478.43475299780323,4
514.9029405050194,$\hat{T}_{Reset}$,1.9020677435502167e-08,514.902937055783,4
554.1508751495202,$\hat{T}_{Reset}$,1.767353127829753e-08,554.1508667459777,4
596.390442299262,$\hat{T}_{Reset}$,1.642179687432773e-08,596.3904407830923,4
641.8496759929147,$\hat{T}_{Reset}$,1.5258717350998777e-08,641.8496686872346,4
690.7739919237116,$\hat{T}_{Reset}$,1.417801323613946e-08,690.7739831534735,4
743.4275123377766,$\hat{T}_{Reset}$,2.6347700699394445e-08,371.7137517261921,4
800.0944919214219,$\hat{T}_{Reset}$,1.224080763086072e-08,800.0944849128443,4
861.0808523752157,$\hat{T}_{Reset}$,1.1373848011178035e-08,861.0808467552522,4
926.7158339593304,$\hat{T}_{Reset}$,1.0568291150756599e-08,926.7158272441776,4
997.35377292621,$\hat{T}_{Reset}$,9.819788131982784e-09,997.3537661604504,4
1073.3760144361563,$\hat{T}_{Reset}$,9.12429813275527e-09,1073.376004798879,4
1155.1929712829099,$\hat{T}_{Reset}$,8.47806643248382e-09,1155.1929622544171,4
1243.246339543401,$\hat{T}_{Reset}$,7.877604275906881e-09,1243.2463390277683,4
1338.011483113092,$\hat{T}_{Reset}$,7.3196701539966376e-09,1338.011477331827,4
1.0,$\hat{T}_{MLG}$,1.9362247637236176,5.058195133036074e-06,4
1.0762239473831834,$\hat{T}_{MLG}$,1.901345504267982,5.1509852650906475e-06,4
1.1582579849210413,$\hat{T}_{MLG}$,1.894587407689576,5.16935911036912e-06,4
1.2465449806198148,$\hat{T}_{MLG}$,1.8442475591932619,5.310459882411272e-06,4
1.3415615596333508,$\hat{T}_{MLG}$,2.0008545023288073,4.894810024882696e-06,4
1.4438206773661448,$\hat{T}_{MLG}$,0.267776586225843,3.657452958964315e-05,4
1.5538743887084543,$\hat{T}_{MLG}$,0.277222302329539,3.532833611881868e-05,4
1.6723168283534438,$\hat{T}_{MLG}$,0.25432697431362444,3.8508705978837515e-05,4
1.7997874182858689,$\hat{T}_{MLG}$,0.24712310582966474,3.963127059062347e-05,4
1.9369743197582066,$\hat{T}_{MLG}$,0.23657849612438378,4.1397687603785945e-05,4
2.0846181483900335,$\hat{T}_{MLG}$,0.22802957833215878,4.29497030515252e-05,4
2.2435159724469447,$\hat{T}_{MLG}$,0.2357307524304267,4.154656350669077e-05,4
2.4145256158840724,$\hat{T}_{MLG}$,0.23548703114758088,4.158956282476932e-05,4
2.5985702893845684,$\hat{T}_{MLG}$,0.22742752316001325,4.3063401211294945e-05,4
2.796643574394121,$\hat{T}_{MLG}$,0.22158330565010925,4.419919022146737e-05,4
3.009814787058257,$\hat{T}_{MLG}$,0.23308640150593196,4.2017906720660733e-05,4
3.239234751020113,$\hat{T}_{MLG}$,0.2274077441276157,4.30671466967927e-05,4
3.486142010243649,$\hat{T}_{MLG}$,0.22926773414467638,4.271775403925994e-05,4
3.751869515402767,$\hat{T}_{MLG}$,0.2192616350323426,4.466719713590601e-05,4
4.037851819933397,$\hat{T}_{MLG}$,0.22659280014601516,4.3222038255494666e-05,4
4.345632824597091,$\hat{T}_{MLG}$,0.22010508311021562,4.4496031340750845e-05,4
4.676874112365815,$\hat{T}_{MLG}$,0.22382524179220747,4.3756470887331785e-05,4
5.03336391862456,$\hat{T}_{MLG}$,0.23221209505713777,4.2176109189837304e-05,4
5.417026785118212,$\hat{T}_{MLG}$,0.5981666341557782,1.637303406291325e-05,4
5.829933949760359,$\hat{T}_{MLG}$,0.22162090187764483,4.419169217954815e-05,4
6.274314528394325,$\hat{T}_{MLG}$,1.0493028709729786,9.333628018428372e-06,4
6.752567548872198,$\hat{T}_{MLG}$,0.22552711070774348,4.342627653764578e-05,4
7.267274902418825,$\hat{T}_{MLG}$,0.24866788622381666,3.938507229484264e-05,4
7.821215282199927,$\hat{T}_{MLG}$,0.26283614866238914,3.72620080083078e-05,4
8.417379184342884,$\hat{T}_{MLG}$,0.5409271539910572,1.810558520508778e-05,4
9.058985052394538,$\hat{T}_{MLG}$,0.4033214927700436,2.4282868262403075e-05,4
9.749496652373306,$\hat{T}_{MLG}$,1.9707666613830972,4.9695394529646485e-06,4
10.492641772216333,$\hat{T}_{MLG}$,0.2564464295214938,3.819044271587281e-05,4
11.292432346572342,$\hat{T}_{MLG}$,0.3486754619546269,2.8088591670397473e-05,4
12.153186115585632,$\hat{T}_{MLG}$,0.32039874880188246,3.056754345313218e-05,4
13.079549934598068,$\hat{T}_{MLG}$,3.119129127791855,3.1399157505428807e-06,4
14.076524860608592,$\hat{T}_{MLG}$,1.9147482675773628,5.114929644888695e-06,4
15.149493150921694,$\hat{T}_{MLG}$,0.38799887531192545,2.524183264308989e-05,4
16.304247319739442,$\hat{T}_{MLG}$,2.6834722537466567,3.6496754019560452e-06,4
17.54702140956167,$\hat{T}_{MLG}$,0.8619337012544338,1.136259396990407e-05,4
18.88452464621569,$\hat{T}_{MLG}$,0.3254659796676816,3.0091632576562157e-05,4
20.32397765920527,$\hat{T}_{MLG}$,0.3459815516288412,2.8307297398438245e-05,4
21.87315146291753,$\hat{T}_{MLG}$,0.2988018182295244,3.277691793966134e-05,4
23.540409409131357,$\hat{T}_{MLG}$,0.2914599904360206,3.3602562951022246e-05,4
25.33475233731158,$\hat{T}_{MLG}$,0.8226894045002849,1.190461749325633e-05,4
27.265867166436806,$\hat{T}_{MLG}$,0.2721927008007569,3.598113633289423e-05,4
29.344179190688156,$\hat{T}_{MLG}$,0.4133114511831328,2.3695938373580702e-05,4
31.580908361321878,$\hat{T}_{MLG}$,0.9440298569739315,1.0374462845618632e-05,4
33.98812985856841,$\hat{T}_{MLG}$,0.28678545901605335,3.41502763422273e-05,4
36.57883928056072,$\hat{T}_{MLG}$,0.554607398716323,1.7658983091461013e-05,4
39.36702280122011,$\hat{T}_{MLG}$,0.29719041493587023,3.29546384544202e-05,4
42.36773267585289,$\hat{T}_{MLG}$,0.29219810764029275,3.351768002682371e-05,4
45.597168502081885,$\hat{T}_{MLG}$,0.2615242925743323,3.744892139817971e-05,4
49.07276467480673,$\hat{T}_{MLG}$,0.2517243066301733,3.8906861269934965e-05,4
52.81328450732654,$\hat{T}_{MLG}$,0.2557651843503594,3.8292165140485676e-05,4
56.8389215267461,$\hat{T}_{MLG}$,0.24490088593191076,3.9990883001761256e-05,4
61.17140849051769,$\hat{T}_{MLG}$,0.8967912168402463,1.0920939559196624e-05,4
65.83413471265413,$\hat{T}_{MLG}$,0.3092801294669057,3.166644650987416e-05,4
70.8522723330089,$\hat{T}_{MLG}$,0.30450185385681017,3.216335977033555e-05,4
76.25291221129912,$\hat{T}_{MLG}$,0.2679008621503955,3.6557563113897826e-05,4
82.06521017950769,$\hat{T}_{MLG}$,0.37781069171036863,2.5922513288318204e-05,4
88.32054444222037,$\hat{T}_{MLG}$,0.253613853789248,3.8616986138577946e-05,4
95.0526849746383,$\hat{T}_{MLG}$,0.2448283141888874,4.0002737055873e-05,4
102.29797583277549,$\hat{T}_{MLG}$,0.24878061137172056,3.936722649860007e-05,4
110.0955313600591,$\hat{T}_{MLG}$,0.2486547325364774,3.938715574172304e-05,4
118.4874473495718,$\hat{T}_{MLG}$,0.2439196387856183,4.015175951018248e-05,4
127.51902830191335,$\hat{T}_{MLG}$,0.2475367093007815,3.956505159980247e-05,4
137.239032005553,$\hat{T}_{MLG}$,0.24250281781285798,4.03863458769733e-05,4
147.6999327600634,$\hat{T}_{MLG}$,0.24323596001102848,4.0264616612965724e-05,4
158.95820466326612,$\hat{T}_{MLG}$,0.23960708742010714,4.087442813892681e-05,4
171.07462649164432,$\hat{T}_{MLG}$,0.24633313059669196,3.975836564333521e-05,4
184.11460981994108,$\hat{T}_{MLG}$,0.23915054769615746,4.095245764928719e-05,4
198.14855215133173,$\hat{T}_{MLG}$,0.2445454915188458,4.0049001171530364e-05,4
213.25221696456873,$\hat{T}_{MLG}$,0.24691013947337398,3.966545358250408e-05,4
229.50714272982336,$\hat{T}_{MLG}$,0.23989670304372956,4.08250824295216e-05,4
247.00108310132606,$\hat{T}_{MLG}$,0.2440477903441456,4.013067548171581e-05,4
265.8284806632307,$\hat{T}_{MLG}$,0.23681727289353655,4.1355947379453274e-05,4
286.0909767862566,$\hat{T}_{MLG}$,0.2405359989680409,4.071657763639774e-05,4
307.8979603476156,$\hat{T}_{MLG}$,0.23543716805487874,4.159837105264475e-05,4
331.36715827654194,$\hat{T}_{MLG}$,0.4164033395532017,2.3519990706221077e-05,4
356.62527111352796,$\hat{T}_{MLG}$,0.2294918495038634,4.2676037068435624e-05,4
383.8086570143992,$\hat{T}_{MLG}$,0.23372842535836014,4.190248858826025e-05,4
413.0640678918749,$\hat{T}_{MLG}$,0.23728695034534397,4.127408887036124e-05,4
444.5494416687491,$\hat{T}_{MLG}$,0.23197835928108662,4.2218604815907157e-05,4
478.43475491973123,$\hat{T}_{MLG}$,0.23696605220501665,4.132998201724435e-05,4
514.9029405050194,$\hat{T}_{MLG}$,0.23533443312349786,4.161653076577694e-05,4
554.1508751495202,$\hat{T}_{MLG}$,0.22938568197012438,4.269578899700587e-05,4
596.390442299262,$\hat{T}_{MLG}$,0.2304560211010401,4.249749097263453e-05,4
641.8496759929147,$\hat{T}_{MLG}$,0.22409076185887677,4.370462483633512e-05,4
690.7739919237116,$\hat{T}_{MLG}$,0.22593347681941625,4.3348169621444365e-05,4
743.4275123377766,$\hat{T}_{MLG}$,0.22000303673947097,4.451667041272984e-05,4
800.0944919214219,$\hat{T}_{MLG}$,0.2230152278612753,4.3915398828383475e-05,4
861.0808523752157,$\hat{T}_{MLG}$,0.27384306329568026,3.5764289803302156e-05,4
926.7158339593304,$\hat{T}_{MLG}$,0.22112253065389387,4.429129246743387e-05,4
997.35377292621,$\hat{T}_{MLG}$,0.22493972298670312,4.3539676079843244e-05,4
1073.3760144361563,$\hat{T}_{MLG}$,0.21957133412647814,4.4604195330385284e-05,4
1155.1929712829099,$\hat{T}_{MLG}$,0.22367594494301268,4.378567699278504e-05,4
1243.246339543401,$\hat{T}_{MLG}$,0.22853832805290428,4.285409261445003e-05,4
1338.011483113092,$\hat{T}_{MLG}$,0.22290263138665192,4.3937582142501376e-05,4
1.0,$\hat{T}_{MLD}$,0.23752455923803928,4.123280012706264e-05,4
1.0762239473831834,$\hat{T}_{MLD}$,0.22645555560206754,4.324823319212623e-05,4
1.1582579849210413,$\hat{T}_{MLD}$,0.23432177188324427,4.179638365491147e-05,4
1.2465449806198148,$\hat{T}_{MLD}$,0.22866430174892755,4.2830483820269765e-05,4
1.3415615596333508,$\hat{T}_{MLD}$,0.23366221403854578,4.1914362219965535e-05,4
1.4438206773661448,$\hat{T}_{MLD}$,0.2264201009964659,4.325500533401667e-05,4
1.5538743887084543,$\hat{T}_{MLD}$,0.2288912170580746,4.278802307143933e-05,4
1.6723168283534438,$\hat{T}_{MLD}$,0.2192120773109539,4.467729514025883e-05,4
1.7997874182858689,$\hat{T}_{MLD}$,0.22185651166422699,4.414476096673396e-05,4
1.9369743197582066,$\hat{T}_{MLD}$,0.21614318028567817,4.5311643251414076e-05,4
2.0846181483900335,$\hat{T}_{MLD}$,0.21033053667371387,4.6563864815901015e-05,4
2.2435159724469447,$\hat{T}_{MLD}$,0.2166607884884863,4.5203392568892006e-05,4
2.4145256158840724,$\hat{T}_{MLD}$,0.21201595501671155,4.6193705919720786e-05,4
2.5985702893845684,$\hat{T}_{MLD}$,0.21445096647168788,4.566919346396937e-05,4
2.796643574394121,$\hat{T}_{MLD}$,0.21080045616560206,4.646006396037797e-05,4
3.009814787058257,$\hat{T}_{MLD}$,0.2151527443560091,4.5520231246156485e-05,4
3.239234751020113,$\hat{T}_{MLD}$,0.20974963116982068,4.669282430538015e-05,4
3.486142010243649,$\hat{T}_{MLD}$,0.21555933349908557,4.5434370747728584e-05,4
3.751869515402767,$\hat{T}_{MLD}$,0.2073903956761667,4.722399339853435e-05,4
4.037851819933397,$\hat{T}_{MLD}$,0.21472009407304637,4.561195224234084e-05,4
4.345632824597091,$\hat{T}_{MLD}$,0.20926432492021851,4.68011099362712e-05,4
4.676874112365815,$\hat{T}_{MLD}$,0.21423496138494852,4.571524000105991e-05,4
5.03336391862456,$\hat{T}_{MLD}$,0.2124760524834949,4.609367767264739e-05,4
5.417026785118212,$\hat{T}_{MLD}$,0.21963048179646974,4.459218318068702e-05,4
5.829933949760359,$\hat{T}_{MLD}$,0.21247135424607783,4.609469691141443e-05,4
6.274314528394325,$\hat{T}_{MLD}$,0.21873527006076726,4.477468436439121e-05,4
6.752567548872198,$\hat{T}_{MLD}$,0.2122831211171431,4.6135569445138603e-05,4
7.267274902418825,$\hat{T}_{MLD}$,0.22352259122511714,4.381571734047703e-05,4
7.821215282199927,$\hat{T}_{MLD}$,0.22291165446763536,4.3935803624626946e-05,4
8.417379184342884,$\hat{T}_{MLD}$,0.2372906020927118,4.12734536890938e-05,4
9.058985052394538,$\hat{T}_{MLD}$,0.2315831808337775,4.229064753782953e-05,4
9.749496652373306,$\hat{T}_{MLD}$,0.23710414392813087,4.130591104008433e-05,4
10.492641772216333,$\hat{T}_{MLD}$,0.22538534398588703,4.345359153851629e-05,4
11.292432346572342,$\hat{T}_{MLD}$,0.23960972582127946,4.0873978060622394e-05,4
12.153186115585632,$\hat{T}_{MLD}$,0.2293999052618855,4.269314176546851e-05,4
13.079549934598068,$\hat{T}_{MLD}$,0.24777916276173872,3.9526336949278985e-05,4
14.076524860608592,$\hat{T}_{MLD}$,0.24864116715636175,3.938930462859251e-05,4
15.149493150921694,$\hat{T}_{MLD}$,0.238113937193408,4.113074098798219e-05,4
16.304247319739442,$\hat{T}_{MLD}$,0.2467218769972206,3.9695720523563684e-05,4
17.54702140956167,$\hat{T}_{MLD}$,0.23374654854002885,4.1899239742800075e-05,4
18.88452464621569,$\hat{T}_{MLD}$,0.2314670452460856,4.231186632169768e-05,4
20.32397765920527,$\hat{T}_{MLD}$,0.22799517335642525,4.295618425667308e-05,4
21.87315146291753,$\hat{T}_{MLD}$,0.2316525271988559,4.227798761687369e-05,4
23.540409409131357,$\hat{T}_{MLD}$,0.23650569888692052,4.141042994914635e-05,4
25.33475233731158,$\hat{T}_{MLD}$,0.2320450771408381,4.2206466075496375e-05,4
27.265867166436806,$\hat{T}_{MLD}$,0.23562849860362337,4.156459313865067e-05,4
29.344179190688156,$\hat{T}_{MLD}$,0.22801159606641483,4.2953090304573817e-05,4
31.580908361321878,$\hat{T}_{MLD}$,0.23314261366658603,4.2007775937249735e-05,4
33.98812985856841,$\hat{T}_{MLD}$,0.22397054101708436,4.372808420185786e-05,4
36.57883928056072,$\hat{T}_{MLD}$,0.22909418302865728,4.275011502629738e-05,4
39.36702280122011,$\hat{T}_{MLD}$,0.23460061312846972,4.1746705371854835e-05,4
42.36773267585289,$\hat{T}_{MLD}$,0.22828662157160945,4.290134309626455e-05,4
45.597168502081885,$\hat{T}_{MLD}$,0.23367630459074396,4.191183480705669e-05,4
49.07276467480673,$\hat{T}_{MLD}$,0.22782334805281532,4.298858198704142e-05,4
52.81328450732654,$\hat{T}_{MLD}$,0.23108335371681513,4.238212107797561e-05,4
56.8389215267461,$\hat{T}_{MLD}$,0.22508547095782588,4.3511483147509695e-05,4
61.17140849051769,$\hat{T}_{MLD}$,0.22987214833563618,4.2605434139114574e-05,4
65.83413471265413,$\hat{T}_{MLD}$,0.2342954779614577,4.180107427400641e-05,4
70.8522723330089,$\hat{T}_{MLD}$,0.22761109614981093,4.30286697002002e-05,4
76.25291221129912,$\hat{T}_{MLD}$,0.2343841696577617,4.178525661793302e-05,4
82.06521017950769,$\hat{T}_{MLD}$,0.2287768621685418,4.2809410809715316e-05,4
88.32054444222037,$\hat{T}_{MLD}$,0.23300679785446954,4.2032261575680285e-05,4
95.0526849746383,$\hat{T}_{MLD}$,0.2266664849295613,4.320798762717055e-05,4
102.29797583277549,$\hat{T}_{MLD}$,0.23202996986981742,4.220921410206461e-05,4
110.0955313600591,$\hat{T}_{MLD}$,0.23559205850544945,4.1571022123838635e-05,4
118.4874473495718,$\hat{T}_{MLD}$,0.23033968628282572,4.2518954655105634e-05,4
127.51902830191335,$\hat{T}_{MLD}$,0.23260787647794276,4.2104346699796424e-05,4
137.239032005553,$\hat{T}_{MLD}$,0.22698485411362604,4.3147384060383416e-05,4
147.6999327600634,$\hat{T}_{MLD}$,0.23180531910751292,4.225012054959916e-05,4
158.95820466326612,$\hat{T}_{MLD}$,0.22705056413325342,4.313489690597224e-05,4
171.07462649164432,$\hat{T}_{MLD}$,0.23586169831230777,4.152349765311455e-05,4
184.11460981994108,$\hat{T}_{MLD}$,0.2294480802656809,4.2684177897633114e-05,4
198.14855215133173,$\hat{T}_{MLD}$,0.23410418329585647,4.183523138479546e-05,4
213.25221696456873,$\hat{T}_{MLD}$,0.2379737901993088,4.1154963612287626e-05,4
229.50714272982336,$\hat{T}_{MLD}$,0.2315664133680608,4.22937097564493e-05,4
247.00108310132606,$\hat{T}_{MLD}$,0.23599495107227794,4.150005172496756e-05,4
265.8284806632307,$\hat{T}_{MLD}$,0.22965218641438548,4.2646241820048426e-05,4
286.0909767862566,$\hat{T}_{MLD}$,0.23355369492933742,4.193383743851227e-05,4
307.8979603476156,$\hat{T}_{MLD}$,0.22779071230448844,4.299474099382649e-05,4
331.36715827654194,$\hat{T}_{MLD}$,0.23068882500404694,4.245460384203228e-05,4
356.62527111352796,$\hat{T}_{MLD}$,0.22372448460197028,4.3776177175041635e-05,4
383.8086570143992,$\hat{T}_{MLD}$,0.22914199403441227,4.274119511615973e-05,4
413.0640678918749,$\hat{T}_{MLD}$,0.2319220893618454,4.222884807255426e-05,4
444.5494416687491,$\hat{T}_{MLD}$,0.2264095002750111,4.325703057704982e-05,4
478.43475491973123,$\hat{T}_{MLD}$,0.23026209569117292,4.253328211459585e-05,4
514.9029405050194,$\hat{T}_{MLD}$,0.22348836304266778,4.3822427901809446e-05,4
554.1508751495202,$\hat{T}_{MLD}$,0.222035178321901,4.4109238681682756e-05,4
596.390442299262,$\hat{T}_{MLD}$,0.22575979674914437,4.3381517955622637e-05,4
641.8496759929147,$\hat{T}_{MLD}$,0.21962982502712847,4.4592316526778654e-05,4
690.7739919237116,$\hat{T}_{MLD}$,0.2222153076473056,4.407348341580138e-05,4
743.4275123377766,$\hat{T}_{MLD}$,0.21622860958681905,4.5293741170723124e-05,4
800.0944919214219,$\hat{T}_{MLD}$,0.21935857386388533,4.4647457830428355e-05,4
861.0808523752157,$\hat{T}_{MLD}$,0.22507505728610297,4.351349631728132e-05,4
926.7158339593304,$\hat{T}_{MLD}$,0.21819739480350994,4.488505779434348e-05,4
997.35377292621,$\hat{T}_{MLD}$,0.2217085569142891,4.4174220484042645e-05,4
1073.3760144361563,$\hat{T}_{MLD}$,0.2156137658744881,4.542290069749924e-05,4
1155.1929712829099,$\hat{T}_{MLD}$,0.22018887536339432,4.447909850198959e-05,4
1243.246339543401,$\hat{T}_{MLD}$,0.22499936283151095,4.3528135160385936e-05,4
1338.011483113092,$\hat{T}_{MLD}$,0.2199617647986273,4.4525023179809666e-05,4
1.0,$\hat{T}_{emp}$,0.0014333769698576565,0.005780316426778103,5
1.0762239473831834,$\hat{T}_{emp}$,0.001624401435016244,0.005100569518119627,5
1.1582579849210413,$\hat{T}_{emp}$,0.0025322794091348047,0.0032719029403885844,5
1.2465449806198148,$\hat{T}_{emp}$,0.003409748024273684,0.0024299075432116474,5
1.3415615596333508,$\hat{T}_{emp}$,0.004113167694958591,0.0020143531844784286,5
1.4438206773661448,$\hat{T}_{emp}$,0.00513597419962011,0.0016132036732673762,5
1.5538743887084543,$\hat{T}_{emp}$,0.007710190675254873,0.0010746002003847652,5
1.6723168283534438,$\hat{T}_{emp}$,0.0066587725860710765,0.0012442792327770895,5
1.7997874182858689,$\hat{T}_{emp}$,0.007572828048466099,0.0010940922455398765,5
1.9369743197582066,$\hat{T}_{emp}$,0.009769785526687256,0.0008480608322466465,5
2.0846181483900335,$\hat{T}_{emp}$,0.010663667220451348,0.0007769721497632171,5
2.2435159724469447,$\hat{T}_{emp}$,0.00982716596499003,0.0008431090381653121,5
2.4145256158840724,$\hat{T}_{emp}$,0.008129160661588086,0.0010192162253335306,5
2.5985702893845684,$\hat{T}_{emp}$,0.010821565332729655,0.0007656353022768948,5
2.796643574394121,$\hat{T}_{emp}$,0.01288443705764371,0.0006430527315679909,5
3.009814787058257,$\hat{T}_{emp}$,0.018151887862404615,0.00045644687249274667,5
3.239234751020113,$\hat{T}_{emp}$,0.029980202476992412,0.00027636145723138614,5
3.486142010243649,$\hat{T}_{emp}$,0.035901872335166535,0.0002307782827392532,5
3.751869515402767,$\hat{T}_{emp}$,0.04904268710111963,0.00016894205710119996,5
4.037851819933397,$\hat{T}_{emp}$,0.05408671849831845,0.0001531868206219837,5
4.345632824597091,$\hat{T}_{emp}$,0.05918847498732111,0.00013998286738099708,5
4.676874112365815,$\hat{T}_{emp}$,0.07106097191539719,0.00011659525927252897,5
5.03336391862456,$\hat{T}_{emp}$,0.06277201646090536,0.00013199149735445884,5
5.417026785118212,$\hat{T}_{emp}$,0.06284432996944048,0.0001318396178089987,5
5.829933949760359,$\hat{T}_{emp}$,0.07873333134368236,0.00010523335292986381,5
6.274314528394325,$\hat{T}_{emp}$,0.08816864657007485,9.397186831090313e-05,5
6.752567548872198,$\hat{T}_{emp}$,0.10178552585405118,8.14003010262374e-05,5
7.267274902418825,$\hat{T}_{emp}$,0.1076841165586048,7.694145347911637e-05,5
7.821215282199927,$\hat{T}_{emp}$,0.13846826938763404,5.983589223202614e-05,5
8.417379184342884,$\hat{T}_{emp}$,0.1444968757751503,5.7339457342499186e-05,5
9.058985052394538,$\hat{T}_{emp}$,0.14002304800753634,5.9171490426259675e-05,5
9.749496652373306,$\hat{T}_{emp}$,0.10179984720122442,8.138884951621009e-05,5
10.492641772216333,$\hat{T}_{emp}$,0.08892336969610827,9.317429684624562e-05,5
11.292432346572342,$\hat{T}_{emp}$,0.07941171075656579,0.00010433439055395992,5
12.153186115585632,$\hat{T}_{emp}$,0.07518761623753088,0.00011019597187997939,5
13.079549934598068,$\hat{T}_{emp}$,0.07440054072167593,0.00011136172350720249,5
14.076524860608592,$\hat{T}_{emp}$,0.08024904632890337,0.00010324574339084059,5
15.149493150921694,$\hat{T}_{emp}$,0.022363057039194688,0.00037049373125115447,5
16.304247319739442,$\hat{T}_{emp}$,0.019750131489682823,0.0004195097358699506,5
17.54702140956167,$\hat{T}_{emp}$,0.018697431475882636,0.0004431289107982952,5
18.88452464621569,$\hat{T}_{emp}$,0.023554135991506017,0.000351758708008711,5
20.32397765920527,$\hat{T}_{emp}$,0.02544522104610894,0.00032561605299556343,5
21.87315146291753,$\hat{T}_{emp}$,0.028998792411434667,0.00028571439551967643,5
23.540409409131357,$\hat{T}_{emp}$,0.025382927853397207,0.00032641515953112305,5
25.33475233731158,$\hat{T}_{emp}$,0.025411018756164628,0.00032605432014108567,5
27.265867166436806,$\hat{T}_{emp}$,0.02546004169752249,0.00032542650727236953,5
29.344179190688156,$\hat{T}_{emp}$,0.025954037683768513,0.00031923250422862925,5
31.580908361321878,$\hat{T}_{emp}$,0.026429264417524606,0.0003134923588391588,5
33.98812985856841,$\hat{T}_{emp}$,0.027787880797155856,0.0002981649628165117,5
36.57883928056072,$\hat{T}_{emp}$,0.029419898982280108,0.0002816247754495689,5
39.36702280122011,$\hat{T}_{emp}$,0.028389178067545737,0.00029184967683532206,5
42.36773267585289,$\hat{T}_{emp}$,0.0333200483890082,0.0002486602764768751,5
45.597168502081885,$\hat{T}_{emp}$,0.028816900594603307,0.00028751782022613776,5
49.07276467480673,$\hat{T}_{emp}$,0.022016711974483773,0.00037632197097531875,5
52.81328450732654,$\hat{T}_{emp}$,0.022680992990580896,0.00036530025153988787,5
56.8389215267461,$\hat{T}_{emp}$,0.01963396729401914,0.0004219917615507849,5
61.17140849051769,$\hat{T}_{emp}$,0.025105850419744658,0.00033001759773560786,5
65.83413471265413,$\hat{T}_{emp}$,0.027666097898443785,0.00029947744980327295,5
70.8522723330089,$\hat{T}_{emp}$,0.031818201485144866,0.0002603972587357545,5
76.25291221129912,$\hat{T}_{emp}$,0.03405424370365598,0.00024329926445390822,5
82.06521017950769,$\hat{T}_{emp}$,0.031141574363214714,0.00026605502817547157,5
88.32054444222037,$\hat{T}_{emp}$,0.03181124625521175,0.00026045419214835736,5
95.0526849746383,$\hat{T}_{emp}$,0.027520867783921148,0.00030105781945852374,5
102.29797583277549,$\hat{T}_{emp}$,0.027016600879125437,0.0003066770864959324,5
110.0955313600591,$\hat{T}_{emp}$,0.024102383371868277,0.00034375739182308926,5
118.4874473495718,$\hat{T}_{emp}$,0.025155028051229864,0.00032937241921415994,5
127.51902830191335,$\hat{T}_{emp}$,0.026350310983231477,0.0003144316759641353,5
137.239032005553,$\hat{T}_{emp}$,0.02653378583234716,0.00031225745534333034,5
147.6999327600634,$\hat{T}_{emp}$,0.027529327119170135,0.0003009653090599548,5
158.95820466326612,$\hat{T}_{emp}$,0.03286775017797386,0.0002520821291317357,5
171.07462649164432,$\hat{T}_{emp}$,0.021337781008901244,0.0003882958795564224,5
184.11460981994108,$\hat{T}_{emp}$,0.013167252019371203,0.0006292408189988681,5
198.14855215133173,$\hat{T}_{emp}$,0.012758730573816518,0.000649388463585624,5
213.25221696456873,$\hat{T}_{emp}$,0.012916887834277798,0.0006414372061547659,5
229.50714272982336,$\hat{T}_{emp}$,0.010872525476276774,0.0007620467261917979,5
247.00108310132606,$\hat{T}_{emp}$,0.011182453335023945,0.0007409261810808078,5
265.8284806632307,$\hat{T}_{emp}$,0.012782074943045726,0.0006482024617717808,5
286.0909767862566,$\hat{T}_{emp}$,0.014636785289857455,0.0005660650395941092,5
307.8979603476156,$\hat{T}_{emp}$,0.019356254842528304,0.0004280462575037788,5
331.36715827654194,$\hat{T}_{emp}$,0.024161530468463983,0.0003429158784228439,5
356.62527111352796,$\hat{T}_{emp}$,0.024408613612009418,0.000339444614771447,5
383.8086570143992,$\hat{T}_{emp}$,0.027032048104159333,0.0003065018385846536,5
413.0640678918749,$\hat{T}_{emp}$,0.013472293117251169,0.0006149934812525923,5
444.5494416687491,$\hat{T}_{emp}$,0.011878654057949632,0.0006975009461689609,5
478.43475491973123,$\hat{T}_{emp}$,0.012758789333849538,0.0006493854728561304,5
514.9029405050194,$\hat{T}_{emp}$,0.011422066564453635,0.0007253829591939486,5
554.1508751495202,$\hat{T}_{emp}$,0.012712879649887907,0.0006517305813326636,5
596.390442299262,$\hat{T}_{emp}$,0.017973016982257266,0.00046098951849947336,5
641.8496759929147,$\hat{T}_{emp}$,0.02048739933431965,0.000404413088720066,5
690.7739919237116,$\hat{T}_{emp}$,0.025241399722216073,0.000328245364195921,5
743.4275123377766,$\hat{T}_{emp}$,0.032547949428911656,0.0002545589688447136,5
800.0944919214219,$\hat{T}_{emp}$,0.03453112484092928,0.00023993925720059643,5
861.0808523752157,$\hat{T}_{emp}$,0.032077257298472814,0.00025829429142085967,5
926.7158339593304,$\hat{T}_{emp}$,0.030538823070560415,0.00027130621325812575,5
997.35377292621,$\hat{T}_{emp}$,0.03748441675082226,0.00022103511706506377,5
1073.3760144361563,$\hat{T}_{emp}$,0.03608993311307212,0.00022957572181347695,5
1155.1929712829099,$\hat{T}_{emp}$,0.04152811456932444,0.0001995123672374423,5
1243.246339543401,$\hat{T}_{emp}$,0.04876419065397636,0.00016990689958181485,5
1338.011483113092,$\hat{T}_{emp}$,0.06004936243832133,0.0001379760268586334,5
1.0,$\hat{T}_{GT}$,8.285416010737898e-06,0.999994741832612,5
1.0762239473831834,$\hat{T}_{GT}$,7.698585000076985e-06,1.0762201683232415,5
1.1582579849210413,$\hat{T}_{GT}$,7.1533316642226115e-06,1.158253640897559,5
1.2465449806198148,$\hat{T}_{GT}$,6.646682308525699e-06,1.246542569667575,5
1.3415615596333508,$\hat{T}_{GT}$,6.175927469907793e-06,1.3415592208626335,5
1.4438206773661448,$\hat{T}_{GT}$,5.738518658793419e-06,1.4438172875743018,5
1.5538743887084543,$\hat{T}_{GT}$,5.332082071407243e-06,1.5538718897563704,5
1.6723168283534438,$\hat{T}_{GT}$,4.954443888445741e-06,1.6723112888524083,5
1.7997874182858689,$\hat{T}_{GT}$,4.603542886605532e-06,1.7997817439130965,5
1.9369743197582066,$\hat{T}_{GT}$,4.277489284889341e-06,1.9369709408513405,5
2.0846181483900335,$\hat{T}_{GT}$,3.974531204044483e-06,2.084616277814712,5
2.2435159724469447,$\hat{T}_{GT}$,3.6930349361104956e-06,2.2435131505578956,5
2.4145256158840724,$\hat{T}_{GT}$,3.4314734747100404e-06,2.414523237815134,5
2.5985702893845684,$\hat{T}_{GT}$,3.188439991965131e-06,2.598566215927781,5
2.796643574394121,$\hat{T}_{GT}$,2.9626206156918164e-06,2.7966363295891923,5
3.009814787058257,$\hat{T}_{GT}$,2.752788574826299e-06,3.009810677217171,5
3.239234751020113,$\hat{T}_{GT}$,2.557819510024095e-06,3.2392326402090768,5
3.486142010243649,$\hat{T}_{GT}$,2.376663069983221e-06,3.486136739059159,5
3.751869515402767,$\hat{T}_{GT}$,2.2083342534726056e-06,3.751865204103449,5
4.037851819933397,$\hat{T}_{GT}$,2.0519260403778006e-06,4.037851404774868,5
4.345632824597091,$\hat{T}_{GT}$,1.9065995035214893e-06,4.345628134975674,5
4.676874112365815,$\hat{T}_{GT}$,1.7715639189119763e-06,4.676869039939682,5
5.03336391862456,$\hat{T}_{GT}$,1.646090534979424e-06,5.033363760114933,5
5.417026785118212,$\hat{T}_{GT}$,1.5295056943497001e-06,5.417026216536138,5
5.829933949760359,$\hat{T}_{GT}$,1.4211792661314506e-06,5.829927752314456,5
6.274314528394325,$\hat{T}_{GT}$,1.320522504344519e-06,6.27431370338238,5
6.752567548872198,$\hat{T}_{GT}$,1.2269968760659535e-06,6.752561971631523,5
7.267274902418825,$\hat{T}_{GT}$,1.1400935560772117e-06,7.267274164009499,5
7.821215282199927,$\hat{T}_{GT}$,1.059346722063438e-06,7.821209309540369,5
8.417379184342884,$\hat{T}_{GT}$,9.843178480449478e-07,8.41737499842154,5
9.058985052394538,$\hat{T}_{GT}$,1.8292069473279859e-06,4.529488834894539,5
9.749496652373306,$\hat{T}_{GT}$,8.498263379878322e-07,9.74948889469729,5
10.492641772216333,$\hat{T}_{GT}$,7.896368065508269e-07,10.492637090746259,5
11.292432346572342,$\hat{T}_{GT}$,7.337107052060443e-07,11.292424092826742,5
12.153186115585632,$\hat{T}_{GT}$,6.817450491674529e-07,12.153183150727287,5
13.079549934598068,$\hat{T}_{GT}$,6.334602576536252e-07,13.07954578764444,5
14.076524860608592,$\hat{T}_{GT}$,5.885950295504135e-07,14.076524653907205,5
15.149493150921694,$\hat{T}_{GT}$,5.469077290094079e-07,15.149488670859705,5
16.304247319739442,$\hat{T}_{GT}$,5.081726872425788e-07,16.30424588458563,5
17.54702140956167,$\hat{T}_{GT}$,4.7218120803784625e-07,17.547018609790896,5
18.88452464621569,$\hat{T}_{GT}$,4.3873888893763764e-07,18.88451799815566,5
20.32397765920527,$\hat{T}_{GT}$,4.076649157458535e-07,20.323977179824084,5
21.87315146291753,$\hat{T}_{GT}$,3.787918962776878e-07,21.873151263404345,5
23.540409409131357,$\hat{T}_{GT}$,3.519638350120248e-07,23.54040847506553,5
25.33475233731158,$\hat{T}_{GT}$,3.270359294753559e-07,25.3347467292825,5
27.265867166436806,$\hat{T}_{GT}$,3.038735059679237e-07,27.265859911815486,5
29.344179190688156,$\hat{T}_{GT}$,2.8235155931472147e-07,29.34417102119983,5
31.580908361321878,$\hat{T}_{GT}$,2.6235384922944053e-07,31.58090673709801,5
33.98812985856841,$\hat{T}_{GT}$,2.4377258553004937e-07,33.98812227641698,5
36.57883928056072,$\hat{T}_{GT}$,2.2650728707918626e-07,36.57883395926725,5
39.36702280122011,$\hat{T}_{GT}$,2.10464815754891e-07,39.367019208962915,5
42.36773267585289,$\hat{T}_{GT}$,1.9555855238172718e-07,42.36773254723588,5
45.597168502081885,$\hat{T}_{GT}$,1.8170806672974358e-07,45.59716359184296,5
49.07276467480673,$\hat{T}_{GT}$,1.6883852098130975e-07,49.07276133715254,5
52.81328450732654,$\hat{T}_{GT}$,1.568804633621366e-07,52.81328386637928,5
56.8389215267461,$\hat{T}_{GT}$,1.4576936487704646e-07,56.83891434679832,5
61.17140849051769,$\hat{T}_{GT}$,1.354451948108237e-07,61.17140188107681,5
65.83413471265413,$\hat{T}_{GT}$,1.258522399055806e-07,65.8341277902535,5
70.8522723330089,$\hat{T}_{GT}$,1.1693869921366911e-07,70.85227132118764,5
76.25291221129912,$\hat{T}_{GT}$,1.0865647678983567e-07,76.25290907102828,5
82.06521017950769,$\hat{T}_{GT}$,1.0096084435573351e-07,82.06520555078056,5
88.32054444222037,$\hat{T}_{GT}$,9.381025843319045e-08,88.32053746589229,5
95.0526849746383,$\hat{T}_{GT}$,8.71661069585662e-08,95.05268427982024,5
102.29797583277549,$\hat{T}_{GT}$,8.099254091095227e-08,102.29796906536168,5
110.0955313600591,$\hat{T}_{GT}$,7.525621542964639e-08,110.09552363657262,5
118.4874473495718,$\hat{T}_{GT}$,6.992616286684401e-08,118.48744597084426,5
127.51902830191335,$\hat{T}_{GT}$,6.497361876157423e-08,127.51902391395893,5
137.239032005553,$\hat{T}_{GT}$,6.037183982095162e-08,137.23902516812575,5
147.6999327600634,$\hat{T}_{GT}$,5.609598112123413e-08,147.69992928240907,5
158.95820466326612,$\hat{T}_{GT}$,5.21229630736953e-08,158.95820107001902,5
171.07462649164432,$\hat{T}_{GT}$,4.843133567473011e-08,171.07462202320949,5
184.11460981994108,$\hat{T}_{GT}$,4.500116890536232e-08,184.1146051574308,5
198.14855215133173,$\hat{T}_{GT}$,4.181394408898643e-08,198.148551282345,5
213.25221696456873,$\hat{T}_{GT}$,3.8852456940016236e-08,213.25221355821347,5
229.50714272982336,$\hat{T}_{GT}$,3.610071811548475e-08,229.50713662063617,5
247.00108310132606,$\hat{T}_{GT}$,3.354387144244182e-08,247.00107913454676,5
265.8284806632307,$\hat{T}_{GT}$,3.1168114545065055e-08,265.82847777506913,5
286.0909767862566,$\hat{T}_{GT}$,2.896062209733115e-08,286.0909692059816,5
307.8979603476156,$\hat{T}_{GT}$,2.6909475528670957e-08,307.89795348504305,5
331.36715827654194,$\hat{T}_{GT}$,2.50036017688348e-08,331.3671574693194,5
356.62527111352796,$\hat{T}_{GT}$,2.3232713072555113e-08,356.62526450348906,5
383.8086570143992,$\hat{T}_{GT}$,2.15872477219787e-08,383.80865181799066,5
413.0640678918749,$\hat{T}_{GT}$,2.0058323185159024e-08,413.06406164419116,5
444.5494416687491,$\hat{T}_{GT}$,1.8637685116011763e-08,444.54943803700246,5
478.43475491973123,$\hat{T}_{GT}$,1.731766451828916e-08,478.434747126754,5
514.9029405050194,$\hat{T}_{GT}$,1.609113452185242e-08,514.9029382223956,5
554.1508751495202,$\hat{T}_{GT}$,1.4951474168255847e-08,554.1508717732119,5
596.390442299262,$\hat{T}_{GT}$,1.3892530661440334e-08,596.3904378941018,5
641.8496759929147,$\hat{T}_{GT}$,1.290858711744692e-08,641.8496748908589,5
690.7739919237116,$\hat{T}_{GT}$,1.1994331862580364e-08,690.7739872099208,5
743.4275123377766,$\hat{T}_{GT}$,1.1144829048408467e-08,743.4275042394503,5
800.0944919214219,$\hat{T}_{GT}$,1.0355492457929155e-08,800.09448882265,5
861.0808523752157,$\hat{T}_{GT}$,9.62206103046231e-09,861.0808451955484,5
926.7158339593304,$\hat{T}_{GT}$,8.94057510857345e-09,926.7158257737227,5
997.35377292621,$\hat{T}_{GT}$,8.30735560929141e-09,997.3537710805124,5
1073.3760144361563,$\hat{T}_{GT}$,7.718984204835596e-09,1073.3760070973099,5
1155.1929712829099,$\hat{T}_{GT}$,7.172284359586693e-09,1155.1929663189042,5
1243.246339543401,$\hat{T}_{GT}$,6.664304748206506e-09,1243.2463336649469,5
1338.011483113092,$\hat{T}_{GT}$,6.192302946383815e-09,1338.0114823794486,5
1.0,$\hat{T}_{Reset}$,9.113957611811689e-05,0.09090861289387381,5
1.0762239473831834,$\hat{T}_{Reset}$,0.00034643632500346434,0.023916003740516476,5
1.1582579849210413,$\hat{T}_{Reset}$,4.291998998533567e-05,0.1930422734829265,5
1.2465449806198148,$\hat{T}_{Reset}$,1.9940046925577097e-05,0.4155141898891917,5
1.3415615596333508,$\hat{T}_{Reset}$,6.175927469907793e-06,1.3415592208626335,5
1.4438206773661448,$\hat{T}_{Reset}$,5.738518658793419e-06,1.4438172875743018,5
1.5538743887084543,$\hat{T}_{Reset}$,5.332082071407243e-06,1.5538718897563704,5
1.6723168283534438,$\hat{T}_{Reset}$,2.4772219442228707e-05,0.33446225777048166,5
1.7997874182858689,$\hat{T}_{Reset}$,9.207085773211064e-06,0.8998908719565483,5
1.9369743197582066,$\hat{T}_{Reset}$,0.00020531948567468838,0.04035356126773627,5
2.0846181483900335,$\hat{T}_{Reset}$,4.769437444853379e-05,0.173718023151226,5
2.2435159724469447,$\hat{T}_{Reset}$,8.12467685944309e-05,0.10197787047990435,5
2.4145256158840724,$\hat{T}_{Reset}$,0.0002367716697549928,0.034993090403117884,5
2.5985702893845684,$\hat{T}_{Reset}$,5.739191985537236e-05,0.1443647897737656,5
2.796643574394121,$\hat{T}_{Reset}$,1.4813103078459082e-05,0.5593272659178385,5
3.009814787058257,$\hat{T}_{Reset}$,3.303346289791559e-05,0.2508175564347643,5
3.239234751020113,$\hat{T}_{Reset}$,4.092511216038552e-05,0.2024520400130673,5
3.486142010243649,$\hat{T}_{Reset}$,4.753326139966442e-06,1.7430683695295794,5
3.751869515402767,$\hat{T}_{Reset}$,4.1958350815979504e-05,0.19746658968965522,5
4.037851819933397,$\hat{T}_{Reset}$,2.0519260403778006e-06,4.037851404774868,5
4.345632824597091,$\hat{T}_{Reset}$,1.9065995035214893e-06,4.345628134975674,5
4.676874112365815,$\hat{T}_{Reset}$,0.00011692321864819043,0.07086165212029821,5
5.03336391862456,$\hat{T}_{Reset}$,0.00011358024691358025,0.07294730087123091,5
5.417026785118212,$\hat{T}_{Reset}$,9.329984735533171e-05,0.08880370846780554,5
5.829933949760359,$\hat{T}_{Reset}$,3.837184018554917e-05,0.21592325008572058,5
6.274314528394325,$\hat{T}_{Reset}$,2.1128360069512304e-05,0.39214460646139876,5
6.752567548872198,$\hat{T}_{Reset}$,2.2085943769187163e-05,0.3751423317573069,5
7.267274902418825,$\hat{T}_{Reset}$,1.1400935560772117e-05,0.7267274164009498,5
7.821215282199927,$\hat{T}_{Reset}$,2.8602361495712825e-05,0.2896744188718655,5
8.417379184342884,$\hat{T}_{Reset}$,3.149817113743833e-05,0.2630429687006731,5
9.058985052394538,$\hat{T}_{Reset}$,0.0004417534777797086,0.018755647349459788,5
9.749496652373306,$\hat{T}_{Reset}$,9.348089717866154e-05,0.0886317172245208,5
10.492641772216333,$\hat{T}_{Reset}$,0.00010107351123850585,0.08197372727145515,5
11.292432346572342,$\hat{T}_{Reset}$,5.869685641648354e-06,1.4115530116033428,5
12.153186115585632,$\hat{T}_{Reset}$,3.067852721253538e-05,0.2700707366828286,5
13.079549934598068,$\hat{T}_{Reset}$,2.1537648760223258e-05,0.38469252316601293,5
14.076524860608592,$\hat{T}_{Reset}$,6.945421348694878e-05,0.11929258181277293,5
15.149493150921694,$\hat{T}_{Reset}$,1.859486278631987e-05,0.44557319620175606,5
16.304247319739442,$\hat{T}_{Reset}$,9.401194713987707e-05,0.088131058835598,5
17.54702140956167,$\hat{T}_{Reset}$,2.0775973153665236e-05,0.39879587749524764,5
18.88452464621569,$\hat{T}_{Reset}$,3.0272983336697e-05,0.2736886666399371,5
20.32397765920527,$\hat{T}_{Reset}$,4.3212481069060475e-05,0.19173563377192532,5
21.87315146291753,$\hat{T}_{Reset}$,3.787918962776878e-07,21.873151263404345,5
23.540409409131357,$\hat{T}_{Reset}$,2.8157106800961986e-06,2.942551059383191,5
25.33475233731158,$\hat{T}_{Reset}$,5.297982057500765e-05,0.15638732548939815,5
27.265867166436806,$\hat{T}_{Reset}$,6.077470119358474e-07,13.632929955907743,5
29.344179190688156,$\hat{T}_{Reset}$,3.501159335502546e-05,0.23664654049354703,5
31.580908361321878,$\hat{T}_{Reset}$,1.7577707898372514e-05,0.4713568169716122,5
33.98812985856841,$\hat{T}_{Reset}$,2.1695760112174393e-05,0.3818890143417638,5
36.57883928056072,$\hat{T}_{Reset}$,4.5301457415837253e-07,18.289416979633625,5
39.36702280122011,$\hat{T}_{Reset}$,2.736042604813583e-06,3.0282322468433014,5
42.36773267585289,$\hat{T}_{Reset}$,1.9555855238172718e-07,42.36773254723588,5
45.597168502081885,$\hat{T}_{Reset}$,3.2707452011353845e-06,2.533175755102387,5
49.07276467480673,$\hat{T}_{Reset}$,1.6883852098130975e-07,49.07276133715254,5
52.81328450732654,$\hat{T}_{Reset}$,1.568804633621366e-07,52.81328386637928,5
56.8389215267461,$\hat{T}_{Reset}$,1.6034630136475111e-06,5.16717403152712,5
61.17140849051769,$\hat{T}_{Reset}$,1.354451948108237e-07,61.17140188107681,5
65.83413471265413,$\hat{T}_{Reset}$,1.258522399055806e-07,65.8341277902535,5
70.8522723330089,$\hat{T}_{Reset}$,1.1693869921366911e-07,70.85227132118764,5
76.25291221129912,$\hat{T}_{Reset}$,1.0865647678983567e-07,76.25290907102828,5
82.06521017950769,$\hat{T}_{Reset}$,1.4134518209802691e-06,5.861800396484326,5
88.32054444222037,$\hat{T}_{Reset}$,9.381025843319045e-08,88.32053746589229,5
95.0526849746383,$\hat{T}_{Reset}$,4.4454714548868766e-06,1.86377812313373,5
102.29797583277549,$\hat{T}_{Reset}$,8.099254091095227e-08,102.29796906536168,5
110.0955313600591,$\hat{T}_{Reset}$,7.525621542964639e-08,110.09552363657262,5
118.4874473495718,$\hat{T}_{Reset}$,1.3985232573368802e-07,59.24372298542213,5
127.51902830191335,$\hat{T}_{Reset}$,1.9492085628472272e-07,42.50634130465297,5
137.239032005553,$\hat{T}_{Reset}$,6.037183982095162e-08,137.23902516812575,5
147.6999327600634,$\hat{T}_{Reset}$,5.609598112123413e-08,147.69992928240907,5
158.95820466326612,$\hat{T}_{Reset}$,5.21229630736953e-08,158.95820107001902,5
171.07462649164432,$\hat{T}_{Reset}$,4.843133567473011e-08,171.07462202320949,5
184.11460981994108,$\hat{T}_{Reset}$,4.500116890536232e-08,184.1146051574308,5
198.14855215133173,$\hat{T}_{Reset}$,4.181394408898643e-08,198.148551282345,5
213.25221696456873,$\hat{T}_{Reset}$,3.8852456940016236e-08,213.25221355821347,5
229.50714272982336,$\hat{T}_{Reset}$,3.610071811548475e-08,229.50713662063617,5
247.00108310132606,$\hat{T}_{Reset}$,3.354387144244182e-08,247.00107913454676,5
265.8284806632307,$\hat{T}_{Reset}$,3.1168114545065055e-08,265.82847777506913,5
286.0909767862566,$\hat{T}_{Reset}$,2.896062209733115e-08,286.0909692059816,5
307.8979603476156,$\hat{T}_{Reset}$,2.6909475528670957e-08,307.89795348504305,5
331.36715827654194,$\hat{T}_{Reset}$,2.50036017688348e-08,331.3671574693194,5
356.62527111352796,$\hat{T}_{Reset}$,2.3232713072555113e-08,356.62526450348906,5
383.8086570143992,$\hat{T}_{Reset}$,2.15872477219787e-08,383.80865181799066,5
413.0640678918749,$\hat{T}_{Reset}$,2.0058323185159024e-08,413.06406164419116,5
444.5494416687491,$\hat{T}_{Reset}$,3.7275370232023527e-08,222.27471901850123,5
478.43475491973123,$\hat{T}_{Reset}$,1.731766451828916e-08,478.434747126754,5
514.9029405050194,$\hat{T}_{Reset}$,1.609113452185242e-08,514.9029382223956,5
554.1508751495202,$\hat{T}_{Reset}$,1.4951474168255847e-08,554.1508717732119,5
596.390442299262,$\hat{T}_{Reset}$,1.3892530661440334e-08,596.3904378941018,5
641.8496759929147,$\hat{T}_{Reset}$,1.290858711744692e-08,641.8496748908589,5
690.7739919237116,$\hat{T}_{Reset}$,1.1994331862580364e-08,690.7739872099208,5
743.4275123377766,$\hat{T}_{Reset}$,3.34344871452254e-08,247.8091680798168,5
800.0944919214219,$\hat{T}_{Reset}$,1.0355492457929155e-08,800.09448882265,5
861.0808523752157,$\hat{T}_{Reset}$,9.62206103046231e-09,861.0808451955484,5
926.7158339593304,$\hat{T}_{Reset}$,8.94057510857345e-09,926.7158257737227,5
997.35377292621,$\hat{T}_{Reset}$,8.30735560929141e-09,997.3537710805124,5
1073.3760144361563,$\hat{T}_{Reset}$,7.718984204835596e-09,1073.3760070973099,5
1155.1929712829099,$\hat{T}_{Reset}$,7.172284359586693e-09,1155.1929663189042,5
1243.246339543401,$\hat{T}_{Reset}$,1.2595535974110296e-06,6.578022929444163,5
1338.011483113092,$\hat{T}_{Reset}$,6.192302946383815e-09,1338.0114823794486,5
1.0,$\hat{T}_{MLG}$,0.3642218716091935,2.2748146364817316e-05,5
1.0762239473831834,$\hat{T}_{MLG}$,1.1986696282045362,6.912140134095275e-06,5
1.1582579849210413,$\hat{T}_{MLG}$,0.7764176952394577,1.0671282346389998e-05,5
1.2465449806198148,$\hat{T}_{MLG}$,0.3453736862965351,2.3989588012561792e-05,5
1.3415615596333508,$\hat{T}_{MLG}$,0.33397834840877233,2.4808112514206353e-05,5
1.4438206773661448,$\hat{T}_{MLG}$,0.32353331251972617,2.560902424577521e-05,5
1.5538743887084543,$\hat{T}_{MLG}$,0.32851853064347564,2.5220411245615018e-05,5
1.6723168283534438,$\hat{T}_{MLG}$,0.32030182707504495,2.5867390518170283e-05,5
1.7997874182858689,$\hat{T}_{MLG}$,0.3137093960658123,2.6410979551583045e-05,5
1.9369743197582066,$\hat{T}_{MLG}$,2.562777689505608,3.2329657303330074e-06,5
2.0846181483900335,$\hat{T}_{MLG}$,0.32113936784683744,2.5799927614558975e-05,5
2.2435159724469447,$\hat{T}_{MLG}$,0.36217797782332517,2.2876521909002817e-05,5
2.4145256158840724,$\hat{T}_{MLG}$,0.3544704774998284,2.3373942177279478e-05,5
2.5985702893845684,$\hat{T}_{MLG}$,0.3540965040190286,2.339862820048738e-05,5
2.796643574394121,$\hat{T}_{MLG}$,0.33904080365528133,2.4437685244097525e-05,5
3.009814787058257,$\hat{T}_{MLG}$,0.3182220879185615,2.6036446743300874e-05,5
3.239234751020113,$\hat{T}_{MLG}$,1.1412183357445045,7.260111571225719e-06,5
3.486142010243649,$\hat{T}_{MLG}$,0.3140451862519548,2.6382739832816215e-05,5
3.751869515402767,$\hat{T}_{MLG}$,0.31746620566658573,2.6098439130668375e-05,5
4.037851819933397,$\hat{T}_{MLG}$,0.6426163055092162,1.2893187386629124e-05,5
4.345632824597091,$\hat{T}_{MLG}$,0.30572602562469736,2.7100644859082357e-05,5
4.676874112365815,$\hat{T}_{MLG}$,0.31525951163297444,2.6281118059586024e-05,5
5.03336391862456,$\hat{T}_{MLG}$,2.2379495489942385,3.702215918297703e-06,5
5.417026785118212,$\hat{T}_{MLG}$,0.524720226291897,1.5790076367333626e-05,5
5.829933949760359,$\hat{T}_{MLG}$,1.0645540446463466,7.782951449295467e-06,5
6.274314528394325,$\hat{T}_{MLG}$,0.3875117767049266,2.1380956509465226e-05,5
6.752567548872198,$\hat{T}_{MLG}$,0.4692754825533314,1.7655668690707772e-05,5
7.267274902418825,$\hat{T}_{MLG}$,0.428452579417207,1.9337898387503297e-05,5
7.821215282199927,$\hat{T}_{MLG}$,0.3656652440268735,2.265835372646115e-05,5
8.417379184342884,$\hat{T}_{MLG}$,1.3186222847375613,6.28335539337759e-06,5
9.058985052394538,$\hat{T}_{MLG}$,2.3377069637039614,3.5442305529628666e-06,5
9.749496652373306,$\hat{T}_{MLG}$,1.192099853085422,6.9502335925880965e-06,5
10.492641772216333,$\hat{T}_{MLG}$,2.355024195729644,3.5181687133650127e-06,5
11.292432346572342,$\hat{T}_{MLG}$,3.202982975079516,2.5867675567110833e-06,5
12.153186115585632,$\hat{T}_{MLG}$,0.7172870157905787,1.1550986233177066e-05,5
13.079549934598068,$\hat{T}_{MLG}$,0.3807713612338792,2.1759442248453536e-05,5
14.076524860608592,$\hat{T}_{MLG}$,2.91988784203934,2.837565308278031e-06,5
15.149493150921694,$\hat{T}_{MLG}$,1.814086842758559,4.5672413521475245e-06,5
16.304247319739442,$\hat{T}_{MLG}$,1.0820462528657129,7.657133345908725e-06,5
17.54702140956167,$\hat{T}_{MLG}$,0.629985480503874,1.3151687937326493e-05,5
18.88452464621569,$\hat{T}_{MLG}$,0.3227366420658459,2.5672239729578715e-05,5
20.32397765920527,$\hat{T}_{MLG}$,1.4495257166052111,5.715919593367392e-06,5
21.87315146291753,$\hat{T}_{MLG}$,0.4338514985730909,1.9097254410515306e-05,5
23.540409409131357,$\hat{T}_{MLG}$,0.42370384223221097,1.9554631369363024e-05,5
25.33475233731158,$\hat{T}_{MLG}$,0.4393869304564637,1.8856665663738e-05,5
27.265867166436806,$\hat{T}_{MLG}$,0.3035366140949295,2.7296121982972464e-05,5
29.344179190688156,$\hat{T}_{MLG}$,0.38009266690393606,2.1798295957989805e-05,5
31.580908361321878,$\hat{T}_{MLG}$,0.2790014241264797,2.9696523845977313e-05,5
33.98812985856841,$\hat{T}_{MLG}$,0.30180544109893653,2.7452694074914178e-05,5
36.57883928056072,$\hat{T}_{MLG}$,0.2820523522285712,2.9375299936939674e-05,5
39.36702280122011,$\hat{T}_{MLG}$,0.27111018529406566,3.056090436309769e-05,5
42.36773267585289,$\hat{T}_{MLG}$,0.285763448939662,2.8993814553179835e-05,5
45.597168502081885,$\hat{T}_{MLG}$,0.29527186837031305,2.8060148399381534e-05,5
49.07276467480673,$\hat{T}_{MLG}$,0.2746475721976309,3.0167288129791464e-05,5
52.81328450732654,$\hat{T}_{MLG}$,0.2743383739098377,3.0201288746271614e-05,5
56.8389215267461,$\hat{T}_{MLG}$,0.2693396141731262,3.076180408912281e-05,5
61.17140849051769,$\hat{T}_{MLG}$,0.27383672528788877,3.025661527292621e-05,5
65.83413471265413,$\hat{T}_{MLG}$,0.2650332720763077,3.126163134056667e-05,5
70.8522723330089,$\hat{T}_{MLG}$,0.26652614802252567,3.108652755501269e-05,5
76.25291221129912,$\hat{T}_{MLG}$,0.2616045300899665,3.1671364566142156e-05,5
82.06521017950769,$\hat{T}_{MLG}$,0.3473566899040165,2.3852635303851767e-05,5
88.32054444222037,$\hat{T}_{MLG}$,0.26714808166980386,3.10141566162335e-05,5
95.0526849746383,$\hat{T}_{MLG}$,1.0145515296853331,8.166536841360216e-06,5
102.29797583277549,$\hat{T}_{MLG}$,0.29965181437141364,2.764999925668412e-05,5
110.0955313600591,$\hat{T}_{MLG}$,0.27447026437944966,3.0186776200934004e-05,5
118.4874473495718,$\hat{T}_{MLG}$,0.2855163835118583,2.9018903723573957e-05,5
127.51902830191335,$\hat{T}_{MLG}$,0.2594598724028583,3.19331554737262e-05,5
137.239032005553,$\hat{T}_{MLG}$,0.24882421449957723,3.329809544982091e-05,5
147.6999327600634,$\hat{T}_{MLG}$,0.23772324198459951,3.485301805353297e-05,5
158.95820466326612,$\hat{T}_{MLG}$,0.2390510024619239,3.465943400908068e-05,5
171.07462649164432,$\hat{T}_{MLG}$,0.24141142475802133,3.432054822152049e-05,5
184.11460981994108,$\hat{T}_{MLG}$,0.23722927364652796,3.49255904099713e-05,5
198.14855215133173,$\hat{T}_{MLG}$,0.24080019037817657,3.440766567344262e-05,5
213.25221696456873,$\hat{T}_{MLG}$,0.23491959985660338,3.526897053158223e-05,5
229.50714272982336,$\hat{T}_{MLG}$,0.2655167551791895,3.1204706607091816e-05,5
247.00108310132606,$\hat{T}_{MLG}$,0.2405272930451311,3.444670390515316e-05,5
265.8284806632307,$\hat{T}_{MLG}$,0.2981272369533779,2.779139715412627e-05,5
286.0909767862566,$\hat{T}_{MLG}$,0.23435587325192597,3.535380756481871e-05,5
307.8979603476156,$\hat{T}_{MLG}$,0.39211148148868924,2.113014496075814e-05,5
331.36715827654194,$\hat{T}_{MLG}$,0.2413874835375286,3.432395219176932e-05,5
356.62527111352796,$\hat{T}_{MLG}$,0.23354081555867381,3.5477192390604e-05,5
383.8086570143992,$\hat{T}_{MLG}$,0.23715205808392237,3.4936962013214504e-05,5
413.0640678918749,$\hat{T}_{MLG}$,0.230422933937371,3.595723873078363e-05,5
444.5494416687491,$\hat{T}_{MLG}$,0.2325908060872059,3.562209781210001e-05,5
478.43475491973123,$\hat{T}_{MLG}$,0.23653808806383955,3.5027646128590866e-05,5
514.9029405050194,$\hat{T}_{MLG}$,0.22829479531224056,3.629242810070053e-05,5
554.1508751495202,$\hat{T}_{MLG}$,0.2308283364885778,3.589408722808009e-05,5
596.390442299262,$\hat{T}_{MLG}$,0.23320394852396445,3.552843979304328e-05,5
641.8496759929147,$\hat{T}_{MLG}$,0.22601063283999812,3.665921527904034e-05,5
690.7739919237116,$\hat{T}_{MLG}$,0.23160314400460805,3.57740067832101e-05,5
743.4275123377766,$\hat{T}_{MLG}$,0.23390957153440592,3.542126297048487e-05,5
800.0944919214219,$\hat{T}_{MLG}$,0.22676680277306005,3.653697253440281e-05,5
861.0808523752157,$\hat{T}_{MLG}$,0.23322759251383637,3.552483801479064e-05,5
926.7158339593304,$\hat{T}_{MLG}$,0.23539364282178926,3.519794479286888e-05,5
997.35377292621,$\hat{T}_{MLG}$,0.22811860121260477,3.632045962315774e-05,5
1073.3760144361563,$\hat{T}_{MLG}$,0.23008615830944984,3.600986910951152e-05,5
1155.1929712829099,$\hat{T}_{MLG}$,0.2219882997377892,3.732346458989168e-05,5
1243.246339543401,$\hat{T}_{MLG}$,0.7619870597672711,1.0873376835512382e-05,5
1338.011483113092,$\hat{T}_{MLG}$,0.2326535390543438,3.5612492628785316e-05,5
1.0,$\hat{T}_{MLD}$,0.305989740649908,2.7077288366060538e-05,5
1.0762239473831834,$\hat{T}_{MLD}$,0.3033993326019678,2.7308472874933075e-05,5
1.1582579849210413,$\hat{T}_{MLD}$,0.31646590975356775,2.618093194014313e-05,5
1.2465449806198148,$\hat{T}_{MLD}$,0.3036559146300124,2.7285397864648525e-05,5
1.3415615596333508,$\hat{T}_{MLD}$,0.2959735780976908,2.799362192357223e-05,5
1.4438206773661448,$\hat{T}_{MLD}$,0.29045283461015375,2.8525706956016713e-05,5
1.5538743887084543,$\hat{T}_{MLD}$,0.2991712116250053,2.769441751975419e-05,5
1.6723168283534438,$\hat{T}_{MLD}$,0.2928860847259449,2.828872000657287e-05,5
1.7997874182858689,$\hat{T}_{MLD}$,0.2871990918544912,2.8848881071084308e-05,5
1.9369743197582066,$\hat{T}_{MLD}$,0.31125363410784407,2.6619359701236116e-05,5
2.0846181483900335,$\hat{T}_{MLD}$,0.29229861854039313,2.8345575104005045e-05,5
2.2435159724469447,$\hat{T}_{MLD}$,0.2976005989844154,2.7840577179307086e-05,5
2.4145256158840724,$\hat{T}_{MLD}$,0.2902176209731659,2.8548826280261313e-05,5
2.5985702893845684,$\hat{T}_{MLD}$,0.28737152200183014,2.883157101621527e-05,5
2.796643574394121,$\hat{T}_{MLD}$,0.28483448819543816,2.9088375137173194e-05,5
3.009814787058257,$\hat{T}_{MLD}$,0.27681539534173116,2.9931039183732053e-05,5
3.239234751020113,$\hat{T}_{MLD}$,0.2862678358212391,2.8942729178305114e-05,5
3.486142010243649,$\hat{T}_{MLD}$,0.27485447150618647,3.0144579417719775e-05,5
3.751869515402767,$\hat{T}_{MLD}$,0.2845163107104211,2.912090496304247e-05,5
4.037851819933397,$\hat{T}_{MLD}$,0.28118986407631524,2.9465402218000913e-05,5
4.345632824597091,$\hat{T}_{MLD}$,0.27153252158270635,3.051337053970526e-05,5
4.676874112365815,$\hat{T}_{MLD}$,0.2817706324430044,2.940466993596138e-05,5
5.03336391862456,$\hat{T}_{MLD}$,0.27756977771358027,2.9849692257141826e-05,5
5.417026785118212,$\hat{T}_{MLD}$,0.2829616493959982,2.9280902420237343e-05,5
5.829933949760359,$\hat{T}_{MLD}$,0.28746862840852083,2.8821831761270716e-05,5
6.274314528394325,$\hat{T}_{MLD}$,0.2730607023700738,3.0342602845152844e-05,5
6.752567548872198,$\hat{T}_{MLD}$,0.27668164918686916,2.9945507658289774e-05,5
7.267274902418825,$\hat{T}_{MLD}$,0.27099257387863246,3.057416786758277e-05,5
7.821215282199927,$\hat{T}_{MLD}$,0.26963261825487456,3.072837588515257e-05,5
8.417379184342884,$\hat{T}_{MLD}$,0.26385299819574537,3.1401471657665005e-05,5
9.058985052394538,$\hat{T}_{MLD}$,0.269839578454686,3.070480799029633e-05,5
9.749496652373306,$\hat{T}_{MLD}$,0.2625137845205832,3.1561666217889576e-05,5
10.492641772216333,$\hat{T}_{MLD}$,0.2588057932896664,3.201386004277074e-05,5
11.292432346572342,$\hat{T}_{MLD}$,0.2596301476988998,3.191221249946061e-05,5
12.153186115585632,$\hat{T}_{MLD}$,0.25985049125457454,3.188515212971634e-05,5
13.079549934598068,$\hat{T}_{MLD}$,0.24737545810072145,3.3493106018868536e-05,5
14.076524860608592,$\hat{T}_{MLD}$,0.2559056926992438,3.2376663282637944e-05,5
15.149493150921694,$\hat{T}_{MLD}$,0.25604539600658915,3.2358997950583794e-05,5
16.304247319739442,$\hat{T}_{MLD}$,0.24733985201299905,3.349792755676992e-05,5
17.54702140956167,$\hat{T}_{MLD}$,0.24701184121443118,3.354240996665863e-05,5
18.88452464621569,$\hat{T}_{MLD}$,0.24515194838851204,3.379688596846531e-05,5
20.32397765920527,$\hat{T}_{MLD}$,0.24319664380074152,3.406861342799654e-05,5
21.87315146291753,$\hat{T}_{MLD}$,0.2404437758218648,3.445866883562807e-05,5
23.540409409131357,$\hat{T}_{MLD}$,0.24197752060273103,3.424025679739163e-05,5
25.33475233731158,$\hat{T}_{MLD}$,0.23619899466048436,3.507793272593367e-05,5
27.265867166436806,$\hat{T}_{MLD}$,0.2373460555216399,3.4908405898821524e-05,5
29.344179190688156,$\hat{T}_{MLD}$,0.2408298950702547,3.440342172725954e-05,5
31.580908361321878,$\hat{T}_{MLD}$,0.2329054534245835,3.5573973570852855e-05,5
33.98812985856841,$\hat{T}_{MLD}$,0.23668740652662093,3.500554831463648e-05,5
36.57883928056072,$\hat{T}_{MLD}$,0.24217618642954072,3.421216828453198e-05,5
39.36702280122011,$\hat{T}_{MLD}$,0.23514465581467983,3.523521474867552e-05,5
42.36773267585289,$\hat{T}_{MLD}$,0.25682736834783143,3.226047324291556e-05,5
45.597168502081885,$\hat{T}_{MLD}$,0.2500743895532035,3.313163118957016e-05,5
49.07276467480673,$\hat{T}_{MLD}$,0.2505563845417191,3.306789591407946e-05,5
52.81328450732654,$\hat{T}_{MLD}$,0.25483702411142906,3.2512436030530655e-05,5
56.8389215267461,$\hat{T}_{MLD}$,0.2491329627690465,3.3256829415682e-05,5
61.17140849051769,$\hat{T}_{MLD}$,0.253701107977722,3.265800654430406e-05,5
65.83413471265413,$\hat{T}_{MLD}$,0.24716539586268313,3.352157131751854e-05,5
70.8522723330089,$\hat{T}_{MLD}$,0.2509024107456608,3.3022291097204714e-05,5
76.25291221129912,$\hat{T}_{MLD}$,0.24382650645511833,3.398060598534123e-05,5
82.06521017950769,$\hat{T}_{MLD}$,0.24930298216546876,3.3234148956687656e-05,5
88.32054444222037,$\hat{T}_{MLD}$,0.25109856527800906,3.2996494565631274e-05,5
95.0526849746383,$\hat{T}_{MLD}$,0.23824162280227004,3.477718270711296e-05,5
102.29797583277549,$\hat{T}_{MLD}$,0.24101285243960874,3.437730544560781e-05,5
110.0955313600591,$\hat{T}_{MLD}$,0.2348032975077625,3.528643989490703e-05,5
118.4874473495718,$\hat{T}_{MLD}$,0.23868143467431435,3.47130997261651e-05,5
127.51902830191335,$\hat{T}_{MLD}$,0.23207397988267323,3.570142783272114e-05,5
137.239032005553,$\hat{T}_{MLD}$,0.22974663953187915,3.606308436769964e-05,5
147.6999327600634,$\hat{T}_{MLD}$,0.2236417477908982,3.704752143316434e-05,5
158.95820466326612,$\hat{T}_{MLD}$,0.22822994242315067,3.630274080896934e-05,5
171.07462649164432,$\hat{T}_{MLD}$,0.2307934117252942,3.5899518893093196e-05,5
184.11460981994108,$\hat{T}_{MLD}$,0.22615616086783855,3.6635625635135594e-05,5
198.14855215133173,$\hat{T}_{MLD}$,0.23118311879132444,3.583900281279776e-05,5
213.25221696456873,$\hat{T}_{MLD}$,0.2257947103328653,3.6694271678992764e-05,5
229.50714272982336,$\hat{T}_{MLD}$,0.22990696015289377,3.603793655974425e-05,5
247.00108310132606,$\hat{T}_{MLD}$,0.2234068063020213,3.708648174949839e-05,5
265.8284806632307,$\hat{T}_{MLD}$,0.23032621912122686,3.597233730595309e-05,5
286.0909767862566,$\hat{T}_{MLD}$,0.22471888482719704,3.686994286663922e-05,5
307.8979603476156,$\hat{T}_{MLD}$,0.2294679376580377,3.610688503672713e-05,5
331.36715827654194,$\hat{T}_{MLD}$,0.2329353918863012,3.55694013586301e-05,5
356.62527111352796,$\hat{T}_{MLD}$,0.22632492024695167,3.660830824812907e-05,5
383.8086570143992,$\hat{T}_{MLD}$,0.23082158606791414,3.589513695740678e-05,5
413.0640678918749,$\hat{T}_{MLD}$,0.22433141623588074,3.693362518570161e-05,5
444.5494416687491,$\hat{T}_{MLD}$,0.22642068198253232,3.65928252317199e-05,5
478.43475491973123,$\hat{T}_{MLD}$,0.22828413425131502,3.629412298759395e-05,5
514.9029405050194,$\hat{T}_{MLD}$,0.22162145092942553,3.738524592221029e-05,5
554.1508751495202,$\hat{T}_{MLD}$,0.2256409893196985,3.671927015394592e-05,5
596.390442299262,$\hat{T}_{MLD}$,0.22855438750112078,3.625120714251441e-05,5
641.8496759929147,$\hat{T}_{MLD}$,0.2209556321903864,3.749790110575025e-05,5
690.7739919237116,$\hat{T}_{MLD}$,0.22602027810800304,3.665765087092981e-05,5
743.4275123377766,$\hat{T}_{MLD}$,0.22928028835680428,3.613643590564576e-05,5
800.0944919214219,$\hat{T}_{MLD}$,0.22212132218529015,3.7301112577216274e-05,5
861.0808523752157,$\hat{T}_{MLD}$,0.22481965709246257,3.685341643069082e-05,5
926.7158339593304,$\hat{T}_{MLD}$,0.22963201748774703,3.608108544826827e-05,5
997.35377292621,$\hat{T}_{MLD}$,0.2224096043775162,3.725276373663303e-05,5
1073.3760144361563,$\hat{T}_{MLD}$,0.22321848501491598,3.711777026028999e-05,5
1155.1929712829099,$\hat{T}_{MLD}$,0.21713405121848756,3.815786790758404e-05,5
1243.246339543401,$\hat{T}_{MLD}$,0.2241148120694851,3.6969321073097205e-05,5
1338.011483113092,$\hat{T}_{MLD}$,0.22669553299780712,3.65484592266482e-05,5
1.0,$\hat{T}_{emp}$,0.008450999447398007,0.0011273855763409262,6
1.0762239473831834,$\hat{T}_{emp}$,0.010791526128949442,0.0008828718726912037,6
1.1582579849210413,$\hat{T}_{emp}$,0.013070766396038463,0.0007289193758025766,6
1.2465449806198148,$\hat{T}_{emp}$,0.015041731633495368,0.0006334067855223169,6
1.3415615596333508,$\hat{T}_{emp}$,0.016866939378444405,0.0005648644765296091,6
1.4438206773661448,$\hat{T}_{emp}$,0.01555354656495602,0.0006125634975194862,6
1.5538743887084543,$\hat{T}_{emp}$,0.017345931462417148,0.0005492662589671037,6
1.6723168283534438,$\hat{T}_{emp}$,0.014641872336546569,0.0006507046820016745,6
1.7997874182858689,$\hat{T}_{emp}$,0.026706828372233368,0.0003567452768958243,6
1.9369743197582066,$\hat{T}_{emp}$,0.020619570884693707,0.000462062713910992,6
2.0846181483900335,$\hat{T}_{emp}$,0.02307597383900292,0.00041287682804347126,6
2.2435159724469447,$\hat{T}_{emp}$,0.03554911944690989,0.0002680104326322443,6
2.4145256158840724,$\hat{T}_{emp}$,0.04004324733847356,0.00023793112486927582,6
2.5985702893845684,$\hat{T}_{emp}$,0.042182567471942455,0.00022586427175156766,6
2.796643574394121,$\hat{T}_{emp}$,0.05274723028494338,0.00018062625906978228,6
3.009814787058257,$\hat{T}_{emp}$,0.059983032927516416,0.00015883716473914778,6
3.239234751020113,$\hat{T}_{emp}$,0.04277234944968322,0.00022274986072181295,6
3.486142010243649,$\hat{T}_{emp}$,0.04090450695679979,0.0002329213964789724,6
3.751869515402767,$\hat{T}_{emp}$,0.039769726149845606,0.00023956752547813653,6
4.037851819933397,$\hat{T}_{emp}$,0.03797474327997584,0.00025089135724810913,6
4.345632824597091,$\hat{T}_{emp}$,0.04258155325544328,0.00022374794140332885,6
4.676874112365815,$\hat{T}_{emp}$,0.05506041203636741,0.00017303784207732973,6
5.03336391862456,$\hat{T}_{emp}$,0.06078789163650681,0.0001567340900657227,6
5.417026785118212,$\hat{T}_{emp}$,0.05544133036680063,0.0001718489585229529,6
5.829933949760359,$\hat{T}_{emp}$,0.038623768799956854,0.00024667543273695995,6
6.274314528394325,$\hat{T}_{emp}$,0.04076562725402212,0.00023371490945773733,6
6.752567548872198,$\hat{T}_{emp}$,0.041141910596521725,0.0002315773561441539,6
7.267274902418825,$\hat{T}_{emp}$,0.039249310075842495,0.00024274400911127706,6
7.821215282199927,$\hat{T}_{emp}$,0.03504786175274636,0.0002718435421217978,6
8.417379184342884,$\hat{T}_{emp}$,0.03569411383858586,0.00026692173745359227,6
9.058985052394538,$\hat{T}_{emp}$,0.036178208095950765,0.0002633501044991782,6
9.749496652373306,$\hat{T}_{emp}$,0.025762829132528614,0.0003698171048548396,6
10.492641772216333,$\hat{T}_{emp}$,0.030603034969708415,0.00031132647111935865,6
11.292432346572342,$\hat{T}_{emp}$,0.0254066472557058,0.00037500165947799215,6
12.153186115585632,$\hat{T}_{emp}$,0.025251943226049223,0.0003772990774362783,6
13.079549934598068,$\hat{T}_{emp}$,0.027115088340380896,0.00035137392004999874,6
14.076524860608592,$\hat{T}_{emp}$,0.02967057586109105,0.0003211105482841579,6
15.149493150921694,$\hat{T}_{emp}$,0.027847760544477806,0.0003421293021909065,6
16.304247319739442,$\hat{T}_{emp}$,0.009162753407398923,0.0010398113382564858,6
17.54702140956167,$\hat{T}_{emp}$,0.00704506015042493,0.0013523709775688695,6
18.88452464621569,$\hat{T}_{emp}$,0.006081431855825567,0.0015666598111323024,6
20.32397765920527,$\hat{T}_{emp}$,0.007365050255885219,0.0012936143748711621,6
21.87315146291753,$\hat{T}_{emp}$,0.009999207241802576,0.0009528290245681619,6
23.540409409131357,$\hat{T}_{emp}$,0.02600680919678676,0.00036634770573234387,6
25.33475233731158,$\hat{T}_{emp}$,0.06657683704460293,0.000143105850406782,6
27.265867166436806,$\hat{T}_{emp}$,0.08273755362017418,0.00011515369340505275,6
29.344179190688156,$\hat{T}_{emp}$,0.11643431320281539,8.182755255373699e-05,6
31.580908361321878,$\hat{T}_{emp}$,0.15059501649924065,6.326593737389504e-05,6
33.98812985856841,$\hat{T}_{emp}$,0.16255811723970512,5.8610022338118784e-05,6
36.57883928056072,$\hat{T}_{emp}$,0.19670505584907155,4.843563802433205e-05,6
39.36702280122011,$\hat{T}_{emp}$,0.20460942985115155,4.656449553470093e-05,6
42.36773267585289,$\hat{T}_{emp}$,0.23497258297517895,4.054743222390367e-05,6
45.597168502081885,$\hat{T}_{emp}$,0.06405137666820593,0.00014874832327204242,6
49.07276467480673,$\hat{T}_{emp}$,0.04420104356267443,0.00021554999870426533,6
52.81328450732654,$\hat{T}_{emp}$,0.056886188656208495,0.00016748414874902725,6
56.8389215267461,$\hat{T}_{emp}$,0.0609364819495544,0.0001563519024703283,6
61.17140849051769,$\hat{T}_{emp}$,0.07421665587309123,0.0001283746184812411,6
65.83413471265413,$\hat{T}_{emp}$,0.08841252114182574,0.00010776228026998783,6
70.8522723330089,$\hat{T}_{emp}$,0.08512354941701016,0.00011192595877302283,6
76.25291221129912,$\hat{T}_{emp}$,0.09684303907389649,9.838120502797958e-05,6
82.06521017950769,$\hat{T}_{emp}$,0.04359191996449285,0.00021856194658143437,6
88.32054444222037,$\hat{T}_{emp}$,0.018196810776576693,0.000523582676087707,6
95.0526849746383,$\hat{T}_{emp}$,0.01075142716041661,0.0008861646682348415,6
102.29797583277549,$\hat{T}_{emp}$,0.013333504701973637,0.0007145559322637338,6
110.0955313600591,$\hat{T}_{emp}$,0.012899733547026483,0.0007385838512034879,6
118.4874473495718,$\hat{T}_{emp}$,0.01886515115367355,0.0005050335830893347,6
127.51902830191335,$\hat{T}_{emp}$,0.021918503986248925,0.00043467998037817577,6
137.239032005553,$\hat{T}_{emp}$,0.030281101072632835,0.0003146363423116194,6
147.6999327600634,$\hat{T}_{emp}$,0.038561894949616926,0.00024707123172006606,6
158.95820466326612,$\hat{T}_{emp}$,0.04182291087584365,0.00022780659411644695,6
171.07462649164432,$\hat{T}_{emp}$,0.041362150595027396,0.00023034428204531175,6
184.11460981994108,$\hat{T}_{emp}$,0.03179206679612254,0.00029968277758600015,6
198.14855215133173,$\hat{T}_{emp}$,0.02868085538514267,0.0003321914480834183,6
213.25221696456873,$\hat{T}_{emp}$,0.022795435069194205,0.0004179580189516619,6
229.50714272982336,$\hat{T}_{emp}$,0.022984514771101142,0.00041451973111221804,6
247.00108310132606,$\hat{T}_{emp}$,0.024951155202790575,0.000381847445748567,6
265.8284806632307,$\hat{T}_{emp}$,0.02950606636102493,0.0003229008830281333,6
286.0909767862566,$\hat{T}_{emp}$,0.02714993562966272,0.0003509229271340268,6
307.8979603476156,$\hat{T}_{emp}$,0.023339057112489774,0.00040822278452555994,6
331.36715827654194,$\hat{T}_{emp}$,0.019083956625925852,0.0004992431637430125,6
356.62527111352796,$\hat{T}_{emp}$,0.018942982865196988,0.0005029585335351869,6
383.8086570143992,$\hat{T}_{emp}$,0.020629626773070134,0.0004618374819605981,6
413.0640678918749,$\hat{T}_{emp}$,0.025920839894703163,0.0003675627379886162,6
444.5494416687491,$\hat{T}_{emp}$,0.024022792044284973,0.00039660397780150007,6
478.43475491973123,$\hat{T}_{emp}$,0.019874977711289904,0.00047937336187549887,6
514.9029405050194,$\hat{T}_{emp}$,0.018137480971868895,0.0005252953757712435,6
554.1508751495202,$\hat{T}_{emp}$,0.017414721260510746,0.0005470966052305463,6
596.390442299262,$\hat{T}_{emp}$,0.016879535027119964,0.0005644429699843021,6
641.8496759929147,$\hat{T}_{emp}$,0.0172887921754503,0.0005510815785148101,6
690.7739919237116,$\hat{T}_{emp}$,0.014152659918137352,0.0006731974722611422,6
743.4275123377766,$\hat{T}_{emp}$,0.006320325606644042,0.0015074436786367668,6
800.0944919214219,$\hat{T}_{emp}$,0.006925175957551842,0.0013757823542767831,6
861.0808523752157,$\hat{T}_{emp}$,0.005462040066858648,0.0017443180141556826,6
926.7158339593304,$\hat{T}_{emp}$,0.0031835322760421134,0.002992755862524704,6
997.35377292621,$\hat{T}_{emp}$,0.0049489498582161815,0.0019251629447900268,6
1073.3760144361563,$\hat{T}_{emp}$,0.006918721369490465,0.0013770658440843257,6
1155.1929712829099,$\hat{T}_{emp}$,0.00815334977447927,0.0011685423962165473,6
1243.246339543401,$\hat{T}_{emp}$,0.010616199629730509,0.000897452498536287,6
1338.011483113092,$\hat{T}_{emp}$,0.011552770355510434,0.0008246969851795948,6
1.0,$\hat{T}_{GT}$,9.527620572038339e-06,0.9999910062144014,6
1.0762239473831834,$\hat{T}_{GT}$,8.852769588965908e-06,1.0762208128105772,6
1.1582579849210413,$\hat{T}_{GT}$,8.225781243573609e-06,1.158252888150294,6
1.2465449806198148,$\hat{T}_{GT}$,7.643156317833013e-06,1.2465445539079196,6
1.3415615596333508,$\hat{T}_{GT}$,7.1018692119765925e-06,1.3415531317578215,6
1.4438206773661448,$\hat{T}_{GT}$,6.598874232056011e-06,1.4438121636534291,6
1.5538743887084543,$\hat{T}_{GT}$,6.1314710012079e-06,1.5538742466179365,6
1.6723168283534438,$\hat{T}_{GT}$,5.697226590095941e-06,1.6723110327443034,6
1.7997874182858689,$\hat{T}_{GT}$,5.293722174872818e-06,1.7997799219394337,6
1.9369743197582066,$\hat{T}_{GT}$,2.45939538223923e-05,0.38739337934297574,6
2.0846181483900335,$\hat{T}_{GT}$,4.570404800753203e-06,2.0846151047914865,6
2.2435159724469447,$\hat{T}_{GT}$,4.2466992530056015e-06,2.243515331564517,6
2.4145256158840724,$\hat{T}_{GT}$,3.945925043207879e-06,2.4145250551734114,6
2.5985702893845684,$\hat{T}_{GT}$,3.6664552344148153e-06,2.5985684465017864,6
2.796643574394121,$\hat{T}_{GT}$,3.406783587479389e-06,2.796636369177439,6
3.009814787058257,$\hat{T}_{GT}$,3.1654985976841213e-06,3.0098054346421113,6
3.239234751020113,$\hat{T}_{GT}$,2.9412975828416463e-06,3.2392284746166036,6
3.486142010243649,$\hat{T}_{GT}$,2.7329796857619957e-06,3.4861345411007805,6
3.751869515402767,$\hat{T}_{GT}$,2.539411669104502e-06,3.7518670165130965,6
4.037851819933397,$\hat{T}_{GT}$,2.359559045605557e-06,4.037845503551068,6
4.345632824597091,$\hat{T}_{GT}$,2.1924391543323693e-06,4.345632517935453,6
4.676874112365815,$\hat{T}_{GT}$,2.0371619075169236e-06,4.676866795666068,6
5.03336391862456,$\hat{T}_{GT}$,1.8928782349289035e-06,5.033358568370619,6
5.417026785118212,$\hat{T}_{GT}$,1.758813855935557e-06,5.417022870560521,6
5.829933949760359,$\hat{T}_{GT}$,1.6342459507470955e-06,5.829927177305311,6
6.274314528394325,$\hat{T}_{GT}$,1.5184991154742652e-06,6.274310459302416,6
6.752567548872198,$\hat{T}_{GT}$,1.4109506703426635e-06,6.752564127807383,6
7.267274902418825,$\hat{T}_{GT}$,1.311019776733332e-06,7.267270144773414,6
7.821215282199927,$\hat{T}_{GT}$,1.2181662699505181e-06,7.821210550386244,6
8.417379184342884,$\hat{T}_{GT}$,1.1318888168253008e-06,8.417376990599031,6
9.058985052394538,$\hat{T}_{GT}$,1.0517226691459277e-06,9.05898024466723,6
9.749496652373306,$\hat{T}_{GT}$,9.772343486146726e-07,9.749488335288136,6
10.492641772216333,$\hat{T}_{GT}$,9.080210951460825e-07,10.492636056135744,6
11.292432346572342,$\hat{T}_{GT}$,8.437102665196361e-07,11.292424971860777,6
12.153186115585632,$\hat{T}_{GT}$,7.839540289357432e-07,12.15318058329996,6
13.079549934598068,$\hat{T}_{GT}$,7.284302691914059e-07,13.079542799941153,6
14.076524860608592,$\hat{T}_{GT}$,6.76838649111277e-07,14.076523105132633,6
15.149493150921694,$\hat{T}_{GT}$,6.289015479782701e-07,15.149485501013341,6
16.304247319739442,$\hat{T}_{GT}$,5.843592734310538e-07,16.304241783861695,6
17.54702140956167,$\hat{T}_{GT}$,5.429718805722489e-07,17.547013433956085,6
18.88452464621569,$\hat{T}_{GT}$,5.045156674817958e-07,18.884517363388774,6
20.32397765920527,$\hat{T}_{GT}$,4.6878303455446627e-07,20.323975443600826,6
21.87315146291753,$\hat{T}_{GT}$,4.3558142715641117e-07,21.873143087986726,6
23.540409409131357,$\hat{T}_{GT}$,4.0473114519486996e-07,23.54040452724322,6
25.33475233731158,$\hat{T}_{GT}$,3.76065958960674e-07,25.334744226764656,6
27.265867166436806,$\hat{T}_{GT}$,3.4943091680888503e-07,27.265861217061577,6
29.344179190688156,$\hat{T}_{GT}$,3.246822821527994e-07,29.344178621295626,6
31.580908361321878,$\hat{T}_{GT}$,3.0168660915715397e-07,31.580900820488804,6
33.98812985856841,$\hat{T}_{GT}$,2.8031949694984357e-07,33.9881277839421,6
36.57883928056072,$\hat{T}_{GT}$,2.6046577531805476e-07,36.57883601416569,6
39.36702280122011,$\hat{T}_{GT}$,2.4201817992163935e-07,39.367021459902205,6
42.36773267585289,$\hat{T}_{GT}$,2.248771720886052e-07,42.36772809873138,6
45.597168502081885,$\hat{T}_{GT}$,2.08950171652566e-07,45.597162267488606,6
49.07276467480673,$\hat{T}_{GT}$,1.941511952432957e-07,49.07275935500916,6
52.81328450732654,$\hat{T}_{GT}$,1.8040036614058312e-07,52.813279077477006,6
56.8389215267461,$\hat{T}_{GT}$,1.6762343328662785e-07,56.838919808843386,6
61.17140849051769,$\hat{T}_{GT}$,1.557514493451119e-07,61.17140432864076,6
65.83413471265413,$\hat{T}_{GT}$,1.447202925781211e-07,65.83413226254096,6
70.8522723330089,$\hat{T}_{GT}$,1.3447043324625476e-07,70.85226583016909,6
76.25291221129912,$\hat{T}_{GT}$,1.2494650727657222e-07,76.25291086826631,6
82.06521017950769,$\hat{T}_{GT}$,1.1609713475754333e-07,82.06520257850381,6
88.32054444222037,$\hat{T}_{GT}$,1.0787450441104242e-07,88.32054371585485,6
95.0526849746383,$\hat{T}_{GT}$,1.002342574831639e-07,95.05268080887382,6
102.29797583277549,$\hat{T}_{GT}$,9.313513059920256e-08,102.29797093067292,6
110.0955313600591,$\hat{T}_{GT}$,8.653880270104911e-08,110.09552461194552,6
118.4874473495718,$\hat{T}_{GT}$,8.040965826136468e-08,118.48744402933808,6
127.51902830191335,$\hat{T}_{GT}$,7.47146163157894e-08,127.51902308368278,6
137.239032005553,$\hat{T}_{GT}$,6.942292815775221e-08,137.2390236985091,6
147.6999327600634,$\hat{T}_{GT}$,6.450602447564987e-08,147.6999235359507,6
158.95820466326612,$\hat{T}_{GT}$,5.993735946562248e-08,158.95820182279198,6
171.07462649164432,$\hat{T}_{GT}$,5.5692273899949495e-08,171.07462517651464,6
184.11460981994108,$\hat{T}_{GT}$,5.174784825978455e-08,184.11460965162297,6
198.14855215133173,$\hat{T}_{GT}$,4.808279010198456e-08,198.14854467583012,6
213.25221696456873,$\hat{T}_{GT}$,4.467730853349549e-08,213.25221226159275,6
229.50714272982336,$\hat{T}_{GT}$,4.151302178391667e-08,229.5071395249018,6
247.00108310132606,$\hat{T}_{GT}$,3.857284783181251e-08,247.00107506202656,6
265.8284806632307,$\hat{T}_{GT}$,3.5840911655163406e-08,265.82847485379375,6
286.0909767862566,$\hat{T}_{GT}$,3.330246638732114e-08,286.0909691147968,6
307.8979603476156,$\hat{T}_{GT}$,3.094380716017418e-08,307.89795300055835,6
331.36715827654194,$\hat{T}_{GT}$,2.875220022618206e-08,331.3671582596234,6
356.62527111352796,$\hat{T}_{GT}$,2.6715815931340995e-08,356.6252629957919,6
383.8086570143992,$\hat{T}_{GT}$,2.48236583166417e-08,383.80865387090915,6
413.0640678918749,$\hat{T}_{GT}$,2.3065513809230856e-08,413.06406444970304,6
444.5494416687491,$\hat{T}_{GT}$,2.1431890769196775e-08,444.5494326779234,6
478.43475491973123,$\hat{T}_{GT}$,1.9913969263107067e-08,478.4347488329467,6
514.9029405050194,$\hat{T}_{GT}$,1.8503555310124397e-08,514.9029320569853,6
554.1508751495202,$\hat{T}_{GT}$,1.7193034276548923e-08,554.150868858389,6
596.390442299262,$\hat{T}_{GT}$,1.597533127685024e-08,596.3904420854136,6
641.8496759929147,$\hat{T}_{GT}$,1.484387274027272e-08,641.849674230406,6
690.7739919237116,$\hat{T}_{GT}$,1.3792550224330312e-08,690.7739850644084,6
743.4275123377766,$\hat{T}_{GT}$,1.281568787833032e-08,743.4275064369729,6
800.0944919214219,$\hat{T}_{GT}$,1.1908012225051142e-08,800.0944828237889,6
861.0808523752157,$\hat{T}_{GT}$,1.1064622974742476e-08,861.0808433699386,6
926.7158339593304,$\hat{T}_{GT}$,1.0280967005138375e-08,926.7158310983622,6
997.35377292621,$\hat{T}_{GT}$,9.552813868255501e-09,997.3537655038109,6
1073.3760144361563,$\hat{T}_{GT}$,8.876232407174226e-09,1073.3760052250332,6
1155.1929712829099,$\hat{T}_{GT}$,8.247570014322894e-09,1155.1929678821693,6
1243.246339543401,$\hat{T}_{GT}$,7.663432938087693e-09,1243.2463309373095,6
1338.011483113092,$\hat{T}_{GT}$,7.120667515298327e-09,1338.0114802709595,6
1.0,$\hat{T}_{Reset}$,5.7165723432230034e-05,0.16666516770240025,6
1.0762239473831834,$\hat{T}_{Reset}$,0.0001150860046565568,0.08278621637004441,6
1.1582579849210413,$\hat{T}_{Reset}$,8.225781243573609e-05,0.1158252888150294,6
1.2465449806198148,$\hat{T}_{Reset}$,7.643156317833013e-06,1.2465445539079196,6
1.3415615596333508,$\hat{T}_{Reset}$,1.4203738423953185e-05,0.6707765658789108,6
1.4438206773661448,$\hat{T}_{Reset}$,0.0004091302023874727,0.023287292962152085,6
1.5538743887084543,$\hat{T}_{Reset}$,3.06573550060395e-05,0.3107748493235873,6
1.6723168283534438,$\hat{T}_{Reset}$,0.0001367334381623026,0.06967962636434596,6
1.7997874182858689,$\hat{T}_{Reset}$,1.0587444349745637e-05,0.8998899609697169,6
1.9369743197582066,$\hat{T}_{Reset}$,0.0003885844703937984,0.024518568312846566,6
2.0846181483900335,$\hat{T}_{Reset}$,1.828161920301281e-05,0.5211537761978716,6
2.2435159724469447,$\hat{T}_{Reset}$,4.2466992530056015e-06,2.243515331564517,6
2.4145256158840724,$\hat{T}_{Reset}$,3.945925043207879e-06,2.4145250551734114,6
2.5985702893845684,$\hat{T}_{Reset}$,7.332910468829631e-05,0.1299284223250893,6
2.796643574394121,$\hat{T}_{Reset}$,3.406783587479389e-06,2.796636369177439,6
3.009814787058257,$\hat{T}_{Reset}$,3.1654985976841213e-06,3.0098054346421113,6
3.239234751020113,$\hat{T}_{Reset}$,2.9412975828416463e-05,0.32392284746166033,6
3.486142010243649,$\hat{T}_{Reset}$,0.0001284500452308138,0.07417307534256978,6
3.751869515402767,$\hat{T}_{Reset}$,0.0002717170485941817,0.03506417772442146,6
4.037851819933397,$\hat{T}_{Reset}$,3.7752944729688915e-05,0.25236534397194177,6
4.345632824597091,$\hat{T}_{Reset}$,2.1924391543323693e-06,4.345632517935453,6
4.676874112365815,$\hat{T}_{Reset}$,1.8334457167652314e-05,0.5196518661851186,6
5.03336391862456,$\hat{T}_{Reset}$,1.8928782349289035e-06,5.033358568370619,6
5.417026785118212,$\hat{T}_{Reset}$,1.4070510847484456e-05,0.6771278588200651,6
5.829933949760359,$\hat{T}_{Reset}$,1.3073967605976764e-05,0.7287408971631639,6
6.274314528394325,$\hat{T}_{Reset}$,1.8221989385691183e-05,0.522859204941868,6
6.752567548872198,$\hat{T}_{Reset}$,5.502707614336388e-05,0.17314266994377903,6
7.267274902418825,$\hat{T}_{Reset}$,1.8354276874266648e-05,0.5190907246266724,6
7.821215282199927,$\hat{T}_{Reset}$,1.0963496429554663e-05,0.8690233944873605,6
8.417379184342884,$\hat{T}_{Reset}$,1.5846443435554213e-05,0.6012412136142166,6
9.058985052394538,$\hat{T}_{Reset}$,2.1034453382918552e-05,0.4529490122333616,6
9.749496652373306,$\hat{T}_{Reset}$,1.563574957783476e-05,0.6093430209555085,6
10.492641772216333,$\hat{T}_{Reset}$,1.6344379712629484e-05,0.5829242253408746,6
11.292432346572342,$\hat{T}_{Reset}$,5.905971865637453e-06,1.6132035674086822,6
12.153186115585632,$\hat{T}_{Reset}$,3.1358161157429726e-06,3.03829514582499,6
13.079549934598068,$\hat{T}_{Reset}$,7.284302691914059e-07,13.079542799941153,6
14.076524860608592,$\hat{T}_{Reset}$,3.384193245556385e-06,2.815304621026527,6
15.149493150921694,$\hat{T}_{Reset}$,6.289015479782701e-07,15.149485501013341,6
16.304247319739442,$\hat{T}_{Reset}$,1.8699496749793723e-05,0.509507555745678,6
17.54702140956167,$\hat{T}_{Reset}$,7.058634447439236e-06,1.3497702641504679,6
18.88452464621569,$\hat{T}_{Reset}$,3.5316096723725705e-06,2.697788194769825,6
20.32397765920527,$\hat{T}_{Reset}$,5.766031325019935e-05,0.16523557271220182,6
21.87315146291753,$\hat{T}_{Reset}$,4.3558142715641117e-07,21.873143087986726,6
23.540409409131357,$\hat{T}_{Reset}$,2.4283868711692196e-06,3.9234007545405367,6
25.33475233731158,$\hat{T}_{Reset}$,3.76065958960674e-07,25.334744226764656,6
27.265867166436806,$\hat{T}_{Reset}$,1.3977236672355401e-06,6.816465304265394,6
29.344179190688156,$\hat{T}_{Reset}$,3.246822821527994e-06,2.9344178621295627,6
31.580908361321878,$\hat{T}_{Reset}$,3.0168660915715397e-07,31.580900820488804,6
33.98812985856841,$\hat{T}_{Reset}$,2.8031949694984357e-07,33.9881277839421,6
36.57883928056072,$\hat{T}_{Reset}$,2.6046577531805476e-07,36.57883601416569,6
39.36702280122011,$\hat{T}_{Reset}$,2.4201817992163935e-07,39.367021459902205,6
42.36773267585289,$\hat{T}_{Reset}$,2.248771720886052e-07,42.36772809873138,6
45.597168502081885,$\hat{T}_{Reset}$,4.17900343305132e-07,22.798581133744303,6
49.07276467480673,$\hat{T}_{Reset}$,3.883023904865914e-07,24.53637967750458,6
52.81328450732654,$\hat{T}_{Reset}$,1.8040036614058312e-07,52.813279077477006,6
56.8389215267461,$\hat{T}_{Reset}$,2.6819749325860456e-06,3.5524324880527116,6
61.17140849051769,$\hat{T}_{Reset}$,3.115028986902238e-07,30.58570216432038,6
65.83413471265413,$\hat{T}_{Reset}$,1.8668917742577623e-05,0.5103421105623329,6
70.8522723330089,$\hat{T}_{Reset}$,2.9986906613914812e-05,0.31772316515770893,6
76.25291221129912,$\hat{T}_{Reset}$,1.2494650727657222e-07,76.25291086826631,6
82.06521017950769,$\hat{T}_{Reset}$,2.2058455603933234e-06,4.319221188342306,6
88.32054444222037,$\hat{T}_{Reset}$,2.1574900882208483e-06,4.416027185792744,6
95.0526849746383,$\hat{T}_{Reset}$,1.002342574831639e-07,95.05268080887382,6
102.29797583277549,$\hat{T}_{Reset}$,9.313513059920256e-08,102.29797093067292,6
110.0955313600591,$\hat{T}_{Reset}$,8.653880270104911e-08,110.09552461194552,6
118.4874473495718,$\hat{T}_{Reset}$,6.432772660909174e-07,14.81093050366726,6
127.51902830191335,$\hat{T}_{Reset}$,7.47146163157894e-08,127.51902308368278,6
137.239032005553,$\hat{T}_{Reset}$,6.942292815775221e-08,137.2390236985091,6
147.6999327600634,$\hat{T}_{Reset}$,6.450602447564987e-08,147.6999235359507,6
158.95820466326612,$\hat{T}_{Reset}$,5.993735946562248e-08,158.95820182279198,6
171.07462649164432,$\hat{T}_{Reset}$,5.5692273899949495e-08,171.07462517651464,6
184.11460981994108,$\hat{T}_{Reset}$,5.174784825978455e-08,184.11460965162297,6
198.14855215133173,$\hat{T}_{Reset}$,4.808279010198456e-08,198.14854467583012,6
213.25221696456873,$\hat{T}_{Reset}$,6.0314366520218915e-06,1.579646016752539,6
229.50714272982336,$\hat{T}_{Reset}$,4.151302178391667e-08,229.5071395249018,6
247.00108310132606,$\hat{T}_{Reset}$,3.085827826545001e-07,30.87513438275332,6
265.8284806632307,$\hat{T}_{Reset}$,3.5840911655163406e-08,265.82847485379375,6
286.0909767862566,$\hat{T}_{Reset}$,3.330246638732114e-08,286.0909691147968,6
307.8979603476156,$\hat{T}_{Reset}$,3.094380716017418e-08,307.89795300055835,6
331.36715827654194,$\hat{T}_{Reset}$,2.875220022618206e-08,331.3671582596234,6
356.62527111352796,$\hat{T}_{Reset}$,2.6715815931340995e-08,356.6252629957919,6
383.8086570143992,$\hat{T}_{Reset}$,2.48236583166417e-08,383.80865387090915,6
413.0640678918749,$\hat{T}_{Reset}$,2.3065513809230856e-08,413.06406444970304,6
444.5494416687491,$\hat{T}_{Reset}$,4.286378153839355e-08,222.2747163389617,6
478.43475491973123,$\hat{T}_{Reset}$,1.9913969263107067e-08,478.4347488329467,6
514.9029405050194,$\hat{T}_{Reset}$,3.700711062024879e-08,257.45146602849263,6
554.1508751495202,$\hat{T}_{Reset}$,5.1579102829646776e-08,184.71695628612963,6
596.390442299262,$\hat{T}_{Reset}$,1.597533127685024e-08,596.3904420854136,6
641.8496759929147,$\hat{T}_{Reset}$,1.484387274027272e-08,641.849674230406,6
690.7739919237116,$\hat{T}_{Reset}$,1.3792550224330312e-08,690.7739850644084,6
743.4275123377766,$\hat{T}_{Reset}$,1.281568787833032e-08,743.4275064369729,6
800.0944919214219,$\hat{T}_{Reset}$,1.1908012225051142e-08,800.0944828237889,6
861.0808523752157,$\hat{T}_{Reset}$,1.1064622974742476e-08,861.0808433699386,6
926.7158339593304,$\hat{T}_{Reset}$,1.0280967005138375e-08,926.7158310983622,6
997.35377292621,$\hat{T}_{Reset}$,9.552813868255501e-09,997.3537655038109,6
1073.3760144361563,$\hat{T}_{Reset}$,7.100985925739381e-08,134.17200065312915,6
1155.1929712829099,$\hat{T}_{Reset}$,8.247570014322894e-09,1155.1929678821693,6
1243.246339543401,$\hat{T}_{Reset}$,7.663432938087693e-09,1243.2463309373095,6
1338.011483113092,$\hat{T}_{Reset}$,7.120667515298327e-09,1338.0114802709595,6
1.0,$\hat{T}_{MLG}$,0.686332698222146,1.3881802378557029e-05,6
1.0762239473831834,$\hat{T}_{MLG}$,0.9153989031507007,1.0408068930243348e-05,6
1.1582579849210413,$\hat{T}_{MLG}$,0.9010707774350369,1.0573569936184664e-05,6
1.2465449806198148,$\hat{T}_{MLG}$,0.8859237644302791,1.0754350729928357e-05,6
1.3415615596333508,$\hat{T}_{MLG}$,0.6355844539159706,1.4990194967734794e-05,6
1.4438206773661448,$\hat{T}_{MLG}$,0.6199451591384509,1.536835112302875e-05,6
1.5538743887084543,$\hat{T}_{MLG}$,1.215395512388637,7.839040695433396e-06,6
1.6723168283534438,$\hat{T}_{MLG}$,0.37583338316127707,2.5350422047456085e-05,6
1.7997874182858689,$\hat{T}_{MLG}$,0.3747407430797817,2.5424336847817085e-05,6
1.9369743197582066,$\hat{T}_{MLG}$,0.48002150113132186,1.9848141927407442e-05,6
2.0846181483900335,$\hat{T}_{MLG}$,0.34522553460939037,2.7598001675750016e-05,6
2.2435159724469447,$\hat{T}_{MLG}$,0.5068568941128009,1.8797287742013623e-05,6
2.4145256158840724,$\hat{T}_{MLG}$,0.44512110935736665,2.1404365424090554e-05,6
2.5985702893845684,$\hat{T}_{MLG}$,0.34706299949769565,2.7451888839924892e-05,6
2.796643574394121,$\hat{T}_{MLG}$,0.33396085119509966,2.852889746976861e-05,6
3.009814787058257,$\hat{T}_{MLG}$,0.32841358434154466,2.9010781943639614e-05,6
3.239234751020113,$\hat{T}_{MLG}$,3.0483804634837908,3.1254415243736555e-06,6
3.486142010243649,$\hat{T}_{MLG}$,0.7103243938415036,1.34129349424927e-05,6
3.751869515402767,$\hat{T}_{MLG}$,0.516204914657992,1.8456885264205692e-05,6
4.037851819933397,$\hat{T}_{MLG}$,0.429771899395481,2.216881768227081e-05,6
4.345632824597091,$\hat{T}_{MLG}$,1.4083692588130572,6.764940957807647e-06,6
4.676874112365815,$\hat{T}_{MLG}$,0.3158669538949517,3.0163126484672517e-05,6
5.03336391862456,$\hat{T}_{MLG}$,0.3069938475835517,3.103493753264429e-05,6
5.417026785118212,$\hat{T}_{MLG}$,0.3182595624370125,2.9936366435328294e-05,6
5.829933949760359,$\hat{T}_{MLG}$,0.35265385177062375,2.7016676082865056e-05,6
6.274314528394325,$\hat{T}_{MLG}$,0.335059937326986,2.843531506234271e-05,6
6.752567548872198,$\hat{T}_{MLG}$,0.3988142079191017,2.3889657623718066e-05,6
7.267274902418825,$\hat{T}_{MLG}$,0.3199575362595295,2.9777497958146268e-05,6
7.821215282199927,$\hat{T}_{MLG}$,0.29090644330897814,3.2751199231920226e-05,6
8.417379184342884,$\hat{T}_{MLG}$,1.0656724344902369,8.940397231180269e-06,6
9.058985052394538,$\hat{T}_{MLG}$,0.993170900296691,9.59304675541287e-06,6
9.749496652373306,$\hat{T}_{MLG}$,1.1223643807862045,8.488807241002883e-06,6
10.492641772216333,$\hat{T}_{MLG}$,0.35895627489612236,2.6542327155079832e-05,6
11.292432346572342,$\hat{T}_{MLG}$,0.6222194045573854,1.5312178972365934e-05,6
12.153186115585632,$\hat{T}_{MLG}$,1.3476331349804207,7.06982830516413e-06,6
13.079549934598068,$\hat{T}_{MLG}$,0.3702272831182643,2.573428625360979e-05,6
14.076524860608592,$\hat{T}_{MLG}$,0.34303944595409547,2.7773875555805896e-05,6
15.149493150921694,$\hat{T}_{MLG}$,0.5211332871916653,1.8282337967709898e-05,6
16.304247319739442,$\hat{T}_{MLG}$,1.7790997277914258,5.355256219666298e-06,6
17.54702140956167,$\hat{T}_{MLG}$,2.8629464538663942,3.3278774284425627e-06,6
18.88452464621569,$\hat{T}_{MLG}$,0.6669225469096145,1.4285819135685752e-05,6
20.32397765920527,$\hat{T}_{MLG}$,1.239730725383617,7.68516476004375e-06,6
21.87315146291753,$\hat{T}_{MLG}$,0.2854484314826059,3.337742944732986e-05,6
23.540409409131357,$\hat{T}_{MLG}$,0.2844540919743433,3.349410379907981e-05,6
25.33475233731158,$\hat{T}_{MLG}$,0.277010747479982,3.4394098313279883e-05,6
27.265867166436806,$\hat{T}_{MLG}$,0.27264518280723016,3.494481283169399e-05,6
29.344179190688156,$\hat{T}_{MLG}$,0.436937926027311,2.1805236659786148e-05,6
31.580908361321878,$\hat{T}_{MLG}$,0.26664480888877357,3.5731184576092394e-05,6
33.98812985856841,$\hat{T}_{MLG}$,0.25481024317071627,3.7390705978324614e-05,6
36.57883928056072,$\hat{T}_{MLG}$,0.2581264627132824,3.6910337601629375e-05,6
39.36702280122011,$\hat{T}_{MLG}$,0.24958109122197641,3.8174105402031034e-05,6
42.36773267585289,$\hat{T}_{MLG}$,0.24869136764179406,3.831067790171456e-05,6
45.597168502081885,$\hat{T}_{MLG}$,0.5200634938355521,1.8319945536639276e-05,6
49.07276467480673,$\hat{T}_{MLG}$,0.25893913952830966,3.679449503082947e-05,6
52.81328450732654,$\hat{T}_{MLG}$,0.2835079209303391,3.360588604154967e-05,6
56.8389215267461,$\hat{T}_{MLG}$,0.26361238495727196,3.6142212681721824e-05,6
61.17140849051769,$\hat{T}_{MLG}$,0.2669798307766733,3.568634699836694e-05,6
65.83413471265413,$\hat{T}_{MLG}$,0.27105686148806324,3.514958016689506e-05,6
70.8522723330089,$\hat{T}_{MLG}$,0.260247433661365,3.6609524822669015e-05,6
76.25291221129912,$\hat{T}_{MLG}$,0.2422756184819624,3.932519063353864e-05,6
82.06521017950769,$\hat{T}_{MLG}$,0.2539795658639362,3.7512997749455995e-05,6
88.32054444222037,$\hat{T}_{MLG}$,0.24670958585834285,3.861842193733091e-05,6
95.0526849746383,$\hat{T}_{MLG}$,0.2419214324352444,3.938276483714152e-05,6
102.29797583277549,$\hat{T}_{MLG}$,0.24387965049300617,3.9066543122403214e-05,6
110.0955313600591,$\hat{T}_{MLG}$,0.3746749124808857,2.5428803918510833e-05,6
118.4874473495718,$\hat{T}_{MLG}$,0.23854498151438244,3.994020256547385e-05,6
127.51902830191335,$\hat{T}_{MLG}$,0.2282072266238512,4.17494880579118e-05,6
137.239032005553,$\hat{T}_{MLG}$,0.22932555533156634,4.154589255822984e-05,6
147.6999327600634,$\hat{T}_{MLG}$,0.23051049506896595,4.133232580065877e-05,6
158.95820466326612,$\hat{T}_{MLG}$,0.2226889076306552,4.278405684428485e-05,6
171.07462649164432,$\hat{T}_{MLG}$,0.22633052094953993,4.209566983140467e-05,6
184.11460981994108,$\hat{T}_{MLG}$,0.3056988641694018,3.1166405896038934e-05,6
198.14855215133173,$\hat{T}_{MLG}$,0.22926677686214791,4.155654392258633e-05,6
213.25221696456873,$\hat{T}_{MLG}$,0.27127590389088874,3.512119855102858e-05,6
229.50714272982336,$\hat{T}_{MLG}$,0.23249871016027474,4.097887199500493e-05,6
247.00108310132606,$\hat{T}_{MLG}$,0.223909033227384,4.255091786755317e-05,6
265.8284806632307,$\hat{T}_{MLG}$,0.2592418393888465,3.675153248843812e-05,6
286.0909767862566,$\hat{T}_{MLG}$,0.23269202427783103,4.094482787809653e-05,6
307.8979603476156,$\hat{T}_{MLG}$,0.2255071557685569,4.224936831911434e-05,6
331.36715827654194,$\hat{T}_{MLG}$,0.22811771765557895,4.176586974733236e-05,6
356.62527111352796,$\hat{T}_{MLG}$,0.2816354241385839,3.3829319986300624e-05,6
383.8086570143992,$\hat{T}_{MLG}$,0.22311239538606636,4.270284878693322e-05,6
413.0640678918749,$\hat{T}_{MLG}$,0.23470914412924548,4.0592942886857425e-05,6
444.5494416687491,$\hat{T}_{MLG}$,0.22993635339576202,4.1435530928261e-05,6
478.43475491973123,$\hat{T}_{MLG}$,0.2396596435415433,3.9754439845898045e-05,6
514.9029405050194,$\hat{T}_{MLG}$,0.22637028894957686,4.20882746003115e-05,6
554.1508751495202,$\hat{T}_{MLG}$,0.23123963079329177,4.120199833383423e-05,6
596.390442299262,$\hat{T}_{MLG}$,0.23263626552384045,4.095464162136523e-05,6
641.8496759929147,$\hat{T}_{MLG}$,0.2251647393733012,4.231361850518666e-05,6
690.7739919237116,$\hat{T}_{MLG}$,0.22688481146156234,4.199282808437689e-05,6
743.4275123377766,$\hat{T}_{MLG}$,0.23190197489505424,4.108431973023635e-05,6
800.0944919214219,$\hat{T}_{MLG}$,0.225956572902256,4.2165336286911465e-05,6
861.0808523752157,$\hat{T}_{MLG}$,0.22763731969927992,4.185401099981317e-05,6
926.7158339593304,$\hat{T}_{MLG}$,0.2230631453982777,4.271227712516248e-05,6
997.35377292621,$\hat{T}_{MLG}$,0.22848480275503724,4.1698768442277075e-05,6
1073.3760144361563,$\hat{T}_{MLG}$,0.23086321700573934,4.1269176641616286e-05,6
1155.1929712829099,$\hat{T}_{MLG}$,0.22464806697725423,4.241093640759579e-05,6
1243.246339543401,$\hat{T}_{MLG}$,0.22800818243054236,4.17859340884137e-05,6
1338.011483113092,$\hat{T}_{MLG}$,0.22267491357316863,4.2786745618432685e-05,6
1.0,$\hat{T}_{MLD}$,0.3082952998818575,3.090392518573172e-05,6
1.0762239473831834,$\hat{T}_{MLD}$,0.3109815585920555,3.063697707927381e-05,6
1.1582579849210413,$\hat{T}_{MLD}$,0.30651153099063083,3.108377310265981e-05,6
1.2465449806198148,$\hat{T}_{MLD}$,0.30161652417530344,3.1588239101661826e-05,6
1.3415615596333508,$\hat{T}_{MLD}$,0.31167877338645533,3.056844320562155e-05,6
1.4438206773661448,$\hat{T}_{MLD}$,0.3065301356794531,3.1081886489049325e-05,6
1.5538743887084543,$\hat{T}_{MLD}$,0.30294270445696625,3.144995651814768e-05,6
1.6723168283534438,$\hat{T}_{MLD}$,0.2977067535094916,3.2003086158936897e-05,6
1.7997874182858689,$\hat{T}_{MLD}$,0.30083922634367904,3.166985568490122e-05,6
1.9369743197582066,$\hat{T}_{MLD}$,0.29818582087239676,3.195166978358366e-05,6
2.0846181483900335,$\hat{T}_{MLD}$,0.2835666186774163,3.3598929687489474e-05,6
2.2435159724469447,$\hat{T}_{MLD}$,0.29222742047418643,3.2603151570108237e-05,6
2.4145256158840724,$\hat{T}_{MLD}$,0.28686418936494285,3.3212702163186054e-05,6
2.5985702893845684,$\hat{T}_{MLD}$,0.2815647425488464,3.383781220764455e-05,6
2.796643574394121,$\hat{T}_{MLD}$,0.2895514034313124,3.29044679796269e-05,6
3.009814787058257,$\hat{T}_{MLD}$,0.28443758501579586,3.34960475850354e-05,6
3.239234751020113,$\hat{T}_{MLD}$,0.30430844053578676,3.1308809134202144e-05,6
3.486142010243649,$\hat{T}_{MLD}$,0.2961672113331202,3.2169445225809816e-05,6
3.751869515402767,$\hat{T}_{MLD}$,0.2884574747531692,3.3029252893565286e-05,6
4.037851819933397,$\hat{T}_{MLD}$,0.2840878880365637,3.3537279426130984e-05,6
4.345632824597091,$\hat{T}_{MLD}$,0.2748813524126697,3.4660535533011705e-05,6
4.676874112365815,$\hat{T}_{MLD}$,0.28114541533656967,3.388828116316918e-05,6
5.03336391862456,$\hat{T}_{MLD}$,0.273922445746324,3.478186994389271e-05,6
5.417026785118212,$\hat{T}_{MLD}$,0.2725019636347647,3.496317881742473e-05,6
5.829933949760359,$\hat{T}_{MLD}$,0.26722066829873364,3.565418402445782e-05,6
6.274314528394325,$\hat{T}_{MLD}$,0.2734721826025556,3.483913717289582e-05,6
6.752567548872198,$\hat{T}_{MLD}$,0.2656366837452839,3.586678898535527e-05,6
7.267274902418825,$\hat{T}_{MLD}$,0.2728511451626648,3.491843465411021e-05,6
7.821215282199927,$\hat{T}_{MLD}$,0.2596754692973373,3.669016140971058e-05,6
8.417379184342884,$\hat{T}_{MLD}$,0.2653740790975224,3.590228147022744e-05,6
9.058985052394538,$\hat{T}_{MLD}$,0.2581902784183353,3.690121464304155e-05,6
9.749496652373306,$\hat{T}_{MLD}$,0.25419711942292356,3.74808924046464e-05,6
10.492641772216333,$\hat{T}_{MLD}$,0.2568162545137728,3.7098644323351024e-05,6
11.292432346572342,$\hat{T}_{MLD}$,0.25198044380678697,3.781061235834299e-05,6
12.153186115585632,$\hat{T}_{MLD}$,0.2547753199214478,3.7395831297941945e-05,6
13.079549934598068,$\hat{T}_{MLD}$,0.24441946127555425,3.898026299927268e-05,6
14.076524860608592,$\hat{T}_{MLD}$,0.2460199691815058,3.8726672937807476e-05,6
15.149493150921694,$\hat{T}_{MLD}$,0.2396719223205964,3.9752403161840434e-05,6
16.304247319739442,$\hat{T}_{MLD}$,0.26077197018891163,3.65358856466038e-05,6
17.54702140956167,$\hat{T}_{MLD}$,0.25879863763631306,3.6814470778051745e-05,6
18.88452464621569,$\hat{T}_{MLD}$,0.2457647006042584,3.8766897195717806e-05,6
20.32397765920527,$\hat{T}_{MLD}$,0.2487793636739089,3.829712698819345e-05,6
21.87315146291753,$\hat{T}_{MLD}$,0.24862747084174366,3.8320523675061294e-05,6
23.540409409131357,$\hat{T}_{MLD}$,0.2438631408496764,3.906918794478527e-05,6
25.33475233731158,$\hat{T}_{MLD}$,0.24360694172895572,3.911027664089419e-05,6
27.265867166436806,$\hat{T}_{MLD}$,0.23866318669220307,3.9920420969443567e-05,6
29.344179190688156,$\hat{T}_{MLD}$,0.2408044792161131,3.956543878949627e-05,6
31.580908361321878,$\hat{T}_{MLD}$,0.24541604846173015,3.8821971677811285e-05,6
33.98812985856841,$\hat{T}_{MLD}$,0.2353594717393096,4.048077951676659e-05,6
36.57883928056072,$\hat{T}_{MLD}$,0.23904196416329537,3.985716447741853e-05,6
39.36702280122011,$\hat{T}_{MLD}$,0.23268995908876283,4.094519127500142e-05,6
42.36773267585289,$\hat{T}_{MLD}$,0.23476016678015468,4.0584120438046366e-05,6
45.597168502081885,$\hat{T}_{MLD}$,0.23574030837388707,4.041538313231889e-05,6
49.07276467480673,$\hat{T}_{MLD}$,0.22930309420759618,4.154996213891487e-05,6
52.81328450732654,$\hat{T}_{MLD}$,0.23192770907482393,4.1079761106025925e-05,6
56.8389215267461,$\hat{T}_{MLD}$,0.22471458095113894,4.23983830614591e-05,6
61.17140849051769,$\hat{T}_{MLD}$,0.22534243001433227,4.2280252689454344e-05,6
65.83413471265413,$\hat{T}_{MLD}$,0.22937345306655788,4.153721695028509e-05,6
70.8522723330089,$\hat{T}_{MLD}$,0.2213695548693828,4.3039047931786685e-05,6
76.25291221129912,$\hat{T}_{MLD}$,0.2244941893363154,4.2440006624796964e-05,6
82.06521017950769,$\hat{T}_{MLD}$,0.23050127884128557,4.133397840808488e-05,6
88.32054444222037,$\hat{T}_{MLD}$,0.2216218608821265,4.299005001013432e-05,6
95.0526849746383,$\hat{T}_{MLD}$,0.222735107970137,4.277518245547103e-05,6
102.29797583277549,$\hat{T}_{MLD}$,0.22493591482624664,4.2356663630266705e-05,6
110.0955313600591,$\hat{T}_{MLD}$,0.21927979760936558,4.3449214138889384e-05,6
118.4874473495718,$\hat{T}_{MLD}$,0.2210739558306531,4.309659564765705e-05,6
127.51902830191335,$\hat{T}_{MLD}$,0.21430745917810037,4.4457318094298275e-05,6
137.239032005553,$\hat{T}_{MLD}$,0.21751398253916165,4.380194216225292e-05,6
147.6999327600634,$\hat{T}_{MLD}$,0.21979226812690245,4.3347907384807066e-05,6
158.95820466326612,$\hat{T}_{MLD}$,0.21335525512738637,4.465573101057726e-05,6
171.07462649164432,$\hat{T}_{MLD}$,0.2159712265268204,4.411483435029931e-05,6
184.11460981994108,$\hat{T}_{MLD}$,0.22074273044990872,4.3161262267812945e-05,6
198.14855215133173,$\hat{T}_{MLD}$,0.2122509317332086,4.488807094914147e-05,6
213.25221696456873,$\hat{T}_{MLD}$,0.21610477139461157,4.408757299145507e-05,6
229.50714272982336,$\hat{T}_{MLD}$,0.21697760470885527,4.391022241878778e-05,6
247.00108310132606,$\hat{T}_{MLD}$,0.21000990894667118,4.536707306073364e-05,6
265.8284806632307,$\hat{T}_{MLD}$,0.21412074462590616,4.4496085137884985e-05,6
286.0909767862566,$\hat{T}_{MLD}$,0.2185430452804311,4.3595690132514e-05,6
307.8979603476156,$\hat{T}_{MLD}$,0.2120915990980685,4.49217928629801e-05,6
331.36715827654194,$\hat{T}_{MLD}$,0.21786300283749713,4.3731770693384726e-05,6
356.62527111352796,$\hat{T}_{MLD}$,0.22084164546907376,4.31419303294218e-05,6
383.8086570143992,$\hat{T}_{MLD}$,0.21403939197216793,4.451299732668152e-05,6
413.0640678918749,$\hat{T}_{MLD}$,0.2160406508199975,4.4100658123826325e-05,6
444.5494416687491,$\hat{T}_{MLD}$,0.22076154113571747,4.315758457585876e-05,6
478.43475491973123,$\hat{T}_{MLD}$,0.21371059621782745,4.4581480990070234e-05,6
514.9029405050194,$\hat{T}_{MLD}$,0.21766969858452245,4.377060723021147e-05,6
554.1508751495202,$\hat{T}_{MLD}$,0.2217643740852489,4.296242316630691e-05,6
596.390442299262,$\hat{T}_{MLD}$,0.22472151270025256,4.2397075242947765e-05,6
641.8496759929147,$\hat{T}_{MLD}$,0.21716677166537446,4.387197364310565e-05,6
690.7739919237116,$\hat{T}_{MLD}$,0.22070069202549777,4.316948349922222e-05,6
743.4275123377766,$\hat{T}_{MLD}$,0.22623379259253498,4.2113668225601895e-05,6
800.0944919214219,$\hat{T}_{MLD}$,0.21949900974430261,4.340582171081503e-05,6
861.0808523752157,$\hat{T}_{MLD}$,0.2223467536841543,4.2849894252090606e-05,6
926.7158339593304,$\hat{T}_{MLD}$,0.21846481806214774,4.3611300744778534e-05,6
997.35377292621,$\hat{T}_{MLD}$,0.22167173470829976,4.298037769767551e-05,6
1073.3760144361563,$\hat{T}_{MLD}$,0.22546424592871184,4.2257409122305375e-05,6
1155.1929712829099,$\hat{T}_{MLD}$,0.21981139957254822,4.334413456803959e-05,6
1243.246339543401,$\hat{T}_{MLD}$,0.22404782849771993,4.252455802203237e-05,6
1338.011483113092,$\hat{T}_{MLD}$,0.21799027446705507,4.3706238298725335e-05,6
1.0,$\hat{T}_{emp}$,0.03545958795562599,0.00025393482554910806,7
1.0762239473831834,$\hat{T}_{emp}$,0.04195915362153931,0.00021459975963225355,7
1.1582579849210413,$\hat{T}_{emp}$,0.04860376889110019,0.00018526185287667953,7
1.2465449806198148,$\hat{T}_{emp}$,0.05384437574041434,0.00016723054465271896,7
1.3415615596333508,$\hat{T}_{emp}$,0.05798414648061266,0.00015529114125299438,7
1.4438206773661448,$\hat{T}_{emp}$,0.058848108765474444,0.00015301127717528177,7
1.5538743887084543,$\hat{T}_{emp}$,0.07125927900467645,0.00012636142839677364,7
1.6723168283534438,$\hat{T}_{emp}$,0.0646453551294684,0.0001392895787102034,7
1.7997874182858689,$\hat{T}_{emp}$,0.05857573119602958,0.00015372278070965815,7
1.9369743197582066,$\hat{T}_{emp}$,0.061177148754375604,0.00014718607298466342,7
2.0846181483900335,$\hat{T}_{emp}$,0.060407757764243446,0.00014906072688043118,7
2.2435159724469447,$\hat{T}_{emp}$,0.054451610831724576,0.0001653656180968109,7
2.4145256158840724,$\hat{T}_{emp}$,0.04674657278816176,0.00019262212702436757,7
2.5985702893845684,$\hat{T}_{emp}$,0.04052836569781141,0.0002221758545285084,7
2.796643574394121,$\hat{T}_{emp}$,0.03715569006874125,0.00024234307759850976,7
3.009814787058257,$\hat{T}_{emp}$,0.030904179094654146,0.0002913659105448537,7
3.239234751020113,$\hat{T}_{emp}$,0.027717394325870493,0.0003248654680772322,7
3.486142010243649,$\hat{T}_{emp}$,0.02470567571895712,0.0003644678406689309,7
3.751869515402767,$\hat{T}_{emp}$,0.02162147891971805,0.00041645737162518566,7
4.037851819933397,$\hat{T}_{emp}$,0.01868077220697145,0.00048201563520991876,7
4.345632824597091,$\hat{T}_{emp}$,0.019842108534841797,0.0004538038014328869,7
4.676874112365815,$\hat{T}_{emp}$,0.018053627571972885,0.0004987598334826591,7
5.03336391862456,$\hat{T}_{emp}$,0.014327703506521619,0.0006284624941782572,7
5.417026785118212,$\hat{T}_{emp}$,0.012935591327069994,0.0006960968427250636,7
5.829933949760359,$\hat{T}_{emp}$,0.01385894243897617,0.0006497194371939639,7
6.274314528394325,$\hat{T}_{emp}$,0.014444541714085617,0.0006233790216254809,7
6.752567548872198,$\hat{T}_{emp}$,0.014680310861483152,0.0006133674120743667,7
7.267274902418825,$\hat{T}_{emp}$,0.016377599191156247,0.000549801236216444,7
7.821215282199927,$\hat{T}_{emp}$,0.018175308198518068,0.000495420720419438,7
8.417379184342884,$\hat{T}_{emp}$,0.020396789059524776,0.00044146283296244137,7
9.058985052394538,$\hat{T}_{emp}$,0.01853072235326159,0.00048591868735059165,7
9.749496652373306,$\hat{T}_{emp}$,0.023118093364550285,0.0003894968386693468,7
10.492641772216333,$\hat{T}_{emp}$,0.025871124094206006,0.00034804920917880537,7
11.292432346572342,$\hat{T}_{emp}$,0.032726310065082635,0.0002751432796318341,7
12.153186115585632,$\hat{T}_{emp}$,0.032500055568315686,0.00027705873494978127,7
13.079549934598068,$\hat{T}_{emp}$,0.03677966416741649,0.0002448207313848248,7
14.076524860608592,$\hat{T}_{emp}$,0.03144012399498749,0.00028639913388988915,7
15.149493150921694,$\hat{T}_{emp}$,0.03082351976196604,0.00029212836013186064,7
16.304247319739442,$\hat{T}_{emp}$,0.030335363496387015,0.0002968292858144778,7
17.54702140956167,$\hat{T}_{emp}$,0.027582848354630318,0.00032645012457691193,7
18.88452464621569,$\hat{T}_{emp}$,0.03187270562532155,0.0002825120774937128,7
20.32397765920527,$\hat{T}_{emp}$,0.03739649374642796,0.00024078258091817027,7
21.87315146291753,$\hat{T}_{emp}$,0.03131910836520997,0.00028750576729564474,7
23.540409409131357,$\hat{T}_{emp}$,0.02580216997569153,0.00034897934127394294,7
25.33475233731158,$\hat{T}_{emp}$,0.017725758808411606,0.0005079852647708467,7
27.265867166436806,$\hat{T}_{emp}$,0.01311172991745188,0.0006867457107677406,7
29.344179190688156,$\hat{T}_{emp}$,0.012026590877428993,0.0007487096196524211,7
31.580908361321878,$\hat{T}_{emp}$,0.011938077105664956,0.0007542608580809286,7
33.98812985856841,$\hat{T}_{emp}$,0.012924008167216526,0.0006967207204647288,7
36.57883928056072,$\hat{T}_{emp}$,0.011668707373474948,0.0007716728163072973,7
39.36702280122011,$\hat{T}_{emp}$,0.012701614194444419,0.0007089196808932835,7
42.36773267585289,$\hat{T}_{emp}$,0.01126580481389574,0.000799270396594186,7
45.597168502081885,$\hat{T}_{emp}$,0.007308058552938449,0.0012321226241317686,7
49.07276467480673,$\hat{T}_{emp}$,0.010698826573208437,0.0008416272775281402,7
52.81328450732654,$\hat{T}_{emp}$,0.010238763539683414,0.0008794444999785158,7
56.8389215267461,$\hat{T}_{emp}$,0.015671228953103227,0.000574583161824847,7
61.17140849051769,$\hat{T}_{emp}$,0.016843053850285634,0.0005346075813563012,7
65.83413471265413,$\hat{T}_{emp}$,0.019354536923552268,0.0004652358419693203,7
70.8522723330089,$\hat{T}_{emp}$,0.025642153133604604,0.0003511571058264465,7
76.25291221129912,$\hat{T}_{emp}$,0.02837862061489432,0.0003172960519733376,7
82.06521017950769,$\hat{T}_{emp}$,0.03725626725665348,0.0002416888471280511,7
88.32054444222037,$\hat{T}_{emp}$,0.040378966479524235,0.00022299788891627997,7
95.0526849746383,$\hat{T}_{emp}$,0.03469925787829355,0.0002594990449979606,7
102.29797583277549,$\hat{T}_{emp}$,0.040693588581705464,0.00022127378280919758,7
110.0955313600591,$\hat{T}_{emp}$,0.030467596414637782,0.0002955410121301552,7
118.4874473495718,$\hat{T}_{emp}$,0.030645644592445072,0.00029382394794772755,7
127.51902830191335,$\hat{T}_{emp}$,0.024612516231142342,0.0003658473679404544,7
137.239032005553,$\hat{T}_{emp}$,0.024859316351741403,0.0003622152819550235,7
147.6999327600634,$\hat{T}_{emp}$,0.029443078843921614,0.0003058248197916998,7
158.95820466326612,$\hat{T}_{emp}$,0.027234443513931412,0.00033062633635047643,7
171.07462649164432,$\hat{T}_{emp}$,0.029827171519776458,0.00030188662963180705,7
184.11460981994108,$\hat{T}_{emp}$,0.029764034820148572,0.00030252700401558634,7
198.14855215133173,$\hat{T}_{emp}$,0.03180409537752239,0.00028312153433922326,7
213.25221696456873,$\hat{T}_{emp}$,0.038778918997250694,0.00023219895021296298,7
229.50714272982336,$\hat{T}_{emp}$,0.040840680277035746,0.00022047684368808675,7
247.00108310132606,$\hat{T}_{emp}$,0.012974334222349247,0.0006940182152887932,7
265.8284806632307,$\hat{T}_{emp}$,0.01585804613070564,0.0005678142317999717,7
286.0909767862566,$\hat{T}_{emp}$,0.016006349184966878,0.00056255328291926,7
307.8979603476156,$\hat{T}_{emp}$,0.013458647441113702,0.0006690437743430497,7
331.36715827654194,$\hat{T}_{emp}$,0.016865431273427343,0.0005338982523229176,7
356.62527111352796,$\hat{T}_{emp}$,0.01321925507428755,0.0006811597348680732,7
383.8086570143992,$\hat{T}_{emp}$,0.015129156381881462,0.0005951702827487958,7
413.0640678918749,$\hat{T}_{emp}$,0.012833783441125518,0.0007016188423984699,7
444.5494416687491,$\hat{T}_{emp}$,0.01341718649534358,0.0006711112113318327,7
478.43475491973123,$\hat{T}_{emp}$,0.014815926066097497,0.0006077530517757839,7
514.9029405050194,$\hat{T}_{emp}$,0.018493974651037706,0.0004868842123696701,7
554.1508751495202,$\hat{T}_{emp}$,0.018312222407353047,0.0004917166295413452,7
596.390442299262,$\hat{T}_{emp}$,0.02296474516610251,0.0003920977226799916,7
641.8496759929147,$\hat{T}_{emp}$,0.02374259642275932,0.0003792518779843145,7
690.7739919237116,$\hat{T}_{emp}$,0.025731554577110932,0.0003499370492587677,7
743.4275123377766,$\hat{T}_{emp}$,0.029329355093179747,0.00030701064694221755,7
800.0944919214219,$\hat{T}_{emp}$,0.02978933024527057,0.00030227011508540723,7
861.0808523752157,$\hat{T}_{emp}$,0.024395275306644537,0.00036910525371700167,7
926.7158339593304,$\hat{T}_{emp}$,0.022157433320204412,0.00040638390518564217,7
997.35377292621,$\hat{T}_{emp}$,0.02409613111771735,0.00037368755330744304,7
1073.3760144361563,$\hat{T}_{emp}$,0.024001513152914943,0.0003751606919191912,7
1155.1929712829099,$\hat{T}_{emp}$,0.01900942031265185,0.0004736822130005817,7
1243.246339543401,$\hat{T}_{emp}$,0.01727201780700495,0.000521330187484131,7
1338.011483113092,$\hat{T}_{emp}$,0.012756575520309765,0.0007058653215527302,7
1.0,$\hat{T}_{GT}$,1.8008932430485522e-05,0.4999976715061936,7
1.0762239473831834,$\hat{T}_{GT}$,8.366730532709733e-06,1.0762177945557516,7
1.1582579849210413,$\hat{T}_{GT}$,7.774115305678214e-06,1.1582571041850005,7
1.2465449806198148,$\hat{T}_{GT}$,2.889421826692479e-05,0.3116341199603418,7
1.3415615596333508,$\hat{T}_{GT}$,2.6847619622925182e-05,0.3353900423211546,7
1.4438206773661448,$\hat{T}_{GT}$,6.236552433814588e-06,1.4438144114259586,7
1.5538743887084543,$\hat{T}_{GT}$,2.3179402782687303e-05,0.3884666212487814,7
1.6723168283534438,$\hat{T}_{GT}$,5.3844207170971514e-06,1.6723106819947018,7
1.7997874182858689,$\hat{T}_{GT}$,1.5009155584906793e-05,0.5999287721828926,7
1.9369743197582066,$\hat{T}_{GT}$,1.859487804084365e-05,0.48424218011954256,7
2.0846181483900335,$\hat{T}_{GT}$,4.3194678415619196e-06,2.08461426542283,7
2.2435159724469447,$\hat{T}_{GT}$,4.0135336354186316e-06,2.2435153407194335,7
2.4145256158840724,$\hat{T}_{GT}$,3.7292838283336067e-06,2.414518362250447,7
2.5985702893845684,$\hat{T}_{GT}$,1.732573772991254e-05,0.5197137589130868,7
2.796643574394121,$\hat{T}_{GT}$,3.2197305085564337e-06,2.7966391154868027,7
3.009814787058257,$\hat{T}_{GT}$,2.991692071118504e-06,3.009809855928339,7
3.239234751020113,$\hat{T}_{GT}$,2.779800855066743e-06,3.239233582198082,7
3.486142010243649,$\hat{T}_{GT}$,2.5829248007273515e-06,3.4861348959983243,7
3.751869515402767,$\hat{T}_{GT}$,2.3999865600752634e-06,3.7518644609712983,7
4.037851819933397,$\hat{T}_{GT}$,2.2300074259247283e-06,4.037844976153489,7
4.345632824597091,$\hat{T}_{GT}$,2.0720664718924183e-06,4.345625202521325,7
4.676874112365815,$\hat{T}_{GT}$,1.9253095416415574e-06,4.676870958566894,7
5.03336391862456,$\hat{T}_{GT}$,1.7889503691499087e-06,5.033356115873662,7
5.417026785118212,$\hat{T}_{GT}$,1.6622450947147256e-06,5.417025630086445,7
5.829933949760359,$\hat{T}_{GT}$,1.5445160413436053e-06,5.829932509941437,7
6.274314528394325,$\hat{T}_{GT}$,1.4351258533617105e-06,6.274309852660465,7
6.752567548872198,$\hat{T}_{GT}$,1.3334826833938735e-06,6.752561839526703,7
7.267274902418825,$\hat{T}_{GT}$,1.2390376147039072e-06,7.267272740308957,7
7.821215282199927,$\hat{T}_{GT}$,1.1512832202773211e-06,7.821206913261666,7
8.417379184342884,$\hat{T}_{GT}$,1.069742962161052e-06,8.417371836094869,7
9.058985052394538,$\hat{T}_{GT}$,9.939774903857528e-07,9.05898208827708,7
9.749496652373306,$\hat{T}_{GT}$,9.235784972454271e-07,9.749495368732418,7
10.492641772216333,$\hat{T}_{GT}$,8.581657907654496e-07,10.492639509113445,7
11.292432346572342,$\hat{T}_{GT}$,7.973858502286105e-07,11.292430482649735,7
12.153186115585632,$\hat{T}_{GT}$,7.409108758307463e-07,12.153181408572154,7
13.079549934598068,$\hat{T}_{GT}$,6.884354547012913e-07,13.079547574234265,7
14.076524860608592,$\hat{T}_{GT}$,6.396769887077822e-07,14.07651743068805,7
15.149493150921694,$\hat{T}_{GT}$,5.943716570309115e-07,15.149484628078161,7
16.304247319739442,$\hat{T}_{GT}$,5.522750418072207e-07,16.304239011217636,7
17.54702140956167,$\hat{T}_{GT}$,5.131597245563862e-07,17.547020646133596,7
18.88452464621569,$\hat{T}_{GT}$,4.7681510397668566e-07,18.884519820067233,7
20.32397765920527,$\hat{T}_{GT}$,4.4304442406440096e-07,20.323976090140917,7
21.87315146291753,$\hat{T}_{GT}$,4.116656155471283e-07,21.87315127008535,7
23.540409409131357,$\hat{T}_{GT}$,3.825093762610856e-07,23.54040146563382,7
25.33475233731158,$\hat{T}_{GT}$,3.5541793773006646e-07,25.33474910991644,7
27.265867166436806,$\hat{T}_{GT}$,3.302453194330877e-07,27.2658649546116,7
29.344179190688156,$\hat{T}_{GT}$,3.0685558332939534e-07,29.34417612303734,7
31.580908361321878,$\hat{T}_{GT}$,2.8512245296548733e-07,31.580902127848486,7
33.98812985856841,$\hat{T}_{GT}$,2.6492852360897293e-07,33.98812690643087,7
36.57883928056072,$\hat{T}_{GT}$,2.461648743402166e-07,36.57883483859851,7
39.36702280122011,$\hat{T}_{GT}$,2.287301542281684e-07,39.36701879968493,7
42.36773267585289,$\hat{T}_{GT}$,2.1253027493766486e-07,42.367725182664614,7
45.597168502081885,$\hat{T}_{GT}$,1.974777353727254e-07,45.59716195124437,7
49.07276467480673,$\hat{T}_{GT}$,1.8349128875106655e-07,49.07276167083327,7
52.81328450732654,$\hat{T}_{GT}$,1.7049545467642606e-07,52.81328055720981,7
56.8389215267461,$\hat{T}_{GT}$,1.5842005775361626e-07,56.83891553403751,7
61.17140849051769,$\hat{T}_{GT}$,1.4719989731335162e-07,61.171403281532044,7
65.83413471265413,$\hat{T}_{GT}$,1.367744134463473e-07,65.83412828955261,7
70.8522723330089,$\hat{T}_{GT}$,1.2708731381390808e-07,70.85226692839045,7
76.25291221129912,$\hat{T}_{GT}$,1.1808631211959971e-07,76.25290450628447,7
82.06521017950769,$\hat{T}_{GT}$,1.0972280070521038e-07,82.06520635348262,7
88.32054444222037,$\hat{T}_{GT}$,1.0195163985134636e-07,88.32054388418184,7
95.0526849746383,$\hat{T}_{GT}$,9.473087904571901e-08,95.05268368943798,7
102.29797583277549,$\hat{T}_{GT}$,8.802153640535538e-08,102.29796762565138,7
110.0955313600591,$\hat{T}_{GT}$,8.178737474468026e-08,110.09552892074969,7
118.4874473495718,$\hat{T}_{GT}$,7.599475423410473e-08,118.48744524940058,7
127.51902830191335,$\hat{T}_{GT}$,7.061239802598804e-08,127.5190268745889,7
137.239032005553,$\hat{T}_{GT}$,6.561125280225661e-08,137.23902374937495,7
147.6999327600634,$\hat{T}_{GT}$,6.09643090549069e-08,147.6999316673202,7
158.95820466326612,$\hat{T}_{GT}$,5.664649145227102e-08,158.9581993642457,7
171.07462649164432,$\hat{T}_{GT}$,5.263448215459463e-08,171.07462471290054,7
184.11460981994108,$\hat{T}_{GT}$,4.890662634413138e-08,184.11460684684167,7
198.14855215133173,$\hat{T}_{GT}$,4.5442796426087655e-08,198.14855135952652,7
213.25221696456873,$\hat{T}_{GT}$,4.2224294778273475e-08,213.25221247243584,7
229.50714272982336,$\hat{T}_{GT}$,3.923374456705818e-08,229.50713425186342,7
247.00108310132606,$\hat{T}_{GT}$,3.645499921986302e-08,247.0010828212815,7
265.8284806632307,$\hat{T}_{GT}$,3.387306104247394e-08,265.82847857370655,7
286.0909767862566,$\hat{T}_{GT}$,3.147398956454697e-08,286.090972454853,7
307.8979603476156,$\hat{T}_{GT}$,2.92448326208561e-08,307.8979592153175,7
331.36715827654194,$\hat{T}_{GT}$,2.7173557128952822e-08,331.3671536937328,7
356.62527111352796,$\hat{T}_{GT}$,2.5248980193689975e-08,356.62526614858893,7
383.8086570143992,$\hat{T}_{GT}$,2.3460712175255648e-08,383.8086505767815,7
413.0640678918749,$\hat{T}_{GT}$,2.1799098807816007e-08,413.06406108525124,7
444.5494416687491,$\hat{T}_{GT}$,2.0255169767490098e-08,444.5494352758967,7
478.43475491973123,$\hat{T}_{GT}$,1.8820590034155044e-08,478.4347496658807,7
514.9029405050194,$\hat{T}_{GT}$,1.7487614877672296e-08,514.9029381389076,7
554.1508751495202,$\hat{T}_{GT}$,1.6249048252621225e-08,554.1508734274688,7
596.390442299262,$\hat{T}_{GT}$,1.5098203623282004e-08,596.3904386393341,7
641.8496759929147,$\hat{T}_{GT}$,1.402886795915843e-08,641.8496708194336,7
690.7739919237116,$\hat{T}_{GT}$,1.3035268365477587e-08,690.7739855515612,7
743.4275123377766,$\hat{T}_{GT}$,1.2112040737153334e-08,743.4275096131677,7
800.0944919214219,$\hat{T}_{GT}$,1.1254201151086447e-08,800.0944856655489,7
861.0808523752157,$\hat{T}_{GT}$,1.0457118285902634e-08,861.0808480280949,7
926.7158339593304,$\hat{T}_{GT}$,9.71648916972911e-09,926.7158254658124,7
997.35377292621,$\hat{T}_{GT}$,9.028315288559944e-09,997.3537690874532,7
1073.3760144361563,$\hat{T}_{GT}$,8.3888816413612e-09,1073.376007256917,7
1155.1929712829099,$\hat{T}_{GT}$,7.79473604015e-09,1155.1929706373814,7
1243.246339543401,$\hat{T}_{GT}$,7.242671083189552e-09,1243.246335244281,7
1338.011483113092,$\hat{T}_{GT}$,6.729706293072854e-09,1338.0114806531362,7
1.0,$\hat{T}_{Reset}$,0.0003871920472554387,0.023255705651450874,7
1.0762239473831834,$\hat{T}_{Reset}$,0.0006358715204859397,0.014160760454680942,7
1.1582579849210413,$\hat{T}_{Reset}$,0.00025654580508738104,0.0350987001268182,7
1.2465449806198148,$\hat{T}_{Reset}$,0.0001878124187350111,0.04794371076312951,7
1.3415615596333508,$\hat{T}_{Reset}$,0.00032888334038083347,0.027378778964992214,7
1.4438206773661448,$\hat{T}_{Reset}$,0.0002556986497863981,0.035214985644535575,7
1.5538743887084543,$\hat{T}_{Reset}$,0.0016457375975707986,0.005471360862658892,7
1.6723168283534438,$\hat{T}_{Reset}$,0.0002315300908351775,0.038890946092900044,7
1.7997874182858689,$\hat{T}_{Reset}$,0.0004152533045157546,0.021684172488538288,7
1.9369743197582066,$\hat{T}_{Reset}$,0.0006415232924091059,0.014036005220856308,7
2.0846181483900335,$\hat{T}_{Reset}$,0.0001295840352468576,0.06948714218076099,7
2.2435159724469447,$\hat{T}_{Reset}$,0.001155897687000566,0.007789983821942477,7
2.4145256158840724,$\hat{T}_{Reset}$,0.00028715485478168773,0.03135738132792788,7
2.5985702893845684,$\hat{T}_{Reset}$,0.0003083981315924432,0.029197402186128475,7
2.796643574394121,$\hat{T}_{Reset}$,0.00036060981695832056,0.024969992102560738,7
3.009814787058257,$\hat{T}_{Reset}$,0.00036498643267645747,0.02467057258957655,7
3.239234751020113,$\hat{T}_{Reset}$,0.00014454964446347063,0.06229295350380928,7
3.486142010243649,$\hat{T}_{Reset}$,9.040236802545731e-05,0.09960385417138069,7
3.751869515402767,$\hat{T}_{Reset}$,0.000309598266249709,0.02908422062768448,7
4.037851819933397,$\hat{T}_{Reset}$,0.00015387051238880626,0.058519492408021574,7
4.345632824597091,$\hat{T}_{Reset}$,0.00036882783199685044,0.024413624733265873,7
4.676874112365815,$\hat{T}_{Reset}$,3.8506190832831146e-05,0.23384354792834472,7
5.03336391862456,$\hat{T}_{Reset}$,6.26132629202468e-05,0.14381017473924748,7
5.417026785118212,$\hat{T}_{Reset}$,6.648980378858903e-05,0.1354256407521611,7
5.829933949760359,$\hat{T}_{Reset}$,0.00019151998912660706,0.04701558475759224,7
6.274314528394325,$\hat{T}_{Reset}$,7.319141852144723e-05,0.12302568338549931,7
6.752567548872198,$\hat{T}_{Reset}$,2.1335722934301976e-05,0.42203511497041896,7
7.267274902418825,$\hat{T}_{Reset}$,7.558129449693834e-05,0.11913561869358948,7
7.821215282199927,$\hat{T}_{Reset}$,7.368212609774855e-05,0.12220635801971354,7
8.417379184342884,$\hat{T}_{Reset}$,0.00017222861690792935,0.05228181264655199,7
9.058985052394538,$\hat{T}_{Reset}$,0.0001282230962597621,0.07022466735098512,7
9.749496652373306,$\hat{T}_{Reset}$,7.296270128238874e-05,0.12341133378142302,7
10.492641772216333,$\hat{T}_{Reset}$,5.148994744592697e-05,0.17487732515189075,7
11.292432346572342,$\hat{T}_{Reset}$,4.226145006211636e-05,0.21306472608773083,7
12.153186115585632,$\hat{T}_{Reset}$,8.816839422385881e-05,0.10212757486195087,7
13.079549934598068,$\hat{T}_{Reset}$,4.681361091968781e-05,0.19234628785638624,7
14.076524860608592,$\hat{T}_{Reset}$,9.083413239650506e-05,0.09913040444146513,7
15.149493150921694,$\hat{T}_{Reset}$,7.667394375698759e-05,0.11743786533393923,7
16.304247319739442,$\hat{T}_{Reset}$,3.47933276338549e-05,0.2587974446225022,7
17.54702140956167,$\hat{T}_{Reset}$,2.9763264024270403e-05,0.30253483872644127,7
18.88452464621569,$\hat{T}_{Reset}$,1.9072604159067426e-05,0.4721129955016808,7
20.32397765920527,$\hat{T}_{Reset}$,1.9493954658833642e-05,0.46190854750320265,7
21.87315146291753,$\hat{T}_{Reset}$,2.0583280777356415e-05,0.43746302540170706,7
23.540409409131357,$\hat{T}_{Reset}$,3.213078760593119e-05,0.2802428745908788,7
25.33475233731158,$\hat{T}_{Reset}$,8.530030505521596e-06,1.0556145462465183,7
27.265867166436806,$\hat{T}_{Reset}$,1.8823983207686e-05,0.47834850797564205,7
29.344179190688156,$\hat{T}_{Reset}$,4.388034841610354e-05,0.20520402883242897,7
31.580908361321878,$\hat{T}_{Reset}$,4.2768367944823104e-06,2.105393475189899,7
33.98812985856841,$\hat{T}_{Reset}$,4.768713424961512e-06,1.888229272579493,7
36.57883928056072,$\hat{T}_{Reset}$,3.692473115103249e-05,0.24385889892399007,7
39.36702280122011,$\hat{T}_{Reset}$,2.287301542281684e-07,39.36701879968493,7
42.36773267585289,$\hat{T}_{Reset}$,2.231567886845481e-05,0.40350214459680583,7
45.597168502081885,$\hat{T}_{Reset}$,3.949554707454508e-07,22.798580975622183,7
49.07276467480673,$\hat{T}_{Reset}$,2.7523693312659983e-06,3.271517444722218,7
52.81328450732654,$\hat{T}_{Reset}$,1.5344590920878345e-06,5.868142284134423,7
56.8389215267461,$\hat{T}_{Reset}$,1.5842005775361626e-07,56.83891553403751,7
61.17140849051769,$\hat{T}_{Reset}$,2.796798048953681e-06,3.2195475411332657,7
65.83413471265413,$\hat{T}_{Reset}$,1.5045185479098203e-06,5.984920753595691,7
70.8522723330089,$\hat{T}_{Reset}$,2.923008217719886e-06,3.0805333447126277,7
76.25291221129912,$\hat{T}_{Reset}$,1.0627768090763974e-06,8.472544945142719,7
82.06521017950769,$\hat{T}_{Reset}$,1.0972280070521038e-07,82.06520635348262,7
88.32054444222037,$\hat{T}_{Reset}$,1.0195163985134636e-07,88.32054388418184,7
95.0526849746383,$\hat{T}_{Reset}$,1.8946175809143803e-07,47.52634184471899,7
102.29797583277549,$\hat{T}_{Reset}$,1.7604307281071075e-07,51.14898381282569,7
110.0955313600591,$\hat{T}_{Reset}$,4.907242484680816e-07,18.349254820124948,7
118.4874473495718,$\hat{T}_{Reset}$,7.599475423410473e-08,118.48744524940058,7
127.51902830191335,$\hat{T}_{Reset}$,7.061239802598805e-07,12.75190268745889,7
137.239032005553,$\hat{T}_{Reset}$,6.561125280225661e-08,137.23902374937495,7
147.6999327600634,$\hat{T}_{Reset}$,6.09643090549069e-08,147.6999316673202,7
158.95820466326612,$\hat{T}_{Reset}$,5.664649145227102e-08,158.9581993642457,7
171.07462649164432,$\hat{T}_{Reset}$,5.263448215459463e-08,171.07462471290054,7
184.11460981994108,$\hat{T}_{Reset}$,4.890662634413138e-08,184.11460684684167,7
198.14855215133173,$\hat{T}_{Reset}$,4.5442796426087655e-08,198.14855135952652,7
213.25221696456873,$\hat{T}_{Reset}$,4.2224294778273475e-08,213.25221247243584,7
229.50714272982336,$\hat{T}_{Reset}$,3.923374456705818e-08,229.50713425186342,7
247.00108310132606,$\hat{T}_{Reset}$,3.3903149274472605e-06,2.65592562173421,7
265.8284806632307,$\hat{T}_{Reset}$,3.387306104247394e-08,265.82847857370655,7
286.0909767862566,$\hat{T}_{Reset}$,3.147398956454697e-08,286.090972454853,7
307.8979603476156,$\hat{T}_{Reset}$,2.92448326208561e-08,307.8979592153175,7
331.36715827654194,$\hat{T}_{Reset}$,2.7173557128952822e-08,331.3671536937328,7
356.62527111352796,$\hat{T}_{Reset}$,2.5248980193689975e-08,356.62526614858893,7
383.8086570143992,$\hat{T}_{Reset}$,2.3460712175255648e-08,383.8086505767815,7
413.0640678918749,$\hat{T}_{Reset}$,1.9619188927034405e-07,45.896006787250144,7
444.5494416687491,$\hat{T}_{Reset}$,2.0255169767490098e-08,444.5494352758967,7
478.43475491973123,$\hat{T}_{Reset}$,1.8820590034155044e-08,478.4347496658807,7
514.9029405050194,$\hat{T}_{Reset}$,3.4975229755344597e-07,25.745146906945376,7
554.1508751495202,$\hat{T}_{Reset}$,1.6249048252621225e-08,554.1508734274688,7
596.390442299262,$\hat{T}_{Reset}$,7.549101811641002e-08,119.2780877278668,7
641.8496759929147,$\hat{T}_{Reset}$,1.0942517008143576e-06,8.228841933582482,7
690.7739919237116,$\hat{T}_{Reset}$,1.3035268365477587e-08,690.7739855515612,7
743.4275123377766,$\hat{T}_{Reset}$,1.2112040737153334e-08,743.4275096131677,7
800.0944919214219,$\hat{T}_{Reset}$,1.1254201151086447e-08,800.0944856655489,7
861.0808523752157,$\hat{T}_{Reset}$,1.0457118285902634e-08,861.0808480280949,7
926.7158339593304,$\hat{T}_{Reset}$,9.71648916972911e-09,926.7158254658124,7
997.35377292621,$\hat{T}_{Reset}$,9.028315288559944e-09,997.3537690874532,7
1073.3760144361563,$\hat{T}_{Reset}$,8.3888816413612e-09,1073.376007256917,7
1155.1929712829099,$\hat{T}_{Reset}$,7.79473604015e-09,1155.1929706373814,7
1243.246339543401,$\hat{T}_{Reset}$,7.242671083189552e-09,1243.246335244281,7
1338.011483113092,$\hat{T}_{Reset}$,6.729706293072854e-09,1338.0114806531362,7
1.0,$\hat{T}_{MLG}$,0.6010667497208615,1.4980739303474763e-05,7
1.0762239473831834,$\hat{T}_{MLG}$,1.3318981083575272,6.760595442739409e-06,7
1.1582579849210413,$\hat{T}_{MLG}$,0.47768131182753903,1.8850275400361642e-05,7
1.2465449806198148,$\hat{T}_{MLG}$,2.885160217371204,3.1209442814789205e-06,7
1.3415615596333508,$\hat{T}_{MLG}$,1.6962556656867285,5.308412206782343e-06,7
1.4438206773661448,$\hat{T}_{MLG}$,1.7160347663101436,5.247227188127809e-06,7
1.5538743887084543,$\hat{T}_{MLG}$,1.5788066782814791,5.7033102313428235e-06,7
1.6723168283534438,$\hat{T}_{MLG}$,1.4351613469774553,6.274154679903448e-06,7
1.7997874182858689,$\hat{T}_{MLG}$,1.0652587599735839,8.452804726786221e-06,7
1.9369743197582066,$\hat{T}_{MLG}$,0.7764356387108171,1.159712902476496e-05,7
2.0846181483900335,$\hat{T}_{MLG}$,0.5203205058183231,1.7305534148406507e-05,7
2.2435159724469447,$\hat{T}_{MLG}$,0.593417144796253,1.5173852593434533e-05,7
2.4145256158840724,$\hat{T}_{MLG}$,0.49116501104986804,1.8332788531308716e-05,7
2.5985702893845684,$\hat{T}_{MLG}$,1.2083750812091978,7.451679881171154e-06,7
2.796643574394121,$\hat{T}_{MLG}$,0.7373122280277541,1.2212498232453281e-05,7
3.009814787058257,$\hat{T}_{MLG}$,3.010155527746448,2.9913485195551666e-06,7
3.239234751020113,$\hat{T}_{MLG}$,1.5481635962784028,5.816196882035387e-06,7
3.486142010243649,$\hat{T}_{MLG}$,1.7669910557369344,5.09590824035031e-06,7
3.751869515402767,$\hat{T}_{MLG}$,1.3149872178467799,6.847537496447604e-06,7
4.037851819933397,$\hat{T}_{MLG}$,1.9395644868240012,4.642498015778638e-06,7
4.345632824597091,$\hat{T}_{MLG}$,1.1722278902840801,7.681462244831069e-06,7
4.676874112365815,$\hat{T}_{MLG}$,4.29916066077201,2.0944609871681776e-06,7
5.03336391862456,$\hat{T}_{MLG}$,3.82047632594139,2.356885245018863e-06,7
5.417026785118212,$\hat{T}_{MLG}$,0.8353223798130307,1.077957983547692e-05,7
5.829933949760359,$\hat{T}_{MLG}$,0.7352120022766166,1.224738477292609e-05,7
6.274314528394325,$\hat{T}_{MLG}$,1.0845504138515478,8.302448799570193e-06,7
6.752567548872198,$\hat{T}_{MLG}$,0.6852059640813104,1.3141193675434241e-05,7
7.267274902418825,$\hat{T}_{MLG}$,0.7794745831431411,1.155191519554857e-05,7
7.821215282199927,$\hat{T}_{MLG}$,0.30573429882707265,2.945179626917868e-05,7
8.417379184342884,$\hat{T}_{MLG}$,0.48328521097684646,1.863169837817886e-05,7
9.058985052394538,$\hat{T}_{MLG}$,0.5903767002919312,1.5251998049893573e-05,7
9.749496652373306,$\hat{T}_{MLG}$,0.41490833246516956,2.1702201611752483e-05,7
10.492641772216333,$\hat{T}_{MLG}$,0.29712818894836934,3.0304846919521987e-05,7
11.292432346572342,$\hat{T}_{MLG}$,1.2728396951115462,7.074279908253513e-06,7
12.153186115585632,$\hat{T}_{MLG}$,0.4780298498403337,1.883653141025126e-05,7
13.079549934598068,$\hat{T}_{MLG}$,1.5271703206415668,5.896149342250421e-06,7
14.076524860608592,$\hat{T}_{MLG}$,0.5879109576962417,1.531596607220832e-05,7
15.149493150921694,$\hat{T}_{MLG}$,0.48719253670453017,1.8482270566915708e-05,7
16.304247319739442,$\hat{T}_{MLG}$,0.6807703708891407,1.3226815776066514e-05,7
17.54702140956167,$\hat{T}_{MLG}$,0.5656300236387027,1.5919282755942834e-05,7
18.88452464621569,$\hat{T}_{MLG}$,2.609106766995717,3.451152093681232e-06,7
20.32397765920527,$\hat{T}_{MLG}$,1.2944039951269544,6.956424976633349e-06,7
21.87315146291753,$\hat{T}_{MLG}$,1.721618044032166,5.230210215772404e-06,7
23.540409409131357,$\hat{T}_{MLG}$,0.3146788469633537,2.8614647499975614e-05,7
25.33475233731158,$\hat{T}_{MLG}$,0.3520594902165881,2.557642822244498e-05,7
27.265867166436806,$\hat{T}_{MLG}$,0.3158153753059723,2.8511671646231143e-05,7
29.344179190688156,$\hat{T}_{MLG}$,0.894490647254471,1.0066538212772945e-05,7
31.580908361321878,$\hat{T}_{MLG}$,1.007774547119194,8.934959021633384e-06,7
33.98812985856841,$\hat{T}_{MLG}$,0.3063467997241034,2.939291120280853e-05,7
36.57883928056072,$\hat{T}_{MLG}$,2.4945819914979577,3.6095924336197593e-06,7
39.36702280122011,$\hat{T}_{MLG}$,0.44695939702865806,2.014595585508586e-05,7
42.36773267585289,$\hat{T}_{MLG}$,0.2810474403750564,3.2038805511051016e-05,7
45.597168502081885,$\hat{T}_{MLG}$,0.2971759838949008,3.0299972977424858e-05,7
49.07276467480673,$\hat{T}_{MLG}$,0.27576352343605787,3.265270246535351e-05,7
52.81328450732654,$\hat{T}_{MLG}$,0.2693137274478416,3.343470222214736e-05,7
56.8389215267461,$\hat{T}_{MLG}$,0.274556855050875,3.279621002319039e-05,7
61.17140849051769,$\hat{T}_{MLG}$,0.2884668333435147,3.121476454394467e-05,7
65.83413471265413,$\hat{T}_{MLG}$,0.9759467363089154,9.226348064455207e-06,7
70.8522723330089,$\hat{T}_{MLG}$,0.2819144921317702,3.194026746715228e-05,7
76.25291221129912,$\hat{T}_{MLG}$,0.277065235191327,3.2499293082862404e-05,7
82.06521017950769,$\hat{T}_{MLG}$,0.2681999743675468,3.3573546391228546e-05,7
88.32054444222037,$\hat{T}_{MLG}$,0.2553048952964815,3.526929740653208e-05,7
95.0526849746383,$\hat{T}_{MLG}$,0.25877380730261396,3.4796505780143465e-05,7
102.29797583277549,$\hat{T}_{MLG}$,0.44473529395373024,2.024670495904458e-05,7
110.0955313600591,$\hat{T}_{MLG}$,0.2546194379587147,3.536424537632968e-05,7
118.4874473495718,$\hat{T}_{MLG}$,0.2502161780231834,3.598657909610004e-05,7
127.51902830191335,$\hat{T}_{MLG}$,0.2702271362350416,3.332168784752674e-05,7
137.239032005553,$\hat{T}_{MLG}$,0.2477032764770274,3.635165593940067e-05,7
147.6999327600634,$\hat{T}_{MLG}$,0.25125827898633424,3.5837323720763374e-05,7
158.95820466326612,$\hat{T}_{MLG}$,0.2539883114652952,3.5452120727947345e-05,7
171.07462649164432,$\hat{T}_{MLG}$,0.24492008830802878,3.6764743732374205e-05,7
184.11460981994108,$\hat{T}_{MLG}$,0.23662217195599167,3.805401753826278e-05,7
198.14855215133173,$\hat{T}_{MLG}$,0.23687921468217674,3.801272430608344e-05,7
213.25221696456873,$\hat{T}_{MLG}$,0.23604190423546834,3.814756668194218e-05,7
229.50714272982336,$\hat{T}_{MLG}$,0.22773831814415915,3.9538468339154527e-05,7
247.00108310132606,$\hat{T}_{MLG}$,0.2418713488635883,3.722815589304666e-05,7
265.8284806632307,$\hat{T}_{MLG}$,0.23265252456797875,3.8703316451329264e-05,7
286.0909767862566,$\hat{T}_{MLG}$,0.2251640542759193,3.9990505191921026e-05,7
307.8979603476156,$\hat{T}_{MLG}$,0.24331178942723264,3.700775989010633e-05,7
331.36715827654194,$\hat{T}_{MLG}$,0.2816464727109824,3.197066235157584e-05,7
356.62527111352796,$\hat{T}_{MLG}$,0.2280415020442837,3.948590147334917e-05,7
383.8086570143992,$\hat{T}_{MLG}$,0.2320344455486489,3.880641195432877e-05,7
413.0640678918749,$\hat{T}_{MLG}$,0.23711221886136066,3.79753701635259e-05,7
444.5494416687491,$\hat{T}_{MLG}$,0.22970506263050408,3.919993829669899e-05,7
478.43475491973123,$\hat{T}_{MLG}$,0.23099850137037423,3.898044458356804e-05,7
514.9029405050194,$\hat{T}_{MLG}$,0.23540882822582185,3.8250155482348426e-05,7
554.1508751495202,$\hat{T}_{MLG}$,0.22508654543003156,4.0004275974612505e-05,7
596.390442299262,$\hat{T}_{MLG}$,0.23787869363611472,3.78530087916545e-05,7
641.8496759929147,$\hat{T}_{MLG}$,0.24610119997209937,3.658829897040719e-05,7
690.7739919237116,$\hat{T}_{MLG}$,0.2983465207317666,3.018109364731193e-05,7
743.4275123377766,$\hat{T}_{MLG}$,0.23240062888567894,3.87452664165747e-05,7
800.0944919214219,$\hat{T}_{MLG}$,0.22591706818847324,3.9857211116262894e-05,7
861.0808523752157,$\hat{T}_{MLG}$,0.23642740298366682,3.80853664504245e-05,7
926.7158339593304,$\hat{T}_{MLG}$,0.2258856212823935,3.986275988013488e-05,7
997.35377292621,$\hat{T}_{MLG}$,0.22888405672540152,3.934054826875946e-05,7
1073.3760144361563,$\hat{T}_{MLG}$,0.22380986245780088,4.0232473147839556e-05,7
1155.1929712829099,$\hat{T}_{MLG}$,0.23084734618778324,3.900596836071259e-05,7
1243.246339543401,$\hat{T}_{MLG}$,0.22430305982495566,4.0144010021896806e-05,7
1338.011483113092,$\hat{T}_{MLG}$,0.23019484075409857,3.911653385478761e-05,7
1.0,$\hat{T}_{MLD}$,0.3040814619201124,2.9611881713199473e-05,7
1.0762239473831834,$\hat{T}_{MLD}$,0.30446042369960086,2.9575023814719017e-05,7
1.1582579849210413,$\hat{T}_{MLD}$,0.2932497305724858,3.0705652359770585e-05,7
1.2465449806198148,$\hat{T}_{MLD}$,0.3081073377445173,2.922495889734898e-05,7
1.3415615596333508,$\hat{T}_{MLD}$,0.3050691903764708,2.9516006747332378e-05,7
1.4438206773661448,$\hat{T}_{MLD}$,0.3021409408275905,2.9802066071851204e-05,7
1.5538743887084543,$\hat{T}_{MLD}$,0.30902381844732774,2.913828560787756e-05,7
1.6723168283534438,$\hat{T}_{MLD}$,0.30258583908658687,2.9758247473631653e-05,7
1.7997874182858689,$\hat{T}_{MLD}$,0.2889076009715927,3.1167142197967e-05,7
1.9369743197582066,$\hat{T}_{MLD}$,0.28521368317117046,3.157080046594801e-05,7
2.0846181483900335,$\hat{T}_{MLD}$,0.2816812889896765,3.196671072420841e-05,7
2.2435159724469447,$\hat{T}_{MLD}$,0.2952908748901295,3.049340513791855e-05,7
2.4145256158840724,$\hat{T}_{MLD}$,0.2879333325812611,3.12726011984524e-05,7
2.5985702893845684,$\hat{T}_{MLD}$,0.2924699480054611,3.0787519685225925e-05,7
2.796643574394121,$\hat{T}_{MLD}$,0.28108493725067213,3.20345315178699e-05,7
3.009814787058257,$\hat{T}_{MLD}$,0.2878812134811628,3.1278262908059934e-05,7
3.239234751020113,$\hat{T}_{MLD}$,0.2771810107077929,3.2485718478917364e-05,7
3.486142010243649,$\hat{T}_{MLD}$,0.2813404198389288,3.2005441261196286e-05,7
3.751869515402767,$\hat{T}_{MLD}$,0.27996925816895424,3.216218930766034e-05,7
4.037851819933397,$\hat{T}_{MLD}$,0.2766986697938804,3.254234755903508e-05,7
4.345632824597091,$\hat{T}_{MLD}$,0.2709467410393485,3.3233189102088004e-05,7
4.676874112365815,$\hat{T}_{MLD}$,0.28047458385781976,3.210424330683641e-05,7
5.03336391862456,$\hat{T}_{MLD}$,0.27279797181329796,3.3007665789090754e-05,7
5.417026785118212,$\hat{T}_{MLD}$,0.2700802666340867,3.333980817545111e-05,7
5.829933949760359,$\hat{T}_{MLD}$,0.2611701255660651,3.4477236866348234e-05,7
6.274314528394325,$\hat{T}_{MLD}$,0.2710593851633819,3.321937838871616e-05,7
6.752567548872198,$\hat{T}_{MLD}$,0.26410746751102787,3.409378904130818e-05,7
7.267274902418825,$\hat{T}_{MLD}$,0.2703841156369025,3.330234196762925e-05,7
7.821215282199927,$\hat{T}_{MLD}$,0.25947483102846436,3.4702495983386354e-05,7
8.417379184342884,$\hat{T}_{MLD}$,0.2688160146597576,3.3496606565468594e-05,7
9.058985052394538,$\hat{T}_{MLD}$,0.2593597384358174,3.471789544460627e-05,7
9.749496652373306,$\hat{T}_{MLD}$,0.26028030613209946,3.4595104083614926e-05,7
10.492641772216333,$\hat{T}_{MLD}$,0.2539001598453928,3.5464429353011015e-05,7
11.292432346572342,$\hat{T}_{MLD}$,0.262200236177715,3.434178554840083e-05,7
12.153186115585632,$\hat{T}_{MLD}$,0.2587592381709874,3.479846495608029e-05,7
13.079549934598068,$\hat{T}_{MLD}$,0.26298274888766043,3.4239600580803116e-05,7
14.076524860608592,$\hat{T}_{MLD}$,0.2557264667492703,3.521115509089491e-05,7
15.149493150921694,$\hat{T}_{MLD}$,0.25803653712356217,3.489592746023917e-05,7
16.304247319739442,$\hat{T}_{MLD}$,0.25182900998844643,3.575610404046877e-05,7
17.54702140956167,$\hat{T}_{MLD}$,0.2472763603546139,3.6414416115806946e-05,7
18.88452464621569,$\hat{T}_{MLD}$,0.25742875542913596,3.497831571513713e-05,7
20.32397765920527,$\hat{T}_{MLD}$,0.2598886189042625,3.464724357503388e-05,7
21.87315146291753,$\hat{T}_{MLD}$,0.25186492429387,3.575100545183096e-05,7
23.540409409131357,$\hat{T}_{MLD}$,0.25393190151798845,3.545999627351772e-05,7
25.33475233731158,$\hat{T}_{MLD}$,0.2469509450594952,3.646240057670482e-05,7
27.265867166436806,$\hat{T}_{MLD}$,0.2502680920945215,3.597911426181464e-05,7
29.344179190688156,$\hat{T}_{MLD}$,0.24421016658667966,3.687161925897593e-05,7
31.580908361321878,$\hat{T}_{MLD}$,0.24625292824551323,3.656575515958032e-05,7
33.98812985856841,$\hat{T}_{MLD}$,0.2375538805511467,3.7904766113119485e-05,7
36.57883928056072,$\hat{T}_{MLD}$,0.2512026765240929,3.584525613401067e-05,7
39.36702280122011,$\hat{T}_{MLD}$,0.25040723484777094,3.595912189609522e-05,7
42.36773267585289,$\hat{T}_{MLD}$,0.2411148487974612,3.7344959576168376e-05,7
45.597168502081885,$\hat{T}_{MLD}$,0.24453899799244133,3.68220380204284e-05,7
49.07276467480673,$\hat{T}_{MLD}$,0.24555706671651514,3.6669375481465375e-05,7
52.81328450732654,$\hat{T}_{MLD}$,0.24004344069562827,3.751164479004708e-05,7
56.8389215267461,$\hat{T}_{MLD}$,0.24300967480164226,3.7053768698324624e-05,7
61.17140849051769,$\hat{T}_{MLD}$,0.2355412266249875,3.8228654960226395e-05,7
65.83413471265413,$\hat{T}_{MLD}$,0.23640462684780525,3.8089035741893875e-05,7
70.8522723330089,$\hat{T}_{MLD}$,0.2411177578906607,3.734450900807712e-05,7
76.25291221129912,$\hat{T}_{MLD}$,0.233849095264361,3.8505277394277895e-05,7
82.06521017950769,$\hat{T}_{MLD}$,0.2380671043699739,3.782305121652421e-05,7
88.32054444222037,$\hat{T}_{MLD}$,0.23035648976109876,3.908908444860212e-05,7
95.0526849746383,$\hat{T}_{MLD}$,0.2334158813189759,3.857674221082707e-05,7
102.29797583277549,$\hat{T}_{MLD}$,0.23734521072303003,3.7938091331713664e-05,7
110.0955313600591,$\hat{T}_{MLD}$,0.23096415210259802,3.898624180238683e-05,7
118.4874473495718,$\hat{T}_{MLD}$,0.23311989034853703,3.862572287629615e-05,7
127.51902830191335,$\hat{T}_{MLD}$,0.22936118872914563,3.9258709511610226e-05,7
137.239032005553,$\hat{T}_{MLD}$,0.22788819612299172,3.95124645977514e-05,7
147.6999327600634,$\hat{T}_{MLD}$,0.23260287872699206,3.871157713453627e-05,7
158.95820466326612,$\hat{T}_{MLD}$,0.22588080064411592,3.9863610611784416e-05,7
171.07462649164432,$\hat{T}_{MLD}$,0.22850574529305617,3.940568001914814e-05,7
184.11460981994108,$\hat{T}_{MLD}$,0.2223017662855031,4.0505410424812896e-05,7
198.14855215133173,$\hat{T}_{MLD}$,0.22384491338303078,4.0226173315572625e-05,7
213.25221696456873,$\hat{T}_{MLD}$,0.2253430965084815,3.9958731468022714e-05,7
229.50714272982336,$\hat{T}_{MLD}$,0.21756752999704215,4.138680198133221e-05,7
247.00108310132606,$\hat{T}_{MLD}$,0.22027578847868912,4.087795732678212e-05,7
265.8284806632307,$\hat{T}_{MLD}$,0.2241786729866911,4.0166284158929366e-05,7
286.0909767862566,$\hat{T}_{MLD}$,0.2175219404083127,4.1395476082333765e-05,7
307.8979603476156,$\hat{T}_{MLD}$,0.22360095838635788,4.0270061213228265e-05,7
331.36715827654194,$\hat{T}_{MLD}$,0.2251339285505554,3.9995856419896005e-05,7
356.62527111352796,$\hat{T}_{MLD}$,0.21829302580652815,4.124925314625354e-05,7
383.8086570143992,$\hat{T}_{MLD}$,0.22218023112013263,4.0527567354480135e-05,7
413.0640678918749,$\hat{T}_{MLD}$,0.22549615863657624,3.993160830764853e-05,7
444.5494416687491,$\hat{T}_{MLD}$,0.21999659449058975,4.0929834856785924e-05,7
478.43475491973123,$\hat{T}_{MLD}$,0.22313132532249974,4.0354819156569426e-05,7
514.9029405050194,$\hat{T}_{MLD}$,0.22705229187035583,3.965793169221369e-05,7
554.1508751495202,$\hat{T}_{MLD}$,0.21946266246168922,4.102941329770392e-05,7
596.390442299262,$\hat{T}_{MLD}$,0.22411924606711048,4.017693455411163e-05,7
641.8496759929147,$\hat{T}_{MLD}$,0.228241819597498,3.9451246478118445e-05,7
690.7739919237116,$\hat{T}_{MLD}$,0.2229648648953614,4.0384947134074076e-05,7
743.4275123377766,$\hat{T}_{MLD}$,0.22621649756460774,3.980445448715986e-05,7
800.0944919214219,$\hat{T}_{MLD}$,0.22050648990674285,4.083518941035845e-05,7
861.0808523752157,$\hat{T}_{MLD}$,0.2247906288273053,4.005693799839298e-05,7
926.7158339593304,$\hat{T}_{MLD}$,0.2189885025519679,4.1118251308277284e-05,7
997.35377292621,$\hat{T}_{MLD}$,0.22455436379818552,4.009908393340204e-05,7
1073.3760144361563,$\hat{T}_{MLD}$,0.2198564233861434,4.095592997863099e-05,7
1155.1929712829099,$\hat{T}_{MLD}$,0.2259330580252233,3.985439032365896e-05,7
1243.246339543401,$\hat{T}_{MLD}$,0.21998475315345176,4.093203802753569e-05,7
1338.011483113092,$\hat{T}_{MLD}$,0.22592256677395278,3.9856241056983605e-05,7
1.0,$\hat{T}_{emp}$,0.0114865917628932,0.0007535781379212128,8
1.0762239473831834,$\hat{T}_{emp}$,0.011211916481678087,0.0007720396816982577,8
1.1582579849210413,$\hat{T}_{emp}$,0.013975143674939653,0.0006193885825491935,8
1.2465449806198148,$\hat{T}_{emp}$,0.0216862952058219,0.0003991481416991132,8
1.3415615596333508,$\hat{T}_{emp}$,0.04259121850501661,0.0002032354258829821,8
1.4438206773661448,$\hat{T}_{emp}$,0.05347753883416567,0.0001618631788307362,8
1.5538743887084543,$\hat{T}_{emp}$,0.06631274615208926,0.00013053364449557605,8
1.6723168283534438,$\hat{T}_{emp}$,0.09646162446427463,8.973562781899903e-05,8
1.7997874182858689,$\hat{T}_{emp}$,0.09259722395898462,9.348060407919294e-05,8
1.9369743197582066,$\hat{T}_{emp}$,0.09849354920878935,8.788437924389218e-05,8
2.0846181483900335,$\hat{T}_{emp}$,0.1270159615991496,6.81492650432381e-05,8
2.2435159724469447,$\hat{T}_{emp}$,0.13558321501327242,6.384303861576706e-05,8
2.4145256158840724,$\hat{T}_{emp}$,0.10412633541263354,8.313021290377584e-05,8
2.5985702893845684,$\hat{T}_{emp}$,0.10546565312689456,8.207453493249966e-05,8
2.796643574394121,$\hat{T}_{emp}$,0.09409288577309377,9.199467484307331e-05,8
3.009814787058257,$\hat{T}_{emp}$,0.08653713418001105,0.00010002693657194894,8
3.239234751020113,$\hat{T}_{emp}$,0.07579312482630353,0.00011420619550360817,8
3.486142010243649,$\hat{T}_{emp}$,0.062439787455926904,0.00013863026740525125,8
3.751869515402767,$\hat{T}_{emp}$,0.053949921442232936,0.00016044591354985916,8
4.037851819933397,$\hat{T}_{emp}$,0.04703125770402399,0.0001840487551112542,8
4.345632824597091,$\hat{T}_{emp}$,0.03111343056446376,0.0002782092580182627,8
4.676874112365815,$\hat{T}_{emp}$,0.02713857646015832,0.00031895720265394135,8
5.03336391862456,$\hat{T}_{emp}$,0.01777517906738781,0.00048697368386141766,8
5.417026785118212,$\hat{T}_{emp}$,0.014477283767545318,0.0005979052818697265,8
5.829933949760359,$\hat{T}_{emp}$,0.014978248281391516,0.0005779076611045488,8
6.274314528394325,$\hat{T}_{emp}$,0.015072146259831385,0.0005743073536123603,8
6.752567548872198,$\hat{T}_{emp}$,0.013823904176141972,0.0006261649618984816,8
7.267274902418825,$\hat{T}_{emp}$,0.01118204773929201,0.000774101902760277,8
7.821215282199927,$\hat{T}_{emp}$,0.006797593948348468,0.0012733982784960637,8
8.417379184342884,$\hat{T}_{emp}$,0.008152797073713502,0.0010617269574452286,8
9.058985052394538,$\hat{T}_{emp}$,0.008506999187807559,0.0010175203077658988,8
9.749496652373306,$\hat{T}_{emp}$,0.006537206944372924,0.0013241196898612978,8
10.492641772216333,$\hat{T}_{emp}$,0.006361292717635655,0.0013607366955060431,8
11.292432346572342,$\hat{T}_{emp}$,0.00510359344182877,0.001696068570195607,8
12.153186115585632,$\hat{T}_{emp}$,0.007223590128567369,0.0011983022676646418,8
13.079549934598068,$\hat{T}_{emp}$,0.00727715531789574,0.0011894818859308307,8
14.076524860608592,$\hat{T}_{emp}$,0.009435453174165404,0.0009173957277900279,8
15.149493150921694,$\hat{T}_{emp}$,0.007637002953439194,0.0011334347367044158,8
16.304247319739442,$\hat{T}_{emp}$,0.011820657295439982,0.0007322811426976582,8
17.54702140956167,$\hat{T}_{emp}$,0.011950827273893268,0.0007243050404260663,8
18.88452464621569,$\hat{T}_{emp}$,0.013552084493575296,0.0006387242077664003,8
20.32397765920527,$\hat{T}_{emp}$,0.014693656429092247,0.0005891007778434192,8
21.87315146291753,$\hat{T}_{emp}$,0.01210247091125092,0.0007152295176099294,8
23.540409409131357,$\hat{T}_{emp}$,0.018486255365808994,0.0004682421756302183,8
25.33475233731158,$\hat{T}_{emp}$,0.02069442437151222,0.0004182790628212902,8
27.265867166436806,$\hat{T}_{emp}$,0.026471131666117448,0.00032699940980693976,8
29.344179190688156,$\hat{T}_{emp}$,0.029448195158673057,0.00029394142442691704,8
31.580908361321878,$\hat{T}_{emp}$,0.031327790480377544,0.00027630561552574205,8
33.98812985856841,$\hat{T}_{emp}$,0.03186079069017621,0.0002716832898441268,8
36.57883928056072,$\hat{T}_{emp}$,0.040761850852877105,0.0002123565110667988,8
39.36702280122011,$\hat{T}_{emp}$,0.04413004444667257,0.0001961485545794611,8
42.36773267585289,$\hat{T}_{emp}$,0.05497976027784185,0.0001574405633636564,8
45.597168502081885,$\hat{T}_{emp}$,0.04518508000124533,0.00019156864238159215,8
49.07276467480673,$\hat{T}_{emp}$,0.037493892425549326,0.00023086545225813211,8
52.81328450732654,$\hat{T}_{emp}$,0.03729440098024722,0.00023210037443225932,8
56.8389215267461,$\hat{T}_{emp}$,0.028211565419938064,0.0003068260942948129,8
61.17140849051769,$\hat{T}_{emp}$,0.031025768017093776,0.0002789953314603885,8
65.83413471265413,$\hat{T}_{emp}$,0.03169322790881628,0.0002731196852730265,8
70.8522723330089,$\hat{T}_{emp}$,0.034833324252006095,0.0002484989479935636,8
76.25291221129912,$\hat{T}_{emp}$,0.037025685280029114,0.00023378485411615298,8
82.06521017950769,$\hat{T}_{emp}$,0.02719857073573399,0.0003182536507467919,8
88.32054444222037,$\hat{T}_{emp}$,0.027526582724847763,0.0003144612797842334,8
95.0526849746383,$\hat{T}_{emp}$,0.021605441943940647,0.00040064185931497825,8
102.29797583277549,$\hat{T}_{emp}$,0.021157551846122096,0.0004091231582319738,8
110.0955313600591,$\hat{T}_{emp}$,0.022168314775807597,0.0003904692133471773,8
118.4874473495718,$\hat{T}_{emp}$,0.023945960102729282,0.0003614824544352102,8
127.51902830191335,$\hat{T}_{emp}$,0.024215456792111265,0.0003574594733460532,8
137.239032005553,$\hat{T}_{emp}$,0.024354537028598137,0.0003554181474103943,8
147.6999327600634,$\hat{T}_{emp}$,0.02590039753943176,0.0003342050800017222,8
158.95820466326612,$\hat{T}_{emp}$,0.01626326697066267,0.0005322451170085844,8
171.07462649164432,$\hat{T}_{emp}$,0.009141703564881363,0.0009468743293093789,8
184.11460981994108,$\hat{T}_{emp}$,0.009187843458096173,0.0009421192765441208,8
198.14855215133173,$\hat{T}_{emp}$,0.007647386124130463,0.001131895825742214,8
213.25221696456873,$\hat{T}_{emp}$,0.009667919835104573,0.0008953368024744872,8
229.50714272982336,$\hat{T}_{emp}$,0.007822670889327147,0.0011065331207467854,8
247.00108310132606,$\hat{T}_{emp}$,0.00693248013376369,0.001248621599300967,8
265.8284806632307,$\hat{T}_{emp}$,0.008168209891216444,0.0010597235559593467,8
286.0909767862566,$\hat{T}_{emp}$,0.009078664655472211,0.0009534490765142123,8
307.8979603476156,$\hat{T}_{emp}$,0.011362012178480216,0.0007618407985987596,8
331.36715827654194,$\hat{T}_{emp}$,0.011394745845333336,0.0007596522598428328,8
356.62527111352796,$\hat{T}_{emp}$,0.009460148426324404,0.000915000911365761,8
383.8086570143992,$\hat{T}_{emp}$,0.009633906066534702,0.0008984979064525758,8
413.0640678918749,$\hat{T}_{emp}$,0.01110341687845016,0.0007795838458107529,8
444.5494416687491,$\hat{T}_{emp}$,0.013448166895524945,0.0006436598012940048,8
478.43475491973123,$\hat{T}_{emp}$,0.017685290350751132,0.0004894488165061174,8
514.9029405050194,$\hat{T}_{emp}$,0.01910340634337682,0.0004531152338045337,8
554.1508751495202,$\hat{T}_{emp}$,0.01808172452190679,0.0004787178579816891,8
596.390442299262,$\hat{T}_{emp}$,0.019358282192935148,0.00044714940847908724,8
641.8496759929147,$\hat{T}_{emp}$,0.02155851793176358,0.0004015138915921804,8
690.7739919237116,$\hat{T}_{emp}$,0.02151742113342314,0.00040228075558258763,8
743.4275123377766,$\hat{T}_{emp}$,0.015199202397260666,0.0005695064915578904,8
800.0944919214219,$\hat{T}_{emp}$,0.012609674953825187,0.0006864605521902338,8
861.0808523752157,$\hat{T}_{emp}$,0.013719899370918458,0.0006309116559622939,8
926.7158339593304,$\hat{T}_{emp}$,0.019982884919065965,0.00043317291105867,8
997.35377292621,$\hat{T}_{emp}$,0.024307992067383842,0.0003560987023422955,8
1073.3760144361563,$\hat{T}_{emp}$,0.02525779565023967,0.0003427078337162832,8
1155.1929712829099,$\hat{T}_{emp}$,0.021078945344479398,0.0004106488389377236,8
1243.246339543401,$\hat{T}_{emp}$,0.028487831191367094,0.00030385059408682936,8
1338.011483113092,$\hat{T}_{emp}$,0.03674104172103873,0.00023559605352141,8
1.0,$\hat{T}_{GT}$,8.656060107681388e-06,0.9999981890214493,8
1.0762239473831834,$\hat{T}_{GT}$,8.042981694173664e-06,1.0762233162873713,8
1.1582579849210413,$\hat{T}_{GT}$,7.473338863604092e-06,1.158256649366992,8
1.2465449806198148,$\hat{T}_{GT}$,6.944058663407589e-06,1.2465396465263305,8
1.3415615596333508,$\hat{T}_{GT}$,6.4522373132883825e-06,1.3415570462535646,8
1.4438206773661448,$\hat{T}_{GT}$,5.995239779614986e-06,1.4438195551701671,8
1.5538743887084543,$\hat{T}_{GT}$,5.5706271969161005e-06,1.5538725040753374,8
1.6723168283534438,$\hat{T}_{GT}$,5.176090602289903e-06,1.672313160034866,8
1.7997874182858689,$\hat{T}_{GT}$,4.809495868643049e-06,1.7997820703367016,8
1.9369743197582066,$\hat{T}_{GT}$,4.4688543198180285e-06,1.9369717185353836,8
2.0846181483900335,$\hat{T}_{GT}$,4.152341089906489e-06,2.0846178684076104,8
2.2435159724469447,$\hat{T}_{GT}$,3.858262855731835e-06,2.24350821999667,8
2.4145256158840724,$\hat{T}_{GT}$,3.226500322650032e-05,0.26827967042112993,8
2.5985702893845684,$\hat{T}_{GT}$,3.3310903991312517e-06,2.598561850497872,8
2.796643574394121,$\hat{T}_{GT}$,3.09516071622019e-06,2.7966381152294284,8
3.009814787058257,$\hat{T}_{GT}$,2.875943309405485e-06,3.0098105214499435,8
3.239234751020113,$\hat{T}_{GT}$,1.0689013831583897e-05,0.8098075807672097,8
3.486142010243649,$\hat{T}_{GT}$,2.4829915081690423e-06,3.4861353344398527,8
3.751869515402767,$\hat{T}_{GT}$,2.3071297229829342e-06,3.751867242449907,8
4.037851819933397,$\hat{T}_{GT}$,2.143728415334518e-06,4.0378456383858055,8
4.345632824597091,$\hat{T}_{GT}$,1.99189696315389e-06,4.345628610245264,8
4.676874112365815,$\hat{T}_{GT}$,1.8508201909676273e-06,4.676869462514742,8
5.03336391862456,$\hat{T}_{GT}$,1.7197348168912355e-06,5.033359996391613,8
5.417026785118212,$\hat{T}_{GT}$,1.5979341906782912e-06,5.417021853739723,8
5.829933949760359,$\hat{T}_{GT}$,1.4847589493845674e-06,5.829932485222689,8
6.274314528394325,$\hat{T}_{GT}$,1.3796014883140855e-06,6.274307838215038,8
6.752567548872198,$\hat{T}_{GT}$,1.2818902240487733e-06,6.752562949113226,8
7.267274902418825,$\hat{T}_{GT}$,1.1911001000524083e-06,7.267268663113482,8
7.821215282199927,$\hat{T}_{GT}$,1.106739490125117e-06,7.821212226522823,8
8.417379184342884,$\hat{T}_{GT}$,1.0283548276631562e-06,8.417371318625772,8
9.058985052394538,$\hat{T}_{GT}$,9.555205198031628e-07,9.058983300039799,8
9.749496652373306,$\hat{T}_{GT}$,8.878455716926421e-07,9.749493276448737,8
10.492641772216333,$\hat{T}_{GT}$,8.249633922494689e-07,10.492640659047101,8
11.292432346572342,$\hat{T}_{GT}$,7.665355124404881e-07,11.292424540362353,8
12.153186115585632,$\hat{T}_{GT}$,7.122451319825842e-07,12.153181598654797,8
13.079549934598068,$\hat{T}_{GT}$,6.618002289828792e-07,13.079542817695415,8
14.076524860608592,$\hat{T}_{GT}$,6.149278658866922e-07,14.076520047210186,8
15.149493150921694,$\hat{T}_{GT}$,1.1427507037915897e-06,7.574744345395612,8
16.304247319739442,$\hat{T}_{GT}$,5.309075812009873e-07,16.30423964216336,8
17.54702140956167,$\hat{T}_{GT}$,4.93305839754531e-07,17.547013909361883,8
18.88452464621569,$\hat{T}_{GT}$,4.5836719520987945e-07,18.88451992682139,8
20.32397765920527,$\hat{T}_{GT}$,4.2590308490122457e-07,20.32397683559796,8
21.87315146291753,$\hat{T}_{GT}$,3.957383726130051e-07,21.873149107546862,8
23.540409409131357,$\hat{T}_{GT}$,3.677100562081592e-07,23.54040713763359,8
25.33475233731158,$\hat{T}_{GT}$,3.4166693145853853e-07,25.334744556022727,8
27.265867166436806,$\hat{T}_{GT}$,3.1746817857712034e-07,27.26586478852225,8
29.344179190688156,$\hat{T}_{GT}$,2.9498342340652165e-07,29.344172400539126,8
31.580908361321878,$\hat{T}_{GT}$,2.7409110020715806e-07,31.580902937745737,8
33.98812985856841,$\hat{T}_{GT}$,2.5467850785899674e-07,33.988122926079946,8
36.57883928056072,$\hat{T}_{GT}$,2.3664079867216116e-07,36.57883374427823,8
39.36702280122011,$\hat{T}_{GT}$,2.19880639993386e-07,39.36701490409784,8
42.36773267585289,$\hat{T}_{GT}$,2.0430749667540626e-07,42.36772792285003,8
45.597168502081885,$\hat{T}_{GT}$,1.8983732459980393e-07,45.59716825966657,8
49.07276467480673,$\hat{T}_{GT}$,1.763920418966378e-07,49.07276053198856,8
52.81328450732654,$\hat{T}_{GT}$,1.6389901329516017e-07,52.81327970018845,8
56.8389215267461,$\hat{T}_{GT}$,1.5229079622958447e-07,56.8389203159255,8
61.17140849051769,$\hat{T}_{GT}$,1.4150476163522903e-07,61.17140039467895,8
65.83413471265413,$\hat{T}_{GT}$,1.3148261904962259e-07,65.83413453663665,8
70.8522723330089,$\hat{T}_{GT}$,1.2217032155472973e-07,70.85226855087284,8
76.25291221129912,$\hat{T}_{GT}$,1.135175700792205e-07,76.25290451250326,8
82.06521017950769,$\hat{T}_{GT}$,1.0547764390789608e-07,82.06520463521849,8
88.32054444222037,$\hat{T}_{GT}$,9.800715197390815e-08,88.32053842403916,8
95.0526849746383,$\hat{T}_{GT}$,9.106575712616869e-08,95.0526817643379,8
102.29797583277549,$\hat{T}_{GT}$,8.461599189784954e-08,102.29797273063919,8
110.0955313600591,$\hat{T}_{GT}$,7.862303392293008e-08,110.09552798773007,8
118.4874473495718,$\hat{T}_{GT}$,7.305453045844274e-08,118.48744187968208,8
127.51902830191335,$\hat{T}_{GT}$,6.78804183252964e-08,127.51902014305098,8
137.239032005553,$\hat{T}_{GT}$,6.307275978960189e-08,137.2390309321652,8
147.6999327600634,$\hat{T}_{GT}$,5.860560962346306e-08,147.69992987628112,8
158.95820466326612,$\hat{T}_{GT}$,5.4454847619544456e-08,158.9581976653158,8
171.07462649164432,$\hat{T}_{GT}$,5.059806149718753e-08,171.07462569931343,8
184.11460981994108,$\hat{T}_{GT}$,4.7014437475546614e-08,184.11460173791136,8
198.14855215133173,$\hat{T}_{GT}$,4.368462132269957e-08,198.14855135860623,8
213.25221696456873,$\hat{T}_{GT}$,4.0590642557989824e-08,213.2522149501758,8
229.50714272982336,$\hat{T}_{GT}$,3.7715795639224275e-08,229.50714110721154,8
247.00108310132606,$\hat{T}_{GT}$,3.504456161321051e-08,247.00107615211797,8
265.8284806632307,$\hat{T}_{GT}$,3.256251775471281e-08,265.82847484173425,8
286.0909767862566,$\hat{T}_{GT}$,3.025626511943388e-08,286.09097644977805,8
307.8979603476156,$\hat{T}_{GT}$,2.8113354394359067e-08,307.89795875368867,8
331.36715827654194,$\hat{T}_{GT}$,2.6122216289286408e-08,331.3671526137823,8
356.62527111352796,$\hat{T}_{GT}$,2.4272100931162744e-08,356.6252652084508,8
383.8086570143992,$\hat{T}_{GT}$,2.2553020403108628e-08,383.8086552056274,8
413.0640678918749,$\hat{T}_{GT}$,2.0955694945853102e-08,413.06405987051903,8
444.5494416687491,$\hat{T}_{GT}$,1.9471500256313093e-08,444.549434701916,8
478.43475491973123,$\hat{T}_{GT}$,1.8092424171891202e-08,478.4347497882802,8
514.9029405050194,$\hat{T}_{GT}$,1.681102179004298e-08,514.9029333165875,8
554.1508751495202,$\hat{T}_{GT}$,1.56203751486142e-08,554.1508670174378,8
596.390442299262,$\hat{T}_{GT}$,1.4514056261155595e-08,596.3904422024759,8
641.8496759929147,$\hat{T}_{GT}$,1.3486093187905957e-08,641.8496677380782,8
690.7739919237116,$\hat{T}_{GT}$,1.2530935747626955e-08,690.7739857641069,8
743.4275123377766,$\hat{T}_{GT}$,1.1643427665822728e-08,743.427509508263,8
800.0944919214219,$\hat{T}_{GT}$,1.0818777758752355e-08,800.0944861575964,8
861.0808523752157,$\hat{T}_{GT}$,1.0052533939214298e-08,861.080846290458,8
926.7158339593304,$\hat{T}_{GT}$,9.34055957629802e-09,926.7158312128535,8
997.35377292621,$\hat{T}_{GT}$,8.679011113473731e-09,997.3537674475521,8
1073.3760144361563,$\hat{T}_{GT}$,8.064316992430396e-09,1073.3760143440827,8
1155.1929712829099,$\hat{T}_{GT}$,7.49315889579132e-09,1155.1929636249988,8
1243.246339543401,$\hat{T}_{GT}$,6.9624532164918575e-09,1243.2463332376524,8
1338.011483113092,$\hat{T}_{GT}$,6.469334957671206e-09,1338.0114785180565,8
1.0,$\hat{T}_{Reset}$,0.00020774544258435332,0.041666591209227055,8
1.0762239473831834,$\hat{T}_{Reset}$,0.0002010745423543416,0.04304893265149485,8
1.1582579849210413,$\hat{T}_{Reset}$,7.473338863604092e-06,1.158256649366992,8
1.2465449806198148,$\hat{T}_{Reset}$,6.944058663407589e-06,1.2465396465263305,8
1.3415615596333508,$\hat{T}_{Reset}$,8.387908507274898e-05,0.10319669586565883,8
1.4438206773661448,$\hat{T}_{Reset}$,0.00035371914699728414,0.024471517884240124,8
1.5538743887084543,$\hat{T}_{Reset}$,3.899439037841271e-05,0.22198178629647675,8
1.6723168283534438,$\hat{T}_{Reset}$,0.00030538934553510426,0.028344290848048573,8
1.7997874182858689,$\hat{T}_{Reset}$,3.366647108050134e-05,0.2571117243338145,8
1.9369743197582066,$\hat{T}_{Reset}$,0.00024578698758999156,0.03521766760973425,8
2.0846181483900335,$\hat{T}_{Reset}$,3.321872871925191e-05,0.2605772335509513,8
2.2435159724469447,$\hat{T}_{Reset}$,1.1574788567195506e-05,0.7478360733322234,8
2.4145256158840724,$\hat{T}_{Reset}$,0.00014340001434000142,0.06036292584475423,8
2.5985702893845684,$\hat{T}_{Reset}$,0.0009027254981645692,0.009588789116228309,8
2.796643574394121,$\hat{T}_{Reset}$,0.0002909451073246978,0.029751469310951368,8
3.009814787058257,$\hat{T}_{Reset}$,0.00011216178906681391,0.07717462875512676,8
3.239234751020113,$\hat{T}_{Reset}$,9.620112448425508e-05,0.08997862008524553,8
3.486142010243649,$\hat{T}_{Reset}$,0.00023091821025972092,0.03748532617677261,8
3.751869515402767,$\hat{T}_{Reset}$,0.00012227787531809552,0.07078994797075296,8
4.037851819933397,$\hat{T}_{Reset}$,6.859930929070458e-05,0.12618267619955642,8
4.345632824597091,$\hat{T}_{Reset}$,0.00022110056291008178,0.03914980729950687,8
4.676874112365815,$\hat{T}_{Reset}$,5.552460572902882e-05,0.1558956487504914,8
5.03336391862456,$\hat{T}_{Reset}$,9.974461937969165e-05,0.08678206890330367,8
5.417026785118212,$\hat{T}_{Reset}$,7.989670953391456e-06,1.0834043707479444,8
5.829933949760359,$\hat{T}_{Reset}$,5.4936081127228996e-05,0.15756574284385647,8
6.274314528394325,$\hat{T}_{Reset}$,0.0001062293146001846,0.08148451737941607,8
6.752567548872198,$\hat{T}_{Reset}$,6.665829165053621e-05,0.12985697979063895,8
7.267274902418825,$\hat{T}_{Reset}$,3.9306303301729475e-05,0.22022026251859034,8
7.821215282199927,$\hat{T}_{Reset}$,5.423023501613073e-05,0.15961657605148616,8
8.417379184342884,$\hat{T}_{Reset}$,0.0001573382886324629,0.05501549881454753,8
9.058985052394538,$\hat{T}_{Reset}$,1.719936935645693e-05,0.503276850002211,8
9.749496652373306,$\hat{T}_{Reset}$,9.766301288619063e-06,0.8863175705862488,8
10.492641772216333,$\hat{T}_{Reset}$,4.1248169612473445e-06,2.09852813180942,8
11.292432346572342,$\hat{T}_{Reset}$,9.964961661726346e-05,0.08686480415663347,8
12.153186115585632,$\hat{T}_{Reset}$,2.1367353959477523e-06,4.051060532884932,8
13.079549934598068,$\hat{T}_{Reset}$,8.537222953879143e-05,0.10139180478833655,8
14.076524860608592,$\hat{T}_{Reset}$,9.346903561477721e-05,0.09260868452111966,8
15.149493150921694,$\hat{T}_{Reset}$,0.00010170481263745149,0.08510948702691698,8
16.304247319739442,$\hat{T}_{Reset}$,1.751995017963258e-05,0.4940678679443442,8
17.54702140956167,$\hat{T}_{Reset}$,4.93305839754531e-07,17.547013909361883,8
18.88452464621569,$\hat{T}_{Reset}$,4.5836719520987945e-07,18.88451992682139,8
20.32397765920527,$\hat{T}_{Reset}$,2.5554185094073473e-06,3.3873294725996597,8
21.87315146291753,$\hat{T}_{Reset}$,2.730594771029735e-05,0.31700216097893996,8
23.540409409131357,$\hat{T}_{Reset}$,1.4708402248326367e-06,5.8851017844083975,8
25.33475233731158,$\hat{T}_{Reset}$,1.7083346572926927e-06,5.066948911204546,8
27.265867166436806,$\hat{T}_{Reset}$,4.444554500079685e-06,1.947561770608732,8
29.344179190688156,$\hat{T}_{Reset}$,2.949834234065217e-06,2.934417240053912,8
31.580908361321878,$\hat{T}_{Reset}$,1.397864611056506e-05,0.6192333909361909,8
33.98812985856841,$\hat{T}_{Reset}$,5.348248665038931e-06,1.6184820440990455,8
36.57883928056072,$\hat{T}_{Reset}$,2.3664079867216116e-07,36.57883374427823,8
39.36702280122011,$\hat{T}_{Reset}$,6.59641919980158e-07,13.122338301365948,8
42.36773267585289,$\hat{T}_{Reset}$,2.0430749667540626e-07,42.36772792285003,8
45.597168502081885,$\hat{T}_{Reset}$,1.3288612721986275e-06,6.513881179952366,8
49.07276467480673,$\hat{T}_{Reset}$,3.527840837932756e-07,24.53638026599428,8
52.81328450732654,$\hat{T}_{Reset}$,1.6389901329516017e-07,52.81327970018845,8
56.8389215267461,$\hat{T}_{Reset}$,1.3553880864433018e-05,0.6386395541115225,8
61.17140849051769,$\hat{T}_{Reset}$,2.2640761861636644e-06,3.823212524667434,8
65.83413471265413,$\hat{T}_{Reset}$,1.3148261904962259e-07,65.83413453663665,8
70.8522723330089,$\hat{T}_{Reset}$,4.886812862189189e-07,17.71306713771821,8
76.25291221129912,$\hat{T}_{Reset}$,1.135175700792205e-07,76.25290451250326,8
82.06521017950769,$\hat{T}_{Reset}$,1.2868272556763322e-05,0.672665611764086,8
88.32054444222037,$\hat{T}_{Reset}$,9.800715197390815e-08,88.32053842403916,8
95.0526849746383,$\hat{T}_{Reset}$,2.731972713785061e-07,31.684227254779298,8
102.29797583277549,$\hat{T}_{Reset}$,3.6384876516075303e-06,2.379022621642772,8
110.0955313600591,$\hat{T}_{Reset}$,1.1793455088439512e-06,7.339701865848671,8
118.4874473495718,$\hat{T}_{Reset}$,2.9221812183377097e-07,29.62186046992052,8
127.51902830191335,$\hat{T}_{Reset}$,6.78804183252964e-08,127.51902014305098,8
137.239032005553,$\hat{T}_{Reset}$,6.307275978960189e-08,137.2390309321652,8
147.6999327600634,$\hat{T}_{Reset}$,1.2307178020927242e-06,7.033329994108625,8
158.95820466326612,$\hat{T}_{Reset}$,5.4454847619544456e-08,158.9581976653158,8
171.07462649164432,$\hat{T}_{Reset}$,5.059806149718753e-08,171.07462569931343,8
184.11460981994108,$\hat{T}_{Reset}$,4.7014437475546614e-08,184.11460173791136,8
198.14855215133173,$\hat{T}_{Reset}$,9.610616690993904e-07,9.006752334482101,8
213.25221696456873,$\hat{T}_{Reset}$,4.0590642557989824e-08,213.2522149501758,8
229.50714272982336,$\hat{T}_{Reset}$,3.7715795639224275e-08,229.50714110721154,8
247.00108310132606,$\hat{T}_{Reset}$,3.504456161321051e-08,247.00107615211797,8
265.8284806632307,$\hat{T}_{Reset}$,9.768755326413841e-08,88.60949161391144,8
286.0909767862566,$\hat{T}_{Reset}$,3.025626511943388e-08,286.09097644977805,8
307.8979603476156,$\hat{T}_{Reset}$,2.8113354394359067e-08,307.89795875368867,8
331.36715827654194,$\hat{T}_{Reset}$,2.6122216289286408e-08,331.3671526137823,8
356.62527111352796,$\hat{T}_{Reset}$,2.4272100931162744e-08,356.6252652084508,8
383.8086570143992,$\hat{T}_{Reset}$,2.2553020403108628e-08,383.8086552056274,8
413.0640678918749,$\hat{T}_{Reset}$,2.0955694945853102e-08,413.06405987051903,8
444.5494416687491,$\hat{T}_{Reset}$,1.9471500256313093e-08,444.549434701916,8
478.43475491973123,$\hat{T}_{Reset}$,1.8092424171891202e-08,478.4347497882802,8
514.9029405050194,$\hat{T}_{Reset}$,1.681102179004298e-08,514.9029333165875,8
554.1508751495202,$\hat{T}_{Reset}$,2.3430562722921302e-07,36.943391134495855,8
596.390442299262,$\hat{T}_{Reset}$,1.4514056261155595e-08,596.3904422024759,8
641.8496759929147,$\hat{T}_{Reset}$,1.3486093187905957e-08,641.8496677380782,8
690.7739919237116,$\hat{T}_{Reset}$,4.2605181541931646e-07,20.316881934238435,8
743.4275123377766,$\hat{T}_{Reset}$,1.1643427665822728e-08,743.427509508263,8
800.0944919214219,$\hat{T}_{Reset}$,1.0818777758752355e-08,800.0944861575964,8
861.0808523752157,$\hat{T}_{Reset}$,2.3120828060192885e-07,37.438297664802526,8
926.7158339593304,$\hat{T}_{Reset}$,1.868111915259604e-08,463.35791560642673,8
997.35377292621,$\hat{T}_{Reset}$,8.679011113473731e-09,997.3537674475521,8
1073.3760144361563,$\hat{T}_{Reset}$,8.064316992430396e-09,1073.3760143440827,8
1155.1929712829099,$\hat{T}_{Reset}$,7.49315889579132e-09,1155.1929636249988,8
1243.246339543401,$\hat{T}_{Reset}$,6.9624532164918575e-09,1243.2463332376524,8
1338.011483113092,$\hat{T}_{Reset}$,6.469334957671206e-09,1338.0114785180565,8
1.0,$\hat{T}_{MLG}$,0.38400957127399893,2.2541220530063113e-05,8
1.0762239473831834,$\hat{T}_{MLG}$,0.38500762031496316,2.2482787287848872e-05,8
1.1582579849210413,$\hat{T}_{MLG}$,0.44990835582061,1.9239572503502437e-05,8
1.2465449806198148,$\hat{T}_{MLG}$,0.43930603568551746,1.9703905088020994e-05,8
1.3415615596333508,$\hat{T}_{MLG}$,0.6583757044165565,1.3147575728683773e-05,8
1.4438206773661448,$\hat{T}_{MLG}$,0.6482742982931553,1.335244117271461e-05,8
1.5538743887084543,$\hat{T}_{MLG}$,1.732902327001387,4.995113860064239e-06,8
1.6723168283534438,$\hat{T}_{MLG}$,0.5494051822139174,1.575530175536616e-05,8
1.7997874182858689,$\hat{T}_{MLG}$,0.8529119340521926,1.0148813829602843e-05,8
1.9369743197582066,$\hat{T}_{MLG}$,1.2500454477211078,6.924583780151817e-06,8
2.0846181483900335,$\hat{T}_{MLG}$,0.3729595007847925,2.3209073407509103e-05,8
2.2435159724469447,$\hat{T}_{MLG}$,0.8555762947326996,1.0117209283418183e-05,8
2.4145256158840724,$\hat{T}_{MLG}$,0.5619696370330537,1.5403046466072816e-05,8
2.5985702893845684,$\hat{T}_{MLG}$,0.5551456155821747,1.559238547289022e-05,8
2.796643574394121,$\hat{T}_{MLG}$,0.8201247823452033,1.0554545622910754e-05,8
3.009814787058257,$\hat{T}_{MLG}$,3.8873652621911234,2.2267123997664157e-06,8
3.239234751020113,$\hat{T}_{MLG}$,3.8135365211401973,2.2698207775794833e-06,8
3.486142010243649,$\hat{T}_{MLG}$,1.8318270569151314,4.725361162815947e-06,8
3.751869515402767,$\hat{T}_{MLG}$,1.3295321102738795,6.5105944902369305e-06,8
4.037851819933397,$\hat{T}_{MLG}$,0.6872629801404999,1.2594952269904905e-05,8
4.345632824597091,$\hat{T}_{MLG}$,0.600743786500516,1.4408878836959498e-05,8
4.676874112365815,$\hat{T}_{MLG}$,0.42730247795210446,2.0257416884702546e-05,8
5.03336391862456,$\hat{T}_{MLG}$,0.3568726927212224,2.4255272561591102e-05,8
5.417026785118212,$\hat{T}_{MLG}$,0.33130841153197144,2.6126847766154247e-05,8
5.829933949760359,$\hat{T}_{MLG}$,0.42421856776291367,2.040468072246161e-05,8
6.274314528394325,$\hat{T}_{MLG}$,1.0718775156605462,8.075591012288283e-06,8
6.752567548872198,$\hat{T}_{MLG}$,0.389018164439596,2.2251003225547963e-05,8
7.267274902418825,$\hat{T}_{MLG}$,0.4914362324122159,1.761376931703628e-05,8
7.821215282199927,$\hat{T}_{MLG}$,0.37460255707400214,2.3107275346313804e-05,8
8.417379184342884,$\hat{T}_{MLG}$,2.2724283643666823,3.809160529535376e-06,8
9.058985052394538,$\hat{T}_{MLG}$,1.9540629264210978,4.429767493514605e-06,8
9.749496652373306,$\hat{T}_{MLG}$,0.9184092384273769,9.425040678558761e-06,8
10.492641772216333,$\hat{T}_{MLG}$,0.4037535563685111,2.143893049412973e-05,8
11.292432346572342,$\hat{T}_{MLG}$,2.6493207886316648,3.267269282332895e-06,8
12.153186115585632,$\hat{T}_{MLG}$,0.7288648073106265,1.1876063084567587e-05,8
13.079549934598068,$\hat{T}_{MLG}$,1.258889214450408,6.875938194069889e-06,8
14.076524860608592,$\hat{T}_{MLG}$,1.8501115110573254,4.678660923954433e-06,8
15.149493150921694,$\hat{T}_{MLG}$,0.35926018257785136,2.409408237125316e-05,8
16.304247319739442,$\hat{T}_{MLG}$,0.3486414104425274,2.4827929707934466e-05,8
17.54702140956167,$\hat{T}_{MLG}$,0.30943389965369933,2.797380778715437e-05,8
18.88452464621569,$\hat{T}_{MLG}$,0.2984826333080773,2.90001610338512e-05,8
20.32397765920527,$\hat{T}_{MLG}$,0.3010699098997765,2.8750945036731566e-05,8
21.87315146291753,$\hat{T}_{MLG}$,0.2938580652299517,2.945654877625569e-05,8
23.540409409131357,$\hat{T}_{MLG}$,0.2794980458339554,3.0969964050784794e-05,8
25.33475233731158,$\hat{T}_{MLG}$,0.7655263421876319,1.1307311002526661e-05,8
27.265867166436806,$\hat{T}_{MLG}$,0.29133249379730675,2.9711908613134666e-05,8
29.344179190688156,$\hat{T}_{MLG}$,0.5515473241853074,1.5694110101119745e-05,8
31.580908361321878,$\hat{T}_{MLG}$,0.35075515068076,2.4678310254153626e-05,8
33.98812985856841,$\hat{T}_{MLG}$,0.30465586462029093,2.8412531767706805e-05,8
36.57883928056072,$\hat{T}_{MLG}$,0.3035618364405059,2.8514929719891418e-05,8
39.36702280122011,$\hat{T}_{MLG}$,0.28799037847131065,3.005671396971516e-05,8
42.36773267585289,$\hat{T}_{MLG}$,0.2776298592936314,3.117836263637354e-05,8
45.597168502081885,$\hat{T}_{MLG}$,0.3711177875944346,2.3324251008959205e-05,8
49.07276467480673,$\hat{T}_{MLG}$,0.2751641712424526,3.145774536218666e-05,8
52.81328450732654,$\hat{T}_{MLG}$,0.27855459912055064,3.1074857349585905e-05,8
56.8389215267461,$\hat{T}_{MLG}$,0.2856896769176648,3.029876516762226e-05,8
61.17140849051769,$\hat{T}_{MLG}$,0.3213582251759612,2.6935811047010055e-05,8
65.83413471265413,$\hat{T}_{MLG}$,0.29809763838532505,2.9037614919153703e-05,8
70.8522723330089,$\hat{T}_{MLG}$,0.2668733724742202,3.243502471412118e-05,8
76.25291221129912,$\hat{T}_{MLG}$,0.28812213265107,3.0042969459153256e-05,8
82.06521017950769,$\hat{T}_{MLG}$,0.30016034393390684,2.8838068074869337e-05,8
88.32054444222037,$\hat{T}_{MLG}$,0.2576227225396946,3.359969317306036e-05,8
95.0526849746383,$\hat{T}_{MLG}$,0.2620430470597781,3.303291016062546e-05,8
102.29797583277549,$\hat{T}_{MLG}$,0.340428813585216,2.5426885405442987e-05,8
110.0955313600591,$\hat{T}_{MLG}$,0.26337342072239,3.286605158561594e-05,8
118.4874473495718,$\hat{T}_{MLG}$,0.2558187347126272,3.3836632182025e-05,8
127.51902830191335,$\hat{T}_{MLG}$,0.25665434525277275,3.372646749158705e-05,8
137.239032005553,$\hat{T}_{MLG}$,0.2658008264184669,3.256590488591802e-05,8
147.6999327600634,$\hat{T}_{MLG}$,0.254534111245344,3.400740430974569e-05,8
158.95820466326612,$\hat{T}_{MLG}$,0.2575405045953357,3.3610419632217224e-05,8
171.07462649164432,$\hat{T}_{MLG}$,0.2507197331192597,3.452478320733049e-05,8
184.11460981994108,$\hat{T}_{MLG}$,0.25220677778344036,3.432122049937449e-05,8
198.14855215133173,$\hat{T}_{MLG}$,0.24869480280639616,3.480589193687636e-05,8
213.25221696456873,$\hat{T}_{MLG}$,0.2521095684057051,3.4334454207674246e-05,8
229.50714272982336,$\hat{T}_{MLG}$,0.3179360969137542,2.722573660483196e-05,8
247.00108310132606,$\hat{T}_{MLG}$,0.24400083433945102,3.5475470627694715e-05,8
265.8284806632307,$\hat{T}_{MLG}$,0.28850806471771095,3.0002781517430565e-05,8
286.0909767862566,$\hat{T}_{MLG}$,0.2394716428728372,3.614642772688823e-05,8
307.8979603476156,$\hat{T}_{MLG}$,0.24255165622737224,3.56874266140977e-05,8
331.36715827654194,$\hat{T}_{MLG}$,0.24719749010201797,3.5016716505373355e-05,8
356.62527111352796,$\hat{T}_{MLG}$,0.240715662901635,3.5959622765716606e-05,8
383.8086570143992,$\hat{T}_{MLG}$,0.2456871450207475,3.523197939807239e-05,8
413.0640678918749,$\hat{T}_{MLG}$,0.23838048147322727,3.631188417040918e-05,8
444.5494416687491,$\hat{T}_{MLG}$,0.2422705227445913,3.572883871170598e-05,8
478.43475491973123,$\hat{T}_{MLG}$,0.24536760504775376,3.527786168046735e-05,8
514.9029405050194,$\hat{T}_{MLG}$,0.2401251981532622,3.604804701178173e-05,8
554.1508751495202,$\hat{T}_{MLG}$,0.384638127673105,2.2504384794371635e-05,8
596.390442299262,$\hat{T}_{MLG}$,0.2456787585452486,3.523318207482698e-05,8
641.8496759929147,$\hat{T}_{MLG}$,0.24880167102971,3.479094170034156e-05,8
690.7739919237116,$\hat{T}_{MLG}$,0.24127768010284137,3.58758606600191e-05,8
743.4275123377766,$\hat{T}_{MLG}$,0.3147846728393018,2.7498303375657454e-05,8
800.0944919214219,$\hat{T}_{MLG}$,0.25119740336764534,3.4459131805090595e-05,8
861.0808523752157,$\hat{T}_{MLG}$,0.24344963351517226,3.55557915892395e-05,8
926.7158339593304,$\hat{T}_{MLG}$,0.24250379139700276,3.569447051477804e-05,8
997.35377292621,$\hat{T}_{MLG}$,0.24718775691749298,3.501809531218586e-05,8
1073.3760144361563,$\hat{T}_{MLG}$,0.2717186163642395,3.185664842389286e-05,8
1155.1929712829099,$\hat{T}_{MLG}$,0.2437872026486908,3.5506557923042335e-05,8
1243.246339543401,$\hat{T}_{MLG}$,0.2625186270941249,3.297306757831936e-05,8
1338.011483113092,$\hat{T}_{MLG}$,0.24494055046864704,3.5339368737354874e-05,8
1.0,$\hat{T}_{MLD}$,0.3009539052594221,2.8762027275508163e-05,8
1.0762239473831834,$\hat{T}_{MLD}$,0.29573047592735574,2.9270045316088765e-05,8
1.1582579849210413,$\hat{T}_{MLD}$,0.2896939100359468,2.9879966861119412e-05,8
1.2465449806198148,$\hat{T}_{MLD}$,0.282743381041331,3.061449007174768e-05,8
1.3415615596333508,$\hat{T}_{MLD}$,0.2939112429912572,2.945121916278543e-05,8
1.4438206773661448,$\hat{T}_{MLD}$,0.2865580726323299,3.020694671843494e-05,8
1.5538743887084543,$\hat{T}_{MLD}$,0.2829594709129701,3.0591110464736986e-05,8
1.6723168283534438,$\hat{T}_{MLD}$,0.28929752503157413,2.9920907310898953e-05,8
1.7997874182858689,$\hat{T}_{MLD}$,0.2831932667586884,3.0565855363779165e-05,8
1.9369743197582066,$\hat{T}_{MLD}$,0.2826625732154748,3.062324216918405e-05,8
2.0846181483900335,$\hat{T}_{MLD}$,0.28099506140482006,3.080496998227214e-05,8
2.2435159724469447,$\hat{T}_{MLD}$,0.27275576685289216,3.17355139054154e-05,8
2.4145256158840724,$\hat{T}_{MLD}$,0.2749127309098731,3.148651720527261e-05,8
2.5985702893845684,$\hat{T}_{MLD}$,0.2737503736783899,3.16202104692342e-05,8
2.796643574394121,$\hat{T}_{MLD}$,0.2777800586532956,3.116150408242958e-05,8
3.009814787058257,$\hat{T}_{MLD}$,0.27139389003543163,3.1894765319190186e-05,8
3.239234751020113,$\hat{T}_{MLD}$,0.2682332458740407,3.227058750132331e-05,8
3.486142010243649,$\hat{T}_{MLD}$,0.25353983332671204,3.414076722448579e-05,8
3.751869515402767,$\hat{T}_{MLD}$,0.25417014908441554,3.405610164263363e-05,8
4.037851819933397,$\hat{T}_{MLD}$,0.24105421910619387,3.5909118138807064e-05,8
4.345632824597091,$\hat{T}_{MLD}$,0.2515558925491102,3.441002452388316e-05,8
4.676874112365815,$\hat{T}_{MLD}$,0.2518896102801957,3.436443615960751e-05,8
5.03336391862456,$\hat{T}_{MLD}$,0.2459543958313628,3.5193696792787416e-05,8
5.417026785118212,$\hat{T}_{MLD}$,0.24609362655319203,3.5173785493673615e-05,8
5.829933949760359,$\hat{T}_{MLD}$,0.24471365385814614,3.537213512720411e-05,8
6.274314528394325,$\hat{T}_{MLD}$,0.24657366382836654,3.510530807445618e-05,8
6.752567548872198,$\hat{T}_{MLD}$,0.23893250911552136,3.6227989501240674e-05,8
7.267274902418825,$\hat{T}_{MLD}$,0.2446643110057649,3.5379268828211897e-05,8
7.821215282199927,$\hat{T}_{MLD}$,0.2378574887073836,3.6391725477228995e-05,8
8.417379184342884,$\hat{T}_{MLD}$,0.24355130817326134,3.554094821607087e-05,8
9.058985052394538,$\hat{T}_{MLD}$,0.23611541601452393,3.666022565510821e-05,8
9.749496652373306,$\hat{T}_{MLD}$,0.2402891677823926,3.6023448379417454e-05,8
10.492641772216333,$\hat{T}_{MLD}$,0.2452691721805845,3.529201959946686e-05,8
11.292432346572342,$\hat{T}_{MLD}$,0.24075707974652205,3.5953436720762695e-05,8
12.153186115585632,$\hat{T}_{MLD}$,0.24415663883117728,3.545283254709057e-05,8
13.079549934598068,$\hat{T}_{MLD}$,0.2364306779759502,3.6611342089128955e-05,8
14.076524860608592,$\hat{T}_{MLD}$,0.24762398238108677,3.495640587195135e-05,8
15.149493150921694,$\hat{T}_{MLD}$,0.23685597092670796,3.6545603633613705e-05,8
16.304247319739442,$\hat{T}_{MLD}$,0.24142645753402986,3.5853752402104064e-05,8
17.54702140956167,$\hat{T}_{MLD}$,0.23287022481427033,3.717110866640841e-05,8
18.88452464621569,$\hat{T}_{MLD}$,0.22707946114673389,3.8119010799258716e-05,8
20.32397765920527,$\hat{T}_{MLD}$,0.2335309807828269,3.7065936188534754e-05,8
21.87315146291753,$\hat{T}_{MLD}$,0.22796833484294332,3.7970380569326436e-05,8
23.540409409131357,$\hat{T}_{MLD}$,0.23371930251506323,3.703606992915922e-05,8
25.33475233731158,$\hat{T}_{MLD}$,0.23409105178064846,3.6977254644714984e-05,8
27.265867166436806,$\hat{T}_{MLD}$,0.2390001888062625,3.621773051718772e-05,8
29.344179190688156,$\hat{T}_{MLD}$,0.23576061521388805,3.6715396351885215e-05,8
31.580908361321878,$\hat{T}_{MLD}$,0.24010688090741697,3.605079704100563e-05,8
33.98812985856841,$\hat{T}_{MLD}$,0.23198344503566645,3.731319892422224e-05,8
36.57883928056072,$\hat{T}_{MLD}$,0.2371018388187459,3.6507706877631476e-05,8
39.36702280122011,$\hat{T}_{MLD}$,0.23175102434188624,3.735061994363631e-05,8
42.36773267585289,$\hat{T}_{MLD}$,0.23565131545036627,3.673242568240773e-05,8
45.597168502081885,$\hat{T}_{MLD}$,0.22862648779706696,3.7861074257613854e-05,8
49.07276467480673,$\hat{T}_{MLD}$,0.23487956437321736,3.68531185539325e-05,8
52.81328450732654,$\hat{T}_{MLD}$,0.24057307841256595,3.598093555962106e-05,8
56.8389215267461,$\hat{T}_{MLD}$,0.23473802305347613,3.687534008825766e-05,8
61.17140849051769,$\hat{T}_{MLD}$,0.24099507278410617,3.591793114997276e-05,8
65.83413471265413,$\hat{T}_{MLD}$,0.2324057153527521,3.7245402586609394e-05,8
70.8522723330089,$\hat{T}_{MLD}$,0.24100830200601223,3.591595957356799e-05,8
76.25291221129912,$\hat{T}_{MLD}$,0.23419841719977355,3.696030287155403e-05,8
82.06521017950769,$\hat{T}_{MLD}$,0.2398473426999239,3.608980751799235e-05,8
88.32054444222037,$\hat{T}_{MLD}$,0.23197165402573686,3.731509553655132e-05,8
95.0526849746383,$\hat{T}_{MLD}$,0.23997238025362908,3.607100293206053e-05,8
102.29797583277549,$\hat{T}_{MLD}$,0.23200374024252804,3.730993484283268e-05,8
110.0955313600591,$\hat{T}_{MLD}$,0.23715865906135575,3.649896008858263e-05,8
118.4874473495718,$\hat{T}_{MLD}$,0.23068021108251835,3.7524000828340585e-05,8
127.51902830191335,$\hat{T}_{MLD}$,0.23514597044187913,3.681136621425417e-05,8
137.239032005553,$\hat{T}_{MLD}$,0.2292740383386509,3.775414126459763e-05,8
147.6999327600634,$\hat{T}_{MLD}$,0.23432911068372647,3.6939688826904844e-05,8
158.95820466326612,$\hat{T}_{MLD}$,0.24150784453805355,3.584166985672507e-05,8
171.07462649164432,$\hat{T}_{MLD}$,0.2338153890472805,3.702084994068476e-05,8
184.11460981994108,$\hat{T}_{MLD}$,0.2372769860838205,3.64807585202737e-05,8
198.14855215133173,$\hat{T}_{MLD}$,0.23063473840386264,3.753139917970496e-05,8
213.25221696456873,$\hat{T}_{MLD}$,0.2337454995375508,3.7031919112314806e-05,8
229.50714272982336,$\hat{T}_{MLD}$,0.23858981839459698,3.628002439494803e-05,8
247.00108310132606,$\hat{T}_{MLD}$,0.23247137168983964,3.723488345606264e-05,8
265.8284806632307,$\hat{T}_{MLD}$,0.2359506318464159,3.668582857356601e-05,8
286.0909767862566,$\hat{T}_{MLD}$,0.22975642820799463,3.767487377504854e-05,8
307.8979603476156,$\hat{T}_{MLD}$,0.2329741219353773,3.7154531841709125e-05,8
331.36715827654194,$\hat{T}_{MLD}$,0.2367602407461069,3.656038025837551e-05,8
356.62527111352796,$\hat{T}_{MLD}$,0.2297833439265196,3.7670460721079245e-05,8
383.8086570143992,$\hat{T}_{MLD}$,0.2340704998618515,3.698050133122713e-05,8
413.0640678918749,$\hat{T}_{MLD}$,0.2286619613509508,3.785520066652838e-05,8
444.5494416687491,$\hat{T}_{MLD}$,0.23335587136297445,3.709375033584698e-05,8
478.43475491973123,$\hat{T}_{MLD}$,0.237238584755128,3.648666358668748e-05,8
514.9029405050194,$\hat{T}_{MLD}$,0.23006982543885507,3.762355369823449e-05,8
554.1508751495202,$\hat{T}_{MLD}$,0.23396135803760226,3.69977525534409e-05,8
596.390442299262,$\hat{T}_{MLD}$,0.23745393436182063,3.645357342680431e-05,8
641.8496759929147,$\hat{T}_{MLD}$,0.2419307178915103,3.577902180914395e-05,8
690.7739919237116,$\hat{T}_{MLD}$,0.2340912713687917,3.6977219958386684e-05,8
743.4275123377766,$\hat{T}_{MLD}$,0.23542784767908412,3.676729204754658e-05,8
800.0944919214219,$\hat{T}_{MLD}$,0.24080079375651148,3.5946909878108036e-05,8
861.0808523752157,$\hat{T}_{MLD}$,0.23247250565873218,3.723470182942496e-05,8
926.7158339593304,$\hat{T}_{MLD}$,0.23466241780361283,3.6887220854369516e-05,8
997.35377292621,$\hat{T}_{MLD}$,0.23753031518822607,3.6441851326989114e-05,8
1073.3760144361563,$\hat{T}_{MLD}$,0.24021746382314332,3.603420123573983e-05,8
1155.1929712829099,$\hat{T}_{MLD}$,0.23422450405578465,3.6956186401746465e-05,8
1243.246339543401,$\hat{T}_{MLD}$,0.2366925613966322,3.6570834252949034e-05,8
1338.011483113092,$\hat{T}_{MLD}$,0.23682585456139932,3.655025101787625e-05,8
1.0,$\hat{T}_{emp}$,0.0008319607381760732,0.010101007086229517,9
1.0762239473831834,$\hat{T}_{emp}$,0.001389908328518108,0.006046183866486394,9
1.1582579849210413,$\hat{T}_{emp}$,0.0030182546362132515,0.002784271814231218,9
1.2465449806198148,$\hat{T}_{emp}$,0.0046584374346908645,0.001803961398987625,9
1.3415615596333508,$\hat{T}_{emp}$,0.00979077925331997,0.000858322008325502,9
1.4438206773661448,$\hat{T}_{emp}$,0.014545306388526727,0.0005777562250878406,9
1.5538743887084543,$\hat{T}_{emp}$,0.02016181369791892,0.0004168097889253222,9
1.6723168283534438,$\hat{T}_{emp}$,0.032532826798124616,0.0002583126687369722,9
1.7997874182858689,$\hat{T}_{emp}$,0.03607932127732097,0.00023292126942154213,9
1.9369743197582066,$\hat{T}_{emp}$,0.03755011019905246,0.0002237980465898423,9
2.0846181483900335,$\hat{T}_{emp}$,0.05240243327246121,0.00016036738729454343,9
2.2435159724469447,$\hat{T}_{emp}$,0.04820784435646086,0.00017432103476028982,9
2.4145256158840724,$\hat{T}_{emp}$,0.05977349139281214,0.00014059144138921432,9
2.5985702893845684,$\hat{T}_{emp}$,0.057076052894550464,0.00014723585261418141,9
2.796643574394121,$\hat{T}_{emp}$,0.028411395809356678,0.00029578417646815145,9
3.009814787058257,$\hat{T}_{emp}$,0.017199209283105685,0.0004886062593607675,9
3.239234751020113,$\hat{T}_{emp}$,0.015965505790544187,0.0005263623603305095,9
3.486142010243649,$\hat{T}_{emp}$,0.01827705821804709,0.0004597917898780533,9
3.751869515402767,$\hat{T}_{emp}$,0.018030851795357673,0.0004660701228737793,9
4.037851819933397,$\hat{T}_{emp}$,0.008314463628644212,0.0010107256086646186,9
4.345632824597091,$\hat{T}_{emp}$,0.008226441802855469,0.0010215402373434743,9
4.676874112365815,$\hat{T}_{emp}$,0.010299553123017849,0.0008159229057230129,9
5.03336391862456,$\hat{T}_{emp}$,0.011306452959345521,0.0007432606266525964,9
5.417026785118212,$\hat{T}_{emp}$,0.011621088296070146,0.0007231372051981637,9
5.829933949760359,$\hat{T}_{emp}$,0.011576399769942299,0.0007259287411273585,9
6.274314528394325,$\hat{T}_{emp}$,0.011210552116343298,0.0007496188612807045,9
6.752567548872198,$\hat{T}_{emp}$,0.012580768809549885,0.000667975180133838,9
7.267274902418825,$\hat{T}_{emp}$,0.0142557147746931,0.0005894928065409594,9
7.821215282199927,$\hat{T}_{emp}$,0.01380154358096601,0.0006088914085936654,9
8.417379184342884,$\hat{T}_{emp}$,0.01735763762012871,0.0004841466042611702,9
9.058985052394538,$\hat{T}_{emp}$,0.0202684086854802,0.000414617715785523,9
9.749496652373306,$\hat{T}_{emp}$,0.022104019218187977,0.0003801861203987028,9
10.492641772216333,$\hat{T}_{emp}$,0.02094455950830622,0.00040123265941441875,9
11.292432346572342,$\hat{T}_{emp}$,0.039879323149921785,0.00021072677889212715,9
12.153186115585632,$\hat{T}_{emp}$,0.049625219543901866,0.00016934214879083445,9
13.079549934598068,$\hat{T}_{emp}$,0.07159213422649757,0.00011738218733910732,9
14.076524860608592,$\hat{T}_{emp}$,0.09537566042804692,8.811096325902886e-05,9
15.149493150921694,$\hat{T}_{emp}$,0.10307983063455461,8.15255638280431e-05,9
16.304247319739442,$\hat{T}_{emp}$,0.1146922387044234,7.327122921925445e-05,9
17.54702140956167,$\hat{T}_{emp}$,0.1187279845787287,7.078062801789403e-05,9
18.88452464621569,$\hat{T}_{emp}$,0.13561200845681015,6.19682682043431e-05,9
20.32397765920527,$\hat{T}_{emp}$,0.09424049565179998,8.91722953456341e-05,9
21.87315146291753,$\hat{T}_{emp}$,0.051348576811747884,0.00016365869968685502,9
23.540409409131357,$\hat{T}_{emp}$,0.035969748841127865,0.00023363080317570967,9
25.33475233731158,$\hat{T}_{emp}$,0.03760761725325775,0.00022345582957807015,9
27.265867166436806,$\hat{T}_{emp}$,0.04042403676341411,0.0002078872370160467,9
29.344179190688156,$\hat{T}_{emp}$,0.03882508935117302,0.00021644873076196426,9
31.580908361321878,$\hat{T}_{emp}$,0.03889566849618494,0.00021605596809849204,9
33.98812985856841,$\hat{T}_{emp}$,0.0425407447041033,0.00019754335214942006,9
36.57883928056072,$\hat{T}_{emp}$,0.028160219227630623,0.0002984224392520232,9
39.36702280122011,$\hat{T}_{emp}$,0.024426413896496097,0.0003440390942113175,9
42.36773267585289,$\hat{T}_{emp}$,0.0172431644607497,0.0004873607353748965,9
45.597168502081885,$\hat{T}_{emp}$,0.01612272437918849,0.0005212296082310276,9
49.07276467480673,$\hat{T}_{emp}$,0.010167029028691675,0.0008265582096860269,9
52.81328450732654,$\hat{T}_{emp}$,0.008496840914041705,0.00098903126430125,9
56.8389215267461,$\hat{T}_{emp}$,0.011837028945801988,0.0007099451517993975,9
61.17140849051769,$\hat{T}_{emp}$,0.013279975491660776,0.0006328054834934267,9
65.83413471265413,$\hat{T}_{emp}$,0.015944215478144563,0.0005270652120388423,9
70.8522723330089,$\hat{T}_{emp}$,0.019545401872748155,0.0004299549002109964,9
76.25291221129912,$\hat{T}_{emp}$,0.020524049807610797,0.0004094533676616293,9
82.06521017950769,$\hat{T}_{emp}$,0.02306461750701505,0.0003643520777756365,9
88.32054444222037,$\hat{T}_{emp}$,0.02252736828143349,0.0003730414137503728,9
95.0526849746383,$\hat{T}_{emp}$,0.023679653205069946,0.0003548886987070397,9
102.29797583277549,$\hat{T}_{emp}$,0.02533119670143554,0.00033175066345385155,9
110.0955313600591,$\hat{T}_{emp}$,0.024675421922304607,0.00034056727938601265,9
118.4874473495718,$\hat{T}_{emp}$,0.030274116822000385,0.0002775850196123402,9
127.51902830191335,$\hat{T}_{emp}$,0.033303967811803385,0.00025233153476694417,9
137.239032005553,$\hat{T}_{emp}$,0.034877012289586,0.0002409507225563159,9
147.6999327600634,$\hat{T}_{emp}$,0.034462171818304195,0.00024385118140806655,9
158.95820466326612,$\hat{T}_{emp}$,0.03551741660602823,0.00023660620942669963,9
171.07462649164432,$\hat{T}_{emp}$,0.02614160826227494,0.0003214661174426894,9
184.11460981994108,$\hat{T}_{emp}$,0.028540673957825738,0.00029444438923198626,9
198.14855215133173,$\hat{T}_{emp}$,0.025902319752768705,0.00032443585717387293,9
213.25221696456873,$\hat{T}_{emp}$,0.029620902572839208,0.00028370645665223404,9
229.50714272982336,$\hat{T}_{emp}$,0.027119628977050534,0.00030987301923977926,9
247.00108310132606,$\hat{T}_{emp}$,0.025148824606189904,0.0003341564245397321,9
265.8284806632307,$\hat{T}_{emp}$,0.02376025190519824,0.0003536848576063588,9
286.0909767862566,$\hat{T}_{emp}$,0.030351849029770332,0.00027687411411207995,9
307.8979603476156,$\hat{T}_{emp}$,0.03091815426753332,0.0002718028132942525,9
331.36715827654194,$\hat{T}_{emp}$,0.023099015205606054,0.0003638095060321758,9
356.62527111352796,$\hat{T}_{emp}$,0.02036810195293526,0.00041258833695940924,9
383.8086570143992,$\hat{T}_{emp}$,0.020229482111770378,0.0004154155437766574,9
413.0640678918749,$\hat{T}_{emp}$,0.01965211228469416,0.0004276202573056914,9
444.5494416687491,$\hat{T}_{emp}$,0.023082925301109437,0.00036406309868261587,9
478.43475491973123,$\hat{T}_{emp}$,0.024420254543332073,0.00034412586883030103,9
514.9029405050194,$\hat{T}_{emp}$,0.024575100346967707,0.000341957558387678,9
554.1508751495202,$\hat{T}_{emp}$,0.020458857351950754,0.00041075809695598507,9
596.390442299262,$\hat{T}_{emp}$,0.021870319816095395,0.00038424867045595834,9
641.8496759929147,$\hat{T}_{emp}$,0.021781186376114682,0.00038582110114060246,9
690.7739919237116,$\hat{T}_{emp}$,0.016413520756352305,0.0005119950458239684,9
743.4275123377766,$\hat{T}_{emp}$,0.012527891562357719,0.0006707945443135452,9
800.0944919214219,$\hat{T}_{emp}$,0.013586390027937966,0.0006185337896601437,9
861.0808523752157,$\hat{T}_{emp}$,0.014995187585967596,0.0005604225531426716,9
926.7158339593304,$\hat{T}_{emp}$,0.016538332037639183,0.0005081311278946157,9
997.35377292621,$\hat{T}_{emp}$,0.015714964796766706,0.0005347540653422444,9
1073.3760144361563,$\hat{T}_{emp}$,0.013315496922393135,0.0006311173635321531,9
1155.1929712829099,$\hat{T}_{emp}$,0.013877281050183378,0.0006055682868561783,9
1243.246339543401,$\hat{T}_{emp}$,0.015110342518423766,0.0005561516095042087,9
1338.011483113092,$\hat{T}_{emp}$,0.019031565771925836,0.0004415633170959468,9
1.0,$\hat{T}_{GT}$,8.403643819960336e-06,0.9999997015367221,9
1.0762239473831834,$\hat{T}_{GT}$,7.808473755719707e-06,1.0762207282345782,9
1.1582579849210413,$\hat{T}_{GT}$,7.255419798589546e-06,1.1582570747201868,9
1.2465449806198148,$\hat{T}_{GT}$,6.7415881833442325e-06,1.246537326700449,9
1.3415615596333508,$\hat{T}_{GT}$,6.2640942119769485e-06,1.3415572990127596,9
1.4438206773661448,$\hat{T}_{GT}$,5.820450735704973e-06,1.443812806494514,9
1.5538743887084543,$\hat{T}_{GT}$,5.408211828840912e-06,1.5538668931136013,9
1.6723168283534438,$\hat{T}_{GT}$,5.025150880155177e-06,1.672316217403158,9
1.7997874182858689,$\hat{T}_{GT}$,4.669253433068586e-06,1.7997826488202564,9
1.9369743197582066,$\hat{T}_{GT}$,4.338545372507506e-06,1.9369720932350851,9
2.0846181483900335,$\hat{T}_{GT}$,4.031266502997246e-06,2.08461566744177,9
2.2435159724469447,$\hat{T}_{GT}$,3.7457532522502614e-06,2.24351171736493,9
2.4145256158840724,$\hat{T}_{GT}$,6.960928309399341e-06,1.2072587072091834,9
2.5985702893845684,$\hat{T}_{GT}$,3.233953929092326e-06,2.598565562787688,9
2.796643574394121,$\hat{T}_{GT}$,3.004907013152478e-06,2.7966393885063723,9
3.009814787058257,$\hat{T}_{GT}$,2.7920794290755983e-06,3.0098145576623274,9
3.239234751020113,$\hat{T}_{GT}$,2.5943298327176123e-06,3.2392339654739555,9
3.486142010243649,$\hat{T}_{GT}$,2.4105853624435622e-06,3.4861413508554007,9
3.751869515402767,$\hat{T}_{GT}$,2.2398573658829405e-06,3.751864489133924,9
4.037851819933397,$\hat{T}_{GT}$,2.081217428947237e-06,4.037848806615151,9
4.345632824597091,$\hat{T}_{GT}$,7.735253223183327e-06,1.086408042414785,9
4.676874112365815,$\hat{T}_{GT}$,1.796851556702346e-06,4.67687009560431,9
5.03336391862456,$\hat{T}_{GT}$,1.6695884464479505e-06,5.033360963691383,9
5.417026785118212,$\hat{T}_{GT}$,1.551340047533059e-06,5.417020804139444,9
5.829933949760359,$\hat{T}_{GT}$,1.4414642970915576e-06,5.829933719993816,9
6.274314528394325,$\hat{T}_{GT}$,1.3393730127052923e-06,6.274309868919497,9
6.752567548872198,$\hat{T}_{GT}$,1.2445117033880587e-06,6.752561095972968,9
7.267274902418825,$\hat{T}_{GT}$,1.156368816895936e-06,7.267267319036947,9
7.821215282199927,$\hat{T}_{GT}$,1.0744681651199698e-06,7.821210143385632,9
8.417379184342884,$\hat{T}_{GT}$,9.98368665600409e-07,8.417372861684706,9
9.058985052394538,$\hat{T}_{GT}$,9.27658413908197e-07,9.058982472197894,9
9.749496652373306,$\hat{T}_{GT}$,8.619567625248782e-07,9.749492871504335,9
10.492641772216333,$\hat{T}_{GT}$,8.009085506598685e-07,10.492635276346464,9
11.292432346572342,$\hat{T}_{GT}$,7.441838312667348e-07,11.29242662727131,9
12.153186115585632,$\hat{T}_{GT}$,6.914768562696206e-07,12.153177992271816,9
13.079549934598068,$\hat{T}_{GT}$,6.425025732228058e-07,13.07954498863471,9
14.076524860608592,$\hat{T}_{GT}$,5.969971045640429e-07,14.07651937929919,9
15.149493150921694,$\hat{T}_{GT}$,5.547145466678574e-07,15.149487898346113,9
16.304247319739442,$\hat{T}_{GT}$,5.154267217829641e-07,16.304240654639283,9
17.54702140956167,$\hat{T}_{GT}$,4.789214688521449e-07,17.547013150032058,9
18.88452464621569,$\hat{T}_{GT}$,4.4500158643065565e-07,18.884519893932538,9
20.32397765920527,$\hat{T}_{GT}$,4.134842164804885e-07,20.323971210586237,9
21.87315146291753,$\hat{T}_{GT}$,3.841989720372304e-07,21.873148871847864,9
23.540409409131357,$\hat{T}_{GT}$,3.5698794987175206e-07,23.54040609718133,9
25.33475233731158,$\hat{T}_{GT}$,3.317041132968569e-07,25.334751590072862,9
27.265867166436806,$\hat{T}_{GT}$,3.082110505990082e-07,27.265866345313636,9
29.344179190688156,$\hat{T}_{GT}$,2.8638196480938416e-07,29.344170878130257,9
31.580908361321878,$\hat{T}_{GT}$,2.660988472065741e-07,31.580900856956585,9
33.98812985856841,$\hat{T}_{GT}$,2.472522853528735e-07,33.98812391071632,9
36.57883928056072,$\hat{T}_{GT}$,2.2974055858200452e-07,36.578832068877496,9
39.36702280122011,$\hat{T}_{GT}$,2.1346908828846675e-07,39.36701739422421,9
42.36773267585289,$\hat{T}_{GT}$,1.983500449857902e-07,42.36773080834588,9
45.597168502081885,$\hat{T}_{GT}$,1.8430183332405681e-07,45.5971661280503,9
49.07276467480673,$\hat{T}_{GT}$,1.7124859404904285e-07,49.07276090905941,9
52.81328450732654,$\hat{T}_{GT}$,1.5911985082195746e-07,52.813280482422435,9
56.8389215267461,$\hat{T}_{GT}$,1.4785012610137256e-07,56.838918798211566,9
61.17140849051769,$\hat{T}_{GT}$,1.3737858309103185e-07,61.17140767285909,9
65.83413471265413,$\hat{T}_{GT}$,1.2764869445383018e-07,65.83413444013566,9
70.8522723330089,$\hat{T}_{GT}$,1.1860793660263459e-07,70.8522680057701,9
76.25291221129912,$\hat{T}_{GT}$,1.1020748322035964e-07,76.25291011299288,9
82.06521017950769,$\hat{T}_{GT}$,1.0240200281933194e-07,82.06520458987328,9
88.32054444222037,$\hat{T}_{GT}$,9.514934355516388e-08,88.32053903671077,9
95.0526849746383,$\hat{T}_{GT}$,8.841035702577657e-08,95.0526792842961,9
102.29797583277549,$\hat{T}_{GT}$,8.214866065234416e-08,102.29797108130275,9
110.0955313600591,$\hat{T}_{GT}$,7.633045315634439e-08,110.09552497439572,9
118.4874473495718,$\hat{T}_{GT}$,7.092431977903387e-08,118.48744320654701,9
127.51902830191335,$\hat{T}_{GT}$,6.590108063274e-08,127.51902140442719,9
137.239032005553,$\hat{T}_{GT}$,6.123361235449362e-08,137.2390258985685,9
147.6999327600634,$\hat{T}_{GT}$,5.689671868657794e-08,147.69992902532167,9
158.95820466326612,$\hat{T}_{GT}$,5.286698729437121e-08,158.9582032543019,9
171.07462649164432,$\hat{T}_{GT}$,4.9122664303277044e-08,171.074623719476,9
184.11460981994108,$\hat{T}_{GT}$,4.5643534584197444e-08,184.11460436481482,9
198.14855215133173,$\hat{T}_{GT}$,4.2410813875393296e-08,198.14855089722855,9
213.25221696456873,$\hat{T}_{GT}$,3.940705310589054e-08,213.2522137395015,9
229.50714272982336,$\hat{T}_{GT}$,3.661603401483096e-08,229.50714182692326,9
247.00108310132606,$\hat{T}_{GT}$,3.402269088932558e-08,247.0010775784301,9
265.8284806632307,$\hat{T}_{GT}$,3.161302121375982e-08,265.82847792236646,9
286.0909767862566,$\hat{T}_{GT}$,2.9374017365684076e-08,286.09097649675704,9
307.8979603476156,$\hat{T}_{GT}$,2.729359247980738e-08,307.8979550969159,9
331.36715827654194,$\hat{T}_{GT}$,2.536051364981462e-08,331.3671571412625,9
356.62527111352796,$\hat{T}_{GT}$,2.356434632397258e-08,356.62526752257196,9
383.8086570143992,$\hat{T}_{GT}$,2.1895393095436676e-08,383.8086521284104,9
413.0640678918749,$\hat{T}_{GT}$,2.0344643965272017e-08,413.0640637470057,9
444.5494416687491,$\hat{T}_{GT}$,1.8903727117440027e-08,444.5494404131713,9
478.43475491973123,$\hat{T}_{GT}$,1.756486383656077e-08,478.4347541760792,9
514.9029405050194,$\hat{T}_{GT}$,1.632082618372341e-08,514.9029354998045,9
554.1508751495202,$\hat{T}_{GT}$,1.5164897714205582e-08,554.1508732966407,9
596.390442299262,$\hat{T}_{GT}$,1.4090838393329915e-08,596.3904401713406,9
641.8496759929147,$\hat{T}_{GT}$,1.3092849803566666e-08,641.8496689308994,9
690.7739919237116,$\hat{T}_{GT}$,1.2165543953222218e-08,690.7739879198275,9
743.4275123377766,$\hat{T}_{GT}$,1.1303914954950621e-08,743.4275067772717,9
800.0944919214219,$\hat{T}_{GT}$,1.0503311105806239e-08,800.0944870742442,9
861.0808523752157,$\hat{T}_{GT}$,9.75941033330465e-09,861.0808465654178,9
926.7158339593304,$\hat{T}_{GT}$,9.068196556062176e-09,926.7158315137468,9
997.35377292621,$\hat{T}_{GT}$,8.425938327658857e-09,997.35376464786,9
1073.3760144361563,$\hat{T}_{GT}$,7.829168176717479e-09,1073.376011614127,9
1155.1929712829099,$\hat{T}_{GT}$,7.274664555578412e-09,1155.1929642360092,9
1243.246339543401,$\hat{T}_{GT}$,6.759433812249358e-09,1243.2463347081357,9
1338.011483113092,$\hat{T}_{GT}$,6.280694499853254e-09,1338.0114750013079,9
1.0,$\hat{T}_{Reset}$,8.403643819960336e-06,0.9999997015367221,9
1.0762239473831834,$\hat{T}_{Reset}$,7.808473755719707e-06,1.0762207282345782,9
1.1582579849210413,$\hat{T}_{Reset}$,7.255419798589546e-06,1.1582570747201868,9
1.2465449806198148,$\hat{T}_{Reset}$,7.415747001678656e-05,0.11332157515458625,9
1.3415615596333508,$\hat{T}_{Reset}$,6.890503633174643e-05,0.12195975445570542,9
1.4438206773661448,$\hat{T}_{Reset}$,5.820450735704973e-06,1.443812806494514,9
1.5538743887084543,$\hat{T}_{Reset}$,5.408211828840912e-06,1.5538668931136013,9
1.6723168283534438,$\hat{T}_{Reset}$,5.025150880155177e-06,1.672316217403158,9
1.7997874182858689,$\hat{T}_{Reset}$,8.404656179523456e-05,0.09998792493445867,9
1.9369743197582066,$\hat{T}_{Reset}$,5.206254447009007e-05,0.16141434110292374,9
2.0846181483900335,$\hat{T}_{Reset}$,5.643773104196145e-05,0.1489011191029836,9
2.2435159724469447,$\hat{T}_{Reset}$,0.0009776415988373183,0.008595830334731531,9
2.4145256158840724,$\hat{T}_{Reset}$,0.00018098413604438287,0.04643302720035321,9
2.5985702893845684,$\hat{T}_{Reset}$,0.00020697305146190887,0.04060258691855762,9
2.796643574394121,$\hat{T}_{Reset}$,0.0001652698857233863,0.05084798888193403,9
3.009814787058257,$\hat{T}_{Reset}$,3.0712873719831585e-05,0.2736195052420297,9
3.239234751020113,$\hat{T}_{Reset}$,5.448092648706986e-05,0.15424923645114072,9
3.486142010243649,$\hat{T}_{Reset}$,0.00010606575594751674,0.07923048524671364,9
3.751869515402767,$\hat{T}_{Reset}$,3.583771785412705e-05,0.23449153057087024,9
4.037851819933397,$\hat{T}_{Reset}$,2.2893391718419606e-05,0.36707716423774106,9
4.345632824597091,$\hat{T}_{Reset}$,0.00010055829190138325,0.08356984941652193,9
4.676874112365815,$\hat{T}_{Reset}$,1.796851556702346e-06,4.67687009560431,9
5.03336391862456,$\hat{T}_{Reset}$,7.680106853660572e-05,0.10942089051503007,9
5.417026785118212,$\hat{T}_{Reset}$,0.00010549112323224801,0.07966207064910948,9
5.829933949760359,$\hat{T}_{Reset}$,5.76585718836623e-06,1.457483429998454,9
6.274314528394325,$\hat{T}_{Reset}$,8.036238076231754e-06,1.045718311486583,9
6.752567548872198,$\hat{T}_{Reset}$,3.733535110164176e-05,0.2250853698657656,9
7.267274902418825,$\hat{T}_{Reset}$,1.156368816895936e-06,7.267267319036947,9
7.821215282199927,$\hat{T}_{Reset}$,6.124468541183827e-05,0.1372142130418532,9
8.417379184342884,$\hat{T}_{Reset}$,6.988580659202862e-06,1.2024818373835293,9
9.058985052394538,$\hat{T}_{Reset}$,0.00018831465802336401,0.044625529419694054,9
9.749496652373306,$\hat{T}_{Reset}$,4.826957870139318e-05,0.17409808699114881,9
10.492641772216333,$\hat{T}_{Reset}$,5.2859964343551326e-05,0.15897932236888582,9
11.292432346572342,$\hat{T}_{Reset}$,3.2744088575736335e-05,0.2566460597107115,9
12.153186115585632,$\hat{T}_{Reset}$,0.00010787038957806082,0.07790498712994753,9
13.079549934598068,$\hat{T}_{Reset}$,7.71003087867367e-06,1.0899620823862257,9
14.076524860608592,$\hat{T}_{Reset}$,5.969971045640429e-07,14.07651937929919,9
15.149493150921694,$\hat{T}_{Reset}$,6.656574560014289e-06,1.2624573248621758,9
16.304247319739442,$\hat{T}_{Reset}$,1.5462801653488923e-06,5.434746884879762,9
17.54702140956167,$\hat{T}_{Reset}$,4.8849989822918785e-05,0.1720295406865888,9
18.88452464621569,$\hat{T}_{Reset}$,9.345033315043769e-06,0.8992628520920254,9
20.32397765920527,$\hat{T}_{Reset}$,2.6462989854751264e-05,0.31756205016540995,9
21.87315146291753,$\hat{T}_{Reset}$,1.4215361965377525e-05,0.5911661857256179,9
23.540409409131357,$\hat{T}_{Reset}$,3.391385523781645e-05,0.24779374839138238,9
25.33475233731158,$\hat{T}_{Reset}$,3.317041132968569e-07,25.334751590072862,9
27.265867166436806,$\hat{T}_{Reset}$,1.7568029884143468e-05,0.4783485323739234,9
29.344179190688156,$\hat{T}_{Reset}$,4.5821114369501466e-05,0.1834010679883141,9
31.580908361321878,$\hat{T}_{Reset}$,7.982965416197224e-07,10.52696695231886,9
33.98812985856841,$\hat{T}_{Reset}$,8.901082272703446e-06,0.9441145530754534,9
36.57883928056072,$\hat{T}_{Reset}$,2.2055093623872433e-05,0.3810295007174739,9
39.36702280122011,$\hat{T}_{Reset}$,2.1346908828846675e-07,39.36701739422421,9
42.36773267585289,$\hat{T}_{Reset}$,3.1736007197726433e-06,2.6479831755216177,9
45.597168502081885,$\hat{T}_{Reset}$,1.8430183332405681e-07,45.5971661280503,9
49.07276467480673,$\hat{T}_{Reset}$,6.678695167912671e-06,1.2582759207451133,9
52.81328450732654,$\hat{T}_{Reset}$,1.5911985082195746e-07,52.813280482422435,9
56.8389215267461,$\hat{T}_{Reset}$,1.4785012610137256e-07,56.838918798211566,9
61.17140849051769,$\hat{T}_{Reset}$,2.747571661820637e-07,30.585703836429545,9
65.83413471265413,$\hat{T}_{Reset}$,1.2764869445383018e-07,65.83413444013566,9
70.8522723330089,$\hat{T}_{Reset}$,1.1860793660263459e-07,70.8522680057701,9
76.25291221129912,$\hat{T}_{Reset}$,2.2041496644071928e-07,38.12645505649644,9
82.06521017950769,$\hat{T}_{Reset}$,1.740834047928643e-06,4.827364975874898,9
88.32054444222037,$\hat{T}_{Reset}$,1.4272401533274582e-06,5.888035935780718,9
95.0526849746383,$\hat{T}_{Reset}$,1.060924284309319e-06,7.921056607024675,9
102.29797583277549,$\hat{T}_{Reset}$,8.214866065234416e-07,10.229797108130274,9
110.0955313600591,$\hat{T}_{Reset}$,3.8165226578172193e-07,22.01910499487914,9
118.4874473495718,$\hat{T}_{Reset}$,5.67394558232271e-07,14.810930400818377,9
127.51902830191335,$\hat{T}_{Reset}$,4.6130756442918e-07,18.217003057775315,9
137.239032005553,$\hat{T}_{Reset}$,4.89868898835949e-07,17.154878237321064,9
147.6999327600634,$\hat{T}_{Reset}$,1.2517278111047147e-06,6.713633137514622,9
158.95820466326612,$\hat{T}_{Reset}$,1.480275644242394e-06,5.67707868765364,9
171.07462649164432,$\hat{T}_{Reset}$,4.9122664303277044e-08,171.074623719476,9
184.11460981994108,$\hat{T}_{Reset}$,9.128706916839489e-08,92.05730218240741,9
198.14855215133173,$\hat{T}_{Reset}$,4.2410813875393296e-08,198.14855089722855,9
213.25221696456873,$\hat{T}_{Reset}$,3.940705310589054e-08,213.2522137395015,9
229.50714272982336,$\hat{T}_{Reset}$,1.830801700741548e-07,45.90142836538465,9
247.00108310132606,$\hat{T}_{Reset}$,1.1227487993477442e-06,7.484881138740306,9
265.8284806632307,$\hat{T}_{Reset}$,3.161302121375982e-08,265.82847792236646,9
286.0909767862566,$\hat{T}_{Reset}$,2.9374017365684076e-08,286.09097649675704,9
307.8979603476156,$\hat{T}_{Reset}$,2.729359247980738e-08,307.8979550969159,9
331.36715827654194,$\hat{T}_{Reset}$,9.636995186929557e-07,8.720188345822697,9
356.62527111352796,$\hat{T}_{Reset}$,9.425738529589032e-08,89.15631688064299,9
383.8086570143992,$\hat{T}_{Reset}$,5.451952880763732e-06,1.541400209351046,9
413.0640678918749,$\hat{T}_{Reset}$,2.0344643965272017e-08,413.0640637470057,9
444.5494416687491,$\hat{T}_{Reset}$,1.8903727117440027e-08,444.5494404131713,9
478.43475491973123,$\hat{T}_{Reset}$,1.756486383656077e-08,478.4347541760792,9
514.9029405050194,$\hat{T}_{Reset}$,1.632082618372341e-08,514.9029354998045,9
554.1508751495202,$\hat{T}_{Reset}$,9.857183514233629e-07,8.52539805071755,9
596.390442299262,$\hat{T}_{Reset}$,1.4090838393329915e-08,596.3904401713406,9
641.8496759929147,$\hat{T}_{Reset}$,1.1783564823209999e-07,71.31662988121104,9
690.7739919237116,$\hat{T}_{Reset}$,1.2165543953222218e-08,690.7739879198275,9
743.4275123377766,$\hat{T}_{Reset}$,1.1303914954950621e-08,743.4275067772717,9
800.0944919214219,$\hat{T}_{Reset}$,1.0503311105806239e-08,800.0944870742442,9
861.0808523752157,$\hat{T}_{Reset}$,9.75941033330465e-09,861.0808465654178,9
926.7158339593304,$\hat{T}_{Reset}$,9.068196556062176e-09,926.7158315137468,9
997.35377292621,$\hat{T}_{Reset}$,8.425938327658857e-09,997.35376464786,9
1073.3760144361563,$\hat{T}_{Reset}$,7.829168176717479e-09,1073.376011614127,9
1155.1929712829099,$\hat{T}_{Reset}$,7.274664555578412e-09,1155.1929642360092,9
1243.246339543401,$\hat{T}_{Reset}$,6.759433812249358e-09,1243.2463347081357,9
1338.011483113092,$\hat{T}_{Reset}$,6.280694499853254e-09,1338.0114750013079,9
1.0,$\hat{T}_{MLG}$,0.4979737537816397,1.6875671153275744e-05,9
1.0762239473831834,$\hat{T}_{MLG}$,0.49018443542392204,1.7143835471874187e-05,9
1.1582579849210413,$\hat{T}_{MLG}$,0.4776811482499928,1.7592574759477923e-05,9
1.2465449806198148,$\hat{T}_{MLG}$,0.4586332914927899,1.832322569612975e-05,9
1.3415615596333508,$\hat{T}_{MLG}$,0.4555119614570283,1.8448782958192482e-05,9
1.4438206773661448,$\hat{T}_{MLG}$,0.43510347771931457,1.9314121219693966e-05,9
1.5538743887084543,$\hat{T}_{MLG}$,0.4147924650250941,2.0259869742987863e-05,9
1.6723168283534438,$\hat{T}_{MLG}$,0.4344664773491324,1.9342438945014812e-05,9
1.7997874182858689,$\hat{T}_{MLG}$,0.417285891150364,2.0138810082014258e-05,9
1.9369743197582066,$\hat{T}_{MLG}$,0.40054985195581627,2.0980263182591916e-05,9
2.0846181483900335,$\hat{T}_{MLG}$,0.46058320746913056,1.824565284947886e-05,9
2.2435159724469447,$\hat{T}_{MLG}$,0.6759959157205517,1.2431497167884096e-05,9
2.4145256158840724,$\hat{T}_{MLG}$,0.9726438040081025,8.639998812670428e-06,9
2.5985702893845684,$\hat{T}_{MLG}$,1.368795004213842,6.139444756819396e-06,9
2.796643574394121,$\hat{T}_{MLG}$,0.7444440371136065,1.1288479580499092e-05,9
3.009814787058257,$\hat{T}_{MLG}$,0.7536179050804678,1.1151063762058512e-05,9
3.239234751020113,$\hat{T}_{MLG}$,0.6362716217233614,1.3207631811426278e-05,9
3.486142010243649,$\hat{T}_{MLG}$,1.5762820612288682,5.331305556589145e-06,9
3.751869515402767,$\hat{T}_{MLG}$,1.7373671322366993,4.836997981516057e-06,9
4.037851819933397,$\hat{T}_{MLG}$,0.7792685414495263,1.0784012012276982e-05,9
4.345632824597091,$\hat{T}_{MLG}$,0.70656591214106,1.1893641014065136e-05,9
4.676874112365815,$\hat{T}_{MLG}$,0.4778211778954915,1.7587419102673782e-05,9
5.03336391862456,$\hat{T}_{MLG}$,1.1817142557291926,7.111398776005859e-06,9
5.417026785118212,$\hat{T}_{MLG}$,0.3469970715834838,2.421819087242478e-05,9
5.829933949760359,$\hat{T}_{MLG}$,1.2316966713937085,6.822817262526363e-06,9
6.274314528394325,$\hat{T}_{MLG}$,0.5016465128325328,1.6752117470787016e-05,9
6.752567548872198,$\hat{T}_{MLG}$,0.3882337073107595,2.1645831244257746e-05,9
7.267274902418825,$\hat{T}_{MLG}$,0.3467467644083555,2.423567333388145e-05,9
7.821215282199927,$\hat{T}_{MLG}$,1.2530127536373434,6.706748424855619e-06,9
8.417379184342884,$\hat{T}_{MLG}$,0.4457943901215414,1.885093553889291e-05,9
9.058985052394538,$\hat{T}_{MLG}$,0.376816466704948,2.230168279339398e-05,9
9.749496652373306,$\hat{T}_{MLG}$,1.26456582676393,6.64547557266076e-06,9
10.492641772216333,$\hat{T}_{MLG}$,1.0749148745288655,7.817959831902564e-06,9
11.292432346572342,$\hat{T}_{MLG}$,0.6851419100802677,1.2265548477098312e-05,9
12.153186115585632,$\hat{T}_{MLG}$,1.8431223939993637,4.5594591759835975e-06,9
13.079549934598068,$\hat{T}_{MLG}$,0.41203889579186515,2.039526218909736e-05,9
14.076524860608592,$\hat{T}_{MLG}$,0.42578867934628817,1.973664805904031e-05,9
15.149493150921694,$\hat{T}_{MLG}$,0.42520696133306785,1.9763649413064567e-05,9
16.304247319739442,$\hat{T}_{MLG}$,0.7250607227287721,1.1590258647791706e-05,9
17.54702140956167,$\hat{T}_{MLG}$,0.4511809661177429,1.8625877292855903e-05,9
18.88452464621569,$\hat{T}_{MLG}$,0.37488578519461924,2.241653763270476e-05,9
20.32397765920527,$\hat{T}_{MLG}$,0.4736384911630153,1.7742733051839144e-05,9
21.87315146291753,$\hat{T}_{MLG}$,0.47319461640575716,1.7759376418127422e-05,9
23.540409409131357,$\hat{T}_{MLG}$,0.30670425849997235,2.7399819464137023e-05,9
25.33475233731158,$\hat{T}_{MLG}$,0.3713124402227725,2.2632264372126634e-05,9
27.265867166436806,$\hat{T}_{MLG}$,1.4283994683837105,5.883257098443408e-06,9
29.344179190688156,$\hat{T}_{MLG}$,0.4846037230909778,1.7341264442171e-05,9
31.580908361321878,$\hat{T}_{MLG}$,0.37150791319296794,2.262035615757194e-05,9
33.98812985856841,$\hat{T}_{MLG}$,0.34266379184497675,2.4524450822580975e-05,9
36.57883928056072,$\hat{T}_{MLG}$,0.46252376290889224,1.8169101753668386e-05,9
39.36702280122011,$\hat{T}_{MLG}$,0.31388825613088556,2.6772716556420296e-05,9
42.36773267585289,$\hat{T}_{MLG}$,0.28813729767938384,2.916540614305391e-05,9
45.597168502081885,$\hat{T}_{MLG}$,0.5848023787459808,1.4370053230292219e-05,9
49.07276467480673,$\hat{T}_{MLG}$,0.3191272425828809,2.6333199396471885e-05,9
52.81328450732654,$\hat{T}_{MLG}$,0.31207881610407456,2.6927945371911242e-05,9
56.8389215267461,$\hat{T}_{MLG}$,0.3844868167437606,2.1856773615678532e-05,9
61.17140849051769,$\hat{T}_{MLG}$,0.3254571942118281,2.5821034105983333e-05,9
65.83413471265413,$\hat{T}_{MLG}$,0.27675489738653336,3.036492358812426e-05,9
70.8522723330089,$\hat{T}_{MLG}$,0.2903542382170428,2.8942719635796898e-05,9
76.25291221129912,$\hat{T}_{MLG}$,0.2725845531507548,3.08294847035355e-05,9
82.06521017950769,$\hat{T}_{MLG}$,0.4009146426170102,2.0961173323392857e-05,9
88.32054444222037,$\hat{T}_{MLG}$,0.27858218561124987,3.0165752678486757e-05,9
95.0526849746383,$\hat{T}_{MLG}$,0.26223001047370975,3.204683284190226e-05,9
102.29797583277549,$\hat{T}_{MLG}$,0.2849295555312213,2.9493750818912225e-05,9
110.0955313600591,$\hat{T}_{MLG}$,0.33082760031161146,2.54018748854864e-05,9
118.4874473495718,$\hat{T}_{MLG}$,0.25539630628965376,3.29043181315645e-05,9
127.51902830191335,$\hat{T}_{MLG}$,0.2962451020370815,2.8367190728200995e-05,9
137.239032005553,$\hat{T}_{MLG}$,0.26549269449748636,3.165300396565458e-05,9
147.6999327600634,$\hat{T}_{MLG}$,0.44233968523176254,1.8998162706966237e-05,9
158.95820466326612,$\hat{T}_{MLG}$,0.24597557217099764,3.416453608628746e-05,9
171.07462649164432,$\hat{T}_{MLG}$,0.30023667876700344,2.799005553316436e-05,9
184.11460981994108,$\hat{T}_{MLG}$,0.2507899087508606,3.350869001722709e-05,9
198.14855215133173,$\hat{T}_{MLG}$,0.31705747201242535,2.650510413283028e-05,9
213.25221696456873,$\hat{T}_{MLG}$,0.2495060251573445,3.3681115742522525e-05,9
229.50714272982336,$\hat{T}_{MLG}$,0.2536824963057351,3.3126610760142034e-05,9
247.00108310132606,$\hat{T}_{MLG}$,0.2490547313161416,3.3742146826008135e-05,9
265.8284806632307,$\hat{T}_{MLG}$,0.24111708137308627,3.4852948882448104e-05,9
286.0909767862566,$\hat{T}_{MLG}$,0.23765270238107547,3.53610172642011e-05,9
307.8979603476156,$\hat{T}_{MLG}$,0.24178835819652236,3.475618666863558e-05,9
331.36715827654194,$\hat{T}_{MLG}$,0.2648363747407965,3.173144670933574e-05,9
356.62527111352796,$\hat{T}_{MLG}$,0.2582568033534563,3.253986420748744e-05,9
383.8086570143992,$\hat{T}_{MLG}$,0.47706877039801093,1.7615157044906186e-05,9
413.0640678918749,$\hat{T}_{MLG}$,0.2523927314508217,3.3295892728268566e-05,9
444.5494416687491,$\hat{T}_{MLG}$,0.24599754736220134,3.416148413629474e-05,9
478.43475491973123,$\hat{T}_{MLG}$,0.2723626966570323,3.085459725185269e-05,9
514.9029405050194,$\hat{T}_{MLG}$,0.24517162264353382,3.4276566028196876e-05,9
554.1508751495202,$\hat{T}_{MLG}$,0.25070577214927714,3.351993549944073e-05,9
596.390442299262,$\hat{T}_{MLG}$,0.27335333252596117,3.074277980855835e-05,9
641.8496759929147,$\hat{T}_{MLG}$,0.30615900745594593,2.7448616918417723e-05,9
690.7739919237116,$\hat{T}_{MLG}$,0.28372053680440795,2.9619432581204302e-05,9
743.4275123377766,$\hat{T}_{MLG}$,0.25402364736985145,3.3082122073248495e-05,9
800.0944919214219,$\hat{T}_{MLG}$,0.24582830857822643,3.4185002371714586e-05,9
861.0808523752157,$\hat{T}_{MLG}$,0.2541810128333513,3.306164067137042e-05,9
926.7158339593304,$\hat{T}_{MLG}$,0.2505134590032093,3.354566794622239e-05,9
997.35377292621,$\hat{T}_{MLG}$,0.24343315848231123,3.452135018981769e-05,9
1073.3760144361563,$\hat{T}_{MLG}$,0.24519917672078265,3.427271422428466e-05,9
1155.1929712829099,$\hat{T}_{MLG}$,0.24812375005073894,3.386875021058158e-05,9
1243.246339543401,$\hat{T}_{MLG}$,0.24201618859518587,3.472346771743358e-05,9
1338.011483113092,$\hat{T}_{MLG}$,0.24302264770541956,3.4579663217099615e-05,9
1.0,$\hat{T}_{MLD}$,0.3181815675148745,2.6411464929967696e-05,9
1.0762239473831834,$\hat{T}_{MLD}$,0.3132184377274218,2.6829970076967563e-05,9
1.1582579849210413,$\hat{T}_{MLD}$,0.3083305275851061,2.72553009187897e-05,9
1.2465449806198148,$\hat{T}_{MLD}$,0.302494802228769,2.7781109790527236e-05,9
1.3415615596333508,$\hat{T}_{MLD}$,0.3150836138499123,2.667114677624672e-05,9
1.4438206773661448,$\hat{T}_{MLD}$,0.30493911439513877,2.7558423682216944e-05,9
1.5538743887084543,$\hat{T}_{MLD}$,0.29882608418422535,2.8122181283881616e-05,9
1.6723168283534438,$\hat{T}_{MLD}$,0.3100804057859587,2.710149095193746e-05,9
1.7997874182858689,$\hat{T}_{MLD}$,0.3037554590903361,2.766581162672054e-05,9
1.9369743197582066,$\hat{T}_{MLD}$,0.2962070582666643,2.8370834108266812e-05,9
2.0846181483900335,$\hat{T}_{MLD}$,0.3136129074945275,2.679622270307193e-05,9
2.2435159724469447,$\hat{T}_{MLD}$,0.3067658717903577,2.7394316267111562e-05,9
2.4145256158840724,$\hat{T}_{MLD}$,0.3123603838047042,2.6903672000337368e-05,9
2.5985702893845684,$\hat{T}_{MLD}$,0.3013908382667301,2.788286916785458e-05,9
2.796643574394121,$\hat{T}_{MLD}$,0.28427019872652043,2.9562160752087496e-05,9
3.009814787058257,$\hat{T}_{MLD}$,0.2900649110806464,2.897158874016582e-05,9
3.239234751020113,$\hat{T}_{MLD}$,0.2819481962299199,2.980562182752306e-05,9
3.486142010243649,$\hat{T}_{MLD}$,0.28763195474849157,2.9216647083351667e-05,9
3.751869515402767,$\hat{T}_{MLD}$,0.28961356188837895,2.901673960634528e-05,9
4.037851819933397,$\hat{T}_{MLD}$,0.2900402718964886,2.8974049902905895e-05,9
4.345632824597091,$\hat{T}_{MLD}$,0.2864673773469241,2.9335421679111787e-05,9
4.676874112365815,$\hat{T}_{MLD}$,0.28584397086584884,2.9399400261358736e-05,9
5.03336391862456,$\hat{T}_{MLD}$,0.2814523459353869,2.985813205376686e-05,9
5.417026785118212,$\hat{T}_{MLD}$,0.2840354837993559,2.9586589673132637e-05,9
5.829933949760359,$\hat{T}_{MLD}$,0.27606054077397985,3.04412984493195e-05,9
6.274314528394325,$\hat{T}_{MLD}$,0.27901773747485326,3.0118663379021347e-05,9
6.752567548872198,$\hat{T}_{MLD}$,0.26984684998282576,3.1142262036099735e-05,9
7.267274902418825,$\hat{T}_{MLD}$,0.2731588271876185,3.076467049702638e-05,9
7.821215282199927,$\hat{T}_{MLD}$,0.26879463822441985,3.126417017576428e-05,9
8.417379184342884,$\hat{T}_{MLD}$,0.27808145970484227,3.0220070481149453e-05,9
9.058985052394538,$\hat{T}_{MLD}$,0.26983362317773096,3.114378857910543e-05,9
9.749496652373306,$\hat{T}_{MLD}$,0.27444896121280765,3.062005144652406e-05,9
10.492641772216333,$\hat{T}_{MLD}$,0.26305410016963243,3.194643727796717e-05,9
11.292432346572342,$\hat{T}_{MLD}$,0.26688328656063537,3.148807638005448e-05,9
12.153186115585632,$\hat{T}_{MLD}$,0.2614732096675379,3.213958830606948e-05,9
13.079549934598068,$\hat{T}_{MLD}$,0.2649747753631103,3.171487286012511e-05,9
14.076524860608592,$\hat{T}_{MLD}$,0.2671892323256022,3.1452020871636054e-05,9
15.149493150921694,$\hat{T}_{MLD}$,0.26207171355150993,3.206618981460404e-05,9
16.304247319739442,$\hat{T}_{MLD}$,0.2776801473223582,3.0263745510137206e-05,9
17.54702140956167,$\hat{T}_{MLD}$,0.26919311305851223,3.121789118711453e-05,9
18.88452464621569,$\hat{T}_{MLD}$,0.26336864534575066,3.190828316236713e-05,9
20.32397765920527,$\hat{T}_{MLD}$,0.26157963218676916,3.212651245637127e-05,9
21.87315146291753,$\hat{T}_{MLD}$,0.24899721891388488,3.3749940454907795e-05,9
23.540409409131357,$\hat{T}_{MLD}$,0.25135600003962566,3.3433223437898605e-05,9
25.33475233731158,$\hat{T}_{MLD}$,0.25267426003579085,3.325879458632191e-05,9
27.265867166436806,$\hat{T}_{MLD}$,0.24584208654011522,3.418308650911158e-05,9
29.344179190688156,$\hat{T}_{MLD}$,0.249973220744364,3.3618166325005136e-05,9
31.580908361321878,$\hat{T}_{MLD}$,0.24202472800945823,3.472224256131731e-05,9
33.98812985856841,$\hat{T}_{MLD}$,0.24190791253079527,3.4739009666380625e-05,9
36.57883928056072,$\hat{T}_{MLD}$,0.24876948923642508,3.3780835976210164e-05,9
39.36702280122011,$\hat{T}_{MLD}$,0.23783693534811148,3.533362595461136e-05,9
42.36773267585289,$\hat{T}_{MLD}$,0.2405807637648981,3.4930645244744157e-05,9
45.597168502081885,$\hat{T}_{MLD}$,0.24550986512644396,3.422934270870607e-05,9
49.07276467480673,$\hat{T}_{MLD}$,0.23664942126554764,3.5510931177606435e-05,9
52.81328450732654,$\hat{T}_{MLD}$,0.2425179897806867,3.465162035765188e-05,9
56.8389215267461,$\hat{T}_{MLD}$,0.24517630163613904,3.4275911887491156e-05,9
61.17140849051769,$\hat{T}_{MLD}$,0.23815986219980204,3.528571621666079e-05,9
65.83413471265413,$\hat{T}_{MLD}$,0.24097048197568524,3.487415239775804e-05,9
70.8522723330089,$\hat{T}_{MLD}$,0.24539813289366952,3.4244927671974326e-05,9
76.25291221129912,$\hat{T}_{MLD}$,0.23719465165629725,3.542930354078306e-05,9
82.06521017950769,$\hat{T}_{MLD}$,0.23964004151008547,3.5067767718724836e-05,9
88.32054444222037,$\hat{T}_{MLD}$,0.2448320097325409,3.432411195317782e-05,9
95.0526849746383,$\hat{T}_{MLD}$,0.23557450794367055,3.567296557312854e-05,9
102.29797583277549,$\hat{T}_{MLD}$,0.23965186977695735,3.5066036912636975e-05,9
110.0955313600591,$\hat{T}_{MLD}$,0.23429727326683883,3.586743112545929e-05,9
118.4874473495718,$\hat{T}_{MLD}$,0.2365059826686495,3.553246821478912e-05,9
127.51902830191335,$\hat{T}_{MLD}$,0.24058680432848842,3.492976821915482e-05,9
137.239032005553,$\hat{T}_{MLD}$,0.232119261539413,3.62039809020948e-05,9
147.6999327600634,$\hat{T}_{MLD}$,0.23803236246475673,3.5304616669615694e-05,9
158.95820466326612,$\hat{T}_{MLD}$,0.22961802386912755,3.659835221198041e-05,9
171.07462649164432,$\hat{T}_{MLD}$,0.23500505024953824,3.5759407310004254e-05,9
184.11460981994108,$\hat{T}_{MLD}$,0.22882642790402882,3.6724959563262476e-05,9
198.14855215133173,$\hat{T}_{MLD}$,0.23088942760300185,3.639682162593744e-05,9
213.25221696456873,$\hat{T}_{MLD}$,0.2324049668360881,3.615947381067903e-05,9
229.50714272982336,$\hat{T}_{MLD}$,0.22556534428650726,3.725590621362104e-05,9
247.00108310132606,$\hat{T}_{MLD}$,0.22719786147947196,3.698820603793645e-05,9
265.8284806632307,$\hat{T}_{MLD}$,0.22154416865224363,3.793212596343438e-05,9
286.0909767862566,$\hat{T}_{MLD}$,0.22645251395092517,3.710994930090473e-05,9
307.8979603476156,$\hat{T}_{MLD}$,0.2283966630731013,3.679406344518948e-05,9
331.36715827654194,$\hat{T}_{MLD}$,0.22360592345015182,3.758237340995427e-05,9
356.62527111352796,$\hat{T}_{MLD}$,0.23221700977159243,3.6188741384823785e-05,9
383.8086570143992,$\hat{T}_{MLD}$,0.22648921222271784,3.710393633899679e-05,9
413.0640678918749,$\hat{T}_{MLD}$,0.22732548250427756,3.696744077788607e-05,9
444.5494416687491,$\hat{T}_{MLD}$,0.23057957017692057,3.644573240089421e-05,9
478.43475491973123,$\hat{T}_{MLD}$,0.2375896197835099,3.537040599433005e-05,9
514.9029405050194,$\hat{T}_{MLD}$,0.23272155487038912,3.6110283452091664e-05,9
554.1508751495202,$\hat{T}_{MLD}$,0.23661444751089963,3.551618001430002e-05,9
596.390442299262,$\hat{T}_{MLD}$,0.24199451029968422,3.472657830697997e-05,9
641.8496759929147,$\hat{T}_{MLD}$,0.23672133714969393,3.5500142965427314e-05,9
690.7739919237116,$\hat{T}_{MLD}$,0.2418787524355115,3.474319768546761e-05,9
743.4275123377766,$\hat{T}_{MLD}$,0.24492794502841728,3.431066761616866e-05,9
800.0944919214219,$\hat{T}_{MLD}$,0.23818970390504282,3.5281295429677625e-05,9
861.0808523752157,$\hat{T}_{MLD}$,0.24074664611783783,3.490657688193895e-05,9
926.7158339593304,$\hat{T}_{MLD}$,0.24285136049686826,3.4604052843630767e-05,9
997.35377292621,$\hat{T}_{MLD}$,0.23545837012413698,3.5690560957126885e-05,9
1073.3760144361563,$\hat{T}_{MLD}$,0.23701573298015957,3.545604844925935e-05,9
1155.1929712829099,$\hat{T}_{MLD}$,0.24089273630566768,3.488540767421859e-05,9
1243.246339543401,$\hat{T}_{MLD}$,0.2334862331299589,3.59920205963654e-05,9
1338.011483113092,$\hat{T}_{MLD}$,0.23588173134959856,3.5626503433308625e-05,9
1.0,$\hat{T}_{emp}$,0.011512770507711295,0.0008183260394056536,10
1.0762239473831834,$\hat{T}_{emp}$,0.014627869110772625,0.0006440582576189037,10
1.1582579849210413,$\hat{T}_{emp}$,0.009687573714220642,0.0009725035566265654,10
1.2465449806198148,$\hat{T}_{emp}$,0.007603240824717335,0.0012391031810454131,10
1.3415615596333508,$\hat{T}_{emp}$,0.000610963637129735,0.015420230140735949,10
1.4438206773661448,$\hat{T}_{emp}$,0.0011092840550204891,0.008493045446314998,10
1.5538743887084543,$\hat{T}_{emp}$,0.002182704492127106,0.004316296560594137,10
1.6723168283534438,$\hat{T}_{emp}$,0.00285625757020929,0.0032984419859135006,10
1.7997874182858689,$\hat{T}_{emp}$,0.004114429293061481,0.0022897950653932462,10
1.9369743197582066,$\hat{T}_{emp}$,0.007315281837770006,0.0012878792780776254,10
2.0846181483900335,$\hat{T}_{emp}$,0.008925827503299167,0.0010554987634120573,10
2.2435159724469447,$\hat{T}_{emp}$,0.01227460169484408,0.0007675360982278517,10
2.4145256158840724,$\hat{T}_{emp}$,0.013586383961667824,0.0006934295334757403,10
2.5985702893845684,$\hat{T}_{emp}$,0.014741444632569673,0.0006390961080806455,10
2.796643574394121,$\hat{T}_{emp}$,0.016318280584143238,0.0005773402316244241,10
3.009814787058257,$\hat{T}_{emp}$,0.018358416387038615,0.000513181512693717,10
3.239234751020113,$\hat{T}_{emp}$,0.02003932244404114,0.00047013565046771696,10
3.486142010243649,$\hat{T}_{emp}$,0.02411149336136702,0.0003907348147608663,10
3.751869515402767,$\hat{T}_{emp}$,0.03767866290340401,0.0002500407171112874,10
4.037851819933397,$\hat{T}_{emp}$,0.04773070892597155,0.00019738235832142176,10
4.345632824597091,$\hat{T}_{emp}$,0.07182267739956337,0.00013117305332060588,10
4.676874112365815,$\hat{T}_{emp}$,0.08229724829781233,0.00011447770231719933,10
5.03336391862456,$\hat{T}_{emp}$,0.10380920115524493,9.075495993917102e-05,10
5.417026785118212,$\hat{T}_{emp}$,0.10724857473799179,8.784452301746282e-05,10
5.829933949760359,$\hat{T}_{emp}$,0.13299882031641377,7.083671772236691e-05,10
6.274314528394325,$\hat{T}_{emp}$,0.11836877494451768,7.959193542872725e-05,10
6.752567548872198,$\hat{T}_{emp}$,0.09925063586428012,9.492332023992857e-05,10
7.267274902418825,$\hat{T}_{emp}$,0.08903852087314325,0.00010581038184118491,10
7.821215282199927,$\hat{T}_{emp}$,0.06964348308962852,0.00013527755181395613,10
8.417379184342884,$\hat{T}_{emp}$,0.06188930550114724,0.00015222662164122942,10
9.058985052394538,$\hat{T}_{emp}$,0.03157080264946394,0.00029841496260854706,10
9.749496652373306,$\hat{T}_{emp}$,0.024680967023112618,0.00038171923666277215,10
10.492641772216333,$\hat{T}_{emp}$,0.02305953169810169,0.00040855989685762675,10
11.292432346572342,$\hat{T}_{emp}$,0.021981129950384568,0.00042860398502838444,10
12.153186115585632,$\hat{T}_{emp}$,0.020993316185807243,0.00044877139984824803,10
13.079549934598068,$\hat{T}_{emp}$,0.02962090599361814,0.00031805914019616445,10
14.076524860608592,$\hat{T}_{emp}$,0.043620643959168266,0.00021598030283506248,10
15.149493150921694,$\hat{T}_{emp}$,0.04810260562517529,0.00019585633189131982,10
16.304247319739442,$\hat{T}_{emp}$,0.04653612552012578,0.00020244916797138932,10
17.54702140956167,$\hat{T}_{emp}$,0.052398304861790826,0.00017979970758618183,10
18.88452464621569,$\hat{T}_{emp}$,0.06674429313270185,0.00014115363950937724,10
20.32397765920527,$\hat{T}_{emp}$,0.06490087652896569,0.00014516290682078627,10
21.87315146291753,$\hat{T}_{emp}$,0.07095164134463887,0.0001327833960372993,10
23.540409409131357,$\hat{T}_{emp}$,0.07255640316441232,0.00012984656737756453,10
25.33475233731158,$\hat{T}_{emp}$,0.06139552664234893,0.00015345091747552694,10
27.265867166436806,$\hat{T}_{emp}$,0.04299406688856662,0.000219127907033772,10
29.344179190688156,$\hat{T}_{emp}$,0.04019236548285932,0.0002344027224816967,10
31.580908361321878,$\hat{T}_{emp}$,0.040466440401287426,0.00023281513764827875,10
33.98812985856841,$\hat{T}_{emp}$,0.022919529817702632,0.0004110555481327909,10
36.57883928056072,$\hat{T}_{emp}$,0.023480860421433113,0.0004012289040124788,10
39.36702280122011,$\hat{T}_{emp}$,0.018825876971404244,0.0005004388324895583,10
42.36773267585289,$\hat{T}_{emp}$,0.014584852380320222,0.0006459578504115618,10
45.597168502081885,$\hat{T}_{emp}$,0.019090686131193815,0.0004934971863985308,10
49.07276467480673,$\hat{T}_{emp}$,0.02102304982818364,0.000448136686596798,10
52.81328450732654,$\hat{T}_{emp}$,0.02301530684964887,0.0004093449613210494,10
56.8389215267461,$\hat{T}_{emp}$,0.023874179172287752,0.0003946187981657344,10
61.17140849051769,$\hat{T}_{emp}$,0.023776084625901344,0.00039624690273428256,10
65.83413471265413,$\hat{T}_{emp}$,0.03262123757006963,0.00028880571658034405,10
70.8522723330089,$\hat{T}_{emp}$,0.03305199618004833,0.00028504178207090135,10
76.25291221129912,$\hat{T}_{emp}$,0.03870389996834598,0.00024341732744934585,10
82.06521017950769,$\hat{T}_{emp}$,0.03491293921863419,0.00026984837435666816,10
88.32054444222037,$\hat{T}_{emp}$,0.0339023531415916,0.00027789221157641764,10
95.0526849746383,$\hat{T}_{emp}$,0.0394987408854568,0.0002385189927821327,10
102.29797583277549,$\hat{T}_{emp}$,0.04216323883519609,0.0002234458298848043,10
110.0955313600591,$\hat{T}_{emp}$,0.049062056223999194,0.0001920261932999279,10
118.4874473495718,$\hat{T}_{emp}$,0.041050967095218986,0.00022950007171107167,10
127.51902830191335,$\hat{T}_{emp}$,0.021440265166848205,0.0004394162021246377,10
137.239032005553,$\hat{T}_{emp}$,0.022416972339547567,0.0004202708443165142,10
147.6999327600634,$\hat{T}_{emp}$,0.013982993737291022,0.0006737612895467694,10
158.95820466326612,$\hat{T}_{emp}$,0.012047193777006393,0.000782024433785,10
171.07462649164432,$\hat{T}_{emp}$,0.018019024174662245,0.0005228473973307267,10
184.11460981994108,$\hat{T}_{emp}$,0.028728644202972935,0.00032793750465908393,10
198.14855215133173,$\hat{T}_{emp}$,0.02723219764134031,0.000345958119731754,10
213.25221696456873,$\hat{T}_{emp}$,0.04499977822305953,0.00020936102941355902,10
229.50714272982336,$\hat{T}_{emp}$,0.05285383284363774,0.00017825007923329204,10
247.00108310132606,$\hat{T}_{emp}$,0.06776776744705137,0.00013902184249352196,10
265.8284806632307,$\hat{T}_{emp}$,0.098346827396339,9.579566663796934e-05,10
286.0909767862566,$\hat{T}_{emp}$,0.10896404593936593,8.646154620033213e-05,10
307.8979603476156,$\hat{T}_{emp}$,0.1353130427878002,6.96252164466958e-05,10
331.36715827654194,$\hat{T}_{emp}$,0.1303657687113512,7.226743634689494e-05,10
356.62527111352796,$\hat{T}_{emp}$,0.12721396049986095,7.40579088579818e-05,10
383.8086570143992,$\hat{T}_{emp}$,0.11948932061842032,7.884553902726969e-05,10
413.0640678918749,$\hat{T}_{emp}$,0.10047097780809935,9.377036132918098e-05,10
444.5494416687491,$\hat{T}_{emp}$,0.09808343029343784,9.605292009033573e-05,10
478.43475491973123,$\hat{T}_{emp}$,0.09679160356375112,9.73348879994161e-05,10
514.9029405050194,$\hat{T}_{emp}$,0.02421446824948388,0.0003890731687805041,10
554.1508751495202,$\hat{T}_{emp}$,0.023551007620525716,0.00040003383481353123,10
596.390442299262,$\hat{T}_{emp}$,0.023395644154308396,0.00040269033970695997,10
641.8496759929147,$\hat{T}_{emp}$,0.016085842829029903,0.0005856827020067167,10
690.7739919237116,$\hat{T}_{emp}$,0.015381192721911711,0.0006125142609220652,10
743.4275123377766,$\hat{T}_{emp}$,0.015558154519855554,0.0006055473918926645,10
800.0944919214219,$\hat{T}_{emp}$,0.012239060196512677,0.000769764977121856,10
861.0808523752157,$\hat{T}_{emp}$,0.006410223727128847,0.0014697146766172817,10
926.7158339593304,$\hat{T}_{emp}$,0.006137796221249425,0.0015349483027059176,10
997.35377292621,$\hat{T}_{emp}$,0.004323165270884048,0.0021792365782571737,10
1073.3760144361563,$\hat{T}_{emp}$,0.005291104115397409,0.0017805735224044035,10
1155.1929712829099,$\hat{T}_{emp}$,0.0064372175676990365,0.0014635515722562688,10
1243.246339543401,$\hat{T}_{emp}$,0.006274829377455884,0.0015014272620718502,10
1338.011483113092,$\hat{T}_{emp}$,0.006666842931250932,0.001413142620774756,10
1.0,$\hat{T}_{GT}$,9.421252461302206e-06,0.9999944201537087,10
1.0762239473831834,$\hat{T}_{GT}$,8.75396116742826e-06,1.0762213484811884,10
1.1582579849210413,$\hat{T}_{GT}$,8.133982967439666e-06,1.1582517359422393,10
1.2465449806198148,$\hat{T}_{GT}$,7.5578934639337325e-06,1.2465378001316856,10
1.3415615596333508,$\hat{T}_{GT}$,7.022570541721092e-06,1.3415600222440276,10
1.4438206773661448,$\hat{T}_{GT}$,6.525200323649936e-06,1.4438177258735496,10
1.5538743887084543,$\hat{T}_{GT}$,6.063068033686406e-06,1.5538667618138893,10
1.6723168283534438,$\hat{T}_{GT}$,5.633644122700769e-06,1.6723100868581449,10
1.7997874182858689,$\hat{T}_{GT}$,5.234642866490434e-06,1.7997789213990913,10
1.9369743197582066,$\hat{T}_{GT}$,4.863884200644951e-06,1.9369704342287486,10
2.0846181483900335,$\hat{T}_{GT}$,4.519406330784388e-06,2.084610057738813,10
2.2435159724469447,$\hat{T}_{GT}$,4.1993163512980085e-06,2.2435080151200104,10
2.4145256158840724,$\hat{T}_{GT}$,3.901890856308968e-06,2.4145216355625276,10
2.5985702893845684,$\hat{T}_{GT}$,3.6255397522306132e-06,2.598564775455905,10
2.796643574394121,$\hat{T}_{GT}$,3.3687614748437736e-06,2.7966360819887104,10
3.009814787058257,$\hat{T}_{GT}$,3.1301647718735916e-06,3.009809571948651,10
3.239234751020113,$\hat{T}_{GT}$,2.90846479594211e-06,3.23923463172257,10
3.486142010243649,$\hat{T}_{GT}$,2.702476279014461e-06,3.4861360172964493,10
3.751869515402767,$\hat{T}_{GT}$,2.5110738356150624e-06,3.751860960254867,10
4.037851819933397,$\hat{T}_{GT}$,2.3332213387090755e-06,4.037850904181324,10
4.345632824597091,$\hat{T}_{GT}$,2.1679699779517454e-06,4.3456320834583515,10
4.676874112365815,$\hat{T}_{GT}$,2.014423270617622e-06,4.676872050466861,10
5.03336391862456,$\hat{T}_{GT}$,1.871751341577774e-06,5.033360833186364,10
5.417026785118212,$\hat{T}_{GT}$,1.7391848788309895e-06,5.417020356394861,10
5.829933949760359,$\hat{T}_{GT}$,9.696029475929606e-06,0.9716554508780867,10
6.274314528394325,$\hat{T}_{GT}$,1.5015511022886642e-06,6.274311861781999,10
6.752567548872198,$\hat{T}_{GT}$,1.3952041253395578e-06,6.752560231907798,10
7.267274902418825,$\hat{T}_{GT}$,2.592776007487937e-06,3.633634322808131,10
7.821215282199927,$\hat{T}_{GT}$,1.2045711064346985e-06,7.821206935675688,10
8.417379184342884,$\hat{T}_{GT}$,1.119256813475852e-06,8.417371043651782,10
9.058985052394538,$\hat{T}_{GT}$,1.0399842754377553e-06,9.058983019907663,10
9.749496652373306,$\hat{T}_{GT}$,9.6632735692074e-07,9.749491023603863,10
10.492641772216333,$\hat{T}_{GT}$,8.978869129390892e-07,10.492635271097571,10
11.292432346572342,$\hat{T}_{GT}$,1.6685869321277237e-06,5.646214596771423,10
12.153186115585632,$\hat{T}_{GT}$,7.752046152581974e-07,12.153178279290405,10
13.079549934598068,$\hat{T}_{GT}$,7.203002211321679e-07,13.079546022286872,10
14.076524860608592,$\hat{T}_{GT}$,6.692849092315806e-07,14.076516237275197,10
15.149493150921694,$\hat{T}_{GT}$,6.218824256648389e-07,15.14948727179359,10
16.304247319739442,$\hat{T}_{GT}$,5.778372821770135e-07,16.304243742575835,10
17.54702140956167,$\hat{T}_{GT}$,5.369118868533366e-07,17.547013062750658,10
18.88452464621569,$\hat{T}_{GT}$,4.988847431566733e-07,18.884521969041057,10
20.32397765920527,$\hat{T}_{GT}$,4.635512008525634e-07,20.32396825816464,10
21.87315146291753,$\hat{T}_{GT}$,4.3071998290903107e-07,21.873143262432233,10
23.540409409131357,$\hat{T}_{GT}$,4.002140344656322e-07,23.54040358614818,10
25.33475233731158,$\hat{T}_{GT}$,3.7186872587734057e-07,25.334746475209496,10
27.265867166436806,$\hat{T}_{GT}$,3.4553092035270415e-07,27.26586634430521,10
29.344179190688156,$\hat{T}_{GT}$,3.210586201671046e-07,29.344173619316166,10
31.580908361321878,$\hat{T}_{GT}$,2.983194768908309e-07,31.580907791713713,10
33.98812985856841,$\hat{T}_{GT}$,2.7719090303806773e-07,33.98812799735982,10
36.57883928056072,$\hat{T}_{GT}$,2.5755877040412775e-07,36.57883549210566,10
39.36702280122011,$\hat{T}_{GT}$,2.3931706567602165e-07,39.3670207577911,10
42.36773267585289,$\hat{T}_{GT}$,2.223673539819211e-07,42.36772945064392,10
45.597168502081885,$\hat{T}_{GT}$,2.066181017705725e-07,45.59716603447865,10
49.07276467480673,$\hat{T}_{GT}$,1.9198430950635266e-07,49.072759729095765,10
52.81328450732654,$\hat{T}_{GT}$,1.7838695734464592e-07,52.81327756468047,10
56.8389215267461,$\hat{T}_{GT}$,1.6575262382259694e-07,56.83891859380155,10
61.17140849051769,$\hat{T}_{GT}$,1.5401312777098495e-07,61.17140810341033,10
65.83413471265413,$\hat{T}_{GT}$,1.4310510311366651e-07,65.83412951163918,10
70.8522723330089,$\hat{T}_{GT}$,1.3296963478826048e-07,70.85226568579981,10
76.25291221129912,$\hat{T}_{GT}$,1.2355200143122638e-07,76.2529119967821,10
82.06521017950769,$\hat{T}_{GT}$,1.1480138900496585e-07,82.06520821585248,10
88.32054444222037,$\hat{T}_{GT}$,1.0667054663001609e-07,88.32053635985177,10
95.0526849746383,$\hat{T}_{GT}$,9.911556210467138e-08,95.05268085159327,10
102.29797583277549,$\hat{T}_{GT}$,9.209566824340591e-08,102.2979698378611,10
110.0955313600591,$\hat{T}_{GT}$,8.557295586532015e-08,110.09552956180747,10
118.4874473495718,$\hat{T}_{GT}$,7.951222114765873e-08,118.48744452335063,10
127.51902830191335,$\hat{T}_{GT}$,7.388074185426033e-08,127.519021272772,10
137.239032005553,$\hat{T}_{GT}$,6.864811204305499e-08,137.23902394071342,10
147.6999327600634,$\hat{T}_{GT}$,6.378608291004358e-08,147.69992861057418,10
158.95820466326612,$\hat{T}_{GT}$,5.926841205818214e-08,158.95819653330804,10
171.07462649164432,$\hat{T}_{GT}$,5.5070703899969573e-08,171.0746227118191,10
184.11460981994108,$\hat{T}_{GT}$,5.11703005937904e-08,184.1146091157588,10
198.14855215133173,$\hat{T}_{GT}$,4.754614579293397e-08,198.14855095072133,10
213.25221696456873,$\hat{T}_{GT}$,4.417867339926087e-08,213.25221350623943,10
229.50714272982336,$\hat{T}_{GT}$,4.104970330916436e-08,229.5071372673798,10
247.00108310132606,$\hat{T}_{GT}$,3.814234279881341e-08,247.00108071113792,10
265.8284806632307,$\hat{T}_{GT}$,3.544089842110443e-08,265.8284725240329,10
286.0909767862566,$\hat{T}_{GT}$,3.293078413498882e-08,286.09096745290117,10
307.8979603476156,$\hat{T}_{GT}$,3.059844905641268e-08,307.8979550496906,10
331.36715827654194,$\hat{T}_{GT}$,2.8431302864453763e-08,331.3671532070539,10
356.62527111352796,$\hat{T}_{GT}$,2.6417645486662828e-08,356.62526764234053,10
383.8086570143992,$\hat{T}_{GT}$,2.454660638380156e-08,383.80865138158987,10
413.0640678918749,$\hat{T}_{GT}$,2.2808083841786344e-08,413.064067876722,10
444.5494416687491,$\hat{T}_{GT}$,2.119269342052064e-08,444.5494352803293,10
478.43475491973123,$\hat{T}_{GT}$,1.9691713232809632e-08,478.43474972326595,10
514.9029405050194,$\hat{T}_{GT}$,1.8297040634818022e-08,514.9029332226381,10
554.1508751495202,$\hat{T}_{GT}$,1.700114608125963e-08,554.1508700137923,10
596.390442299262,$\hat{T}_{GT}$,1.579703389520592e-08,596.3904334611033,10
641.8496759929147,$\hat{T}_{GT}$,1.467820314721225e-08,641.8496731291607,10
690.7739919237116,$\hat{T}_{GT}$,1.363861425569063e-08,690.7739830115556,10
743.4275123377766,$\hat{T}_{GT}$,1.2672654462106267e-08,743.4275052896647,10
800.0944919214219,$\hat{T}_{GT}$,1.1775109121996878e-08,800.0944869854344,10
861.0808523752157,$\hat{T}_{GT}$,1.0941132832201732e-08,861.0808438805628,10
926.7158339593304,$\hat{T}_{GT}$,1.0166223136378043e-08,926.7158280688815,10
997.35377292621,$\hat{T}_{GT}$,9.446196692939437e-09,997.3537708783346,10
1073.3760144361563,$\hat{T}_{GT}$,8.777166405227062e-09,1073.3760142169572,10
1155.1929712829099,$\hat{T}_{GT}$,8.155520490985822e-09,1155.1929643944509,10
1243.246339543401,$\hat{T}_{GT}$,7.577902811153388e-09,1243.246334367761,10
1338.011483113092,$\hat{T}_{GT}$,7.041195110495538e-09,1338.0114801986454,10
1.0,$\hat{T}_{Reset}$,0.0006594876722911544,0.01428563457362441,10
1.0762239473831834,$\hat{T}_{Reset}$,2.6261883502284785e-05,0.3587404494937294,10
1.1582579849210413,$\hat{T}_{Reset}$,0.00013827771044647432,0.06813245505542584,10
1.2465449806198148,$\hat{T}_{Reset}$,0.000536610435939295,0.01755687042438994,10
1.3415615596333508,$\hat{T}_{Reset}$,0.0001755642635430273,0.053662400889761104,10
1.4438206773661448,$\hat{T}_{Reset}$,0.0003588860178007465,0.026251231379519083,10
1.5538743887084543,$\hat{T}_{Reset}$,0.00027283806151588827,0.034530372484753095,10
1.6723168283534438,$\hat{T}_{Reset}$,0.0001239401706994169,0.07601409485718841,10
1.7997874182858689,$\hat{T}_{Reset}$,0.0003193132148559165,0.029504572481952315,10
1.9369743197582066,$\hat{T}_{Reset}$,9.727768401289902e-06,0.9684852171143743,10
2.0846181483900335,$\hat{T}_{Reset}$,1.8077625323137553e-05,0.5211525144347032,10
2.2435159724469447,$\hat{T}_{Reset}$,4.199316351298009e-05,0.22435080151200104,10
2.4145256158840724,$\hat{T}_{Reset}$,5.072458113201658e-05,0.18573243350480984,10
2.5985702893845684,$\hat{T}_{Reset}$,0.0002139068453816062,0.04404347077043907,10
2.796643574394121,$\hat{T}_{Reset}$,3.705637622328151e-05,0.25423964381715547,10
3.009814787058257,$\hat{T}_{Reset}$,1.2520659087494366e-05,0.7524523929871627,10
3.239234751020113,$\hat{T}_{Reset}$,2.90846479594211e-06,3.23923463172257,10
3.486142010243649,$\hat{T}_{Reset}$,8.107428837043382e-06,1.1620453390988164,10
3.751869515402767,$\hat{T}_{Reset}$,5.5243624383531375e-05,0.17053913455703942,10
4.037851819933397,$\hat{T}_{Reset}$,9.332885354836302e-06,1.009462726045331,10
4.345632824597091,$\hat{T}_{Reset}$,1.5175789845662217e-05,0.620804583351193,10
4.676874112365815,$\hat{T}_{Reset}$,2.014423270617622e-06,4.676872050466861,10
5.03336391862456,$\hat{T}_{Reset}$,2.6204518782088836e-05,0.35952577379902606,10
5.417026785118212,$\hat{T}_{Reset}$,0.0001478307147006341,0.06372965125170425,10
5.829933949760359,$\hat{T}_{Reset}$,0.00015836848144018358,0.059489109237433876,10
6.274314528394325,$\hat{T}_{Reset}$,8.558841283045386e-05,0.1100756466979298,10
6.752567548872198,$\hat{T}_{Reset}$,0.00015347245378735135,0.0613869111991618,10
7.267274902418825,$\hat{T}_{Reset}$,8.556160824710193e-05,0.11011013099418579,10
7.821215282199927,$\hat{T}_{Reset}$,1.8068566596520475e-05,0.5214137957117125,10
8.417379184342884,$\hat{T}_{Reset}$,3.693547484470312e-05,0.2550718498076297,10
9.058985052394538,$\hat{T}_{Reset}$,5.199921377188777e-06,1.8117966039815325,10
9.749496652373306,$\hat{T}_{Reset}$,0.00011499295547356805,0.08192849599667112,10
10.492641772216333,$\hat{T}_{Reset}$,4.579223255989355e-05,0.20573794649210922,10
11.292432346572342,$\hat{T}_{Reset}$,0.00013432124803628174,0.07013931176113569,10
12.153186115585632,$\hat{T}_{Reset}$,5.814034614436481e-05,0.1620423770572054,10
13.079549934598068,$\hat{T}_{Reset}$,0.00010804503316982519,0.08719697348191247,10
14.076524860608592,$\hat{T}_{Reset}$,8.031418910778968e-06,1.173043019772933,10
15.149493150921694,$\hat{T}_{Reset}$,7.400400865411584e-05,0.12730661572935786,10
16.304247319739442,$\hat{T}_{Reset}$,1.5601606618779363e-05,0.6038608793546607,10
17.54702140956167,$\hat{T}_{Reset}$,5.369118868533366e-07,17.547013062750658,10
18.88452464621569,$\hat{T}_{Reset}$,2.6939776130460357e-05,0.34971336979705653,10
20.32397765920527,$\hat{T}_{Reset}$,1.2052331222166648e-05,0.7816910868524862,10
21.87315146291753,$\hat{T}_{Reset}$,3.4457598632722486e-06,2.734142907804029,10
23.540409409131357,$\hat{T}_{Reset}$,5.2027824480532185e-06,1.8108002758575523,10
25.33475233731158,$\hat{T}_{Reset}$,2.0452779923253733e-05,0.4606317540947181,10
27.265867166436806,$\hat{T}_{Reset}$,3.109778283174337e-06,3.0295407049228014,10
29.344179190688156,$\hat{T}_{Reset}$,9.631758605013137e-07,9.781391206438723,10
31.580908361321878,$\hat{T}_{Reset}$,2.9831947689083087e-06,3.158090779171372,10
33.98812985856841,$\hat{T}_{Reset}$,5.543818060761355e-07,16.99406399867991,10
36.57883928056072,$\hat{T}_{Reset}$,2.5755877040412775e-07,36.57883549210566,10
39.36702280122011,$\hat{T}_{Reset}$,9.333365561364844e-06,1.0094107886613104,10
42.36773267585289,$\hat{T}_{Reset}$,2.8240653955703978e-05,0.33360416890270805,10
45.597168502081885,$\hat{T}_{Reset}$,2.066181017705725e-07,45.59716603447865,10
49.07276467480673,$\hat{T}_{Reset}$,1.9198430950635266e-07,49.072759729095765,10
52.81328450732654,$\hat{T}_{Reset}$,2.319030445480397e-06,4.062559812667728,10
56.8389215267461,$\hat{T}_{Reset}$,1.6575262382259694e-07,56.83891859380155,10
61.17140849051769,$\hat{T}_{Reset}$,1.5401312777098495e-07,61.17140810341033,10
65.83413471265413,$\hat{T}_{Reset}$,1.4310510311366651e-07,65.83412951163918,10
70.8522723330089,$\hat{T}_{Reset}$,1.3296963478826048e-07,70.85226568579981,10
76.25291221129912,$\hat{T}_{Reset}$,9.019296104479526e-06,1.0445604383120835,10
82.06521017950769,$\hat{T}_{Reset}$,1.0332125010446927e-06,9.118356468428054,10
88.32054444222037,$\hat{T}_{Reset}$,1.0667054663001609e-07,88.32053635985177,10
95.0526849746383,$\hat{T}_{Reset}$,9.911556210467138e-08,95.05268085159327,10
102.29797583277549,$\hat{T}_{Reset}$,1.8419133648681182e-07,51.14898491893055,10
110.0955313600591,$\hat{T}_{Reset}$,3.422918234612806e-07,27.523882390451867,10
118.4874473495718,$\hat{T}_{Reset}$,2.0673177498391267e-06,4.557209404744255,10
127.51902830191335,$\hat{T}_{Reset}$,7.388074185426033e-08,127.519021272772,10
137.239032005553,$\hat{T}_{Reset}$,2.0594433612916497e-06,4.574634131357113,10
147.6999327600634,$\hat{T}_{Reset}$,6.378608291004358e-08,147.69992861057418,10
158.95820466326612,$\hat{T}_{Reset}$,5.926841205818214e-08,158.95819653330804,10
171.07462649164432,$\hat{T}_{Reset}$,4.681009831497414e-06,2.0126426201390486,10
184.11460981994108,$\hat{T}_{Reset}$,5.11703005937904e-08,184.1146091157588,10
198.14855215133173,$\hat{T}_{Reset}$,4.754614579293397e-08,198.14855095072133,10
213.25221696456873,$\hat{T}_{Reset}$,4.417867339926087e-08,213.25221350623943,10
229.50714272982336,$\hat{T}_{Reset}$,4.104970330916436e-08,229.5071372673798,10
247.00108310132606,$\hat{T}_{Reset}$,6.751194675389973e-06,1.395486331701344,10
265.8284806632307,$\hat{T}_{Reset}$,3.544089842110443e-08,265.8284725240329,10
286.0909767862566,$\hat{T}_{Reset}$,3.293078413498882e-08,286.09096745290117,10
307.8979603476156,$\hat{T}_{Reset}$,3.059844905641268e-08,307.8979550496906,10
331.36715827654194,$\hat{T}_{Reset}$,9.382329945269741e-07,10.04142888506224,10
356.62527111352796,$\hat{T}_{Reset}$,2.6417645486662828e-08,356.62526764234053,10
383.8086570143992,$\hat{T}_{Reset}$,2.454660638380156e-08,383.80865138158987,10
413.0640678918749,$\hat{T}_{Reset}$,3.193131737850088e-07,29.504576276908715,10
444.5494416687491,$\hat{T}_{Reset}$,2.119269342052064e-08,444.5494352803293,10
478.43475491973123,$\hat{T}_{Reset}$,1.9691713232809632e-08,478.43474972326595,10
514.9029405050194,$\hat{T}_{Reset}$,1.8297040634818022e-08,514.9029332226381,10
554.1508751495202,$\hat{T}_{Reset}$,1.700114608125963e-08,554.1508700137923,10
596.390442299262,$\hat{T}_{Reset}$,1.579703389520592e-08,596.3904334611033,10
641.8496759929147,$\hat{T}_{Reset}$,5.8712812588849e-08,160.46241828229017,10
690.7739919237116,$\hat{T}_{Reset}$,1.363861425569063e-08,690.7739830115556,10
743.4275123377766,$\hat{T}_{Reset}$,1.2672654462106267e-08,743.4275052896647,10
800.0944919214219,$\hat{T}_{Reset}$,1.1775109121996878e-08,800.0944869854344,10
861.0808523752157,$\hat{T}_{Reset}$,1.0941132832201732e-08,861.0808438805628,10
926.7158339593304,$\hat{T}_{Reset}$,1.0166223136378043e-08,926.7158280688815,10
997.35377292621,$\hat{T}_{Reset}$,9.446196692939437e-09,997.3537708783346,10
1073.3760144361563,$\hat{T}_{Reset}$,1.9309766091499536e-07,48.7898188280435,10
1155.1929712829099,$\hat{T}_{Reset}$,8.155520490985822e-09,1155.1929643944509,10
1243.246339543401,$\hat{T}_{Reset}$,7.577902811153388e-09,1243.246334367761,10
1338.011483113092,$\hat{T}_{Reset}$,7.041195110495538e-09,1338.0114801986454,10
1.0,$\hat{T}_{MLG}$,0.8514650620672113,1.1064693446479815e-05,10
1.0762239473831834,$\hat{T}_{MLG}$,0.6052541735297723,1.5565691744376174e-05,10
1.1582579849210413,$\hat{T}_{MLG}$,2.120374668637802,4.443176968443076e-06,10
1.2465449806198148,$\hat{T}_{MLG}$,1.9197815583922848,4.907433270716151e-06,10
1.3415615596333508,$\hat{T}_{MLG}$,2.2170213570906894,4.249485401676361e-06,10
1.4438206773661448,$\hat{T}_{MLG}$,0.5208763856784903,1.8087208695187066e-05,10
1.5538743887084543,$\hat{T}_{MLG}$,0.7257027862162212,1.29821740678209e-05,10
1.6723168283534438,$\hat{T}_{MLG}$,0.9871919457930763,9.543432695444987e-06,10
1.7997874182858689,$\hat{T}_{MLG}$,0.7019855963409846,1.3420788035065777e-05,10
1.9369743197582066,$\hat{T}_{MLG}$,0.5532200552585884,1.7029751186004824e-05,10
2.0846181483900335,$\hat{T}_{MLG}$,0.5193086602400708,1.8141811630497902e-05,10
2.2435159724469447,$\hat{T}_{MLG}$,0.36518422727959887,2.5798485225782693e-05,10
2.4145256158840724,$\hat{T}_{MLG}$,0.47965208647370516,1.9641736495767493e-05,10
2.5985702893845684,$\hat{T}_{MLG}$,0.4298710257558344,2.1916340780578257e-05,10
2.796643574394121,$\hat{T}_{MLG}$,0.5127264907072715,1.837470866614614e-05,10
3.009814787058257,$\hat{T}_{MLG}$,0.4007142262858717,2.3511019260495294e-05,10
3.239234751020113,$\hat{T}_{MLG}$,0.4926123504787333,1.912497703925985e-05,10
3.486142010243649,$\hat{T}_{MLG}$,0.31764538562715017,2.9659489224314236e-05,10
3.751869515402767,$\hat{T}_{MLG}$,0.35198474152763687,2.6765932668765626e-05,10
4.037851819933397,$\hat{T}_{MLG}$,0.3379343124953335,2.7878790474381606e-05,10
4.345632824597091,$\hat{T}_{MLG}$,0.34441011673651145,2.7354596843533556e-05,10
4.676874112365815,$\hat{T}_{MLG}$,0.3253242006083558,2.895941917184141e-05,10
5.03336391862456,$\hat{T}_{MLG}$,0.3309392265268344,2.8468066451462736e-05,10
5.417026785118212,$\hat{T}_{MLG}$,0.7565604675120264,1.2452672716489565e-05,10
5.829933949760359,$\hat{T}_{MLG}$,1.3965949580258885,6.7458355323569486e-06,10
6.274314528394325,$\hat{T}_{MLG}$,0.5533882361804744,1.7024575652687168e-05,10
6.752567548872198,$\hat{T}_{MLG}$,1.491043956161291,6.31852592489398e-06,10
7.267274902418825,$\hat{T}_{MLG}$,0.37128999753167724,2.5374235650821198e-05,10
7.821215282199927,$\hat{T}_{MLG}$,0.4119764222106048,2.2868298728380688e-05,10
8.417379184342884,$\hat{T}_{MLG}$,1.3500112971100788,6.978608188190149e-06,10
9.058985052394538,$\hat{T}_{MLG}$,0.39203317148404715,2.403163960972362e-05,10
9.749496652373306,$\hat{T}_{MLG}$,0.4154484159188903,2.2677183330507483e-05,10
10.492641772216333,$\hat{T}_{MLG}$,0.49701646969631663,1.8955508452100336e-05,10
11.292432346572342,$\hat{T}_{MLG}$,0.8754048736212259,1.0762105827889196e-05,10
12.153186115585632,$\hat{T}_{MLG}$,0.7575553026437578,1.243631964462922e-05,10
13.079549934598068,$\hat{T}_{MLG}$,0.33959333349323995,2.7742593752504103e-05,10
14.076524860608592,$\hat{T}_{MLG}$,0.49363660445328794,1.9085294338323555e-05,10
15.149493150921694,$\hat{T}_{MLG}$,0.32609034165536394,2.8891379745673707e-05,10
16.304247319739442,$\hat{T}_{MLG}$,0.299953708087584,3.14088462257339e-05,10
17.54702140956167,$\hat{T}_{MLG}$,0.2851506761723337,3.3039374195514106e-05,10
18.88452464621569,$\hat{T}_{MLG}$,0.9186105167812356,1.0255924268288374e-05,10
20.32397765920527,$\hat{T}_{MLG}$,0.5837664058701343,1.6138646892704985e-05,10
21.87315146291753,$\hat{T}_{MLG}$,0.4487831413265487,2.0992766939314328e-05,10
23.540409409131357,$\hat{T}_{MLG}$,0.3854903816020808,2.4439520003086754e-05,10
25.33475233731158,$\hat{T}_{MLG}$,1.4332175495899961,6.573461157279818e-06,10
27.265867166436806,$\hat{T}_{MLG}$,0.373528721153092,2.5222156580297583e-05,10
29.344179190688156,$\hat{T}_{MLG}$,0.3233290362038542,2.9138118873498486e-05,10
31.580908361321878,$\hat{T}_{MLG}$,0.3048744343295911,3.0901902000666305e-05,10
33.98812985856841,$\hat{T}_{MLG}$,0.45402589469573035,2.0750358079191288e-05,10
36.57883928056072,$\hat{T}_{MLG}$,0.2886871735698856,3.2634632760644316e-05,10
39.36702280122011,$\hat{T}_{MLG}$,0.29539794003432285,3.189324844671203e-05,10
42.36773267585289,$\hat{T}_{MLG}$,0.5896933631823704,1.5976438739820056e-05,10
45.597168502081885,$\hat{T}_{MLG}$,0.26055829127986896,3.6157743612319635e-05,10
49.07276467480673,$\hat{T}_{MLG}$,0.2555391554364485,3.6867930771981486e-05,10
52.81328450732654,$\hat{T}_{MLG}$,0.2559092770829308,3.6814608675200686e-05,10
56.8389215267461,$\hat{T}_{MLG}$,0.24939469710962234,3.7776263895540964e-05,10
61.17140849051769,$\hat{T}_{MLG}$,0.24597743963478558,3.830107308275793e-05,10
65.83413471265413,$\hat{T}_{MLG}$,0.4173104856543574,2.2575996089311846e-05,10
70.8522723330089,$\hat{T}_{MLG}$,0.2470156120225293,3.8140098980069045e-05,10
76.25291221129912,$\hat{T}_{MLG}$,0.25165908958730915,3.7436358478492644e-05,10
82.06521017950769,$\hat{T}_{MLG}$,0.2458222259650664,3.832525661654549e-05,10
88.32054444222037,$\hat{T}_{MLG}$,0.2498595089849135,3.770598897931258e-05,10
95.0526849746383,$\hat{T}_{MLG}$,0.25242905983953384,3.732216844665406e-05,10
102.29797583277549,$\hat{T}_{MLG}$,0.24534802777504047,3.8399330035780426e-05,10
110.0955313600591,$\hat{T}_{MLG}$,0.2544908679644376,3.701979551375538e-05,10
118.4874473495718,$\hat{T}_{MLG}$,0.253135153850105,3.721806216508515e-05,10
127.51902830191335,$\hat{T}_{MLG}$,0.24540616361060208,3.839023337291021e-05,10
137.239032005553,$\hat{T}_{MLG}$,0.23746940060010807,3.967332156628736e-05,10
147.6999327600634,$\hat{T}_{MLG}$,0.24123076089601841,3.9054720290098375e-05,10
158.95820466326612,$\hat{T}_{MLG}$,0.2328247013754539,4.046477816358901e-05,10
171.07462649164432,$\hat{T}_{MLG}$,0.23383814474712222,4.0289405744088054e-05,10
184.11460981994108,$\hat{T}_{MLG}$,0.23769564445345154,3.963555964108789e-05,10
198.14855215133173,$\hat{T}_{MLG}$,0.2353206308999834,4.003558827855524e-05,10
213.25221696456873,$\hat{T}_{MLG}$,0.23680308540311892,3.978495413657104e-05,10
229.50714272982336,$\hat{T}_{MLG}$,0.2291036469872884,4.112199878112078e-05,10
247.00108310132606,$\hat{T}_{MLG}$,0.23540317536773606,4.0021549740967736e-05,10
265.8284806632307,$\hat{T}_{MLG}$,0.23855733369278675,3.9492392651798276e-05,10
286.0909767862566,$\hat{T}_{MLG}$,0.3175031290565992,2.9672778092470842e-05,10
307.8979603476156,$\hat{T}_{MLG}$,0.23737516954738316,3.968907072346927e-05,10
331.36715827654194,$\hat{T}_{MLG}$,0.2573052624330087,3.661487449995112e-05,10
356.62527111352796,$\hat{T}_{MLG}$,0.23377729808379344,4.0299892116918616e-05,10
383.8086570143992,$\hat{T}_{MLG}$,0.2328200916387901,4.046557934861639e-05,10
413.0640678918749,$\hat{T}_{MLG}$,0.8754778088723857,1.0761209246749606e-05,10
444.5494416687491,$\hat{T}_{MLG}$,0.24082957712230943,3.9119779242799914e-05,10
478.43475491973123,$\hat{T}_{MLG}$,0.235199347335533,4.0056233143884594e-05,10
514.9029405050194,$\hat{T}_{MLG}$,0.24816363530664295,3.796366006856851e-05,10
554.1508751495202,$\hat{T}_{MLG}$,0.24684311740173728,3.8166751381723124e-05,10
596.390442299262,$\hat{T}_{MLG}$,0.24918672594468358,3.7807791953785664e-05,10
641.8496759929147,$\hat{T}_{MLG}$,0.24497288692743083,3.845813310332778e-05,10
690.7739919237116,$\hat{T}_{MLG}$,0.2425662929863208,3.8839691105362675e-05,10
743.4275123377766,$\hat{T}_{MLG}$,0.245919727742339,3.8310061493043815e-05,10
800.0944919214219,$\hat{T}_{MLG}$,0.25302599587508506,3.7234118413717054e-05,10
861.0808523752157,$\hat{T}_{MLG}$,0.24652022018347097,3.8216742972036685e-05,10
926.7158339593304,$\hat{T}_{MLG}$,0.2383799946135182,3.952177240139654e-05,10
997.35377292621,$\hat{T}_{MLG}$,0.23636304582755258,3.98590222053374e-05,10
1073.3760144361563,$\hat{T}_{MLG}$,0.23798511762706392,3.958734893215109e-05,10
1155.1929712829099,$\hat{T}_{MLG}$,0.24202951744000561,3.8925830170681274e-05,10
1243.246339543401,$\hat{T}_{MLG}$,0.24154493722314513,3.900392200503075e-05,10
1338.011483113092,$\hat{T}_{MLG}$,0.23365598972355178,4.032081481543965e-05,10
1.0,$\hat{T}_{MLD}$,0.32376843742875183,2.9098574175362046e-05,10
1.0762239473831834,$\hat{T}_{MLD}$,0.3378249657545039,2.7887814244634454e-05,10
1.1582579849210413,$\hat{T}_{MLD}$,0.33127937333355023,2.8438836373539685e-05,10
1.2465449806198148,$\hat{T}_{MLD}$,0.3210724111947518,2.9342913198627385e-05,10
1.3415615596333508,$\hat{T}_{MLD}$,0.3248257270677959,2.9003859938086915e-05,10
1.4438206773661448,$\hat{T}_{MLD}$,0.32023096665622636,2.9420015155109677e-05,10
1.5538743887084543,$\hat{T}_{MLD}$,0.32307726059066405,2.9160826345182414e-05,10
1.6723168283534438,$\hat{T}_{MLD}$,0.31368576002929494,3.003387814378874e-05,10
1.7997874182858689,$\hat{T}_{MLD}$,0.305883277127228,3.0799983512151855e-05,10
1.9369743197582066,$\hat{T}_{MLD}$,0.30513052112628103,3.0875966971073835e-05,10
2.0846181483900335,$\hat{T}_{MLD}$,0.2966457821872119,3.1759089317561646e-05,10
2.2435159724469447,$\hat{T}_{MLD}$,0.3024963614813508,3.114483706853587e-05,10
2.4145256158840724,$\hat{T}_{MLD}$,0.3001481343655136,3.1388500588475015e-05,10
2.5985702893845684,$\hat{T}_{MLD}$,0.30524238375613166,3.086465180958786e-05,10
2.796643574394121,$\hat{T}_{MLD}$,0.2951768764506729,3.191713390779775e-05,10
3.009814787058257,$\hat{T}_{MLD}$,0.28976824624380226,3.251287887574433e-05,10
3.239234751020113,$\hat{T}_{MLD}$,0.294327920854856,3.2009195270358136e-05,10
3.486142010243649,$\hat{T}_{MLD}$,0.281692494677473,3.3444980147406875e-05,10
3.751869515402767,$\hat{T}_{MLD}$,0.2881245858762141,3.269835464929465e-05,10
4.037851819933397,$\hat{T}_{MLD}$,0.2833554265571919,3.3248701133521586e-05,10
4.345632824597091,$\hat{T}_{MLD}$,0.29071528588369705,3.240696430366109e-05,10
4.676874112365815,$\hat{T}_{MLD}$,0.2833331364348737,3.325131684456942e-05,10
5.03336391862456,$\hat{T}_{MLD}$,0.2911208417303218,3.2361818673528285e-05,10
5.417026785118212,$\hat{T}_{MLD}$,0.28779099756861953,3.273625642134707e-05,10
5.829933949760359,$\hat{T}_{MLD}$,0.29248224205329587,3.221118597157388e-05,10
6.274314528394325,$\hat{T}_{MLD}$,0.2786690741105562,3.380784151320621e-05,10
6.752567548872198,$\hat{T}_{MLD}$,0.2810118297753303,3.3525990346007406e-05,10
7.267274902418825,$\hat{T}_{MLD}$,0.2621029297241027,3.594465694099121e-05,10
7.821215282199927,$\hat{T}_{MLD}$,0.26148010500848623,3.603027424153681e-05,10
8.417379184342884,$\hat{T}_{MLD}$,0.25405871300128713,3.7082766345092326e-05,10
9.058985052394538,$\hat{T}_{MLD}$,0.252542979960543,3.730533271458806e-05,10
9.749496652373306,$\hat{T}_{MLD}$,0.2594916906467243,3.630636444920989e-05,10
10.492641772216333,$\hat{T}_{MLD}$,0.25299218207889557,3.723909495837149e-05,10
11.292432346572342,$\hat{T}_{MLD}$,0.2530509629139868,3.723044474390682e-05,10
12.153186115585632,$\hat{T}_{MLD}$,0.24647830468642198,3.822324201778152e-05,10
13.079549934598068,$\hat{T}_{MLD}$,0.24984775163400105,3.770776335006849e-05,10
14.076524860608592,$\hat{T}_{MLD}$,0.25254394471572794,3.730519020270481e-05,10
15.149493150921694,$\hat{T}_{MLD}$,0.24682484041439756,3.816957756903325e-05,10
16.304247319739442,$\hat{T}_{MLD}$,0.2526255080553406,3.729314575034036e-05,10
17.54702140956167,$\hat{T}_{MLD}$,0.24513744602022117,3.8432316421312696e-05,10
18.88452464621569,$\hat{T}_{MLD}$,0.2509913817525921,3.753594974606853e-05,10
20.32397765920527,$\hat{T}_{MLD}$,0.24489476469770205,3.847040137338634e-05,10
21.87315146291753,$\hat{T}_{MLD}$,0.24332247986125646,3.87189868257697e-05,10
23.540409409131357,$\hat{T}_{MLD}$,0.23512153964860408,4.006948876841252e-05,10
25.33475233731158,$\hat{T}_{MLD}$,0.23563488225855214,3.998219534331983e-05,10
27.265867166436806,$\hat{T}_{MLD}$,0.23449263719149702,4.017695397603395e-05,10
29.344179190688156,$\hat{T}_{MLD}$,0.22877805774817192,4.1180522227057336e-05,10
31.580908361321878,$\hat{T}_{MLD}$,0.22815025776861209,4.129383847427644e-05,10
33.98812985856841,$\hat{T}_{MLD}$,0.22405446521531358,4.2048704019837065e-05,10
36.57883928056072,$\hat{T}_{MLD}$,0.22461865193044162,4.194308803473317e-05,10
39.36702280122011,$\hat{T}_{MLD}$,0.23121998829428436,4.0745611837722275e-05,10
42.36773267585289,$\hat{T}_{MLD}$,0.22388359001441607,4.208079695146464e-05,10
45.597168502081885,$\hat{T}_{MLD}$,0.22392279485157277,4.207342936393074e-05,10
49.07276467480673,$\hat{T}_{MLD}$,0.2200032514182361,4.2823002984858054e-05,10
52.81328450732654,$\hat{T}_{MLD}$,0.22084245126066954,4.266027585901664e-05,10
56.8389215267461,$\hat{T}_{MLD}$,0.2158441090158322,4.364816781481191e-05,10
61.17140849051769,$\hat{T}_{MLD}$,0.22157995828462027,4.251828534086118e-05,10
65.83413471265413,$\hat{T}_{MLD}$,0.22617499318647982,4.165447187343953e-05,10
70.8522723330089,$\hat{T}_{MLD}$,0.22082220651101775,4.2664186908627495e-05,10
76.25291221129912,$\hat{T}_{MLD}$,0.22453623668152667,4.19584831000987e-05,10
82.06521017950769,$\hat{T}_{MLD}$,0.21880533151197104,4.30574512378651e-05,10
88.32054444222037,$\hat{T}_{MLD}$,0.22190633812781885,4.245574944657486e-05,10
95.0526849746383,$\hat{T}_{MLD}$,0.22511804208278272,4.185004367040977e-05,10
102.29797583277549,$\hat{T}_{MLD}$,0.22262188010414916,4.231928994469943e-05,10
110.0955313600591,$\hat{T}_{MLD}$,0.22611567205191538,4.1665399866659954e-05,10
118.4874473495718,$\hat{T}_{MLD}$,0.2189486323491655,4.3029270341078277e-05,10
127.51902830191335,$\hat{T}_{MLD}$,0.22398912058962445,4.206097094073776e-05,10
137.239032005553,$\hat{T}_{MLD}$,0.21900963005065613,4.3017285997800697e-05,10
147.6999327600634,$\hat{T}_{MLD}$,0.2223571327335443,4.236967699817951e-05,10
158.95820466326612,$\hat{T}_{MLD}$,0.21711622184089585,4.3392427393405525e-05,10
171.07462649164432,$\hat{T}_{MLD}$,0.2210922890681073,4.261206906795111e-05,10
184.11460981994108,$\hat{T}_{MLD}$,0.22673430454275603,4.155171803914221e-05,10
198.14855215133173,$\hat{T}_{MLD}$,0.2219517138552179,4.2447069808648454e-05,10
213.25221696456873,$\hat{T}_{MLD}$,0.22659051128062663,4.157808656203473e-05,10
229.50714272982336,$\hat{T}_{MLD}$,0.22094646185468636,4.26401935250622e-05,10
247.00108310132606,$\hat{T}_{MLD}$,0.22602107723996057,4.168283775658393e-05,10
265.8284806632307,$\hat{T}_{MLD}$,0.23062411224125443,4.085088848951814e-05,10
286.0909767862566,$\hat{T}_{MLD}$,0.2243944826990716,4.198498901952093e-05,10
307.8979603476156,$\hat{T}_{MLD}$,0.22831261908159062,4.1264472940914435e-05,10
331.36715827654194,$\hat{T}_{MLD}$,0.22195718321103136,4.244602384958255e-05,10
356.62527111352796,$\hat{T}_{MLD}$,0.22443744251833392,4.1976952626306986e-05,10
383.8086570143992,$\hat{T}_{MLD}$,0.22139320713921354,4.255415066207287e-05,10
413.0640678918749,$\hat{T}_{MLD}$,0.2287414360630337,4.1187115261291895e-05,10
444.5494416687491,$\hat{T}_{MLD}$,0.23196097292898324,4.061545256169441e-05,10
478.43475491973123,$\hat{T}_{MLD}$,0.22604052355354373,4.1679251773321686e-05,10
514.9029405050194,$\hat{T}_{MLD}$,0.2395101881784211,3.933527823519288e-05,10
554.1508751495202,$\hat{T}_{MLD}$,0.23996364237264664,3.926094719603872e-05,10
596.390442299262,$\hat{T}_{MLD}$,0.2435402713308652,3.868436148435711e-05,10
641.8496759929147,$\hat{T}_{MLD}$,0.23577840085667864,3.995785813259635e-05,10
690.7739919237116,$\hat{T}_{MLD}$,0.23580206762605954,3.995384767830773e-05,10
743.4275123377766,$\hat{T}_{MLD}$,0.23887274309088782,3.944024659430047e-05,10
800.0944919214219,$\hat{T}_{MLD}$,0.23923359378184986,3.938075645326182e-05,10
861.0808523752157,$\hat{T}_{MLD}$,0.2387739087630312,3.9456571871558954e-05,10
926.7158339593304,$\hat{T}_{MLD}$,0.23150968707164554,4.069462496939064e-05,10
997.35377292621,$\hat{T}_{MLD}$,0.23152538192917257,4.069186632437432e-05,10
1073.3760144361563,$\hat{T}_{MLD}$,0.23393707423629917,4.027236778487395e-05,10
1155.1929712829099,$\hat{T}_{MLD}$,0.23560475172402606,3.998730850384994e-05,10
1243.246339543401,$\hat{T}_{MLD}$,0.23704946316830813,3.9743603576408135e-05,10
1338.011483113092,$\hat{T}_{MLD}$,0.229760718236037,4.100439781217538e-05,10
1.0,$\hat{T}_{emp}$,0.005098150886894537,0.0018017931773743109,11
1.0762239473831834,$\hat{T}_{emp}$,0.0070330570753066295,0.0013060911331834858,11
1.1582579849210413,$\hat{T}_{emp}$,0.00868413539320496,0.0010577694922189898,11
1.2465449806198148,$\hat{T}_{emp}$,0.010434551925896996,0.0008803265871372545,11
1.3415615596333508,$\hat{T}_{emp}$,0.014714441241518142,0.0006242719879374527,11
1.4438206773661448,$\hat{T}_{emp}$,0.01743235419489881,0.0005269405028449567,11
1.5538743887084543,$\hat{T}_{emp}$,0.021973279735161978,0.00041804471594343237,11
1.6723168283534438,$\hat{T}_{emp}$,0.02493216298460896,0.0003684322732408706,11
1.7997874182858689,$\hat{T}_{emp}$,0.03742133710336802,0.00024546994298620665,11
1.9369743197582066,$\hat{T}_{emp}$,0.06891138880326275,0.00013329891683733485,11
2.0846181483900335,$\hat{T}_{emp}$,0.08770677453753889,0.00010473322652288164,11
2.2435159724469447,$\hat{T}_{emp}$,0.10528707771549765,8.724540261296728e-05,11
2.4145256158840724,$\hat{T}_{emp}$,0.14906050149703445,6.162473219247904e-05,11
2.5985702893845684,$\hat{T}_{emp}$,0.1648172958298131,5.573331026324111e-05,11
2.796643574394121,$\hat{T}_{emp}$,0.19227004585287663,4.7775582746052255e-05,11
3.009814787058257,$\hat{T}_{emp}$,0.17241705553639608,5.3276710106514405e-05,11
3.239234751020113,$\hat{T}_{emp}$,0.18861198863410789,4.870217185955825e-05,11
3.486142010243649,$\hat{T}_{emp}$,0.11937930979966431,7.69464449128286e-05,11
3.751869515402767,$\hat{T}_{emp}$,0.10073670370996056,9.118636154384215e-05,11
4.037851819933397,$\hat{T}_{emp}$,0.05672082516254374,0.00016194781121233278,11
4.345632824597091,$\hat{T}_{emp}$,0.04636425128942251,0.0001981227611741249,11
4.676874112365815,$\hat{T}_{emp}$,0.04093962367914523,0.00022437464392010645,11
5.03336391862456,$\hat{T}_{emp}$,0.03338449381238035,0.0002751520971638902,11
5.417026785118212,$\hat{T}_{emp}$,0.03615469141078078,0.0002540697521343606,11
5.829933949760359,$\hat{T}_{emp}$,0.04032508386287612,0.00022779403302587963,11
6.274314528394325,$\hat{T}_{emp}$,0.041244841100779896,0.00022271424110439052,11
6.752567548872198,$\hat{T}_{emp}$,0.042799153321688786,0.00021462605617892893,11
7.267274902418825,$\hat{T}_{emp}$,0.04418934172290401,0.00020787396071279834,11
7.821215282199927,$\hat{T}_{emp}$,0.0464081649431261,0.00019793528782033768,11
8.417379184342884,$\hat{T}_{emp}$,0.04895426940726473,0.000187640702158415,11
9.058985052394538,$\hat{T}_{emp}$,0.05973070179974914,0.00015378713473060095,11
9.749496652373306,$\hat{T}_{emp}$,0.060488201974063564,0.0001518612421174316,11
10.492641772216333,$\hat{T}_{emp}$,0.07366591815384346,0.00012469556771216468,11
11.292432346572342,$\hat{T}_{emp}$,0.07826032490789721,0.00011737510029560882,11
12.153186115585632,$\hat{T}_{emp}$,0.08736030257634324,0.00010514859969954872,11
13.079549934598068,$\hat{T}_{emp}$,0.08193709463896312,0.00011210811813265449,11
14.076524860608592,$\hat{T}_{emp}$,0.08165777006303755,0.0001124916034094511,11
15.149493150921694,$\hat{T}_{emp}$,0.08119015757078922,0.00011313949572301682,11
16.304247319739442,$\hat{T}_{emp}$,0.05179845819879804,0.0001773375850295969,11
17.54702140956167,$\hat{T}_{emp}$,0.051663935756427234,0.000177799336243728,11
18.88452464621569,$\hat{T}_{emp}$,0.05507202669474934,0.00016679635808840063,11
20.32397765920527,$\hat{T}_{emp}$,0.05712938845371765,0.00016078963443960358,11
21.87315146291753,$\hat{T}_{emp}$,0.04650703766355282,0.00019751448268291263,11
23.540409409131357,$\hat{T}_{emp}$,0.028355349903675473,0.0003239534520447123,11
25.33475233731158,$\hat{T}_{emp}$,0.03647531027581281,0.00025183647282974825,11
27.265867166436806,$\hat{T}_{emp}$,0.04061877370498117,0.0002261469918306493,11
29.344179190688156,$\hat{T}_{emp}$,0.04681062197332298,0.0001962335277336476,11
31.580908361321878,$\hat{T}_{emp}$,0.04964968086170829,0.00018501253836489037,11
33.98812985856841,$\hat{T}_{emp}$,0.05027368423328551,0.00018271613917544496,11
36.57883928056072,$\hat{T}_{emp}$,0.04791264711768988,0.00019172001627603384,11
39.36702280122011,$\hat{T}_{emp}$,0.05665932119230022,0.0001621236063534006,11
42.36773267585289,$\hat{T}_{emp}$,0.06074604860915379,0.00015121664199648313,11
45.597168502081885,$\hat{T}_{emp}$,0.04115741997974161,0.00022318730109304193,11
49.07276467480673,$\hat{T}_{emp}$,0.03666556662728863,0.00025052970212097463,11
52.81328450732654,$\hat{T}_{emp}$,0.048695177269438415,0.00018863908091770062,11
56.8389215267461,$\hat{T}_{emp}$,0.055820876466723825,0.00016455874695387942,11
61.17140849051769,$\hat{T}_{emp}$,0.06705160005490038,0.0001369961861866119,11
65.83413471265413,$\hat{T}_{emp}$,0.07245858934118979,0.00012677328621424878,11
70.8522723330089,$\hat{T}_{emp}$,0.06811403320555716,0.00013485933886061432,11
76.25291221129912,$\hat{T}_{emp}$,0.07159698162666422,0.00012829889300543332,11
82.06521017950769,$\hat{T}_{emp}$,0.0843578291110485,0.00010889106064049112,11
88.32054444222037,$\hat{T}_{emp}$,0.0629364781794062,0.00014595372589877633,11
95.0526849746383,$\hat{T}_{emp}$,0.05208997224425864,0.00017634514071456105,11
102.29797583277549,$\hat{T}_{emp}$,0.04818975268479364,0.00019061756853817527,11
110.0955313600591,$\hat{T}_{emp}$,0.04033970701154664,0.0002277114576613575,11
118.4874473495718,$\hat{T}_{emp}$,0.0403384458902113,0.00022771857672038967,11
127.51902830191335,$\hat{T}_{emp}$,0.03633344066525623,0.0002528198077870253,11
137.239032005553,$\hat{T}_{emp}$,0.028947698858471878,0.00031732447992297095,11
147.6999327600634,$\hat{T}_{emp}$,0.026937022852101363,0.0003410107173189253,11
158.95820466326612,$\hat{T}_{emp}$,0.0235909807186455,0.00038937819477641376,11
171.07462649164432,$\hat{T}_{emp}$,0.024271380695632994,0.00037846275003564664,11
184.11460981994108,$\hat{T}_{emp}$,0.030072696379709513,0.0003054536038021909,11
198.14855215133173,$\hat{T}_{emp}$,0.033388902927702184,0.00027511576241728093,11
213.25221696456873,$\hat{T}_{emp}$,0.026388748117789292,0.0003480958416151235,11
229.50714272982336,$\hat{T}_{emp}$,0.02158651076217668,0.0004255348901188103,11
247.00108310132606,$\hat{T}_{emp}$,0.01688404656897045,0.0005440528399224558,11
265.8284806632307,$\hat{T}_{emp}$,0.015069789499466187,0.0006095515458631162,11
286.0909767862566,$\hat{T}_{emp}$,0.017725165726324568,0.0005182356897001554,11
307.8979603476156,$\hat{T}_{emp}$,0.014997737392946823,0.0006124799524461135,11
331.36715827654194,$\hat{T}_{emp}$,0.015908667219514887,0.0005774093680181638,11
356.62527111352796,$\hat{T}_{emp}$,0.015336980850919038,0.0005989323175480738,11
383.8086570143992,$\hat{T}_{emp}$,0.013080514234088073,0.0007022517097449397,11
413.0640678918749,$\hat{T}_{emp}$,0.01537148696012472,0.000597587826672875,11
444.5494416687491,$\hat{T}_{emp}$,0.016798230287922874,0.0005468322155242467,11
478.43475491973123,$\hat{T}_{emp}$,0.019351014125387846,0.00047469416464225025,11
514.9029405050194,$\hat{T}_{emp}$,0.025528334237250993,0.0003598281579934586,11
554.1508751495202,$\hat{T}_{emp}$,0.03276005869031873,0.0002803967346965091,11
596.390442299262,$\hat{T}_{emp}$,0.036339207958553756,0.0002527796834677337,11
641.8496759929147,$\hat{T}_{emp}$,0.04123449897647931,0.0002227701006012241,11
690.7739919237116,$\hat{T}_{emp}$,0.042088447528300134,0.00021825023313237814,11
743.4275123377766,$\hat{T}_{emp}$,0.03715482067593026,0.0002472307312515748,11
800.0944919214219,$\hat{T}_{emp}$,0.03809380002914544,0.00024113670671351594,11
861.0808523752157,$\hat{T}_{emp}$,0.04102096203177005,0.00022392974299620543,11
926.7158339593304,$\hat{T}_{emp}$,0.04178491452512108,0.0002198356413941893,11
997.35377292621,$\hat{T}_{emp}$,0.048318596314638106,0.00019010927853565417,11
1073.3760144361563,$\hat{T}_{emp}$,0.04979735303679306,0.000184463890649858,11
1155.1929712829099,$\hat{T}_{emp}$,0.03421115320718126,0.0002685034739870498,11
1243.246339543401,$\hat{T}_{emp}$,0.030885954499969833,0.000297410704443029,11
1338.011483113092,$\hat{T}_{emp}$,0.029528690595285793,0.00031108096227937276,11
1.0,$\hat{T}_{GT}$,9.185857453864031e-06,0.9999952134427426,11
1.0762239473831834,$\hat{T}_{GT}$,8.535263440906104e-06,1.0762190937431924,11
1.1582579849210413,$\hat{T}_{GT}$,7.930717254068457e-06,1.1582575939797939,11
1.2465449806198148,$\hat{T}_{GT}$,7.369033845972455e-06,1.2465424473863524,11
1.3415615596333508,$\hat{T}_{GT}$,6.847110861571959e-06,1.3415605020775858,11
1.4438206773661448,$\hat{T}_{GT}$,6.362173063831682e-06,1.4438169777951813,11
1.5538743887084543,$\hat{T}_{GT}$,5.911563017261764e-06,1.5538722091617383,11
1.6723168283534438,$\hat{T}_{GT}$,5.492875740165006e-06,1.6723140882403116,11
1.7997874182858689,$\hat{T}_{GT}$,5.103837575472998e-06,1.7997856219748674,11
1.9369743197582066,$\hat{T}_{GT}$,4.742370711118488e-06,1.9369665605633126,11
2.0846181483900335,$\hat{T}_{GT}$,4.40648987829275e-06,2.0846101407114364,11
2.2435159724469447,$\hat{T}_{GT}$,4.0943837338323025e-06,2.2435155281924537,11
2.4145256158840724,$\hat{T}_{GT}$,3.804407786861858e-06,2.414518632033521,11
2.5985702893845684,$\hat{T}_{GT}$,3.5349554065375464e-06,2.5985655910236165,11
2.796643574394121,$\hat{T}_{GT}$,3.284590017474019e-06,2.796639287205661,11
3.009814787058257,$\hat{T}_{GT}$,3.0519534027754463e-06,3.009814460757425,11
3.239234751020113,$\hat{T}_{GT}$,9.92530499044335e-05,0.09254943293003082,11
3.486142010243649,$\hat{T}_{GT}$,2.634955851314711e-06,3.4861356332206124,11
3.751869515402767,$\hat{T}_{GT}$,2.4483340311085323e-06,3.7518628457213854,11
4.037851819933397,$\hat{T}_{GT}$,2.274929818415102e-06,4.037844776957094,11
4.345632824597091,$\hat{T}_{GT}$,2.113807389870635e-06,4.345624643593256,11
4.676874112365815,$\hat{T}_{GT}$,1.9640963192834975e-06,4.6768650778706995,11
5.03336391862456,$\hat{T}_{GT}$,1.8249873619625184e-06,5.033357313419043,11
5.417026785118212,$\hat{T}_{GT}$,1.6957315046564788e-06,5.417021185256702,11
5.829933949760359,$\hat{T}_{GT}$,2.6785700217594423e-05,0.342937216895961,11
6.274314528394325,$\hat{T}_{GT}$,1.46403667119054e-06,6.27430560039289,11
6.752567548872198,$\hat{T}_{GT}$,1.3603443303568999e-06,6.752564979501461,11
7.267274902418825,$\hat{T}_{GT}$,1.2639971888702519e-06,7.26727366651943,11
7.821215282199927,$\hat{T}_{GT}$,1.1744739824651035e-06,7.821214962932823,11
8.417379184342884,$\hat{T}_{GT}$,1.0912920352050811e-06,8.417374258124338,11
9.058985052394538,$\hat{T}_{GT}$,1.01400030217209e-06,9.05898495844078,11
9.749496652373306,$\hat{T}_{GT}$,9.421838313717066e-07,9.749491743939107,11
10.492641772216333,$\hat{T}_{GT}$,8.754535943935952e-07,10.492633240707809,11
11.292432346572342,$\hat{T}_{GT}$,8.134492444276693e-07,11.292423649239934,11
12.153186115585632,$\hat{T}_{GT}$,7.558361891344013e-07,12.15318030187354,11
13.079549934598068,$\hat{T}_{GT}$,7.02303907970096e-07,13.079542034418667,11
14.076524860608592,$\hat{T}_{GT}$,6.525626133827541e-07,14.076524301038255,11
15.149493150921694,$\hat{T}_{GT}$,6.063446693511566e-07,15.149491616807675,11
16.304247319739442,$\hat{T}_{GT}$,5.634002784324176e-07,16.30424023003611,11
17.54702140956167,$\hat{T}_{GT}$,5.234971704977935e-07,17.54701649389352,11
18.88452464621569,$\hat{T}_{GT}$,4.864203596105719e-07,18.884516866410628,11
20.32397765920527,$\hat{T}_{GT}$,4.5196943421110316e-07,20.323970582800328,11
21.87315146291753,$\hat{T}_{GT}$,4.199584409126873e-07,21.873148841271114,11
23.540409409131357,$\hat{T}_{GT}$,3.902148171589942e-07,23.54040154628106,11
25.33475233731158,$\hat{T}_{GT}$,3.62577636936509e-07,25.334749166672673,11
27.265867166436806,$\hat{T}_{GT}$,3.3689793811723914e-07,27.265864364045893,11
29.344179190688156,$\hat{T}_{GT}$,3.130370541961052e-07,29.34417303670646,11
31.580908361321878,$\hat{T}_{GT}$,2.908661061870711e-07,31.58090024873333,11
33.98812985856841,$\hat{T}_{GT}$,2.702653762756188e-07,33.988125344859576,11
36.57883928056072,$\hat{T}_{GT}$,2.5112371584748856e-07,36.57883706535332,11
39.36702280122011,$\hat{T}_{GT}$,2.3333781341935098e-07,39.36701621833908,11
42.36773267585289,$\hat{T}_{GT}$,2.1681156906532532e-07,42.367727537932645,11
45.597168502081885,$\hat{T}_{GT}$,2.014558001945257e-07,45.59716561330846,11
49.07276467480673,$\hat{T}_{GT}$,1.871876423211043e-07,49.07275593264803,11
52.81328450732654,$\hat{T}_{GT}$,1.7392998274614572e-07,52.81328348452864,11
56.8389215267461,$\hat{T}_{GT}$,1.616113296006503e-07,56.838920315363865,11
61.17140849051769,$\hat{T}_{GT}$,1.5016516666681683e-07,61.17140005985975,11
65.83413471265413,$\hat{T}_{GT}$,1.3952965947088958e-07,65.83412817077668,11
70.8522723330089,$\hat{T}_{GT}$,1.2964742253793386e-07,70.8522645912507,11
76.25291221129912,$\hat{T}_{GT}$,1.2046509162574869e-07,76.25290747106322,11
82.06521017950769,$\hat{T}_{GT}$,1.1193311056405669e-07,82.06520339640292,11
88.32054444222037,$\hat{T}_{GT}$,1.0400540412079812e-07,88.32054029194882,11
95.0526849746383,$\hat{T}_{GT}$,9.663918860191023e-08,95.05267602225912,11
102.29797583277549,$\hat{T}_{GT}$,8.97946817663009e-08,102.29796803710839,11
110.0955313600591,$\hat{T}_{GT}$,8.343493622692367e-08,110.09552953031674,11
118.4874473495718,$\hat{T}_{GT}$,7.752562997326916e-08,118.48744071346002,11
127.51902830191335,$\hat{T}_{GT}$,7.203484757786427e-08,127.51902439027435,11
137.239032005553,$\hat{T}_{GT}$,6.693295272579096e-08,137.23902967292585,11
147.6999327600634,$\hat{T}_{GT}$,6.219240414315846e-08,147.6999259280422,11
158.95820466326612,$\hat{T}_{GT}$,5.778760500946879e-08,158.95819672274405,11
171.07462649164432,$\hat{T}_{GT}$,5.3694775058089695e-08,171.0746245848632,11
184.11460981994108,$\hat{T}_{GT}$,4.989182454601932e-08,184.11460332060096,11
198.14855215133173,$\hat{T}_{GT}$,4.6358216708808605e-08,198.14855137613515,11
213.25221696456873,$\hat{T}_{GT}$,4.3074879604634635e-08,213.252214969465,11
229.50714272982336,$\hat{T}_{GT}$,4.002408649525284e-08,229.5071365668989,11
247.00108310132606,$\hat{T}_{GT}$,3.718936605779369e-08,247.00107743047477,11
265.8284806632307,$\hat{T}_{GT}$,3.45554155523697e-08,265.8284769086343,11
286.0909767862566,$\hat{T}_{GT}$,3.210801547388011e-08,286.0909760275914,11
307.8979603476156,$\hat{T}_{GT}$,2.983395376023573e-08,307.8979594543284,11
331.36715827654194,$\hat{T}_{GT}$,2.7720953672880828e-08,331.3671525744719,11
356.62527111352796,$\hat{T}_{GT}$,2.57576072130779e-08,356.6252644992373,11
383.8086570143992,$\hat{T}_{GT}$,2.393331546472001e-08,383.8086494439993,11
413.0640678918749,$\hat{T}_{GT}$,2.223822979421098e-08,413.06405996499797,11
444.5494416687491,$\hat{T}_{GT}$,2.066319900993522e-08,444.5494369392984,11
478.43475491973123,$\hat{T}_{GT}$,1.9199720329193796e-08,478.43475465963127,11
514.9029405050194,$\hat{T}_{GT}$,1.7839893273195292e-08,514.9029394157415,11
554.1508751495202,$\hat{T}_{GT}$,1.6576376525099163e-08,554.150870748058,11
596.390442299262,$\hat{T}_{GT}$,1.5402348701072957e-08,596.3904378162447,11
641.8496759929147,$\hat{T}_{GT}$,1.4311471868333314e-08,641.849669254259,11
690.7739919237116,$\hat{T}_{GT}$,1.3297856602270776e-08,690.7739916267991,11
743.4275123377766,$\hat{T}_{GT}$,1.2356031230906843e-08,743.4275062573792,11
800.0944919214219,$\hat{T}_{GT}$,1.14809108674548e-08,800.0944865159264,11
861.0808523752157,$\hat{T}_{GT}$,1.066777122192268e-08,861.0808475489397,11
926.7158339593304,$\hat{T}_{GT}$,9.912222511791282e-09,926.7158272833566,11
997.35377292621,$\hat{T}_{GT}$,9.210185769170658e-09,997.3537684743699,11
1073.3760144361563,$\hat{T}_{GT}$,8.557871045412068e-09,1073.3760109830055,11
1155.1929712829099,$\hat{T}_{GT}$,7.951756755379169e-09,1155.19296776997,11
1243.246339543401,$\hat{T}_{GT}$,7.388570711584527e-09,1243.2463386767008,11
1338.011483113092,$\hat{T}_{GT}$,6.865272548127809e-09,1338.0114803652452,11
1.0,$\hat{T}_{Reset}$,0.000293947438523649,0.031249850420085705,11
1.0762239473831834,$\hat{T}_{Reset}$,4.2676317204530515e-05,0.2152438187486385,11
1.1582579849210413,$\hat{T}_{Reset}$,7.930717254068457e-06,1.1582575939797939,11
1.2465449806198148,$\hat{T}_{Reset}$,7.369033845972455e-06,1.2465424473863524,11
1.3415615596333508,$\hat{T}_{Reset}$,2.054133258471588e-05,0.44718683402586185,11
1.4438206773661448,$\hat{T}_{Reset}$,6.362173063831682e-06,1.4438169777951813,11
1.5538743887084543,$\hat{T}_{Reset}$,5.911563017261764e-06,1.5538722091617383,11
1.6723168283534438,$\hat{T}_{Reset}$,0.00013182901776396014,0.06967975367667965,11
1.7997874182858689,$\hat{T}_{Reset}$,2.551918787736499e-05,0.3599571243949735,11
1.9369743197582066,$\hat{T}_{Reset}$,3.79389656889479e-05,0.24212082007041408,11
2.0846181483900335,$\hat{T}_{Reset}$,4.40648987829275e-06,2.0846101407114364,11
2.2435159724469447,$\hat{T}_{Reset}$,8.188767467664605e-06,1.1217577640962269,11
2.4145256158840724,$\hat{T}_{Reset}$,3.804407786861858e-06,2.414518632033521,11
2.5985702893845684,$\hat{T}_{Reset}$,3.5349554065375464e-06,2.5985655910236165,11
2.796643574394121,$\hat{T}_{Reset}$,3.284590017474019e-06,2.796639287205661,11
3.009814787058257,$\hat{T}_{Reset}$,6.103906805550892e-05,0.15049072303787125,11
3.239234751020113,$\hat{T}_{Reset}$,0.0004225344124503026,0.02173979968155086,11
3.486142010243649,$\hat{T}_{Reset}$,0.0001686371744841415,0.05447086926907207,11
3.751869515402767,$\hat{T}_{Reset}$,0.00024238506907974468,0.03789760450223622,11
4.037851819933397,$\hat{T}_{Reset}$,8.417240328135877e-05,0.1091309399177593,11
4.345632824597091,$\hat{T}_{Reset}$,0.0002240635833262873,0.04099645890182317,11
4.676874112365815,$\hat{T}_{Reset}$,0.0003280040853203441,0.028005180107010173,11
5.03336391862456,$\hat{T}_{Reset}$,2.5549823067475258e-05,0.35952552238707447,11
5.417026785118212,$\hat{T}_{Reset}$,3.3914630093129575e-06,2.708510592628351,11
5.829933949760359,$\hat{T}_{Reset}$,5.6722659284317606e-05,0.1619425746453149,11
6.274314528394325,$\hat{T}_{Reset}$,1.317633004071486e-05,0.6971450667103212,11
6.752567548872198,$\hat{T}_{Reset}$,3.26482639285656e-05,0.2813568741458942,11
7.267274902418825,$\hat{T}_{Reset}$,7.078384257673411e-05,0.1297727440449898,11
7.821215282199927,$\hat{T}_{Reset}$,7.046843894790621e-06,1.3035358271554705,11
8.417379184342884,$\hat{T}_{Reset}$,1.3095504422460974e-05,0.7014478548436949,11
9.058985052394538,$\hat{T}_{Reset}$,7.09800211520463e-06,1.2941407083486829,11
9.749496652373306,$\hat{T}_{Reset}$,6.5952868196019464e-06,1.3927845348484438,11
10.492641772216333,$\hat{T}_{Reset}$,7.003628755148761e-06,1.3115791550884761,11
11.292432346572342,$\hat{T}_{Reset}$,8.947941688704363e-06,1.0265839681127213,11
12.153186115585632,$\hat{T}_{Reset}$,3.4012628511048056e-05,0.2700706733749676,11
13.079549934598068,$\hat{T}_{Reset}$,3.5115195398504795e-05,0.26159084068837335,11
14.076524860608592,$\hat{T}_{Reset}$,8.94010780334373e-05,0.10274835256232304,11
15.149493150921694,$\hat{T}_{Reset}$,0.00010429128312839893,0.08807843963260277,11
16.304247319739442,$\hat{T}_{Reset}$,1.0141205011783517e-05,0.905791123890895,11
17.54702140956167,$\hat{T}_{Reset}$,5.234971704977935e-07,17.54701649389352,11
18.88452464621569,$\hat{T}_{Reset}$,1.2160508990264296e-05,0.7553806746564253,11
20.32397765920527,$\hat{T}_{Reset}$,2.259847171055516e-06,4.064794116560066,11
21.87315146291753,$\hat{T}_{Reset}$,2.0997922045634365e-06,4.374629768254223,11
23.540409409131357,$\hat{T}_{Reset}$,4.68257780590793e-06,1.9617001288567553,11
25.33475233731158,$\hat{T}_{Reset}$,3.62577636936509e-07,25.334749166672673,11
27.265867166436806,$\hat{T}_{Reset}$,7.209615875708918e-05,0.12741058114040138,11
29.344179190688156,$\hat{T}_{Reset}$,3.130370541961052e-07,29.34417303670646,11
31.580908361321878,$\hat{T}_{Reset}$,8.144250973237991e-06,1.1278892945976189,11
33.98812985856841,$\hat{T}_{Reset}$,2.702653762756188e-07,33.988125344859576,11
36.57883928056072,$\hat{T}_{Reset}$,2.0089897267799085e-06,4.572354633169165,11
39.36702280122011,$\hat{T}_{Reset}$,3.0333915744515627e-05,0.3028232016795314,11
42.36773267585289,$\hat{T}_{Reset}$,2.1681156906532532e-07,42.367727537932645,11
45.597168502081885,$\hat{T}_{Reset}$,6.446585606224823e-06,1.4249114254158894,11
49.07276467480673,$\hat{T}_{Reset}$,3.743752846422086e-07,24.536377966324014,11
52.81328450732654,$\hat{T}_{Reset}$,1.7392998274614572e-07,52.81328348452864,11
56.8389215267461,$\hat{T}_{Reset}$,6.141230524824713e-06,1.495761060930628,11
61.17140849051769,$\hat{T}_{Reset}$,1.5016516666681683e-07,61.17140005985975,11
65.83413471265413,$\hat{T}_{Reset}$,1.3952965947088958e-07,65.83412817077668,11
70.8522723330089,$\hat{T}_{Reset}$,1.2964742253793386e-07,70.8522645912507,11
76.25291221129912,$\hat{T}_{Reset}$,2.385208814189824e-05,0.3851156942982991,11
82.06521017950769,$\hat{T}_{Reset}$,1.1193311056405669e-07,82.06520339640292,11
88.32054444222037,$\hat{T}_{Reset}$,1.0400540412079812e-07,88.32054029194882,11
95.0526849746383,$\hat{T}_{Reset}$,5.798351316114613e-07,15.84211267037652,11
102.29797583277549,$\hat{T}_{Reset}$,8.97946817663009e-08,102.29796803710839,11
110.0955313600591,$\hat{T}_{Reset}$,8.343493622692367e-07,11.009552953031674,11
118.4874473495718,$\hat{T}_{Reset}$,7.752562997326916e-08,118.48744071346002,11
127.51902830191335,$\hat{T}_{Reset}$,3.673777226471078e-06,2.500373027260281,11
137.239032005553,$\hat{T}_{Reset}$,7.161825941659632e-06,1.2826077539525782,11
147.6999327600634,$\hat{T}_{Reset}$,2.176734145010546e-06,4.2199978836583485,11
158.95820466326612,$\hat{T}_{Reset}$,8.668140751420318e-07,10.597213114849604,11
171.07462649164432,$\hat{T}_{Reset}$,1.0738955011617939e-07,85.5373122924316,11
184.11460981994108,$\hat{T}_{Reset}$,4.989182454601932e-08,184.11460332060096,11
198.14855215133173,$\hat{T}_{Reset}$,4.6358216708808605e-08,198.14855137613515,11
213.25221696456873,$\hat{T}_{Reset}$,4.3074879604634635e-08,213.252214969465,11
229.50714272982336,$\hat{T}_{Reset}$,1.3608189408385968e-06,6.750209899026438,11
247.00108310132606,$\hat{T}_{Reset}$,3.718936605779369e-08,247.00107743047477,11
265.8284806632307,$\hat{T}_{Reset}$,3.45554155523697e-08,265.8284769086343,11
286.0909767862566,$\hat{T}_{Reset}$,3.210801547388011e-08,286.0909760275914,11
307.8979603476156,$\hat{T}_{Reset}$,2.983395376023573e-08,307.8979594543284,11
331.36715827654194,$\hat{T}_{Reset}$,2.7720953672880828e-08,331.3671525744719,11
356.62527111352796,$\hat{T}_{Reset}$,2.57576072130779e-08,356.6252644992373,11
383.8086570143992,$\hat{T}_{Reset}$,2.393331546472001e-08,383.8086494439993,11
413.0640678918749,$\hat{T}_{Reset}$,2.223822979421098e-08,413.06405996499797,11
444.5494416687491,$\hat{T}_{Reset}$,2.066319900993522e-08,444.5494369392984,11
478.43475491973123,$\hat{T}_{Reset}$,1.9199720329193796e-08,478.43475465963127,11
514.9029405050194,$\hat{T}_{Reset}$,1.7839893273195292e-08,514.9029394157415,11
554.1508751495202,$\hat{T}_{Reset}$,1.6576376525099163e-08,554.150870748058,11
596.390442299262,$\hat{T}_{Reset}$,1.5402348701072957e-08,596.3904378162447,11
641.8496759929147,$\hat{T}_{Reset}$,1.4311471868333314e-08,641.849669254259,11
690.7739919237116,$\hat{T}_{Reset}$,1.3297856602270776e-08,690.7739916267991,11
743.4275123377766,$\hat{T}_{Reset}$,1.2356031230906843e-08,743.4275062573792,11
800.0944919214219,$\hat{T}_{Reset}$,1.14809108674548e-08,800.0944865159264,11
861.0808523752157,$\hat{T}_{Reset}$,1.066777122192268e-08,861.0808475489397,11
926.7158339593304,$\hat{T}_{Reset}$,9.912222511791282e-09,926.7158272833566,11
997.35377292621,$\hat{T}_{Reset}$,9.210185769170658e-09,997.3537684743699,11
1073.3760144361563,$\hat{T}_{Reset}$,8.557871045412068e-09,1073.3760109830055,11
1155.1929712829099,$\hat{T}_{Reset}$,7.951756755379169e-09,1155.19296776997,11
1243.246339543401,$\hat{T}_{Reset}$,2.216571213475358e-08,414.41544622556694,11
1338.011483113092,$\hat{T}_{Reset}$,6.865272548127809e-09,1338.0114803652452,11
1.0,$\hat{T}_{MLG}$,0.3332876510017177,2.7561217637745678e-05,11
1.0762239473831834,$\hat{T}_{MLG}$,0.3326187840236939,2.761664081057137e-05,11
1.1582579849210413,$\hat{T}_{MLG}$,0.32355244340640166,2.8390493326281035e-05,11
1.2465449806198148,$\hat{T}_{MLG}$,0.31389247363728146,2.9264204327007977e-05,11
1.3415615596333508,$\hat{T}_{MLG}$,0.3690976396981793,2.488721817008325e-05,11
1.4438206773661448,$\hat{T}_{MLG}$,0.3321286947683851,2.765739193849912e-05,11
1.5538743887084543,$\hat{T}_{MLG}$,0.3114357541380941,2.9495051108223998e-05,11
1.6723168283534438,$\hat{T}_{MLG}$,0.34711080623880824,2.646363443641001e-05,11
1.7997874182858689,$\hat{T}_{MLG}$,0.3367883879222788,2.7274733377539117e-05,11
1.9369743197582066,$\hat{T}_{MLG}$,1.0487325217034595,8.758966938787045e-06,11
2.0846181483900335,$\hat{T}_{MLG}$,0.31654175810573815,2.9019278657582118e-05,11
2.2435159724469447,$\hat{T}_{MLG}$,3.5232956357800007,2.607165118915086e-06,11
2.4145256158840724,$\hat{T}_{MLG}$,0.32263953852153104,2.8470823902503076e-05,11
2.5985702893845684,$\hat{T}_{MLG}$,0.31101235685728323,2.953520425378641e-05,11
2.796643574394121,$\hat{T}_{MLG}$,0.29708325533417423,3.091999740913941e-05,11
3.009814787058257,$\hat{T}_{MLG}$,0.34114710842064466,2.6926253391850487e-05,11
3.239234751020113,$\hat{T}_{MLG}$,1.6080791345786283,5.712289456226522e-06,11
3.486142010243649,$\hat{T}_{MLG}$,1.9227571359452773,4.777417445763572e-06,11
3.751869515402767,$\hat{T}_{MLG}$,0.43784337143185914,2.097967922910749e-05,11
4.037851819933397,$\hat{T}_{MLG}$,0.8190794155455055,1.121480202150317e-05,11
4.345632824597091,$\hat{T}_{MLG}$,1.7685083462183986,5.194102422458675e-06,11
4.676874112365815,$\hat{T}_{MLG}$,1.6798602967710254,5.4682008396103234e-06,11
5.03336391862456,$\hat{T}_{MLG}$,1.16950992782905,7.854412576285613e-06,11
5.417026785118212,$\hat{T}_{MLG}$,0.32176018558763875,2.8548633102181633e-05,11
5.829933949760359,$\hat{T}_{MLG}$,0.33234153970192243,2.7639679028598524e-05,11
6.274314528394325,$\hat{T}_{MLG}$,0.48412420172229276,1.8974084444761162e-05,11
6.752567548872198,$\hat{T}_{MLG}$,0.3283817980473618,2.79729678680501e-05,11
7.267274902418825,$\hat{T}_{MLG}$,0.46985369087684753,1.9550369963229774e-05,11
7.821215282199927,$\hat{T}_{MLG}$,0.4448197671781501,2.0650641367636108e-05,11
8.417379184342884,$\hat{T}_{MLG}$,0.3953940694356383,2.3232046697975633e-05,11
9.058985052394538,$\hat{T}_{MLG}$,0.3779570172522011,2.4303857491556796e-05,11
9.749496652373306,$\hat{T}_{MLG}$,0.6574618630846722,1.3971629384149328e-05,11
10.492641772216333,$\hat{T}_{MLG}$,0.4041601315018844,2.2728153445260197e-05,11
11.292432346572342,$\hat{T}_{MLG}$,0.38560444974876623,2.382185550819298e-05,11
12.153186115585632,$\hat{T}_{MLG}$,0.8403176832063781,1.0931358067083988e-05,11
13.079549934598068,$\hat{T}_{MLG}$,4.398974471518416,2.088171582878192e-06,11
14.076524860608592,$\hat{T}_{MLG}$,2.247788535916394,4.086600380087103e-06,11
15.149493150921694,$\hat{T}_{MLG}$,1.082438154759169,8.486224773991928e-06,11
16.304247319739442,$\hat{T}_{MLG}$,0.3752369794674403,2.4480032587055917e-05,11
17.54702140956167,$\hat{T}_{MLG}$,0.3132839095318365,2.932105098840989e-05,11
18.88452464621569,$\hat{T}_{MLG}$,0.3064230636228102,2.9977552526981444e-05,11
20.32397765920527,$\hat{T}_{MLG}$,1.867806012111877,4.9179697600636915e-06,11
21.87315146291753,$\hat{T}_{MLG}$,0.6703240459665512,1.3703541653479245e-05,11
23.540409409131357,$\hat{T}_{MLG}$,0.3261349339569226,2.8165683981724793e-05,11
25.33475233731158,$\hat{T}_{MLG}$,0.6147996773526756,1.4941148838570373e-05,11
27.265867166436806,$\hat{T}_{MLG}$,0.3015604176557429,3.0460938994048494e-05,11
29.344179190688156,$\hat{T}_{MLG}$,0.3005214402262006,3.056625004298284e-05,11
31.580908361321878,$\hat{T}_{MLG}$,0.27192029454701677,3.37812721942425e-05,11
33.98812985856841,$\hat{T}_{MLG}$,0.2998569736753416,3.0633983170846476e-05,11
36.57883928056072,$\hat{T}_{MLG}$,0.28181090728964436,3.2595663431118434e-05,11
39.36702280122011,$\hat{T}_{MLG}$,0.28566301905249913,3.215611707703475e-05,11
42.36773267585289,$\hat{T}_{MLG}$,0.26913326892006156,3.4131096174363174e-05,11
45.597168502081885,$\hat{T}_{MLG}$,0.7005433192524458,1.3112413226684694e-05,11
49.07276467480673,$\hat{T}_{MLG}$,0.25742219382381865,3.568384430566308e-05,11
52.81328450732654,$\hat{T}_{MLG}$,0.2670889537095787,3.4392337674959174e-05,11
56.8389215267461,$\hat{T}_{MLG}$,0.2585243782771747,3.5531710960669544e-05,11
61.17140849051769,$\hat{T}_{MLG}$,0.2608533153366388,3.521447857918466e-05,11
65.83413471265413,$\hat{T}_{MLG}$,0.30406783103055907,3.020975107461528e-05,11
70.8522723330089,$\hat{T}_{MLG}$,0.2612555822848206,3.5160257265687834e-05,11
76.25291221129912,$\hat{T}_{MLG}$,0.35157134864067185,2.612787851099849e-05,11
82.06521017950769,$\hat{T}_{MLG}$,0.2558447755247508,3.5903854070855235e-05,11
88.32054444222037,$\hat{T}_{MLG}$,0.24969615421172486,3.678796541432689e-05,11
95.0526849746383,$\hat{T}_{MLG}$,0.2491516623031496,3.686836122351349e-05,11
102.29797583277549,$\hat{T}_{MLG}$,0.25105050386417943,3.6589504278394024e-05,11
110.0955313600591,$\hat{T}_{MLG}$,0.24401817983374252,3.764397182000931e-05,11
118.4874473495718,$\hat{T}_{MLG}$,0.24810465421940994,3.702394666529693e-05,11
127.51902830191335,$\hat{T}_{MLG}$,0.2839851337716654,3.234610686564003e-05,11
137.239032005553,$\hat{T}_{MLG}$,0.2433631355726288,3.7745295579042096e-05,11
147.6999327600634,$\hat{T}_{MLG}$,0.23554918726344343,3.8997432306814756e-05,11
158.95820466326612,$\hat{T}_{MLG}$,0.23670876833862195,3.880639297692037e-05,11
171.07462649164432,$\hat{T}_{MLG}$,0.22943389287597055,4.0036863647678764e-05,11
184.11460981994108,$\hat{T}_{MLG}$,0.23405749266196035,3.924597064063257e-05,11
198.14855215133173,$\hat{T}_{MLG}$,0.2386387945221184,3.849254059310116e-05,11
213.25221696456873,$\hat{T}_{MLG}$,0.2318823570474186,3.961411123379655e-05,11
229.50714272982336,$\hat{T}_{MLG}$,0.26969238371295845,3.406033703572475e-05,11
247.00108310132606,$\hat{T}_{MLG}$,0.23654347811582457,3.883350984098363e-05,11
265.8284806632307,$\hat{T}_{MLG}$,0.23405601465909837,3.924621846873052e-05,11
286.0909767862566,$\hat{T}_{MLG}$,0.23622807709346427,3.88853585833363e-05,11
307.8979603476156,$\hat{T}_{MLG}$,0.22799821544407722,4.028897097874189e-05,11
331.36715827654194,$\hat{T}_{MLG}$,0.23183967791705865,3.9621403755217525e-05,11
356.62527111352796,$\hat{T}_{MLG}$,0.22550389743877172,4.073461075201806e-05,11
383.8086570143992,$\hat{T}_{MLG}$,0.22755094345036223,4.036816260107115e-05,11
413.0640678918749,$\hat{T}_{MLG}$,0.2291622560835791,4.008432122382823e-05,11
444.5494416687491,$\hat{T}_{MLG}$,0.2297747513183586,3.9977471121290424e-05,11
478.43475491973123,$\hat{T}_{MLG}$,0.22251144686821073,4.128243114913522e-05,11
514.9029405050194,$\hat{T}_{MLG}$,0.22501231378206504,4.082360352122e-05,11
554.1508751495202,$\hat{T}_{MLG}$,0.22733537451516378,4.040644138564829e-05,11
596.390442299262,$\hat{T}_{MLG}$,0.22052938905769093,4.1653466345151585e-05,11
641.8496759929147,$\hat{T}_{MLG}$,0.27096296337897574,3.3900623799954e-05,11
690.7739919237116,$\hat{T}_{MLG}$,0.23415783365435908,3.922915301134264e-05,11
743.4275123377766,$\hat{T}_{MLG}$,0.2289442972461273,4.012248217458822e-05,11
800.0944919214219,$\hat{T}_{MLG}$,0.23482647021033703,3.911745331351921e-05,11
861.0808523752157,$\hat{T}_{MLG}$,0.24844120087381208,3.697379280458806e-05,11
926.7158339593304,$\hat{T}_{MLG}$,0.24154879844795013,3.802881051056341e-05,11
997.35377292621,$\hat{T}_{MLG}$,0.2453923535516774,3.743316917695612e-05,11
1073.3760144361563,$\hat{T}_{MLG}$,0.238212712535258,3.8561390731285054e-05,11
1155.1929712829099,$\hat{T}_{MLG}$,0.24402925962876237,3.7642262650001855e-05,11
1243.246339543401,$\hat{T}_{MLG}$,0.2452282705075728,3.745821583383758e-05,11
1338.011483113092,$\hat{T}_{MLG}$,0.23824439490183216,3.855626273607131e-05,11
1.0,$\hat{T}_{MLD}$,0.292334801906984,3.1422237192799715e-05,11
1.0762239473831834,$\hat{T}_{MLD}$,0.2867933034115448,3.2029386237271523e-05,11
1.1582579849210413,$\hat{T}_{MLD}$,0.28161353761539193,3.2618508197488396e-05,11
1.2465449806198148,$\hat{T}_{MLD}$,0.27714755115214845,3.314412646636932e-05,11
1.3415615596333508,$\hat{T}_{MLD}$,0.29676608921100744,3.0953042881863926e-05,11
1.4438206773661448,$\hat{T}_{MLD}$,0.2859362234140693,3.212539277309132e-05,11
1.5538743887084543,$\hat{T}_{MLD}$,0.27714931597304326,3.3143915412458825e-05,11
1.6723168283534438,$\hat{T}_{MLD}$,0.2864059592703264,3.207270375460753e-05,11
1.7997874182858689,$\hat{T}_{MLD}$,0.2794382612246148,3.287242571928164e-05,11
1.9369743197582066,$\hat{T}_{MLD}$,0.28970099436606356,3.1707911480705026e-05,11
2.0846181483900335,$\hat{T}_{MLD}$,0.2804548688848937,3.275326800976836e-05,11
2.2435159724469447,$\hat{T}_{MLD}$,0.2798775307467746,3.2820832243022884e-05,11
2.4145256158840724,$\hat{T}_{MLD}$,0.280711296059014,3.272334820220499e-05,11
2.5985702893845684,$\hat{T}_{MLD}$,0.2748744783855152,3.341821161129459e-05,11
2.796643574394121,$\hat{T}_{MLD}$,0.2747087811707593,3.343836861014449e-05,11
3.009814787058257,$\hat{T}_{MLD}$,0.2790229784867805,3.292135126307016e-05,11
3.239234751020113,$\hat{T}_{MLD}$,0.2852158593726073,3.220653124071541e-05,11
3.486142010243649,$\hat{T}_{MLD}$,0.2910932825384111,3.155625373807538e-05,11
3.751869515402767,$\hat{T}_{MLD}$,0.27305163948771055,3.364130500174053e-05,11
4.037851819933397,$\hat{T}_{MLD}$,0.26829710319081657,3.4237468000906045e-05,11
4.345632824597091,$\hat{T}_{MLD}$,0.25975590895620193,3.536325130059009e-05,11
4.676874112365815,$\hat{T}_{MLD}$,0.2517458292493224,3.648844357271946e-05,11
5.03336391862456,$\hat{T}_{MLD}$,0.24998289540632435,3.674576802665106e-05,11
5.417026785118212,$\hat{T}_{MLD}$,0.24301851420683854,3.779882168735966e-05,11
5.829933949760359,$\hat{T}_{MLD}$,0.24674467977380263,3.722801032083953e-05,11
6.274314528394325,$\hat{T}_{MLD}$,0.24823516591195577,3.7004481018976177e-05,11
6.752567548872198,$\hat{T}_{MLD}$,0.24146769464214782,3.804158357019407e-05,11
7.267274902418825,$\hat{T}_{MLD}$,0.24628331293789602,3.7297750203432205e-05,11
7.821215282199927,$\hat{T}_{MLD}$,0.23929259998003397,3.838736963030955e-05,11
8.417379184342884,$\hat{T}_{MLD}$,0.24128460570963994,3.807044986651783e-05,11
9.058985052394538,$\hat{T}_{MLD}$,0.24329892944180298,3.7755256491700316e-05,11
9.749496652373306,$\hat{T}_{MLD}$,0.23828196925654158,3.8550182852239415e-05,11
10.492641772216333,$\hat{T}_{MLD}$,0.24026908018629653,3.8231359100009874e-05,11
11.292432346572342,$\hat{T}_{MLD}$,0.2321011996716919,3.9576760043570386e-05,11
12.153186115585632,$\hat{T}_{MLD}$,0.23572357934163643,3.896858138200202e-05,11
13.079549934598068,$\hat{T}_{MLD}$,0.25769476443533007,3.5646100553729335e-05,11
14.076524860608592,$\hat{T}_{MLD}$,0.24054000539799797,3.818829832498134e-05,11
15.149493150921694,$\hat{T}_{MLD}$,0.2510663112561218,3.658720056575249e-05,11
16.304247319739442,$\hat{T}_{MLD}$,0.2382278304441228,3.855894363016472e-05,11
17.54702140956167,$\hat{T}_{MLD}$,0.2390704410720175,3.8423041527180005e-05,11
18.88452464621569,$\hat{T}_{MLD}$,0.23515857254254352,3.906220975027191e-05,11
20.32397765920527,$\hat{T}_{MLD}$,0.24180417390473116,3.7988647329348845e-05,11
21.87315146291753,$\hat{T}_{MLD}$,0.23589081066005704,3.8940955179763535e-05,11
23.540409409131357,$\hat{T}_{MLD}$,0.24295194831877898,3.7809178106193236e-05,11
25.33475233731158,$\hat{T}_{MLD}$,0.24435085480651048,3.7592720895145494e-05,11
27.265867166436806,$\hat{T}_{MLD}$,0.23929664711019055,3.838672039981202e-05,11
29.344179190688156,$\hat{T}_{MLD}$,0.2440913786424209,3.763268303993658e-05,11
31.580908361321878,$\hat{T}_{MLD}$,0.23636974306022557,3.886205301196642e-05,11
33.98812985856841,$\hat{T}_{MLD}$,0.24660152578831682,3.7249621452531026e-05,11
36.57883928056072,$\hat{T}_{MLD}$,0.23755139999337033,3.8668740683017364e-05,11
39.36702280122011,$\hat{T}_{MLD}$,0.24040064882239073,3.821043549686047e-05,11
42.36773267585289,$\hat{T}_{MLD}$,0.23314373596968974,3.939978677542333e-05,11
45.597168502081885,$\hat{T}_{MLD}$,0.23568746456110437,3.8974552602265586e-05,11
49.07276467480673,$\hat{T}_{MLD}$,0.22689954108253982,4.0484054932001047e-05,11
52.81328450732654,$\hat{T}_{MLD}$,0.23184840724279232,3.961991196951359e-05,11
56.8389215267461,$\hat{T}_{MLD}$,0.2288976395556658,4.0130660600357406e-05,11
61.17140849051769,$\hat{T}_{MLD}$,0.23433664326372577,3.919921936789683e-05,11
65.83413471265413,$\hat{T}_{MLD}$,0.2278480402667249,4.031552553394014e-05,11
70.8522723330089,$\hat{T}_{MLD}$,0.23389979358885715,3.9272430917053084e-05,11
76.25291221129912,$\hat{T}_{MLD}$,0.228314544768442,4.0233150693696175e-05,11
82.06521017950769,$\hat{T}_{MLD}$,0.23208039422572901,3.9580308004376036e-05,11
88.32054444222037,$\hat{T}_{MLD}$,0.22650095809320653,4.0555296377383756e-05,11
95.0526849746383,$\hat{T}_{MLD}$,0.2309819453889046,3.976853459158985e-05,11
102.29797583277549,$\hat{T}_{MLD}$,0.23676255608903576,3.8797576935167895e-05,11
110.0955313600591,$\hat{T}_{MLD}$,0.22795812046753267,4.0296057303822496e-05,11
118.4874473495718,$\hat{T}_{MLD}$,0.23444398408034448,3.918127189855027e-05,11
127.51902830191335,$\hat{T}_{MLD}$,0.22863679782332302,4.0176443917525565e-05,11
137.239032005553,$\hat{T}_{MLD}$,0.23138215905123613,3.9699748342296815e-05,11
147.6999327600634,$\hat{T}_{MLD}$,0.22474443875752265,4.087226156079424e-05,11
158.95820466326612,$\hat{T}_{MLD}$,0.22760943606653872,4.0357788516931315e-05,11
171.07462649164432,$\hat{T}_{MLD}$,0.21982791244975644,4.1786383643755276e-05,11
184.11460981994108,$\hat{T}_{MLD}$,0.22531689184365455,4.076841913657022e-05,11
198.14855215133173,$\hat{T}_{MLD}$,0.23033800422156464,3.98797129300271e-05,11
213.25221696456873,$\hat{T}_{MLD}$,0.22322426518924712,4.1150604650635697e-05,11
229.50714272982336,$\hat{T}_{MLD}$,0.22794503727875434,4.029837014612441e-05,11
247.00108310132606,$\hat{T}_{MLD}$,0.22143127244263885,4.148381294069892e-05,11
265.8284806632307,$\hat{T}_{MLD}$,0.22478488025864315,4.086490814979166e-05,11
286.0909767862566,$\hat{T}_{MLD}$,0.22861389618775432,4.0180468634712e-05,11
307.8979603476156,$\hat{T}_{MLD}$,0.22077849572822533,4.160646830631074e-05,11
331.36715827654194,$\hat{T}_{MLD}$,0.2251668826344719,4.0795579606363784e-05,11
356.62527111352796,$\hat{T}_{MLD}$,0.21936494758988906,4.187457288027889e-05,11
383.8086570143992,$\hat{T}_{MLD}$,0.22062427245346472,4.1635552530462806e-05,11
413.0640678918749,$\hat{T}_{MLD}$,0.22330351038627627,4.113600126277239e-05,11
444.5494416687491,$\hat{T}_{MLD}$,0.2242704732877218,4.095863958625831e-05,11
478.43475491973123,$\hat{T}_{MLD}$,0.21757722694962214,4.2218634799303944e-05,11
514.9029405050194,$\hat{T}_{MLD}$,0.21962236070385657,4.1825492886025905e-05,11
554.1508751495202,$\hat{T}_{MLD}$,0.2233044098196797,4.1135835573730925e-05,11
596.390442299262,$\hat{T}_{MLD}$,0.21641866498952034,4.244464536215568e-05,11
641.8496759929147,$\hat{T}_{MLD}$,0.22468852336070855,4.0882432924643535e-05,11
690.7739919237116,$\hat{T}_{MLD}$,0.22913446421721656,4.008918307689992e-05,11
743.4275123377766,$\hat{T}_{MLD}$,0.22238205756450072,4.130645064549361e-05,11
800.0944919214219,$\hat{T}_{MLD}$,0.22604371244408925,4.063733242526457e-05,11
861.0808523752157,$\hat{T}_{MLD}$,0.24279416511064245,3.7833748933156406e-05,11
926.7158339593304,$\hat{T}_{MLD}$,0.2367702105568183,3.8796322660814746e-05,11
997.35377292621,$\hat{T}_{MLD}$,0.24163227694590203,3.8015672414856815e-05,11
1073.3760144361563,$\hat{T}_{MLD}$,0.23510164660681437,3.9071668011725104e-05,11
1155.1929712829099,$\hat{T}_{MLD}$,0.2391217466779906,3.84147975365925e-05,11
1243.246339543401,$\hat{T}_{MLD}$,0.24239607916968042,3.7895883121117564e-05,11
1338.011483113092,$\hat{T}_{MLD}$,0.23549979381652592,3.9005611581927276e-05,11
1.0,$\hat{T}_{emp}$,0.0192504772430423,0.0005219162222857486,12
1.0762239473831834,$\hat{T}_{emp}$,0.025598177693550044,0.0003924942033048697,12
1.1582579849210413,$\hat{T}_{emp}$,0.028113669089710448,0.00035737549331700866,12
1.2465449806198148,$\hat{T}_{emp}$,0.025945240148626973,0.0003872439145805365,12
1.3415615596333508,$\hat{T}_{emp}$,0.024527058400611118,0.0004096347876611276,12
1.4438206773661448,$\hat{T}_{emp}$,0.01435589823526137,0.0006998612135051464,12
1.5538743887084543,$\hat{T}_{emp}$,0.01013849914003802,0.000990988530068439,12
1.6723168283534438,$\hat{T}_{emp}$,0.011541211316515167,0.0008705443548641401,12
1.7997874182858689,$\hat{T}_{emp}$,0.009071421394040215,0.0011075592151950108,12
1.9369743197582066,$\hat{T}_{emp}$,0.00542046185447227,0.0018535572483729962,12
2.0846181483900335,$\hat{T}_{emp}$,0.0059089178390518745,0.0017003344154635498,12
2.2435159724469447,$\hat{T}_{emp}$,0.0070443665220175635,0.0014262654176899398,12
2.4145256158840724,$\hat{T}_{emp}$,0.011143521735692975,0.0009016123087645789,12
2.5985702893845684,$\hat{T}_{emp}$,0.013169036139454138,0.0007629363495924667,12
2.796643574394121,$\hat{T}_{emp}$,0.016788095648675058,0.0005984679007162641,12
3.009814787058257,$\hat{T}_{emp}$,0.018593379154718946,0.0005403609680780632,12
3.239234751020113,$\hat{T}_{emp}$,0.01410346677915528,0.0007123877070236329,12
3.486142010243649,$\hat{T}_{emp}$,0.01995227363118123,0.0005035584688546392,12
3.751869515402767,$\hat{T}_{emp}$,0.022478349124056708,0.0004469694951545083,12
4.037851819933397,$\hat{T}_{emp}$,0.02419567543357635,0.0004152451287201511,12
4.345632824597091,$\hat{T}_{emp}$,0.02707364215627341,0.00037110398009594447,12
4.676874112365815,$\hat{T}_{emp}$,0.029227077528555745,0.00034376123818982766,12
5.03336391862456,$\hat{T}_{emp}$,0.027286845225500726,0.00036820439581256286,12
5.417026785118212,$\hat{T}_{emp}$,0.039958379778952856,0.0002514400337417711,12
5.829933949760359,$\hat{T}_{emp}$,0.04478180395617122,0.00022435756205175942,12
6.274314528394325,$\hat{T}_{emp}$,0.0585456542730273,0.00017161199212210784,12
6.752567548872198,$\hat{T}_{emp}$,0.09469593267548297,0.00010609892184405975,12
7.267274902418825,$\hat{T}_{emp}$,0.11397753132094045,8.815014892361075e-05,12
7.821215282199927,$\hat{T}_{emp}$,0.1659871128855729,6.052961693967554e-05,12
8.417379184342884,$\hat{T}_{emp}$,0.18183000950121034,5.52556554742936e-05,12
9.058985052394538,$\hat{T}_{emp}$,0.2108405941121147,4.765276061849757e-05,12
9.749496652373306,$\hat{T}_{emp}$,0.2203601700373567,4.5594157774443376e-05,12
10.492641772216333,$\hat{T}_{emp}$,0.24438377886150214,4.111212457182091e-05,12
11.292432346572342,$\hat{T}_{emp}$,0.23769846389280613,4.226841097474372e-05,12
12.153186115585632,$\hat{T}_{emp}$,0.14203598497374373,7.073655568160202e-05,12
13.079549934598068,$\hat{T}_{emp}$,0.09458311376859131,0.00010622547682737439,12
14.076524860608592,$\hat{T}_{emp}$,0.07075988831217774,0.0001419891494961179,12
15.149493150921694,$\hat{T}_{emp}$,0.03608205374439347,0.00027845245259764523,12
16.304247319739442,$\hat{T}_{emp}$,0.03538013587835652,0.0002839767601354142,12
17.54702140956167,$\hat{T}_{emp}$,0.03316692137106356,0.0003029264081366329,12
18.88452464621569,$\hat{T}_{emp}$,0.04235334051219626,0.00023722181623414548,12
20.32397765920527,$\hat{T}_{emp}$,0.042712750548480324,0.0002352256932852543,12
21.87315146291753,$\hat{T}_{emp}$,0.042735753332601455,0.00023509908159783947,12
23.540409409131357,$\hat{T}_{emp}$,0.04562577144818002,0.00022020748451996166,12
25.33475233731158,$\hat{T}_{emp}$,0.04586195450567083,0.0002190734448232921,12
27.265867166436806,$\hat{T}_{emp}$,0.044496745147199826,0.00022579486042517146,12
29.344179190688156,$\hat{T}_{emp}$,0.028095790972629046,0.00035760290107775727,12
31.580908361321878,$\hat{T}_{emp}$,0.025144164969391786,0.00039958122976511165,12
33.98812985856841,$\hat{T}_{emp}$,0.025065425273887505,0.00040083646098569293,12
36.57883928056072,$\hat{T}_{emp}$,0.02159708980801061,0.0004652078798209105,12
39.36702280122011,$\hat{T}_{emp}$,0.017496917615670123,0.0005742232192308125,12
42.36773267585289,$\hat{T}_{emp}$,0.013032571825342622,0.0007709250710093267,12
45.597168502081885,$\hat{T}_{emp}$,0.00913156486844042,0.0011002644677705017,12
49.07276467480673,$\hat{T}_{emp}$,0.009646101461165095,0.001041574816555255,12
52.81328450732654,$\hat{T}_{emp}$,0.009956149946257526,0.0010091387146758557,12
56.8389215267461,$\hat{T}_{emp}$,0.009062745592981437,0.0011086194858727278,12
61.17140849051769,$\hat{T}_{emp}$,0.01081048320736241,0.0009293882768388995,12
65.83413471265413,$\hat{T}_{emp}$,0.010659399037958943,0.0009425612385940129,12
70.8522723330089,$\hat{T}_{emp}$,0.010033485602495524,0.0010013605199560452,12
76.25291221129912,$\hat{T}_{emp}$,0.007114418480121989,0.0014122217280243732,12
82.06521017950769,$\hat{T}_{emp}$,0.010014178468487891,0.001003291122831716,12
88.32054444222037,$\hat{T}_{emp}$,0.011191363337594695,0.0008977580350854547,12
95.0526849746383,$\hat{T}_{emp}$,0.012079794737668795,0.0008317307187808511,12
102.29797583277549,$\hat{T}_{emp}$,0.015601753873871468,0.0006439748018786866,12
110.0955313600591,$\hat{T}_{emp}$,0.018504456282275226,0.0005429576641768293,12
118.4874473495718,$\hat{T}_{emp}$,0.022888699174334674,0.000438956197700932,12
127.51902830191335,$\hat{T}_{emp}$,0.025806495328266236,0.0003893258744391236,12
137.239032005553,$\hat{T}_{emp}$,0.03095394954301825,0.0003245833410022008,12
147.6999327600634,$\hat{T}_{emp}$,0.02789615650249012,0.0003601620301703413,12
158.95820466326612,$\hat{T}_{emp}$,0.03306756409293732,0.0003038366034960619,12
171.07462649164432,$\hat{T}_{emp}$,0.03222972276948379,0.0003117351158043278,12
184.11460981994108,$\hat{T}_{emp}$,0.020240890586962143,0.0004963781764799479,12
198.14855215133173,$\hat{T}_{emp}$,0.018193182571267372,0.0005522473223433666,12
213.25221696456873,$\hat{T}_{emp}$,0.016869261795887363,0.0005955883832649897,12
229.50714272982336,$\hat{T}_{emp}$,0.014051763688195617,0.0007150089186545778,12
247.00108310132606,$\hat{T}_{emp}$,0.01346908324593651,0.000745940623903823,12
265.8284806632307,$\hat{T}_{emp}$,0.014649105639876191,0.0006858532259155259,12
286.0909767862566,$\hat{T}_{emp}$,0.016043967459455577,0.0006262251768632882,12
307.8979603476156,$\hat{T}_{emp}$,0.016796482467402472,0.0005981690737560821,12
331.36715827654194,$\hat{T}_{emp}$,0.01534914348617551,0.0006545730951655738,12
356.62527111352796,$\hat{T}_{emp}$,0.01498748493282827,0.0006703684043664574,12
383.8086570143992,$\hat{T}_{emp}$,0.012940016624258742,0.0007764392157774335,12
413.0640678918749,$\hat{T}_{emp}$,0.014839702732611324,0.0006770443142238354,12
444.5494416687491,$\hat{T}_{emp}$,0.011109767121750203,0.0009043516619008672,12
478.43475491973123,$\hat{T}_{emp}$,0.010401243906425954,0.0009659552694153462,12
514.9029405050194,$\hat{T}_{emp}$,0.013625743594094417,0.0007373642612973413,12
554.1508751495202,$\hat{T}_{emp}$,0.015368876274120478,0.0006537326594791252,12
596.390442299262,$\hat{T}_{emp}$,0.019408417013922312,0.0005176690274471771,12
641.8496759929147,$\hat{T}_{emp}$,0.0228261474943852,0.0004401590922146549,12
690.7739919237116,$\hat{T}_{emp}$,0.0240805385968192,0.0004172305498687449,12
743.4275123377766,$\hat{T}_{emp}$,0.021098138132066707,0.00047620962082032896,12
800.0944919214219,$\hat{T}_{emp}$,0.01630399887947476,0.0006162375521587427,12
861.0808523752157,$\hat{T}_{emp}$,0.016661710272531046,0.0006030075061652222,12
926.7158339593304,$\hat{T}_{emp}$,0.013034025937496625,0.0007708390644660716,12
997.35377292621,$\hat{T}_{emp}$,0.011906579744868273,0.0008438306025050325,12
1073.3760144361563,$\hat{T}_{emp}$,0.004505661978996504,0.0022298912805092624,12
1155.1929712829099,$\hat{T}_{emp}$,0.005456858084247647,0.0018411943658365524,12
1243.246339543401,$\hat{T}_{emp}$,0.006022505231516685,0.0016682652772650522,12
1338.011483113092,$\hat{T}_{emp}$,0.005254704848490896,0.0019120267740198305,12
1.0,$\hat{T}_{GT}$,1.0047221943132723e-05,0.9999914818994944,12
1.0762239473831834,$\hat{T}_{GT}$,9.335586321498922e-06,1.0762191054619525,12
1.1582579849210413,$\hat{T}_{GT}$,8.674381082909734e-06,1.1582539738404254,12
1.2465449806198148,$\hat{T}_{GT}$,1.612006222344018e-05,0.6232690805173736,12
1.3415615596333508,$\hat{T}_{GT}$,7.489178137591181e-06,1.3415539295901928,12
1.4438206773661448,$\hat{T}_{GT}$,6.958748538662807e-06,1.4438136834611168,12
1.5538743887084543,$\hat{T}_{GT}$,1.9397638660787027e-05,0.5179566717157708,12
1.6723168283534438,$\hat{T}_{GT}$,6.007918436499306e-06,1.6723157056940134,12
1.7997874182858689,$\hat{T}_{GT}$,5.5824131655632095e-06,1.7997837246918922,12
1.9369743197582066,$\hat{T}_{GT}$,5.187044836815569e-06,1.9369673245497814,12
2.0846181483900335,$\hat{T}_{GT}$,4.819671973125509e-06,2.084609993358312,12
2.2435159724469447,$\hat{T}_{GT}$,4.478300395433925e-06,2.2435155020262756,12
2.4145256158840724,$\hat{T}_{GT}$,4.161135823634419e-06,2.4145177628715424,12
2.5985702893845684,$\hat{T}_{GT}$,3.866422824267217e-06,2.5985612067119415,12
2.796643574394121,$\hat{T}_{GT}$,3.5925734322009542e-06,2.796640500047102,12
3.009814787058257,$\hat{T}_{GT}$,3.3381291121578e-06,3.009810592194812,12
3.239234751020113,$\hat{T}_{GT}$,3.1017081106565385e-06,3.2392269038364585,12
3.486142010243649,$\hat{T}_{GT}$,2.8820271025828725e-06,3.486135279880667,12
3.751869515402767,$\hat{T}_{GT}$,2.677906733864273e-06,3.7518619423269426,12
4.037851819933397,$\hat{T}_{GT}$,2.4882430515812786e-06,4.0378436316747495,12
4.345632824597091,$\hat{T}_{GT}$,2.312010431791068e-06,4.34562760692351,12
4.676874112365815,$\hat{T}_{GT}$,2.1482600167993933e-06,4.6768716455726045,12
5.03336391862456,$\hat{T}_{GT}$,1.9961115746525767e-06,5.033354090757735,12
5.417026785118212,$\hat{T}_{GT}$,1.8547335582506895e-06,5.417024086932717,12
5.829933949760359,$\hat{T}_{GT}$,1.723371327926543e-06,5.829931249914969,12
6.274314528394325,$\hat{T}_{GT}$,1.6013143588257242e-06,6.2743060439763845,12
6.752567548872198,$\hat{T}_{GT}$,1.4879003939960244e-06,6.752559781843338,12
7.267274902418825,$\hat{T}_{GT}$,1.382517786091318e-06,7.267274577560318,12
7.821215282199927,$\hat{T}_{GT}$,1.284600720404084e-06,7.821213393626296,12
8.417379184342884,$\hat{T}_{GT}$,1.1936193881984464e-06,8.417370276676516,12
9.058985052394538,$\hat{T}_{GT}$,1.1090802619203947e-06,9.058980404618863,12
9.749496652373306,$\hat{T}_{GT}$,1.0305294344969728e-06,9.749489945224775,12
10.492641772216333,$\hat{T}_{GT}$,9.575416458800335e-07,10.492636433220135,12
11.292432346572342,$\hat{T}_{GT}$,8.897232515825953e-07,11.292428676012532,12
12.153186115585632,$\hat{T}_{GT}$,8.26708641420087e-07,12.15317689510036,12
13.079549934598068,$\hat{T}_{GT}$,7.681565318654374e-07,13.079542961754607,12
14.076524860608592,$\hat{T}_{GT}$,7.137514203653265e-07,14.076520302746136,12
15.149493150921694,$\hat{T}_{GT}$,6.631998997241752e-07,15.149484136027485,12
16.304247319739442,$\hat{T}_{GT}$,6.162283742354917e-07,16.30424170641467,12
17.54702140956167,$\hat{T}_{GT}$,5.72583882107269e-07,17.547012191314458,12
18.88452464621569,$\hat{T}_{GT}$,5.320303555239648e-07,18.884517124951618,12
20.32397765920527,$\hat{T}_{GT}$,4.9434909548946e-07,20.323970351232543,12
21.87315146291753,$\hat{T}_{GT}$,4.5933654348332355e-07,21.87314835369979,12
23.540409409131357,$\hat{T}_{GT}$,4.2680397234993143e-07,23.54040030266842,12
25.33475233731158,$\hat{T}_{GT}$,3.9657533404531826e-07,25.334748526589614,12
27.265867166436806,$\hat{T}_{GT}$,3.6848780710695064e-07,27.26585837064158,12
29.344179190688156,$\hat{T}_{GT}$,3.4238941934520764e-07,29.344178856638603,12
31.580908361321878,$\hat{T}_{GT}$,3.181396212993204e-07,31.580902494485596,12
33.98812985856841,$\hat{T}_{GT}$,2.956072467525327e-07,33.98812603635986,12
36.57883928056072,$\hat{T}_{GT}$,2.746707933206655e-07,36.57883038243837,12
39.36702280122011,$\hat{T}_{GT}$,2.552170838232438e-07,39.36702124080681,12
42.36773267585289,$\hat{T}_{GT}$,2.3714125271289594e-07,42.36772912745956,12
45.597168502081885,$\hat{T}_{GT}$,2.2034566064476666e-07,45.59716007334514,12
49.07276467480673,$\hat{T}_{GT}$,2.047395988700831e-07,49.07275590718428,12
52.81328450732654,$\hat{T}_{GT}$,1.9023884486973396e-07,52.81327463256091,12
56.8389215267461,$\hat{T}_{GT}$,1.7676507885666932e-07,56.83892104069476,12
61.17140849051769,$\hat{T}_{GT}$,1.6424563131257552e-07,61.17140699325954,12
65.83413471265413,$\hat{T}_{GT}$,1.5261287744407616e-07,65.83413227083742,12
70.8522723330089,$\hat{T}_{GT}$,1.418040251356143e-07,70.85226495000992,12
76.25291221129912,$\hat{T}_{GT}$,1.3176069043655874e-07,76.25291220467604,12
82.06521017950769,$\hat{T}_{GT}$,1.2242870639747533e-07,82.06520068314303,12
88.32054444222037,$\hat{T}_{GT}$,1.1375764479812455e-07,88.32053773367196,12
95.0526849746383,$\hat{T}_{GT}$,1.057007143465677e-07,95.052681734432,12
102.29797583277549,$\hat{T}_{GT}$,9.821442251294565e-08,102.29797317763689,12
110.0955313600591,$\hat{T}_{GT}$,9.125835321928899e-08,110.09552556513566,12
118.4874473495718,$\hat{T}_{GT}$,8.479494377925638e-08,118.48744644541259,12
127.51902830191335,$\hat{T}_{GT}$,7.878931705104823e-08,127.51901826204167,12
137.239032005553,$\hat{T}_{GT}$,7.320903074391283e-08,137.23902990918654,12
147.6999327600634,$\hat{T}_{GT}$,6.802397627486965e-08,147.6999274386458,12
158.95820466326612,$\hat{T}_{GT}$,6.320615496480555e-08,158.9581958510347,12
171.07462649164432,$\hat{T}_{GT}$,5.8729555214062766e-08,171.0746203213306,12
184.11460981994108,$\hat{T}_{GT}$,5.457001204305596e-08,184.11460770723633,12
198.14855215133173,$\hat{T}_{GT}$,5.070507176973326e-08,198.1485482460893,12
213.25221696456873,$\hat{T}_{GT}$,4.711386804715326e-08,213.25220739317933,12
229.50714272982336,$\hat{T}_{GT}$,4.3777010415426315e-08,229.50713775433968,12
247.00108310132606,$\hat{T}_{GT}$,4.067648740796284e-08,247.00108097140122,12
265.8284806632307,$\hat{T}_{GT}$,3.779556033694591e-08,265.82848012614687,12
286.0909767862566,$\hat{T}_{GT}$,3.5118676719832713e-08,286.0909720499933,12
307.8979603476156,$\hat{T}_{GT}$,3.263138333081256e-08,307.8979600107632,12
331.36715827654194,$\hat{T}_{GT}$,3.032025404491897e-08,331.36715625804914,12
356.62527111352796,$\hat{T}_{GT}$,2.8172811462052e-08,356.6252652284855,12
383.8086570143992,$\hat{T}_{GT}$,2.617746156683992e-08,383.80865670388516,12
413.0640678918749,$\hat{T}_{GT}$,2.4323433955163543e-08,413.0640590636478,12
444.5494416687491,$\hat{T}_{GT}$,2.2600717952487054e-08,444.5494333856236,12
478.43475491973123,$\hat{T}_{GT}$,2.100001394400926e-08,478.43474707561273,12
514.9029405050194,$\hat{T}_{GT}$,1.9512680178625317e-08,514.9029383924561,12
554.1508751495202,$\hat{T}_{GT}$,1.81306876647105e-08,554.150870925989,12
596.390442299262,$\hat{T}_{GT}$,1.684657517381538e-08,596.390438782042,12
641.8496759929147,$\hat{T}_{GT}$,1.5653410450799123e-08,641.8496717674386,12
690.7739919237116,$\hat{T}_{GT}$,1.4544751954600127e-08,690.773991282042,12
743.4275123377766,$\hat{T}_{GT}$,1.35146147719875e-08,743.4275063993442,12
800.0944919214219,$\hat{T}_{GT}$,1.2557437247064175e-08,800.0944907955122,12
861.0808523752157,$\hat{T}_{GT}$,1.1668052267320164e-08,861.0808496312955,12
926.7158339593304,$\hat{T}_{GT}$,1.0841658317505596e-08,926.7158275652072,12
997.35377292621,$\hat{T}_{GT}$,1.0073793965890093e-08,997.353767002388,12
1073.3760144361563,$\hat{T}_{GT}$,9.3603139014964e-09,1073.3760070033775,12
1155.1929712829099,$\hat{T}_{GT}$,8.697366311369106e-09,1155.1929630413404,12
1243.246339543401,$\hat{T}_{GT}$,8.081372176912033e-09,1243.2463373720666,12
1338.011483113092,$\hat{T}_{GT}$,7.509006095413171e-09,1338.011480111015,12
1.0,$\hat{T}_{Reset}$,0.00035165276800964534,0.028571185197128413,12
1.0762239473831834,$\hat{T}_{Reset}$,6.534910425049245e-05,0.15374558649456468,12
1.1582579849210413,$\hat{T}_{Reset}$,0.0003556496243992991,0.028250096922937198,12
1.2465449806198148,$\hat{T}_{Reset}$,0.0005561421467086862,0.018065770449778945,12
1.3415615596333508,$\hat{T}_{Reset}$,0.00016476191902700598,0.06097972407228149,12
1.4438206773661448,$\hat{T}_{Reset}$,0.00044535990647441966,0.02255958880407995,12
1.5538743887084543,$\hat{T}_{Reset}$,0.00011638583196472216,0.08632611195262847,12
1.6723168283534438,$\hat{T}_{Reset}$,1.2015836872998611e-05,0.8361578528470067,12
1.7997874182858689,$\hat{T}_{Reset}$,0.0003516920294304822,0.028567995630030037,12
1.9369743197582066,$\hat{T}_{Reset}$,0.0001193020312467581,0.08421597063259918,12
2.0846181483900335,$\hat{T}_{Reset}$,0.00024098359865627546,0.04169219986716624,12
2.2435159724469447,$\hat{T}_{Reset}$,0.00025974142293516765,0.038681301759073715,12
2.4145256158840724,$\hat{T}_{Reset}$,7.073930900178513e-05,0.1420304566395025,12
2.5985702893845684,$\hat{T}_{Reset}$,3.866422824267217e-06,2.5985612067119415,12
2.796643574394121,$\hat{T}_{Reset}$,5.029602805081336e-05,0.19976003571765014,12
3.009814787058257,$\hat{T}_{Reset}$,1.6690645560789e-05,0.6019621184389624,12
3.239234751020113,$\hat{T}_{Reset}$,8.064441087707e-05,0.1245856501475561,12
3.486142010243649,$\hat{T}_{Reset}$,4.899446074390884e-05,0.20506678116945098,12
3.751869515402767,$\hat{T}_{Reset}$,2.677906733864273e-06,3.7518619423269426,12
4.037851819933397,$\hat{T}_{Reset}$,5.7229590186369404e-05,0.17555841876846737,12
4.345632824597091,$\hat{T}_{Reset}$,2.312010431791068e-06,4.34562760692351,12
4.676874112365815,$\hat{T}_{Reset}$,2.1482600167993933e-06,4.6768716455726045,12
5.03336391862456,$\hat{T}_{Reset}$,0.0001297472523524175,0.07743621678088823,12
5.417026785118212,$\hat{T}_{Reset}$,1.8547335582506895e-06,5.417024086932717,12
5.829933949760359,$\hat{T}_{Reset}$,5.170113983779629e-06,1.943310416638323,12
6.274314528394325,$\hat{T}_{Reset}$,1.6013143588257242e-06,6.2743060439763845,12
6.752567548872198,$\hat{T}_{Reset}$,1.3391103545964218e-05,0.7502844202048154,12
7.267274902418825,$\hat{T}_{Reset}$,2.765035572182636e-06,3.633637288780159,12
7.821215282199927,$\hat{T}_{Reset}$,3.853802161212252e-06,2.6070711312087655,12
8.417379184342884,$\hat{T}_{Reset}$,3.580858164595339e-05,0.2805790092225505,12
9.058985052394538,$\hat{T}_{Reset}$,1.1090802619203947e-06,9.058980404618863,12
9.749496652373306,$\hat{T}_{Reset}$,1.545794151745459e-05,0.6499659963483184,12
10.492641772216333,$\hat{T}_{Reset}$,2.202345785524077e-05,0.4562015840530493,12
11.292432346572342,$\hat{T}_{Reset}$,4.092726957279938e-05,0.2454875799133159,12
12.153186115585632,$\hat{T}_{Reset}$,0.00015046097273845583,0.06677569722582616,12
13.079549934598068,$\hat{T}_{Reset}$,2.2276539424097687e-05,0.45101872281912436,12
14.076524860608592,$\hat{T}_{Reset}$,6.423762783287939e-06,1.5640578114162373,12
15.149493150921694,$\hat{T}_{Reset}$,2.4538396289794482e-05,0.40944551718993205,12
16.304247319739442,$\hat{T}_{Reset}$,1.0475882362003359e-05,0.9590730415538041,12
17.54702140956167,$\hat{T}_{Reset}$,2.6338858576934376e-05,0.3814567867677056,12
18.88452464621569,$\hat{T}_{Reset}$,3.7242124886677536e-06,2.6977881607073737,12
20.32397765920527,$\hat{T}_{Reset}$,1.48304728646838e-06,6.774656783744181,12
21.87315146291753,$\hat{T}_{Reset}$,3.215355804383265e-06,3.1247354790999697,12
23.540409409131357,$\hat{T}_{Reset}$,5.9752556128990405e-06,1.6814571644763157,12
25.33475233731158,$\hat{T}_{Reset}$,1.9828766702265914e-06,5.066949705317922,12
27.265867166436806,$\hat{T}_{Reset}$,2.4320195269058743e-05,0.4131190662218421,12
29.344179190688156,$\hat{T}_{Reset}$,3.4238941934520764e-07,29.344178856638603,12
31.580908361321878,$\hat{T}_{Reset}$,3.181396212993204e-07,31.580902494485596,12
33.98812985856841,$\hat{T}_{Reset}$,2.956072467525327e-07,33.98812603635986,12
36.57883928056072,$\hat{T}_{Reset}$,5.49341586641331e-07,18.289415191219184,12
39.36702280122011,$\hat{T}_{Reset}$,5.104341676464876e-06,1.9683510620403404,12
42.36773267585289,$\hat{T}_{Reset}$,2.3714125271289594e-07,42.36772912745956,12
45.597168502081885,$\hat{T}_{Reset}$,1.3441085299330766e-05,0.7474944274318874,12
49.07276467480673,$\hat{T}_{Reset}$,2.047395988700831e-07,49.07275590718428,12
52.81328450732654,$\hat{T}_{Reset}$,1.1414330692184036e-06,8.802212438760153,12
56.8389215267461,$\hat{T}_{Reset}$,1.7676507885666932e-07,56.83892104069476,12
61.17140849051769,$\hat{T}_{Reset}$,2.6607792272637237e-05,0.37760127773616997,12
65.83413471265413,$\hat{T}_{Reset}$,1.5261287744407616e-07,65.83413227083742,12
70.8522723330089,$\hat{T}_{Reset}$,1.418040251356143e-07,70.85226495000992,12
76.25291221129912,$\hat{T}_{Reset}$,1.3176069043655874e-07,76.25291220467604,12
82.06521017950769,$\hat{T}_{Reset}$,6.488721439066192e-06,1.5484000128894913,12
88.32054444222037,$\hat{T}_{Reset}$,1.1375764479812455e-07,88.32053773367196,12
95.0526849746383,$\hat{T}_{Reset}$,1.057007143465677e-07,95.052681734432,12
102.29797583277549,$\hat{T}_{Reset}$,1.964288450258913e-07,51.148986588818445,12
110.0955313600591,$\hat{T}_{Reset}$,9.125835321928899e-08,110.09552556513566,12
118.4874473495718,$\hat{T}_{Reset}$,8.479494377925638e-08,118.48744644541259,12
127.51902830191335,$\hat{T}_{Reset}$,7.878931705104823e-08,127.51901826204167,12
137.239032005553,$\hat{T}_{Reset}$,7.320903074391283e-08,137.23902990918654,12
147.6999327600634,$\hat{T}_{Reset}$,1.360479525497393e-07,73.8499637193229,12
158.95820466326612,$\hat{T}_{Reset}$,6.320615496480555e-08,158.9581958510347,12
171.07462649164432,$\hat{T}_{Reset}$,5.8729555214062766e-08,171.0746203213306,12
184.11460981994108,$\hat{T}_{Reset}$,5.457001204305596e-08,184.11460770723633,12
198.14855215133173,$\hat{T}_{Reset}$,7.3015303348415895e-06,1.3760315850422866,12
213.25221696456873,$\hat{T}_{Reset}$,4.711386804715326e-08,213.25220739317933,12
229.50714272982336,$\hat{T}_{Reset}$,8.755402083085263e-08,114.75356887716984,12
247.00108310132606,$\hat{T}_{Reset}$,4.067648740796284e-08,247.00108097140122,12
265.8284806632307,$\hat{T}_{Reset}$,3.779556033694591e-08,265.82848012614687,12
286.0909767862566,$\hat{T}_{Reset}$,3.5118676719832713e-08,286.0909720499933,12
307.8979603476156,$\hat{T}_{Reset}$,3.263138333081256e-08,307.8979600107632,12
331.36715827654194,$\hat{T}_{Reset}$,6.064050808983794e-08,165.68357812902457,12
356.62527111352796,$\hat{T}_{Reset}$,2.8172811462052e-08,356.6252652284855,12
383.8086570143992,$\hat{T}_{Reset}$,2.617746156683992e-08,383.80865670388516,12
413.0640678918749,$\hat{T}_{Reset}$,2.4323433955163543e-08,413.0640590636478,12
444.5494416687491,$\hat{T}_{Reset}$,2.2600717952487054e-08,444.5494333856236,12
478.43475491973123,$\hat{T}_{Reset}$,2.100001394400926e-08,478.43474707561273,12
514.9029405050194,$\hat{T}_{Reset}$,1.9512680178625317e-08,514.9029383924561,12
554.1508751495202,$\hat{T}_{Reset}$,1.81306876647105e-08,554.150870925989,12
596.390442299262,$\hat{T}_{Reset}$,1.684657517381538e-08,596.390438782042,12
641.8496759929147,$\hat{T}_{Reset}$,1.5653410450799123e-08,641.8496717674386,12
690.7739919237116,$\hat{T}_{Reset}$,1.4544751954600127e-08,690.773991282042,12
743.4275123377766,$\hat{T}_{Reset}$,1.35146147719875e-08,743.4275063993442,12
800.0944919214219,$\hat{T}_{Reset}$,1.2557437247064175e-08,800.0944907955122,12
861.0808523752157,$\hat{T}_{Reset}$,1.1668052267320164e-08,861.0808496312955,12
926.7158339593304,$\hat{T}_{Reset}$,1.0841658317505596e-08,926.7158275652072,12
997.35377292621,$\hat{T}_{Reset}$,1.0073793965890093e-08,997.353767002388,12
1073.3760144361563,$\hat{T}_{Reset}$,9.3603139014964e-09,1073.3760070033775,12
1155.1929712829099,$\hat{T}_{Reset}$,8.697366311369106e-09,1155.1929630413404,12
1243.246339543401,$\hat{T}_{Reset}$,8.081372176912033e-09,1243.2463373720666,12
1338.011483113092,$\hat{T}_{Reset}$,7.509006095413171e-09,1338.011480111015,12
1.0,$\hat{T}_{MLG}$,1.4792179980407916,6.792194506282195e-06,12
1.0762239473831834,$\hat{T}_{MLG}$,1.52577059279106,6.584958713555617e-06,12
1.1582579849210413,$\hat{T}_{MLG}$,2.1252983201280338,4.727400508781818e-06,12
1.2465449806198148,$\hat{T}_{MLG}$,2.5915560766186556,3.876873994945714e-06,12
1.3415615596333508,$\hat{T}_{MLG}$,2.121239934626964,4.7364450366399855e-06,12
1.4438206773661448,$\hat{T}_{MLG}$,2.669765174344486,3.7633034007769275e-06,12
1.5538743887084543,$\hat{T}_{MLG}$,1.1403341990391702,8.810694591420646e-06,12
1.6723168283534438,$\hat{T}_{MLG}$,0.7138735730953396,1.4074111633411858e-05,12
1.7997874182858689,$\hat{T}_{MLG}$,0.7431004011187157,1.3520563768719198e-05,12
1.9369743197582066,$\hat{T}_{MLG}$,0.5248095117330954,1.914434882612441e-05,12
2.0846181483900335,$\hat{T}_{MLG}$,0.420670726902927,2.3883611854467982e-05,12
2.2435159724469447,$\hat{T}_{MLG}$,0.4072426169844021,2.4671132000586342e-05,12
2.4145256158840724,$\hat{T}_{MLG}$,0.41678824677616,2.4106093292218768e-05,12
2.5985702893845684,$\hat{T}_{MLG}$,0.40712231582101555,2.4678422109151746e-05,12
2.796643574394121,$\hat{T}_{MLG}$,0.972415563426884,1.0332142694713108e-05,12
3.009814787058257,$\hat{T}_{MLG}$,0.7307873602108362,1.3748371834164942e-05,12
3.239234751020113,$\hat{T}_{MLG}$,0.6145956092654224,1.634755635806601e-05,12
3.486142010243649,$\hat{T}_{MLG}$,0.6408331287833811,1.5678241196676043e-05,12
3.751869515402767,$\hat{T}_{MLG}$,0.3558774151826601,2.8232014539977336e-05,12
4.037851819933397,$\hat{T}_{MLG}$,0.35078456063599495,2.8641900149967567e-05,12
4.345632824597091,$\hat{T}_{MLG}$,0.3336292886244463,3.0114671290733372e-05,12
4.676874112365815,$\hat{T}_{MLG}$,0.8967573878661979,1.1203851226465179e-05,12
5.03336391862456,$\hat{T}_{MLG}$,1.4171329458634578,7.089762741889188e-06,12
5.417026785118212,$\hat{T}_{MLG}$,0.320292989926942,3.1368580255778114e-05,12
5.829933949760359,$\hat{T}_{MLG}$,0.3143455758059346,3.196207337776926e-05,12
6.274314528394325,$\hat{T}_{MLG}$,0.2956293843570803,3.398558090474128e-05,12
6.752567548872198,$\hat{T}_{MLG}$,0.29332694313988644,3.4252347405723895e-05,12
7.267274902418825,$\hat{T}_{MLG}$,0.2951733079461592,3.4038092501639915e-05,12
7.821215282199927,$\hat{T}_{MLG}$,0.6018178368878235,1.669464702449349e-05,12
8.417379184342884,$\hat{T}_{MLG}$,1.0128078899172583,9.920081053779324e-06,12
9.058985052394538,$\hat{T}_{MLG}$,0.5683988408381098,1.7676208391051267e-05,12
9.749496652373306,$\hat{T}_{MLG}$,0.3251932845930697,3.08958912618964e-05,12
10.492641772216333,$\hat{T}_{MLG}$,1.0114655812833167,9.933245921367794e-06,12
11.292432346572342,$\hat{T}_{MLG}$,3.6153483985186106,2.7790230020440705e-06,12
12.153186115585632,$\hat{T}_{MLG}$,3.161630725296292,3.177833603241202e-06,12
13.079549934598068,$\hat{T}_{MLG}$,0.45993492345396975,2.1844691167253635e-05,12
14.076524860608592,$\hat{T}_{MLG}$,0.39273286099476956,2.5582622076588134e-05,12
15.149493150921694,$\hat{T}_{MLG}$,1.6757440829835508,5.995626934870719e-06,12
16.304247319739442,$\hat{T}_{MLG}$,0.4582069246648488,2.1927072287777613e-05,12
17.54702140956167,$\hat{T}_{MLG}$,1.298549877278669,7.737197111705778e-06,12
18.88452464621569,$\hat{T}_{MLG}$,0.33570694055837647,2.9928295027726132e-05,12
20.32397765920527,$\hat{T}_{MLG}$,0.32841943263010526,3.059239302444802e-05,12
21.87315146291753,$\hat{T}_{MLG}$,0.39578525389735575,2.5385322623697518e-05,12
23.540409409131357,$\hat{T}_{MLG}$,0.32591008473894106,3.0827939454326243e-05,12
25.33475233731158,$\hat{T}_{MLG}$,0.29531031956159387,3.40223002528391e-05,12
27.265867166436806,$\hat{T}_{MLG}$,0.7499194024144795,1.3397621567781988e-05,12
29.344179190688156,$\hat{T}_{MLG}$,0.3138952386594633,3.2007928513966046e-05,12
31.580908361321878,$\hat{T}_{MLG}$,0.2942143774430737,3.414903257686783e-05,12
33.98812985856841,$\hat{T}_{MLG}$,0.2965459281940437,3.388054059980923e-05,12
36.57883928056072,$\hat{T}_{MLG}$,0.5640435052802714,1.7812697541644456e-05,12
39.36702280122011,$\hat{T}_{MLG}$,0.30606163732401825,3.282716660516917e-05,12
42.36773267585289,$\hat{T}_{MLG}$,0.2965364496684291,3.3881623561355006e-05,12
45.597168502081885,$\hat{T}_{MLG}$,0.4714366963037456,2.1311740131092942e-05,12
49.07276467480673,$\hat{T}_{MLG}$,0.28468525183400617,3.5292085891912235e-05,12
52.81328450732654,$\hat{T}_{MLG}$,0.27922339197192075,3.5982430730218944e-05,12
56.8389215267461,$\hat{T}_{MLG}$,0.2732974557956497,3.676264138879825e-05,12
61.17140849051769,$\hat{T}_{MLG}$,0.6312284483298026,1.5916799039191923e-05,12
65.83413471265413,$\hat{T}_{MLG}$,0.2666530800219518,3.767868107527314e-05,12
70.8522723330089,$\hat{T}_{MLG}$,0.2836539008646642,3.542040609792305e-05,12
76.25291221129912,$\hat{T}_{MLG}$,0.26377239606907793,3.80901736103395e-05,12
82.06521017950769,$\hat{T}_{MLG}$,0.26490474849727946,3.7927354707232036e-05,12
88.32054444222037,$\hat{T}_{MLG}$,0.2565618776105389,3.9160675208099194e-05,12
95.0526849746383,$\hat{T}_{MLG}$,0.2579589466287497,3.89485865529839e-05,12
102.29797583277549,$\hat{T}_{MLG}$,0.25950742666211213,3.8716180454319476e-05,12
110.0955313600591,$\hat{T}_{MLG}$,0.25166546191419326,3.992258724525353e-05,12
118.4874473495718,$\hat{T}_{MLG}$,0.2574578764336705,3.902438915080106e-05,12
127.51902830191335,$\hat{T}_{MLG}$,0.24860483641848663,4.041408246368006e-05,12
137.239032005553,$\hat{T}_{MLG}$,0.25212794928524923,3.984935580671944e-05,12
147.6999327600634,$\hat{T}_{MLG}$,0.24419098138891218,4.114458405769204e-05,12
158.95820466326612,$\hat{T}_{MLG}$,0.24609960233474687,4.0825487991728674e-05,12
171.07462649164432,$\hat{T}_{MLG}$,0.23961719200770626,4.192994782929969e-05,12
184.11460981994108,$\hat{T}_{MLG}$,0.24277154682655464,4.138514785286792e-05,12
198.14855215133173,$\hat{T}_{MLG}$,0.32849685272615564,3.058518301319005e-05,12
213.25221696456873,$\hat{T}_{MLG}$,0.24087760238929498,4.171054618705771e-05,12
229.50714272982336,$\hat{T}_{MLG}$,0.2459290293214476,4.0853803992183664e-05,12
247.00108310132606,$\hat{T}_{MLG}$,0.24433546944327353,4.11202531616844e-05,12
265.8284806632307,$\hat{T}_{MLG}$,0.2432276982406998,4.130753377414975e-05,12
286.0909767862566,$\hat{T}_{MLG}$,0.23520799732623957,4.271596405776447e-05,12
307.8979603476156,$\hat{T}_{MLG}$,0.26130073759339306,3.845047071975985e-05,12
331.36715827654194,$\hat{T}_{MLG}$,0.3153430122921039,3.1860976676977056e-05,12
356.62527111352796,$\hat{T}_{MLG}$,0.23906504646209353,4.2026789397167256e-05,12
383.8086570143992,$\hat{T}_{MLG}$,0.23614034732434017,4.2547309147837454e-05,12
413.0640678918749,$\hat{T}_{MLG}$,0.23913978663602922,4.201365444545685e-05,12
444.5494416687491,$\hat{T}_{MLG}$,0.2357245469419398,4.262235940307512e-05,12
478.43475491973123,$\hat{T}_{MLG}$,0.24483517502457422,4.103632723066845e-05,12
514.9029405050194,$\hat{T}_{MLG}$,0.24097499214218518,4.1693688920044386e-05,12
554.1508751495202,$\hat{T}_{MLG}$,0.23294357428681217,4.313120201167626e-05,12
596.390442299262,$\hat{T}_{MLG}$,0.2396275001635297,4.192814411129738e-05,12
641.8496759929147,$\hat{T}_{MLG}$,0.24011675578762157,4.184271242100614e-05,12
690.7739919237116,$\hat{T}_{MLG}$,0.23246199918931915,4.3220553875147274e-05,12
743.4275123377766,$\hat{T}_{MLG}$,0.2350018347528589,4.275343794848471e-05,12
800.0944919214219,$\hat{T}_{MLG}$,0.2405813843924341,4.17619026728087e-05,12
861.0808523752157,$\hat{T}_{MLG}$,0.2329554054231497,4.3129011501735206e-05,12
926.7158339593304,$\hat{T}_{MLG}$,0.28957357466235933,3.469631637348573e-05,12
997.35377292621,$\hat{T}_{MLG}$,0.22865828959266474,4.393952380989348e-05,12
1073.3760144361563,$\hat{T}_{MLG}$,0.23174244111466774,4.335475328368971e-05,12
1155.1929712829099,$\hat{T}_{MLG}$,0.23572984314004147,4.262140179645242e-05,12
1243.246339543401,$\hat{T}_{MLG}$,0.2293583580505684,4.3805407595703315e-05,12
1338.011483113092,$\hat{T}_{MLG}$,0.2343570859918012,4.287105857015948e-05,12
1.0,$\hat{T}_{MLD}$,0.32960273454234906,3.048256372580399e-05,12
1.0762239473831834,$\hat{T}_{MLD}$,0.33824039856418686,2.9704128786910104e-05,12
1.1582579849210413,$\hat{T}_{MLD}$,0.33313629050502247,3.015923706377146e-05,12
1.2465449806198148,$\hat{T}_{MLD}$,0.32208555539256384,3.1193998587241126e-05,12
1.3415615596333508,$\hat{T}_{MLD}$,0.32480641239908337,3.093269090864403e-05,12
1.4438206773661448,$\hat{T}_{MLD}$,0.31831572845571454,3.156343046141439e-05,12
1.5538743887084543,$\hat{T}_{MLD}$,0.3241521677249156,3.0995123155902154e-05,12
1.6723168283534438,$\hat{T}_{MLD}$,0.3111990580665317,3.228524026489315e-05,12
1.7997874182858689,$\hat{T}_{MLD}$,0.3061679550057499,3.2815767279425844e-05,12
1.9369743197582066,$\hat{T}_{MLD}$,0.30675206692843954,3.275328006911279e-05,12
2.0846181483900335,$\hat{T}_{MLD}$,0.298949215574288,3.360817100852947e-05,12
2.2435159724469447,$\hat{T}_{MLD}$,0.29309166764741446,3.427984302840362e-05,12
2.4145256158840724,$\hat{T}_{MLD}$,0.2998612857576804,3.3505947039810795e-05,12
2.5985702893845684,$\hat{T}_{MLD}$,0.29254991937348485,3.434332294947482e-05,12
2.796643574394121,$\hat{T}_{MLD}$,0.30268778984163935,3.319306789726433e-05,12
3.009814787058257,$\hat{T}_{MLD}$,0.29157428430178023,3.4458238949109774e-05,12
3.239234751020113,$\hat{T}_{MLD}$,0.28496849389738926,3.525700761679345e-05,12
3.486142010243649,$\hat{T}_{MLD}$,0.294555719264622,3.410945944274909e-05,12
3.751869515402767,$\hat{T}_{MLD}$,0.28674862302303533,3.503813289132794e-05,12
4.037851819933397,$\hat{T}_{MLD}$,0.29317197931772376,3.427045239203394e-05,12
4.345632824597091,$\hat{T}_{MLD}$,0.2859628635613284,3.513440953402564e-05,12
4.676874112365815,$\hat{T}_{MLD}$,0.2940564946905754,3.416736763613616e-05,12
5.03336391862456,$\hat{T}_{MLD}$,0.2813670432317845,3.570829136378201e-05,12
5.417026785118212,$\hat{T}_{MLD}$,0.28829661918054167,3.484999716071777e-05,12
5.829933949760359,$\hat{T}_{MLD}$,0.28194804034067605,3.563470896178785e-05,12
6.274314528394325,$\hat{T}_{MLD}$,0.26897148908303936,3.7353908379428887e-05,12
6.752567548872198,$\hat{T}_{MLD}$,0.27475384721048435,3.656777316093218e-05,12
7.267274902418825,$\hat{T}_{MLD}$,0.2733561609596332,3.6754746352214394e-05,12
7.821215282199927,$\hat{T}_{MLD}$,0.2796105525838459,3.5932607932862655e-05,12
8.417379184342884,$\hat{T}_{MLD}$,0.2691278937368404,3.7332200019782185e-05,12
9.058985052394538,$\hat{T}_{MLD}$,0.26686772565125194,3.764837555896965e-05,12
9.749496652373306,$\hat{T}_{MLD}$,0.25676224519799046,3.913011569181061e-05,12
10.492641772216333,$\hat{T}_{MLD}$,0.26869155787238075,3.73928248414059e-05,12
11.292432346572342,$\hat{T}_{MLD}$,0.2633180734368674,3.815589347419136e-05,12
12.153186115585632,$\hat{T}_{MLD}$,0.2742013972698774,3.6641448438709855e-05,12
13.079549934598068,$\hat{T}_{MLD}$,0.26926542079230736,3.731313263442049e-05,12
14.076524860608592,$\hat{T}_{MLD}$,0.2613297363537866,3.844620401822416e-05,12
15.149493150921694,$\hat{T}_{MLD}$,0.27452583378021955,3.6598145324020644e-05,12
16.304247319739442,$\hat{T}_{MLD}$,0.2665566067427709,3.7692317900722576e-05,12
17.54702140956167,$\hat{T}_{MLD}$,0.2600713794112578,3.863222620893861e-05,12
18.88452464621569,$\hat{T}_{MLD}$,0.2608584490208513,3.851566394571068e-05,12
20.32397765920527,$\hat{T}_{MLD}$,0.2600960647261158,3.862855968415425e-05,12
21.87315146291753,$\hat{T}_{MLD}$,0.252721999331206,3.975568564064377e-05,12
23.540409409131357,$\hat{T}_{MLD}$,0.2540014265670961,3.9555432800816944e-05,12
25.33475233731158,$\hat{T}_{MLD}$,0.24524883908043696,4.0967110782494434e-05,12
27.265867166436806,$\hat{T}_{MLD}$,0.24812294366374163,4.049257280093524e-05,12
29.344179190688156,$\hat{T}_{MLD}$,0.24857423442718765,4.041905784418464e-05,12
31.580908361321878,$\hat{T}_{MLD}$,0.24119887430971657,4.165498860075595e-05,12
33.98812985856841,$\hat{T}_{MLD}$,0.2443660482416246,4.111510756990262e-05,12
36.57883928056072,$\hat{T}_{MLD}$,0.25291879180777876,3.972475231307586e-05,12
39.36702280122011,$\hat{T}_{MLD}$,0.24480512720861675,4.1041364102331465e-05,12
42.36773267585289,$\hat{T}_{MLD}$,0.24861490387431892,4.041244592868611e-05,12
45.597168502081885,$\hat{T}_{MLD}$,0.24165783175198596,4.1575877293303745e-05,12
49.07276467480673,$\hat{T}_{MLD}$,0.24623403548546727,4.080319903817437e-05,12
52.81328450732654,$\hat{T}_{MLD}$,0.24891637138179987,4.0363501621496923e-05,12
56.8389215267461,$\hat{T}_{MLD}$,0.242105811481104,4.149894749912096e-05,12
61.17140849051769,$\hat{T}_{MLD}$,0.24630475046703246,4.079148429267184e-05,12
65.83413471265413,$\hat{T}_{MLD}$,0.23995982146353612,4.187007765970169e-05,12
70.8522723330089,$\hat{T}_{MLD}$,0.24412928528828617,4.115498207444469e-05,12
76.25291221129912,$\hat{T}_{MLD}$,0.23742970424507912,4.231625689730708e-05,12
82.06521017950769,$\hat{T}_{MLD}$,0.24250387360509323,4.143082834317e-05,12
88.32054444222037,$\hat{T}_{MLD}$,0.2363992727578425,4.250070756426682e-05,12
95.0526849746383,$\hat{T}_{MLD}$,0.240301657096524,4.1810516337183195e-05,12
102.29797583277549,$\hat{T}_{MLD}$,0.24391638498649157,4.1190903843720195e-05,12
110.0955313600591,$\hat{T}_{MLD}$,0.23732410124037442,4.233508652250256e-05,12
118.4874473495718,$\hat{T}_{MLD}$,0.24259902921643708,4.1414577759595076e-05,12
127.51902830191335,$\hat{T}_{MLD}$,0.2354855911424577,4.2665609862339156e-05,12
137.239032005553,$\hat{T}_{MLD}$,0.23976516263862038,4.190407083880525e-05,12
147.6999327600634,$\hat{T}_{MLD}$,0.2330478173031092,4.3111909290353036e-05,12
158.95820466326612,$\hat{T}_{MLD}$,0.23606415824583704,4.256104117857371e-05,12
171.07462649164432,$\hat{T}_{MLD}$,0.22972954081099173,4.373462953183116e-05,12
184.11460981994108,$\hat{T}_{MLD}$,0.23363049028088986,4.30043884589161e-05,12
198.14855215133173,$\hat{T}_{MLD}$,0.2384466175604441,4.213578897733599e-05,12
213.25221696456873,$\hat{T}_{MLD}$,0.23233844652766789,4.324353764967587e-05,12
229.50714272982336,$\hat{T}_{MLD}$,0.23556015382392187,4.2652104767245624e-05,12
247.00108310132606,$\hat{T}_{MLD}$,0.22768420967508962,4.412750613766275e-05,12
265.8284806632307,$\hat{T}_{MLD}$,0.2322838631892181,4.325369925375327e-05,12
286.0909767862566,$\hat{T}_{MLD}$,0.2259643743906251,4.4463364576744754e-05,12
307.8979603476156,$\hat{T}_{MLD}$,0.22935488949630034,4.380607006875464e-05,12
331.36715827654194,$\hat{T}_{MLD}$,0.23427362657838904,4.2886331281189224e-05,12
356.62527111352796,$\hat{T}_{MLD}$,0.22802687077486358,4.406119474316775e-05,12
383.8086570143992,$\hat{T}_{MLD}$,0.23049687230149965,4.358903554554238e-05,12
413.0640678918749,$\hat{T}_{MLD}$,0.23271763574259055,4.317307679680782e-05,12
444.5494416687491,$\hat{T}_{MLD}$,0.22914272251647605,4.38466308226917e-05,12
478.43475491973123,$\hat{T}_{MLD}$,0.23579027718069606,4.261047775174744e-05,12
514.9029405050194,$\hat{T}_{MLD}$,0.23516820510494252,4.2723191918749946e-05,12
554.1508751495202,$\hat{T}_{MLD}$,0.22820472371399303,4.402685534449496e-05,12
596.390442299262,$\hat{T}_{MLD}$,0.23256794465158806,4.320086491256612e-05,12
641.8496759929147,$\hat{T}_{MLD}$,0.23531232911630456,4.269702483341003e-05,12
690.7739919237116,$\hat{T}_{MLD}$,0.22797944369087275,4.407036089407149e-05,12
743.4275123377766,$\hat{T}_{MLD}$,0.2315139654897284,4.3397539058317296e-05,12
800.0944919214219,$\hat{T}_{MLD}$,0.235174341103909,4.272207721609902e-05,12
861.0808523752157,$\hat{T}_{MLD}$,0.22851301152711387,4.39674585387637e-05,12
926.7158339593304,$\hat{T}_{MLD}$,0.23205442560116885,4.329646518853465e-05,12
997.35377292621,$\hat{T}_{MLD}$,0.2249189361096515,4.4670033273624745e-05,12
1073.3760144361563,$\hat{T}_{MLD}$,0.22776329430108333,4.4112184058090445e-05,12
1155.1929712829099,$\hat{T}_{MLD}$,0.2327525422310493,4.3166602021097564e-05,12
1243.246339543401,$\hat{T}_{MLD}$,0.22662344497953724,4.433405537892873e-05,12
1338.011483113092,$\hat{T}_{MLD}$,0.2310948905668539,4.3476237554373174e-05,12
1.0,$\hat{T}_{emp}$,0.07804028758806708,0.00011559340220825408,13
1.0762239473831834,$\hat{T}_{emp}$,0.028557777740524048,0.0003158839050285892,13
1.1582579849210413,$\hat{T}_{emp}$,0.024697031060157637,0.00036526424288173845,13
1.2465449806198148,$\hat{T}_{emp}$,0.015457762532294132,0.0005835865528900987,13
1.3415615596333508,$\hat{T}_{emp}$,0.013979665940450255,0.0006452902658791796,13
1.4438206773661448,$\hat{T}_{emp}$,0.015063854247369605,0.0005988468955871941,13
1.5538743887084543,$\hat{T}_{emp}$,0.01605796192765209,0.0005617738036905566,13
1.6723168283534438,$\hat{T}_{emp}$,0.008593113641635335,0.0010497873911392266,13
1.7997874182858689,$\hat{T}_{emp}$,0.006265287301014475,0.0014398290003643705,13
1.9369743197582066,$\hat{T}_{emp}$,0.004359185726461096,0.0020694099581158934,13
2.0846181483900335,$\hat{T}_{emp}$,0.0011121400690651964,0.00811133651465122,13
2.2435159724469447,$\hat{T}_{emp}$,0.0012102935263369522,0.007453516155636924,13
2.4145256158840724,$\hat{T}_{emp}$,0.00921702029089469,0.00097872653709213,13
2.5985702893845684,$\hat{T}_{emp}$,0.01415682203992932,0.0006372152115899802,13
2.796643574394121,$\hat{T}_{emp}$,0.02536320706028076,0.000355670413846923,13
3.009814787058257,$\hat{T}_{emp}$,0.02969305883163943,0.0003038064351256057,13
3.239234751020113,$\hat{T}_{emp}$,0.043383210936869046,0.00020793625360608902,13
3.486142010243649,$\hat{T}_{emp}$,0.050410274059448985,0.00017895047229810401,13
3.751869515402767,$\hat{T}_{emp}$,0.06344943328540584,0.00014217530219754046,13
4.037851819933397,$\hat{T}_{emp}$,0.07075163982770638,0.00012750153033319026,13
4.345632824597091,$\hat{T}_{emp}$,0.06641728613924484,0.00013582220647652955,13
4.676874112365815,$\hat{T}_{emp}$,0.05317043626530053,0.0001696608676784997,13
5.03336391862456,$\hat{T}_{emp}$,0.05900918338817558,0.0001528735331291315,13
5.417026785118212,$\hat{T}_{emp}$,0.06476667543722335,0.00013928370247070997,13
5.829933949760359,$\hat{T}_{emp}$,0.07636793518458344,0.00011812473821390333,13
6.274314528394325,$\hat{T}_{emp}$,0.07972228252821242,0.00011315459198528205,13
6.752567548872198,$\hat{T}_{emp}$,0.06411655709825621,0.00014069598805486393,13
7.267274902418825,$\hat{T}_{emp}$,0.05228897715988083,0.00017252091820485358,13
7.821215282199927,$\hat{T}_{emp}$,0.06539516450866545,0.00013794509761375247,13
8.417379184342884,$\hat{T}_{emp}$,0.08243336944977618,0.00010943313868919803,13
9.058985052394538,$\hat{T}_{emp}$,0.09040376731324007,9.978502688232657e-05,13
9.749496652373306,$\hat{T}_{emp}$,0.10772492001014099,8.374053423076151e-05,13
10.492641772216333,$\hat{T}_{emp}$,0.11100278383894657,8.126771275127389e-05,13
11.292432346572342,$\hat{T}_{emp}$,0.11759137434783963,7.67143202606934e-05,13
12.153186115585632,$\hat{T}_{emp}$,0.11555582277268951,7.806566675017668e-05,13
13.079549934598068,$\hat{T}_{emp}$,0.09042912348292204,9.975704733352749e-05,13
14.076524860608592,$\hat{T}_{emp}$,0.06657600772096356,0.00013549839740202278,13
15.149493150921694,$\hat{T}_{emp}$,0.055104625606403355,0.00016370571893636077,13
16.304247319739442,$\hat{T}_{emp}$,0.05442251395254006,0.00016575754584733258,13
17.54702140956167,$\hat{T}_{emp}$,0.04395925850143589,0.00020521143120101983,13
18.88452464621569,$\hat{T}_{emp}$,0.037472849309427826,0.00024073275765944146,13
20.32397765920527,$\hat{T}_{emp}$,0.02866829088801173,0.00031466620688530686,13
21.87315146291753,$\hat{T}_{emp}$,0.03241008814257222,0.0002783374828211532,13
23.540409409131357,$\hat{T}_{emp}$,0.030272524379887856,0.0002979910838756644,13
25.33475233731158,$\hat{T}_{emp}$,0.032823239403269505,0.00027483400528458153,13
27.265867166436806,$\hat{T}_{emp}$,0.032144507853910674,0.00028063712758065375,13
29.344179190688156,$\hat{T}_{emp}$,0.02144336045276592,0.0004206869707519033,13
31.580908361321878,$\hat{T}_{emp}$,0.023249257393147878,0.00038800991356712964,13
33.98812985856841,$\hat{T}_{emp}$,0.022705949081280815,0.0003972942209692648,13
36.57883928056072,$\hat{T}_{emp}$,0.02409985005721501,0.0003743152895224993,13
39.36702280122011,$\hat{T}_{emp}$,0.02042411489200517,0.00044168094428152777,13
42.36773267585289,$\hat{T}_{emp}$,0.022902752780364164,0.0003938802657534436,13
45.597168502081885,$\hat{T}_{emp}$,0.020451906089316838,0.00044108076343688055,13
49.07276467480673,$\hat{T}_{emp}$,0.018536836627192077,0.0004866495040681454,13
52.81328450732654,$\hat{T}_{emp}$,0.01821276863223093,0.0004953086778717979,13
56.8389215267461,$\hat{T}_{emp}$,0.01323329483012722,0.0006816852845353354,13
61.17140849051769,$\hat{T}_{emp}$,0.01323232823736286,0.0006817350801610017,13
65.83413471265413,$\hat{T}_{emp}$,0.01245916303298391,0.0007240407985459024,13
70.8522723330089,$\hat{T}_{emp}$,0.010300606121719876,0.0008757681096643121,13
76.25291221129912,$\hat{T}_{emp}$,0.008484804461818676,0.0010631880077153438,13
82.06521017950769,$\hat{T}_{emp}$,0.0054674037735616765,0.0016499499077125357,13
88.32054444222037,$\hat{T}_{emp}$,0.0053928197126818745,0.00167276913233376,13
95.0526849746383,$\hat{T}_{emp}$,0.005892915271963549,0.0015308114804456427,13
102.29797583277549,$\hat{T}_{emp}$,0.005112762249633027,0.0017643969954328981,13
110.0955313600591,$\hat{T}_{emp}$,0.004058687836235297,0.002222625320202694,13
118.4874473495718,$\hat{T}_{emp}$,0.005071525000784182,0.0017787435436521358,13
127.51902830191335,$\hat{T}_{emp}$,0.009650048843769054,0.0009348079473649498,13
137.239032005553,$\hat{T}_{emp}$,0.012609098043958673,0.0007154312164253026,13
147.6999327600634,$\hat{T}_{emp}$,0.019554627849599254,0.00046132007323269663,13
158.95820466326612,$\hat{T}_{emp}$,0.023003777477341125,0.0003921504787855362,13
171.07462649164432,$\hat{T}_{emp}$,0.03306341545366384,0.00027283758280379416,13
184.11460981994108,$\hat{T}_{emp}$,0.034720083395697515,0.000259819144119139,13
198.14855215133173,$\hat{T}_{emp}$,0.043003737743276434,0.00020977112281421787,13
213.25221696456873,$\hat{T}_{emp}$,0.04546076381230509,0.00019843358525299375,13
229.50714272982336,$\hat{T}_{emp}$,0.049787253879395595,0.00018118979555425057,13
247.00108310132606,$\hat{T}_{emp}$,0.033453489082570884,0.0002696562480926728,13
265.8284806632307,$\hat{T}_{emp}$,0.033892135205434194,0.00026616624467404044,13
286.0909767862566,$\hat{T}_{emp}$,0.026496362547257783,0.00034045965122668774,13
307.8979603476156,$\hat{T}_{emp}$,0.01954935245524049,0.0004614445604921845,13
331.36715827654194,$\hat{T}_{emp}$,0.008080151804243459,0.0011164322861951332,13
356.62527111352796,$\hat{T}_{emp}$,0.007373250510794275,0.0012234688538533712,13
383.8086570143992,$\hat{T}_{emp}$,0.0067869897250773465,0.0013291522040004933,13
413.0640678918749,$\hat{T}_{emp}$,0.009900663161376578,0.0009111452641684453,13
444.5494416687491,$\hat{T}_{emp}$,0.01279903989698641,0.0007048139879413359,13
478.43475491973123,$\hat{T}_{emp}$,0.012645861756633786,0.0007133513338371769,13
514.9029405050194,$\hat{T}_{emp}$,0.014875482534011553,0.0006064302338421374,13
554.1508751495202,$\hat{T}_{emp}$,0.01705475541449818,0.0005289400013292826,13
596.390442299262,$\hat{T}_{emp}$,0.016549020690976236,0.0005451043007357016,13
641.8496759929147,$\hat{T}_{emp}$,0.012356708578945134,0.0007300441127976617,13
690.7739919237116,$\hat{T}_{emp}$,0.009636421699855574,0.0009361298864443072,13
743.4275123377766,$\hat{T}_{emp}$,0.009563034269175567,0.000943313816274022,13
800.0944919214219,$\hat{T}_{emp}$,0.00823880079381683,0.0010949339081466104,13
861.0808523752157,$\hat{T}_{emp}$,0.008586292706851635,0.0010506213402690992,13
926.7158339593304,$\hat{T}_{emp}$,0.00948725652803012,0.0009508483643256469,13
997.35377292621,$\hat{T}_{emp}$,0.010715212717285424,0.0008418817796368123,13
1073.3760144361563,$\hat{T}_{emp}$,0.010571958763236631,0.0008532895893412918,13
1155.1929712829099,$\hat{T}_{emp}$,0.009491928952305889,0.0009503803069895277,13
1243.246339543401,$\hat{T}_{emp}$,0.00973245181191775,0.0009268930918896282,13
1338.011483113092,$\hat{T}_{emp}$,0.009905064767989894,0.0009107403699941623,13
1.0,$\hat{T}_{GT}$,3.608382272017898e-05,0.24999963062590153,13
1.0762239473831834,$\hat{T}_{GT}$,8.38208915190022e-06,1.0762164644324033,13
1.1582579849210413,$\hat{T}_{GT}$,7.788404623196984e-06,1.1582529141779927,13
1.2465449806198148,$\hat{T}_{GT}$,7.236780211748189e-06,1.246540876973251,13
1.3415615596333508,$\hat{T}_{GT}$,6.724226041582614e-06,1.3415584627628145,13
1.4438206773661448,$\hat{T}_{GT}$,6.247969409941769e-06,1.443819865260725,13
1.5538743887084543,$\hat{T}_{GT}$,5.805481535665976e-06,1.5538663410080795,13
1.6723168283534438,$\hat{T}_{GT}$,5.3942960713341714e-06,1.6723113140847878,13
1.7997874182858689,$\hat{T}_{GT}$,2.004891936324632e-05,0.4499465626138658,13
1.9369743197582066,$\hat{T}_{GT}$,4.657249707757581e-06,1.936967720796476,13
2.0846181483900335,$\hat{T}_{GT}$,4.3273932648451224e-06,2.0846134842653634,13
2.2435159724469447,$\hat{T}_{GT}$,4.020908725371934e-06,2.2435083628467143,13
2.4145256158840724,$\hat{T}_{GT}$,3.7361249659078596e-06,2.4145183670062846,13
2.5985702893845684,$\hat{T}_{GT}$,3.4715110446123883e-06,2.5985636328639394,13
2.796643574394121,$\hat{T}_{GT}$,3.2256399669694466e-06,2.796636464078355,13
3.009814787058257,$\hat{T}_{GT}$,2.997179653945637e-06,3.0098103527893754,13
3.239234751020113,$\hat{T}_{GT}$,2.7849024866394304e-06,3.239230958675655,13
3.486142010243649,$\hat{T}_{GT}$,2.5876635726835884e-06,3.4861341508393644,13
3.751869515402767,$\hat{T}_{GT}$,2.4043894533861017e-06,3.751864049690895,13
4.037851819933397,$\hat{T}_{GT}$,2.234097692623903e-06,4.037845964121803,13
4.345632824597091,$\hat{T}_{GT}$,2.075864545686665e-06,4.345631496216563,13
4.676874112365815,$\hat{T}_{GT}$,1.9288411907893976e-06,4.676871478425523,13
5.03336391862456,$\hat{T}_{GT}$,1.7922303231032827e-06,5.033361078276655,13
5.417026785118212,$\hat{T}_{GT}$,1.665295573311307e-06,5.417021756490852,13
5.829933949760359,$\hat{T}_{GT}$,1.547350471787159e-06,5.829928329808985,13
6.274314528394325,$\hat{T}_{GT}$,1.4377587067072881e-06,6.274308970991904,13
6.752567548872198,$\hat{T}_{GT}$,1.3359285972883322e-06,6.752563250705139,13
7.267274902418825,$\hat{T}_{GT}$,1.2413108242303872e-06,7.26727115846125,13
7.821215282199927,$\hat{T}_{GT}$,1.1533945555163402e-06,7.821211144504537,13
8.417379184342884,$\hat{T}_{GT}$,1.0717045353464232e-06,8.417378161695733,13
9.058985052394538,$\hat{T}_{GT}$,9.95800708412624e-07,9.058983665512018,13
9.749496652373306,$\hat{T}_{GT}$,9.252730943537985e-07,9.749491697816408,13
10.492641772216333,$\hat{T}_{GT}$,8.597402552740766e-07,10.492636928742472,13
11.292432346572342,$\hat{T}_{GT}$,7.988490183343839e-07,11.29242465669433,13
12.153186115585632,$\hat{T}_{GT}$,7.422698165628602e-07,12.153184934000754,13
13.079549934598068,$\hat{T}_{GT}$,6.896984569376423e-07,13.079545504088125,13
14.076524860608592,$\hat{T}_{GT}$,6.408502288155742e-07,14.07652201090394,13
15.149493150921694,$\hat{T}_{GT}$,5.9546174783505e-07,15.149490936089762,13
16.304247319739442,$\hat{T}_{GT}$,5.532879969148661e-07,16.304243724635327,13
17.54702140956167,$\hat{T}_{GT}$,2.5705064206109375e-06,3.5094027695411203,13
18.88452464621569,$\hat{T}_{GT}$,4.776897395587771e-07,18.884521907352543,13
20.32397765920527,$\hat{T}_{GT}$,4.4385717208830807e-07,20.323975636515087,13
21.87315146291753,$\hat{T}_{GT}$,4.124207945863997e-07,21.873151087500325,13
23.540409409131357,$\hat{T}_{GT}$,3.8321106345668644e-07,23.54040165292586,13
25.33475233731158,$\hat{T}_{GT}$,3.560699421065881e-07,25.334748275143298,13
27.265867166436806,$\hat{T}_{GT}$,3.3085117751588336e-07,27.265861404353576,13
29.344179190688156,$\hat{T}_{GT}$,6.148369375586977e-07,14.672089135428756,13
31.580908361321878,$\hat{T}_{GT}$,2.8564548595866765e-07,31.58090288505581,13
33.98812985856841,$\hat{T}_{GT}$,2.6541454699974067e-07,33.988123309699645,13
36.57883928056072,$\hat{T}_{GT}$,2.4661642268081915e-07,36.57883872271767,13
39.36702280122011,$\hat{T}_{GT}$,2.2914972390895514e-07,39.36702256381256,13
42.36773267585289,$\hat{T}_{GT}$,2.129201206746076e-07,42.36773078576916,13
45.597168502081885,$\hat{T}_{GT}$,1.9783998306489746e-07,45.59716500105096,13
49.07276467480673,$\hat{T}_{GT}$,1.8382788856573988e-07,49.07276269122364,13
52.81328450732654,$\hat{T}_{GT}$,5.124246757077737e-07,17.60442613181207,13
56.8389215267461,$\hat{T}_{GT}$,1.5871065999193115e-07,56.83891902455627,13
61.17140849051769,$\hat{T}_{GT}$,1.4746991761150644e-07,61.171407007766526,13
65.83413471265413,$\hat{T}_{GT}$,1.3702530665578503e-07,65.83413364858471,13
70.8522723330089,$\hat{T}_{GT}$,1.2732044697625397e-07,70.85226737617185,13
76.25291221129912,$\hat{T}_{GT}$,1.1830293026894042e-07,76.25290710135216,13
82.06521017950769,$\hat{T}_{GT}$,1.0992407763805695e-07,82.0652085098061,13
88.32054444222037,$\hat{T}_{GT}$,1.0213867142714586e-07,88.3205374180902,13
95.0526849746383,$\hat{T}_{GT}$,9.490466352026072e-08,95.05267725531128,13
102.29797583277549,$\hat{T}_{GT}$,8.818300159769962e-08,102.297973398204,13
110.0955313600591,$\hat{T}_{GT}$,8.193741341775946e-08,110.09552261092024,13
118.4874473495718,$\hat{T}_{GT}$,7.613416301298819e-08,118.48744367329972,13
127.51902830191335,$\hat{T}_{GT}$,7.074193504800937e-08,127.51902171594753,13
137.239032005553,$\hat{T}_{GT}$,6.573161256735848e-08,137.2390239532165,13
147.6999327600634,$\hat{T}_{GT}$,6.107614705279496e-08,147.699925206766,13
158.95820466326612,$\hat{T}_{GT}$,5.67504069997314e-08,158.95819657571712,13
171.07462649164432,$\hat{T}_{GT}$,5.273103801101056e-08,171.07462116963504,13
184.11460981994108,$\hat{T}_{GT}$,4.899634418677485e-08,184.114600820569,13
198.14855215133173,$\hat{T}_{GT}$,4.552616017386987e-08,198.1485439835733,13
213.25221696456873,$\hat{T}_{GT}$,4.230175346690366e-08,213.25220853251685,13
229.50714272982336,$\hat{T}_{GT}$,3.930571640328168e-08,229.5071347653159,13
247.00108310132606,$\hat{T}_{GT}$,3.6521874356644355e-08,247.00107840916695,13
265.8284806632307,$\hat{T}_{GT}$,3.3935198972930845e-08,265.828479709549,13
286.0909767862566,$\hat{T}_{GT}$,3.1531727113460516e-08,286.0909686029956,13
307.8979603476156,$\hat{T}_{GT}$,2.929848040794501e-08,307.89796009928915,13
331.36715827654194,$\hat{T}_{GT}$,2.7223405638789456e-08,331.36715043329133,13
356.62527111352796,$\hat{T}_{GT}$,2.5295297940540317e-08,356.6252658031577,13
383.8086570143992,$\hat{T}_{GT}$,2.3503749541412468e-08,383.80864873159044,13
413.0640678918749,$\hat{T}_{GT}$,2.1839087940285295e-08,413.06406092970803,13
444.5494416687491,$\hat{T}_{GT}$,2.029232638372562e-08,444.54944105620257,13
478.43475491973123,$\hat{T}_{GT}$,1.885511514573703e-08,478.43475268592084,13
514.9029405050194,$\hat{T}_{GT}$,1.751969507180964e-08,514.9029315088113,13
554.1508751495202,$\hat{T}_{GT}$,1.6278856287277666e-08,554.1508686126401,13
596.390442299262,$\hat{T}_{GT}$,1.5125900355983527e-08,596.3904388704199,13
641.8496759929147,$\hat{T}_{GT}$,1.4054603004056145e-08,641.8496736629147,13
690.7739919237116,$\hat{T}_{GT}$,1.3059180733341428e-08,690.7739877268001,13
743.4275123377766,$\hat{T}_{GT}$,1.2134259612557217e-08,743.4275052331892,13
800.0944919214219,$\hat{T}_{GT}$,1.1274846308341904e-08,800.0944850965237,13
861.0808523752157,$\hat{T}_{GT}$,1.0476301265570717e-08,861.0808455138316,13
926.7158339593304,$\hat{T}_{GT}$,9.734313402177383e-09,926.715832839062,13
997.35377292621,$\hat{T}_{GT}$,9.044877162020732e-09,997.3537716459017,13
1073.3760144361563,$\hat{T}_{GT}$,8.404270488857168e-09,1073.3760132513232,13
1155.1929712829099,$\hat{T}_{GT}$,7.809035045738884e-09,1155.192965427613,13
1243.246339543401,$\hat{T}_{GT}$,7.255957304205793e-09,1243.2463386170175,13
1338.011483113092,$\hat{T}_{GT}$,6.742051522407147e-09,1338.0114823558135,13
1.0,$\hat{T}_{Reset}$,9.020955680044744e-06,0.9999985225036061,13
1.0762239473831834,$\hat{T}_{Reset}$,0.00020117013964560527,0.04484235268468348,13
1.1582579849210413,$\hat{T}_{Reset}$,0.00021028692482631857,0.04289825608066639,13
1.2465449806198148,$\hat{T}_{Reset}$,0.00014473560423496377,0.062327043848662556,13
1.3415615596333508,$\hat{T}_{Reset}$,9.413916458215659e-05,0.09582560448305819,13
1.4438206773661448,$\hat{T}_{Reset}$,0.0001999350211181366,0.04511937078939766,13
1.5538743887084543,$\hat{T}_{Reset}$,2.3221926142663902e-05,0.3884665852520199,13
1.6723168283534438,$\hat{T}_{Reset}$,0.0002481376192813719,0.03635459378445191,13
1.7997874182858689,$\hat{T}_{Reset}$,0.00016039135490597057,0.05624332032673322,13
1.9369743197582066,$\hat{T}_{Reset}$,4.657249707757581e-06,1.936967720796476,13
2.0846181483900335,$\hat{T}_{Reset}$,6.0583505707831716e-05,0.14890096316181167,13
2.2435159724469447,$\hat{T}_{Reset}$,0.0001769199839163651,0.05098882642833442,13
2.4145256158840724,$\hat{T}_{Reset}$,1.86806248295393e-05,0.48290367340125695,13
2.5985702893845684,$\hat{T}_{Reset}$,9.720230924914687e-05,0.09280584403085498,13
2.796643574394121,$\hat{T}_{Reset}$,3.2256399669694466e-06,2.796636464078355,13
3.009814787058257,$\hat{T}_{Reset}$,5.994359307891274e-06,1.5049051763946877,13
3.239234751020113,$\hat{T}_{Reset}$,0.00017266395417164467,0.052245660623800885,13
3.486142010243649,$\hat{T}_{Reset}$,1.2938317863417942e-05,0.6972268301678729,13
3.751869515402767,$\hat{T}_{Reset}$,2.4043894533861017e-06,3.751864049690895,13
4.037851819933397,$\hat{T}_{Reset}$,4.468195385247806e-06,2.0189229820609014,13
4.345632824597091,$\hat{T}_{Reset}$,3.736556182235997e-05,0.24142397201203125,13
4.676874112365815,$\hat{T}_{Reset}$,0.00010222858311183807,0.08824285808350044,13
5.03336391862456,$\hat{T}_{Reset}$,3.0467915492755804e-05,0.2960800634280385,13
5.417026785118212,$\hat{T}_{Reset}$,1.665295573311307e-06,5.417021756490852,13
5.829933949760359,$\hat{T}_{Reset}$,2.3210257076807382e-05,0.38866188865393236,13
6.274314528394325,$\hat{T}_{Reset}$,1.2939828360365593e-05,0.6971454412213227,13
6.752567548872198,$\hat{T}_{Reset}$,2.6718571945766644e-06,3.3762816253525694,13
7.267274902418825,$\hat{T}_{Reset}$,2.4826216484607744e-06,3.633635579230625,13
7.821215282199927,$\hat{T}_{Reset}$,9.227156444130721e-06,0.9776513930630671,13
8.417379184342884,$\hat{T}_{Reset}$,1.9290681636235618e-05,0.4676321200942074,13
9.058985052394538,$\hat{T}_{Reset}$,4.281943046174283e-05,0.21067403873283763,13
9.749496652373306,$\hat{T}_{Reset}$,2.035600807578357e-05,0.44315871353710945,13
10.492641772216333,$\hat{T}_{Reset}$,6.190129837973352e-05,0.14573106845475656,13
11.292432346572342,$\hat{T}_{Reset}$,2.6362017605034664e-05,0.3421946865664949,13
12.153186115585632,$\hat{T}_{Reset}$,5.567023624221452e-05,0.16204246578667672,13
13.079549934598068,$\hat{T}_{Reset}$,8.00050210047665e-05,0.11275470262144935,13
14.076524860608592,$\hat{T}_{Reset}$,2.435230869499182e-05,0.37043478976063005,13
15.149493150921694,$\hat{T}_{Reset}$,8.753287693175234e-05,0.10305776146999839,13
16.304247319739442,$\hat{T}_{Reset}$,1.2172335932127056e-05,0.741101987483424,13
17.54702140956167,$\hat{T}_{Reset}$,5.6037039969318436e-05,0.16098177841931746,13
18.88452464621569,$\hat{T}_{Reset}$,3.0094453592202956e-05,0.29975431598972296,13
20.32397765920527,$\hat{T}_{Reset}$,2.263671577650371e-05,0.3985093262061782,13
21.87315146291753,$\hat{T}_{Reset}$,1.196020304300559e-05,0.7542465892241492,13
23.540409409131357,$\hat{T}_{Reset}$,7.664221269133729e-06,1.1770200826462929,13
25.33475233731158,$\hat{T}_{Reset}$,2.7773455484313874e-05,0.3248044650659397,13
27.265867166436806,$\hat{T}_{Reset}$,1.6542558875794166e-06,5.4531722808707155,13
29.344179190688156,$\hat{T}_{Reset}$,8.638458972699703e-05,0.10442768067920823,13
31.580908361321878,$\hat{T}_{Reset}$,2.2851638876693412e-06,3.9476128606319763,13
33.98812985856841,$\hat{T}_{Reset}$,7.431607315992739e-06,1.2138615467749871,13
36.57883928056072,$\hat{T}_{Reset}$,7.398492680424575e-07,12.19294624090589,13
39.36702280122011,$\hat{T}_{Reset}$,5.7287430977238784e-06,1.5746809025525026,13
42.36773267585289,$\hat{T}_{Reset}$,3.832562172142937e-06,2.35376282143162,13
45.597168502081885,$\hat{T}_{Reset}$,3.7589596782330514e-06,2.3998507895289976,13
49.07276467480673,$\hat{T}_{Reset}$,5.5148366569721966e-06,1.6357587563741212,13
52.81328450732654,$\hat{T}_{Reset}$,2.1351028154490572e-05,0.4225062271634896,13
56.8389215267461,$\hat{T}_{Reset}$,2.380659899878967e-06,3.7892612683037514,13
61.17140849051769,$\hat{T}_{Reset}$,1.1355183656085994e-05,0.7944338572437212,13
65.83413471265413,$\hat{T}_{Reset}$,1.3702530665578503e-07,65.83413364858471,13
70.8522723330089,$\hat{T}_{Reset}$,3.8196134092876194e-07,23.617422458723947,13
76.25291221129912,$\hat{T}_{Reset}$,4.732117210757617e-07,19.06322677533804,13
82.06521017950769,$\hat{T}_{Reset}$,3.95726679497005e-06,2.2795891252723917,13
88.32054444222037,$\hat{T}_{Reset}$,1.0213867142714586e-07,88.3205374180902,13
95.0526849746383,$\hat{T}_{Reset}$,1.9929979339254752e-06,4.526317964538632,13
102.29797583277549,$\hat{T}_{Reset}$,8.818300159769962e-08,102.297973398204,13
110.0955313600591,$\hat{T}_{Reset}$,3.932995844052454e-06,2.2936567210608385,13
118.4874473495718,$\hat{T}_{Reset}$,1.758699165600027e-05,0.5129326565943712,13
127.51902830191335,$\hat{T}_{Reset}$,7.074193504800937e-08,127.51902171594753,13
137.239032005553,$\hat{T}_{Reset}$,3.2865806283679236e-07,27.447804790643303,13
147.6999327600634,$\hat{T}_{Reset}$,6.107614705279496e-08,147.699925206766,13
158.95820466326612,$\hat{T}_{Reset}$,5.67504069997314e-08,158.95819657571712,13
171.07462649164432,$\hat{T}_{Reset}$,5.273103801101056e-08,171.07462116963504,13
184.11460981994108,$\hat{T}_{Reset}$,1.4698903256032455e-07,61.371533606856325,13
198.14855215133173,$\hat{T}_{Reset}$,4.552616017386987e-08,198.1485439835733,13
213.25221696456873,$\hat{T}_{Reset}$,4.230175346690366e-08,213.25220853251685,13
229.50714272982336,$\hat{T}_{Reset}$,3.930571640328168e-08,229.5071347653159,13
247.00108310132606,$\hat{T}_{Reset}$,5.040018661216922e-06,1.789862887022949,13
265.8284806632307,$\hat{T}_{Reset}$,3.3935198972930845e-08,265.828479709549,13
286.0909767862566,$\hat{T}_{Reset}$,3.1531727113460516e-08,286.0909686029956,13
307.8979603476156,$\hat{T}_{Reset}$,1.7579088244767005e-07,51.316326683214854,13
331.36715827654194,$\hat{T}_{Reset}$,2.7223405638789456e-08,331.36715043329133,13
356.62527111352796,$\hat{T}_{Reset}$,2.5295297940540317e-08,356.6252658031577,13
383.8086570143992,$\hat{T}_{Reset}$,2.3503749541412468e-08,383.80864873159044,13
413.0640678918749,$\hat{T}_{Reset}$,2.1839087940285295e-08,413.06406092970803,13
444.5494416687491,$\hat{T}_{Reset}$,2.8409256937215864e-07,31.753531504014475,13
478.43475491973123,$\hat{T}_{Reset}$,1.885511514573703e-08,478.43475268592084,13
514.9029405050194,$\hat{T}_{Reset}$,1.2263786550266747e-07,73.55756164411589,13
554.1508751495202,$\hat{T}_{Reset}$,1.3023085029822133e-07,69.26885857658002,13
596.390442299262,$\hat{T}_{Reset}$,3.025180071196705e-08,298.19521943520994,13
641.8496759929147,$\hat{T}_{Reset}$,1.4054603004056145e-08,641.8496736629147,13
690.7739919237116,$\hat{T}_{Reset}$,1.3059180733341428e-08,690.7739877268001,13
743.4275123377766,$\hat{T}_{Reset}$,1.2134259612557217e-08,743.4275052331892,13
800.0944919214219,$\hat{T}_{Reset}$,1.1274846308341904e-08,800.0944850965237,13
861.0808523752157,$\hat{T}_{Reset}$,1.0476301265570717e-08,861.0808455138316,13
926.7158339593304,$\hat{T}_{Reset}$,9.734313402177383e-09,926.715832839062,13
997.35377292621,$\hat{T}_{Reset}$,9.044877162020732e-09,997.3537716459017,13
1073.3760144361563,$\hat{T}_{Reset}$,1.9329822124371488e-07,46.66852231527492,13
1155.1929712829099,$\hat{T}_{Reset}$,2.3427105137216653e-08,385.06432180920433,13
1243.246339543401,$\hat{T}_{Reset}$,7.255957304205793e-09,1243.2463386170175,13
1338.011483113092,$\hat{T}_{Reset}$,6.742051522407147e-09,1338.0114823558135,13
1.0,$\hat{T}_{MLG}$,5.1255298605540665,1.7600019114199637e-06,13
1.0762239473831834,$\hat{T}_{MLG}$,2.2807884149720876,3.955185975339872e-06,13
1.1582579849210413,$\hat{T}_{MLG}$,1.681606249423658,5.364479559175658e-06,13
1.2465449806198148,$\hat{T}_{MLG}$,0.703955267029953,1.2814652825420822e-05,13
1.3415615596333508,$\hat{T}_{MLG}$,1.3113913231057854,6.878909592180951e-06,13
1.4438206773661448,$\hat{T}_{MLG}$,4.2986086903069,2.0985725851150234e-06,13
1.5538743887084543,$\hat{T}_{MLG}$,0.5570985797353862,1.6192721862439632e-05,13
1.6723168283534438,$\hat{T}_{MLG}$,0.26844532866367105,3.360439310500123e-05,13
1.7997874182858689,$\hat{T}_{MLG}$,0.2493231245338626,3.6181731511992376e-05,13
1.9369743197582066,$\hat{T}_{MLG}$,0.6041827343504766,1.49308178448912e-05,13
2.0846181483900335,$\hat{T}_{MLG}$,0.5872682688566161,1.5360854365890754e-05,13
2.2435159724469447,$\hat{T}_{MLG}$,0.40987962099316444,2.2008760352019794e-05,13
2.4145256158840724,$\hat{T}_{MLG}$,0.26322212039662707,3.4271216788400475e-05,13
2.5985702893845684,$\hat{T}_{MLG}$,0.6652521362984666,1.3560185468638607e-05,13
2.796643574394121,$\hat{T}_{MLG}$,0.2996744841975898,3.0102470604962535e-05,13
3.009814787058257,$\hat{T}_{MLG}$,2.3962286744223684,3.7646416837866417e-06,13
3.239234751020113,$\hat{T}_{MLG}$,0.4897915435795465,1.8417921807484565e-05,13
3.486142010243649,$\hat{T}_{MLG}$,0.4669967680081977,1.9316926731828907e-05,13
3.751869515402767,$\hat{T}_{MLG}$,0.3090286964843017,2.9191277231671297e-05,13
4.037851819933397,$\hat{T}_{MLG}$,1.591323926433397,5.668828452692041e-06,13
4.345632824597091,$\hat{T}_{MLG}$,0.3489437760453535,2.585213713753924e-05,13
4.676874112365815,$\hat{T}_{MLG}$,1.9744272857096012,4.5688906433306135e-06,13
5.03336391862456,$\hat{T}_{MLG}$,0.29867588853940397,3.020311547654485e-05,13
5.417026785118212,$\hat{T}_{MLG}$,0.268645886100444,3.357930576402877e-05,13
5.829933949760359,$\hat{T}_{MLG}$,0.25949616256928265,3.476329770081577e-05,13
6.274314528394325,$\hat{T}_{MLG}$,1.7175332231760951,5.252266582030686e-06,13
6.752567548872198,$\hat{T}_{MLG}$,0.26933249884108196,3.3493701615778685e-05,13
7.267274902418825,$\hat{T}_{MLG}$,0.26602729154667326,3.390983796875808e-05,13
7.821215282199927,$\hat{T}_{MLG}$,0.6462512482866324,1.3958878030072586e-05,13
8.417379184342884,$\hat{T}_{MLG}$,1.7591317217179852,5.128065306448636e-06,13
9.058985052394538,$\hat{T}_{MLG}$,0.4127285648111912,2.1856840356426555e-05,13
9.749496652373306,$\hat{T}_{MLG}$,0.2514544562660419,3.587505461454614e-05,13
10.492641772216333,$\hat{T}_{MLG}$,0.35542822440252353,2.5380489596118883e-05,13
11.292432346572342,$\hat{T}_{MLG}$,0.8772756043828053,1.0282905744269284e-05,13
12.153186115585632,$\hat{T}_{MLG}$,1.6360447520061696,5.513872612930357e-06,13
13.079549934598068,$\hat{T}_{MLG}$,0.7672352634572239,1.1757726451422688e-05,13
14.076524860608592,$\hat{T}_{MLG}$,1.075106443525394,8.390743452373495e-06,13
15.149493150921694,$\hat{T}_{MLG}$,1.5581958169848318,5.78935089754709e-06,13
16.304247319739442,$\hat{T}_{MLG}$,0.3435849911673104,2.6255344626571494e-05,13
17.54702140956167,$\hat{T}_{MLG}$,1.0363891706286739,8.704203601570973e-06,13
18.88452464621569,$\hat{T}_{MLG}$,0.7014299977066115,1.2860787792238769e-05,13
20.32397765920527,$\hat{T}_{MLG}$,0.5043334516712776,1.788686100777441e-05,13
21.87315146291753,$\hat{T}_{MLG}$,0.4430245372745914,2.0362173181446108e-05,13
23.540409409131357,$\hat{T}_{MLG}$,0.2665801033727172,3.383951854427292e-05,13
25.33475233731158,$\hat{T}_{MLG}$,0.38527548500144393,2.341426512403572e-05,13
27.265867166436806,$\hat{T}_{MLG}$,0.30284798033387517,2.978703157164894e-05,13
29.344179190688156,$\hat{T}_{MLG}$,0.4194217145613369,2.1508047958485038e-05,13
31.580908361321878,$\hat{T}_{MLG}$,0.38795627063538696,2.3252472081043928e-05,13
33.98812985856841,$\hat{T}_{MLG}$,0.41720356309633677,2.1622400069321134e-05,13
36.57883928056072,$\hat{T}_{MLG}$,0.4213722765255692,2.1408485688706334e-05,13
39.36702280122011,$\hat{T}_{MLG}$,0.5289068197943656,1.705582536281631e-05,13
42.36773267585289,$\hat{T}_{MLG}$,0.5838853669980626,1.5449851737156462e-05,13
45.597168502081885,$\hat{T}_{MLG}$,0.27893344568837436,3.2340841484077506e-05,13
49.07276467480673,$\hat{T}_{MLG}$,0.269045675973934,3.352940841349643e-05,13
52.81328450732654,$\hat{T}_{MLG}$,0.2712113520205503,3.3261669485470946e-05,13
56.8389215267461,$\hat{T}_{MLG}$,0.27080659470280954,3.331138357806641e-05,13
61.17140849051769,$\hat{T}_{MLG}$,0.3139359243404113,2.873497950439576e-05,13
65.83413471265413,$\hat{T}_{MLG}$,0.30232628980989384,2.9838431706642932e-05,13
70.8522723330089,$\hat{T}_{MLG}$,0.2542345238287856,3.5482759051600786e-05,13
76.25291221129912,$\hat{T}_{MLG}$,0.24856774879745072,3.629168464234719e-05,13
82.06521017950769,$\hat{T}_{MLG}$,0.286730003017306,3.1461452434996086e-05,13
88.32054444222037,$\hat{T}_{MLG}$,0.2580344711577245,3.4960221830598647e-05,13
95.0526849746383,$\hat{T}_{MLG}$,0.35091544121794954,2.5706883459746227e-05,13
102.29797583277549,$\hat{T}_{MLG}$,0.31472817571785816,2.866264620585539e-05,13
110.0955313600591,$\hat{T}_{MLG}$,0.491094802780497,1.8369044633623047e-05,13
118.4874473495718,$\hat{T}_{MLG}$,0.598627777427256,1.5069368131203136e-05,13
127.51902830191335,$\hat{T}_{MLG}$,0.24563604834348207,3.672483095396868e-05,13
137.239032005553,$\hat{T}_{MLG}$,0.24572943509180736,3.671087408899519e-05,13
147.6999327600634,$\hat{T}_{MLG}$,0.2466624340725135,3.6572015457219124e-05,13
158.95820466326612,$\hat{T}_{MLG}$,0.2349611285984085,3.83933393809735e-05,13
171.07462649164432,$\hat{T}_{MLG}$,0.26247292555163126,3.436903952152863e-05,13
184.11460981994108,$\hat{T}_{MLG}$,0.23385479621136748,3.857497258025772e-05,13
198.14855215133173,$\hat{T}_{MLG}$,0.24074589901446333,3.7470803816572194e-05,13
213.25221696456873,$\hat{T}_{MLG}$,0.27867695513086854,3.237060756379717e-05,13
229.50714272982336,$\hat{T}_{MLG}$,0.2770956706826758,3.2555334875462025e-05,13
247.00108310132606,$\hat{T}_{MLG}$,0.26107581106493,3.455296112963806e-05,13
265.8284806632307,$\hat{T}_{MLG}$,0.23971039697450053,3.76326703617068e-05,13
286.0909767862566,$\hat{T}_{MLG}$,0.242196253142917,3.724641580764716e-05,13
307.8979603476156,$\hat{T}_{MLG}$,0.27134689092673814,3.324505514253654e-05,13
331.36715827654194,$\hat{T}_{MLG}$,0.23634791597354285,3.8168063866596884e-05,13
356.62527111352796,$\hat{T}_{MLG}$,0.24019600636237454,3.75565875895776e-05,13
383.8086570143992,$\hat{T}_{MLG}$,0.25294642184210026,3.566345112106985e-05,13
413.0640678918749,$\hat{T}_{MLG}$,0.23283255291624114,3.874433466724233e-05,13
444.5494416687491,$\hat{T}_{MLG}$,0.24810064412509147,3.636001181466877e-05,13
478.43475491973123,$\hat{T}_{MLG}$,0.2614718399359296,3.4500626736040587e-05,13
514.9029405050194,$\hat{T}_{MLG}$,0.23142783663818145,3.897950429238452e-05,13
554.1508751495202,$\hat{T}_{MLG}$,0.23495674692347931,3.8394055372894636e-05,13
596.390442299262,$\hat{T}_{MLG}$,0.22918678631757036,3.9360656417231134e-05,13
641.8496759929147,$\hat{T}_{MLG}$,0.23519313724971966,3.835546588265091e-05,13
690.7739919237116,$\hat{T}_{MLG}$,0.22758391103158881,3.963787383178921e-05,13
743.4275123377766,$\hat{T}_{MLG}$,0.2762181978765628,3.265875464022309e-05,13
800.0944919214219,$\hat{T}_{MLG}$,0.23714004021818857,3.804057021882614e-05,13
861.0808523752157,$\hat{T}_{MLG}$,0.23956054224409248,3.765621110685105e-05,13
926.7158339593304,$\hat{T}_{MLG}$,0.23755968156984533,3.797337280469032e-05,13
997.35377292621,$\hat{T}_{MLG}$,0.2387581766443616,3.77827577610138e-05,13
1073.3760144361563,$\hat{T}_{MLG}$,0.24798326898369435,3.637722169155053e-05,13
1155.1929712829099,$\hat{T}_{MLG}$,0.25658445431891375,3.5157789958712595e-05,13
1243.246339543401,$\hat{T}_{MLG}$,0.23607014483587352,3.821297418988334e-05,13
1338.011483113092,$\hat{T}_{MLG}$,0.24265383761321235,3.717617837964938e-05,13
1.0,$\hat{T}_{MLD}$,0.2517345208429181,3.583514220222625e-05,13
1.0762239473831834,$\hat{T}_{MLD}$,0.22298061060166635,4.0456173867647676e-05,13
1.1582579849210413,$\hat{T}_{MLD}$,0.22969283749493755,3.927393840399607e-05,13
1.2465449806198148,$\hat{T}_{MLD}$,0.21942931580585165,4.1110925942078204e-05,13
1.3415615596333508,$\hat{T}_{MLD}$,0.2249957398531429,4.009383625442563e-05,13
1.4438206773661448,$\hat{T}_{MLD}$,0.22375966461525004,4.031531941704764e-05,13
1.5538743887084543,$\hat{T}_{MLD}$,0.21050138788744335,4.285455047184212e-05,13
1.6723168283534438,$\hat{T}_{MLD}$,0.22019776018577955,4.09674573619838e-05,13
1.7997874182858689,$\hat{T}_{MLD}$,0.21680971701952764,4.1607647828822904e-05,13
1.9369743197582066,$\hat{T}_{MLD}$,0.2174093379486678,4.149289279260479e-05,13
2.0846181483900335,$\hat{T}_{MLD}$,0.2137416810105329,4.220488165418104e-05,13
2.2435159724469447,$\hat{T}_{MLD}$,0.20784743427020508,4.3401749861813946e-05,13
2.4145256158840724,$\hat{T}_{MLD}$,0.2245407323215907,4.017508208130062e-05,13
2.5985702893845684,$\hat{T}_{MLD}$,0.2162396706612187,4.171733301309133e-05,13
2.796643574394121,$\hat{T}_{MLD}$,0.21948660913630266,4.110019461831127e-05,13
3.009814787058257,$\hat{T}_{MLD}$,0.22056229053760412,4.089974913493772e-05,13
3.239234751020113,$\hat{T}_{MLD}$,0.22088646029146788,4.083972525845083e-05,13
3.486142010243649,$\hat{T}_{MLD}$,0.21424975744276736,4.2104796100061045e-05,13
3.751869515402767,$\hat{T}_{MLD}$,0.21863436520752283,4.126040452539463e-05,13
4.037851819933397,$\hat{T}_{MLD}$,0.2152084508967668,4.1917231010331034e-05,13
4.345632824597091,$\hat{T}_{MLD}$,0.21573352495915737,4.1815208615921425e-05,13
4.676874112365815,$\hat{T}_{MLD}$,0.2116940554098209,4.261311133253843e-05,13
5.03336391862456,$\hat{T}_{MLD}$,0.21474743697263624,4.200721777538482e-05,13
5.417026785118212,$\hat{T}_{MLD}$,0.20490481778668895,4.4025037815393306e-05,13
5.829933949760359,$\hat{T}_{MLD}$,0.20549138255455185,4.38993705695686e-05,13
6.274314528394325,$\hat{T}_{MLD}$,0.2028867890290384,4.4462936176313204e-05,13
6.752567548872198,$\hat{T}_{MLD}$,0.20741652305478775,4.349191770624962e-05,13
7.267274902418825,$\hat{T}_{MLD}$,0.2018366418905164,4.469427487060822e-05,13
7.821215282199927,$\hat{T}_{MLD}$,0.21082441330625162,4.278888867823429e-05,13
8.417379184342884,$\hat{T}_{MLD}$,0.2153490465516299,4.188986436702188e-05,13
9.058985052394538,$\hat{T}_{MLD}$,0.20832060580332737,4.33031687711767e-05,13
9.749496652373306,$\hat{T}_{MLD}$,0.2138066375103862,4.2192059407777e-05,13
10.492641772216333,$\hat{T}_{MLD}$,0.20669014504162003,4.3644762791175944e-05,13
11.292432346572342,$\hat{T}_{MLD}$,0.21733447136805292,4.150718611194639e-05,13
12.153186115585632,$\hat{T}_{MLD}$,0.2216812362964002,4.0693305858118514e-05,13
13.079549934598068,$\hat{T}_{MLD}$,0.2312408543867236,3.9011023270692356e-05,13
14.076524860608592,$\hat{T}_{MLD}$,0.23096121011684623,3.9058257215795874e-05,13
15.149493150921694,$\hat{T}_{MLD}$,0.23018120358598973,3.919061248737136e-05,13
16.304247319739442,$\hat{T}_{MLD}$,0.22986372603612862,3.924474081742414e-05,13
17.54702140956167,$\hat{T}_{MLD}$,0.2269252406934815,3.975292622384067e-05,13
18.88452464621569,$\hat{T}_{MLD}$,0.22993084552946894,3.923328482023563e-05,13
20.32397765920527,$\hat{T}_{MLD}$,0.22877245346357286,3.943194302915342e-05,13
21.87315146291753,$\hat{T}_{MLD}$,0.22856883477350676,3.946707065534233e-05,13
23.540409409131357,$\hat{T}_{MLD}$,0.22196187074099225,4.064185583541875e-05,13
25.33475233731158,$\hat{T}_{MLD}$,0.22694915433922855,3.974873745566529e-05,13
27.265867166436806,$\hat{T}_{MLD}$,0.2200094132059909,4.1002529028924364e-05,13
29.344179190688156,$\hat{T}_{MLD}$,0.23183898996032765,3.891037634851205e-05,13
31.580908361321878,$\hat{T}_{MLD}$,0.22280667230092865,4.048775675546795e-05,13
33.98812985856841,$\hat{T}_{MLD}$,0.23057882079554826,3.912303098997123e-05,13
36.57883928056072,$\hat{T}_{MLD}$,0.23164615417965512,3.894276761710876e-05,13
39.36702280122011,$\hat{T}_{MLD}$,0.22397455574284728,4.027663911061623e-05,13
42.36773267585289,$\hat{T}_{MLD}$,0.22759897979324178,3.9635249506874636e-05,13
45.597168502081885,$\hat{T}_{MLD}$,0.2224145151327803,4.055914402092778e-05,13
49.07276467480673,$\hat{T}_{MLD}$,0.22572937976562313,3.996352783577301e-05,13
52.81328450732654,$\hat{T}_{MLD}$,0.2194117451100594,4.111421814310921e-05,13
56.8389215267461,$\hat{T}_{MLD}$,0.2229967433262961,4.045324706117129e-05,13
61.17140849051769,$\hat{T}_{MLD}$,0.21616616233016628,4.173151919048698e-05,13
65.83413471265413,$\hat{T}_{MLD}$,0.22240383400110333,4.056109190802216e-05,13
70.8522723330089,$\hat{T}_{MLD}$,0.21595259784461762,4.1772789221577284e-05,13
76.25291221129912,$\hat{T}_{MLD}$,0.2231045248659746,4.0433704143985426e-05,13
82.06521017950769,$\hat{T}_{MLD}$,0.21744282006274906,4.148650366570861e-05,13
88.32054444222037,$\hat{T}_{MLD}$,0.22257179772968202,4.05304824943337e-05,13
95.0526849746383,$\hat{T}_{MLD}$,0.21763946085514796,4.144901993494292e-05,13
102.29797583277549,$\hat{T}_{MLD}$,0.2224779531350556,4.0547578870159235e-05,13
110.0955313600591,$\hat{T}_{MLD}$,0.21766772781358124,4.144363724576171e-05,13
118.4874473495718,$\hat{T}_{MLD}$,0.2229698414291357,4.045812785170901e-05,13
127.51902830191335,$\hat{T}_{MLD}$,0.22726665205359947,3.9693207384811216e-05,13
137.239032005553,$\hat{T}_{MLD}$,0.22175890873080142,4.0679052775128866e-05,13
147.6999327600634,$\hat{T}_{MLD}$,0.22556458589327896,3.999272454889404e-05,13
158.95820466326612,$\hat{T}_{MLD}$,0.22009049527663524,4.098742356082525e-05,13
171.07462649164432,$\hat{T}_{MLD}$,0.2251030218407741,4.0074727908344965e-05,13
184.11460981994108,$\hat{T}_{MLD}$,0.21909459926188968,4.117373217781732e-05,13
198.14855215133173,$\hat{T}_{MLD}$,0.22706627697446616,3.9728234733111295e-05,13
213.25221696456873,$\hat{T}_{MLD}$,0.22140559776392083,4.074396692189354e-05,13
229.50714272982336,$\hat{T}_{MLD}$,0.22548865091866108,4.000619239532954e-05,13
247.00108310132606,$\hat{T}_{MLD}$,0.22180399169905274,4.067078451795862e-05,13
265.8284806632307,$\hat{T}_{MLD}$,0.22566342144897328,3.997520862571456e-05,13
286.0909767862566,$\hat{T}_{MLD}$,0.22996187652005393,3.9227990691877054e-05,13
307.8979603476156,$\hat{T}_{MLD}$,0.22202888207182916,4.062958957158045e-05,13
331.36715827654194,$\hat{T}_{MLD}$,0.22416943275117804,4.024162545670647e-05,13
356.62527111352796,$\hat{T}_{MLD}$,0.22740256605306763,3.966948354272349e-05,13
383.8086570143992,$\hat{T}_{MLD}$,0.22169709910287835,4.0690394182510693e-05,13
413.0640678918749,$\hat{T}_{MLD}$,0.2253824871230404,4.002503684632143e-05,13
444.5494416687491,$\hat{T}_{MLD}$,0.2282803860251456,3.9516940148425973e-05,13
478.43475491973123,$\hat{T}_{MLD}$,0.2211363318295122,4.079357868054927e-05,13
514.9029405050194,$\hat{T}_{MLD}$,0.22425533787551868,4.0226210163267856e-05,13
554.1508751495202,$\hat{T}_{MLD}$,0.22784388439024866,3.959264641119039e-05,13
596.390442299262,$\hat{T}_{MLD}$,0.2220562550587099,4.062458114152286e-05,13
641.8496759929147,$\hat{T}_{MLD}$,0.22631933876117416,3.985935272254706e-05,13
690.7739919237116,$\hat{T}_{MLD}$,0.2192177501243169,4.115060183994927e-05,13
743.4275123377766,$\hat{T}_{MLD}$,0.22281470057975428,4.048629793340903e-05,13
800.0944919214219,$\hat{T}_{MLD}$,0.2266516558057538,3.9800910871555386e-05,13
861.0808523752157,$\hat{T}_{MLD}$,0.22122375253299156,4.077745833494957e-05,13
926.7158339593304,$\hat{T}_{MLD}$,0.22547985749367205,4.000775258547617e-05,13
997.35377292621,$\hat{T}_{MLD}$,0.23067522815318234,3.910668008801016e-05,13
1073.3760144361563,$\hat{T}_{MLD}$,0.22584800674870484,3.99425369365895e-05,13
1155.1929712829099,$\hat{T}_{MLD}$,0.23665477907426155,3.811857249155535e-05,13
1243.246339543401,$\hat{T}_{MLD}$,0.2283065957625572,3.951240357942699e-05,13
1338.011483113092,$\hat{T}_{MLD}$,0.23486304495535232,3.840937322996109e-05,13
1.0,$\hat{T}_{emp}$,0.04399512294249136,0.0002099508531340668,14
1.0762239473831834,$\hat{T}_{emp}$,0.04687848670546029,0.00019703736713067436,14
1.1582579849210413,$\hat{T}_{emp}$,0.04993819530284302,0.0001849649059101733,14
1.2465449806198148,$\hat{T}_{emp}$,0.05275130785304622,0.0001751011296486902,14
1.3415615596333508,$\hat{T}_{emp}$,0.052602588818507295,0.0001755961788759797,14
1.4438206773661448,$\hat{T}_{emp}$,0.060392422798139604,0.00015294656461106173,14
1.5538743887084543,$\hat{T}_{emp}$,0.04996255037865728,0.00018487474169172807,14
1.6723168283534438,$\hat{T}_{emp}$,0.040723781959580006,0.00022681620299121842,14
1.7997874182858689,$\hat{T}_{emp}$,0.03833737920133026,0.00024093492533766394,14
1.9369743197582066,$\hat{T}_{emp}$,0.0354361686401114,0.00026066061738567174,14
2.0846181483900335,$\hat{T}_{emp}$,0.03041850366661497,0.00030365772415202126,14
2.2435159724469447,$\hat{T}_{emp}$,0.02402753532492342,0.00038442617899027713,14
2.4145256158840724,$\hat{T}_{emp}$,0.025971492184451533,0.00035565201760120893,14
2.5985702893845684,$\hat{T}_{emp}$,0.02246496070409168,0.00041116535733943485,14
2.796643574394121,$\hat{T}_{emp}$,0.026419307001000758,0.0003496236140926909,14
3.009814787058257,$\hat{T}_{emp}$,0.025039205276063452,0.00036889404011333646,14
3.239234751020113,$\hat{T}_{emp}$,0.028298739331654724,0.0003264037131570026,14
3.486142010243649,$\hat{T}_{emp}$,0.028830103492679206,0.00032038780567887,14
3.751869515402767,$\hat{T}_{emp}$,0.029836084946305387,0.00030958530960537484,14
4.037851819933397,$\hat{T}_{emp}$,0.03228662212024788,0.0002860879518802787,14
4.345632824597091,$\hat{T}_{emp}$,0.030633326815001232,0.0003015282555269486,14
4.676874112365815,$\hat{T}_{emp}$,0.030478206857596543,0.0003030628946995281,14
5.03336391862456,$\hat{T}_{emp}$,0.030028040607497558,0.0003076062709602145,14
5.417026785118212,$\hat{T}_{emp}$,0.021510418442860554,0.00042941115348595066,14
5.829933949760359,$\hat{T}_{emp}$,0.023667457800057672,0.0003902748522273359,14
6.274314528394325,$\hat{T}_{emp}$,0.0161128384505765,0.000573258003166024,14
6.752567548872198,$\hat{T}_{emp}$,0.01854184876800324,0.0004981603350931074,14
7.267274902418825,$\hat{T}_{emp}$,0.02115098147875115,0.0004367085094747859,14
7.821215282199927,$\hat{T}_{emp}$,0.024124202975401035,0.0003828857519120035,14
8.417379184342884,$\hat{T}_{emp}$,0.025680192606931305,0.00035968630519621266,14
9.058985052394538,$\hat{T}_{emp}$,0.028541509685984255,0.0003236273657959339,14
9.749496652373306,$\hat{T}_{emp}$,0.028225378586912035,0.0003272520709358095,14
10.492641772216333,$\hat{T}_{emp}$,0.028184996113416065,0.0003277209462206557,14
11.292432346572342,$\hat{T}_{emp}$,0.034657182633618694,0.0002665194598522899,14
12.153186115585632,$\hat{T}_{emp}$,0.031194018847288927,0.00029610848287081127,14
13.079549934598068,$\hat{T}_{emp}$,0.01758303531578561,0.0005253253166830437,14
14.076524860608592,$\hat{T}_{emp}$,0.0200497651510081,0.00046069435357200635,14
15.149493150921694,$\hat{T}_{emp}$,0.023296451908121414,0.0003964901450205023,14
16.304247319739442,$\hat{T}_{emp}$,0.02606823153103697,0.0003543321910623979,14
17.54702140956167,$\hat{T}_{emp}$,0.02910748793351312,0.00031733461907165625,14
18.88452464621569,$\hat{T}_{emp}$,0.027119312256784597,0.0003405991091534185,14
20.32397765920527,$\hat{T}_{emp}$,0.030723671024663196,0.0003006415993746136,14
21.87315146291753,$\hat{T}_{emp}$,0.024936656475397376,0.0003704110695283989,14
23.540409409131357,$\hat{T}_{emp}$,0.0253501806130721,0.0003643687489449741,14
25.33475233731158,$\hat{T}_{emp}$,0.02344536718290274,0.00039397180361713655,14
27.265867166436806,$\hat{T}_{emp}$,0.01839919047898128,0.0005020228257360612,14
29.344179190688156,$\hat{T}_{emp}$,0.015680518447076245,0.0005890630228005307,14
31.580908361321878,$\hat{T}_{emp}$,0.0167533092757996,0.0005513426298920493,14
33.98812985856841,$\hat{T}_{emp}$,0.01802514758928666,0.0005124403863968451,14
36.57883928056072,$\hat{T}_{emp}$,0.018407803411719964,0.0005017879313961644,14
39.36702280122011,$\hat{T}_{emp}$,0.025465219135751775,0.0003627227217749026,14
42.36773267585289,$\hat{T}_{emp}$,0.025273859921680183,0.0003654690507954735,14
45.597168502081885,$\hat{T}_{emp}$,0.02842299947735827,0.0003249767359307821,14
49.07276467480673,$\hat{T}_{emp}$,0.029441133637897,0.0003137383807675284,14
52.81328450732654,$\hat{T}_{emp}$,0.025856748217594677,0.00035723028734250753,14
56.8389215267461,$\hat{T}_{emp}$,0.023786548187053915,0.00038832089140791986,14
61.17140849051769,$\hat{T}_{emp}$,0.0219534240957357,0.00042074591896160764,14
65.83413471265413,$\hat{T}_{emp}$,0.015998341041652986,0.0005773607133055496,14
70.8522723330089,$\hat{T}_{emp}$,0.0136923385793102,0.0006745972239885668,14
76.25291221129912,$\hat{T}_{emp}$,0.01626973907511345,0.0005677296699639794,14
82.06521017950769,$\hat{T}_{emp}$,0.020485717951777123,0.00045089040165726427,14
88.32054444222037,$\hat{T}_{emp}$,0.027236825881160203,0.00033912959005635634,14
95.0526849746383,$\hat{T}_{emp}$,0.0307152085366938,0.00030072443052045353,14
102.29797583277549,$\hat{T}_{emp}$,0.037762523038316474,0.000244602660318589,14
110.0955313600591,$\hat{T}_{emp}$,0.03999224445309341,0.0002309651214086772,14
118.4874473495718,$\hat{T}_{emp}$,0.047531053794355044,0.0001943321861845868,14
127.51902830191335,$\hat{T}_{emp}$,0.049758571226685325,0.0001856326129911172,14
137.239032005553,$\hat{T}_{emp}$,0.02558179416754746,0.00036106981140641997,14
147.6999327600634,$\hat{T}_{emp}$,0.01328038057941803,0.0006955232600660146,14
158.95820466326612,$\hat{T}_{emp}$,0.01505932610592135,0.0006133616823585676,14
171.07462649164432,$\hat{T}_{emp}$,0.014990424900312922,0.0006161809059409251,14
184.11460981994108,$\hat{T}_{emp}$,0.01653524357491613,0.0005586137001045699,14
198.14855215133173,$\hat{T}_{emp}$,0.02042150198633734,0.00045230823872279084,14
213.25221696456873,$\hat{T}_{emp}$,0.020029319270132524,0.0004611646292586708,14
229.50714272982336,$\hat{T}_{emp}$,0.021986957541720423,0.0004201042176020621,14
247.00108310132606,$\hat{T}_{emp}$,0.01828739004687195,0.0005050919552675134,14
265.8284806632307,$\hat{T}_{emp}$,0.01544401450490006,0.0005980837166776533,14
286.0909767862566,$\hat{T}_{emp}$,0.005421124985136203,0.0017038554950937266,14
307.8979603476156,$\hat{T}_{emp}$,0.006120607065774259,0.001509133570616783,14
331.36715827654194,$\hat{T}_{emp}$,0.007964963082393325,0.0011596806538792799,14
356.62527111352796,$\hat{T}_{emp}$,0.006427185782675918,0.00143714744023916,14
383.8086570143992,$\hat{T}_{emp}$,0.006676756498871224,0.0013834282554824034,14
413.0640678918749,$\hat{T}_{emp}$,0.00755912589376351,0.001221942024161133,14
444.5494416687491,$\hat{T}_{emp}$,0.006582923606561901,0.0014031476206570136,14
478.43475491973123,$\hat{T}_{emp}$,0.006181786554558738,0.0014941980791463203,14
514.9029405050194,$\hat{T}_{emp}$,0.005552873783454982,0.001663429416140465,14
554.1508751495202,$\hat{T}_{emp}$,0.003602493307341949,0.0025640057614234606,14
596.390442299262,$\hat{T}_{emp}$,0.00247661777896759,0.0037296080460848106,14
641.8496759929147,$\hat{T}_{emp}$,0.0032501051653177496,0.0028420045277553875,14
690.7739919237116,$\hat{T}_{emp}$,0.004923535411483383,0.001876053043910435,14
743.4275123377766,$\hat{T}_{emp}$,0.006137743600761371,0.0015049200807880625,14
800.0944919214219,$\hat{T}_{emp}$,0.00822476904718615,0.0011230483850089754,14
861.0808523752157,$\hat{T}_{emp}$,0.008582060621361859,0.0010762932124392822,14
926.7158339593304,$\hat{T}_{emp}$,0.0106974269200565,0.0008634612476946402,14
997.35377292621,$\hat{T}_{emp}$,0.013941187183757716,0.000662555740322864,14
1073.3760144361563,$\hat{T}_{emp}$,0.015090901950004298,0.0006120782989721556,14
1155.1929712829099,$\hat{T}_{emp}$,0.021032317434371128,0.0004391724128516321,14
1243.246339543401,$\hat{T}_{emp}$,0.025401308507251114,0.0003636353455129076,14
1338.011483113092,$\hat{T}_{emp}$,0.030393764262703467,0.0003039048903478144,14
1.0,$\hat{T}_{GT}$,1.8473702684229e-05,0.49999795673878006,14
1.0762239473831834,$\hat{T}_{GT}$,8.582659594555161e-06,1.0762180992677435,14
1.1582579849210413,$\hat{T}_{GT}$,3.987399816579609e-05,0.23165004816190105,14
1.2465449806198148,$\hat{T}_{GT}$,7.409932273219023e-06,1.2465449419690255,14
1.3415615596333508,$\hat{T}_{GT}$,6.885155604516662e-06,1.341554806612485,14
1.4438206773661448,$\hat{T}_{GT}$,1.2795004830114323e-05,0.7219077849642114,14
1.5538743887084543,$\hat{T}_{GT}$,1.1888768680227789e-05,0.7769361019594873,14
1.6723168283534438,$\hat{T}_{GT}$,5.523366602411502e-06,1.6723158646542533,14
1.7997874182858689,$\hat{T}_{GT}$,5.132179277286514e-06,1.7997838922723497,14
1.9369743197582066,$\hat{T}_{GT}$,4.768694474513713e-06,1.9369690477929267,14
2.0846181483900335,$\hat{T}_{GT}$,4.430954649179166e-06,2.084610276303626,14
2.2435159724469447,$\hat{T}_{GT}$,4.117123941899147e-06,2.243511180587257,14
2.4145256158840724,$\hat{T}_{GT}$,3.825525435918623e-06,2.414521547494607,14
2.5985702893845684,$\hat{T}_{GT}$,3.554582389887924e-06,2.598565058385228,14
2.796643574394121,$\hat{T}_{GT}$,3.302826228403645e-06,2.7966392891274348,14
3.009814787058257,$\hat{T}_{GT}$,3.0689061497810335e-06,3.009806473284712,14
3.239234751020113,$\hat{T}_{GT}$,2.8515456803360263e-06,3.239230449370094,14
3.486142010243649,$\hat{T}_{GT}$,2.6495821608932273e-06,3.4861397135917844,14
3.751869515402767,$\hat{T}_{GT}$,2.4619263096217003e-06,3.7518643671075376,14
4.037851819933397,$\hat{T}_{GT}$,2.287560019856021e-06,4.037845352838254,14
4.345632824597091,$\hat{T}_{GT}$,2.1255430762559833e-06,4.345625218654383,14
4.676874112365815,$\hat{T}_{GT}$,1.9750004443751e-06,4.676866591003117,14
5.03336391862456,$\hat{T}_{GT}$,1.8351182917250845e-06,5.033361411721989,14
5.417026785118212,$\hat{T}_{GT}$,1.7051461310234287e-06,5.417021701225267,14
5.829933949760359,$\hat{T}_{GT}$,1.5843792877264474e-06,5.829925742571944,14
6.274314528394325,$\hat{T}_{GT}$,1.4721643170924165e-06,6.274308844652133,14
6.752567548872198,$\hat{T}_{GT}$,1.36789736392499e-06,6.752563342187073,14
7.267274902418825,$\hat{T}_{GT}$,1.271016253755853e-06,7.267266306169911,14
7.821215282199927,$\hat{T}_{GT}$,1.180995886591327e-06,7.821207254306494,14
8.417379184342884,$\hat{T}_{GT}$,1.097350337874169e-06,8.41737891420177,14
9.058985052394538,$\hat{T}_{GT}$,1.0196309547722298e-06,9.058977223359781,14
9.749496652373306,$\hat{T}_{GT}$,9.47414694780882e-07,9.749493697319638,14
10.492641772216333,$\hat{T}_{GT}$,8.803134620175552e-07,10.492641535146735,14
11.292432346572342,$\hat{T}_{GT}$,8.179651317823624e-07,11.292429513941524,14
12.153186115585632,$\hat{T}_{GT}$,7.600326206000761e-07,12.153180462466707,14
13.079549934598068,$\hat{T}_{GT}$,7.062027197279142e-07,13.079549734774423,14
14.076524860608592,$\hat{T}_{GT}$,6.56186062870499e-07,14.076515973392654,14
15.149493150921694,$\hat{T}_{GT}$,6.097111127776548e-07,15.149491951088372,14
16.304247319739442,$\hat{T}_{GT}$,5.665282638118175e-07,16.304241439545176,14
17.54702140956167,$\hat{T}_{GT}$,5.264036157611559e-07,17.547017761567233,14
18.88452464621569,$\hat{T}_{GT}$,4.891209713551195e-07,18.884517607011286,14
20.32397765920527,$\hat{T}_{GT}$,4.5447872880481637e-07,20.32397340092263,14
21.87315146291753,$\hat{T}_{GT}$,4.222901640174997e-07,21.873144066721487,14
23.540409409131357,$\hat{T}_{GT}$,3.923812124736418e-07,23.54040739433899,14
25.33475233731158,$\hat{T}_{GT}$,3.645906631247899e-07,25.334750803403583,14
27.265867166436806,$\hat{T}_{GT}$,3.3876842095635e-07,27.265863711376955,14
29.344179190688156,$\hat{T}_{GT}$,3.1477503657685925e-07,29.34417448080844,14
31.580908361321878,$\hat{T}_{GT}$,2.924809580272276e-07,31.58090584021659,14
33.98812985856841,$\hat{T}_{GT}$,2.717659377813627e-07,33.98812106815715,14
36.57883928056072,$\hat{T}_{GT}$,2.525179830681642e-07,36.57883483498619,14
39.36702280122011,$\hat{T}_{GT}$,2.3463327991515662e-07,39.367022439673725,14
42.36773267585289,$\hat{T}_{GT}$,2.1801530205802085e-07,42.36773065156686,14
45.597168502081885,$\hat{T}_{GT}$,2.0257431438723297e-07,45.59716084171211,14
49.07276467480673,$\hat{T}_{GT}$,1.882268969836075e-07,49.072761350991414,14
52.81328450732654,$\hat{T}_{GT}$,1.748956528810998e-07,52.81328291100366,14
56.8389215267461,$\hat{T}_{GT}$,1.625086129564867e-07,56.83891719626864,14
61.17140849051769,$\hat{T}_{GT}$,1.5099887264241684e-07,61.17140766599021,14
65.83413471265413,$\hat{T}_{GT}$,1.4030432569460463e-07,65.83413269537859,14
70.8522723330089,$\hat{T}_{GT}$,1.3036721838073487e-07,70.85227183829517,14
76.25291221129912,$\hat{T}_{GT}$,1.2113392008989106e-07,76.252907432202,14
82.06521017950769,$\hat{T}_{GT}$,1.1255456082335913e-07,82.0652093344337,14
88.32054444222037,$\hat{T}_{GT}$,1.0458285194718106e-07,88.32053652714706,14
95.0526849746383,$\hat{T}_{GT}$,9.71757330815834e-08,95.05267727447445,14
102.29797583277549,$\hat{T}_{GT}$,9.029322544376412e-08,102.29796920110063,14
110.0955313600591,$\hat{T}_{GT}$,8.389817077657238e-08,110.0955302126026,14
118.4874473495718,$\hat{T}_{GT}$,7.795605461289362e-08,118.48744323172154,14
127.51902830191335,$\hat{T}_{GT}$,7.243478895146369e-08,127.51902406595703,14
137.239032005553,$\hat{T}_{GT}$,6.730457041108016e-08,137.2390246174662,14
147.6999327600634,$\hat{T}_{GT}$,6.253769850638088e-08,147.69992846109872,14
158.95820466326612,$\hat{T}_{GT}$,5.810844348805694e-08,158.95820023836404,14
171.07462649164432,$\hat{T}_{GT}$,5.3992893239420256e-08,171.0746181827206,14
184.11460981994108,$\hat{T}_{GT}$,5.016882562354708e-08,184.11460664486543,14
198.14855215133173,$\hat{T}_{GT}$,4.6615600208949764e-08,198.14855014439638,14
213.25221696456873,$\hat{T}_{GT}$,4.3314034765143725e-08,213.2522090264238,14
229.50714272982336,$\hat{T}_{GT}$,4.024630254200074e-08,229.50713511818253,14
247.00108310132606,$\hat{T}_{GT}$,3.739584322765019e-08,247.00107814882995,14
265.8284806632307,$\hat{T}_{GT}$,3.474726921211262e-08,265.8284753005666,14
286.0909767862566,$\hat{T}_{GT}$,3.2286281684828615e-08,286.0909684701974,14
307.8979603476156,$\hat{T}_{GT}$,2.9999593505508e-08,307.89795847794784,14
331.36715827654194,$\hat{T}_{GT}$,2.7874862050792068e-08,331.36715003946546,14
356.62527111352796,$\hat{T}_{GT}$,2.5900614885777512e-08,356.62526300046704,14
383.8086570143992,$\hat{T}_{GT}$,2.406619435637153e-08,383.80865120324967,14
413.0640678918749,$\hat{T}_{GT}$,2.2361697596323237e-08,413.0640599054052,14
444.5494416687491,$\hat{T}_{GT}$,2.0777922078137953e-08,444.549438619417,14
478.43475491973123,$\hat{T}_{GT}$,1.930631819534577e-08,478.4347539522561,14
514.9029405050194,$\hat{T}_{GT}$,1.7938941547555532e-08,514.902931760368,14
554.1508751495202,$\hat{T}_{GT}$,1.666840934886409e-08,554.1508731991684,14
596.390442299262,$\hat{T}_{GT}$,1.5487863439171454e-08,596.3904338252838,14
641.8496759929147,$\hat{T}_{GT}$,1.4390929868926115e-08,641.8496705663878,14
690.7739919237116,$\hat{T}_{GT}$,1.337168707593951e-08,690.7739870860856,14
743.4275123377766,$\hat{T}_{GT}$,1.2424632489931886e-08,743.4275100691412,14
800.0944919214219,$\hat{T}_{GT}$,1.1544653513373436e-08,800.0944839803294,14
861.0808523752157,$\hat{T}_{GT}$,1.0726999200495296e-08,861.0808505595606,14
926.7158339593304,$\hat{T}_{GT}$,9.967255671341067e-09,926.7158283170064,14
997.35377292621,$\hat{T}_{GT}$,9.261321189518537e-09,997.3537691326312,14
1073.3760144361563,$\hat{T}_{GT}$,8.605384829883761e-09,1073.3760056189126,14
1155.1929712829099,$\hat{T}_{GT}$,7.99590532886471e-09,1155.1929663511532,14
1243.246339543401,$\hat{T}_{GT}$,7.429592445620119e-09,1243.2463372818636,14
1338.011483113092,$\hat{T}_{GT}$,6.903388888102286e-09,1338.0114817859233,14
1.0,$\hat{T}_{Reset}$,0.001404001404001404,0.006578920483405001,14
1.0762239473831834,$\hat{T}_{Reset}$,0.00047204627770053385,0.01956760180486806,14
1.1582579849210413,$\hat{T}_{Reset}$,0.0015710355277323658,0.005879442846748757,14
1.2465449806198148,$\hat{T}_{Reset}$,0.00046682573321279845,0.01978642765030199,14
1.3415615596333508,$\hat{T}_{Reset}$,0.0005852382263839162,0.015782997724852765,14
1.4438206773661448,$\hat{T}_{Reset}$,0.0003518626328281439,0.026251192180516778,14
1.5538743887084543,$\hat{T}_{Reset}$,0.0008381581919560591,0.011020370240560103,14
1.6723168283534438,$\hat{T}_{Reset}$,0.00043634596159050865,0.021168555248788017,14
1.7997874182858689,$\hat{T}_{Reset}$,0.00032332729446905037,0.028567998290037297,14
1.9369743197582066,$\hat{T}_{Reset}$,8.106780606673311e-05,0.1139393557525251,14
2.0846181483900335,$\hat{T}_{Reset}$,0.0004563883288654541,0.020238934721394427,14
2.2435159724469447,$\hat{T}_{Reset}$,0.0004158295181318138,0.022212981986012445,14
2.4145256158840724,$\hat{T}_{Reset}$,0.00035577386554043195,0.025962597284888252,14
2.5985702893845684,$\hat{T}_{Reset}$,0.000515414446533749,0.017921138333691227,14
2.796643574394121,$\hat{T}_{Reset}$,3.302826228403645e-06,2.7966392891274348,14
3.009814787058257,$\hat{T}_{Reset}$,0.0003191662395772275,0.028940446858506844,14
3.239234751020113,$\hat{T}_{Reset}$,0.00026804529395158645,0.034459898397554194,14
3.486142010243649,$\hat{T}_{Reset}$,0.0003417960987552263,0.027024338865052594,14
3.751869515402767,$\hat{T}_{Reset}$,0.00039144628322985037,0.023596631239670048,14
4.037851819933397,$\hat{T}_{Reset}$,2.287560019856021e-06,4.037845352838254,14
4.345632824597091,$\hat{T}_{Reset}$,8.714726612649532e-05,0.10599085899157029,14
4.676874112365815,$\hat{T}_{Reset}$,6.32000142200032e-05,0.1461520809688474,14
5.03336391862456,$\hat{T}_{Reset}$,2.38565377924261e-05,0.3871816470555376,14
5.417026785118212,$\hat{T}_{Reset}$,1.0230876786140572e-05,0.9028369502042113,14
5.829933949760359,$\hat{T}_{Reset}$,1.5843792877264475e-05,0.5829925742571944,14
6.274314528394325,$\hat{T}_{Reset}$,5.888657268369666e-06,1.5685772111630332,14
6.752567548872198,$\hat{T}_{Reset}$,8.754543129119936e-05,0.10550880222167301,14
7.267274902418825,$\hat{T}_{Reset}$,0.00018175532428708698,0.050820044099090286,14
7.821215282199927,$\hat{T}_{Reset}$,3.542987659773981e-05,0.2607069084768831,14
8.417379184342884,$\hat{T}_{Reset}$,4.499136385284093e-05,0.2053019247366285,14
9.058985052394538,$\hat{T}_{Reset}$,1.0196309547722298e-06,9.058977223359781,14
9.749496652373306,$\hat{T}_{Reset}$,2.8422440843426457e-05,0.3249831232439879,14
10.492641772216333,$\hat{T}_{Reset}$,4.665661348693043e-05,0.19797436858767423,14
11.292432346572342,$\hat{T}_{Reset}$,8.179651317823624e-07,11.292429513941524,14
12.153186115585632,$\hat{T}_{Reset}$,1.2920554550201295e-05,0.7148929683803945,14
13.079549934598068,$\hat{T}_{Reset}$,0.0001384157330666712,0.06673239660599195,14
14.076524860608592,$\hat{T}_{Reset}$,8.727274636177638e-05,0.1058384659653583,14
15.149493150921694,$\hat{T}_{Reset}$,4.877688902221239e-06,1.8936864938860465,14
16.304247319739442,$\hat{T}_{Reset}$,5.665282638118174e-06,1.630424143954518,14
17.54702140956167,$\hat{T}_{Reset}$,6.632685558590565e-05,0.13926204572672407,14
18.88452464621569,$\hat{T}_{Reset}$,9.293298455747269e-06,0.9939219793163836,14
20.32397765920527,$\hat{T}_{Reset}$,4.5447872880481637e-07,20.32397340092263,14
21.87315146291753,$\hat{T}_{Reset}$,4.222901640174997e-07,21.873144066721487,14
23.540409409131357,$\hat{T}_{Reset}$,6.670480612051911e-06,1.384729846725823,14
25.33475233731158,$\hat{T}_{Reset}$,4.630301421684832e-05,0.19948622679845343,14
27.265867166436806,$\hat{T}_{Reset}$,3.3876842095635e-07,27.265863711376955,14
29.344179190688156,$\hat{T}_{Reset}$,9.128476060728918e-06,1.0118680855451185,14
31.580908361321878,$\hat{T}_{Reset}$,1.3746605027279699e-05,0.6719341668131189,14
33.98812985856841,$\hat{T}_{Reset}$,1.3588296889068133e-06,6.79762421363143,14
36.57883928056072,$\hat{T}_{Reset}$,2.525179830681642e-07,36.57883483498619,14
39.36702280122011,$\hat{T}_{Reset}$,2.3463327991515662e-07,39.367022439673725,14
42.36773267585289,$\hat{T}_{Reset}$,4.360306041160417e-07,21.18386532578343,14
45.597168502081885,$\hat{T}_{Reset}$,2.0257431438723297e-07,45.59716084171211,14
49.07276467480673,$\hat{T}_{Reset}$,1.882268969836075e-07,49.072761350991414,14
52.81328450732654,$\hat{T}_{Reset}$,1.748956528810998e-07,52.81328291100366,14
56.8389215267461,$\hat{T}_{Reset}$,1.625086129564867e-07,56.83891719626864,14
61.17140849051769,$\hat{T}_{Reset}$,6.039954905696674e-07,15.292851916497552,14
65.83413471265413,$\hat{T}_{Reset}$,1.4030432569460463e-07,65.83413269537859,14
70.8522723330089,$\hat{T}_{Reset}$,1.3036721838073487e-07,70.85227183829517,14
76.25291221129912,$\hat{T}_{Reset}$,1.2113392008989106e-07,76.252907432202,14
82.06521017950769,$\hat{T}_{Reset}$,1.1255456082335913e-07,82.0652093344337,14
88.32054444222037,$\hat{T}_{Reset}$,1.0458285194718106e-07,88.32053652714706,14
95.0526849746383,$\hat{T}_{Reset}$,9.71757330815834e-08,95.05267727447445,14
102.29797583277549,$\hat{T}_{Reset}$,9.029322544376412e-08,102.29796920110063,14
110.0955313600591,$\hat{T}_{Reset}$,8.389817077657238e-08,110.0955302126026,14
118.4874473495718,$\hat{T}_{Reset}$,7.795605461289362e-08,118.48744323172154,14
127.51902830191335,$\hat{T}_{Reset}$,7.243478895146369e-08,127.51902406595703,14
137.239032005553,$\hat{T}_{Reset}$,2.0191371123324048e-07,45.746341539155395,14
147.6999327600634,$\hat{T}_{Reset}$,6.253769850638088e-08,147.69992846109872,14
158.95820466326612,$\hat{T}_{Reset}$,5.810844348805694e-08,158.95820023836404,14
171.07462649164432,$\hat{T}_{Reset}$,5.3992893239420256e-08,171.0746181827206,14
184.11460981994108,$\hat{T}_{Reset}$,5.016882562354708e-08,184.11460664486543,14
198.14855215133173,$\hat{T}_{Reset}$,4.6615600208949764e-08,198.14855014439638,14
213.25221696456873,$\hat{T}_{Reset}$,4.3314034765143725e-08,213.2522090264238,14
229.50714272982336,$\hat{T}_{Reset}$,4.024630254200074e-08,229.50713511818253,14
247.00108310132606,$\hat{T}_{Reset}$,3.739584322765019e-08,247.00107814882995,14
265.8284806632307,$\hat{T}_{Reset}$,6.949453842422523e-08,132.9142376502833,14
286.0909767862566,$\hat{T}_{Reset}$,3.2286281684828615e-08,286.0909684701974,14
307.8979603476156,$\hat{T}_{Reset}$,2.9999593505508e-08,307.89795847794784,14
331.36715827654194,$\hat{T}_{Reset}$,2.7874862050792068e-08,331.36715003946546,14
356.62527111352796,$\hat{T}_{Reset}$,2.5900614885777512e-08,356.62526300046704,14
383.8086570143992,$\hat{T}_{Reset}$,2.406619435637153e-08,383.80865120324967,14
413.0640678918749,$\hat{T}_{Reset}$,1.788935807705859e-07,51.63300748817565,14
444.5494416687491,$\hat{T}_{Reset}$,2.0777922078137953e-08,444.549438619417,14
478.43475491973123,$\hat{T}_{Reset}$,1.930631819534577e-08,478.4347539522561,14
514.9029405050194,$\hat{T}_{Reset}$,1.7938941547555532e-08,514.902931760368,14
554.1508751495202,$\hat{T}_{Reset}$,1.666840934886409e-08,554.1508731991684,14
596.390442299262,$\hat{T}_{Reset}$,1.5487863439171454e-08,596.3904338252838,14
641.8496759929147,$\hat{T}_{Reset}$,1.4390929868926115e-08,641.8496705663878,14
690.7739919237116,$\hat{T}_{Reset}$,1.337168707593951e-08,690.7739870860856,14
743.4275123377766,$\hat{T}_{Reset}$,1.2424632489931886e-08,743.4275100691412,14
800.0944919214219,$\hat{T}_{Reset}$,1.1544653513373436e-08,800.0944839803294,14
861.0808523752157,$\hat{T}_{Reset}$,1.0726999200495296e-08,861.0808505595606,14
926.7158339593304,$\hat{T}_{Reset}$,9.967255671341067e-09,926.7158283170064,14
997.35377292621,$\hat{T}_{Reset}$,9.261321189518537e-09,997.3537691326312,14
1073.3760144361563,$\hat{T}_{Reset}$,8.605384829883761e-09,1073.3760056189126,14
1155.1929712829099,$\hat{T}_{Reset}$,7.99590532886471e-09,1155.1929663511532,14
1243.246339543401,$\hat{T}_{Reset}$,7.429592445620119e-09,1243.2463372818636,14
1338.011483113092,$\hat{T}_{Reset}$,6.903388888102286e-09,1338.0114817859233,14
1.0,$\hat{T}_{MLG}$,2.082606140741904,4.43521864975569e-06,14
1.0762239473831834,$\hat{T}_{MLG}$,1.8623649245498395,4.959722701901126e-06,14
1.1582579849210413,$\hat{T}_{MLG}$,2.1236056271781174,4.349589903746982e-06,14
1.2465449806198148,$\hat{T}_{MLG}$,0.5502218369296205,1.6787435495214103e-05,14
1.3415615596333508,$\hat{T}_{MLG}$,4.479953622638392,2.0618100930416228e-06,14
1.4438206773661448,$\hat{T}_{MLG}$,2.9842765224584324,3.095160091902266e-06,14
1.5538743887084543,$\hat{T}_{MLG}$,0.6794152447956916,1.3595240416325715e-05,14
1.6723168283534438,$\hat{T}_{MLG}$,0.6686968007666433,1.3813156553051326e-05,14
1.7997874182858689,$\hat{T}_{MLG}$,0.6426136355536851,1.4373821351542978e-05,14
1.9369743197582066,$\hat{T}_{MLG}$,1.4931240116165398,6.186233376231037e-06,14
2.0846181483900335,$\hat{T}_{MLG}$,1.7184456201165341,5.375097988196935e-06,14
2.2435159724469447,$\hat{T}_{MLG}$,1.0605352011091531,8.709577565981743e-06,14
2.4145256158840724,$\hat{T}_{MLG}$,0.49178178681494406,1.8782341768565743e-05,14
2.5985702893845684,$\hat{T}_{MLG}$,1.743782607591877,5.2969983501957514e-06,14
2.796643574394121,$\hat{T}_{MLG}$,0.8637923901892849,1.0693325966312496e-05,14
3.009814787058257,$\hat{T}_{MLG}$,2.6792997486903443,3.4474730197803436e-06,14
3.239234751020113,$\hat{T}_{MLG}$,0.9562285765312087,9.659629321078705e-06,14
3.486142010243649,$\hat{T}_{MLG}$,1.4680442450969482,6.291917717305738e-06,14
3.751869515402767,$\hat{T}_{MLG}$,1.9980189961372377,4.622985874194246e-06,14
4.037851819933397,$\hat{T}_{MLG}$,1.442466832184597,6.403484218437927e-06,14
4.345632824597091,$\hat{T}_{MLG}$,1.9964928100891028,4.62651983960913e-06,14
4.676874112365815,$\hat{T}_{MLG}$,2.373222394535964,3.892097772539471e-06,14
5.03336391862456,$\hat{T}_{MLG}$,0.5111865308226469,1.8069360279601877e-05,14
5.417026785118212,$\hat{T}_{MLG}$,2.1160825671929886,4.365053490217526e-06,14
5.829933949760359,$\hat{T}_{MLG}$,1.5618888754456066,5.913873733737271e-06,14
6.274314528394325,$\hat{T}_{MLG}$,0.6697613255956376,1.3791201794608935e-05,14
6.752567548872198,$\hat{T}_{MLG}$,1.2583046667569477,7.340681346529875e-06,14
7.267274902418825,$\hat{T}_{MLG}$,0.9580528558870931,9.641235907554958e-06,14
7.821215282199927,$\hat{T}_{MLG}$,1.063920948353869,8.681860818518233e-06,14
8.417379184342884,$\hat{T}_{MLG}$,0.3925054719923273,2.3532954963987808e-05,14
9.058985052394538,$\hat{T}_{MLG}$,0.4319193628275182,2.138550477349826e-05,14
9.749496652373306,$\hat{T}_{MLG}$,0.3712856686663433,2.48779157803015e-05,14
10.492641772216333,$\hat{T}_{MLG}$,0.34552092842523363,2.6733007570952237e-05,14
11.292432346572342,$\hat{T}_{MLG}$,0.33510740845088854,2.756374034884374e-05,14
12.153186115585632,$\hat{T}_{MLG}$,0.35036883773151545,2.636311395533499e-05,14
13.079549934598068,$\hat{T}_{MLG}$,0.3990878954932967,2.3144810203017954e-05,14
14.076524860608592,$\hat{T}_{MLG}$,1.0878957017155328,8.490532300981086e-06,14
15.149493150921694,$\hat{T}_{MLG}$,0.387677356750508,2.3826033258523843e-05,14
16.304247319739442,$\hat{T}_{MLG}$,0.3497975067040122,2.640617333882291e-05,14
17.54702140956167,$\hat{T}_{MLG}$,0.40979574160267795,2.254004289890809e-05,14
18.88452464621569,$\hat{T}_{MLG}$,0.9702256951279639,9.520273109542792e-06,14
20.32397765920527,$\hat{T}_{MLG}$,0.3509217209591501,2.6321578414319504e-05,14
21.87315146291753,$\hat{T}_{MLG}$,0.3256181590517897,2.8367010066060532e-05,14
23.540409409131357,$\hat{T}_{MLG}$,0.35005975259069694,2.6386391257935462e-05,14
25.33475233731158,$\hat{T}_{MLG}$,1.444194566965461,6.395823531536054e-06,14
27.265867166436806,$\hat{T}_{MLG}$,0.28564574954782884,3.233660437845092e-05,14
29.344179190688156,$\hat{T}_{MLG}$,1.10318588703322,8.372853300684103e-06,14
31.580908361321878,$\hat{T}_{MLG}$,0.3160464479647127,2.922612690317446e-05,14
33.98812985856841,$\hat{T}_{MLG}$,0.28788984054867367,3.2084541704946145e-05,14
36.57883928056072,$\hat{T}_{MLG}$,0.26791816539574365,3.447624979765915e-05,14
39.36702280122011,$\hat{T}_{MLG}$,0.2708207625508861,3.410674096222094e-05,14
42.36773267585289,$\hat{T}_{MLG}$,0.30663864611952385,3.0122796693779505e-05,14
45.597168502081885,$\hat{T}_{MLG}$,0.27044274727881923,3.41544141540291e-05,14
49.07276467480673,$\hat{T}_{MLG}$,0.26139743731150256,3.533628214000765e-05,14
52.81328450732654,$\hat{T}_{MLG}$,0.26330772645305495,3.507991854223482e-05,14
56.8389215267461,$\hat{T}_{MLG}$,0.26498701930342305,3.485760781714977e-05,14
61.17140849051769,$\hat{T}_{MLG}$,0.26750780197932345,3.452913719588694e-05,14
65.83413471265413,$\hat{T}_{MLG}$,0.27059049939430624,3.413576461919408e-05,14
70.8522723330089,$\hat{T}_{MLG}$,0.26016728272530065,3.5503363446613566e-05,14
76.25291221129912,$\hat{T}_{MLG}$,0.26357860413107853,3.504386718324344e-05,14
82.06521017950769,$\hat{T}_{MLG}$,0.25027861934520257,3.690612334237839e-05,14
88.32054444222037,$\hat{T}_{MLG}$,0.254206289470588,3.6335897175285775e-05,14
95.0526849746383,$\hat{T}_{MLG}$,0.24490789718603373,3.771545834840054e-05,14
102.29797583277549,$\hat{T}_{MLG}$,0.24940501322732544,3.703539666660641e-05,14
110.0955313600591,$\hat{T}_{MLG}$,0.24105692210440777,3.8317976994303126e-05,14
118.4874473495718,$\hat{T}_{MLG}$,0.24696850203527665,3.740077588596639e-05,14
127.51902830191335,$\hat{T}_{MLG}$,0.23969031467809146,3.85364490339104e-05,14
137.239032005553,$\hat{T}_{MLG}$,0.2452175096989251,3.766783867455084e-05,14
147.6999327600634,$\hat{T}_{MLG}$,0.2478709366257347,3.726460924082063e-05,14
158.95820466326612,$\hat{T}_{MLG}$,0.24338224255318505,3.795187972062401e-05,14
171.07462649164432,$\hat{T}_{MLG}$,0.2465488506622984,3.746443583371644e-05,14
184.11460981994108,$\hat{T}_{MLG}$,0.23942617958131807,3.8578962466287233e-05,14
198.14855215133173,$\hat{T}_{MLG}$,0.24569572784460747,3.7594522609510436e-05,14
213.25221696456873,$\hat{T}_{MLG}$,0.2572073066200088,3.5911940904386666e-05,14
229.50714272982336,$\hat{T}_{MLG}$,0.2371889688330621,3.894284646102263e-05,14
247.00108310132606,$\hat{T}_{MLG}$,0.24200427140283773,3.816797754011009e-05,14
265.8284806632307,$\hat{T}_{MLG}$,0.23417477436711323,3.9444101613753514e-05,14
286.0909767862566,$\hat{T}_{MLG}$,0.2426486498357742,3.8066618552238954e-05,14
307.8979603476156,$\hat{T}_{MLG}$,0.2535486016784473,3.643015001608422e-05,14
331.36715827654194,$\hat{T}_{MLG}$,0.2390552076041118,3.863883028564211e-05,14
356.62527111352796,$\hat{T}_{MLG}$,0.24185701307273963,3.819121669519751e-05,14
383.8086570143992,$\hat{T}_{MLG}$,0.2335308952608898,3.9552854816898123e-05,14
413.0640678918749,$\hat{T}_{MLG}$,0.2392754995129399,3.86032569749779e-05,14
444.5494416687491,$\hat{T}_{MLG}$,0.23936605018169463,3.858865360606847e-05,14
478.43475491973123,$\hat{T}_{MLG}$,0.23126010176897036,3.994123294446106e-05,14
514.9029405050194,$\hat{T}_{MLG}$,0.2437838122327221,3.788936398572898e-05,14
554.1508751495202,$\hat{T}_{MLG}$,0.23440050998770257,3.940611560955567e-05,14
596.390442299262,$\hat{T}_{MLG}$,0.22960315724658933,4.022947117227163e-05,14
641.8496759929147,$\hat{T}_{MLG}$,0.2299941747268418,4.0161076281538625e-05,14
690.7739919237116,$\hat{T}_{MLG}$,0.2347725307722568,3.934367263977092e-05,14
743.4275123377766,$\hat{T}_{MLG}$,0.2283082228875323,4.045764746749571e-05,14
800.0944919214219,$\hat{T}_{MLG}$,0.23142134913322684,3.991340310697385e-05,14
861.0808523752157,$\hat{T}_{MLG}$,0.22499797804275518,4.105287378964354e-05,14
926.7158339593304,$\hat{T}_{MLG}$,0.22553387760677499,4.0955326505842616e-05,14
997.35377292621,$\hat{T}_{MLG}$,0.23002425245329852,4.015582486194386e-05,14
1073.3760144361563,$\hat{T}_{MLG}$,0.22332930222003955,4.135961337672325e-05,14
1155.1929712829099,$\hat{T}_{MLG}$,0.22707412752090506,4.06775254246605e-05,14
1243.246339543401,$\hat{T}_{MLG}$,0.23595078292483515,3.9147204688262084e-05,14
1338.011483113092,$\hat{T}_{MLG}$,0.22875376432869984,4.037884850822256e-05,14
1.0,$\hat{T}_{MLD}$,0.3027492654301602,3.0509780370202135e-05,14
1.0762239473831834,$\hat{T}_{MLD}$,0.2982008623255575,3.097514045895021e-05,14
1.1582579849210413,$\hat{T}_{MLD}$,0.2904433458112365,3.180246243794947e-05,14
1.2465449806198148,$\hat{T}_{MLD}$,0.2994750357084637,3.0843350844462954e-05,14
1.3415615596333508,$\hat{T}_{MLD}$,0.2969489673850179,3.110572727985935e-05,14
1.4438206773661448,$\hat{T}_{MLD}$,0.30707722452034725,3.0079774265063337e-05,14
1.5538743887084543,$\hat{T}_{MLD}$,0.3000038809042597,3.0788980354764014e-05,14
1.6723168283534438,$\hat{T}_{MLD}$,0.2874002781291253,3.213919504755745e-05,14
1.7997874182858689,$\hat{T}_{MLD}$,0.2900288915005979,3.1847908488438214e-05,14
1.9369743197582066,$\hat{T}_{MLD}$,0.2811608245215807,3.285242035846014e-05,14
2.0846181483900335,$\hat{T}_{MLD}$,0.29055811972882556,3.178990008654663e-05,14
2.2435159724469447,$\hat{T}_{MLD}$,0.2774176086014954,3.329570044986837e-05,14
2.4145256158840724,$\hat{T}_{MLD}$,0.2670516696964828,3.458811400060634e-05,14
2.5985702893845684,$\hat{T}_{MLD}$,0.28001021445506474,3.298741659653461e-05,14
2.796643574394121,$\hat{T}_{MLD}$,0.26718126390902697,3.457133730252611e-05,14
3.009814787058257,$\hat{T}_{MLD}$,0.2781128664074464,3.3212464115133444e-05,14
3.239234751020113,$\hat{T}_{MLD}$,0.26955025470576327,3.426750089921812e-05,14
3.486142010243649,$\hat{T}_{MLD}$,0.26334827803390404,3.507451677479755e-05,14
3.751869515402767,$\hat{T}_{MLD}$,0.2748550110983638,3.36061313148429e-05,14
4.037851819933397,$\hat{T}_{MLD}$,0.26671224694896684,3.4632131449447853e-05,14
4.345632824597091,$\hat{T}_{MLD}$,0.2691625628926941,3.431685854171562e-05,14
4.676874112365815,$\hat{T}_{MLD}$,0.2669669087451045,3.459909559178127e-05,14
5.03336391862456,$\hat{T}_{MLD}$,0.2744366685372639,3.365735943649969e-05,14
5.417026785118212,$\hat{T}_{MLD}$,0.2633053063499642,3.5080240970295485e-05,14
5.829933949760359,$\hat{T}_{MLD}$,0.2595757923845225,3.55842642746565e-05,14
6.274314528394325,$\hat{T}_{MLD}$,0.2638837201327303,3.500334765201965e-05,14
6.752567548872198,$\hat{T}_{MLD}$,0.2595289918514354,3.559068113978469e-05,14
7.267274902418825,$\hat{T}_{MLD}$,0.261538091804233,3.5317278381109296e-05,14
7.821215282199927,$\hat{T}_{MLD}$,0.2546985316666332,3.626567273502773e-05,14
8.417379184342884,$\hat{T}_{MLD}$,0.2580391180584361,3.579617565357833e-05,14
9.058985052394538,$\hat{T}_{MLD}$,0.24861626313819976,3.7152893696176646e-05,14
9.749496652373306,$\hat{T}_{MLD}$,0.2550089538192181,3.622152656671974e-05,14
10.492641772216333,$\hat{T}_{MLD}$,0.24902127917820976,3.7092467061435246e-05,14
11.292432346572342,$\hat{T}_{MLD}$,0.25241072585735014,3.659437832580221e-05,14
12.153186115585632,$\hat{T}_{MLD}$,0.24881486233149125,3.7123238977614556e-05,14
13.079549934598068,$\hat{T}_{MLD}$,0.2596083771659237,3.5579797910799633e-05,14
14.076524860608592,$\hat{T}_{MLD}$,0.25320723480962076,3.647926411920698e-05,14
15.149493150921694,$\hat{T}_{MLD}$,0.2565189570598755,3.600830792929741e-05,14
16.304247319739442,$\hat{T}_{MLD}$,0.24799092820274007,3.724657858437e-05,14
17.54702140956167,$\hat{T}_{MLD}$,0.25480148570787864,3.6251019376330925e-05,14
18.88452464621569,$\hat{T}_{MLD}$,0.2476044426549682,3.73047167347701e-05,14
20.32397765920527,$\hat{T}_{MLD}$,0.24972448868188898,3.698801685116478e-05,14
21.87315146291753,$\hat{T}_{MLD}$,0.240912274132616,3.834098378246011e-05,14
23.540409409131357,$\hat{T}_{MLD}$,0.2462984627594915,3.75025223138883e-05,14
25.33475233731158,$\hat{T}_{MLD}$,0.2515449940349322,3.672032365800726e-05,14
27.265867166436806,$\hat{T}_{MLD}$,0.2422860070243632,3.812359495687015e-05,14
29.344179190688156,$\hat{T}_{MLD}$,0.2469689840563296,3.740070288910226e-05,14
31.580908361321878,$\hat{T}_{MLD}$,0.23943772536389019,3.857710217333709e-05,14
33.98812985856841,$\hat{T}_{MLD}$,0.2429154990761317,3.802480134303544e-05,14
36.57883928056072,$\hat{T}_{MLD}$,0.23447805003214553,3.939308431747835e-05,14
39.36702280122011,$\hat{T}_{MLD}$,0.23905699219304685,3.8638541842169445e-05,14
42.36773267585289,$\hat{T}_{MLD}$,0.23308658664189721,3.9628250293549505e-05,14
45.597168502081885,$\hat{T}_{MLD}$,0.23716839052012983,3.894622540236969e-05,14
49.07276467480673,$\hat{T}_{MLD}$,0.2307394101098925,4.003136521461622e-05,14
52.81328450732654,$\hat{T}_{MLD}$,0.23553414210026943,3.9216452923338834e-05,14
56.8389215267461,$\hat{T}_{MLD}$,0.2292313112278826,4.029472913642128e-05,14
61.17140849051769,$\hat{T}_{MLD}$,0.2332021778044945,3.9608607786064144e-05,14
65.83413471265413,$\hat{T}_{MLD}$,0.24038593745022704,3.842493322816248e-05,14
70.8522723330089,$\hat{T}_{MLD}$,0.23365000095806868,3.953269230746494e-05,14
76.25291221129912,$\hat{T}_{MLD}$,0.2376298722733663,3.8870591088347294e-05,14
82.06521017950769,$\hat{T}_{MLD}$,0.23109572544025717,3.996964278727914e-05,14
88.32054444222037,$\hat{T}_{MLD}$,0.23508364625958908,3.9291604254404603e-05,14
95.0526849746383,$\hat{T}_{MLD}$,0.22810459648466785,4.0493763553489255e-05,14
102.29797583277549,$\hat{T}_{MLD}$,0.2339173811939798,3.9487504299026146e-05,14
110.0955313600591,$\hat{T}_{MLD}$,0.22763182230317092,4.05778660560569e-05,14
118.4874473495718,$\hat{T}_{MLD}$,0.23277010108756493,3.9682130790669945e-05,14
127.51902830191335,$\hat{T}_{MLD}$,0.22768562928374816,4.056827663902777e-05,14
137.239032005553,$\hat{T}_{MLD}$,0.23027662402293955,4.011181610250665e-05,14
147.6999327600634,$\hat{T}_{MLD}$,0.23510338949316634,3.928830467066788e-05,14
158.95820466326612,$\hat{T}_{MLD}$,0.23232601467848338,3.9757982369288556e-05,14
171.07462649164432,$\hat{T}_{MLD}$,0.23583643459230721,3.916618571461185e-05,14
184.11460981994108,$\hat{T}_{MLD}$,0.2296185493296266,4.0226774459124385e-05,14
198.14855215133173,$\hat{T}_{MLD}$,0.23372571201017378,3.951988643471177e-05,14
213.25221696456873,$\hat{T}_{MLD}$,0.22483474372185805,4.108267896060154e-05,14
229.50714272982336,$\hat{T}_{MLD}$,0.22688303792441286,4.071178559673334e-05,14
247.00108310132606,$\hat{T}_{MLD}$,0.22999699083502673,4.016058454495015e-05,14
265.8284806632307,$\hat{T}_{MLD}$,0.2224925447678257,4.151516000301479e-05,14
286.0909767862566,$\hat{T}_{MLD}$,0.2334362345759473,3.956889388784699e-05,14
307.8979603476156,$\hat{T}_{MLD}$,0.22741858458197892,4.0615913657595425e-05,14
331.36715827654194,$\hat{T}_{MLD}$,0.2297355830926641,4.0206281809590374e-05,14
356.62527111352796,$\hat{T}_{MLD}$,0.23268295045802903,3.9696993601515884e-05,14
383.8086570143992,$\hat{T}_{MLD}$,0.22521808594658915,4.101275240259675e-05,14
413.0640678918749,$\hat{T}_{MLD}$,0.22760317511559433,4.05829733738251e-05,14
444.5494416687491,$\hat{T}_{MLD}$,0.2300797777927148,4.014613402415538e-05,14
478.43475491973123,$\hat{T}_{MLD}$,0.22311637912013965,4.139908343770919e-05,14
514.9029405050194,$\hat{T}_{MLD}$,0.22540803315134336,4.097819171028585e-05,14
554.1508751495202,$\hat{T}_{MLD}$,0.22815233288545317,4.0485291027691044e-05,14
596.390442299262,$\hat{T}_{MLD}$,0.221907848906553,4.162454659007535e-05,14
641.8496759929147,$\hat{T}_{MLD}$,0.22499356097798917,4.105367973805189e-05,14
690.7739919237116,$\hat{T}_{MLD}$,0.22976773730920927,4.020065525162831e-05,14
743.4275123377766,$\hat{T}_{MLD}$,0.22389207648634823,4.125565201088047e-05,14
800.0944919214219,$\hat{T}_{MLD}$,0.22692100830567397,4.070497334945633e-05,14
861.0808523752157,$\hat{T}_{MLD}$,0.21770207948661352,4.242868794499589e-05,14
926.7158339593304,$\hat{T}_{MLD}$,0.22138573958242125,4.1722712641458904e-05,14
997.35377292621,$\hat{T}_{MLD}$,0.22609052335378743,4.0854492521388926e-05,14
1073.3760144361563,$\hat{T}_{MLD}$,0.21986709028786974,4.20108965985794e-05,14
1155.1929712829099,$\hat{T}_{MLD}$,0.22407528327600748,4.1221920867267894e-05,14
1243.246339543401,$\hat{T}_{MLD}$,0.23293971976871528,3.965323562973891e-05,14
1338.011483113092,$\hat{T}_{MLD}$,0.22593163403973665,4.0883223966280236e-05,14
1.0,$\hat{T}_{emp}$,0.003079605958852012,0.0030120376297713023,15
1.0762239473831834,$\hat{T}_{emp}$,0.004404299147582807,0.0021060987735179253,15
1.1582579849210413,$\hat{T}_{emp}$,0.005790160731017803,0.001602008901625027,15
1.2465449806198148,$\hat{T}_{emp}$,0.008304498269896194,0.001116971637715344,15
1.3415615596333508,$\hat{T}_{emp}$,0.009126863401277762,0.0010163282417080515,15
1.4438206773661448,$\hat{T}_{emp}$,0.010125085928314905,0.0009161294134788601,15
1.5538743887084543,$\hat{T}_{emp}$,0.01299569595921608,0.0007137662393795899,15
1.6723168283534438,$\hat{T}_{emp}$,0.013866855995473859,0.0006689251720763411,15
1.7997874182858689,$\hat{T}_{emp}$,0.011750881316098707,0.0007893781567023594,15
1.9369743197582066,$\hat{T}_{emp}$,0.006757080328324187,0.0013727658370506146,15
2.0846181483900335,$\hat{T}_{emp}$,0.0028255500923309675,0.0032828612941977436,15
2.2435159724469447,$\hat{T}_{emp}$,0.0055196080458106795,0.0016805340082019934,15
2.4145256158840724,$\hat{T}_{emp}$,0.006742194613159381,0.0013757966901200925,15
2.5985702893845684,$\hat{T}_{emp}$,0.00800308415018098,0.0011590392977088003,15
2.796643574394121,$\hat{T}_{emp}$,0.011429670708732454,0.0008115622286338716,15
3.009814787058257,$\hat{T}_{emp}$,0.013631166461721477,0.0006804912154054015,15
3.239234751020113,$\hat{T}_{emp}$,0.018235445720340197,0.000508673556719465,15
3.486142010243649,$\hat{T}_{emp}$,0.020802069031578274,0.0004459118474633012,15
3.751869515402767,$\hat{T}_{emp}$,0.023514432288769392,0.0003944764185253328,15
4.037851819933397,$\hat{T}_{emp}$,0.02227168934037206,0.0004164878959637659,15
4.345632824597091,$\hat{T}_{emp}$,0.024022062558966543,0.00038614040780889764,15
4.676874112365815,$\hat{T}_{emp}$,0.03850685051051575,0.00024088931995092826,15
5.03336391862456,$\hat{T}_{emp}$,0.04494054858945724,0.0002064035558993211,15
5.417026785118212,$\hat{T}_{emp}$,0.057882840459596914,0.0001602528307055854,15
5.829933949760359,$\hat{T}_{emp}$,0.06216825986787674,0.00014920618741209423,15
6.274314528394325,$\hat{T}_{emp}$,0.08372867975239906,0.00011078508654813005,15
6.752567548872198,$\hat{T}_{emp}$,0.0951249297703611,9.751270308764383e-05,15
7.267274902418825,$\hat{T}_{emp}$,0.12265877685849146,7.562352463070431e-05,15
7.821215282199927,$\hat{T}_{emp}$,0.12803969752459748,7.244541507252639e-05,15
8.417379184342884,$\hat{T}_{emp}$,0.1504815157248853,6.164138491194257e-05,15
9.058985052394538,$\hat{T}_{emp}$,0.16050218304840388,5.779291506666169e-05,15
9.749496652373306,$\hat{T}_{emp}$,0.17172617660126901,5.401558001531636e-05,15
10.492641772216333,$\hat{T}_{emp}$,0.19206434382715995,4.829573698113186e-05,15
11.292432346572342,$\hat{T}_{emp}$,0.1953628893145698,4.7480302249186765e-05,15
12.153186115585632,$\hat{T}_{emp}$,0.1425495538814981,6.507132979624244e-05,15
13.079549934598068,$\hat{T}_{emp}$,0.09176289202288133,0.00010108540422437018,15
14.076524860608592,$\hat{T}_{emp}$,0.0661485470884109,0.00014022815981933049,15
15.149493150921694,$\hat{T}_{emp}$,0.047138428531279794,0.0001967797680564375,15
16.304247319739442,$\hat{T}_{emp}$,0.03739031837610606,0.00024808264373747256,15
17.54702140956167,$\hat{T}_{emp}$,0.006104097944684091,0.001519616676696405,15
18.88452464621569,$\hat{T}_{emp}$,0.006791193159491363,0.0013658702992369201,15
20.32397765920527,$\hat{T}_{emp}$,0.007578544390051546,0.0012239671044358825,15
21.87315146291753,$\hat{T}_{emp}$,0.006124089030624686,0.0015146561368628584,15
23.540409409131357,$\hat{T}_{emp}$,0.006383072622572411,0.0014532012373050462,15
25.33475233731158,$\hat{T}_{emp}$,0.004037716105500528,0.002297310853602058,15
27.265867166436806,$\hat{T}_{emp}$,0.004767584507765781,0.001945616069903106,15
29.344179190688156,$\hat{T}_{emp}$,0.0076042622560091085,0.001219827607286968,15
31.580908361321878,$\hat{T}_{emp}$,0.009237146080491143,0.001004194255682594,15
33.98812985856841,$\hat{T}_{emp}$,0.012860054086405613,0.000721294713895158,15
36.57883928056072,$\hat{T}_{emp}$,0.018205968810924088,0.0005094971396064571,15
39.36702280122011,$\hat{T}_{emp}$,0.021306941349891233,0.0004353458753467468,15
42.36773267585289,$\hat{T}_{emp}$,0.029457400321531792,0.00031489163781197666,15
45.597168502081885,$\hat{T}_{emp}$,0.03689063432923114,0.00025144292586967606,15
49.07276467480673,$\hat{T}_{emp}$,0.03970771726747363,0.000233604187580143,15
52.81328450732654,$\hat{T}_{emp}$,0.04621726680164844,0.00020070180854137718,15
56.8389215267461,$\hat{T}_{emp}$,0.04481707187710421,0.00020697222385179933,15
61.17140849051769,$\hat{T}_{emp}$,0.03821299847285693,0.00024274172149874469,15
65.83413471265413,$\hat{T}_{emp}$,0.026479924377291263,0.00035029892460286023,15
70.8522723330089,$\hat{T}_{emp}$,0.025093718178564255,0.00036964984491034546,15
76.25291221129912,$\hat{T}_{emp}$,0.019275109329667722,0.00048123664951944,15
82.06521017950769,$\hat{T}_{emp}$,0.01893987817323833,0.0004897544191195928,15
88.32054444222037,$\hat{T}_{emp}$,0.01991384146939595,0.00046580108851351423,15
95.0526849746383,$\hat{T}_{emp}$,0.019335755763599822,0.00047972725485043367,15
102.29797583277549,$\hat{T}_{emp}$,0.0239623719688868,0.00038710228874562936,15
110.0955313600591,$\hat{T}_{emp}$,0.020674783048277023,0.0004486571400178837,15
118.4874473495718,$\hat{T}_{emp}$,0.01723298382880703,0.0005382636649042991,15
127.51902830191335,$\hat{T}_{emp}$,0.012126397467907302,0.0007649336134230283,15
137.239032005553,$\hat{T}_{emp}$,0.012050833639625495,0.000769730070991044,15
147.6999327600634,$\hat{T}_{emp}$,0.010579291809065557,0.0008767967837867505,15
158.95820466326612,$\hat{T}_{emp}$,0.011991859813448417,0.0007735154660937276,15
171.07462649164432,$\hat{T}_{emp}$,0.008789598835543259,0.0010553256418734927,15
184.11460981994108,$\hat{T}_{emp}$,0.008321590767852188,0.0011146773846131238,15
198.14855215133173,$\hat{T}_{emp}$,0.01002697494208905,0.0009250934690176484,15
213.25221696456873,$\hat{T}_{emp}$,0.008988971658875798,0.0010319188206329576,15
229.50714272982336,$\hat{T}_{emp}$,0.011056071389872572,0.0008389859929293659,15
247.00108310132606,$\hat{T}_{emp}$,0.006963533372699984,0.0013320664289907232,15
265.8284806632307,$\hat{T}_{emp}$,0.003635807865899947,0.0025512594105778458,15
286.0909767862566,$\hat{T}_{emp}$,0.004686076636239322,0.0019794573911139225,15
307.8979603476156,$\hat{T}_{emp}$,0.00516151376406181,0.0017971256993472805,15
331.36715827654194,$\hat{T}_{emp}$,0.0069028804098188274,0.0013437707858499099,15
356.62527111352796,$\hat{T}_{emp}$,0.00764056983321073,0.0012140310520573133,15
383.8086570143992,$\hat{T}_{emp}$,0.008414114684573353,0.0011024200858513182,15
413.0640678918749,$\hat{T}_{emp}$,0.010036504730497386,0.0009242150810474934,15
444.5494416687491,$\hat{T}_{emp}$,0.007623139903347431,0.0012168068736160827,15
478.43475491973123,$\hat{T}_{emp}$,0.008162441435178247,0.001136411097904267,15
514.9029405050194,$\hat{T}_{emp}$,0.009586808071314084,0.0009675680334819437,15
554.1508751495202,$\hat{T}_{emp}$,0.008683483995362782,0.0010682220451933547,15
596.390442299262,$\hat{T}_{emp}$,0.009839816794832507,0.0009426892010633301,15
641.8496759929147,$\hat{T}_{emp}$,0.007706817531224001,0.001203595257750574,15
690.7739919237116,$\hat{T}_{emp}$,0.008762191277376418,0.0010586266310894307,15
743.4275123377766,$\hat{T}_{emp}$,0.00997615271396369,0.0009298062388265837,15
800.0944919214219,$\hat{T}_{emp}$,0.014142634198350434,0.0006558812808728456,15
861.0808523752157,$\hat{T}_{emp}$,0.02211591990938878,0.0004194213521723027,15
926.7158339593304,$\hat{T}_{emp}$,0.022704340005943794,0.0004085513620084023,15
997.35377292621,$\hat{T}_{emp}$,0.02561068550109752,0.00036218823711425786,15
1073.3760144361563,$\hat{T}_{emp}$,0.028320447561710583,0.00032753327830423314,15
1155.1929712829099,$\hat{T}_{emp}$,0.039792698035453995,0.000233105305517753,15
1243.246339543401,$\hat{T}_{emp}$,0.04661855858951575,0.00019897417066464787,15
1338.011483113092,$\hat{T}_{emp}$,0.04924686701042484,0.0001883549065358132,15
1.0,$\hat{T}_{GT}$,9.275921562807265e-06,0.9999964930840725,15
1.0762239473831834,$\hat{T}_{GT}$,8.61898071934013e-06,1.0762164732676598,15
1.1582579849210413,$\hat{T}_{GT}$,8.008521066414665e-06,1.1582524358748947,15
1.2465449806198148,$\hat{T}_{GT}$,7.441306693455371e-06,1.246540347690324,15
1.3415615596333508,$\hat{T}_{GT}$,1.382858091102691e-05,0.670776639527314,15
1.4438206773661448,$\hat{T}_{GT}$,6.424546908829255e-06,1.4438199556426834,15
1.5538743887084543,$\hat{T}_{GT}$,5.9695433896261275e-06,1.5538691031293672,15
1.6723168283534438,$\hat{T}_{GT}$,5.5467423981895436e-06,1.6723129301908528,15
1.7997874182858689,$\hat{T}_{GT}$,5.153895314078381e-06,1.7997821972813794,15
1.9369743197582066,$\hat{T}_{GT}$,4.788859197961862e-06,1.9369725960784168,15
2.0846181483900335,$\hat{T}_{GT}$,4.449685184773177e-06,2.084616921815567,15
2.2435159724469447,$\hat{T}_{GT}$,4.1345378620304715e-06,2.243512900949661,15
2.4145256158840724,$\hat{T}_{GT}$,3.841706332284548e-06,2.4145231911607623,15
2.5985702893845684,$\hat{T}_{GT}$,3.5696182650227384e-06,2.59856610546313,15
2.796643574394121,$\hat{T}_{GT}$,3.3167935893013507e-06,2.7966434398723217,15
3.009814787058257,$\hat{T}_{GT}$,3.08188253712898e-06,3.0098126457380903,15
3.239234751020113,$\hat{T}_{GT}$,2.86360642593282e-06,3.239233209189553,15
3.486142010243649,$\hat{T}_{GT}$,2.6607916387283543e-06,3.486138823468089,15
3.751869515402767,$\hat{T}_{GT}$,2.4723406885468816e-06,3.7518652165944406,15
4.037851819933397,$\hat{T}_{GT}$,2.2972345890017595e-06,4.037850151368711,15
4.345632824597091,$\hat{T}_{GT}$,2.1345355037290334e-06,4.345624149481335,15
4.676874112365815,$\hat{T}_{GT}$,1.9833556791406517e-06,4.676866146847272,15
5.03336391862456,$\hat{T}_{GT}$,1.8428831538365142e-06,5.033357114160845,15
5.417026785118212,$\hat{T}_{GT}$,1.7123580883234301e-06,5.417026436340904,15
5.829933949760359,$\hat{T}_{GT}$,3.182159540750735e-06,2.914966680376379,15
6.274314528394325,$\hat{T}_{GT}$,1.4783910965374602e-06,6.274313376653345,15
6.752567548872198,$\hat{T}_{GT}$,1.3736848684490685e-06,6.75255966341316,15
7.267274902418825,$\hat{T}_{GT}$,7.658355648930767e-06,1.2112115783269037,15
7.821215282199927,$\hat{T}_{GT}$,1.185992011157813e-06,7.821207011229949,15
8.417379184342884,$\hat{T}_{GT}$,1.1019927334599156e-06,8.417377675265405,15
9.058985052394538,$\hat{T}_{GT}$,1.0239439042571491e-06,9.058981643784154,15
9.749496652373306,$\hat{T}_{GT}$,9.514231863733366e-07,9.74948809928451,15
10.492641772216333,$\hat{T}_{GT}$,8.840380737517603e-07,10.492635225046746,15
11.292432346572342,$\hat{T}_{GT}$,8.214254030734453e-07,11.292430205133085,15
12.153186115585632,$\hat{T}_{GT}$,7.632480785229623e-07,12.15317705205481,15
13.079549934598068,$\hat{T}_{GT}$,1.4183813715464188e-06,6.539770768997741,15
14.076524860608592,$\hat{T}_{GT}$,6.58961647773138e-07,14.076523367143853,15
15.149493150921694,$\hat{T}_{GT}$,6.122907572873316e-07,15.149484003360953,15
16.304247319739442,$\hat{T}_{GT}$,5.689249764322829e-07,16.304239429070435,15
17.54702140956167,$\hat{T}_{GT}$,1.5858919056077138e-06,5.849004588604463,15
18.88452464621569,$\hat{T}_{GT}$,4.911900158752613e-07,18.88452275724966,15
20.32397765920527,$\hat{T}_{GT}$,4.564013483921437e-07,20.32397376915783,15
21.87315146291753,$\hat{T}_{GT}$,4.240765203673351e-07,21.873149272436535,15
23.540409409131357,$\hat{T}_{GT}$,3.940411520817588e-07,23.540406843104442,15
25.33475233731158,$\hat{T}_{GT}$,1.098399375816248e-06,8.444914697841163,15
27.265867166436806,$\hat{T}_{GT}$,3.4020154900569296e-07,27.26586360362213,15
29.344179190688156,$\hat{T}_{GT}$,3.161066784174056e-07,29.3441729208953,15
31.580908361321878,$\hat{T}_{GT}$,2.93718276590389e-07,31.580905146961893,15
33.98812985856841,$\hat{T}_{GT}$,2.729155596529278e-07,33.98812821345374,15
36.57883928056072,$\hat{T}_{GT}$,2.535862162704974e-07,36.578837640905974,15
39.36702280122011,$\hat{T}_{GT}$,2.3562587888452824e-07,39.367021469980266,15
42.36773267585289,$\hat{T}_{GT}$,2.189376227008539e-07,42.36772519268802,15
45.597168502081885,$\hat{T}_{GT}$,2.0343127532083655e-07,45.5971630630588,15
49.07276467480673,$\hat{T}_{GT}$,1.8902316044077933e-07,49.072764476585476,15
52.81328450732654,$\hat{T}_{GT}$,1.7563555481866682e-07,52.813276005003615,15
56.8389215267461,$\hat{T}_{GT}$,1.631960843384308e-07,56.838919086404985,15
61.17140849051769,$\hat{T}_{GT}$,1.5163767935515167e-07,61.17139930112666,15
65.83413471265413,$\hat{T}_{GT}$,1.408978773593878e-07,65.83412899308775,15
70.8522723330089,$\hat{T}_{GT}$,1.3091873795383963e-07,70.85226437334555,15
76.25291221129912,$\hat{T}_{GT}$,1.2164636186143263e-07,76.2529095896543,15
82.06521017950769,$\hat{T}_{GT}$,1.1303071168770338e-07,82.06520948535545,15
88.32054444222037,$\hat{T}_{GT}$,1.0502527013024604e-07,88.32054439304743,15
95.0526849746383,$\hat{T}_{GT}$,9.758682421734148e-08,95.05267854881008,15
102.29797583277549,$\hat{T}_{GT}$,9.067519835653017e-08,102.29797343765249,15
110.0955313600591,$\hat{T}_{GT}$,8.425309630128907e-08,110.09552693184847,15
118.4874473495718,$\hat{T}_{GT}$,7.828584070616334e-08,118.48744229171848,15
127.51902830191335,$\hat{T}_{GT}$,7.274121788002412e-08,127.51902295929935,15
137.239032005553,$\hat{T}_{GT}$,6.758929661305979e-08,137.2390230073482,15
147.6999327600634,$\hat{T}_{GT}$,6.280225942432685e-08,147.69992541601326,15
158.95820466326612,$\hat{T}_{GT}$,5.835426500819177e-08,158.9582017977271,15
171.07462649164432,$\hat{T}_{GT}$,5.4221304797745044e-08,171.07461850154442,15
184.11460981994108,$\hat{T}_{GT}$,5.0381059663820285e-08,184.11460764870347,15
198.14855215133173,$\hat{T}_{GT}$,4.6812804069643036e-08,198.14854540929716,15
213.25221696456873,$\hat{T}_{GT}$,4.349726917619521e-08,213.25221579672447,15
229.50714272982336,$\hat{T}_{GT}$,4.041656055635497e-08,229.5071353238068,15
247.00108310132606,$\hat{T}_{GT}$,3.755404214434782e-08,247.0010817284628,15
265.8284806632307,$\hat{T}_{GT}$,3.48942642727573e-08,265.8284742851586,15
286.0909767862566,$\hat{T}_{GT}$,3.242286470794521e-08,286.09097673769526,15
307.8979603476156,$\hat{T}_{GT}$,3.0126504506337605e-08,307.8979518177709,15
331.36715827654194,$\hat{T}_{GT}$,2.7992783348481628e-08,331.36715693665855,15
356.62527111352796,$\hat{T}_{GT}$,2.6010184860106042e-08,356.62526363499194,15
383.8086570143992,$\hat{T}_{GT}$,2.4168003781615887e-08,383.8086553092223,15
413.0640678918749,$\hat{T}_{GT}$,2.2456296173934435e-08,413.0640672479615,15
444.5494416687491,$\hat{T}_{GT}$,2.0865820981897545e-08,444.5494400137732,15
478.43475491973123,$\hat{T}_{GT}$,1.9387991675106582e-08,478.434754273186,15
514.9029405050194,$\hat{T}_{GT}$,1.801483020455065e-08,514.9029398338181,15
554.1508751495202,$\hat{T}_{GT}$,1.6738923578076148e-08,554.1508681645046,15
596.390442299262,$\hat{T}_{GT}$,1.5553383231801108e-08,596.3904376743137,15
641.8496759929147,$\hat{T}_{GT}$,1.44518093434069e-08,641.8496682674528,15
690.7739919237116,$\hat{T}_{GT}$,1.342825462151511e-08,690.7739906918443,15
743.4275123377766,$\hat{T}_{GT}$,1.247719371742852e-08,743.4275080600338,15
800.0944919214219,$\hat{T}_{GT}$,1.1593491965460808e-08,800.0944892673243,15
861.0808523752157,$\hat{T}_{GT}$,1.0772378806348684e-08,861.0808438581331,15
926.7158339593304,$\hat{T}_{GT}$,1.0009421167485473e-08,926.7158287895728,15
997.35377292621,$\hat{T}_{GT}$,9.300500347387638e-09,997.3537644709235,15
1073.3760144361563,$\hat{T}_{GT}$,8.641789030078439e-09,1073.3760105279957,15
1155.1929712829099,$\hat{T}_{GT}$,8.029731203944975e-09,1155.1929693951631,15
1243.246339543401,$\hat{T}_{GT}$,7.461022647755182e-09,1243.246331080506,15
1338.011483113092,$\hat{T}_{GT}$,6.932593032226831e-09,1338.0114756210733,15
1.0,$\hat{T}_{Reset}$,0.00011131105875368718,0.08333304109033936,15
1.0762239473831834,$\hat{T}_{Reset}$,0.00027580738301888417,0.03363176478961437,15
1.1582579849210413,$\hat{T}_{Reset}$,2.4025563199243997e-05,0.38608414529163143,15
1.2465449806198148,$\hat{T}_{Reset}$,0.00014138482717565204,0.06560738672054336,15
1.3415615596333508,$\hat{T}_{Reset}$,1.382858091102691e-05,0.670776639527314,15
1.4438206773661448,$\hat{T}_{Reset}$,4.497182836180478e-05,0.2062599936632405,15
1.5538743887084543,$\hat{T}_{Reset}$,5.9695433896261275e-06,1.5538691031293672,15
1.6723168283534438,$\hat{T}_{Reset}$,4.992068158370589e-05,0.18581254779898365,15
1.7997874182858689,$\hat{T}_{Reset}$,0.0003401570907291731,0.027269427231536057,15
1.9369743197582066,$\hat{T}_{Reset}$,2.394429598980931e-05,0.3873945192156834,15
2.0846181483900335,$\hat{T}_{Reset}$,0.00020468551849956617,0.045317759169903625,15
2.2435159724469447,$\hat{T}_{Reset}$,0.0001571124387571579,0.05903981318288582,15
2.4145256158840724,$\hat{T}_{Reset}$,1.1525118996853643e-05,0.8048410637202541,15
2.5985702893845684,$\hat{T}_{Reset}$,0.00012493663927579584,0.07424474587037515,15
2.796643574394121,$\hat{T}_{Reset}$,3.3167935893013507e-06,2.7966434398723217,15
3.009814787058257,$\hat{T}_{Reset}$,3.08188253712898e-06,3.0098126457380903,15
3.239234751020113,$\hat{T}_{Reset}$,2.86360642593282e-06,3.239233209189553,15
3.486142010243649,$\hat{T}_{Reset}$,2.6607916387283543e-06,3.486138823468089,15
3.751869515402767,$\hat{T}_{Reset}$,8.15872427220471e-05,0.11369288535134667,15
4.037851819933397,$\hat{T}_{Reset}$,6.891703767005279e-06,1.345950050456237,15
4.345632824597091,$\hat{T}_{Reset}$,8.538142014916134e-06,1.0864060373703337,15
4.676874112365815,$\hat{T}_{Reset}$,9.916778395703259e-06,0.9353732293694543,15
5.03336391862456,$\hat{T}_{Reset}$,1.8428831538365142e-06,5.033357114160845,15
5.417026785118212,$\hat{T}_{Reset}$,3.595951985479203e-05,0.25795363982575736,15
5.829933949760359,$\hat{T}_{Reset}$,7.7962908748393e-05,0.11897823185209712,15
6.274314528394325,$\hat{T}_{Reset}$,2.9567821930749204e-05,0.31371566883266727,15
6.752567548872198,$\hat{T}_{Reset}$,1.3736848684490685e-06,6.75255966341316,15
7.267274902418825,$\hat{T}_{Reset}$,4.084456346096408e-05,0.22710217093629448,15
7.821215282199927,$\hat{T}_{Reset}$,5.811360854673283e-05,0.15961646961693773,15
8.417379184342884,$\hat{T}_{Reset}$,2.4243840136118143e-05,0.38260807614842746,15
9.058985052394538,$\hat{T}_{Reset}$,3.4814092744743074e-05,0.2664406365818869,15
9.749496652373306,$\hat{T}_{Reset}$,5.99396607415202e-05,0.1547537793537224,15
10.492641772216333,$\hat{T}_{Reset}$,1.6796723401283445e-05,0.5522439592129866,15
11.292432346572342,$\hat{T}_{Reset}$,1.9714209673762688e-05,0.47051792521387853,15
12.153186115585632,$\hat{T}_{Reset}$,4.1978644318762925e-05,0.22096685549190564,15
13.079549934598068,$\hat{T}_{Reset}$,2.6949246059381955e-05,0.34419846152619693,15
14.076524860608592,$\hat{T}_{Reset}$,1.7791964489874725e-05,0.5213527173016241,15
15.149493150921694,$\hat{T}_{Reset}$,3.734973619452722e-05,0.2483521967764091,15
16.304247319739442,$\hat{T}_{Reset}$,4.380722318528578e-05,0.21174336920870693,15
17.54702140956167,$\hat{T}_{Reset}$,2.0087964137697707e-05,0.4617635201529839,15
18.88452464621569,$\hat{T}_{Reset}$,4.911900158752613e-07,18.88452275724966,15
20.32397765920527,$\hat{T}_{Reset}$,4.107612135529293e-06,2.258219307684204,15
21.87315146291753,$\hat{T}_{Reset}$,2.1203826018366754e-06,4.374629854487307,15
23.540409409131357,$\hat{T}_{Reset}$,3.585774483944005e-05,0.2586857894846642,15
25.33475233731158,$\hat{T}_{Reset}$,1.2082393133978729e-05,0.7677195179855604,15
27.265867166436806,$\hat{T}_{Reset}$,2.3814108430398506e-06,3.8951233719460183,15
29.344179190688156,$\hat{T}_{Reset}$,3.161066784174056e-07,29.3441729208953,15
31.580908361321878,$\hat{T}_{Reset}$,8.81154829771167e-07,10.52696838232063,15
33.98812985856841,$\hat{T}_{Reset}$,3.029362712147499e-05,0.306199353274358,15
36.57883928056072,$\hat{T}_{Reset}$,2.0794069734180786e-05,0.44608338586470697,15
39.36702280122011,$\hat{T}_{Reset}$,6.833150487651319e-06,1.357483498964837,15
42.36773267585289,$\hat{T}_{Reset}$,3.9408772086153704e-06,2.35376251070489,15
45.597168502081885,$\hat{T}_{Reset}$,2.827694726959628e-05,0.32803714433855247,15
49.07276467480673,$\hat{T}_{Reset}$,1.8902316044077933e-07,49.072764476585476,15
52.81328450732654,$\hat{T}_{Reset}$,1.7563555481866682e-07,52.813276005003615,15
56.8389215267461,$\hat{T}_{Reset}$,2.447941265076462e-06,3.7892612724269994,15
61.17140849051769,$\hat{T}_{Reset}$,6.065507174206067e-07,15.292849825281666,15
65.83413471265413,$\hat{T}_{Reset}$,8.172076886844492e-06,1.1350711895359955,15
70.8522723330089,$\hat{T}_{Reset}$,1.1782686415845566e-06,7.872473819260617,15
76.25291221129912,$\hat{T}_{Reset}$,3.649390855842979e-07,25.417636529884767,15
82.06521017950769,$\hat{T}_{Reset}$,2.0345528103786607e-06,4.5591783047419705,15
88.32054444222037,$\hat{T}_{Reset}$,1.0502527013024604e-07,88.32054439304743,15
95.0526849746383,$\hat{T}_{Reset}$,1.7565628359121465e-06,5.280704363822782,15
102.29797583277549,$\hat{T}_{Reset}$,9.067519835653017e-08,102.29797343765249,15
110.0955313600591,$\hat{T}_{Reset}$,9.01508130423793e-06,1.0289301582415744,15
118.4874473495718,$\hat{T}_{Reset}$,6.262867256493067e-07,14.81093028646481,15
127.51902830191335,$\hat{T}_{Reset}$,5.091885251601689e-07,18.21700327989991,15
137.239032005553,$\hat{T}_{Reset}$,6.758929661305979e-08,137.2390230073482,15
147.6999327600634,$\hat{T}_{Reset}$,6.280225942432686e-07,14.769992541601326,15
158.95820466326612,$\hat{T}_{Reset}$,5.835426500819177e-08,158.9582017977271,15
171.07462649164432,$\hat{T}_{Reset}$,5.4221304797745044e-08,171.07461850154442,15
184.11460981994108,$\hat{T}_{Reset}$,7.05334835293484e-07,13.151043403478822,15
198.14855215133173,$\hat{T}_{Reset}$,4.6812804069643036e-08,198.14854540929716,15
213.25221696456873,$\hat{T}_{Reset}$,4.349726917619521e-08,213.25221579672447,15
229.50714272982336,$\hat{T}_{Reset}$,4.041656055635497e-08,229.5071353238068,15
247.00108310132606,$\hat{T}_{Reset}$,3.755404214434782e-08,247.0010817284628,15
265.8284806632307,$\hat{T}_{Reset}$,5.583082283641168e-07,16.614279642822414,15
286.0909767862566,$\hat{T}_{Reset}$,1.2969145883178084e-07,71.52274418442381,15
307.8979603476156,$\hat{T}_{Reset}$,3.0126504506337605e-08,307.8979518177709,15
331.36715827654194,$\hat{T}_{Reset}$,2.7992783348481628e-08,331.36715693665855,15
356.62527111352796,$\hat{T}_{Reset}$,2.6010184860106042e-08,356.62526363499194,15
383.8086570143992,$\hat{T}_{Reset}$,2.4168003781615887e-08,383.8086553092223,15
413.0640678918749,$\hat{T}_{Reset}$,2.2456296173934435e-08,413.0640672479615,15
444.5494416687491,$\hat{T}_{Reset}$,2.0865820981897545e-08,444.5494400137732,15
478.43475491973123,$\hat{T}_{Reset}$,1.9387991675106582e-08,478.434754273186,15
514.9029405050194,$\hat{T}_{Reset}$,1.801483020455065e-08,514.9029398338181,15
554.1508751495202,$\hat{T}_{Reset}$,1.6738923578076148e-08,554.1508681645046,15
596.390442299262,$\hat{T}_{Reset}$,1.5553383231801108e-08,596.3904376743137,15
641.8496759929147,$\hat{T}_{Reset}$,1.44518093434069e-08,641.8496682674528,15
690.7739919237116,$\hat{T}_{Reset}$,2.6856509243030217e-07,34.53869953459222,15
743.4275123377766,$\hat{T}_{Reset}$,1.247719371742852e-08,743.4275080600338,15
800.0944919214219,$\hat{T}_{Reset}$,1.1593491965460808e-08,800.0944892673243,15
861.0808523752157,$\hat{T}_{Reset}$,1.0772378806348684e-08,861.0808438581331,15
926.7158339593304,$\hat{T}_{Reset}$,1.0009421167485473e-08,926.7158287895728,15
997.35377292621,$\hat{T}_{Reset}$,9.300500347387638e-09,997.3537644709235,15
1073.3760144361563,$\hat{T}_{Reset}$,8.641789030078439e-09,1073.3760105279957,15
1155.1929712829099,$\hat{T}_{Reset}$,8.029731203944975e-09,1155.1929693951631,15
1243.246339543401,$\hat{T}_{Reset}$,7.461022647755182e-09,1243.246331080506,15
1338.011483113092,$\hat{T}_{Reset}$,6.932593032226831e-09,1338.0114756210733,15
1.0,$\hat{T}_{MLG}$,2.8071380116227296,3.3043936545065186e-06,15
1.0762239473831834,$\hat{T}_{MLG}$,2.542786472932091,3.6479229112124986e-06,15
1.1582579849210413,$\hat{T}_{MLG}$,2.3755643651805523,3.904709621380934e-06,15
1.2465449806198148,$\hat{T}_{MLG}$,1.0482431516315065,8.848986056806586e-06,15
1.3415615596333508,$\hat{T}_{MLG}$,0.8642479104046242,1.0732903049296816e-05,15
1.4438206773661448,$\hat{T}_{MLG}$,0.9439652045254509,9.826515838148248e-06,15
1.5538743887084543,$\hat{T}_{MLG}$,0.7690513414757905,1.2061469153840877e-05,15
1.6723168283534438,$\hat{T}_{MLG}$,0.8785868292379886,1.0557737407667845e-05,15
1.7997874182858689,$\hat{T}_{MLG}$,1.1004476556012535,8.429196051003543e-06,15
1.9369743197582066,$\hat{T}_{MLG}$,0.39256268198622724,2.3629064754697268e-05,15
2.0846181483900335,$\hat{T}_{MLG}$,0.4596180308363183,2.01817344198874e-05,15
2.2435159724469447,$\hat{T}_{MLG}$,0.37097159433981763,2.5004310773275237e-05,15
2.4145256158840724,$\hat{T}_{MLG}$,0.5196224371131882,1.785120959068526e-05,15
2.5985702893845684,$\hat{T}_{MLG}$,0.5027918645615438,1.8448765158559536e-05,15
2.796643574394121,$\hat{T}_{MLG}$,0.5111312758444557,1.814776256374688e-05,15
3.009814787058257,$\hat{T}_{MLG}$,0.49776378683851247,1.8635122277265086e-05,15
3.239234751020113,$\hat{T}_{MLG}$,0.7945804452478451,1.1673945776549865e-05,15
3.486142010243649,$\hat{T}_{MLG}$,0.3453177296662303,2.6861896265494044e-05,15
3.751869515402767,$\hat{T}_{MLG}$,0.3531386349391186,2.626699011431973e-05,15
4.037851819933397,$\hat{T}_{MLG}$,0.40814106127184097,2.2727164485790414e-05,15
4.345632824597091,$\hat{T}_{MLG}$,0.3394131603996704,2.7329196728870274e-05,15
4.676874112365815,$\hat{T}_{MLG}$,0.3610315754964339,2.5692736210608306e-05,15
5.03336391862456,$\hat{T}_{MLG}$,0.3483945797728831,2.6624665168376344e-05,15
5.417026785118212,$\hat{T}_{MLG}$,0.3951443300587339,2.3474685899077518e-05,15
5.829933949760359,$\hat{T}_{MLG}$,0.8404992947141148,1.1036165159526123e-05,15
6.274314528394325,$\hat{T}_{MLG}$,1.415221953648004,6.554370506350487e-06,15
6.752567548872198,$\hat{T}_{MLG}$,0.6098451318613842,1.5210237072186013e-05,15
7.267274902418825,$\hat{T}_{MLG}$,0.5155785592156823,1.7991223388034268e-05,15
7.821215282199927,$\hat{T}_{MLG}$,0.9844070848197767,9.422818238481496e-06,15
8.417379184342884,$\hat{T}_{MLG}$,0.9972978723958534,9.301021580088514e-06,15
9.058985052394538,$\hat{T}_{MLG}$,1.3495523315530362,6.873308145268955e-06,15
9.749496652373306,$\hat{T}_{MLG}$,0.7948679307354406,1.1669723578290302e-05,15
10.492641772216333,$\hat{T}_{MLG}$,1.2141459056855142,7.639847064091501e-06,15
11.292432346572342,$\hat{T}_{MLG}$,0.478268800571055,1.9394719082354406e-05,15
12.153186115585632,$\hat{T}_{MLG}$,1.0861657622115877,8.540030772138469e-06,15
13.079549934598068,$\hat{T}_{MLG}$,1.177799588787128,7.875608992598053e-06,15
14.076524860608592,$\hat{T}_{MLG}$,0.7526453189460041,1.2324382812770352e-05,15
15.149493150921694,$\hat{T}_{MLG}$,0.4689694998460089,1.9779301289265145e-05,15
16.304247319739442,$\hat{T}_{MLG}$,2.527785341666188,3.6695714940794764e-06,15
17.54702140956167,$\hat{T}_{MLG}$,1.1557694461309524,8.025726120362594e-06,15
18.88452464621569,$\hat{T}_{MLG}$,0.4857684540717688,1.9095289031592296e-05,15
20.32397765920527,$\hat{T}_{MLG}$,0.8935648405662298,1.0380767697901245e-05,15
21.87315146291753,$\hat{T}_{MLG}$,0.43663947874549686,2.124381665986921e-05,15
23.540409409131357,$\hat{T}_{MLG}$,1.3721300345834158,6.760211349608998e-06,15
25.33475233731158,$\hat{T}_{MLG}$,0.8339478437742907,1.1122864699726626e-05,15
27.265867166436806,$\hat{T}_{MLG}$,0.46070735222052955,2.0134015635352934e-05,15
29.344179190688156,$\hat{T}_{MLG}$,0.9695085840339575,9.567619292585141e-06,15
31.580908361321878,$\hat{T}_{MLG}$,0.3887847592082883,2.385867453194252e-05,15
33.98812985856841,$\hat{T}_{MLG}$,0.8985609129421197,1.0323049778070743e-05,15
36.57883928056072,$\hat{T}_{MLG}$,0.9625053074562969,9.637234164915366e-06,15
39.36702280122011,$\hat{T}_{MLG}$,0.8126492305318831,1.1414382349022932e-05,15
42.36773267585289,$\hat{T}_{MLG}$,0.5366861443260892,1.7283637990277958e-05,15
45.597168502081885,$\hat{T}_{MLG}$,0.36130815593841326,2.5673068488692832e-05,15
49.07276467480673,$\hat{T}_{MLG}$,0.28659923018900235,3.236536618333923e-05,15
52.81328450732654,$\hat{T}_{MLG}$,0.3047554551779821,3.0437155021598958e-05,15
56.8389215267461,$\hat{T}_{MLG}$,0.2647310885301223,3.5038910935746565e-05,15
61.17140849051769,$\hat{T}_{MLG}$,0.31684293718575934,2.9275984862783625e-05,15
65.83413471265413,$\hat{T}_{MLG}$,0.4611825202390642,2.0113271049652597e-05,15
70.8522723330089,$\hat{T}_{MLG}$,0.5052635208227562,1.8358517190842534e-05,15
76.25291221129912,$\hat{T}_{MLG}$,0.27404920920169573,3.3847530740741134e-05,15
82.06521017950769,$\hat{T}_{MLG}$,0.3011614564799546,3.080038575104845e-05,15
88.32054444222037,$\hat{T}_{MLG}$,0.3460291705904458,2.6806667822548916e-05,15
95.0526849746383,$\hat{T}_{MLG}$,0.4535858915009195,2.0450126881672177e-05,15
102.29797583277549,$\hat{T}_{MLG}$,0.2829550409257974,3.2782201025931604e-05,15
110.0955313600591,$\hat{T}_{MLG}$,0.25066591480647066,3.700498745548131e-05,15
118.4874473495718,$\hat{T}_{MLG}$,0.30634991989769295,3.0278738235113367e-05,15
127.51902830191335,$\hat{T}_{MLG}$,0.700059822318955,1.3250137684239213e-05,15
137.239032005553,$\hat{T}_{MLG}$,0.2501539604715489,3.708072027100758e-05,15
147.6999327600634,$\hat{T}_{MLG}$,0.24291360082237046,3.818595995253945e-05,15
158.95820466326612,$\hat{T}_{MLG}$,0.24158769741434585,3.839553558483221e-05,15
171.07462649164432,$\hat{T}_{MLG}$,0.24703695230482564,3.754858917415893e-05,15
184.11460981994108,$\hat{T}_{MLG}$,0.2353290350277844,3.94166789994062e-05,15
198.14855215133173,$\hat{T}_{MLG}$,0.23611728107840035,3.928509167378659e-05,15
213.25221696456873,$\hat{T}_{MLG}$,0.2671668787342677,3.471945728031757e-05,15
229.50714272982336,$\hat{T}_{MLG}$,0.23437516012794748,3.9577099500930055e-05,15
247.00108310132606,$\hat{T}_{MLG}$,0.23001221536570954,4.032781049555098e-05,15
265.8284806632307,$\hat{T}_{MLG}$,0.24101441491855416,3.848686409924812e-05,15
286.0909767862566,$\hat{T}_{MLG}$,0.24057075594576977,3.855784131559695e-05,15
307.8979603476156,$\hat{T}_{MLG}$,0.2299019293013486,4.034715611617001e-05,15
331.36715827654194,$\hat{T}_{MLG}$,0.2334576560685429,3.973264012471196e-05,15
356.62527111352796,$\hat{T}_{MLG}$,0.23519419387146462,3.9439277306307724e-05,15
383.8086570143992,$\hat{T}_{MLG}$,0.22731313681516607,4.080665624034148e-05,15
413.0640678918749,$\hat{T}_{MLG}$,0.22958445582787032,4.040294888206517e-05,15
444.5494416687491,$\hat{T}_{MLG}$,0.23358868907387365,3.971035185696275e-05,15
478.43475491973123,$\hat{T}_{MLG}$,0.22708341077863375,4.084793777372204e-05,15
514.9029405050194,$\hat{T}_{MLG}$,0.23344041190840806,3.973557516069519e-05,15
554.1508751495202,$\hat{T}_{MLG}$,0.23306466282148483,3.979963723644812e-05,15
596.390442299262,$\hat{T}_{MLG}$,0.23465386759709703,3.953009224999003e-05,15
641.8496759929147,$\hat{T}_{MLG}$,0.2285774344214611,4.058094823055412e-05,15
690.7739919237116,$\hat{T}_{MLG}$,0.3454861372744285,2.6848802403791145e-05,15
743.4275123377766,$\hat{T}_{MLG}$,0.22772242516545413,4.0733313928967245e-05,15
800.0944919214219,$\hat{T}_{MLG}$,0.2279220037530568,4.0697646037634e-05,15
861.0808523752157,$\hat{T}_{MLG}$,0.2319449884167627,3.9991763116964257e-05,15
926.7158339593304,$\hat{T}_{MLG}$,0.225121453796627,4.1203931817666564e-05,15
997.35377292621,$\hat{T}_{MLG}$,0.2298114424851897,4.036304255619466e-05,15
1073.3760144361563,$\hat{T}_{MLG}$,0.22326567779042938,4.1546417365758746e-05,15
1155.1929712829099,$\hat{T}_{MLG}$,0.22994862569848024,4.033896269114123e-05,15
1243.246339543401,$\hat{T}_{MLG}$,0.23334064987761985,3.975256363516223e-05,15
1338.011483113092,$\hat{T}_{MLG}$,0.22501415504494743,4.1223580050229726e-05,15
1.0,$\hat{T}_{MLD}$,0.33459849404485836,2.7722447046299647e-05,15
1.0762239473831834,$\hat{T}_{MLD}$,0.33230942720839834,2.7913409230828364e-05,15
1.1582579849210413,$\hat{T}_{MLD}$,0.32519774626602704,2.8523841691516768e-05,15
1.2465449806198148,$\hat{T}_{MLD}$,0.3310974961714477,2.801558193640639e-05,15
1.3415615596333508,$\hat{T}_{MLD}$,0.3240843090342119,2.8621839362025345e-05,15
1.4438206773661448,$\hat{T}_{MLD}$,0.3167718327369212,2.9282556320699802e-05,15
1.5538743887084543,$\hat{T}_{MLD}$,0.3232564656960189,2.869513843430118e-05,15
1.6723168283534438,$\hat{T}_{MLD}$,0.32142495894301276,2.8858645773599577e-05,15
1.7997874182858689,$\hat{T}_{MLD}$,0.311728218983858,2.975633410143892e-05,15
1.9369743197582066,$\hat{T}_{MLD}$,0.31584677264890954,2.936831981893046e-05,15
2.0846181483900335,$\hat{T}_{MLD}$,0.3145437947671702,2.9489976236206913e-05,15
2.2435159724469447,$\hat{T}_{MLD}$,0.31170675958902694,2.975838267081563e-05,15
2.4145256158840724,$\hat{T}_{MLD}$,0.30476104268904075,3.0436596984591418e-05,15
2.5985702893845684,$\hat{T}_{MLD}$,0.297773401692713,3.115083140468818e-05,15
2.796643574394121,$\hat{T}_{MLD}$,0.3063950067695757,3.027428263511528e-05,15
3.009814787058257,$\hat{T}_{MLD}$,0.2995248030338052,3.0968684192351475e-05,15
3.239234751020113,$\hat{T}_{MLD}$,0.30573147971134845,3.0339986715427137e-05,15
3.486142010243649,$\hat{T}_{MLD}$,0.29890682177219363,3.103271105669058e-05,15
3.751869515402767,$\hat{T}_{MLD}$,0.2938185668656901,3.157012550936025e-05,15
4.037851819933397,$\hat{T}_{MLD}$,0.30544248402043617,3.036869302146447e-05,15
4.345632824597091,$\hat{T}_{MLD}$,0.29246082068194135,3.171668947417049e-05,15
4.676874112365815,$\hat{T}_{MLD}$,0.29999197885346174,3.0920456834818315e-05,15
5.03336391862456,$\hat{T}_{MLD}$,0.29148323992864356,3.182306137121631e-05,15
5.417026785118212,$\hat{T}_{MLD}$,0.300175939565746,3.090150745042822e-05,15
5.829933949760359,$\hat{T}_{MLD}$,0.30145155789780176,3.077074504977317e-05,15
6.274314528394325,$\hat{T}_{MLD}$,0.3062606388630581,3.028756508627878e-05,15
6.752567548872198,$\hat{T}_{MLD}$,0.296965766898041,3.1235549908063775e-05,15
7.267274902418825,$\hat{T}_{MLD}$,0.30412743758695426,3.0500007189512745e-05,15
7.821215282199927,$\hat{T}_{MLD}$,0.29522935500891867,3.141926395716976e-05,15
8.417379184342884,$\hat{T}_{MLD}$,0.2993208439688489,3.0989786444326475e-05,15
9.058985052394538,$\hat{T}_{MLD}$,0.29769488296833146,3.1159047614254605e-05,15
9.749496652373306,$\hat{T}_{MLD}$,0.28464552375656127,3.258751063608243e-05,15
10.492641772216333,$\hat{T}_{MLD}$,0.28533160321453926,3.2509154010380346e-05,15
11.292432346572342,$\hat{T}_{MLD}$,0.28704064030603027,3.231559483368154e-05,15
12.153186115585632,$\hat{T}_{MLD}$,0.27808735764431114,3.335602564426737e-05,15
13.079549934598068,$\hat{T}_{MLD}$,0.2686805307746206,3.452386001392546e-05,15
14.076524860608592,$\hat{T}_{MLD}$,0.27075341518471685,3.425954581810862e-05,15
15.149493150921694,$\hat{T}_{MLD}$,0.25889894457544066,3.582822266093591e-05,15
16.304247319739442,$\hat{T}_{MLD}$,0.2728952408617848,3.399065884636742e-05,15
17.54702140956167,$\hat{T}_{MLD}$,0.26455244656495813,3.506257134784272e-05,15
18.88452464621569,$\hat{T}_{MLD}$,0.2571360935879073,3.607385063489362e-05,15
20.32397765920527,$\hat{T}_{MLD}$,0.2588067774527693,3.5840981925687735e-05,15
21.87315146291753,$\hat{T}_{MLD}$,0.258505532625691,3.58827485768416e-05,15
23.540409409131357,$\hat{T}_{MLD}$,0.25249136205840794,3.673745096588466e-05,15
25.33475233731158,$\hat{T}_{MLD}$,0.24913330849059057,3.723263295915541e-05,15
27.265867166436806,$\hat{T}_{MLD}$,0.24702775398971366,3.7549987331854406e-05,15
29.344179190688156,$\hat{T}_{MLD}$,0.2511165808033472,3.693857650998469e-05,15
31.580908361321878,$\hat{T}_{MLD}$,0.2421324242819249,3.830915690221598e-05,15
33.98812985856841,$\hat{T}_{MLD}$,0.24459776316933565,3.792303295312014e-05,15
36.57883928056072,$\hat{T}_{MLD}$,0.24650426756997457,3.7629730001721244e-05,15
39.36702280122011,$\hat{T}_{MLD}$,0.24086564103905359,3.851063602477954e-05,15
42.36773267585289,$\hat{T}_{MLD}$,0.2413243977634646,3.843742745821334e-05,15
45.597168502081885,$\hat{T}_{MLD}$,0.24614976166154529,3.7683924495057994e-05,15
49.07276467480673,$\hat{T}_{MLD}$,0.23575205264351726,3.934595236358916e-05,15
52.81328450732654,$\hat{T}_{MLD}$,0.2401371124568112,3.8627469690252344e-05,15
56.8389215267461,$\hat{T}_{MLD}$,0.2331022995415169,3.979321118313594e-05,15
61.17140849051769,$\hat{T}_{MLD}$,0.2364300297376653,3.92331255180334e-05,15
65.83413471265413,$\hat{T}_{MLD}$,0.2299580499234995,4.0337309504998924e-05,15
70.8522723330089,$\hat{T}_{MLD}$,0.23722551099141356,3.910156624455932e-05,15
76.25291221129912,$\hat{T}_{MLD}$,0.23028414065786354,4.028019040491162e-05,15
82.06521017950769,$\hat{T}_{MLD}$,0.23544152331049323,3.9397846660622514e-05,15
88.32054444222037,$\hat{T}_{MLD}$,0.23719155108408135,3.91071646124613e-05,15
95.0526849746383,$\hat{T}_{MLD}$,0.23077024295967175,4.0195342839549736e-05,15
102.29797583277549,$\hat{T}_{MLD}$,0.23493550011488548,3.9482704948354776e-05,15
110.0955313600591,$\hat{T}_{MLD}$,0.2290470657221333,4.049774225958943e-05,15
118.4874473495718,$\hat{T}_{MLD}$,0.23164735850217893,4.00431461550335e-05,15
127.51902830191335,$\hat{T}_{MLD}$,0.22801056014251167,4.0681839591695035e-05,15
137.239032005553,$\hat{T}_{MLD}$,0.22906603280743904,4.049438897266725e-05,15
147.6999327600634,$\hat{T}_{MLD}$,0.2231188143668835,4.157376445035005e-05,15
158.95820466326612,$\hat{T}_{MLD}$,0.2265642661879983,4.0941535878536356e-05,15
171.07462649164432,$\hat{T}_{MLD}$,0.22930998279579687,4.045130927069354e-05,15
184.11460981994108,$\hat{T}_{MLD}$,0.2216647936361064,4.1846469530735925e-05,15
198.14855215133173,$\hat{T}_{MLD}$,0.22465164695131382,4.129010028998564e-05,15
213.25221696456873,$\hat{T}_{MLD}$,0.21857574774480798,4.2437869382288464e-05,15
229.50714272982336,$\hat{T}_{MLD}$,0.22363360555231393,4.147806413093096e-05,15
247.00108310132606,$\hat{T}_{MLD}$,0.2171082829263702,4.2724712792629865e-05,15
265.8284806632307,$\hat{T}_{MLD}$,0.22176427740601623,4.182769714505222e-05,15
286.0909767862566,$\hat{T}_{MLD}$,0.22558406959499822,4.1119432988258594e-05,15
307.8979603476156,$\hat{T}_{MLD}$,0.21864874319956676,4.2423701582697107e-05,15
331.36715827654194,$\hat{T}_{MLD}$,0.22379574578961245,4.144801323279103e-05,15
356.62527111352796,$\hat{T}_{MLD}$,0.22690836051497357,4.087945024096228e-05,15
383.8086570143992,$\hat{T}_{MLD}$,0.21920582783173298,4.231588696652062e-05,15
413.0640678918749,$\hat{T}_{MLD}$,0.2228356952362628,4.1626585108348014e-05,15
444.5494416687491,$\hat{T}_{MLD}$,0.22599810586453722,4.1044100778836355e-05,15
478.43475491973123,$\hat{T}_{MLD}$,0.22001610022527296,4.216004657583093e-05,15
514.9029405050194,$\hat{T}_{MLD}$,0.22242798703856387,4.170288620793915e-05,15
554.1508751495202,$\hat{T}_{MLD}$,0.22622052523687333,4.100374633653378e-05,15
596.390442299262,$\hat{T}_{MLD}$,0.22986982798942673,4.03527905948442e-05,15
641.8496759929147,$\hat{T}_{MLD}$,0.22374174326623725,4.145801716531959e-05,15
690.7739919237116,$\hat{T}_{MLD}$,0.2280647105296128,4.0672180327196114e-05,15
743.4275123377766,$\hat{T}_{MLD}$,0.22018768656606882,4.212719238569637e-05,15
800.0944919214219,$\hat{T}_{MLD}$,0.22270758056348292,4.1650531200872605e-05,15
861.0808523752157,$\hat{T}_{MLD}$,0.22726697020270611,4.081494563269249e-05,15
926.7158339593304,$\hat{T}_{MLD}$,0.2208096224198302,4.200853627335923e-05,15
997.35377292621,$\hat{T}_{MLD}$,0.22483884054149855,4.125572347993914e-05,15
1073.3760144361563,$\hat{T}_{MLD}$,0.21855248489229478,4.244238649357595e-05,15
1155.1929712829099,$\hat{T}_{MLD}$,0.22459196458760866,4.130107259163256e-05,15
1243.246339543401,$\hat{T}_{MLD}$,0.22885628933371305,4.053150149351719e-05,15
1338.011483113092,$\hat{T}_{MLD}$,0.22136354119991858,4.190341816294365e-05,15
1.0,$\hat{T}_{emp}$,0.00020908893517438822,0.0405215367868903,16
1.0762239473831834,$\hat{T}_{emp}$,0.00020468734008801556,0.04139291162197659,16
1.1582579849210413,$\hat{T}_{emp}$,0.0006290872383070238,0.01346809228113076,16
1.2465449806198148,$\hat{T}_{emp}$,0.0009447684297812759,0.008967917122677558,16
1.3415615596333508,$\hat{T}_{emp}$,0.002153579931919086,0.003934195732800423,16
1.4438206773661448,$\hat{T}_{emp}$,0.0028519453083739217,0.0029708160789490997,16
1.5538743887084543,$\hat{T}_{emp}$,0.0034896591584468836,0.00242791762567767,16
1.6723168283534438,$\hat{T}_{emp}$,0.00463068512861044,0.0018296655339515872,16
1.7997874182858689,$\hat{T}_{emp}$,0.00483937784807743,0.0017507632684161374,16
1.9369743197582066,$\hat{T}_{emp}$,0.004920915421492809,0.001721753830881825,16
2.0846181483900335,$\hat{T}_{emp}$,0.003873322440884077,0.0021874256811077264,16
2.2435159724469447,$\hat{T}_{emp}$,0.004407166271393828,0.0019224609321855956,16
2.4145256158840724,$\hat{T}_{emp}$,0.0052179100287739495,0.001623754516976886,16
2.5985702893845684,$\hat{T}_{emp}$,0.0032963593325116888,0.0025702916835662216,16
2.796643574394121,$\hat{T}_{emp}$,0.004171715947649055,0.00203096401689942,16
3.009814787058257,$\hat{T}_{emp}$,0.010401418759148745,0.0008145624337015054,16
3.239234751020113,$\hat{T}_{emp}$,0.016227329082073038,0.0005221195019555443,16
3.486142010243649,$\hat{T}_{emp}$,0.0231784377582268,0.0003655382242227902,16
3.751869515402767,$\hat{T}_{emp}$,0.04396564767412713,0.00019270965916843858,16
4.037851819933397,$\hat{T}_{emp}$,0.05335968794129805,0.00015878288095915328,16
4.345632824597091,$\hat{T}_{emp}$,0.07980846280875721,0.00010616173623971886,16
4.676874112365815,$\hat{T}_{emp}$,0.08446210953280713,0.00010031249545229189,16
5.03336391862456,$\hat{T}_{emp}$,0.10654041998064218,7.952479425123463e-05,16
5.417026785118212,$\hat{T}_{emp}$,0.11202974238179922,7.562817514589936e-05,16
5.829933949760359,$\hat{T}_{emp}$,0.09990524522883568,8.480640790174693e-05,16
6.274314528394325,$\hat{T}_{emp}$,0.08800458043511433,9.627459089640835e-05,16
6.752567548872198,$\hat{T}_{emp}$,0.07702750856976516,0.00010999453488394876,16
7.267274902418825,$\hat{T}_{emp}$,0.05396409388891933,0.00015700448887070832,16
7.821215282199927,$\hat{T}_{emp}$,0.045659384824042,0.0001855610847814015,16
8.417379184342884,$\hat{T}_{emp}$,0.03791818867195246,0.00022344434887702744,16
9.058985052394538,$\hat{T}_{emp}$,0.04339754285414999,0.00019523236619352704,16
9.749496652373306,$\hat{T}_{emp}$,0.05585517785572013,0.00015168880135493142,16
10.492641772216333,$\hat{T}_{emp}$,0.056863630160712976,0.00014899866495428934,16
11.292432346572342,$\hat{T}_{emp}$,0.06903798495967564,0.00012272381622014975,16
12.153186115585632,$\hat{T}_{emp}$,0.06496682605867643,0.00013041432824113105,16
13.079549934598068,$\hat{T}_{emp}$,0.07171326870694318,0.00011814556958802226,16
14.076524860608592,$\hat{T}_{emp}$,0.06951540132031954,0.00012188097626538667,16
15.149493150921694,$\hat{T}_{emp}$,0.04993859252730339,0.0001696604679791163,16
16.304247319739442,$\hat{T}_{emp}$,0.04237798984383282,0.00019992937394206525,16
17.54702140956167,$\hat{T}_{emp}$,0.0353959141103702,0.000239366751540354,16
18.88452464621569,$\hat{T}_{emp}$,0.0364239272248274,0.00023261096822710451,16
20.32397765920527,$\hat{T}_{emp}$,0.03935947626863077,0.00021526213714264544,16
21.87315146291753,$\hat{T}_{emp}$,0.043485283727502606,0.0001948384430809665,16
23.540409409131357,$\hat{T}_{emp}$,0.04640525134123281,0.000182578581809608,16
25.33475233731158,$\hat{T}_{emp}$,0.04378040770571561,0.00019352503602415244,16
27.265867166436806,$\hat{T}_{emp}$,0.03133226852945198,0.000270411475965634,16
29.344179190688156,$\hat{T}_{emp}$,0.0330118974954799,0.0002566530742306101,16
31.580908361321878,$\hat{T}_{emp}$,0.039409628230188544,0.00021498819854155624,16
33.98812985856841,$\hat{T}_{emp}$,0.042709867452135494,0.0001983758200115197,16
36.57883928056072,$\hat{T}_{emp}$,0.031306784530263886,0.00027063159329602604,16
39.36702280122011,$\hat{T}_{emp}$,0.016503353464378468,0.0005133868699284858,16
42.36773267585289,$\hat{T}_{emp}$,0.020414533986727473,0.00041502808655388197,16
45.597168502081885,$\hat{T}_{emp}$,0.014583635668690866,0.0005809665827424814,16
49.07276467480673,$\hat{T}_{emp}$,0.014987742434175257,0.0005653022805543644,16
52.81328450732654,$\hat{T}_{emp}$,0.016359085233668788,0.0005179143489614656,16
56.8389215267461,$\hat{T}_{emp}$,0.021900699003197858,0.0003868645917266639,16
61.17140849051769,$\hat{T}_{emp}$,0.017737213993812936,0.00047767394481208227,16
65.83413471265413,$\hat{T}_{emp}$,0.01879634271035561,0.000450758166573161,16
70.8522723330089,$\hat{T}_{emp}$,0.02743074958448495,0.00030887252833924987,16
76.25291221129912,$\hat{T}_{emp}$,0.031002883686852476,0.0002732844165071557,16
82.06521017950769,$\hat{T}_{emp}$,0.03982883656084428,0.00021272539471389206,16
88.32054444222037,$\hat{T}_{emp}$,0.04745790320242734,0.00017852885202832442,16
95.0526849746383,$\hat{T}_{emp}$,0.05034537481907644,0.00016828963949217293,16
102.29797583277549,$\hat{T}_{emp}$,0.044759266816073486,0.00018929275613956438,16
110.0955313600591,$\hat{T}_{emp}$,0.02653033504318626,0.00031935537054503574,16
118.4874473495718,$\hat{T}_{emp}$,0.027415679527394477,0.000309042311715624,16
127.51902830191335,$\hat{T}_{emp}$,0.024332282266938794,0.0003482042862010009,16
137.239032005553,$\hat{T}_{emp}$,0.017573371680518295,0.000482127455813921,16
147.6999327600634,$\hat{T}_{emp}$,0.012178815988185845,0.0006956837993627304,16
158.95820466326612,$\hat{T}_{emp}$,0.014819604388407025,0.0005717160024209946,16
171.07462649164432,$\hat{T}_{emp}$,0.01509486515663867,0.0005612905375755855,16
184.11460981994108,$\hat{T}_{emp}$,0.012124665989096102,0.0006987907944037583,16
198.14855215133173,$\hat{T}_{emp}$,0.008354909094889552,0.0010140870334044848,16
213.25221696456873,$\hat{T}_{emp}$,0.006335972706139021,0.001337222455234294,16
229.50714272982336,$\hat{T}_{emp}$,0.009307651691000007,0.0009102838459880533,16
247.00108310132606,$\hat{T}_{emp}$,0.013116838528875454,0.0006459334663416853,16
265.8284806632307,$\hat{T}_{emp}$,0.014301710613570818,0.0005924189914988969,16
286.0909767862566,$\hat{T}_{emp}$,0.016099849469545176,0.0005262536767457148,16
307.8979603476156,$\hat{T}_{emp}$,0.016425735624571346,0.0005158128178884408,16
331.36715827654194,$\hat{T}_{emp}$,0.013392900746506902,0.0006326191120777547,16
356.62527111352796,$\hat{T}_{emp}$,0.015961033340331568,0.0005308306046195307,16
383.8086570143992,$\hat{T}_{emp}$,0.016525423710105867,0.0005127012249143968,16
413.0640678918749,$\hat{T}_{emp}$,0.01413610267286664,0.0005993593265747375,16
444.5494416687491,$\hat{T}_{emp}$,0.013976947433704666,0.0006061842200228541,16
478.43475491973123,$\hat{T}_{emp}$,0.015653559096271058,0.000541257417964392,16
514.9029405050194,$\hat{T}_{emp}$,0.014014438032956354,0.0006045625916983982,16
554.1508751495202,$\hat{T}_{emp}$,0.012833465053605903,0.0006601962091306035,16
596.390442299262,$\hat{T}_{emp}$,0.014672019760636546,0.0005774668461892196,16
641.8496759929147,$\hat{T}_{emp}$,0.015053484361075958,0.0005628334792912429,16
690.7739919237116,$\hat{T}_{emp}$,0.01841736230173873,0.00046003357264687246,16
743.4275123377766,$\hat{T}_{emp}$,0.0171038400575432,0.0004953627343272585,16
800.0944919214219,$\hat{T}_{emp}$,0.016986678698603996,0.0004987793746341356,16
861.0808523752157,$\hat{T}_{emp}$,0.010523817488650456,0.0008050885515202142,16
926.7158339593304,$\hat{T}_{emp}$,0.010375513571474225,0.0008165962022058102,16
997.35377292621,$\hat{T}_{emp}$,0.012138703295116862,0.0006979827064237612,16
1073.3760144361563,$\hat{T}_{emp}$,0.011587821081925796,0.0007311646355686242,16
1155.1929712829099,$\hat{T}_{emp}$,0.00988050957924327,0.0008575068836732605,16
1243.246339543401,$\hat{T}_{emp}$,0.010293810976357733,0.0008230775752401238,16
1338.011483113092,$\hat{T}_{emp}$,0.011340712444602984,0.0007470963592267773,16
1.0,$\hat{T}_{GT}$,8.47263761681649e-06,0.9999961477856988,16
1.0762239473831834,$\hat{T}_{GT}$,7.872590003385214e-06,1.0762157021713914,16
1.1582579849210413,$\hat{T}_{GT}$,7.314967887290975e-06,1.1582559361772453,16
1.2465449806198148,$\hat{T}_{GT}$,6.79689517828256e-06,1.2465404800521807,16
1.3415615596333508,$\hat{T}_{GT}$,6.315483671316968e-06,1.3415607448849445,16
1.4438206773661448,$\hat{T}_{GT}$,5.868200222991608e-06,1.4438166143692623,16
1.5538743887084543,$\hat{T}_{GT}$,5.4525924350732555e-06,1.553867280433709,16
1.6723168283534438,$\hat{T}_{GT}$,5.066395107888884e-06,1.6723142980317507,16
1.7997874182858689,$\hat{T}_{GT}$,4.707566000075321e-06,1.7997846399317894,16
1.9369743197582066,$\hat{T}_{GT}$,4.374147041326941e-06,1.9369730597420531,16
2.0846181483900335,$\hat{T}_{GT}$,4.064346737548874e-06,2.0846166740956638,16
2.2435159724469447,$\hat{T}_{GT}$,3.776492092025559e-06,2.2435119078605905,16
2.4145256158840724,$\hat{T}_{GT}$,3.5090181767141556e-06,2.41452296674463,16
2.5985702893845684,$\hat{T}_{GT}$,3.260493899615914e-06,2.5985648920854496,16
2.796643574394121,$\hat{T}_{GT}$,3.029568589432865e-06,2.7966374512705015,16
3.009814787058257,$\hat{T}_{GT}$,2.8149983110010135e-06,3.0098081925270628,16
3.239234751020113,$\hat{T}_{GT}$,2.615623643145235e-06,3.2392293901321967,16
3.486142010243649,$\hat{T}_{GT}$,2.43036990229913e-06,3.48613804441275,16
3.751869515402767,$\hat{T}_{GT}$,2.2582386190419195e-06,3.751864354350331,16
4.037851819933397,$\hat{T}_{GT}$,2.098296812477312e-06,4.0378486627912675,16
4.345632824597091,$\hat{T}_{GT}$,1.949686392943695e-06,4.345624511236651,16
4.676874112365815,$\hat{T}_{GT}$,1.8115974847780522e-06,4.676869475472205,16
5.03336391862456,$\hat{T}_{GT}$,1.6832891469932248e-06,5.033362802543393,16
5.417026785118212,$\hat{T}_{GT}$,1.5640714029876891e-06,5.4170193011753325,16
5.829933949760359,$\hat{T}_{GT}$,1.4532940362625928e-06,5.829931704797691,16
6.274314528394325,$\hat{T}_{GT}$,1.3503641256864914e-06,6.274311363309828,16
6.752567548872198,$\hat{T}_{GT}$,2.5094480719910464e-06,3.3762822482628065,16
7.267274902418825,$\hat{T}_{GT}$,1.1658585323939623e-06,7.267266776358476,16
7.821215282199927,$\hat{T}_{GT}$,1.0832851271451753e-06,7.821214162451293,16
8.417379184342884,$\hat{T}_{GT}$,1.0065617762191728e-06,8.4173720665465,16
9.058985052394538,$\hat{T}_{GT}$,9.352717151386821e-07,9.05897702374585,16
9.749496652373306,$\hat{T}_{GT}$,8.690301970612875e-07,9.749494329485506,16
10.492641772216333,$\hat{T}_{GT}$,8.074811513712241e-07,10.49263498474601,16
11.292432346572342,$\hat{T}_{GT}$,7.502905500154935e-07,11.292431949497079,16
12.153186115585632,$\hat{T}_{GT}$,6.971512309250709e-07,12.153180834462763,16
13.079549934598068,$\hat{T}_{GT}$,6.477753774101292e-07,13.07954157238118,16
14.076524860608592,$\hat{T}_{GT}$,6.018962138320565e-07,14.076521472794568,16
15.149493150921694,$\hat{T}_{GT}$,5.592666001512257e-07,15.149492167259233,16
16.304247319739442,$\hat{T}_{GT}$,5.196565278213712e-07,16.30424044497542,16
17.54702140956167,$\hat{T}_{GT}$,4.828515279836603e-07,17.54701908841719,16
18.88452464621569,$\hat{T}_{GT}$,4.486534116502729e-07,18.88452145551748,16
20.32397765920527,$\hat{T}_{GT}$,4.168773634341023e-07,20.323974678322866,16
21.87315146291753,$\hat{T}_{GT}$,3.8735187664237196e-07,21.87314813559854,16
23.540409409131357,$\hat{T}_{GT}$,3.5991756448103124e-07,23.540404288458188,16
25.33475233731158,$\hat{T}_{GT}$,3.344262382800325e-07,25.334749515993842,16
27.265867166436806,$\hat{T}_{GT}$,3.107404323020894e-07,27.265859533090843,16
29.344179190688156,$\hat{T}_{GT}$,2.8873211376738237e-07,29.344172589082582,16
31.580908361321878,$\hat{T}_{GT}$,2.682825143651872e-07,31.580906412960445,16
33.98812985856841,$\hat{T}_{GT}$,2.492813219488215e-07,33.988125994213696,16
36.57883928056072,$\hat{T}_{GT}$,2.3162587233198845e-07,36.57883678148417,16
39.36702280122011,$\hat{T}_{GT}$,2.152208951940959e-07,39.367018572986225,16
42.36773267585289,$\hat{T}_{GT}$,1.999778024639265e-07,42.367727187766484,16
45.597168502081885,$\hat{T}_{GT}$,1.8581430424528083e-07,45.597162246543654,16
49.07276467480673,$\hat{T}_{GT}$,1.7265393090700462e-07,49.07276037036327,16
52.81328450732654,$\hat{T}_{GT}$,1.6042565417972197e-07,52.81327990664752,16
56.8389215267461,$\hat{T}_{GT}$,1.4906344184804086e-07,56.83891954566491,16
61.17140849051769,$\hat{T}_{GT}$,1.3850597757172705e-07,61.17140304658007,16
65.83413471265413,$\hat{T}_{GT}$,1.2869623634291627e-07,65.83413174434332,16
70.8522723330089,$\hat{T}_{GT}$,1.1958127897678605e-07,70.85226927574053,16
76.25291221129912,$\hat{T}_{GT}$,1.1111188889433337e-07,76.25291103149262,16
82.06521017950769,$\hat{T}_{GT}$,1.0324235720059174e-07,82.06520277272527,16
88.32054444222037,$\hat{T}_{GT}$,9.593017204404845e-08,88.32054397348845,16
95.0526849746383,$\hat{T}_{GT}$,8.913588641093105e-08,95.05268101941115,16
102.29797583277549,$\hat{T}_{GT}$,8.282280665123457e-08,102.29796985845566,16
110.0955313600591,$\hat{T}_{GT}$,7.695684914033427e-08,110.09552850780726,16
118.4874473495718,$\hat{T}_{GT}$,7.150635502004287e-08,118.48744039639367,16
127.51902830191335,$\hat{T}_{GT}$,6.644188932561882e-08,127.51902548824432,16
137.239032005553,$\hat{T}_{GT}$,6.173611969843387e-08,137.23902667980005,16
147.6999327600634,$\hat{T}_{GT}$,5.736363502341326e-08,147.69993175890193,16
158.95820466326612,$\hat{T}_{GT}$,5.3300835458615314e-08,158.9582021651261,16
171.07462649164432,$\hat{T}_{GT}$,4.9525785649824365e-08,171.0746203665876,16
184.11460981994108,$\hat{T}_{GT}$,4.6018104074360105e-08,184.1146033463246,16
198.14855215133173,$\hat{T}_{GT}$,4.2758854300443975e-08,198.1485499791027,16
213.25221696456873,$\hat{T}_{GT}$,3.973044324553859e-08,213.25221382603377,16
229.50714272982336,$\hat{T}_{GT}$,3.691652100330392e-08,229.50713523742994,16
247.00108310132606,$\hat{T}_{GT}$,3.430189419518992e-08,247.0010819282624,16
265.8284806632307,$\hat{T}_{GT}$,3.1872451040568594e-08,265.82847260841055,16
286.0909767862566,$\hat{T}_{GT}$,2.961507305342568e-08,286.09097006501014,16
307.8979603476156,$\hat{T}_{GT}$,2.7517574649401333e-08,307.89795562833234,16
331.36715827654194,$\hat{T}_{GT}$,2.556863232005014e-08,331.36715614455204,16
356.62527111352796,$\hat{T}_{GT}$,2.3757724616278893e-08,356.62527094851623,16
383.8086570143992,$\hat{T}_{GT}$,2.207507565459553e-08,383.8086496721424,16
413.0640678918749,$\hat{T}_{GT}$,2.051160033556978e-08,413.0640632514712,16
444.5494416687491,$\hat{T}_{GT}$,1.9058858691884943e-08,444.5494410433002,16
478.43475491973123,$\hat{T}_{GT}$,1.7709008267910945e-08,478.434751976101,16
514.9029405050194,$\hat{T}_{GT}$,1.6454761426280948e-08,514.9029365365673,16
554.1508751495202,$\hat{T}_{GT}$,1.528934699306018e-08,554.1508726465821,16
596.390442299262,$\hat{T}_{GT}$,1.4206473620105684e-08,596.3904347388403,16
641.8496759929147,$\hat{T}_{GT}$,1.320029495267054e-08,641.8496714489405,16
690.7739919237116,$\hat{T}_{GT}$,1.2265379240129338e-08,690.7739917800823,16
743.4275123377766,$\hat{T}_{GT}$,1.1396679351816597e-08,743.427512247257,16
800.0944919214219,$\hat{T}_{GT}$,1.0589505486613404e-08,800.0944887474902,16
861.0808523752157,$\hat{T}_{GT}$,9.839499946379645e-09,861.0808501013421,16
926.7158339593304,$\hat{T}_{GT}$,9.142613813496584e-09,926.715833265668,16
997.35377292621,$\hat{T}_{GT}$,8.495084918015678e-09,997.3537710532698,16
1073.3760144361563,$\hat{T}_{GT}$,7.893417519683303e-09,1073.3760069416205,16
1155.1929712829099,$\hat{T}_{GT}$,7.334363341983628e-09,1155.1929708610837,16
1243.246339543401,$\hat{T}_{GT}$,6.814904468669158e-09,1243.2463312365785,16
1338.011483113092,$\hat{T}_{GT}$,6.332236397911377e-09,1338.0114774608376,16
1.0,$\hat{T}_{Reset}$,8.47263761681649e-06,0.9999961477856988,16
1.0762239473831834,$\hat{T}_{Reset}$,0.0003542665501523346,0.02391590449269759,16
1.1582579849210413,$\hat{T}_{Reset}$,1.462993577458195e-05,0.5791279680886227,16
1.2465449806198148,$\hat{T}_{Reset}$,6.79689517828256e-06,1.2465404800521807,16
1.3415615596333508,$\hat{T}_{Reset}$,8.841677139843755e-05,0.09582576749178175,16
1.4438206773661448,$\hat{T}_{Reset}$,1.7604600668974825e-05,0.48127220478975413,16
1.5538743887084543,$\hat{T}_{Reset}$,5.4525924350732555e-06,1.553867280433709,16
1.6723168283534438,$\hat{T}_{Reset}$,5.066395107888884e-05,0.16723142980317504,16
1.7997874182858689,$\hat{T}_{Reset}$,1.4122698000225964e-05,0.5999282133105964,16
1.9369743197582066,$\hat{T}_{Reset}$,4.374147041326941e-06,1.9369730597420531,16
2.0846181483900335,$\hat{T}_{Reset}$,0.00016663821623950383,0.05084430912428448,16
2.2435159724469447,$\hat{T}_{Reset}$,7.552984184051118e-06,1.1217559539302953,16
2.4145256158840724,$\hat{T}_{Reset}$,0.00012281563618499544,0.06898637047841799,16
2.5985702893845684,$\hat{T}_{Reset}$,5.2167902393854624e-05,0.1624103057553406,16
2.796643574394121,$\hat{T}_{Reset}$,3.029568589432865e-06,2.7966374512705015,16
3.009814787058257,$\hat{T}_{Reset}$,5.066996959801824e-05,0.1672115662515035,16
3.239234751020113,$\hat{T}_{Reset}$,5.23124728629047e-06,1.6196146950660983,16
3.486142010243649,$\hat{T}_{Reset}$,2.43036990229913e-06,3.48613804441275,16
3.751869515402767,$\hat{T}_{Reset}$,2.2582386190419195e-06,3.751864354350331,16
4.037851819933397,$\hat{T}_{Reset}$,6.294890437431936e-06,1.3459495542637558,16
4.345632824597091,$\hat{T}_{Reset}$,1.3647804750605865e-05,0.6208035016052359,16
4.676874112365815,$\hat{T}_{Reset}$,5.6159522028119614e-05,0.15086675727329696,16
5.03336391862456,$\hat{T}_{Reset}$,4.544880696881707e-05,0.18642084453864416,16
5.417026785118212,$\hat{T}_{Reset}$,0.00010635685540316286,0.07966204854669608,16
5.829933949760359,$\hat{T}_{Reset}$,6.249164355929149e-05,0.1355798070883184,16
6.274314528394325,$\hat{T}_{Reset}$,5.401456502745966e-06,1.568577840827457,16
6.752567548872198,$\hat{T}_{Reset}$,0.00014805743624747174,0.05722512285191197,16
7.267274902418825,$\hat{T}_{Reset}$,0.00014689817508163925,0.0576767204472895,16
7.821215282199927,$\hat{T}_{Reset}$,0.00013432735576600176,0.06307430776170396,16
8.417379184342884,$\hat{T}_{Reset}$,2.8183729734136837e-05,0.3006204309480893,16
9.058985052394538,$\hat{T}_{Reset}$,9.352717151386821e-05,0.0905897702374585,16
9.749496652373306,$\hat{T}_{Reset}$,1.042836236473545e-05,0.812457860790459,16
10.492641772216333,$\hat{T}_{Reset}$,6.944337901792527e-05,0.12200738354355826,16
11.292432346572342,$\hat{T}_{Reset}$,5.70220818011775e-05,0.14858463091443527,16
12.153186115585632,$\hat{T}_{Reset}$,8.714390386563386e-05,0.0972254466757021,16
13.079549934598068,$\hat{T}_{Reset}$,9.781408198892952e-05,0.08661948061179589,16
14.076524860608592,$\hat{T}_{Reset}$,1.6251197773465527e-05,0.5213526471405395,16
15.149493150921694,$\hat{T}_{Reset}$,7.270465801965934e-05,0.11653455513276333,16
16.304247319739442,$\hat{T}_{Reset}$,0.00010133302292516738,0.08361148946141242,16
17.54702140956167,$\hat{T}_{Reset}$,8.01533536452876e-05,0.10570493426757345,16
18.88452464621569,$\hat{T}_{Reset}$,2.018940352426228e-05,0.4196560323448329,16
20.32397765920527,$\hat{T}_{Reset}$,1.417383035675948e-05,0.5977639611271431,16
21.87315146291753,$\hat{T}_{Reset}$,1.93675938321186e-06,4.374629627119708,16
23.540409409131357,$\hat{T}_{Reset}$,5.5787222494559844e-05,0.15187357605456894,16
25.33475233731158,$\hat{T}_{Reset}$,7.691803480440747e-06,1.1015108485214715,16
27.265867166436806,$\hat{T}_{Reset}$,6.214808646041788e-07,13.632929766545422,16
29.344179190688156,$\hat{T}_{Reset}$,8.661963413021472e-07,9.781390863027527,16
31.580908361321878,$\hat{T}_{Reset}$,1.0194735545877115e-05,0.8310764845515907,16
33.98812985856841,$\hat{T}_{Reset}$,2.8418070702165657e-05,0.29814145608959386,16
36.57883928056072,$\hat{T}_{Reset}$,1.8530069786559073e-05,0.4572354597685521,16
39.36702280122011,$\hat{T}_{Reset}$,2.2813414890574163e-05,0.3713869676696814,16
42.36773267585289,$\hat{T}_{Reset}$,2.519720311045474e-05,0.3362518030775118,16
45.597168502081885,$\hat{T}_{Reset}$,5.593010557782953e-05,0.151485588858949,16
49.07276467480673,$\hat{T}_{Reset}$,4.316348272675115e-06,1.9629104148145309,16
52.81328450732654,$\hat{T}_{Reset}$,3.6897900461336054e-06,2.296229561158588,16
56.8389215267461,$\hat{T}_{Reset}$,1.1626948464147187e-05,0.7287040967392937,16
61.17140849051769,$\hat{T}_{Reset}$,1.2465537981455435e-06,6.796822560731118,16
65.83413471265413,$\hat{T}_{Reset}$,7.721774180574976e-07,10.972355290723888,16
70.8522723330089,$\hat{T}_{Reset}$,1.1958127897678605e-07,70.85226927574053,16
76.25291221129912,$\hat{T}_{Reset}$,6.666713333660003e-07,12.708818505248766,16
82.06521017950769,$\hat{T}_{Reset}$,1.0324235720059174e-07,82.06520277272527,16
88.32054444222037,$\hat{T}_{Reset}$,9.593017204404845e-08,88.32054397348845,16
95.0526849746383,$\hat{T}_{Reset}$,8.913588641093105e-08,95.05268101941115,16
102.29797583277549,$\hat{T}_{Reset}$,8.282280665123457e-08,102.29796985845566,16
110.0955313600591,$\hat{T}_{Reset}$,8.234382858015767e-06,1.0289301729701614,16
118.4874473495718,$\hat{T}_{Reset}$,7.150635502004287e-08,118.48744039639367,16
127.51902830191335,$\hat{T}_{Reset}$,1.1760214410634529e-05,0.7204464716849963,16
137.239032005553,$\hat{T}_{Reset}$,1.2347223939686773e-07,68.61951333990002,16
147.6999327600634,$\hat{T}_{Reset}$,5.736363502341326e-08,147.69993175890193,16
158.95820466326612,$\hat{T}_{Reset}$,5.3300835458615314e-08,158.9582021651261,16
171.07462649164432,$\hat{T}_{Reset}$,4.9525785649824365e-08,171.0746203665876,16
184.11460981994108,$\hat{T}_{Reset}$,4.6018104074360105e-08,184.1146033463246,16
198.14855215133173,$\hat{T}_{Reset}$,4.2758854300443975e-08,198.1485499791027,16
213.25221696456873,$\hat{T}_{Reset}$,3.973044324553859e-08,213.25221382603377,16
229.50714272982336,$\hat{T}_{Reset}$,3.691652100330392e-08,229.50713523742994,16
247.00108310132606,$\hat{T}_{Reset}$,2.4011325936632943e-07,35.28586884689463,16
265.8284806632307,$\hat{T}_{Reset}$,3.1872451040568594e-08,265.82847260841055,16
286.0909767862566,$\hat{T}_{Reset}$,2.961507305342568e-08,286.09097006501014,16
307.8979603476156,$\hat{T}_{Reset}$,2.751757464940133e-07,30.789795562833234,16
331.36715827654194,$\hat{T}_{Reset}$,2.556863232005014e-08,331.36715614455204,16
356.62527111352796,$\hat{T}_{Reset}$,2.3757724616278893e-08,356.62527094851623,16
383.8086570143992,$\hat{T}_{Reset}$,2.207507565459553e-08,383.8086496721424,16
413.0640678918749,$\hat{T}_{Reset}$,2.051160033556978e-08,413.0640632514712,16
444.5494416687491,$\hat{T}_{Reset}$,1.9058858691884943e-08,444.5494410433002,16
478.43475491973123,$\hat{T}_{Reset}$,1.7709008267910945e-08,478.434751976101,16
514.9029405050194,$\hat{T}_{Reset}$,1.6454761426280948e-08,514.9029365365673,16
554.1508751495202,$\hat{T}_{Reset}$,1.0702542895142126e-07,79.16441037808316,16
596.390442299262,$\hat{T}_{Reset}$,1.4206473620105684e-08,596.3904347388403,16
641.8496759929147,$\hat{T}_{Reset}$,3.960088485801162e-08,213.94989048298018,16
690.7739919237116,$\hat{T}_{Reset}$,1.2265379240129338e-08,690.7739917800823,16
743.4275123377766,$\hat{T}_{Reset}$,1.1396679351816597e-08,743.427512247257,16
800.0944919214219,$\hat{T}_{Reset}$,1.0589505486613404e-08,800.0944887474902,16
861.0808523752157,$\hat{T}_{Reset}$,9.839499946379645e-09,861.0808501013421,16
926.7158339593304,$\hat{T}_{Reset}$,9.142613813496584e-09,926.715833265668,16
997.35377292621,$\hat{T}_{Reset}$,8.495084918015678e-09,997.3537710532698,16
1073.3760144361563,$\hat{T}_{Reset}$,7.893417519683303e-09,1073.3760069416205,16
1155.1929712829099,$\hat{T}_{Reset}$,7.334363341983628e-09,1155.1929708610837,16
1243.246339543401,$\hat{T}_{Reset}$,6.814904468669158e-09,1243.2463312365785,16
1338.011483113092,$\hat{T}_{Reset}$,6.332236397911377e-09,1338.0114774608376,16
1.0,$\hat{T}_{MLG}$,1.655058377286553,5.119218206847436e-06,16
1.0762239473831834,$\hat{T}_{MLG}$,1.6170583680908182,5.239517104384974e-06,16
1.1582579849210413,$\hat{T}_{MLG}$,1.5934383935525873,5.31718390411752e-06,16
1.2465449806198148,$\hat{T}_{MLG}$,0.9138780848388457,9.271045141535222e-06,16
1.3415615596333508,$\hat{T}_{MLG}$,0.7690989480804088,1.1016274303257648e-05,16
1.4438206773661448,$\hat{T}_{MLG}$,1.3077919351798604,6.478557292246536e-06,16
1.5538743887084543,$\hat{T}_{MLG}$,0.42219147534065077,2.0068157396035677e-05,16
1.6723168283534438,$\hat{T}_{MLG}$,2.442539862964145,3.468768353331504e-06,16
1.7997874182858689,$\hat{T}_{MLG}$,0.4463126744765186,1.8983563458820066e-05,16
1.9369743197582066,$\hat{T}_{MLG}$,0.37363351550197715,2.267624457355689e-05,16
2.0846181483900335,$\hat{T}_{MLG}$,0.3862743856983767,2.1934162067418442e-05,16
2.2435159724469447,$\hat{T}_{MLG}$,0.3765459180501216,2.2500854669397627e-05,16
2.4145256158840724,$\hat{T}_{MLG}$,0.5252060017088919,1.613196526854779e-05,16
2.5985702893845684,$\hat{T}_{MLG}$,1.3981393850904136,6.059914389617739e-06,16
2.796643574394121,$\hat{T}_{MLG}$,0.369028718883301,2.295920221070927e-05,16
3.009814787058257,$\hat{T}_{MLG}$,0.3663086179990992,2.3129690545313705e-05,16
3.239234751020113,$\hat{T}_{MLG}$,0.35101609419122304,2.4137368965723476e-05,16
3.486142010243649,$\hat{T}_{MLG}$,0.42594540118115976,1.9891293473074015e-05,16
3.751869515402767,$\hat{T}_{MLG}$,0.37637975708804644,2.251078815702275e-05,16
4.037851819933397,$\hat{T}_{MLG}$,0.3770235426384404,2.2472349920402154e-05,16
4.345632824597091,$\hat{T}_{MLG}$,0.8088163409280117,1.0475313800756647e-05,16
4.676874112365815,$\hat{T}_{MLG}$,0.371961881735293,2.27781538766121e-05,16
5.03336391862456,$\hat{T}_{MLG}$,0.3607287548036864,2.348746770412468e-05,16
5.417026785118212,$\hat{T}_{MLG}$,1.342594960325765,6.310618785836137e-06,16
5.829933949760359,$\hat{T}_{MLG}$,0.6044447295434331,1.40171707424771e-05,16
6.274314528394325,$\hat{T}_{MLG}$,0.44802470555175206,1.8911021810653275e-05,16
6.752567548872198,$\hat{T}_{MLG}$,0.7677848825126602,1.1035128681712469e-05,16
7.267274902418825,$\hat{T}_{MLG}$,1.0163706167962907,8.336137269598814e-06,16
7.821215282199927,$\hat{T}_{MLG}$,0.6107433425488399,1.3872611272423584e-05,16
8.417379184342884,$\hat{T}_{MLG}$,0.9891265670284585,8.565744021873923e-06,16
9.058985052394538,$\hat{T}_{MLG}$,1.3744928133048013,6.1641682636589e-06,16
9.749496652373306,$\hat{T}_{MLG}$,1.0471856000279827,8.0908341159144e-06,16
10.492641772216333,$\hat{T}_{MLG}$,0.8586936233221552,9.866854426636446e-06,16
11.292432346572342,$\hat{T}_{MLG}$,1.3898537030199944,6.096040871057641e-06,16
12.153186115585632,$\hat{T}_{MLG}$,1.0409474581155025,8.139320493408211e-06,16
13.079549934598068,$\hat{T}_{MLG}$,1.1666437544736987,7.262375464584638e-06,16
14.076524860608592,$\hat{T}_{MLG}$,1.3165082204119858,6.43566431795564e-06,16
15.149493150921694,$\hat{T}_{MLG}$,4.031021206822941,2.1018507578327525e-06,16
16.304247319739442,$\hat{T}_{MLG}$,2.2900175048229325,3.699799220118105e-06,16
17.54702140956167,$\hat{T}_{MLG}$,0.41499760276094505,2.041603354340639e-05,16
18.88452464621569,$\hat{T}_{MLG}$,0.33358983646448553,2.5398270727299875e-05,16
20.32397765920527,$\hat{T}_{MLG}$,0.897918308074039,9.435830522905515e-06,16
21.87315146291753,$\hat{T}_{MLG}$,0.3134528225324136,2.702992083449674e-05,16
23.540409409131357,$\hat{T}_{MLG}$,0.31254363578429994,2.710855064170307e-05,16
25.33475233731158,$\hat{T}_{MLG}$,0.5999917802334697,1.412120175230371e-05,16
27.265867166436806,$\hat{T}_{MLG}$,0.90722663218059,9.33901704145978e-06,16
29.344179190688156,$\hat{T}_{MLG}$,0.30267732548828935,2.7992202470840524e-05,16
31.580908361321878,$\hat{T}_{MLG}$,0.952034124805294,8.899476140241796e-06,16
33.98812985856841,$\hat{T}_{MLG}$,0.2931863861606987,2.8898357421537185e-05,16
36.57883928056072,$\hat{T}_{MLG}$,0.8968376102246145,9.44720078842224e-06,16
39.36702280122011,$\hat{T}_{MLG}$,0.3933282657732704,2.1540798655148346e-05,16
42.36773267585289,$\hat{T}_{MLG}$,0.3193830020683704,2.6528039762701467e-05,16
45.597168502081885,$\hat{T}_{MLG}$,0.34257014479672565,2.4732467516771407e-05,16
49.07276467480673,$\hat{T}_{MLG}$,0.31694633765445834,2.673198573961031e-05,16
52.81328450732654,$\hat{T}_{MLG}$,0.5073408119156797,1.6700026450481666e-05,16
56.8389215267461,$\hat{T}_{MLG}$,0.2661819152602655,3.183013004514754e-05,16
61.17140849051769,$\hat{T}_{MLG}$,0.2608559181741311,3.248001823268933e-05,16
65.83413471265413,$\hat{T}_{MLG}$,0.2517623736527917,3.365318198852605e-05,16
70.8522723330089,$\hat{T}_{MLG}$,0.25209393923704515,3.360891977031571e-05,16
76.25291221129912,$\hat{T}_{MLG}$,0.41380641338278257,2.0474803445260518e-05,16
82.06521017950769,$\hat{T}_{MLG}$,0.29289450088680025,2.8927156203848433e-05,16
88.32054444222037,$\hat{T}_{MLG}$,0.25594614608486427,3.310307698710738e-05,16
95.0526849746383,$\hat{T}_{MLG}$,0.24799115538800584,3.4164948202061865e-05,16
102.29797583277549,$\hat{T}_{MLG}$,0.26629124687739386,3.181706149846398e-05,16
110.0955313600591,$\hat{T}_{MLG}$,0.25331039072200534,3.344752244174195e-05,16
118.4874473495718,$\hat{T}_{MLG}$,0.24784439417349058,3.418517899771374e-05,16
127.51902830191335,$\hat{T}_{MLG}$,0.2688509119493479,3.15141388845166e-05,16
137.239032005553,$\hat{T}_{MLG}$,0.24320974513378926,3.483661797244156e-05,16
147.6999327600634,$\hat{T}_{MLG}$,0.23360816822620226,3.626844490384724e-05,16
158.95820466326612,$\hat{T}_{MLG}$,0.23691579764892146,3.5762093800751936e-05,16
171.07462649164432,$\hat{T}_{MLG}$,0.24017436186966182,3.527689180662264e-05,16
184.11460981994108,$\hat{T}_{MLG}$,0.23220630586728985,3.648740264290214e-05,16
198.14855215133173,$\hat{T}_{MLG}$,0.23481152431061075,3.608257730652546e-05,16
213.25221696456873,$\hat{T}_{MLG}$,0.2276689369958207,3.721458487134864e-05,16
229.50714272982336,$\hat{T}_{MLG}$,0.23282985611601356,3.638968438042154e-05,16
247.00108310132606,$\hat{T}_{MLG}$,0.2349976457141893,3.605399940348898e-05,16
265.8284806632307,$\hat{T}_{MLG}$,0.22704651482735108,3.7316604418453045e-05,16
286.0909767862566,$\hat{T}_{MLG}$,0.22889484700423843,3.70152718127543e-05,16
307.8979603476156,$\hat{T}_{MLG}$,0.22197794664496376,3.816867894517449e-05,16
331.36715827654194,$\hat{T}_{MLG}$,0.2262759249305211,3.744368730788413e-05,16
356.62527111352796,$\hat{T}_{MLG}$,0.22986915527001092,3.6858381318922623e-05,16
383.8086570143992,$\hat{T}_{MLG}$,0.22020306554076716,3.847632619279827e-05,16
413.0640678918749,$\hat{T}_{MLG}$,0.22231521881190658,3.811077362890339e-05,16
444.5494416687491,$\hat{T}_{MLG}$,0.2257539603406687,3.753026066792055e-05,16
478.43475491973123,$\hat{T}_{MLG}$,0.22742629501440417,3.7254289253861687e-05,16
514.9029405050194,$\hat{T}_{MLG}$,0.22331526422180506,3.7940106816815646e-05,16
554.1508751495202,$\hat{T}_{MLG}$,0.22579611524502777,3.752325397275527e-05,16
596.390442299262,$\hat{T}_{MLG}$,0.22745646713206602,3.7249347469559183e-05,16
641.8496759929147,$\hat{T}_{MLG}$,0.22163002075544416,3.822859804606399e-05,16
690.7739919237116,$\hat{T}_{MLG}$,0.22326335575672387,3.794892784659549e-05,16
743.4275123377766,$\hat{T}_{MLG}$,0.226051951962005,3.748078662830913e-05,16
800.0944919214219,$\hat{T}_{MLG}$,0.2200231109251441,3.850779558008899e-05,16
861.0808523752157,$\hat{T}_{MLG}$,0.22478574612703753,3.7691913852991404e-05,16
926.7158339593304,$\hat{T}_{MLG}$,0.21984970598686054,3.8538168338087586e-05,16
997.35377292621,$\hat{T}_{MLG}$,0.22251356376888587,3.807680230765969e-05,16
1073.3760144361563,$\hat{T}_{MLG}$,0.21871604065429703,3.873792225323111e-05,16
1155.1929712829099,$\hat{T}_{MLG}$,0.22104265602606768,3.8330180838043833e-05,16
1243.246339543401,$\hat{T}_{MLG}$,0.2244220001769422,3.7753005372559706e-05,16
1338.011483113092,$\hat{T}_{MLG}$,0.21800226599106728,3.8864756473438956e-05,16
1.0,$\hat{T}_{MLD}$,0.34883521363755754,2.4288273222335275e-05,16
1.0762239473831834,$\hat{T}_{MLD}$,0.34304413179502924,2.4698294455779007e-05,16
1.1582579849210413,$\hat{T}_{MLD}$,0.33775004027621314,2.508542995723041e-05,16
1.2465449806198148,$\hat{T}_{MLD}$,0.3321091909383793,2.5511504076298602e-05,16
1.3415615596333508,$\hat{T}_{MLD}$,0.3450378707788886,2.4555579824541097e-05,16
1.4438206773661448,$\hat{T}_{MLD}$,0.3412726345343583,2.482649975718372e-05,16
1.5538743887084543,$\hat{T}_{MLD}$,0.3333691582833058,2.541508345292234e-05,16
1.6723168283534438,$\hat{T}_{MLD}$,0.34458169733862265,2.4588087654796743e-05,16
1.7997874182858689,$\hat{T}_{MLD}$,0.33648336608387,2.5179862758175276e-05,16
1.9369743197582066,$\hat{T}_{MLD}$,0.3248221812996466,2.608382513934529e-05,16
2.0846181483900335,$\hat{T}_{MLD}$,0.33594329887173735,2.5220342262685e-05,16
2.2435159724469447,$\hat{T}_{MLD}$,0.32854619049003764,2.57881698940521e-05,16
2.4145256158840724,$\hat{T}_{MLD}$,0.3259029714436101,2.5997323500521325e-05,16
2.5985702893845684,$\hat{T}_{MLD}$,0.33719962145013727,2.5126377491065966e-05,16
2.796643574394121,$\hat{T}_{MLD}$,0.32043545905235093,2.6440909515624138e-05,16
3.009814787058257,$\hat{T}_{MLD}$,0.3230627042900574,2.622588391012069e-05,16
3.239234751020113,$\hat{T}_{MLD}$,0.31691369174613804,2.673473945451252e-05,16
3.486142010243649,$\hat{T}_{MLD}$,0.3088510576167793,2.7432656516635463e-05,16
3.751869515402767,$\hat{T}_{MLD}$,0.31433778617415986,2.6953822769835316e-05,16
4.037851819933397,$\hat{T}_{MLD}$,0.3098586623252906,2.7343450445500624e-05,16
4.345632824597091,$\hat{T}_{MLD}$,0.3241813202827825,2.6135389204442946e-05,16
4.676874112365815,$\hat{T}_{MLD}$,0.3132203889083132,2.7049979115123378e-05,16
5.03336391862456,$\hat{T}_{MLD}$,0.3167247084543197,2.675069153824061e-05,16
5.417026785118212,$\hat{T}_{MLD}$,0.31607998404959986,2.6805256283077888e-05,16
5.829933949760359,$\hat{T}_{MLD}$,0.31471362348639426,2.6921633974853916e-05,16
6.274314528394325,$\hat{T}_{MLD}$,0.30639344361081966,2.7652696737083513e-05,16
6.752567548872198,$\hat{T}_{MLD}$,0.3099034482476524,2.733949888685976e-05,16
7.267274902418825,$\hat{T}_{MLD}$,0.2926105263396589,2.8955229616605772e-05,16
7.821215282199927,$\hat{T}_{MLD}$,0.2831527669138723,2.9922381019775944e-05,16
8.417379184342884,$\hat{T}_{MLD}$,0.2769597675043609,3.059146479918708e-05,16
9.058985052394538,$\hat{T}_{MLD}$,0.266360125106621,3.1808833904884244e-05,16
9.749496652373306,$\hat{T}_{MLD}$,0.27282290597962294,3.105532853987528e-05,16
10.492641772216333,$\hat{T}_{MLD}$,0.26690215978517773,3.174423536032853e-05,16
11.292432346572342,$\hat{T}_{MLD}$,0.2728926086649555,3.10473963360545e-05,16
12.153186115585632,$\hat{T}_{MLD}$,0.26308921971069615,3.2204303117085236e-05,16
13.079549934598068,$\hat{T}_{MLD}$,0.2624736046302984,3.227983625376198e-05,16
14.076524860608592,$\hat{T}_{MLD}$,0.2727462781133683,3.106405351159005e-05,16
15.149493150921694,$\hat{T}_{MLD}$,0.2740608785552578,3.091504713501966e-05,16
16.304247319739442,$\hat{T}_{MLD}$,0.25875529077173154,3.274369754191827e-05,16
17.54702140956167,$\hat{T}_{MLD}$,0.2652370602217254,3.1943518644483564e-05,16
18.88452464621569,$\hat{T}_{MLD}$,0.25620126138547766,3.3070114224195424e-05,16
20.32397765920527,$\hat{T}_{MLD}$,0.2546525481649684,3.327123580523526e-05,16
21.87315146291753,$\hat{T}_{MLD}$,0.24942122899971803,3.396906114358964e-05,16
23.540409409131357,$\hat{T}_{MLD}$,0.25516123849037614,3.320490615474205e-05,16
25.33475233731158,$\hat{T}_{MLD}$,0.2470774564490087,3.429129108000694e-05,16
27.265867166436806,$\hat{T}_{MLD}$,0.25005274180701775,3.388327165370402e-05,16
29.344179190688156,$\hat{T}_{MLD}$,0.24466728450623054,3.4629088214631885e-05,16
31.580908361321878,$\hat{T}_{MLD}$,0.24567749864007593,3.448669505876598e-05,16
33.98812985856841,$\hat{T}_{MLD}$,0.24820133222918325,3.413601733038762e-05,16
36.57883928056072,$\hat{T}_{MLD}$,0.2404974245783309,3.522950398847674e-05,16
39.36702280122011,$\hat{T}_{MLD}$,0.24257463875969057,3.492782684010995e-05,16
42.36773267585289,$\hat{T}_{MLD}$,0.24392642105166323,3.473426511925992e-05,16
45.597168502081885,$\hat{T}_{MLD}$,0.23855691229992212,3.551607411714249e-05,16
49.07276467480673,$\hat{T}_{MLD}$,0.24070475459522753,3.5199159205011736e-05,16
52.81328450732654,$\hat{T}_{MLD}$,0.2336509501137177,3.6261804089720525e-05,16
56.8389215267461,$\hat{T}_{MLD}$,0.23612886954459478,3.588127531691154e-05,16
61.17140849051769,$\hat{T}_{MLD}$,0.23896743355057995,3.5455061187688487e-05,16
65.83413471265413,$\hat{T}_{MLD}$,0.23122347968291823,3.6642494049563486e-05,16
70.8522723330089,$\hat{T}_{MLD}$,0.2340587278504679,3.61986286784125e-05,16
76.25291221129912,$\hat{T}_{MLD}$,0.22733226716031457,3.7269698156952875e-05,16
82.06521017950769,$\hat{T}_{MLD}$,0.23075130039344632,3.671747445823421e-05,16
88.32054444222037,$\hat{T}_{MLD}$,0.23447083290441353,3.613500610480926e-05,16
95.0526849746383,$\hat{T}_{MLD}$,0.2272474940479512,3.728360136113493e-05,16
102.29797583277549,$\hat{T}_{MLD}$,0.23328212213771626,3.631913539177666e-05,16
110.0955313600591,$\hat{T}_{MLD}$,0.227224935853311,3.7287302762714094e-05,16
118.4874473495718,$\hat{T}_{MLD}$,0.22922552547796457,3.6961873948087714e-05,16
127.51902830191335,$\hat{T}_{MLD}$,0.22242108040292485,3.809263475859494e-05,16
137.239032005553,$\hat{T}_{MLD}$,0.22474705484828256,3.769840269595613e-05,16
147.6999327600634,$\hat{T}_{MLD}$,0.21845611059944023,3.878401457918478e-05,16
158.95820466326612,$\hat{T}_{MLD}$,0.2226888520126289,3.8046830372632235e-05,16
171.07462649164432,$\hat{T}_{MLD}$,0.22574167487024988,3.753230316586654e-05,16
184.11460981994108,$\hat{T}_{MLD}$,0.2187006692862472,3.8740644946592705e-05,16
198.14855215133173,$\hat{T}_{MLD}$,0.2234974337193503,3.790918238927028e-05,16
213.25221696456873,$\hat{T}_{MLD}$,0.2181125602641296,3.884510350133231e-05,16
229.50714272982336,$\hat{T}_{MLD}$,0.22215472167261519,3.813830700788164e-05,16
247.00108310132606,$\hat{T}_{MLD}$,0.22581442826995413,3.752021092413085e-05,16
265.8284806632307,$\hat{T}_{MLD}$,0.21899961429974088,3.8687762101737726e-05,16
286.0909767862566,$\hat{T}_{MLD}$,0.22227301232034424,3.811801032412252e-05,16
307.8979603476156,$\hat{T}_{MLD}$,0.21609960909980877,3.920694263952832e-05,16
331.36715827654194,$\hat{T}_{MLD}$,0.21851150790973312,3.877418200738754e-05,16
356.62527111352796,$\hat{T}_{MLD}$,0.21888901913558803,3.870730935640242e-05,16
383.8086570143992,$\hat{T}_{MLD}$,0.21162246775102972,4.00364151710421e-05,16
413.0640678918749,$\hat{T}_{MLD}$,0.21283852083229918,3.9807667076752865e-05,16
444.5494416687491,$\hat{T}_{MLD}$,0.2159842567737709,3.9227882184372274e-05,16
478.43475491973123,$\hat{T}_{MLD}$,0.221151536839678,3.8311309518698215e-05,16
514.9029405050194,$\hat{T}_{MLD}$,0.2145950635231951,3.948182609282114e-05,16
554.1508751495202,$\hat{T}_{MLD}$,0.21760545017084854,3.893562855042738e-05,16
596.390442299262,$\hat{T}_{MLD}$,0.22145365534165895,3.8259043253673776e-05,16
641.8496759929147,$\hat{T}_{MLD}$,0.21517248714834464,3.9375875097635016e-05,16
690.7739919237116,$\hat{T}_{MLD}$,0.21853662308970395,3.876972590961514e-05,16
743.4275123377766,$\hat{T}_{MLD}$,0.22175561228845583,3.8206947237843426e-05,16
800.0944919214219,$\hat{T}_{MLD}$,0.21595594225879403,3.9233025448530716e-05,16
861.0808523752157,$\hat{T}_{MLD}$,0.22043156155019,3.843644221733452e-05,16
926.7158339593304,$\hat{T}_{MLD}$,0.2137590774121934,3.963623477875936e-05,16
997.35377292621,$\hat{T}_{MLD}$,0.21803359240178197,3.8859172502133436e-05,16
1073.3760144361563,$\hat{T}_{MLD}$,0.2132488663728479,3.973106691027867e-05,16
1155.1929712829099,$\hat{T}_{MLD}$,0.2175523479620144,3.894513232226779e-05,16
1243.246339543401,$\hat{T}_{MLD}$,0.22146390401192065,3.8257272742490095e-05,16
1338.011483113092,$\hat{T}_{MLD}$,0.2152127417350273,3.9368510015230765e-05,16
1.0,$\hat{T}_{emp}$,0.0022237156806546618,0.004444431009127954,17
1.0762239473831834,$\hat{T}_{emp}$,0.0027733392106084817,0.0035636285993364838,17
1.1582579849210413,$\hat{T}_{emp}$,0.0034045821067451684,0.0029028969244140495,17
1.2465449806198148,$\hat{T}_{emp}$,0.00521692249143727,0.0018944408207726374,17
1.3415615596333508,$\hat{T}_{emp}$,0.005989303237023176,0.0016501336692208977,17
1.4438206773661448,$\hat{T}_{emp}$,0.006680858928461418,0.0014793233972479215,17
1.5538743887084543,$\hat{T}_{emp}$,0.007346206686002137,0.0013453407110662363,17
1.6723168283534438,$\hat{T}_{emp}$,0.003545931634438088,0.002787180336642842,17
1.7997874182858689,$\hat{T}_{emp}$,0.003871371618727554,0.002552880968279159,17
1.9369743197582066,$\hat{T}_{emp}$,0.0041992581140585855,0.0023535469023678525,17
2.0846181483900335,$\hat{T}_{emp}$,0.005039682163412761,0.0019610663145258754,17
2.2435159724469447,$\hat{T}_{emp}$,0.0006651865165371536,0.014857713860520858,17
2.4145256158840724,$\hat{T}_{emp}$,0.0006999390111621853,0.014120017271469948,17
2.5985702893845684,$\hat{T}_{emp}$,0.0004984738752731673,0.019826818248337715,17
2.796643574394121,$\hat{T}_{emp}$,0.00048768420680637525,0.02026547259199958,17
3.009814787058257,$\hat{T}_{emp}$,0.0025481053392001052,0.003878627297915457,17
3.239234751020113,$\hat{T}_{emp}$,0.006745933675664296,0.0014650530826057111,17
3.486142010243649,$\hat{T}_{emp}$,0.008312189037095836,0.001188994966606136,17
3.751869515402767,$\hat{T}_{emp}$,0.009738634747195895,0.001014839470125047,17
4.037851819933397,$\hat{T}_{emp}$,0.014715132942855254,0.0006716317796764651,17
4.345632824597091,$\hat{T}_{emp}$,0.016772761490194472,0.000589238148551951,17
4.676874112365815,$\hat{T}_{emp}$,0.022547842845550448,0.0004383191329779903,17
5.03336391862456,$\hat{T}_{emp}$,0.025125322264263568,0.00039335419552579147,17
5.417026785118212,$\hat{T}_{emp}$,0.03255021373563921,0.0003036278350382872,17
5.829933949760359,$\hat{T}_{emp}$,0.0087084623130571,0.0011348904744948227,17
6.274314528394325,$\hat{T}_{emp}$,0.009961423897651252,0.0009921423913017038,17
6.752567548872198,$\hat{T}_{emp}$,0.012595866752532053,0.0007846344456286755,17
7.267274902418825,$\hat{T}_{emp}$,0.013659377766656376,0.0007235432752076897,17
7.821215282199927,$\hat{T}_{emp}$,0.009419132439016993,0.0010492633998484351,17
8.417379184342884,$\hat{T}_{emp}$,0.01041459969542873,0.0009489707925042625,17
9.058985052394538,$\hat{T}_{emp}$,0.014083446795140344,0.0007017565422972981,17
9.749496652373306,$\hat{T}_{emp}$,0.010123915837790275,0.0009762182030093632,17
10.492641772216333,$\hat{T}_{emp}$,0.013744396794104377,0.0007190676371352291,17
11.292432346572342,$\hat{T}_{emp}$,0.012550389727234696,0.0007874776115628457,17
12.153186115585632,$\hat{T}_{emp}$,0.013800259740893415,0.000716156877634669,17
13.079549934598068,$\hat{T}_{emp}$,0.014069618163257441,0.0007024462790607443,17
14.076524860608592,$\hat{T}_{emp}$,0.016495178316289813,0.0005991539307474808,17
15.149493150921694,$\hat{T}_{emp}$,0.024970969299218455,0.00039578563443650453,17
16.304247319739442,$\hat{T}_{emp}$,0.03282291760749372,0.00030110519256000735,17
17.54702140956167,$\hat{T}_{emp}$,0.1009012936453222,9.794870382262772e-05,17
18.88452464621569,$\hat{T}_{emp}$,0.13195141876690084,7.489992164498634e-05,17
20.32397765920527,$\hat{T}_{emp}$,0.19735161877937743,5.0078894653679974e-05,17
21.87315146291753,$\hat{T}_{emp}$,0.22227794910027449,4.446302913352483e-05,17
23.540409409131357,$\hat{T}_{emp}$,0.2826176217697676,3.497004491332423e-05,17
25.33475233731158,$\hat{T}_{emp}$,0.3016269620211685,3.276613887684233e-05,17
27.265867166436806,$\hat{T}_{emp}$,0.3428520060910033,2.882628875142812e-05,17
29.344179190688156,$\hat{T}_{emp}$,0.35298242470557684,2.799898871687225e-05,17
31.580908361321878,$\hat{T}_{emp}$,0.13670652672927486,7.22946531013668e-05,17
33.98812985856841,$\hat{T}_{emp}$,0.06616376809866364,0.00014937406394157997,17
36.57883928056072,$\hat{T}_{emp}$,0.06290968895724036,0.0001571006166204894,17
39.36702280122011,$\hat{T}_{emp}$,0.0785070768915603,0.00012588866275376652,17
42.36773267585289,$\hat{T}_{emp}$,0.08619331054122548,0.00011466262131628687,17
45.597168502081885,$\hat{T}_{emp}$,0.1031412169083493,9.582154664092983e-05,17
49.07276467480673,$\hat{T}_{emp}$,0.11491099723178583,8.600700685462199e-05,17
52.81328450732654,$\hat{T}_{emp}$,0.1228922881958408,8.042124588677112e-05,17
56.8389215267461,$\hat{T}_{emp}$,0.12038928947940852,8.209327398909582e-05,17
61.17140849051769,$\hat{T}_{emp}$,0.09241898813855287,0.00010693853206625691,17
65.83413471265413,$\hat{T}_{emp}$,0.07201367191047806,0.00013723992492525083,17
70.8522723330089,$\hat{T}_{emp}$,0.06304062660936065,0.0001567743129811807,17
76.25291221129912,$\hat{T}_{emp}$,0.05546692381320844,0.00017818098151374604,17
82.06521017950769,$\hat{T}_{emp}$,0.05394369418273901,0.0001832123490301871,17
88.32054444222037,$\hat{T}_{emp}$,0.056792856602535496,0.00017402102161813822,17
95.0526849746383,$\hat{T}_{emp}$,0.056813780581928076,0.0001739569313176351,17
102.29797583277549,$\hat{T}_{emp}$,0.05996756755190085,0.00016480826770290396,17
110.0955313600591,$\hat{T}_{emp}$,0.06228388705316534,0.00015867909653983903,17
118.4874473495718,$\hat{T}_{emp}$,0.029125186746700032,0.0003393334783580553,17
127.51902830191335,$\hat{T}_{emp}$,0.024907869836853135,0.00039678828383641067,17
137.239032005553,$\hat{T}_{emp}$,0.017727937908828796,0.0005574901591720765,17
147.6999327600634,$\hat{T}_{emp}$,0.015013631327770885,0.0006582785144260653,17
158.95820466326612,$\hat{T}_{emp}$,0.015930357565088805,0.0006203973066018596,17
171.07462649164432,$\hat{T}_{emp}$,0.023482753192208425,0.0004208684921095573,17
184.11460981994108,$\hat{T}_{emp}$,0.023359264034732683,0.00042309342074692437,17
198.14855215133173,$\hat{T}_{emp}$,0.031290838748240755,0.00031584806678092983,17
213.25221696456873,$\hat{T}_{emp}$,0.02881586344866893,0.0003429760466553772,17
229.50714272982336,$\hat{T}_{emp}$,0.03591378043490627,0.00027519104942179135,17
247.00108310132606,$\hat{T}_{emp}$,0.04387931741256721,0.00022523483748986212,17
265.8284806632307,$\hat{T}_{emp}$,0.03855908386981544,0.00025631187089282254,17
286.0909767862566,$\hat{T}_{emp}$,0.0422832920353591,0.00023373655292310117,17
307.8979603476156,$\hat{T}_{emp}$,0.031132100151426027,0.0003174585356758513,17
331.36715827654194,$\hat{T}_{emp}$,0.02654992576015868,0.0003722477801205944,17
356.62527111352796,$\hat{T}_{emp}$,0.032441347475195975,0.00030464674545784877,17
383.8086570143992,$\hat{T}_{emp}$,0.02988259658051713,0.0003307326690957397,17
413.0640678918749,$\hat{T}_{emp}$,0.028329785920124848,0.00034886076987842267,17
444.5494416687491,$\hat{T}_{emp}$,0.037919689575960376,0.00026063375088521796,17
478.43475491973123,$\hat{T}_{emp}$,0.04549104589380049,0.00021725486263072548,17
514.9029405050194,$\hat{T}_{emp}$,0.05637198947098207,0.00017532024360561346,17
554.1508751495202,$\hat{T}_{emp}$,0.05978138536642855,0.00016532154392219451,17
596.390442299262,$\hat{T}_{emp}$,0.06928370533287728,0.00014264755152891323,17
641.8496759929147,$\hat{T}_{emp}$,0.07525229109524338,0.00013133355520135594,17
690.7739919237116,$\hat{T}_{emp}$,0.06169882281202399,0.000160183784327561,17
743.4275123377766,$\hat{T}_{emp}$,0.024144333120642073,0.0004093362561393798,17
800.0944919214219,$\hat{T}_{emp}$,0.014301676336496618,0.0006910484263557778,17
861.0808523752157,$\hat{T}_{emp}$,0.014344029403068052,0.0006890079941185663,17
926.7158339593304,$\hat{T}_{emp}$,0.009390432761359606,0.0010524702298336578,17
997.35377292621,$\hat{T}_{emp}$,0.008651774847065172,0.0011423264129368997,17
1073.3760144361563,$\hat{T}_{emp}$,0.010950672822458585,0.0009025154058403092,17
1155.1929712829099,$\hat{T}_{emp}$,0.016084618082333992,0.0006144473481431607,17
1243.246339543401,$\hat{T}_{emp}$,0.020740011344372356,0.0004765258206701691,17
1338.011483113092,$\hat{T}_{emp}$,0.02255021707401309,0.00043827298398714813,17
1.0,$\hat{T}_{GT}$,9.883180802909608e-06,0.9999969770537898,17
1.0762239473831834,$\hat{T}_{GT}$,9.183242419233382e-06,1.0762158369996182,17
1.1582579849210413,$\hat{T}_{GT}$,8.532787234950297e-06,1.1582558728412056,17
1.2465449806198148,$\hat{T}_{GT}$,7.928453634403146e-06,1.2465420600683952,17
1.3415615596333508,$\hat{T}_{GT}$,7.366916650705014e-06,1.3415586730765898,17
1.4438206773661448,$\hat{T}_{GT}$,6.845142344735059e-06,1.4438196357139714,17
1.5538743887084543,$\hat{T}_{GT}$,6.360352109092759e-06,1.5538685212815027,17
1.6723168283534438,$\hat{T}_{GT}$,5.909886057396813e-06,1.6723082019857052,17
1.7997874182858689,$\hat{T}_{GT}$,5.49130726060646e-06,1.799781082636807,17
1.9369743197582066,$\hat{T}_{GT}$,5.10237923943935e-06,1.9369691006487424,17
2.0846181483900335,$\hat{T}_{GT}$,4.7409992129941305e-06,2.0846134923410053,17
2.2435159724469447,$\hat{T}_{GT}$,4.405208718789096e-06,2.2435147929386496,17
2.4145256158840724,$\hat{T}_{GT}$,4.093210591591727e-06,2.414522953421361,17
2.5985702893845684,$\hat{T}_{GT}$,3.803308117400515e-06,2.598566989976239,17
2.796643574394121,$\hat{T}_{GT}$,3.5339435275824294e-06,2.7966352176959424,17
3.009814787058257,$\hat{T}_{GT}$,3.283640901031063e-06,3.009814783182395,17
3.239234751020113,$\hat{T}_{GT}$,3.051078098446086e-06,3.2392323656412274,17
3.486142010243649,$\hat{T}_{GT}$,2.834989439664337e-06,3.48613324208919,17
3.751869515402767,$\hat{T}_{GT}$,2.6341992824441153e-06,3.751861521052299,17
4.037851819933397,$\hat{T}_{GT}$,2.4476269033358705e-06,4.037850259414909,17
4.345632824597091,$\hat{T}_{GT}$,2.2742727444331487e-06,4.345631345570639,17
4.676874112365815,$\hat{T}_{GT}$,2.1131998918041655e-06,4.676865148875157,17
5.03336391862456,$\hat{T}_{GT}$,1.963529404834602e-06,5.033360285948028,17
5.417026785118212,$\hat{T}_{GT}$,1.8244612821949e-06,5.417024204918083,17
5.829933949760359,$\hat{T}_{GT}$,1.6952428096276229e-06,5.829932367479905,17
6.274314528394325,$\hat{T}_{GT}$,1.5751777194261943e-06,6.274308482591976,17
6.752567548872198,$\hat{T}_{GT}$,1.463614542474094e-06,6.752564039080382,17
7.267274902418825,$\hat{T}_{GT}$,1.3599539791573454e-06,7.267268656186036,17
7.821215282199927,$\hat{T}_{GT}$,1.263634617523074e-06,7.821209382470236,17
8.417379184342884,$\hat{T}_{GT}$,1.1741375079401048e-06,8.417370929512808,17
9.058985052394538,$\hat{T}_{GT}$,1.0909789135595587e-06,9.058975204515823,17
9.749496652373306,$\hat{T}_{GT}$,1.0137094060068364e-06,9.74949119345451,17
10.492641772216333,$\hat{T}_{GT}$,9.419131574907057e-07,10.492634961077265,17
11.292432346572342,$\hat{T}_{GT}$,8.752015151488631e-07,11.292428949811208,17
12.153186115585632,$\hat{T}_{GT}$,8.132150701763944e-07,12.153182213460331,17
13.079549934598068,$\hat{T}_{GT}$,7.556185909375639e-07,13.079549716111059,17
14.076524860608592,$\hat{T}_{GT}$,7.0210174156337e-07,14.076522448981313,17
15.149493150921694,$\hat{T}_{GT}$,6.523752984616991e-07,15.149486729326084,17
16.304247319739442,$\hat{T}_{GT}$,6.061704514939374e-07,16.30424396673928,17
17.54702140956167,$\hat{T}_{GT}$,5.632381235609266e-07,17.547020546304644,17
18.88452464621569,$\hat{T}_{GT}$,5.233467606667229e-07,18.88451724435041,17
20.32397765920527,$\hat{T}_{GT}$,4.862805663807013e-07,20.323968527354825,17
21.87315146291753,$\hat{T}_{GT}$,4.5183955177516465e-07,21.873142551946202,17
23.540409409131357,$\hat{T}_{GT}$,4.1983784183197083e-07,23.540400463808425,17
25.33475233731158,$\hat{T}_{GT}$,3.901026281994267e-07,25.334745813435607,17
27.265867166436806,$\hat{T}_{GT}$,3.62473417105773e-07,27.26586408873581,17
29.344179190688156,$\hat{T}_{GT}$,3.368011502432883e-07,29.344172130785655,17
31.580908361321878,$\hat{T}_{GT}$,3.12947025266404e-07,31.580907082188666,17
33.98812985856841,$\hat{T}_{GT}$,2.907824577921993e-07,33.98812638707528,17
36.57883928056072,$\hat{T}_{GT}$,2.701876804684838e-07,36.57883627206488,17
39.36702280122011,$\hat{T}_{GT}$,2.510515293306012e-07,39.3670213957186,17
42.36773267585289,$\hat{T}_{GT}$,2.332707545655752e-07,42.36772391374668,17
45.597168502081885,$\hat{T}_{GT}$,2.1674925535793323e-07,45.597162076819664,17
49.07276467480673,$\hat{T}_{GT}$,2.013979028436377e-07,49.07275988002111,17
52.81328450732654,$\hat{T}_{GT}$,1.8713383755922084e-07,52.81327554380969,17
56.8389215267461,$\hat{T}_{GT}$,1.7387999115994125e-07,56.83892011183026,17
61.17140849051769,$\hat{T}_{GT}$,1.6156487863892575e-07,61.17140686666854,17
65.83413471265413,$\hat{T}_{GT}$,1.5012199664056995e-07,65.83412922656777,17
70.8522723330089,$\hat{T}_{GT}$,1.394895463744156e-07,70.85226946008885,17
76.25291221129912,$\hat{T}_{GT}$,1.29610152103994e-07,76.25290740077064,17
82.06521017950769,$\hat{T}_{GT}$,1.204304618255307e-07,82.06520822699753,17
88.32054444222037,$\hat{T}_{GT}$,1.1190093276141513e-07,88.32054105981045,17
95.0526849746383,$\hat{T}_{GT}$,1.0397551418231212e-07,95.05267662592559,17
102.29797583277549,$\hat{T}_{GT}$,9.661140333376969e-08,102.29797503760182,17
110.0955313600591,$\hat{T}_{GT}$,8.976887118965928e-08,110.09552415675381,17
118.4874473495718,$\hat{T}_{GT}$,8.341095417710798e-08,118.48744597263065,17
127.51902830191335,$\hat{T}_{GT}$,7.750334446307194e-08,127.51902508277799,17
137.239032005553,$\hat{T}_{GT}$,7.2014144154025e-08,137.23902495386756,17
147.6999327600634,$\hat{T}_{GT}$,6.691371656915442e-08,147.69992511731957,17
158.95820466326612,$\hat{T}_{GT}$,6.217452800362502e-08,158.9581978975285,17
171.07462649164432,$\hat{T}_{GT}$,5.777099289561215e-08,171.07462467269283,17
184.11460981994108,$\hat{T}_{GT}$,5.3679343222499806e-08,184.11460225249385,17
198.14855215133173,$\hat{T}_{GT}$,4.987748344354345e-08,198.14854808728344,17
213.25221696456873,$\hat{T}_{GT}$,4.634489191930928e-08,213.25221652891386,17
229.50714272982336,$\hat{T}_{GT}$,4.306249992194922e-08,229.50713368937855,17
247.00108310132606,$\hat{T}_{GT}$,4.001258155614451e-08,247.00108171520745,17
265.8284806632307,$\hat{T}_{GT}$,3.717867677966332e-08,265.8284743472022,17
286.0909767862566,$\hat{T}_{GT}$,3.4545483689280784e-08,286.09096967579364,17
307.8979603476156,$\hat{T}_{GT}$,3.209878722757157e-08,307.8979544154373,17
331.36715827654194,$\hat{T}_{GT}$,2.9825378671209586e-08,331.36715665997065,17
356.62527111352796,$\hat{T}_{GT}$,2.771298558727987e-08,356.6252685211214,17
383.8086570143992,$\hat{T}_{GT}$,2.5750203864363993e-08,383.808647832224,17
413.0640678918749,$\hat{T}_{GT}$,2.3926436353023466e-08,413.064059384538,17
444.5494416687491,$\hat{T}_{GT}$,2.223183773906479e-08,444.54943592987024,17
478.43475491973123,$\hat{T}_{GT}$,2.065725988760261e-08,478.43474789785625,17
514.9029405050194,$\hat{T}_{GT}$,1.919420206112716e-08,514.9029324121472,17
554.1508751495202,$\hat{T}_{GT}$,1.783476564038945e-08,554.1508717223512,17
596.390442299262,$\hat{T}_{GT}$,1.6571611900803657e-08,596.3904408180329,17
641.8496759929147,$\hat{T}_{GT}$,1.539792155775229e-08,641.8496736405211,17
690.7739919237116,$\hat{T}_{GT}$,1.4307358252888423e-08,690.773988593625,17
743.4275123377766,$\hat{T}_{GT}$,1.3294034571854782e-08,743.4275030027063,17
800.0944919214219,$\hat{T}_{GT}$,1.2352479738690703e-08,800.0944859378668,17
861.0808523752157,$\hat{T}_{GT}$,1.1477610865514468e-08,861.0808505697369,17
926.7158339593304,$\hat{T}_{GT}$,1.066470504347979e-08,926.715824421983,17
997.35377292621,$\hat{T}_{GT}$,9.909373428930777e-09,997.3537678710779,17
1073.3760144361563,$\hat{T}_{GT}$,9.207538469556103e-09,1073.376012412373,17
1155.1929712829099,$\hat{T}_{GT}$,8.55541127709978e-09,1155.1929657712456,17
1243.246339543401,$\hat{T}_{GT}$,7.94947118964973e-09,1243.246335612058,17
1338.011483113092,$\hat{T}_{GT}$,7.386447023474948e-09,1338.0114817280762,17
1.0,$\hat{T}_{Reset}$,9.883180802909608e-06,0.9999969770537898,17
1.0762239473831834,$\hat{T}_{Reset}$,9.183242419233382e-06,1.0762158369996182,17
1.1582579849210413,$\hat{T}_{Reset}$,8.532787234950297e-06,1.1582558728412056,17
1.2465449806198148,$\hat{T}_{Reset}$,7.928453634403146e-06,1.2465420600683952,17
1.3415615596333508,$\hat{T}_{Reset}$,7.366916650705014e-06,1.3415586730765898,17
1.4438206773661448,$\hat{T}_{Reset}$,0.00022588969737625693,0.04375211017315065,17
1.5538743887084543,$\hat{T}_{Reset}$,6.360352109092759e-06,1.5538685212815027,17
1.6723168283534438,$\hat{T}_{Reset}$,1.772965817219044e-05,0.5574360673285684,17
1.7997874182858689,$\hat{T}_{Reset}$,5.49130726060646e-06,1.799781082636807,17
1.9369743197582066,$\hat{T}_{Reset}$,1.530713771831805e-05,0.6456563668829142,17
2.0846181483900335,$\hat{T}_{Reset}$,4.7409992129941305e-06,2.0846134923410053,17
2.2435159724469447,$\hat{T}_{Reset}$,3.524166975031277e-05,0.2804393491173312,17
2.4145256158840724,$\hat{T}_{Reset}$,4.093210591591727e-06,2.414522953421361,17
2.5985702893845684,$\hat{T}_{Reset}$,3.803308117400515e-06,2.598566989976239,17
2.796643574394121,$\hat{T}_{Reset}$,3.5339435275824294e-06,2.7966352176959424,17
3.009814787058257,$\hat{T}_{Reset}$,1.6418204505155317e-05,0.6019629566364789,17
3.239234751020113,$\hat{T}_{Reset}$,3.051078098446086e-06,3.2392323656412274,17
3.486142010243649,$\hat{T}_{Reset}$,2.834989439664337e-06,3.48613324208919,17
3.751869515402767,$\hat{T}_{Reset}$,2.6341992824441153e-06,3.751861521052299,17
4.037851819933397,$\hat{T}_{Reset}$,2.4476269033358705e-06,4.037850259414909,17
4.345632824597091,$\hat{T}_{Reset}$,2.2742727444331487e-06,4.345631345570639,17
4.676874112365815,$\hat{T}_{Reset}$,2.1131998918041655e-06,4.676865148875157,17
5.03336391862456,$\hat{T}_{Reset}$,1.963529404834602e-06,5.033360285948028,17
5.417026785118212,$\hat{T}_{Reset}$,1.8244612821949e-06,5.417024204918083,17
5.829933949760359,$\hat{T}_{Reset}$,1.6952428096276229e-06,5.829932367479905,17
6.274314528394325,$\hat{T}_{Reset}$,1.5751777194261943e-06,6.274308482591976,17
6.752567548872198,$\hat{T}_{Reset}$,1.463614542474094e-06,6.752564039080382,17
7.267274902418825,$\hat{T}_{Reset}$,1.3599539791573454e-06,7.267268656186036,17
7.821215282199927,$\hat{T}_{Reset}$,1.263634617523074e-06,7.821209382470236,17
8.417379184342884,$\hat{T}_{Reset}$,4.696550031760419e-06,2.104342732378202,17
9.058985052394538,$\hat{T}_{Reset}$,1.745566261695294e-05,0.566185950282239,17
9.749496652373306,$\hat{T}_{Reset}$,7.0959658420478555e-06,1.392784456207787,17
10.492641772216333,$\hat{T}_{Reset}$,3.7676526299628227e-06,2.623158740269316,17
11.292432346572342,$\hat{T}_{Reset}$,8.752015151488631e-07,11.292428949811208,17
12.153186115585632,$\hat{T}_{Reset}$,8.132150701763944e-07,12.153182213460331,17
13.079549934598068,$\hat{T}_{Reset}$,3.0224743637502558e-06,3.2698874290277646,17
14.076524860608592,$\hat{T}_{Reset}$,7.0210174156337e-07,14.076522448981313,17
15.149493150921694,$\hat{T}_{Reset}$,2.6095011938467964e-06,3.787371682331521,17
16.304247319739442,$\hat{T}_{Reset}$,3.8188738444118056e-05,0.25879752328157585,17
17.54702140956167,$\hat{T}_{Reset}$,5.632381235609266e-07,17.547020546304644,17
18.88452464621569,$\hat{T}_{Reset}$,5.233467606667229e-07,18.88451724435041,17
20.32397765920527,$\hat{T}_{Reset}$,4.862805663807013e-07,20.323968527354825,17
21.87315146291753,$\hat{T}_{Reset}$,4.5183955177516465e-07,21.873142551946202,17
23.540409409131357,$\hat{T}_{Reset}$,4.1983784183197083e-07,23.540400463808425,17
25.33475233731158,$\hat{T}_{Reset}$,3.901026281994267e-07,25.334745813435607,17
27.265867166436806,$\hat{T}_{Reset}$,3.62473417105773e-06,2.726586408873581,17
29.344179190688156,$\hat{T}_{Reset}$,2.02080690145973e-06,4.890695355130943,17
31.580908361321878,$\hat{T}_{Reset}$,1.7525033414918624e-05,0.5639447693247975,17
33.98812985856841,$\hat{T}_{Reset}$,7.851126360389381e-06,1.2588194958176029,17
36.57883928056072,$\hat{T}_{Reset}$,8.105630414054515e-07,12.192945424021628,17
39.36702280122011,$\hat{T}_{Reset}$,2.510515293306012e-07,39.3670213957186,17
42.36773267585289,$\hat{T}_{Reset}$,2.332707545655752e-07,42.36772391374668,17
45.597168502081885,$\hat{T}_{Reset}$,1.7990188194708456e-05,0.5493633985158995,17
49.07276467480673,$\hat{T}_{Reset}$,4.027958056872754e-07,24.536379940010555,17
52.81328450732654,$\hat{T}_{Reset}$,1.8713383755922084e-07,52.81327554380969,17
56.8389215267461,$\hat{T}_{Reset}$,1.7387999115994125e-07,56.83892011183026,17
61.17140849051769,$\hat{T}_{Reset}$,2.100343422306035e-06,4.70549283589758,17
65.83413471265413,$\hat{T}_{Reset}$,6.004879865622798e-07,16.458532306641942,17
70.8522723330089,$\hat{T}_{Reset}$,1.394895463744156e-07,70.85226946008885,17
76.25291221129912,$\hat{T}_{Reset}$,5.443626388367748e-06,1.8155454143040628,17
82.06521017950769,$\hat{T}_{Reset}$,2.047317851034022e-06,4.827365189823384,17
88.32054444222037,$\hat{T}_{Reset}$,4.476037310456605e-07,22.080135264952613,17
95.0526849746383,$\hat{T}_{Reset}$,1.0397551418231212e-07,95.05267662592559,17
102.29797583277549,$\hat{T}_{Reset}$,9.661140333376969e-08,102.29797503760182,17
110.0955313600591,$\hat{T}_{Reset}$,8.976887118965928e-08,110.09552415675381,17
118.4874473495718,$\hat{T}_{Reset}$,1.6682190835421596e-07,59.243722986315326,17
127.51902830191335,$\hat{T}_{Reset}$,7.750334446307194e-08,127.51902508277799,17
137.239032005553,$\hat{T}_{Reset}$,7.2014144154025e-08,137.23902495386756,17
147.6999327600634,$\hat{T}_{Reset}$,1.0706194651064707e-06,9.231245319832473,17
158.95820466326612,$\hat{T}_{Reset}$,6.217452800362502e-08,158.9581978975285,17
171.07462649164432,$\hat{T}_{Reset}$,5.777099289561215e-08,171.07462467269283,17
184.11460981994108,$\hat{T}_{Reset}$,5.3679343222499806e-08,184.11460225249385,17
198.14855215133173,$\hat{T}_{Reset}$,4.987748344354345e-08,198.14854808728344,17
213.25221696456873,$\hat{T}_{Reset}$,4.634489191930928e-08,213.25221652891386,17
229.50714272982336,$\hat{T}_{Reset}$,4.306249992194922e-08,229.50713368937855,17
247.00108310132606,$\hat{T}_{Reset}$,4.001258155614451e-08,247.00108171520745,17
265.8284806632307,$\hat{T}_{Reset}$,3.717867677966332e-08,265.8284743472022,17
286.0909767862566,$\hat{T}_{Reset}$,3.4545483689280784e-08,286.09096967579364,17
307.8979603476156,$\hat{T}_{Reset}$,3.209878722757157e-08,307.8979544154373,17
331.36715827654194,$\hat{T}_{Reset}$,2.9825378671209586e-08,331.36715665997065,17
356.62527111352796,$\hat{T}_{Reset}$,2.771298558727987e-08,356.6252685211214,17
383.8086570143992,$\hat{T}_{Reset}$,2.5750203864363993e-08,383.808647832224,17
413.0640678918749,$\hat{T}_{Reset}$,2.3926436353023466e-08,413.064059384538,17
444.5494416687491,$\hat{T}_{Reset}$,2.223183773906479e-08,444.54943592987024,17
478.43475491973123,$\hat{T}_{Reset}$,1.9004679096594401e-06,5.200377694541916,17
514.9029405050194,$\hat{T}_{Reset}$,1.919420206112716e-08,514.9029324121472,17
554.1508751495202,$\hat{T}_{Reset}$,1.783476564038945e-08,554.1508717223512,17
596.390442299262,$\hat{T}_{Reset}$,1.6571611900803657e-08,596.3904408180329,17
641.8496759929147,$\hat{T}_{Reset}$,1.539792155775229e-08,641.8496736405211,17
690.7739919237116,$\hat{T}_{Reset}$,1.015822435955078e-06,9.729211106952464,17
743.4275123377766,$\hat{T}_{Reset}$,1.3294034571854782e-08,743.4275030027063,17
800.0944919214219,$\hat{T}_{Reset}$,1.2352479738690703e-08,800.0944859378668,17
861.0808523752157,$\hat{T}_{Reset}$,1.1477610865514468e-08,861.0808505697369,17
926.7158339593304,$\hat{T}_{Reset}$,1.066470504347979e-08,926.715824421983,17
997.35377292621,$\hat{T}_{Reset}$,9.909373428930777e-09,997.3537678710779,17
1073.3760144361563,$\hat{T}_{Reset}$,9.207538469556103e-09,1073.376012412373,17
1155.1929712829099,$\hat{T}_{Reset}$,8.55541127709978e-09,1155.1929657712456,17
1243.246339543401,$\hat{T}_{Reset}$,7.94947118964973e-09,1243.246335612058,17
1338.011483113092,$\hat{T}_{Reset}$,7.386447023474948e-09,1338.0114817280762,17
1.0,$\hat{T}_{MLG}$,1.0482235848174577,9.428476013833202e-06,17
1.0762239473831834,$\hat{T}_{MLG}$,1.0336997167520707,9.560949632102968e-06,17
1.1582579849210413,$\hat{T}_{MLG}$,0.846328903349119,1.167767151455627e-05,17
1.2465449806198148,$\hat{T}_{MLG}$,0.8595977530365977,1.1497413635241173e-05,17
1.3415615596333508,$\hat{T}_{MLG}$,0.8446576250976117,1.1700777490102596e-05,17
1.4438206773661448,$\hat{T}_{MLG}$,0.45201907337308084,2.18644555258146e-05,17
1.5538743887084543,$\hat{T}_{MLG}$,0.3388907617030479,2.916323501094945e-05,17
1.6723168283534438,$\hat{T}_{MLG}$,1.068689347826344,9.24791750445295e-06,17
1.7997874182858689,$\hat{T}_{MLG}$,0.3341078041854744,2.958072455290265e-05,17
1.9369743197582066,$\hat{T}_{MLG}$,0.32501063068979064,3.0408700495765374e-05,17
2.0846181483900335,$\hat{T}_{MLG}$,0.33738746380247103,2.9293177687158832e-05,17
2.2435159724469447,$\hat{T}_{MLG}$,0.3246030788884778,3.0446879802952076e-05,17
2.4145256158840724,$\hat{T}_{MLG}$,0.31513178961716204,3.136196109758461e-05,17
2.5985702893845684,$\hat{T}_{MLG}$,0.3446867514005682,2.8672848278697613e-05,17
2.796643574394121,$\hat{T}_{MLG}$,0.336505400247376,2.9369962322507243e-05,17
3.009814787058257,$\hat{T}_{MLG}$,0.3357690870755894,2.943436816254835e-05,17
3.239234751020113,$\hat{T}_{MLG}$,0.3319325411025986,2.9774576767183614e-05,17
3.486142010243649,$\hat{T}_{MLG}$,0.3213281451231094,3.0757190356914277e-05,17
3.751869515402767,$\hat{T}_{MLG}$,0.3155190385146277,3.132346933203355e-05,17
4.037851819933397,$\hat{T}_{MLG}$,2.335125456925438,4.2323854152137865e-06,17
4.345632824597091,$\hat{T}_{MLG}$,0.33390563090827635,2.9598635098491487e-05,17
4.676874112365815,$\hat{T}_{MLG}$,0.3261694064063768,3.030066809598986e-05,17
5.03336391862456,$\hat{T}_{MLG}$,0.31235991740413555,3.1640266167053366e-05,17
5.417026785118212,$\hat{T}_{MLG}$,0.31664059593473537,3.121251997840077e-05,17
5.829933949760359,$\hat{T}_{MLG}$,0.31013646026011804,3.186710430078568e-05,17
6.274314528394325,$\hat{T}_{MLG}$,0.29551674277190326,3.344362432356002e-05,17
6.752567548872198,$\hat{T}_{MLG}$,0.30942733127744276,3.194013562339163e-05,17
7.267274902418825,$\hat{T}_{MLG}$,0.2989294953129186,3.3061812506122876e-05,17
7.821215282199927,$\hat{T}_{MLG}$,0.3077161900506465,3.211774760684188e-05,17
8.417379184342884,$\hat{T}_{MLG}$,0.29982031619992744,3.296357982624276e-05,17
9.058985052394538,$\hat{T}_{MLG}$,0.3009180458102046,3.284333081446091e-05,17
9.749496652373306,$\hat{T}_{MLG}$,0.371978617517304,2.6569137206188745e-05,17
10.492641772216333,$\hat{T}_{MLG}$,0.30419326572688854,3.248970980001564e-05,17
11.292432346572342,$\hat{T}_{MLG}$,0.28988795093445263,3.409300350265458e-05,17
12.153186115585632,$\hat{T}_{MLG}$,0.27825918682315093,3.5517788431067835e-05,17
13.079549934598068,$\hat{T}_{MLG}$,0.2846786309815712,3.4716869659336824e-05,17
14.076524860608592,$\hat{T}_{MLG}$,0.2869288296687133,3.444460752862197e-05,17
15.149493150921694,$\hat{T}_{MLG}$,0.3189625583164803,3.0985301154938114e-05,17
16.304247319739442,$\hat{T}_{MLG}$,1.8768682128167469,5.265767121578195e-06,17
17.54702140956167,$\hat{T}_{MLG}$,0.28951862363471076,3.413649458024278e-05,17
18.88452464621569,$\hat{T}_{MLG}$,0.2965594105247127,3.332604050264012e-05,17
20.32397765920527,$\hat{T}_{MLG}$,0.2839715364759053,3.4803315322499684e-05,17
21.87315146291753,$\hat{T}_{MLG}$,0.27361229924294284,3.6121003894676216e-05,17
23.540409409131357,$\hat{T}_{MLG}$,0.27506586629004415,3.593012488203219e-05,17
25.33475233731158,$\hat{T}_{MLG}$,0.2672476575979509,3.698124434622334e-05,17
27.265867166436806,$\hat{T}_{MLG}$,0.27262279619605895,3.625210754378039e-05,17
29.344179190688156,$\hat{T}_{MLG}$,0.32352166960817563,3.054865208428035e-05,17
31.580908361321878,$\hat{T}_{MLG}$,0.3217319803682072,3.071858419319972e-05,17
33.98812985856841,$\hat{T}_{MLG}$,1.7427739580906876,5.670931035378353e-06,17
36.57883928056072,$\hat{T}_{MLG}$,0.2714984042812859,3.640224314668979e-05,17
39.36702280122011,$\hat{T}_{MLG}$,1.4953750216248256,6.609145387387135e-06,17
42.36773267585289,$\hat{T}_{MLG}$,0.2620742474753106,3.7711263208021695e-05,17
45.597168502081885,$\hat{T}_{MLG}$,0.26125704903691804,3.782922207465136e-05,17
49.07276467480673,$\hat{T}_{MLG}$,0.2524471923267399,3.914937946227578e-05,17
52.81328450732654,$\hat{T}_{MLG}$,0.25173733473134785,3.9259774229090315e-05,17
56.8389215267461,$\hat{T}_{MLG}$,0.2560086462056865,3.8604754460695746e-05,17
61.17140849051769,$\hat{T}_{MLG}$,0.25941699782259015,3.809754568721257e-05,17
65.83413471265413,$\hat{T}_{MLG}$,0.2505909573315755,3.943937575332586e-05,17
70.8522723330089,$\hat{T}_{MLG}$,0.24876825109038977,3.9728345089320167e-05,17
76.25291221129912,$\hat{T}_{MLG}$,0.2467104948511719,4.0059710198172404e-05,17
82.06521017950769,$\hat{T}_{MLG}$,0.2470987814101612,3.999676109361516e-05,17
88.32054444222037,$\hat{T}_{MLG}$,0.24366944584878872,4.055966431145714e-05,17
95.0526849746383,$\hat{T}_{MLG}$,0.2337632981405331,4.227845433907307e-05,17
102.29797583277549,$\hat{T}_{MLG}$,0.2384222395991786,4.145230303683341e-05,17
110.0955313600591,$\hat{T}_{MLG}$,0.2358389505738879,4.1906355597903155e-05,17
118.4874473495718,$\hat{T}_{MLG}$,0.23570461057777686,4.193024015253385e-05,17
127.51902830191335,$\hat{T}_{MLG}$,0.2338724573985429,4.225872099912876e-05,17
137.239032005553,$\hat{T}_{MLG}$,0.23466386873571465,4.2116202122774804e-05,17
147.6999327600634,$\hat{T}_{MLG}$,0.23078782307899584,4.282353719850623e-05,17
158.95820466326612,$\hat{T}_{MLG}$,0.22847040893069945,4.325790360704195e-05,17
171.07462649164432,$\hat{T}_{MLG}$,0.2281964851640913,4.330982977007243e-05,17
184.11460981994108,$\hat{T}_{MLG}$,0.2218943937151688,4.45398856686393e-05,17
198.14855215133173,$\hat{T}_{MLG}$,0.22718729101381818,4.350221741050001e-05,17
213.25221696456873,$\hat{T}_{MLG}$,0.2252272350301944,4.388079854223979e-05,17
229.50714272982336,$\hat{T}_{MLG}$,0.22764670943728896,4.341442470666688e-05,17
247.00108310132606,$\hat{T}_{MLG}$,0.23008365769240482,4.295459758292908e-05,17
265.8284806632307,$\hat{T}_{MLG}$,0.22254214641944434,4.441024356778706e-05,17
286.0909767862566,$\hat{T}_{MLG}$,0.22653216751478134,4.362802437733605e-05,17
307.8979603476156,$\hat{T}_{MLG}$,0.23044789137934107,4.288670582937539e-05,17
331.36715827654194,$\hat{T}_{MLG}$,0.2223456481819508,4.444949117465089e-05,17
356.62527111352796,$\hat{T}_{MLG}$,0.23287857436013418,4.243907346882797e-05,17
383.8086570143992,$\hat{T}_{MLG}$,0.24171219441640818,4.088809400141193e-05,17
413.0640678918749,$\hat{T}_{MLG}$,0.23124618475747713,4.273865506992366e-05,17
444.5494416687491,$\hat{T}_{MLG}$,0.22763839830476013,4.3416009777727326e-05,17
478.43475491973123,$\hat{T}_{MLG}$,0.23389385433510468,4.2254855112293175e-05,17
514.9029405050194,$\hat{T}_{MLG}$,0.2322786686015254,4.2548680798322556e-05,17
554.1508751495202,$\hat{T}_{MLG}$,0.224632052455363,4.399706461547624e-05,17
596.390442299262,$\hat{T}_{MLG}$,0.22840255896718092,4.327075393233996e-05,17
641.8496759929147,$\hat{T}_{MLG}$,0.23149605872970536,4.269252349615686e-05,17
690.7739919237116,$\hat{T}_{MLG}$,0.33391492294752184,2.9597811440547365e-05,17
743.4275123377766,$\hat{T}_{MLG}$,0.23188656144051448,4.262062822955337e-05,17
800.0944919214219,$\hat{T}_{MLG}$,0.23310932753880978,4.239706334762702e-05,17
861.0808523752157,$\hat{T}_{MLG}$,0.22419874859919778,4.40820967482466e-05,17
926.7158339593304,$\hat{T}_{MLG}$,0.22323869870522162,4.427167414927457e-05,17
997.35377292621,$\hat{T}_{MLG}$,0.22779227192538554,4.338668227437904e-05,17
1073.3760144361563,$\hat{T}_{MLG}$,0.22102977097385187,4.4714116487750624e-05,17
1155.1929712829099,$\hat{T}_{MLG}$,0.22611406349608942,4.3708696282646654e-05,17
1243.246339543401,$\hat{T}_{MLG}$,0.2285037571618833,4.325159047421677e-05,17
1338.011483113092,$\hat{T}_{MLG}$,0.2221427231000206,4.4490095325498135e-05,17
1.0,$\hat{T}_{MLD}$,0.31497032769662586,3.137803804841241e-05,17
1.0762239473831834,$\hat{T}_{MLD}$,0.30972716303010267,3.19092159366891e-05,17
1.1582579849210413,$\hat{T}_{MLD}$,0.3035035199197918,3.256354631141516e-05,17
1.2465449806198148,$\hat{T}_{MLD}$,0.3153621989249017,3.133904748342766e-05,17
1.3415615596333508,$\hat{T}_{MLD}$,0.310202544724551,3.186031544441889e-05,17
1.4438206773661448,$\hat{T}_{MLD}$,0.3097947227511996,3.190225720701817e-05,17
1.5538743887084543,$\hat{T}_{MLD}$,0.300101660802422,3.293267654753975e-05,17
1.6723168283534438,$\hat{T}_{MLD}$,0.31184776750508253,3.169222921060218e-05,17
1.7997874182858689,$\hat{T}_{MLD}$,0.302908780463027,3.2627482476665904e-05,17
1.9369743197582066,$\hat{T}_{MLD}$,0.2945626667125881,3.35519468128284e-05,17
2.0846181483900335,$\hat{T}_{MLD}$,0.30494573239904044,3.240954004777787e-05,17
2.2435159724469447,$\hat{T}_{MLD}$,0.2974466259405121,3.322663652793371e-05,17
2.4145256158840724,$\hat{T}_{MLD}$,0.292522866896978,3.3785908880984494e-05,17
2.5985702893845684,$\hat{T}_{MLD}$,0.30339464926272874,3.2575231470305866e-05,17
2.796643574394121,$\hat{T}_{MLD}$,0.29754289734247447,3.3215885893623134e-05,17
3.009814787058257,$\hat{T}_{MLD}$,0.29130789201090174,3.3926821749874845e-05,17
3.239234751020113,$\hat{T}_{MLD}$,0.2997471594768011,3.2971624964975055e-05,17
3.486142010243649,$\hat{T}_{MLD}$,0.2919996795016089,3.384644443259123e-05,17
3.751869515402767,$\hat{T}_{MLD}$,0.2862250503474509,3.452930103283559e-05,17
4.037851819933397,$\hat{T}_{MLD}$,0.2966255909330109,3.3318605099105006e-05,17
4.345632824597091,$\hat{T}_{MLD}$,0.290086317070009,3.406969010606753e-05,17
4.676874112365815,$\hat{T}_{MLD}$,0.29488020027006695,3.3515817330340046e-05,17
5.03336391862456,$\hat{T}_{MLD}$,0.28706594090954607,3.442815575847019e-05,17
5.417026785118212,$\hat{T}_{MLD}$,0.2949839046664246,3.350403452609312e-05,17
5.829933949760359,$\hat{T}_{MLD}$,0.28417223580318907,3.4778735152122633e-05,17
6.274314528394325,$\hat{T}_{MLD}$,0.2762815910224321,3.57720211832109e-05,17
6.752567548872198,$\hat{T}_{MLD}$,0.2867598725411276,3.446490207645142e-05,17
7.267274902418825,$\hat{T}_{MLD}$,0.27995048835403413,3.5303210166531704e-05,17
7.821215282199927,$\hat{T}_{MLD}$,0.28401639339599277,3.4797818563965666e-05,17
8.417379184342884,$\hat{T}_{MLD}$,0.2798139765266429,3.5320433415321604e-05,17
9.058985052394538,$\hat{T}_{MLD}$,0.28422666611572234,3.477207491348383e-05,17
9.749496652373306,$\hat{T}_{MLD}$,0.27411930383405175,3.605419533886159e-05,17
10.492641772216333,$\hat{T}_{MLD}$,0.2756718927688385,3.585113747839739e-05,17
11.292432346572342,$\hat{T}_{MLD}$,0.2681764001298799,3.685317172502564e-05,17
12.153186115585632,$\hat{T}_{MLD}$,0.26165341958726085,3.777191577383396e-05,17
13.079549934598068,$\hat{T}_{MLD}$,0.2728366736082828,3.6223689417849654e-05,17
14.076524860608592,$\hat{T}_{MLD}$,0.26736662714816806,3.696478888185492e-05,17
15.149493150921694,$\hat{T}_{MLD}$,0.27363719334772907,3.6117717791479e-05,17
16.304247319739442,$\hat{T}_{MLD}$,0.282896197578834,3.493560893066277e-05,17
17.54702140956167,$\hat{T}_{MLD}$,0.26763073769437346,3.692831029697316e-05,17
18.88452464621569,$\hat{T}_{MLD}$,0.2600744102237883,3.800124325219624e-05,17
20.32397765920527,$\hat{T}_{MLD}$,0.2643529971503959,3.7386188290359816e-05,17
21.87315146291753,$\hat{T}_{MLD}$,0.2576331017343861,3.836133967278382e-05,17
23.540409409131357,$\hat{T}_{MLD}$,0.262326449003137,3.767500747310259e-05,17
25.33475233731158,$\hat{T}_{MLD}$,0.2559513257294529,3.8613400022129195e-05,17
27.265867166436806,$\hat{T}_{MLD}$,0.2594100922951563,3.809855984839873e-05,17
29.344179190688156,$\hat{T}_{MLD}$,0.24987932540548333,3.9551695245487396e-05,17
31.580908361321878,$\hat{T}_{MLD}$,0.24747772825338946,3.993551660724158e-05,17
33.98812985856841,$\hat{T}_{MLD}$,0.23234060179058022,4.253733893438829e-05,17
36.57883928056072,$\hat{T}_{MLD}$,0.2334193010298744,4.234076138082835e-05,17
39.36702280122011,$\hat{T}_{MLD}$,0.2333571564251869,4.2352037014789986e-05,17
42.36773267585289,$\hat{T}_{MLD}$,0.2209723150860396,4.472574278247241e-05,17
45.597168502081885,$\hat{T}_{MLD}$,0.22440465830975465,4.4041647802798946e-05,17
49.07276467480673,$\hat{T}_{MLD}$,0.227386188650624,4.346416545892763e-05,17
52.81328450732654,$\hat{T}_{MLD}$,0.22777419485741243,4.3390125614416265e-05,17
56.8389215267461,$\hat{T}_{MLD}$,0.223853405819033,4.415010301239448e-05,17
61.17140849051769,$\hat{T}_{MLD}$,0.22863809195448911,4.3226178289455433e-05,17
65.83413471265413,$\hat{T}_{MLD}$,0.22728506173091564,4.3483504156935685e-05,17
70.8522723330089,$\hat{T}_{MLD}$,0.22651139098403736,4.3632026114228115e-05,17
76.25291221129912,$\hat{T}_{MLD}$,0.22105874023896224,4.4708256800441676e-05,17
82.06521017950769,$\hat{T}_{MLD}$,0.22507683833149858,4.391011976109914e-05,17
88.32054444222037,$\hat{T}_{MLD}$,0.2269683903734537,4.354417331119951e-05,17
95.0526849746383,$\hat{T}_{MLD}$,0.21933553843813597,4.505950561848059e-05,17
102.29797583277549,$\hat{T}_{MLD}$,0.22183579718783528,4.4551650598651044e-05,17
110.0955313600591,$\hat{T}_{MLD}$,0.22337883150355944,4.424390108974211e-05,17
118.4874473495718,$\hat{T}_{MLD}$,0.21503766211607087,4.59600928941044e-05,17
127.51902830191335,$\hat{T}_{MLD}$,0.21778806433219358,4.5379672007694676e-05,17
137.239032005553,$\hat{T}_{MLD}$,0.21908577676285046,4.511087425489824e-05,17
147.6999327600634,$\hat{T}_{MLD}$,0.2146686475774993,4.6039098108249156e-05,17
158.95820466326612,$\hat{T}_{MLD}$,0.2165940766766745,4.562983013306934e-05,17
171.07462649164432,$\hat{T}_{MLD}$,0.22001273492623366,4.492081301520704e-05,17
184.11460981994108,$\hat{T}_{MLD}$,0.21427616338209923,4.6123426752615165e-05,17
198.14855215133173,$\hat{T}_{MLD}$,0.21935939547198238,4.5054605048125127e-05,17
213.25221696456873,$\hat{T}_{MLD}$,0.2165141001552044,4.564668499419246e-05,17
229.50714272982336,$\hat{T}_{MLD}$,0.22003007907747724,4.491727207490384e-05,17
247.00108310132606,$\hat{T}_{MLD}$,0.22291424479133218,4.433611201400419e-05,17
265.8284806632307,$\hat{T}_{MLD}$,0.21586513125913248,4.5783915488979796e-05,17
286.0909767862566,$\hat{T}_{MLD}$,0.2200744465462531,4.4908216658895514e-05,17
307.8979603476156,$\hat{T}_{MLD}$,0.22144400777968679,4.4630473525471666e-05,17
331.36715827654194,$\hat{T}_{MLD}$,0.2151790412642465,4.5929895720879426e-05,17
356.62527111352796,$\hat{T}_{MLD}$,0.2178341450679186,4.5370072370904856e-05,17
383.8086570143992,$\hat{T}_{MLD}$,0.22071750432840326,4.4777377112241244e-05,17
413.0640678918749,$\hat{T}_{MLD}$,0.218733535744756,4.5183519266649974e-05,17
444.5494416687491,$\hat{T}_{MLD}$,0.22137963710860098,4.4643450751242e-05,17
478.43475491973123,$\hat{T}_{MLD}$,0.22586711189430358,4.375648514605596e-05,17
514.9029405050194,$\hat{T}_{MLD}$,0.22788082061071882,4.3369823314217e-05,17
554.1508751495202,$\hat{T}_{MLD}$,0.22067519636217864,4.478596185483907e-05,17
596.390442299262,$\hat{T}_{MLD}$,0.22415116610757363,4.409145443322198e-05,17
641.8496759929147,$\hat{T}_{MLD}$,0.22705430408756305,4.352769689304914e-05,17
690.7739919237116,$\hat{T}_{MLD}$,0.22197743532398048,4.452322332745668e-05,17
743.4275123377766,$\hat{T}_{MLD}$,0.2260860492671072,4.3714112209149614e-05,17
800.0944919214219,$\hat{T}_{MLD}$,0.22750731157088278,4.344102551405884e-05,17
861.0808523752157,$\hat{T}_{MLD}$,0.21908291592054355,4.5111463324552656e-05,17
926.7158339593304,$\hat{T}_{MLD}$,0.21980292853470235,4.496369085012126e-05,17
997.35377292621,$\hat{T}_{MLD}$,0.2236147816919946,4.419721653373807e-05,17
1073.3760144361563,$\hat{T}_{MLD}$,0.21717022969189917,4.5508774110553476e-05,17
1155.1929712829099,$\hat{T}_{MLD}$,0.22148672595621438,4.4621865639656654e-05,17
1243.246339543401,$\hat{T}_{MLD}$,0.22553374641341126,4.382116239256493e-05,17
1338.011483113092,$\hat{T}_{MLD}$,0.21954024017975007,4.50174916384065e-05,17
1.0,$\hat{T}_{emp}$,0.005178154180610594,0.0016528805172879547,18
1.0762239473831834,$\hat{T}_{emp}$,0.0038729790127482247,0.002209893245605568,18
1.1582579849210413,$\hat{T}_{emp}$,0.004300662095057933,0.0019901284898620076,18
1.2465449806198148,$\hat{T}_{emp}$,0.007127016059817499,0.0012009051317983968,18
1.3415615596333508,$\hat{T}_{emp}$,0.008950843727072635,0.0009562081990949465,18
1.4438206773661448,$\hat{T}_{emp}$,0.010373935930571693,0.0008250359572225308,18
1.5538743887084543,$\hat{T}_{emp}$,0.00806384982732125,0.0010613875932617182,18
1.6723168283534438,$\hat{T}_{emp}$,0.00939152152884758,0.0009113400990834623,18
1.7997874182858689,$\hat{T}_{emp}$,0.01873189939272314,0.00045691416450642074,18
1.9369743197582066,$\hat{T}_{emp}$,0.025363327456464777,0.0003374506036455749,18
2.0846181483900335,$\hat{T}_{emp}$,0.03178246196040433,0.00026929537967534906,18
2.2435159724469447,$\hat{T}_{emp}$,0.04883129170211386,0.00017527429364056567,18
2.4145256158840724,$\hat{T}_{emp}$,0.04021169272651866,0.00021284530892180152,18
2.5985702893845684,$\hat{T}_{emp}$,0.0567107252372279,0.00015092154305630236,18
2.796643574394121,$\hat{T}_{emp}$,0.06447377682836883,0.00013274963220207182,18
3.009814787058257,$\hat{T}_{emp}$,0.07137576067792754,0.00011991283986821585,18
3.239234751020113,$\hat{T}_{emp}$,0.09051563552772383,9.455681452982723e-05,18
3.486142010243649,$\hat{T}_{emp}$,0.06756474750376246,0.0001266765654702966,18
3.751869515402767,$\hat{T}_{emp}$,0.018553243909115794,0.0004613139460986216,18
4.037851819933397,$\hat{T}_{emp}$,0.0201749570238229,0.0004242323862468692,18
4.345632824597091,$\hat{T}_{emp}$,0.01827334785537309,0.0004683799722078719,18
4.676874112365815,$\hat{T}_{emp}$,0.020977792418128416,0.0004079967038499289,18
5.03336391862456,$\hat{T}_{emp}$,0.02319384716887127,0.00036901468300314495,18
5.417026785118212,$\hat{T}_{emp}$,0.01649989809025885,0.0005187226074867321,18
5.829933949760359,$\hat{T}_{emp}$,0.018216091468033754,0.00046985217304512515,18
6.274314528394325,$\hat{T}_{emp}$,0.024567678429414645,0.00034837928155217833,18
6.752567548872198,$\hat{T}_{emp}$,0.027691059692884892,0.00030908424074661145,18
7.267274902418825,$\hat{T}_{emp}$,0.043200265695590115,0.00019812077594509128,18
7.821215282199927,$\hat{T}_{emp}$,0.06212540202426536,0.00013776764224884117,18
8.417379184342884,$\hat{T}_{emp}$,0.07534256325574396,0.00011359940239346601,18
9.058985052394538,$\hat{T}_{emp}$,0.11334502358205345,7.551165362322618e-05,18
9.749496652373306,$\hat{T}_{emp}$,0.13221813521082248,6.473295170134764e-05,18
10.492641772216333,$\hat{T}_{emp}$,0.173880876423503,4.9222607665022925e-05,18
11.292432346572342,$\hat{T}_{emp}$,0.18954465837440682,4.515490034933151e-05,18
12.153186115585632,$\hat{T}_{emp}$,0.22526606533178586,3.7994493968891353e-05,18
13.079549934598068,$\hat{T}_{emp}$,0.23494980323075856,3.642850533583224e-05,18
14.076524860608592,$\hat{T}_{emp}$,0.19691549064553984,4.3464686970975395e-05,18
15.149493150921694,$\hat{T}_{emp}$,0.1311844857217432,6.524300578346385e-05,18
16.304247319739442,$\hat{T}_{emp}$,0.08399629807139598,0.00010189580204319804,18
17.54702140956167,$\hat{T}_{emp}$,0.07118629021401299,0.00012023200162437477,18
18.88452464621569,$\hat{T}_{emp}$,0.041059142224057266,0.00020845223979446974,18
20.32397765920527,$\hat{T}_{emp}$,0.030228555522193338,0.00028313857585290946,18
21.87315146291753,$\hat{T}_{emp}$,0.030053075349466194,0.00028479182450113035,18
23.540409409131357,$\hat{T}_{emp}$,0.028109627291931023,0.0003044818087325292,18
25.33475233731158,$\hat{T}_{emp}$,0.027577500170604764,0.00031035699783142206,18
27.265867166436806,$\hat{T}_{emp}$,0.02684571764000521,0.00031881696274306645,18
29.344179190688156,$\hat{T}_{emp}$,0.030072247127761038,0.0002846102628873167,18
31.580908361321878,$\hat{T}_{emp}$,0.030429191470102403,0.000281271691660088,18
33.98812985856841,$\hat{T}_{emp}$,0.02952809045352673,0.0002898551863390876,18
36.57883928056072,$\hat{T}_{emp}$,0.032468121986282905,0.00026360841456307097,18
39.36702280122011,$\hat{T}_{emp}$,0.03241985425556108,0.0002640008833221789,18
42.36773267585289,$\hat{T}_{emp}$,0.03595059870864624,0.00023807309107722833,18
45.597168502081885,$\hat{T}_{emp}$,0.03365646952824743,0.0002543008901590547,18
49.07276467480673,$\hat{T}_{emp}$,0.024811129428229182,0.0003449609251123594,18
52.81328450732654,$\hat{T}_{emp}$,0.025029373204183067,0.0003419530361716773,18
56.8389215267461,$\hat{T}_{emp}$,0.004292165397744324,0.0019940681142302658,18
61.17140849051769,$\hat{T}_{emp}$,0.005193129834542093,0.001648114033990661,18
65.83413471265413,$\hat{T}_{emp}$,0.009185095316928755,0.0009318215941504541,18
70.8522723330089,$\hat{T}_{emp}$,0.011240088004351657,0.0007614593548850164,18
76.25291221129912,$\hat{T}_{emp}$,0.01768346655478265,0.0004840040912865923,18
82.06521017950769,$\hat{T}_{emp}$,0.02352079957264681,0.0003638851704088259,18
88.32054444222037,$\hat{T}_{emp}$,0.02637747836989405,0.000324476435564557,18
95.0526849746383,$\hat{T}_{emp}$,0.031639463193439146,0.00027051249600275193,18
102.29797583277549,$\hat{T}_{emp}$,0.03336218418669249,0.00025654405936822284,18
110.0955313600591,$\hat{T}_{emp}$,0.03068561200156258,0.0002789212794650661,18
118.4874473495718,$\hat{T}_{emp}$,0.03571066883427679,0.0002396726367787661,18
127.51902830191335,$\hat{T}_{emp}$,0.037399836727834104,0.0002288477947892925,18
137.239032005553,$\hat{T}_{emp}$,0.040751275061798736,0.0002100270518570282,18
147.6999327600634,$\hat{T}_{emp}$,0.05221585608852368,0.0001639132401876974,18
158.95820466326612,$\hat{T}_{emp}$,0.055725626314623335,0.00015358948345096362,18
171.07462649164432,$\hat{T}_{emp}$,0.04934963198652631,0.00017343331279514324,18
184.11460981994108,$\hat{T}_{emp}$,0.05055826972991957,0.00016928724432947558,18
198.14855215133173,$\hat{T}_{emp}$,0.038518523253883774,0.00022220140954602778,18
213.25221696456873,$\hat{T}_{emp}$,0.03503132333410794,0.00024432049223533487,18
229.50714272982336,$\hat{T}_{emp}$,0.02646905826007647,0.0003233537845036915,18
247.00108310132606,$\hat{T}_{emp}$,0.025612290068202117,0.00033417043684314413,18
265.8284806632307,$\hat{T}_{emp}$,0.021566879471434014,0.0003968525058055295,18
286.0909767862566,$\hat{T}_{emp}$,0.011929095855937197,0.0007174785301423001,18
307.8979603476156,$\hat{T}_{emp}$,0.008322479238973245,0.0010284039064422277,18
331.36715827654194,$\hat{T}_{emp}$,0.0041949853273405315,0.002040262239980333,18
356.62527111352796,$\hat{T}_{emp}$,0.003599750691968984,0.002377628589596273,18
383.8086570143992,$\hat{T}_{emp}$,0.004798991726270041,0.0017834725810825065,18
413.0640678918749,$\hat{T}_{emp}$,0.0061275942459994735,0.00139677495229588,18
444.5494416687491,$\hat{T}_{emp}$,0.005083384255675098,0.0016836952963154982,18
478.43475491973123,$\hat{T}_{emp}$,0.005868911961812466,0.0014583401857677946,18
514.9029405050194,$\hat{T}_{emp}$,0.007200231023348627,0.001188693825641157,18
554.1508751495202,$\hat{T}_{emp}$,0.006335500047979948,0.0013509383783168606,18
596.390442299262,$\hat{T}_{emp}$,0.004559106569358234,0.0018773130284272385,18
641.8496759929147,$\hat{T}_{emp}$,0.005309182456868893,0.0016120881567313933,18
690.7739919237116,$\hat{T}_{emp}$,0.00509008035815388,0.0016814803614905282,18
743.4275123377766,$\hat{T}_{emp}$,0.004978236763688818,0.0017192573529392352,18
800.0944919214219,$\hat{T}_{emp}$,0.004513778747307176,0.001896165195458564,18
861.0808523752157,$\hat{T}_{emp}$,0.004346881557829728,0.0019689678788758205,18
926.7158339593304,$\hat{T}_{emp}$,0.00571870903447157,0.0014966437545699148,18
997.35377292621,$\hat{T}_{emp}$,0.00626854312961314,0.0013653683134461625,18
1073.3760144361563,$\hat{T}_{emp}$,0.007819851643413553,0.0010945054396080936,18
1155.1929712829099,$\hat{T}_{emp}$,0.009871174290657089,0.0008670569385797655,18
1243.246339543401,$\hat{T}_{emp}$,0.009603015198498458,0.0008912690424547803,18
1338.011483113092,$\hat{T}_{emp}$,0.009269912504405894,0.0009232956790667096,18
1.0,$\hat{T}_{GT}$,8.558932529934867e-06,0.9999927129592124,18
1.0762239473831834,$\hat{T}_{GT}$,7.952728978949126e-06,1.0762180106099117,18
1.1582579849210413,$\hat{T}_{GT}$,7.389453771577205e-06,1.1582547810996886,18
1.2465449806198148,$\hat{T}_{GT}$,6.866104103870423e-06,1.2465395268067356,18
1.3415615596333508,$\hat{T}_{GT}$,6.3797888289897606e-06,1.34156010333021,18
1.4438206773661448,$\hat{T}_{GT}$,5.92796338889811e-06,1.443812925139429,18
1.5538743887084543,$\hat{T}_{GT}$,5.508094144345115e-06,1.5538714365351556,18
1.6723168283534438,$\hat{T}_{GT}$,5.117995383568164e-06,1.6723090818181532,18
1.7997874182858689,$\hat{T}_{GT}$,4.755496164692343e-06,1.7997848939907912,18
1.9369743197582066,$\hat{T}_{GT}$,4.418698163147174e-06,1.9369664649256,18
2.0846181483900335,$\hat{T}_{GT}$,4.105730779021358e-06,2.084615534066877,18
2.2435159724469447,$\hat{T}_{GT}$,3.814944664227645e-06,2.243510958599241,18
2.4145256158840724,$\hat{T}_{GT}$,3.5447542953560175e-06,2.414517184408916,18
2.5985702893845684,$\hat{T}_{GT}$,3.293688305100935e-06,2.5985671283434137,18
2.796643574394121,$\hat{T}_{GT}$,3.0604156656557093e-06,2.7966365016010473,18
3.009814787058257,$\hat{T}_{GT}$,2.8436558039014957e-06,3.009812280692218,18
3.239234751020113,$\hat{T}_{GT}$,2.6422522558228635e-06,3.2392327953482916,18
3.486142010243649,$\hat{T}_{GT}$,1.964091497202397e-05,0.4357673852178203,18
3.751869515402767,$\hat{T}_{GT}$,2.2812300392371566e-06,3.7518663236200895,18
4.037851819933397,$\hat{T}_{GT}$,2.119663482225562e-06,4.037843852297701,18
4.345632824597091,$\hat{T}_{GT}$,1.9695352290766427e-06,4.345629382144635,18
4.676874112365815,$\hat{T}_{GT}$,1.8300438295497177e-06,4.676866216231735,18
5.03336391862456,$\hat{T}_{GT}$,1.7004286780697414e-06,5.033360276162897,18
5.417026785118212,$\hat{T}_{GT}$,1.5799959868101935e-06,5.417020189983944,18
5.829933949760359,$\hat{T}_{GT}$,1.4680924780813793e-06,5.829925763143913,18
6.274314528394325,$\hat{T}_{GT}$,1.3641131831990363e-06,6.274310860754732,18
6.752567548872198,$\hat{T}_{GT}$,1.2674994137815211e-06,6.752563407591221,18
7.267274902418825,$\hat{T}_{GT}$,1.1777286795777137e-06,7.267268182441895,18
7.821215282199927,$\hat{T}_{GT}$,1.0943157954636233e-06,7.821206818108962,18
8.417379184342884,$\hat{T}_{GT}$,1.0168099012880947e-06,8.417374919148651,18
9.058985052394538,$\hat{T}_{GT}$,9.447938081992986e-07,9.058982061871198,18
9.749496652373306,$\hat{T}_{GT}$,8.778783436191413e-07,9.749494588691668,18
10.492641772216333,$\hat{T}_{GT}$,8.157026013571659e-07,10.492635608129943,18
11.292432346572342,$\hat{T}_{GT}$,7.579300324469847e-07,11.29242778916152,18
12.153186115585632,$\hat{T}_{GT}$,7.042491577180074e-07,12.15318480234737,18
13.079549934598068,$\hat{T}_{GT}$,6.543706067193392e-07,13.079545555314558,18
14.076524860608592,$\hat{T}_{GT}$,6.080247101242195e-07,14.07651698710706,18
15.149493150921694,$\hat{T}_{GT}$,5.649608990561763e-07,15.149491185926092,18
16.304247319739442,$\hat{T}_{GT}$,5.249473346586504e-07,16.304245389130077,18
17.54702140956167,$\hat{T}_{GT}$,4.877677601119134e-07,17.547019013066127,18
18.88452464621569,$\hat{T}_{GT}$,4.5322142994080476e-07,18.884522211940194,18
20.32397765920527,$\hat{T}_{GT}$,4.2112196155240717e-07,20.323970113297694,18
21.87315146291753,$\hat{T}_{GT}$,3.91295705294857e-07,21.873151288984815,18
23.540409409131357,$\hat{T}_{GT}$,3.6358215684207083e-07,23.54040207853803,18
25.33475233731158,$\hat{T}_{GT}$,3.3783121817207636e-07,25.33475208997681,18
27.265867166436806,$\hat{T}_{GT}$,3.13904230958177e-07,27.265864287712528,18
29.344179190688156,$\hat{T}_{GT}$,2.916718924547398e-07,29.34417193447101,18
31.580908361321878,$\hat{T}_{GT}$,2.7101409408796307e-07,31.58090426790302,18
33.98812985856841,$\hat{T}_{GT}$,2.518193951298129e-07,33.98812929493507,18
36.57883928056072,$\hat{T}_{GT}$,2.3398424630866453e-07,36.57883082160085,18
39.36702280122011,$\hat{T}_{GT}$,2.1741219482393743e-07,39.36701971835334,18
42.36773267585289,$\hat{T}_{GT}$,2.020139171427798e-07,42.36772536119464,18
45.597168502081885,$\hat{T}_{GT}$,1.8770618351095031e-07,45.59716680907915,18
49.07276467480673,$\hat{T}_{GT}$,1.7441183098237812e-07,49.072761362783794,18
52.81328450732654,$\hat{T}_{GT}$,1.6205905756175665e-07,52.81327862457087,18
56.8389215267461,$\hat{T}_{GT}$,1.5058116045973633e-07,56.83891752801949,18
61.17140849051769,$\hat{T}_{GT}$,1.399162041853134e-07,61.17140048559738,18
65.83413471265413,$\hat{T}_{GT}$,1.3000658613365353e-07,65.83412744832373,18
70.8522723330089,$\hat{T}_{GT}$,1.207988135623727e-07,70.85227005334102,18
76.25291221129912,$\hat{T}_{GT}$,1.1224319598582413e-07,76.25290856583747,18
82.06521017950769,$\hat{T}_{GT}$,1.0429353540692522e-07,82.06520305645046,18
88.32054444222037,$\hat{T}_{GT}$,9.690690599313007e-08,88.32053890205904,18
95.0526849746383,$\hat{T}_{GT}$,9.004343785485557e-08,95.05268084544696,18
102.29797583277549,$\hat{T}_{GT}$,8.366608030688719e-08,102.29796984931632,18
110.0955313600591,$\hat{T}_{GT}$,7.774039760326354e-08,110.09552850917143,18
118.4874473495718,$\hat{T}_{GT}$,7.223440816687998e-08,118.48744078959216,18
127.51902830191335,$\hat{T}_{GT}$,6.711837782398057e-08,127.51902590807914,18
137.239032005553,$\hat{T}_{GT}$,6.236469589446347e-08,137.23902663019723,18
147.6999327600634,$\hat{T}_{GT}$,5.794769432498527e-08,147.6999259477715,18
158.95820466326612,$\hat{T}_{GT}$,5.384352586791052e-08,158.95820384499206,18
171.07462649164432,$\hat{T}_{GT}$,5.0030040537840945e-08,171.07461974112928,18
184.11460981994108,$\hat{T}_{GT}$,4.64866440385179e-08,184.11460619856135,18
198.14855215133173,$\hat{T}_{GT}$,4.3194210109855406e-08,198.14855136548937,18
213.25221696456873,$\hat{T}_{GT}$,4.0134965863204785e-08,213.2522098017052,18
229.50714272982336,$\hat{T}_{GT}$,3.729239185607255e-08,229.50713898096964,18
247.00108310132606,$\hat{T}_{GT}$,3.465114526366489e-08,247.0010758812995,18
265.8284806632307,$\hat{T}_{GT}$,3.219696506255806e-08,265.8284761937875,18
286.0909767862566,$\hat{T}_{GT}$,2.991660298169807e-08,286.0909765015914,18
307.8979603476156,$\hat{T}_{GT}$,2.779774891605458e-08,307.89795916536434,18
331.36715827654194,$\hat{T}_{GT}$,2.5828963804478257e-08,331.3671514441658,18
356.62527111352796,$\hat{T}_{GT}$,2.3999617926082618e-08,356.6252674107242,18
383.8086570143992,$\hat{T}_{GT}$,2.2299836555577948e-08,383.8086498666986,18
413.0640678918749,$\hat{T}_{GT}$,2.0720442320111024e-08,413.0640663176037,18
444.5494416687491,$\hat{T}_{GT}$,1.9252909706683652e-08,444.5494364767736,18
478.43475491973123,$\hat{T}_{GT}$,1.788931551328525e-08,478.43474806446886,18
514.9029405050194,$\hat{T}_{GT}$,1.662229815140264e-08,514.9029383715031,18
554.1508751495202,$\hat{T}_{GT}$,1.544501799862005e-08,554.1508699704411,18
596.390442299262,$\hat{T}_{GT}$,1.435111910098505e-08,596.3904348098504,18
641.8496759929147,$\hat{T}_{GT}$,1.3334695783650534e-08,641.8496754262907,18
690.7739919237116,$\hat{T}_{GT}$,1.2390261160561813e-08,690.7739917450083,18
743.4275123377766,$\hat{T}_{GT}$,1.1512716491884634e-08,743.4275104991606,18
800.0944919214219,$\hat{T}_{GT}$,1.0697324228013423e-08,800.0944888845229,18
861.0808523752157,$\hat{T}_{GT}$,9.93968242873675e-09,861.0808465972472,18
926.7158339593304,$\hat{T}_{GT}$,9.235700867692249e-09,926.715826254673,18
997.35377292621,$\hat{T}_{GT}$,8.581579034742446e-09,997.353765081451,18
1073.3760144361563,$\hat{T}_{GT}$,7.973785573918041e-09,1073.3760120964591,18
1155.1929712829099,$\hat{T}_{GT}$,7.409039371813039e-09,1155.1929651239002,18
1243.246339543401,$\hat{T}_{GT}$,6.8842914657276805e-09,1243.2463388938947,18
1338.011483113092,$\hat{T}_{GT}$,6.396709082519632e-09,1338.0114759374246,18
1.0,$\hat{T}_{Reset}$,8.558932529934867e-06,0.9999927129592124,18
1.0762239473831834,$\hat{T}_{Reset}$,3.18109159157965e-05,0.26905450265247793,18
1.1582579849210413,$\hat{T}_{Reset}$,7.389453771577205e-06,1.1582547810996886,18
1.2465449806198148,$\hat{T}_{Reset}$,1.3732208207740847e-05,0.6232697634033678,18
1.3415615596333508,$\hat{T}_{Reset}$,6.3797888289897606e-06,1.34156010333021,18
1.4438206773661448,$\hat{T}_{Reset}$,5.92796338889811e-06,1.443812925139429,18
1.5538743887084543,$\hat{T}_{Reset}$,8.262141216517672e-05,0.1035914291023437,18
1.6723168283534438,$\hat{T}_{Reset}$,5.117995383568164e-06,1.6723090818181532,18
1.7997874182858689,$\hat{T}_{Reset}$,4.755496164692343e-06,1.7997848939907912,18
1.9369743197582066,$\hat{T}_{Reset}$,4.418698163147174e-06,1.9369664649256,18
2.0846181483900335,$\hat{T}_{Reset}$,4.105730779021358e-06,2.084615534066877,18
2.2435159724469447,$\hat{T}_{Reset}$,3.814944664227645e-06,2.243510958599241,18
2.4145256158840724,$\hat{T}_{Reset}$,7.089508590712035e-06,1.207258592204458,18
2.5985702893845684,$\hat{T}_{Reset}$,3.293688305100935e-06,2.5985671283434137,18
2.796643574394121,$\hat{T}_{Reset}$,3.0604156656557093e-06,2.7966365016010473,18
3.009814787058257,$\hat{T}_{Reset}$,2.8436558039014957e-06,3.009812280692218,18
3.239234751020113,$\hat{T}_{Reset}$,4.756054060481154e-05,0.17995737751934957,18
3.486142010243649,$\hat{T}_{Reset}$,0.00014976197666168278,0.05714982101217315,18
3.751869515402767,$\hat{T}_{Reset}$,3.19372205493202e-05,0.2679904516871492,18
4.037851819933397,$\hat{T}_{Reset}$,2.119663482225562e-06,4.037843852297701,18
4.345632824597091,$\hat{T}_{Reset}$,1.9695352290766427e-06,4.345629382144635,18
4.676874112365815,$\hat{T}_{Reset}$,1.8300438295497177e-06,4.676866216231735,18
5.03336391862456,$\hat{T}_{Reset}$,3.400857356139483e-06,2.5166801380814485,18
5.417026785118212,$\hat{T}_{Reset}$,1.5799959868101935e-06,5.417020189983944,18
5.829933949760359,$\hat{T}_{Reset}$,1.4680924780813793e-06,5.829925763143913,18
6.274314528394325,$\hat{T}_{Reset}$,1.3641131831990363e-06,6.274310860754732,18
6.752567548872198,$\hat{T}_{Reset}$,1.2674994137815211e-06,6.752563407591221,18
7.267274902418825,$\hat{T}_{Reset}$,1.1777286795777137e-06,7.267268182441895,18
7.821215282199927,$\hat{T}_{Reset}$,3.28294738639087e-05,0.26070689393696544,18
8.417379184342884,$\hat{T}_{Reset}$,3.0504297038642844e-06,2.8057916397162166,18
9.058985052394538,$\hat{T}_{Reset}$,9.447938081992986e-07,9.058982061871198,18
9.749496652373306,$\hat{T}_{Reset}$,8.778783436191413e-07,9.749494588691668,18
10.492641772216333,$\hat{T}_{Reset}$,1.6314052027143319e-06,5.246317804064971,18
11.292432346572342,$\hat{T}_{Reset}$,7.579300324469847e-07,11.29242778916152,18
12.153186115585632,$\hat{T}_{Reset}$,7.042491577180074e-07,12.15318480234737,18
13.079549934598068,$\hat{T}_{Reset}$,6.543706067193392e-07,13.079545555314558,18
14.076524860608592,$\hat{T}_{Reset}$,9.120370651863291e-06,0.9384344658071376,18
15.149493150921694,$\hat{T}_{Reset}$,8.756893935370733e-05,0.0977386528124264,18
16.304247319739442,$\hat{T}_{Reset}$,6.8243153505624545e-06,1.254172722240775,18
17.54702140956167,$\hat{T}_{Reset}$,4.389909841007221e-06,1.94966877922957,18
18.88452464621569,$\hat{T}_{Reset}$,1.4956307188046556e-05,0.5722582488466725,18
20.32397765920527,$\hat{T}_{Reset}$,1.2633658846572215e-06,6.774656704432564,18
21.87315146291753,$\hat{T}_{Reset}$,4.304252758243427e-06,1.9884682989986198,18
23.540409409131357,$\hat{T}_{Reset}$,3.6358215684207083e-07,23.54040207853803,18
25.33475233731158,$\hat{T}_{Reset}$,2.3648185272045345e-06,3.6192502985681156,18
27.265867166436806,$\hat{T}_{Reset}$,6.2780846191635395e-06,1.3632932143856265,18
29.344179190688156,$\hat{T}_{Reset}$,7.875141096277975e-06,1.0868211827581857,18
31.580908361321878,$\hat{T}_{Reset}$,1.0840563763518523e-06,7.895226066975755,18
33.98812985856841,$\hat{T}_{Reset}$,6.799123668504948e-06,1.2588196035161137,18
36.57883928056072,$\hat{T}_{Reset}$,2.3398424630866453e-07,36.57883082160085,18
39.36702280122011,$\hat{T}_{Reset}$,2.1741219482393743e-07,39.36701971835334,18
42.36773267585289,$\hat{T}_{Reset}$,2.020139171427798e-07,42.36772536119464,18
45.597168502081885,$\hat{T}_{Reset}$,1.8770618351095031e-07,45.59716680907915,18
49.07276467480673,$\hat{T}_{Reset}$,3.4882366196475625e-07,24.536380681391897,18
52.81328450732654,$\hat{T}_{Reset}$,1.6205905756175665e-07,52.81327862457087,18
56.8389215267461,$\hat{T}_{Reset}$,1.5058116045973633e-07,56.83891752801949,18
61.17140849051769,$\hat{T}_{Reset}$,1.399162041853134e-07,61.17140048559738,18
65.83413471265413,$\hat{T}_{Reset}$,1.3000658613365353e-07,65.83412744832373,18
70.8522723330089,$\hat{T}_{Reset}$,1.0871893220613544e-06,7.872474450371223,18
76.25291221129912,$\hat{T}_{Reset}$,1.1224319598582413e-07,76.25290856583747,18
82.06521017950769,$\hat{T}_{Reset}$,1.0429353540692522e-07,82.06520305645046,18
88.32054444222037,$\hat{T}_{Reset}$,2.907207179793902e-07,29.44017963401968,18
95.0526849746383,$\hat{T}_{Reset}$,3.6017375141942226e-07,23.76317021136174,18
102.29797583277549,$\hat{T}_{Reset}$,2.9283128107410514e-06,2.9227991385518948,18
110.0955313600591,$\hat{T}_{Reset}$,3.887019880163177e-07,22.019105701834285,18
118.4874473495718,$\hat{T}_{Reset}$,9.390473061694396e-07,9.11441852227632,18
127.51902830191335,$\hat{T}_{Reset}$,1.8793145790714561e-06,4.554250925288541,18
137.239032005553,$\hat{T}_{Reset}$,1.8085761809394406e-06,4.73238022862749,18
147.6999327600634,$\hat{T}_{Reset}$,4.056338602748969e-07,21.099989421110212,18
158.95820466326612,$\hat{T}_{Reset}$,1.0768705173582106e-06,7.947910192249601,18
171.07462649164432,$\hat{T}_{Reset}$,8.004806486054551e-07,10.69216373382058,18
184.11460981994108,$\hat{T}_{Reset}$,4.64866440385179e-08,184.11460619856135,18
198.14855215133173,$\hat{T}_{Reset}$,5.183305213182648e-07,16.51237928045745,18
213.25221696456873,$\hat{T}_{Reset}$,4.816195903584575e-07,17.771017483475433,18
229.50714272982336,$\hat{T}_{Reset}$,7.45847837121451e-08,114.75356949048482,18
247.00108310132606,$\hat{T}_{Reset}$,4.5046488842764366e-07,19.000082760099957,18
265.8284806632307,$\hat{T}_{Reset}$,5.087120479884173e-06,1.682458710087263,18
286.0909767862566,$\hat{T}_{Reset}$,2.991660298169807e-08,286.0909765015914,18
307.8979603476156,$\hat{T}_{Reset}$,3.168943376430222e-06,2.700859290924248,18
331.36715827654194,$\hat{T}_{Reset}$,4.3909238467613035e-07,19.492185379068577,18
356.62527111352796,$\hat{T}_{Reset}$,9.599847170433047e-08,89.15631685268104,18
383.8086570143992,$\hat{T}_{Reset}$,4.4599673111155896e-08,191.9043249333493,18
413.0640678918749,$\hat{T}_{Reset}$,5.180110580027757e-07,16.52256265270415,18
444.5494416687491,$\hat{T}_{Reset}$,1.9252909706683652e-08,444.5494364767736,18
478.43475491973123,$\hat{T}_{Reset}$,1.788931551328525e-08,478.43474806446886,18
514.9029405050194,$\hat{T}_{Reset}$,1.662229815140264e-08,514.9029383715031,18
554.1508751495202,$\hat{T}_{Reset}$,3.706804319668812e-07,23.089619582101715,18
596.390442299262,$\hat{T}_{Reset}$,1.435111910098505e-08,596.3904348098504,18
641.8496759929147,$\hat{T}_{Reset}$,1.3334695783650534e-08,641.8496754262907,18
690.7739919237116,$\hat{T}_{Reset}$,2.4780522321123626e-08,345.38699587250414,18
743.4275123377766,$\hat{T}_{Reset}$,1.1512716491884634e-08,743.4275104991606,18
800.0944919214219,$\hat{T}_{Reset}$,1.5297173646059195e-06,5.595066355835824,18
861.0808523752157,$\hat{T}_{Reset}$,9.93968242873675e-09,861.0808465972472,18
926.7158339593304,$\hat{T}_{Reset}$,1.5700691475076824e-07,54.51269566203959,18
997.35377292621,$\hat{T}_{Reset}$,8.581579034742446e-09,997.353765081451,18
1073.3760144361563,$\hat{T}_{Reset}$,7.973785573918041e-09,1073.3760120964591,18
1155.1929712829099,$\hat{T}_{Reset}$,7.409039371813039e-09,1155.1929651239002,18
1243.246339543401,$\hat{T}_{Reset}$,6.8842914657276805e-09,1243.2463388938947,18
1338.011483113092,$\hat{T}_{Reset}$,6.396709082519632e-09,1338.0114759374246,18
1.0,$\hat{T}_{MLG}$,0.3305888636647637,2.5889771560253204e-05,18
1.0762239473831834,$\hat{T}_{MLG}$,0.3244715223670503,2.6377877781713047e-05,18
1.1582579849210413,$\hat{T}_{MLG}$,0.3185857760995507,2.68651986458114e-05,18
1.2465449806198148,$\hat{T}_{MLG}$,0.32705398919275214,2.6169594144898743e-05,18
1.3415615596333508,$\hat{T}_{MLG}$,0.32014260916775655,2.673455490006182e-05,18
1.4438206773661448,$\hat{T}_{MLG}$,0.31307910816754797,2.7337723716984794e-05,18
1.5538743887084543,$\hat{T}_{MLG}$,0.3610070439600994,2.3708319003300108e-05,18
1.6723168283534438,$\hat{T}_{MLG}$,0.49894844722067255,1.7153816608350015e-05,18
1.7997874182858689,$\hat{T}_{MLG}$,0.39672856225657804,2.1573617266077016e-05,18
1.9369743197582066,$\hat{T}_{MLG}$,0.3195071740922889,2.6787724516546268e-05,18
2.0846181483900335,$\hat{T}_{MLG}$,0.310643453592925,2.7552069942733066e-05,18
2.2435159724469447,$\hat{T}_{MLG}$,0.31506265470935846,2.7165613038269733e-05,18
2.4145256158840724,$\hat{T}_{MLG}$,0.3033726068654801,2.821240272507383e-05,18
2.5985702893845684,$\hat{T}_{MLG}$,0.3074658393371782,2.7836816535766287e-05,18
2.796643574394121,$\hat{T}_{MLG}$,0.3002277508729836,2.850792485290741e-05,18
3.009814787058257,$\hat{T}_{MLG}$,0.29369275678496276,2.9142258237274453e-05,18
3.239234751020113,$\hat{T}_{MLG}$,0.29993664948410026,2.8535593017278577e-05,18
3.486142010243649,$\hat{T}_{MLG}$,0.877925514199154,9.748970752321566e-06,18
3.751869515402767,$\hat{T}_{MLG}$,0.7099468089218907,1.2055649878392625e-05,18
4.037851819933397,$\hat{T}_{MLG}$,0.2996927124973239,2.8558819763496417e-05,18
4.345632824597091,$\hat{T}_{MLG}$,0.30022060792659144,2.8508603122731664e-05,18
4.676874112365815,$\hat{T}_{MLG}$,0.2865506496564093,2.986861195710776e-05,18
5.03336391862456,$\hat{T}_{MLG}$,0.280235234006193,3.054173466444009e-05,18
5.417026785118212,$\hat{T}_{MLG}$,0.2910153629124382,2.9410372273781468e-05,18
5.829933949760359,$\hat{T}_{MLG}$,0.2753505002158096,3.1083546802843266e-05,18
6.274314528394325,$\hat{T}_{MLG}$,0.28536321200774273,2.9992899576740806e-05,18
6.752567548872198,$\hat{T}_{MLG}$,0.276177622689507,3.0990454901071916e-05,18
7.267274902418825,$\hat{T}_{MLG}$,0.28902614818182243,2.9612788373943778e-05,18
7.821215282199927,$\hat{T}_{MLG}$,1.4714980580862824,5.8164332012611915e-06,18
8.417379184342884,$\hat{T}_{MLG}$,0.27349695274579344,3.129420666196459e-05,18
9.058985052394538,$\hat{T}_{MLG}$,0.27596678830855453,3.10141311318769e-05,18
9.749496652373306,$\hat{T}_{MLG}$,0.2647937322462273,3.2322782295638594e-05,18
10.492641772216333,$\hat{T}_{MLG}$,0.2714676793350719,3.1528136909735875e-05,18
11.292432346572342,$\hat{T}_{MLG}$,0.2630038452822266,3.254275674737756e-05,18
12.153186115585632,$\hat{T}_{MLG}$,0.2675675727848547,3.198769593625766e-05,18
13.079549934598068,$\hat{T}_{MLG}$,0.25951995444664455,3.2979622622444884e-05,18
14.076524860608592,$\hat{T}_{MLG}$,1.7291859182905993,4.949652937901185e-06,18
15.149493150921694,$\hat{T}_{MLG}$,3.1427286473293736,2.723388214861495e-06,18
16.304247319739442,$\hat{T}_{MLG}$,0.37940516267645447,2.2558654975243905e-05,18
17.54702140956167,$\hat{T}_{MLG}$,0.35699354823632934,2.397485949796062e-05,18
18.88452464621569,$\hat{T}_{MLG}$,0.8482635457076079,1.008987148387327e-05,18
20.32397765920527,$\hat{T}_{MLG}$,0.5357638008354217,1.5975081084796123e-05,18
21.87315146291753,$\hat{T}_{MLG}$,0.2804841374523989,3.0514631730633797e-05,18
23.540409409131357,$\hat{T}_{MLG}$,0.29960109839478477,2.856755267754856e-05,18
25.33475233731158,$\hat{T}_{MLG}$,0.48663177521926937,1.7587980474123206e-05,18
27.265867166436806,$\hat{T}_{MLG}$,0.2756825104490871,3.1046112235056244e-05,18
29.344179190688156,$\hat{T}_{MLG}$,0.30097164999897913,2.8437462999167708e-05,18
31.580908361321878,$\hat{T}_{MLG}$,1.1326015224829227,7.556823817331107e-06,18
33.98812985856841,$\hat{T}_{MLG}$,0.3085625013721639,2.773788170170874e-05,18
36.57883928056072,$\hat{T}_{MLG}$,0.6917990606615858,1.237190196884533e-05,18
39.36702280122011,$\hat{T}_{MLG}$,0.298301894357023,2.8691973877982584e-05,18
42.36773267585289,$\hat{T}_{MLG}$,0.5640731950058523,1.5173332532767532e-05,18
45.597168502081885,$\hat{T}_{MLG}$,0.3856624030346459,2.2192648527047474e-05,18
49.07276467480673,$\hat{T}_{MLG}$,0.413159305405232,2.0715665963882318e-05,18
52.81328450732654,$\hat{T}_{MLG}$,0.42311364896403747,2.0228300792470735e-05,18
56.8389215267461,$\hat{T}_{MLG}$,0.30760563109693706,2.7824166060039488e-05,18
61.17140849051769,$\hat{T}_{MLG}$,0.27607956480617757,3.100146208450163e-05,18
65.83413471265413,$\hat{T}_{MLG}$,0.26523406199507066,3.226912145546181e-05,18
70.8522723330089,$\hat{T}_{MLG}$,0.263725216886901,3.245374204892553e-05,18
76.25291221129912,$\hat{T}_{MLG}$,0.2708590766401032,3.159897857887478e-05,18
82.06521017950769,$\hat{T}_{MLG}$,0.2579835378656453,3.317603220520907e-05,18
88.32054444222037,$\hat{T}_{MLG}$,0.24886665350238033,3.439139008859843e-05,18
95.0526849746383,$\hat{T}_{MLG}$,0.3016730080414192,2.8371348886040558e-05,18
102.29797583277549,$\hat{T}_{MLG}$,0.24495798176656744,3.4940156262393576e-05,18
110.0955313600591,$\hat{T}_{MLG}$,0.4024590602512181,2.1266436778195303e-05,18
118.4874473495718,$\hat{T}_{MLG}$,0.29146324973190196,2.9365177834657266e-05,18
127.51902830191335,$\hat{T}_{MLG}$,0.6052988345469567,1.4139908541291699e-05,18
137.239032005553,$\hat{T}_{MLG}$,0.5561632103263713,1.538913398392866e-05,18
147.6999327600634,$\hat{T}_{MLG}$,0.2767586998126899,3.092538795144312e-05,18
158.95820466326612,$\hat{T}_{MLG}$,0.26246735113748487,3.260927549103485e-05,18
171.07462649164432,$\hat{T}_{MLG}$,0.33170860188645274,2.580237627836438e-05,18
184.11460981994108,$\hat{T}_{MLG}$,0.25714558260288484,3.3284142290175216e-05,18
198.14855215133173,$\hat{T}_{MLG}$,0.27416890052641213,3.121750914932783e-05,18
213.25221696456873,$\hat{T}_{MLG}$,0.2650173185341265,3.2295512640402366e-05,18
229.50714272982336,$\hat{T}_{MLG}$,0.24921187566753847,3.434374922029157e-05,18
247.00108310132606,$\hat{T}_{MLG}$,0.2439826276264572,3.507983434684638e-05,18
265.8284806632307,$\hat{T}_{MLG}$,0.4160310365783281,2.0572672248295125e-05,18
286.0909767862566,$\hat{T}_{MLG}$,0.2566136638608184,3.3353134949534746e-05,18
307.8979603476156,$\hat{T}_{MLG}$,0.2670563256979959,3.204893251741706e-05,18
331.36715827654194,$\hat{T}_{MLG}$,0.2900126509025699,2.951205795336075e-05,18
356.62527111352796,$\hat{T}_{MLG}$,0.24049395916049815,3.558871162719102e-05,18
383.8086570143992,$\hat{T}_{MLG}$,0.2470177173185972,3.4648810836533676e-05,18
413.0640678918749,$\hat{T}_{MLG}$,0.30247742295733426,2.8295897515140125e-05,18
444.5494416687491,$\hat{T}_{MLG}$,0.26608010978998714,3.216651619468966e-05,18
478.43475491973123,$\hat{T}_{MLG}$,0.24611624696300247,3.477572190482426e-05,18
514.9029405050194,$\hat{T}_{MLG}$,0.2571036688138742,3.3289568368005166e-05,18
554.1508751495202,$\hat{T}_{MLG}$,0.24048808107573377,3.558958149759235e-05,18
596.390442299262,$\hat{T}_{MLG}$,0.26666710497978524,3.209571034752573e-05,18
641.8496759929147,$\hat{T}_{MLG}$,0.2544814242276247,3.3632592974600824e-05,18
690.7739919237116,$\hat{T}_{MLG}$,0.2420355342902646,3.5362039651500404e-05,18
743.4275123377766,$\hat{T}_{MLG}$,0.2521922398162165,3.393788074875597e-05,18
800.0944919214219,$\hat{T}_{MLG}$,0.24289487011935784,3.523693257267483e-05,18
861.0808523752157,$\hat{T}_{MLG}$,0.26114989657330046,3.2773783459041464e-05,18
926.7158339593304,$\hat{T}_{MLG}$,0.2534452948626155,3.377008898620078e-05,18
997.35377292621,$\hat{T}_{MLG}$,0.24227415768513313,3.532721047272318e-05,18
1073.3760144361563,$\hat{T}_{MLG}$,0.24369734849832525,3.5120899810295815e-05,18
1155.1929712829099,$\hat{T}_{MLG}$,0.2521174626041777,3.3947946612812684e-05,18
1243.246339543401,$\hat{T}_{MLG}$,0.245489600414265,3.4864491800065194e-05,18
1338.011483113092,$\hat{T}_{MLG}$,0.24626955898618458,3.475407271559927e-05,18
1.0,$\hat{T}_{MLD}$,0.30855970659123394,2.773813293769698e-05,18
1.0762239473831834,$\hat{T}_{MLD}$,0.3016369990854362,2.8374735813560438e-05,18
1.1582579849210413,$\hat{T}_{MLD}$,0.29668134623285647,2.8848696654918163e-05,18
1.2465449806198148,$\hat{T}_{MLD}$,0.3057450044766999,2.7993491423656848e-05,18
1.3415615596333508,$\hat{T}_{MLD}$,0.30043313809690897,2.848843577929023e-05,18
1.4438206773661448,$\hat{T}_{MLD}$,0.29488374478932017,2.9024557344655645e-05,18
1.5538743887084543,$\hat{T}_{MLD}$,0.30286571062125794,2.8259620883090097e-05,18
1.6723168283534438,$\hat{T}_{MLD}$,0.29589910489843335,2.892496130930249e-05,18
1.7997874182858689,$\hat{T}_{MLD}$,0.3050703145808268,2.8055401497862865e-05,18
1.9369743197582066,$\hat{T}_{MLD}$,0.29850755757342773,2.867220592409654e-05,18
2.0846181483900335,$\hat{T}_{MLD}$,0.29017130265394436,2.949592217550077e-05,18
2.2435159724469447,$\hat{T}_{MLD}$,0.29655757102091734,2.886073733063026e-05,18
2.4145256158840724,$\hat{T}_{MLD}$,0.2868224522184845,2.9840307460047716e-05,18
2.5985702893845684,$\hat{T}_{MLD}$,0.29274004580861696,2.9237100571610584e-05,18
2.796643574394121,$\hat{T}_{MLD}$,0.28645480158407116,2.9878606025504144e-05,18
3.009814787058257,$\hat{T}_{MLD}$,0.28063158122334075,3.0498599349845956e-05,18
3.239234751020113,$\hat{T}_{MLD}$,0.2885616122362702,2.9660460011696013e-05,18
3.486142010243649,$\hat{T}_{MLD}$,0.3034685344931293,2.8203484670791132e-05,18
3.751869515402767,$\hat{T}_{MLD}$,0.3006103497992518,2.8471641666230237e-05,18
4.037851819933397,$\hat{T}_{MLD}$,0.2840124774775156,3.0135542764391407e-05,18
4.345632824597091,$\hat{T}_{MLD}$,0.283420608543056,3.019847499672628e-05,18
4.676874112365815,$\hat{T}_{MLD}$,0.2748847678241694,3.1136211105444454e-05,18
5.03336391862456,$\hat{T}_{MLD}$,0.26931078864861835,3.1780643484771636e-05,18
5.417026785118212,$\hat{T}_{MLD}$,0.27517849060929384,3.1102976623258496e-05,18
5.829933949760359,$\hat{T}_{MLD}$,0.26628548567875787,3.2141707381564514e-05,18
6.274314528394325,$\hat{T}_{MLD}$,0.27609539191926635,3.099968493189173e-05,18
6.752567548872198,$\hat{T}_{MLD}$,0.26782105656089383,3.195742063954711e-05,18
7.267274902418825,$\hat{T}_{MLD}$,0.2725829554359245,3.1399139197668354e-05,18
7.821215282199927,$\hat{T}_{MLD}$,0.27282423890008134,3.137137006283012e-05,18
8.417379184342884,$\hat{T}_{MLD}$,0.25920906747550504,3.301917731505757e-05,18
9.058985052394538,$\hat{T}_{MLD}$,0.267818197479857,3.1957761799543694e-05,18
9.749496652373306,$\hat{T}_{MLD}$,0.25786413534338215,3.319139417836099e-05,18
10.492641772216333,$\hat{T}_{MLD}$,0.2646917815899186,3.2335231978998505e-05,18
11.292432346572342,$\hat{T}_{MLD}$,0.25734839974442597,3.325791094541206e-05,18
12.153186115585632,$\hat{T}_{MLD}$,0.26176460099989296,3.269682045605518e-05,18
13.079549934598068,$\hat{T}_{MLD}$,0.25506271754550824,3.3555943585198224e-05,18
14.076524860608592,$\hat{T}_{MLD}$,0.26100537576170296,3.2791930571034074e-05,18
15.149493150921694,$\hat{T}_{MLD}$,0.2548955477177275,3.357795080093967e-05,18
16.304247319739442,$\hat{T}_{MLD}$,0.24489029613853988,3.494981342912208e-05,18
17.54702140956167,$\hat{T}_{MLD}$,0.23874514497433366,3.584939983413923e-05,18
18.88452464621569,$\hat{T}_{MLD}$,0.2461358696190719,3.4772949484731404e-05,18
20.32397765920527,$\hat{T}_{MLD}$,0.2449593183446201,3.4939965617488406e-05,18
21.87315146291753,$\hat{T}_{MLD}$,0.23830881329442807,3.591503831656459e-05,18
23.540409409131357,$\hat{T}_{MLD}$,0.24243360526067023,3.530397591308238e-05,18
25.33475233731158,$\hat{T}_{MLD}$,0.2342794364563127,3.653274179802136e-05,18
27.265867166436806,$\hat{T}_{MLD}$,0.2375283490219529,3.603304698528172e-05,18
29.344179190688156,$\hat{T}_{MLD}$,0.24069949558000417,3.5558321964989785e-05,18
31.580908361321878,$\hat{T}_{MLD}$,0.23461043442692037,3.648119991572862e-05,18
33.98812985856841,$\hat{T}_{MLD}$,0.23629591584875728,3.622098219472648e-05,18
36.57883928056072,$\hat{T}_{MLD}$,0.24083069292937043,3.553895085604609e-05,18
39.36702280122011,$\hat{T}_{MLD}$,0.23412516134398131,3.6556814788776854e-05,18
42.36773267585289,$\hat{T}_{MLD}$,0.23542840609908297,3.6354449755915675e-05,18
45.597168502081885,$\hat{T}_{MLD}$,0.24130014388016838,3.546980960315891e-05,18
49.07276467480673,$\hat{T}_{MLD}$,0.23331345588217853,3.6683997192886236e-05,18
52.81328450732654,$\hat{T}_{MLD}$,0.2357244090450022,3.6308798886459175e-05,18
56.8389215267461,$\hat{T}_{MLD}$,0.23711070495353292,3.6096515179783736e-05,18
61.17140849051769,$\hat{T}_{MLD}$,0.22786683106433556,3.756084253538386e-05,18
65.83413471265413,$\hat{T}_{MLD}$,0.2306353031757489,3.710997424415283e-05,18
70.8522723330089,$\hat{T}_{MLD}$,0.2247415502571988,3.808316775802907e-05,18
76.25291221129912,$\hat{T}_{MLD}$,0.22774263885347618,3.758132514724651e-05,18
82.06521017950769,$\hat{T}_{MLD}$,0.23084714762614356,3.7075919060111123e-05,18
88.32054444222037,$\hat{T}_{MLD}$,0.22370541602968141,3.825955720047844e-05,18
95.0526849746383,$\hat{T}_{MLD}$,0.22794197119510423,3.7548460758543495e-05,18
102.29797583277549,$\hat{T}_{MLD}$,0.2217972856887078,3.858870560145982e-05,18
110.0955313600591,$\hat{T}_{MLD}$,0.2265718245288835,3.777552737830972e-05,18
118.4874473495718,$\hat{T}_{MLD}$,0.22177838146131365,3.859199487456538e-05,18
127.51902830191335,$\hat{T}_{MLD}$,0.22941468423407427,3.7307420792261563e-05,18
137.239032005553,$\hat{T}_{MLD}$,0.22599023311499244,3.7872743625559004e-05,18
147.6999327600634,$\hat{T}_{MLD}$,0.22877866945035802,3.741113706626215e-05,18
158.95820466326612,$\hat{T}_{MLD}$,0.22397510205071144,3.8213489277511574e-05,18
171.07462649164432,$\hat{T}_{MLD}$,0.23005540604581023,3.720351678647413e-05,18
184.11460981994108,$\hat{T}_{MLD}$,0.2239689061621998,3.8214546417644384e-05,18
198.14855215133173,$\hat{T}_{MLD}$,0.23116288898608547,3.702527770865337e-05,18
213.25221696456873,$\hat{T}_{MLD}$,0.22479796347958916,3.807361075769504e-05,18
229.50714272982336,$\hat{T}_{MLD}$,0.23196746215633338,3.689685648617483e-05,18
247.00108310132606,$\hat{T}_{MLD}$,0.22614602927366867,3.784665239594802e-05,18
265.8284806632307,$\hat{T}_{MLD}$,0.2329223258345743,3.6745598044229943e-05,18
286.0909767862566,$\hat{T}_{MLD}$,0.22529364672787902,3.798984252308835e-05,18
307.8979603476156,$\hat{T}_{MLD}$,0.2214303396166068,3.865265336025582e-05,18
331.36715827654194,$\hat{T}_{MLD}$,0.2273388271048423,3.764807916730085e-05,18
356.62527111352796,$\hat{T}_{MLD}$,0.22262393854847431,3.844541704027399e-05,18
383.8086570143992,$\hat{T}_{MLD}$,0.22679485017500242,3.773837965915062e-05,18
413.0640678918749,$\hat{T}_{MLD}$,0.2329328459899044,3.6743938469782724e-05,18
444.5494416687491,$\hat{T}_{MLD}$,0.2257596006457888,3.791143382678586e-05,18
478.43475491973123,$\hat{T}_{MLD}$,0.23080603882979692,3.708252264125542e-05,18
514.9029405050194,$\hat{T}_{MLD}$,0.23319804616323034,3.670215210402543e-05,18
554.1508751495202,$\hat{T}_{MLD}$,0.22716683979140762,3.767658241186729e-05,18
596.390442299262,$\hat{T}_{MLD}$,0.2325596097303142,3.680290902865569e-05,18
641.8496759929147,$\hat{T}_{MLD}$,0.23349647057002637,3.6655244251658145e-05,18
690.7739919237116,$\hat{T}_{MLD}$,0.22710580989587606,3.7686707198589557e-05,18
743.4275123377766,$\hat{T}_{MLD}$,0.23583999775559591,3.629100340101806e-05,18
800.0944919214219,$\hat{T}_{MLD}$,0.23184537938592034,3.6916285255776774e-05,18
861.0808523752157,$\hat{T}_{MLD}$,0.23799184370190313,3.596287178381139e-05,18
926.7158339593304,$\hat{T}_{MLD}$,0.24208159867802395,3.5355310801743286e-05,18
997.35377292621,$\hat{T}_{MLD}$,0.2351871856410085,3.6391736808776424e-05,18
1073.3760144361563,$\hat{T}_{MLD}$,0.23651397726435316,3.618758713392283e-05,18
1155.1929712829099,$\hat{T}_{MLD}$,0.24016540473069684,3.563739819330635e-05,18
1243.246339543401,$\hat{T}_{MLD}$,0.23337521524992963,3.6674289304793705e-05,18
1338.011483113092,$\hat{T}_{MLD}$,0.23792024054259034,3.5973694970740796e-05,18
1.0,$\hat{T}_{emp}$,0.00012912597853280606,0.0624997512071765,19
1.0762239473831834,$\hat{T}_{emp}$,0.00017247197330433805,0.04679219109091393,19
1.1582579849210413,$\hat{T}_{emp}$,0.00024386845039018953,0.03309301190773569,19
1.2465449806198148,$\hat{T}_{emp}$,0.00044671759678881266,0.01806586888606243,19
1.3415615596333508,$\hat{T}_{emp}$,0.0005173461346423394,0.015599500976774322,19
1.4438206773661448,$\hat{T}_{emp}$,0.0005533694048204624,0.014584003854173995,19
1.5538743887084543,$\hat{T}_{emp}$,0.0005816942884892049,0.013873853830753855,19
1.6723168283534438,$\hat{T}_{emp}$,0.00037641699281429613,0.021439896940744822,19
1.7997874182858689,$\hat{T}_{emp}$,0.00037666134557781645,0.021425988165319446,19
1.9369743197582066,$\hat{T}_{emp}$,0.0004374799488356784,0.018447340396199254,19
2.0846181483900335,$\hat{T}_{emp}$,0.0003135815660495691,0.02573602024618973,19
2.2435159724469447,$\hat{T}_{emp}$,0.00010072123599345312,0.08012552122779912,19
2.4145256158840724,$\hat{T}_{emp}$,0.00015040861005732238,0.05365611403235424,19
2.5985702893845684,$\hat{T}_{emp}$,0.00016460138513618434,0.04902960886997717,19
2.796643574394121,$\hat{T}_{emp}$,0.0001875723235593724,0.04302522557454529,19
3.009814787058257,$\hat{T}_{emp}$,0.000514818459459387,0.01567609199786327,19
3.239234751020113,$\hat{T}_{emp}$,0.0007150420429772657,0.011286527291571001,19
3.486142010243649,$\hat{T}_{emp}$,0.0011250807349601475,0.0071731221430695455,19
3.751869515402767,$\hat{T}_{emp}$,0.0009464482378854625,0.008526976129951071,19
4.037851819933397,$\hat{T}_{emp}$,0.0016728892015701574,0.004824193691434465,19
4.345632824597091,$\hat{T}_{emp}$,0.0020205434296124754,0.003994144057686214,19
4.676874112365815,$\hat{T}_{emp}$,0.0028196088784893524,0.0028622202158078746,19
5.03336391862456,$\hat{T}_{emp}$,0.003177881177387339,0.0025395353325697776,19
5.417026785118212,$\hat{T}_{emp}$,0.0034429536400556594,0.0023440169042047067,19
5.829933949760359,$\hat{T}_{emp}$,0.001220948823971572,0.006609893366727628,19
6.274314528394325,$\hat{T}_{emp}$,0.001315835169457189,0.006133246564623125,19
6.752567548872198,$\hat{T}_{emp}$,0.002246887522961876,0.003591787061083131,19
7.267274902418825,$\hat{T}_{emp}$,0.003674661934433548,0.002196213332459287,19
7.821215282199927,$\hat{T}_{emp}$,0.01590292324043214,0.0005074753496995621,19
8.417379184342884,$\hat{T}_{emp}$,0.026586743445116544,0.00030354757623261884,19
9.058985052394538,$\hat{T}_{emp}$,0.05230899160180418,0.0001542821087838604,19
9.749496652373306,$\hat{T}_{emp}$,0.0624759946492901,0.0001291750788120553,19
10.492641772216333,$\hat{T}_{emp}$,0.08652399572971692,9.32728714690162e-05,19
11.292432346572342,$\hat{T}_{emp}$,0.09497016258710023,8.497765311586174e-05,19
12.153186115585632,$\hat{T}_{emp}$,0.1138098169408868,7.091076806559979e-05,19
13.079549934598068,$\hat{T}_{emp}$,0.11975556135554359,6.739011901688197e-05,19
14.076524860608592,$\hat{T}_{emp}$,0.12521004982717293,6.44544231379435e-05,19
15.149493150921694,$\hat{T}_{emp}$,0.07008487727075866,0.00011515096903866254,19
16.304247319739442,$\hat{T}_{emp}$,0.05363597979870977,0.0001504650714496266,19
17.54702140956167,$\hat{T}_{emp}$,0.02906000202367702,0.00027771304097323106,19
18.88452464621569,$\hat{T}_{emp}$,0.03319672306291907,0.00024310657161514266,19
20.32397765920527,$\hat{T}_{emp}$,0.031189816840682446,0.00025874924414936095,19
21.87315146291753,$\hat{T}_{emp}$,0.040198692991803155,0.00020076129177456597,19
23.540409409131357,$\hat{T}_{emp}$,0.048461673219849954,0.00016653039394805652,19
25.33475233731158,$\hat{T}_{emp}$,0.05193102409149218,0.00015540501412922744,19
27.265867166436806,$\hat{T}_{emp}$,0.06341609819900802,0.0001272601399625345,19
29.344179190688156,$\hat{T}_{emp}$,0.07117969467424962,0.0001133798279076233,19
31.580908361321878,$\hat{T}_{emp}$,0.06826143787509216,0.00011822694897595134,19
33.98812985856841,$\hat{T}_{emp}$,0.044494756600106614,0.00018137736104986932,19
36.57883928056072,$\hat{T}_{emp}$,0.04407411182609517,0.00018310843255394535,19
39.36702280122011,$\hat{T}_{emp}$,0.04859320043288348,0.00016607964613959272,19
42.36773267585289,$\hat{T}_{emp}$,0.05170686307265449,0.0001560787302324601,19
45.597168502081885,$\hat{T}_{emp}$,0.05770458482323879,0.0001398561580055508,19
49.07276467480673,$\hat{T}_{emp}$,0.058707074760345555,0.00013746795536361502,19
52.81328450732654,$\hat{T}_{emp}$,0.04274295092388281,0.00018881105207395156,19
56.8389215267461,$\hat{T}_{emp}$,0.03661838283966152,0.00022039044072537722,19
61.17140849051769,$\hat{T}_{emp}$,0.04589381827623206,0.00017584811714964975,19
65.83413471265413,$\hat{T}_{emp}$,0.038790125454487505,0.00020805144191019784,19
70.8522723330089,$\hat{T}_{emp}$,0.0372832126332959,0.00021646046471532733,19
76.25291221129912,$\hat{T}_{emp}$,0.034512757797902,0.0002338364722964614,19
82.06521017950769,$\hat{T}_{emp}$,0.030399046489535578,0.0002654800878528111,19
88.32054444222037,$\hat{T}_{emp}$,0.030155680244652656,0.0002676225993646641,19
95.0526849746383,$\hat{T}_{emp}$,0.03399610715718467,0.00023739016633197142,19
102.29797583277549,$\hat{T}_{emp}$,0.0363663272480331,0.0002219179703696937,19
110.0955313600591,$\hat{T}_{emp}$,0.02435685524202442,0.0003313375824790108,19
118.4874473495718,$\hat{T}_{emp}$,0.020471346979853613,0.0003942262099619447,19
127.51902830191335,$\hat{T}_{emp}$,0.024600680528917732,0.00032805358872885763,19
137.239032005553,$\hat{T}_{emp}$,0.02424941883016151,0.0003328055649171136,19
147.6999327600634,$\hat{T}_{emp}$,0.026936212197302627,0.0002996093687401138,19
158.95820466326612,$\hat{T}_{emp}$,0.022968494697229048,0.00035136571373383085,19
171.07462649164432,$\hat{T}_{emp}$,0.0231622495788624,0.0003484264991276363,19
184.11460981994108,$\hat{T}_{emp}$,0.012034374735356759,0.0006706074648791753,19
198.14855215133173,$\hat{T}_{emp}$,0.011073046026251141,0.0007288275975328773,19
213.25221696456873,$\hat{T}_{emp}$,0.004511245700766498,0.0017889385921304119,19
229.50714272982336,$\hat{T}_{emp}$,0.005443917741620881,0.0014824510427449472,19
247.00108310132606,$\hat{T}_{emp}$,0.005869367032492229,0.0013749935023669485,19
265.8284806632307,$\hat{T}_{emp}$,0.007454035099735153,0.001082680913720186,19
286.0909767862566,$\hat{T}_{emp}$,0.00809031417326997,0.0009975312898660516,19
307.8979603476156,$\hat{T}_{emp}$,0.007692666985882811,0.001049095397928166,19
331.36715827654194,$\hat{T}_{emp}$,0.004573322057440613,0.0017646562895244754,19
356.62527111352796,$\hat{T}_{emp}$,0.005307853680456536,0.0015204529021586464,19
383.8086570143992,$\hat{T}_{emp}$,0.004168559095940276,0.0019360026682944784,19
413.0640678918749,$\hat{T}_{emp}$,0.004159606050230924,0.0019401696783847022,19
444.5494416687491,$\hat{T}_{emp}$,0.004922469798131375,0.001639490309467655,19
478.43475491973123,$\hat{T}_{emp}$,0.0061023476409443325,0.0013224978332166462,19
514.9029405050194,$\hat{T}_{emp}$,0.005075367923736789,0.0015900998024083591,19
554.1508751495202,$\hat{T}_{emp}$,0.005310644818326071,0.001519653791350216,19
596.390442299262,$\hat{T}_{emp}$,0.007175966700403238,0.0011246347523087166,19
641.8496759929147,$\hat{T}_{emp}$,0.007878611338249155,0.001024335531504597,19
690.7739919237116,$\hat{T}_{emp}$,0.009387663030132925,0.0008596752468403545,19
743.4275123377766,$\hat{T}_{emp}$,0.011491484948582894,0.0007022888311469973,19
800.0944919214219,$\hat{T}_{emp}$,0.011840990320536584,0.0006815596765320114,19
861.0808523752157,$\hat{T}_{emp}$,0.009842164846075783,0.0008199762612085651,19
926.7158339593304,$\hat{T}_{emp}$,0.009873411274994989,0.0008173812786592028,19
997.35377292621,$\hat{T}_{emp}$,0.013080717182209725,0.0006169647596738477,19
1073.3760144361563,$\hat{T}_{emp}$,0.0162371923227247,0.0004970281420753253,19
1155.1929712829099,$\hat{T}_{emp}$,0.015052585036537171,0.0005361432280963327,19
1243.246339543401,$\hat{T}_{emp}$,0.023970864192892356,0.0003366729487824033,19
1338.011483113092,$\hat{T}_{emp}$,0.028700252727393162,0.0002811940929349656,19
1.0,$\hat{T}_{GT}$,8.070373658300379e-06,0.999996019314824,19
1.0762239473831834,$\hat{T}_{GT}$,7.4987814480146974e-06,1.0762203950910205,19
1.1582579849210413,$\hat{T}_{GT}$,6.967670011148272e-06,1.1582554167707493,19
1.2465449806198148,$\hat{T}_{GT}$,6.474168069403082e-06,1.2465449531383077,19
1.3415615596333508,$\hat{T}_{GT}$,6.015652728399295e-06,1.3415570840025917,19
1.4438206773661448,$\hat{T}_{GT}$,5.589589947681438e-06,1.4438163815632254,19
1.5538743887084543,$\hat{T}_{GT}$,5.193699004367901e-06,1.5538716290444314,19
1.6723168283534438,$\hat{T}_{GT}$,4.825858882234566e-06,1.6723119613780961,19
1.7997874182858689,$\hat{T}_{GT}$,4.484063637831148e-06,1.7997830058868336,19
1.9369743197582066,$\hat{T}_{GT}$,4.166475703196937e-06,1.9369707416009216,19
2.0846181483900335,$\hat{T}_{GT}$,3.8713773586366555e-06,2.0846176399413685,19
2.2435159724469447,$\hat{T}_{GT}$,3.597186999766183e-06,2.2435145943783756,19
2.4145256158840724,$\hat{T}_{GT}$,3.3424135568293863e-06,2.4145251314559406,19
2.5985702893845684,$\hat{T}_{GT}$,3.1056865120034783e-06,2.59856927010879,19
2.796643574394121,$\hat{T}_{GT}$,2.8857280547595756e-06,2.7966396623454437,19
3.009814787058257,$\hat{T}_{GT}$,2.6813461430176406e-06,3.0098096635897478,19
3.239234751020113,$\hat{T}_{GT}$,2.4914356898162566e-06,3.239233332680877,19
3.486142010243649,$\hat{T}_{GT}$,2.3149809361319908e-06,3.4861373615317994,19
3.751869515402767,$\hat{T}_{GT}$,2.1510187224669606e-06,3.7518694971784714,19
4.037851819933397,$\hat{T}_{GT}$,1.9986728812068787e-06,4.037850119730647,19
4.345632824597091,$\hat{T}_{GT}$,1.857117122805584e-06,4.3456287347626015,19
4.676874112365815,$\hat{T}_{GT}$,1.7255868289408521e-06,4.676867832630067,19
5.03336391862456,$\hat{T}_{GT}$,1.6033709270370025e-06,5.033359029153299,19
5.417026785118212,$\hat{T}_{GT}$,1.489811181330878e-06,5.4170230656170775,19
5.829933949760359,$\hat{T}_{GT}$,1.3842957187886304e-06,5.829925949453768,19
6.274314528394325,$\hat{T}_{GT}$,1.2862513875436842e-06,6.274311235609458,19
6.752567548872198,$\hat{T}_{GT}$,1.1951529377456785e-06,6.752559674836288,19
7.267274902418825,$\hat{T}_{GT}$,1.1105052687922478e-06,7.2672699171077815,19
7.821215282199927,$\hat{T}_{GT}$,1.031853311733204e-06,7.82121008956965,19
8.417379184342884,$\hat{T}_{GT}$,9.58771851608963e-07,8.417374288930521,19
9.058985052394538,$\hat{T}_{GT}$,8.908662159477524e-07,9.058982581461931,19
9.749496652373306,$\hat{T}_{GT}$,8.277707141343505e-07,9.749489073339872,19
10.492641772216333,$\hat{T}_{GT}$,7.691432052350963e-07,10.492638403035508,19
11.292432346572342,$\hat{T}_{GT}$,7.146685724495266e-07,11.292425389607518,19
12.153186115585632,$\hat{T}_{GT}$,6.640516313424402e-07,12.153183806458951,19
13.079549934598068,$\hat{T}_{GT}$,6.170200031714828e-07,13.07954602962957,19
14.076524860608592,$\hat{T}_{GT}$,5.733192143921469e-07,14.07652374121117,19
15.149493150921694,$\hat{T}_{GT}$,5.327136807798502e-07,15.149491788664522,19
16.304247319739442,$\hat{T}_{GT}$,4.949840788371042e-07,16.304244677210086,19
17.54702140956167,$\hat{T}_{GT}$,4.599265957153238e-07,17.54702078085263,19
18.88452464621569,$\hat{T}_{GT}$,4.2735225364210957e-07,18.88451848306428,19
20.32397765920527,$\hat{T}_{GT}$,3.970847625075744e-07,20.323976880199858,19
21.87315146291753,$\hat{T}_{GT}$,3.689612118457211e-07,21.873143500130734,19
23.540409409131357,$\hat{T}_{GT}$,3.428293638835436e-07,23.54040342770937,19
25.33475233731158,$\hat{T}_{GT}$,3.1854833700247927e-07,25.334747023403175,19
27.265867166436806,$\hat{T}_{GT}$,2.9598697894082246e-07,27.265866767392897,19
29.344179190688156,$\hat{T}_{GT}$,2.7502364515789247e-07,29.34417340025571,19
31.580908361321878,$\hat{T}_{GT}$,2.555450072255351e-07,31.580900837405096,19
33.98812985856841,$\hat{T}_{GT}$,2.3744593652832672e-07,33.98812230977396,19
36.57883928056072,$\hat{T}_{GT}$,2.2062869470327868e-07,36.57883913757145,19
39.36702280122011,$\hat{T}_{GT}$,2.0500259635788287e-07,39.36702108199064,19
42.36773267585289,$\hat{T}_{GT}$,1.9048322928504407e-07,42.367727400331525,19
45.597168502081885,$\hat{T}_{GT}$,1.7699218420213783e-07,45.597163338391724,19
49.07276467480673,$\hat{T}_{GT}$,1.6445664347279805e-07,49.07276083388184,19
52.81328450732654,$\hat{T}_{GT}$,1.5280893382150694e-07,52.813283430865354,19
56.8389215267461,$\hat{T}_{GT}$,1.4198619950935248e-07,56.83891505351552,19
61.17140849051769,$\hat{T}_{GT}$,1.3192996787901072e-07,61.17140527226291,19
65.83413471265413,$\hat{T}_{GT}$,1.2258597567403899e-07,65.83413386652772,19
70.8522723330089,$\hat{T}_{GT}$,1.1390377864395274e-07,70.85227223155037,19
76.25291221129912,$\hat{T}_{GT}$,1.0583651327957191e-07,76.25290443351457,19
82.06521017950769,$\hat{T}_{GT}$,9.834060070372533e-08,82.06520475706095,19
88.32054444222037,$\hat{T}_{GT}$,9.137558820750519e-08,88.32054261972708,19
95.0526849746383,$\hat{T}_{GT}$,8.490387819689634e-08,95.05268433048568,19
102.29797583277549,$\hat{T}_{GT}$,7.889053401949164e-08,102.29797063725844,19
110.0955313600591,$\hat{T}_{GT}$,7.33030831056845e-08,110.09552655579579,19
118.4874473495718,$\hat{T}_{GT}$,6.811136316856242e-08,118.48744698753221,19
127.51902830191335,$\hat{T}_{GT}$,6.328735401585159e-08,127.51902268914914,19
137.239032005553,$\hat{T}_{GT}$,5.88050023768982e-08,137.23903080487014,19
147.6999327600634,$\hat{T}_{GT}$,5.464011805325346e-08,147.6999285546576,19
158.95820466326612,$\hat{T}_{GT}$,5.077021204026748e-08,158.95820025889878,19
171.07462649164432,$\hat{T}_{GT}$,4.717439302241666e-08,171.07462365967638,19
184.11460981994108,$\hat{T}_{GT}$,4.383324920271703e-08,184.11460887511274,19
198.14855215133173,$\hat{T}_{GT}$,4.07287447677818e-08,198.14854542405592,19
213.25221696456873,$\hat{T}_{GT}$,3.784411607441319e-08,213.25221381349786,19
229.50714272982336,$\hat{T}_{GT}$,3.516379277090792e-08,229.50714063360175,19
247.00108310132606,$\hat{T}_{GT}$,3.267330427021136e-08,247.00108277819393,19
265.8284806632307,$\hat{T}_{GT}$,3.03592058736077e-08,265.8284793838898,19
286.0909767862566,$\hat{T}_{GT}$,2.820900412229461e-08,286.09097640229373,19
307.8979603476156,$\hat{T}_{GT}$,2.6211091338628742e-08,307.8979592425395,19
331.36715827654194,$\hat{T}_{GT}$,2.435468131558533e-08,331.367158046906,19
356.62527111352796,$\hat{T}_{GT}$,2.2629752380949794e-08,356.62526910711483,19
383.8086570143992,$\hat{T}_{GT}$,2.1026991928999416e-08,383.8086569840437,19
413.0640678918749,$\hat{T}_{GT}$,1.9537747827539207e-08,413.0640646977814,19
444.5494416687491,$\hat{T}_{GT}$,1.815397987885486e-08,444.54943690246415,19
478.43475491973123,$\hat{T}_{GT}$,1.6868217690286905e-08,478.43475113145325,19
514.9029405050194,$\hat{T}_{GT}$,1.567352007527929e-08,514.9029378162701,19
554.1508751495202,$\hat{T}_{GT}$,1.4563437372005589e-08,554.1508729386045,19
596.390442299262,$\hat{T}_{GT}$,1.3531976798667989e-08,596.3904352450554,19
641.8496759929147,$\hat{T}_{GT}$,1.2573569685093313e-08,641.849668376312,19
690.7739919237116,$\hat{T}_{GT}$,1.168304196878137e-08,690.7739914183833,19
743.4275123377766,$\hat{T}_{GT}$,1.085558640797645e-08,743.427506297926,19
800.0944919214219,$\hat{T}_{GT}$,1.0086735536274358e-08,800.0944907954292,19
861.0808523752157,$\hat{T}_{GT}$,9.372338870820425e-09,861.0808512066894,19
926.7158339593304,$\hat{T}_{GT}$,8.708539600899474e-09,926.715833255215,19
997.35377292621,$\hat{T}_{GT}$,8.091754213580736e-09,997.3537652859989,19
1073.3760144361563,$\hat{T}_{GT}$,7.518652781328983e-09,1073.3760112881678,19
1155.1929712829099,$\hat{T}_{GT}$,6.986141521202974e-09,1155.192964269342,19
1243.246339543401,$\hat{T}_{GT}$,6.491345507726334e-09,1243.2463382326293,19
1338.011483113092,$\hat{T}_{GT}$,6.031593656457145e-09,1338.0114762943056,19
1.0,$\hat{T}_{Reset}$,0.0001533370995077072,0.052631369437622325,19
1.0762239473831834,$\hat{T}_{Reset}$,2.2496344344044092e-05,0.3587401316970068,19
1.1582579849210413,$\hat{T}_{Reset}$,0.00025083612040133777,0.03217376157696526,19
1.2465449806198148,$\hat{T}_{Reset}$,1.9422504208209247e-05,0.4155149843794359,19
1.3415615596333508,$\hat{T}_{Reset}$,6.015652728399295e-06,1.3415570840025917,19
1.4438206773661448,$\hat{T}_{Reset}$,5.589589947681438e-06,1.4438163815632254,19
1.5538743887084543,$\hat{T}_{Reset}$,5.193699004367901e-06,1.5538716290444314,19
1.6723168283534438,$\hat{T}_{Reset}$,0.0001978602141716172,0.040788096618977955,19
1.7997874182858689,$\hat{T}_{Reset}$,8.968127275662296e-06,0.8998915029434168,19
1.9369743197582066,$\hat{T}_{Reset}$,5.8330659844757114e-05,0.13835505297149442,19
2.0846181483900335,$\hat{T}_{Reset}$,3.0971018869093244e-05,0.26057720499267106,19
2.2435159724469447,$\hat{T}_{Reset}$,7.194373999532366e-05,0.11217572971891877,19
2.4145256158840724,$\hat{T}_{Reset}$,3.3424135568293863e-06,2.4145251314559406,19
2.5985702893845684,$\hat{T}_{Reset}$,6.211373024006956e-05,0.12992846350543952,19
2.796643574394121,$\hat{T}_{Reset}$,2.8857280547595756e-06,2.7966396623454437,19
3.009814787058257,$\hat{T}_{Reset}$,5.630826900337045e-05,0.14332426969474993,19
3.239234751020113,$\hat{T}_{Reset}$,9.965742759265026e-06,0.8098083331702193,19
3.486142010243649,$\hat{T}_{Reset}$,6.0189504339431765e-05,0.1340822062127615,19
3.751869515402767,$\hat{T}_{Reset}$,1.0755093612334802e-05,0.7503738994356943,19
4.037851819933397,$\hat{T}_{Reset}$,1.9986728812068787e-06,4.037850119730647,19
4.345632824597091,$\hat{T}_{Reset}$,1.857117122805584e-06,4.3456287347626015,19
4.676874112365815,$\hat{T}_{Reset}$,1.7255868289408521e-06,4.676867832630067,19
5.03336391862456,$\hat{T}_{Reset}$,9.620225562222015e-06,0.83889317152555,19
5.417026785118212,$\hat{T}_{Reset}$,1.4898111813308782e-05,0.5417023065617077,19
5.829933949760359,$\hat{T}_{Reset}$,9.690070031520414e-06,0.8328465642076811,19
6.274314528394325,$\hat{T}_{Reset}$,0.000387161667650649,0.02084488782594504,19
6.752567548872198,$\hat{T}_{Reset}$,1.1951529377456785e-06,6.752559674836288,19
7.267274902418825,$\hat{T}_{Reset}$,1.1105052687922478e-06,7.2672699171077815,19
7.821215282199927,$\hat{T}_{Reset}$,6.191119870399224e-05,0.1303535014928275,19
8.417379184342884,$\hat{T}_{Reset}$,9.58771851608963e-07,8.417374288930521,19
9.058985052394538,$\hat{T}_{Reset}$,4.454331079738762e-06,1.8117965162923864,19
9.749496652373306,$\hat{T}_{Reset}$,9.105477855477855e-06,0.8863171884854429,19
10.492641772216333,$\hat{T}_{Reset}$,1.5382864104701926e-06,5.246319201517754,19
11.292432346572342,$\hat{T}_{Reset}$,1.4293371448990531e-06,5.646212694803759,19
12.153186115585632,$\hat{T}_{Reset}$,7.968619576109282e-06,1.0127653172049127,19
13.079549934598068,$\hat{T}_{Reset}$,6.170200031714828e-07,13.07954602962957,19
14.076524860608592,$\hat{T}_{Reset}$,0.0002786331381945834,0.02896404061977607,19
15.149493150921694,$\hat{T}_{Reset}$,5.114051335486562e-05,0.1578072061319221,19
16.304247319739442,$\hat{T}_{Reset}$,6.583288248533486e-05,0.12258830584368484,19
17.54702140956167,$\hat{T}_{Reset}$,1.7477210637182307e-05,0.4617637047592797,19
18.88452464621569,$\hat{T}_{Reset}$,7.692340565557972e-06,1.0491399157257935,19
20.32397765920527,$\hat{T}_{Reset}$,3.1766781000605952e-06,2.5404971100249822,19
21.87315146291753,$\hat{T}_{Reset}$,3.689612118457211e-07,21.873143500130734,19
23.540409409131357,$\hat{T}_{Reset}$,2.5026543563498683e-05,0.3224712798316352,19
25.33475233731158,$\hat{T}_{Reset}$,1.4971771839116525e-05,0.5390371707107059,19
27.265867166436806,$\hat{T}_{Reset}$,5.623752599875626e-06,1.4350456193364685,19
29.344179190688156,$\hat{T}_{Reset}$,2.2001891612631398e-06,3.6680216750319636,19
31.580908361321878,$\hat{T}_{Reset}$,1.2266160346825684e-05,0.6579354341126062,19
33.98812985856841,$\hat{T}_{Reset}$,1.6146323683926217e-05,0.4998253280849112,19
36.57883928056072,$\hat{T}_{Reset}$,3.177053203727213e-05,0.2540197162331351,19
39.36702280122011,$\hat{T}_{Reset}$,2.6650337526524775e-06,3.0282323909223567,19
42.36773267585289,$\hat{T}_{Reset}$,1.9048322928504407e-07,42.367727400331525,19
45.597168502081885,$\hat{T}_{Reset}$,1.628328094659668e-05,0.49562134063469265,19
49.07276467480673,$\hat{T}_{Reset}$,1.4801097912551825e-05,0.5452528981542426,19
52.81328450732654,$\hat{T}_{Reset}$,1.5280893382150694e-05,0.5281328343086535,19
56.8389215267461,$\hat{T}_{Reset}$,1.1358895960748199e-06,7.10486438168944,19
61.17140849051769,$\hat{T}_{Reset}$,3.957899036370321e-06,2.039046842408764,19
65.83413471265413,$\hat{T}_{Reset}$,5.271196953983676e-06,1.5310263689890167,19
70.8522723330089,$\hat{T}_{Reset}$,1.25294156508348e-06,6.441115657413671,19
76.25291221129912,$\hat{T}_{Reset}$,1.492294837241964e-05,0.5408007406632239,19
82.06521017950769,$\hat{T}_{Reset}$,2.95021802111176e-07,27.355068252353654,19
88.32054444222037,$\hat{T}_{Reset}$,9.137558820750519e-08,88.32054261972708,19
95.0526849746383,$\hat{T}_{Reset}$,8.490387819689634e-08,95.05268433048568,19
102.29797583277549,$\hat{T}_{Reset}$,3.944526700974582e-07,20.459594127451684,19
110.0955313600591,$\hat{T}_{Reset}$,9.529400803738985e-07,8.468886658138137,19
118.4874473495718,$\hat{T}_{Reset}$,6.811136316856242e-08,118.48744698753221,19
127.51902830191335,$\hat{T}_{Reset}$,3.164367700792579e-07,25.503804537829833,19
137.239032005553,$\hat{T}_{Reset}$,1.176100047537964e-07,68.61951540243507,19
147.6999327600634,$\hat{T}_{Reset}$,5.464011805325346e-08,147.6999285546576,19
158.95820466326612,$\hat{T}_{Reset}$,5.077021204026748e-08,158.95820025889878,19
171.07462649164432,$\hat{T}_{Reset}$,4.717439302241666e-08,171.07462365967638,19
184.11460981994108,$\hat{T}_{Reset}$,4.383324920271703e-08,184.11460887511274,19
198.14855215133173,$\hat{T}_{Reset}$,1.221862343033454e-07,66.04951514135199,19
213.25221696456873,$\hat{T}_{Reset}$,3.784411607441319e-08,213.25221381349786,19
229.50714272982336,$\hat{T}_{Reset}$,3.516379277090792e-08,229.50714063360175,19
247.00108310132606,$\hat{T}_{Reset}$,3.267330427021136e-08,247.00108277819393,19
265.8284806632307,$\hat{T}_{Reset}$,3.03592058736077e-08,265.8284793838898,19
286.0909767862566,$\hat{T}_{Reset}$,2.820900412229461e-08,286.09097640229373,19
307.8979603476156,$\hat{T}_{Reset}$,2.6211091338628742e-08,307.8979592425395,19
331.36715827654194,$\hat{T}_{Reset}$,2.1919213184026798e-07,36.81857311632289,19
356.62527111352796,$\hat{T}_{Reset}$,2.2629752380949794e-08,356.62526910711483,19
383.8086570143992,$\hat{T}_{Reset}$,2.1026991928999416e-08,383.8086569840437,19
413.0640678918749,$\hat{T}_{Reset}$,1.3676423479277445e-07,59.00915209968306,19
444.5494416687491,$\hat{T}_{Reset}$,3.630795975770972e-08,222.27471845123208,19
478.43475491973123,$\hat{T}_{Reset}$,1.6868217690286905e-08,478.43475113145325,19
514.9029405050194,$\hat{T}_{Reset}$,1.567352007527929e-08,514.9029378162701,19
554.1508751495202,$\hat{T}_{Reset}$,1.4563437372005589e-08,554.1508729386045,19
596.390442299262,$\hat{T}_{Reset}$,1.3531976798667989e-08,596.3904352450554,19
641.8496759929147,$\hat{T}_{Reset}$,1.2573569685093313e-08,641.849668376312,19
690.7739919237116,$\hat{T}_{Reset}$,1.168304196878137e-08,690.7739914183833,19
743.4275123377766,$\hat{T}_{Reset}$,1.085558640797645e-07,74.3427506297926,19
800.0944919214219,$\hat{T}_{Reset}$,1.0086735536274358e-08,800.0944907954292,19
861.0808523752157,$\hat{T}_{Reset}$,9.372338870820425e-09,861.0808512066894,19
926.7158339593304,$\hat{T}_{Reset}$,8.708539600899474e-09,926.715833255215,19
997.35377292621,$\hat{T}_{Reset}$,8.091754213580736e-09,997.3537652859989,19
1073.3760144361563,$\hat{T}_{Reset}$,7.518652781328983e-09,1073.3760112881678,19
1155.1929712829099,$\hat{T}_{Reset}$,6.986141521202974e-09,1155.192964269342,19
1243.246339543401,$\hat{T}_{Reset}$,6.491345507726334e-09,1243.2463382326293,19
1338.011483113092,$\hat{T}_{Reset}$,6.031593656457145e-09,1338.0114762943056,19
1.0,$\hat{T}_{MLG}$,3.1275018567750785,2.5804434025197737e-06,19
1.0762239473831834,$\hat{T}_{MLG}$,3.0649683835701698,2.6330912827502024e-06,19
1.1582579849210413,$\hat{T}_{MLG}$,1.4316453392628206,5.637109493080985e-06,19
1.2465449806198148,$\hat{T}_{MLG}$,1.0579210088307653,7.628491603170912e-06,19
1.3415615596333508,$\hat{T}_{MLG}$,0.9921400977784194,8.134276147849022e-06,19
1.4438206773661448,$\hat{T}_{MLG}$,0.9738375581820419,8.28715370944338e-06,19
1.5538743887084543,$\hat{T}_{MLG}$,0.9542427144608161,8.457325804414076e-06,19
1.6723168283534438,$\hat{T}_{MLG}$,0.5355898281849463,1.5068138168405986e-05,19
1.7997874182858689,$\hat{T}_{MLG}$,0.37736888702401666,2.1385815869261042e-05,19
1.9369743197582066,$\hat{T}_{MLG}$,0.36632957561945073,2.2030275658297374e-05,19
2.0846181483900335,$\hat{T}_{MLG}$,0.34451262232003904,2.3425387082585772e-05,19
2.2435159724469447,$\hat{T}_{MLG}$,0.4215811090559183,1.9143034067053387e-05,19
2.4145256158840724,$\hat{T}_{MLG}$,0.3310729348195932,2.4376325225984563e-05,19
2.5985702893845684,$\hat{T}_{MLG}$,0.4514125802012485,1.78779721404434e-05,19
2.796643574394121,$\hat{T}_{MLG}$,0.3158125521984919,2.555421396807334e-05,19
3.009814787058257,$\hat{T}_{MLG}$,0.3487463537124578,2.3141006197695214e-05,19
3.239234751020113,$\hat{T}_{MLG}$,0.34305510823544066,2.3524912875353167e-05,19
3.486142010243649,$\hat{T}_{MLG}$,0.7401947375459813,1.0902997715762955e-05,19
3.751869515402767,$\hat{T}_{MLG}$,0.625660773086884,1.2898909248962752e-05,19
4.037851819933397,$\hat{T}_{MLG}$,1.0490426685440868,7.693053652320941e-06,19
4.345632824597091,$\hat{T}_{MLG}$,0.6042201075066531,1.3356625230474855e-05,19
4.676874112365815,$\hat{T}_{MLG}$,0.456769406004697,1.76683057722141e-05,19
5.03336391862456,$\hat{T}_{MLG}$,0.6315062965242125,1.2779510793641261e-05,19
5.417026785118212,$\hat{T}_{MLG}$,0.41854533644107944,1.9281881387823543e-05,19
5.829933949760359,$\hat{T}_{MLG}$,0.39357019261921206,2.0505469377585283e-05,19
6.274314528394325,$\hat{T}_{MLG}$,0.36704811734342785,2.1987148690733084e-05,19
6.752567548872198,$\hat{T}_{MLG}$,0.3393861355614171,2.3779231639305255e-05,19
7.267274902418825,$\hat{T}_{MLG}$,0.3286434902780816,2.455652331909838e-05,19
7.821215282199927,$\hat{T}_{MLG}$,0.4745612679196805,1.7005900140273348e-05,19
8.417379184342884,$\hat{T}_{MLG}$,0.32828027178785063,2.4583693344505966e-05,19
9.058985052394538,$\hat{T}_{MLG}$,0.38996102190550935,2.069525177990507e-05,19
9.749496652373306,$\hat{T}_{MLG}$,1.1026887179346458,7.318784894978771e-06,19
10.492641772216333,$\hat{T}_{MLG}$,0.2994567962285832,2.6949936132099975e-05,19
11.292432346572342,$\hat{T}_{MLG}$,0.29418538739539035,2.7432842957073567e-05,19
12.153186115585632,$\hat{T}_{MLG}$,1.7767861412039387,4.542100675782614e-06,19
13.079549934598068,$\hat{T}_{MLG}$,0.3232156114736104,2.4968910059415595e-05,19
14.076524860608592,$\hat{T}_{MLG}$,2.6476396539061096,3.04812685547192e-06,19
15.149493150921694,$\hat{T}_{MLG}$,3.8790995784013367,2.0804677398896677e-06,19
16.304247319739442,$\hat{T}_{MLG}$,0.6833167995200634,1.1810541667279224e-05,19
17.54702140956167,$\hat{T}_{MLG}$,0.3486536113992807,2.314716173538033e-05,19
18.88452464621569,$\hat{T}_{MLG}$,0.545245930510814,1.4801287054307563e-05,19
20.32397765920527,$\hat{T}_{MLG}$,0.543719130623018,1.4842850063848645e-05,19
21.87315146291753,$\hat{T}_{MLG}$,0.4697821246646143,1.717890296154872e-05,19
23.540409409131357,$\hat{T}_{MLG}$,0.4115832059917659,1.9608043805473073e-05,19
25.33475233731158,$\hat{T}_{MLG}$,0.3308718847613165,2.4391137187450528e-05,19
27.265867166436806,$\hat{T}_{MLG}$,0.3191979086184601,2.5283190505894383e-05,19
29.344179190688156,$\hat{T}_{MLG}$,0.3096935389467859,2.6059121414445476e-05,19
31.580908361321878,$\hat{T}_{MLG}$,0.41163061108937554,1.9605785661385897e-05,19
33.98812985856841,$\hat{T}_{MLG}$,1.4767404197612006,5.464969621396714e-06,19
36.57883928056072,$\hat{T}_{MLG}$,0.6751171797064843,1.1953986323073981e-05,19
39.36702280122011,$\hat{T}_{MLG}$,0.5639016354397829,1.4311612212987449e-05,19
42.36773267585289,$\hat{T}_{MLG}$,0.30202855935952677,2.672045832287295e-05,19
45.597168502081885,$\hat{T}_{MLG}$,0.2919286390922283,2.7644911981842073e-05,19
49.07276467480673,$\hat{T}_{MLG}$,0.2720360147412357,2.9666445232849815e-05,19
52.81328450732654,$\hat{T}_{MLG}$,0.4210758447458176,1.916600449392972e-05,19
56.8389215267461,$\hat{T}_{MLG}$,0.3293494816382027,2.4503884118903917e-05,19
61.17140849051769,$\hat{T}_{MLG}$,0.27030767168132475,2.9856132023503956e-05,19
65.83413471265413,$\hat{T}_{MLG}$,0.4679438397263146,1.724638909105776e-05,19
70.8522723330089,$\hat{T}_{MLG}$,0.266000367728098,3.033958787956635e-05,19
76.25291221129912,$\hat{T}_{MLG}$,0.9018682933666436,8.94847018355339e-06,19
82.06521017950769,$\hat{T}_{MLG}$,0.3264206448597368,2.4723747286730055e-05,19
88.32054444222037,$\hat{T}_{MLG}$,0.26097993988235574,3.092322550277823e-05,19
95.0526849746383,$\hat{T}_{MLG}$,0.2844590653152799,2.837083614733402e-05,19
102.29797583277549,$\hat{T}_{MLG}$,0.2839547270308633,2.8421226218242954e-05,19
110.0955313600591,$\hat{T}_{MLG}$,0.2575535690436242,3.133461346566176e-05,19
118.4874473495718,$\hat{T}_{MLG}$,0.2635296023128031,3.0624041708621024e-05,19
127.51902830191335,$\hat{T}_{MLG}$,0.2522619944956457,3.1991904086934886e-05,19
137.239032005553,$\hat{T}_{MLG}$,0.3225110029309001,2.5023461089210376e-05,19
147.6999327600634,$\hat{T}_{MLG}$,0.24683663884537563,3.269507140606889e-05,19
158.95820466326612,$\hat{T}_{MLG}$,0.2537914037084289,3.179911303046062e-05,19
171.07462649164432,$\hat{T}_{MLG}$,0.24297982204328242,3.321404001705956e-05,19
184.11460981994108,$\hat{T}_{MLG}$,0.24531314977698518,3.2898120382133457e-05,19
198.14855215133173,$\hat{T}_{MLG}$,0.23826533658389445,3.387123636359074e-05,19
213.25221696456873,$\hat{T}_{MLG}$,0.24217829619094808,3.3323966926914234e-05,19
229.50714272982336,$\hat{T}_{MLG}$,0.2456149331569705,3.285769895564902e-05,19
247.00108310132606,$\hat{T}_{MLG}$,0.23790268791439959,3.3922868225799135e-05,19
265.8284806632307,$\hat{T}_{MLG}$,0.24113945661250524,3.346752806883896e-05,19
286.0909767862566,$\hat{T}_{MLG}$,0.2328054735758924,3.466560046343901e-05,19
307.8979603476156,$\hat{T}_{MLG}$,0.24015387520896792,3.360487739646613e-05,19
331.36715827654194,$\hat{T}_{MLG}$,0.2479146205696521,3.2552906779518534e-05,19
356.62527111352796,$\hat{T}_{MLG}$,0.2382640771666862,3.387141540030684e-05,19
383.8086570143992,$\hat{T}_{MLG}$,0.23345841934115283,3.4568646337360835e-05,19
413.0640678918749,$\hat{T}_{MLG}$,0.23382966148728138,3.4513763058766435e-05,19
444.5494416687491,$\hat{T}_{MLG}$,0.25701062090844695,3.1400809445763845e-05,19
478.43475491973123,$\hat{T}_{MLG}$,0.2348987545796452,3.4356680805420144e-05,19
514.9029405050194,$\hat{T}_{MLG}$,0.22994886497014816,3.5096244261659135e-05,19
554.1508751495202,$\hat{T}_{MLG}$,0.2315198020037921,3.48581048482039e-05,19
596.390442299262,$\hat{T}_{MLG}$,0.2387975453603432,3.3795747441647804e-05,19
641.8496759929147,$\hat{T}_{MLG}$,0.23074448728483307,3.497523008088809e-05,19
690.7739919237116,$\hat{T}_{MLG}$,0.2326303263282281,3.4691700175396744e-05,19
743.4275123377766,$\hat{T}_{MLG}$,0.23605034794258248,3.418906857382241e-05,19
800.0944919214219,$\hat{T}_{MLG}$,0.23069069801786468,3.49833851214002e-05,19
861.0808523752157,$\hat{T}_{MLG}$,0.23366292016940726,3.45383920000338e-05,19
926.7158339593304,$\hat{T}_{MLG}$,0.24559534193897864,3.2860320024672026e-05,19
997.35377292621,$\hat{T}_{MLG}$,0.23126514876150403,3.489648819073152e-05,19
1073.3760144361563,$\hat{T}_{MLG}$,0.23573765928888837,3.423441785681628e-05,19
1155.1929712829099,$\hat{T}_{MLG}$,0.2320841500459863,3.477334204461828e-05,19
1243.246339543401,$\hat{T}_{MLG}$,0.23811669825905424,3.389237962599174e-05,19
1338.011483113092,$\hat{T}_{MLG}$,0.23084407848267444,3.496014099962845e-05,19
1.0,$\hat{T}_{MLD}$,0.3302550537486886,2.4436693522409542e-05,19
1.0762239473831834,$\hat{T}_{MLD}$,0.3207083212178021,2.51641164221704e-05,19
1.1582579849210413,$\hat{T}_{MLD}$,0.3193435657399666,2.5271658484752652e-05,19
1.2465449806198148,$\hat{T}_{MLD}$,0.3269917122685485,2.4680569047742904e-05,19
1.3415615596333508,$\hat{T}_{MLD}$,0.31672041573574444,2.5480964067112992e-05,19
1.4438206773661448,$\hat{T}_{MLD}$,0.30913684010418996,2.6106049120394727e-05,19
1.5538743887084543,$\hat{T}_{MLD}$,0.3030571739213985,2.6629765691594325e-05,19
1.6723168283534438,$\hat{T}_{MLD}$,0.31636750518055956,2.5509388292194007e-05,19
1.7997874182858689,$\hat{T}_{MLD}$,0.3042201907655193,2.652796158064304e-05,19
1.9369743197582066,$\hat{T}_{MLD}$,0.2975148861552179,2.7125841120007614e-05,19
2.0846181483900335,$\hat{T}_{MLD}$,0.30426696034548173,2.6523883906159498e-05,19
2.2435159724469447,$\hat{T}_{MLD}$,0.292761004712315,2.7566313145475123e-05,19
2.4145256158840724,$\hat{T}_{MLD}$,0.2991157396727777,2.6980664880799213e-05,19
2.5985702893845684,$\hat{T}_{MLD}$,0.29666164115655763,2.7203859256022322e-05,19
2.796643574394121,$\hat{T}_{MLD}$,0.2849300530310245,2.832393932066147e-05,19
3.009814787058257,$\hat{T}_{MLD}$,0.29326670079394657,2.7518779018671924e-05,19
3.239234751020113,$\hat{T}_{MLD}$,0.29199782312550604,2.763836197920836e-05,19
3.486142010243649,$\hat{T}_{MLD}$,0.3017934520463274,2.6741274464247618e-05,19
3.751869515402767,$\hat{T}_{MLD}$,0.29008403285250894,2.782070234381669e-05,19
4.037851819933397,$\hat{T}_{MLD}$,0.2982245205323665,2.7061294350568717e-05,19
4.345632824597091,$\hat{T}_{MLD}$,0.28614323570901945,2.8203852216483513e-05,19
4.676874112365815,$\hat{T}_{MLD}$,0.28853950837686126,2.7969623910715636e-05,19
5.03336391862456,$\hat{T}_{MLD}$,0.28598532599737686,2.8219425260852776e-05,19
5.417026785118212,$\hat{T}_{MLD}$,0.27372704353377253,2.9483172099098317e-05,19
5.829933949760359,$\hat{T}_{MLD}$,0.2798017559085202,2.8843069645789327e-05,19
6.274314528394325,$\hat{T}_{MLD}$,0.26805599559073023,3.0106924170446265e-05,19
6.752567548872198,$\hat{T}_{MLD}$,0.28071746492644434,2.8748982664111205e-05,19
7.267274902418825,$\hat{T}_{MLD}$,0.2735923760015369,2.9497684294529676e-05,19
7.821215282199927,$\hat{T}_{MLD}$,0.27715072988556744,2.9118961858825886e-05,19
8.417379184342884,$\hat{T}_{MLD}$,0.267774927285784,3.0138525718169588e-05,19
9.058985052394538,$\hat{T}_{MLD}$,0.27563542148662407,2.927904363363991e-05,19
9.749496652373306,$\hat{T}_{MLD}$,0.2722216599691738,2.9646213800905752e-05,19
10.492641772216333,$\hat{T}_{MLD}$,0.2707158601697653,2.9811114604156182e-05,19
11.292432346572342,$\hat{T}_{MLD}$,0.26380321303341076,3.059227914582482e-05,19
12.153186115585632,$\hat{T}_{MLD}$,0.2731703127683184,2.954325984730348e-05,19
13.079549934598068,$\hat{T}_{MLD}$,0.2653142576323832,3.041804690295151e-05,19
14.076524860608592,$\hat{T}_{MLD}$,0.2806918799647294,2.8751603123316856e-05,19
15.149493150921694,$\hat{T}_{MLD}$,0.2887158879250323,2.7952536975655218e-05,19
16.304247319739442,$\hat{T}_{MLD}$,0.26954897158246904,2.9940168145714686e-05,19
17.54702140956167,$\hat{T}_{MLD}$,0.2700328772630688,2.9886514614371876e-05,19
18.88452464621569,$\hat{T}_{MLD}$,0.2650811992106804,3.044479033863685e-05,19
20.32397765920527,$\hat{T}_{MLD}$,0.2542350672312153,3.1743620660103435e-05,19
21.87315146291753,$\hat{T}_{MLD}$,0.2540883820648693,3.176194624523689e-05,19
23.540409409131357,$\hat{T}_{MLD}$,0.2553346558137175,3.160691801496546e-05,19
25.33475233731158,$\hat{T}_{MLD}$,0.24518925516358892,3.291474386713686e-05,19
27.265867166436806,$\hat{T}_{MLD}$,0.24606384708720694,3.2797754030982866e-05,19
29.344179190688156,$\hat{T}_{MLD}$,0.25114275088990773,3.213447931141501e-05,19
31.580908361321878,$\hat{T}_{MLD}$,0.24478620016329328,3.2968939945552436e-05,19
33.98812985856841,$\hat{T}_{MLD}$,0.24692385743199846,3.268352283418431e-05,19
36.57883928056072,$\hat{T}_{MLD}$,0.24684700623827632,3.2693698237091274e-05,19
39.36702280122011,$\hat{T}_{MLD}$,0.23701879527046707,3.404937369407502e-05,19
42.36773267585289,$\hat{T}_{MLD}$,0.24233890239848863,3.330188200412483e-05,19
45.597168502081885,$\hat{T}_{MLD}$,0.2427616145655364,3.3243894621177465e-05,19
49.07276467480673,$\hat{T}_{MLD}$,0.23436484888276382,3.4434948633105875e-05,19
52.81328450732654,$\hat{T}_{MLD}$,0.2422131081554128,3.3319177455521385e-05,19
56.8389215267461,$\hat{T}_{MLD}$,0.23310418295262575,3.4621178523955296e-05,19
61.17140849051769,$\hat{T}_{MLD}$,0.23855488915587117,3.3830124216865045e-05,19
65.83413471265413,$\hat{T}_{MLD}$,0.24398074095033553,3.3077781062753566e-05,19
70.8522723330089,$\hat{T}_{MLD}$,0.2346817198013746,3.43884540283496e-05,19
76.25291221129912,$\hat{T}_{MLD}$,0.2408992501926489,3.350089934372848e-05,19
82.06521017950769,$\hat{T}_{MLD}$,0.2344500855821862,3.4422429459316806e-05,19
88.32054444222037,$\hat{T}_{MLD}$,0.23626921028538242,3.415739834630028e-05,19
95.0526849746383,$\hat{T}_{MLD}$,0.237551892677932,3.397296246182807e-05,19
102.29797583277549,$\hat{T}_{MLD}$,0.23122058904690135,3.490321327330667e-05,19
110.0955313600591,$\hat{T}_{MLD}$,0.23553715007516132,3.426356109899563e-05,19
118.4874473495718,$\hat{T}_{MLD}$,0.22840478439804335,3.533350474226199e-05,19
127.51902830191335,$\hat{T}_{MLD}$,0.2341553644816813,3.446575546346264e-05,19
137.239032005553,$\hat{T}_{MLD}$,0.22702260605341046,3.554862519191117e-05,19
147.6999327600634,$\hat{T}_{MLD}$,0.2318891790724414,3.4802579253439184e-05,19
158.95820466326612,$\hat{T}_{MLD}$,0.23616795200641083,3.417204351445839e-05,19
171.07462649164432,$\hat{T}_{MLD}$,0.22846501249843087,3.532419009995686e-05,19
184.11460981994108,$\hat{T}_{MLD}$,0.231783413172733,3.481846014006747e-05,19
198.14855215133173,$\hat{T}_{MLD}$,0.2263723164769277,3.5650744129334106e-05,19
213.25221696456873,$\hat{T}_{MLD}$,0.22987669411028616,3.510726289117307e-05,19
229.50714272982336,$\hat{T}_{MLD}$,0.23346525180918593,3.456763467001755e-05,19
247.00108310132606,$\hat{T}_{MLD}$,0.22674072211027985,3.5592819223528906e-05,19
265.8284806632307,$\hat{T}_{MLD}$,0.2304918290127933,3.501356888549682e-05,19
286.0909767862566,$\hat{T}_{MLD}$,0.22320708403716208,3.615629659558632e-05,19
307.8979603476156,$\hat{T}_{MLD}$,0.22734731818513987,3.549785234814833e-05,19
331.36715827654194,$\hat{T}_{MLD}$,0.22022320983065508,3.664618974035225e-05,19
356.62527111352796,$\hat{T}_{MLD}$,0.22411958434460605,3.600908665025295e-05,19
383.8086570143992,$\hat{T}_{MLD}$,0.22425876194267957,3.598673899192562e-05,19
413.0640678918749,$\hat{T}_{MLD}$,0.2208909014400727,3.653541852593264e-05,19
444.5494416687491,$\hat{T}_{MLD}$,0.22349069954137601,3.611041331583236e-05,19
478.43475491973123,$\hat{T}_{MLD}$,0.22853273090565832,3.5313722899566406e-05,19
514.9029405050194,$\hat{T}_{MLD}$,0.2219136791219324,3.6367030480573814e-05,19
554.1508751495202,$\hat{T}_{MLD}$,0.2256453075811954,3.57656076219515e-05,19
596.390442299262,$\hat{T}_{MLD}$,0.2269035854873771,3.556727195539427e-05,19
641.8496759929147,$\hat{T}_{MLD}$,0.22058772830893572,3.658563236745874e-05,19
690.7739919237116,$\hat{T}_{MLD}$,0.2262971738788655,3.566258205682923e-05,19
743.4275123377766,$\hat{T}_{MLD}$,0.23030829341724077,3.5041471641938936e-05,19
800.0944919214219,$\hat{T}_{MLD}$,0.22480706929913116,3.589896686898708e-05,19
861.0808523752157,$\hat{T}_{MLD}$,0.22788822120133084,3.5413596587573276e-05,19
926.7158339593304,$\hat{T}_{MLD}$,0.22192711023166667,3.636482953461194e-05,19
997.35377292621,$\hat{T}_{MLD}$,0.225985715769616,3.571173295267478e-05,19
1073.3760144361563,$\hat{T}_{MLD}$,0.23024326906910983,3.505136790887554e-05,19
1155.1929712829099,$\hat{T}_{MLD}$,0.22676237556541812,3.558942047842236e-05,19
1243.246339543401,$\hat{T}_{MLD}$,0.23370623714407363,3.453199037947988e-05,19
1338.011483113092,$\hat{T}_{MLD}$,0.22504514156863847,3.5860989828221414e-05,19
1.0,$\hat{T}_{emp}$,0.026417007306318196,0.0003045993217061475,20
1.0762239473831834,$\hat{T}_{emp}$,0.02331249813081317,0.0003451626017022736,20
1.1582579849210413,$\hat{T}_{emp}$,0.017916814294547147,0.0004491089975442671,20
1.2465449806198148,$\hat{T}_{emp}$,0.017396636865377787,0.00046253782091784353,20
1.3415615596333508,$\hat{T}_{emp}$,0.01778398901171404,0.0004524633085249149,20
1.4438206773661448,$\hat{T}_{emp}$,0.012021267109545677,0.000669363922595259,20
1.5538743887084543,$\hat{T}_{emp}$,0.012433392539964476,0.0006471767444924453,20
1.6723168283534438,$\hat{T}_{emp}$,0.011600939238216217,0.0006936164686134608,20
1.7997874182858689,$\hat{T}_{emp}$,0.007032682076273081,0.0011441726527292564,20
1.9369743197582066,$\hat{T}_{emp}$,0.0043785492628334284,0.0018377325511244292,20
2.0846181483900335,$\hat{T}_{emp}$,0.005245726990597064,0.0015339346712923405,20
2.2435159724469447,$\hat{T}_{emp}$,0.006818141061277191,0.0011801754224051734,20
2.4145256158840724,$\hat{T}_{emp}$,0.006941783001796265,0.0011591550045469176,20
2.5985702893845684,$\hat{T}_{emp}$,0.00620858363782746,0.0012960447948199944,20
2.796643574394121,$\hat{T}_{emp}$,0.005858065629900304,0.0013735937791376038,20
3.009814787058257,$\hat{T}_{emp}$,0.00633342868676931,0.0012704970569606976,20
3.239234751020113,$\hat{T}_{emp}$,0.00554949709235168,0.0014499696770903254,20
3.486142010243649,$\hat{T}_{emp}$,0.00588815052984122,0.0013665755429027474,20
3.751869515402767,$\hat{T}_{emp}$,0.005239487246577605,0.0015357614454099202,20
4.037851819933397,$\hat{T}_{emp}$,0.00418287472499442,0.001923701529698956,20
4.345632824597091,$\hat{T}_{emp}$,0.005706794455410345,0.0014100039119828922,20
4.676874112365815,$\hat{T}_{emp}$,0.00757540565325185,0.0010622008741613391,20
5.03336391862456,$\hat{T}_{emp}$,0.009822133692284574,0.0008192316210612758,20
5.417026785118212,$\hat{T}_{emp}$,0.012283015897065683,0.0006550999017214604,20
5.829933949760359,$\hat{T}_{emp}$,0.020859298764287024,0.0003857561367684787,20
6.274314528394325,$\hat{T}_{emp}$,0.02421682930488992,0.00033227316448838646,20
6.752567548872198,$\hat{T}_{emp}$,0.035032924919743275,0.00022968685958836666,20
7.267274902418825,$\hat{T}_{emp}$,0.04043412596827984,0.00019900522922947173,20
7.821215282199927,$\hat{T}_{emp}$,0.0332925578375887,0.000241693730660908,20
8.417379184342884,$\hat{T}_{emp}$,0.03716644456723112,0.00021650180964862553,20
9.058985052394538,$\hat{T}_{emp}$,0.05135306542643812,0.0001566917659187728,20
9.749496652373306,$\hat{T}_{emp}$,0.05197799984813821,0.0001548078519858452,20
10.492641772216333,$\hat{T}_{emp}$,0.06089875335893692,0.0001321308247409308,20
11.292432346572342,$\hat{T}_{emp}$,0.05025018206071351,0.00016013081300459293,20
12.153186115585632,$\hat{T}_{emp}$,0.04998245439798722,0.00016098854295828455,20
13.079549934598068,$\hat{T}_{emp}$,0.037048270227638215,0.0002171923940731801,20
14.076524860608592,$\hat{T}_{emp}$,0.039901130347198485,0.00020166352273716547,20
15.149493150921694,$\hat{T}_{emp}$,0.032681456977913324,0.00024621308996257093,20
16.304247319739442,$\hat{T}_{emp}$,0.031765937380165206,0.00025330914717584254,20
17.54702140956167,$\hat{T}_{emp}$,0.028419653740082196,0.0002831351353046989,20
18.88452464621569,$\hat{T}_{emp}$,0.025108505113567124,0.00032047318112391187,20
20.32397765920527,$\hat{T}_{emp}$,0.027799300256593697,0.00028945341906950686,20
21.87315146291753,$\hat{T}_{emp}$,0.029073600195415678,0.00027676663546744555,20
23.540409409131357,$\hat{T}_{emp}$,0.021835174665331743,0.00036851560064626637,20
25.33475233731158,$\hat{T}_{emp}$,0.014823552653435617,0.0005428255085089825,20
27.265867166436806,$\hat{T}_{emp}$,0.012794474477452225,0.0006289123106378021,20
29.344179190688156,$\hat{T}_{emp}$,0.012907009968799855,0.0006234288597019709,20
31.580908361321878,$\hat{T}_{emp}$,0.011075864704758265,0.0007264988081295352,20
33.98812985856841,$\hat{T}_{emp}$,0.008053201891138779,0.000999180526675337,20
36.57883928056072,$\hat{T}_{emp}$,0.011173431373907718,0.0007201550032160535,20
39.36702280122011,$\hat{T}_{emp}$,0.01389651412871205,0.0005790374789304543,20
42.36773267585289,$\hat{T}_{emp}$,0.016819193762019746,0.0004784178493252927,20
45.597168502081885,$\hat{T}_{emp}$,0.015257376686979717,0.0005273909579670826,20
49.07276467480673,$\hat{T}_{emp}$,0.027643534081519778,0.0002910844352708929,20
52.81328450732654,$\hat{T}_{emp}$,0.033035186196964814,0.00024357672631341687,20
56.8389215267461,$\hat{T}_{emp}$,0.03968095546310186,0.0002027824787256739,20
61.17140849051769,$\hat{T}_{emp}$,0.043974980206234006,0.00018298137871293818,20
65.83413471265413,$\hat{T}_{emp}$,0.05985389665549771,0.00013443740435689356,20
70.8522723330089,$\hat{T}_{emp}$,0.07115615247284572,0.00011308372118744859,20
76.25291221129912,$\hat{T}_{emp}$,0.06125336493461132,0.00013136588521464425,20
82.06521017950769,$\hat{T}_{emp}$,0.07036692767930156,0.00011435205106130809,20
88.32054444222037,$\hat{T}_{emp}$,0.07640727221839978,0.00010531199810419547,20
95.0526849746383,$\hat{T}_{emp}$,0.051560886809632826,0.0001560602038657637,20
102.29797583277549,$\hat{T}_{emp}$,0.05643918740130328,0.00014257119702657263,20
110.0955313600591,$\hat{T}_{emp}$,0.07260741992647694,0.000110823418807044,20
118.4874473495718,$\hat{T}_{emp}$,0.07767417273519485,0.00010359431228760133,20
127.51902830191335,$\hat{T}_{emp}$,0.05967706955032386,0.0001348357512800693,20
137.239032005553,$\hat{T}_{emp}$,0.06087317746008991,0.00013218633957930707,20
147.6999327600634,$\hat{T}_{emp}$,0.04801497791078498,0.00016758525895736091,20
158.95820466326612,$\hat{T}_{emp}$,0.0352344034821489,0.00022837345638865666,20
171.07462649164432,$\hat{T}_{emp}$,0.029152447600075237,0.0002760180763343555,20
184.11460981994108,$\hat{T}_{emp}$,0.033934082620468646,0.00023712450390974316,20
198.14855215133173,$\hat{T}_{emp}$,0.008626354252338842,0.0009327929588364876,20
213.25221696456873,$\hat{T}_{emp}$,0.00618546205867201,0.0013008894777277857,20
229.50714272982336,$\hat{T}_{emp}$,0.009498412133885272,0.000847152386482039,20
247.00108310132606,$\hat{T}_{emp}$,0.010740310589031864,0.0007491964445821663,20
265.8284806632307,$\hat{T}_{emp}$,0.013898123732107233,0.0005789704180300055,20
286.0909767862566,$\hat{T}_{emp}$,0.016818014225413288,0.00047845140330847393,20
307.8979603476156,$\hat{T}_{emp}$,0.018005274518890863,0.00044690251729116883,20
331.36715827654194,$\hat{T}_{emp}$,0.01841652614474995,0.00043692292692803695,20
356.62527111352796,$\hat{T}_{emp}$,0.01859869930900918,0.00043264329259375166,20
383.8086570143992,$\hat{T}_{emp}$,0.012467759544511353,0.0006453928212429472,20
413.0640678918749,$\hat{T}_{emp}$,0.004480288414074017,0.0017960010078221563,20
444.5494416687491,$\hat{T}_{emp}$,0.004796309740669554,0.0016776653181467755,20
478.43475491973123,$\hat{T}_{emp}$,0.006002188234373646,0.001340611489144769,20
514.9029405050194,$\hat{T}_{emp}$,0.006564046113067013,0.0012258601430286322,20
554.1508751495202,$\hat{T}_{emp}$,0.008099285117520217,0.000993495399934077,20
596.390442299262,$\hat{T}_{emp}$,0.013737581298769987,0.0005857364795163271,20
641.8496759929147,$\hat{T}_{emp}$,0.016816749638795935,0.00047848738191639005,20
690.7739919237116,$\hat{T}_{emp}$,0.021000221732550707,0.0003831675022049168,20
743.4275123377766,$\hat{T}_{emp}$,0.028433664786828773,0.0002829956168976946,20
800.0944919214219,$\hat{T}_{emp}$,0.030882693032671334,0.00026055378326295006,20
861.0808523752157,$\hat{T}_{emp}$,0.036866472833085424,0.0002182634217122482,20
926.7158339593304,$\hat{T}_{emp}$,0.045753014628485585,0.00017587043328946226,20
997.35377292621,$\hat{T}_{emp}$,0.02716431893292619,0.0002962195565027579,20
1073.3760144361563,$\hat{T}_{emp}$,0.017005038587147546,0.00047318931184857816,20
1155.1929712829099,$\hat{T}_{emp}$,0.016575983718124458,0.0004854374041289975,20
1243.246339543401,$\hat{T}_{emp}$,0.017119738483774728,0.000470019008446715,20
1338.011483113092,$\hat{T}_{emp}$,0.01921363044759185,0.00041879656887120934,20
1.0,$\hat{T}_{GT}$,8.046605941613827e-06,0.9999995731612823,20
1.0762239473831834,$\hat{T}_{GT}$,1.4953494631695427e-05,0.5381084960538446,20
1.1582579849210413,$\hat{T}_{GT}$,6.9471943755514335e-06,1.158252104666665,20
1.2465449806198148,$\hat{T}_{GT}$,6.455152825743149e-06,1.2465394273735881,20
1.3415615596333508,$\hat{T}_{GT}$,5.997972685232392e-06,1.3415537097763726,20
1.4438206773661448,$\hat{T}_{GT}$,5.57314191448571e-06,1.4438179810379737,20
1.5538743887084543,$\hat{T}_{GT}$,5.178422548923147e-06,1.5538713635263612,20
1.6723168283534438,$\hat{T}_{GT}$,4.811671189637585e-06,1.6723093058270542,20
1.7997874182858689,$\hat{T}_{GT}$,4.470872267179326e-06,1.7997835827431203,20
1.9369743197582066,$\hat{T}_{GT}$,4.154221311986175e-06,1.9369701088851485,20
2.0846181483900335,$\hat{T}_{GT}$,3.859990427223741e-06,2.0846172182862905,20
2.2435159724469447,$\hat{T}_{GT}$,3.586607607194735e-06,2.2435134779922343,20
2.4145256158840724,$\hat{T}_{GT}$,3.332589055111025e-06,2.414519874471229,20
2.5985702893845684,$\hat{T}_{GT}$,3.0965504428067135e-06,2.598569813614089,20
2.796643574394121,$\hat{T}_{GT}$,2.8772424508351196e-06,2.796636934324161,20
3.009814787058257,$\hat{T}_{GT}$,2.6734608217683876e-06,3.0098075279398926,20
3.239234751020113,$\hat{T}_{GT}$,2.4841079195844583e-06,3.239232258619787,20
3.486142010243649,$\hat{T}_{GT}$,2.308173473085543e-06,3.4861342099449084,20
3.751869515402767,$\hat{T}_{GT}$,2.144693920007206e-06,3.751865211136435,20
4.037851819933397,$\hat{T}_{GT}$,1.9927940566910055e-06,4.037849510838107,20
4.345632824597091,$\hat{T}_{GT}$,1.8516529706068608e-06,4.345632056731274,20
4.676874112365815,$\hat{T}_{GT}$,1.7205100279926982e-06,4.676870448932376,20
5.03336391862456,$\hat{T}_{GT}$,1.5986545723119423e-06,5.033359079800478,20
5.417026785118212,$\hat{T}_{GT}$,1.485429422791835e-06,5.417021087334756,20
5.829933949760359,$\hat{T}_{GT}$,1.38022224338563e-06,5.829932494982019,20
6.274314528394325,$\hat{T}_{GT}$,1.282467261816974e-06,6.274314165034201,20
6.752567548872198,$\hat{T}_{GT}$,1.1916366175632938e-06,6.752563985038392,20
7.267274902418825,$\hat{T}_{GT}$,1.1072382378081997e-06,7.267272961001849,20
7.821215282199927,$\hat{T}_{GT}$,1.0288182273667707e-06,7.821209124186983,20
8.417379184342884,$\hat{T}_{GT}$,9.559516594364855e-07,8.417373857328913,20
9.058985052394538,$\hat{T}_{GT}$,8.882461934209381e-07,9.05897775482793,20
9.749496652373306,$\hat{T}_{GT}$,8.253358291488807e-07,9.749488902364561,20
10.492641772216333,$\hat{T}_{GT}$,7.668805752217819e-07,10.492640923502057,20
11.292432346572342,$\hat{T}_{GT}$,7.125663933737026e-07,11.292424933083893,20
12.153186115585632,$\hat{T}_{GT}$,1.3241963783229052e-06,6.07659304823193,20
13.079549934598068,$\hat{T}_{GT}$,6.152051647703993e-07,13.07954316348098,20
14.076524860608592,$\hat{T}_{GT}$,5.716330527377222e-07,14.076517214099626,20
15.149493150921694,$\hat{T}_{GT}$,5.311467085635191e-07,15.149491425396988,20
16.304247319739442,$\hat{T}_{GT}$,4.935281190113447e-07,16.304243257973106,20
17.54702140956167,$\hat{T}_{GT}$,4.5857381708591014e-07,17.547016875373412,20
18.88452464621569,$\hat{T}_{GT}$,4.260950856749389e-07,18.884523144088757,20
20.32397765920527,$\hat{T}_{GT}$,3.9591683054324146e-07,20.323971819965426,20
21.87315146291753,$\hat{T}_{GT}$,3.6787589927263575e-07,21.87314396762769,20
23.540409409131357,$\hat{T}_{GT}$,3.4182085920774814e-07,23.54040805368285,20
25.33475233731158,$\hat{T}_{GT}$,3.176112584297998e-07,25.33475213313123,20
27.265867166436806,$\hat{T}_{GT}$,2.95116355525493e-07,27.265864315391273,20
29.344179190688156,$\hat{T}_{GT}$,2.742146629161413e-07,29.34417299731207,20
31.580908361321878,$\hat{T}_{GT}$,2.54793298936238e-07,31.58090318939089,20
33.98812985856841,$\hat{T}_{GT}$,2.3674746857769225e-07,33.988124795388266,20
36.57883928056072,$\hat{T}_{GT}$,2.1997974866433797e-07,36.578833078353,20
39.36702280122011,$\hat{T}_{GT}$,2.0439957828279008e-07,39.3670210800448,20
42.36773267585289,$\hat{T}_{GT}$,1.899229178845474e-07,42.36772790054927,20
45.597168502081885,$\hat{T}_{GT}$,1.764715432577635e-07,45.59716744391802,20
49.07276467480673,$\hat{T}_{GT}$,1.6397289265727746e-07,49.07276060457875,20
52.81328450732654,$\hat{T}_{GT}$,1.5235945373650896e-07,52.813280106180294,20
56.8389215267461,$\hat{T}_{GT}$,1.4156854550777524e-07,56.83891487441275,20
61.17140849051769,$\hat{T}_{GT}$,1.315418906331782e-07,61.171406829250095,20
65.83413471265413,$\hat{T}_{GT}$,1.2222539193405305e-07,65.83413135097514,20
70.8522723330089,$\hat{T}_{GT}$,1.1356873861473395e-07,70.85226625883234,20
76.25291221129912,$\hat{T}_{GT}$,1.0552519361234898e-07,76.25290446346283,20
82.06521017950769,$\hat{T}_{GT}$,9.805132790913387e-08,82.06520685235199,20
88.32054444222037,$\hat{T}_{GT}$,9.11068092500379e-08,88.32053908207216,20
95.0526849746383,$\hat{T}_{GT}$,8.465413537144372e-08,95.05268078994776,20
102.29797583277549,$\hat{T}_{GT}$,7.865847653633377e-08,102.29797043290044,20
110.0955313600591,$\hat{T}_{GT}$,7.308745835293905e-08,110.09553059231932,20
118.4874473495718,$\hat{T}_{GT}$,6.79110137538818e-08,118.48744499931605,20
127.51902830191335,$\hat{T}_{GT}$,6.310119266933253e-08,127.51902407260759,20
137.239032005553,$\hat{T}_{GT}$,5.863202686519471e-08,137.2390302233865,20
147.6999327600634,$\hat{T}_{GT}$,5.447939382303916e-08,147.6999272999984,20
158.95820466326612,$\hat{T}_{GT}$,5.0620870033042264e-08,158.9582024520425,20
171.07462649164432,$\hat{T}_{GT}$,4.7035628877411465e-08,171.07462362165185,20
184.11460981994108,$\hat{T}_{GT}$,4.370431287707808e-08,184.11460968720837,20
198.14855215133173,$\hat{T}_{GT}$,4.0608940813646426e-08,198.1485442808409,20
213.25221696456873,$\hat{T}_{GT}$,3.7732797683568455e-08,213.25221030496044,20
229.50714272982336,$\hat{T}_{GT}$,3.5060358686401956e-08,229.50713593616808,20
247.00108310132606,$\hat{T}_{GT}$,3.2577195982358664e-08,247.00107742140528,20
265.8284806632307,$\hat{T}_{GT}$,3.026990402079373e-08,265.8284777342967,20
286.0909767862566,$\hat{T}_{GT}$,2.81260272152502e-08,286.0909735111086,20
307.8979603476156,$\hat{T}_{GT}$,2.6133991115436113e-08,307.89795831292366,20
331.36715827654194,$\hat{T}_{GT}$,2.4283041971635368e-08,331.36715393441943,20
356.62527111352796,$\hat{T}_{GT}$,2.2563186568153088e-08,356.62527022527394,20
383.8086570143992,$\hat{T}_{GT}$,2.096514073636912e-08,383.8086568649683,20
413.0640678918749,$\hat{T}_{GT}$,1.948027711551329e-08,413.06406779002555,20
444.5494416687491,$\hat{T}_{GT}$,1.8100579817683357e-08,444.54943366785074,20
478.43475491973123,$\hat{T}_{GT}$,1.6818599729805832e-08,478.4347470230069,20
514.9029405050194,$\hat{T}_{GT}$,1.562741614504305e-08,514.9029393168886,20
554.1508751495202,$\hat{T}_{GT}$,1.4520598870735929e-08,554.1508706798295,20
596.390442299262,$\hat{T}_{GT}$,1.3492172179006045e-08,596.3904403422497,20
641.8496759929147,$\hat{T}_{GT}$,1.2536584260188082e-08,641.8496729259925,20
690.7739919237116,$\hat{T}_{GT}$,1.1648676159988276e-08,690.7739898075218,20
743.4275123377766,$\hat{T}_{GT}$,1.0823654568865913e-08,743.4275046209254,20
800.0944919214219,$\hat{T}_{GT}$,1.0057065297055286e-08,800.0944877395709,20
861.0808523752157,$\hat{T}_{GT}$,9.344770048524307e-09,861.0808468509673,20
926.7158339593304,$\hat{T}_{GT}$,8.682923310354787e-09,926.7158328364965,20
997.35377292621,$\hat{T}_{GT}$,8.067952165757045e-09,997.3537697909521,20
1073.3760144361563,$\hat{T}_{GT}$,7.496536562625385e-09,1073.376010346949,20
1155.1929712829099,$\hat{T}_{GT}$,6.965591690584071e-09,1155.1929634187545,20
1243.246339543401,$\hat{T}_{GT}$,6.472251116508623e-09,1243.246339204389,20
1338.011483113092,$\hat{T}_{GT}$,6.013851608187512e-09,1338.0114827003513,20
1.0,$\hat{T}_{Reset}$,0.00034600405548939456,0.023255804027006565,20
1.0762239473831834,$\hat{T}_{Reset}$,0.00020187217752788827,0.03985988859658108,20
1.1582579849210413,$\hat{T}_{Reset}$,0.00029872935814871166,0.0269360954573643,20
1.2465449806198148,$\hat{T}_{Reset}$,0.0005874189071426266,0.013698235465643827,20
1.3415615596333508,$\hat{T}_{Reset}$,7.797364490802109e-05,0.10319643921356712,20
1.4438206773661448,$\hat{T}_{Reset}$,0.00029537652146774266,0.02724184869882969,20
1.5538743887084543,$\hat{T}_{Reset}$,0.0004712364519520064,0.017075509489300672,20
1.6723168283534438,$\hat{T}_{Reset}$,0.0007361856920145505,0.010930126181876172,20
1.7997874182858689,$\hat{T}_{Reset}$,3.1296105870255284e-05,0.25711194039187435,20
1.9369743197582066,$\hat{T}_{Reset}$,0.0001952484016633502,0.04121212997627976,20
2.0846181483900335,$\hat{T}_{Reset}$,6.561983726280359e-05,0.12262454225213476,20
2.2435159724469447,$\hat{T}_{Reset}$,3.227946846475261e-05,0.2492792753324705,20
2.4145256158840724,$\hat{T}_{Reset}$,0.00025660935724354896,0.03135740096715882,20
2.5985702893845684,$\hat{T}_{Reset}$,0.0001641171734687558,0.04902961912479413,20
2.796643574394121,$\hat{T}_{Reset}$,4.31586367625268e-05,0.1864424622882774,20
3.009814787058257,$\hat{T}_{Reset}$,8.287728547482001e-05,0.0970905654174159,20
3.239234751020113,$\hat{T}_{Reset}$,1.4904647517506751e-05,0.5398720431032978,20
3.486142010243649,$\hat{T}_{Reset}$,0.00023081734730855433,0.03486134209944908,20
3.751869515402767,$\hat{T}_{Reset}$,4.289387840014412e-06,1.8759326055682175,20
4.037851819933397,$\hat{T}_{Reset}$,5.978382170073016e-06,1.345949836946036,20
4.345632824597091,$\hat{T}_{Reset}$,2.592314158849605e-05,0.31040228976651957,20
4.676874112365815,$\hat{T}_{Reset}$,5.161530083978095e-06,1.558956816310792,20
5.03336391862456,$\hat{T}_{Reset}$,6.394618289247769e-05,0.12583397699501195,20
5.417026785118212,$\hat{T}_{Reset}$,2.97085884558367e-06,2.708510543667378,20
5.829933949760359,$\hat{T}_{Reset}$,2.3463778137555708e-05,0.34293720558717755,20
6.274314528394325,$\hat{T}_{Reset}$,2.0519476189071584e-05,0.39214463531463756,20
6.752567548872198,$\hat{T}_{Reset}$,1.1916366175632938e-06,6.752563985038392,20
7.267274902418825,$\hat{T}_{Reset}$,0.00016719297390903817,0.0481276355033235,20
7.821215282199927,$\hat{T}_{Reset}$,3.189336504836989e-05,0.2522970685221607,20
8.417379184342884,$\hat{T}_{Reset}$,3.7282114718022936e-05,0.21583009890586957,20
9.058985052394538,$\hat{T}_{Reset}$,9.948357366314507e-05,0.0808837299538208,20
9.749496652373306,$\hat{T}_{Reset}$,2.1458731557870898e-05,0.3749803423986369,20
10.492641772216333,$\hat{T}_{Reset}$,8.358998269917422e-05,0.0962627607660739,20
11.292432346572342,$\hat{T}_{Reset}$,5.48676122897751e-05,0.1466548692608298,20
12.153186115585632,$\hat{T}_{Reset}$,7.41549971860827e-05,0.10851059014699875,20
13.079549934598068,$\hat{T}_{Reset}$,9.966323669280469e-05,0.08073792076222826,20
14.076524860608592,$\hat{T}_{Reset}$,1.1432661054754444e-05,0.7038258607049812,20
15.149493150921694,$\hat{T}_{Reset}$,6.9580218821821e-05,0.11564497271295411,20
16.304247319739442,$\hat{T}_{Reset}$,1.2338202975283619e-05,0.6521697303189242,20
17.54702140956167,$\hat{T}_{Reset}$,5.0443119879450115e-06,1.5951833523066739,20
18.88452464621569,$\hat{T}_{Reset}$,8.521901713498777e-06,0.9442261572044378,20
20.32397765920527,$\hat{T}_{Reset}$,1.1877504916297243e-06,6.774657273321808,20
21.87315146291753,$\hat{T}_{Reset}$,3.6787589927263575e-07,21.87314396762769,20
23.540409409131357,$\hat{T}_{Reset}$,3.4182085920774814e-07,23.54040805368285,20
25.33475233731158,$\hat{T}_{Reset}$,9.528337752893994e-07,8.44491737771041,20
27.265867166436806,$\hat{T}_{Reset}$,7.377908888137326e-06,1.0906345726156508,20
29.344179190688156,$\hat{T}_{Reset}$,5.484293258322826e-07,14.672086498656036,20
31.580908361321878,$\hat{T}_{Reset}$,2.54793298936238e-07,31.58090318939089,20
33.98812985856841,$\hat{T}_{Reset}$,2.3674746857769225e-07,33.988124795388266,20
36.57883928056072,$\hat{T}_{Reset}$,2.1997974866433797e-07,36.578833078353,20
39.36702280122011,$\hat{T}_{Reset}$,2.0439957828279008e-07,39.3670210800448,20
42.36773267585289,$\hat{T}_{Reset}$,3.798458357690948e-07,21.183863950274635,20
45.597168502081885,$\hat{T}_{Reset}$,1.764715432577635e-07,45.59716744391802,20
49.07276467480673,$\hat{T}_{Reset}$,1.6397289265727746e-07,49.07276060457875,20
52.81328450732654,$\hat{T}_{Reset}$,1.5235945373650896e-07,52.813280106180294,20
56.8389215267461,$\hat{T}_{Reset}$,4.247056365233257e-07,18.94630495813759,20
61.17140849051769,$\hat{T}_{Reset}$,1.315418906331782e-07,61.171406829250095,20
65.83413471265413,$\hat{T}_{Reset}$,1.2222539193405305e-07,65.83413135097514,20
70.8522723330089,$\hat{T}_{Reset}$,3.4070621584420186e-07,23.61742208627745,20
76.25291221129912,$\hat{T}_{Reset}$,2.1105038722469796e-07,38.12645223173141,20
82.06521017950769,$\hat{T}_{Reset}$,5.785028346638898e-06,1.3909357093618981,20
88.32054444222037,$\hat{T}_{Reset}$,9.11068092500379e-08,88.32053908207216,20
95.0526849746383,$\hat{T}_{Reset}$,8.465413537144372e-08,95.05268078994776,20
102.29797583277549,$\hat{T}_{Reset}$,1.4158525776540078e-06,5.683220579605581,20
110.0955313600591,$\hat{T}_{Reset}$,7.308745835293905e-08,110.09553059231932,20
118.4874473495718,$\hat{T}_{Reset}$,6.79110137538818e-08,118.48744499931605,20
127.51902830191335,$\hat{T}_{Reset}$,6.941131193626578e-07,11.592638552055236,20
137.239032005553,$\hat{T}_{Reset}$,5.863202686519471e-08,137.2390302233865,20
147.6999327600634,$\hat{T}_{Reset}$,5.447939382303916e-08,147.6999272999984,20
158.95820466326612,$\hat{T}_{Reset}$,5.0620870033042264e-08,158.9582024520425,20
171.07462649164432,$\hat{T}_{Reset}$,3.762850310192917e-07,21.38432795270648,20
184.11460981994108,$\hat{T}_{Reset}$,3.933388158937027e-07,20.457178854134263,20
198.14855215133173,$\hat{T}_{Reset}$,4.0608940813646426e-08,198.1485442808409,20
213.25221696456873,$\hat{T}_{Reset}$,3.7732797683568455e-08,213.25221030496044,20
229.50714272982336,$\hat{T}_{Reset}$,3.5060358686401956e-08,229.50713593616808,20
247.00108310132606,$\hat{T}_{Reset}$,3.2577195982358664e-08,247.00107742140528,20
265.8284806632307,$\hat{T}_{Reset}$,3.026990402079373e-08,265.8284777342967,20
286.0909767862566,$\hat{T}_{Reset}$,8.437808164575061e-08,95.3636578370362,20
307.8979603476156,$\hat{T}_{Reset}$,2.6133991115436113e-08,307.89795831292366,20
331.36715827654194,$\hat{T}_{Reset}$,2.4283041971635368e-08,331.36715393441943,20
356.62527111352796,$\hat{T}_{Reset}$,2.2563186568153088e-08,356.62527022527394,20
383.8086570143992,$\hat{T}_{Reset}$,2.096514073636912e-08,383.8086568649683,20
413.0640678918749,$\hat{T}_{Reset}$,1.948027711551329e-08,413.06406779002555,20
444.5494416687491,$\hat{T}_{Reset}$,1.8100579817683357e-08,444.54943366785074,20
478.43475491973123,$\hat{T}_{Reset}$,1.6818599729805832e-08,478.4347470230069,20
514.9029405050194,$\hat{T}_{Reset}$,1.0939191301530135e-07,73.5575627595555,20
554.1508751495202,$\hat{T}_{Reset}$,4.356179661220779e-08,184.7169568932765,20
596.390442299262,$\hat{T}_{Reset}$,1.3492172179006045e-08,596.3904403422497,20
641.8496759929147,$\hat{T}_{Reset}$,1.2536584260188082e-08,641.8496729259925,20
690.7739919237116,$\hat{T}_{Reset}$,1.1648676159988276e-08,690.7739898075218,20
743.4275123377766,$\hat{T}_{Reset}$,1.0823654568865913e-08,743.4275046209254,20
800.0944919214219,$\hat{T}_{Reset}$,1.0057065297055286e-08,800.0944877395709,20
861.0808523752157,$\hat{T}_{Reset}$,9.344770048524307e-09,861.0808468509673,20
926.7158339593304,$\hat{T}_{Reset}$,8.682923310354787e-09,926.7158328364965,20
997.35377292621,$\hat{T}_{Reset}$,8.067952165757045e-09,997.3537697909521,20
1073.3760144361563,$\hat{T}_{Reset}$,7.496536562625385e-09,1073.376010346949,20
1155.1929712829099,$\hat{T}_{Reset}$,6.965591690584071e-09,1155.1929634187545,20
1243.246339543401,$\hat{T}_{Reset}$,6.472251116508623e-09,1243.246339204389,20
1338.011483113092,$\hat{T}_{Reset}$,6.013851608187512e-09,1338.0114827003513,20
1.0,$\hat{T}_{MLG}$,3.0950755106778463,2.5998081401408505e-06,20
1.0762239473831834,$\hat{T}_{MLG}$,2.8910488002586954,2.7832814535302355e-06,20
1.1582579849210413,$\hat{T}_{MLG}$,2.8133162560596903,2.8601841295585006e-06,20
1.2465449806198148,$\hat{T}_{MLG}$,2.1673883761869415,3.712579893580102e-06,20
1.3415615596333508,$\hat{T}_{MLG}$,2.143461110506649,3.754023092636793e-06,20
1.4438206773661448,$\hat{T}_{MLG}$,0.49927015246444334,1.611673052613319e-05,20
1.5538743887084543,$\hat{T}_{MLG}$,3.4426739255446406,2.3373118340674306e-06,20
1.6723168283534438,$\hat{T}_{MLG}$,0.5489880916767712,1.4657153094949972e-05,20
1.7997874182858689,$\hat{T}_{MLG}$,0.519264033357178,1.5496167633616896e-05,20
1.9369743197582066,$\hat{T}_{MLG}$,1.1455153201492196,7.024439014890417e-06,20
2.0846181483900335,$\hat{T}_{MLG}$,1.0076985044814488,7.985128955958473e-06,20
2.2435159724469447,$\hat{T}_{MLG}$,2.595717892936176,3.09995262925466e-06,20
2.4145256158840724,$\hat{T}_{MLG}$,2.5150352488544225,3.1993994957629423e-06,20
2.5985702893845684,$\hat{T}_{MLG}$,2.508529899293986,3.2076964716567832e-06,20
2.796643574394121,$\hat{T}_{MLG}$,2.289987209172649,3.513819847892525e-06,20
3.009814787058257,$\hat{T}_{MLG}$,0.4312501377260077,1.865878246309855e-05,20
3.239234751020113,$\hat{T}_{MLG}$,1.464889691207997,5.4929750378510535e-06,20
3.486142010243649,$\hat{T}_{MLG}$,0.4930990598001584,1.6318430033656863e-05,20
3.751869515402767,$\hat{T}_{MLG}$,0.5273833730116007,1.5257596122268852e-05,20
4.037851819933397,$\hat{T}_{MLG}$,0.38308738811258486,2.100461345557548e-05,20
4.345632824597091,$\hat{T}_{MLG}$,0.36173502933388635,2.224446585067586e-05,20
4.676874112365815,$\hat{T}_{MLG}$,0.4727552702611562,1.702065109198215e-05,20
5.03336391862456,$\hat{T}_{MLG}$,0.4508334423317336,1.784828220682438e-05,20
5.417026785118212,$\hat{T}_{MLG}$,0.3362846676633898,2.392794938562366e-05,20
5.829933949760359,$\hat{T}_{MLG}$,0.6649111030970807,1.2101771905342987e-05,20
6.274314528394325,$\hat{T}_{MLG}$,0.8204833063070457,9.807149572887986e-06,20
6.752567548872198,$\hat{T}_{MLG}$,0.34093524931778807,2.3601556375036398e-05,20
7.267274902418825,$\hat{T}_{MLG}$,0.3468532003669388,2.3198870584150008e-05,20
7.821215282199927,$\hat{T}_{MLG}$,0.331990492130055,2.423744865518216e-05,20
8.417379184342884,$\hat{T}_{MLG}$,0.3157757849586742,2.548201252374032e-05,20
9.058985052394538,$\hat{T}_{MLG}$,0.30770175419918383,2.615065529266394e-05,20
9.749496652373306,$\hat{T}_{MLG}$,0.32181335972014513,2.5003941769255138e-05,20
10.492641772216333,$\hat{T}_{MLG}$,3.6613945212303216,2.1976879192759054e-06,20
11.292432346572342,$\hat{T}_{MLG}$,0.6049668575166491,1.3300898069096978e-05,20
12.153186115585632,$\hat{T}_{MLG}$,0.8741006090740557,9.205579338898664e-06,20
13.079549934598068,$\hat{T}_{MLG}$,4.684059252428522,1.7178694959588698e-06,20
14.076524860608592,$\hat{T}_{MLG}$,0.716527405601661,1.1229999640075474e-05,20
15.149493150921694,$\hat{T}_{MLG}$,0.9521870349685747,8.450653297622802e-06,20
16.304247319739442,$\hat{T}_{MLG}$,0.9493950330155506,8.475505166118839e-06,20
17.54702140956167,$\hat{T}_{MLG}$,0.3432999920309042,2.343898250451023e-05,20
18.88452464621569,$\hat{T}_{MLG}$,0.31652676812161096,2.542155456476062e-05,20
20.32397765920527,$\hat{T}_{MLG}$,0.29772705506886377,2.7026776270465912e-05,20
21.87315146291753,$\hat{T}_{MLG}$,0.2863975242525865,2.809592201612125e-05,20
23.540409409131357,$\hat{T}_{MLG}$,0.2797625155154197,2.8762261063410263e-05,20
25.33475233731158,$\hat{T}_{MLG}$,0.2839206545307405,2.8341025489357795e-05,20
27.265867166436806,$\hat{T}_{MLG}$,0.27521842828967674,2.9237150132045455e-05,20
29.344179190688156,$\hat{T}_{MLG}$,0.2798015830034074,2.8758245112976626e-05,20
31.580908361321878,$\hat{T}_{MLG}$,0.26596236418268676,3.025466603795016e-05,20
33.98812985856841,$\hat{T}_{MLG}$,0.2652781605739706,3.0332698664680082e-05,20
36.57883928056072,$\hat{T}_{MLG}$,0.2691113352209795,2.9900645026354742e-05,20
39.36702280122011,$\hat{T}_{MLG}$,0.2613569361055094,3.07877901651038e-05,20
42.36773267585289,$\hat{T}_{MLG}$,0.28091505371646863,2.8644255267047418e-05,20
45.597168502081885,$\hat{T}_{MLG}$,0.2680308926091247,3.002117565136568e-05,20
49.07276467480673,$\hat{T}_{MLG}$,0.2631810644129795,3.0574397610856473e-05,20
52.81328450732654,$\hat{T}_{MLG}$,0.25463444754203063,3.1600604649858586e-05,20
56.8389215267461,$\hat{T}_{MLG}$,0.25555537566855746,3.148672762590174e-05,20
61.17140849051769,$\hat{T}_{MLG}$,0.24813080579023725,3.2428873478181646e-05,20
65.83413471265413,$\hat{T}_{MLG}$,0.2569471319508664,3.1316179503219915e-05,20
70.8522723330089,$\hat{T}_{MLG}$,0.29641432237485865,2.7146469990187502e-05,20
76.25291221129912,$\hat{T}_{MLG}$,0.25320050982576736,3.1779566765279824e-05,20
82.06521017950769,$\hat{T}_{MLG}$,0.2734436663829061,2.9426911266407323e-05,20
88.32054444222037,$\hat{T}_{MLG}$,0.24917705997388148,3.229270988209871e-05,20
95.0526849746383,$\hat{T}_{MLG}$,0.25307389314980433,3.179546656062136e-05,20
102.29797583277549,$\hat{T}_{MLG}$,0.2563365859572752,3.1390768808756894e-05,20
110.0955313600591,$\hat{T}_{MLG}$,0.2520429739919741,3.192551801609473e-05,20
118.4874473495718,$\hat{T}_{MLG}$,0.24358434122819242,3.303415345353715e-05,20
127.51902830191335,$\hat{T}_{MLG}$,0.2572102728907622,3.128414124589913e-05,20
137.239032005553,$\hat{T}_{MLG}$,0.25403655953633797,3.167497828539857e-05,20
147.6999327600634,$\hat{T}_{MLG}$,0.24451805107405034,3.2908010151667766e-05,20
158.95820466326612,$\hat{T}_{MLG}$,0.24911775705946,3.230039721773138e-05,20
171.07462649164432,$\hat{T}_{MLG}$,0.32161635277986916,2.5019257999354203e-05,20
184.11460981994108,$\hat{T}_{MLG}$,0.2533175120581729,3.176488842651751e-05,20
198.14855215133173,$\hat{T}_{MLG}$,0.251547978086644,3.1988341024308564e-05,20
213.25221696456873,$\hat{T}_{MLG}$,0.25260032830801643,3.1855075410666046e-05,20
229.50714272982336,$\hat{T}_{MLG}$,0.24392352182337287,3.298821879440343e-05,20
247.00108310132606,$\hat{T}_{MLG}$,0.2366283414804557,3.4005235622527807e-05,20
265.8284806632307,$\hat{T}_{MLG}$,0.2396619403511866,3.357480330510486e-05,20
286.0909767862566,$\hat{T}_{MLG}$,0.24444798983809446,3.291744191613268e-05,20
307.8979603476156,$\hat{T}_{MLG}$,0.2383724613881388,3.375642664489119e-05,20
331.36715827654194,$\hat{T}_{MLG}$,0.24207215353562792,3.324051275408915e-05,20
356.62527111352796,$\hat{T}_{MLG}$,0.23551141758605446,3.416650704024014e-05,20
383.8086570143992,$\hat{T}_{MLG}$,0.24112665163345176,3.3370854911728684e-05,20
413.0640678918749,$\hat{T}_{MLG}$,0.24461503709732416,3.289496264209379e-05,20
444.5494416687491,$\hat{T}_{MLG}$,0.23659702205734848,3.4009737050115784e-05,20
478.43475491973123,$\hat{T}_{MLG}$,0.23757688398338173,3.3869467315573164e-05,20
514.9029405050194,$\hat{T}_{MLG}$,0.23093082743006907,3.4844211128319594e-05,20
554.1508751495202,$\hat{T}_{MLG}$,0.2369988060467346,3.395208035530832e-05,20
596.390442299262,$\hat{T}_{MLG}$,0.23952688668913563,3.359373395711505e-05,20
641.8496759929147,$\hat{T}_{MLG}$,0.2314668970032223,3.4763513103555574e-05,20
690.7739919237116,$\hat{T}_{MLG}$,0.23574494965813755,3.4132661245466935e-05,20
743.4275123377766,$\hat{T}_{MLG}$,0.24237738523754826,3.319865217262156e-05,20
800.0944919214219,$\hat{T}_{MLG}$,0.23497243456181896,3.4244878647218005e-05,20
861.0808523752157,$\hat{T}_{MLG}$,0.23744008344325507,3.3888981128722914e-05,20
926.7158339593304,$\hat{T}_{MLG}$,0.24271117097883793,3.31529961087471e-05,20
997.35377292621,$\hat{T}_{MLG}$,0.2356399626015483,3.4147868715363625e-05,20
1073.3760144361563,$\hat{T}_{MLG}$,0.23503047024492701,3.4236422616290733e-05,20
1155.1929712829099,$\hat{T}_{MLG}$,0.2291068033513022,3.512162183447937e-05,20
1243.246339543401,$\hat{T}_{MLG}$,0.23249409364517626,3.460992226018131e-05,20
1338.011483113092,$\hat{T}_{MLG}$,0.2374217035846573,3.3891604623844736e-05,20
1.0,$\hat{T}_{MLD}$,0.30427135324600085,2.6445481709562235e-05,20
1.0762239473831834,$\hat{T}_{MLD}$,0.29528408892095587,2.7250376193364242e-05,20
1.1582579849210413,$\hat{T}_{MLD}$,0.3031423621502956,2.6543972442298984e-05,20
1.2465449806198148,$\hat{T}_{MLD}$,0.2954169446599748,2.7238121077558745e-05,20
1.3415615596333508,$\hat{T}_{MLD}$,0.2856338191011438,2.8171042673912288e-05,20
1.4438206773661448,$\hat{T}_{MLD}$,0.29565126851397744,2.7216533003410564e-05,20
1.5538743887084543,$\hat{T}_{MLD}$,0.2940883481867753,2.7361174139073584e-05,20
1.6723168283534438,$\hat{T}_{MLD}$,0.28282303838270106,2.8451014998723803e-05,20
1.7997874182858689,$\hat{T}_{MLD}$,0.2896167263066124,2.778362496402249e-05,20
1.9369743197582066,$\hat{T}_{MLD}$,0.2875624200208542,2.7982107350561733e-05,20
2.0846181483900335,$\hat{T}_{MLD}$,0.2813248939737829,2.8602525689606197e-05,20
2.2435159724469447,$\hat{T}_{MLD}$,0.29051796229399424,2.769743544761607e-05,20
2.4145256158840724,$\hat{T}_{MLD}$,0.28405074279077674,2.832804599612595e-05,20
2.5985702893845684,$\hat{T}_{MLD}$,0.27727165412770177,2.9020645952163855e-05,20
2.796643574394121,$\hat{T}_{MLD}$,0.28359870423386224,2.837319912567529e-05,20
3.009814787058257,$\hat{T}_{MLD}$,0.2753912052950565,2.9218807108925887e-05,20
3.239234751020113,$\hat{T}_{MLD}$,0.28509004927476467,2.8224775040309084e-05,20
3.486142010243649,$\hat{T}_{MLD}$,0.2780675599351865,2.893758088461096e-05,20
3.751869515402767,$\hat{T}_{MLD}$,0.2728794866524974,2.9487751555535342e-05,20
4.037851819933397,$\hat{T}_{MLD}$,0.2757920629224723,2.9176338222876413e-05,20
4.345632824597091,$\hat{T}_{MLD}$,0.26710300613452626,3.012546591466739e-05,20
4.676874112365815,$\hat{T}_{MLD}$,0.27398105995461297,2.9369192557849968e-05,20
5.03336391862456,$\hat{T}_{MLD}$,0.2672731444096648,3.010628892320501e-05,20
5.417026785118212,$\hat{T}_{MLD}$,0.2606944363924267,3.086603081508886e-05,20
5.829933949760359,$\hat{T}_{MLD}$,0.268264261570058,2.999505957266496e-05,20
6.274314528394325,$\hat{T}_{MLD}$,0.26306148390439466,3.058829589030703e-05,20
6.752567548872198,$\hat{T}_{MLD}$,0.26346111870845657,3.054189759178528e-05,20
7.267274902418825,$\hat{T}_{MLD}$,0.2593683671900951,3.102383916043773e-05,20
7.821215282199927,$\hat{T}_{MLD}$,0.26145806858822473,3.0775881388780594e-05,20
8.417379184342884,$\hat{T}_{MLD}$,0.25416762600398823,3.1658644468295124e-05,20
9.058985052394538,$\hat{T}_{MLD}$,0.262301686035171,3.067689967472008e-05,20
9.749496652373306,$\hat{T}_{MLD}$,0.255534719916509,3.1489272806607006e-05,20
10.492641772216333,$\hat{T}_{MLD}$,0.27240214807390273,2.9539423840475083e-05,20
11.292432346572342,$\hat{T}_{MLD}$,0.2632023130282789,3.057192930575167e-05,20
12.153186115585632,$\hat{T}_{MLD}$,0.26099009932863243,3.083106419634247e-05,20
13.079549934598068,$\hat{T}_{MLD}$,0.26815689913157637,3.000706874620684e-05,20
14.076524860608592,$\hat{T}_{MLD}$,0.26050402293506136,3.088859210829435e-05,20
15.149493150921694,$\hat{T}_{MLD}$,0.261990561252104,3.0713329780105746e-05,20
16.304247319739442,$\hat{T}_{MLD}$,0.25413015788260646,3.16633121155496e-05,20
17.54702140956167,$\hat{T}_{MLD}$,0.2513729206832383,3.201061787061226e-05,20
18.88452464621569,$\hat{T}_{MLD}$,0.24500171045858912,3.284304624628702e-05,20
20.32397765920527,$\hat{T}_{MLD}$,0.24692813280475798,3.2586819556008964e-05,20
21.87315146291753,$\hat{T}_{MLD}$,0.2498427308038677,3.220667049675996e-05,20
23.540409409131357,$\hat{T}_{MLD}$,0.24531936242376967,3.280051940258593e-05,20
25.33475233731158,$\hat{T}_{MLD}$,0.24844525389558147,3.238782943461965e-05,20
27.265867166436806,$\hat{T}_{MLD}$,0.24223618878445705,3.321800325289452e-05,20
29.344179190688156,$\hat{T}_{MLD}$,0.24737066814376962,3.252852315673195e-05,20
31.580908361321878,$\hat{T}_{MLD}$,0.23870504512338367,3.370939438188948e-05,20
33.98812985856841,$\hat{T}_{MLD}$,0.24178715828272856,3.327969344675347e-05,20
36.57883928056072,$\hat{T}_{MLD}$,0.24556655021378732,3.276750233289342e-05,20
39.36702280122011,$\hat{T}_{MLD}$,0.2387830928763068,3.369837625471718e-05,20
42.36773267585289,$\hat{T}_{MLD}$,0.2440716302434394,3.296820076542737e-05,20
45.597168502081885,$\hat{T}_{MLD}$,0.2369349765005199,3.396122694022429e-05,20
49.07276467480673,$\hat{T}_{MLD}$,0.24305520537358846,3.310606944065575e-05,20
52.81328450732654,$\hat{T}_{MLD}$,0.23640830092089102,3.403688650384357e-05,20
56.8389215267461,$\hat{T}_{MLD}$,0.24154164346315735,3.331352056581591e-05,20
61.17140849051769,$\hat{T}_{MLD}$,0.23459765552099074,3.4299586196379914e-05,20
65.83413471265413,$\hat{T}_{MLD}$,0.2427181224013965,3.31520466102805e-05,20
70.8522723330089,$\hat{T}_{MLD}$,0.24526966199217737,3.280716596440494e-05,20
76.25291221129912,$\hat{T}_{MLD}$,0.23513425635351362,3.422131097271155e-05,20
82.06521017950769,$\hat{T}_{MLD}$,0.24111543946467895,3.3372406698118615e-05,20
88.32054444222037,$\hat{T}_{MLD}$,0.2327044294842407,3.457863919842489e-05,20
95.0526849746383,$\hat{T}_{MLD}$,0.2367005299546965,3.3994864770902504e-05,20
102.29797583277549,$\hat{T}_{MLD}$,0.23276495530570304,3.4569647722281986e-05,20
110.0955313600591,$\hat{T}_{MLD}$,0.23655106782728091,3.401634404324962e-05,20
118.4874473495718,$\hat{T}_{MLD}$,0.23041409225887788,3.492235404582043e-05,20
127.51902830191335,$\hat{T}_{MLD}$,0.238781019877065,3.369866881024971e-05,20
137.239032005553,$\hat{T}_{MLD}$,0.24221377070720487,3.322107774267647e-05,20
147.6999327600634,$\hat{T}_{MLD}$,0.2336424268304695,3.4439817357527554e-05,20
158.95820466326612,$\hat{T}_{MLD}$,0.23864104385417587,3.371843492240097e-05,20
171.07462649164432,$\hat{T}_{MLD}$,0.2315876022008253,3.474539409943504e-05,20
184.11460981994108,$\hat{T}_{MLD}$,0.2358262677289932,3.412089155504025e-05,20
198.14855215133173,$\hat{T}_{MLD}$,0.23843228275014633,3.37479573411748e-05,20
213.25221696456873,$\hat{T}_{MLD}$,0.23077541833228354,3.48676759646251e-05,20
229.50714272982336,$\hat{T}_{MLD}$,0.2348430764590342,3.426374167949765e-05,20
247.00108310132606,$\hat{T}_{MLD}$,0.228398321062014,3.5230567674908945e-05,20
265.8284806632307,$\hat{T}_{MLD}$,0.23275162219957227,3.457162803407371e-05,20
286.0909767862566,$\hat{T}_{MLD}$,0.2378890566683759,3.382502171265515e-05,20
307.8979603476156,$\hat{T}_{MLD}$,0.23182740172133623,3.470945387501315e-05,20
331.36715827654194,$\hat{T}_{MLD}$,0.23646678668564208,3.4028468098177285e-05,20
356.62527111352796,$\hat{T}_{MLD}$,0.2305450275521102,3.4902520312185385e-05,20
383.8086570143992,$\hat{T}_{MLD}$,0.23606902936268592,3.4085803329366105e-05,20
413.0640678918749,$\hat{T}_{MLD}$,0.23909151136933257,3.365490669629425e-05,20
444.5494416687491,$\hat{T}_{MLD}$,0.23182180277186487,3.471029217613972e-05,20
478.43475491973123,$\hat{T}_{MLD}$,0.23356112178003283,3.4451806215373174e-05,20
514.9029405050194,$\hat{T}_{MLD}$,0.2268169685904563,3.547619279552191e-05,20
554.1508751495202,$\hat{T}_{MLD}$,0.23287904400277268,3.455271186580043e-05,20
596.390442299262,$\hat{T}_{MLD}$,0.23595136820310578,3.410280079446028e-05,20
641.8496759929147,$\hat{T}_{MLD}$,0.22817255983329301,3.526542592540426e-05,20
690.7739919237116,$\hat{T}_{MLD}$,0.2329691469902296,3.4539348282664775e-05,20
743.4275123377766,$\hat{T}_{MLD}$,0.2388478537461253,3.3689239324560605e-05,20
800.0944919214219,$\hat{T}_{MLD}$,0.23199821687695235,3.4683898071848705e-05,20
861.0808523752157,$\hat{T}_{MLD}$,0.23506144436373885,3.4231911272353913e-05,20
926.7158339593304,$\hat{T}_{MLD}$,0.23981810645005228,3.355293987648409e-05,20
997.35377292621,$\hat{T}_{MLD}$,0.2325644119530261,3.459945758440521e-05,20
1073.3760144361563,$\hat{T}_{MLD}$,0.2320665003956822,3.4673692641079615e-05,20
1155.1929712829099,$\hat{T}_{MLD}$,0.2264973997135902,3.552624673477899e-05,20
1243.246339543401,$\hat{T}_{MLD}$,0.23044671361325014,3.4917410540794995e-05,20
1338.011483113092,$\hat{T}_{MLD}$,0.23543077917358804,3.417820955805416e-05,20
