time,Esti,Pr,id
1.0,$\hat{m}_{emp}$,0.0038117025189026784,1
1.0762239473831834,$\hat{m}_{emp}$,0.004349702152552337,1
1.1582579849210413,$\hat{m}_{emp}$,0.005884853833900202,1
1.2465449806198148,$\hat{m}_{emp}$,0.006270642740880941,1
1.3415615596333508,$\hat{m}_{emp}$,0.007722222996612816,1
1.4438206773661448,$\hat{m}_{emp}$,0.00245868375153263,1
1.5538743887084543,$\hat{m}_{emp}$,0.0031530366029039227,1
1.6723168283534438,$\hat{m}_{emp}$,0.002238291369252847,1
1.7997874182858689,$\hat{m}_{emp}$,0.003314463633545697,1
1.9369743197582066,$\hat{m}_{emp}$,0.0035978284305680256,1
2.0846181483900335,$\hat{m}_{emp}$,0.0026163959818138053,1
2.2435159724469447,$\hat{m}_{emp}$,0.0027742198982554506,1
2.4145256158840724,$\hat{m}_{emp}$,0.004170587483590655,1
2.5985702893845684,$\hat{m}_{emp}$,0.005076988397168496,1
2.796643574394121,$\hat{m}_{emp}$,0.006005694767166491,1
3.009814787058257,$\hat{m}_{emp}$,0.00799617277200656,1
3.239234751020113,$\hat{m}_{emp}$,0.005408328306022286,1
3.486142010243649,$\hat{m}_{emp}$,0.006788289061494228,1
3.751869515402767,$\hat{m}_{emp}$,0.007217121724134494,1
4.037851819933397,$\hat{m}_{emp}$,0.008560763591398944,1
4.345632824597091,$\hat{m}_{emp}$,0.008902579402789183,1
4.676874112365815,$\hat{m}_{emp}$,0.002270431215330442,1
5.03336391862456,$\hat{m}_{emp}$,1.662224832530848e-05,1
5.417026785118212,$\hat{m}_{emp}$,6.0411592812056085e-05,1
5.829933949760359,$\hat{m}_{emp}$,0.00010745445214267385,1
6.274314528394325,$\hat{m}_{emp}$,0.0002086290981957557,1
6.752567548872198,$\hat{m}_{emp}$,0.00027047098414052307,1
7.267274902418825,$\hat{m}_{emp}$,0.000522786231894935,1
7.821215282199927,$\hat{m}_{emp}$,0.000612080947705334,1
8.417379184342884,$\hat{m}_{emp}$,0.010071261581025151,1
9.058985052394538,$\hat{m}_{emp}$,0.01835433369939476,1
9.749496652373306,$\hat{m}_{emp}$,0.03887481782474029,1
10.492641772216333,$\hat{m}_{emp}$,0.058226507309576306,1
11.292432346572342,$\hat{m}_{emp}$,0.06545021882426909,1
12.153186115585632,$\hat{m}_{emp}$,0.083911284904052,1
13.079549934598068,$\hat{m}_{emp}$,0.08581881851923161,1
14.076524860608592,$\hat{m}_{emp}$,0.09950745220430969,1
15.149493150921694,$\hat{m}_{emp}$,0.10315416261125009,1
16.304247319739442,$\hat{m}_{emp}$,0.009274001388949687,1
17.54702140956167,$\hat{m}_{emp}$,0.002898558447186876,1
18.88452464621569,$\hat{m}_{emp}$,0.003571272963488153,1
20.32397765920527,$\hat{m}_{emp}$,0.003937256010890289,1
21.87315146291753,$\hat{m}_{emp}$,0.00396446388117352,1
23.540409409131357,$\hat{m}_{emp}$,0.004261194755069676,1
25.33475233731158,$\hat{m}_{emp}$,1.662224832530848e-05,1
27.265867166436806,$\hat{m}_{emp}$,1.662224832530848e-05,1
29.344179190688156,$\hat{m}_{emp}$,1.662224832530848e-05,1
31.580908361321878,$\hat{m}_{emp}$,0.00037294446315142905,1
33.98812985856841,$\hat{m}_{emp}$,0.0005380897483816043,1
36.57883928056072,$\hat{m}_{emp}$,0.0008907266528266342,1
39.36702280122011,$\hat{m}_{emp}$,0.0012280020894482075,1
42.36773267585289,$\hat{m}_{emp}$,0.001340603567326672,1
45.597168502081885,$\hat{m}_{emp}$,0.0016534454823686252,1
49.07276467480673,$\hat{m}_{emp}$,0.0019482106851877621,1
52.81328450732654,$\hat{m}_{emp}$,0.002011226658829722,1
56.8389215267461,$\hat{m}_{emp}$,0.0022773452510672794,1
61.17140849051769,$\hat{m}_{emp}$,1.662224832530848e-05,1
65.83413471265413,$\hat{m}_{emp}$,1.662224832530848e-05,1
70.8522723330089,$\hat{m}_{emp}$,1.662224832530848e-05,1
76.25291221129912,$\hat{m}_{emp}$,1.662224832530848e-05,1
82.06521017950769,$\hat{m}_{emp}$,1.662224832530848e-05,1
88.32054444222037,$\hat{m}_{emp}$,1.662224832530848e-05,1
95.0526849746383,$\hat{m}_{emp}$,1.662224832530848e-05,1
102.29797583277549,$\hat{m}_{emp}$,1.662224832530848e-05,1
110.0955313600591,$\hat{m}_{emp}$,1.662224832530848e-05,1
118.4874473495718,$\hat{m}_{emp}$,0.00024286355836909847,1
127.51902830191335,$\hat{m}_{emp}$,0.0004910906386681049,1
137.239032005553,$\hat{m}_{emp}$,0.0009826778139618826,1
147.6999327600634,$\hat{m}_{emp}$,0.0011828819923651707,1
158.95820466326612,$\hat{m}_{emp}$,0.0016211768311706401,1
171.07462649164432,$\hat{m}_{emp}$,0.0017701199984026252,1
184.11460981994108,$\hat{m}_{emp}$,0.0021760333759002818,1
198.14855215133173,$\hat{m}_{emp}$,0.002290739294984,1
213.25221696456873,$\hat{m}_{emp}$,0.0026551039158887865,1
229.50714272982336,$\hat{m}_{emp}$,0.0027358144663653747,1
247.00108310132606,$\hat{m}_{emp}$,1.662224832530848e-05,1
265.8284806632307,$\hat{m}_{emp}$,1.662224832530848e-05,1
286.0909767862566,$\hat{m}_{emp}$,1.662224832530848e-05,1
307.8979603476156,$\hat{m}_{emp}$,1.662224832530848e-05,1
331.36715827654194,$\hat{m}_{emp}$,1.662224832530848e-05,1
356.62527111352796,$\hat{m}_{emp}$,1.662224832530848e-05,1
383.8086570143992,$\hat{m}_{emp}$,0.0009804482353474638,1
413.0640678918749,$\hat{m}_{emp}$,0.0024021253439329405,1
444.5494416687491,$\hat{m}_{emp}$,0.0052005006236482566,1
478.43475491973123,$\hat{m}_{emp}$,0.006308741828908323,1
514.9029405050194,$\hat{m}_{emp}$,0.008797611712606719,1
554.1508751495202,$\hat{m}_{emp}$,0.009645470134569218,1
596.390442299262,$\hat{m}_{emp}$,0.011924565581295789,1
641.8496759929147,$\hat{m}_{emp}$,0.012560155765484726,1
690.7739919237116,$\hat{m}_{emp}$,0.01461702765185783,1
743.4275123377766,$\hat{m}_{emp}$,0.015043193396061057,1
800.0944919214219,$\hat{m}_{emp}$,1.662224832530848e-05,1
861.0808523752157,$\hat{m}_{emp}$,1.662224832530848e-05,1
926.7158339593304,$\hat{m}_{emp}$,1.662224832530848e-05,1
997.35377292621,$\hat{m}_{emp}$,1.662224832530848e-05,1
1073.3760144361563,$\hat{m}_{emp}$,1.662224832530848e-05,1
1155.1929712829099,$\hat{m}_{emp}$,1.662224832530848e-05,1
1243.246339543401,$\hat{m}_{emp}$,1.662224832530848e-05,1
1338.011483113092,$\hat{m}_{emp}$,0.0016546992714854608,1
1.0,$\hat{m}_{GT}$,3.1166823539678482e-06,1
1.0762239473831834,$\hat{m}_{GT}$,2.8959401814596116e-06,1
1.1582579849210413,$\hat{m}_{GT}$,2.690833943255694e-06,1
1.2465449806198148,$\hat{m}_{GT}$,2.5002562762683174e-06,1
1.3415615596333508,$\hat{m}_{GT}$,2.3231717799677545e-06,1
1.4438206773661448,$\hat{m}_{GT}$,2.1586336712314575e-06,1
1.5538743887084543,$\hat{m}_{GT}$,2.0057484751297217e-06,1
1.6723168283534438,$\hat{m}_{GT}$,1.8636897329332612e-06,1
1.7997874182858689,$\hat{m}_{GT}$,1.7316946883728824e-06,1
1.9369743197582066,$\hat{m}_{GT}$,1.6090467041896358e-06,1
2.0846181483900335,$\hat{m}_{GT}$,1.4950834181793174e-06,1
2.2435159724469447,$\hat{m}_{GT}$,1.3891937397373312e-06,1
2.4145256158840724,$\hat{m}_{GT}$,1.2908039255928984e-06,1
2.5985702893845684,$\hat{m}_{GT}$,1.199383037365579e-06,1
2.796643574394121,$\hat{m}_{GT}$,1.1144358447145094e-06,1
3.009814787058257,$\hat{m}_{GT}$,1.0355054094802591e-06,1
3.239234751020113,$\hat{m}_{GT}$,9.621647938128956e-07,1
3.486142010243649,$\hat{m}_{GT}$,8.940193680355891e-07,1
3.751869515402767,$\hat{m}_{GT}$,8.307000142880402e-07,1
4.037851819933397,$\hat{m}_{GT}$,7.718658003244924e-07,1
4.345632824597091,$\hat{m}_{GT}$,7.171980506556983e-07,1
4.676874112365815,$\hat{m}_{GT}$,6.664018829851606e-07,1
5.03336391862456,$\hat{m}_{GT}$,6.192038648228427e-07,1
5.417026785118212,$\hat{m}_{GT}$,5.753485029719627e-07,1
5.829933949760359,$\hat{m}_{GT}$,5.345992643914122e-07,1
6.274314528394325,$\hat{m}_{GT}$,4.967359480851326e-07,1
6.752567548872198,$\hat{m}_{GT}$,4.6155458044457863e-07,1
7.267274902418825,$\hat{m}_{GT}$,4.288648333838679e-07,1
7.821215282199927,$\hat{m}_{GT}$,3.9849020032899353e-07,1
8.417379184342884,$\hat{m}_{GT}$,3.7026696989063054e-07,1
9.058985052394538,$\hat{m}_{GT}$,3.440426943221946e-07,1
9.749496652373306,$\hat{m}_{GT}$,3.196758231412689e-07,1
10.492641772216333,$\hat{m}_{GT}$,2.970346143347123e-07,1
11.292432346572342,$\hat{m}_{GT}$,2.75997060079316e-07,1
12.153186115585632,$\hat{m}_{GT}$,2.5644944714628185e-07,1
13.079549934598068,$\hat{m}_{GT}$,2.3828632103076944e-07,1
14.076524860608592,$\hat{m}_{GT}$,2.214095997888638e-07,1
15.149493150921694,$\hat{m}_{GT}$,2.0572817177808596e-07,1
16.304247319739442,$\hat{m}_{GT}$,1.9115740263732223e-07,1
17.54702140956167,$\hat{m}_{GT}$,1.7761863148396814e-07,1
18.88452464621569,$\hat{m}_{GT}$,1.650387246863604e-07,1
20.32397765920527,$\hat{m}_{GT}$,1.5334979594509404e-07,1
21.87315146291753,$\hat{m}_{GT}$,1.4248872807294398e-07,1
23.540409409131357,$\hat{m}_{GT}$,1.3239691642285775e-07,1
25.33475233731158,$\hat{m}_{GT}$,1.230198570041786e-07,1
27.265867166436806,$\hat{m}_{GT}$,1.1430692965185767e-07,1
29.344179190688156,$\hat{m}_{GT}$,1.062110975302521e-07,1
31.580908361321878,$\hat{m}_{GT}$,9.868866450156895e-08,1
33.98812985856841,$\hat{m}_{GT}$,9.169900279168444e-08,1
36.57883928056072,$\hat{m}_{GT}$,8.52043861513903e-08,1
39.36702280122011,$\hat{m}_{GT}$,7.916975626640497e-08,1
42.36773267585289,$\hat{m}_{GT}$,7.356253113074364e-08,1
45.597168502081885,$\hat{m}_{GT}$,6.835243829551986e-08,1
49.07276467480673,$\hat{m}_{GT}$,6.351135078036714e-08,1
52.81328450732654,$\hat{m}_{GT}$,5.9013135143620267e-08,1
56.8389215267461,$\hat{m}_{GT}$,5.483350792322256e-08,1
61.17140849051769,$\hat{m}_{GT}$,5.094990493257239e-08,1
65.83413471265413,$\hat{m}_{GT}$,4.734136122888327e-08,1
70.8522723330089,$\hat{m}_{GT}$,4.398839234302852e-08,1
76.25291221129912,$\hat{m}_{GT}$,4.087289795794915e-08,1
82.06521017950769,$\hat{m}_{GT}$,3.797806022651938e-08,1
88.32054444222037,$\hat{m}_{GT}$,3.528825066401901e-08,1
95.0526849746383,$\hat{m}_{GT}$,3.2788947186908344e-08,1
102.29797583277549,$\hat{m}_{GT}$,3.0466658416295565e-08,1
110.0955313600591,$\hat{m}_{GT}$,2.8308846228527067e-08,1
118.4874473495718,$\hat{m}_{GT}$,2.6303862056655308e-08,1
127.51902830191335,$\hat{m}_{GT}$,2.444088183288234e-08,1
137.239032005553,$\hat{m}_{GT}$,2.2709847564463094e-08,1
147.6999327600634,$\hat{m}_{GT}$,2.110141449533815e-08,1
158.95820466326612,$\hat{m}_{GT}$,1.9606898930514247e-08,1
171.07462649164432,$\hat{m}_{GT}$,1.8218233449317894e-08,1
184.11460981994108,$\hat{m}_{GT}$,1.69279203396445e-08,1
198.14855215133173,$\hat{m}_{GT}$,1.5728994458753897e-08,1
213.25221696456873,$\hat{m}_{GT}$,1.4614982748328214e-08,1
229.50714272982336,$\hat{m}_{GT}$,1.357987137145837e-08,1
247.00108310132606,$\hat{m}_{GT}$,1.2618072031778362e-08,1
265.8284806632307,$\hat{m}_{GT}$,1.172439259292739e-08,1
286.0909767862566,$\hat{m}_{GT}$,1.0894008293259905e-08,1
307.8979603476156,$\hat{m}_{GT}$,1.0122436231106434e-08,1
331.36715827654194,$\hat{m}_{GT}$,9.40551103692044e-09,1
356.62527111352796,$\hat{m}_{GT}$,8.739362284364428e-09,1
383.8086570143992,$\hat{m}_{GT}$,8.120393868985696e-09,1
413.0640678918749,$\hat{m}_{GT}$,7.545264019992777e-09,1
444.5494416687491,$\hat{m}_{GT}$,7.010867988153119e-09,1
478.43475491973123,$\hat{m}_{GT}$,6.5143207635649036e-09,1
514.9029405050194,$\hat{m}_{GT}$,6.052941642475883e-09,1
554.1508751495202,$\hat{m}_{GT}$,5.624239866406305e-09,1
596.390442299262,$\hat{m}_{GT}$,5.225901070766226e-09,1
641.8496759929147,$\hat{m}_{GT}$,4.855774749543994e-09,1
690.7739919237116,$\hat{m}_{GT}$,4.511862763283943e-09,1
743.4275123377766,$\hat{m}_{GT}$,4.1923084672397884e-09,1
800.0944919214219,$\hat{m}_{GT}$,3.8953867098801136e-09,1
861.0808523752157,$\hat{m}_{GT}$,3.619494541134435e-09,1
926.7158339593304,$\hat{m}_{GT}$,3.3631425473013386e-09,1
997.35377292621,$\hat{m}_{GT}$,3.1249467684848904e-09,1
1073.3760144361563,$\hat{m}_{GT}$,2.9036212890377e-09,1
1155.1929712829099,$\hat{m}_{GT}$,2.697971270485652e-09,1
1243.246339543401,$\hat{m}_{GT}$,2.506886486116741e-09,1
1338.011483113092,$\hat{m}_{GT}$,2.329335352202447e-09,1
1.0,$\hat{m}_{MLG}$,0.31997044768960337,1
1.0762239473831834,$\hat{m}_{MLG}$,0.3026940987515602,1
1.1582579849210413,$\hat{m}_{MLG}$,0.2996128521871098,1
1.2465449806198148,$\hat{m}_{MLG}$,0.28916338702467004,1
1.3415615596333508,$\hat{m}_{MLG}$,0.2884952197464955,1
1.4438206773661448,$\hat{m}_{MLG}$,0.27859628324295854,1
1.5538743887084543,$\hat{m}_{MLG}$,0.27693190346533164,1
1.6723168283534438,$\hat{m}_{MLG}$,0.27051644954805526,1
1.7997874182858689,$\hat{m}_{MLG}$,0.27538277988601984,1
1.9369743197582066,$\hat{m}_{MLG}$,0.26636840998510025,1
2.0846181483900335,$\hat{m}_{MLG}$,0.2710075581893942,1
2.2435159724469447,$\hat{m}_{MLG}$,0.2639679049305264,1
2.4145256158840724,$\hat{m}_{MLG}$,0.26817772030086057,1
2.5985702893845684,$\hat{m}_{MLG}$,0.2723303696654441,1
2.796643574394121,$\hat{m}_{MLG}$,0.25795920857001164,1
3.009814787058257,$\hat{m}_{MLG}$,0.2612623857350846,1
3.239234751020113,$\hat{m}_{MLG}$,0.2517488940156236,1
3.486142010243649,$\hat{m}_{MLG}$,0.2548593257323807,1
3.751869515402767,$\hat{m}_{MLG}$,0.24741041661100976,1
4.037851819933397,$\hat{m}_{MLG}$,0.25333613737821886,1
4.345632824597091,$\hat{m}_{MLG}$,0.24728724000745886,1
4.676874112365815,$\hat{m}_{MLG}$,0.27365751467616867,1
5.03336391862456,$\hat{m}_{MLG}$,0.25102667345726903,1
5.417026785118212,$\hat{m}_{MLG}$,0.25715599576946246,1
5.829933949760359,$\hat{m}_{MLG}$,0.2477263435981738,1
6.274314528394325,$\hat{m}_{MLG}$,0.2509153738683113,1
6.752567548872198,$\hat{m}_{MLG}$,0.2476819268242137,1
7.267274902418825,$\hat{m}_{MLG}$,0.251482996446426,1
7.821215282199927,$\hat{m}_{MLG}$,0.24451097990015427,1
8.417379184342884,$\hat{m}_{MLG}$,0.2512376897373844,1
9.058985052394538,$\hat{m}_{MLG}$,0.2770759454196908,1
9.749496652373306,$\hat{m}_{MLG}$,0.2488986078817992,1
10.492641772216333,$\hat{m}_{MLG}$,0.2528778880030987,1
11.292432346572342,$\hat{m}_{MLG}$,0.24486985882087983,1
12.153186115585632,$\hat{m}_{MLG}$,0.24915768975951197,1
13.079549934598068,$\hat{m}_{MLG}$,0.24236003851302662,1
14.076524860608592,$\hat{m}_{MLG}$,0.24688458026097995,1
15.149493150921694,$\hat{m}_{MLG}$,0.24030544353636027,1
16.304247319739442,$\hat{m}_{MLG}$,0.28564074063247485,1
17.54702140956167,$\hat{m}_{MLG}$,0.26067562904100144,1
18.88452464621569,$\hat{m}_{MLG}$,0.2606998264954489,1
20.32397765920527,$\hat{m}_{MLG}$,0.2590176271039017,1
21.87315146291753,$\hat{m}_{MLG}$,0.24977120583722173,1
23.540409409131357,$\hat{m}_{MLG}$,0.2510646876818968,1
25.33475233731158,$\hat{m}_{MLG}$,0.2510361659243853,1
27.265867166436806,$\hat{m}_{MLG}$,0.252592186442718,1
29.344179190688156,$\hat{m}_{MLG}$,0.2496445271404404,1
31.580908361321878,$\hat{m}_{MLG}$,0.2502289712497222,1
33.98812985856841,$\hat{m}_{MLG}$,0.2419613597141889,1
36.57883928056072,$\hat{m}_{MLG}$,0.24535583391611712,1
39.36702280122011,$\hat{m}_{MLG}$,0.24505929752223998,1
42.36773267585289,$\hat{m}_{MLG}$,0.23679849812941517,1
45.597168502081885,$\hat{m}_{MLG}$,0.23833533655749506,1
49.07276467480673,$\hat{m}_{MLG}$,0.24255349443713606,1
52.81328450732654,$\hat{m}_{MLG}$,0.2355020701486777,1
56.8389215267461,$\hat{m}_{MLG}$,0.23895691679974757,1
61.17140849051769,$\hat{m}_{MLG}$,0.24225794856515387,1
65.83413471265413,$\hat{m}_{MLG}$,0.2355966070188397,1
70.8522723330089,$\hat{m}_{MLG}$,0.24012332919879104,1
76.25291221129912,$\hat{m}_{MLG}$,0.245431983343354,1
82.06521017950769,$\hat{m}_{MLG}$,0.23899035410439531,1
88.32054444222037,$\hat{m}_{MLG}$,0.24397339940759494,1
95.0526849746383,$\hat{m}_{MLG}$,0.2375852275625726,1
102.29797583277549,$\hat{m}_{MLG}$,0.24223014578393545,1
110.0955313600591,$\hat{m}_{MLG}$,0.23605731130502167,1
118.4874473495718,$\hat{m}_{MLG}$,0.24197271228459535,1
127.51902830191335,$\hat{m}_{MLG}$,0.23599565014082594,1
137.239032005553,$\hat{m}_{MLG}$,0.2426126251572742,1
147.6999327600634,$\hat{m}_{MLG}$,0.23629600508592621,1
158.95820466326612,$\hat{m}_{MLG}$,0.24191641484270876,1
171.07462649164432,$\hat{m}_{MLG}$,0.23548231112275622,1
184.11460981994108,$\hat{m}_{MLG}$,0.2413288053092289,1
198.14855215133173,$\hat{m}_{MLG}$,0.2361401319133669,1
213.25221696456873,$\hat{m}_{MLG}$,0.24219295832471902,1
229.50714272982336,$\hat{m}_{MLG}$,0.23641228313527995,1
247.00108310132606,$\hat{m}_{MLG}$,0.24338701926660988,1
265.8284806632307,$\hat{m}_{MLG}$,0.2373687819173169,1
286.0909767862566,$\hat{m}_{MLG}$,0.24321034577191225,1
307.8979603476156,$\hat{m}_{MLG}$,0.2373712859591171,1
331.36715827654194,$\hat{m}_{MLG}$,0.24329927885239974,1
356.62527111352796,$\hat{m}_{MLG}$,0.23748864195752978,1
383.8086570143992,$\hat{m}_{MLG}$,0.24358034176037763,1
413.0640678918749,$\hat{m}_{MLG}$,0.23796950703685282,1
444.5494416687491,$\hat{m}_{MLG}$,0.24442558210358445,1
478.43475491973123,$\hat{m}_{MLG}$,0.23840086858793616,1
514.9029405050194,$\hat{m}_{MLG}$,0.244058131960211,1
554.1508751495202,$\hat{m}_{MLG}$,0.2380657287971908,1
596.390442299262,$\hat{m}_{MLG}$,0.24395491603470018,1
641.8496759929147,$\hat{m}_{MLG}$,0.23800131693931195,1
690.7739919237116,$\hat{m}_{MLG}$,0.245553656118106,1
743.4275123377766,$\hat{m}_{MLG}$,0.2394564433372283,1
800.0944919214219,$\hat{m}_{MLG}$,0.24662472931414683,1
861.0808523752157,$\hat{m}_{MLG}$,0.2410657302068475,1
926.7158339593304,$\hat{m}_{MLG}$,0.2451702714716355,1
997.35377292621,$\hat{m}_{MLG}$,0.2391678948418507,1
1073.3760144361563,$\hat{m}_{MLG}$,0.247982808317278,1
1155.1929712829099,$\hat{m}_{MLG}$,0.24670198459340234,1
1243.246339543401,$\hat{m}_{MLG}$,0.24577276497601513,1
1338.011483113092,$\hat{m}_{MLG}$,0.2429092645475751,1
1.0,$\hat{m}_{MLD}$,0.2673467645346481,1
1.0762239473831834,$\hat{m}_{MLD}$,0.25903618085436025,1
1.1582579849210413,$\hat{m}_{MLD}$,0.26356288516058896,1
1.2465449806198148,$\hat{m}_{MLD}$,0.2566079846309247,1
1.3415615596333508,$\hat{m}_{MLD}$,0.2619814041157311,1
1.4438206773661448,$\hat{m}_{MLD}$,0.2547045757183933,1
1.5538743887084543,$\hat{m}_{MLD}$,0.26080347845124124,1
1.6723168283534438,$\hat{m}_{MLD}$,0.25538763810872767,1
1.7997874182858689,$\hat{m}_{MLD}$,0.26158931722914996,1
1.9369743197582066,$\hat{m}_{MLD}$,0.2540266218772426,1
2.0846181483900335,$\hat{m}_{MLD}$,0.25810369484450385,1
2.2435159724469447,$\hat{m}_{MLD}$,0.25263541713042587,1
2.4145256158840724,$\hat{m}_{MLD}$,0.25760488670613946,1
2.5985702893845684,$\hat{m}_{MLD}$,0.25520460972675657,1
2.796643574394121,$\hat{m}_{MLD}$,0.24545092840864133,1
3.009814787058257,$\hat{m}_{MLD}$,0.25064687915858974,1
3.239234751020113,$\hat{m}_{MLD}$,0.24385629683649837,1
3.486142010243649,$\hat{m}_{MLD}$,0.24751601467801,1
3.751869515402767,$\hat{m}_{MLD}$,0.24098927112054785,1
4.037851819933397,$\hat{m}_{MLD}$,0.2466859822223869,1
4.345632824597091,$\hat{m}_{MLD}$,0.24112270213474,1
4.676874112365815,$\hat{m}_{MLD}$,0.25194198877046187,1
5.03336391862456,$\hat{m}_{MLD}$,0.24374886560427794,1
5.417026785118212,$\hat{m}_{MLD}$,0.2495359387288365,1
5.829933949760359,$\hat{m}_{MLD}$,0.24060251951340778,1
6.274314528394325,$\hat{m}_{MLD}$,0.245484910494143,1
6.752567548872198,$\hat{m}_{MLD}$,0.24142450967349166,1
7.267274902418825,$\hat{m}_{MLD}$,0.2471207742515558,1
7.821215282199927,$\hat{m}_{MLD}$,0.2406952847017221,1
8.417379184342884,$\hat{m}_{MLD}$,0.24792691564318706,1
9.058985052394538,$\hat{m}_{MLD}$,0.2437006312928849,1
9.749496652373306,$\hat{m}_{MLD}$,0.24478523999854226,1
10.492641772216333,$\hat{m}_{MLD}$,0.2487502340460481,1
11.292432346572342,$\hat{m}_{MLD}$,0.24131953871396963,1
12.153186115585632,$\hat{m}_{MLD}$,0.2464831019925096,1
13.079549934598068,$\hat{m}_{MLD}$,0.23970412332317917,1
14.076524860608592,$\hat{m}_{MLD}$,0.24478887241537503,1
15.149493150921694,$\hat{m}_{MLD}$,0.2383265621808256,1
16.304247319739442,$\hat{m}_{MLD}$,0.25631955073021173,1
17.54702140956167,$\hat{m}_{MLD}$,0.25529377486802934,1
18.88452464621569,$\hat{m}_{MLD}$,0.25522203222760687,1
20.32397765920527,$\hat{m}_{MLD}$,0.2541860882334855,1
21.87315146291753,$\hat{m}_{MLD}$,0.24683714668958076,1
23.540409409131357,$\hat{m}_{MLD}$,0.24905813936271537,1
25.33475233731158,$\hat{m}_{MLD}$,0.24920318280344786,1
27.265867166436806,$\hat{m}_{MLD}$,0.24936460648250602,1
29.344179190688156,$\hat{m}_{MLD}$,0.24752764620276207,1
31.580908361321878,$\hat{m}_{MLD}$,0.24855082629689737,1
33.98812985856841,$\hat{m}_{MLD}$,0.24045183005891477,1
36.57883928056072,$\hat{m}_{MLD}$,0.24205036833234142,1
39.36702280122011,$\hat{m}_{MLD}$,0.2440895916271966,1
42.36773267585289,$\hat{m}_{MLD}$,0.235908671481506,1
45.597168502081885,$\hat{m}_{MLD}$,0.23751477186621842,1
49.07276467480673,$\hat{m}_{MLD}$,0.24184593616321706,1
52.81328450732654,$\hat{m}_{MLD}$,0.23491294588035205,1
56.8389215267461,$\hat{m}_{MLD}$,0.23845047471873698,1
61.17140849051769,$\hat{m}_{MLD}$,0.24182068982125857,1
65.83413471265413,$\hat{m}_{MLD}$,0.23519247194139065,1
70.8522723330089,$\hat{m}_{MLD}$,0.2397655636027725,1
76.25291221129912,$\hat{m}_{MLD}$,0.24510742748788222,1
82.06521017950769,$\hat{m}_{MLD}$,0.2386887655852085,1
88.32054444222037,$\hat{m}_{MLD}$,0.24370326738726217,1
95.0526849746383,$\hat{m}_{MLD}$,0.2373371094314062,1
102.29797583277549,$\hat{m}_{MLD}$,0.24197912777095018,1
110.0955313600591,$\hat{m}_{MLD}$,0.2358115404786069,1
118.4874473495718,$\hat{m}_{MLD}$,0.2417824885050676,1
127.51902830191335,$\hat{m}_{MLD}$,0.23582235191677858,1
137.239032005553,$\hat{m}_{MLD}$,0.24245454317138615,1
147.6999327600634,$\hat{m}_{MLD}$,0.23610246964287207,1
158.95820466326612,$\hat{m}_{MLD}$,0.24178507939645102,1
171.07462649164432,$\hat{m}_{MLD}$,0.23533415275843003,1
184.11460981994108,$\hat{m}_{MLD}$,0.2412067158513317,1
198.14855215133173,$\hat{m}_{MLD}$,0.23604358348141002,1
213.25221696456873,$\hat{m}_{MLD}$,0.24210873041370895,1
229.50714272982336,$\hat{m}_{MLD}$,0.2363377868509636,1
247.00108310132606,$\hat{m}_{MLD}$,0.24332535129555424,1
265.8284806632307,$\hat{m}_{MLD}$,0.23718229386964926,1
286.0909767862566,$\hat{m}_{MLD}$,0.24316095589274228,1
307.8979603476156,$\hat{m}_{MLD}$,0.23732488782030717,1
331.36715827654194,$\hat{m}_{MLD}$,0.24325969420443228,1
356.62527111352796,$\hat{m}_{MLD}$,0.2374529936366606,1
383.8086570143992,$\hat{m}_{MLD}$,0.2435471948895909,1
413.0640678918749,$\hat{m}_{MLD}$,0.2379393390775554,1
444.5494416687491,$\hat{m}_{MLD}$,0.2443984232698883,1
478.43475491973123,$\hat{m}_{MLD}$,0.23837727183969357,1
514.9029405050194,$\hat{m}_{MLD}$,0.24403622111781392,1
554.1508751495202,$\hat{m}_{MLD}$,0.2380461296218393,1
596.390442299262,$\hat{m}_{MLD}$,0.2439375610934017,1
641.8496759929147,$\hat{m}_{MLD}$,0.23798535626368722,1
690.7739919237116,$\hat{m}_{MLD}$,0.24553870765862582,1
743.4275123377766,$\hat{m}_{MLD}$,0.23944332082415704,1
800.0944919214219,$\hat{m}_{MLD}$,0.24661373855876817,1
861.0808523752157,$\hat{m}_{MLD}$,0.2410564596256948,1
926.7158339593304,$\hat{m}_{MLD}$,0.2450795103532426,1
997.35377292621,$\hat{m}_{MLD}$,0.23912951194840118,1
1073.3760144361563,$\hat{m}_{MLD}$,0.24797133184210118,1
1155.1929712829099,$\hat{m}_{MLD}$,0.24669252473755424,1
1243.246339543401,$\hat{m}_{MLD}$,0.24576528718707327,1
1338.011483113092,$\hat{m}_{MLD}$,0.24290422451195604,1
1.0,$\hat{m}_{emp}$,0.004508476818272007,2
1.0762239473831834,$\hat{m}_{emp}$,0.005889402148863601,2
1.1582579849210413,$\hat{m}_{emp}$,0.008206836386707907,2
1.2465449806198148,$\hat{m}_{emp}$,0.00818860316225107,2
1.3415615596333508,$\hat{m}_{emp}$,0.01280976796161178,2
1.4438206773661448,$\hat{m}_{emp}$,0.014493233098014466,2
1.5538743887084543,$\hat{m}_{emp}$,0.013894767707197803,2
1.6723168283534438,$\hat{m}_{emp}$,0.015140795556414899,2
1.7997874182858689,$\hat{m}_{emp}$,0.018092360458944103,2
1.9369743197582066,$\hat{m}_{emp}$,0.018641540644515096,2
2.0846181483900335,$\hat{m}_{emp}$,0.008795462316996218,2
2.2435159724469447,$\hat{m}_{emp}$,0.008847282023901747,2
2.4145256158840724,$\hat{m}_{emp}$,0.007061072187288853,2
2.5985702893845684,$\hat{m}_{emp}$,0.00023189651759302727,2
2.796643574394121,$\hat{m}_{emp}$,0.00043882756835659077,2
3.009814787058257,$\hat{m}_{emp}$,0.0005212822322110913,2
3.239234751020113,$\hat{m}_{emp}$,0.0006862740649657657,2
3.486142010243649,$\hat{m}_{emp}$,0.0008157939393045093,2
3.751869515402767,$\hat{m}_{emp}$,0.0009626986116769564,2
4.037851819933397,$\hat{m}_{emp}$,0.0010210033678551376,2
4.345632824597091,$\hat{m}_{emp}$,0.0011829036182983944,2
4.676874112365815,$\hat{m}_{emp}$,0.0002655495776347546,2
5.03336391862456,$\hat{m}_{emp}$,8.66791484640455e-06,2
5.417026785118212,$\hat{m}_{emp}$,8.66791484640455e-06,2
5.829933949760359,$\hat{m}_{emp}$,8.66791484640455e-06,2
6.274314528394325,$\hat{m}_{emp}$,0.0042551372319822815,2
6.752567548872198,$\hat{m}_{emp}$,0.0226713122251721,2
7.267274902418825,$\hat{m}_{emp}$,0.026487230138622253,2
7.821215282199927,$\hat{m}_{emp}$,0.04072294239490289,2
8.417379184342884,$\hat{m}_{emp}$,0.047163753526564864,2
9.058985052394538,$\hat{m}_{emp}$,0.062039560435994665,2
9.749496652373306,$\hat{m}_{emp}$,0.06743954572469943,2
10.492641772216333,$\hat{m}_{emp}$,0.07966781294429931,2
11.292432346572342,$\hat{m}_{emp}$,0.08605089145624585,2
12.153186115585632,$\hat{m}_{emp}$,0.011604078434028392,2
13.079549934598068,$\hat{m}_{emp}$,0.018748430326733637,2
14.076524860608592,$\hat{m}_{emp}$,0.02152916086964466,2
15.149493150921694,$\hat{m}_{emp}$,0.027811039671812025,2
16.304247319739442,$\hat{m}_{emp}$,0.029636213585187664,2
17.54702140956167,$\hat{m}_{emp}$,0.035300170599901454,2
18.88452464621569,$\hat{m}_{emp}$,0.04025599337524136,2
20.32397765920527,$\hat{m}_{emp}$,0.04158725440957235,2
21.87315146291753,$\hat{m}_{emp}$,0.0013072670575924885,2
23.540409409131357,$\hat{m}_{emp}$,0.002013227236975951,2
25.33475233731158,$\hat{m}_{emp}$,0.0023021139912634825,2
27.265867166436806,$\hat{m}_{emp}$,0.002949115891872399,2
29.344179190688156,$\hat{m}_{emp}$,0.003602486354189897,2
31.580908361321878,$\hat{m}_{emp}$,0.005320605145826815,2
33.98812985856841,$\hat{m}_{emp}$,0.006369497675843617,2
36.57883928056072,$\hat{m}_{emp}$,0.008557828071170785,2
39.36702280122011,$\hat{m}_{emp}$,0.004518423847570911,2
42.36773267585289,$\hat{m}_{emp}$,0.006055468203219789,2
45.597168502081885,$\hat{m}_{emp}$,0.007542864823623496,2
49.07276467480673,$\hat{m}_{emp}$,0.007946987636064131,2
52.81328450732654,$\hat{m}_{emp}$,0.009225113045830437,2
56.8389215267461,$\hat{m}_{emp}$,0.010703233634818609,2
61.17140849051769,$\hat{m}_{emp}$,0.005529527856552313,2
65.83413471265413,$\hat{m}_{emp}$,0.0011964575880705414,2
70.8522723330089,$\hat{m}_{emp}$,0.0014361009496199379,2
76.25291221129912,$\hat{m}_{emp}$,0.0019885725024484913,2
82.06521017950769,$\hat{m}_{emp}$,0.0021551042879201063,2
88.32054444222037,$\hat{m}_{emp}$,0.0026629128725594335,2
95.0526849746383,$\hat{m}_{emp}$,0.0027958540985204773,2
102.29797583277549,$\hat{m}_{emp}$,0.003260998754456445,2
110.0955313600591,$\hat{m}_{emp}$,0.0033681877683998033,2
118.4874473495718,$\hat{m}_{emp}$,8.66791484640455e-06,2
127.51902830191335,$\hat{m}_{emp}$,8.66791484640455e-06,2
137.239032005553,$\hat{m}_{emp}$,8.66791484640455e-06,2
147.6999327600634,$\hat{m}_{emp}$,8.66791484640455e-06,2
158.95820466326612,$\hat{m}_{emp}$,8.66791484640455e-06,2
171.07462649164432,$\hat{m}_{emp}$,8.66791484640455e-06,2
184.11460981994108,$\hat{m}_{emp}$,8.66791484640455e-06,2
198.14855215133173,$\hat{m}_{emp}$,8.66791484640455e-06,2
213.25221696456873,$\hat{m}_{emp}$,8.66791484640455e-06,2
229.50714272982336,$\hat{m}_{emp}$,8.66791484640455e-06,2
247.00108310132606,$\hat{m}_{emp}$,8.66791484640455e-06,2
265.8284806632307,$\hat{m}_{emp}$,8.66791484640455e-06,2
286.0909767862566,$\hat{m}_{emp}$,8.66791484640455e-06,2
307.8979603476156,$\hat{m}_{emp}$,8.66791484640455e-06,2
331.36715827654194,$\hat{m}_{emp}$,8.66791484640455e-06,2
356.62527111352796,$\hat{m}_{emp}$,8.66791484640455e-06,2
383.8086570143992,$\hat{m}_{emp}$,8.66791484640455e-06,2
413.0640678918749,$\hat{m}_{emp}$,8.66791484640455e-06,2
444.5494416687491,$\hat{m}_{emp}$,8.66791484640455e-06,2
478.43475491973123,$\hat{m}_{emp}$,8.66791484640455e-06,2
514.9029405050194,$\hat{m}_{emp}$,8.66791484640455e-06,2
554.1508751495202,$\hat{m}_{emp}$,8.66791484640455e-06,2
596.390442299262,$\hat{m}_{emp}$,8.66791484640455e-06,2
641.8496759929147,$\hat{m}_{emp}$,8.66791484640455e-06,2
690.7739919237116,$\hat{m}_{emp}$,8.66791484640455e-06,2
743.4275123377766,$\hat{m}_{emp}$,8.66791484640455e-06,2
800.0944919214219,$\hat{m}_{emp}$,8.66791484640455e-06,2
861.0808523752157,$\hat{m}_{emp}$,8.66791484640455e-06,2
926.7158339593304,$\hat{m}_{emp}$,8.66791484640455e-06,2
997.35377292621,$\hat{m}_{emp}$,8.66791484640455e-06,2
1073.3760144361563,$\hat{m}_{emp}$,8.66791484640455e-06,2
1155.1929712829099,$\hat{m}_{emp}$,8.66791484640455e-06,2
1243.246339543401,$\hat{m}_{emp}$,8.66791484640455e-06,2
1338.011483113092,$\hat{m}_{emp}$,8.66791484640455e-06,2
1.0,$\hat{m}_{GT}$,3.6743902349405118e-06,2
1.0762239473831834,$\hat{m}_{GT}$,3.4141461732542617e-06,2
1.1582579849210413,$\hat{m}_{GT}$,3.172337219446427e-06,2
1.2465449806198148,$\hat{m}_{GT}$,2.947661325504345e-06,2
1.3415615596333508,$\hat{m}_{GT}$,2.738885602226166e-06,2
1.4438206773661448,$\hat{m}_{GT}$,2.544904846007808e-06,2
1.5538743887084543,$\hat{m}_{GT}$,2.364664347719163e-06,2
1.6723168283534438,$\hat{m}_{GT}$,2.197184088871702e-06,2
1.7997874182858689,$\hat{m}_{GT}$,2.041566289657425e-06,2
1.9369743197582066,$\hat{m}_{GT}$,1.8969716744189575e-06,2
2.0846181483900335,$\hat{m}_{GT}$,1.7626176987968372e-06,2
2.2435159724469447,$\hat{m}_{GT}$,1.637778975176184e-06,2
2.4145256158840724,$\hat{m}_{GT}$,1.5217827989846665e-06,2
2.5985702893845684,$\hat{m}_{GT}$,1.4140031560550444e-06,2
2.796643574394121,$\hat{m}_{GT}$,1.313854995079613e-06,2
3.009814787058257,$\hat{m}_{GT}$,1.2208014805880356e-06,2
3.239234751020113,$\hat{m}_{GT}$,1.1343372974640756e-06,2
3.486142010243649,$\hat{m}_{GT}$,1.0539973376027253e-06,2
3.751869515402767,$\hat{m}_{GT}$,9.793475195086026e-07,2
4.037851819933397,$\hat{m}_{GT}$,9.099851763414774e-07,2
4.345632824597091,$\hat{m}_{GT}$,8.455351095771225e-07,2
4.676874112365815,$\hat{m}_{GT}$,7.856496379726468e-07,2
5.03336391862456,$\hat{m}_{GT}$,7.300058692471888e-07,2
5.417026785118212,$\hat{m}_{GT}$,6.783027237924177e-07,2
5.829933949760359,$\hat{m}_{GT}$,6.302618990295227e-07,2
6.274314528394325,$\hat{m}_{GT}$,5.856230707379963e-07,2
6.752567548872198,$\hat{m}_{GT}$,5.441463187685316e-07,2
7.267274902418825,$\hat{m}_{GT}$,5.056069280283706e-07,2
7.821215282199927,$\hat{m}_{GT}$,4.697969866281684e-07,2
8.417379184342884,$\hat{m}_{GT}$,4.365235786028364e-07,2
9.058985052394538,$\hat{m}_{GT}$,4.0560661917553965e-07,2
9.749496652373306,$\hat{m}_{GT}$,3.768793560187068e-07,2
10.492641772216333,$\hat{m}_{GT}$,3.5018664948417505e-07,2
11.292432346572342,$\hat{m}_{GT}$,3.2538462089112434e-07,2
12.153186115585632,$\hat{m}_{GT}$,3.0233913743853446e-07,2
13.079549934598068,$\hat{m}_{GT}$,2.809258642262824e-07,2
14.076524860608592,$\hat{m}_{GT}$,2.6102913346158566e-07,2
15.149493150921694,$\hat{m}_{GT}$,2.425416619876338e-07,2
16.304247319739442,$\hat{m}_{GT}$,2.2536359034848873e-07,2
17.54702140956167,$\hat{m}_{GT}$,2.0940211299296137e-07,2
18.88452464621569,$\hat{m}_{GT}$,1.9457115350340928e-07,2
20.32397765920527,$\hat{m}_{GT}$,1.8079056822837174e-07,2
21.87315146291753,$\hat{m}_{GT}$,1.6798600071864412e-07,2
23.540409409131357,$\hat{m}_{GT}$,1.5608832663792455e-07,2
25.33475233731158,$\hat{m}_{GT}$,1.4503332648292587e-07,2
27.265867166436806,$\hat{m}_{GT}$,1.3476128184392244e-07,2
29.344179190688156,$\hat{m}_{GT}$,1.2521676587382333e-07,2
31.580908361321878,$\hat{m}_{GT}$,1.1634824285647968e-07,2
33.98812985856841,$\hat{m}_{GT}$,1.0810783929942661e-07,2
36.57883928056072,$\hat{m}_{GT}$,1.0045106546436117e-07,2
39.36702280122011,$\hat{m}_{GT}$,9.333658020183662e-08,2
42.36773267585289,$\hat{m}_{GT}$,8.672598145625065e-08,2
45.597168502081885,$\hat{m}_{GT}$,8.058357983850406e-08,2
49.07276467480673,$\hat{m}_{GT}$,7.487622024840187e-08,2
52.81328450732654,$\hat{m}_{GT}$,6.957308701492078e-08,2
56.8389215267461,$\hat{m}_{GT}$,6.464554524315452e-08,2
61.17140849051769,$\hat{m}_{GT}$,6.006700113574686e-08,2
65.83413471265413,$\hat{m}_{GT}$,5.58127344344144e-08,2
70.8522723330089,$\hat{m}_{GT}$,5.185977717824418e-08,2
76.25291221129912,$\hat{m}_{GT}$,4.818679127770891e-08,2
82.06521017950769,$\hat{m}_{GT}$,4.477394485945414e-08,2
88.32054444222037,$\hat{m}_{GT}$,4.1602813282080886e-08,2
95.0526849746383,$\hat{m}_{GT}$,3.8656279878888326e-08,2
102.29797583277549,$\hat{m}_{GT}$,3.591843455106285e-08,2
110.0955313600591,$\hat{m}_{GT}$,3.3374498552331065e-08,2
118.4874473495718,$\hat{m}_{GT}$,3.101073762295564e-08,2
127.51902830191335,$\hat{m}_{GT}$,2.8814390690462243e-08,2
137.239032005553,$\hat{m}_{GT}$,2.677360114359689e-08,2
147.6999327600634,$\hat{m}_{GT}$,2.4877350928320738e-08,2
158.95820466326612,$\hat{m}_{GT}$,2.3115404001207087e-08,2
171.07462649164432,$\hat{m}_{GT}$,2.1478247239282753e-08,2
184.11460981994108,$\hat{m}_{GT}$,1.995704246609174e-08,2
198.14855215133173,$\hat{m}_{GT}$,1.854357776006413e-08,2
213.25221696456873,$\hat{m}_{GT}$,1.7230222147358822e-08,2
229.50714272982336,$\hat{m}_{GT}$,1.6009885656115852e-08,2
247.00108310132606,$\hat{m}_{GT}$,1.4875979553501639e-08,2
265.8284806632307,$\hat{m}_{GT}$,1.3822383068686531e-08,2
286.0909767862566,$\hat{m}_{GT}$,1.2843407841581189e-08,2
307.8979603476156,$\hat{m}_{GT}$,1.193376877666638e-08,2
331.36715827654194,$\hat{m}_{GT}$,1.108855538777216e-08,2
356.62527111352796,$\hat{m}_{GT}$,1.030320445216301e-08,2
383.8086570143992,$\hat{m}_{GT}$,9.57347626278101e-09,2
413.0640678918749,$\hat{m}_{GT}$,8.895431419394978e-09,2
444.5494416687491,$\hat{m}_{GT}$,8.265409233429167e-09,2
478.43475491973123,$\hat{m}_{GT}$,7.680008690083432e-09,2
514.9029405050194,$\hat{m}_{GT}$,7.1360693137259265e-09,2
554.1508751495202,$\hat{m}_{GT}$,6.630654652954817e-09,2
596.390442299262,$\hat{m}_{GT}$,6.161036139892511e-09,2
641.8496759929147,$\hat{m}_{GT}$,5.724678524666535e-09,2
690.7739919237116,$\hat{m}_{GT}$,5.319226121536487e-09,2
743.4275123377766,$\hat{m}_{GT}$,4.942490026277539e-09,2
800.0944919214219,$\hat{m}_{GT}$,4.592436401449316e-09,2
861.0808523752157,$\hat{m}_{GT}$,4.267175432321198e-09,2
926.7158339593304,$\hat{m}_{GT}$,3.9649512110969245e-09,2
997.35377292621,$\hat{m}_{GT}$,3.684132106655374e-09,2
1073.3760144361563,$\hat{m}_{GT}$,3.4232021340680272e-09,2
1155.1929712829099,$\hat{m}_{GT}$,3.1807526094528623e-09,2
1243.246339543401,$\hat{m}_{GT}$,2.9554746658558816e-09,2
1338.011483113092,$\hat{m}_{GT}$,2.746152113627602e-09,2
1.0,$\hat{m}_{MLG}$,0.3345049184689551,2
1.0762239473831834,$\hat{m}_{MLG}$,0.3177648288454382,2
1.1582579849210413,$\hat{m}_{MLG}$,0.6700755513775875,2
1.2465449806198148,$\hat{m}_{MLG}$,0.30366101569040127,2
1.3415615596333508,$\hat{m}_{MLG}$,0.2926068972287955,2
1.4438206773661448,$\hat{m}_{MLG}$,0.7100251077945345,2
1.5538743887084543,$\hat{m}_{MLG}$,0.43854797218681796,2
1.6723168283534438,$\hat{m}_{MLG}$,0.27643377171477035,2
1.7997874182858689,$\hat{m}_{MLG}$,0.27729980203340004,2
1.9369743197582066,$\hat{m}_{MLG}$,0.2659042552109812,2
2.0846181483900335,$\hat{m}_{MLG}$,0.26417991991017703,2
2.2435159724469447,$\hat{m}_{MLG}$,0.3242090081413993,2
2.4145256158840724,$\hat{m}_{MLG}$,0.2762448356337617,2
2.5985702893845684,$\hat{m}_{MLG}$,0.2663110938162814,2
2.796643574394121,$\hat{m}_{MLG}$,0.2622350217758327,2
3.009814787058257,$\hat{m}_{MLG}$,0.253344936032444,2
3.239234751020113,$\hat{m}_{MLG}$,0.24998303884538076,2
3.486142010243649,$\hat{m}_{MLG}$,0.2560965642954186,2
3.751869515402767,$\hat{m}_{MLG}$,0.24342736846579335,2
4.037851819933397,$\hat{m}_{MLG}$,0.23536067204225242,2
4.345632824597091,$\hat{m}_{MLG}$,0.2444013752907584,2
4.676874112365815,$\hat{m}_{MLG}$,0.25190550777086057,2
5.03336391862456,$\hat{m}_{MLG}$,0.25014141941100204,2
5.417026785118212,$\hat{m}_{MLG}$,0.24740876716987686,2
5.829933949760359,$\hat{m}_{MLG}$,0.2541083740736726,2
6.274314528394325,$\hat{m}_{MLG}$,0.2398821228402953,2
6.752567548872198,$\hat{m}_{MLG}$,0.24490626720685885,2
7.267274902418825,$\hat{m}_{MLG}$,0.24120387409983007,2
7.821215282199927,$\hat{m}_{MLG}$,0.2379978246557915,2
8.417379184342884,$\hat{m}_{MLG}$,0.23879415868199563,2
9.058985052394538,$\hat{m}_{MLG}$,0.23354004873525772,2
9.749496652373306,$\hat{m}_{MLG}$,0.2273758983688285,2
10.492641772216333,$\hat{m}_{MLG}$,0.2343934657422906,2
11.292432346572342,$\hat{m}_{MLG}$,0.22673840078437218,2
12.153186115585632,$\hat{m}_{MLG}$,0.2990921713881962,2
13.079549934598068,$\hat{m}_{MLG}$,0.2528062978333874,2
14.076524860608592,$\hat{m}_{MLG}$,0.24424403846786338,2
15.149493150921694,$\hat{m}_{MLG}$,0.7658926124693579,2
16.304247319739442,$\hat{m}_{MLG}$,0.2385570711806393,2
17.54702140956167,$\hat{m}_{MLG}$,0.24133979522965235,2
18.88452464621569,$\hat{m}_{MLG}$,0.24472761015782057,2
20.32397765920527,$\hat{m}_{MLG}$,0.23699758651479536,2
21.87315146291753,$\hat{m}_{MLG}$,0.2380522600282183,2
23.540409409131357,$\hat{m}_{MLG}$,0.23955548267739554,2
25.33475233731158,$\hat{m}_{MLG}$,0.2348946260234458,2
27.265867166436806,$\hat{m}_{MLG}$,0.23782116783183518,2
29.344179190688156,$\hat{m}_{MLG}$,0.2349387089865944,2
31.580908361321878,$\hat{m}_{MLG}$,0.23846599905746288,2
33.98812985856841,$\hat{m}_{MLG}$,0.23079220848261672,2
36.57883928056072,$\hat{m}_{MLG}$,0.23288159563413552,2
39.36702280122011,$\hat{m}_{MLG}$,0.2275301776117652,2
42.36773267585289,$\hat{m}_{MLG}$,0.2294759221111359,2
45.597168502081885,$\hat{m}_{MLG}$,0.23322765283038543,2
49.07276467480673,$\hat{m}_{MLG}$,0.2274680563920519,2
52.81328450732654,$\hat{m}_{MLG}$,0.23026679361067207,2
56.8389215267461,$\hat{m}_{MLG}$,0.23239800246066805,2
61.17140849051769,$\hat{m}_{MLG}$,0.22695091448735577,2
65.83413471265413,$\hat{m}_{MLG}$,0.23232249896941787,2
70.8522723330089,$\hat{m}_{MLG}$,0.22678790111123576,2
76.25291221129912,$\hat{m}_{MLG}$,0.23283608158756203,2
82.06521017950769,$\hat{m}_{MLG}$,0.22700060120993526,2
88.32054444222037,$\hat{m}_{MLG}$,0.2326562737839955,2
95.0526849746383,$\hat{m}_{MLG}$,0.22671720477379542,2
102.29797583277549,$\hat{m}_{MLG}$,0.23235164751322132,2
110.0955313600591,$\hat{m}_{MLG}$,0.22692566456953556,2
118.4874473495718,$\hat{m}_{MLG}$,0.23507242694436162,2
127.51902830191335,$\hat{m}_{MLG}$,0.2291870284033534,2
137.239032005553,$\hat{m}_{MLG}$,0.2359222117718223,2
147.6999327600634,$\hat{m}_{MLG}$,0.2306489937508592,2
158.95820466326612,$\hat{m}_{MLG}$,0.22529105688490572,2
171.07462649164432,$\hat{m}_{MLG}$,0.23180972854021334,2
184.11460981994108,$\hat{m}_{MLG}$,0.22412586976554968,2
198.14855215133173,$\hat{m}_{MLG}$,0.22998342591887044,2
213.25221696456873,$\hat{m}_{MLG}$,0.2245800560974853,2
229.50714272982336,$\hat{m}_{MLG}$,0.23075753239861324,2
247.00108310132606,$\hat{m}_{MLG}$,0.2271006891956534,2
265.8284806632307,$\hat{m}_{MLG}$,0.2332196759491433,2
286.0909767862566,$\hat{m}_{MLG}$,0.230355019057177,2
307.8979603476156,$\hat{m}_{MLG}$,0.23590108479323404,2
331.36715827654194,$\hat{m}_{MLG}$,0.23003490175819358,2
356.62527111352796,$\hat{m}_{MLG}$,0.2352749652588928,2
383.8086570143992,$\hat{m}_{MLG}$,0.22901907931125348,2
413.0640678918749,$\hat{m}_{MLG}$,0.23281663671634506,2
444.5494416687491,$\hat{m}_{MLG}$,0.2307545832775728,2
478.43475491973123,$\hat{m}_{MLG}$,0.2338029363466595,2
514.9029405050194,$\hat{m}_{MLG}$,0.22803544745610832,2
554.1508751495202,$\hat{m}_{MLG}$,0.22355176735057164,2
596.390442299262,$\hat{m}_{MLG}$,0.2336026796369087,2
641.8496759929147,$\hat{m}_{MLG}$,0.2291392456383531,2
690.7739919237116,$\hat{m}_{MLG}$,0.22470140074335762,2
743.4275123377766,$\hat{m}_{MLG}$,0.22984271109702095,2
800.0944919214219,$\hat{m}_{MLG}$,0.22515129122276886,2
861.0808523752157,$\hat{m}_{MLG}$,0.23192740558185207,2
926.7158339593304,$\hat{m}_{MLG}$,0.22801166668360492,2
997.35377292621,$\hat{m}_{MLG}$,0.22413496068288688,2
1073.3760144361563,$\hat{m}_{MLG}$,0.22077294009290832,2
1155.1929712829099,$\hat{m}_{MLG}$,0.22843977134587015,2
1243.246339543401,$\hat{m}_{MLG}$,0.22474194652680968,2
1338.011483113092,$\hat{m}_{MLG}$,0.22654137556864845,2
1.0,$\hat{m}_{MLD}$,0.24926702202062065,2
1.0762239473831834,$\hat{m}_{MLD}$,0.2427028178245743,2
1.1582579849210413,$\hat{m}_{MLD}$,0.2496464310318027,2
1.2465449806198148,$\hat{m}_{MLD}$,0.24187500310388738,2
1.3415615596333508,$\hat{m}_{MLD}$,0.24155373953471812,2
1.4438206773661448,$\hat{m}_{MLD}$,0.24079114705732654,2
1.5538743887084543,$\hat{m}_{MLD}$,0.2435460351460062,2
1.6723168283534438,$\hat{m}_{MLD}$,0.2315607322137948,2
1.7997874182858689,$\hat{m}_{MLD}$,0.23523267129149483,2
1.9369743197582066,$\hat{m}_{MLD}$,0.22819358213128563,2
2.0846181483900335,$\hat{m}_{MLD}$,0.23246320904645906,2
2.2435159724469447,$\hat{m}_{MLD}$,0.23723155132226084,2
2.4145256158840724,$\hat{m}_{MLD}$,0.2299863352685338,2
2.5985702893845684,$\hat{m}_{MLD}$,0.23081614953366175,2
2.796643574394121,$\hat{m}_{MLD}$,0.2314559658962659,2
3.009814787058257,$\hat{m}_{MLD}$,0.2246078084684557,2
3.239234751020113,$\hat{m}_{MLD}$,0.2256043777354544,2
3.486142010243649,$\hat{m}_{MLD}$,0.2250725402674413,2
3.751869515402767,$\hat{m}_{MLD}$,0.22414861215487794,2
4.037851819933397,$\hat{m}_{MLD}$,0.21729355424012145,2
4.345632824597091,$\hat{m}_{MLD}$,0.2227525083221793,2
4.676874112365815,$\hat{m}_{MLD}$,0.23556635364761414,2
5.03336391862456,$\hat{m}_{MLD}$,0.23457434236910266,2
5.417026785118212,$\hat{m}_{MLD}$,0.2337054646143035,2
5.829933949760359,$\hat{m}_{MLD}$,0.23653392257862832,2
6.274314528394325,$\hat{m}_{MLD}$,0.2261491053735016,2
6.752567548872198,$\hat{m}_{MLD}$,0.23329361152142766,2
7.267274902418825,$\hat{m}_{MLD}$,0.22512748795214532,2
7.821215282199927,$\hat{m}_{MLD}$,0.22790499779853132,2
8.417379184342884,$\hat{m}_{MLD}$,0.22356588765760138,2
9.058985052394538,$\hat{m}_{MLD}$,0.2257174297394018,2
9.749496652373306,$\hat{m}_{MLD}$,0.22073581842141066,2
10.492641772216333,$\hat{m}_{MLD}$,0.2240326756609773,2
11.292432346572342,$\hat{m}_{MLD}$,0.21905015018289867,2
12.153186115585632,$\hat{m}_{MLD}$,0.24521556368985567,2
13.079549934598068,$\hat{m}_{MLD}$,0.24505939550484904,2
14.076524860608592,$\hat{m}_{MLD}$,0.238202830597835,2
15.149493150921694,$\hat{m}_{MLD}$,0.2466023312927495,2
16.304247319739442,$\hat{m}_{MLD}$,0.23292669588468057,2
17.54702140956167,$\hat{m}_{MLD}$,0.2358376347304712,2
18.88452464621569,$\hat{m}_{MLD}$,0.2411107374818757,2
20.32397765920527,$\hat{m}_{MLD}$,0.2340519750335457,2
21.87315146291753,$\hat{m}_{MLD}$,0.23568828183196125,2
23.540409409131357,$\hat{m}_{MLD}$,0.23772586198763812,2
25.33475233731158,$\hat{m}_{MLD}$,0.23322200370589155,2
27.265867166436806,$\hat{m}_{MLD}$,0.23629102981094743,2
29.344179190688156,$\hat{m}_{MLD}$,0.2335710821637357,2
31.580908361321878,$\hat{m}_{MLD}$,0.23598608261283713,2
33.98812985856841,$\hat{m}_{MLD}$,0.22975697002807455,2
36.57883928056072,$\hat{m}_{MLD}$,0.2313032402305312,2
39.36702280122011,$\hat{m}_{MLD}$,0.22650202623756605,2
42.36773267585289,$\hat{m}_{MLD}$,0.2285120677148658,2
45.597168502081885,$\hat{m}_{MLD}$,0.23181253612763345,2
49.07276467480673,$\hat{m}_{MLD}$,0.22640062752352516,2
52.81328450732654,$\hat{m}_{MLD}$,0.22957281387599043,2
56.8389215267461,$\hat{m}_{MLD}$,0.23167485940835106,2
61.17140849051769,$\hat{m}_{MLD}$,0.22630923044098308,2
65.83413471265413,$\hat{m}_{MLD}$,0.2319313542910337,2
70.8522723330089,$\hat{m}_{MLD}$,0.22647431988941216,2
76.25291221129912,$\hat{m}_{MLD}$,0.2322029834470662,2
82.06521017950769,$\hat{m}_{MLD}$,0.22665942953588494,2
88.32054444222037,$\hat{m}_{MLD}$,0.23230238440849704,2
95.0526849746383,$\hat{m}_{MLD}$,0.22646829248613148,2
102.29797583277549,$\hat{m}_{MLD}$,0.2321517782239965,2
110.0955313600591,$\hat{m}_{MLD}$,0.22674894637155288,2
118.4874473495718,$\hat{m}_{MLD}$,0.23478172272328854,2
127.51902830191335,$\hat{m}_{MLD}$,0.22899799397580414,2
137.239032005553,$\hat{m}_{MLD}$,0.23573989858906869,2
147.6999327600634,$\hat{m}_{MLD}$,0.23031556636008485,2
158.95820466326612,$\hat{m}_{MLD}$,0.22514430880466896,2
171.07462649164432,$\hat{m}_{MLD}$,0.23169426699233275,2
184.11460981994108,$\hat{m}_{MLD}$,0.22398801963036563,2
198.14855215133173,$\hat{m}_{MLD}$,0.22987264837217242,2
213.25221696456873,$\hat{m}_{MLD}$,0.22442576166694955,2
229.50714272982336,$\hat{m}_{MLD}$,0.23066684475290727,2
247.00108310132606,$\hat{m}_{MLD}$,0.22700671900244537,2
265.8284806632307,$\hat{m}_{MLD}$,0.23314215858049653,2
286.0909767862566,$\hat{m}_{MLD}$,0.23027992411942547,2
307.8979603476156,$\hat{m}_{MLD}$,0.23581412990535028,2
331.36715827654194,$\hat{m}_{MLD}$,0.22995834642616358,2
356.62527111352796,$\hat{m}_{MLD}$,0.23520458306410974,2
383.8086570143992,$\hat{m}_{MLD}$,0.2288435543517122,2
413.0640678918749,$\hat{m}_{MLD}$,0.2327269202435352,2
444.5494416687491,$\hat{m}_{MLD}$,0.23067227969002568,2
478.43475491973123,$\hat{m}_{MLD}$,0.2337452658740058,2
514.9029405050194,$\hat{m}_{MLD}$,0.22796496061230842,2
554.1508751495202,$\hat{m}_{MLD}$,0.22350245935580101,2
596.390442299262,$\hat{m}_{MLD}$,0.2335637228641245,2
641.8496759929147,$\hat{m}_{MLD}$,0.22910593227842124,2
690.7739919237116,$\hat{m}_{MLD}$,0.22467127827497946,2
743.4275123377766,$\hat{m}_{MLD}$,0.22981078241547653,2
800.0944919214219,$\hat{m}_{MLD}$,0.22512640338568463,2
861.0808523752157,$\hat{m}_{MLD}$,0.23188724965010443,2
926.7158339593304,$\hat{m}_{MLD}$,0.22799011737180214,2
997.35377292621,$\hat{m}_{MLD}$,0.2241182665237479,2
1073.3760144361563,$\hat{m}_{MLD}$,0.2207580944438807,2
1155.1929712829099,$\hat{m}_{MLD}$,0.2284182819085102,2
1243.246339543401,$\hat{m}_{MLD}$,0.2247278862163001,2
1338.011483113092,$\hat{m}_{MLD}$,0.22646558583281876,2
1.0,$\hat{m}_{emp}$,0.002580200566522298,3
1.0762239473831834,$\hat{m}_{emp}$,0.0031382855951574353,3
1.1582579849210413,$\hat{m}_{emp}$,0.004320409003331108,3
1.2465449806198148,$\hat{m}_{emp}$,0.004682945016375844,3
1.3415615596333508,$\hat{m}_{emp}$,0.005871373321984799,3
1.4438206773661448,$\hat{m}_{emp}$,0.006179793988367446,3
1.5538743887084543,$\hat{m}_{emp}$,0.0071395973050534115,3
1.6723168283534438,$\hat{m}_{emp}$,0.006880706470307787,3
1.7997874182858689,$\hat{m}_{emp}$,0.0005543002793762452,3
1.9369743197582066,$\hat{m}_{emp}$,0.000670174741858618,3
2.0846181483900335,$\hat{m}_{emp}$,0.001003253848208846,3
2.2435159724469447,$\hat{m}_{emp}$,0.0011197088399852134,3
2.4145256158840724,$\hat{m}_{emp}$,0.0014552393594955612,3
2.5985702893845684,$\hat{m}_{emp}$,0.0015356483180333834,3
2.796643574394121,$\hat{m}_{emp}$,0.0018122586042886777,3
3.009814787058257,$\hat{m}_{emp}$,0.002229676663605021,3
3.239234751020113,$\hat{m}_{emp}$,0.0023648966223537154,3
3.486142010243649,$\hat{m}_{emp}$,0.000496484384876534,3
3.751869515402767,$\hat{m}_{emp}$,0.0007218813338145876,3
4.037851819933397,$\hat{m}_{emp}$,0.0009297285926766757,3
4.345632824597091,$\hat{m}_{emp}$,0.0010648674862304796,3
4.676874112365815,$\hat{m}_{emp}$,0.001096531619088902,3
5.03336391862456,$\hat{m}_{emp}$,0.0010769763471159242,3
5.417026785118212,$\hat{m}_{emp}$,0.0011109015535610608,3
5.829933949760359,$\hat{m}_{emp}$,0.001259695116671271,3
6.274314528394325,$\hat{m}_{emp}$,0.0003869662611396476,3
6.752567548872198,$\hat{m}_{emp}$,0.009319465977452196,3
7.267274902418825,$\hat{m}_{emp}$,0.034836109633296856,3
7.821215282199927,$\hat{m}_{emp}$,0.04506576166997503,3
8.417379184342884,$\hat{m}_{emp}$,0.06909915308652435,3
9.058985052394538,$\hat{m}_{emp}$,0.07866340802383302,3
9.749496652373306,$\hat{m}_{emp}$,0.08674202590520055,3
10.492641772216333,$\hat{m}_{emp}$,0.1101105198526402,3
11.292432346572342,$\hat{m}_{emp}$,0.11297923234834761,3
12.153186115585632,$\hat{m}_{emp}$,0.1321258922045773,3
13.079549934598068,$\hat{m}_{emp}$,0.13795196979940091,3
14.076524860608592,$\hat{m}_{emp}$,0.0018850632291705209,3
15.149493150921694,$\hat{m}_{emp}$,0.002228383673400303,3
16.304247319739442,$\hat{m}_{emp}$,0.0008399200380396787,3
17.54702140956167,$\hat{m}_{emp}$,0.000867882920516218,3
18.88452464621569,$\hat{m}_{emp}$,0.0009763536564253491,3
20.32397765920527,$\hat{m}_{emp}$,0.0010828480263305744,3
21.87315146291753,$\hat{m}_{emp}$,9.784352862901647e-05,3
23.540409409131357,$\hat{m}_{emp}$,9.784352862901647e-05,3
25.33475233731158,$\hat{m}_{emp}$,9.784352862901647e-05,3
27.265867166436806,$\hat{m}_{emp}$,9.784352862901647e-05,3
29.344179190688156,$\hat{m}_{emp}$,9.784352862901647e-05,3
31.580908361321878,$\hat{m}_{emp}$,9.784352862901647e-05,3
33.98812985856841,$\hat{m}_{emp}$,9.784352862901647e-05,3
36.57883928056072,$\hat{m}_{emp}$,9.784352862901647e-05,3
39.36702280122011,$\hat{m}_{emp}$,0.0006288574639956458,3
42.36773267585289,$\hat{m}_{emp}$,0.001251759622056918,3
45.597168502081885,$\hat{m}_{emp}$,0.0014938369669512406,3
49.07276467480673,$\hat{m}_{emp}$,0.00205760056928963,3
52.81328450732654,$\hat{m}_{emp}$,0.0026323301792759548,3
56.8389215267461,$\hat{m}_{emp}$,0.0030626019005218293,3
61.17140849051769,$\hat{m}_{emp}$,0.004515721813040104,3
65.83413471265413,$\hat{m}_{emp}$,0.005054048627850779,3
70.8522723330089,$\hat{m}_{emp}$,0.006500295856114405,3
76.25291221129912,$\hat{m}_{emp}$,0.0031472916189515714,3
82.06521017950769,$\hat{m}_{emp}$,0.004016462472446596,3
88.32054444222037,$\hat{m}_{emp}$,0.0042985830176688776,3
95.0526849746383,$\hat{m}_{emp}$,0.00514463083372744,3
102.29797583277549,$\hat{m}_{emp}$,0.005967982194592878,3
110.0955313600591,$\hat{m}_{emp}$,0.0007797551728151007,3
118.4874473495718,$\hat{m}_{emp}$,9.784352862901647e-05,3
127.51902830191335,$\hat{m}_{emp}$,9.784352862901647e-05,3
137.239032005553,$\hat{m}_{emp}$,9.784352862901647e-05,3
147.6999327600634,$\hat{m}_{emp}$,9.784352862901647e-05,3
158.95820466326612,$\hat{m}_{emp}$,9.784352862901647e-05,3
171.07462649164432,$\hat{m}_{emp}$,9.784352862901647e-05,3
184.11460981994108,$\hat{m}_{emp}$,9.784352862901647e-05,3
198.14855215133173,$\hat{m}_{emp}$,9.784352862901647e-05,3
213.25221696456873,$\hat{m}_{emp}$,9.784352862901647e-05,3
229.50714272982336,$\hat{m}_{emp}$,9.784352862901647e-05,3
247.00108310132606,$\hat{m}_{emp}$,9.784352862901647e-05,3
265.8284806632307,$\hat{m}_{emp}$,9.784352862901647e-05,3
286.0909767862566,$\hat{m}_{emp}$,9.784352862901647e-05,3
307.8979603476156,$\hat{m}_{emp}$,9.784352862901647e-05,3
331.36715827654194,$\hat{m}_{emp}$,9.784352862901647e-05,3
356.62527111352796,$\hat{m}_{emp}$,9.784352862901647e-05,3
383.8086570143992,$\hat{m}_{emp}$,9.784352862901647e-05,3
413.0640678918749,$\hat{m}_{emp}$,9.784352862901647e-05,3
444.5494416687491,$\hat{m}_{emp}$,9.784352862901647e-05,3
478.43475491973123,$\hat{m}_{emp}$,9.784352862901647e-05,3
514.9029405050194,$\hat{m}_{emp}$,9.784352862901647e-05,3
554.1508751495202,$\hat{m}_{emp}$,9.784352862901647e-05,3
596.390442299262,$\hat{m}_{emp}$,9.784352862901647e-05,3
641.8496759929147,$\hat{m}_{emp}$,9.784352862901647e-05,3
690.7739919237116,$\hat{m}_{emp}$,9.784352862901647e-05,3
743.4275123377766,$\hat{m}_{emp}$,9.784352862901647e-05,3
800.0944919214219,$\hat{m}_{emp}$,9.784352862901647e-05,3
861.0808523752157,$\hat{m}_{emp}$,9.784352862901647e-05,3
926.7158339593304,$\hat{m}_{emp}$,9.784352862901647e-05,3
997.35377292621,$\hat{m}_{emp}$,9.784352862901647e-05,3
1073.3760144361563,$\hat{m}_{emp}$,9.784352862901647e-05,3
1155.1929712829099,$\hat{m}_{emp}$,9.784352862901647e-05,3
1243.246339543401,$\hat{m}_{emp}$,9.784352862901647e-05,3
1338.011483113092,$\hat{m}_{emp}$,9.784352862901647e-05,3
1.0,$\hat{m}_{GT}$,4.006522618823445e-06,3
1.0762239473831834,$\hat{m}_{GT}$,3.722758713116768e-06,3
1.1582579849210413,$\hat{m}_{GT}$,3.4590944782474845e-06,3
1.2465449806198148,$\hat{m}_{GT}$,3.214100903483764e-06,3
1.3415615596333508,$\hat{m}_{GT}$,2.9864564201346893e-06,3
1.4438206773661448,$\hat{m}_{GT}$,2.7749411712471696e-06,3
1.5538743887084543,$\hat{m}_{GT}$,2.578402782612283e-06,3
1.6723168283534438,$\hat{m}_{GT}$,2.395789160970678e-06,3
1.7997874182858689,$\hat{m}_{GT}$,2.2261055396636355e-06,3
1.9369743197582066,$\hat{m}_{GT}$,2.0684405612920307e-06,3
2.0846181483900335,$\hat{m}_{GT}$,1.9219422379479806e-06,3
2.2435159724469447,$\hat{m}_{GT}$,1.7858195215075175e-06,3
2.4145256158840724,$\hat{m}_{GT}$,1.6593379241682568e-06,3
2.5985702893845684,$\hat{m}_{GT}$,1.5418155803548026e-06,3
2.796643574394121,$\hat{m}_{GT}$,1.4326154974614054e-06,3
3.009814787058257,$\hat{m}_{GT}$,1.3311502469283708e-06,3
3.239234751020113,$\hat{m}_{GT}$,1.2368706183858344e-06,3
3.486142010243649,$\hat{m}_{GT}$,1.1492694094364213e-06,3
3.751869515402767,$\hat{m}_{GT}$,1.0678717955837095e-06,3
4.037851819933397,$\hat{m}_{GT}$,9.92239693358245e-07,3
4.345632824597091,$\hat{m}_{GT}$,9.219631915415409e-07,3
4.676874112365815,$\hat{m}_{GT}$,8.566653274132048e-07,3
5.03336391862456,$\hat{m}_{GT}$,7.959913873731886e-07,3
5.417026785118212,$\hat{m}_{GT}$,7.396148825306663e-07,3
5.829933949760359,$\hat{m}_{GT}$,6.872313784349542e-07,3
6.274314528394325,$\hat{m}_{GT}$,6.385581866990884e-07,3
6.752567548872198,$\hat{m}_{GT}$,5.933320161362575e-07,3
7.267274902418825,$\hat{m}_{GT}$,5.513089452632914e-07,3
7.821215282199927,$\hat{m}_{GT}$,5.122622782864827e-07,3
8.417379184342884,$\hat{m}_{GT}$,4.759812710889452e-07,3
9.058985052394538,$\hat{m}_{GT}$,4.422696571171802e-07,3
9.749496652373306,$\hat{m}_{GT}$,4.109457876207513e-07,3
10.492641772216333,$\hat{m}_{GT}$,3.81840286899518e-07,3
11.292432346572342,$\hat{m}_{GT}$,3.5479638590209463e-07,3
12.153186115585632,$\hat{m}_{GT}$,3.2966775753727636e-07,3
13.079549934598068,$\hat{m}_{GT}$,3.0631896197080717e-07,3
14.076524860608592,$\hat{m}_{GT}$,2.846237700695336e-07,3
15.149493150921694,$\hat{m}_{GT}$,2.6446518791838393e-07,3
16.304247319739442,$\hat{m}_{GT}$,2.4573435870090076e-07,3
17.54702140956167,$\hat{m}_{GT}$,2.2833015535812102e-07,3
18.88452464621569,$\hat{m}_{GT}$,2.1215855202636877e-07,3
20.32397765920527,$\hat{m}_{GT}$,1.9713235505745029e-07,3
21.87315146291753,$\hat{m}_{GT}$,1.831703788586214e-07,3
23.540409409131357,$\hat{m}_{GT}$,1.701972671424815e-07,3
25.33475233731158,$\hat{m}_{GT}$,1.581429963764695e-07,3
27.265867166436806,$\hat{m}_{GT}$,1.469424580681328e-07,3
29.344179190688156,$\hat{m}_{GT}$,1.36535211475293e-07,3
31.580908361321878,$\hat{m}_{GT}$,1.2686504299710038e-07,3
33.98812985856841,$\hat{m}_{GT}$,1.1787978124813234e-07,3
36.57883928056072,$\hat{m}_{GT}$,1.0953090869142e-07,3
39.36702280122011,$\hat{m}_{GT}$,1.0177333937459875e-07,3
42.36773267585289,$\hat{m}_{GT}$,9.456520526228889e-08,3
45.597168502081885,$\hat{m}_{GT}$,8.786759407983299e-08,3
49.07276467480673,$\hat{m}_{GT}$,8.164433653240337e-08,3
52.81328450732654,$\hat{m}_{GT}$,7.586184556546167e-08,3
56.8389215267461,$\hat{m}_{GT}$,7.048890398917854e-08,3
61.17140849051769,$\hat{m}_{GT}$,6.549650179909065e-08,3
65.83413471265413,$\hat{m}_{GT}$,6.085769055896997e-08,3
70.8522723330089,$\hat{m}_{GT}$,5.654742247800758e-08,3
76.25291221129912,$\hat{m}_{GT}$,5.254243103424994e-08,3
82.06521017950769,$\hat{m}_{GT}$,4.882109266487493e-08,3
88.32054444222037,$\hat{m}_{GT}$,4.536332187622155e-08,3
95.0526849746383,$\hat{m}_{GT}$,4.215044843862094e-08,3
102.29797583277549,$\hat{m}_{GT}$,3.916512793406535e-08,3
110.0955313600591,$\hat{m}_{GT}$,3.6391243422555686e-08,3
118.4874473495718,$\hat{m}_{GT}$,3.381382096650315e-08,3
127.51902830191335,$\hat{m}_{GT}$,3.1418944574185484e-08,3
137.239032005553,$\hat{m}_{GT}$,2.9193687005314797e-08,3
147.6999327600634,$\hat{m}_{GT}$,2.7126033383195503e-08,3
158.95820466326612,$\hat{m}_{GT}$,2.5204821944568145e-08,3
171.07462649164432,$\hat{m}_{GT}$,2.3419681464696855e-08,3
184.11460981994108,$\hat{m}_{GT}$,2.1760974195292774e-08,3
198.14855215133173,$\hat{m}_{GT}$,2.0219745361827997e-08,3
213.25221696456873,$\hat{m}_{GT}$,1.878767457154943e-08,3
229.50714272982336,$\hat{m}_{GT}$,1.745703082789445e-08,3
247.00108310132606,$\hat{m}_{GT}$,1.6220630419667448e-08,3
265.8284806632307,$\hat{m}_{GT}$,1.5071798354771534e-08,3
286.0909767862566,$\hat{m}_{GT}$,1.4004332828542488e-08,3
307.8979603476156,$\hat{m}_{GT}$,1.3012470956978104e-08,3
331.36715827654194,$\hat{m}_{GT}$,1.2090858058694731e-08,3
356.62527111352796,$\hat{m}_{GT}$,1.1234518678786002e-08,3
383.8086570143992,$\hat{m}_{GT}$,1.0438829824713884e-08,3
413.0640678918749,$\hat{m}_{GT}$,9.699495939504865e-09,3
444.5494416687491,$\hat{m}_{GT}$,9.012525680290674e-09,3
478.43475491973123,$\hat{m}_{GT}$,8.374210296267417e-09,3
514.9029405050194,$\hat{m}_{GT}$,7.78110385384846e-09,3
554.1508751495202,$\hat{m}_{GT}$,7.230004361933931e-09,3
596.390442299262,$\hat{m}_{GT}$,6.717936705588869e-09,3
641.8496759929147,$\hat{m}_{GT}$,6.242136429619435e-09,3
690.7739919237116,$\hat{m}_{GT}$,5.800034888369861e-09,3
743.4275123377766,$\hat{m}_{GT}$,5.3892453308804505e-09,3
800.0944919214219,$\hat{m}_{GT}$,5.007550083562991e-09,3
861.0808523752157,$\hat{m}_{GT}$,4.652888557884465e-09,3
926.7158339593304,$\hat{m}_{GT}$,4.32334604225577e-09,3
997.35377292621,$\hat{m}_{GT}$,4.017143513452287e-09,3
1073.3760144361563,$\hat{m}_{GT}$,3.732627878608686e-09,3
1155.1929712829099,$\hat{m}_{GT}$,3.4682631757219748e-09,3
1243.246339543401,$\hat{m}_{GT}$,3.2226221890234846e-09,3
1338.011483113092,$\hat{m}_{GT}$,2.99437881434828e-09,3
1.0,$\hat{m}_{MLG}$,0.31779297196235473,3
1.0762239473831834,$\hat{m}_{MLG}$,0.3318816434341705,3
1.1582579849210413,$\hat{m}_{MLG}$,0.30129523962531085,3
1.2465449806198148,$\hat{m}_{MLG}$,0.29353911377917197,3
1.3415615596333508,$\hat{m}_{MLG}$,0.2997743958129881,3
1.4438206773661448,$\hat{m}_{MLG}$,0.2907802501082227,3
1.5538743887084543,$\hat{m}_{MLG}$,0.2931845021980884,3
1.6723168283534438,$\hat{m}_{MLG}$,0.2856480039841974,3
1.7997874182858689,$\hat{m}_{MLG}$,0.2850341300424073,3
1.9369743197582066,$\hat{m}_{MLG}$,0.3075800046850179,3
2.0846181483900335,$\hat{m}_{MLG}$,0.40388684545085884,3
2.2435159724469447,$\hat{m}_{MLG}$,0.27595860055681853,3
2.4145256158840724,$\hat{m}_{MLG}$,0.2815053655903095,3
2.5985702893845684,$\hat{m}_{MLG}$,0.27825150349837957,3
2.796643574394121,$\hat{m}_{MLG}$,0.2931403772749934,3
3.009814787058257,$\hat{m}_{MLG}$,0.2930640355510296,3
3.239234751020113,$\hat{m}_{MLG}$,0.27496425834763977,3
3.486142010243649,$\hat{m}_{MLG}$,0.2779829165469511,3
3.751869515402767,$\hat{m}_{MLG}$,0.2658759676861995,3
4.037851819933397,$\hat{m}_{MLG}$,0.2624592769063157,3
4.345632824597091,$\hat{m}_{MLG}$,0.3367228737528143,3
4.676874112365815,$\hat{m}_{MLG}$,0.2493444995935123,3
5.03336391862456,$\hat{m}_{MLG}$,0.24919116390577054,3
5.417026785118212,$\hat{m}_{MLG}$,0.2489010859314155,3
5.829933949760359,$\hat{m}_{MLG}$,0.2607213331842041,3
6.274314528394325,$\hat{m}_{MLG}$,0.2489533142708815,3
6.752567548872198,$\hat{m}_{MLG}$,0.35529711928050184,3
7.267274902418825,$\hat{m}_{MLG}$,0.2566666654552572,3
7.821215282199927,$\hat{m}_{MLG}$,0.24721206437292695,3
8.417379184342884,$\hat{m}_{MLG}$,0.25118167498094884,3
9.058985052394538,$\hat{m}_{MLG}$,0.24537709308449474,3
9.749496652373306,$\hat{m}_{MLG}$,0.2381376299696188,3
10.492641772216333,$\hat{m}_{MLG}$,0.2434177032929143,3
11.292432346572342,$\hat{m}_{MLG}$,0.2477526850678264,3
12.153186115585632,$\hat{m}_{MLG}$,0.2450457601347286,3
13.079549934598068,$\hat{m}_{MLG}$,0.24306730980425914,3
14.076524860608592,$\hat{m}_{MLG}$,0.25666595433923167,3
15.149493150921694,$\hat{m}_{MLG}$,0.25928881466755666,3
16.304247319739442,$\hat{m}_{MLG}$,0.25877777111146877,3
17.54702140956167,$\hat{m}_{MLG}$,0.2458719322386881,3
18.88452464621569,$\hat{m}_{MLG}$,0.24630673898748603,3
20.32397765920527,$\hat{m}_{MLG}$,0.24822859708433362,3
21.87315146291753,$\hat{m}_{MLG}$,0.2506975704008024,3
23.540409409131357,$\hat{m}_{MLG}$,0.24218537268640217,3
25.33475233731158,$\hat{m}_{MLG}$,0.2506443501543713,3
27.265867166436806,$\hat{m}_{MLG}$,0.2499334016376737,3
29.344179190688156,$\hat{m}_{MLG}$,0.24167280938005095,3
31.580908361321878,$\hat{m}_{MLG}$,0.24287155560406026,3
33.98812985856841,$\hat{m}_{MLG}$,0.24608269070290414,3
36.57883928056072,$\hat{m}_{MLG}$,0.2388342044541182,3
39.36702280122011,$\hat{m}_{MLG}$,0.24316250278706292,3
42.36773267585289,$\hat{m}_{MLG}$,0.2472463011729679,3
45.597168502081885,$\hat{m}_{MLG}$,0.2399118108013876,3
49.07276467480673,$\hat{m}_{MLG}$,0.24203070229388743,3
52.81328450732654,$\hat{m}_{MLG}$,0.24472797884675884,3
56.8389215267461,$\hat{m}_{MLG}$,0.2373920396423957,3
61.17140849051769,$\hat{m}_{MLG}$,0.24246778189828644,3
65.83413471265413,$\hat{m}_{MLG}$,0.23580386421474683,3
70.8522723330089,$\hat{m}_{MLG}$,0.24167860556764792,3
76.25291221129912,$\hat{m}_{MLG}$,0.23395710437653755,3
82.06521017950769,$\hat{m}_{MLG}$,0.23858786727073006,3
88.32054444222037,$\hat{m}_{MLG}$,0.23319322709042242,3
95.0526849746383,$\hat{m}_{MLG}$,0.23759325418317911,3
102.29797583277549,$\hat{m}_{MLG}$,0.24306524023517403,3
110.0955313600591,$\hat{m}_{MLG}$,0.23797629906320206,3
118.4874473495718,$\hat{m}_{MLG}$,0.24377757570214567,3
127.51902830191335,$\hat{m}_{MLG}$,0.23705018260838254,3
137.239032005553,$\hat{m}_{MLG}$,0.2421785597770373,3
147.6999327600634,$\hat{m}_{MLG}$,0.2362759144266689,3
158.95820466326612,$\hat{m}_{MLG}$,0.2425410919380663,3
171.07462649164432,$\hat{m}_{MLG}$,0.23346518726145446,3
184.11460981994108,$\hat{m}_{MLG}$,0.24078900785031496,3
198.14855215133173,$\hat{m}_{MLG}$,0.23491895698368473,3
213.25221696456873,$\hat{m}_{MLG}$,0.24114178157085064,3
229.50714272982336,$\hat{m}_{MLG}$,0.23526247536072772,3
247.00108310132606,$\hat{m}_{MLG}$,0.2410503676225998,3
265.8284806632307,$\hat{m}_{MLG}$,0.23519047864956927,3
286.0909767862566,$\hat{m}_{MLG}$,0.2394719816771791,3
307.8979603476156,$\hat{m}_{MLG}$,0.23423684397803987,3
331.36715827654194,$\hat{m}_{MLG}$,0.23895650980741487,3
356.62527111352796,$\hat{m}_{MLG}$,0.23239437899503837,3
383.8086570143992,$\hat{m}_{MLG}$,0.2362576532151836,3
413.0640678918749,$\hat{m}_{MLG}$,0.2345585234689246,3
444.5494416687491,$\hat{m}_{MLG}$,0.23468416000875947,3
478.43475491973123,$\hat{m}_{MLG}$,0.2326204603014992,3
514.9029405050194,$\hat{m}_{MLG}$,0.22793385634575863,3
554.1508751495202,$\hat{m}_{MLG}$,0.23293763720326138,3
596.390442299262,$\hat{m}_{MLG}$,0.22806701555755232,3
641.8496759929147,$\hat{m}_{MLG}$,0.22499833855246892,3
690.7739919237116,$\hat{m}_{MLG}$,0.23219469026245948,3
743.4275123377766,$\hat{m}_{MLG}$,0.2274402883290336,3
800.0944919214219,$\hat{m}_{MLG}$,0.22170048366322337,3
861.0808523752157,$\hat{m}_{MLG}$,0.22927620985991662,3
926.7158339593304,$\hat{m}_{MLG}$,0.2251130930291246,3
997.35377292621,$\hat{m}_{MLG}$,0.22114565249174595,3
1073.3760144361563,$\hat{m}_{MLG}$,0.2295270724192554,3
1155.1929712829099,$\hat{m}_{MLG}$,0.22505332512756257,3
1243.246339543401,$\hat{m}_{MLG}$,0.23291766752407325,3
1338.011483113092,$\hat{m}_{MLG}$,0.22793602138086788,3
1.0,$\hat{m}_{MLD}$,0.266042437428133,3
1.0762239473831834,$\hat{m}_{MLD}$,0.2589621003581294,3
1.1582579849210413,$\hat{m}_{MLD}$,0.265740727309205,3
1.2465449806198148,$\hat{m}_{MLD}$,0.25916409961462933,3
1.3415615596333508,$\hat{m}_{MLD}$,0.2645259431169646,3
1.4438206773661448,$\hat{m}_{MLD}$,0.2587005983716645,3
1.5538743887084543,$\hat{m}_{MLD}$,0.2632175609521526,3
1.6723168283534438,$\hat{m}_{MLD}$,0.25674457879630763,3
1.7997874182858689,$\hat{m}_{MLD}$,0.259940271736251,3
1.9369743197582066,$\hat{m}_{MLD}$,0.2545771409249239,3
2.0846181483900335,$\hat{m}_{MLD}$,0.26251854662151386,3
2.2435159724469447,$\hat{m}_{MLD}$,0.24765870945966462,3
2.4145256158840724,$\hat{m}_{MLD}$,0.24803293844685972,3
2.5985702893845684,$\hat{m}_{MLD}$,0.24265459277258528,3
2.796643574394121,$\hat{m}_{MLD}$,0.24483808141410612,3
3.009814787058257,$\hat{m}_{MLD}$,0.24793516968438425,3
3.239234751020113,$\hat{m}_{MLD}$,0.24025872915254573,3
3.486142010243649,$\hat{m}_{MLD}$,0.24170963356579223,3
3.751869515402767,$\hat{m}_{MLD}$,0.23814888213258267,3
4.037851819933397,$\hat{m}_{MLD}$,0.24067107327293238,3
4.345632824597091,$\hat{m}_{MLD}$,0.23716402459152422,3
4.676874112365815,$\hat{m}_{MLD}$,0.23528182825145183,3
5.03336391862456,$\hat{m}_{MLD}$,0.235665406192017,3
5.417026785118212,$\hat{m}_{MLD}$,0.2369355024906531,3
5.829933949760359,$\hat{m}_{MLD}$,0.23249675773444553,3
6.274314528394325,$\hat{m}_{MLD}$,0.2390402584698358,3
6.752567548872198,$\hat{m}_{MLD}$,0.2452500432266107,3
7.267274902418825,$\hat{m}_{MLD}$,0.24561095876595007,3
7.821215282199927,$\hat{m}_{MLD}$,0.2377324099066402,3
8.417379184342884,$\hat{m}_{MLD}$,0.24388372957124083,3
9.058985052394538,$\hat{m}_{MLD}$,0.2382689042127954,3
9.749496652373306,$\hat{m}_{MLD}$,0.23141200791933625,3
10.492641772216333,$\hat{m}_{MLD}$,0.2383462313558843,3
11.292432346572342,$\hat{m}_{MLD}$,0.234097974395764,3
12.153186115585632,$\hat{m}_{MLD}$,0.2365709345246867,3
13.079549934598068,$\hat{m}_{MLD}$,0.23061839713548885,3
14.076524860608592,$\hat{m}_{MLD}$,0.25231686551896876,3
15.149493150921694,$\hat{m}_{MLD}$,0.2545340720577719,3
16.304247319739442,$\hat{m}_{MLD}$,0.2507897846057254,3
17.54702140956167,$\hat{m}_{MLD}$,0.24165798371229671,3
18.88452464621569,$\hat{m}_{MLD}$,0.24305609488727592,3
20.32397765920527,$\hat{m}_{MLD}$,0.2456437387974611,3
21.87315146291753,$\hat{m}_{MLD}$,0.24756524305793423,3
23.540409409131357,$\hat{m}_{MLD}$,0.23939988396086484,3
25.33475233731158,$\hat{m}_{MLD}$,0.24479496309717366,3
27.265867166436806,$\hat{m}_{MLD}$,0.24736613452861225,3
29.344179190688156,$\hat{m}_{MLD}$,0.23957671255501345,3
31.580908361321878,$\hat{m}_{MLD}$,0.24129555998509084,3
33.98812985856841,$\hat{m}_{MLD}$,0.2448391090222945,3
36.57883928056072,$\hat{m}_{MLD}$,0.2377486105735882,3
39.36702280122011,$\hat{m}_{MLD}$,0.24213346716904025,3
42.36773267585289,$\hat{m}_{MLD}$,0.24632433658470573,3
45.597168502081885,$\hat{m}_{MLD}$,0.23908194679221775,3
49.07276467480673,$\hat{m}_{MLD}$,0.24117943644082293,3
52.81328450732654,$\hat{m}_{MLD}$,0.2440133927033194,3
56.8389215267461,$\hat{m}_{MLD}$,0.23661028874806772,3
61.17140849051769,$\hat{m}_{MLD}$,0.2418834672901628,3
65.83413471265413,$\hat{m}_{MLD}$,0.23526324296781778,3
70.8522723330089,$\hat{m}_{MLD}$,0.24121672461625787,3
76.25291221129912,$\hat{m}_{MLD}$,0.2333717703139153,3
82.06521017950769,$\hat{m}_{MLD}$,0.23815428958787677,3
88.32054444222037,$\hat{m}_{MLD}$,0.23240245164607845,3
95.0526849746383,$\hat{m}_{MLD}$,0.23724436581408953,3
102.29797583277549,$\hat{m}_{MLD}$,0.24263079331014967,3
110.0955313600591,$\hat{m}_{MLD}$,0.2374445850902237,3
118.4874473495718,$\hat{m}_{MLD}$,0.2428373026548651,3
127.51902830191335,$\hat{m}_{MLD}$,0.23669762730879365,3
137.239032005553,$\hat{m}_{MLD}$,0.24187176892595347,3
147.6999327600634,$\hat{m}_{MLD}$,0.23600210795323096,3
158.95820466326612,$\hat{m}_{MLD}$,0.24226162842494461,3
171.07462649164432,$\hat{m}_{MLD}$,0.23324316606085807,3
184.11460981994108,$\hat{m}_{MLD}$,0.24055402916817045,3
198.14855215133173,$\hat{m}_{MLD}$,0.23472186875098408,3
213.25221696456873,$\hat{m}_{MLD}$,0.24088252956916012,3
229.50714272982336,$\hat{m}_{MLD}$,0.2350797382897626,3
247.00108310132606,$\hat{m}_{MLD}$,0.24090119244992914,3
265.8284806632307,$\hat{m}_{MLD}$,0.2350613944423467,3
286.0909767862566,$\hat{m}_{MLD}$,0.23932960042371226,3
307.8979603476156,$\hat{m}_{MLD}$,0.2341156137730889,3
331.36715827654194,$\hat{m}_{MLD}$,0.2387383235493183,3
356.62527111352796,$\hat{m}_{MLD}$,0.23230291160811023,3
383.8086570143992,$\hat{m}_{MLD}$,0.23615169498678745,3
413.0640678918749,$\hat{m}_{MLD}$,0.23430073381241667,3
444.5494416687491,$\hat{m}_{MLD}$,0.23458258542759497,3
478.43475491973123,$\hat{m}_{MLD}$,0.23249542399825918,3
514.9029405050194,$\hat{m}_{MLD}$,0.22782080402206817,3
554.1508751495202,$\hat{m}_{MLD}$,0.23272947662126395,3
596.390442299262,$\hat{m}_{MLD}$,0.22798451039440149,3
641.8496759929147,$\hat{m}_{MLD}$,0.22493463033360206,3
690.7739919237116,$\hat{m}_{MLD}$,0.2321375661384532,3
743.4275123377766,$\hat{m}_{MLD}$,0.22738884544919485,3
800.0944919214219,$\hat{m}_{MLD}$,0.221638145170905,3
861.0808523752157,$\hat{m}_{MLD}$,0.22923336437803704,3
926.7158339593304,$\hat{m}_{MLD}$,0.2250739684420771,3
997.35377292621,$\hat{m}_{MLD}$,0.22110931225788,3
1073.3760144361563,$\hat{m}_{MLD}$,0.22949719128979937,3
1155.1929712829099,$\hat{m}_{MLD}$,0.22502809908750204,3
1243.246339543401,$\hat{m}_{MLD}$,0.2328950967887311,3
1338.011483113092,$\hat{m}_{MLD}$,0.22790590730098184,3
1.0,$\hat{m}_{emp}$,0.0037422090528251763,4
1.0762239473831834,$\hat{m}_{emp}$,0.004046805278648058,4
1.1582579849210413,$\hat{m}_{emp}$,9.189115676263779e-05,4
1.2465449806198148,$\hat{m}_{emp}$,0.00010928999074450391,4
1.3415615596333508,$\hat{m}_{emp}$,0.0008917322772176683,4
1.4438206773661448,$\hat{m}_{emp}$,0.0014920223980279357,4
1.5538743887084543,$\hat{m}_{emp}$,0.003131618386408283,4
1.6723168283534438,$\hat{m}_{emp}$,0.005702531516669721,4
1.7997874182858689,$\hat{m}_{emp}$,0.006866958881038158,4
1.9369743197582066,$\hat{m}_{emp}$,0.009048888615368384,4
2.0846181483900335,$\hat{m}_{emp}$,0.009835536594282074,4
2.2435159724469447,$\hat{m}_{emp}$,0.011507165411707553,4
2.4145256158840724,$\hat{m}_{emp}$,0.012060429097372096,4
2.5985702893845684,$\hat{m}_{emp}$,0.007316825421790575,4
2.796643574394121,$\hat{m}_{emp}$,0.007590207931508497,4
3.009814787058257,$\hat{m}_{emp}$,0.008537832527784025,4
3.239234751020113,$\hat{m}_{emp}$,0.0004271487884088905,4
3.486142010243649,$\hat{m}_{emp}$,0.0005129113212962002,4
3.751869515402767,$\hat{m}_{emp}$,0.0006694875923524092,4
4.037851819933397,$\hat{m}_{emp}$,0.0008055290501821403,4
4.345632824597091,$\hat{m}_{emp}$,0.0009463731668918304,4
4.676874112365815,$\hat{m}_{emp}$,0.0010777902387159731,4
5.03336391862456,$\hat{m}_{emp}$,0.0011765412394197986,4
5.417026785118212,$\hat{m}_{emp}$,0.001263756516244537,4
5.829933949760359,$\hat{m}_{emp}$,0.0003278844152667073,4
6.274314528394325,$\hat{m}_{emp}$,0.0005787896984933147,4
6.752567548872198,$\hat{m}_{emp}$,0.001533950233938444,4
7.267274902418825,$\hat{m}_{emp}$,0.01856707674282367,4
7.821215282199927,$\hat{m}_{emp}$,0.036302592000278695,4
8.417379184342884,$\hat{m}_{emp}$,0.04704053216100379,4
9.058985052394538,$\hat{m}_{emp}$,0.07396285079977367,4
9.749496652373306,$\hat{m}_{emp}$,0.08491841863369497,4
10.492641772216333,$\hat{m}_{emp}$,0.11274071837968158,4
11.292432346572342,$\hat{m}_{emp}$,0.12131554709716968,4
12.153186115585632,$\hat{m}_{emp}$,0.1414266922857308,4
13.079549934598068,$\hat{m}_{emp}$,0.14564599020192778,4
14.076524860608592,$\hat{m}_{emp}$,0.0050135872236243785,4
15.149493150921694,$\hat{m}_{emp}$,0.005854526825355921,4
16.304247319739442,$\hat{m}_{emp}$,0.006030787934872921,4
17.54702140956167,$\hat{m}_{emp}$,0.0033084279265672635,4
18.88452464621569,$\hat{m}_{emp}$,0.003050887119881851,4
20.32397765920527,$\hat{m}_{emp}$,0.0033677079602083843,4
21.87315146291753,$\hat{m}_{emp}$,5.888310525943896e-05,4
23.540409409131357,$\hat{m}_{emp}$,5.888310525943896e-05,4
25.33475233731158,$\hat{m}_{emp}$,5.888310525943896e-05,4
27.265867166436806,$\hat{m}_{emp}$,5.888310525943896e-05,4
29.344179190688156,$\hat{m}_{emp}$,5.888310525943896e-05,4
31.580908361321878,$\hat{m}_{emp}$,5.888310525943896e-05,4
33.98812985856841,$\hat{m}_{emp}$,5.888310525943896e-05,4
36.57883928056072,$\hat{m}_{emp}$,5.888310525943896e-05,4
39.36702280122011,$\hat{m}_{emp}$,5.888310525943896e-05,4
42.36773267585289,$\hat{m}_{emp}$,5.888310525943896e-05,4
45.597168502081885,$\hat{m}_{emp}$,5.888310525943896e-05,4
49.07276467480673,$\hat{m}_{emp}$,5.888310525943896e-05,4
52.81328450732654,$\hat{m}_{emp}$,0.00233127310163069,4
56.8389215267461,$\hat{m}_{emp}$,0.004113756351204027,4
61.17140849051769,$\hat{m}_{emp}$,0.008091677421119456,4
65.83413471265413,$\hat{m}_{emp}$,0.012089418772546368,4
70.8522723330089,$\hat{m}_{emp}$,0.013681087050532583,4
76.25291221129912,$\hat{m}_{emp}$,0.018126630986425057,4
82.06521017950769,$\hat{m}_{emp}$,0.01970104766073242,4
88.32054444222037,$\hat{m}_{emp}$,0.02390090569082726,4
95.0526849746383,$\hat{m}_{emp}$,0.025069251996916887,4
102.29797583277549,$\hat{m}_{emp}$,0.02444554785044124,4
110.0955313600591,$\hat{m}_{emp}$,0.018947582202231646,4
118.4874473495718,$\hat{m}_{emp}$,5.888310525943896e-05,4
127.51902830191335,$\hat{m}_{emp}$,5.888310525943896e-05,4
137.239032005553,$\hat{m}_{emp}$,5.888310525943896e-05,4
147.6999327600634,$\hat{m}_{emp}$,5.888310525943896e-05,4
158.95820466326612,$\hat{m}_{emp}$,5.888310525943896e-05,4
171.07462649164432,$\hat{m}_{emp}$,5.888310525943896e-05,4
184.11460981994108,$\hat{m}_{emp}$,5.888310525943896e-05,4
198.14855215133173,$\hat{m}_{emp}$,5.888310525943896e-05,4
213.25221696456873,$\hat{m}_{emp}$,5.888310525943896e-05,4
229.50714272982336,$\hat{m}_{emp}$,5.888310525943896e-05,4
247.00108310132606,$\hat{m}_{emp}$,5.888310525943896e-05,4
265.8284806632307,$\hat{m}_{emp}$,5.888310525943896e-05,4
286.0909767862566,$\hat{m}_{emp}$,5.888310525943896e-05,4
307.8979603476156,$\hat{m}_{emp}$,5.888310525943896e-05,4
331.36715827654194,$\hat{m}_{emp}$,5.888310525943896e-05,4
356.62527111352796,$\hat{m}_{emp}$,5.888310525943896e-05,4
383.8086570143992,$\hat{m}_{emp}$,5.888310525943896e-05,4
413.0640678918749,$\hat{m}_{emp}$,5.888310525943896e-05,4
444.5494416687491,$\hat{m}_{emp}$,5.888310525943896e-05,4
478.43475491973123,$\hat{m}_{emp}$,5.888310525943896e-05,4
514.9029405050194,$\hat{m}_{emp}$,5.888310525943896e-05,4
554.1508751495202,$\hat{m}_{emp}$,5.888310525943896e-05,4
596.390442299262,$\hat{m}_{emp}$,5.888310525943896e-05,4
641.8496759929147,$\hat{m}_{emp}$,5.888310525943896e-05,4
690.7739919237116,$\hat{m}_{emp}$,5.888310525943896e-05,4
743.4275123377766,$\hat{m}_{emp}$,5.888310525943896e-05,4
800.0944919214219,$\hat{m}_{emp}$,5.888310525943896e-05,4
861.0808523752157,$\hat{m}_{emp}$,5.888310525943896e-05,4
926.7158339593304,$\hat{m}_{emp}$,5.888310525943896e-05,4
997.35377292621,$\hat{m}_{emp}$,5.888310525943896e-05,4
1073.3760144361563,$\hat{m}_{emp}$,5.888310525943896e-05,4
1155.1929712829099,$\hat{m}_{emp}$,5.888310525943896e-05,4
1243.246339543401,$\hat{m}_{emp}$,5.888310525943896e-05,4
1338.011483113092,$\hat{m}_{emp}$,5.888310525943896e-05,4
1.0,$\hat{m}_{GT}$,4.257348182963795e-06,4
1.0762239473831834,$\hat{m}_{GT}$,3.955821386752745e-06,4
1.1582579849210413,$\hat{m}_{GT}$,3.6756462705055117e-06,4
1.2465449806198148,$\hat{m}_{GT}$,3.415312210765747e-06,4
1.3415615596333508,$\hat{m}_{GT}$,3.173424474084229e-06,4
1.4438206773661448,$\hat{m}_{GT}$,2.9486608656678567e-06,4
1.5538743887084543,$\hat{m}_{GT}$,2.739823610155978e-06,4
1.6723168283534438,$\hat{m}_{GT}$,2.5457729985132684e-06,4
1.7997874182858689,$\hat{m}_{GT}$,2.36546981778786e-06,4
1.9369743197582066,$\hat{m}_{GT}$,2.1979326245733265e-06,4
2.0846181483900335,$\hat{m}_{GT}$,2.042262581869201e-06,4
2.2435159724469447,$\hat{m}_{GT}$,1.8976196259412194e-06,4
2.4145256158840724,$\hat{m}_{GT}$,1.7632206282707742e-06,4
2.5985702893845684,$\hat{m}_{GT}$,1.6383397720086373e-06,4
2.796643574394121,$\hat{m}_{GT}$,1.522304037606999e-06,4
3.009814787058257,$\hat{m}_{GT}$,1.4144851769025885e-06,4
3.239234751020113,$\hat{m}_{GT}$,1.3143039643350475e-06,4
3.486142010243649,$\hat{m}_{GT}$,1.2212174316576195e-06,4
3.751869515402767,$\hat{m}_{GT}$,1.1347247328006935e-06,4
4.037851819933397,$\hat{m}_{GT}$,1.0543573955263615e-06,4
4.345632824597091,$\hat{m}_{GT}$,9.79682367382847e-07,4
4.676874112365815,$\hat{m}_{GT}$,9.102958097263287e-07,4
5.03336391862456,$\hat{m}_{GT}$,8.458240398416956e-07,4
5.417026785118212,$\hat{m}_{GT}$,7.859182314953588e-07,4
5.829933949760359,$\hat{m}_{GT}$,7.302548224202836e-07,4
6.274314528394325,$\hat{m}_{GT}$,6.785342303555858e-07,4
6.752567548872198,$\hat{m}_{GT}$,6.304768737930308e-07,4
7.267274902418825,$\hat{m}_{GT}$,5.858230814294083e-07,4
7.821215282199927,$\hat{m}_{GT}$,5.443320338313246e-07,4
8.417379184342884,$\hat{m}_{GT}$,5.057795428359868e-07,4
9.058985052394538,$\hat{m}_{GT}$,4.6995749704396734e-07,4
9.749496652373306,$\hat{m}_{GT}$,4.36672641803982e-07,4
10.492641772216333,$\hat{m}_{GT}$,4.057450249573765e-07,4
11.292432346572342,$\hat{m}_{GT}$,3.770080864464462e-07,4
12.153186115585632,$\hat{m}_{GT}$,3.5030625524364674e-07,4
13.079549934598068,$\hat{m}_{GT}$,3.254957218469799e-07,4
14.076524860608592,$\hat{m}_{GT}$,3.0244237338628094e-07,4
15.149493150921694,$\hat{m}_{GT}$,2.8102178396562764e-07,4
16.304247319739442,$\hat{m}_{GT}$,2.611182860613492e-07,4
17.54702140956167,$\hat{m}_{GT}$,2.4262451793541095e-07,4
18.88452464621569,$\hat{m}_{GT}$,2.2544056158145652e-07,4
20.32397765920527,$\hat{m}_{GT}$,2.094736555457103e-07,4
21.87315146291753,$\hat{m}_{GT}$,1.9463757898879548e-07,4
23.540409409131357,$\hat{m}_{GT}$,1.808522990125103e-07,4
25.33475233731158,$\hat{m}_{GT}$,1.6804339014768324e-07,4
27.265867166436806,$\hat{m}_{GT}$,1.5614165233156181e-07,4
29.344179190688156,$\hat{m}_{GT}$,1.4508285899701608e-07,4
31.580908361321878,$\hat{m}_{GT}$,1.3480731653229748e-07,4
33.98812985856841,$\hat{m}_{GT}$,1.2525953776224337e-07,4
36.57883928056072,$\hat{m}_{GT}$,1.1638798726994751e-07,4
39.36702280122011,$\hat{m}_{GT}$,1.0814476041339416e-07,4
42.36773267585289,$\hat{m}_{GT}$,1.0048537450446893e-07,4
45.597168502081885,$\hat{m}_{GT}$,9.336845854743888e-08,4
49.07276467480673,$\hat{m}_{GT}$,8.675560330583962e-08,4
52.81328450732654,$\hat{m}_{GT}$,8.061110309926314e-08,4
56.8389215267461,$\hat{m}_{GT}$,7.490179438483718e-08,4
61.17140849051769,$\hat{m}_{GT}$,6.959684704011917e-08,4
65.83413471265413,$\hat{m}_{GT}$,6.466762650669103e-08,4
70.8522723330089,$\hat{m}_{GT}$,6.008751987620048e-08,4
76.25291221129912,$\hat{m}_{GT}$,5.5831798889393854e-08,4
82.06521017950769,$\hat{m}_{GT}$,5.1877490476200605e-08,4
88.32054444222037,$\hat{m}_{GT}$,4.820324803125884e-08,4
95.0526849746383,$\hat{m}_{GT}$,4.4789235964161984e-08,4
102.29797583277549,$\hat{m}_{GT}$,4.161702276064107e-08,4
110.0955313600591,$\hat{m}_{GT}$,3.8669482114320445e-08,4
118.4874473495718,$\hat{m}_{GT}$,3.5930702753164945e-08,4
127.51902830191335,$\hat{m}_{GT}$,3.3385897202752585e-08,4
137.239032005553,$\hat{m}_{GT}$,3.102132918019778e-08,4
147.6999327600634,$\hat{m}_{GT}$,2.8824231909162623e-08,4
158.95820466326612,$\hat{m}_{GT}$,2.6782745944415998e-08,4
171.07462649164432,$\hat{m}_{GT}$,2.4885847993109407e-08,4
184.11460981994108,$\hat{m}_{GT}$,2.3123298631042914e-08,4
198.14855215133173,$\hat{m}_{GT}$,2.1485582808680467e-08,4
213.25221696456873,$\hat{m}_{GT}$,1.9963858628171076e-08,4
229.50714272982336,$\hat{m}_{GT}$,1.8549911151490558e-08,4
247.00108310132606,$\hat{m}_{GT}$,1.723610714177927e-08,4
265.8284806632307,$\hat{m}_{GT}$,1.6015353727434246e-08,4
286.0909767862566,$\hat{m}_{GT}$,1.4881060445796094e-08,4
307.8979603476156,$\hat{m}_{GT}$,1.38271040109608e-08,4
331.36715827654194,$\hat{m}_{GT}$,1.284779445317288e-08,4
356.62527111352796,$\hat{m}_{GT}$,1.1937844799279106e-08,4
383.8086570143992,$\hat{m}_{GT}$,1.1092342620900046e-08,4
413.0640678918749,$\hat{m}_{GT}$,1.0306723451903082e-08,4
444.5494416687491,$\hat{m}_{GT}$,9.57674612812154e-09,4
478.43475491973123,$\hat{m}_{GT}$,8.898469574464061e-09,4
514.9029405050194,$\hat{m}_{GT}$,8.268232303857934e-09,4
554.1508751495202,$\hat{m}_{GT}$,7.682631772173644e-09,4
596.390442299262,$\hat{m}_{GT}$,7.138506630980225e-09,4
641.8496759929147,$\hat{m}_{GT}$,6.632919345863086e-09,4
690.7739919237116,$\hat{m}_{GT}$,6.1631404351114285e-09,4
743.4275123377766,$\hat{m}_{GT}$,5.726633809341634e-09,4
800.0944919214219,$\hat{m}_{GT}$,5.321042887797233e-09,4
861.0808523752157,$\hat{m}_{GT}$,4.944178127662981e-09,4
926.7158339593304,$\hat{m}_{GT}$,4.594004929229469e-09,4
997.35377292621,$\hat{m}_{GT}$,4.268632887762334e-09,4
1073.3760144361563,$\hat{m}_{GT}$,3.966305426277466e-09,4
1155.1929712829099,$\hat{m}_{GT}$,3.685390425396951e-09,4
1243.246339543401,$\hat{m}_{GT}$,3.4243713177863633e-09,4
1338.011483113092,$\hat{m}_{GT}$,3.1818389895988833e-09,4
1.0,$\hat{m}_{MLG}$,0.35375583439341307,4
1.0762239473831834,$\hat{m}_{MLG}$,0.843540686967942,4
1.1582579849210413,$\hat{m}_{MLG}$,0.3328739217197614,4
1.2465449806198148,$\hat{m}_{MLG}$,0.31395596012622995,4
1.3415615596333508,$\hat{m}_{MLG}$,0.3776162632514273,4
1.4438206773661448,$\hat{m}_{MLG}$,0.36764508182533906,4
1.5538743887084543,$\hat{m}_{MLG}$,0.3909815990377739,4
1.6723168283534438,$\hat{m}_{MLG}$,0.3121252819647258,4
1.7997874182858689,$\hat{m}_{MLG}$,0.2917258731847976,4
1.9369743197582066,$\hat{m}_{MLG}$,0.2897010664259198,4
2.0846181483900335,$\hat{m}_{MLG}$,0.278362979746882,4
2.2435159724469447,$\hat{m}_{MLG}$,0.27988610419070314,4
2.4145256158840724,$\hat{m}_{MLG}$,0.26869648274159647,4
2.5985702893845684,$\hat{m}_{MLG}$,0.26307853476229326,4
2.796643574394121,$\hat{m}_{MLG}$,0.2520387609723869,4
3.009814787058257,$\hat{m}_{MLG}$,0.25115260752279794,4
3.239234751020113,$\hat{m}_{MLG}$,0.8313410838394499,4
3.486142010243649,$\hat{m}_{MLG}$,0.284052487141191,4
3.751869515402767,$\hat{m}_{MLG}$,0.25417765564054645,4
4.037851819933397,$\hat{m}_{MLG}$,0.6041768072487071,4
4.345632824597091,$\hat{m}_{MLG}$,0.24792420377883082,4
4.676874112365815,$\hat{m}_{MLG}$,0.2457447432000903,4
5.03336391862456,$\hat{m}_{MLG}$,0.23917281471970658,4
5.417026785118212,$\hat{m}_{MLG}$,0.2326410449875314,4
5.829933949760359,$\hat{m}_{MLG}$,0.23843063598476688,4
6.274314528394325,$\hat{m}_{MLG}$,0.23279373425546135,4
6.752567548872198,$\hat{m}_{MLG}$,0.2363568929374611,4
7.267274902418825,$\hat{m}_{MLG}$,0.23530335742179262,4
7.821215282199927,$\hat{m}_{MLG}$,0.23152824613932504,4
8.417379184342884,$\hat{m}_{MLG}$,0.22369304732376868,4
9.058985052394538,$\hat{m}_{MLG}$,0.22670123997392677,4
9.749496652373306,$\hat{m}_{MLG}$,0.22055550786949601,4
10.492641772216333,$\hat{m}_{MLG}$,0.22320279104334087,4
11.292432346572342,$\hat{m}_{MLG}$,0.21956210723241001,4
12.153186115585632,$\hat{m}_{MLG}$,0.22273222972313544,4
13.079549934598068,$\hat{m}_{MLG}$,0.21570948067906218,4
14.076524860608592,$\hat{m}_{MLG}$,0.27995722397702644,4
15.149493150921694,$\hat{m}_{MLG}$,0.2732199602935891,4
16.304247319739442,$\hat{m}_{MLG}$,0.2580382991634815,4
17.54702140956167,$\hat{m}_{MLG}$,0.2612626224138956,4
18.88452464621569,$\hat{m}_{MLG}$,0.2615115037726351,4
20.32397765920527,$\hat{m}_{MLG}$,0.26169905745904265,4
21.87315146291753,$\hat{m}_{MLG}$,0.26137200221341855,4
23.540409409131357,$\hat{m}_{MLG}$,0.24926327774301393,4
25.33475233731158,$\hat{m}_{MLG}$,0.25102414822183206,4
27.265867166436806,$\hat{m}_{MLG}$,0.2539794188477964,4
29.344179190688156,$\hat{m}_{MLG}$,0.24894485393913746,4
31.580908361321878,$\hat{m}_{MLG}$,0.252012074581339,4
33.98812985856841,$\hat{m}_{MLG}$,0.2534369646738041,4
36.57883928056072,$\hat{m}_{MLG}$,0.2435154086916454,4
39.36702280122011,$\hat{m}_{MLG}$,0.24812816037932858,4
42.36773267585289,$\hat{m}_{MLG}$,0.25316504959314984,4
45.597168502081885,$\hat{m}_{MLG}$,0.2459874578665027,4
49.07276467480673,$\hat{m}_{MLG}$,0.2512700747414271,4
52.81328450732654,$\hat{m}_{MLG}$,0.2543284024485945,4
56.8389215267461,$\hat{m}_{MLG}$,0.24578856771028584,4
61.17140849051769,$\hat{m}_{MLG}$,0.24905650186216804,4
65.83413471265413,$\hat{m}_{MLG}$,0.25345527710976834,4
70.8522723330089,$\hat{m}_{MLG}$,0.24692553956910399,4
76.25291221129912,$\hat{m}_{MLG}$,0.2537098373677205,4
82.06521017950769,$\hat{m}_{MLG}$,0.2469455563717153,4
88.32054444222037,$\hat{m}_{MLG}$,0.2675454973262141,4
95.0526849746383,$\hat{m}_{MLG}$,0.2469902602542604,4
102.29797583277549,$\hat{m}_{MLG}$,0.25322993139425476,4
110.0955313600591,$\hat{m}_{MLG}$,0.2468242586110943,4
118.4874473495718,$\hat{m}_{MLG}$,0.25132043824214645,4
127.51902830191335,$\hat{m}_{MLG}$,0.24521240771408534,4
137.239032005553,$\hat{m}_{MLG}$,0.2511001064889641,4
147.6999327600634,$\hat{m}_{MLG}$,0.24229093705283528,4
158.95820466326612,$\hat{m}_{MLG}$,0.24479163065926454,4
171.07462649164432,$\hat{m}_{MLG}$,0.23776120207393184,4
184.11460981994108,$\hat{m}_{MLG}$,0.24362512374130346,4
198.14855215133173,$\hat{m}_{MLG}$,0.23684227421129758,4
213.25221696456873,$\hat{m}_{MLG}$,0.2426954526215012,4
229.50714272982336,$\hat{m}_{MLG}$,0.23682394042056062,4
247.00108310132606,$\hat{m}_{MLG}$,0.2428837423019107,4
265.8284806632307,$\hat{m}_{MLG}$,0.23600592383209876,4
286.0909767862566,$\hat{m}_{MLG}$,0.24303517910055655,4
307.8979603476156,$\hat{m}_{MLG}$,0.2355567400423696,4
331.36715827654194,$\hat{m}_{MLG}$,0.2417942966078829,4
356.62527111352796,$\hat{m}_{MLG}$,0.23592076596821043,4
383.8086570143992,$\hat{m}_{MLG}$,0.24166998862102015,4
413.0640678918749,$\hat{m}_{MLG}$,0.23518948807816661,4
444.5494416687491,$\hat{m}_{MLG}$,0.24216853857645498,4
478.43475491973123,$\hat{m}_{MLG}$,0.24152595954839376,4
514.9029405050194,$\hat{m}_{MLG}$,0.23289960452925001,4
554.1508751495202,$\hat{m}_{MLG}$,0.23911284847264172,4
596.390442299262,$\hat{m}_{MLG}$,0.2218009113108938,4
641.8496759929147,$\hat{m}_{MLG}$,0.23030271192840604,4
690.7739919237116,$\hat{m}_{MLG}$,0.22569119410632069,4
743.4275123377766,$\hat{m}_{MLG}$,0.23160617832703895,4
800.0944919214219,$\hat{m}_{MLG}$,0.2274502760040749,4
861.0808523752157,$\hat{m}_{MLG}$,0.22653746845825223,4
926.7158339593304,$\hat{m}_{MLG}$,0.22110459359801524,4
997.35377292621,$\hat{m}_{MLG}$,0.22730184350782473,4
1073.3760144361563,$\hat{m}_{MLG}$,0.22224817353541326,4
1155.1929712829099,$\hat{m}_{MLG}$,0.21723295256525507,4
1243.246339543401,$\hat{m}_{MLG}$,0.2240465076472581,4
1338.011483113092,$\hat{m}_{MLG}$,0.21855435675497847,4
1.0,$\hat{m}_{MLD}$,0.245242881015633,4
1.0762239473831834,$\hat{m}_{MLD}$,0.24301544110177536,4
1.1582579849210413,$\hat{m}_{MLD}$,0.23859044328661586,4
1.2465449806198148,$\hat{m}_{MLD}$,0.2301426949135755,4
1.3415615596333508,$\hat{m}_{MLD}$,0.23687680836641628,4
1.4438206773661448,$\hat{m}_{MLD}$,0.23394499870258922,4
1.5538743887084543,$\hat{m}_{MLD}$,0.2378489625548307,4
1.6723168283534438,$\hat{m}_{MLD}$,0.231369328178143,4
1.7997874182858689,$\hat{m}_{MLD}$,0.22422785485004104,4
1.9369743197582066,$\hat{m}_{MLD}$,0.22759962088739333,4
2.0846181483900335,$\hat{m}_{MLD}$,0.2206434979179133,4
2.2435159724469447,$\hat{m}_{MLD}$,0.22495179995104142,4
2.4145256158840724,$\hat{m}_{MLD}$,0.21978223981034797,4
2.5985702893845684,$\hat{m}_{MLD}$,0.22321896206751923,4
2.796643574394121,$\hat{m}_{MLD}$,0.2168589811858444,4
3.009814787058257,$\hat{m}_{MLD}$,0.22001965523621195,4
3.239234751020113,$\hat{m}_{MLD}$,0.23476401286703583,4
3.486142010243649,$\hat{m}_{MLD}$,0.22552275515078982,4
3.751869515402767,$\hat{m}_{MLD}$,0.22191479683547966,4
4.037851819933397,$\hat{m}_{MLD}$,0.22667712944556617,4
4.345632824597091,$\hat{m}_{MLD}$,0.22370574089556683,4
4.676874112365815,$\hat{m}_{MLD}$,0.2235938537564267,4
5.03336391862456,$\hat{m}_{MLD}$,0.22042252065629178,4
5.417026785118212,$\hat{m}_{MLD}$,0.2185005673197909,4
5.829933949760359,$\hat{m}_{MLD}$,0.21952684326759822,4
6.274314528394325,$\hat{m}_{MLD}$,0.21629374173901536,4
6.752567548872198,$\hat{m}_{MLD}$,0.22132780474509506,4
7.267274902418825,$\hat{m}_{MLD}$,0.22216447042647922,4
7.821215282199927,$\hat{m}_{MLD}$,0.21929244483249272,4
8.417379184342884,$\hat{m}_{MLD}$,0.21264212244872155,4
9.058985052394538,$\hat{m}_{MLD}$,0.21628272634045975,4
9.749496652373306,$\hat{m}_{MLD}$,0.21114026019270363,4
10.492641772216333,$\hat{m}_{MLD}$,0.2150708886087896,4
11.292432346572342,$\hat{m}_{MLD}$,0.21095378904361717,4
12.153186115585632,$\hat{m}_{MLD}$,0.21566979861874241,4
13.079549934598068,$\hat{m}_{MLD}$,0.20962655833094906,4
14.076524860608592,$\hat{m}_{MLD}$,0.26144481192439545,4
15.149493150921694,$\hat{m}_{MLD}$,0.2640793208948408,4
16.304247319739442,$\hat{m}_{MLD}$,0.2540013034977839,4
17.54702140956167,$\hat{m}_{MLD}$,0.255642524105595,4
18.88452464621569,$\hat{m}_{MLD}$,0.25618744858365844,4
20.32397765920527,$\hat{m}_{MLD}$,0.25806713246338925,4
21.87315146291753,$\hat{m}_{MLD}$,0.258918583716153,4
23.540409409131357,$\hat{m}_{MLD}$,0.2468510632981238,4
25.33475233731158,$\hat{m}_{MLD}$,0.2490759805946854,4
27.265867166436806,$\hat{m}_{MLD}$,0.25233440366754883,4
29.344179190688156,$\hat{m}_{MLD}$,0.24650254117371742,4
31.580908361321878,$\hat{m}_{MLD}$,0.2503848522186925,4
33.98812985856841,$\hat{m}_{MLD}$,0.2523065449729339,4
36.57883928056072,$\hat{m}_{MLD}$,0.24184814729423534,4
39.36702280122011,$\hat{m}_{MLD}$,0.2472694018030976,4
42.36773267585289,$\hat{m}_{MLD}$,0.2524414392768389,4
45.597168502081885,$\hat{m}_{MLD}$,0.24533725344569293,4
49.07276467480673,$\hat{m}_{MLD}$,0.25065466077995197,4
52.81328450732654,$\hat{m}_{MLD}$,0.25355254484238476,4
56.8389215267461,$\hat{m}_{MLD}$,0.24502765573689697,4
61.17140849051769,$\hat{m}_{MLD}$,0.24863864649930992,4
65.83413471265413,$\hat{m}_{MLD}$,0.25309882821310153,4
70.8522723330089,$\hat{m}_{MLD}$,0.24659798783305836,4
76.25291221129912,$\hat{m}_{MLD}$,0.2534286052488033,4
82.06521017950769,$\hat{m}_{MLD}$,0.24653172275527785,4
88.32054444222037,$\hat{m}_{MLD}$,0.25348178779585345,4
95.0526849746383,$\hat{m}_{MLD}$,0.2466945447462159,4
102.29797583277549,$\hat{m}_{MLD}$,0.2530035368197661,4
110.0955313600591,$\hat{m}_{MLD}$,0.2464048958074006,4
118.4874473495718,$\hat{m}_{MLD}$,0.25102153589504156,4
127.51902830191335,$\hat{m}_{MLD}$,0.24493790328215753,4
137.239032005553,$\hat{m}_{MLD}$,0.25070055667976854,4
147.6999327600634,$\hat{m}_{MLD}$,0.24091312781719396,4
158.95820466326612,$\hat{m}_{MLD}$,0.24455409615123638,4
171.07462649164432,$\hat{m}_{MLD}$,0.23737343123317264,4
184.11460981994108,$\hat{m}_{MLD}$,0.24342283036193163,4
198.14855215133173,$\hat{m}_{MLD}$,0.23662588351900674,4
213.25221696456873,$\hat{m}_{MLD}$,0.24254657169078528,4
229.50714272982336,$\hat{m}_{MLD}$,0.23669680745314653,4
247.00108310132606,$\hat{m}_{MLD}$,0.24276636227947931,4
265.8284806632307,$\hat{m}_{MLD}$,0.23589210658418097,4
286.0909767862566,$\hat{m}_{MLD}$,0.242947890056776,4
307.8979603476156,$\hat{m}_{MLD}$,0.23544196299457684,4
331.36715827654194,$\hat{m}_{MLD}$,0.24172634622727276,4
356.62527111352796,$\hat{m}_{MLD}$,0.23586163667110857,4
383.8086570143992,$\hat{m}_{MLD}$,0.24161731359350394,4
413.0640678918749,$\hat{m}_{MLD}$,0.23514013118090468,4
444.5494416687491,$\hat{m}_{MLD}$,0.24212446282380895,4
478.43475491973123,$\hat{m}_{MLD}$,0.24148663123308542,4
514.9029405050194,$\hat{m}_{MLD}$,0.23286395652206268,4
554.1508751495202,$\hat{m}_{MLD}$,0.23906768430691624,4
596.390442299262,$\hat{m}_{MLD}$,0.22143943135482816,4
641.8496759929147,$\hat{m}_{MLD}$,0.23024407287207754,4
690.7739919237116,$\hat{m}_{MLD}$,0.22563338279570935,4
743.4275123377766,$\hat{m}_{MLD}$,0.2315660644639437,4
800.0944919214219,$\hat{m}_{MLD}$,0.22740980768073812,4
861.0808523752157,$\hat{m}_{MLD}$,0.22648871716169466,4
926.7158339593304,$\hat{m}_{MLD}$,0.22107344851708852,4
997.35377292621,$\hat{m}_{MLD}$,0.22727793758848078,4
1073.3760144361563,$\hat{m}_{MLD}$,0.22222674455760724,4
1155.1929712829099,$\hat{m}_{MLD}$,0.2172139882514139,4
1243.246339543401,$\hat{m}_{MLD}$,0.22403013666444715,4
1338.011483113092,$\hat{m}_{MLD}$,0.21851338225284883,4
1.0,$\hat{m}_{emp}$,0.003641913080205764,5
1.0762239473831834,$\hat{m}_{emp}$,0.001658663369085921,5
1.1582579849210413,$\hat{m}_{emp}$,0.002029695476875232,5
1.2465449806198148,$\hat{m}_{emp}$,0.0034266498743774814,5
1.3415615596333508,$\hat{m}_{emp}$,0.0040393480017107825,5
1.4438206773661448,$\hat{m}_{emp}$,0.0050531114858245185,5
1.5538743887084543,$\hat{m}_{emp}$,0.005413223034533337,5
1.6723168283534438,$\hat{m}_{emp}$,0.006731046445411809,5
1.7997874182858689,$\hat{m}_{emp}$,0.0072439543312072295,5
1.9369743197582066,$\hat{m}_{emp}$,0.00869955175400161,5
2.0846181483900335,$\hat{m}_{emp}$,0.003299112527261641,5
2.2435159724469447,$\hat{m}_{emp}$,0.003875328790211864,5
2.4145256158840724,$\hat{m}_{emp}$,0.00549039799196986,5
2.5985702893845684,$\hat{m}_{emp}$,0.0062193708253853374,5
2.796643574394121,$\hat{m}_{emp}$,0.008084164213681813,5
3.009814787058257,$\hat{m}_{emp}$,0.004969782820225983,5
3.239234751020113,$\hat{m}_{emp}$,0.006246448086087322,5
3.486142010243649,$\hat{m}_{emp}$,0.0033112090770790496,5
3.751869515402767,$\hat{m}_{emp}$,0.004213059528715075,5
4.037851819933397,$\hat{m}_{emp}$,0.005134358757767407,5
4.345632824597091,$\hat{m}_{emp}$,0.0036759177415982953,5
4.676874112365815,$\hat{m}_{emp}$,0.004056257678433591,5
5.03336391862456,$\hat{m}_{emp}$,0.001337069845868858,5
5.417026785118212,$\hat{m}_{emp}$,0.0017101913428275311,5
5.829933949760359,$\hat{m}_{emp}$,0.0019588236942485356,5
6.274314528394325,$\hat{m}_{emp}$,0.0023541769335114894,5
6.752567548872198,$\hat{m}_{emp}$,0.0112806356856835,5
7.267274902418825,$\hat{m}_{emp}$,0.02402830497480877,5
7.821215282199927,$\hat{m}_{emp}$,0.04232985373458253,5
8.417379184342884,$\hat{m}_{emp}$,0.050824928153404024,5
9.058985052394538,$\hat{m}_{emp}$,0.07251389811960278,5
9.749496652373306,$\hat{m}_{emp}$,0.08135139498243628,5
10.492641772216333,$\hat{m}_{emp}$,0.08845707931953346,5
11.292432346572342,$\hat{m}_{emp}$,0.10488343109746115,5
12.153186115585632,$\hat{m}_{emp}$,0.1090561377130168,5
13.079549934598068,$\hat{m}_{emp}$,0.018524374417371915,5
14.076524860608592,$\hat{m}_{emp}$,0.0008172108511560972,5
15.149493150921694,$\hat{m}_{emp}$,0.0008632235217625962,5
16.304247319739442,$\hat{m}_{emp}$,0.0009929532820735151,5
17.54702140956167,$\hat{m}_{emp}$,0.0011226846332540823,5
18.88452464621569,$\hat{m}_{emp}$,0.0011414947039709669,5
20.32397765920527,$\hat{m}_{emp}$,2.5080256821829855e-05,5
21.87315146291753,$\hat{m}_{emp}$,2.5080256821829855e-05,5
23.540409409131357,$\hat{m}_{emp}$,2.5080256821829855e-05,5
25.33475233731158,$\hat{m}_{emp}$,2.5080256821829855e-05,5
27.265867166436806,$\hat{m}_{emp}$,2.5080256821829855e-05,5
29.344179190688156,$\hat{m}_{emp}$,2.5080256821829855e-05,5
31.580908361321878,$\hat{m}_{emp}$,2.5080256821829855e-05,5
33.98812985856841,$\hat{m}_{emp}$,2.5080256821829855e-05,5
36.57883928056072,$\hat{m}_{emp}$,2.5080256821829855e-05,5
39.36702280122011,$\hat{m}_{emp}$,2.5080256821829855e-05,5
42.36773267585289,$\hat{m}_{emp}$,2.5080256821829855e-05,5
45.597168502081885,$\hat{m}_{emp}$,2.5080256821829855e-05,5
49.07276467480673,$\hat{m}_{emp}$,2.5080256821829855e-05,5
52.81328450732654,$\hat{m}_{emp}$,2.5080256821829855e-05,5
56.8389215267461,$\hat{m}_{emp}$,2.5080256821829855e-05,5
61.17140849051769,$\hat{m}_{emp}$,2.5080256821829855e-05,5
65.83413471265413,$\hat{m}_{emp}$,2.5080256821829855e-05,5
70.8522723330089,$\hat{m}_{emp}$,2.5080256821829855e-05,5
76.25291221129912,$\hat{m}_{emp}$,2.5080256821829855e-05,5
82.06521017950769,$\hat{m}_{emp}$,2.5080256821829855e-05,5
88.32054444222037,$\hat{m}_{emp}$,2.5080256821829855e-05,5
95.0526849746383,$\hat{m}_{emp}$,2.5080256821829855e-05,5
102.29797583277549,$\hat{m}_{emp}$,2.5080256821829855e-05,5
110.0955313600591,$\hat{m}_{emp}$,2.5080256821829855e-05,5
118.4874473495718,$\hat{m}_{emp}$,2.5080256821829855e-05,5
127.51902830191335,$\hat{m}_{emp}$,2.5080256821829855e-05,5
137.239032005553,$\hat{m}_{emp}$,2.5080256821829855e-05,5
147.6999327600634,$\hat{m}_{emp}$,2.5080256821829855e-05,5
158.95820466326612,$\hat{m}_{emp}$,2.5080256821829855e-05,5
171.07462649164432,$\hat{m}_{emp}$,2.5080256821829855e-05,5
184.11460981994108,$\hat{m}_{emp}$,2.5080256821829855e-05,5
198.14855215133173,$\hat{m}_{emp}$,2.5080256821829855e-05,5
213.25221696456873,$\hat{m}_{emp}$,2.5080256821829855e-05,5
229.50714272982336,$\hat{m}_{emp}$,2.5080256821829855e-05,5
247.00108310132606,$\hat{m}_{emp}$,2.5080256821829855e-05,5
265.8284806632307,$\hat{m}_{emp}$,2.5080256821829855e-05,5
286.0909767862566,$\hat{m}_{emp}$,2.5080256821829855e-05,5
307.8979603476156,$\hat{m}_{emp}$,2.5080256821829855e-05,5
331.36715827654194,$\hat{m}_{emp}$,2.5080256821829855e-05,5
356.62527111352796,$\hat{m}_{emp}$,2.5080256821829855e-05,5
383.8086570143992,$\hat{m}_{emp}$,2.5080256821829855e-05,5
413.0640678918749,$\hat{m}_{emp}$,2.5080256821829855e-05,5
444.5494416687491,$\hat{m}_{emp}$,2.5080256821829855e-05,5
478.43475491973123,$\hat{m}_{emp}$,2.5080256821829855e-05,5
514.9029405050194,$\hat{m}_{emp}$,2.5080256821829855e-05,5
554.1508751495202,$\hat{m}_{emp}$,2.5080256821829855e-05,5
596.390442299262,$\hat{m}_{emp}$,2.5080256821829855e-05,5
641.8496759929147,$\hat{m}_{emp}$,2.5080256821829855e-05,5
690.7739919237116,$\hat{m}_{emp}$,2.5080256821829855e-05,5
743.4275123377766,$\hat{m}_{emp}$,2.5080256821829855e-05,5
800.0944919214219,$\hat{m}_{emp}$,2.5080256821829855e-05,5
861.0808523752157,$\hat{m}_{emp}$,2.5080256821829855e-05,5
926.7158339593304,$\hat{m}_{emp}$,2.5080256821829855e-05,5
997.35377292621,$\hat{m}_{emp}$,2.5080256821829855e-05,5
1073.3760144361563,$\hat{m}_{emp}$,2.5080256821829855e-05,5
1155.1929712829099,$\hat{m}_{emp}$,2.5080256821829855e-05,5
1243.246339543401,$\hat{m}_{emp}$,2.5080256821829855e-05,5
1338.011483113092,$\hat{m}_{emp}$,2.5080256821829855e-05,5
1.0,$\hat{m}_{GT}$,3.984587615104775e-06,5
1.0762239473831834,$\hat{m}_{GT}$,3.702373591709645e-06,5
1.1582579849210413,$\hat{m}_{GT}$,3.440161825212258e-06,5
1.2465449806198148,$\hat{m}_{GT}$,3.1965017484864563e-06,5
1.3415615596333508,$\hat{m}_{GT}$,2.9701088247873404e-06,5
1.4438206773661448,$\hat{m}_{GT}$,2.759755044142282e-06,5
1.5538743887084543,$\hat{m}_{GT}$,2.5642932423180185e-06,5
1.6723168283534438,$\hat{m}_{GT}$,2.382671308110375e-06,5
1.7997874182858689,$\hat{m}_{GT}$,2.2139224728628452e-06,5
1.9369743197582066,$\hat{m}_{GT}$,2.0571179366284248e-06,5
2.0846181483900335,$\hat{m}_{GT}$,7.645683724824196e-06,5
2.2435159724469447,$\hat{m}_{GT}$,1.7760443584838974e-06,5
2.4145256158840724,$\hat{m}_{GT}$,1.6502548818665043e-06,5
2.5985702893845684,$\hat{m}_{GT}$,1.5333754500456946e-06,5
2.796643574394121,$\hat{m}_{GT}$,1.4247733897923536e-06,5
3.009814787058257,$\hat{m}_{GT}$,1.3238632978758614e-06,5
3.239234751020113,$\hat{m}_{GT}$,1.2301000563385827e-06,5
3.486142010243649,$\hat{m}_{GT}$,1.142978625156731e-06,5
3.751869515402767,$\hat{m}_{GT}$,1.062026601642318e-06,5
4.037851819933397,$\hat{m}_{GT}$,9.868073722405166e-07,5
4.345632824597091,$\hat{m}_{GT}$,9.169163735590659e-07,5
4.676874112365815,$\hat{m}_{GT}$,8.519759879087568e-07,5
5.03336391862456,$\hat{m}_{GT}$,7.916340117636814e-07,5
5.417026785118212,$\hat{m}_{GT}$,7.355661689580779e-07,5
5.829933949760359,$\hat{m}_{GT}$,6.834695374209824e-07,5
6.274314528394325,$\hat{m}_{GT}$,6.350625663640382e-07,5
6.752567548872198,$\hat{m}_{GT}$,5.900839925555003e-07,5
7.267274902418825,$\hat{m}_{GT}$,5.482910043539789e-07,5
7.821215282199927,$\hat{m}_{GT}$,5.09458089430273e-07,5
8.417379184342884,$\hat{m}_{GT}$,4.733756941462835e-07,5
9.058985052394538,$\hat{m}_{GT}$,4.3984870963783295e-07,5
9.749496652373306,$\hat{m}_{GT}$,4.0869623856416837e-07,5
10.492641772216333,$\hat{m}_{GT}$,3.797500561080708e-07,5
11.292432346572342,$\hat{m}_{GT}$,3.528541667842847e-07,5
12.153186115585632,$\hat{m}_{GT}$,3.2786315516484466e-07,5
13.079549934598068,$\hat{m}_{GT}$,3.0464213688180495e-07,5
14.076524860608592,$\hat{m}_{GT}$,2.83065760705264e-07,5
15.149493150921694,$\hat{m}_{GT}$,2.630175264358916e-07,5
16.304247319739442,$\hat{m}_{GT}$,2.443891907638482e-07,5
17.54702140956167,$\hat{m}_{GT}$,2.2708022517275127e-07,5
18.88452464621569,$\hat{m}_{GT}$,2.1099717263788665e-07,5
20.32397765920527,$\hat{m}_{GT}$,1.9605325198430398e-07,5
21.87315146291753,$\hat{m}_{GT}$,1.8216771197535926e-07,5
23.540409409131357,$\hat{m}_{GT}$,1.6926559888284703e-07,5
25.33475233731158,$\hat{m}_{GT}$,1.572773157669251e-07,5
27.265867166436806,$\hat{m}_{GT}$,1.4613808909542423e-07,5
29.344179190688156,$\hat{m}_{GT}$,1.3578779734811863e-07,5
31.580908361321878,$\hat{m}_{GT}$,1.2617057909015367e-07,5
33.98812985856841,$\hat{m}_{GT}$,1.1723450370883076e-07,5
36.57883928056072,$\hat{m}_{GT}$,1.0893132272255105e-07,5
39.36702280122011,$\hat{m}_{GT}$,1.0121622427248055e-07,5
42.36773267585289,$\hat{m}_{GT}$,9.404755175883499e-08,5
45.597168502081885,$\hat{m}_{GT}$,8.738660059307538e-08,5
49.07276467480673,$\hat{m}_{GT}$,8.119740843855435e-08,5
52.81328450732654,$\hat{m}_{GT}$,7.544657582697746e-08,5
56.8389215267461,$\hat{m}_{GT}$,7.010304306093441e-08,5
61.17140849051769,$\hat{m}_{GT}$,6.513796971071381e-08,5
65.83413471265413,$\hat{m}_{GT}$,6.052455054317456e-08,5
70.8522723330089,$\hat{m}_{GT}$,5.623787722259121e-08,5
76.25291221129912,$\hat{m}_{GT}$,5.225480803020537e-08,5
82.06521017950769,$\hat{m}_{GT}$,4.8553843201772485e-08,5
88.32054444222037,$\hat{m}_{GT}$,4.5114999713294174e-08,5
95.0526849746383,$\hat{m}_{GT}$,4.191971326916124e-08,5
102.29797583277549,$\hat{m}_{GT}$,3.8950734215497355e-08,5
110.0955313600591,$\hat{m}_{GT}$,3.619203479183735e-08,5
118.4874473495718,$\hat{m}_{GT}$,3.362872129544829e-08,5
127.51902830191335,$\hat{m}_{GT}$,3.1246955374785666e-08,5
137.239032005553,$\hat{m}_{GT}$,2.903387768660269e-08,5
147.6999327600634,$\hat{m}_{GT}$,2.6977542922080114e-08,5
158.95820466326612,$\hat{m}_{GT}$,2.5066848899315917e-08,5
171.07462649164432,$\hat{m}_{GT}$,2.329148025136352e-08,5
184.11460981994108,$\hat{m}_{GT}$,2.164185312782345e-08,5
198.14855215133173,$\hat{m}_{GT}$,2.0109061090643885e-08,5
213.25221696456873,$\hat{m}_{GT}$,1.8684829417036685e-08,5
229.50714272982336,$\hat{m}_{GT}$,1.736146979425443e-08,5
247.00108310132606,$\hat{m}_{GT}$,1.6131837376431536e-08,5
265.8284806632307,$\hat{m}_{GT}$,1.49892941964061e-08,5
286.0909767862566,$\hat{m}_{GT}$,1.392767203920116e-08,5
307.8979603476156,$\hat{m}_{GT}$,1.2941239654287723e-08,5
331.36715827654194,$\hat{m}_{GT}$,1.2024671644095115e-08,5
356.62527111352796,$\hat{m}_{GT}$,1.1173019945617113e-08,5
383.8086570143992,$\hat{m}_{GT}$,1.0381686870467486e-08,5
413.0640678918749,$\hat{m}_{GT}$,9.646400110586331e-09,5
444.5494416687491,$\hat{m}_{GT}$,8.963190390972303e-09,5
478.43475491973123,$\hat{m}_{GT}$,8.328369208866389e-09,5
514.9029405050194,$\hat{m}_{GT}$,7.738509451026115e-09,5
554.1508751495202,$\hat{m}_{GT}$,7.190426746362672e-09,5
596.390442299262,$\hat{m}_{GT}$,6.681162205269382e-09,5
641.8496759929147,$\hat{m}_{GT}$,6.207966479762179e-09,5
690.7739919237116,$\hat{m}_{GT}$,5.768285036713289e-09,5
743.4275123377766,$\hat{m}_{GT}$,5.359744180267835e-09,5
800.0944919214219,$\hat{m}_{GT}$,4.980138361590456e-09,5
861.0808523752157,$\hat{m}_{GT}$,4.6274182806955095e-09,5
926.7158339593304,$\hat{m}_{GT}$,4.299679712988468e-09,5
997.35377292621,$\hat{m}_{GT}$,3.995153351624237e-09,5
1073.3760144361563,$\hat{m}_{GT}$,3.7121951852034037e-09,5
1155.1929712829099,$\hat{m}_{GT}$,3.4492776274444618e-09,5
1243.246339543401,$\hat{m}_{GT}$,3.2049812998795847e-09,5
1338.011483113092,$\hat{m}_{GT}$,2.9779873547628865e-09,5
1.0,$\hat{m}_{MLG}$,0.28534566284013435,5
1.0762239473831834,$\hat{m}_{MLG}$,0.3005036345942384,5
1.1582579849210413,$\hat{m}_{MLG}$,0.2886400747719173,5
1.2465449806198148,$\hat{m}_{MLG}$,0.27893227447401564,5
1.3415615596333508,$\hat{m}_{MLG}$,0.26697177205899825,5
1.4438206773661448,$\hat{m}_{MLG}$,0.47272758094223555,5
1.5538743887084543,$\hat{m}_{MLG}$,0.25790969656718066,5
1.6723168283534438,$\hat{m}_{MLG}$,0.2700510294712614,5
1.7997874182858689,$\hat{m}_{MLG}$,0.2579873254466035,5
1.9369743197582066,$\hat{m}_{MLG}$,0.2592939135496187,5
2.0846181483900335,$\hat{m}_{MLG}$,1.007597271616737,5
2.2435159724469447,$\hat{m}_{MLG}$,0.4818838781953258,5
2.4145256158840724,$\hat{m}_{MLG}$,0.26524931866916845,5
2.5985702893845684,$\hat{m}_{MLG}$,0.2581333465811861,5
2.796643574394121,$\hat{m}_{MLG}$,0.25302514639261625,5
3.009814787058257,$\hat{m}_{MLG}$,0.26092180163894274,5
3.239234751020113,$\hat{m}_{MLG}$,0.24991427862258314,5
3.486142010243649,$\hat{m}_{MLG}$,0.25020133325256283,5
3.751869515402767,$\hat{m}_{MLG}$,0.246000733630984,5
4.037851819933397,$\hat{m}_{MLG}$,0.4700906069970564,5
4.345632824597091,$\hat{m}_{MLG}$,0.2780195459971099,5
4.676874112365815,$\hat{m}_{MLG}$,0.25221228764754094,5
5.03336391862456,$\hat{m}_{MLG}$,0.24929194589419018,5
5.417026785118212,$\hat{m}_{MLG}$,0.24932880720590042,5
5.829933949760359,$\hat{m}_{MLG}$,0.24581407732022528,5
6.274314528394325,$\hat{m}_{MLG}$,0.2486349134206502,5
6.752567548872198,$\hat{m}_{MLG}$,0.24888190770319246,5
7.267274902418825,$\hat{m}_{MLG}$,0.2928575206741348,5
7.821215282199927,$\hat{m}_{MLG}$,0.24877080022467102,5
8.417379184342884,$\hat{m}_{MLG}$,0.24588663221028104,5
9.058985052394538,$\hat{m}_{MLG}$,0.2458832270652986,5
9.749496652373306,$\hat{m}_{MLG}$,0.2409156186958094,5
10.492641772216333,$\hat{m}_{MLG}$,0.2688225802618832,5
11.292432346572342,$\hat{m}_{MLG}$,0.24173447021981403,5
12.153186115585632,$\hat{m}_{MLG}$,0.23131157840306382,5
13.079549934598068,$\hat{m}_{MLG}$,0.8876084368677913,5
14.076524860608592,$\hat{m}_{MLG}$,0.27738837847873665,5
15.149493150921694,$\hat{m}_{MLG}$,0.2643885408095364,5
16.304247319739442,$\hat{m}_{MLG}$,0.2660038246527107,5
17.54702140956167,$\hat{m}_{MLG}$,0.26732482645598166,5
18.88452464621569,$\hat{m}_{MLG}$,0.2618736568061358,5
20.32397765920527,$\hat{m}_{MLG}$,0.2627306238708558,5
21.87315146291753,$\hat{m}_{MLG}$,0.2624642853445894,5
23.540409409131357,$\hat{m}_{MLG}$,0.2628775934050737,5
25.33475233731158,$\hat{m}_{MLG}$,0.2546625181487013,5
27.265867166436806,$\hat{m}_{MLG}$,0.2571399304691047,5
29.344179190688156,$\hat{m}_{MLG}$,0.2645179474222859,5
31.580908361321878,$\hat{m}_{MLG}$,0.26184189642467903,5
33.98812985856841,$\hat{m}_{MLG}$,0.2540816364192269,5
36.57883928056072,$\hat{m}_{MLG}$,0.25855919166999997,5
39.36702280122011,$\hat{m}_{MLG}$,0.2506426240970121,5
42.36773267585289,$\hat{m}_{MLG}$,0.25556625626735235,5
45.597168502081885,$\hat{m}_{MLG}$,0.2639954598742577,5
49.07276467480673,$\hat{m}_{MLG}$,0.25184765862936825,5
52.81328450732654,$\hat{m}_{MLG}$,0.254076925545773,5
56.8389215267461,$\hat{m}_{MLG}$,0.25783271694543375,5
61.17140849051769,$\hat{m}_{MLG}$,0.2505461403675045,5
65.83413471265413,$\hat{m}_{MLG}$,0.2558889314009297,5
70.8522723330089,$\hat{m}_{MLG}$,0.25070999314600867,5
76.25291221129912,$\hat{m}_{MLG}$,0.2565735137535961,5
82.06521017950769,$\hat{m}_{MLG}$,0.25024766843104856,5
88.32054444222037,$\hat{m}_{MLG}$,0.25463588235668305,5
95.0526849746383,$\hat{m}_{MLG}$,0.24971789557799423,5
102.29797583277549,$\hat{m}_{MLG}$,0.25461751455688264,5
110.0955313600591,$\hat{m}_{MLG}$,0.24830138908319385,5
118.4874473495718,$\hat{m}_{MLG}$,0.25387811259945103,5
127.51902830191335,$\hat{m}_{MLG}$,0.24770199377782504,5
137.239032005553,$\hat{m}_{MLG}$,0.2537367886064851,5
147.6999327600634,$\hat{m}_{MLG}$,0.2474594124107704,5
158.95820466326612,$\hat{m}_{MLG}$,0.2534227082940714,5
171.07462649164432,$\hat{m}_{MLG}$,0.2596622771583667,5
184.11460981994108,$\hat{m}_{MLG}$,0.2533364176066517,5
198.14855215133173,$\hat{m}_{MLG}$,0.25919282097958635,5
213.25221696456873,$\hat{m}_{MLG}$,0.2529514577481634,5
229.50714272982336,$\hat{m}_{MLG}$,0.25982359190149934,5
247.00108310132606,$\hat{m}_{MLG}$,0.25344828683100523,5
265.8284806632307,$\hat{m}_{MLG}$,0.2600849379440672,5
286.0909767862566,$\hat{m}_{MLG}$,0.25373722298007945,5
307.8979603476156,$\hat{m}_{MLG}$,0.25966844529936,5
331.36715827654194,$\hat{m}_{MLG}$,0.2533768205981639,5
356.62527111352796,$\hat{m}_{MLG}$,0.2595815639161042,5
383.8086570143992,$\hat{m}_{MLG}$,0.25325538705019524,5
413.0640678918749,$\hat{m}_{MLG}$,0.2533473831703309,5
444.5494416687491,$\hat{m}_{MLG}$,0.25895443313866445,5
478.43475491973123,$\hat{m}_{MLG}$,0.24982382036635395,5
514.9029405050194,$\hat{m}_{MLG}$,0.2588033579991099,5
554.1508751495202,$\hat{m}_{MLG}$,0.2543491730428327,5
596.390442299262,$\hat{m}_{MLG}$,0.26307827165119807,5
641.8496759929147,$\hat{m}_{MLG}$,0.2597481907379263,5
690.7739919237116,$\hat{m}_{MLG}$,0.2514588271243475,5
743.4275123377766,$\hat{m}_{MLG}$,0.25944248081502347,5
800.0944919214219,$\hat{m}_{MLG}$,0.2541055137213918,5
861.0808523752157,$\hat{m}_{MLG}$,0.24958461841116836,5
926.7158339593304,$\hat{m}_{MLG}$,0.25872640406606007,5
997.35377292621,$\hat{m}_{MLG}$,0.25410291740837054,5
1073.3760144361563,$\hat{m}_{MLG}$,0.2495005776229498,5
1155.1929712829099,$\hat{m}_{MLG}$,0.2588143411611826,5
1243.246339543401,$\hat{m}_{MLG}$,0.25321009635117653,5
1338.011483113092,$\hat{m}_{MLG}$,0.2630257746101664,5
1.0,$\hat{m}_{MLD}$,0.23365636372112666,5
1.0762239473831834,$\hat{m}_{MLD}$,0.24096671754962107,5
1.1582579849210413,$\hat{m}_{MLD}$,0.23289809243370807,5
1.2465449806198148,$\hat{m}_{MLD}$,0.2365849288970151,5
1.3415615596333508,$\hat{m}_{MLD}$,0.22966507067076938,5
1.4438206773661448,$\hat{m}_{MLD}$,0.23612100309092565,5
1.5538743887084543,$\hat{m}_{MLD}$,0.2248671357716343,5
1.6723168283534438,$\hat{m}_{MLD}$,0.22597510585255554,5
1.7997874182858689,$\hat{m}_{MLD}$,0.21897981101072203,5
1.9369743197582066,$\hat{m}_{MLD}$,0.22273640099811362,5
2.0846181483900335,$\hat{m}_{MLD}$,0.2440267847701803,5
2.2435159724469447,$\hat{m}_{MLD}$,0.2338096686220915,5
2.4145256158840724,$\hat{m}_{MLD}$,0.22990377401244622,5
2.5985702893845684,$\hat{m}_{MLD}$,0.22262773163936236,5
2.796643574394121,$\hat{m}_{MLD}$,0.2264216742868297,5
3.009814787058257,$\hat{m}_{MLD}$,0.2203989830399873,5
3.239234751020113,$\hat{m}_{MLD}$,0.22315751799390363,5
3.486142010243649,$\hat{m}_{MLD}$,0.22394181758289738,5
3.751869515402767,$\hat{m}_{MLD}$,0.22508045130395626,5
4.037851819933397,$\hat{m}_{MLD}$,0.23191155605608618,5
4.345632824597091,$\hat{m}_{MLD}$,0.2396936887921644,5
4.676874112365815,$\hat{m}_{MLD}$,0.23579272287691846,5
5.03336391862456,$\hat{m}_{MLD}$,0.23552107793082702,5
5.417026785118212,$\hat{m}_{MLD}$,0.2378638398481203,5
5.829933949760359,$\hat{m}_{MLD}$,0.23431273519451198,5
6.274314528394325,$\hat{m}_{MLD}$,0.23787535529908907,5
6.752567548872198,$\hat{m}_{MLD}$,0.24002035802284097,5
7.267274902418825,$\hat{m}_{MLD}$,0.23703289996485455,5
7.821215282199927,$\hat{m}_{MLD}$,0.2407218016022457,5
8.417379184342884,$\hat{m}_{MLD}$,0.23570886394046447,5
9.058985052394538,$\hat{m}_{MLD}$,0.23976023159486065,5
9.749496652373306,$\hat{m}_{MLD}$,0.23478229685937377,5
10.492641772216333,$\hat{m}_{MLD}$,0.23171688580536062,5
11.292432346572342,$\hat{m}_{MLD}$,0.2328716971339773,5
12.153186115585632,$\hat{m}_{MLD}$,0.22613308359494083,5
13.079549934598068,$\hat{m}_{MLD}$,0.2750457579231327,5
14.076524860608592,$\hat{m}_{MLD}$,0.26903314376825066,5
15.149493150921694,$\hat{m}_{MLD}$,0.2589198998786963,5
16.304247319739442,$\hat{m}_{MLD}$,0.2618355012304996,5
17.54702140956167,$\hat{m}_{MLD}$,0.2639190035728803,5
18.88452464621569,$\hat{m}_{MLD}$,0.2586376810895894,5
20.32397765920527,$\hat{m}_{MLD}$,0.2599638394417972,5
21.87315146291753,$\hat{m}_{MLD}$,0.26006999154632515,5
23.540409409131357,$\hat{m}_{MLD}$,0.2602990609935044,5
25.33475233731158,$\hat{m}_{MLD}$,0.2525676675127662,5
27.265867166436806,$\hat{m}_{MLD}$,0.255630897958787,5
29.344179190688156,$\hat{m}_{MLD}$,0.2584736806118924,5
31.580908361321878,$\hat{m}_{MLD}$,0.25925504730551374,5
33.98812985856841,$\hat{m}_{MLD}$,0.25227410984181314,5
36.57883928056072,$\hat{m}_{MLD}$,0.2564006058337516,5
39.36702280122011,$\hat{m}_{MLD}$,0.24914089245037294,5
42.36773267585289,$\hat{m}_{MLD}$,0.25435625349153884,5
45.597168502081885,$\hat{m}_{MLD}$,0.2561374412021006,5
49.07276467480673,$\hat{m}_{MLD}$,0.248775166839969,5
52.81328450732654,$\hat{m}_{MLD}$,0.2522854108769216,5
56.8389215267461,$\hat{m}_{MLD}$,0.2565503149779498,5
61.17140849051769,$\hat{m}_{MLD}$,0.24944997136202648,5
65.83413471265413,$\hat{m}_{MLD}$,0.255010156843865,5
70.8522723330089,$\hat{m}_{MLD}$,0.249961535160202,5
76.25291221129912,$\hat{m}_{MLD}$,0.2559606471911081,5
82.06521017950769,$\hat{m}_{MLD}$,0.2496815920816839,5
88.32054444222037,$\hat{m}_{MLD}$,0.2538639213476825,5
95.0526849746383,$\hat{m}_{MLD}$,0.24913562398545386,5
102.29797583277549,$\hat{m}_{MLD}$,0.25425807003560136,5
110.0955313600591,$\hat{m}_{MLD}$,0.24796319576705922,5
118.4874473495718,$\hat{m}_{MLD}$,0.253607833432269,5
127.51902830191335,$\hat{m}_{MLD}$,0.24744602108116467,5
137.239032005553,$\hat{m}_{MLD}$,0.25350410677533697,5
147.6999327600634,$\hat{m}_{MLD}$,0.24724680656311285,5
158.95820466326612,$\hat{m}_{MLD}$,0.25323652137105535,5
171.07462649164432,$\hat{m}_{MLD}$,0.2595017209149853,5
184.11460981994108,$\hat{m}_{MLD}$,0.25318335242249385,5
198.14855215133173,$\hat{m}_{MLD}$,0.25905332603168635,5
213.25221696456873,$\hat{m}_{MLD}$,0.25282502969835924,5
229.50714272982336,$\hat{m}_{MLD}$,0.2597084277563026,5
247.00108310132606,$\hat{m}_{MLD}$,0.25334151202932564,5
265.8284806632307,$\hat{m}_{MLD}$,0.25999317140460265,5
286.0909767862566,$\hat{m}_{MLD}$,0.2536571351662883,5
307.8979603476156,$\hat{m}_{MLD}$,0.25959087884108606,5
331.36715827654194,$\hat{m}_{MLD}$,0.2533075774083307,5
356.62527111352796,$\hat{m}_{MLD}$,0.25952421637001166,5
383.8086570143992,$\hat{m}_{MLD}$,0.253203768290975,5
413.0640678918749,$\hat{m}_{MLD}$,0.25328683360896476,5
444.5494416687491,$\hat{m}_{MLD}$,0.25891739143846987,5
478.43475491973123,$\hat{m}_{MLD}$,0.2497897779155734,5
514.9029405050194,$\hat{m}_{MLD}$,0.2587417358716176,5
554.1508751495202,$\hat{m}_{MLD}$,0.25429181886330654,5
596.390442299262,$\hat{m}_{MLD}$,0.26305147607619456,5
641.8496759929147,$\hat{m}_{MLD}$,0.25784809673799053,5
690.7739919237116,$\hat{m}_{MLD}$,0.2514349423757381,5
743.4275123377766,$\hat{m}_{MLD}$,0.259424639650174,5
800.0944919214219,$\hat{m}_{MLD}$,0.25408968843588065,5
861.0808523752157,$\hat{m}_{MLD}$,0.24957023107802623,5
926.7158339593304,$\hat{m}_{MLD}$,0.25871420752129387,5
997.35377292621,$\hat{m}_{MLD}$,0.25409209273380967,5
1073.3760144361563,$\hat{m}_{MLD}$,0.24949047931924737,5
1155.1929712829099,$\hat{m}_{MLD}$,0.2588051490298272,5
1243.246339543401,$\hat{m}_{MLD}$,0.2531952261593099,5
1338.011483113092,$\hat{m}_{MLD}$,0.2630177002843847,5
