time, #execs, #covered, #singletons, #sglt_clusts, #foundnew, done, update?
4544, 1, 1440, 1440, 1, 1, true, true
4545, 2, 1486, 758, 2, 2, true, true
4583, 3, 1602, 586, 3, 3, true, true
4584, 4, 1767, 572, 4, 4, true, true
4585, 5, 1890, 663, 5, 5, true, true
4586, 6, 2101, 618, 6, 6, true, true
4607, 7, 2125, 632, 7, 7, true, true
4748, 8, 2155, 656, 8, 8, true, true
4751, 9, 2260, 601, 9, 9, true, true
4789, 10, 2319, 580, 10, 10, true, true
15042, 11, 2368, 568, 11, 11, true, true
15044, 12, 2395, 559, 12, 12, true, true
15046, 13, 2522, 627, 13, 13, true, true
15048, 14, 2534, 499, 14, 14, true, true
15050, 15, 2547, 489, 15, 15, true, true
16365, 16, 2625, 551, 16, 16, true, true
16394, 17, 2633, 547, 17, 17, true, true
16396, 18, 2819, 677, 18, 17, true, true
16399, 19, 2820, 674, 19, 18, true, true
16401, 20, 2833, 674, 20, 19, true, true
16403, 21, 2846, 678, 21, 20, true, true
16404, 22, 2850, 672, 22, 21, true, true
16406, 23, 2900, 663, 23, 22, true, true
16407, 24, 2923, 672, 24, 23, true, true
16408, 25, 2958, 706, 25, 24, true, true
16410, 26, 3070, 713, 26, 25, true, true
16412, 27, 3299, 810, 27, 25, true, true
16556, 28, 3347, 813, 26, 26, true, true
16559, 29, 3373, 797, 27, 27, true, true
16562, 30, 3373, 796, 27, 29, true, true
16564, 31, 3390, 791, 28, 30, true, true
16567, 32, 3391, 790, 29, 31, true, true
16568, 33, 3395, 790, 30, 32, true, true
16574, 34, 3395, 789, 30, 34, true, true
16576, 35, 3397, 791, 31, 35, true, true
16578, 36, 3413, 754, 31, 36, true, true
287245, 37, 4039, 1118, 31, 37, true, true
287247, 38, 4043, 1121, 32, 35, true, true
287249, 39, 4057, 1125, 33, 36, true, true
287251, 40, 4059, 1117, 34, 35, true, true
287253, 41, 4060, 1114, 34, 35, true, true
287256, 42, 4064, 1090, 35, 35, true, true
287260, 43, 4066, 1074, 35, 34, true, true
287262, 44, 4068, 1070, 35, 33, true, true
287264, 46, 4071, 1072, 36, 36, true, true
287267, 47, 4072, 1071, 37, 37, true, true
287269, 48, 4073, 1071, 38, 38, true, true
287271, 49, 4076, 1045, 38, 39, true, true
287273, 50, 4078, 1036, 39, 39, true, true
287274, 51, 4078, 1035, 38, 40, true, true
287277, 52, 4107, 1050, 39, 39, true, true
287288, 55, 4107, 1047, 39, 45, true, true
287290, 56, 4109, 1046, 40, 46, true, true
287293, 57, 4110, 1030, 41, 47, true, true
287296, 58, 4113, 1026, 42, 46, true, true
287298, 59, 4119, 1031, 43, 47, true, true
287300, 60, 4120, 1029, 44, 48, true, true
287303, 61, 4122, 1030, 45, 48, true, true
287305, 62, 4127, 1031, 46, 48, true, true
287310, 63, 4131, 1021, 47, 49, true, true
287312, 64, 4132, 1022, 48, 49, true, true
287315, 65, 4132, 1020, 48, 50, true, true
287317, 66, 4143, 1030, 49, 50, true, true
287319, 67, 4149, 1030, 50, 51, true, true
287329, 70, 4158, 1027, 49, 53, true, true
287332, 71, 4160, 1025, 50, 54, true, true
287334, 72, 4161, 1025, 51, 54, true, true
287336, 73, 4167, 1013, 52, 55, true, true
287341, 74, 4188, 1033, 53, 55, true, true
287345, 75, 4188, 1031, 52, 55, true, true
287349, 76, 4188, 1025, 51, 56, true, true
287351, 77, 4190, 1017, 52, 55, true, true
287354, 78, 4203, 918, 53, 56, true, true
287355, 79, 4212, 923, 54, 55, true, true
287358, 81, 4215, 926, 55, 57, true, true
287388, 82, 4217, 926, 56, 58, true, true
287393, 83, 4218, 925, 57, 59, true, true
287409, 86, 4222, 926, 58, 61, true, true
287417, 88, 4226, 924, 59, 61, true, true
287585, 89, 4238, 919, 60, 61, true, true
287590, 90, 4238, 915, 60, 61, true, true
287594, 91, 4256, 924, 61, 62, true, true
287597, 92, 4258, 925, 61, 62, true, true
287600, 93, 4267, 927, 62, 63, true, true
287604, 94, 4269, 927, 63, 64, true, true
287607, 95, 4269, 925, 63, 65, true, true
287609, 96, 4272, 923, 64, 65, true, true
287616, 97, 4272, 911, 64, 67, true, true
287637, 98, 4276, 468, 64, 68, true, true
287641, 99, 4282, 472, 65, 69, true, true
287644, 100, 4285, 474, 65, 68, true, true
887707, 102, 4392, 428, 65, 69, true, true
887713, 103, 4404, 433, 64, 68, true, true
887739, 104, 4405, 433, 65, 68, true, true
887746, 105, 4406, 432, 66, 68, true, true
887751, 106, 4408, 433, 67, 68, true, true
887755, 107, 4410, 435, 68, 69, true, true
887759, 108, 4415, 431, 69, 67, true, true
887763, 109, 4416, 432, 70, 66, true, true
887767, 110, 4419, 429, 70, 67, true, true
887772, 111, 4419, 424, 69, 67, true, true
887799, 112, 4422, 420, 69, 67, true, true
887804, 113, 4423, 421, 70, 66, true, true
887808, 114, 4430, 422, 71, 67, true, true
887813, 116, 4433, 425, 72, 69, true, true
887817, 117, 4436, 425, 73, 70, true, true
887820, 118, 4445, 431, 73, 69, true, true
887826, 119, 4445, 428, 73, 69, true, true
887833, 120, 4449, 428, 74, 69, true, true
887847, 122, 4450, 429, 75, 71, true, true
887856, 123, 4450, 425, 74, 73, true, true
887863, 124, 4450, 423, 73, 75, true, true
887867, 125, 4475, 413, 73, 76, true, true
887870, 126, 4477, 415, 74, 75, true, true
887878, 128, 4486, 407, 75, 77, true, true
887881, 129, 4490, 410, 76, 77, true, true
887899, 132, 4490, 409, 76, 80, true, true
887903, 133, 4494, 402, 77, 80, true, true
887977, 134, 4496, 404, 78, 80, true, true
887982, 136, 4497, 402, 78, 83, true, true
887986, 137, 4498, 398, 79, 81, true, true
1070363, 139, 4541, 435, 80, 77, true, true
1070369, 140, 4551, 445, 81, 77, true, true
1070384, 141, 4554, 446, 82, 77, true, true
1070391, 142, 4554, 444, 80, 77, true, true
1070395, 144, 4555, 441, 79, 79, true, true
1070400, 145, 4557, 441, 80, 79, true, true
1070404, 146, 4558, 442, 81, 79, true, true
1070407, 147, 4561, 441, 82, 79, true, true
1070435, 151, 4561, 439, 82, 83, true, true
1070438, 152, 4571, 446, 83, 82, true, true
1070446, 154, 4573, 448, 84, 82, true, true
1070451, 155, 4618, 472, 84, 81, true, true
1070463, 156, 4625, 472, 84, 82, true, true
1070467, 157, 4626, 473, 85, 82, true, true
1070476, 159, 4627, 445, 86, 85, true, true
1070479, 160, 4628, 446, 87, 84, true, true
1070482, 161, 4629, 446, 88, 84, true, true
1070488, 162, 4629, 445, 87, 85, true, true
1070493, 163, 4631, 445, 88, 85, true, true
1070497, 164, 4636, 449, 88, 85, true, true
1070501, 165, 4636, 447, 87, 87, true, true
1070504, 166, 4639, 443, 88, 85, true, true
1070514, 168, 4651, 452, 89, 87, true, true
1070520, 169, 4651, 451, 89, 88, true, true
1070528, 170, 4651, 450, 89, 89, true, true
1070532, 172, 4654, 453, 90, 90, true, true
1070539, 174, 4786, 583, 91, 92, true, true
1070552, 175, 4786, 582, 90, 92, true, true
1070556, 176, 4788, 582, 91, 93, true, true
1070565, 178, 4791, 584, 92, 95, true, true
1070575, 181, 4792, 585, 93, 97, true, true
1070580, 182, 4808, 600, 94, 95, true, true
1070587, 183, 4808, 598, 94, 96, true, true
1070599, 184, 4808, 597, 94, 98, true, true
1070643, 185, 4809, 593, 93, 98, true, true
1070650, 186, 4809, 592, 92, 100, true, true
1070654, 187, 4810, 593, 93, 101, true, true
1070658, 188, 4814, 597, 94, 102, true, true
1070710, 190, 4820, 600, 94, 105, true, true
1070717, 191, 4820, 595, 94, 106, true, true
1070747, 194, 4855, 616, 95, 108, true, true
1070750, 195, 4857, 617, 96, 109, true, true
1070760, 196, 4859, 602, 96, 110, true, true
1070763, 197, 4861, 604, 97, 111, true, true
1070766, 198, 4864, 607, 98, 111, true, true
1070774, 199, 4864, 602, 97, 112, true, true
1070777, 200, 4865, 603, 98, 111, true, true
1070836, 201, 4866, 556, 99, 109, true, true
1070842, 202, 4868, 542, 99, 107, true, true
1070846, 203, 4875, 548, 99, 108, true, true
1070879, 207, 4875, 546, 98, 112, true, true
1070896, 209, 4875, 542, 98, 115, true, true
1070906, 211, 4876, 543, 99, 114, true, true
1070920, 214, 4880, 546, 99, 115, true, true
1070934, 217, 4880, 545, 99, 118, true, true
1070940, 218, 4880, 544, 99, 119, true, true
1070944, 219, 4881, 545, 100, 118, true, true
1070949, 220, 4886, 538, 101, 117, true, true
1070978, 223, 4886, 537, 101, 121, true, true
1070983, 224, 4890, 541, 102, 118, true, true
1070987, 225, 4891, 542, 103, 117, true, true
1070990, 227, 4926, 577, 104, 117, true, true
1070993, 228, 4940, 554, 105, 117, true, true
1070997, 229, 4941, 554, 106, 114, true, true
1071004, 230, 4941, 553, 106, 116, true, true
1071008, 232, 4943, 554, 107, 118, true, true
1071017, 233, 4943, 553, 107, 120, true, true
1071021, 234, 4946, 555, 108, 119, true, true
1071061, 240, 4946, 554, 107, 126, true, true
1071067, 241, 4948, 556, 108, 126, true, true
1071088, 244, 4949, 556, 109, 127, true, true
1071095, 245, 4949, 547, 109, 128, true, true
1071110, 246, 4950, 546, 110, 127, true, true
1071114, 247, 4953, 549, 111, 126, true, true
1071117, 248, 4956, 549, 111, 125, true, true
1071151, 249, 4956, 547, 110, 125, true, true
1071161, 250, 4956, 544, 110, 126, true, true
1071188, 254, 4957, 545, 111, 127, true, true
1071202, 255, 4957, 541, 111, 129, true, true
1071209, 256, 4958, 541, 112, 128, true, true
1071224, 257, 4963, 530, 113, 127, true, true
1071235, 260, 4963, 528, 112, 129, true, true
1071251, 262, 4963, 527, 112, 129, true, true
1071282, 263, 4967, 520, 112, 130, true, true
1071287, 264, 4968, 521, 113, 130, true, true
1071293, 265, 4970, 522, 114, 129, true, true
1071313, 268, 4972, 524, 115, 132, true, true
1071321, 269, 4973, 525, 116, 132, true, true
1071326, 270, 4974, 526, 117, 133, true, true
1071337, 271, 4974, 524, 116, 134, true, true
1071341, 272, 4986, 535, 117, 135, true, true
1071346, 273, 4991, 540, 118, 136, true, true
1071370, 276, 4993, 541, 119, 135, true, true
1071391, 279, 4995, 541, 119, 134, true, true
1071396, 280, 4996, 541, 120, 134, true, true
1071410, 281, 5016, 526, 121, 131, true, true
1071418, 282, 5016, 524, 119, 132, true, true
1071436, 285, 5017, 516, 120, 135, true, true
1071441, 286, 5019, 512, 121, 135, true, true
1071447, 287, 5058, 549, 122, 135, true, true
1071462, 289, 5058, 548, 121, 136, true, true
1071471, 290, 5068, 558, 122, 136, true, true
1071477, 291, 5069, 558, 122, 136, true, true
1071497, 293, 5070, 558, 122, 137, true, true
1071508, 294, 5070, 557, 121, 137, true, true
1071513, 295, 5071, 558, 122, 137, true, true
1071543, 297, 5071, 557, 122, 138, true, true
1071549, 299, 5072, 558, 123, 137, true, true
1071554, 300, 5073, 558, 123, 135, true, true
1071570, 301, 5073, 557, 122, 136, true, true
1071575, 302, 5074, 557, 123, 135, true, true
1071590, 304, 5075, 556, 124, 137, true, true
1071597, 305, 5078, 556, 125, 137, true, true
1071624, 308, 5080, 558, 126, 136, true, true
1071712, 309, 5103, 576, 127, 136, true, true
1071746, 311, 5103, 575, 127, 137, true, true
1071756, 312, 5103, 573, 126, 138, true, true
1071786, 314, 5103, 569, 125, 139, true, true
1071793, 315, 5104, 570, 126, 140, true, true
1071802, 316, 5104, 568, 126, 141, true, true
1071807, 317, 5105, 569, 127, 140, true, true
1071882, 318, 5105, 567, 125, 141, true, true
1071889, 321, 5106, 568, 126, 142, true, true
1071921, 324, 5112, 569, 127, 144, true, true
1071928, 325, 5153, 595, 128, 143, true, true
1071934, 327, 5154, 596, 129, 141, true, true
1071950, 329, 5154, 594, 128, 141, true, true
1071955, 330, 5158, 598, 129, 137, true, true
1071967, 331, 5158, 596, 128, 139, true, true
1071981, 333, 5159, 593, 129, 140, true, true
1072008, 336, 5162, 588, 130, 139, true, true
1072034, 339, 5167, 593, 131, 140, true, true
1072050, 341, 5167, 592, 130, 142, true, true
1072064, 343, 5169, 592, 129, 143, true, true
1072304, 344, 5181, 604, 130, 139, true, true
1072327, 346, 5181, 601, 130, 141, true, true
1072333, 347, 5182, 600, 131, 139, true, true
1072337, 348, 5187, 603, 131, 137, true, true
1072363, 351, 5188, 604, 132, 139, true, true
1072368, 352, 5191, 605, 133, 136, true, true
1072374, 353, 5192, 604, 134, 135, true, true
1072379, 354, 5195, 604, 134, 134, true, true
1072384, 355, 5197, 603, 135, 132, true, true
1072394, 356, 5197, 601, 134, 132, true, true
1072399, 357, 5198, 602, 135, 132, true, true
1072431, 360, 5198, 601, 134, 134, true, true
1072436, 361, 5200, 603, 135, 132, true, true
1072444, 362, 5200, 602, 134, 133, true, true
1072471, 366, 5200, 598, 133, 135, true, true
1072481, 367, 5200, 595, 132, 137, true, true
1072492, 368, 5208, 602, 133, 136, true, true
1072505, 369, 5208, 601, 132, 137, true, true
1072521, 371, 5209, 602, 133, 136, true, true
1072590, 372, 5210, 603, 134, 135, true, true
1072612, 373, 5210, 601, 134, 135, true, true
1072630, 374, 5211, 602, 135, 133, true, true
1072641, 375, 5256, 640, 134, 131, true, true
1072650, 376, 5261, 645, 135, 129, true, true
1072662, 377, 5262, 646, 136, 127, true, true
1072676, 378, 5263, 646, 137, 127, true, true
1072682, 379, 5274, 594, 138, 126, true, true
1072691, 380, 5274, 593, 138, 126, true, true
1072700, 381, 5276, 592, 137, 125, true, true
1072727, 383, 5289, 603, 138, 125, true, true
1072754, 385, 5289, 600, 138, 128, true, true
1072766, 386, 5289, 599, 138, 130, true, true
1072788, 388, 5289, 598, 138, 132, true, true
1072794, 389, 5290, 593, 138, 131, true, true
1072800, 390, 5291, 594, 139, 130, true, true
1072817, 392, 5317, 620, 140, 131, true, true
1072829, 393, 5317, 619, 139, 132, true, true
1072836, 394, 5319, 620, 140, 132, true, true
1072873, 395, 5319, 617, 138, 134, true, true
1072905, 398, 5321, 618, 139, 135, true, true
1072919, 399, 5321, 616, 139, 137, true, true
1072943, 400, 5321, 615, 139, 137, true, true
1072997, 404, 5325, 615, 139, 138, true, true
1073012, 405, 5325, 612, 139, 138, true, true
1073021, 406, 5358, 644, 139, 139, true, true
1073046, 408, 5360, 640, 140, 139, true, true
1073081, 411, 5360, 638, 139, 142, true, true
1073095, 412, 5360, 637, 138, 143, true, true
1073109, 413, 5360, 632, 137, 144, true, true
1073293, 415, 5361, 621, 137, 146, true, true
1073310, 416, 5361, 620, 136, 147, true, true
1073325, 417, 5362, 621, 137, 147, true, true
1073354, 419, 5363, 622, 138, 146, true, true
1073367, 420, 5363, 620, 137, 146, true, true
1073417, 423, 5363, 616, 137, 148, true, true
1073457, 425, 5366, 604, 138, 147, true, true
1073466, 426, 5366, 603, 137, 147, true, true
1073550, 431, 5367, 604, 138, 151, true, true
1073571, 433, 5369, 606, 139, 151, true, true
1073596, 435, 5369, 605, 138, 151, true, true
1073606, 436, 5370, 606, 139, 150, true, true
1073642, 438, 5371, 607, 140, 149, true, true
1073655, 439, 5372, 608, 141, 149, true, true
1073676, 441, 5372, 603, 140, 149, true, true
1073694, 443, 5374, 605, 141, 147, true, true
1073706, 444, 5374, 604, 141, 147, true, true
1073712, 445, 5375, 602, 141, 148, true, true
1073778, 453, 5376, 603, 142, 150, true, true
1073784, 454, 5377, 604, 143, 148, true, true
1073795, 456, 5377, 603, 142, 151, true, true
1073802, 457, 5378, 603, 142, 150, true, true
1073808, 458, 5379, 603, 143, 149, true, true
1073821, 459, 5382, 588, 143, 148, true, true
1073836, 461, 5387, 593, 144, 148, true, true
1073842, 462, 5388, 593, 144, 148, true, true
1073849, 463, 5397, 590, 145, 148, true, true
1073855, 464, 5401, 593, 146, 146, true, true
1073861, 465, 5402, 590, 146, 146, true, true
1073879, 466, 5403, 586, 145, 145, true, true
1073902, 468, 5403, 585, 144, 145, true, true
1073936, 469, 5403, 584, 143, 146, true, true
1073944, 470, 5404, 585, 144, 145, true, true
1073956, 471, 5405, 585, 144, 145, true, true
1073984, 473, 5406, 586, 145, 146, true, true
1073997, 474, 5407, 583, 144, 144, true, true
1074011, 475, 5407, 582, 144, 145, true, true
1074027, 477, 5410, 585, 145, 141, true, true
1074057, 479, 5410, 583, 144, 143, true, true
1074067, 480, 5411, 581, 144, 140, true, true
1074527, 482, 5413, 579, 144, 140, true, true
1074584, 484, 5420, 586, 145, 138, true, true
1074756, 493, 5428, 552, 145, 142, true, true
1074792, 495, 5428, 551, 144, 143, true, true
1074805, 496, 5429, 552, 145, 142, true, true
1074924, 503, 5429, 551, 144, 146, true, true
1074978, 505, 5429, 536, 143, 146, true, true
1075006, 507, 5429, 534, 142, 146, true, true
1075063, 512, 5431, 536, 143, 147, true, true
1075098, 516, 5432, 535, 142, 151, true, true
1075137, 518, 5432, 531, 141, 154, true, true
1075165, 520, 5434, 533, 142, 154, true, true
1075224, 525, 5434, 530, 141, 154, true, true
1075231, 526, 5435, 527, 141, 151, true, true
1075240, 527, 5437, 526, 142, 149, true, true
1075247, 528, 5438, 526, 142, 148, true, true
1075272, 531, 5438, 525, 142, 152, true, true
1075284, 532, 5438, 524, 141, 153, true, true
1075325, 534, 5438, 522, 141, 153, true, true
1075336, 535, 5438, 520, 140, 154, true, true
1075346, 536, 5438, 519, 139, 154, true, true
1075366, 538, 5439, 519, 139, 152, true, true
1075373, 539, 5440, 520, 140, 152, true, true
1075392, 540, 5440, 518, 139, 153, true, true
1075428, 542, 5443, 519, 140, 151, true, true
1075449, 543, 5445, 520, 140, 150, true, true
1075476, 544, 5454, 527, 139, 147, true, true
1075498, 545, 5455, 527, 139, 146, true, true
1075550, 548, 5457, 529, 140, 148, true, true
1075572, 550, 5468, 540, 141, 146, true, true
1075630, 553, 5468, 538, 140, 147, true, true
1075720, 558, 5468, 537, 140, 147, true, true
1075785, 560, 5468, 536, 139, 148, true, true
1075843, 563, 5469, 537, 140, 148, true, true
1075861, 565, 5471, 539, 141, 146, true, true
1075910, 568, 5471, 538, 140, 146, true, true
1075920, 569, 5472, 539, 141, 145, true, true
1075960, 571, 5472, 536, 141, 145, true, true
1075968, 572, 5473, 536, 142, 144, true, true
1075983, 574, 5474, 537, 143, 142, true, true
1075991, 576, 5475, 538, 144, 141, true, true
1076212, 578, 5475, 535, 143, 145, true, true
1076238, 579, 5476, 536, 144, 144, true, true
1076265, 581, 5480, 500, 144, 142, true, true
1076325, 584, 5481, 496, 144, 142, true, true
1076334, 585, 5481, 495, 144, 142, true, true
1076439, 592, 5481, 494, 143, 143, true, true
1076542, 595, 5481, 493, 142, 144, true, true
1076652, 602, 5481, 492, 141, 150, true, true
1076761, 606, 5482, 493, 142, 152, true, true
1076796, 607, 5482, 491, 141, 153, true, true
1076886, 608, 5502, 505, 142, 153, true, true
1076915, 609, 5502, 504, 142, 154, true, true
1076971, 612, 5503, 504, 142, 154, true, true
1077027, 614, 5511, 512, 143, 152, true, true
1077088, 617, 5517, 515, 144, 154, true, true
1077151, 622, 5521, 518, 144, 152, true, true
1077161, 623, 5522, 519, 145, 150, true, true
1077250, 627, 5522, 518, 145, 152, true, true
1077275, 629, 5523, 519, 146, 153, true, true
1077283, 630, 5524, 519, 147, 153, true, true
1077301, 631, 5524, 517, 147, 153, true, true
1077313, 632, 5524, 516, 147, 153, true, true
1077404, 635, 5529, 513, 146, 154, true, true
1077443, 637, 5531, 513, 146, 153, true, true
1077465, 638, 5531, 510, 145, 153, true, true
1077473, 639, 5554, 526, 145, 153, true, true
1077583, 645, 5555, 527, 146, 157, true, true
1077591, 646, 5556, 523, 146, 156, true, true
1077630, 650, 5573, 538, 146, 158, true, true
1077700, 654, 5574, 539, 147, 153, true, true
1077794, 661, 5578, 540, 148, 156, true, true
1077802, 662, 5579, 541, 149, 155, true, true
1077810, 663, 5588, 550, 150, 154, true, true
1077825, 664, 5591, 545, 151, 153, true, true
1077840, 665, 5591, 544, 151, 153, true, true
1077888, 668, 5592, 540, 152, 153, true, true
1077944, 671, 5592, 539, 151, 156, true, true
1077984, 673, 5592, 538, 151, 158, true, true
1078016, 675, 5596, 537, 151, 157, true, true
1078031, 676, 5596, 535, 149, 157, true, true
1078067, 678, 5596, 533, 147, 157, true, true
1078077, 679, 5597, 534, 148, 157, true, true
1078107, 681, 5601, 537, 149, 157, true, true
1078458, 689, 5603, 538, 150, 158, true, true
1078487, 691, 5604, 539, 151, 158, true, true
1078532, 693, 5604, 538, 150, 159, true, true
1078550, 694, 5604, 537, 149, 159, true, true
1078566, 695, 5606, 536, 149, 156, true, true
1078596, 697, 5606, 535, 148, 158, true, true
1078616, 698, 5606, 534, 147, 158, true, true
1078628, 699, 5606, 533, 146, 160, true, true
1078647, 700, 5607, 532, 146, 158, true, true
1078682, 701, 5607, 531, 146, 158, true, true
1078759, 705, 5619, 540, 147, 158, true, true
1078843, 711, 5619, 539, 146, 160, true, true
1078935, 715, 5619, 538, 145, 161, true, true
1078961, 716, 5619, 533, 144, 162, true, true
1079017, 720, 5619, 531, 143, 162, true, true
1079058, 724, 5620, 532, 144, 164, true, true
1079075, 725, 5620, 531, 143, 164, true, true
1079260, 733, 5622, 527, 144, 164, true, true
1079272, 734, 5623, 527, 145, 165, true, true
1079286, 735, 5624, 528, 146, 164, true, true
1079306, 737, 5662, 548, 146, 164, true, true
1079461, 744, 5662, 542, 145, 168, true, true
1079533, 747, 5662, 541, 144, 169, true, true
1079764, 762, 5663, 540, 145, 175, true, true
1079788, 764, 5666, 543, 146, 175, true, true
1079809, 766, 5667, 544, 147, 175, true, true
1079832, 767, 5668, 544, 148, 176, true, true
1079864, 769, 5669, 545, 149, 177, true, true
1079869, 770, 5684, 554, 149, 177, true, true
1079882, 771, 5685, 555, 150, 173, true, true
1079895, 772, 5687, 554, 151, 172, true, true
1079908, 773, 5688, 555, 152, 168, true, true
1079918, 774, 5689, 556, 153, 166, true, true
1079947, 777, 5690, 556, 154, 166, true, true
1079991, 781, 5693, 559, 155, 166, true, true
1080009, 783, 5694, 560, 156, 165, true, true
1080702, 785, 5703, 564, 156, 164, true, true
1080726, 787, 5714, 569, 157, 163, true, true
1080842, 790, 5728, 582, 158, 163, true, true
1080856, 791, 5728, 581, 157, 164, true, true
1080885, 795, 5729, 581, 157, 164, true, true
1080914, 797, 5729, 580, 156, 164, true, true
1080934, 798, 5733, 584, 157, 162, true, true
1080982, 800, 5733, 582, 156, 162, true, true
1080999, 802, 5734, 583, 157, 161, true, true
1081030, 803, 5734, 582, 156, 162, true, true
1081061, 804, 5734, 581, 155, 163, true, true
1081089, 806, 5735, 582, 156, 158, true, true
1081203, 811, 5737, 576, 156, 159, true, true
1081212, 812, 5738, 577, 157, 157, true, true
1081233, 813, 5738, 576, 157, 157, true, true
1081293, 817, 5741, 577, 158, 157, true, true
1081374, 821, 5741, 576, 157, 159, true, true
1081436, 824, 5746, 581, 158, 159, true, true
1081460, 827, 5747, 582, 159, 159, true, true
1081485, 828, 5747, 580, 159, 159, true, true
1081529, 830, 5748, 581, 160, 156, true, true
1081554, 831, 5749, 582, 161, 155, true, true
1081569, 832, 5749, 578, 160, 155, true, true
1081579, 833, 5750, 579, 161, 155, true, true
1081600, 834, 5750, 577, 160, 155, true, true
1081662, 837, 5751, 576, 160, 157, true, true
1081757, 843, 5756, 580, 161, 157, true, true
1081785, 845, 5757, 581, 162, 153, true, true
1081863, 849, 5757, 556, 162, 154, true, true
1081878, 850, 5758, 557, 163, 151, true, true
1081923, 853, 5759, 558, 164, 150, true, true
1081938, 854, 5760, 559, 165, 149, true, true
1081952, 855, 5760, 558, 164, 149, true, true
1081978, 857, 5761, 559, 165, 148, true, true
1081989, 858, 5761, 558, 164, 148, true, true
1082008, 859, 5763, 558, 165, 148, true, true
1082042, 861, 5764, 555, 163, 147, true, true
1082053, 862, 5765, 556, 164, 146, true, true
1082204, 869, 5765, 555, 163, 146, true, true
1082314, 877, 5765, 553, 162, 148, true, true
1082637, 883, 5766, 554, 163, 151, true, true
1082670, 884, 5766, 552, 162, 151, true, true
1082756, 889, 5777, 563, 163, 150, true, true
1082826, 893, 5777, 562, 162, 153, true, true
1082870, 896, 5778, 561, 163, 155, true, true
1082964, 901, 5780, 560, 164, 155, true, true
1082982, 902, 5780, 557, 163, 156, true, true
1083046, 906, 5781, 558, 164, 154, true, true
1083091, 908, 5781, 557, 164, 154, true, true
1083125, 910, 5782, 557, 165, 154, true, true
1083133, 911, 5783, 558, 166, 153, true, true
1083215, 915, 5783, 557, 165, 154, true, true
1083231, 916, 5783, 555, 165, 155, true, true
1083327, 919, 5783, 554, 165, 155, true, true
1083348, 920, 5783, 552, 164, 155, true, true
1083392, 923, 5789, 556, 164, 156, true, true
1083484, 929, 5789, 555, 163, 157, true, true
1083952, 937, 5789, 554, 162, 158, true, true
1084059, 943, 5790, 555, 163, 162, true, true
1084139, 946, 5792, 543, 164, 161, true, true
1084199, 948, 5792, 542, 163, 163, true, true
1084222, 949, 5792, 541, 163, 163, true, true
1084317, 954, 5793, 542, 164, 163, true, true
1084358, 958, 5794, 543, 165, 167, true, true
1084402, 961, 5794, 542, 164, 167, true, true
1084442, 964, 5794, 541, 163, 167, true, true
1084551, 969, 5794, 540, 162, 168, true, true
1084628, 973, 5796, 542, 163, 168, true, true
1084662, 975, 5799, 544, 164, 165, true, true
1084724, 979, 5803, 545, 164, 164, true, true
1084784, 982, 5803, 541, 163, 164, true, true
1085129, 983, 5803, 526, 162, 166, true, true
1085160, 985, 5804, 527, 163, 165, true, true
1085179, 986, 5804, 525, 162, 165, true, true
1085289, 990, 5813, 532, 163, 164, true, true
1085407, 993, 5813, 530, 161, 166, true, true
1085419, 994, 5814, 527, 161, 165, true, true
1085493, 998, 5814, 526, 160, 166, true, true
1085511, 999, 5814, 524, 158, 166, true, true
1085594, 1003, 5814, 523, 157, 168, true, true
1085807, 1011, 5814, 522, 156, 170, true, true
1085900, 1017, 5815, 523, 157, 170, true, true
1086145, 1020, 5815, 522, 156, 170, true, true
1086157, 1022, 5820, 522, 157, 166, true, true
1086245, 1026, 5821, 523, 158, 165, true, true
1086254, 1027, 5822, 524, 159, 160, true, true
1086270, 1028, 5822, 511, 158, 160, true, true
1086310, 1031, 5823, 512, 159, 161, true, true
1086319, 1032, 5825, 514, 160, 160, true, true
1086328, 1033, 5828, 511, 161, 159, true, true
1086358, 1036, 5829, 512, 162, 158, true, true
1086477, 1043, 5829, 511, 161, 160, true, true
1086695, 1055, 5829, 508, 161, 163, true, true
1086710, 1057, 5831, 510, 162, 162, true, true
1086744, 1060, 5831, 509, 162, 163, true, true
1086852, 1064, 5832, 510, 163, 162, true, true
1086934, 1070, 5833, 511, 164, 160, true, true
1087099, 1078, 5836, 514, 165, 162, true, true
1087152, 1080, 5836, 513, 164, 162, true, true
1087419, 1093, 5837, 514, 165, 163, true, true
1087430, 1094, 5839, 512, 166, 162, true, true
1087451, 1095, 5840, 513, 167, 162, true, true
1087524, 1100, 5840, 512, 166, 164, true, true
1087682, 1105, 5841, 513, 167, 163, true, true
1087972, 1120, 5841, 512, 166, 167, true, true
1087981, 1121, 5842, 510, 167, 165, true, true
1087991, 1124, 5843, 511, 168, 165, true, true
1088350, 1142, 5843, 508, 168, 168, true, true
1088447, 1148, 5845, 510, 169, 167, true, true
1088455, 1149, 5848, 513, 170, 166, true, true
1088540, 1153, 5921, 585, 170, 166, true, true
1088550, 1154, 5922, 586, 171, 165, true, true
1088558, 1155, 5923, 587, 172, 164, true, true
1088579, 1156, 5924, 588, 173, 162, true, true
1088628, 1161, 5924, 587, 172, 162, true, true
1088763, 1168, 5925, 588, 173, 162, true, true
1088834, 1172, 5925, 586, 172, 163, true, true
1088994, 1183, 5927, 588, 173, 167, true, true
1089098, 1188, 5927, 587, 172, 169, true, true
1089235, 1192, 5928, 588, 173, 169, true, true
1089274, 1193, 5928, 587, 173, 169, true, true
1089374, 1197, 5928, 585, 173, 169, true, true
1089398, 1199, 5931, 588, 174, 168, true, true
1089472, 1203, 5931, 586, 173, 169, true, true
1089500, 1206, 5932, 587, 174, 166, true, true
1089530, 1208, 5932, 586, 173, 166, true, true
1089540, 1209, 5935, 588, 174, 164, true, true
1089658, 1213, 5937, 589, 175, 163, true, true
1089674, 1215, 5937, 588, 174, 165, true, true
1089982, 1221, 5938, 589, 175, 165, true, true
1090022, 1223, 5938, 588, 174, 165, true, true
1090038, 1225, 5938, 586, 174, 165, true, true
1090122, 1229, 5939, 586, 175, 167, true, true
1090191, 1233, 5941, 588, 176, 168, true, true
1090199, 1234, 5942, 588, 176, 167, true, true
1090468, 1247, 5943, 587, 176, 166, true, true
1090532, 1250, 5947, 591, 177, 164, true, true
1090605, 1253, 5947, 589, 176, 164, true, true
1090704, 1257, 5948, 590, 177, 164, true, true
1090921, 1269, 5952, 593, 177, 167, true, true
1090929, 1270, 5953, 594, 178, 165, true, true
1091007, 1274, 5953, 593, 177, 166, true, true
1091096, 1277, 5954, 594, 178, 166, true, true
1091119, 1279, 5955, 595, 179, 167, true, true
1091249, 1283, 5955, 594, 179, 169, true, true
1091275, 1285, 5955, 593, 178, 169, true, true
1091322, 1287, 5955, 592, 177, 169, true, true
1091464, 1295, 5956, 593, 178, 167, true, true
1091508, 1297, 5957, 594, 179, 166, true, true
1091934, 1314, 5959, 596, 180, 166, true, true
1091957, 1318, 5959, 595, 179, 166, true, true
1091981, 1320, 5965, 587, 179, 166, true, true
1091992, 1322, 5966, 587, 179, 164, true, true
1092176, 1332, 5966, 586, 178, 168, true, true
1092186, 1333, 5971, 589, 179, 166, true, true
1092278, 1338, 5971, 587, 178, 169, true, true
1092311, 1340, 5972, 588, 179, 167, true, true
1092337, 1342, 5978, 583, 180, 166, true, true
1092376, 1344, 5979, 584, 181, 166, true, true
1092438, 1347, 5979, 583, 180, 167, true, true
1092522, 1350, 5979, 576, 179, 167, true, true
1092632, 1357, 5980, 577, 180, 166, true, true
1092946, 1371, 5981, 578, 181, 168, true, true
1092963, 1372, 5996, 586, 181, 167, true, true
1093125, 1382, 5996, 584, 181, 170, true, true
1093201, 1384, 6017, 605, 182, 169, true, true
1093319, 1388, 6017, 603, 181, 170, true, true
1093382, 1391, 6018, 602, 181, 169, true, true
1093509, 1397, 6019, 603, 182, 169, true, true
1093518, 1398, 6020, 603, 182, 168, true, true
1093860, 1411, 6020, 600, 181, 169, true, true
1093870, 1412, 6021, 601, 182, 168, true, true
1094023, 1421, 6022, 602, 183, 169, true, true
1094130, 1427, 6022, 598, 182, 171, true, true
1094195, 1431, 6038, 608, 182, 171, true, true
1094447, 1442, 6039, 608, 182, 175, true, true
1094502, 1446, 6041, 610, 183, 176, true, true
1094665, 1451, 6041, 609, 182, 179, true, true
1094792, 1456, 6042, 609, 182, 177, true, true
1094970, 1462, 6042, 608, 181, 178, true, true
1095093, 1467, 6042, 607, 180, 179, true, true
1095105, 1468, 6044, 609, 181, 178, true, true
1095170, 1471, 6044, 607, 180, 178, true, true
1095291, 1474, 6044, 595, 179, 179, true, true
1095562, 1485, 6045, 596, 180, 177, true, true
1095706, 1493, 6045, 587, 179, 179, true, true
1095827, 1498, 6049, 585, 179, 178, true, true
1095854, 1499, 6049, 584, 178, 178, true, true
1095899, 1502, 6049, 582, 177, 178, true, true
1095921, 1503, 6049, 581, 176, 179, true, true
1095999, 1507, 6050, 582, 177, 178, true, true
1096151, 1514, 6050, 581, 176, 179, true, true
1096498, 1528, 6051, 582, 177, 181, true, true
1096514, 1529, 6051, 581, 176, 181, true, true
1096645, 1533, 6051, 580, 175, 181, true, true
1096729, 1537, 6051, 579, 174, 182, true, true
1096763, 1539, 6051, 577, 174, 182, true, true
1097058, 1552, 6051, 576, 173, 183, true, true
1097350, 1561, 6051, 575, 172, 185, true, true
1097384, 1565, 6055, 579, 173, 184, true, true
1097401, 1566, 6056, 580, 174, 183, true, true
1097486, 1570, 6057, 579, 174, 178, true, true
1097554, 1574, 6057, 578, 173, 180, true, true
1097703, 1578, 6058, 579, 174, 179, true, true
1097854, 1581, 6058, 578, 173, 179, true, true
1097994, 1586, 6058, 577, 172, 180, true, true
1098043, 1589, 6058, 576, 171, 181, true, true
1098166, 1596, 6059, 577, 172, 178, true, true
1098339, 1601, 6060, 574, 173, 178, true, true
1098454, 1605, 6064, 578, 174, 177, true, true
1098525, 1607, 6066, 553, 173, 174, true, true
1098658, 1613, 6068, 554, 173, 173, true, true
1099069, 1630, 6068, 553, 172, 176, true, true
1099198, 1639, 6069, 553, 172, 175, true, true
1099206, 1640, 6071, 555, 173, 174, true, true
1099253, 1641, 6071, 552, 172, 174, true, true
1099333, 1645, 6075, 556, 173, 174, true, true
1099430, 1649, 6076, 557, 174, 171, true, true
1099907, 1666, 6078, 557, 174, 177, true, true
1099955, 1670, 6080, 559, 175, 175, true, true
1099979, 1672, 6082, 560, 176, 174, true, true
1099994, 1673, 6082, 556, 175, 174, true, true
1100088, 1678, 6083, 557, 176, 174, true, true
1100147, 1681, 6085, 559, 177, 173, true, true
1100161, 1682, 6085, 558, 176, 175, true, true
1100290, 1688, 6087, 557, 177, 174, true, true
1100486, 1693, 6087, 556, 176, 174, true, true
1100495, 1694, 6088, 556, 176, 173, true, true
1100665, 1703, 6088, 555, 175, 178, true, true
1100715, 1707, 6090, 555, 175, 178, true, true
1100854, 1713, 6090, 552, 174, 178, true, true
1101010, 1717, 6091, 550, 175, 176, true, true
1101049, 1719, 6094, 552, 175, 175, true, true
1101620, 1743, 6094, 551, 175, 177, true, true
1101632, 1744, 6096, 552, 175, 175, true, true
1102051, 1755, 6097, 553, 176, 174, true, true
1102065, 1756, 6097, 552, 175, 175, true, true
1102080, 1757, 6150, 568, 175, 173, true, true
1102132, 1759, 6151, 565, 176, 172, true, true
1102153, 1760, 6153, 567, 177, 171, true, true
1102169, 1761, 6154, 568, 178, 168, true, true
1102283, 1766, 6154, 567, 177, 170, true, true
1102661, 1781, 6155, 567, 177, 170, true, true
1102670, 1782, 6156, 568, 178, 169, true, true
1102684, 1783, 6158, 570, 179, 167, true, true
1102750, 1788, 6159, 571, 180, 167, true, true
1102759, 1789, 6161, 573, 181, 165, true, true
1102833, 1792, 6167, 578, 181, 166, true, true
1102880, 1795, 6169, 580, 182, 165, true, true
1103029, 1803, 6176, 586, 182, 161, true, true
1103096, 1807, 6176, 582, 181, 163, true, true
1103422, 1820, 6176, 581, 181, 164, true, true
1103468, 1823, 6176, 579, 180, 164, true, true
1103618, 1830, 6176, 577, 179, 165, true, true
1103652, 1832, 6177, 578, 180, 163, true, true
1103785, 1842, 6178, 579, 181, 162, true, true
1103853, 1847, 6179, 580, 182, 161, true, true
1104094, 1861, 6184, 584, 182, 163, true, true
1104501, 1878, 6189, 589, 183, 163, true, true
1104529, 1880, 6192, 591, 183, 162, true, true
1104539, 1881, 6202, 599, 184, 159, true, true
1104590, 1884, 6202, 598, 183, 159, true, true
1104610, 1885, 6202, 597, 182, 159, true, true
1104624, 1886, 6203, 598, 183, 158, true, true
1104666, 1890, 6205, 592, 184, 157, true, true
1104702, 1892, 6205, 591, 183, 157, true, true
1104715, 1893, 6205, 584, 182, 157, true, true
1104753, 1896, 6205, 583, 181, 157, true, true
1104772, 1897, 6205, 582, 180, 157, true, true
1104808, 1899, 6206, 582, 181, 157, true, true
1104942, 1903, 6206, 581, 180, 157, true, true
1104997, 1905, 6206, 580, 180, 157, true, true
1105134, 1911, 6207, 580, 181, 156, true, true
1105143, 1912, 6209, 582, 182, 154, true, true
1105154, 1913, 6209, 581, 181, 154, true, true
1105521, 1932, 6209, 579, 181, 159, true, true
1105757, 1942, 6217, 569, 182, 158, true, true
1105786, 1945, 6220, 569, 181, 157, true, true
1106084, 1954, 6220, 568, 180, 159, true, true
1106267, 1965, 6222, 570, 181, 159, true, true
1106289, 1966, 6222, 569, 180, 159, true, true
1106350, 1969, 6222, 568, 179, 160, true, true
1106487, 1976, 6223, 567, 180, 160, true, true
1106635, 1983, 6225, 555, 181, 159, true, true
1106695, 1985, 6226, 554, 181, 157, true, true
1106752, 1988, 6228, 551, 181, 151, true, true
1106769, 1989, 6228, 550, 181, 151, true, true
1106840, 1995, 6231, 550, 182, 149, true, true
1106928, 1999, 6231, 549, 181, 150, true, true
1106970, 2002, 6231, 548, 180, 150, true, true
1107016, 2005, 6232, 547, 180, 148, true, true
1107035, 2007, 6232, 546, 179, 148, true, true
1107052, 2009, 6232, 545, 179, 148, true, true
1107209, 2017, 6233, 546, 180, 147, true, true
1107681, 2027, 6233, 544, 180, 147, true, true
1107865, 2033, 6233, 542, 179, 147, true, true
1107933, 2036, 6233, 541, 179, 148, true, true
1107953, 2037, 6233, 540, 178, 148, true, true
1108231, 2053, 6233, 539, 177, 150, true, true
1108345, 2057, 6233, 537, 176, 152, true, true
1108430, 2061, 6234, 538, 177, 151, true, true
1108443, 2063, 6237, 541, 178, 151, true, true
1108631, 2075, 6237, 540, 178, 152, true, true
1108735, 2084, 6241, 544, 179, 151, true, true
1109007, 2095, 6247, 535, 180, 152, true, true
1109266, 2105, 6247, 534, 179, 155, true, true
1109381, 2111, 6247, 533, 178, 157, true, true
1109617, 2118, 6250, 535, 179, 155, true, true
1110105, 2141, 6250, 534, 178, 156, true, true
1110119, 2142, 6251, 535, 179, 156, true, true
1110177, 2144, 6259, 536, 178, 155, true, true
1110579, 2159, 6259, 535, 178, 156, true, true
1110642, 2162, 6260, 536, 179, 153, true, true
1110666, 2163, 6261, 535, 179, 151, true, true
1110686, 2164, 6261, 515, 178, 151, true, true
1110836, 2169, 6261, 514, 177, 152, true, true
1110901, 2171, 6262, 515, 178, 149, true, true
1111224, 2189, 6264, 510, 179, 151, true, true
1111241, 2190, 6264, 509, 178, 151, true, true
1111289, 2192, 6266, 510, 179, 149, true, true
1111480, 2198, 6266, 506, 178, 150, true, true
1111491, 2200, 6268, 507, 179, 150, true, true
1111726, 2208, 6268, 506, 179, 152, true, true
1111881, 2213, 6270, 501, 180, 151, true, true
1111968, 2217, 6270, 500, 179, 153, true, true
1111978, 2218, 6270, 499, 178, 153, true, true
1112009, 2219, 6270, 498, 177, 153, true, true
1112508, 2243, 6271, 499, 178, 156, true, true
1113063, 2267, 6271, 498, 177, 160, true, true
1113225, 2271, 6279, 506, 178, 162, true, true
1114353, 2292, 6280, 507, 179, 164, true, true
1114458, 2299, 6281, 508, 180, 163, true, true
1114727, 2311, 6281, 507, 179, 166, true, true
1115022, 2326, 6283, 509, 180, 165, true, true
1115245, 2340, 6284, 505, 181, 167, true, true
1115418, 2346, 6284, 503, 181, 168, true, true
1115518, 2351, 6285, 504, 182, 167, true, true
1115591, 2353, 6291, 510, 183, 166, true, true
1115644, 2357, 6292, 511, 184, 164, true, true
1115703, 2359, 6292, 510, 183, 164, true, true
1115933, 2368, 6292, 509, 182, 167, true, true
1116007, 2372, 6293, 510, 183, 165, true, true
1116218, 2382, 6296, 513, 184, 166, true, true
1116498, 2396, 6296, 512, 183, 171, true, true
1116708, 2404, 6296, 511, 183, 171, true, true
1117229, 2427, 6302, 516, 184, 169, true, true
1117266, 2430, 6303, 517, 185, 164, true, true
1117593, 2438, 6304, 513, 186, 160, true, true
1117971, 2456, 6306, 515, 187, 160, true, true
1117990, 2457, 6309, 518, 188, 159, true, true
1117999, 2458, 6310, 519, 189, 158, true, true
1118078, 2461, 6310, 518, 188, 158, true, true
1118090, 2462, 6315, 523, 189, 157, true, true
1118192, 2466, 6316, 524, 190, 156, true, true
1118218, 2468, 6317, 525, 191, 153, true, true
1118566, 2484, 6317, 523, 189, 155, true, true
1118584, 2485, 6319, 502, 189, 152, true, true
1118709, 2490, 6323, 506, 190, 150, true, true
1118912, 2502, 6323, 504, 189, 152, true, true
1119085, 2512, 6323, 503, 188, 154, true, true
1119098, 2513, 6324, 502, 188, 151, true, true
1119214, 2519, 6328, 506, 189, 151, true, true
1119320, 2521, 6329, 507, 190, 145, true, true
1119375, 2524, 6329, 506, 190, 145, true, true
1119483, 2529, 6330, 507, 191, 145, true, true
1119572, 2536, 6332, 509, 192, 144, true, true
1119602, 2537, 6332, 507, 191, 144, true, true
1120009, 2553, 6332, 506, 190, 146, true, true
1120078, 2557, 6333, 507, 191, 147, true, true
1120239, 2562, 6333, 503, 190, 148, true, true
1120259, 2563, 6333, 502, 189, 148, true, true
1121282, 2605, 6333, 501, 188, 158, true, true
1121682, 2625, 6333, 500, 188, 159, true, true
1121706, 2627, 6334, 501, 189, 157, true, true
1121938, 2634, 6334, 500, 188, 157, true, true
1122310, 2649, 6334, 497, 187, 158, true, true
1122469, 2657, 6337, 498, 187, 158, true, true
1122490, 2659, 6337, 497, 186, 158, true, true
1122607, 2663, 6337, 495, 184, 160, true, true
1122769, 2670, 6337, 493, 183, 161, true, true
1122984, 2676, 6337, 492, 182, 165, true, true
1123241, 2686, 6652, 807, 183, 163, true, true
1123398, 2694, 6653, 808, 184, 162, true, true
1123629, 2702, 6655, 809, 184, 159, true, true
1123747, 2706, 6656, 810, 185, 158, true, true
1123929, 2714, 6656, 809, 184, 158, true, true
1123974, 2715, 6656, 736, 183, 158, true, true
1124232, 2727, 6657, 736, 183, 158, true, true
1124395, 2736, 6666, 745, 184, 158, true, true
1124418, 2737, 6666, 743, 183, 158, true, true
1124679, 2751, 6666, 742, 182, 158, true, true
1125525, 2776, 6672, 748, 183, 160, true, true
1126031, 2795, 6672, 747, 182, 160, true, true
1126168, 2804, 6673, 748, 183, 158, true, true
1126253, 2808, 6673, 745, 182, 159, true, true
1126638, 2823, 6678, 749, 183, 160, true, true
1126935, 2837, 6678, 748, 182, 160, true, true
1126985, 2842, 6679, 746, 181, 155, true, true
1127125, 2848, 6681, 746, 181, 152, true, true
1127212, 2851, 6681, 744, 179, 152, true, true
1127381, 2857, 6681, 742, 178, 154, true, true
1127422, 2858, 6681, 741, 177, 154, true, true
1127581, 2864, 6681, 740, 176, 155, true, true
1128020, 2873, 6681, 739, 175, 155, true, true
1128073, 2876, 6684, 742, 176, 153, true, true
1128245, 2882, 6685, 743, 177, 154, true, true
1128375, 2885, 6686, 744, 178, 153, true, true
1128516, 2892, 6689, 747, 179, 151, true, true
1128535, 2893, 6689, 745, 178, 151, true, true
1128584, 2895, 6689, 744, 177, 152, true, true
1128643, 2899, 6693, 746, 178, 151, true, true
1129307, 2922, 6693, 745, 177, 154, true, true
1129374, 2924, 6693, 743, 175, 154, true, true
1129440, 2926, 6694, 741, 175, 153, true, true
1130025, 2949, 6694, 740, 174, 156, true, true
1130378, 2963, 6697, 743, 175, 157, true, true
1130569, 2968, 6697, 740, 174, 157, true, true
1130681, 2975, 6699, 742, 175, 154, true, true
1130900, 2984, 6700, 743, 176, 150, true, true
1131143, 2994, 6700, 742, 176, 150, true, true
1131332, 3006, 6701, 741, 176, 152, true, true
1131800, 3027, 6702, 741, 177, 153, true, true
1131950, 3034, 6703, 742, 178, 153, true, true
1131970, 3035, 6704, 743, 179, 152, true, true
1132189, 3046, 6704, 741, 178, 156, true, true
1132553, 3059, 6704, 740, 177, 159, true, true
1133422, 3072, 6704, 738, 176, 161, true, true
1133469, 3074, 6704, 737, 175, 161, true, true
1133827, 3089, 6706, 739, 176, 164, true, true
1134307, 3108, 6714, 739, 177, 165, true, true
1134719, 3124, 6716, 741, 178, 165, true, true
1134736, 3126, 6716, 740, 177, 165, true, true
1134875, 3134, 6717, 741, 178, 165, true, true
1135214, 3143, 6718, 741, 178, 161, true, true
1135401, 3154, 6720, 741, 178, 160, true, true
1135755, 3169, 6720, 739, 177, 161, true, true
1136247, 3194, 6722, 739, 177, 159, true, true
1136788, 3217, 6722, 738, 176, 162, true, true
1137049, 3227, 6723, 729, 177, 162, true, true
1137616, 3248, 6723, 728, 176, 166, true, true
1137870, 3258, 6723, 726, 175, 167, true, true
1137928, 3259, 6723, 725, 174, 167, true, true
1138615, 3285, 6723, 724, 173, 170, true, true
1138695, 3288, 6729, 729, 173, 167, true, true
1138960, 3301, 6729, 728, 172, 168, true, true
1139167, 3305, 6730, 729, 173, 167, true, true
1139401, 3315, 6735, 733, 174, 165, true, true
1139422, 3316, 6735, 732, 173, 165, true, true
1139451, 3317, 6735, 731, 172, 165, true, true
1139586, 3324, 6736, 729, 173, 164, true, true
1139625, 3326, 6746, 739, 174, 163, true, true
1139646, 3327, 6747, 740, 175, 160, true, true
1139735, 3332, 6754, 723, 176, 160, true, true
1139799, 3334, 6754, 720, 175, 161, true, true
1140306, 3351, 6762, 722, 176, 162, true, true
1140562, 3363, 6762, 721, 176, 162, true, true
1140573, 3364, 6764, 723, 177, 161, true, true
1140621, 3366, 6764, 722, 176, 161, true, true
1141569, 3397, 6767, 725, 177, 161, true, true
1141739, 3406, 6767, 724, 176, 162, true, true
1141917, 3413, 6770, 723, 176, 161, true, true
1142315, 3435, 6770, 722, 175, 162, true, true
1143325, 3472, 6770, 721, 174, 172, true, true
1143452, 3477, 6770, 720, 173, 173, true, true
1143516, 3480, 6770, 719, 172, 173, true, true
1144132, 3511, 6770, 718, 172, 175, true, true
1144346, 3523, 6771, 719, 173, 175, true, true
1144472, 3530, 6772, 719, 173, 174, true, true
1144788, 3539, 6772, 718, 172, 175, true, true
1145637, 3571, 6773, 718, 173, 177, true, true
1145813, 3579, 6773, 717, 172, 179, true, true
1145889, 3582, 6773, 716, 171, 179, true, true
1145970, 3586, 6773, 715, 170, 180, true, true
1146133, 3594, 6798, 740, 171, 176, true, true
1146201, 3600, 6798, 739, 171, 176, true, true
1146251, 3602, 6798, 738, 170, 176, true, true
1146363, 3609, 6799, 739, 171, 173, true, true
1146396, 3612, 6801, 741, 172, 173, true, true
1147189, 3649, 6801, 740, 171, 174, true, true
1147393, 3658, 6804, 743, 172, 174, true, true
1147496, 3665, 6804, 738, 171, 174, true, true
1147670, 3673, 6804, 737, 170, 175, true, true
1148373, 3695, 6805, 738, 171, 177, true, true
1148486, 3703, 6806, 739, 172, 175, true, true
1148519, 3704, 6806, 728, 171, 175, true, true
1148541, 3706, 6806, 727, 170, 175, true, true
1149160, 3738, 6806, 726, 169, 183, true, true
1149457, 3754, 6808, 728, 170, 183, true, true
1150240, 3787, 6808, 727, 169, 184, true, true
1150416, 3795, 6808, 726, 168, 184, true, true
1150768, 3808, 6808, 725, 167, 185, true, true
1150820, 3810, 6808, 723, 166, 185, true, true
1150983, 3816, 6808, 721, 164, 187, true, true
1151293, 3827, 6809, 697, 164, 188, true, true
1151658, 3838, 6810, 691, 165, 190, true, true
1151995, 3849, 6810, 689, 164, 191, true, true
1152295, 3860, 6811, 690, 165, 190, true, true
1152864, 3889, 6811, 689, 165, 192, true, true
1153235, 3906, 6830, 708, 166, 192, true, true
1153490, 3919, 6830, 707, 165, 192, true, true
1154270, 3950, 6830, 706, 165, 196, true, true
1154841, 3967, 6830, 705, 164, 197, true, true
1155046, 3973, 6830, 704, 164, 197, true, true
1155334, 3983, 6830, 702, 163, 198, true, true
1155441, 3991, 6834, 706, 164, 196, true, true
1155781, 4007, 6834, 705, 163, 197, true, true
1157241, 4051, 6834, 704, 163, 200, true, true
1157705, 4075, 6843, 713, 164, 199, true, true
1157803, 4079, 6844, 714, 165, 199, true, true
1158389, 4106, 6844, 713, 164, 205, true, true
1158399, 4107, 6846, 715, 165, 202, true, true
1158435, 4109, 6848, 716, 165, 202, true, true
1158862, 4125, 6849, 712, 164, 204, true, true
1159301, 4143, 6849, 710, 163, 206, true, true
1159418, 4152, 6850, 711, 164, 203, true, true
1159566, 4157, 6851, 712, 165, 202, true, true
1160328, 4182, 6851, 710, 165, 203, true, true
1160368, 4184, 6851, 708, 164, 203, true, true
1160821, 4201, 6852, 709, 165, 204, true, true
1161215, 4218, 6852, 708, 164, 205, true, true
1161610, 4236, 6853, 709, 165, 207, true, true
1161872, 4248, 6853, 707, 165, 208, true, true
1162061, 4257, 6853, 704, 164, 208, true, true
1163708, 4304, 6853, 703, 163, 214, true, true
1163875, 4310, 6854, 704, 164, 214, true, true
1164350, 4323, 6855, 702, 165, 218, true, true
1164360, 4324, 6856, 703, 166, 216, true, true
1164558, 4333, 6856, 701, 166, 216, true, true
1164751, 4343, 6857, 702, 167, 215, true, true
1164974, 4355, 6858, 698, 166, 215, true, true
1166512, 4376, 6859, 699, 167, 215, true, true
1166832, 4392, 6862, 702, 168, 214, true, true
1166943, 4398, 6863, 703, 169, 215, true, true
1166978, 4399, 6863, 702, 169, 215, true, true
1167232, 4410, 6863, 701, 168, 215, true, true
1167270, 4413, 6864, 702, 169, 211, true, true
1167546, 4427, 6865, 702, 169, 210, true, true
1167591, 4431, 6866, 703, 170, 209, true, true
1167882, 4445, 6867, 704, 171, 208, true, true
1168591, 4480, 6867, 703, 170, 209, true, true
1168636, 4482, 6867, 701, 170, 209, true, true
1168872, 4494, 6867, 700, 169, 210, true, true
1169232, 4509, 6868, 701, 170, 204, true, true
1169314, 4512, 6868, 697, 169, 205, true, true
1169448, 4519, 6869, 697, 169, 206, true, true
1169753, 4533, 6872, 698, 169, 206, true, true
1169784, 4535, 6874, 700, 170, 205, true, true
1169823, 4537, 6875, 699, 170, 204, true, true
1169858, 4539, 6875, 698, 169, 204, true, true
1170247, 4553, 6875, 697, 168, 205, true, true
1170332, 4558, 6876, 692, 169, 204, true, true
1170610, 4571, 6877, 692, 170, 200, true, true
1170736, 4577, 6877, 691, 170, 201, true, true
1171809, 4610, 6889, 701, 170, 200, true, true
1171977, 4618, 6889, 700, 169, 200, true, true
1172294, 4631, 6891, 702, 170, 198, true, true
1172845, 4656, 6891, 701, 169, 200, true, true
1172953, 4662, 6892, 702, 170, 200, true, true
1173294, 4680, 6893, 703, 171, 200, true, true
1174363, 4709, 6893, 702, 170, 205, true, true
1174684, 4724, 6894, 703, 171, 206, true, true
1174818, 4729, 6896, 705, 172, 199, true, true
1175245, 4747, 6897, 705, 172, 198, true, true
1175749, 4763, 6898, 706, 173, 201, true, true
1175790, 4765, 6898, 705, 172, 202, true, true
1176052, 4770, 6899, 706, 173, 202, true, true
1176087, 4772, 6903, 709, 173, 200, true, true
1176173, 4776, 6903, 708, 173, 201, true, true
1176310, 4780, 6904, 709, 174, 198, true, true
1176875, 4804, 6904, 708, 173, 201, true, true
1176967, 4810, 6905, 709, 174, 200, true, true
1178153, 4833, 6905, 708, 173, 203, true, true
1178263, 4839, 6907, 710, 174, 201, true, true
1179636, 4890, 6907, 709, 173, 207, true, true
1179812, 4897, 6907, 708, 172, 208, true, true
1180043, 4908, 6908, 709, 173, 208, true, true
1181825, 4965, 6909, 710, 174, 207, true, true
1182652, 5003, 6909, 709, 173, 210, true, true
1182958, 5018, 6910, 709, 173, 210, true, true
1183015, 5021, 6911, 709, 173, 206, true, true
1183124, 5027, 6911, 701, 171, 206, true, true
1183231, 5032, 6911, 699, 170, 206, true, true
1183417, 5040, 6911, 695, 170, 206, true, true
1183556, 5049, 6911, 694, 169, 207, true, true
1184978, 5084, 6912, 694, 170, 209, true, true
1185245, 5099, 6913, 695, 171, 210, true, true
1185382, 5107, 6913, 694, 171, 211, true, true
1185409, 5109, 6914, 695, 172, 206, true, true
1185633, 5119, 6914, 694, 172, 206, true, true
1185723, 5123, 6914, 693, 171, 206, true, true
1185918, 5134, 6914, 691, 171, 207, true, true
1185988, 5138, 6914, 690, 170, 207, true, true
1186337, 5143, 6914, 689, 169, 207, true, true
1186641, 5157, 6914, 688, 168, 207, true, true
1186763, 5160, 6914, 687, 167, 207, true, true
1187043, 5166, 6915, 688, 168, 206, true, true
1187080, 5167, 6915, 687, 168, 206, true, true
1187309, 5179, 6917, 689, 169, 205, true, true
1187400, 5184, 6924, 691, 170, 205, true, true
1187415, 5185, 6924, 689, 168, 205, true, true
1187723, 5198, 6924, 688, 167, 206, true, true
1188173, 5220, 6924, 687, 166, 206, true, true
1189508, 5279, 6925, 688, 167, 207, true, true
1189827, 5298, 6925, 687, 166, 208, true, true
1190001, 5307, 6925, 685, 165, 208, true, true
1190119, 5314, 6927, 687, 166, 207, true, true
1190197, 5319, 6928, 688, 167, 204, true, true
1190534, 5334, 6929, 689, 168, 202, true, true
1190607, 5342, 6929, 687, 167, 202, true, true
1190684, 5345, 6929, 686, 166, 202, true, true
1190898, 5351, 6929, 684, 166, 202, true, true
1191828, 5386, 6930, 685, 167, 199, true, true
1192053, 5398, 6930, 683, 166, 201, true, true
1192653, 5422, 6930, 682, 165, 202, true, true
1193641, 5458, 6930, 681, 164, 204, true, true
1193657, 5459, 6931, 682, 165, 203, true, true
1194615, 5505, 6932, 683, 166, 205, true, true
1195370, 5540, 6933, 684, 167, 204, true, true
1196800, 5594, 6934, 685, 168, 200, true, true
1197328, 5616, 6936, 687, 169, 199, true, true
1197613, 5628, 6937, 688, 170, 197, true, true
1197647, 5631, 6939, 690, 171, 193, true, true
1197753, 5636, 6942, 693, 172, 191, true, true
1199879, 5703, 6942, 691, 171, 199, true, true
1199925, 5706, 6942, 690, 170, 199, true, true
1199947, 5708, 6942, 686, 170, 199, true, true
1200082, 5717, 6942, 682, 168, 199, true, true
1200234, 5725, 6942, 681, 167, 199, true, true
1201639, 5760, 6944, 683, 168, 197, true, true
1201821, 5768, 6997, 462, 168, 197, true, true
1202358, 5790, 6997, 458, 167, 198, true, true
1202425, 5792, 6998, 459, 168, 197, true, true
1203823, 5831, 7000, 461, 169, 198, true, true
1204089, 5842, 7001, 462, 170, 194, true, true
1204163, 5845, 7001, 461, 169, 194, true, true
1204319, 5853, 7002, 462, 170, 191, true, true
1204415, 5860, 7002, 461, 170, 191, true, true
1205578, 5905, 7003, 460, 170, 197, true, true
1205829, 5915, 7003, 451, 170, 197, true, true
1206498, 5941, 7004, 452, 171, 198, true, true
1207566, 5987, 7004, 451, 170, 200, true, true
1207655, 5990, 7004, 450, 169, 202, true, true
1207942, 6000, 7006, 442, 168, 199, true, true
1208178, 6012, 7026, 460, 169, 199, true, true
1208187, 6013, 7062, 489, 169, 198, true, true
1208309, 6018, 7062, 488, 168, 198, true, true
1208504, 6027, 7062, 487, 167, 198, true, true
1209101, 6058, 7062, 474, 167, 201, true, true
1209841, 6080, 7062, 472, 166, 203, true, true
1209874, 6081, 7062, 471, 165, 203, true, true
1209889, 6082, 7062, 470, 164, 203, true, true
1210029, 6087, 7066, 473, 164, 202, true, true
1210224, 6098, 7067, 467, 165, 201, true, true
1210416, 6108, 7068, 468, 166, 200, true, true
1210904, 6122, 7070, 470, 167, 200, true, true
1211038, 6130, 7070, 469, 167, 200, true, true
1211074, 6132, 7070, 468, 167, 200, true, true
1211659, 6156, 7071, 466, 168, 201, true, true
1212172, 6173, 7075, 470, 169, 201, true, true
1212250, 6175, 7076, 471, 170, 200, true, true
1212297, 6177, 7077, 472, 171, 198, true, true
1212529, 6186, 7077, 471, 170, 198, true, true
1212859, 6202, 7078, 472, 171, 196, true, true
1212936, 6208, 7078, 471, 170, 198, true, true
1212952, 6209, 7078, 470, 169, 199, true, true
1213554, 6231, 7079, 471, 170, 198, true, true
1213892, 6238, 7079, 470, 170, 200, true, true
1214078, 6246, 7080, 469, 170, 199, true, true
1214370, 6258, 7081, 470, 171, 197, true, true
1214751, 6268, 7081, 469, 170, 197, true, true
1217670, 6363, 7081, 468, 169, 201, true, true
1218721, 6402, 7082, 469, 170, 203, true, true
1218835, 6407, 7082, 468, 169, 203, true, true
1219271, 6426, 7082, 467, 168, 204, true, true
1219372, 6431, 7084, 465, 169, 205, true, true
1220229, 6454, 7084, 462, 168, 208, true, true
1220315, 6459, 7085, 462, 168, 205, true, true
1220623, 6472, 7088, 465, 169, 205, true, true
1220664, 6473, 7090, 467, 170, 201, true, true
1221056, 6489, 7091, 468, 171, 200, true, true
1221334, 6502, 7093, 469, 171, 199, true, true
1221878, 6525, 7093, 468, 170, 202, true, true
1222249, 6541, 7094, 469, 171, 201, true, true
1222683, 6559, 7095, 468, 171, 198, true, true
1223200, 6578, 7095, 467, 170, 199, true, true
1223432, 6590, 7095, 465, 169, 200, true, true
1225039, 6652, 7095, 464, 169, 204, true, true
1225138, 6656, 7096, 465, 170, 204, true, true
1225369, 6665, 7097, 466, 171, 205, true, true
1225813, 6682, 7098, 466, 172, 205, true, true
1226304, 6698, 7101, 468, 172, 205, true, true
1226354, 6701, 7102, 469, 173, 204, true, true
1227803, 6761, 7103, 470, 174, 208, true, true
1227865, 6763, 7105, 472, 175, 207, true, true
1228800, 6796, 7105, 471, 174, 212, true, true
1228894, 6799, 7105, 470, 173, 212, true, true
1229161, 6813, 7105, 469, 172, 212, true, true
1229393, 6822, 7106, 470, 173, 209, true, true
1230164, 6852, 7106, 469, 172, 209, true, true
1230674, 6872, 7106, 468, 171, 210, true, true
1230684, 6873, 7108, 470, 172, 207, true, true
1230818, 6881, 7110, 472, 173, 205, true, true
1230950, 6887, 7113, 474, 173, 204, true, true
1231853, 6921, 7119, 479, 173, 205, true, true
1232650, 6926, 7120, 480, 174, 204, true, true
1232663, 6927, 7122, 482, 175, 203, true, true
1232854, 6933, 7123, 483, 176, 201, true, true
1233339, 6953, 7124, 484, 177, 200, true, true
1234675, 7004, 7134, 494, 178, 199, true, true
1235103, 7023, 7134, 493, 177, 199, true, true
1235859, 7036, 7134, 492, 176, 200, true, true
1235935, 7040, 7135, 493, 177, 200, true, true
1237201, 7076, 7136, 493, 177, 201, true, true
1237430, 7087, 7137, 494, 178, 200, true, true
1237461, 7089, 7137, 493, 177, 200, true, true
1237627, 7095, 7138, 493, 177, 199, true, true
1238977, 7148, 7138, 492, 176, 203, true, true
1239103, 7152, 7139, 493, 177, 202, true, true
1239524, 7169, 7141, 492, 178, 206, true, true
1239751, 7178, 7141, 490, 177, 207, true, true
1240605, 7215, 7143, 492, 178, 206, true, true
1240769, 7223, 7143, 491, 177, 207, true, true
1242717, 7304, 7146, 491, 178, 202, true, true
1242798, 7308, 7146, 490, 177, 202, true, true
1243668, 7342, 7147, 491, 178, 204, true, true
1243843, 7348, 7148, 491, 178, 200, true, true
1244081, 7358, 7148, 490, 177, 200, true, true
1244340, 7370, 7149, 491, 178, 199, true, true
1244422, 7372, 7150, 492, 179, 196, true, true
1245145, 7386, 7150, 490, 178, 196, true, true
1246191, 7420, 7150, 489, 177, 198, true, true
1246530, 7433, 7151, 490, 178, 198, true, true
1246715, 7441, 7152, 491, 179, 195, true, true
1246896, 7450, 7152, 490, 178, 196, true, true
1246915, 7451, 7170, 504, 177, 195, true, true
1246971, 7452, 7171, 505, 178, 194, true, true
1246995, 7455, 7171, 504, 177, 194, true, true
1247639, 7477, 7171, 502, 176, 195, true, true
1248858, 7504, 7171, 501, 175, 195, true, true
1249165, 7515, 7171, 497, 174, 195, true, true
1249228, 7518, 7171, 496, 173, 196, true, true
1249392, 7524, 7171, 495, 172, 196, true, true
1249559, 7531, 7171, 494, 171, 196, true, true
1251042, 7580, 7171, 493, 170, 198, true, true
1251352, 7596, 7173, 495, 171, 196, true, true
1252220, 7627, 7173, 492, 170, 199, true, true
1252309, 7629, 7173, 491, 169, 199, true, true
1253108, 7653, 7174, 492, 170, 200, true, true
1253131, 7654, 7174, 490, 169, 200, true, true
1253214, 7657, 7175, 491, 170, 198, true, true
1253573, 7672, 7175, 489, 169, 200, true, true
1253653, 7676, 7175, 488, 168, 200, true, true
1253956, 7684, 7175, 486, 167, 200, true, true
1254179, 7693, 7175, 471, 166, 201, true, true
1255490, 7726, 7175, 465, 165, 203, true, true
1255742, 7735, 7175, 464, 164, 203, true, true
1256484, 7763, 7176, 465, 165, 201, true, true
1258649, 7840, 7176, 464, 164, 206, true, true
1258718, 7843, 7178, 466, 165, 205, true, true
1259779, 7875, 7179, 466, 165, 201, true, true
1259864, 7878, 7179, 465, 165, 201, true, true
1259889, 7879, 7179, 464, 164, 201, true, true
1260925, 7915, 7180, 456, 163, 203, true, true
1262664, 7983, 7180, 455, 163, 206, true, true
1263342, 8013, 7181, 456, 164, 204, true, true
1263493, 8019, 7182, 457, 165, 203, true, true
1263876, 8037, 7183, 458, 166, 202, true, true
1265333, 8099, 7183, 457, 165, 204, true, true
1265606, 8108, 7183, 456, 164, 205, true, true
1268067, 8202, 7222, 493, 165, 206, true, true
1268131, 8205, 7223, 494, 166, 203, true, true
1268561, 8217, 7223, 493, 165, 204, true, true
1268573, 8218, 7224, 494, 166, 201, true, true
1268607, 8220, 7228, 494, 166, 198, true, true
1268668, 8222, 7228, 493, 165, 198, true, true
1269066, 8241, 7229, 494, 166, 197, true, true
1269865, 8263, 7230, 495, 167, 191, true, true
1269959, 8267, 7230, 493, 166, 191, true, true
1270391, 8279, 7230, 492, 165, 191, true, true
1271118, 8306, 7232, 494, 166, 191, true, true
1272161, 8341, 7232, 490, 165, 192, true, true
1272183, 8342, 7232, 480, 164, 192, true, true
1272801, 8362, 7232, 472, 163, 193, true, true
1273077, 8372, 7232, 470, 162, 193, true, true
1273525, 8386, 7233, 471, 163, 192, true, true
1273727, 8395, 7234, 472, 164, 189, true, true
1273876, 8401, 7236, 474, 165, 188, true, true
1274533, 8419, 7236, 473, 164, 189, true, true
1275144, 8439, 7237, 474, 165, 188, true, true
1275504, 8451, 7237, 472, 164, 190, true, true
1276473, 8490, 7238, 472, 165, 191, true, true
1277100, 8516, 7238, 471, 164, 193, true, true
1277795, 8541, 7238, 470, 163, 193, true, true
1278132, 8555, 7240, 472, 164, 193, true, true
1278261, 8559, 7240, 471, 163, 193, true, true
1278417, 8565, 7242, 473, 164, 192, true, true
1278506, 8570, 7243, 474, 165, 190, true, true
1279368, 8601, 7244, 475, 166, 189, true, true
1279781, 8618, 7245, 476, 167, 188, true, true
1280255, 8631, 7246, 477, 168, 187, true, true
1280700, 8644, 7248, 478, 169, 188, true, true
1280767, 8646, 7249, 479, 170, 186, true, true
1283968, 8741, 7249, 478, 169, 190, true, true
1285310, 8792, 7250, 479, 170, 189, true, true
1286009, 8821, 7250, 478, 169, 191, true, true
1288656, 8930, 7250, 477, 168, 194, true, true
1289859, 8977, 7252, 479, 169, 197, true, true
1290660, 9004, 7252, 478, 169, 198, true, true
1290961, 9019, 7252, 477, 168, 198, true, true
1291138, 9027, 7252, 476, 167, 198, true, true
1291165, 9029, 7256, 480, 168, 197, true, true
1291448, 9039, 7257, 480, 169, 196, true, true
1291712, 9050, 7258, 481, 170, 194, true, true
1294254, 9144, 7259, 482, 171, 197, true, true
1295979, 9194, 7259, 481, 170, 200, true, true
1298695, 9277, 7262, 483, 170, 202, true, true
1300246, 9319, 7262, 482, 169, 204, true, true
1301357, 9337, 7262, 481, 168, 205, true, true
1301418, 9339, 7262, 480, 167, 205, true, true
1302143, 9368, 7263, 478, 168, 205, true, true
1302525, 9386, 7264, 479, 169, 202, true, true
1302940, 9403, 7264, 478, 168, 203, true, true
1303322, 9415, 7265, 479, 169, 199, true, true
1303542, 9424, 7266, 480, 170, 198, true, true
1304207, 9444, 7266, 478, 168, 198, true, true
1304325, 9450, 7271, 483, 169, 196, true, true
1305801, 9508, 7271, 482, 168, 196, true, true
1305819, 9509, 7272, 483, 169, 195, true, true
1305918, 9515, 7274, 484, 170, 193, true, true
1306200, 9527, 7275, 485, 171, 193, true, true
1306336, 9532, 7283, 468, 171, 192, true, true
1307133, 9562, 7283, 467, 170, 195, true, true
1307267, 9567, 7308, 490, 171, 193, true, true
1309130, 9639, 7309, 491, 172, 196, true, true
1309233, 9643, 7309, 490, 171, 196, true, true
1309665, 9660, 7309, 489, 170, 197, true, true
1310021, 9674, 7309, 488, 169, 197, true, true
1310048, 9675, 7309, 487, 168, 197, true, true
1310089, 9677, 7310, 488, 169, 196, true, true
1311101, 9715, 7310, 487, 168, 200, true, true
1311640, 9737, 7311, 488, 169, 196, true, true
1312021, 9752, 7311, 487, 168, 197, true, true
1312489, 9767, 7312, 487, 169, 196, true, true
1312598, 9771, 7313, 488, 170, 194, true, true
1312662, 9773, 7314, 489, 171, 193, true, true
1313098, 9793, 7320, 461, 172, 195, true, true
1313492, 9806, 7320, 460, 172, 195, true, true
1313893, 9812, 7327, 467, 173, 194, true, true
1315347, 9858, 7330, 470, 174, 191, true, true
1315866, 9877, 7330, 469, 173, 192, true, true
1316166, 9888, 7331, 470, 174, 191, true, true
1316222, 9893, 7336, 475, 175, 190, true, true
1316993, 9921, 7338, 477, 176, 184, true, true
1317818, 9946, 7338, 475, 175, 184, true, true
1318683, 9984, 7355, 491, 175, 183, true, true
1319219, 10003, 7355, 489, 175, 183, true, true
1319401, 10010, 7357, 489, 175, 178, true, true
1322500, 10110, 7359, 487, 176, 181, true, true
1324376, 10178, 7360, 488, 177, 180, true, true
1324450, 10182, 7363, 491, 178, 178, true, true
1325046, 10203, 7363, 490, 177, 179, true, true
1325231, 10207, 7374, 497, 177, 178, true, true
1326075, 10241, 7374, 494, 176, 178, true, true
1326546, 10264, 7374, 493, 175, 179, true, true
1327235, 10286, 7374, 492, 174, 179, true, true
1329227, 10355, 7375, 493, 175, 183, true, true
1329417, 10361, 7381, 485, 176, 183, true, true
1330230, 10386, 7382, 486, 177, 185, true, true
1330260, 10387, 7382, 484, 177, 185, true, true
1332081, 10446, 7382, 483, 176, 186, true, true
1334230, 10522, 7382, 482, 175, 188, true, true
1334348, 10526, 7383, 483, 176, 185, true, true
1335355, 10553, 7383, 482, 175, 185, true, true
1335472, 10558, 7383, 481, 174, 185, true, true
1336186, 10586, 7383, 480, 173, 186, true, true
1336227, 10587, 7383, 477, 172, 186, true, true
1339912, 10715, 7383, 476, 172, 188, true, true
1341214, 10763, 7383, 475, 171, 190, true, true
1341892, 10783, 7383, 474, 171, 190, true, true
1342709, 10795, 7384, 474, 172, 190, true, true
1343100, 10805, 7386, 476, 173, 190, true, true
1344733, 10867, 7387, 477, 174, 190, true, true
1345019, 10878, 7389, 479, 175, 189, true, true
1346360, 10923, 7390, 479, 175, 187, true, true
1347225, 10951, 7390, 477, 174, 189, true, true
1347650, 10967, 7390, 476, 174, 189, true, true
1347749, 10972, 7390, 475, 173, 189, true, true
1348707, 11003, 7390, 474, 172, 189, true, true
1349007, 11015, 7391, 475, 173, 186, true, true
1349415, 11034, 7393, 477, 174, 185, true, true
1350341, 11068, 7393, 476, 174, 187, true, true
1353247, 11169, 7393, 475, 173, 188, true, true
1355456, 11243, 7393, 474, 172, 189, true, true
1356861, 11290, 7400, 480, 172, 193, true, true
1356984, 11295, 7400, 476, 171, 193, true, true
1357077, 11297, 7400, 475, 170, 193, true, true
1357291, 11304, 7402, 477, 171, 191, true, true
1357549, 11313, 7402, 475, 170, 191, true, true
1357943, 11324, 7404, 477, 171, 190, true, true
1358241, 11336, 7407, 474, 172, 189, true, true
1358540, 11348, 7407, 473, 171, 189, true, true
1358655, 11353, 7408, 474, 172, 183, true, true
1359728, 11392, 7408, 473, 171, 185, true, true
1364152, 11531, 7409, 474, 172, 183, true, true
1364802, 11551, 7411, 476, 173, 183, true, true
1367059, 11636, 7411, 475, 172, 186, true, true
1369915, 11752, 7413, 477, 173, 184, true, true
1370891, 11789, 7415, 479, 174, 182, true, true
1370914, 11790, 7415, 478, 173, 182, true, true
1371065, 11796, 7416, 479, 174, 180, true, true
1372785, 11855, 7417, 479, 174, 178, true, true
1374423, 11912, 7417, 478, 173, 181, true, true
1376540, 11975, 7418, 479, 174, 183, true, true
1376679, 11980, 7419, 480, 175, 182, true, true
1377090, 11995, 7419, 479, 174, 182, true, true
1377513, 12002, 7419, 478, 173, 182, true, true
1381620, 12152, 7420, 479, 174, 187, true, true
1383274, 12214, 7420, 478, 173, 192, true, true
1384370, 12251, 7420, 477, 172, 193, true, true
1384833, 12273, 7420, 476, 171, 194, true, true
1385412, 12298, 7421, 477, 172, 194, true, true
1386913, 12351, 7423, 478, 172, 193, true, true
1387456, 12373, 7423, 477, 171, 193, true, true
1388862, 12416, 7424, 478, 172, 194, true, true
1389355, 12430, 7424, 477, 171, 194, true, true
1390607, 12475, 7425, 477, 171, 189, true, true
1390621, 12476, 7426, 478, 172, 188, true, true
1392876, 12552, 7428, 480, 173, 186, true, true
1400200, 12780, 7429, 481, 174, 187, true, true
1400340, 12787, 7430, 482, 175, 184, true, true
1400626, 12792, 7431, 483, 176, 182, true, true
1402065, 12830, 7432, 484, 177, 180, true, true
1402691, 12854, 7432, 482, 177, 181, true, true
1403554, 12868, 7433, 483, 178, 181, true, true
1404522, 12904, 7434, 484, 179, 181, true, true
1404602, 12906, 7434, 482, 178, 181, true, true
1405096, 12925, 7434, 481, 178, 181, true, true
1405281, 12933, 7436, 482, 179, 179, true, true
1408254, 13035, 7436, 481, 178, 183, true, true
1408544, 13047, 7437, 482, 179, 182, true, true
1412504, 13177, 7437, 481, 178, 183, true, true
1412692, 13186, 7437, 477, 177, 183, true, true
1412828, 13193, 7438, 477, 177, 182, true, true
1412942, 13197, 7439, 478, 178, 179, true, true
1413584, 13224, 7439, 476, 177, 180, true, true
1415727, 13312, 7439, 474, 177, 183, true, true
1415798, 13315, 7440, 475, 178, 179, true, true
1416116, 13323, 7442, 477, 179, 178, true, true
1417154, 13362, 7442, 476, 178, 178, true, true
1419345, 13432, 7448, 464, 177, 178, true, true
1419434, 13435, 7448, 463, 176, 178, true, true
1419702, 13446, 7448, 462, 175, 178, true, true
1421324, 13507, 7458, 472, 176, 176, true, true
1422122, 13534, 7459, 473, 177, 177, true, true
1422372, 13542, 7459, 472, 176, 177, true, true
1422683, 13553, 7459, 471, 176, 178, true, true
1422788, 13559, 7462, 474, 177, 175, true, true
1422948, 13565, 7463, 474, 178, 174, true, true
1424442, 13618, 7463, 473, 177, 178, true, true
1427187, 13712, 7463, 472, 177, 179, true, true
1427376, 13719, 7463, 470, 176, 179, true, true
1427484, 13724, 7463, 469, 175, 179, true, true
1429099, 13775, 7464, 469, 175, 176, true, true
1429904, 13806, 7464, 468, 174, 179, true, true
1430812, 13839, 7464, 467, 173, 181, true, true
1432971, 13919, 7464, 465, 172, 182, true, true
1433689, 13941, 7467, 463, 173, 181, true, true
1434019, 13952, 7468, 463, 174, 179, true, true
1434550, 13976, 7469, 464, 175, 178, true, true
1437392, 14078, 7473, 468, 176, 176, true, true
1437700, 14088, 7474, 469, 177, 174, true, true
1438411, 14111, 7474, 468, 176, 174, true, true
1439597, 14146, 7474, 467, 176, 175, true, true
1440936, 14191, 7475, 468, 177, 177, true, true
1442208, 14208, 7475, 467, 176, 177, true, true
1442442, 14217, 7476, 468, 177, 177, true, true
1443436, 14233, 7476, 465, 176, 177, true, true
1444850, 14270, 7477, 466, 177, 177, true, true
1445752, 14299, 7477, 465, 176, 177, true, true
1446115, 14308, 7482, 463, 175, 176, true, true
1446676, 14327, 7484, 457, 176, 175, true, true
1446988, 14338, 7484, 456, 175, 175, true, true
1447055, 14341, 7484, 455, 174, 175, true, true
1449025, 14407, 7488, 459, 175, 176, true, true
1449946, 14439, 7489, 460, 176, 173, true, true
1450810, 14470, 7489, 453, 175, 174, true, true
1451373, 14490, 7489, 452, 174, 175, true, true
1451965, 14515, 7491, 454, 175, 174, true, true
1455235, 14620, 7492, 455, 176, 176, true, true
1455445, 14631, 7495, 458, 177, 175, true, true
1455506, 14634, 7497, 459, 177, 174, true, true
1456860, 14679, 7498, 459, 177, 172, true, true
1460159, 14789, 7498, 456, 177, 174, true, true
1461414, 14827, 7498, 455, 176, 175, true, true
1462428, 14861, 7498, 454, 175, 177, true, true
1462644, 14869, 7499, 455, 176, 176, true, true
1463257, 14893, 7499, 445, 175, 176, true, true
1463586, 14906, 7499, 444, 174, 177, true, true
1465532, 14954, 7500, 445, 175, 177, true, true
1467692, 15033, 7500, 443, 174, 177, true, true
1470482, 15118, 7500, 442, 173, 181, true, true
1471019, 15140, 7500, 441, 172, 181, true, true
1471216, 15149, 7501, 442, 173, 177, true, true
1472659, 15200, 7501, 441, 172, 177, true, true
1472965, 15208, 7501, 440, 171, 177, true, true
1473610, 15238, 7502, 441, 172, 176, true, true
1473804, 15245, 7502, 439, 172, 176, true, true
1474306, 15262, 7503, 440, 173, 172, true, true
1474927, 15286, 7504, 441, 174, 169, true, true
1475327, 15300, 7504, 436, 173, 170, true, true
1476025, 15325, 7505, 437, 174, 170, true, true
1477610, 15379, 7505, 436, 173, 170, true, true
1477807, 15383, 7507, 437, 173, 169, true, true
1478049, 15394, 7508, 438, 174, 168, true, true
1478768, 15416, 7508, 435, 173, 168, true, true
1479683, 15453, 7508, 434, 172, 168, true, true
1480410, 15478, 7509, 435, 173, 167, true, true
1480602, 15485, 7509, 434, 172, 168, true, true
1483640, 15584, 7524, 446, 173, 166, true, true
1483679, 15585, 7524, 445, 172, 166, true, true
1483983, 15593, 7524, 444, 171, 166, true, true
1485927, 15670, 7525, 445, 172, 165, true, true
1486665, 15693, 7525, 444, 171, 165, true, true
1489342, 15779, 7525, 443, 170, 168, true, true
1489549, 15785, 7526, 443, 170, 166, true, true
1489952, 15800, 7528, 445, 171, 166, true, true
1491023, 15837, 7529, 446, 172, 167, true, true
1492140, 15874, 7529, 445, 171, 169, true, true
1493426, 15915, 7529, 443, 170, 170, true, true
1494464, 15948, 7530, 444, 171, 169, true, true
1496135, 16000, 7530, 441, 170, 170, true, true
1497200, 16040, 7531, 442, 171, 169, true, true
1497396, 16048, 7531, 441, 171, 169, true, true
1498258, 16080, 7532, 442, 172, 168, true, true
1499012, 16112, 7532, 432, 172, 170, true, true
1499459, 16126, 7532, 430, 171, 170, true, true
1505309, 16328, 7533, 431, 172, 169, true, true
1506901, 16374, 7533, 430, 171, 170, true, true
1507147, 16383, 7536, 433, 172, 169, true, true
1508139, 16417, 7536, 432, 171, 171, true, true
1508190, 16419, 7537, 433, 172, 170, true, true
1510664, 16509, 7539, 435, 173, 170, true, true
1512859, 16592, 7540, 436, 174, 170, true, true
1513908, 16635, 7540, 434, 173, 172, true, true
1516383, 16729, 7540, 433, 172, 174, true, true
1521631, 16894, 7541, 434, 173, 175, true, true
1522779, 16934, 7542, 435, 174, 170, true, true
1522877, 16938, 7542, 433, 173, 170, true, true
1524195, 16972, 7543, 434, 174, 170, true, true
1524736, 16991, 7544, 435, 175, 169, true, true
1525062, 17005, 7545, 436, 176, 167, true, true
1526167, 17045, 7545, 426, 175, 167, true, true
1526793, 17072, 7545, 425, 174, 168, true, true
1527197, 17086, 7547, 427, 175, 167, true, true
1527855, 17106, 7549, 429, 176, 165, true, true
1532883, 17266, 7549, 425, 174, 166, true, true
1533336, 17279, 7550, 426, 175, 165, true, true
1533672, 17294, 7550, 425, 174, 165, true, true
1534733, 17332, 7551, 426, 175, 165, true, true
1536090, 17378, 7552, 427, 176, 165, true, true
1539109, 17472, 7553, 427, 177, 168, true, true
1540458, 17519, 7553, 426, 176, 170, true, true
1542057, 17575, 7553, 425, 175, 170, true, true
1542535, 17595, 7555, 427, 176, 169, true, true
1543380, 17625, 7555, 426, 175, 170, true, true
1546952, 17753, 7555, 425, 174, 170, true, true
1547873, 17787, 7555, 424, 173, 171, true, true
1548186, 17798, 7555, 419, 173, 171, true, true
1548400, 17804, 7563, 427, 174, 170, true, true
1550227, 17874, 7564, 427, 175, 170, true, true
1551020, 17900, 7564, 423, 174, 170, true, true
1552453, 17943, 7568, 425, 175, 167, true, true
1552568, 17949, 7569, 426, 176, 163, true, true
1553926, 17997, 7570, 427, 177, 163, true, true
1561527, 18219, 7571, 428, 178, 164, true, true
1561571, 18221, 7572, 429, 179, 163, true, true
1562121, 18241, 7577, 434, 180, 162, true, true
1562805, 18267, 7577, 433, 179, 162, true, true
1563742, 18302, 7577, 432, 178, 162, true, true
1563847, 18306, 7577, 431, 177, 162, true, true
1564681, 18339, 7583, 430, 176, 161, true, true
1568107, 18459, 7583, 429, 175, 162, true, true
1569571, 18495, 7584, 429, 176, 162, true, true
1569742, 18501, 7584, 428, 175, 162, true, true
1570563, 18537, 7584, 426, 174, 162, true, true
1572551, 18602, 7586, 427, 174, 160, true, true
1573136, 18619, 7586, 426, 174, 160, true, true
1574453, 18662, 7589, 429, 175, 159, true, true
1576109, 18718, 7592, 431, 176, 159, true, true
1577850, 18786, 7592, 430, 175, 160, true, true
1579518, 18833, 7592, 426, 174, 160, true, true
1579664, 18837, 7592, 425, 173, 160, true, true
1583951, 18991, 7592, 424, 172, 160, true, true
1585103, 19032, 7594, 426, 173, 157, true, true
1585477, 19047, 7595, 427, 174, 154, true, true
1586224, 19076, 7598, 430, 175, 153, true, true
1587306, 19112, 7601, 433, 176, 153, true, true
1587384, 19115, 7601, 431, 175, 153, true, true
1588702, 19158, 7602, 432, 176, 152, true, true
1589652, 19189, 7602, 431, 175, 153, true, true
1590450, 19210, 7602, 428, 174, 153, true, true
1590739, 19222, 7605, 427, 175, 152, true, true
1591077, 19236, 7606, 428, 176, 149, true, true
1591534, 19255, 7607, 429, 177, 147, true, true
1592301, 19288, 7613, 411, 178, 146, true, true
1594050, 19360, 7613, 410, 177, 148, true, true
1594167, 19364, 7613, 409, 176, 148, true, true
1594775, 19386, 7616, 407, 176, 146, true, true
1594896, 19390, 7620, 410, 176, 146, true, true
1596256, 19435, 7621, 411, 177, 143, true, true
1596453, 19439, 7621, 410, 176, 143, true, true
1597617, 19484, 7621, 409, 175, 144, true, true
1600166, 19548, 7624, 412, 176, 138, true, true
1600279, 19552, 7628, 416, 177, 135, true, true
1601174, 19581, 7629, 417, 178, 133, true, true
1605722, 19741, 7629, 416, 177, 134, true, true
1607376, 19788, 7629, 414, 176, 139, true, true
1609794, 19862, 7629, 413, 176, 139, true, true
1612366, 19957, 7629, 412, 175, 143, true, true
1615846, 20067, 7630, 413, 176, 144, true, true
1618749, 20155, 7631, 414, 177, 142, true, true
1619770, 20184, 7632, 415, 178, 142, true, true
1620852, 20229, 7633, 416, 179, 141, true, true
1622369, 20279, 7634, 417, 180, 142, true, true
1625134, 20370, 7649, 423, 181, 141, true, true
1626718, 20413, 7650, 424, 182, 142, true, true
1632093, 20598, 7650, 423, 181, 144, true, true
1632379, 20610, 7651, 424, 182, 143, true, true
1632982, 20634, 7653, 426, 183, 142, true, true
1633110, 20641, 7654, 427, 184, 140, true, true
1633473, 20650, 7654, 426, 183, 140, true, true
1635124, 20713, 7655, 427, 184, 139, true, true
1635796, 20735, 7655, 426, 183, 140, true, true
1636262, 20749, 7657, 428, 184, 140, true, true
1636520, 20757, 7657, 425, 184, 140, true, true
1636910, 20763, 7657, 424, 183, 140, true, true
1637900, 20788, 7658, 425, 184, 139, true, true
1644166, 20982, 7659, 426, 185, 137, true, true
1651518, 21207, 7660, 427, 186, 138, true, true
1652469, 21241, 7660, 425, 185, 139, true, true
1656820, 21360, 7660, 424, 184, 139, true, true
1660439, 21480, 7660, 422, 183, 139, true, true
1663588, 21589, 7661, 423, 184, 140, true, true
1663708, 21597, 7663, 425, 185, 139, true, true
1665396, 21660, 7664, 426, 186, 138, true, true
1666779, 21704, 7665, 426, 187, 138, true, true
1671522, 21847, 7665, 425, 187, 138, true, true
1672167, 21867, 7666, 416, 188, 137, true, true
1672904, 21896, 7666, 415, 187, 137, true, true
1678898, 22066, 7667, 416, 188, 140, true, true
1680292, 22106, 7668, 417, 189, 138, true, true
1692332, 22497, 7698, 433, 190, 143, true, true
1692886, 22517, 7698, 432, 190, 143, true, true
1692901, 22518, 7698, 431, 190, 143, true, true
1694067, 22555, 7703, 431, 190, 142, true, true
1694432, 22570, 7705, 433, 191, 140, true, true
1694800, 22578, 7706, 434, 192, 136, true, true
1699493, 22740, 7709, 437, 193, 137, true, true
1700471, 22772, 7718, 442, 194, 137, true, true
1700965, 22788, 7718, 440, 193, 138, true, true
1703644, 22882, 7718, 439, 192, 140, true, true
1707787, 23020, 7718, 437, 192, 142, true, true
1709785, 23090, 7719, 438, 193, 140, true, true
1710457, 23114, 7720, 439, 194, 139, true, true
1712751, 23195, 7720, 438, 193, 139, true, true
1714778, 23263, 7720, 436, 192, 139, true, true
1718790, 23409, 7720, 435, 192, 139, true, true
1723752, 23584, 7721, 434, 193, 138, true, true
1726432, 23682, 7721, 431, 192, 138, true, true
1727453, 23713, 7721, 430, 191, 139, true, true
1728837, 23753, 7721, 429, 190, 140, true, true
1729882, 23784, 7721, 428, 189, 141, true, true
1731932, 23860, 7721, 427, 188, 143, true, true
1732760, 23890, 7721, 426, 187, 144, true, true
1733315, 23907, 7721, 425, 186, 145, true, true
1738729, 24107, 7721, 418, 185, 147, true, true
1739585, 24138, 7722, 411, 185, 146, true, true
1741196, 24179, 7723, 412, 186, 140, true, true
1741989, 24200, 7725, 414, 187, 137, true, true
1744642, 24289, 7726, 415, 188, 140, true, true
1745086, 24306, 7726, 414, 188, 141, true, true
1745126, 24308, 7728, 414, 188, 139, true, true
1745471, 24322, 7730, 416, 189, 138, true, true
1747210, 24375, 7730, 415, 188, 138, true, true
1748429, 24424, 7731, 416, 189, 136, true, true
1749124, 24450, 7731, 414, 187, 137, true, true
1750249, 24490, 7731, 413, 186, 137, true, true
1751095, 24516, 7732, 414, 187, 136, true, true
1753813, 24597, 7732, 412, 186, 139, true, true
1754357, 24616, 7732, 411, 185, 139, true, true
1755605, 24659, 7732, 410, 184, 141, true, true
1755862, 24668, 7732, 408, 183, 141, true, true
1765594, 25011, 7732, 407, 182, 145, true, true
1775062, 25351, 7732, 405, 181, 150, true, true
1776469, 25405, 7732, 404, 180, 151, true, true
1779242, 25508, 7732, 403, 179, 151, true, true
1786147, 25756, 7732, 402, 178, 154, true, true
1786796, 25780, 7733, 403, 179, 152, true, true
1789841, 25889, 7733, 402, 178, 153, true, true
1790593, 25909, 7733, 399, 177, 153, true, true
1792066, 25947, 7733, 398, 176, 153, true, true
1794582, 26028, 7734, 399, 177, 153, true, true
1795991, 26063, 7734, 396, 177, 153, true, true
1796137, 26069, 7734, 395, 176, 153, true, true
1797153, 26087, 7734, 394, 175, 153, true, true
1801668, 26260, 7735, 395, 176, 152, true, true
1803574, 26324, 7735, 394, 175, 152, true, true
1808472, 26482, 7737, 396, 176, 152, true, true
1810652, 26533, 7738, 397, 177, 150, true, true
1812547, 26602, 7739, 398, 178, 151, true, true
1816496, 26751, 7740, 399, 179, 152, true, true
1819539, 26851, 7740, 397, 178, 154, true, true
1823751, 27005, 7740, 396, 177, 156, true, true
1824950, 27043, 7742, 398, 178, 154, true, true
1825307, 27054, 7743, 399, 179, 147, true, true
1826702, 27105, 7743, 398, 178, 151, true, true
1827494, 27131, 7743, 397, 177, 152, true, true
1827727, 27141, 7744, 398, 178, 151, true, true
1829468, 27209, 7744, 395, 178, 153, true, true
1830028, 27228, 7745, 396, 179, 148, true, true
1831453, 27286, 7745, 395, 178, 152, true, true
1835285, 27427, 7745, 391, 178, 153, true, true
1839707, 27577, 7746, 392, 179, 152, true, true
1840248, 27593, 7748, 393, 180, 151, true, true
1841118, 27616, 7750, 395, 181, 151, true, true
1841359, 27627, 7751, 396, 182, 149, true, true
1854316, 28095, 7762, 400, 183, 152, true, true
1858753, 28260, 7762, 399, 182, 154, true, true
1860827, 28337, 7763, 398, 182, 151, true, true
1861254, 28355, 7763, 397, 181, 151, true, true
1864827, 28491, 7764, 398, 182, 152, true, true
1870215, 28713, 7764, 396, 181, 155, true, true
1871135, 28742, 7765, 397, 182, 153, true, true
1872453, 28789, 7766, 398, 183, 151, true, true
1876876, 28935, 7768, 400, 184, 150, true, true
1877062, 28942, 7768, 399, 183, 150, true, true
1878539, 28987, 7772, 399, 183, 148, true, true
1879913, 29030, 7772, 398, 182, 148, true, true
1881870, 29103, 7772, 397, 181, 151, true, true
1884054, 29162, 7773, 397, 181, 149, true, true
1889860, 29341, 7773, 396, 180, 151, true, true
1893002, 29460, 7774, 397, 181, 150, true, true
1895000, 29543, 7774, 396, 180, 152, true, true
1896242, 29581, 7775, 397, 181, 148, true, true
1898998, 29679, 7775, 393, 181, 150, true, true
1902662, 29799, 7775, 392, 180, 151, true, true
1904701, 29866, 7775, 391, 179, 151, true, true
1910554, 30078, 7775, 390, 178, 153, true, true
1911839, 30124, 7775, 389, 177, 153, true, true
1914567, 30215, 7776, 390, 178, 152, true, true
1916747, 30313, 7776, 389, 178, 152, true, true
1921326, 30466, 7776, 387, 178, 154, true, true
1921709, 30479, 7776, 386, 177, 154, true, true
1924433, 30588, 7777, 387, 178, 156, true, true
1925805, 30643, 7778, 388, 179, 155, true, true
1931936, 30898, 7778, 387, 178, 155, true, true
1939315, 31168, 7778, 383, 177, 160, true, true
1939606, 31178, 7778, 382, 177, 160, true, true
1940335, 31210, 7779, 383, 178, 158, true, true
1944736, 31376, 7779, 382, 177, 160, true, true
1947126, 31476, 7780, 375, 178, 159, true, true
1947200, 31480, 7780, 374, 177, 159, true, true
1948543, 31528, 7781, 375, 178, 158, true, true
1948603, 31531, 7785, 379, 179, 157, true, true
1950542, 31598, 7793, 387, 180, 157, true, true
1951357, 31629, 7794, 388, 181, 155, true, true
1954313, 31737, 7794, 384, 181, 156, true, true
1954449, 31743, 7794, 383, 180, 156, true, true
1957522, 31868, 7794, 382, 179, 159, true, true
1957817, 31882, 7795, 383, 180, 155, true, true
1963795, 32075, 7795, 382, 179, 156, true, true
1965042, 32124, 7795, 381, 178, 158, true, true
1965634, 32151, 7795, 380, 178, 159, true, true
1967126, 32197, 7797, 382, 179, 158, true, true
1967146, 32198, 7797, 381, 178, 158, true, true
1982598, 32729, 7797, 380, 178, 162, true, true
1984316, 32798, 7804, 387, 179, 161, true, true
1984453, 32805, 7805, 388, 180, 160, true, true
1984595, 32811, 7805, 387, 179, 160, true, true
1985336, 32840, 7805, 386, 178, 161, true, true
1993004, 33151, 7805, 385, 177, 166, true, true
1994240, 33205, 7805, 381, 176, 166, true, true
1995228, 33249, 7805, 380, 175, 167, true, true
1996010, 33281, 7806, 381, 176, 165, true, true
1996863, 33314, 7812, 387, 177, 161, true, true
2000964, 33469, 7812, 386, 177, 163, true, true
2008187, 33737, 7813, 387, 178, 163, true, true
2009439, 33784, 7814, 388, 179, 161, true, true
2011280, 33866, 7814, 387, 178, 165, true, true
2011870, 33887, 7814, 386, 177, 165, true, true
2018053, 34119, 7814, 385, 176, 167, true, true
2027717, 34444, 7815, 386, 177, 168, true, true
2031594, 34591, 7815, 384, 176, 170, true, true
2032484, 34625, 7818, 385, 177, 169, true, true
2035169, 34706, 7819, 386, 178, 168, true, true
2036677, 34764, 7819, 385, 177, 169, true, true
2036748, 34767, 7819, 384, 176, 169, true, true
2036945, 34778, 7820, 381, 176, 168, true, true
2038491, 34835, 7821, 382, 177, 167, true, true
2039319, 34869, 7821, 381, 176, 167, true, true
2041396, 34945, 7822, 380, 175, 168, true, true
2042138, 34974, 7822, 379, 174, 168, true, true
2046427, 35123, 7822, 378, 173, 171, true, true
2047515, 35170, 7825, 381, 174, 170, true, true
2049303, 35241, 7825, 380, 173, 172, true, true
2058720, 35564, 7826, 381, 174, 169, true, true
2062159, 35659, 7827, 382, 175, 166, true, true
2068889, 35922, 7828, 382, 175, 167, true, true
2075762, 36195, 7828, 380, 174, 169, true, true
2077514, 36276, 7828, 379, 173, 169, true, true
2080843, 36392, 7828, 378, 172, 169, true, true
2081248, 36403, 7828, 377, 171, 169, true, true
2084429, 36514, 7828, 376, 171, 170, true, true
2096643, 36935, 7829, 377, 172, 173, true, true
2101231, 37106, 7830, 377, 172, 174, true, true
2101583, 37119, 7830, 376, 171, 174, true, true
2102699, 37158, 7830, 374, 170, 175, true, true
2110981, 37482, 7830, 373, 169, 182, true, true
2115770, 37668, 7830, 372, 168, 185, true, true
2120520, 37859, 7830, 371, 167, 188, true, true
2130296, 38210, 7831, 372, 168, 193, true, true
2134061, 38349, 7832, 373, 169, 192, true, true
2138434, 38515, 7832, 372, 168, 194, true, true
2141581, 38634, 7833, 373, 169, 194, true, true
2142501, 38678, 7833, 367, 168, 194, true, true
2144584, 38776, 7835, 368, 168, 192, true, true
2148943, 38965, 7836, 369, 169, 184, true, true
2154140, 39182, 7836, 366, 168, 187, true, true
2162017, 39484, 7836, 365, 167, 190, true, true
2163389, 39549, 7837, 364, 168, 189, true, true
2164051, 39558, 7838, 365, 169, 187, true, true
2164146, 39563, 7842, 369, 170, 187, true, true
2166559, 39658, 7842, 368, 169, 187, true, true
2171888, 39861, 7843, 369, 170, 186, true, true
2173154, 39887, 7843, 368, 170, 186, true, true
2174063, 39915, 7843, 367, 169, 186, true, true
2175747, 39990, 7844, 367, 170, 185, true, true
2178859, 40133, 7847, 369, 170, 184, true, true
2180073, 40177, 7847, 367, 168, 185, true, true
2181737, 40243, 7847, 366, 168, 185, true, true
2184403, 40315, 7847, 363, 168, 186, true, true
2185312, 40341, 7847, 362, 167, 186, true, true
2189675, 40515, 7847, 361, 166, 187, true, true
2198020, 40815, 7848, 362, 167, 186, true, true
2198231, 40824, 7848, 361, 166, 186, true, true
2198303, 40828, 7851, 363, 166, 185, true, true
2199860, 40907, 7851, 362, 165, 185, true, true
2204778, 41096, 7852, 363, 166, 184, true, true
2205683, 41128, 7852, 362, 165, 186, true, true
2210241, 41312, 7852, 361, 164, 188, true, true
2214092, 41470, 7853, 362, 165, 183, true, true
2214396, 41484, 7855, 364, 166, 182, true, true
2217398, 41597, 7856, 365, 167, 180, true, true
2228180, 42010, 7856, 364, 166, 186, true, true
2237212, 42403, 7856, 363, 165, 192, true, true
2237772, 42429, 7856, 362, 164, 192, true, true
2244774, 42720, 7856, 361, 163, 195, true, true
2245497, 42753, 7856, 360, 163, 195, true, true
2246145, 42781, 7856, 359, 162, 195, true, true
2252333, 43025, 7856, 358, 162, 196, true, true
2254776, 43109, 7856, 357, 162, 197, true, true
2255491, 43137, 7856, 356, 161, 197, true, true
2258777, 43281, 7856, 355, 160, 199, true, true
2261582, 43410, 7856, 354, 160, 200, true, true
2271931, 43843, 7858, 356, 161, 203, true, true
2274246, 43934, 7859, 357, 162, 202, true, true
2278857, 44128, 7860, 358, 163, 200, true, true
2284249, 44372, 7861, 359, 164, 198, true, true
2284361, 44375, 7861, 358, 164, 198, true, true
2285088, 44408, 7861, 357, 163, 198, true, true
2287856, 44529, 7862, 358, 164, 197, true, true
2290903, 44653, 7863, 359, 165, 194, true, true
2292281, 44716, 7869, 362, 165, 193, true, true
2294169, 44789, 7870, 363, 166, 189, true, true
2301117, 45059, 7870, 361, 165, 193, true, true
2302538, 45114, 7872, 363, 166, 193, true, true
2304142, 45185, 7873, 363, 167, 192, true, true
2305187, 45226, 7873, 362, 166, 192, true, true
2312346, 45487, 7874, 363, 167, 190, true, true
2312628, 45502, 7874, 362, 166, 190, true, true
2314481, 45575, 7874, 361, 165, 191, true, true
2315450, 45611, 7875, 362, 166, 187, true, true
2319670, 45782, 7875, 361, 165, 187, true, true
2323957, 45930, 7875, 360, 164, 187, true, true
2325064, 45967, 7875, 359, 163, 187, true, true
2347765, 46863, 7876, 360, 164, 194, true, true
2351278, 46975, 7876, 359, 163, 196, true, true
2362682, 47438, 7876, 358, 163, 199, true, true
2364751, 47530, 7876, 357, 162, 201, true, true
2366910, 47623, 7878, 359, 163, 200, true, true
2367092, 47629, 7878, 357, 162, 200, true, true
2370049, 47730, 7879, 358, 163, 199, true, true
2371726, 47800, 7880, 359, 164, 199, true, true
2372196, 47818, 7880, 354, 163, 199, true, true
2373906, 47891, 7880, 353, 162, 200, true, true
2383398, 48275, 7880, 350, 161, 201, true, true
2384553, 48324, 7880, 349, 160, 202, true, true
2388628, 48482, 7881, 350, 161, 203, true, true
2389008, 48500, 7882, 351, 162, 202, true, true
2389233, 48511, 7883, 352, 163, 202, true, true
2390530, 48569, 7888, 357, 164, 201, true, true
2391102, 48592, 7889, 358, 165, 199, true, true
2397164, 48843, 7889, 357, 164, 199, true, true
2398297, 48878, 7889, 356, 163, 199, true, true
2405151, 49143, 7889, 354, 162, 202, true, true
2405896, 49175, 7890, 355, 163, 198, true, true
2405914, 49177, 7891, 356, 164, 196, true, true
2407970, 49254, 7891, 355, 163, 199, true, true
2408121, 49262, 7892, 356, 164, 196, true, true
2418395, 49656, 7893, 357, 165, 199, true, true
2419277, 49701, 7893, 355, 165, 201, true, true
2425737, 49981, 7894, 355, 165, 203, true, true
2428576, 50097, 7894, 354, 164, 204, true, true
2428739, 50104, 7894, 353, 164, 204, true, true
2436572, 50353, 7905, 362, 165, 202, true, true
2441369, 50519, 7909, 366, 166, 205, true, true
2441714, 50534, 7909, 365, 165, 205, true, true
2452895, 50951, 7909, 364, 164, 207, true, true
2455303, 51067, 7909, 363, 163, 207, true, true
2455449, 51074, 7911, 365, 164, 205, true, true
2458201, 51178, 7911, 364, 163, 206, true, true
2458443, 51188, 7911, 363, 162, 206, true, true
2460222, 51259, 7912, 364, 163, 204, true, true
2461724, 51326, 7912, 359, 163, 204, true, true
2465587, 51467, 7912, 358, 162, 205, true, true
2480146, 51986, 7912, 357, 162, 209, true, true
2480900, 52001, 7912, 356, 161, 209, true, true
2486448, 52219, 7940, 383, 161, 208, true, true
2487564, 52261, 7941, 384, 162, 201, true, true
2489672, 52349, 7941, 383, 161, 201, true, true
2491516, 52405, 7941, 382, 160, 201, true, true
2495048, 52539, 7941, 381, 159, 206, true, true
2509054, 53060, 7942, 382, 160, 209, true, true
2510657, 53118, 7942, 381, 160, 209, true, true
2511456, 53145, 7944, 383, 161, 207, true, true
2513039, 53187, 7944, 382, 160, 208, true, true
2523352, 53606, 7945, 383, 161, 211, true, true
2526130, 53717, 7945, 382, 160, 211, true, true
2528260, 53789, 7945, 381, 159, 211, true, true
2529085, 53824, 7946, 382, 160, 209, true, true
2529951, 53853, 7946, 381, 159, 209, true, true
2533880, 53995, 7947, 382, 160, 208, true, true
2535573, 54058, 7947, 381, 159, 208, true, true
2536881, 54117, 7947, 380, 158, 208, true, true
2537357, 54128, 7947, 379, 157, 208, true, true
2537729, 54144, 7949, 381, 158, 207, true, true
2539602, 54221, 7951, 383, 159, 205, true, true
2541452, 54295, 7952, 384, 160, 204, true, true
2543904, 54348, 7952, 381, 159, 204, true, true
2547619, 54470, 7953, 382, 160, 203, true, true
2548155, 54486, 7956, 385, 161, 202, true, true
2549087, 54522, 7957, 386, 162, 198, true, true
2550165, 54563, 7958, 387, 163, 196, true, true
2553946, 54702, 7959, 387, 164, 193, true, true
2567902, 55230, 7959, 386, 163, 199, true, true
2568100, 55237, 7959, 385, 162, 199, true, true
2569043, 55274, 7966, 390, 163, 198, true, true
2577212, 55529, 7979, 397, 164, 198, true, true
2584068, 55779, 7979, 396, 163, 200, true, true
2588221, 55948, 7983, 400, 164, 198, true, true
2593400, 56157, 7983, 399, 163, 198, true, true
2594883, 56210, 7983, 397, 161, 198, true, true
2598304, 56331, 7990, 399, 162, 197, true, true
2608963, 56743, 7992, 397, 163, 193, true, true
2614375, 56959, 7993, 398, 164, 191, true, true
2617624, 57072, 7994, 399, 165, 188, true, true
2623634, 57306, 7995, 399, 165, 189, true, true
2625827, 57370, 7995, 397, 164, 189, true, true
2632028, 57606, 7995, 394, 163, 189, true, true
2646364, 58107, 7995, 393, 162, 191, true, true
2646793, 58121, 7996, 393, 162, 191, true, true
2647553, 58151, 7996, 392, 162, 191, true, true
2661091, 58611, 7997, 393, 163, 192, true, true
2662054, 58657, 7997, 391, 162, 192, true, true
2666508, 58804, 7997, 390, 161, 195, true, true
2673135, 59035, 7997, 389, 160, 195, true, true
2674658, 59081, 7999, 391, 161, 192, true, true
2674826, 59088, 8000, 392, 162, 188, true, true
2677882, 59203, 8001, 393, 163, 184, true, true
2678611, 59233, 8001, 392, 162, 184, true, true
2681459, 59322, 8003, 387, 162, 183, true, true
2698147, 59924, 8003, 386, 161, 184, true, true
2708872, 60275, 8005, 388, 162, 182, true, true
2709332, 60295, 8005, 387, 161, 182, true, true
2719203, 60669, 8005, 385, 160, 184, true, true
2720666, 60717, 8006, 386, 161, 180, true, true
2730660, 61075, 8007, 387, 162, 180, true, true
2741321, 61470, 8007, 386, 161, 181, true, true
2749768, 61798, 8007, 384, 160, 181, true, true
2750992, 61845, 8007, 383, 159, 182, true, true
2751563, 61867, 8009, 385, 160, 178, true, true
2760099, 62156, 8009, 384, 159, 178, true, true
2762185, 62241, 8010, 384, 159, 177, true, true
2766652, 62408, 8011, 385, 160, 176, true, true
2768974, 62489, 8012, 386, 161, 174, true, true
2771379, 62567, 8012, 385, 160, 174, true, true
2774995, 62697, 8012, 384, 159, 175, true, true
2786544, 63150, 8013, 385, 160, 175, true, true
2787026, 63171, 8014, 386, 161, 174, true, true
2787910, 63207, 8015, 386, 162, 173, true, true
2792467, 63369, 8016, 387, 163, 167, true, true
2797039, 63542, 8016, 386, 162, 168, true, true
2802069, 63702, 8016, 385, 161, 168, true, true
2810159, 64000, 8017, 385, 161, 167, true, true
2815056, 64189, 8019, 386, 161, 165, true, true
2816505, 64246, 8020, 387, 162, 163, true, true
2816821, 64261, 8021, 388, 163, 161, true, true
2818820, 64337, 8021, 387, 162, 161, true, true
2828264, 64692, 8021, 386, 161, 162, true, true
2828895, 64719, 8022, 387, 162, 160, true, true
2838220, 65070, 8024, 389, 163, 160, true, true
2852251, 65557, 8027, 392, 164, 157, true, true
2854755, 65661, 8027, 390, 163, 158, true, true
2855263, 65681, 8027, 389, 162, 158, true, true
2860347, 65842, 8027, 388, 161, 158, true, true
2864841, 66019, 8028, 389, 162, 157, true, true
2865492, 66038, 8028, 388, 161, 157, true, true
2865720, 66046, 8028, 387, 161, 157, true, true
2867485, 66118, 8029, 388, 162, 156, true, true
2870622, 66226, 8030, 389, 163, 156, true, true
2876009, 66414, 8030, 388, 162, 157, true, true
2876283, 66424, 8030, 379, 161, 157, true, true
2881843, 66623, 8030, 378, 161, 158, true, true
2886106, 66771, 8031, 379, 162, 157, true, true
2887905, 66835, 8031, 377, 161, 158, true, true
2889820, 66883, 8031, 376, 160, 158, true, true
2891101, 66924, 8031, 375, 159, 158, true, true
2900718, 67272, 8033, 377, 160, 157, true, true
2911809, 67660, 8033, 376, 159, 157, true, true
2913026, 67709, 8033, 375, 158, 157, true, true
2915768, 67793, 8034, 376, 159, 154, true, true
2916251, 67808, 8036, 378, 160, 153, true, true
2932012, 68393, 8037, 374, 161, 154, true, true
2934764, 68501, 8039, 376, 162, 153, true, true
2945987, 68912, 8040, 370, 163, 150, true, true
2960908, 69424, 8040, 369, 162, 150, true, true
2961229, 69438, 8040, 368, 161, 150, true, true
2966445, 69631, 8040, 367, 160, 151, true, true
2969811, 69770, 8042, 369, 161, 151, true, true
2971850, 69851, 8042, 368, 161, 152, true, true
2972840, 69884, 8050, 373, 161, 150, true, true
2979765, 70121, 8052, 374, 161, 147, true, true
2982956, 70237, 8054, 376, 162, 146, true, true
2988107, 70403, 8055, 377, 163, 145, true, true
2993470, 70602, 8056, 378, 164, 143, true, true
2994653, 70652, 8057, 379, 165, 140, true, true
2995189, 70669, 8058, 380, 166, 137, true, true
2996097, 70709, 8058, 379, 165, 137, true, true
2998895, 70825, 8058, 378, 164, 138, true, true
3030723, 71943, 8058, 376, 163, 143, true, true
3037572, 72156, 8059, 377, 164, 140, true, true
3055270, 72790, 8059, 376, 163, 145, true, true
3062588, 73018, 8059, 375, 163, 145, true, true
3063680, 73060, 8059, 374, 162, 146, true, true
3064552, 73090, 8066, 376, 162, 145, true, true
3065032, 73106, 8067, 377, 163, 145, true, true
3070974, 73314, 8068, 378, 164, 146, true, true
3075224, 73458, 8068, 351, 164, 147, true, true
3080244, 73634, 8069, 352, 165, 146, true, true
3094732, 74125, 8072, 355, 166, 148, true, true
3095420, 74150, 8072, 354, 165, 148, true, true
3098376, 74245, 8074, 356, 166, 148, true, true
3101952, 74359, 8074, 355, 165, 148, true, true
3102566, 74380, 8074, 354, 164, 148, true, true
3108728, 74613, 8074, 353, 163, 148, true, true
3109833, 74663, 8074, 352, 162, 149, true, true
3113792, 74812, 8074, 351, 161, 149, true, true
3114743, 74846, 8078, 355, 162, 148, true, true
3115423, 74877, 8079, 356, 163, 146, true, true
3121386, 75093, 8080, 357, 164, 146, true, true
3123485, 75170, 8081, 358, 165, 145, true, true
3127417, 75304, 8088, 365, 166, 145, true, true
3128717, 75354, 8088, 364, 165, 145, true, true
3130420, 75411, 8089, 365, 166, 141, true, true
3135294, 75583, 8090, 366, 167, 142, true, true
3142081, 75779, 8090, 364, 166, 142, true, true
3142503, 75791, 8090, 362, 165, 142, true, true
3142716, 75798, 8091, 363, 166, 140, true, true
3148681, 76005, 8091, 362, 165, 143, true, true
3154415, 76205, 8091, 361, 164, 145, true, true
3156845, 76287, 8091, 360, 163, 145, true, true
3174075, 76893, 8091, 359, 162, 148, true, true
3178332, 77042, 8092, 360, 163, 143, true, true
3184868, 77267, 8093, 361, 164, 142, true, true
3185844, 77306, 8093, 360, 163, 143, true, true
3195266, 77588, 8093, 355, 162, 144, true, true
3211697, 78146, 8093, 354, 161, 146, true, true
3213518, 78209, 8093, 353, 160, 146, true, true
3215947, 78305, 8093, 350, 159, 147, true, true
3222476, 78507, 8093, 349, 158, 149, true, true
3231088, 78792, 8093, 348, 157, 150, true, true
3231106, 78793, 8094, 349, 158, 142, true, true
3241933, 79125, 8095, 350, 159, 140, true, true
3256672, 79622, 8095, 349, 158, 142, true, true
3259432, 79723, 8095, 348, 157, 143, true, true
3265972, 79948, 8095, 347, 156, 143, true, true
3284764, 80572, 8095, 346, 155, 145, true, true
3297639, 80998, 8096, 347, 156, 142, true, true
3299384, 81046, 8096, 346, 155, 142, true, true
3334527, 82201, 8097, 347, 156, 139, true, true
3334548, 82202, 8099, 349, 157, 138, true, true
3338331, 82344, 8100, 350, 158, 135, true, true
3342483, 82491, 8100, 349, 158, 135, true, true
3349553, 82712, 8100, 348, 157, 135, true, true
3350941, 82754, 8100, 347, 156, 136, true, true
3362196, 83117, 8100, 346, 155, 136, true, true
3369727, 83331, 8100, 345, 154, 136, true, true
3375312, 83529, 8105, 350, 155, 134, true, true
3377080, 83593, 8105, 349, 154, 135, true, true
3381105, 83716, 8109, 348, 154, 133, true, true
3391439, 84091, 8110, 349, 155, 132, true, true
3396340, 84225, 8110, 345, 154, 133, true, true
3409364, 84668, 8114, 349, 155, 134, true, true
3412323, 84787, 8115, 350, 156, 133, true, true
3418120, 84974, 8115, 347, 154, 133, true, true
3423819, 85140, 8116, 348, 155, 128, true, true
3428693, 85330, 8117, 349, 156, 127, true, true
3448080, 85956, 8117, 348, 155, 128, true, true
3450559, 86053, 8118, 349, 156, 126, true, true
3461927, 86448, 8124, 355, 157, 128, true, true
3462209, 86460, 8130, 361, 158, 126, true, true
3475731, 86947, 8130, 360, 157, 127, true, true
3476331, 86968, 8130, 359, 156, 127, true, true
3478160, 87039, 8130, 357, 155, 127, true, true
3478264, 87044, 8130, 356, 154, 127, true, true
3480667, 87124, 8130, 355, 153, 128, true, true
3485970, 87319, 8131, 356, 154, 128, true, true
3486004, 87320, 8132, 357, 155, 127, true, true
3490502, 87444, 8132, 356, 154, 128, true, true
3496502, 87612, 8132, 354, 154, 130, true, true
3499988, 87716, 8132, 353, 153, 130, true, true
3525930, 88610, 8132, 352, 153, 134, true, true
3528804, 88708, 8132, 344, 152, 136, true, true
3538444, 89043, 8132, 343, 151, 138, true, true
3556112, 89577, 8132, 342, 151, 140, true, true
3558676, 89656, 8134, 344, 152, 138, true, true
3560266, 89712, 8135, 345, 153, 139, true, true
3565324, 89910, 8135, 344, 152, 140, true, true
3565733, 89923, 8136, 342, 151, 139, true, true
3569039, 90021, 8136, 341, 150, 139, true, true
3572953, 90160, 8137, 342, 151, 139, true, true
3587031, 90599, 8137, 341, 151, 142, true, true
3602382, 91116, 8137, 340, 150, 142, true, true
3607414, 91284, 8137, 338, 149, 143, true, true
3636693, 92200, 8138, 339, 150, 142, true, true
3639928, 92288, 8139, 340, 151, 139, true, true
3651214, 92707, 8139, 338, 151, 141, true, true
3656841, 92914, 8141, 340, 152, 140, true, true
3659520, 93015, 8141, 334, 152, 141, true, true
3660281, 93041, 8142, 335, 153, 136, true, true
3667592, 93312, 8142, 334, 152, 136, true, true
3669159, 93364, 8142, 333, 151, 137, true, true
3673981, 93510, 8142, 332, 150, 138, true, true
3684549, 93866, 8142, 331, 149, 139, true, true
3684941, 93878, 8142, 330, 148, 139, true, true
3689285, 94003, 8143, 331, 149, 138, true, true
3719033, 94931, 8144, 332, 150, 139, true, true
3742648, 95695, 8145, 332, 150, 141, true, true
3752201, 96022, 8145, 330, 150, 142, true, true
3759705, 96240, 8145, 329, 149, 143, true, true
3761788, 96318, 8145, 328, 149, 143, true, true
3773559, 96716, 8145, 327, 148, 145, true, true
3781881, 97022, 8146, 328, 149, 146, true, true
3782791, 97052, 8151, 333, 150, 144, true, true
3813770, 98073, 8152, 334, 151, 148, true, true
3816793, 98181, 8152, 333, 150, 148, true, true
3823047, 98363, 8168, 329, 151, 146, true, true
3824270, 98397, 8185, 339, 151, 144, true, true
3833013, 98680, 8185, 338, 151, 146, true, true
3833138, 98686, 8185, 337, 150, 146, true, true
3839841, 98897, 8186, 338, 151, 146, true, true
3842765, 99001, 8186, 329, 150, 146, true, true
3863972, 99746, 8187, 330, 151, 151, true, true
3875728, 100147, 8189, 332, 152, 155, true, true
3900476, 100987, 8190, 333, 153, 154, true, true
3919525, 101644, 8190, 331, 152, 156, true, true
3924702, 101815, 8191, 332, 153, 156, true, true
3940292, 102338, 8191, 326, 152, 157, true, true
3950758, 102729, 8193, 328, 153, 158, true, true
3950959, 102737, 8193, 327, 152, 158, true, true
3955546, 102907, 8193, 326, 151, 159, true, true
3976206, 103613, 8193, 325, 150, 161, true, true
4011444, 104840, 8194, 326, 151, 161, true, true
4016158, 105009, 8194, 325, 150, 163, true, true
4016262, 105013, 8198, 329, 151, 162, true, true
4018162, 105074, 8199, 330, 152, 161, true, true
4028351, 105423, 8200, 330, 152, 161, true, true
4036613, 105694, 8200, 328, 151, 161, true, true
4037235, 105718, 8200, 326, 150, 161, true, true
4037584, 105733, 8201, 327, 151, 160, true, true
4044843, 105919, 8201, 326, 151, 160, true, true
4057475, 106303, 8201, 325, 150, 161, true, true
4060533, 106389, 8202, 326, 151, 159, true, true
4063003, 106464, 8203, 327, 152, 158, true, true
4084037, 107180, 8203, 325, 151, 160, true, true
4158567, 109675, 8203, 324, 150, 168, true, true
4167846, 110007, 8203, 323, 150, 169, true, true
4177223, 110347, 8203, 322, 149, 169, true, true
4177404, 110354, 8203, 321, 148, 169, true, true
4177711, 110365, 8203, 316, 147, 169, true, true
4177826, 110368, 8203, 315, 146, 169, true, true
4183464, 110560, 8203, 314, 145, 171, true, true
4185746, 110616, 8205, 316, 146, 167, true, true
4209233, 111379, 8205, 315, 145, 170, true, true
4214830, 111559, 8206, 316, 146, 168, true, true
4240131, 112439, 8209, 319, 147, 166, true, true
4248134, 112707, 8209, 317, 147, 168, true, true
4258083, 113011, 8209, 312, 146, 169, true, true
4271114, 113423, 8209, 311, 145, 171, true, true
4274372, 113516, 8211, 309, 145, 168, true, true
4295488, 114285, 8211, 308, 144, 168, true, true
4331192, 115530, 8212, 309, 145, 175, true, true
4334294, 115647, 8214, 311, 146, 173, true, true
4337701, 115745, 8214, 310, 145, 173, true, true
4353038, 116221, 8215, 311, 146, 172, true, true
4364697, 116610, 8218, 314, 147, 170, true, true
4379778, 117091, 8218, 310, 146, 170, true, true
4392894, 117476, 8219, 311, 147, 166, true, true
4395482, 117569, 8219, 310, 146, 166, true, true
4462709, 119832, 8219, 309, 145, 169, true, true
4486100, 120595, 8220, 310, 146, 170, true, true
4505013, 121239, 8221, 309, 146, 167, true, true
4519728, 121744, 8223, 311, 147, 169, true, true
4534202, 122204, 8227, 315, 148, 169, true, true
4549833, 122711, 8227, 314, 147, 169, true, true
4561083, 123097, 8227, 313, 146, 169, true, true
4576474, 123628, 8227, 310, 145, 170, true, true
4602182, 124505, 8228, 311, 146, 171, true, true
4606160, 124639, 8230, 313, 147, 168, true, true
4610241, 124797, 8230, 312, 146, 168, true, true
4613845, 124909, 8230, 311, 146, 168, true, true
4628930, 125442, 8231, 312, 147, 163, true, true
4632634, 125576, 8232, 313, 148, 163, true, true
4637045, 125734, 8235, 313, 149, 161, true, true
4640464, 125831, 8235, 312, 148, 161, true, true
4664569, 126638, 8237, 314, 149, 161, true, true
4668012, 126760, 8237, 313, 148, 161, true, true
4677019, 127054, 8238, 314, 149, 161, true, true
4890688, 127480, 8241, 317, 150, 160, true, true
4893604, 127583, 8242, 318, 151, 159, true, true
4938299, 129195, 8243, 319, 152, 163, true, true
4945726, 129436, 8243, 318, 151, 164, true, true
4947126, 129489, 8243, 317, 150, 164, true, true
4948780, 129554, 8243, 316, 149, 164, true, true
4963679, 130069, 8245, 315, 149, 164, true, true
4996522, 131255, 8246, 312, 149, 164, true, true
5024471, 132307, 8246, 311, 148, 167, true, true
5029936, 132514, 8246, 310, 147, 168, true, true
5049936, 133161, 8247, 311, 148, 165, true, true
5062548, 133657, 8247, 310, 147, 166, true, true
5085710, 134459, 8248, 311, 148, 167, true, true
5091063, 134650, 8248, 310, 147, 167, true, true
5128766, 136014, 8256, 318, 148, 173, true, true
5129361, 136037, 8256, 317, 147, 173, true, true
5206069, 138938, 8257, 318, 148, 177, true, true
5220492, 139445, 8258, 319, 149, 175, true, true
5226621, 139684, 8264, 325, 150, 172, true, true
5251158, 140646, 8264, 323, 149, 176, true, true
5253087, 140723, 8265, 324, 150, 172, true, true
5259024, 140945, 8266, 325, 151, 171, true, true
5270876, 141432, 8269, 327, 152, 170, true, true
5310648, 142949, 8269, 326, 151, 172, true, true
5311929, 142997, 8272, 329, 152, 171, true, true
5321338, 143398, 8272, 328, 151, 173, true, true
5322573, 143454, 8273, 329, 152, 171, true, true
5326568, 143602, 8274, 323, 152, 169, true, true
5334512, 143934, 8274, 320, 151, 169, true, true
5351209, 144531, 8274, 319, 150, 172, true, true
5352429, 144583, 8275, 320, 151, 172, true, true
5352863, 144598, 8278, 323, 152, 171, true, true
5354182, 144645, 8278, 322, 151, 171, true, true
5354530, 144657, 8278, 319, 150, 171, true, true
5360182, 144873, 8280, 321, 151, 170, true, true
5394062, 146039, 8285, 325, 152, 169, true, true
5402281, 146350, 8287, 327, 153, 168, true, true
5408515, 146587, 8288, 328, 154, 167, true, true
5411961, 146692, 8288, 327, 153, 167, true, true
5413601, 146750, 8288, 326, 152, 167, true, true
5423945, 147140, 8289, 324, 153, 167, true, true
5426540, 147238, 8290, 325, 154, 163, true, true
5430502, 147416, 8291, 326, 155, 159, true, true
5451878, 148195, 8291, 325, 154, 159, true, true
5452615, 148227, 8291, 324, 153, 159, true, true
5458025, 148430, 8291, 322, 152, 159, true, true
5481089, 149294, 8292, 323, 153, 159, true, true
5514653, 150476, 8292, 322, 152, 164, true, true
5516936, 150548, 8293, 323, 153, 163, true, true
5524138, 150833, 8295, 325, 154, 162, true, true
5546321, 151697, 8295, 324, 153, 164, true, true
5549633, 151830, 8295, 323, 152, 164, true, true
5553511, 151971, 8295, 322, 152, 164, true, true
5554999, 152007, 8297, 324, 153, 159, true, true
5557294, 152086, 8297, 323, 152, 159, true, true
5562564, 152287, 8300, 324, 152, 155, true, true
5586331, 153187, 8300, 322, 151, 158, true, true
5596933, 153587, 8300, 321, 150, 160, true, true
5610768, 154096, 8300, 320, 149, 161, true, true
5623451, 154549, 8301, 321, 150, 163, true, true
5650629, 155596, 8302, 322, 151, 162, true, true
5653649, 155725, 8303, 321, 152, 161, true, true
5684206, 156875, 8303, 320, 152, 165, true, true
5694961, 157268, 8303, 319, 151, 165, true, true
5712058, 157902, 8305, 321, 152, 167, true, true
5725352, 158427, 8305, 319, 151, 168, true, true
5727731, 158528, 8305, 317, 150, 168, true, true
5747495, 159286, 8305, 314, 149, 172, true, true
5758521, 159721, 8305, 313, 148, 173, true, true
5782585, 160609, 8306, 314, 149, 173, true, true
5784678, 160686, 8307, 315, 150, 163, true, true
5794672, 161052, 8307, 313, 149, 164, true, true
5809389, 161648, 8308, 314, 150, 161, true, true
5810778, 161705, 8308, 313, 149, 162, true, true
5825869, 162259, 8308, 312, 148, 162, true, true
5836003, 162648, 8309, 313, 149, 159, true, true
5884049, 164395, 8310, 314, 150, 161, true, true
5929041, 166139, 8310, 313, 149, 163, true, true
5938803, 166476, 8310, 312, 148, 164, true, true
5945563, 166753, 8310, 310, 147, 164, true, true
5955726, 167147, 8310, 309, 146, 165, true, true
5987583, 168366, 8311, 310, 147, 167, true, true
5990046, 168467, 8321, 316, 148, 167, true, true
6002403, 168917, 8321, 314, 147, 168, true, true
6041207, 170364, 8321, 313, 146, 172, true, true
6053349, 170820, 8321, 311, 145, 173, true, true
6064392, 171266, 8322, 312, 146, 172, true, true
6091994, 172330, 8322, 310, 145, 175, true, true
6179608, 172843, 8323, 311, 146, 175, true, true
6191522, 173291, 8324, 311, 146, 172, true, true
6208111, 173938, 8324, 310, 145, 173, true, true
6230484, 174844, 8325, 311, 146, 167, true, true
6232550, 174931, 8325, 310, 145, 168, true, true
6239586, 175192, 8326, 311, 146, 168, true, true
6266171, 176164, 8328, 313, 147, 162, true, true
6267904, 176237, 8328, 312, 146, 162, true, true
6276512, 176606, 8328, 311, 145, 162, true, true
6277877, 176658, 8328, 310, 145, 163, true, true
6279679, 176732, 8328, 309, 144, 163, true, true
6293453, 177268, 8328, 307, 143, 165, true, true
6324870, 178410, 8328, 304, 142, 166, true, true
6340437, 179050, 8329, 305, 143, 169, true, true
6347668, 179317, 8329, 302, 142, 169, true, true
6368578, 180079, 8330, 303, 143, 171, true, true
6377211, 180438, 8331, 304, 144, 169, true, true
6415601, 181935, 8331, 303, 143, 172, true, true
6431231, 182550, 8332, 304, 144, 173, true, true
6447510, 183206, 8332, 303, 144, 174, true, true
6471959, 184099, 8332, 302, 143, 175, true, true
6502325, 185261, 8337, 299, 144, 176, true, true
6539691, 186704, 8339, 301, 145, 176, true, true
6543543, 186862, 8340, 302, 146, 174, true, true
6562556, 187653, 8340, 300, 145, 175, true, true
6566308, 187823, 8340, 299, 145, 176, true, true
6583124, 188483, 8341, 299, 145, 175, true, true
6585404, 188572, 8343, 301, 146, 172, true, true
6624211, 190154, 8344, 302, 147, 173, true, true
6631884, 190440, 8347, 304, 148, 173, true, true
6639657, 190720, 8347, 303, 148, 173, true, true
6659371, 191483, 8348, 303, 148, 173, true, true
6677017, 192198, 8348, 302, 147, 174, true, true
6703102, 193281, 8349, 303, 148, 175, true, true
6704094, 193313, 8349, 302, 147, 175, true, true
6713632, 193703, 8350, 303, 148, 174, true, true
6714414, 193738, 8350, 302, 147, 174, true, true
6719039, 193919, 8351, 303, 148, 170, true, true
6741805, 194808, 8352, 304, 149, 170, true, true
6744521, 194924, 8353, 305, 150, 169, true, true
6751252, 195186, 8357, 295, 150, 168, true, true
6756425, 195400, 8357, 294, 149, 168, true, true
6773124, 196052, 8357, 293, 148, 170, true, true
6787819, 196591, 8357, 291, 147, 170, true, true
6797004, 196936, 8358, 292, 148, 167, true, true
6805291, 197249, 8361, 295, 149, 168, true, true
6844646, 198735, 8362, 296, 150, 170, true, true
6847499, 198854, 8366, 300, 151, 170, true, true
6847524, 198855, 8370, 304, 152, 166, true, true
6865057, 199486, 8370, 303, 151, 167, true, true
6867976, 199607, 8373, 306, 152, 165, true, true
6871409, 199758, 8373, 305, 151, 166, true, true
6875842, 199925, 8374, 306, 152, 165, true, true
6883946, 200237, 8374, 305, 151, 165, true, true
6897751, 200780, 8375, 306, 152, 165, true, true
6969388, 203511, 8376, 306, 152, 164, true, true
6982409, 204040, 8377, 307, 153, 162, true, true
7001745, 204797, 8377, 306, 152, 162, true, true
7056470, 206915, 8378, 307, 153, 165, true, true
7067205, 207372, 8378, 306, 153, 165, true, true
7077879, 207777, 8379, 307, 154, 162, true, true
7098936, 208598, 8380, 308, 155, 160, true, true
7122863, 209550, 8380, 307, 154, 161, true, true
7128803, 209761, 8381, 308, 155, 160, true, true
7129333, 209786, 8381, 305, 154, 160, true, true
7144850, 210428, 8381, 304, 153, 160, true, true
7192222, 212394, 8381, 301, 152, 164, true, true
7197295, 212622, 8383, 303, 153, 162, true, true
7206017, 212969, 8383, 302, 152, 162, true, true
7224879, 213784, 8383, 301, 151, 162, true, true
7243721, 214529, 8383, 300, 150, 163, true, true
7274940, 215812, 8398, 315, 151, 161, true, true
7275179, 215824, 8398, 314, 150, 161, true, true
7275802, 215848, 8399, 315, 151, 156, true, true
7310654, 217289, 8399, 314, 150, 159, true, true
7323031, 217733, 8399, 313, 149, 159, true, true
7325764, 217846, 8399, 312, 148, 160, true, true
7355395, 219012, 8399, 311, 147, 161, true, true
7364862, 219375, 8400, 312, 148, 160, true, true
7377504, 219802, 8400, 311, 147, 161, true, true
8013834, 220873, 8400, 310, 146, 161, true, true
8016086, 220971, 8401, 311, 147, 157, true, true
8027439, 221457, 8401, 303, 146, 159, true, true
8040312, 221962, 8403, 304, 147, 159, true, true
8091566, 224006, 8403, 303, 146, 160, true, true
8095676, 224174, 8403, 301, 146, 160, true, true
8102738, 224454, 8403, 299, 145, 160, true, true
8103516, 224487, 8403, 298, 144, 160, true, true
8107559, 224668, 8404, 297, 144, 159, true, true
8117292, 225057, 8404, 296, 143, 159, true, true
8122153, 225219, 8405, 297, 144, 155, true, true
8126316, 225407, 8406, 298, 145, 153, true, true
8148447, 226270, 8406, 297, 144, 154, true, true
8158247, 226664, 8406, 296, 143, 156, true, true
8160926, 226783, 8407, 297, 144, 155, true, true
8224095, 229237, 8407, 295, 143, 158, true, true
8240775, 229908, 8428, 312, 142, 157, true, true
8246246, 230138, 8428, 311, 141, 157, true, true
8252154, 230395, 8430, 313, 142, 155, true, true
8262099, 230810, 8432, 315, 143, 149, true, true
8284448, 231674, 8433, 316, 144, 148, true, true
8343917, 233965, 8433, 315, 143, 150, true, true
8404370, 236439, 8434, 316, 144, 152, true, true
8502617, 240154, 8434, 315, 143, 156, true, true
8515577, 240673, 8435, 316, 144, 153, true, true
8522802, 240947, 8435, 315, 143, 153, true, true
8523859, 240987, 8435, 314, 142, 153, true, true
8561963, 242492, 8436, 315, 143, 152, true, true
8570550, 242853, 8438, 316, 144, 152, true, true
8593171, 243645, 8439, 303, 145, 148, true, true
8614158, 244460, 8439, 302, 144, 148, true, true
8660551, 246259, 8439, 301, 143, 152, true, true
8735637, 249156, 8439, 297, 142, 158, true, true
8737040, 249215, 8439, 295, 141, 158, true, true
8752262, 249812, 8439, 293, 140, 159, true, true
8769643, 250541, 8439, 292, 139, 160, true, true
8783105, 251024, 8439, 291, 138, 160, true, true
8829756, 252853, 8441, 289, 138, 161, true, true
8859581, 253992, 8441, 288, 137, 162, true, true
8901503, 255631, 8443, 284, 136, 161, true, true
8906355, 255833, 8444, 285, 137, 160, true, true
8953923, 257665, 8446, 287, 138, 159, true, true
8972497, 258380, 8447, 288, 139, 160, true, true
8981295, 258716, 8452, 293, 140, 159, true, true
9011902, 259998, 8453, 289, 140, 157, true, true
9051298, 261518, 8453, 288, 139, 157, true, true
9067345, 262154, 8453, 287, 138, 157, true, true
9077431, 262590, 8455, 289, 139, 154, true, true
9078218, 262629, 8456, 290, 140, 148, true, true
9107898, 263821, 8459, 293, 141, 146, true, true
9168175, 266199, 8459, 292, 141, 153, true, true
9177203, 266570, 8460, 293, 142, 152, true, true
9210236, 267833, 8460, 289, 141, 153, true, true
9311903, 268655, 8460, 286, 140, 154, true, true
9347196, 270125, 8461, 287, 141, 153, true, true
9348049, 270156, 8461, 286, 140, 153, true, true
9357625, 270585, 8462, 287, 141, 153, true, true
9361747, 270720, 8462, 286, 140, 153, true, true
9368429, 270987, 8463, 287, 141, 150, true, true
9369956, 271052, 8465, 289, 142, 150, true, true
9378405, 271409, 8465, 288, 141, 151, true, true
9399269, 272190, 8465, 287, 140, 151, true, true
9401207, 272267, 8466, 288, 141, 147, true, true
9453086, 274249, 8467, 289, 142, 147, true, true
9486225, 275501, 8467, 288, 141, 149, true, true
9492265, 275741, 8467, 286, 140, 149, true, true
9518562, 276714, 8468, 287, 141, 149, true, true
9578392, 279075, 8469, 288, 142, 146, true, true
9594724, 279626, 8469, 286, 141, 148, true, true
9598990, 279788, 8469, 285, 141, 148, true, true
9616095, 280465, 8469, 284, 141, 148, true, true
9632886, 281078, 8469, 283, 140, 149, true, true
9661120, 282172, 8469, 282, 139, 149, true, true
9669201, 282478, 8470, 283, 140, 147, true, true
9711318, 284119, 8470, 282, 139, 149, true, true
9762224, 285966, 8470, 281, 138, 151, true, true
9774159, 286412, 8470, 279, 137, 151, true, true
9822832, 288218, 8473, 282, 138, 154, true, true
9831202, 288532, 8473, 281, 137, 154, true, true
9845045, 289110, 8475, 283, 138, 150, true, true
9856203, 289542, 8475, 277, 137, 151, true, true
9869804, 290075, 8475, 276, 136, 151, true, true
9937257, 292517, 8476, 277, 137, 152, true, true
9983901, 294274, 8477, 277, 137, 146, true, true
9996492, 294776, 8478, 278, 138, 145, true, true
10029758, 296140, 8478, 277, 137, 147, true, true
10129372, 300050, 8479, 278, 138, 149, true, true
10132486, 300167, 8480, 279, 139, 148, true, true
10140946, 300510, 8480, 278, 139, 150, true, true
10147512, 300781, 8481, 279, 140, 148, true, true
10148201, 300809, 8482, 280, 141, 140, true, true
10154618, 301057, 8482, 279, 140, 140, true, true
10237473, 304490, 8483, 280, 141, 141, true, true
10240387, 304592, 8483, 279, 140, 141, true, true
10271683, 305772, 8483, 278, 139, 142, true, true
10287403, 306418, 8484, 279, 140, 138, true, true
10319276, 307771, 8484, 278, 139, 140, true, true
10330912, 308276, 8485, 279, 140, 136, true, true
10332497, 308340, 8488, 282, 141, 135, true, true
10358523, 309358, 8488, 281, 140, 135, true, true
10456458, 313356, 8488, 280, 139, 138, true, true
10458347, 313430, 8488, 279, 139, 138, true, true
10462681, 313635, 8489, 278, 139, 136, true, true
10520414, 315801, 8489, 277, 138, 137, true, true
10566474, 317572, 8489, 276, 137, 140, true, true
10577944, 318054, 8490, 277, 138, 139, true, true
10587303, 318422, 8491, 278, 139, 138, true, true
10614901, 319508, 8491, 277, 138, 140, true, true
10620834, 319738, 8492, 278, 139, 139, true, true
10630546, 320101, 8492, 276, 138, 139, true, true
10670704, 321639, 8518, 302, 139, 139, true, true
10683003, 322143, 8520, 302, 140, 137, true, true
10714490, 323395, 8521, 303, 141, 136, true, true
10763889, 325422, 8522, 304, 142, 136, true, true
10766529, 325535, 8522, 303, 141, 136, true, true
10905119, 330955, 8522, 302, 140, 142, true, true
10911747, 331253, 8530, 291, 140, 141, true, true
10928029, 331922, 8531, 292, 141, 141, true, true
10952063, 332921, 8545, 304, 142, 140, true, true
10959803, 333263, 8545, 303, 141, 141, true, true
10969393, 333608, 8546, 304, 142, 140, true, true
10971032, 333668, 8546, 303, 142, 140, true, true
11025510, 335872, 8547, 304, 143, 139, true, true
11056833, 337137, 8547, 303, 142, 140, true, true
11081039, 337981, 8547, 300, 141, 140, true, true
11106727, 339000, 8547, 299, 140, 141, true, true
11122099, 339615, 8547, 298, 139, 144, true, true
11136588, 340190, 8548, 297, 139, 143, true, true
11160233, 341138, 8548, 296, 139, 145, true, true
11200158, 342664, 8548, 295, 138, 145, true, true
11244591, 344299, 8548, 294, 137, 146, true, true
11258263, 344820, 8548, 293, 136, 146, true, true
11295997, 346247, 8548, 292, 135, 149, true, true
11296995, 346265, 8549, 293, 136, 146, true, true
11337618, 347904, 8549, 292, 135, 147, true, true
11357919, 348684, 8550, 293, 136, 146, true, true
11364396, 348900, 8550, 292, 135, 146, true, true
11389720, 349822, 8551, 293, 136, 145, true, true
11403722, 350321, 8552, 294, 137, 141, true, true
11484146, 353314, 8552, 291, 136, 144, true, true
11505031, 354112, 8554, 292, 136, 143, true, true
11506705, 354180, 8555, 293, 137, 141, true, true
11547029, 355713, 8556, 294, 138, 140, true, true
11575483, 356854, 8556, 292, 137, 142, true, true
11593285, 357538, 8563, 299, 138, 141, true, true
11608021, 358074, 8563, 298, 138, 141, true, true
11608694, 358094, 8563, 297, 137, 141, true, true
11624053, 358694, 8568, 302, 138, 139, true, true
11647719, 359574, 8571, 305, 139, 140, true, true
11688647, 361156, 8571, 304, 138, 141, true, true
11690283, 361196, 8571, 303, 137, 141, true, true
11754955, 363373, 8572, 304, 138, 142, true, true
11756176, 363427, 8573, 305, 139, 141, true, true
11786687, 364648, 8573, 303, 137, 141, true, true
11786873, 364655, 8573, 301, 136, 141, true, true
11799293, 365110, 8574, 302, 137, 140, true, true
11888515, 368514, 8574, 301, 136, 143, true, true
11953640, 371000, 8577, 303, 136, 143, true, true
11976126, 371913, 8577, 302, 135, 146, true, true
11989517, 372370, 8577, 299, 134, 147, true, true
12027270, 373829, 8577, 298, 133, 149, true, true
12046925, 374649, 8577, 297, 132, 149, true, true
12064926, 375333, 8577, 295, 131, 150, true, true
12126056, 377679, 8578, 296, 132, 150, true, true
12167090, 379290, 8579, 297, 133, 150, true, true
12206685, 380832, 8580, 298, 134, 150, true, true
12300059, 384502, 8581, 298, 134, 152, true, true
12333047, 385764, 8582, 295, 135, 152, true, true
12425969, 389368, 8586, 297, 136, 151, true, true
12463605, 390842, 8586, 296, 135, 154, true, true
12554258, 394384, 8587, 294, 136, 155, true, true
12610756, 396688, 8588, 295, 137, 156, true, true
12619583, 397030, 8589, 296, 138, 157, true, true
12631489, 397529, 8589, 295, 137, 157, true, true
12647655, 398159, 8589, 294, 137, 157, true, true
12843427, 406122, 8589, 293, 136, 160, true, true
12874910, 407432, 8591, 295, 137, 161, true, true
12937363, 409956, 8601, 299, 137, 161, true, true
13079921, 411945, 8602, 300, 138, 162, true, true
13090721, 412391, 8602, 286, 138, 162, true, true
13116893, 413450, 8603, 286, 138, 161, true, true
13162359, 415253, 8603, 285, 137, 163, true, true
13234257, 418077, 8603, 283, 136, 164, true, true
13311934, 421175, 8603, 282, 135, 167, true, true
13368187, 423453, 8606, 285, 136, 161, true, true
13556984, 431261, 8607, 286, 137, 163, true, true
13580040, 432192, 8607, 283, 136, 163, true, true
13590785, 432662, 8607, 280, 135, 163, true, true
13595019, 432841, 8607, 279, 134, 163, true, true
13661561, 435665, 8609, 280, 134, 161, true, true
13677023, 436272, 8609, 279, 133, 161, true, true
13730099, 438452, 8609, 278, 132, 162, true, true
13741066, 438910, 8609, 277, 131, 162, true, true
13825751, 442391, 8610, 278, 132, 162, true, true
13833914, 442711, 8615, 281, 132, 159, true, true
13836516, 442831, 8615, 280, 131, 159, true, true
13846706, 443224, 8616, 280, 131, 158, true, true
13855868, 443598, 8616, 279, 130, 158, true, true
13856502, 443621, 8617, 280, 131, 157, true, true
13948968, 447554, 8618, 281, 132, 158, true, true
13973891, 448555, 8618, 280, 131, 159, true, true
14059989, 452256, 8618, 279, 130, 162, true, true
14070817, 452722, 8619, 280, 131, 161, true, true
14079268, 453073, 8621, 282, 132, 160, true, true
14091306, 453614, 8622, 283, 133, 157, true, true
14104520, 454212, 8623, 284, 134, 155, true, true
14175826, 457328, 8623, 283, 133, 157, true, true
14198325, 458228, 8624, 284, 134, 156, true, true
14206401, 458548, 8625, 284, 135, 155, true, true
14284242, 461835, 8626, 284, 135, 153, true, true
14286529, 461940, 8626, 283, 134, 153, true, true
14371898, 465587, 8627, 284, 135, 157, true, true
14381559, 465997, 8627, 283, 134, 157, true, true
14445613, 468603, 8629, 285, 135, 158, true, true
14563799, 473416, 8629, 284, 134, 163, true, true
14563910, 473421, 8629, 283, 134, 163, true, true
14594902, 474759, 8629, 282, 133, 164, true, true
14611847, 475427, 8630, 283, 134, 163, true, true
14663007, 477457, 8630, 282, 133, 163, true, true
14694547, 478676, 8633, 285, 134, 161, true, true
14705682, 479127, 8635, 286, 134, 160, true, true
14807950, 483353, 8636, 287, 135, 160, true, true
14845414, 484894, 8636, 286, 134, 161, true, true
14859849, 485519, 8637, 287, 135, 157, true, true
14860372, 485541, 8637, 286, 135, 158, true, true
14905282, 487299, 8637, 285, 134, 159, true, true
14938121, 488678, 8637, 282, 133, 160, true, true
14976024, 490264, 8643, 278, 133, 154, true, true
15017168, 491966, 8644, 279, 134, 151, true, true
15017378, 491979, 8644, 278, 133, 151, true, true
15090730, 494946, 8645, 278, 133, 151, true, true
15147920, 497229, 8646, 279, 134, 150, true, true
15148305, 497241, 8659, 278, 135, 148, true, true
15153226, 497422, 8659, 277, 135, 148, true, true
15225923, 500350, 8659, 276, 134, 152, true, true
15308111, 503859, 8660, 277, 135, 152, true, true
15316651, 504200, 8660, 270, 134, 152, true, true
15323458, 504480, 8661, 271, 135, 150, true, true
15330393, 504754, 8661, 270, 134, 151, true, true
15572238, 514569, 8662, 271, 135, 161, true, true
15592423, 515370, 8663, 272, 136, 158, true, true
15610271, 516064, 8663, 270, 135, 159, true, true
15713497, 520376, 8663, 269, 134, 160, true, true
15716624, 520506, 8663, 268, 133, 160, true, true
15843234, 525765, 8663, 267, 132, 165, true, true
15889012, 527598, 8664, 268, 133, 166, true, true
15927979, 529184, 8666, 270, 134, 165, true, true
15956308, 530337, 8667, 267, 135, 163, true, true
15963083, 530619, 8667, 266, 134, 163, true, true
15986254, 531549, 8670, 269, 135, 164, true, true
16113231, 536766, 8671, 270, 136, 163, true, true
16157418, 538588, 8671, 269, 135, 163, true, true
16212894, 540774, 8672, 270, 136, 161, true, true
16213143, 540787, 8672, 269, 135, 161, true, true
16256056, 542573, 8672, 268, 134, 162, true, true
16359053, 546743, 8674, 270, 135, 165, true, true
16364746, 546979, 8690, 281, 136, 163, true, true
16413201, 549044, 8691, 282, 137, 161, true, true
16426247, 549547, 8692, 283, 138, 158, true, true
16518690, 553340, 8692, 278, 137, 160, true, true
16534612, 553967, 8693, 279, 138, 159, true, true
16566053, 555200, 8694, 267, 138, 160, true, true
16649423, 558544, 8694, 266, 137, 160, true, true
16652709, 558692, 8694, 264, 137, 160, true, true
16837685, 566272, 8694, 263, 137, 162, true, true
16859289, 567237, 8695, 264, 138, 161, true, true
17020992, 573998, 8695, 263, 137, 164, true, true
17027671, 574292, 8695, 251, 136, 164, true, true
17028844, 574342, 8695, 250, 135, 164, true, true
17042870, 574889, 8695, 249, 134, 164, true, true
17061800, 575643, 8695, 248, 133, 164, true, true
17134103, 578559, 8696, 246, 133, 163, true, true
17146090, 579018, 8696, 245, 132, 164, true, true
17186082, 580597, 8697, 246, 133, 163, true, true
17230833, 582454, 8697, 244, 132, 165, true, true
17261829, 583720, 8697, 243, 131, 166, true, true
17282808, 584648, 8697, 242, 130, 167, true, true
17371622, 588137, 8697, 238, 129, 168, true, true
17399043, 589280, 8697, 237, 128, 168, true, true
17432411, 590617, 8701, 241, 129, 164, true, true
17472381, 592294, 8702, 242, 130, 163, true, true
17540443, 595204, 8706, 246, 131, 161, true, true
17568809, 596399, 8706, 245, 131, 162, true, true
17581587, 596942, 8710, 249, 132, 158, true, true
17691812, 601331, 8711, 250, 133, 161, true, true
17693672, 601417, 8711, 249, 132, 161, true, true
17756091, 603918, 8712, 250, 133, 160, true, true
17761340, 604134, 8713, 251, 134, 158, true, true
17835546, 607207, 8714, 251, 134, 153, true, true
17853368, 607909, 8718, 255, 135, 152, true, true
17894897, 609527, 8721, 258, 136, 150, true, true
18039615, 615381, 8722, 256, 135, 151, true, true
18040648, 615430, 8722, 255, 134, 151, true, true
18069187, 616617, 8723, 256, 135, 150, true, true
18205759, 622156, 8723, 255, 134, 154, true, true
18240714, 623578, 8723, 254, 133, 155, true, true
18304826, 626026, 8724, 255, 134, 154, true, true
18399069, 630006, 8725, 256, 135, 153, true, true
18441116, 631747, 8726, 257, 136, 146, true, true
18442111, 631794, 8726, 256, 135, 146, true, true
18473995, 633119, 8726, 255, 134, 146, true, true
18492333, 633923, 8726, 254, 133, 146, true, true
18514494, 634835, 8728, 256, 134, 144, true, true
18522216, 635101, 8728, 255, 133, 144, true, true
18568657, 636996, 8729, 256, 134, 142, true, true
18590423, 637923, 8730, 257, 135, 139, true, true
18595766, 638143, 8730, 256, 134, 139, true, true
18676981, 641487, 8730, 255, 134, 144, true, true
18686360, 641864, 8731, 256, 135, 144, true, true
18763311, 645101, 8731, 255, 135, 148, true, true
18875402, 649841, 8731, 254, 134, 149, true, true
18916833, 651575, 8731, 253, 133, 149, true, true
18951691, 652924, 8731, 252, 132, 150, true, true
18956909, 653129, 8732, 253, 133, 147, true, true
19000182, 654878, 8741, 262, 134, 143, true, true
19076427, 658095, 8741, 260, 134, 143, true, true
19150620, 661073, 8742, 261, 135, 142, true, true
19159028, 661447, 8742, 256, 134, 142, true, true
19176627, 662130, 8743, 251, 135, 141, true, true
19210747, 663481, 8744, 252, 136, 138, true, true
19261922, 665678, 8745, 253, 137, 136, true, true
19269738, 666014, 8745, 252, 136, 136, true, true
19306989, 667470, 8746, 253, 137, 129, true, true
19338505, 668769, 8747, 254, 138, 126, true, true
19374578, 670239, 8747, 253, 137, 126, true, true
19401121, 671353, 8748, 254, 138, 124, true, true
19461046, 673754, 8748, 252, 137, 125, true, true
19518433, 676026, 8748, 249, 136, 126, true, true
19519283, 676047, 8748, 242, 136, 126, true, true
19580205, 678348, 8748, 241, 135, 127, true, true
19598874, 679091, 8749, 242, 136, 126, true, true
19623501, 680095, 8749, 241, 135, 126, true, true
19674778, 682245, 8749, 239, 135, 126, true, true
19755681, 685425, 8750, 240, 136, 125, true, true
19861523, 689705, 8751, 241, 137, 125, true, true
19884159, 690633, 8752, 242, 138, 121, true, true
19908738, 691661, 8752, 241, 137, 122, true, true
19934698, 692749, 8753, 241, 137, 121, true, true
20244301, 705333, 8755, 243, 138, 117, true, true
20253281, 705731, 8755, 242, 138, 117, true, true
20253513, 705739, 8759, 246, 139, 116, true, true
20431003, 712943, 8759, 244, 138, 120, true, true
20431367, 712956, 8759, 243, 137, 120, true, true
20442102, 713414, 8759, 242, 136, 120, true, true
20537230, 717117, 8760, 243, 137, 120, true, true
20582086, 718953, 8770, 246, 137, 120, true, true
20586215, 719137, 8770, 245, 136, 120, true, true
20645595, 721506, 8770, 243, 135, 120, true, true
20682661, 722926, 8770, 242, 134, 120, true, true
20715715, 724211, 8770, 241, 133, 120, true, true
20777243, 726763, 8770, 240, 132, 120, true, true
20913664, 732317, 8770, 239, 131, 124, true, true
20944542, 733695, 8772, 241, 132, 123, true, true
21003260, 736103, 8772, 239, 131, 123, true, true
21058793, 738486, 8777, 244, 132, 122, true, true
21165204, 742893, 8777, 243, 131, 122, true, true
21184534, 743697, 8778, 244, 132, 117, true, true
21197954, 744246, 8779, 244, 132, 116, true, true
21242508, 746003, 8779, 243, 131, 116, true, true
21317926, 749219, 8779, 242, 130, 116, true, true
21321807, 749400, 8779, 241, 129, 117, true, true
21370319, 751365, 8789, 239, 130, 117, true, true
21469557, 755433, 8790, 240, 131, 119, true, true
21592266, 760358, 8790, 239, 130, 124, true, true
21794353, 768541, 8790, 238, 129, 127, true, true
21837220, 770327, 8790, 237, 128, 128, true, true
21940838, 774621, 8791, 236, 128, 128, true, true
21965778, 775585, 8791, 235, 127, 128, true, true
22069925, 779945, 8809, 253, 128, 130, true, true
22117768, 781821, 8810, 254, 129, 128, true, true
22117905, 781828, 8810, 253, 128, 128, true, true
22119689, 781900, 8810, 252, 127, 128, true, true
22121271, 781960, 8849, 286, 128, 122, true, true
22142793, 782832, 8849, 285, 127, 122, true, true
22148712, 783091, 8850, 286, 128, 121, true, true
22192592, 784891, 8850, 285, 127, 121, true, true
22359786, 791643, 8851, 285, 128, 122, true, true
22389259, 792748, 8851, 284, 127, 122, true, true
22404674, 793414, 8851, 283, 126, 122, true, true
22675084, 804400, 8851, 281, 125, 125, true, true
22861021, 811856, 8851, 280, 124, 125, true, true
22901192, 813429, 8853, 282, 125, 120, true, true
22938408, 814850, 8853, 280, 124, 120, true, true
23034596, 818546, 8853, 279, 123, 121, true, true
23036559, 818617, 8854, 280, 124, 119, true, true
23061029, 819656, 8855, 281, 125, 118, true, true
23270904, 828145, 8857, 281, 126, 118, true, true
23331136, 830488, 8858, 266, 125, 118, true, true
23404104, 833366, 8858, 265, 124, 119, true, true
23522427, 838058, 8859, 266, 125, 118, true, true
23530376, 838346, 8861, 268, 126, 116, true, true
23624492, 842108, 8861, 267, 125, 117, true, true
23700862, 845125, 8861, 266, 124, 119, true, true
23765356, 847645, 8861, 265, 123, 120, true, true
23806047, 849238, 8861, 263, 122, 121, true, true
23806361, 849251, 8862, 264, 123, 116, true, true
23849272, 850936, 8862, 263, 122, 116, true, true
23855839, 851217, 8864, 265, 123, 115, true, true
24030210, 857581, 8864, 264, 122, 117, true, true
24394932, 871490, 8864, 263, 121, 123, true, true
24517378, 876201, 8865, 264, 122, 124, true, true
24638201, 881039, 8865, 263, 121, 124, true, true
24650818, 881611, 8865, 261, 120, 125, true, true
24824991, 888544, 8865, 260, 119, 130, true, true
24883237, 890881, 8865, 259, 119, 130, true, true
24890627, 891178, 8865, 258, 118, 130, true, true
24986451, 894918, 8867, 260, 119, 125, true, true
25020178, 896292, 8867, 259, 118, 125, true, true
25081611, 898594, 8867, 258, 117, 126, true, true
25125756, 900321, 8868, 259, 118, 124, true, true
25189822, 902910, 8868, 258, 117, 126, true, true
25290713, 906891, 8868, 257, 116, 128, true, true
25454792, 913376, 8868, 255, 115, 130, true, true
25731084, 923898, 8872, 259, 116, 134, true, true
25746601, 924522, 8873, 260, 117, 132, true, true
25764868, 925330, 8874, 261, 118, 129, true, true
25825223, 927797, 8875, 262, 119, 126, true, true
25894329, 930539, 8876, 263, 120, 125, true, true
25969522, 933455, 8876, 259, 119, 125, true, true
26095911, 938426, 8879, 262, 120, 124, true, true
26137359, 940076, 8879, 261, 119, 124, true, true
26237357, 944070, 8879, 260, 118, 124, true, true
26247852, 944441, 8880, 261, 119, 117, true, true
26283497, 945815, 8880, 260, 118, 118, true, true
26343173, 948196, 8880, 259, 118, 119, true, true
26359119, 948798, 8884, 260, 119, 117, true, true
26461914, 952789, 8884, 258, 118, 119, true, true
26580749, 957564, 8885, 259, 119, 119, true, true
26670820, 961107, 8885, 258, 118, 119, true, true
26805414, 966415, 8885, 257, 117, 120, true, true
26811568, 966679, 8885, 218, 116, 120, true, true
26812396, 966718, 8886, 219, 117, 119, true, true
26923626, 971079, 8887, 217, 118, 116, true, true
27083110, 977235, 8887, 216, 118, 117, true, true
27170711, 980690, 8887, 215, 117, 120, true, true
27375792, 988663, 8887, 214, 116, 120, true, true
27387983, 989134, 8888, 215, 117, 119, true, true
27555136, 995723, 8888, 213, 117, 120, true, true
27610154, 997874, 8890, 214, 118, 118, true, true
27731831, 1002876, 8890, 213, 117, 122, true, true
27742975, 1003366, 8890, 212, 116, 122, true, true
27796344, 1005496, 8891, 213, 117, 121, true, true
27989714, 1012955, 8894, 213, 118, 120, true, true
27994801, 1013165, 8895, 214, 119, 118, true, true
28010026, 1013764, 8896, 215, 120, 117, true, true
28081575, 1016619, 8897, 216, 121, 116, true, true
28222632, 1022308, 8904, 222, 122, 116, true, true
28249645, 1023413, 8904, 221, 121, 117, true, true
28294467, 1025123, 8905, 222, 122, 115, true, true
28431761, 1030280, 8905, 220, 121, 116, true, true
28443049, 1030749, 8906, 221, 122, 115, true, true
28555561, 1035125, 8908, 223, 123, 115, true, true
28795807, 1044583, 8909, 224, 124, 117, true, true
28814459, 1045239, 8909, 223, 123, 117, true, true
28862320, 1047128, 8909, 222, 122, 117, true, true
28947140, 1050533, 8911, 222, 122, 115, true, true
28983796, 1051927, 8913, 222, 123, 114, true, true
28983816, 1051929, 8918, 227, 124, 113, true, true
29244824, 1061678, 8918, 226, 123, 115, true, true
29677447, 1078626, 8918, 225, 122, 118, true, true
29970321, 1088853, 8918, 224, 121, 121, true, true
29983142, 1089317, 8919, 225, 122, 119, true, true
30237834, 1099361, 8923, 229, 123, 118, true, true
30438334, 1107322, 8923, 228, 122, 120, true, true
30464816, 1108321, 8925, 230, 123, 117, true, true
30473489, 1108695, 8925, 229, 122, 117, true, true
30644263, 1115369, 8925, 228, 121, 119, true, true
30698810, 1117582, 8925, 227, 121, 119, true, true
30698928, 1117587, 8925, 226, 120, 119, true, true
31254222, 1139577, 8927, 224, 120, 120, true, true
31274340, 1140416, 8927, 223, 119, 120, true, true
31391625, 1144945, 8928, 224, 120, 121, true, true
31481066, 1148526, 8928, 223, 119, 123, true, true
31709030, 1157664, 8929, 224, 120, 123, true, true
31839952, 1163098, 8929, 223, 119, 125, true, true
32142257, 1175400, 8930, 224, 120, 124, true, true
32378817, 1185354, 8931, 223, 120, 125, true, true
32515122, 1191026, 8931, 221, 119, 126, true, true
32557347, 1192817, 8931, 220, 118, 128, true, true
32639334, 1196100, 8931, 219, 117, 130, true, true
32696708, 1198425, 8931, 218, 116, 130, true, true
32750542, 1200589, 8931, 215, 116, 131, true, true
32752772, 1200672, 8931, 214, 115, 131, true, true
32809802, 1202935, 8931, 213, 114, 132, true, true
33310790, 1223316, 8932, 214, 115, 132, true, true
33393201, 1226877, 8932, 212, 114, 132, true, true
33650894, 1237636, 8938, 205, 115, 130, true, true
33677605, 1238734, 8940, 207, 116, 129, true, true
33768762, 1242524, 8940, 205, 115, 129, true, true
33811153, 1244291, 8941, 206, 116, 128, true, true
33947735, 1250003, 8941, 205, 115, 128, true, true
34220162, 1261534, 8941, 204, 114, 130, true, true
34406611, 1269362, 8941, 203, 113, 133, true, true
34488568, 1272830, 8942, 204, 114, 131, true, true
34579386, 1276805, 8943, 205, 115, 130, true, true
34605084, 1277967, 8943, 204, 114, 130, true, true
34610550, 1278204, 8944, 205, 115, 129, true, true
34612825, 1278305, 8944, 204, 114, 129, true, true
34615078, 1278400, 8945, 205, 115, 124, true, true
34692913, 1281721, 8946, 206, 116, 124, true, true
34731360, 1283386, 8946, 205, 115, 125, true, true
34734601, 1283532, 8946, 204, 114, 125, true, true
34844002, 1288063, 8947, 204, 114, 125, true, true
34852495, 1288431, 8948, 204, 114, 123, true, true
35054185, 1296837, 8949, 203, 114, 128, true, true
35237917, 1304472, 8954, 208, 115, 126, true, true
35870889, 1331568, 8954, 206, 114, 129, true, true
35897275, 1332664, 8954, 205, 113, 129, true, true
36198274, 1345555, 8959, 210, 114, 130, true, true
36329797, 1351351, 8959, 209, 113, 130, true, true
36342423, 1351924, 8959, 208, 112, 130, true, true
36405378, 1354646, 8961, 210, 113, 127, true, true
36702174, 1367860, 8962, 211, 114, 127, true, true
36872547, 1375315, 8962, 210, 113, 128, true, true
37055179, 1383235, 8966, 214, 114, 127, true, true
37099622, 1385254, 8966, 213, 113, 127, true, true
37332000, 1395610, 8970, 216, 114, 124, true, true
37557479, 1405831, 8971, 217, 115, 124, true, true
37645328, 1409604, 8971, 216, 114, 125, true, true
37745823, 1414301, 8974, 218, 114, 124, true, true
37867847, 1419718, 8975, 219, 115, 123, true, true
37933674, 1422563, 8977, 221, 116, 122, true, true
38216293, 1435174, 8979, 220, 116, 124, true, true
38654710, 1454908, 8980, 221, 117, 126, true, true
38788457, 1460943, 8980, 220, 116, 127, true, true
38833723, 1462990, 8981, 221, 117, 126, true, true
38841369, 1463326, 8981, 220, 116, 126, true, true
39197372, 1479581, 8981, 219, 115, 129, true, true
39574158, 1496838, 8981, 218, 114, 132, true, true
39609893, 1498612, 8981, 217, 113, 132, true, true
39675452, 1501501, 8981, 216, 112, 134, true, true
39732776, 1504106, 8982, 217, 113, 131, true, true
39743202, 1504566, 8983, 217, 113, 130, true, true
39771626, 1505781, 8984, 218, 114, 127, true, true
39929999, 1512946, 8984, 217, 113, 127, true, true
39939850, 1513429, 8984, 216, 112, 127, true, true
39946710, 1513762, 8985, 217, 113, 125, true, true
39993106, 1515945, 8986, 218, 114, 123, true, true
40034948, 1517828, 8987, 219, 115, 120, true, true
40092524, 1520426, 8988, 220, 116, 119, true, true
40098978, 1520734, 8988, 215, 116, 119, true, true
40238991, 1527191, 8988, 214, 116, 120, true, true
40307793, 1530177, 8988, 213, 115, 121, true, true
40407649, 1534615, 8988, 212, 114, 122, true, true
40448972, 1536316, 8988, 211, 113, 122, true, true
40481321, 1537673, 8990, 213, 114, 120, true, true
40569847, 1541673, 8995, 216, 115, 118, true, true
40789467, 1551366, 8995, 215, 114, 118, true, true
40959375, 1558810, 8996, 205, 114, 117, true, true
40981302, 1559778, 8996, 204, 113, 117, true, true
41022132, 1561539, 8996, 203, 112, 117, true, true
41420400, 1579727, 8997, 204, 113, 120, true, true
41478297, 1582480, 8997, 203, 112, 120, true, true
41636904, 1589594, 8998, 204, 113, 118, true, true
41650951, 1590268, 8998, 203, 112, 118, true, true
41665230, 1590877, 8998, 202, 111, 118, true, true
41923560, 1601936, 9000, 204, 112, 119, true, true
42287751, 1617994, 9000, 203, 111, 119, true, true
42522687, 1628528, 9000, 202, 110, 122, true, true
42580332, 1631209, 9000, 200, 109, 122, true, true
42900271, 1645657, 9002, 202, 110, 122, true, true
43011151, 1650655, 9002, 201, 109, 125, true, true
43118096, 1655635, 9002, 200, 108, 125, true, true
43198028, 1659211, 9002, 199, 108, 126, true, true
43237290, 1660988, 9002, 198, 108, 126, true, true
43302062, 1663856, 9002, 197, 107, 126, true, true
43495417, 1672386, 9002, 196, 106, 127, true, true
43858554, 1688769, 9002, 194, 105, 131, true, true
43866643, 1689145, 9003, 195, 106, 124, true, true
43901639, 1690684, 9004, 196, 107, 123, true, true
43908704, 1691015, 9004, 194, 106, 123, true, true
44246103, 1706305, 9004, 193, 105, 123, true, true
44334969, 1710354, 9006, 195, 106, 122, true, true
44543213, 1719812, 9007, 196, 107, 121, true, true
44702694, 1727062, 9011, 200, 108, 120, true, true
44745088, 1729049, 9011, 198, 107, 121, true, true
44812397, 1732022, 9011, 197, 106, 121, true, true
44845949, 1733549, 9011, 196, 105, 122, true, true
45158273, 1747218, 9011, 195, 104, 124, true, true
45195685, 1748719, 9012, 196, 105, 122, true, true
45512497, 1762966, 9012, 195, 104, 122, true, true
45599851, 1766901, 9013, 196, 105, 119, true, true
45616460, 1767594, 9014, 197, 106, 114, true, true
46057762, 1787400, 9016, 198, 107, 112, true, true
46179242, 1792628, 9018, 200, 108, 111, true, true
46405910, 1802728, 9018, 199, 107, 111, true, true
46420213, 1803336, 9018, 198, 106, 111, true, true
46563771, 1809962, 9020, 200, 107, 109, true, true
46700508, 1816088, 9021, 200, 107, 107, true, true
46783749, 1819655, 9023, 201, 107, 107, true, true
47007063, 1829610, 9024, 202, 108, 107, true, true
47079102, 1832966, 9024, 201, 107, 107, true, true
47088591, 1833324, 9025, 202, 108, 104, true, true
47208801, 1838529, 9026, 203, 109, 103, true, true
47334649, 1844085, 9027, 204, 110, 104, true, true
47898789, 1869363, 9028, 204, 110, 101, true, true
47909028, 1869807, 9028, 200, 110, 101, true, true
47997892, 1873832, 9029, 201, 111, 100, true, true
48362514, 1889979, 9031, 202, 111, 98, true, true
48485060, 1895387, 9032, 203, 112, 95, true, true
48650549, 1902828, 9033, 204, 113, 95, true, true
48659240, 1903237, 9033, 202, 112, 95, true, true
48938057, 1915879, 9033, 197, 111, 95, true, true
49178091, 1927125, 9033, 196, 110, 97, true, true
49497127, 1942003, 9035, 198, 111, 102, true, true
49633678, 1948567, 9035, 197, 110, 103, true, true
49786244, 1955445, 9035, 194, 110, 104, true, true
49861625, 1958806, 9036, 195, 111, 105, true, true
49870953, 1959242, 9037, 196, 112, 104, true, true
49903677, 1960646, 9037, 195, 111, 104, true, true
50763091, 2000045, 9037, 194, 110, 114, true, true
50808395, 2002123, 9037, 193, 109, 114, true, true
51006242, 2010917, 9037, 191, 108, 114, true, true
51646905, 2040549, 9039, 193, 109, 114, true, true
51743604, 2045259, 9040, 194, 110, 112, true, true
51960316, 2055410, 9041, 195, 111, 113, true, true
52223731, 2067734, 9041, 194, 111, 115, true, true
52538151, 2082655, 9042, 195, 112, 110, true, true
52567332, 2084019, 9042, 193, 111, 110, true, true
52579950, 2084653, 9042, 192, 110, 110, true, true
52654580, 2088218, 9042, 191, 109, 110, true, true
53003303, 2104659, 9042, 190, 108, 112, true, true
53128509, 2110514, 9042, 185, 107, 113, true, true
53369937, 2121809, 9042, 183, 106, 113, true, true
53427574, 2124461, 9045, 185, 106, 111, true, true
53873849, 2145364, 9045, 184, 105, 114, true, true
53939793, 2148429, 9046, 185, 106, 111, true, true
54203938, 2160923, 9046, 184, 105, 115, true, true
54342275, 2167195, 9046, 183, 104, 116, true, true
54504446, 2174703, 9047, 184, 105, 116, true, true
54923326, 2194430, 9047, 183, 104, 119, true, true
54984406, 2197316, 9047, 182, 103, 119, true, true
55028121, 2199224, 9047, 181, 102, 119, true, true
55111920, 2203090, 9048, 182, 103, 119, true, true
55171298, 2205643, 9048, 181, 102, 119, true, true
55629578, 2226559, 9049, 182, 103, 119, true, true
55657909, 2227853, 9050, 183, 104, 119, true, true
55748421, 2231989, 9050, 182, 103, 119, true, true
55960260, 2241760, 9050, 181, 102, 121, true, true
56277208, 2256221, 9050, 180, 101, 122, true, true
56627427, 2271946, 9051, 181, 102, 124, true, true
56773542, 2278314, 9055, 185, 103, 123, true, true
56862141, 2282223, 9066, 191, 103, 123, true, true
57128891, 2294179, 9067, 192, 104, 124, true, true
57215928, 2298085, 9068, 193, 105, 122, true, true
57754110, 2322214, 9072, 197, 106, 123, true, true
57800532, 2324400, 9074, 199, 107, 122, true, true
57891205, 2328443, 9076, 201, 108, 122, true, true
58197369, 2342229, 9076, 200, 107, 123, true, true
58418505, 2351945, 9076, 198, 106, 125, true, true
58544133, 2357577, 9077, 199, 107, 124, true, true
58706629, 2364775, 9077, 198, 106, 124, true, true
58713064, 2365061, 9077, 196, 105, 124, true, true
58862280, 2371452, 9080, 188, 105, 122, true, true
59057985, 2380109, 9080, 186, 104, 122, true, true
59123357, 2382885, 9080, 185, 103, 122, true, true
59442605, 2397067, 9081, 185, 104, 124, true, true
59495575, 2399474, 9081, 184, 103, 125, true, true
59634368, 2405613, 9082, 185, 104, 124, true, true
59913119, 2417909, 9083, 186, 105, 123, true, true
60325451, 2436297, 9083, 185, 104, 124, true, true
60515441, 2444674, 9084, 186, 105, 123, true, true
60926942, 2462690, 9085, 187, 106, 123, true, true
61173399, 2473583, 9086, 188, 107, 121, true, true
61303922, 2479203, 9086, 186, 106, 123, true, true
62191619, 2518530, 9087, 187, 107, 122, true, true
62373443, 2526841, 9087, 186, 106, 125, true, true
62418651, 2528788, 9087, 181, 105, 126, true, true
62583433, 2536003, 9088, 182, 106, 121, true, true
63365009, 2571070, 9088, 181, 105, 128, true, true
63522068, 2578213, 9089, 182, 106, 123, true, true
63553717, 2579622, 9090, 183, 107, 122, true, true
63604684, 2581953, 9090, 180, 107, 122, true, true
63727210, 2587354, 9091, 181, 108, 120, true, true
63816619, 2591272, 9092, 182, 109, 119, true, true
63867467, 2593687, 9092, 181, 109, 119, true, true
63949080, 2597314, 9092, 180, 108, 119, true, true
64350925, 2615121, 9094, 181, 108, 120, true, true
65375104, 2660828, 9095, 182, 109, 118, true, true
65607438, 2671099, 9095, 181, 108, 120, true, true
65631218, 2672171, 9096, 177, 108, 118, true, true
66528434, 2712526, 9097, 178, 109, 117, true, true
66540855, 2713131, 9097, 177, 108, 117, true, true
66739793, 2722229, 9098, 178, 109, 118, true, true
66997462, 2733702, 9098, 177, 108, 119, true, true
67350591, 2749464, 9098, 176, 107, 119, true, true
67883732, 2773030, 9098, 174, 106, 120, true, true
67891471, 2773338, 9098, 173, 105, 120, true, true
68325301, 2792644, 9104, 179, 106, 118, true, true
68376112, 2794951, 9105, 180, 107, 115, true, true
69171397, 2829940, 9106, 180, 107, 116, true, true
69233664, 2832747, 9106, 179, 106, 116, true, true
69562075, 2847767, 9108, 181, 107, 117, true, true
69598709, 2849436, 9113, 186, 108, 116, true, true
69671367, 2852620, 9113, 181, 107, 116, true, true
70016811, 2868287, 9114, 182, 108, 112, true, true
70272425, 2879678, 9114, 181, 107, 113, true, true
70300643, 2880957, 9114, 180, 106, 113, true, true
70360245, 2883453, 9115, 181, 107, 112, true, true
71416648, 2930233, 9116, 179, 107, 110, true, true
71517583, 2934685, 9117, 180, 108, 105, true, true
71744941, 2944579, 9117, 179, 107, 105, true, true
72525943, 2978979, 9117, 178, 106, 109, true, true
72696640, 2986604, 9118, 179, 107, 105, true, true
72801594, 2991317, 9118, 174, 106, 105, true, true
73000187, 3000274, 9119, 174, 106, 103, true, true
73799301, 3036141, 9120, 175, 107, 105, true, true
74015596, 3046162, 9122, 177, 108, 106, true, true
74223476, 3055497, 9122, 176, 107, 107, true, true
74452374, 3065899, 9122, 175, 106, 107, true, true
75813309, 3129763, 9123, 176, 107, 112, true, true
76147808, 3145634, 9123, 170, 106, 116, true, true
76227498, 3149365, 9123, 169, 105, 116, true, true
76425558, 3158701, 9124, 170, 106, 116, true, true
76893318, 3180936, 9124, 164, 105, 118, true, true
76918926, 3182147, 9125, 165, 106, 110, true, true
77213743, 3196349, 9125, 164, 105, 112, true, true
77789742, 3223194, 9125, 163, 104, 116, true, true
78354635, 3249933, 9127, 164, 104, 115, true, true
78414501, 3252695, 9127, 162, 103, 115, true, true
79136884, 3287075, 9128, 163, 104, 111, true, true
79274964, 3293783, 9129, 164, 105, 107, true, true
79349914, 3297348, 9129, 163, 104, 108, true, true
79716760, 3314552, 9130, 164, 105, 108, true, true
79824591, 3319776, 9130, 161, 104, 108, true, true
80275480, 3340821, 9130, 159, 103, 110, true, true
80687037, 3360267, 9131, 160, 104, 111, true, true
80728357, 3362293, 9131, 159, 103, 111, true, true
81819699, 3414336, 9131, 158, 102, 112, true, true
81828531, 3414800, 9131, 156, 101, 112, true, true
82905544, 3466442, 9131, 155, 100, 116, true, true
82992579, 3470826, 9132, 156, 101, 114, true, true
83229673, 3482202, 9132, 153, 99, 114, true, true
84793572, 3558453, 9132, 152, 99, 116, true, true
86129081, 3624589, 9133, 153, 100, 120, true, true
86409407, 3638681, 9133, 152, 99, 120, true, true
86410652, 3638737, 9133, 151, 98, 120, true, true
86803796, 3658455, 9134, 152, 99, 117, true, true
87179928, 3677391, 9134, 149, 98, 119, true, true
87276699, 3682337, 9135, 150, 99, 118, true, true
88748523, 3758113, 9135, 149, 98, 121, true, true
88994086, 3770962, 9136, 149, 98, 119, true, true
88994215, 3770971, 9136, 145, 97, 119, true, true
89088608, 3776057, 9136, 144, 96, 119, true, true
89168264, 3780012, 9136, 143, 95, 120, true, true
89437452, 3793800, 9136, 142, 94, 121, true, true
89585616, 3801358, 9137, 143, 95, 120, true, true
89812884, 3812897, 9137, 142, 94, 120, true, true
90148074, 3829849, 9137, 137, 93, 121, true, true
90333737, 3839212, 9137, 136, 92, 121, true, true
90611529, 3853359, 9137, 135, 91, 122, true, true
90712330, 3858342, 9138, 136, 92, 121, true, true
90847064, 3864745, 9140, 138, 93, 119, true, true
90954292, 3870053, 9141, 139, 94, 117, true, true
91777301, 3911418, 9141, 138, 93, 120, true, true
91874929, 3916216, 9143, 140, 94, 121, true, true
92076789, 3926336, 9143, 138, 93, 121, true, true
92119758, 3928536, 9147, 142, 94, 117, true, true
92373250, 3941176, 9147, 141, 93, 117, true, true
92492887, 3946953, 9147, 140, 92, 118, true, true
93059523, 3975043, 9147, 139, 91, 119, true, true
93152604, 3979851, 9149, 141, 92, 117, true, true
93265841, 3985347, 9149, 140, 91, 117, true, true
93299341, 3987019, 9151, 142, 92, 111, true, true
93481538, 3996075, 9152, 143, 93, 111, true, true
93500311, 3996960, 9152, 142, 92, 111, true, true
94638921, 4052725, 9156, 146, 93, 107, false, true
94900999, 4065358, 9156, 145, 93, 107, false, true
95492306, 4094165, 9166, 155, 94, 102, false, true
95896096, 4113411, 9166, 153, 93, 102, false, true
96916772, 4163156, 9170, 157, 94, 101, false, true
97112273, 4172789, 9170, 156, 93, 101, false, true
97456934, 4189393, 9171, 157, 94, 99, false, true
97731418, 4202332, 9171, 156, 94, 99, false, true
97918174, 4211516, 9171, 155, 93, 99, false, true
97955399, 4213223, 9175, 159, 94, 97, false, true
98846812, 4257138, 9176, 160, 95, 94, false, true
98921385, 4260746, 9178, 162, 96, 92, false, true
99285516, 4278551, 9178, 161, 95, 92, false, true
99293927, 4278966, 9179, 162, 96, 91, false, true
99873528, 4307521, 9181, 162, 96, 89, false, true
100315990, 4329401, 9182, 163, 97, 88, false, true
100527075, 4339767, 9185, 166, 98, 87, false, true
100728962, 4350035, 9185, 165, 97, 87, false, true
101314510, 4378807, 9185, 155, 96, 87, false, true
101374490, 4381824, 9185, 153, 95, 87, false, true
102713864, 4449069, 9185, 149, 94, 87, false, true
102815574, 4454244, 9186, 150, 95, 86, false, true
103268179, 4477209, 9187, 151, 96, 82, false, true
103501843, 4489097, 9190, 154, 97, 81, false, true
104084596, 4517605, 9191, 155, 98, 79, false, true
104396142, 4532809, 9192, 156, 99, 75, false, true
105387476, 4583118, 9193, 157, 100, 74, false, true
106074645, 4617472, 9193, 156, 99, 74, false, true
106229701, 4624998, 9193, 155, 98, 74, false, true
106820723, 4654980, 9194, 156, 99, 73, false, true
106900846, 4659038, 9194, 155, 98, 73, false, true
107222579, 4675368, 9195, 156, 99, 72, false, true
107618021, 4695708, 9195, 155, 98, 72, false, true
107703204, 4700157, 9196, 156, 99, 70, false, true
107770558, 4703528, 9197, 157, 100, 66, false, true
107944560, 4712617, 9197, 155, 99, 66, false, true
108071136, 4718979, 9197, 154, 98, 66, false, true
109064956, 4769136, 9197, 153, 97, 66, false, true
109081840, 4770039, 9197, 150, 96, 66, false, true
109206700, 4776370, 9198, 151, 97, 65, false, true
109561198, 4794387, 9199, 152, 98, 64, false, true
109915029, 4811956, 9200, 153, 99, 63, false, true
111620313, 4899551, 9200, 149, 98, 63, false, true
112529124, 4946346, 9200, 148, 97, 63, false, true
112621851, 4951001, 9200, 147, 96, 63, false, true
112623507, 4951102, 9202, 149, 97, 61, false, true
114427645, 5042927, 9202, 148, 96, 61, false, true
114430444, 5043043, 9202, 146, 95, 61, false, true
114553112, 5049319, 9205, 149, 96, 60, false, true
114716209, 5057436, 9206, 150, 97, 58, false, true
115054776, 5074402, 9207, 151, 98, 57, false, true
115171671, 5080487, 9208, 150, 99, 56, false, true
115747171, 5109751, 9209, 151, 100, 51, false, true
116025255, 5123819, 9209, 150, 99, 51, false, true
116163541, 5130872, 9209, 149, 98, 51, false, true
116378414, 5141600, 9209, 148, 98, 51, false, true
117998218, 5225306, 9211, 150, 99, 50, false, true
118928349, 5273676, 9211, 148, 98, 50, false, true
119637210, 5309633, 9212, 149, 99, 49, false, true
119822060, 5318965, 9212, 148, 98, 49, false, true
119975392, 5326820, 9213, 149, 99, 45, false, true
120231885, 5339836, 9213, 148, 98, 45, false, true
121478694, 5403435, 9215, 150, 99, 44, false, true
122013491, 5431104, 9216, 150, 99, 43, false, true
122036332, 5432255, 9216, 149, 99, 43, false, true
123574254, 5511866, 9216, 148, 98, 43, false, true
123897107, 5528542, 9217, 149, 99, 41, false, true
124861626, 5578596, 9217, 148, 98, 41, false, true
127011347, 5689451, 9218, 149, 99, 40, false, true
127368358, 5708001, 9221, 152, 100, 37, false, true
127436597, 5711624, 9222, 153, 101, 36, false, true
128176287, 5751254, 9223, 154, 102, 35, false, true
128854796, 5787648, 9223, 153, 101, 35, false, true
129156461, 5803757, 9223, 151, 100, 35, false, true
129495038, 5821787, 9224, 152, 101, 34, false, true
130038156, 5849568, 9225, 153, 102, 31, false, true
131218564, 5911409, 9226, 154, 103, 30, false, true
131289031, 5915197, 9226, 152, 102, 30, false, true
131339455, 5917978, 9227, 153, 103, 28, false, true
132226821, 5965112, 9227, 152, 102, 28, false, true
132260919, 5966861, 9227, 151, 101, 28, false, true
132789071, 5994171, 9227, 149, 100, 28, false, true
133110645, 6010898, 9227, 148, 99, 28, false, true
133323823, 6021886, 9227, 147, 98, 28, false, true
133867272, 6049803, 9228, 148, 99, 27, false, true
134363174, 6075639, 9230, 148, 100, 25, false, true
134433846, 6079167, 9231, 149, 101, 24, false, true
135696346, 6145170, 9231, 148, 100, 24, false, true
136051977, 6164113, 9231, 147, 99, 24, false, true
136802841, 6202903, 9232, 148, 100, 22, false, true
136896183, 6207702, 9233, 149, 101, 21, false, true
137930203, 6261077, 9233, 148, 100, 21, false, true
137984453, 6263980, 9233, 147, 99, 21, false, true
138446312, 6287776, 9233, 146, 98, 21, false, true
139297192, 6331515, 9233, 145, 97, 21, false, true
139314255, 6332274, 9234, 146, 98, 20, false, true
139735452, 6353863, 9234, 145, 97, 20, false, true
139820514, 6358265, 9234, 143, 97, 20, false, true
140278321, 6381128, 9234, 141, 96, 20, false, true
140652147, 6399443, 9235, 142, 97, 19, false, true
140866012, 6410190, 9235, 141, 96, 19, false, true
140871051, 6410443, 9235, 140, 95, 19, false, true
140958593, 6414835, 9235, 138, 94, 19, false, true
141006614, 6417327, 9235, 137, 93, 19, false, true
141358779, 6434665, 9235, 136, 92, 19, false, true
141699709, 6450511, 9235, 134, 92, 19, false, true
142295330, 6479796, 9235, 133, 92, 19, false, true
142581080, 6493572, 9235, 132, 91, 19, false, true
142619069, 6495464, 9235, 131, 90, 19, false, true
143169054, 6522352, 9238, 134, 91, 18, false, true
143606050, 6543486, 9238, 133, 90, 18, false, true
144103066, 6567675, 9238, 132, 89, 18, false, true
144597620, 6591556, 9239, 133, 90, 16, false, true
146099620, 6665702, 9240, 134, 91, 15, false, true
146427015, 6681613, 9242, 135, 92, 14, false, true
146662647, 6693543, 9242, 134, 91, 14, false, true
146813059, 6701070, 9244, 136, 92, 13, false, true
147093231, 6714474, 9245, 137, 93, 12, false, true
147415355, 6729842, 9245, 135, 92, 12, false, true
147631786, 6740663, 9245, 134, 91, 12, false, true
149151429, 6812778, 9245, 133, 90, 12, false, true
149671264, 6837551, 9245, 132, 89, 12, false, true
151164333, 6909728, 9246, 133, 90, 11, false, true
152633449, 6980692, 9246, 131, 89, 11, false, true
153328341, 7014212, 9246, 130, 88, 11, false, true
153659631, 7030258, 9247, 130, 89, 10, false, true
154362816, 7064119, 9247, 129, 89, 10, false, true
156310014, 7157072, 9247, 128, 88, 10, false, true
156351987, 7159128, 9255, 136, 89, 9, false, true
156606452, 7171140, 9256, 137, 90, 8, false, true
157804160, 7227477, 9256, 136, 89, 8, false, true
159981953, 7330855, 9257, 137, 90, 7, false, true
160402949, 7351259, 9258, 138, 91, 6, false, true
160541213, 7357809, 9258, 137, 90, 6, false, true
161927394, 7424282, 9258, 136, 89, 6, false, true
162774356, 7464839, 9260, 137, 90, 5, false, true
164298010, 7537150, 9260, 136, 89, 5, false, true
164666194, 7554898, 9260, 134, 88, 5, false, true
166409283, 7638248, 9260, 133, 87, 5, false, true
166811362, 7657560, 9261, 134, 88, 4, false, true
167306346, 7681661, 9262, 135, 89, 3, false, true
168003085, 7715734, 9262, 134, 88, 3, false, true
169579481, 7797954, 9263, 135, 89, 2, false, true
171782107, 7929864, 9264, 136, 90, 1, false, true
172616467, 7984651, 9266, 138, 91, 0, false, true
173118926, 8016755, 9266, 136, 90, 0, false, true
