time, #execs, #covered, #singletons, #sglt_clusts, #foundnew, done, update?
1555, 1, 1139, 1139, 1, 1, true, true
1557, 2, 1219, 475, 2, 2, true, true
1601, 3, 1824, 947, 3, 3, true, true
1610, 4, 1888, 861, 4, 4, true, true
1611, 5, 1893, 866, 5, 5, true, true
1923, 6, 2254, 875, 6, 6, true, true
1925, 7, 2292, 871, 7, 7, true, true
2078, 8, 2340, 890, 8, 7, true, true
2080, 9, 2419, 791, 9, 8, true, true
2081, 10, 2684, 858, 10, 9, true, true
2122, 11, 2702, 862, 11, 9, true, true
2124, 12, 2712, 870, 12, 9, true, true
2125, 13, 2722, 873, 13, 10, true, true
2127, 14, 2728, 874, 14, 11, true, true
2165, 15, 2732, 872, 15, 12, true, true
2167, 16, 2732, 869, 14, 14, true, true
2168, 17, 2736, 871, 15, 15, true, true
2169, 18, 2800, 886, 16, 16, true, true
2171, 19, 2805, 875, 17, 17, true, true
2173, 20, 2805, 864, 17, 19, true, true
12407, 21, 2807, 850, 18, 19, true, true
12409, 22, 2808, 850, 19, 18, true, true
12410, 23, 2860, 873, 20, 19, true, true
12412, 25, 2881, 884, 21, 22, true, true
12413, 26, 2888, 882, 22, 23, true, true
12414, 27, 2927, 892, 23, 24, true, true
12446, 28, 2934, 870, 24, 25, true, true
12448, 29, 2953, 867, 25, 26, true, true
19805, 30, 3040, 772, 26, 26, true, true
19807, 31, 3065, 773, 27, 27, true, true
19809, 32, 3087, 780, 28, 27, true, true
19811, 33, 3117, 768, 29, 27, true, true
19812, 34, 3118, 765, 30, 28, true, true
19814, 35, 3500, 1085, 31, 29, true, true
19815, 36, 3514, 1080, 31, 30, true, true
19817, 37, 3514, 1079, 31, 31, true, true
19819, 38, 3524, 1063, 32, 31, true, true
23235, 39, 3526, 1064, 33, 32, true, true
23237, 40, 3570, 978, 34, 33, true, true
23242, 41, 3570, 977, 34, 35, true, true
73554, 42, 3681, 1057, 35, 36, true, true
73559, 45, 3697, 994, 36, 39, true, true
73561, 46, 3712, 995, 37, 40, true, true
73564, 47, 3717, 999, 37, 41, true, true
73565, 48, 3758, 1007, 38, 41, true, true
73567, 49, 3763, 1007, 39, 41, true, true
73569, 50, 3763, 1002, 39, 43, true, true
73571, 51, 3766, 994, 39, 44, true, true
73572, 52, 3772, 992, 40, 45, true, true
73574, 53, 3793, 985, 41, 46, true, true
73576, 54, 3809, 988, 41, 45, true, true
77810, 55, 3837, 990, 42, 45, true, true
77818, 56, 3837, 986, 41, 46, true, true
77820, 57, 3839, 988, 42, 47, true, true
77873, 58, 3858, 987, 43, 48, true, true
77875, 59, 3874, 1000, 44, 48, true, true
77878, 61, 3884, 1002, 45, 51, true, true
77880, 62, 3895, 978, 46, 52, true, true
77882, 63, 3923, 943, 47, 52, true, true
77884, 64, 3938, 941, 48, 53, true, true
77885, 65, 3940, 943, 49, 53, true, true
77887, 66, 3943, 943, 50, 54, true, true
77889, 67, 3950, 928, 51, 54, true, true
77891, 68, 4015, 936, 52, 55, true, true
77895, 69, 4017, 934, 53, 55, true, true
77896, 70, 4023, 934, 53, 55, true, true
77898, 71, 4054, 947, 54, 55, true, true
77902, 72, 4066, 900, 53, 55, true, true
77904, 73, 4067, 899, 54, 55, true, true
78717, 75, 4153, 891, 54, 58, true, true
78722, 76, 4155, 889, 54, 57, true, true
78725, 77, 4178, 880, 54, 58, true, true
78733, 78, 4178, 878, 54, 60, true, true
78737, 79, 4183, 881, 55, 60, true, true
78740, 80, 4193, 885, 56, 60, true, true
78743, 81, 4194, 879, 57, 60, true, true
78799, 83, 4196, 881, 58, 63, true, true
78805, 84, 4197, 880, 59, 62, true, true
78811, 85, 4198, 881, 60, 63, true, true
78819, 87, 4201, 878, 61, 63, true, true
78823, 88, 4203, 877, 62, 63, true, true
78827, 91, 4204, 876, 63, 67, true, true
78831, 92, 4209, 872, 64, 68, true, true
78834, 93, 4210, 873, 65, 69, true, true
78838, 94, 4210, 872, 64, 71, true, true
78841, 95, 4227, 876, 65, 70, true, true
78844, 96, 4227, 875, 64, 71, true, true
78849, 97, 4230, 871, 64, 71, true, true
78966, 99, 4234, 875, 65, 71, true, true
78970, 100, 4238, 878, 66, 72, true, true
78977, 101, 4242, 881, 67, 72, true, true
78980, 102, 4244, 882, 68, 72, true, true
78984, 103, 4247, 883, 69, 71, true, true
78990, 104, 4247, 881, 68, 73, true, true
78995, 105, 4249, 883, 69, 72, true, true
79000, 106, 4250, 882, 70, 71, true, true
79012, 108, 4251, 880, 71, 73, true, true
79017, 109, 4253, 874, 69, 74, true, true
79026, 111, 4253, 872, 68, 77, true, true
79034, 113, 4258, 874, 69, 79, true, true
79038, 114, 4264, 871, 70, 79, true, true
79043, 115, 4275, 869, 71, 78, true, true
79046, 116, 4276, 864, 72, 78, true, true
79049, 117, 4282, 869, 73, 76, true, true
346590, 119, 4391, 878, 73, 76, true, true
346602, 120, 4391, 876, 72, 77, true, true
346613, 121, 4393, 874, 73, 77, true, true
346621, 122, 4393, 873, 72, 79, true, true
346627, 123, 4461, 928, 73, 79, true, true
346632, 124, 4473, 935, 74, 79, true, true
346637, 125, 4474, 934, 75, 79, true, true
346652, 126, 4504, 944, 76, 79, true, true
346655, 127, 4509, 944, 76, 80, true, true
346658, 128, 4517, 949, 77, 81, true, true
346660, 129, 4518, 950, 78, 80, true, true
346665, 130, 4540, 950, 79, 80, true, true
346667, 131, 4543, 953, 80, 80, true, true
346670, 132, 4545, 934, 81, 79, true, true
346677, 134, 4545, 933, 81, 81, true, true
946682, 135, 4569, 925, 82, 80, true, true
946688, 136, 4572, 926, 82, 80, true, true
946719, 137, 4646, 990, 83, 79, true, true
946725, 138, 4648, 992, 84, 77, true, true
946733, 139, 4649, 993, 85, 77, true, true
946747, 141, 4649, 990, 85, 78, true, true
946770, 143, 4649, 989, 85, 80, true, true
946780, 144, 4649, 987, 85, 82, true, true
946790, 145, 4649, 986, 85, 82, true, true
946799, 146, 4656, 979, 85, 81, true, true
946815, 147, 4668, 918, 86, 81, true, true
946820, 148, 4683, 916, 87, 80, true, true
946826, 149, 4683, 914, 86, 81, true, true
946846, 152, 4686, 916, 87, 83, true, true
946852, 153, 4687, 912, 88, 82, true, true
946858, 154, 4687, 911, 88, 83, true, true
946863, 155, 4740, 958, 87, 83, true, true
946867, 156, 4748, 962, 88, 81, true, true
946874, 157, 4756, 965, 89, 82, true, true
946879, 160, 4765, 972, 90, 84, true, true
946884, 161, 4766, 973, 91, 84, true, true
946890, 163, 4792, 995, 92, 85, true, true
946898, 164, 4793, 995, 93, 82, true, true
946903, 165, 4794, 996, 94, 82, true, true
946911, 166, 4803, 1000, 95, 81, true, true
946916, 169, 4807, 1004, 96, 83, true, true
946924, 170, 4807, 1003, 95, 84, true, true
946928, 171, 4812, 1007, 96, 83, true, true
946961, 175, 4812, 1006, 96, 87, true, true
946969, 176, 4813, 1006, 97, 86, true, true
946975, 177, 4816, 1005, 98, 84, true, true
946983, 178, 4825, 1008, 98, 84, true, true
946988, 179, 4846, 976, 99, 84, true, true
946996, 180, 4850, 974, 100, 82, true, true
946999, 181, 4852, 976, 101, 81, true, true
947005, 182, 4853, 972, 102, 80, true, true
947012, 183, 4855, 972, 102, 80, true, true
947016, 184, 4864, 969, 102, 80, true, true
947021, 185, 4865, 969, 103, 81, true, true
947039, 186, 4906, 886, 102, 80, true, true
947045, 187, 4907, 885, 102, 80, true, true
947062, 188, 4914, 891, 103, 80, true, true
947097, 190, 4914, 879, 103, 80, true, true
947290, 193, 4914, 875, 102, 83, true, true
947299, 194, 4916, 871, 102, 83, true, true
947335, 198, 4918, 873, 103, 83, true, true
947351, 199, 4918, 869, 103, 83, true, true
947357, 200, 4919, 867, 103, 84, true, true
947375, 201, 4919, 865, 103, 85, true, true
947379, 202, 4920, 866, 104, 86, true, true
947398, 204, 4940, 840, 104, 89, true, true
947406, 206, 4940, 839, 103, 90, true, true
947593, 208, 4949, 828, 103, 90, true, true
947610, 210, 4955, 834, 104, 92, true, true
947652, 214, 4959, 836, 105, 93, true, true
947658, 215, 4960, 837, 106, 93, true, true
947665, 216, 4962, 837, 107, 93, true, true
947672, 217, 4966, 833, 107, 94, true, true
947676, 218, 4967, 834, 108, 93, true, true
947681, 219, 4968, 834, 109, 93, true, true
947688, 220, 4970, 835, 110, 93, true, true
947696, 221, 4975, 819, 111, 93, true, true
947709, 223, 4976, 818, 112, 93, true, true
947721, 224, 4976, 816, 112, 94, true, true
947758, 226, 4976, 814, 112, 96, true, true
947765, 227, 4983, 816, 113, 94, true, true
947779, 228, 4983, 813, 113, 94, true, true
947793, 229, 4983, 810, 112, 94, true, true
948126, 231, 4995, 821, 113, 94, true, true
948143, 233, 4995, 820, 112, 96, true, true
948149, 234, 4997, 801, 113, 94, true, true
948159, 235, 4997, 795, 113, 95, true, true
948169, 236, 4997, 794, 113, 96, true, true
948185, 239, 4997, 793, 113, 100, true, true
948190, 241, 5013, 782, 113, 102, true, true
948213, 243, 5013, 779, 112, 104, true, true
948228, 244, 5013, 778, 111, 105, true, true
948232, 245, 5015, 780, 112, 105, true, true
948245, 248, 5015, 779, 111, 107, true, true
948252, 249, 5015, 778, 111, 108, true, true
948267, 251, 5021, 783, 112, 109, true, true
948272, 252, 5021, 781, 112, 110, true, true
948281, 254, 5026, 783, 113, 111, true, true
948285, 255, 5027, 784, 114, 112, true, true
948291, 256, 5028, 784, 115, 112, true, true
948298, 257, 5031, 786, 116, 110, true, true
948305, 259, 5033, 786, 115, 110, true, true
948311, 260, 5033, 781, 114, 110, true, true
948319, 261, 5033, 780, 113, 112, true, true
948323, 262, 5042, 774, 113, 112, true, true
948332, 263, 5055, 784, 114, 112, true, true
948342, 264, 5055, 782, 113, 113, true, true
948350, 265, 5055, 780, 112, 113, true, true
948357, 266, 5064, 763, 113, 114, true, true
948595, 269, 5064, 760, 112, 115, true, true
948650, 271, 5154, 802, 112, 116, true, true
948677, 273, 5154, 801, 112, 119, true, true
948750, 276, 5154, 800, 111, 122, true, true
948772, 277, 5154, 797, 111, 124, true, true
948789, 278, 5154, 795, 110, 124, true, true
948802, 279, 5155, 796, 111, 123, true, true
948822, 280, 5155, 791, 111, 124, true, true
948833, 281, 5155, 790, 110, 126, true, true
948848, 283, 5155, 789, 110, 126, true, true
948868, 286, 5156, 790, 111, 129, true, true
948876, 287, 5156, 788, 111, 129, true, true
948888, 288, 5191, 784, 111, 130, true, true
948904, 290, 5191, 780, 111, 131, true, true
948908, 291, 5192, 781, 112, 129, true, true
948913, 292, 5193, 779, 113, 130, true, true
948922, 293, 5193, 777, 113, 131, true, true
948927, 294, 5206, 789, 114, 131, true, true
948945, 297, 5212, 793, 115, 132, true, true
948970, 300, 5213, 794, 116, 133, true, true
948991, 302, 5219, 800, 117, 133, true, true
948997, 303, 5221, 802, 118, 131, true, true
949002, 305, 5222, 803, 119, 131, true, true
949034, 309, 5222, 801, 118, 133, true, true
949040, 310, 5225, 804, 119, 133, true, true
949047, 311, 5227, 800, 119, 133, true, true
949053, 312, 5228, 800, 120, 133, true, true
949085, 313, 5239, 716, 118, 129, true, true
949090, 314, 5240, 717, 119, 129, true, true
949100, 315, 5240, 716, 118, 129, true, true
949104, 316, 5242, 717, 118, 128, true, true
949109, 317, 5243, 717, 119, 127, true, true
949127, 319, 5244, 718, 120, 128, true, true
949131, 320, 5247, 717, 121, 128, true, true
949143, 322, 5248, 717, 122, 127, true, true
949167, 324, 5248, 716, 122, 128, true, true
949183, 326, 5250, 715, 123, 128, true, true
949212, 329, 5250, 713, 121, 130, true, true
949224, 330, 5250, 711, 120, 131, true, true
949230, 331, 5260, 716, 121, 132, true, true
949243, 333, 5271, 704, 121, 132, true, true
949249, 334, 5272, 704, 122, 131, true, true
949267, 336, 5272, 702, 122, 134, true, true
949285, 338, 5272, 696, 121, 135, true, true
949290, 339, 5275, 698, 121, 136, true, true
949301, 340, 5275, 689, 121, 136, true, true
949336, 344, 5275, 687, 120, 139, true, true
949345, 345, 5275, 686, 120, 140, true, true
949354, 346, 5275, 684, 119, 142, true, true
949363, 348, 5277, 686, 120, 142, true, true
949414, 356, 5295, 620, 121, 147, true, true
949499, 357, 5308, 627, 121, 141, true, true
949513, 358, 5308, 626, 121, 142, true, true
949562, 361, 5308, 625, 120, 142, true, true
949568, 362, 5309, 625, 121, 141, true, true
949583, 363, 5309, 622, 120, 142, true, true
949598, 365, 5310, 623, 121, 142, true, true
949613, 367, 5314, 625, 122, 140, true, true
949623, 368, 5332, 637, 123, 139, true, true
949630, 369, 5334, 638, 124, 138, true, true
949637, 370, 5334, 637, 123, 139, true, true
949644, 371, 5337, 603, 124, 140, true, true
949655, 372, 5337, 601, 123, 141, true, true
949681, 374, 5338, 602, 124, 141, true, true
949688, 375, 5339, 603, 125, 141, true, true
949695, 376, 5354, 617, 126, 141, true, true
949743, 381, 5355, 610, 127, 147, true, true
949758, 385, 5357, 609, 128, 149, true, true
950523, 386, 5364, 605, 129, 149, true, true
950536, 387, 5364, 601, 128, 150, true, true
950559, 389, 5364, 600, 127, 153, true, true
950574, 392, 5365, 599, 126, 154, true, true
950580, 393, 5366, 600, 127, 153, true, true
950649, 397, 5366, 599, 126, 154, true, true
950669, 399, 5366, 598, 125, 155, true, true
950676, 400, 5367, 599, 126, 154, true, true
950701, 402, 5367, 597, 126, 156, true, true
950718, 403, 5368, 597, 127, 156, true, true
950727, 404, 5372, 598, 127, 155, true, true
950740, 405, 5373, 594, 128, 152, true, true
950749, 406, 5375, 596, 129, 150, true, true
950757, 407, 5375, 595, 128, 150, true, true
950773, 408, 5375, 584, 128, 150, true, true
950820, 411, 5375, 580, 128, 152, true, true
950848, 413, 5375, 579, 127, 153, true, true
950879, 415, 5375, 578, 127, 154, true, true
950912, 418, 5379, 566, 128, 154, true, true
950921, 419, 5380, 567, 129, 154, true, true
950927, 420, 5381, 568, 130, 154, true, true
950957, 424, 5382, 569, 131, 155, true, true
950983, 426, 5382, 568, 130, 156, true, true
951000, 427, 5382, 566, 129, 156, true, true
951033, 430, 5384, 567, 130, 157, true, true
951624, 432, 5386, 568, 130, 157, true, true
951643, 433, 5387, 567, 130, 155, true, true
951649, 434, 5389, 568, 131, 156, true, true
951665, 436, 5390, 569, 132, 155, true, true
951672, 437, 5391, 569, 133, 155, true, true
951743, 441, 5391, 566, 132, 158, true, true
951750, 442, 5393, 564, 132, 157, true, true
951781, 446, 5394, 565, 133, 158, true, true
951789, 447, 5395, 565, 133, 156, true, true
951818, 450, 5396, 563, 134, 156, true, true
951824, 451, 5398, 561, 135, 155, true, true
951901, 456, 5398, 560, 134, 160, true, true
951977, 461, 5398, 559, 133, 164, true, true
951987, 465, 5402, 562, 134, 162, true, true
951995, 466, 5402, 561, 133, 163, true, true
951999, 467, 5408, 554, 134, 162, true, true
952048, 470, 5409, 555, 135, 163, true, true
952064, 471, 5409, 551, 134, 164, true, true
952074, 472, 5409, 550, 134, 164, true, true
952093, 474, 5411, 552, 135, 165, true, true
952098, 475, 5414, 553, 135, 163, true, true
952106, 476, 5418, 557, 136, 164, true, true
952110, 477, 5419, 557, 137, 164, true, true
952136, 479, 5425, 563, 138, 164, true, true
952151, 480, 5425, 562, 137, 164, true, true
952158, 481, 5426, 560, 138, 163, true, true
952181, 483, 5426, 559, 138, 165, true, true
952202, 484, 5426, 546, 138, 166, true, true
952208, 485, 5429, 546, 139, 165, true, true
952273, 490, 5431, 547, 139, 164, true, true
952279, 491, 5433, 544, 140, 163, true, true
952325, 495, 5434, 545, 141, 164, true, true
952350, 497, 5442, 530, 142, 165, true, true
952383, 500, 5443, 531, 143, 163, true, true
952452, 504, 5457, 536, 144, 165, true, true
952467, 505, 5457, 535, 143, 165, true, true
952496, 507, 5457, 533, 142, 165, true, true
952505, 508, 5458, 530, 143, 165, true, true
952517, 509, 5459, 531, 144, 162, true, true
952524, 510, 5460, 531, 144, 160, true, true
952531, 511, 5461, 531, 144, 157, true, true
952604, 516, 5462, 531, 145, 160, true, true
953095, 521, 5462, 529, 144, 163, true, true
953105, 522, 5464, 531, 145, 161, true, true
953113, 523, 5466, 533, 146, 157, true, true
953125, 525, 5467, 533, 146, 155, true, true
953131, 526, 5468, 534, 147, 156, true, true
953146, 528, 5500, 562, 148, 155, true, true
953185, 531, 5500, 561, 148, 158, true, true
953191, 532, 5518, 577, 149, 158, true, true
953206, 534, 5518, 576, 148, 158, true, true
953242, 537, 5520, 578, 149, 159, true, true
953279, 540, 5528, 576, 149, 159, true, true
953289, 542, 5537, 576, 148, 158, true, true
953329, 545, 5538, 574, 149, 158, true, true
953335, 546, 5539, 575, 150, 157, true, true
953349, 547, 5539, 574, 150, 157, true, true
953361, 548, 5542, 577, 151, 156, true, true
953443, 549, 5542, 571, 150, 157, true, true
953482, 550, 5542, 568, 150, 158, true, true
953550, 554, 5543, 568, 151, 158, true, true
953603, 559, 5543, 567, 150, 163, true, true
953615, 560, 5560, 574, 151, 162, true, true
953621, 561, 5564, 578, 152, 160, true, true
953683, 567, 5565, 578, 152, 164, true, true
953694, 568, 5567, 577, 153, 164, true, true
953701, 569, 5568, 577, 154, 163, true, true
953709, 570, 5569, 578, 155, 160, true, true
953770, 575, 5570, 579, 156, 162, true, true
953778, 576, 5570, 578, 155, 162, true, true
953785, 577, 5571, 579, 156, 160, true, true
953850, 583, 5574, 578, 157, 163, true, true
953859, 584, 5577, 573, 158, 164, true, true
953866, 586, 5579, 575, 159, 162, true, true
953872, 587, 5580, 576, 160, 161, true, true
953912, 589, 5582, 548, 161, 161, true, true
953968, 592, 5583, 546, 162, 162, true, true
954021, 595, 5585, 547, 162, 154, true, true
954057, 596, 5585, 542, 160, 155, true, true
954073, 597, 5585, 541, 159, 156, true, true
954124, 602, 5585, 538, 157, 158, true, true
954141, 605, 5585, 537, 156, 159, true, true
954228, 610, 5585, 535, 156, 162, true, true
954265, 614, 5589, 534, 156, 161, true, true
954309, 619, 5589, 533, 156, 164, true, true
954330, 620, 5589, 525, 155, 164, true, true
954359, 622, 5590, 526, 156, 163, true, true
954385, 624, 5595, 531, 157, 162, true, true
954402, 625, 5595, 530, 157, 163, true, true
954416, 626, 5596, 530, 158, 160, true, true
954424, 627, 5597, 530, 158, 157, true, true
954504, 631, 5597, 528, 158, 160, true, true
954516, 632, 5597, 527, 158, 162, true, true
954626, 638, 5597, 525, 158, 167, true, true
954639, 639, 5598, 523, 157, 166, true, true
954703, 643, 5598, 520, 157, 170, true, true
954714, 644, 5608, 526, 158, 169, true, true
954752, 647, 5608, 524, 158, 170, true, true
954756, 648, 5639, 546, 159, 169, true, true
954817, 652, 5640, 545, 159, 171, true, true
954919, 658, 5649, 546, 159, 172, true, true
954984, 660, 5649, 537, 158, 175, true, true
955005, 661, 5650, 530, 158, 175, true, true
955009, 662, 5651, 531, 159, 175, true, true
955017, 663, 5652, 532, 160, 174, true, true
955098, 669, 5652, 530, 159, 179, true, true
955108, 670, 5653, 531, 160, 178, true, true
955129, 672, 5655, 533, 161, 176, true, true
955165, 675, 5657, 535, 162, 176, true, true
955202, 677, 5668, 546, 163, 175, true, true
955210, 678, 5669, 547, 164, 173, true, true
955233, 682, 5671, 547, 165, 175, true, true
955240, 683, 5674, 549, 166, 174, true, true
955382, 685, 5676, 548, 165, 173, true, true
955452, 690, 5679, 550, 166, 170, true, true
955487, 692, 5679, 546, 165, 173, true, true
955501, 694, 5680, 547, 166, 172, true, true
955736, 697, 5681, 548, 167, 171, true, true
955745, 698, 5681, 547, 166, 172, true, true
955822, 702, 5682, 547, 167, 172, true, true
955832, 703, 5683, 548, 168, 171, true, true
955852, 705, 5684, 548, 169, 169, true, true
955866, 706, 5684, 544, 169, 170, true, true
955968, 712, 5684, 543, 168, 174, true, true
955981, 713, 5684, 542, 167, 174, true, true
956039, 716, 5687, 537, 168, 174, true, true
956164, 723, 5687, 536, 167, 179, true, true
956191, 726, 5688, 537, 168, 176, true, true
956236, 727, 5688, 536, 167, 176, true, true
956289, 729, 5688, 535, 166, 176, true, true
956302, 730, 5689, 536, 167, 170, true, true
956428, 736, 5690, 537, 168, 172, true, true
956523, 741, 5690, 535, 167, 175, true, true
956540, 742, 5690, 534, 166, 175, true, true
956642, 745, 5690, 533, 165, 177, true, true
956677, 746, 5690, 531, 164, 177, true, true
956724, 749, 5694, 534, 164, 179, true, true
956753, 750, 5694, 531, 163, 179, true, true
956784, 752, 5698, 533, 162, 178, true, true
956848, 754, 5699, 534, 163, 179, true, true
956859, 755, 5700, 533, 163, 178, true, true
956888, 757, 5705, 534, 164, 178, true, true
956898, 758, 5709, 535, 164, 175, true, true
956908, 759, 5709, 534, 163, 175, true, true
956916, 760, 5710, 533, 164, 175, true, true
956965, 763, 5710, 530, 163, 175, true, true
957005, 765, 5711, 530, 163, 174, true, true
957088, 770, 5716, 531, 164, 174, true, true
957124, 772, 5716, 530, 163, 174, true, true
957142, 773, 5716, 529, 162, 174, true, true
957151, 774, 5717, 529, 162, 172, true, true
957160, 775, 5718, 529, 162, 171, true, true
957172, 776, 5719, 530, 163, 169, true, true
957213, 778, 5719, 529, 163, 169, true, true
957284, 780, 5719, 528, 162, 170, true, true
957308, 781, 5719, 527, 162, 172, true, true
957334, 783, 5721, 528, 162, 172, true, true
957407, 787, 5721, 527, 162, 176, true, true
957418, 788, 5722, 528, 163, 175, true, true
957620, 797, 5723, 529, 164, 176, true, true
957743, 803, 5723, 528, 163, 178, true, true
957761, 804, 5726, 531, 164, 178, true, true
957806, 806, 5728, 533, 165, 178, true, true
958093, 817, 5730, 535, 166, 180, true, true
958235, 827, 5730, 534, 166, 185, true, true
958262, 828, 5730, 533, 165, 185, true, true
958302, 832, 5731, 534, 166, 184, true, true
958407, 838, 5731, 533, 165, 185, true, true
958416, 839, 5732, 534, 166, 184, true, true
958511, 845, 5732, 533, 166, 190, true, true
958538, 847, 5734, 533, 165, 189, true, true
958601, 852, 5736, 534, 166, 191, true, true
958655, 857, 5736, 533, 165, 193, true, true
958791, 863, 5743, 533, 165, 192, true, true
958800, 864, 5744, 534, 166, 192, true, true
958829, 866, 5744, 533, 166, 194, true, true
958849, 867, 5745, 533, 167, 193, true, true
958887, 868, 5746, 531, 167, 191, true, true
958897, 869, 5746, 530, 166, 191, true, true
958952, 873, 5748, 532, 167, 190, true, true
958972, 874, 5751, 531, 168, 187, true, true
958987, 875, 5760, 527, 169, 186, true, true
959052, 878, 5760, 526, 168, 187, true, true
959103, 881, 5760, 525, 167, 189, true, true
959113, 882, 5760, 522, 166, 189, true, true
959192, 887, 5761, 523, 167, 189, true, true
959207, 888, 5761, 522, 166, 190, true, true
959217, 889, 5762, 523, 167, 189, true, true
959433, 899, 5762, 522, 166, 191, true, true
959521, 903, 5763, 523, 167, 189, true, true
959532, 904, 5764, 524, 168, 189, true, true
959562, 905, 5764, 513, 167, 189, true, true
959586, 906, 5764, 512, 167, 189, true, true
959678, 911, 5764, 510, 167, 190, true, true
959736, 914, 5764, 507, 166, 190, true, true
959786, 916, 5764, 505, 166, 191, true, true
959832, 920, 5766, 507, 167, 190, true, true
960037, 931, 5766, 504, 167, 193, true, true
960048, 932, 5767, 505, 168, 190, true, true
960122, 937, 5768, 502, 168, 192, true, true
960211, 942, 5770, 503, 168, 193, true, true
960280, 945, 5779, 512, 169, 193, true, true
960290, 946, 5780, 513, 170, 192, true, true
960300, 947, 5781, 514, 171, 190, true, true
960366, 950, 5781, 513, 170, 192, true, true
960393, 951, 5783, 515, 171, 190, true, true
960413, 952, 5783, 513, 170, 190, true, true
960445, 954, 5783, 512, 169, 191, true, true
960471, 957, 5784, 487, 169, 190, true, true
960554, 962, 5784, 486, 168, 192, true, true
960565, 963, 5785, 487, 169, 193, true, true
960588, 965, 5788, 490, 170, 192, true, true
960612, 966, 5788, 488, 169, 192, true, true
960620, 967, 5789, 489, 170, 191, true, true
960673, 970, 5789, 487, 170, 193, true, true
960766, 975, 5792, 484, 169, 193, true, true
960780, 976, 5792, 483, 168, 194, true, true
960962, 986, 5802, 490, 168, 192, true, true
960971, 987, 5804, 490, 168, 190, true, true
961024, 992, 5804, 489, 168, 191, true, true
961084, 996, 5805, 490, 169, 192, true, true
961106, 997, 5805, 489, 168, 193, true, true
961116, 998, 5806, 489, 168, 192, true, true
961145, 999, 5806, 488, 168, 192, true, true
961204, 1002, 5808, 489, 168, 192, true, true
961307, 1006, 5808, 487, 167, 193, true, true
961317, 1007, 5809, 488, 168, 192, true, true
961327, 1008, 5810, 489, 169, 190, true, true
961701, 1023, 5814, 493, 170, 193, true, true
961746, 1025, 5816, 495, 171, 193, true, true
961821, 1028, 5816, 494, 170, 193, true, true
961836, 1029, 5816, 493, 169, 193, true, true
962089, 1041, 5816, 492, 169, 197, true, true
962174, 1046, 5817, 493, 170, 194, true, true
962273, 1051, 5818, 494, 171, 192, true, true
962294, 1052, 5818, 493, 171, 193, true, true
962388, 1057, 5818, 492, 171, 194, true, true
962454, 1060, 5819, 492, 172, 197, true, true
962681, 1071, 5820, 493, 173, 199, true, true
962715, 1074, 5821, 494, 174, 196, true, true
962762, 1077, 5821, 489, 172, 197, true, true
962929, 1083, 5821, 487, 171, 199, true, true
962967, 1086, 5824, 489, 171, 200, true, true
963061, 1091, 5824, 488, 170, 201, true, true
963159, 1098, 5835, 499, 171, 201, true, true
963185, 1100, 5842, 496, 171, 199, true, true
963281, 1106, 5851, 502, 171, 195, true, true
963323, 1109, 5851, 501, 170, 196, true, true
963362, 1111, 5854, 504, 171, 196, true, true
963371, 1112, 5857, 507, 172, 195, true, true
963380, 1113, 5858, 508, 173, 194, true, true
963396, 1114, 5873, 523, 174, 193, true, true
963436, 1117, 5874, 524, 175, 190, true, true
963553, 1124, 5874, 517, 174, 196, true, true
963600, 1127, 5875, 513, 175, 195, true, true
963655, 1129, 5875, 512, 175, 197, true, true
963671, 1130, 5875, 511, 174, 197, true, true
963684, 1131, 5875, 509, 173, 198, true, true
963702, 1132, 5875, 508, 172, 198, true, true
963721, 1133, 5875, 507, 171, 198, true, true
963740, 1134, 5876, 508, 172, 193, true, true
963783, 1136, 5876, 499, 171, 194, true, true
963880, 1141, 5876, 498, 170, 195, true, true
963994, 1148, 5877, 499, 171, 194, true, true
964023, 1150, 5882, 475, 170, 194, true, true
964130, 1155, 5882, 474, 169, 196, true, true
964218, 1159, 5883, 475, 170, 197, true, true
964246, 1160, 5883, 471, 170, 197, true, true
964294, 1162, 5883, 470, 169, 197, true, true
964380, 1166, 5883, 469, 168, 199, true, true
964389, 1167, 5886, 471, 169, 197, true, true
964414, 1168, 5887, 472, 170, 193, true, true
964467, 1170, 5887, 466, 169, 194, true, true
964640, 1181, 5887, 465, 168, 198, true, true
964651, 1183, 5888, 466, 169, 197, true, true
964782, 1191, 5889, 467, 170, 197, true, true
964822, 1193, 5890, 468, 171, 197, true, true
964885, 1198, 5891, 468, 172, 197, true, true
964916, 1200, 5899, 474, 173, 196, true, true
964985, 1205, 5899, 473, 172, 197, true, true
964998, 1206, 5900, 474, 173, 196, true, true
965195, 1216, 5901, 475, 174, 198, true, true
965260, 1219, 5903, 477, 175, 198, true, true
965269, 1220, 5906, 480, 176, 198, true, true
965281, 1221, 5908, 482, 177, 195, true, true
965349, 1223, 5908, 473, 176, 196, true, true
965416, 1226, 5909, 474, 177, 195, true, true
965448, 1228, 5912, 477, 178, 194, true, true
965505, 1233, 5913, 478, 179, 193, true, true
965524, 1234, 5913, 475, 178, 193, true, true
965613, 1238, 5918, 480, 179, 193, true, true
965740, 1244, 5919, 478, 178, 193, true, true
965778, 1246, 5919, 477, 178, 196, true, true
965929, 1255, 5919, 476, 177, 200, true, true
965959, 1256, 5919, 475, 176, 200, true, true
966008, 1260, 5921, 476, 177, 195, true, true
966033, 1262, 5922, 477, 178, 193, true, true
966066, 1264, 5924, 479, 179, 192, true, true
966115, 1268, 5924, 478, 178, 193, true, true
966271, 1274, 5926, 480, 179, 191, true, true
966293, 1275, 5927, 481, 180, 188, true, true
966332, 1277, 5927, 480, 180, 190, true, true
966367, 1279, 5929, 480, 181, 189, true, true
966466, 1283, 5930, 479, 181, 190, true, true
966482, 1284, 5930, 477, 179, 190, true, true
966498, 1285, 5931, 478, 180, 187, true, true
966523, 1287, 5932, 479, 181, 186, true, true
966544, 1288, 5932, 477, 180, 186, true, true
966568, 1289, 5932, 473, 179, 188, true, true
966609, 1290, 5932, 472, 178, 188, true, true
966689, 1296, 5932, 471, 177, 188, true, true
966698, 1297, 5934, 473, 178, 187, true, true
966777, 1302, 5934, 472, 177, 189, true, true
966824, 1304, 5935, 473, 178, 187, true, true
966848, 1307, 5935, 472, 177, 187, true, true
966874, 1308, 5956, 493, 178, 187, true, true
966998, 1315, 5958, 491, 179, 187, true, true
967027, 1317, 5974, 507, 180, 187, true, true
967211, 1319, 5979, 508, 179, 185, true, true
967254, 1320, 5979, 499, 178, 186, true, true
967261, 1321, 5995, 509, 178, 183, true, true
967355, 1326, 5999, 511, 179, 180, true, true
967403, 1328, 5999, 509, 178, 181, true, true
967426, 1329, 5999, 507, 177, 181, true, true
967501, 1331, 6011, 496, 175, 180, true, true
967678, 1338, 6012, 484, 176, 181, true, true
967830, 1344, 6015, 479, 176, 182, true, true
967900, 1352, 6015, 478, 176, 183, true, true
967956, 1354, 6016, 478, 177, 182, true, true
967979, 1355, 6017, 479, 178, 181, true, true
968087, 1362, 6017, 478, 177, 182, true, true
968192, 1366, 6018, 479, 178, 180, true, true
968268, 1370, 6018, 478, 178, 182, true, true
968570, 1376, 6019, 478, 179, 183, true, true
968685, 1382, 6021, 480, 180, 182, true, true
968709, 1383, 6022, 481, 181, 181, true, true
968981, 1396, 6022, 480, 180, 182, true, true
969032, 1400, 6022, 479, 179, 183, true, true
969138, 1404, 6025, 482, 180, 183, true, true
969205, 1407, 6042, 497, 180, 183, true, true
969240, 1409, 6042, 495, 179, 184, true, true
969308, 1414, 6043, 493, 179, 183, true, true
969339, 1416, 6044, 494, 180, 181, true, true
969382, 1418, 6045, 487, 180, 180, true, true
969680, 1424, 6045, 486, 179, 181, true, true
969718, 1425, 6045, 482, 178, 182, true, true
969754, 1427, 6047, 484, 179, 181, true, true
969801, 1431, 6048, 485, 180, 182, true, true
969830, 1433, 6049, 486, 181, 181, true, true
969919, 1438, 6050, 486, 181, 180, true, true
969988, 1443, 6051, 487, 182, 179, true, true
970021, 1444, 6053, 488, 183, 177, true, true
970587, 1462, 6054, 484, 184, 179, true, true
970637, 1464, 6055, 485, 185, 178, true, true
970710, 1467, 6055, 484, 184, 180, true, true
970861, 1474, 6057, 482, 185, 182, true, true
970871, 1475, 6063, 474, 186, 181, true, true
970963, 1481, 6064, 475, 187, 180, true, true
971079, 1485, 6065, 476, 188, 182, true, true
971090, 1486, 6067, 475, 189, 176, true, true
971310, 1493, 6067, 474, 188, 177, true, true
971408, 1496, 6067, 473, 187, 179, true, true
971425, 1497, 6067, 472, 186, 179, true, true
971519, 1501, 6067, 470, 184, 179, true, true
971538, 1502, 6067, 466, 182, 179, true, true
971550, 1503, 6068, 467, 183, 177, true, true
971636, 1507, 6068, 466, 183, 178, true, true
971743, 1512, 6071, 467, 184, 178, true, true
971902, 1517, 6071, 466, 183, 179, true, true
971945, 1519, 6072, 467, 184, 174, true, true
972263, 1531, 6073, 468, 185, 174, true, true
972445, 1539, 6073, 467, 184, 176, true, true
972618, 1547, 6076, 468, 185, 173, true, true
972834, 1559, 6076, 467, 184, 176, true, true
972872, 1561, 6076, 465, 182, 177, true, true
972891, 1562, 6076, 463, 181, 177, true, true
972946, 1564, 6076, 462, 181, 177, true, true
973133, 1572, 6076, 461, 180, 177, true, true
973315, 1582, 6076, 460, 179, 179, true, true
973358, 1585, 6076, 457, 177, 179, true, true
973596, 1596, 6083, 438, 177, 180, true, true
973657, 1598, 6083, 435, 176, 181, true, true
973891, 1609, 6085, 437, 177, 183, true, true
974056, 1618, 6086, 438, 178, 185, true, true
974106, 1620, 6086, 437, 177, 185, true, true
974134, 1621, 6090, 440, 177, 182, true, true
974193, 1624, 6109, 456, 178, 182, true, true
974406, 1634, 6110, 457, 179, 183, true, true
974438, 1637, 6111, 455, 180, 181, true, true
974599, 1646, 6111, 453, 179, 182, true, true
974636, 1648, 6112, 454, 180, 180, true, true
974685, 1650, 6113, 453, 180, 179, true, true
974785, 1654, 6114, 452, 180, 179, true, true
975022, 1667, 6120, 458, 181, 179, true, true
975292, 1681, 6127, 460, 180, 178, true, true
975307, 1682, 6129, 462, 181, 175, true, true
975331, 1684, 6131, 464, 182, 174, true, true
975351, 1685, 6131, 463, 181, 174, true, true
975445, 1688, 6131, 461, 180, 175, true, true
975683, 1698, 6131, 460, 179, 177, true, true
975972, 1711, 6135, 459, 180, 176, true, true
975995, 1712, 6137, 460, 180, 175, true, true
976200, 1722, 6138, 461, 181, 176, true, true
976240, 1723, 6140, 462, 182, 174, true, true
976255, 1726, 6141, 463, 183, 173, true, true
976324, 1729, 6141, 461, 181, 174, true, true
976352, 1730, 6142, 461, 182, 173, true, true
976452, 1735, 6143, 462, 183, 173, true, true
976618, 1744, 6143, 461, 182, 176, true, true
976671, 1747, 6145, 463, 183, 177, true, true
976775, 1752, 6146, 464, 184, 176, true, true
976979, 1760, 6148, 466, 185, 173, true, true
977004, 1761, 6148, 465, 184, 173, true, true
977179, 1768, 6149, 466, 185, 175, true, true
977276, 1775, 6150, 466, 186, 176, true, true
977449, 1783, 6151, 467, 187, 175, true, true
977489, 1787, 6151, 465, 186, 175, true, true
977752, 1799, 6151, 464, 185, 178, true, true
977895, 1807, 6151, 463, 184, 178, true, true
978344, 1826, 6151, 461, 183, 182, true, true
978469, 1831, 6164, 474, 184, 181, true, true
978536, 1834, 6164, 473, 183, 182, true, true
978823, 1846, 6164, 472, 182, 186, true, true
979040, 1857, 6166, 474, 183, 186, true, true
979127, 1861, 6167, 475, 184, 188, true, true
979308, 1868, 6167, 474, 183, 189, true, true
979321, 1869, 6169, 463, 184, 187, true, true
979396, 1873, 6171, 465, 185, 186, true, true
979453, 1875, 6171, 464, 184, 186, true, true
979470, 1876, 6171, 463, 183, 186, true, true
980303, 1885, 6171, 461, 182, 190, true, true
980319, 1886, 6184, 474, 183, 187, true, true
980445, 1893, 6224, 513, 184, 185, true, true
980467, 1894, 6224, 512, 183, 185, true, true
980479, 1895, 6225, 513, 184, 182, true, true
980490, 1897, 6226, 514, 185, 180, true, true
980667, 1906, 6230, 515, 184, 181, true, true
980894, 1920, 6246, 531, 185, 184, true, true
980947, 1923, 6249, 534, 186, 182, true, true
981002, 1926, 6250, 535, 187, 182, true, true
981161, 1933, 6250, 534, 186, 183, true, true
981252, 1937, 6252, 536, 187, 182, true, true
981265, 1938, 6252, 535, 187, 182, true, true
981282, 1939, 6252, 534, 186, 182, true, true
981389, 1945, 6253, 534, 186, 183, true, true
981445, 1949, 6254, 535, 187, 181, true, true
981520, 1953, 6255, 536, 188, 182, true, true
982161, 1975, 6255, 535, 187, 182, true, true
982477, 1985, 6257, 537, 188, 178, true, true
982492, 1987, 6258, 537, 189, 177, true, true
982544, 1990, 6259, 538, 190, 175, true, true
982653, 1994, 6260, 539, 191, 174, true, true
982752, 1998, 6260, 536, 190, 174, true, true
983010, 2004, 6264, 538, 190, 172, true, true
983223, 2012, 6264, 537, 189, 174, true, true
983330, 2021, 6264, 536, 188, 175, true, true
983412, 2025, 6264, 534, 187, 176, true, true
983535, 2032, 6264, 533, 186, 177, true, true
983729, 2040, 6265, 534, 187, 175, true, true
984291, 2064, 6265, 533, 187, 181, true, true
984508, 2075, 6267, 535, 188, 182, true, true
984556, 2078, 6269, 537, 189, 180, true, true
984958, 2103, 6269, 536, 188, 183, true, true
985022, 2105, 6269, 535, 187, 183, true, true
985231, 2112, 6270, 536, 188, 182, true, true
985385, 2118, 6270, 535, 187, 184, true, true
985399, 2119, 6271, 534, 188, 181, true, true
985419, 2120, 6276, 539, 189, 180, true, true
985501, 2124, 6281, 532, 186, 179, true, true
985876, 2137, 6281, 530, 184, 179, true, true
986026, 2141, 6281, 526, 183, 181, true, true
986193, 2150, 6281, 525, 183, 182, true, true
986317, 2156, 6281, 524, 183, 183, true, true
986563, 2165, 6282, 525, 184, 185, true, true
986631, 2168, 6288, 529, 185, 184, true, true
986714, 2170, 6290, 529, 186, 183, true, true
986745, 2171, 6291, 530, 187, 182, true, true
987085, 2186, 6291, 529, 186, 187, true, true
987786, 2214, 6292, 530, 187, 189, true, true
987861, 2219, 6293, 531, 188, 188, true, true
987959, 2223, 6293, 530, 187, 189, true, true
987969, 2224, 6294, 531, 188, 187, true, true
987991, 2225, 6294, 530, 187, 187, true, true
988269, 2237, 6294, 529, 186, 187, true, true
988272, 2238, 6295, 530, 187, 184, true, true
988311, 2240, 6295, 529, 187, 184, true, true
988364, 2245, 6311, 543, 188, 183, true, true
988373, 2246, 6311, 542, 187, 183, true, true
988384, 2247, 6312, 543, 188, 181, true, true
988483, 2251, 6312, 542, 187, 182, true, true
988538, 2253, 6312, 540, 186, 183, true, true
988572, 2256, 6314, 542, 187, 183, true, true
988590, 2257, 6317, 545, 188, 182, true, true
989042, 2261, 6318, 546, 189, 182, true, true
989065, 2262, 6318, 545, 188, 182, true, true
989209, 2269, 6321, 531, 188, 180, true, true
989338, 2275, 6322, 532, 189, 179, true, true
990103, 2300, 6322, 530, 189, 186, true, true
990113, 2301, 6323, 531, 190, 181, true, true
990220, 2305, 6327, 525, 191, 177, true, true
990459, 2315, 6328, 526, 192, 177, true, true
990552, 2318, 6333, 531, 193, 176, true, true
990817, 2330, 6335, 533, 194, 174, true, true
990906, 2332, 6335, 529, 193, 174, true, true
990999, 2335, 6335, 528, 192, 174, true, true
991098, 2339, 6336, 529, 193, 171, true, true
991206, 2343, 6336, 528, 192, 171, true, true
991290, 2346, 6336, 526, 191, 171, true, true
991366, 2349, 6336, 525, 191, 171, true, true
991434, 2353, 6337, 526, 192, 171, true, true
991672, 2360, 6338, 527, 193, 171, true, true
991907, 2367, 6339, 522, 194, 170, true, true
992490, 2386, 6340, 523, 195, 170, true, true
992913, 2406, 6341, 524, 196, 172, true, true
993010, 2413, 6342, 523, 196, 171, true, true
993212, 2418, 6349, 523, 197, 170, true, true
993553, 2429, 6349, 522, 196, 172, true, true
993571, 2430, 6349, 521, 196, 172, true, true
993601, 2432, 6350, 522, 197, 173, true, true
993657, 2435, 6351, 523, 198, 172, true, true
993701, 2437, 6352, 524, 199, 171, true, true
993739, 2440, 6352, 523, 198, 171, true, true
993868, 2446, 6353, 524, 199, 172, true, true
993909, 2447, 6353, 521, 198, 172, true, true
994205, 2462, 6354, 522, 199, 168, true, true
994265, 2464, 6355, 523, 200, 166, true, true
994528, 2475, 6355, 519, 199, 167, true, true
994720, 2481, 6355, 517, 198, 167, true, true
994993, 2482, 6355, 514, 196, 167, true, true
995171, 2489, 6355, 513, 196, 167, true, true
995218, 2491, 6355, 512, 195, 167, true, true
995228, 2492, 6356, 513, 196, 163, true, true
995247, 2493, 6356, 511, 195, 164, true, true
995426, 2499, 6357, 512, 196, 164, true, true
995483, 2501, 6358, 513, 197, 163, true, true
995633, 2505, 6358, 512, 196, 163, true, true
995717, 2509, 6358, 511, 195, 163, true, true
996773, 2522, 6358, 510, 194, 166, true, true
997093, 2530, 6359, 508, 195, 164, true, true
997384, 2543, 6360, 509, 196, 164, true, true
997617, 2553, 6362, 508, 197, 165, true, true
997634, 2554, 6363, 508, 197, 162, true, true
997974, 2566, 6364, 509, 198, 162, true, true
998270, 2577, 6364, 508, 198, 162, true, true
998281, 2578, 6376, 506, 198, 160, true, true
998868, 2596, 6376, 504, 198, 162, true, true
998883, 2597, 6377, 503, 198, 161, true, true
998921, 2598, 6377, 497, 198, 162, true, true
999311, 2609, 6377, 496, 197, 163, true, true
999467, 2615, 6378, 489, 198, 163, true, true
999916, 2632, 6378, 483, 196, 165, true, true
1000389, 2647, 6378, 482, 195, 165, true, true
1000548, 2655, 6379, 483, 196, 164, true, true
1000864, 2672, 6379, 480, 195, 167, true, true
1000894, 2673, 6379, 479, 194, 167, true, true
1001056, 2684, 6380, 480, 195, 168, true, true
1001077, 2685, 6380, 479, 194, 168, true, true
1001135, 2688, 6382, 479, 195, 167, true, true
1001309, 2696, 6382, 478, 195, 168, true, true
1001483, 2702, 6382, 477, 194, 168, true, true
1001821, 2715, 6382, 476, 193, 168, true, true
1002350, 2736, 6384, 478, 194, 172, true, true
1002418, 2739, 6388, 482, 195, 164, true, true
1002483, 2741, 6388, 481, 194, 164, true, true
1002534, 2744, 6388, 480, 193, 165, true, true
1002667, 2749, 6389, 481, 194, 165, true, true
1002692, 2750, 6389, 480, 193, 165, true, true
1003283, 2777, 6391, 482, 194, 167, true, true
1003789, 2801, 6393, 484, 195, 172, true, true
1004219, 2823, 6394, 485, 196, 174, true, true
1004490, 2835, 6394, 484, 195, 175, true, true
1004772, 2849, 6395, 483, 195, 172, true, true
1005044, 2861, 6396, 484, 196, 174, true, true
1005058, 2862, 6397, 484, 196, 173, true, true
1005169, 2867, 6398, 485, 197, 172, true, true
1005254, 2871, 6398, 477, 197, 172, true, true
1005482, 2882, 6398, 475, 196, 172, true, true
1005731, 2893, 6399, 476, 197, 165, true, true
1005741, 2894, 6400, 477, 198, 163, true, true
1006141, 2912, 6401, 477, 199, 164, true, true
1006265, 2917, 6401, 476, 198, 164, true, true
1006406, 2924, 6402, 477, 199, 164, true, true
1006483, 2929, 6402, 461, 198, 166, true, true
1006514, 2930, 6402, 460, 197, 166, true, true
1006576, 2934, 6402, 459, 196, 168, true, true
1006596, 2935, 6405, 462, 197, 167, true, true
1006660, 2939, 6405, 458, 196, 168, true, true
1006777, 2943, 6405, 456, 195, 169, true, true
1006853, 2946, 6406, 457, 196, 169, true, true
1006961, 2949, 6406, 456, 195, 171, true, true
1007320, 2962, 6438, 482, 194, 171, true, true
1007437, 2966, 6439, 483, 195, 170, true, true
1007480, 2969, 6440, 484, 196, 165, true, true
1007540, 2972, 6440, 483, 195, 165, true, true
1007945, 2985, 6440, 480, 193, 166, true, true
1008084, 2992, 6440, 477, 193, 168, true, true
1008363, 3004, 6440, 476, 192, 168, true, true
1008526, 3014, 6440, 475, 191, 171, true, true
1008540, 3015, 6441, 473, 190, 169, true, true
1008777, 3027, 6443, 475, 191, 169, true, true
1009255, 3047, 6443, 474, 190, 172, true, true
1009436, 3055, 6443, 473, 189, 172, true, true
1009484, 3057, 6443, 471, 188, 173, true, true
1009910, 3076, 6444, 470, 188, 176, true, true
1009921, 3077, 6445, 471, 189, 173, true, true
1010408, 3098, 6445, 470, 188, 176, true, true
1010484, 3102, 6445, 469, 187, 177, true, true
1010677, 3110, 6445, 468, 186, 178, true, true
1010700, 3112, 6446, 469, 187, 177, true, true
1010975, 3121, 6449, 472, 188, 173, true, true
1011643, 3150, 6450, 473, 189, 174, true, true
1012273, 3177, 6451, 474, 190, 179, true, true
1012498, 3186, 6452, 475, 191, 180, true, true
1012521, 3187, 6454, 477, 192, 178, true, true
1012675, 3196, 6455, 478, 193, 173, true, true
1013158, 3217, 6456, 478, 193, 172, true, true
1013241, 3220, 6458, 478, 194, 171, true, true
1013317, 3224, 6459, 477, 195, 169, true, true
1013462, 3230, 6462, 480, 196, 166, true, true
1013581, 3234, 6462, 479, 195, 167, true, true
1013705, 3238, 6462, 477, 194, 168, true, true
1013908, 3247, 6463, 478, 195, 167, true, true
1014017, 3255, 6463, 477, 194, 168, true, true
1014050, 3257, 6464, 478, 195, 167, true, true
1014070, 3258, 6464, 477, 194, 167, true, true
1014270, 3267, 6464, 476, 193, 168, true, true
1014344, 3271, 6474, 479, 194, 165, true, true
1014468, 3275, 6476, 478, 195, 163, true, true
1014993, 3302, 6476, 475, 194, 166, true, true
1015216, 3314, 6476, 474, 193, 169, true, true
1015938, 3344, 6476, 473, 192, 170, true, true
1016079, 3351, 6476, 472, 191, 170, true, true
1016109, 3353, 6476, 471, 190, 171, true, true
1016135, 3355, 6476, 469, 189, 171, true, true
1016659, 3376, 6476, 464, 188, 173, true, true
1016904, 3386, 6477, 465, 189, 169, true, true
1017045, 3391, 6477, 463, 188, 169, true, true
1017260, 3401, 6481, 466, 188, 168, true, true
1018090, 3437, 6481, 465, 187, 172, true, true
1018157, 3440, 6481, 463, 186, 172, true, true
1018972, 3468, 6481, 461, 184, 173, true, true
1019152, 3478, 6481, 459, 184, 173, true, true
1019207, 3480, 6481, 458, 183, 173, true, true
1019429, 3489, 6482, 459, 184, 173, true, true
1020117, 3517, 6482, 457, 182, 176, true, true
1020260, 3524, 6484, 458, 183, 174, true, true
1020271, 3525, 6485, 459, 184, 171, true, true
1020661, 3542, 6494, 468, 185, 172, true, true
1020925, 3555, 6494, 467, 184, 173, true, true
1022333, 3581, 6494, 466, 184, 174, true, true
1022455, 3587, 6495, 467, 185, 172, true, true
1022664, 3596, 6496, 468, 186, 171, true, true
1023309, 3626, 6497, 469, 187, 172, true, true
1023564, 3638, 6497, 468, 186, 173, true, true
1023755, 3644, 6498, 469, 187, 173, true, true
1023842, 3648, 6498, 468, 186, 173, true, true
1024308, 3666, 6500, 470, 187, 165, true, true
1024443, 3673, 6500, 467, 186, 165, true, true
1024526, 3677, 6501, 466, 186, 163, true, true
1024636, 3682, 6501, 465, 185, 164, true, true
1024838, 3691, 6502, 466, 186, 163, true, true
1025116, 3705, 6502, 465, 186, 163, true, true
1025141, 3706, 6502, 463, 186, 164, true, true
1025227, 3710, 6502, 462, 185, 164, true, true
1025316, 3715, 6502, 461, 184, 164, true, true
1025358, 3718, 6503, 462, 185, 164, true, true
1025401, 3720, 6504, 462, 186, 160, true, true
1025765, 3736, 6505, 463, 187, 158, true, true
1025938, 3743, 6507, 464, 187, 157, true, true
1026203, 3754, 6508, 464, 188, 156, true, true
1026241, 3755, 6514, 469, 189, 155, true, true
1026553, 3765, 6514, 468, 188, 155, true, true
1027422, 3795, 6514, 467, 187, 157, true, true
1027887, 3814, 6514, 465, 186, 159, true, true
1028181, 3824, 6521, 470, 186, 159, true, true
1028225, 3826, 6521, 469, 185, 160, true, true
1028809, 3840, 6523, 471, 186, 158, true, true
1029031, 3850, 6527, 475, 187, 159, true, true
1029069, 3853, 6527, 474, 186, 159, true, true
1029629, 3879, 6527, 473, 185, 164, true, true
1030107, 3900, 6527, 472, 184, 165, true, true
1030153, 3902, 6527, 471, 183, 165, true, true
1031210, 3923, 6527, 470, 182, 166, true, true
1031903, 3949, 6527, 469, 181, 167, true, true
1031974, 3953, 6527, 468, 180, 167, true, true
1032442, 3971, 6528, 469, 181, 167, true, true
1032908, 3988, 6529, 470, 182, 166, true, true
1033297, 4011, 6531, 470, 182, 168, true, true
1033939, 4041, 6533, 472, 183, 167, true, true
1034045, 4046, 6554, 487, 183, 165, true, true
1034719, 4076, 6554, 486, 182, 166, true, true
1034993, 4084, 6554, 484, 181, 167, true, true
1035022, 4086, 6554, 483, 180, 167, true, true
1035058, 4087, 6554, 482, 179, 167, true, true
1035276, 4097, 6555, 483, 180, 164, true, true
1035339, 4100, 6558, 486, 181, 163, true, true
1035353, 4101, 6558, 485, 180, 163, true, true
1035810, 4127, 6558, 484, 179, 166, true, true
1036225, 4148, 6558, 483, 178, 168, true, true
1036595, 4163, 6558, 482, 177, 169, true, true
1036998, 4175, 6562, 486, 178, 167, true, true
1037188, 4184, 6562, 485, 177, 168, true, true
1037465, 4194, 6562, 484, 176, 169, true, true
1037977, 4209, 6562, 482, 176, 171, true, true
1038209, 4218, 6563, 483, 177, 172, true, true
1038592, 4234, 6564, 474, 176, 168, true, true
1038628, 4236, 6565, 474, 177, 167, true, true
1038905, 4248, 6567, 473, 176, 168, true, true
1039366, 4265, 6567, 472, 175, 171, true, true
1039677, 4279, 6568, 473, 176, 171, true, true
1040060, 4294, 6569, 474, 177, 170, true, true
1040442, 4309, 6569, 473, 176, 173, true, true
1040505, 4312, 6570, 474, 177, 170, true, true
1040569, 4315, 6570, 472, 176, 170, true, true
1040590, 4319, 6595, 473, 176, 169, true, true
1040764, 4329, 6596, 474, 177, 170, true, true
1041104, 4343, 6599, 477, 178, 172, true, true
1041164, 4346, 6602, 480, 179, 172, true, true
1041254, 4349, 6602, 478, 178, 172, true, true
1041281, 4351, 6604, 478, 178, 170, true, true
1041331, 4355, 6604, 477, 177, 171, true, true
1042056, 4379, 6604, 476, 176, 173, true, true
1042081, 4380, 6604, 475, 175, 173, true, true
1042271, 4390, 6604, 474, 174, 174, true, true
1043027, 4421, 6606, 476, 175, 178, true, true
1043075, 4423, 6606, 475, 174, 178, true, true
1043289, 4430, 6606, 474, 173, 178, true, true
1043748, 4445, 6606, 473, 172, 178, true, true
1044643, 4467, 6606, 472, 171, 180, true, true
1044907, 4475, 6606, 470, 170, 181, true, true
1045253, 4489, 6606, 468, 169, 182, true, true
1045605, 4501, 6606, 467, 168, 184, true, true
1045918, 4513, 6606, 466, 167, 187, true, true
1046001, 4517, 6607, 467, 168, 184, true, true
1046333, 4537, 6614, 468, 168, 183, true, true
1046638, 4553, 6614, 467, 167, 186, true, true
1046679, 4555, 6614, 466, 166, 186, true, true
1046816, 4560, 6614, 464, 165, 187, true, true
1047224, 4579, 6617, 467, 166, 186, true, true
1047277, 4581, 6618, 468, 167, 185, true, true
1047811, 4598, 6619, 460, 168, 186, true, true
1048584, 4631, 6621, 462, 169, 187, true, true
1049028, 4648, 6621, 461, 168, 187, true, true
1050318, 4702, 6621, 460, 167, 190, true, true
1050356, 4705, 6621, 459, 166, 190, true, true
1051800, 4757, 6621, 458, 165, 193, true, true
1051902, 4761, 6621, 457, 164, 195, true, true
1052319, 4780, 6622, 458, 165, 197, true, true
1052462, 4787, 6625, 458, 166, 198, true, true
1052524, 4790, 6625, 457, 165, 199, true, true
1052917, 4809, 6626, 455, 166, 199, true, true
1053504, 4832, 6626, 454, 165, 203, true, true
1053959, 4854, 6627, 455, 166, 200, true, true
1054132, 4862, 6627, 454, 165, 201, true, true
1054542, 4879, 6627, 453, 164, 204, true, true
1054608, 4881, 6627, 451, 163, 204, true, true
1054635, 4882, 6627, 450, 162, 204, true, true
1054767, 4888, 6627, 438, 161, 205, true, true
1054778, 4889, 6628, 439, 162, 203, true, true
1055430, 4912, 6628, 434, 161, 204, true, true
1056373, 4948, 6629, 435, 162, 207, true, true
1057372, 4986, 6630, 436, 163, 209, true, true
1057439, 4989, 6630, 435, 162, 209, true, true
1057474, 4991, 6630, 434, 161, 209, true, true
1057671, 5000, 6630, 432, 160, 209, true, true
1058492, 5029, 6630, 431, 160, 211, true, true
1058565, 5034, 6630, 430, 160, 211, true, true
1058601, 5036, 6630, 429, 160, 211, true, true
1060056, 5079, 6632, 424, 160, 207, true, true
1060704, 5103, 6633, 425, 161, 206, true, true
1061007, 5114, 6633, 424, 160, 209, true, true
1061575, 5139, 6633, 423, 159, 213, true, true
1062017, 5155, 6633, 421, 159, 214, true, true
1062382, 5169, 6633, 420, 159, 214, true, true
1062508, 5173, 6633, 418, 158, 214, true, true
1062766, 5186, 6633, 417, 158, 215, true, true
1063041, 5195, 6633, 416, 157, 215, true, true
1063921, 5225, 6634, 417, 158, 218, true, true
1064088, 5232, 6634, 415, 157, 220, true, true
1064293, 5241, 6634, 414, 156, 221, true, true
1064947, 5268, 6634, 413, 155, 223, true, true
1065601, 5296, 6637, 416, 156, 224, true, true
1065781, 5304, 6637, 415, 155, 226, true, true
1066156, 5322, 6638, 416, 156, 225, true, true
1066239, 5325, 6639, 417, 157, 223, true, true
1067116, 5364, 6640, 409, 158, 224, true, true
1067459, 5381, 6641, 410, 159, 220, true, true
1068254, 5419, 6641, 409, 158, 224, true, true
1068572, 5436, 6643, 411, 159, 224, true, true
1068639, 5439, 6645, 413, 160, 223, true, true
1068879, 5449, 6645, 412, 159, 224, true, true
1068921, 5451, 6645, 410, 158, 224, true, true
1069751, 5483, 6647, 412, 159, 223, true, true
1069930, 5492, 6650, 415, 160, 223, true, true
1070298, 5507, 6651, 416, 161, 223, true, true
1070888, 5526, 6652, 417, 162, 224, true, true
1071601, 5550, 6652, 416, 161, 225, true, true
1072782, 5574, 6652, 415, 161, 227, true, true
1072798, 5576, 6652, 413, 160, 227, true, true
1072969, 5585, 6653, 414, 161, 225, true, true
1073143, 5591, 6654, 415, 162, 224, true, true
1073206, 5594, 6655, 416, 163, 221, true, true
1073316, 5598, 6656, 416, 164, 221, true, true
1073438, 5601, 6656, 414, 163, 221, true, true
1073990, 5625, 6656, 413, 162, 223, true, true
1074115, 5629, 6658, 415, 163, 222, true, true
1074423, 5639, 6658, 412, 162, 225, true, true
1076301, 5706, 6658, 411, 162, 231, true, true
1076505, 5714, 6659, 412, 163, 230, true, true
1077012, 5733, 6661, 414, 164, 229, true, true
1078415, 5783, 6661, 413, 163, 231, true, true
1080486, 5843, 6661, 412, 162, 236, true, true
1080557, 5845, 6661, 411, 161, 236, true, true
1080828, 5852, 6668, 418, 162, 233, true, true
1080933, 5856, 6668, 417, 161, 233, true, true
1081129, 5867, 6669, 418, 162, 233, true, true
1081296, 5877, 6669, 416, 161, 234, true, true
1081387, 5881, 6671, 418, 162, 233, true, true
1081484, 5888, 6674, 421, 163, 230, true, true
1081638, 5894, 6676, 423, 164, 228, true, true
1082724, 5944, 6676, 422, 163, 233, true, true
1083610, 5968, 6679, 425, 164, 231, true, true
1083985, 5981, 6682, 428, 165, 231, true, true
1084415, 5997, 6682, 427, 165, 233, true, true
1084988, 6024, 6684, 429, 166, 233, true, true
1085051, 6028, 6686, 431, 167, 232, true, true
1085084, 6030, 6688, 432, 167, 229, true, true
1085100, 6031, 6696, 439, 168, 226, true, true
1085201, 6034, 6696, 438, 167, 226, true, true
1085430, 6043, 6696, 437, 166, 227, true, true
1085558, 6048, 6696, 434, 165, 228, true, true
1086003, 6067, 6697, 433, 165, 228, true, true
1086039, 6068, 6697, 432, 164, 228, true, true
1086492, 6082, 6697, 431, 164, 229, true, true
1087040, 6111, 6698, 432, 165, 229, true, true
1087193, 6119, 6699, 433, 166, 229, true, true
1087385, 6127, 6700, 432, 166, 229, true, true
1087519, 6133, 6701, 433, 167, 226, true, true
1088276, 6144, 6703, 435, 168, 225, true, true
1089211, 6172, 6703, 434, 167, 227, true, true
1089633, 6192, 6704, 434, 168, 227, true, true
1089847, 6203, 6705, 435, 169, 218, true, true
1089933, 6209, 6706, 435, 169, 217, true, true
1090542, 6237, 6708, 437, 170, 217, true, true
1090726, 6243, 6708, 436, 169, 217, true, true
1091406, 6272, 6710, 438, 170, 216, true, true
1091848, 6285, 6710, 437, 169, 216, true, true
1092205, 6296, 6710, 436, 168, 217, true, true
1092362, 6303, 6710, 434, 167, 218, true, true
1092656, 6317, 6711, 431, 166, 218, true, true
1092732, 6322, 6712, 432, 167, 217, true, true
1092901, 6330, 6713, 433, 168, 216, true, true
1093062, 6337, 6714, 434, 169, 215, true, true
1093357, 6349, 6714, 432, 168, 216, true, true
1093738, 6361, 6718, 436, 169, 214, true, true
1093797, 6366, 6718, 435, 168, 214, true, true
1095207, 6395, 6718, 434, 167, 215, true, true
1095285, 6398, 6718, 432, 166, 216, true, true
1096174, 6434, 6720, 425, 167, 217, true, true
1096400, 6445, 6720, 423, 166, 217, true, true
1096863, 6471, 6720, 422, 165, 221, true, true
1098400, 6527, 6721, 414, 164, 223, true, true
1098991, 6559, 6722, 415, 165, 224, true, true
1099226, 6569, 6722, 414, 164, 224, true, true
1099708, 6592, 6722, 413, 163, 224, true, true
1099774, 6596, 6722, 412, 162, 225, true, true
1100162, 6615, 6743, 433, 163, 224, true, true
1101331, 6654, 6744, 434, 164, 226, true, true
1101355, 6655, 6744, 433, 163, 226, true, true
1102450, 6703, 6745, 434, 164, 228, true, true
1103754, 6752, 6745, 432, 164, 230, true, true
1104831, 6790, 6746, 433, 165, 230, true, true
1105006, 6798, 6746, 432, 164, 231, true, true
1105063, 6800, 6746, 430, 163, 231, true, true
1105398, 6814, 6747, 429, 164, 229, true, true
1105450, 6817, 6747, 428, 163, 229, true, true
1105704, 6828, 6748, 429, 164, 230, true, true
1105818, 6835, 6755, 436, 165, 229, true, true
1107845, 6920, 6759, 440, 166, 231, true, true
1108018, 6927, 6759, 410, 165, 231, true, true
1109205, 6974, 6760, 411, 166, 231, true, true
1109812, 6998, 6761, 412, 167, 231, true, true
1110050, 7010, 6762, 413, 168, 225, true, true
1110166, 7015, 6763, 414, 169, 222, true, true
1111138, 7056, 6764, 415, 170, 221, true, true
1111448, 7069, 6766, 415, 170, 219, true, true
1111789, 7081, 6772, 412, 169, 218, true, true
1111906, 7086, 6774, 414, 170, 214, true, true
1112889, 7126, 6775, 415, 171, 217, true, true
1115192, 7219, 6775, 412, 170, 225, true, true
1115302, 7224, 6775, 411, 170, 225, true, true
1115326, 7225, 6776, 412, 171, 221, true, true
1115503, 7233, 6777, 413, 172, 219, true, true
1116686, 7277, 6778, 414, 173, 219, true, true
1116712, 7278, 6779, 413, 173, 217, true, true
1119346, 7363, 6779, 412, 172, 220, true, true
1119385, 7366, 6781, 414, 173, 218, true, true
1120616, 7412, 6782, 415, 174, 215, true, true
1121094, 7431, 6782, 414, 173, 215, true, true
1121759, 7451, 6784, 416, 174, 213, true, true
1124842, 7547, 6784, 415, 173, 219, true, true
1125730, 7581, 6785, 415, 174, 219, true, true
1125908, 7590, 6787, 417, 175, 218, true, true
1126255, 7601, 6787, 411, 174, 218, true, true
1126868, 7623, 6788, 412, 175, 217, true, true
1127216, 7635, 6827, 436, 175, 216, true, true
1127582, 7651, 6827, 435, 174, 216, true, true
1128416, 7682, 6827, 434, 173, 219, true, true
1128714, 7697, 6829, 435, 174, 219, true, true
1129254, 7724, 6829, 433, 173, 220, true, true
1129326, 7727, 6830, 434, 174, 217, true, true
1129458, 7734, 6832, 435, 175, 218, true, true
1130040, 7756, 6833, 436, 176, 216, true, true
1130358, 7771, 6844, 446, 177, 215, true, true
1130807, 7790, 6844, 445, 176, 216, true, true
1132060, 7841, 6844, 443, 175, 217, true, true
1133145, 7891, 6844, 441, 174, 218, true, true
1133544, 7907, 6844, 440, 173, 220, true, true
1133938, 7925, 6845, 441, 174, 220, true, true
1133961, 7928, 6845, 440, 173, 220, true, true
1134217, 7939, 6846, 441, 174, 218, true, true
1135359, 7989, 6846, 440, 173, 221, true, true
1135748, 7998, 6848, 442, 174, 219, true, true
1136329, 8021, 6849, 443, 175, 219, true, true
1137139, 8048, 6852, 445, 176, 216, true, true
1137558, 8064, 6853, 446, 177, 217, true, true
1139280, 8127, 6854, 446, 177, 216, true, true
1140254, 8164, 6856, 447, 177, 217, true, true
1140551, 8179, 6856, 446, 177, 217, true, true
1141039, 8203, 6856, 445, 176, 218, true, true
1141237, 8214, 6858, 446, 176, 214, true, true
1142040, 8243, 6859, 447, 177, 213, true, true
1142536, 8263, 6860, 448, 178, 214, true, true
1143863, 8322, 6860, 447, 177, 217, true, true
1144832, 8364, 6861, 447, 177, 218, true, true
1145389, 8386, 6861, 446, 176, 218, true, true
1145429, 8388, 6862, 447, 177, 218, true, true
1145819, 8402, 6864, 448, 178, 217, true, true
1145970, 8407, 6865, 449, 179, 215, true, true
1146200, 8417, 6865, 448, 178, 216, true, true
1146223, 8418, 6865, 447, 177, 216, true, true
1146436, 8425, 6867, 448, 177, 215, true, true
1146655, 8433, 6867, 446, 176, 216, true, true
1147096, 8453, 6877, 456, 177, 214, true, true
1148009, 8487, 6878, 457, 178, 217, true, true
1148187, 8495, 6879, 458, 179, 216, true, true
1148238, 8498, 6879, 448, 178, 216, true, true
1148446, 8509, 6880, 445, 178, 217, true, true
1148717, 8520, 6881, 446, 179, 219, true, true
1149030, 8531, 6882, 447, 180, 217, true, true
1150920, 8604, 6883, 447, 181, 219, true, true
1150983, 8607, 6884, 446, 182, 218, true, true
1151150, 8615, 6885, 447, 183, 218, true, true
1152481, 8660, 6886, 448, 184, 217, true, true
1152544, 8662, 6886, 447, 183, 217, true, true
1152984, 8682, 6889, 450, 184, 216, true, true
1153256, 8691, 6890, 451, 185, 214, true, true
1153436, 8700, 6891, 451, 185, 213, true, true
1153530, 8704, 6891, 450, 184, 213, true, true
1153724, 8712, 6891, 442, 183, 214, true, true
1153903, 8719, 6892, 443, 184, 213, true, true
1155240, 8779, 6892, 440, 182, 215, true, true
1155730, 8799, 6892, 438, 181, 216, true, true
1156643, 8823, 6934, 480, 182, 212, true, true
1156778, 8829, 6935, 481, 183, 209, true, true
1157018, 8838, 6935, 480, 182, 209, true, true
1158283, 8891, 6936, 481, 183, 208, true, true
1158881, 8914, 6937, 481, 184, 207, true, true
1159708, 8943, 6938, 482, 185, 208, true, true
1160392, 8962, 6938, 440, 184, 209, true, true
1161034, 8987, 6939, 441, 185, 208, true, true
1161445, 9001, 6941, 443, 186, 208, true, true
1161529, 9006, 6941, 441, 184, 208, true, true
1161581, 9009, 6943, 443, 185, 204, true, true
1161659, 9013, 6944, 444, 186, 192, true, true
1163675, 9075, 6944, 443, 185, 193, true, true
1163699, 9076, 6947, 445, 186, 191, true, true
1164708, 9115, 6947, 444, 185, 192, true, true
1165188, 9139, 6947, 442, 184, 192, true, true
1166191, 9173, 6950, 445, 185, 191, true, true
1168076, 9232, 6952, 447, 186, 192, true, true
1168497, 9246, 6953, 448, 187, 190, true, true
1168794, 9259, 6954, 445, 188, 190, true, true
1169305, 9276, 6954, 444, 187, 192, true, true
1170761, 9331, 6955, 445, 188, 195, true, true
1171245, 9348, 6955, 444, 187, 196, true, true
1173878, 9462, 6956, 445, 188, 201, true, true
1173950, 9463, 6956, 444, 187, 201, true, true
1174285, 9477, 6956, 443, 186, 201, true, true
1174330, 9480, 6957, 444, 187, 200, true, true
1175342, 9520, 6959, 446, 188, 199, true, true
1175355, 9521, 6960, 447, 189, 198, true, true
1175760, 9535, 6960, 446, 188, 200, true, true
1175985, 9543, 6962, 448, 189, 199, true, true
1177126, 9574, 6967, 434, 187, 198, true, true
1177291, 9579, 6968, 435, 188, 197, true, true
1177870, 9601, 6969, 436, 189, 194, true, true
1178532, 9631, 6969, 435, 188, 195, true, true
1178900, 9643, 6970, 435, 189, 194, true, true
1179325, 9657, 6971, 436, 190, 193, true, true
1179463, 9663, 6971, 435, 189, 193, true, true
1180116, 9687, 6971, 432, 187, 193, true, true
1181405, 9742, 6971, 430, 186, 195, true, true
1181519, 9747, 6973, 432, 187, 194, true, true
1181862, 9766, 6974, 433, 188, 192, true, true
1183166, 9818, 6975, 432, 189, 190, true, true
1183697, 9832, 6976, 433, 190, 190, true, true
1183813, 9835, 6976, 432, 189, 191, true, true
1184345, 9854, 6977, 433, 190, 189, true, true
1184651, 9864, 6977, 432, 190, 189, true, true
1184684, 9865, 6977, 430, 189, 189, true, true
1184770, 9868, 6979, 432, 190, 187, true, true
1185299, 9886, 6982, 429, 191, 185, true, true
1185716, 9895, 6994, 435, 192, 183, true, true
1187119, 9945, 6994, 431, 191, 184, true, true
1187277, 9951, 6994, 430, 190, 185, true, true
1188667, 10001, 6994, 428, 189, 186, true, true
1189687, 10042, 6994, 422, 187, 187, true, true
1191702, 10118, 6995, 423, 188, 189, true, true
1192723, 10154, 6995, 422, 187, 190, true, true
1193382, 10180, 6995, 421, 186, 190, true, true
1193964, 10207, 6995, 413, 185, 193, true, true
1194289, 10217, 6995, 411, 184, 193, true, true
1194602, 10228, 6995, 410, 183, 193, true, true
1194792, 10236, 6996, 410, 183, 191, true, true
1195297, 10252, 6997, 410, 184, 189, true, true
1196543, 10304, 6999, 412, 185, 185, true, true
1197792, 10348, 7000, 413, 186, 183, true, true
1199688, 10407, 7002, 414, 187, 184, true, true
1199723, 10410, 7003, 415, 188, 179, true, true
1199946, 10416, 7004, 416, 189, 177, true, true
1200047, 10421, 7005, 417, 190, 176, true, true
1200800, 10454, 7005, 416, 189, 177, true, true
1200846, 10456, 7007, 418, 190, 174, true, true
1201200, 10470, 7008, 418, 191, 173, true, true
1201801, 10495, 7008, 417, 191, 173, true, true
1202343, 10517, 7008, 416, 190, 175, true, true
1202618, 10526, 7008, 415, 189, 175, true, true
1202688, 10529, 7008, 414, 188, 175, true, true
1203233, 10553, 7010, 416, 189, 171, true, true
1203935, 10579, 7013, 419, 190, 171, true, true
1204477, 10602, 7013, 418, 189, 171, true, true
1205130, 10626, 7013, 417, 188, 171, true, true
1205563, 10642, 7013, 416, 187, 171, true, true
1205994, 10661, 7013, 415, 186, 171, true, true
1206806, 10688, 7014, 416, 187, 169, true, true
1207217, 10702, 7014, 415, 186, 169, true, true
1207427, 10712, 7015, 416, 187, 167, true, true
1207699, 10722, 7015, 415, 186, 167, true, true
1208749, 10759, 7016, 416, 187, 169, true, true
1208909, 10766, 7020, 419, 188, 169, true, true
1209472, 10790, 7022, 421, 189, 169, true, true
1210903, 10820, 7024, 423, 190, 169, true, true
1211919, 10852, 7024, 421, 189, 169, true, true
1213161, 10896, 7024, 420, 188, 170, true, true
1213563, 10911, 7024, 419, 187, 170, true, true
1214175, 10932, 7024, 417, 185, 170, true, true
1215780, 10991, 7024, 414, 185, 172, true, true
1215971, 10997, 7024, 412, 183, 172, true, true
1215983, 10998, 7025, 413, 184, 171, true, true
1216571, 11020, 7025, 412, 183, 171, true, true
1217415, 11048, 7025, 409, 182, 171, true, true
1218415, 11082, 7026, 406, 181, 168, true, true
1218445, 11083, 7026, 405, 180, 168, true, true
1218899, 11107, 7026, 404, 179, 168, true, true
1220222, 11144, 7026, 403, 178, 169, true, true
1220985, 11174, 7026, 402, 178, 170, true, true
1222765, 11245, 7027, 403, 179, 161, true, true
1222856, 11249, 7035, 408, 180, 160, true, true
1222897, 11250, 7035, 407, 179, 160, true, true
1222994, 11253, 7035, 406, 178, 160, true, true
1223592, 11265, 7044, 415, 179, 159, true, true
1223751, 11271, 7045, 416, 180, 155, true, true
1223889, 11278, 7049, 420, 181, 153, true, true
1225523, 11324, 7049, 419, 180, 154, true, true
1225724, 11330, 7052, 422, 181, 152, true, true
1225932, 11338, 7052, 421, 180, 154, true, true
1226997, 11378, 7053, 422, 181, 152, true, true
1227596, 11398, 7054, 422, 182, 151, true, true
1231639, 11520, 7055, 423, 183, 152, true, true
1232274, 11544, 7056, 424, 184, 151, true, true
1233392, 11589, 7059, 427, 185, 152, true, true
1233848, 11608, 7060, 428, 186, 150, true, true
1234505, 11631, 7061, 429, 187, 148, true, true
1235495, 11664, 7061, 428, 186, 152, true, true
1235963, 11676, 7062, 429, 187, 148, true, true
1237456, 11733, 7062, 428, 186, 152, true, true
1237670, 11743, 7062, 427, 185, 153, true, true
1239793, 11827, 7063, 428, 186, 153, true, true
1239979, 11834, 7100, 444, 186, 149, true, true
1241393, 11879, 7100, 441, 184, 150, true, true
1241775, 11894, 7101, 442, 185, 149, true, true
1241835, 11896, 7101, 441, 184, 149, true, true
1242217, 11911, 7101, 440, 183, 149, true, true
1242668, 11930, 7101, 439, 182, 149, true, true
1244031, 11977, 7101, 438, 181, 149, true, true
1244442, 11990, 7101, 437, 180, 149, true, true
1245688, 12031, 7102, 438, 181, 150, true, true
1246309, 12051, 7102, 436, 180, 151, true, true
1246937, 12071, 7102, 435, 179, 152, true, true
1247344, 12089, 7103, 436, 180, 151, true, true
1248059, 12124, 7104, 436, 180, 151, true, true
1248802, 12153, 7104, 434, 179, 152, true, true
1250059, 12193, 7104, 433, 178, 153, true, true
1251581, 12233, 7104, 432, 178, 153, true, true
1251736, 12239, 7104, 431, 178, 154, true, true
1253093, 12285, 7104, 430, 177, 154, true, true
1253956, 12313, 7105, 431, 178, 150, true, true
1254768, 12337, 7106, 432, 179, 148, true, true
1257365, 12423, 7107, 433, 180, 150, true, true
1258852, 12485, 7107, 432, 179, 150, true, true
1261900, 12571, 7107, 430, 178, 156, true, true
1262378, 12586, 7107, 427, 177, 157, true, true
1262962, 12609, 7108, 428, 178, 155, true, true
1262982, 12610, 7108, 427, 177, 155, true, true
1263611, 12631, 7109, 428, 178, 155, true, true
1263698, 12633, 7110, 429, 179, 154, true, true
1265559, 12687, 7112, 431, 180, 154, true, true
1267047, 12741, 7112, 430, 179, 154, true, true
1268423, 12791, 7112, 429, 178, 155, true, true
1268592, 12798, 7115, 432, 179, 154, true, true
1269730, 12835, 7115, 431, 179, 155, true, true
1270880, 12873, 7115, 430, 178, 156, true, true
1271529, 12896, 7115, 429, 177, 156, true, true
1272501, 12940, 7116, 430, 178, 156, true, true
1277727, 13104, 7116, 429, 177, 158, true, true
1278142, 13117, 7116, 427, 176, 158, true, true
1279134, 13142, 7116, 426, 175, 159, true, true
1279343, 13150, 7116, 425, 174, 159, true, true
1280770, 13186, 7117, 426, 175, 160, true, true
1280909, 13193, 7117, 425, 174, 160, true, true
1283492, 13288, 7118, 425, 175, 163, true, true
1283961, 13296, 7120, 427, 176, 162, true, true
1284361, 13308, 7122, 429, 177, 162, true, true
1284432, 13311, 7123, 430, 178, 161, true, true
1285667, 13354, 7123, 429, 178, 163, true, true
1286484, 13383, 7123, 428, 178, 164, true, true
1289758, 13483, 7123, 426, 177, 166, true, true
1294371, 13645, 7124, 427, 178, 168, true, true
1295622, 13687, 7125, 428, 179, 168, true, true
1296074, 13710, 7125, 427, 178, 168, true, true
1297384, 13762, 7125, 425, 177, 169, true, true
1297516, 13770, 7125, 424, 176, 169, true, true
1300463, 13882, 7125, 423, 175, 170, true, true
1303442, 13980, 7125, 422, 174, 174, true, true
1308574, 14123, 7126, 423, 175, 176, true, true
1310600, 14206, 7127, 424, 176, 177, true, true
1311754, 14249, 7128, 425, 177, 175, true, true
1313222, 14305, 7130, 427, 178, 173, true, true
1313646, 14322, 7131, 428, 179, 170, true, true
1314078, 14337, 7131, 427, 178, 170, true, true
1314133, 14340, 7132, 427, 179, 169, true, true
1314474, 14352, 7133, 428, 180, 167, true, true
1315369, 14385, 7134, 429, 181, 166, true, true
1318152, 14475, 7135, 430, 182, 164, true, true
1320009, 14537, 7136, 431, 183, 162, true, true
1320369, 14555, 7139, 431, 182, 163, true, true
1320829, 14573, 7139, 430, 181, 164, true, true
1322137, 14614, 7140, 431, 182, 164, true, true
1322199, 14616, 7140, 430, 181, 164, true, true
1326255, 14730, 7140, 428, 180, 168, true, true
1331595, 14904, 7140, 427, 179, 172, true, true
1332307, 14930, 7141, 428, 180, 170, true, true
1333866, 14992, 7141, 427, 179, 173, true, true
1334792, 15027, 7142, 428, 180, 172, true, true
1335200, 15041, 7145, 431, 181, 172, true, true
1337914, 15108, 7146, 432, 182, 171, true, true
1339836, 15166, 7147, 433, 183, 167, true, true
1342700, 15260, 7147, 432, 182, 168, true, true
1344166, 15315, 7147, 431, 181, 171, true, true
1345376, 15357, 7147, 430, 180, 171, true, true
1346332, 15388, 7148, 431, 181, 171, true, true
1348008, 15434, 7148, 429, 180, 172, true, true
1348610, 15458, 7148, 426, 179, 172, true, true
1349418, 15482, 7151, 429, 180, 167, true, true
1352463, 15571, 7151, 428, 179, 168, true, true
1357724, 15761, 7154, 430, 180, 168, true, true
1358610, 15796, 7154, 426, 179, 168, true, true
1359367, 15830, 7154, 425, 178, 169, true, true
1359674, 15843, 7154, 424, 177, 169, true, true
1361254, 15905, 7155, 425, 178, 170, true, true
1361694, 15922, 7156, 426, 179, 169, true, true
1363200, 15962, 7156, 425, 178, 172, true, true
1363609, 15976, 7158, 427, 179, 171, true, true
1364387, 16008, 7161, 430, 180, 168, true, true
1367215, 16102, 7161, 429, 179, 170, true, true
1367496, 16113, 7161, 414, 178, 170, true, true
1368163, 16133, 7162, 415, 179, 167, true, true
1369618, 16182, 7162, 412, 178, 168, true, true
1371153, 16230, 7162, 411, 177, 169, true, true
1371692, 16249, 7163, 407, 178, 168, true, true
1372368, 16269, 7164, 408, 179, 168, true, true
1374385, 16328, 7164, 406, 179, 169, true, true
1377879, 16427, 7164, 405, 178, 172, true, true
1380036, 16501, 7165, 406, 179, 175, true, true
1382233, 16580, 7165, 405, 178, 177, true, true
1382655, 16591, 7166, 406, 179, 175, true, true
1386115, 16681, 7166, 405, 179, 175, true, true
1388799, 16775, 7167, 400, 180, 176, true, true
1389643, 16814, 7168, 401, 181, 176, true, true
1389871, 16824, 7169, 402, 182, 174, true, true
1389956, 16826, 7169, 401, 181, 174, true, true
1391219, 16864, 7171, 403, 182, 172, true, true
1391999, 16888, 7171, 402, 181, 173, true, true
1392808, 16912, 7172, 403, 182, 172, true, true
1392835, 16913, 7172, 402, 181, 172, true, true
1392973, 16918, 7173, 403, 182, 170, true, true
1396108, 17002, 7174, 404, 183, 173, true, true
1396471, 17019, 7174, 403, 182, 174, true, true
1396846, 17030, 7179, 405, 182, 171, true, true
1397869, 17066, 7179, 404, 181, 173, true, true
1398102, 17072, 7180, 405, 182, 171, true, true
1398538, 17090, 7180, 404, 181, 172, true, true
1399554, 17125, 7469, 690, 182, 170, true, true
1401717, 17195, 7469, 689, 181, 173, true, true
1402935, 17229, 7474, 690, 182, 172, true, true
1403511, 17251, 7474, 688, 181, 173, true, true
1404674, 17297, 7475, 688, 182, 170, true, true
1408151, 17413, 7476, 689, 183, 168, true, true
1408734, 17433, 7484, 440, 184, 167, true, true
1409895, 17472, 7485, 441, 185, 166, true, true
1411259, 17502, 7488, 444, 186, 165, true, true
1414003, 17565, 7489, 445, 187, 165, true, true
1416099, 17638, 7491, 446, 188, 166, true, true
1420997, 17795, 7491, 445, 187, 167, true, true
1421192, 17803, 7491, 444, 186, 167, true, true
1421440, 17812, 7491, 441, 185, 168, true, true
1422441, 17848, 7491, 440, 184, 171, true, true
1423928, 17885, 7494, 443, 185, 170, true, true
1424534, 17908, 7495, 444, 186, 168, true, true
1425073, 17930, 7496, 445, 187, 168, true, true
1427239, 17996, 7497, 446, 188, 168, true, true
1428328, 18045, 7497, 444, 187, 169, true, true
1430635, 18121, 7497, 441, 186, 170, true, true
1431596, 18154, 7498, 442, 187, 164, true, true
1435575, 18286, 7498, 441, 186, 166, true, true
1435638, 18288, 7498, 438, 185, 166, true, true
1436527, 18324, 7499, 439, 186, 166, true, true
1438064, 18384, 7499, 438, 185, 168, true, true
1438086, 18385, 7500, 439, 186, 167, true, true
1440532, 18442, 7500, 438, 185, 169, true, true
1440862, 18451, 7500, 437, 184, 169, true, true
1440915, 18453, 7501, 438, 185, 168, true, true
1441179, 18464, 7502, 437, 186, 168, true, true
1442374, 18495, 7502, 435, 185, 169, true, true
1443189, 18525, 7503, 436, 186, 168, true, true
1443349, 18532, 7504, 437, 187, 168, true, true
1444991, 18590, 7505, 438, 188, 166, true, true
1445178, 18597, 7507, 440, 189, 164, true, true
1447899, 18673, 7507, 439, 188, 164, true, true
1449811, 18743, 7512, 444, 189, 164, true, true
1450213, 18756, 7513, 445, 190, 163, true, true
1450726, 18774, 7513, 444, 189, 163, true, true
1451400, 18798, 7514, 445, 190, 159, true, true
1452063, 18822, 7518, 449, 191, 156, true, true
1454486, 18914, 7519, 450, 192, 155, true, true
1457431, 19000, 7521, 452, 193, 155, true, true
1459217, 19062, 7539, 470, 194, 153, true, true
1467281, 19318, 7539, 469, 193, 156, true, true
1469557, 19398, 7539, 468, 193, 158, true, true
1473644, 19510, 7539, 467, 192, 159, true, true
1474097, 19530, 7540, 468, 193, 158, true, true
1478214, 19667, 7542, 470, 194, 156, true, true
1481597, 19776, 7543, 471, 195, 155, true, true
1481902, 19786, 7544, 465, 196, 154, true, true
1484713, 19891, 7545, 466, 197, 155, true, true
1486081, 19938, 7545, 465, 196, 156, true, true
1489198, 20057, 7545, 462, 195, 159, true, true
1489629, 20074, 7546, 463, 196, 158, true, true
1490728, 20103, 7547, 464, 197, 155, true, true
1492553, 20161, 7591, 460, 198, 157, true, true
1493176, 20184, 7592, 461, 199, 158, true, true
1494691, 20235, 7594, 463, 200, 156, true, true
1495088, 20249, 7594, 462, 199, 156, true, true
1496743, 20321, 7594, 461, 198, 158, true, true
1497721, 20362, 7594, 457, 197, 159, true, true
1498966, 20400, 7594, 456, 196, 159, true, true
1499139, 20408, 7594, 454, 195, 160, true, true
1499282, 20414, 7594, 453, 194, 160, true, true
1508280, 20712, 7594, 449, 193, 162, true, true
1510494, 20799, 7595, 450, 194, 163, true, true
1511035, 20818, 7595, 449, 193, 163, true, true
1511399, 20830, 7595, 448, 192, 163, true, true
1511492, 20834, 7595, 443, 189, 163, true, true
1512805, 20882, 7595, 442, 188, 164, true, true
1517155, 21022, 7596, 443, 189, 165, true, true
1517405, 21033, 7596, 442, 188, 165, true, true
1519511, 21103, 7597, 443, 189, 165, true, true
1520535, 21143, 7597, 442, 188, 165, true, true
1520804, 21154, 7597, 441, 187, 165, true, true
1528422, 21405, 7598, 442, 188, 167, true, true
1531247, 21511, 7599, 443, 189, 162, true, true
1531390, 21518, 7599, 442, 188, 162, true, true
1533057, 21566, 7605, 446, 189, 160, true, true
1533599, 21584, 7606, 447, 190, 159, true, true
1534765, 21622, 7606, 446, 189, 160, true, true
1536877, 21702, 7606, 444, 188, 161, true, true
1536973, 21706, 7606, 443, 187, 161, true, true
1539363, 21790, 7607, 444, 188, 162, true, true
1542041, 21884, 7607, 443, 187, 164, true, true
1542310, 21895, 7607, 442, 186, 164, true, true
1543300, 21925, 7608, 443, 187, 160, true, true
1544521, 21974, 7608, 442, 186, 161, true, true
1549541, 22172, 7608, 440, 185, 163, true, true
1551073, 22224, 7608, 439, 184, 163, true, true
1552628, 22284, 7609, 440, 185, 164, true, true
1554265, 22340, 7609, 439, 185, 164, true, true
1559698, 22532, 7610, 440, 186, 159, true, true
1561656, 22590, 7611, 441, 187, 153, true, true
1562768, 22633, 7611, 440, 186, 153, true, true
1563509, 22662, 7612, 441, 187, 152, true, true
1563581, 22665, 7613, 442, 188, 150, true, true
1564228, 22681, 7613, 441, 187, 150, true, true
1565623, 22732, 7613, 437, 187, 151, true, true
1570194, 22891, 7613, 436, 186, 154, true, true
1571096, 22922, 7613, 434, 185, 155, true, true
1571783, 22951, 7613, 433, 184, 155, true, true
1572761, 22990, 7614, 434, 185, 155, true, true
1576024, 23101, 7614, 433, 184, 155, true, true
1577232, 23136, 7615, 434, 185, 153, true, true
1581546, 23299, 7616, 435, 186, 153, true, true
1581570, 23300, 7616, 434, 185, 153, true, true
1581704, 23306, 7617, 434, 185, 148, true, true
1583124, 23361, 7624, 441, 186, 146, true, true
1583424, 23371, 7624, 440, 185, 146, true, true
1584054, 23397, 7625, 441, 186, 145, true, true
1585247, 23431, 7626, 442, 187, 143, true, true
1585381, 23438, 7627, 443, 188, 142, true, true
1586315, 23472, 7635, 441, 187, 141, true, true
1590840, 23625, 7635, 440, 186, 142, true, true
1593534, 23709, 7635, 439, 186, 142, true, true
1595224, 23767, 7636, 440, 187, 141, true, true
1601596, 23996, 7642, 446, 188, 139, true, true
1601775, 24004, 7643, 447, 189, 134, true, true
1603289, 24065, 7644, 448, 190, 135, true, true
1604624, 24129, 7645, 449, 191, 135, true, true
1608276, 24263, 7645, 448, 190, 137, true, true
1612092, 24372, 7646, 449, 191, 134, true, true
1614508, 24464, 7646, 448, 191, 136, true, true
1614829, 24476, 7646, 447, 190, 136, true, true
1622341, 24705, 7652, 453, 191, 140, true, true
1622414, 24708, 7653, 454, 192, 137, true, true
1624033, 24762, 7654, 454, 193, 135, true, true
1625305, 24808, 7654, 453, 193, 135, true, true
1629677, 24962, 7654, 452, 192, 136, true, true
1630135, 24978, 7655, 453, 193, 136, true, true
1630213, 24982, 7656, 454, 194, 135, true, true
1631494, 25030, 7656, 453, 193, 136, true, true
1632935, 25087, 7657, 454, 194, 133, true, true
1633821, 25115, 7657, 453, 193, 133, true, true
1633863, 25116, 7657, 448, 192, 133, true, true
1634328, 25136, 7657, 447, 191, 133, true, true
1634898, 25158, 7657, 446, 190, 133, true, true
1634985, 25162, 7658, 447, 191, 132, true, true
1636246, 25202, 7661, 450, 192, 134, true, true
1636871, 25227, 7662, 451, 193, 134, true, true
1640039, 25358, 7663, 452, 194, 133, true, true
1647181, 25572, 7663, 451, 193, 133, true, true
1647932, 25603, 7663, 450, 192, 133, true, true
1648546, 25629, 7663, 449, 191, 133, true, true
1654017, 25793, 7665, 451, 192, 133, true, true
1659706, 25989, 7665, 450, 191, 133, true, true
1661701, 26058, 7665, 449, 190, 134, true, true
1662312, 26077, 7665, 448, 189, 134, true, true
1662986, 26105, 7665, 447, 189, 134, true, true
1666606, 26244, 7667, 446, 190, 133, true, true
1667786, 26275, 7667, 445, 189, 135, true, true
1669772, 26358, 7675, 452, 190, 129, true, true
1670220, 26369, 7676, 453, 191, 128, true, true
1673368, 26478, 7676, 452, 191, 128, true, true
1673833, 26491, 7678, 454, 192, 126, true, true
1674280, 26503, 7678, 453, 191, 127, true, true
1674629, 26515, 7678, 452, 190, 127, true, true
1674723, 26519, 7679, 453, 191, 124, true, true
1675232, 26538, 7681, 455, 192, 122, true, true
1678632, 26670, 7681, 454, 191, 124, true, true
1679300, 26694, 7681, 453, 190, 124, true, true
1679850, 26719, 7683, 442, 191, 121, true, true
1681864, 26801, 7683, 441, 190, 123, true, true
1690235, 27072, 7683, 440, 189, 127, true, true
1691995, 27139, 7685, 442, 190, 127, true, true
1692081, 27142, 7687, 444, 191, 122, true, true
1693314, 27185, 7687, 442, 190, 122, true, true
1697327, 27326, 7687, 440, 189, 122, true, true
1701134, 27462, 7687, 439, 188, 126, true, true
1701155, 27464, 7687, 438, 187, 126, true, true
1704324, 27572, 7687, 437, 187, 126, true, true
1713476, 27896, 7687, 435, 186, 130, true, true
1714137, 27921, 7687, 434, 186, 130, true, true
1715113, 27954, 7688, 435, 187, 128, true, true
1715458, 27972, 7688, 434, 186, 128, true, true
1717366, 28049, 7688, 433, 185, 129, true, true
1720206, 28148, 7688, 425, 185, 130, true, true
1721479, 28190, 7688, 424, 184, 130, true, true
1723080, 28251, 7688, 423, 183, 131, true, true
1723436, 28266, 7688, 420, 182, 131, true, true
1724806, 28315, 7691, 420, 181, 129, true, true
1728522, 28454, 7691, 419, 180, 129, true, true
1735833, 28709, 7692, 420, 181, 131, true, true
1738438, 28797, 7693, 421, 182, 129, true, true
1741302, 28893, 7693, 420, 181, 129, true, true
1742233, 28917, 7694, 421, 182, 125, true, true
1743595, 28968, 7694, 420, 181, 125, true, true
1744609, 29007, 7694, 418, 180, 126, true, true
1747326, 29092, 7695, 419, 181, 125, true, true
1751950, 29254, 7695, 417, 180, 125, true, true
1752797, 29285, 7695, 410, 179, 125, true, true
1756639, 29423, 7695, 409, 178, 125, true, true
1759435, 29523, 7699, 413, 179, 124, true, true
1760834, 29564, 7699, 412, 178, 124, true, true
1761978, 29604, 7721, 430, 179, 123, true, true
1762209, 29611, 7721, 428, 177, 123, true, true
1766049, 29735, 7721, 425, 177, 123, true, true
1767084, 29773, 7744, 441, 178, 124, true, true
1770626, 29887, 7744, 440, 177, 124, true, true
1771254, 29912, 7744, 437, 176, 124, true, true
1775600, 30071, 7748, 433, 177, 125, true, true
1783262, 30351, 7751, 433, 178, 130, true, true
1788741, 30528, 7751, 432, 177, 130, true, true
1790748, 30605, 7751, 431, 176, 132, true, true
1790800, 30608, 7755, 435, 177, 131, true, true
1794704, 30731, 7755, 434, 176, 134, true, true
1797672, 30826, 7756, 435, 177, 132, true, true
1802136, 30998, 7756, 426, 176, 135, true, true
1804669, 31092, 7756, 425, 175, 136, true, true
1815159, 31439, 7757, 425, 175, 140, true, true
1819131, 31567, 7757, 415, 174, 140, true, true
1820495, 31620, 7758, 416, 175, 139, true, true
1822392, 31694, 7760, 410, 174, 139, true, true
1827159, 31872, 7760, 409, 173, 142, true, true
1828134, 31911, 7760, 407, 173, 142, true, true
1829678, 31963, 7761, 408, 174, 138, true, true
1833352, 32056, 7761, 407, 173, 138, true, true
1835248, 32131, 7766, 408, 174, 137, true, true
1838946, 32270, 7767, 409, 175, 134, true, true
1841809, 32379, 7767, 408, 175, 135, true, true
1842099, 32383, 7767, 407, 174, 135, true, true
1843044, 32416, 7767, 406, 173, 135, true, true
1846309, 32533, 7767, 405, 172, 137, true, true
1847483, 32583, 7767, 403, 171, 138, true, true
1849987, 32664, 7767, 402, 170, 139, true, true
1852642, 32743, 7768, 403, 171, 139, true, true
1857652, 32863, 7768, 402, 170, 140, true, true
1858378, 32888, 7768, 401, 169, 140, true, true
1859049, 32907, 7769, 401, 169, 139, true, true
1860319, 32946, 7769, 400, 168, 140, true, true
1864751, 33112, 7770, 401, 169, 142, true, true
1865388, 33138, 7771, 402, 170, 139, true, true
1867064, 33191, 7771, 401, 169, 140, true, true
1868791, 33254, 7771, 398, 168, 140, true, true
1872151, 33372, 7771, 397, 167, 141, true, true
1876528, 33541, 7775, 401, 168, 139, true, true
1885666, 33864, 7775, 393, 167, 140, true, true
1888227, 33948, 7777, 395, 168, 140, true, true
1889924, 34009, 7777, 393, 166, 141, true, true
1894064, 34169, 7787, 400, 166, 143, true, true
1896435, 34262, 7787, 399, 165, 147, true, true
1896540, 34266, 7788, 400, 166, 144, true, true
1896760, 34273, 7790, 402, 167, 143, true, true
1897870, 34312, 7790, 401, 166, 145, true, true
1897968, 34316, 7792, 403, 167, 144, true, true
1900606, 34401, 7792, 398, 166, 144, true, true
1902039, 34461, 7796, 402, 167, 143, true, true
1911126, 34793, 7796, 401, 166, 148, true, true
1918645, 35043, 7796, 399, 165, 150, true, true
1923065, 35209, 7796, 398, 164, 152, true, true
1924259, 35261, 7796, 396, 162, 153, true, true
1924382, 35266, 7796, 395, 161, 153, true, true
1925901, 35302, 7796, 394, 160, 153, true, true
1934936, 35617, 7798, 396, 161, 153, true, true
1941208, 35854, 7799, 395, 162, 153, true, true
1941275, 35857, 7805, 401, 163, 152, true, true
1943702, 35960, 7805, 400, 162, 156, true, true
1945215, 36024, 7805, 399, 161, 156, true, true
1950463, 36213, 7806, 400, 162, 160, true, true
1954752, 36368, 7806, 399, 161, 162, true, true
1954840, 36371, 7807, 400, 162, 160, true, true
1960278, 36567, 7807, 399, 161, 162, true, true
1961663, 36615, 7808, 400, 162, 160, true, true
1962373, 36640, 7810, 402, 163, 159, true, true
1964522, 36728, 7810, 400, 162, 159, true, true
1964803, 36741, 7811, 401, 163, 156, true, true
1965002, 36748, 7812, 402, 164, 155, true, true
1966739, 36811, 7812, 401, 163, 155, true, true
1967131, 36829, 7812, 400, 162, 155, true, true
1967499, 36840, 7812, 398, 162, 155, true, true
1968033, 36862, 7813, 398, 163, 153, true, true
1969570, 36913, 7813, 397, 162, 153, true, true
1971427, 36977, 7814, 398, 163, 152, true, true
1974844, 37078, 7814, 397, 162, 153, true, true
1975705, 37117, 7815, 398, 163, 147, true, true
1992552, 37723, 7815, 396, 162, 153, true, true
2002258, 38095, 7815, 395, 161, 154, true, true
2005316, 38197, 7815, 394, 160, 155, true, true
2011999, 38390, 7816, 395, 161, 155, true, true
2016205, 38546, 7816, 394, 160, 158, true, true
2016735, 38566, 7816, 393, 159, 158, true, true
2021625, 38746, 7816, 391, 158, 162, true, true
2024704, 38864, 7816, 390, 157, 166, true, true
2025110, 38873, 7817, 389, 157, 164, true, true
2032277, 39058, 7818, 390, 158, 165, true, true
2046172, 39551, 7818, 389, 157, 168, true, true
2047061, 39575, 7818, 388, 156, 168, true, true
2047453, 39591, 7819, 389, 157, 165, true, true
2048677, 39636, 7820, 390, 158, 162, true, true
2054528, 39868, 7839, 391, 158, 161, true, true
2055543, 39904, 7841, 392, 158, 160, true, true
2057498, 39982, 7842, 392, 158, 159, true, true
2065435, 40299, 7842, 390, 156, 166, true, true
2066371, 40339, 7844, 392, 157, 165, true, true
2068023, 40402, 7844, 389, 156, 166, true, true
2072646, 40552, 7844, 388, 155, 168, true, true
2077753, 40723, 7845, 389, 156, 168, true, true
2078375, 40751, 7845, 388, 155, 168, true, true
2080065, 40808, 7846, 389, 156, 167, true, true
2084504, 40973, 7846, 388, 155, 173, true, true
2085050, 40994, 7846, 387, 154, 174, true, true
2087440, 41065, 7846, 386, 153, 175, true, true
2098868, 41483, 7846, 384, 152, 179, true, true
2100688, 41551, 7851, 389, 153, 178, true, true
2106714, 41761, 7852, 390, 154, 179, true, true
2116539, 42157, 7855, 389, 154, 181, true, true
2123325, 42403, 7856, 386, 155, 183, true, true
2125367, 42478, 7856, 385, 155, 183, true, true
2127107, 42534, 7857, 386, 156, 182, true, true
2137826, 42941, 7857, 384, 154, 187, true, true
2143947, 43160, 7858, 385, 155, 190, true, true
2144046, 43164, 7859, 386, 156, 189, true, true
2145526, 43209, 7859, 384, 155, 189, true, true
2331930, 43370, 7859, 380, 154, 190, true, true
2333541, 43425, 7861, 381, 155, 189, true, true
2333754, 43436, 7863, 383, 156, 188, true, true
2342855, 43751, 7864, 384, 157, 181, true, true
2346566, 43866, 7864, 383, 156, 181, true, true
2353049, 44131, 7864, 382, 155, 182, true, true
2354715, 44203, 7864, 380, 153, 182, true, true
2361721, 44494, 7865, 381, 154, 177, true, true
2364910, 44623, 7865, 380, 154, 177, true, true
2370319, 44843, 7866, 381, 155, 171, true, true
2370865, 44865, 7866, 378, 154, 171, true, true
2377655, 45112, 7866, 377, 153, 173, true, true
2379227, 45166, 7866, 376, 152, 173, true, true
2380821, 45217, 7866, 374, 151, 173, true, true
2386592, 45457, 7866, 373, 150, 174, true, true
2391864, 45652, 7867, 374, 151, 172, true, true
2392101, 45663, 7867, 373, 150, 172, true, true
2396029, 45814, 7867, 372, 149, 172, true, true
2398686, 45910, 7867, 371, 149, 174, true, true
2398942, 45920, 7867, 369, 147, 174, true, true
2401455, 46014, 7867, 368, 146, 174, true, true
2405300, 46134, 7867, 367, 145, 175, true, true
2415801, 46521, 7867, 366, 144, 176, true, true
2420191, 46698, 7868, 364, 145, 176, true, true
2429497, 47042, 7869, 365, 146, 177, true, true
2436139, 47309, 7869, 361, 145, 179, true, true
2454671, 48053, 7870, 362, 146, 183, true, true
2455460, 48088, 7872, 364, 147, 182, true, true
2456180, 48119, 7873, 365, 148, 182, true, true
2462439, 48367, 7874, 366, 149, 182, true, true
2473833, 48825, 7876, 368, 150, 183, true, true
2475305, 48873, 7876, 367, 149, 183, true, true
2475682, 48888, 7876, 366, 148, 183, true, true
2478545, 49000, 7876, 365, 147, 184, true, true
2480638, 49068, 7877, 366, 148, 183, true, true
2481749, 49119, 7879, 368, 149, 182, true, true
2483550, 49191, 7881, 370, 150, 180, true, true
2501092, 49841, 7882, 371, 151, 185, true, true
2502985, 49936, 7883, 372, 152, 183, true, true
2505488, 50047, 7883, 371, 151, 184, true, true
2511787, 50277, 7883, 370, 150, 186, true, true
2512819, 50325, 7884, 371, 151, 185, true, true
2515051, 50418, 7885, 372, 152, 181, true, true
2515073, 50419, 7887, 374, 153, 178, true, true
2519415, 50615, 7888, 375, 154, 176, true, true
2535332, 51279, 7889, 376, 155, 174, true, true
2543250, 51593, 7889, 373, 154, 175, true, true
2544238, 51640, 7889, 372, 153, 175, true, true
2554373, 52048, 7889, 371, 153, 177, true, true
2555327, 52074, 7889, 370, 152, 177, true, true
2557516, 52147, 7889, 369, 151, 177, true, true
2562825, 52357, 7890, 370, 152, 179, true, true
2566932, 52526, 7892, 372, 153, 177, true, true
2568005, 52557, 7894, 374, 154, 177, true, true
2570287, 52664, 7895, 375, 155, 176, true, true
2578700, 52997, 7896, 376, 156, 180, true, true
2582835, 53156, 7897, 376, 157, 179, true, true
2584161, 53212, 7899, 377, 157, 178, true, true
2589830, 53428, 7899, 376, 156, 179, true, true
2591163, 53481, 7899, 375, 155, 179, true, true
2591427, 53491, 7899, 373, 154, 179, true, true
2592293, 53529, 7899, 368, 154, 179, true, true
2594267, 53614, 7899, 367, 153, 179, true, true
2597144, 53728, 7909, 374, 154, 173, true, true
2598131, 53773, 7910, 375, 155, 172, true, true
2601329, 53912, 7911, 376, 156, 171, true, true
2604993, 54067, 7911, 371, 154, 173, true, true
2608558, 54214, 7911, 369, 153, 173, true, true
2609891, 54264, 7914, 372, 154, 171, true, true
2620939, 54739, 7915, 373, 155, 171, true, true
2622989, 54830, 7917, 375, 156, 170, true, true
2623963, 54870, 7926, 383, 156, 167, true, true
2624164, 54880, 7926, 382, 155, 167, true, true
2630635, 55154, 7928, 384, 156, 166, true, true
2633007, 55257, 7928, 383, 155, 166, true, true
2634233, 55300, 7930, 385, 156, 165, true, true
2638027, 55457, 7930, 384, 155, 168, true, true
2638653, 55480, 7930, 383, 154, 168, true, true
2651710, 56028, 7931, 384, 155, 168, true, true
2654078, 56121, 7931, 383, 154, 168, true, true
2660782, 56393, 7933, 385, 155, 166, true, true
2665644, 56601, 7933, 384, 154, 167, true, true
2675386, 56935, 7934, 375, 152, 168, true, true
2678917, 57090, 7934, 374, 151, 168, true, true
2683030, 57239, 7934, 372, 149, 171, true, true
2703791, 57990, 7935, 373, 150, 173, true, true
2704984, 58042, 7935, 371, 148, 174, true, true
2713272, 58375, 7935, 370, 147, 174, true, true
2719765, 58599, 7935, 369, 146, 176, true, true
2730528, 59003, 7935, 368, 145, 179, true, true
2735032, 59152, 7936, 369, 146, 179, true, true
2742469, 59477, 7936, 367, 145, 181, true, true
2742882, 59500, 7940, 368, 145, 179, true, true
2743143, 59509, 7941, 369, 146, 178, true, true
2754853, 60010, 7941, 368, 145, 181, true, true
2755869, 60053, 7941, 367, 144, 181, true, true
2764358, 60357, 7941, 366, 143, 182, true, true
2765086, 60393, 7942, 367, 144, 181, true, true
2765891, 60430, 7942, 366, 143, 181, true, true
2766498, 60455, 7942, 365, 143, 182, true, true
2767064, 60482, 7942, 361, 142, 182, true, true
2767801, 60503, 7944, 363, 143, 177, true, true
2784485, 61161, 7944, 362, 142, 178, true, true
2785121, 61190, 7945, 363, 143, 176, true, true
2788770, 61347, 7945, 362, 142, 178, true, true
2800164, 61810, 7946, 363, 143, 178, true, true
2801296, 61857, 7946, 361, 142, 178, true, true
2802122, 61895, 7946, 360, 141, 178, true, true
2812329, 62358, 7947, 361, 142, 180, true, true
2813865, 62422, 7950, 364, 143, 177, true, true
2813900, 62425, 7952, 366, 144, 174, true, true
2815068, 62467, 7952, 365, 143, 174, true, true
2821856, 62736, 7952, 364, 142, 176, true, true
2834084, 63205, 7958, 368, 143, 175, true, true
2838178, 63386, 7958, 366, 143, 176, true, true
2839318, 63422, 7958, 365, 142, 177, true, true
2844543, 63639, 7960, 367, 143, 176, true, true
2846465, 63710, 7960, 366, 142, 176, true, true
2863694, 64428, 7960, 365, 141, 182, true, true
2866018, 64506, 7961, 366, 142, 180, true, true
2866143, 64510, 7961, 365, 141, 180, true, true
2869564, 64647, 7961, 363, 140, 180, true, true
2873535, 64843, 7961, 362, 139, 182, true, true
2874023, 64866, 7962, 363, 140, 180, true, true
2879290, 65086, 7964, 365, 141, 181, true, true
2884153, 65276, 7970, 366, 142, 181, true, true
2885619, 65336, 7971, 367, 143, 177, true, true
2885655, 65337, 7971, 366, 142, 177, true, true
2886068, 65346, 7971, 365, 142, 177, true, true
2894394, 65706, 7974, 368, 143, 175, true, true
2900508, 65938, 7975, 369, 144, 174, true, true
2901790, 65996, 7979, 373, 145, 173, true, true
2901884, 66000, 7979, 372, 144, 173, true, true
2903406, 66064, 7979, 371, 143, 173, true, true
2909888, 66289, 7981, 373, 144, 168, true, true
2924255, 66871, 7981, 371, 143, 170, true, true
2941256, 67544, 7981, 370, 143, 171, true, true
2945152, 67698, 7982, 371, 144, 169, true, true
2947572, 67803, 7983, 372, 145, 167, true, true
2951248, 67954, 7983, 369, 144, 167, true, true
2958252, 68223, 7984, 369, 145, 166, true, true
2958402, 68231, 7998, 371, 146, 164, true, true
2961918, 68363, 7999, 372, 147, 163, true, true
2964334, 68448, 8000, 373, 148, 162, true, true
2965825, 68513, 8001, 372, 149, 162, true, true
2967059, 68552, 8001, 371, 148, 162, true, true
2967399, 68567, 8002, 365, 148, 161, true, true
2976748, 68964, 8007, 366, 149, 158, true, true
2979175, 69079, 8008, 367, 150, 155, true, true
2986528, 69387, 8009, 368, 151, 155, true, true
2989207, 69504, 8010, 361, 152, 154, true, true
3001234, 69993, 8010, 358, 152, 155, true, true
3001549, 70009, 8010, 357, 152, 155, true, true
3002504, 70047, 8010, 356, 152, 155, true, true
3008600, 70291, 8012, 357, 153, 156, true, true
3013029, 70470, 8014, 359, 154, 155, true, true
3019668, 70766, 8015, 360, 155, 153, true, true
3042060, 71718, 8015, 355, 154, 158, true, true
3042150, 71721, 8015, 354, 153, 158, true, true
3044866, 71828, 8016, 353, 153, 157, true, true
3045478, 71848, 8016, 351, 152, 157, true, true
3052914, 72167, 8016, 350, 151, 158, true, true
3054465, 72219, 8016, 349, 150, 158, true, true
3055233, 72248, 8017, 349, 150, 156, true, true
3055293, 72250, 8018, 350, 151, 155, true, true
3056814, 72303, 8038, 370, 152, 152, true, true
3057574, 72339, 8038, 369, 151, 152, true, true
3065221, 72616, 8038, 368, 150, 155, true, true
3065592, 72630, 8039, 369, 151, 154, true, true
3069914, 72794, 8040, 370, 152, 154, true, true
3076196, 73002, 8040, 369, 151, 156, true, true
3106513, 74239, 8040, 368, 150, 163, true, true
3114888, 74586, 8040, 366, 149, 163, true, true
3114996, 74592, 8040, 365, 148, 163, true, true
3117807, 74694, 8041, 366, 149, 162, true, true
3118118, 74709, 8041, 365, 148, 164, true, true
3121414, 74860, 8042, 366, 149, 162, true, true
3130395, 75189, 8042, 363, 148, 163, true, true
3150937, 76012, 8042, 362, 148, 166, true, true
3150976, 76014, 8042, 361, 147, 166, true, true
3152210, 76063, 8043, 362, 148, 165, true, true
3156398, 76212, 8044, 363, 149, 164, true, true
3163302, 76484, 8045, 364, 150, 163, true, true
3168022, 76669, 8046, 364, 150, 163, true, true
3173334, 76885, 8046, 363, 149, 164, true, true
3176025, 76990, 8051, 368, 150, 163, true, true
3180533, 77178, 8052, 369, 151, 162, true, true
3182216, 77234, 8052, 368, 150, 163, true, true
3184040, 77308, 8053, 368, 150, 162, true, true
3189225, 77521, 8054, 369, 151, 161, true, true
3189605, 77537, 8055, 370, 152, 159, true, true
3190663, 77578, 8056, 371, 153, 156, true, true
3192864, 77647, 8057, 372, 154, 155, true, true
3196269, 77741, 8057, 371, 153, 155, true, true
3196820, 77762, 8058, 372, 154, 154, true, true
3209065, 78198, 8059, 369, 154, 154, true, true
3212107, 78319, 8064, 374, 155, 154, true, true
3232741, 79064, 8064, 373, 154, 156, true, true
3246585, 79589, 8069, 378, 155, 160, true, true
3250298, 79750, 8069, 377, 154, 161, true, true
3254205, 79888, 8069, 362, 154, 161, true, true
3257304, 80009, 8073, 366, 155, 160, true, true
3257406, 80013, 8073, 364, 154, 160, true, true
3270323, 80555, 8074, 361, 155, 157, true, true
3270890, 80575, 8075, 362, 156, 153, true, true
3275283, 80758, 8076, 363, 157, 151, true, true
3286612, 81183, 8077, 364, 158, 151, true, true
3289650, 81291, 8077, 362, 157, 151, true, true
3290473, 81328, 8077, 361, 157, 151, true, true
3299763, 81684, 8078, 362, 158, 151, true, true
3300701, 81722, 8078, 361, 157, 151, true, true
3302222, 81783, 8078, 360, 156, 151, true, true
3303011, 81810, 8079, 361, 157, 150, true, true
3303098, 81814, 8080, 361, 157, 148, true, true
3306878, 81969, 8080, 359, 156, 149, true, true
3307645, 81994, 8080, 358, 155, 149, true, true
3308755, 82040, 8080, 357, 154, 149, true, true
3314567, 82289, 8086, 360, 153, 145, true, true
3314719, 82293, 8087, 361, 154, 143, true, true
3321123, 82526, 8106, 375, 155, 142, true, true
3322606, 82575, 8106, 372, 154, 142, true, true
3325537, 82685, 8106, 371, 153, 142, true, true
3327662, 82757, 8107, 372, 154, 141, true, true
3340244, 83247, 8108, 373, 155, 141, true, true
3349944, 83618, 8109, 366, 156, 140, true, true
3355628, 83830, 8109, 365, 155, 141, true, true
3366989, 84280, 8109, 364, 154, 141, true, true
3368184, 84325, 8109, 363, 153, 141, true, true
3369549, 84378, 8109, 357, 152, 142, true, true
3391562, 85154, 8110, 358, 153, 144, true, true
3392645, 85201, 8111, 359, 154, 143, true, true
3401054, 85520, 8112, 360, 155, 141, true, true
3403610, 85630, 8112, 359, 154, 142, true, true
3404339, 85656, 8113, 360, 155, 139, true, true
3412341, 85921, 8113, 358, 154, 139, true, true
3413887, 85967, 8117, 362, 155, 137, true, true
3415769, 86033, 8117, 361, 154, 137, true, true
3423729, 86308, 8118, 362, 155, 136, true, true
3423848, 86313, 8118, 361, 154, 136, true, true
3474174, 88079, 8118, 360, 154, 139, true, true
3478431, 88223, 8118, 359, 153, 140, true, true
3504529, 89205, 8118, 356, 152, 143, true, true
3516614, 89629, 8118, 355, 151, 145, true, true
3522879, 89830, 8118, 354, 150, 146, true, true
3530923, 90119, 8119, 355, 151, 145, true, true
3547503, 90790, 8119, 354, 150, 145, true, true
3551595, 90918, 8120, 355, 151, 141, true, true
3555075, 91041, 8120, 354, 150, 142, true, true
3562307, 91299, 8121, 354, 151, 141, true, true
3586419, 92248, 8124, 357, 152, 141, true, true
3604379, 92985, 8124, 356, 151, 146, true, true
3617419, 93465, 8125, 357, 152, 144, true, true
3628910, 93878, 8125, 356, 151, 146, true, true
3640671, 94354, 8125, 355, 150, 148, true, true
3644305, 94496, 8125, 354, 149, 148, true, true
3649116, 94660, 8125, 351, 148, 148, true, true
3656567, 94948, 8126, 352, 149, 147, true, true
3658472, 95022, 8127, 353, 150, 145, true, true
3664853, 95235, 8128, 354, 151, 145, true, true
3666158, 95291, 8129, 355, 152, 144, true, true
3671021, 95475, 8129, 349, 151, 144, true, true
3686657, 96018, 8129, 348, 150, 146, true, true
3688015, 96051, 8130, 349, 151, 143, true, true
3693238, 96230, 8130, 348, 150, 143, true, true
3703192, 96595, 8131, 349, 151, 137, true, true
3709543, 96819, 8131, 348, 150, 140, true, true
3719362, 97182, 8131, 347, 149, 140, true, true
3725857, 97423, 8131, 346, 148, 140, true, true
3727292, 97479, 8131, 336, 147, 140, true, true
3744983, 98126, 8131, 335, 146, 142, true, true
3750343, 98335, 8131, 333, 145, 143, true, true
3752419, 98408, 8131, 331, 145, 143, true, true
3762333, 98774, 8132, 332, 146, 144, true, true
3762522, 98781, 8134, 333, 146, 143, true, true
3762873, 98793, 8134, 332, 145, 143, true, true
3773513, 99138, 8134, 331, 144, 144, true, true
3782751, 99469, 8134, 330, 143, 144, true, true
3784857, 99532, 8136, 332, 144, 142, true, true
3786385, 99592, 8136, 331, 143, 142, true, true
3798340, 100013, 8136, 330, 142, 144, true, true
3800827, 100108, 8138, 332, 143, 143, true, true
3800848, 100109, 8138, 331, 142, 143, true, true
3815499, 100645, 8165, 352, 143, 142, true, true
3823080, 100939, 8165, 339, 143, 142, true, true
3830534, 101214, 8165, 338, 142, 143, true, true
3830878, 101226, 8165, 337, 141, 143, true, true
3833013, 101306, 8165, 336, 140, 144, true, true
3856744, 102160, 8165, 335, 139, 147, true, true
3888599, 103298, 8166, 336, 140, 148, true, true
3898595, 103665, 8166, 335, 139, 148, true, true
3915770, 104347, 8166, 333, 138, 149, true, true
3919084, 104471, 8166, 332, 137, 149, true, true
3919507, 104487, 8166, 331, 137, 149, true, true
3934459, 105044, 8167, 332, 138, 146, true, true
3935400, 105084, 8167, 331, 137, 146, true, true
3938781, 105215, 8167, 330, 136, 146, true, true
3949710, 105607, 8167, 329, 135, 147, true, true
3950212, 105630, 8168, 330, 136, 145, true, true
3954116, 105787, 8169, 331, 137, 143, true, true
3956158, 105854, 8171, 331, 137, 142, true, true
3958862, 105929, 8171, 328, 136, 142, true, true
3970177, 106319, 8171, 326, 135, 144, true, true
3973096, 106427, 8171, 324, 135, 144, true, true
3993540, 107124, 8171, 323, 134, 147, true, true
4010669, 107755, 8172, 322, 135, 145, true, true
4018247, 108028, 8174, 324, 136, 144, true, true
4018588, 108037, 8177, 327, 137, 143, true, true
4037546, 108722, 8177, 322, 137, 146, true, true
4037999, 108728, 8177, 320, 136, 146, true, true
4070792, 109897, 8177, 319, 135, 147, true, true
4091718, 110659, 8178, 320, 136, 146, true, true
4093165, 110730, 8179, 321, 137, 145, true, true
4095537, 110833, 8179, 320, 136, 147, true, true
4103859, 111143, 8180, 321, 137, 146, true, true
4111518, 111428, 8181, 322, 138, 146, true, true
4121168, 111734, 8187, 327, 139, 145, true, true
4122371, 111782, 8190, 330, 140, 141, true, true
4138881, 112400, 8190, 329, 139, 142, true, true
4168199, 113498, 8193, 332, 140, 145, true, true
4168281, 113501, 8193, 331, 140, 145, true, true
4172832, 113683, 8201, 339, 141, 146, true, true
4189836, 114312, 8203, 341, 142, 147, true, true
4192615, 114406, 8204, 342, 143, 146, true, true
4211356, 115034, 8205, 342, 143, 146, true, true
4218664, 115299, 8206, 343, 144, 148, true, true
4229639, 115658, 8207, 344, 145, 147, true, true
4239093, 115983, 8208, 345, 146, 146, true, true
4264161, 116821, 8211, 346, 147, 147, true, true
4270691, 117043, 8211, 314, 145, 147, true, true
4275543, 117232, 8212, 315, 146, 145, true, true
4276702, 117279, 8213, 316, 147, 144, true, true
4282080, 117472, 8214, 317, 148, 143, true, true
4313796, 118567, 8216, 319, 149, 144, true, true
4315389, 118621, 8217, 320, 150, 143, true, true
4326505, 119004, 8217, 319, 149, 144, true, true
4337923, 119406, 8217, 316, 148, 146, true, true
4348146, 119749, 8217, 315, 147, 147, true, true
4354087, 119973, 8217, 314, 146, 149, true, true
4375265, 120652, 8218, 296, 147, 151, true, true
4375865, 120673, 8218, 295, 146, 151, true, true
4382001, 120883, 8219, 296, 147, 151, true, true
4402628, 121633, 8219, 295, 146, 155, true, true
4410153, 121891, 8219, 293, 145, 155, true, true
4440166, 122974, 8219, 292, 144, 156, true, true
4451399, 123333, 8221, 294, 145, 157, true, true
4455330, 123478, 8221, 293, 144, 157, true, true
4465098, 123801, 8221, 292, 143, 158, true, true
4475583, 124193, 8221, 291, 142, 158, true, true
4487795, 124608, 8222, 290, 142, 157, true, true
4507442, 125270, 8224, 292, 143, 153, true, true
4510119, 125375, 8226, 294, 144, 152, true, true
4551876, 126770, 8227, 295, 145, 152, true, true
4553799, 126830, 8228, 295, 145, 151, true, true
4578239, 127545, 8228, 294, 144, 152, true, true
4587099, 127881, 8228, 292, 142, 152, true, true
4592927, 128100, 8228, 291, 141, 152, true, true
4604474, 128523, 8230, 293, 142, 151, true, true
4635853, 129631, 8230, 292, 141, 152, true, true
4647961, 130111, 8230, 291, 140, 153, true, true
4648354, 130125, 8230, 290, 139, 154, true, true
4649295, 130158, 8230, 289, 138, 154, true, true
4650177, 130197, 8230, 287, 137, 154, true, true
4683959, 131403, 8232, 278, 138, 156, true, true
4689869, 131625, 8233, 279, 139, 157, true, true
4693494, 131751, 8233, 278, 138, 157, true, true
4735495, 133212, 8234, 278, 138, 158, true, true
4742844, 133459, 8236, 280, 139, 158, true, true
4745699, 133566, 8236, 279, 139, 158, true, true
4759053, 134031, 8237, 280, 140, 157, true, true
4814749, 135947, 8240, 282, 141, 162, true, true
4820377, 136150, 8240, 281, 141, 162, true, true
4825708, 136331, 8241, 282, 142, 162, true, true
4831144, 136543, 8242, 283, 143, 163, true, true
4842413, 136937, 8246, 285, 144, 161, true, true
4848035, 137126, 8246, 284, 143, 161, true, true
4866208, 137733, 8246, 283, 143, 164, true, true
4872198, 137958, 8246, 281, 142, 165, true, true
4883924, 138409, 8247, 282, 143, 164, true, true
4899423, 138936, 8247, 281, 143, 166, true, true
4909695, 139310, 8247, 279, 142, 166, true, true
4923356, 139807, 8263, 295, 143, 167, true, true
4940079, 140404, 8263, 292, 142, 168, true, true
4941177, 140445, 8264, 293, 143, 166, true, true
4951065, 140800, 8267, 296, 144, 165, true, true
4954386, 140905, 8268, 297, 145, 164, true, true
4993653, 142279, 8269, 298, 146, 165, true, true
4995715, 142354, 8269, 297, 145, 165, true, true
5018569, 143173, 8270, 298, 146, 164, true, true
5042394, 144031, 8270, 296, 146, 168, true, true
5060988, 144716, 8301, 319, 147, 164, true, true
5071292, 145130, 8302, 320, 148, 163, true, true
5072966, 145200, 8303, 321, 149, 162, true, true
5075708, 145287, 8304, 318, 150, 161, true, true
5077448, 145341, 8306, 320, 151, 160, true, true
5085369, 145625, 8307, 321, 152, 159, true, true
5086196, 145660, 8308, 322, 153, 158, true, true
5088089, 145737, 8308, 321, 152, 158, true, true
5089341, 145784, 8308, 320, 151, 158, true, true
5094706, 145971, 8308, 319, 150, 159, true, true
5097333, 146069, 8308, 318, 149, 159, true, true
5099046, 146108, 8308, 317, 148, 159, true, true
5100409, 146160, 8309, 318, 149, 157, true, true
5122027, 146908, 8310, 319, 150, 155, true, true
5128286, 147078, 8310, 318, 149, 156, true, true
5154559, 147949, 8311, 319, 150, 155, true, true
5163068, 148227, 8316, 324, 151, 154, true, true
5168611, 148424, 8316, 323, 150, 154, true, true
5194307, 149365, 8316, 322, 150, 155, true, true
5195370, 149403, 8318, 324, 151, 154, true, true
5195597, 149411, 8319, 325, 152, 153, true, true
5219121, 150178, 8324, 330, 153, 152, true, true
5236873, 150819, 8326, 328, 154, 151, true, true
5241834, 150985, 8328, 330, 155, 149, true, true
5261303, 151622, 8328, 329, 154, 149, true, true
5307704, 153265, 8329, 330, 155, 153, true, true
5309946, 153333, 8329, 329, 155, 153, true, true
5317691, 153586, 8330, 330, 156, 150, true, true
5324312, 153795, 8330, 329, 155, 151, true, true
5385265, 155940, 8330, 328, 155, 159, true, true
5401333, 156518, 8332, 330, 156, 159, true, true
5443991, 158075, 8333, 331, 157, 162, true, true
5445700, 158147, 8333, 330, 156, 163, true, true
5448929, 158269, 8333, 329, 155, 163, true, true
5456548, 158539, 8336, 326, 154, 160, true, true
5467799, 158961, 8336, 323, 153, 161, true, true
5478416, 159350, 8338, 325, 154, 161, true, true
5516556, 160717, 8338, 324, 153, 162, true, true
5534121, 161345, 8338, 319, 152, 165, true, true
5554751, 162154, 8339, 320, 153, 168, true, true
5558655, 162294, 8346, 327, 154, 165, true, true
5581128, 163151, 8350, 331, 155, 166, true, true
5597156, 163748, 8351, 332, 156, 166, true, true
5613121, 164356, 8351, 331, 155, 168, true, true
5655032, 165952, 8352, 332, 156, 169, true, true
5660882, 166168, 8352, 330, 155, 169, true, true
5682864, 167008, 8354, 332, 156, 171, true, true
5690974, 167323, 8354, 331, 155, 171, true, true
5692057, 167368, 8354, 330, 154, 171, true, true
5696713, 167532, 8356, 332, 155, 171, true, true
5729490, 168767, 8357, 333, 156, 172, true, true
5734334, 168941, 8358, 334, 157, 169, true, true
5747513, 169442, 8359, 335, 158, 165, true, true
6001252, 171139, 8360, 336, 159, 164, true, true
6034943, 172386, 8361, 337, 160, 165, true, true
6037684, 172494, 8361, 336, 160, 165, true, true
6045820, 172828, 8361, 335, 159, 166, true, true
6068909, 173679, 8361, 321, 159, 168, true, true
6073819, 173864, 8374, 334, 160, 167, true, true
6075813, 173948, 8374, 333, 159, 167, true, true
6083696, 174217, 8375, 328, 160, 168, true, true
6087311, 174350, 8375, 327, 159, 168, true, true
6098472, 174786, 8375, 324, 158, 170, true, true
6101305, 174903, 8375, 323, 157, 170, true, true
6141098, 176411, 8376, 324, 158, 168, true, true
6153289, 176850, 8377, 324, 159, 165, true, true
6165269, 177295, 8377, 322, 158, 166, true, true
6177466, 177752, 8377, 321, 157, 166, true, true
6213917, 179035, 8378, 322, 158, 164, true, true
6215137, 179082, 8379, 322, 159, 163, true, true
6226185, 179478, 8380, 323, 160, 164, true, true
6251238, 180417, 8380, 322, 160, 164, true, true
6300839, 182288, 8384, 325, 161, 169, true, true
6306228, 182469, 8385, 326, 162, 167, true, true
6349021, 184080, 8386, 326, 163, 164, true, true
6358224, 184425, 8387, 327, 164, 163, true, true
6366035, 184680, 8387, 326, 163, 164, true, true
6368907, 184792, 8387, 325, 162, 164, true, true
6377087, 185117, 8387, 324, 161, 165, true, true
6380219, 185239, 8388, 325, 162, 164, true, true
6394282, 185798, 8389, 325, 162, 162, true, true
6422041, 186860, 8389, 324, 161, 167, true, true
6424568, 186956, 8389, 323, 160, 167, true, true
6428407, 187103, 8399, 328, 160, 165, true, true
6433414, 187280, 8399, 327, 159, 165, true, true
6455823, 188108, 8399, 326, 158, 168, true, true
6461966, 188346, 8400, 323, 158, 165, true, true
6501597, 189723, 8400, 322, 157, 167, true, true
6513633, 190152, 8401, 323, 158, 166, true, true
6544841, 191322, 8401, 322, 157, 167, true, true
6553151, 191648, 8403, 323, 158, 166, true, true
6553859, 191676, 8404, 323, 158, 165, true, true
6571612, 192330, 8404, 322, 157, 165, true, true
6600242, 193354, 8404, 321, 156, 167, true, true
6603010, 193438, 8404, 320, 155, 167, true, true
6604573, 193497, 8404, 319, 154, 167, true, true
6662006, 195563, 8406, 321, 155, 169, true, true
6665189, 195686, 8406, 320, 154, 169, true, true
6676299, 196112, 8406, 319, 153, 169, true, true
6683812, 196389, 8407, 320, 154, 168, true, true
6697525, 196910, 8408, 321, 155, 166, true, true
6706530, 197255, 8409, 322, 156, 169, true, true
6718242, 197691, 8411, 324, 157, 170, true, true
6748508, 198826, 8411, 322, 156, 171, true, true
6766830, 199492, 8411, 321, 155, 174, true, true
6773395, 199727, 8412, 322, 156, 172, true, true
6783351, 200100, 8412, 321, 155, 174, true, true
6789796, 200350, 8413, 322, 156, 171, true, true
6842130, 202179, 8416, 325, 157, 169, true, true
6852129, 202499, 8417, 326, 158, 168, true, true
6861315, 202806, 8417, 324, 157, 168, true, true
6889724, 203819, 8418, 325, 158, 168, true, true
6914934, 204722, 8419, 326, 159, 169, true, true
6958095, 206319, 8420, 327, 160, 171, true, true
6990094, 207535, 8420, 326, 160, 174, true, true
7070765, 210455, 8422, 323, 160, 177, true, true
7074169, 210588, 8422, 322, 159, 177, true, true
7097331, 211519, 8422, 321, 158, 179, true, true
7123008, 212445, 8422, 320, 157, 180, true, true
7125672, 212547, 8423, 321, 158, 177, true, true
7128108, 212616, 8424, 322, 159, 176, true, true
7136197, 212952, 8425, 323, 160, 174, true, true
7137798, 213006, 8425, 322, 160, 174, true, true
7146922, 213371, 8425, 321, 159, 174, true, true
7231241, 215620, 8425, 320, 158, 175, true, true
7244134, 216106, 8429, 324, 159, 176, true, true
7248458, 216283, 8429, 323, 158, 176, true, true
7250333, 216363, 8431, 325, 159, 173, true, true
7300832, 218297, 8431, 324, 158, 174, true, true
7339072, 219775, 8431, 323, 157, 178, true, true
7351582, 220254, 8431, 322, 156, 180, true, true
7363279, 220709, 8431, 321, 156, 180, true, true
7383300, 221508, 8433, 321, 156, 180, true, true
7384370, 221549, 8433, 320, 155, 180, true, true
7389181, 221713, 8433, 319, 154, 180, true, true
7418610, 222850, 8433, 317, 153, 181, true, true
7422031, 222993, 8433, 316, 152, 181, true, true
7453936, 224247, 8433, 297, 151, 182, true, true
7462177, 224588, 8434, 298, 152, 180, true, true
7468607, 224803, 8435, 298, 153, 179, true, true
7468826, 224812, 8436, 299, 154, 178, true, true
7509481, 226352, 8436, 298, 153, 181, true, true
7518926, 226672, 8437, 299, 154, 178, true, true
7527598, 227018, 8439, 300, 155, 177, true, true
7527622, 227019, 8439, 299, 154, 177, true, true
7536996, 227366, 8439, 298, 153, 177, true, true
7550794, 227919, 8440, 299, 154, 177, true, true
7584907, 229281, 8441, 300, 155, 176, true, true
7606833, 230167, 8444, 303, 156, 173, true, true
7610901, 230341, 8445, 304, 157, 173, true, true
7612926, 230431, 8445, 303, 156, 173, true, true
7634922, 231325, 8445, 301, 155, 175, true, true
7646844, 231782, 8445, 300, 154, 175, true, true
7650928, 231963, 8445, 299, 153, 176, true, true
7676073, 232990, 8446, 297, 153, 176, true, true
7681046, 233192, 8447, 298, 154, 174, true, true
7689603, 233526, 8448, 298, 154, 173, true, true
7716507, 234589, 8448, 297, 154, 175, true, true
7724730, 234914, 8448, 295, 154, 175, true, true
7731404, 235146, 8449, 296, 155, 174, true, true
7747231, 235792, 8450, 297, 156, 174, true, true
7768239, 236666, 8451, 298, 157, 172, true, true
7801250, 237911, 8458, 305, 158, 168, true, true
7806224, 238073, 8459, 306, 159, 163, true, true
7820014, 238606, 8460, 306, 159, 159, true, true
7835574, 239219, 8461, 304, 158, 157, true, true
7844156, 239554, 8462, 304, 159, 157, true, true
7844992, 239595, 8464, 306, 160, 155, true, true
7857061, 240065, 8465, 307, 161, 152, true, true
7859078, 240142, 8466, 308, 162, 148, true, true
7893117, 241388, 8467, 309, 163, 149, true, true
7911335, 242103, 8467, 308, 162, 149, true, true
7921961, 242489, 8468, 309, 163, 148, true, true
7926437, 242674, 8468, 308, 163, 149, true, true
7935175, 243007, 8469, 309, 164, 149, true, true
7958470, 243880, 8469, 308, 163, 149, true, true
7966878, 244200, 8469, 304, 162, 150, true, true
8010139, 245960, 8477, 312, 163, 151, true, true
8024999, 246467, 8477, 311, 162, 152, true, true
8025873, 246501, 8477, 310, 161, 152, true, true
8026481, 246526, 8477, 309, 160, 152, true, true
8047505, 247347, 8477, 308, 159, 152, true, true
8084730, 248665, 8477, 307, 158, 154, true, true
8109165, 249572, 8478, 308, 159, 153, true, true
8140284, 250734, 8491, 321, 160, 156, true, true
8152155, 251215, 8491, 320, 159, 156, true, true
8198349, 253005, 8500, 329, 160, 157, true, true
8235132, 254417, 8502, 329, 160, 155, true, true
8242254, 254693, 8502, 328, 159, 155, true, true
8285596, 256292, 8503, 328, 159, 157, true, true
8324717, 257815, 8503, 327, 158, 159, true, true
8392243, 260231, 8504, 328, 159, 159, true, true
8420783, 261319, 8506, 330, 160, 157, true, true
8431007, 261742, 8507, 329, 160, 155, true, true
8461927, 262936, 8510, 332, 161, 155, true, true
8543703, 263172, 8511, 333, 162, 154, true, true
8556818, 263681, 8511, 332, 161, 154, true, true
8574235, 264253, 8511, 331, 160, 155, true, true
8579129, 264443, 8511, 330, 159, 156, true, true
8612433, 265622, 8511, 329, 158, 156, true, true
8622476, 265974, 8512, 328, 159, 155, true, true
8686077, 268320, 8512, 326, 158, 157, true, true
8697169, 268720, 8513, 327, 159, 153, true, true
8705576, 269042, 8513, 326, 158, 153, true, true
8757368, 270925, 8514, 327, 159, 154, true, true
8762685, 271126, 8514, 326, 158, 154, true, true
8800277, 272493, 8515, 327, 159, 153, true, true
8811383, 272880, 8515, 326, 158, 154, true, true
8815881, 273073, 8516, 327, 159, 152, true, true
8850975, 274322, 8517, 328, 160, 152, true, true
8880644, 275407, 8517, 327, 160, 152, true, true
8914041, 276596, 8517, 326, 160, 153, true, true
8926140, 277039, 8517, 325, 159, 153, true, true
8940720, 277596, 8518, 326, 160, 149, true, true
8971726, 278691, 8519, 324, 159, 148, true, true
9017226, 280456, 8520, 325, 160, 146, true, true
9030028, 280928, 8521, 326, 161, 146, true, true
9050632, 281716, 8522, 327, 162, 148, true, true
9085562, 282974, 8522, 324, 162, 150, true, true
9095937, 283342, 8523, 325, 163, 149, true, true
9111488, 283886, 8523, 323, 162, 149, true, true
9118666, 284132, 8523, 322, 161, 150, true, true
9136426, 284780, 8523, 321, 160, 150, true, true
9153693, 285427, 8526, 323, 161, 150, true, true
9155599, 285501, 8526, 319, 160, 150, true, true
9194190, 286869, 8529, 317, 160, 147, true, true
9217500, 287692, 8531, 319, 161, 146, true, true
9224443, 287949, 8531, 318, 160, 148, true, true
9225183, 287981, 8531, 317, 159, 148, true, true
9229994, 288162, 8531, 315, 158, 149, true, true
9292553, 290386, 8531, 314, 157, 150, true, true
9335296, 291910, 8535, 318, 158, 150, true, true
9350181, 292489, 8535, 317, 157, 150, true, true
9387322, 293950, 8536, 318, 158, 150, true, true
9517503, 298776, 8537, 318, 159, 151, true, true
9531600, 299273, 8538, 319, 160, 148, true, true
9556095, 300221, 8538, 318, 159, 149, true, true
9570798, 300821, 8538, 317, 158, 149, true, true
9631767, 303185, 8538, 312, 157, 153, true, true
9641324, 303536, 8538, 311, 156, 154, true, true
9665767, 304403, 8538, 310, 155, 156, true, true
9694882, 305542, 8538, 305, 152, 157, true, true
9701828, 305809, 8538, 304, 151, 158, true, true
9711672, 306203, 8539, 305, 152, 157, true, true
9717271, 306422, 8540, 306, 153, 156, true, true
9742008, 307319, 8540, 305, 152, 156, true, true
9768339, 308251, 8540, 304, 151, 158, true, true
9770579, 308337, 8541, 305, 152, 157, true, true
9782056, 308722, 8541, 304, 151, 158, true, true
9794166, 309177, 8543, 306, 152, 157, true, true
9813406, 309889, 8543, 305, 151, 158, true, true
9838125, 310755, 8544, 306, 152, 157, true, true
9851065, 311179, 8545, 307, 153, 156, true, true
9897865, 312883, 8546, 308, 154, 156, true, true
9910244, 313369, 8546, 307, 153, 157, true, true
9930897, 314136, 8590, 338, 154, 155, true, true
9932165, 314178, 8590, 337, 153, 155, true, true
9937147, 314366, 8591, 338, 154, 154, true, true
9948762, 314797, 8591, 337, 153, 154, true, true
9959343, 315184, 8591, 336, 152, 154, true, true
9972345, 315704, 8591, 333, 150, 154, true, true
9987409, 316262, 8591, 330, 149, 155, true, true
10044566, 318366, 8592, 331, 150, 152, true, true
10081651, 319793, 8592, 330, 149, 154, true, true
10131799, 321702, 8592, 329, 148, 158, true, true
10137583, 321933, 8594, 331, 149, 157, true, true
10152718, 322534, 8594, 330, 148, 158, true, true
10169254, 323179, 8599, 335, 149, 157, true, true
10193711, 324040, 8602, 337, 150, 156, true, true
10198099, 324191, 8602, 329, 149, 156, true, true
10232868, 325528, 8602, 328, 148, 158, true, true
10266421, 326811, 8605, 331, 149, 158, true, true
10286955, 327607, 8608, 334, 150, 158, true, true
10316325, 328664, 8608, 333, 149, 158, true, true
10329627, 329144, 8608, 332, 148, 158, true, true
10331076, 329212, 8609, 333, 149, 155, true, true
10373800, 330801, 8611, 333, 150, 158, true, true
10399482, 331704, 8611, 332, 149, 159, true, true
10455582, 333763, 8611, 331, 149, 161, true, true
10461060, 333959, 8612, 332, 150, 159, true, true
10485886, 334877, 8613, 333, 151, 157, true, true
10528564, 336393, 8614, 334, 152, 151, true, true
10530497, 336454, 8618, 338, 153, 150, true, true
10535194, 336609, 8619, 339, 154, 146, true, true
10580329, 338302, 8619, 338, 153, 146, true, true
10605662, 339210, 8619, 336, 152, 146, true, true
10717844, 343332, 8619, 335, 151, 149, true, true
10751114, 344517, 8619, 334, 150, 149, true, true
10787094, 345780, 8619, 332, 149, 151, true, true
10799499, 346246, 8619, 331, 148, 151, true, true
10812431, 346738, 8619, 330, 147, 151, true, true
10850254, 347939, 8619, 329, 146, 151, true, true
10863131, 348396, 8619, 327, 146, 153, true, true
10873929, 348773, 8619, 326, 145, 153, true, true
10874988, 348811, 8620, 327, 146, 152, true, true
10887104, 349211, 8621, 328, 147, 151, true, true
10999738, 353037, 8621, 327, 146, 155, true, true
11026221, 353986, 8621, 326, 145, 155, true, true
11132561, 357790, 8621, 325, 144, 158, true, true
11146601, 358359, 8622, 326, 145, 157, true, true
11154969, 358639, 8623, 327, 146, 153, true, true
11226796, 361185, 8624, 327, 146, 151, true, true
11255282, 362215, 8624, 326, 145, 151, true, true
11270292, 362777, 8625, 318, 146, 150, true, true
11311054, 364139, 8625, 317, 145, 150, true, true
11314553, 364265, 8626, 318, 146, 149, true, true
11324221, 364607, 8626, 317, 146, 149, true, true
11330251, 364809, 8627, 318, 147, 148, true, true
11442239, 368805, 8627, 317, 146, 149, true, true
11445919, 368940, 8629, 319, 147, 146, true, true
11472213, 369877, 8629, 318, 146, 147, true, true
11528110, 371906, 8630, 319, 147, 147, true, true
11532723, 372052, 8630, 316, 146, 147, true, true
11534360, 372108, 8631, 317, 147, 145, true, true
11541321, 372376, 8632, 318, 148, 144, true, true
11591340, 374163, 8633, 318, 148, 141, true, true
11621186, 375278, 8633, 317, 147, 141, true, true
11634681, 375745, 8634, 318, 148, 139, true, true
11647969, 376208, 8634, 317, 147, 139, true, true
11687770, 377658, 8634, 316, 146, 140, true, true
11714788, 378687, 8634, 315, 145, 140, true, true
11722492, 378970, 8634, 314, 144, 140, true, true
11815380, 382429, 8635, 315, 145, 137, true, true
11862966, 384139, 8635, 314, 144, 138, true, true
11880487, 384759, 8645, 317, 145, 135, true, true
11892574, 385230, 8647, 319, 146, 134, true, true
11967343, 387973, 8648, 320, 147, 134, true, true
12021684, 389864, 8649, 320, 148, 134, true, true
12044395, 390702, 8649, 319, 147, 134, true, true
12132467, 393891, 8650, 320, 148, 139, true, true
12132893, 393907, 8653, 316, 146, 138, true, true
12133913, 393953, 8654, 316, 147, 134, true, true
12155620, 394763, 8655, 317, 148, 129, true, true
12190481, 396056, 8655, 316, 147, 130, true, true
12323349, 397750, 8656, 317, 148, 129, true, true
12948467, 398687, 8657, 318, 149, 127, true, true
12962315, 399210, 8658, 319, 150, 126, true, true
12972053, 399571, 8659, 320, 151, 124, true, true
13143438, 405970, 8660, 321, 152, 125, true, true
13199496, 408067, 8661, 322, 153, 124, true, true
13304916, 412039, 8661, 321, 152, 124, true, true
13306457, 412109, 8663, 323, 153, 123, true, true
13310352, 412245, 8664, 324, 154, 122, true, true
13404280, 415711, 8664, 279, 152, 124, true, true
13415427, 416177, 8664, 278, 151, 125, true, true
13467516, 418044, 8664, 277, 150, 126, true, true
13469158, 418100, 8664, 276, 149, 126, true, true
13525187, 420078, 8668, 280, 150, 124, true, true
13570914, 421743, 8668, 279, 150, 128, true, true
13581204, 422109, 8668, 278, 149, 128, true, true
13583213, 422185, 8670, 280, 150, 127, true, true
13612011, 423170, 8670, 279, 149, 128, true, true
13835978, 431363, 8671, 280, 150, 131, true, true
13846603, 431769, 8672, 280, 151, 129, true, true
13889148, 433347, 8673, 281, 152, 127, true, true
13986118, 437090, 8673, 280, 151, 130, true, true
13991037, 437271, 8674, 281, 152, 129, true, true
14008920, 437932, 8674, 274, 148, 129, true, true
14060911, 439847, 8675, 275, 149, 130, true, true
14067590, 440092, 8675, 274, 148, 130, true, true
14077106, 440454, 8675, 272, 147, 130, true, true
14108221, 441595, 8676, 273, 148, 128, true, true
14229819, 446091, 8677, 274, 149, 127, true, true
14343235, 450305, 8677, 271, 148, 130, true, true
14355673, 450772, 8678, 272, 149, 127, true, true
14356059, 450790, 8680, 274, 150, 124, true, true
14422089, 453137, 8680, 272, 150, 126, true, true
14509414, 456464, 8681, 273, 151, 127, true, true
14570875, 458772, 8681, 271, 150, 127, true, true
14586981, 459399, 8681, 270, 149, 128, true, true
14590703, 459542, 8682, 271, 150, 125, true, true
14618868, 460542, 8686, 267, 151, 120, true, true
14637587, 461249, 8688, 268, 151, 119, true, true
14651393, 461809, 8689, 269, 152, 119, true, true
14687409, 463197, 8689, 268, 151, 121, true, true
14699202, 463667, 8689, 267, 150, 121, true, true
14700986, 463731, 8689, 265, 149, 121, true, true
14709157, 464047, 8692, 266, 148, 119, true, true
14843427, 469058, 8694, 268, 149, 121, true, true
14928072, 472112, 8694, 267, 148, 121, true, true
14931957, 472271, 8694, 265, 147, 121, true, true
15108784, 479069, 8696, 267, 148, 121, true, true
15118168, 479387, 8696, 266, 147, 121, true, true
15130521, 479865, 8696, 264, 146, 121, true, true
15149849, 480642, 8697, 265, 147, 118, true, true
15162730, 481185, 8697, 264, 146, 118, true, true
15263567, 485129, 8698, 265, 147, 114, true, true
15275883, 485572, 8699, 266, 148, 112, true, true
15300207, 486548, 8699, 265, 147, 112, true, true
15339473, 488093, 8700, 266, 148, 111, true, true
15364000, 489049, 8700, 261, 147, 111, true, true
15396258, 490305, 8700, 260, 146, 112, true, true
15397409, 490336, 8700, 257, 145, 112, true, true
15436696, 491792, 8700, 255, 144, 112, true, true
15458623, 492648, 8702, 257, 145, 111, true, true
15576267, 497216, 8703, 258, 146, 109, true, true
15631319, 499451, 8705, 260, 147, 107, true, true
15632832, 499518, 8706, 261, 148, 106, true, true
15634112, 499570, 8706, 260, 147, 106, true, true
15683996, 501512, 8706, 259, 146, 107, true, true
15737683, 503590, 8707, 260, 147, 105, true, true
15773459, 504982, 8707, 259, 146, 105, true, true
15779086, 505219, 8707, 258, 145, 106, true, true
15802943, 506148, 8708, 259, 146, 105, true, true
15847840, 507879, 8708, 258, 145, 106, true, true
15859288, 508329, 8708, 257, 144, 106, true, true
15894798, 509651, 8708, 256, 143, 107, true, true
15941292, 511426, 8708, 255, 142, 109, true, true
15961812, 512213, 8709, 256, 143, 108, true, true
15995739, 513429, 8710, 257, 144, 107, true, true
16159219, 519654, 8715, 262, 145, 114, true, true
16187823, 520773, 8715, 261, 144, 115, true, true
16289720, 524633, 8718, 264, 145, 112, true, true
16361979, 527387, 8718, 263, 144, 113, true, true
16392862, 528545, 8718, 262, 144, 114, true, true
16434655, 530143, 8718, 261, 143, 115, true, true
16494609, 532581, 8718, 260, 142, 117, true, true
16502424, 532892, 8718, 256, 141, 117, true, true
16671425, 539224, 8719, 255, 142, 120, true, true
16687633, 539852, 8719, 254, 141, 120, true, true
16718821, 541048, 8720, 255, 142, 118, true, true
16843448, 545759, 8721, 256, 143, 117, true, true
16863152, 546485, 8722, 257, 144, 116, true, true
17002107, 552018, 8724, 259, 145, 118, true, true
17040822, 553504, 8724, 258, 144, 118, true, true
17075749, 554811, 8728, 260, 145, 117, true, true
17135771, 557141, 8728, 259, 144, 118, true, true
17168843, 558444, 8729, 260, 145, 113, true, true
17203161, 559785, 8729, 259, 144, 113, true, true
17249234, 561566, 8729, 258, 143, 114, true, true
17258726, 561908, 8730, 259, 144, 111, true, true
17281036, 562826, 8730, 258, 143, 111, true, true
17286731, 563050, 8730, 257, 142, 111, true, true
17288801, 563133, 8731, 258, 143, 110, true, true
17347004, 565386, 8731, 257, 142, 112, true, true
17354295, 565661, 8739, 265, 143, 111, true, true
17479595, 570647, 8739, 263, 142, 115, true, true
17566775, 574049, 8739, 262, 141, 119, true, true
17585320, 574792, 8740, 263, 142, 118, true, true
17612854, 575877, 8740, 262, 141, 119, true, true
17623430, 576272, 8742, 260, 141, 118, true, true
17626470, 576386, 8742, 259, 140, 118, true, true
17702619, 579455, 8743, 260, 141, 114, true, true
17723757, 580277, 8743, 259, 140, 116, true, true
17886615, 586552, 8743, 258, 139, 117, true, true
17896298, 586906, 8743, 255, 139, 118, true, true
17938608, 588605, 8744, 254, 140, 118, true, true
17962782, 589547, 8744, 253, 139, 118, true, true
18033726, 592282, 8744, 252, 138, 119, true, true
18139459, 596353, 8748, 256, 139, 119, true, true
18192103, 598418, 8749, 257, 140, 117, true, true
18341256, 604046, 8750, 253, 139, 119, true, true
18395822, 606176, 8751, 254, 140, 120, true, true
18450989, 608238, 8751, 253, 139, 122, true, true
18458231, 608484, 8753, 255, 140, 120, true, true
18527717, 611231, 8753, 254, 139, 121, true, true
18542258, 611783, 8753, 253, 138, 121, true, true
18624461, 614961, 8753, 252, 137, 121, true, true
18705691, 618134, 8754, 249, 137, 120, true, true
18747016, 619733, 8754, 248, 136, 121, true, true
18777901, 620977, 8754, 246, 135, 122, true, true
18794966, 621639, 8755, 247, 136, 120, true, true
18804382, 621984, 8755, 246, 135, 120, true, true
18842701, 623509, 8755, 245, 134, 120, true, true
19048298, 631479, 8756, 246, 135, 125, true, true
19217324, 638251, 8756, 245, 134, 129, true, true
19240942, 639221, 8756, 244, 133, 129, true, true
19244925, 639392, 8756, 243, 132, 129, true, true
19263143, 640136, 8756, 242, 131, 129, true, true
19278294, 640779, 8756, 241, 130, 129, true, true
19299112, 641579, 8756, 236, 127, 129, true, true
19323438, 642559, 8756, 235, 126, 129, true, true
19332423, 642929, 8756, 234, 125, 129, true, true
19371092, 644438, 8757, 235, 126, 127, true, true
19460681, 647983, 8759, 237, 127, 129, true, true
19515497, 650114, 8759, 235, 126, 129, true, true
19597352, 653385, 8768, 234, 126, 130, true, true
19761746, 660068, 8768, 233, 125, 130, true, true
19800931, 661650, 8768, 232, 124, 132, true, true
19897072, 665535, 8769, 233, 125, 133, true, true
19955382, 667917, 8770, 234, 126, 132, true, true
19963461, 668268, 8770, 233, 125, 132, true, true
20043567, 671518, 8775, 238, 126, 131, true, true
20054479, 671941, 8778, 241, 127, 129, true, true
20223075, 678885, 8779, 242, 128, 136, true, true
20395880, 685976, 8779, 241, 127, 136, true, true
20644419, 696227, 8780, 242, 128, 138, true, true
20648537, 696402, 8781, 243, 129, 136, true, true
20735742, 700012, 8781, 242, 128, 138, true, true
20752039, 700708, 8782, 243, 129, 136, true, true
20776826, 701765, 8782, 242, 128, 136, true, true
20828293, 703916, 8782, 239, 128, 138, true, true
20833581, 704130, 8782, 236, 128, 138, true, true
20850618, 704914, 8782, 234, 127, 139, true, true
20904990, 707185, 8782, 232, 127, 139, true, true
20906357, 707236, 8782, 231, 126, 140, true, true
20955921, 709331, 8783, 232, 127, 139, true, true
21028478, 712274, 8785, 234, 128, 138, true, true
21083228, 714325, 8786, 235, 129, 136, true, true
21273524, 722057, 8786, 234, 128, 141, true, true
21351948, 725154, 8786, 233, 127, 141, true, true
21452044, 729184, 8786, 231, 127, 144, true, true
21514221, 731781, 8786, 230, 126, 146, true, true
21593679, 735099, 8787, 231, 127, 146, true, true
21619209, 736183, 8787, 230, 126, 146, true, true
21720953, 740608, 8787, 229, 125, 147, true, true
21731355, 741051, 8787, 228, 124, 147, true, true
21763413, 742391, 8788, 226, 125, 146, true, true
21944429, 750093, 8788, 225, 124, 148, true, true
22040110, 754144, 8789, 226, 125, 141, true, true
22212374, 761575, 8790, 227, 126, 140, true, true
22234694, 762531, 8790, 226, 125, 140, true, true
22278067, 764282, 8791, 227, 126, 139, true, true
22292974, 764964, 8791, 226, 125, 139, true, true
22312759, 765818, 8791, 225, 125, 139, true, true
22331510, 766609, 8809, 243, 126, 137, true, true
22458555, 771955, 8810, 244, 127, 140, true, true
22555432, 776050, 8812, 246, 128, 140, true, true
22701341, 782130, 8813, 247, 129, 137, true, true
22782172, 785483, 8821, 252, 130, 136, true, true
22793164, 785916, 8822, 253, 131, 135, true, true
22802324, 786337, 8822, 251, 130, 135, true, true
22802435, 786342, 8823, 252, 131, 131, true, true
22811040, 786701, 8823, 251, 130, 131, true, true
22928969, 791574, 8824, 252, 131, 132, true, true
22929351, 791592, 8824, 251, 130, 132, true, true
23046823, 796559, 8824, 250, 129, 132, true, true
23230676, 804402, 8824, 249, 128, 139, true, true
23234157, 804566, 8824, 248, 127, 139, true, true
23327613, 808476, 8825, 249, 128, 139, true, true
23361657, 809960, 8825, 245, 127, 139, true, true
23698747, 824535, 8826, 239, 128, 143, true, true
23701825, 824640, 8834, 246, 128, 142, true, true
23876167, 832218, 8835, 247, 129, 143, true, true
23911710, 833685, 8837, 247, 130, 139, true, true
24083415, 841238, 8837, 246, 129, 145, true, true
24109155, 842377, 8837, 243, 128, 145, true, true
24124999, 843107, 8837, 242, 127, 145, true, true
24152420, 844369, 8837, 241, 126, 145, true, true
24170925, 845191, 8838, 242, 127, 143, true, true
24242459, 848281, 8840, 243, 128, 143, true, true
24409725, 855461, 8841, 244, 129, 141, true, true
24427374, 856216, 8841, 243, 128, 143, true, true
24493027, 858933, 8841, 230, 127, 144, true, true
24504134, 859450, 8841, 229, 126, 144, true, true
24535422, 860813, 8841, 228, 126, 145, true, true
24547100, 861306, 8842, 228, 126, 143, true, true
24660361, 866198, 8846, 232, 127, 143, true, true
24667443, 866523, 8846, 231, 126, 144, true, true
24727734, 869128, 8847, 232, 127, 139, true, true
24757409, 870384, 8847, 231, 126, 140, true, true
24791525, 871795, 8848, 232, 127, 136, true, true
24868175, 874891, 8848, 231, 126, 137, true, true
25001068, 880442, 8848, 230, 125, 138, true, true
25024974, 881514, 8849, 231, 126, 137, true, true
25139138, 886185, 8850, 232, 127, 137, true, true
25318917, 893662, 8858, 240, 128, 138, true, true
25368838, 895749, 8861, 243, 129, 136, true, true
25476672, 900121, 8861, 242, 128, 139, true, true
25556910, 903289, 8863, 244, 129, 135, true, true
25588219, 904571, 8863, 243, 128, 137, true, true
25603447, 905212, 8878, 258, 129, 136, true, true
25914034, 918404, 8884, 251, 129, 142, true, true
25977724, 921172, 8884, 249, 127, 143, true, true
26063897, 924678, 8886, 251, 128, 143, true, true
26067956, 924864, 8886, 249, 127, 143, true, true
26217474, 931104, 8888, 251, 128, 142, true, true
26303654, 934820, 8889, 252, 129, 143, true, true
26346530, 936737, 8890, 252, 130, 141, true, true
26588837, 947107, 8890, 251, 129, 147, true, true
26589923, 947162, 8890, 250, 129, 147, true, true
27320227, 978691, 8891, 251, 130, 156, true, true
27593873, 991247, 8892, 252, 131, 157, true, true
27612012, 992076, 8892, 250, 130, 157, true, true
27619779, 992399, 8892, 249, 129, 157, true, true
27785561, 999768, 8892, 248, 129, 162, true, true
28193581, 1018009, 8899, 255, 130, 163, true, true
28211005, 1018838, 8899, 254, 129, 163, true, true
28230478, 1019719, 8899, 247, 128, 163, true, true
28291880, 1022586, 8907, 240, 128, 156, true, true
28339703, 1024840, 8907, 238, 127, 156, true, true
28370156, 1026275, 8907, 237, 126, 156, true, true
28412499, 1028186, 8907, 236, 125, 156, true, true
28448732, 1029861, 8910, 239, 126, 155, true, true
28480615, 1031328, 8910, 238, 125, 156, true, true
28483588, 1031427, 8911, 239, 126, 155, true, true
28497939, 1032103, 8911, 238, 125, 156, true, true
28568791, 1035289, 8911, 237, 124, 157, true, true
28569313, 1035310, 8911, 217, 122, 157, true, true
28919794, 1050974, 8911, 216, 121, 158, true, true
29003499, 1054729, 8911, 215, 121, 159, true, true
29048993, 1056951, 8911, 214, 121, 159, true, true
29063881, 1057594, 8911, 211, 121, 159, true, true
29084078, 1058504, 8912, 212, 122, 155, true, true
29136928, 1060761, 8913, 213, 123, 153, true, true
29164028, 1061971, 8914, 214, 124, 153, true, true
29265669, 1066019, 8914, 213, 123, 153, true, true
29268918, 1066185, 8916, 215, 124, 152, true, true
29330128, 1069032, 8920, 219, 125, 151, true, true
29367156, 1070638, 8921, 220, 126, 150, true, true
29489654, 1075987, 8921, 218, 125, 151, true, true
29546323, 1078379, 8921, 217, 124, 152, true, true
29687500, 1084263, 8921, 216, 124, 152, true, true
30045518, 1098830, 8922, 216, 124, 155, true, true
30056800, 1099336, 8923, 217, 125, 154, true, true
30082029, 1100398, 8924, 217, 125, 153, true, true
30189886, 1104964, 8924, 216, 124, 154, true, true
30291936, 1109377, 8926, 218, 125, 153, true, true
30550652, 1120369, 8927, 219, 126, 154, true, true
30695372, 1126632, 8928, 220, 127, 154, true, true
30766330, 1129634, 8929, 221, 128, 151, true, true
30774732, 1129989, 8929, 220, 127, 151, true, true
30783159, 1130298, 8929, 219, 127, 151, true, true
30847857, 1132998, 8933, 223, 128, 151, true, true
30951146, 1137558, 8933, 222, 127, 152, true, true
30979630, 1138862, 8934, 223, 128, 151, true, true
31064750, 1142368, 8935, 224, 129, 147, true, true
31087281, 1143235, 8936, 225, 130, 146, true, true
31089891, 1143356, 8936, 224, 129, 146, true, true
31155338, 1146185, 8937, 225, 130, 145, true, true
31469442, 1159866, 8938, 226, 131, 145, true, true
31753396, 1172555, 8938, 225, 130, 149, true, true
31760755, 1172861, 8939, 226, 131, 148, true, true
31779422, 1173664, 8939, 225, 130, 148, true, true
31797279, 1174360, 8941, 227, 131, 147, true, true
31913757, 1179446, 8941, 225, 130, 151, true, true
32205088, 1192262, 8942, 226, 131, 153, true, true
32332299, 1197874, 8943, 227, 132, 151, true, true
32442342, 1202789, 8943, 226, 131, 151, true, true
32486974, 1204790, 8944, 227, 132, 151, true, true
32613757, 1210420, 8945, 228, 133, 149, true, true
32640492, 1211503, 8945, 227, 132, 149, true, true
32646954, 1211804, 8947, 229, 133, 146, true, true
32749507, 1216166, 8948, 229, 134, 145, true, true
33047848, 1228971, 8948, 228, 133, 147, true, true
33084603, 1230521, 8949, 229, 134, 146, true, true
33259547, 1238043, 8950, 230, 135, 147, true, true
33345315, 1241817, 8950, 229, 134, 149, true, true
33493869, 1248067, 8950, 228, 133, 150, true, true
33501989, 1248411, 8950, 227, 132, 150, true, true
33541443, 1250205, 8952, 229, 133, 148, true, true
33609562, 1253160, 8954, 231, 134, 147, true, true
33624821, 1253845, 8954, 230, 133, 147, true, true
33809953, 1261622, 8956, 231, 133, 147, true, true
33875248, 1264343, 8957, 232, 134, 144, true, true
34013089, 1270243, 8958, 233, 135, 144, true, true
34071407, 1272736, 8959, 234, 136, 136, true, true
34110715, 1274395, 8959, 233, 136, 136, true, true
34475842, 1290247, 8967, 241, 137, 137, true, true
34517883, 1292053, 8968, 242, 138, 135, true, true
34598597, 1295601, 8970, 244, 139, 133, true, true
34704834, 1300348, 8975, 249, 140, 133, true, true
34782499, 1303596, 8977, 251, 141, 132, true, true
34840785, 1306149, 8977, 250, 140, 133, true, true
35198182, 1321532, 8978, 251, 141, 135, true, true
35205249, 1321862, 8978, 248, 140, 135, true, true
35344414, 1327811, 8978, 247, 139, 136, true, true
35352860, 1328173, 8978, 246, 138, 136, true, true
35476085, 1333543, 8978, 245, 137, 137, true, true
35512273, 1335118, 8978, 242, 136, 137, true, true
35726805, 1344455, 8983, 244, 137, 135, true, true
35733280, 1344756, 8985, 246, 138, 134, true, true
35736631, 1344904, 8986, 247, 139, 124, true, true
35771432, 1346359, 8986, 246, 138, 125, true, true
35774928, 1346510, 8987, 247, 139, 124, true, true
35821132, 1348516, 8988, 248, 140, 121, true, true
35889506, 1351493, 8990, 250, 141, 120, true, true
35916758, 1352702, 8991, 251, 142, 119, true, true
35937396, 1353561, 8991, 250, 141, 119, true, true
36573023, 1380376, 8992, 251, 142, 120, true, true
36602521, 1381734, 8993, 252, 143, 116, true, true
36622058, 1382565, 8995, 254, 144, 113, true, true
36709377, 1386247, 8997, 254, 145, 112, true, true
36837635, 1391700, 8997, 253, 144, 113, true, true
36900474, 1394313, 8997, 251, 144, 113, true, true
36945138, 1396151, 8997, 250, 143, 113, true, true
36946076, 1396197, 8999, 250, 144, 111, true, true
37134329, 1403824, 8999, 249, 143, 111, true, true
37137553, 1403964, 8999, 248, 142, 111, true, true
37407091, 1415143, 9001, 248, 142, 112, true, true
37712149, 1428071, 9001, 247, 141, 113, true, true
37780298, 1430965, 9002, 247, 141, 113, true, true
37881079, 1435057, 9002, 246, 140, 114, true, true
37913175, 1436415, 9002, 244, 139, 114, true, true
38248742, 1450489, 9002, 243, 138, 116, true, true
38294469, 1452406, 9003, 244, 139, 116, true, true
38440939, 1458473, 9003, 242, 138, 117, true, true
38519191, 1461869, 9003, 240, 137, 117, true, true
38571583, 1464139, 9004, 241, 138, 113, true, true
38656365, 1467829, 9005, 242, 139, 112, true, true
39219514, 1491654, 9006, 243, 140, 116, true, true
39306445, 1495343, 9006, 242, 139, 116, true, true
39552972, 1505730, 9007, 243, 140, 114, true, true
39695475, 1511676, 9007, 242, 139, 114, true, true
40266100, 1536602, 9007, 241, 138, 117, true, true
40297942, 1537953, 9016, 250, 139, 116, true, true
40347684, 1540117, 9016, 249, 138, 116, true, true
40363430, 1540799, 9017, 250, 139, 115, true, true
40431635, 1543662, 9018, 251, 140, 113, true, true
40443116, 1544102, 9019, 252, 141, 111, true, true
40714776, 1555621, 9019, 251, 140, 112, true, true
40795040, 1559052, 9019, 249, 139, 112, true, true
40949107, 1565447, 9019, 248, 138, 113, true, true
40997858, 1567556, 9019, 247, 137, 114, true, true
41325517, 1581723, 9022, 250, 138, 113, true, true
41379544, 1584052, 9022, 249, 137, 113, true, true
41526426, 1590411, 9022, 248, 136, 114, true, true
41616493, 1594270, 9022, 247, 135, 114, true, true
41652391, 1595754, 9022, 244, 134, 114, true, true
41675275, 1596766, 9022, 241, 133, 114, true, true
41722441, 1598715, 9022, 240, 132, 114, true, true
41826430, 1603171, 9022, 239, 131, 114, true, true
41841708, 1603810, 9023, 240, 132, 113, true, true
41849825, 1604181, 9024, 241, 133, 112, true, true
41889041, 1605891, 9024, 239, 133, 113, true, true
42021764, 1611276, 9024, 237, 132, 113, true, true
42257128, 1620943, 9024, 235, 131, 114, true, true
42540783, 1632622, 9029, 239, 132, 111, true, true
42736573, 1640540, 9029, 238, 131, 112, true, true
42783491, 1642456, 9030, 239, 132, 111, true, true
42803109, 1643272, 9030, 238, 131, 111, true, true
43125561, 1656459, 9035, 243, 132, 112, true, true
43404748, 1667827, 9038, 242, 133, 108, true, true
43485454, 1671115, 9039, 243, 134, 108, true, true
43561332, 1674095, 9040, 244, 135, 104, true, true
43585383, 1675103, 9040, 242, 135, 104, true, true
43751910, 1681823, 9041, 243, 136, 103, true, true
44088035, 1695533, 9042, 244, 137, 101, true, true
44469225, 1711203, 9042, 243, 136, 103, true, true
44617460, 1717484, 9042, 242, 135, 105, true, true
44687859, 1720515, 9042, 241, 134, 105, true, true
44851082, 1727559, 9043, 242, 135, 103, true, true
45053077, 1736276, 9044, 242, 135, 103, true, true
45121895, 1739042, 9044, 241, 134, 104, true, true
45299735, 1746665, 9046, 239, 134, 103, true, true
45542532, 1757020, 9046, 238, 133, 104, true, true
45864545, 1770829, 9047, 239, 134, 103, true, true
45897689, 1772264, 9047, 237, 133, 103, true, true
45900105, 1772383, 9048, 238, 134, 100, true, true
46255654, 1787803, 9048, 236, 133, 100, true, true
46450357, 1796071, 9048, 235, 133, 100, true, true
46533725, 1799618, 9048, 234, 132, 101, true, true
46698361, 1806602, 9049, 235, 133, 101, true, true
46702087, 1806767, 9053, 239, 134, 100, true, true
46850941, 1813112, 9056, 237, 134, 99, true, true
46896797, 1814923, 9057, 238, 135, 92, true, true
46927825, 1816158, 9057, 235, 134, 92, true, true
47112642, 1823755, 9059, 237, 135, 92, true, true
47136750, 1824712, 9059, 236, 134, 92, true, true
47201406, 1827371, 9059, 235, 133, 92, true, true
47246794, 1829256, 9060, 236, 134, 92, true, true
47341136, 1833107, 9060, 234, 133, 92, true, true
47537399, 1841054, 9061, 235, 134, 91, true, true
47621555, 1844583, 9067, 236, 135, 88, true, true
47976575, 1859446, 9068, 237, 136, 87, true, true
48095329, 1864401, 9069, 238, 137, 86, true, true
48113597, 1865216, 9070, 239, 138, 83, true, true
48327585, 1873981, 9073, 242, 139, 81, true, true
48370405, 1875778, 9073, 241, 138, 81, true, true
48389413, 1876631, 9074, 242, 139, 75, true, true
48412065, 1877548, 9075, 243, 140, 74, true, true
48568641, 1884080, 9075, 242, 139, 74, true, true
48621182, 1886195, 9075, 241, 138, 74, true, true
48925315, 1898712, 9076, 242, 139, 74, true, true
49243795, 1911762, 9077, 243, 140, 74, true, true
49256728, 1912284, 9077, 242, 139, 74, true, true
49433818, 1919414, 9077, 236, 139, 75, true, true
49467622, 1920702, 9077, 235, 138, 75, true, true
49613774, 1926623, 9078, 236, 139, 75, true, true
50987676, 1981534, 9078, 234, 138, 81, true, true
51013632, 1982558, 9078, 231, 137, 81, true, true
51232739, 1991166, 9078, 229, 136, 82, true, true
51275879, 1992976, 9079, 230, 137, 81, true, true
51330405, 1995087, 9079, 227, 135, 81, true, true
51949073, 2019877, 9079, 226, 134, 84, true, true
51985190, 2021340, 9080, 227, 135, 80, true, true
53043789, 2062868, 9084, 223, 136, 78, true, true
53132823, 2066510, 9084, 222, 135, 79, true, true
53391603, 2077048, 9084, 221, 134, 81, true, true
53993265, 2101878, 9084, 220, 133, 84, true, true
54161608, 2108806, 9085, 221, 134, 84, true, true
54503718, 2122759, 9086, 220, 135, 83, true, true
54726790, 2132415, 9086, 218, 134, 85, true, true
54739853, 2132984, 9086, 215, 134, 85, true, true
54989833, 2143600, 9093, 222, 135, 83, true, true
55202830, 2152803, 9093, 220, 134, 83, true, true
55680615, 2173296, 9093, 219, 133, 83, true, true
55818393, 2179194, 9093, 218, 132, 83, true, true
55845503, 2180401, 9093, 216, 132, 83, true, true
56031840, 2188432, 9093, 215, 131, 83, true, true
56500703, 2208158, 9093, 213, 131, 85, true, true
56682943, 2216049, 9093, 212, 130, 85, true, true
56731111, 2218152, 9093, 210, 129, 85, true, true
56836535, 2222553, 9093, 209, 128, 85, true, true
56965338, 2228143, 9093, 207, 127, 85, true, true
57003932, 2229796, 9094, 208, 128, 81, true, true
57329486, 2243611, 9094, 207, 127, 81, true, true
57459426, 2249178, 9094, 205, 127, 81, true, true
57538407, 2252731, 9095, 206, 128, 81, true, true
57847527, 2265779, 9096, 207, 129, 80, true, true
58056978, 2274834, 9097, 208, 130, 78, true, true
58474528, 2292655, 9099, 205, 131, 80, true, true
58543608, 2295573, 9101, 207, 132, 79, true, true
58815453, 2307382, 9101, 206, 131, 81, true, true
58891086, 2310798, 9101, 199, 130, 81, true, true
59106454, 2320150, 9101, 198, 129, 83, true, true
59320591, 2329225, 9112, 204, 130, 83, true, true
59390174, 2332110, 9112, 203, 129, 83, true, true
60120098, 2363803, 9113, 204, 130, 82, true, true
60398015, 2375868, 9113, 202, 129, 84, true, true
60597551, 2384402, 9113, 201, 128, 85, true, true
60703487, 2388971, 9113, 200, 127, 85, true, true
60959145, 2399925, 9113, 199, 126, 89, true, true
61086290, 2405399, 9113, 198, 125, 89, true, true
61121675, 2406952, 9114, 199, 126, 87, true, true
61534488, 2424695, 9114, 198, 125, 87, true, true
61630362, 2428760, 9114, 197, 124, 88, true, true
61863209, 2438780, 9114, 196, 123, 88, true, true
62475947, 2464973, 9114, 195, 122, 89, true, true
62633049, 2471748, 9114, 194, 121, 89, true, true
62663554, 2473118, 9114, 193, 120, 89, true, true
62859026, 2481726, 9114, 192, 119, 92, true, true
63183913, 2495659, 9114, 191, 118, 92, true, true
63608358, 2514173, 9115, 192, 119, 92, true, true
63641445, 2515597, 9116, 193, 120, 91, true, true
64842960, 2569552, 9117, 194, 121, 92, true, true
65083040, 2580215, 9118, 195, 122, 89, true, true
65276164, 2588759, 9118, 194, 122, 89, true, true
65443253, 2596163, 9119, 195, 123, 88, true, true
65752236, 2609715, 9119, 193, 122, 89, true, true
65879800, 2615432, 9120, 193, 122, 87, true, true
66206978, 2629544, 9120, 192, 121, 88, true, true
66557928, 2644971, 9120, 191, 120, 89, true, true
66781231, 2654932, 9121, 192, 121, 83, true, true
66792935, 2655455, 9121, 188, 120, 83, true, true
66931894, 2661471, 9122, 188, 120, 83, true, true
67048551, 2666589, 9122, 187, 119, 83, true, true
67127013, 2670008, 9122, 186, 118, 83, true, true
67581777, 2689850, 9122, 185, 118, 86, true, true
67785011, 2698824, 9122, 184, 117, 86, true, true
68026413, 2709946, 9123, 181, 116, 80, true, true
69069936, 2756360, 9124, 182, 117, 83, true, true
69584811, 2779772, 9125, 182, 118, 84, true, true
70229873, 2809335, 9127, 184, 119, 85, true, true
70497675, 2821758, 9127, 183, 118, 86, true, true
70622921, 2827799, 9127, 182, 117, 86, true, true
70664253, 2829704, 9129, 183, 117, 85, true, true
70793871, 2835626, 9129, 181, 115, 86, true, true
71701894, 2878297, 9130, 182, 116, 86, true, true
71977721, 2891447, 9132, 184, 117, 84, true, true
72214762, 2902368, 9132, 183, 116, 84, true, true
73358335, 2956759, 9134, 184, 116, 86, true, true
73566829, 2966900, 9134, 183, 115, 88, true, true
73661049, 2971447, 9135, 184, 116, 85, true, true
73782943, 2977113, 9140, 189, 117, 84, true, true
73895359, 2982191, 9140, 188, 116, 84, true, true
74587832, 3015361, 9140, 187, 115, 85, true, true
75306504, 3048855, 9140, 182, 114, 88, true, true
75383106, 3052356, 9140, 181, 113, 88, true, true
75457258, 3056002, 9140, 180, 112, 88, true, true
75761400, 3070021, 9140, 179, 111, 88, true, true
76076471, 3084904, 9140, 178, 110, 88, true, true
76604106, 3110243, 9140, 174, 109, 88, true, true
76856483, 3122232, 9140, 173, 108, 88, true, true
77060469, 3132201, 9141, 174, 109, 88, true, true
77314189, 3144472, 9141, 173, 108, 88, true, true
77980242, 3176124, 9141, 172, 108, 90, true, true
79238310, 3238049, 9141, 171, 107, 93, true, true
79543262, 3253658, 9141, 170, 106, 94, true, true
80152358, 3283785, 9141, 169, 105, 94, true, true
80488044, 3300690, 9142, 170, 106, 92, true, true
80576375, 3305174, 9143, 168, 105, 88, true, true
80695359, 3311131, 9144, 169, 106, 88, true, true
81240353, 3339072, 9147, 172, 107, 88, true, true
81341589, 3344147, 9149, 174, 108, 85, true, true
81626294, 3358953, 9150, 175, 109, 85, true, true
81824598, 3368969, 9150, 174, 108, 85, true, true
81842842, 3369934, 9151, 175, 109, 83, true, true
82314761, 3393596, 9152, 176, 110, 81, true, true
82380549, 3396889, 9155, 179, 111, 80, true, true
83266408, 3441403, 9156, 180, 112, 81, true, true
83314075, 3443867, 9156, 179, 111, 82, true, true
83354714, 3445919, 9156, 175, 110, 82, true, true
83363871, 3446394, 9156, 174, 110, 82, true, true
83380319, 3447232, 9156, 169, 109, 82, true, true
83726410, 3464436, 9157, 170, 110, 81, true, true
83735319, 3464875, 9157, 169, 109, 81, true, true
83992670, 3477574, 9158, 170, 110, 79, true, true
84060369, 3480716, 9159, 171, 111, 75, true, true
84818754, 3518061, 9159, 169, 110, 79, true, true
84917827, 3522922, 9159, 168, 109, 80, true, true
85210979, 3537221, 9159, 167, 108, 80, true, true
85525058, 3552820, 9159, 166, 107, 83, true, true
86447735, 3598876, 9160, 167, 108, 81, true, true
86524954, 3602621, 9160, 166, 107, 81, true, true
87282696, 3640989, 9161, 167, 108, 82, true, true
88128883, 3684906, 9161, 166, 107, 84, true, true
88563864, 3707618, 9161, 165, 106, 85, true, true
88815463, 3720895, 9161, 163, 105, 85, true, true
89043390, 3733166, 9163, 165, 106, 84, true, true
89294158, 3746465, 9163, 164, 105, 84, true, true
89774799, 3771641, 9163, 163, 104, 86, true, true
90460867, 3809133, 9165, 165, 105, 86, true, true
90995655, 3838113, 9166, 166, 106, 86, true, true
91130302, 3845533, 9166, 165, 105, 86, true, true
91316026, 3855345, 9168, 165, 105, 85, true, true
91649571, 3873560, 9168, 164, 104, 87, true, true
91736165, 3878316, 9168, 162, 103, 87, true, true
91835595, 3883482, 9168, 160, 103, 87, true, true
92227666, 3904215, 9168, 159, 102, 87, true, true
92461459, 3916557, 9168, 157, 101, 87, true, true
92473966, 3917242, 9170, 159, 102, 85, true, true
92753839, 3932005, 9171, 159, 103, 85, true, true
92811465, 3935055, 9172, 160, 104, 83, true, true
93392927, 3965186, 9172, 159, 103, 84, true, true
93442528, 3967661, 9172, 158, 102, 84, true, true
93546677, 3973253, 9172, 156, 102, 85, true, true
93683644, 3980313, 9173, 157, 103, 83, true, true
93969316, 3995348, 9174, 158, 104, 85, true, true
94157767, 4005210, 9175, 159, 105, 84, true, true
94198560, 4007307, 9176, 160, 106, 82, true, true
95860809, 4093597, 9178, 162, 107, 85, true, true
96429806, 4123189, 9178, 160, 106, 87, true, true
96520678, 4127836, 9178, 158, 105, 87, true, true
96628879, 4133494, 9179, 159, 106, 86, true, true
96776204, 4141157, 9183, 163, 107, 85, true, true
97040491, 4154890, 9184, 164, 108, 84, true, true
97084377, 4157075, 9185, 165, 109, 83, true, true
97723385, 4189742, 9185, 164, 108, 84, false, true
98302036, 4219308, 9185, 163, 107, 84, false, true
99002488, 4255899, 9185, 160, 105, 84, false, true
99368866, 4274786, 9186, 161, 106, 83, false, true
101410431, 4381225, 9186, 160, 105, 83, false, true
101420258, 4381741, 9186, 159, 104, 83, false, true
101548147, 4388390, 9187, 160, 105, 82, false, true
101904171, 4406976, 9187, 159, 104, 82, false, true
102411452, 4433770, 9187, 158, 103, 82, false, true
102862585, 4457392, 9188, 159, 104, 81, false, true
103419919, 4487168, 9188, 158, 103, 81, false, true
104113368, 4523663, 9188, 157, 102, 81, false, true
104230642, 4530119, 9190, 159, 103, 79, false, true
104798219, 4561152, 9190, 158, 102, 79, false, true
104934432, 4568507, 9192, 160, 103, 78, false, true
105029461, 4573780, 9192, 159, 102, 78, false, true
105601604, 4604211, 9193, 160, 103, 77, false, true
105800539, 4614705, 9193, 159, 102, 77, false, true
106062116, 4628448, 9194, 160, 103, 76, false, true
106539085, 4653747, 9196, 162, 104, 75, false, true
106958262, 4676377, 9197, 163, 105, 74, false, true
107444607, 4702316, 9200, 165, 105, 73, false, true
108028503, 4733209, 9203, 168, 106, 71, false, true
108325935, 4748833, 9204, 169, 107, 69, false, true
108682216, 4767481, 9205, 170, 108, 68, false, true
109051350, 4786962, 9206, 171, 109, 67, false, true
109121041, 4790667, 9206, 170, 108, 67, false, true
109150636, 4792211, 9206, 159, 107, 67, false, true
109243610, 4797028, 9206, 158, 106, 67, false, true
112249783, 4955791, 9207, 159, 107, 66, false, true
113147147, 5005357, 9208, 160, 108, 63, false, true
114334909, 5069886, 9209, 161, 109, 62, false, true
115255933, 5121110, 9209, 160, 108, 62, false, true
115663655, 5143748, 9209, 158, 107, 62, false, true
117710001, 5258037, 9209, 157, 106, 62, false, true
117854485, 5266124, 9210, 158, 107, 60, false, true
118985720, 5329567, 9210, 157, 106, 60, false, true
119103394, 5336470, 9210, 156, 105, 60, false, true
119457038, 5356912, 9210, 155, 104, 60, false, true
119539478, 5361445, 9211, 156, 105, 59, false, true
120223334, 5400082, 9211, 155, 104, 59, false, true
120778199, 5431579, 9211, 154, 103, 59, false, true
121225023, 5457141, 9212, 155, 104, 58, false, true
121234804, 5457743, 9212, 154, 103, 58, false, true
121443853, 5469223, 9212, 153, 102, 58, false, true
121778459, 5487464, 9212, 152, 101, 58, false, true
122191636, 5510434, 9212, 150, 100, 58, false, true
122359567, 5519585, 9212, 149, 99, 58, false, true
123046651, 5556947, 9212, 148, 98, 58, false, true
123211727, 5566088, 9213, 149, 99, 56, false, true
123797158, 5598317, 9214, 150, 100, 52, false, true
124061843, 5612800, 9214, 149, 99, 52, false, true
124231315, 5622240, 9215, 150, 100, 51, false, true
124903939, 5658042, 9216, 151, 101, 49, false, true
125034125, 5665274, 9217, 152, 102, 47, false, true
125476052, 5689297, 9218, 153, 103, 46, false, true
126224313, 5730089, 9220, 155, 104, 44, false, true
127940685, 5823631, 9221, 156, 105, 42, false, true
129101597, 5887153, 9223, 158, 106, 39, false, true
129187711, 5891753, 9224, 159, 107, 37, false, true
129595046, 5914239, 9226, 161, 108, 35, false, true
129935402, 5932534, 9227, 162, 109, 33, false, true
129998091, 5935843, 9227, 161, 108, 33, false, true
132310548, 6062029, 9228, 162, 109, 32, false, true
132502136, 6072670, 9229, 163, 110, 31, false, true
132697382, 6083022, 9230, 164, 111, 30, false, true
135288659, 6226606, 9230, 162, 110, 30, false, true
135919052, 6261151, 9234, 166, 111, 29, false, true
136492966, 6293258, 9235, 167, 112, 27, false, true
136936135, 6317645, 9235, 166, 111, 27, false, true
136999956, 6321432, 9235, 165, 110, 27, false, true
137031318, 6323167, 9242, 168, 109, 26, false, true
137950409, 6373224, 9245, 171, 110, 25, false, true
138221782, 6388475, 9245, 170, 109, 25, false, true
139640476, 6465268, 9246, 171, 110, 22, false, true
139721314, 6469684, 9246, 170, 110, 22, false, true
139924320, 6480416, 9247, 171, 111, 21, false, true
142285205, 6605743, 9247, 170, 110, 21, false, true
142472209, 6615787, 9249, 171, 111, 20, false, true
142627476, 6624260, 9249, 170, 110, 20, false, true
142958934, 6641987, 9249, 167, 109, 20, false, true
144098617, 6703513, 9250, 168, 110, 19, false, true
144545602, 6727211, 9250, 167, 109, 19, false, true
145356903, 6771407, 9250, 165, 108, 19, false, true
145872420, 6799172, 9250, 164, 107, 19, false, true
146579592, 6838098, 9251, 165, 108, 17, false, true
146911331, 6856387, 9251, 164, 107, 17, false, true
147001611, 6861079, 9252, 165, 108, 16, false, true
147428123, 6883809, 9252, 164, 107, 16, false, true
147483483, 6886747, 9253, 164, 108, 15, false, true
148584238, 6947642, 9253, 163, 107, 15, false, true
149446059, 6995242, 9253, 162, 107, 15, false, true
149460346, 6995950, 9253, 161, 106, 15, false, true
149774494, 7012918, 9253, 160, 105, 15, false, true
149902180, 7019988, 9253, 158, 104, 15, false, true
150044013, 7027835, 9254, 159, 105, 13, false, true
150242063, 7038711, 9255, 160, 106, 12, false, true
150918603, 7075467, 9255, 158, 105, 12, false, true
150957731, 7077722, 9255, 157, 104, 12, false, true
151005481, 7080437, 9256, 158, 105, 10, false, true
152378412, 7154925, 9257, 159, 106, 9, false, true
152959504, 7186376, 9259, 161, 107, 8, false, true
154254368, 7256326, 9259, 160, 106, 8, false, true
154273004, 7257366, 9259, 159, 105, 8, false, true
154684940, 7279386, 9259, 158, 104, 8, false, true
154762581, 7283285, 9259, 157, 103, 8, false, true
157126495, 7409635, 9263, 161, 104, 7, false, true
158933399, 7506624, 9263, 160, 103, 7, false, true
159105000, 7515930, 9264, 161, 104, 6, false, true
159921952, 7559845, 9264, 159, 103, 6, false, true
160395523, 7585273, 9265, 160, 104, 5, false, true
161663653, 7653514, 9267, 158, 104, 4, false, true
162621664, 7705775, 9267, 157, 103, 4, false, true
162808072, 7715691, 9267, 156, 102, 4, false, true
163181434, 7735335, 9267, 155, 101, 4, false, true
163331808, 7743395, 9267, 154, 100, 4, false, true
165360355, 7853407, 9269, 156, 101, 3, false, true
166348072, 7908633, 9270, 157, 102, 2, false, true
166496290, 7916567, 9270, 155, 101, 2, false, true
167012991, 7944778, 9271, 156, 102, 0, false, true
167438949, 7968310, 9271, 154, 101, 0, false, true
167632969, 7979133, 9271, 153, 100, 0, false, true
167789673, 7987745, 9271, 152, 99, 0, false, true
168377270, 8020813, 9271, 151, 98, 0, false, true
168734039, 8040477, 9271, 150, 98, 0, false, true
169991509, 8118630, 9271, 149, 98, 0, false, true
170661352, 8162506, 9271, 148, 97, 0, false, true
171347321, 8209721, 9271, 147, 96, 0, false, true
171763715, 8238316, 9271, 146, 95, 0, false, true
172440390, 8284719, 9271, 145, 94, 0, false, true
172485071, 8287792, 9271, 144, 93, 0, false, true
172818678, 8311693, 9271, 143, 92, 0, false, true
173167635, 8335930, 9271, 140, 91, 0, false, true
