time, #execs, #covered, #singletons, #sglt_clusts, #foundnew, done, update?
12923, 1, 1433, 1433, 1, 1, true, true
13035, 2, 2083, 1219, 2, 2, true, true
13068, 3, 2238, 1045, 3, 3, true, true
13075, 4, 2366, 947, 4, 4, true, true
13076, 5, 2407, 745, 5, 5, true, true
13077, 6, 2415, 742, 6, 6, true, true
13078, 7, 2481, 707, 7, 7, true, true
13079, 8, 2492, 688, 8, 8, true, true
13080, 9, 2542, 550, 9, 9, true, true
13081, 10, 2566, 566, 10, 10, true, true
13083, 11, 2612, 587, 11, 11, true, true
13084, 12, 2642, 590, 12, 12, true, true
13085, 13, 2646, 586, 13, 13, true, true
13086, 14, 2825, 706, 14, 14, true, true
180116, 15, 3384, 1060, 15, 15, true, true
180119, 16, 3412, 1017, 16, 16, true, true
180238, 17, 3558, 1087, 17, 16, true, true
180240, 18, 3563, 1087, 18, 17, true, true
180242, 19, 3583, 1086, 19, 18, true, true
180244, 20, 3588, 1081, 20, 19, true, true
180246, 21, 3590, 1074, 21, 20, true, true
180248, 22, 3612, 1027, 22, 21, true, true
180252, 23, 3643, 1032, 23, 21, true, true
180253, 24, 3646, 1035, 24, 21, true, true
181275, 25, 3670, 1027, 25, 21, true, true
181277, 26, 3678, 1021, 25, 21, true, true
181278, 27, 3687, 1026, 26, 22, true, true
181279, 28, 3714, 1042, 26, 23, true, true
181280, 29, 3721, 1043, 27, 24, true, true
181282, 30, 3729, 1046, 28, 24, true, true
181284, 31, 3731, 1031, 29, 25, true, true
181285, 32, 3732, 1029, 30, 25, true, true
181336, 34, 3737, 1027, 31, 28, true, true
181337, 35, 3776, 1064, 32, 29, true, true
181338, 36, 3776, 1061, 31, 31, true, true
181339, 37, 3777, 1062, 32, 30, true, true
181342, 38, 3777, 1059, 32, 32, true, true
182297, 39, 3805, 1060, 32, 33, true, true
182299, 40, 3857, 1109, 33, 34, true, true
182301, 41, 3862, 1101, 34, 35, true, true
182302, 42, 3865, 1093, 35, 36, true, true
182304, 43, 3889, 1099, 36, 36, true, true
182305, 44, 3947, 1095, 37, 37, true, true
182341, 45, 3953, 1068, 38, 38, true, true
182345, 46, 3953, 1065, 37, 40, true, true
182346, 47, 3970, 1079, 38, 40, true, true
182347, 48, 3971, 1077, 39, 40, true, true
182349, 50, 3977, 1063, 39, 40, true, true
782376, 51, 4301, 836, 39, 41, true, true
782378, 52, 4303, 831, 39, 40, true, true
782397, 53, 4356, 875, 40, 39, true, true
782399, 54, 4363, 882, 41, 40, true, true
782403, 55, 4363, 839, 41, 41, true, true
782437, 56, 4379, 802, 42, 41, true, true
782439, 57, 4379, 801, 42, 42, true, true
782443, 58, 4391, 808, 43, 42, true, true
782445, 59, 4392, 809, 44, 43, true, true
782459, 61, 4394, 807, 45, 46, true, true
782461, 62, 4395, 808, 46, 46, true, true
782469, 63, 4395, 806, 46, 48, true, true
782475, 64, 4402, 792, 47, 47, true, true
782477, 65, 4404, 792, 48, 48, true, true
782480, 66, 4407, 788, 49, 49, true, true
782483, 67, 4410, 746, 50, 49, true, true
782487, 69, 4412, 746, 51, 52, true, true
782489, 70, 4413, 746, 52, 52, true, true
782491, 71, 4421, 753, 53, 52, true, true
782493, 72, 4460, 754, 54, 52, true, true
782498, 75, 4461, 755, 55, 56, true, true
782500, 76, 4465, 758, 56, 57, true, true
782501, 77, 4467, 741, 57, 57, true, true
782503, 78, 4473, 746, 58, 57, true, true
782505, 79, 4478, 744, 58, 57, true, true
782507, 80, 4481, 743, 59, 56, true, true
782509, 81, 4490, 752, 60, 57, true, true
782511, 82, 4498, 760, 61, 57, true, true
782513, 83, 4499, 760, 62, 58, true, true
782517, 84, 4508, 749, 63, 57, true, true
782521, 85, 4508, 748, 63, 58, true, true
782523, 86, 4516, 752, 64, 58, true, true
782527, 88, 4520, 754, 65, 60, true, true
782530, 89, 4523, 742, 65, 60, true, true
782532, 90, 4525, 742, 66, 60, true, true
782535, 91, 4525, 739, 66, 62, true, true
782537, 92, 4526, 740, 67, 61, true, true
782539, 93, 4535, 744, 67, 61, true, true
782542, 94, 4546, 726, 68, 62, true, true
782545, 95, 4546, 724, 68, 63, true, true
782547, 96, 4546, 723, 68, 64, true, true
782551, 98, 4551, 727, 69, 64, true, true
782559, 100, 4551, 726, 68, 66, true, true
782562, 101, 4572, 733, 69, 67, true, true
782565, 102, 4573, 727, 70, 66, true, true
782567, 103, 4574, 724, 71, 65, true, true
782569, 104, 4580, 728, 72, 65, true, true
782572, 106, 4586, 711, 72, 65, true, true
782575, 107, 4586, 707, 72, 67, true, true
782578, 108, 4586, 706, 71, 69, true, true
782580, 109, 4587, 707, 72, 70, true, true
782585, 110, 4587, 705, 72, 72, true, true
782588, 111, 4587, 704, 71, 74, true, true
782591, 112, 4588, 701, 72, 75, true, true
782593, 113, 4590, 703, 73, 75, true, true
782598, 115, 4590, 700, 73, 76, true, true
782605, 117, 4591, 697, 73, 79, true, true
782608, 118, 4598, 695, 73, 79, true, true
782610, 119, 4609, 705, 74, 78, true, true
782612, 120, 4610, 704, 75, 79, true, true
782615, 121, 4625, 718, 75, 80, true, true
782617, 122, 4626, 719, 76, 78, true, true
782619, 123, 4632, 719, 77, 79, true, true
782623, 125, 4635, 717, 78, 80, true, true
782626, 126, 4641, 717, 78, 79, true, true
782632, 129, 4641, 708, 78, 82, true, true
782634, 130, 4642, 709, 79, 81, true, true
782637, 131, 4645, 688, 79, 81, true, true
782639, 132, 4646, 685, 80, 82, true, true
782642, 133, 4650, 689, 81, 81, true, true
782646, 134, 4656, 670, 82, 81, true, true
782649, 135, 4657, 670, 83, 81, true, true
782818, 136, 4678, 685, 84, 81, true, true
782821, 137, 4679, 685, 85, 82, true, true
782824, 138, 4682, 687, 86, 82, true, true
782826, 139, 4684, 688, 87, 81, true, true
782831, 141, 4685, 686, 88, 81, true, true
782844, 142, 4685, 682, 87, 81, true, true
782848, 143, 4686, 681, 88, 80, true, true
782869, 145, 4686, 679, 88, 82, true, true
782877, 146, 4687, 674, 89, 82, true, true
782884, 147, 4694, 669, 90, 81, true, true
782886, 148, 4711, 683, 91, 81, true, true
782889, 149, 4712, 683, 91, 82, true, true
782898, 151, 4713, 683, 91, 84, true, true
782901, 152, 4715, 685, 92, 83, true, true
782911, 153, 4717, 685, 92, 83, true, true
782915, 155, 4719, 686, 93, 82, true, true
782920, 156, 4719, 685, 92, 83, true, true
782924, 157, 4720, 686, 93, 83, true, true
782927, 158, 4722, 688, 94, 83, true, true
782931, 159, 4722, 687, 93, 84, true, true
782933, 160, 4723, 688, 94, 85, true, true
782936, 161, 4725, 690, 95, 85, true, true
782939, 162, 4725, 688, 94, 86, true, true
782942, 163, 4726, 689, 95, 86, true, true
782946, 164, 4733, 689, 95, 86, true, true
782950, 165, 4734, 690, 96, 82, true, true
782953, 166, 4735, 691, 97, 81, true, true
782956, 167, 4740, 695, 98, 81, true, true
783015, 169, 4742, 696, 99, 83, true, true
783020, 171, 4743, 696, 99, 84, true, true
783026, 172, 4743, 695, 98, 86, true, true
783115, 173, 4786, 731, 99, 86, true, true
783120, 174, 4789, 733, 100, 86, true, true
783126, 175, 4791, 731, 100, 86, true, true
783130, 176, 4795, 730, 101, 86, true, true
783134, 177, 4795, 728, 101, 87, true, true
783150, 180, 4796, 729, 102, 91, true, true
783154, 181, 4796, 728, 101, 93, true, true
783159, 182, 4796, 727, 100, 94, true, true
783172, 184, 4796, 726, 100, 97, true, true
783180, 186, 4797, 720, 101, 99, true, true
783183, 187, 4803, 724, 102, 100, true, true
783185, 188, 4805, 713, 101, 101, true, true
783188, 189, 4809, 715, 102, 100, true, true
783199, 191, 4809, 712, 102, 101, true, true
783204, 192, 4810, 713, 103, 100, true, true
783219, 195, 4813, 713, 103, 100, true, true
783238, 199, 4814, 714, 104, 107, true, true
783242, 201, 4814, 712, 103, 110, true, true
783246, 202, 4814, 711, 102, 112, true, true
783253, 204, 4826, 710, 102, 112, true, true
783264, 207, 4828, 712, 103, 114, true, true
783272, 208, 4828, 704, 103, 116, true, true
783276, 210, 4829, 704, 103, 116, true, true
783284, 211, 4830, 632, 104, 117, true, true
783294, 213, 4836, 637, 105, 115, true, true
783301, 214, 4838, 639, 106, 115, true, true
783304, 215, 4839, 639, 107, 113, true, true
783308, 216, 4899, 679, 108, 113, true, true
783312, 217, 4899, 677, 107, 114, true, true
783316, 218, 4899, 675, 105, 116, true, true
783319, 219, 4901, 675, 106, 114, true, true
783322, 220, 4911, 658, 107, 112, true, true
783324, 221, 4917, 664, 108, 109, true, true
783337, 223, 4917, 662, 108, 111, true, true
783348, 225, 4918, 661, 108, 110, true, true
783351, 226, 4922, 662, 109, 108, true, true
783354, 227, 4924, 664, 110, 105, true, true
783367, 230, 4924, 663, 109, 108, true, true
783371, 231, 4924, 662, 108, 110, true, true
783376, 232, 4928, 666, 109, 109, true, true
783379, 233, 4933, 669, 110, 108, true, true
783383, 234, 4934, 670, 111, 108, true, true
783396, 236, 4939, 649, 112, 108, true, true
783412, 239, 4940, 644, 112, 107, true, true
783419, 240, 4942, 644, 113, 107, true, true
783423, 241, 4943, 645, 114, 103, true, true
783426, 242, 4944, 645, 115, 104, true, true
783433, 243, 4944, 643, 115, 104, true, true
783438, 244, 4944, 638, 114, 104, true, true
783444, 245, 4944, 637, 113, 104, true, true
783450, 246, 4967, 641, 113, 102, true, true
783461, 247, 4973, 603, 114, 98, true, true
783465, 249, 5067, 680, 114, 98, true, true
783486, 252, 5090, 687, 115, 99, true, true
783504, 254, 5098, 694, 115, 99, true, true
783517, 257, 5107, 696, 116, 99, true, true
783521, 258, 5108, 696, 117, 99, true, true
783564, 262, 5108, 694, 117, 102, true, true
783568, 263, 5115, 696, 118, 99, true, true
783572, 264, 5129, 709, 119, 96, true, true
783585, 266, 5130, 698, 120, 97, true, true
783589, 267, 5133, 700, 121, 96, true, true
783593, 268, 5134, 700, 122, 97, true, true
783602, 269, 5134, 698, 121, 97, true, true
783607, 272, 5148, 709, 122, 98, true, true
783611, 273, 5148, 708, 121, 100, true, true
783614, 274, 5150, 710, 122, 98, true, true
783626, 276, 5150, 709, 122, 99, true, true
783629, 277, 5151, 708, 123, 99, true, true
783632, 278, 5152, 708, 123, 98, true, true
783643, 280, 5152, 703, 123, 100, true, true
783652, 282, 5154, 705, 124, 98, true, true
783677, 287, 5154, 688, 123, 104, true, true
783690, 290, 5156, 690, 124, 106, true, true
783695, 291, 5156, 686, 124, 106, true, true
783714, 294, 5156, 685, 124, 109, true, true
783718, 295, 5160, 687, 125, 108, true, true
783724, 297, 5160, 683, 124, 108, true, true
783727, 298, 5163, 679, 124, 107, true, true
783742, 300, 5164, 680, 125, 108, true, true
783746, 301, 5175, 680, 126, 106, true, true
783751, 302, 5175, 679, 125, 107, true, true
783763, 305, 5191, 682, 126, 105, true, true
783772, 306, 5191, 680, 124, 105, true, true
783791, 308, 5191, 679, 123, 107, true, true
783799, 310, 5198, 681, 124, 107, true, true
783822, 312, 5198, 665, 123, 108, true, true
783859, 314, 5200, 662, 124, 107, true, true
783867, 316, 5208, 665, 124, 110, true, true
783887, 318, 5211, 663, 125, 110, true, true
783895, 319, 5229, 680, 126, 109, true, true
783904, 320, 5230, 676, 126, 108, true, true
783909, 322, 5237, 680, 127, 108, true, true
783921, 324, 5241, 681, 127, 108, true, true
783944, 326, 5241, 679, 126, 109, true, true
783947, 327, 5247, 681, 127, 106, true, true
783949, 328, 5248, 682, 128, 105, true, true
783959, 329, 5248, 673, 128, 105, true, true
783973, 331, 5248, 671, 127, 108, true, true
783984, 333, 5248, 669, 126, 111, true, true
783987, 335, 5249, 670, 127, 111, true, true
783993, 337, 5254, 633, 128, 111, true, true
784009, 339, 5254, 626, 128, 112, true, true
784014, 340, 5255, 627, 129, 111, true, true
784031, 343, 5256, 628, 130, 109, true, true
784042, 344, 5257, 628, 130, 107, true, true
784049, 345, 5257, 625, 129, 107, true, true
784052, 346, 5259, 624, 130, 107, true, true
784056, 347, 5260, 620, 131, 107, true, true
784080, 350, 5261, 620, 132, 109, true, true
784085, 351, 5262, 620, 133, 109, true, true
784096, 353, 5278, 618, 134, 108, true, true
784118, 356, 5279, 618, 135, 109, true, true
784123, 357, 5279, 617, 134, 110, true, true
784128, 358, 5279, 615, 133, 110, true, true
784136, 359, 5279, 612, 133, 112, true, true
784140, 360, 5280, 613, 134, 111, true, true
784162, 362, 5285, 608, 134, 110, true, true
784182, 364, 5288, 611, 135, 109, true, true
784189, 365, 5292, 615, 136, 109, true, true
784196, 366, 5292, 612, 136, 109, true, true
784201, 367, 5293, 613, 137, 109, true, true
784217, 369, 5294, 614, 138, 107, true, true
784398, 370, 5294, 597, 138, 108, true, true
784411, 371, 5294, 588, 137, 110, true, true
784423, 372, 5294, 586, 136, 111, true, true
784435, 373, 5294, 584, 135, 111, true, true
784439, 374, 5295, 585, 136, 110, true, true
784443, 375, 5303, 589, 137, 110, true, true
784456, 378, 5303, 588, 136, 112, true, true
784464, 379, 5303, 587, 135, 112, true, true
784537, 388, 5304, 584, 135, 118, true, true
784559, 391, 5305, 585, 136, 120, true, true
784563, 392, 5306, 586, 137, 119, true, true
784567, 393, 5306, 585, 136, 120, true, true
784575, 394, 5307, 585, 136, 119, true, true
784589, 396, 5307, 584, 135, 120, true, true
784617, 399, 5308, 585, 136, 121, true, true
784622, 400, 5309, 586, 137, 121, true, true
784631, 401, 5309, 585, 137, 122, true, true
784640, 402, 5309, 581, 136, 123, true, true
784644, 403, 5312, 580, 136, 124, true, true
784682, 404, 5312, 576, 135, 125, true, true
784697, 406, 5312, 574, 134, 128, true, true
784770, 409, 5321, 583, 135, 128, true, true
784777, 410, 5322, 583, 136, 127, true, true
784819, 413, 5322, 580, 136, 128, true, true
784829, 414, 5325, 575, 137, 127, true, true
784839, 415, 5325, 572, 137, 127, true, true
784862, 416, 5325, 570, 137, 129, true, true
785028, 417, 5325, 569, 136, 131, true, true
785044, 419, 5325, 568, 136, 133, true, true
785060, 421, 5325, 567, 135, 133, true, true
785065, 422, 5326, 568, 136, 133, true, true
785081, 423, 5326, 567, 135, 133, true, true
785101, 425, 5326, 566, 135, 134, true, true
785105, 426, 5337, 576, 136, 133, true, true
785112, 427, 5338, 577, 137, 132, true, true
785122, 428, 5338, 573, 135, 133, true, true
785168, 435, 5340, 574, 136, 133, true, true
785228, 443, 5341, 574, 137, 135, true, true
785251, 445, 5344, 577, 138, 133, true, true
785263, 447, 5345, 578, 139, 132, true, true
785293, 450, 5345, 577, 139, 133, true, true
785320, 453, 5345, 576, 139, 136, true, true
785340, 455, 5345, 575, 139, 139, true, true
785359, 456, 5345, 571, 139, 139, true, true
785623, 459, 5352, 574, 139, 140, true, true
785632, 460, 5356, 578, 140, 137, true, true
785649, 461, 5359, 579, 140, 135, true, true
785672, 462, 5359, 578, 140, 136, true, true
785701, 464, 5359, 577, 139, 137, true, true
785707, 465, 5360, 575, 140, 137, true, true
785712, 466, 5360, 574, 139, 138, true, true
785743, 467, 5360, 570, 139, 138, true, true
785776, 469, 5360, 550, 139, 139, true, true
785804, 474, 5361, 551, 140, 139, true, true
785849, 477, 5361, 549, 139, 139, true, true
785853, 479, 5362, 549, 140, 140, true, true
785863, 481, 5362, 548, 140, 141, true, true
785878, 483, 5363, 549, 141, 141, true, true
785887, 484, 5363, 547, 140, 141, true, true
785938, 491, 5363, 546, 139, 145, true, true
785966, 494, 5363, 540, 139, 148, true, true
785975, 495, 5364, 524, 140, 148, true, true
786003, 497, 5364, 523, 139, 150, true, true
786027, 499, 5364, 522, 139, 152, true, true
786051, 501, 5364, 520, 139, 155, true, true
786057, 503, 5368, 524, 140, 154, true, true
786063, 505, 5376, 526, 141, 154, true, true
786071, 506, 5386, 536, 142, 153, true, true
786116, 511, 5386, 534, 142, 159, true, true
786146, 513, 5386, 532, 140, 160, true, true
786166, 515, 5388, 533, 140, 161, true, true
786179, 517, 5394, 528, 141, 162, true, true
786185, 518, 5399, 532, 141, 162, true, true
786204, 520, 5399, 531, 141, 164, true, true
786228, 523, 5411, 542, 141, 165, true, true
786276, 528, 5412, 542, 141, 169, true, true
786286, 529, 5414, 544, 142, 168, true, true
786291, 530, 5415, 544, 142, 167, true, true
786308, 531, 5416, 543, 141, 166, true, true
786368, 535, 5417, 544, 142, 164, true, true
786374, 536, 5419, 546, 143, 161, true, true
786391, 540, 5421, 548, 144, 160, true, true
786408, 542, 5421, 547, 144, 160, true, true
786487, 550, 5426, 550, 144, 163, true, true
786540, 554, 5426, 543, 144, 165, true, true
786566, 557, 5426, 541, 143, 167, true, true
786591, 559, 5426, 540, 143, 167, true, true
786624, 561, 5426, 539, 142, 168, true, true
786785, 565, 5428, 541, 143, 170, true, true
786812, 567, 5428, 540, 143, 171, true, true
786821, 568, 5430, 539, 144, 170, true, true
786848, 571, 5430, 537, 143, 171, true, true
786865, 573, 5431, 538, 144, 164, true, true
786888, 574, 5433, 537, 145, 164, true, true
786900, 576, 5433, 536, 144, 165, true, true
786931, 578, 5433, 535, 144, 167, true, true
786937, 579, 5434, 536, 145, 167, true, true
786977, 583, 5439, 540, 146, 165, true, true
787000, 585, 5439, 538, 144, 168, true, true
787021, 586, 5439, 537, 143, 168, true, true
787035, 587, 5441, 538, 144, 167, true, true
787081, 590, 5456, 548, 145, 164, true, true
787112, 591, 5456, 547, 144, 166, true, true
787182, 598, 5460, 551, 145, 167, true, true
787190, 599, 5460, 550, 144, 169, true, true
787236, 602, 5460, 549, 144, 169, true, true
787253, 603, 5460, 548, 143, 170, true, true
787263, 604, 5460, 547, 142, 171, true, true
787269, 605, 5462, 548, 143, 170, true, true
787282, 607, 5463, 547, 144, 171, true, true
787300, 610, 5464, 548, 145, 171, true, true
787343, 614, 5466, 550, 146, 171, true, true
787351, 615, 5468, 552, 147, 167, true, true
787412, 621, 5472, 555, 148, 167, true, true
787451, 626, 5509, 575, 149, 169, true, true
787475, 629, 5509, 574, 149, 169, true, true
787481, 630, 5518, 580, 150, 167, true, true
787490, 631, 5519, 581, 151, 167, true, true
787495, 632, 5520, 582, 152, 166, true, true
787529, 635, 5522, 584, 153, 166, true, true
787540, 637, 5522, 580, 153, 168, true, true
787590, 641, 5527, 583, 153, 169, true, true
787596, 642, 5531, 584, 154, 169, true, true
787601, 643, 5560, 598, 153, 168, true, true
787608, 644, 5561, 597, 154, 167, true, true
787632, 647, 5585, 603, 155, 166, true, true
787671, 651, 5586, 581, 156, 168, true, true
787694, 653, 5591, 584, 155, 164, true, true
787738, 656, 5592, 584, 155, 163, true, true
787751, 657, 5592, 582, 154, 164, true, true
787774, 659, 5593, 582, 155, 162, true, true
787788, 660, 5593, 581, 154, 162, true, true
787807, 662, 5593, 579, 154, 163, true, true
787813, 663, 5594, 579, 154, 160, true, true
787835, 665, 5594, 576, 154, 161, true, true
787868, 668, 5611, 580, 154, 159, true, true
787925, 673, 5618, 581, 154, 155, true, true
787981, 677, 5619, 582, 155, 156, true, true
788022, 680, 5623, 586, 156, 157, true, true
788033, 681, 5623, 583, 154, 158, true, true
788211, 692, 5623, 582, 153, 163, true, true
788218, 693, 5629, 585, 154, 162, true, true
788244, 695, 5634, 589, 155, 162, true, true
788393, 706, 5636, 591, 156, 165, true, true
788401, 707, 5639, 586, 156, 163, true, true
788422, 708, 5639, 584, 156, 163, true, true
788452, 710, 5639, 583, 155, 164, true, true
788481, 712, 5640, 566, 156, 165, true, true
788491, 714, 5641, 565, 155, 165, true, true
788546, 718, 5654, 570, 156, 165, true, true
788602, 722, 5654, 566, 154, 165, true, true
788609, 723, 5671, 577, 155, 163, true, true
788641, 725, 5675, 580, 156, 162, true, true
788647, 726, 5681, 581, 157, 162, true, true
788660, 727, 5681, 580, 156, 162, true, true
788672, 728, 5681, 579, 156, 162, true, true
788678, 729, 5683, 581, 157, 159, true, true
788767, 736, 5683, 580, 156, 161, true, true
788788, 738, 5684, 581, 157, 160, true, true
788794, 739, 5685, 581, 158, 161, true, true
788816, 741, 5686, 582, 159, 161, true, true
788823, 742, 5687, 583, 160, 159, true, true
788831, 743, 5693, 589, 161, 159, true, true
788847, 744, 5693, 588, 160, 159, true, true
788898, 747, 5693, 586, 158, 160, true, true
788938, 750, 5693, 585, 158, 161, true, true
788969, 752, 5694, 585, 158, 161, true, true
789007, 755, 5694, 583, 157, 162, true, true
789105, 762, 5694, 571, 155, 167, true, true
789161, 765, 5695, 572, 156, 166, true, true
789182, 766, 5695, 569, 155, 166, true, true
789188, 767, 5696, 570, 156, 166, true, true
789244, 772, 5697, 571, 157, 164, true, true
789261, 773, 5698, 572, 158, 163, true, true
789274, 774, 5699, 573, 159, 163, true, true
789284, 775, 5701, 574, 160, 161, true, true
789377, 781, 5703, 576, 161, 165, true, true
789391, 782, 5703, 575, 161, 166, true, true
789411, 785, 5704, 576, 162, 166, true, true
789424, 786, 5704, 575, 161, 166, true, true
789465, 789, 5704, 574, 160, 168, true, true
789476, 790, 5704, 570, 159, 169, true, true
789530, 795, 5705, 571, 160, 168, true, true
789536, 796, 5706, 572, 161, 167, true, true
789582, 797, 5706, 571, 161, 167, true, true
789652, 802, 5706, 569, 159, 169, true, true
789669, 804, 5707, 567, 160, 168, true, true
789676, 805, 5708, 568, 161, 167, true, true
789684, 806, 5708, 563, 161, 168, true, true
789715, 808, 5708, 557, 161, 170, true, true
789721, 809, 5709, 558, 162, 169, true, true
789729, 810, 5709, 557, 161, 169, true, true
789756, 811, 5711, 546, 162, 168, true, true
789796, 814, 5714, 549, 163, 165, true, true
789808, 815, 5714, 547, 162, 165, true, true
789847, 823, 5715, 546, 162, 165, true, true
789913, 827, 5715, 544, 161, 166, true, true
789976, 831, 5717, 546, 162, 165, true, true
789981, 832, 5719, 528, 162, 164, true, true
789986, 833, 5722, 530, 163, 163, true, true
789993, 834, 5759, 526, 164, 163, true, true
790010, 836, 5760, 526, 164, 162, true, true
790016, 838, 5764, 529, 165, 161, true, true
790029, 840, 5764, 528, 164, 162, true, true
790171, 853, 5764, 526, 162, 166, true, true
790233, 858, 5764, 524, 161, 168, true, true
790297, 863, 5764, 523, 160, 168, true, true
790337, 866, 5764, 521, 159, 168, true, true
790405, 871, 5764, 520, 158, 170, true, true
790482, 876, 5766, 519, 159, 171, true, true
790513, 877, 5766, 518, 158, 171, true, true
790588, 881, 5766, 483, 158, 175, true, true
790668, 884, 5769, 485, 159, 177, true, true
790689, 885, 5770, 486, 160, 175, true, true
790755, 886, 5770, 473, 159, 175, true, true
790786, 889, 5770, 472, 158, 176, true, true
790819, 891, 5771, 473, 159, 176, true, true
790849, 892, 5771, 472, 158, 177, true, true
790861, 893, 5771, 470, 156, 177, true, true
790901, 896, 5774, 473, 157, 177, true, true
790971, 901, 5779, 475, 157, 177, true, true
790978, 902, 5781, 477, 158, 176, true, true
791022, 905, 5782, 478, 159, 174, true, true
791045, 907, 5782, 477, 158, 174, true, true
791087, 910, 5783, 477, 159, 171, true, true
791117, 914, 5785, 478, 160, 172, true, true
791193, 923, 5805, 497, 161, 175, true, true
791261, 927, 5805, 495, 160, 176, true, true
791300, 929, 5805, 493, 160, 176, true, true
791319, 931, 5805, 490, 159, 176, true, true
791370, 934, 5805, 487, 158, 176, true, true
791409, 937, 5806, 488, 159, 175, true, true
791483, 942, 5806, 485, 158, 177, true, true
791542, 948, 5809, 486, 159, 177, true, true
791606, 953, 5809, 485, 158, 178, true, true
791634, 955, 5809, 482, 156, 179, true, true
791686, 958, 5809, 477, 156, 179, true, true
791699, 959, 5810, 478, 157, 177, true, true
791796, 965, 5811, 479, 158, 176, true, true
791859, 969, 5811, 478, 157, 177, true, true
791885, 971, 5811, 476, 156, 177, true, true
791904, 973, 5812, 476, 156, 176, true, true
791918, 974, 5812, 475, 155, 177, true, true
791963, 976, 5823, 481, 155, 174, true, true
791975, 978, 5823, 480, 155, 175, true, true
792016, 984, 5824, 481, 156, 176, true, true
792038, 987, 5825, 482, 157, 177, true, true
792134, 988, 5826, 483, 158, 177, true, true
792207, 994, 5827, 482, 158, 177, true, true
792228, 996, 5827, 481, 157, 178, true, true
792282, 1000, 5827, 480, 156, 179, true, true
792307, 1001, 5829, 476, 156, 174, true, true
792314, 1002, 5830, 476, 156, 172, true, true
792454, 1008, 5831, 475, 157, 171, true, true
792467, 1009, 5831, 474, 156, 171, true, true
792493, 1011, 5831, 473, 155, 171, true, true
792510, 1013, 5832, 474, 156, 169, true, true
792534, 1015, 5834, 469, 156, 168, true, true
792555, 1017, 5856, 473, 156, 168, true, true
792566, 1018, 5857, 474, 157, 167, true, true
792574, 1019, 5858, 475, 158, 164, true, true
792667, 1025, 5859, 475, 159, 165, true, true
792706, 1028, 5860, 476, 160, 165, true, true
792712, 1029, 5862, 478, 161, 164, true, true
792745, 1032, 5899, 476, 161, 164, true, true
792770, 1034, 5901, 478, 162, 165, true, true
792798, 1035, 5901, 477, 162, 165, true, true
792834, 1037, 5901, 476, 162, 165, true, true
792878, 1040, 5901, 475, 161, 167, true, true
792884, 1041, 5903, 477, 162, 163, true, true
792974, 1050, 5909, 480, 162, 165, true, true
792985, 1051, 5911, 481, 163, 165, true, true
793010, 1053, 5912, 481, 163, 165, true, true
793072, 1056, 5912, 480, 163, 165, true, true
793150, 1061, 5915, 483, 164, 166, true, true
793226, 1066, 5916, 484, 165, 167, true, true
793251, 1068, 5916, 483, 164, 169, true, true
793281, 1070, 5917, 484, 165, 168, true, true
793325, 1073, 5917, 483, 164, 168, true, true
793346, 1074, 5921, 487, 165, 166, true, true
793355, 1075, 5984, 503, 165, 163, true, true
793509, 1086, 5985, 504, 166, 166, true, true
793559, 1089, 5987, 506, 167, 163, true, true
793601, 1092, 5991, 509, 168, 164, true, true
793643, 1096, 5992, 510, 169, 164, true, true
793756, 1102, 5992, 508, 168, 167, true, true
793823, 1108, 5993, 509, 169, 168, true, true
793836, 1109, 5993, 506, 168, 168, true, true
793847, 1110, 5993, 505, 167, 169, true, true
793854, 1111, 5993, 503, 166, 170, true, true
794155, 1123, 5995, 499, 165, 167, true, true
794162, 1124, 5998, 497, 164, 160, true, true
794212, 1130, 5998, 493, 163, 163, true, true
794267, 1133, 5998, 491, 162, 163, true, true
794353, 1140, 5999, 491, 162, 166, true, true
794368, 1141, 5999, 490, 161, 166, true, true
794413, 1143, 5999, 486, 160, 168, true, true
794480, 1148, 5999, 485, 159, 169, true, true
794507, 1150, 5999, 484, 158, 169, true, true
794549, 1152, 5999, 483, 157, 171, true, true
794560, 1153, 6000, 484, 158, 171, true, true
794569, 1154, 6000, 483, 157, 171, true, true
794646, 1158, 6001, 484, 158, 170, true, true
794876, 1169, 6002, 484, 158, 170, true, true
794893, 1170, 6003, 485, 159, 167, true, true
794948, 1173, 6009, 491, 160, 166, true, true
795161, 1185, 6010, 492, 161, 169, true, true
795179, 1186, 6010, 491, 160, 169, true, true
795298, 1193, 6011, 492, 161, 169, true, true
795365, 1197, 6011, 489, 160, 170, true, true
795379, 1198, 6011, 488, 159, 170, true, true
795667, 1209, 6013, 486, 159, 172, true, true
795717, 1212, 6014, 487, 160, 173, true, true
795724, 1213, 6015, 488, 161, 172, true, true
795793, 1217, 6015, 487, 160, 173, true, true
795918, 1228, 6025, 487, 160, 176, true, true
796030, 1234, 6027, 489, 161, 179, true, true
796122, 1239, 6029, 491, 162, 179, true, true
796146, 1241, 6030, 492, 163, 178, true, true
796237, 1247, 6031, 491, 163, 177, true, true
796307, 1250, 6032, 492, 164, 176, true, true
796327, 1252, 6033, 492, 164, 175, true, true
796453, 1261, 6034, 493, 165, 180, true, true
796611, 1271, 6035, 493, 166, 181, true, true
796622, 1273, 6036, 494, 167, 179, true, true
796706, 1277, 6036, 491, 166, 180, true, true
796757, 1281, 6037, 492, 167, 181, true, true
796807, 1284, 6037, 491, 166, 183, true, true
796880, 1291, 6042, 496, 167, 183, true, true
796946, 1295, 6045, 499, 168, 182, true, true
796978, 1297, 6046, 500, 169, 181, true, true
797070, 1301, 6046, 499, 168, 184, true, true
797147, 1305, 6047, 500, 169, 187, true, true
797181, 1307, 6059, 492, 170, 184, true, true
797272, 1312, 6060, 491, 171, 183, true, true
797297, 1314, 6061, 487, 172, 182, true, true
797327, 1316, 6062, 488, 173, 180, true, true
797487, 1325, 6062, 487, 172, 180, true, true
797505, 1327, 6063, 485, 172, 176, true, true
797542, 1329, 6063, 477, 171, 176, true, true
797931, 1348, 6066, 480, 172, 179, true, true
797956, 1350, 6066, 479, 171, 179, true, true
797978, 1352, 6068, 478, 172, 177, true, true
798051, 1355, 6068, 477, 171, 178, true, true
798102, 1359, 6072, 480, 172, 178, true, true
798125, 1361, 6072, 479, 172, 178, true, true
798246, 1365, 6077, 484, 173, 177, true, true
798335, 1370, 6078, 485, 174, 175, true, true
798468, 1377, 6080, 487, 175, 174, true, true
798518, 1380, 6080, 486, 174, 174, true, true
798548, 1381, 6080, 485, 173, 174, true, true
798596, 1384, 6081, 484, 173, 175, true, true
798660, 1389, 6081, 483, 172, 175, true, true
798697, 1392, 6099, 498, 173, 174, true, true
798803, 1401, 6099, 494, 172, 176, true, true
798917, 1410, 6100, 476, 173, 180, true, true
798925, 1411, 6104, 471, 172, 181, true, true
799028, 1419, 6107, 474, 173, 179, true, true
799036, 1421, 6108, 475, 174, 178, true, true
799046, 1422, 6109, 475, 174, 176, true, true
799199, 1431, 6110, 476, 175, 179, true, true
799222, 1433, 6110, 475, 174, 179, true, true
799345, 1440, 6110, 474, 173, 180, true, true
799725, 1462, 6111, 474, 173, 182, true, true
799747, 1464, 6112, 475, 174, 181, true, true
799948, 1477, 6114, 476, 175, 181, true, true
799967, 1478, 6115, 477, 176, 180, true, true
799975, 1479, 6140, 502, 177, 179, true, true
800032, 1485, 6154, 512, 178, 178, true, true
800123, 1491, 6156, 514, 179, 175, true, true
800195, 1494, 6156, 513, 178, 175, true, true
800242, 1498, 6156, 512, 177, 177, true, true
800352, 1503, 6156, 511, 176, 177, true, true
800360, 1504, 6159, 514, 177, 174, true, true
800390, 1507, 6159, 511, 176, 175, true, true
800403, 1508, 6159, 510, 176, 176, true, true
800454, 1512, 6160, 511, 177, 175, true, true
800468, 1513, 6160, 510, 176, 175, true, true
800492, 1516, 6160, 509, 176, 177, true, true
800512, 1517, 6160, 508, 175, 177, true, true
800582, 1523, 6160, 507, 174, 177, true, true
800596, 1525, 6166, 508, 175, 175, true, true
800638, 1528, 6166, 507, 174, 176, true, true
800664, 1529, 6166, 506, 174, 177, true, true
800732, 1534, 6167, 507, 175, 176, true, true
800790, 1539, 6167, 506, 174, 177, true, true
800857, 1543, 6167, 505, 173, 178, true, true
800983, 1551, 6167, 503, 172, 180, true, true
801066, 1558, 6171, 507, 173, 180, true, true
801078, 1559, 6171, 504, 172, 180, true, true
801135, 1564, 6172, 503, 172, 180, true, true
801151, 1565, 6172, 502, 171, 180, true, true
801229, 1569, 6174, 504, 172, 179, true, true
801238, 1570, 6177, 492, 172, 174, true, true
801250, 1573, 6177, 491, 172, 175, true, true
801303, 1576, 6179, 493, 173, 172, true, true
801371, 1580, 6180, 494, 174, 171, true, true
801537, 1592, 6181, 495, 175, 170, true, true
801610, 1598, 6183, 497, 176, 170, true, true
801701, 1603, 6190, 504, 177, 170, true, true
801785, 1607, 6190, 503, 176, 170, true, true
801815, 1609, 6191, 504, 177, 170, true, true
801957, 1612, 6193, 506, 178, 168, true, true
801977, 1613, 6194, 507, 179, 166, true, true
802010, 1615, 6194, 506, 178, 167, true, true
802048, 1617, 6197, 498, 178, 166, true, true
802173, 1625, 6198, 499, 179, 167, true, true
802216, 1628, 6200, 499, 180, 164, true, true
802443, 1638, 6203, 502, 181, 161, true, true
802494, 1643, 6203, 501, 180, 162, true, true
802971, 1668, 6203, 500, 179, 168, true, true
802985, 1669, 6206, 490, 180, 167, true, true
803080, 1674, 6206, 489, 179, 167, true, true
803103, 1675, 6206, 488, 178, 167, true, true
803122, 1676, 6206, 486, 177, 167, true, true
803141, 1677, 6206, 485, 176, 167, true, true
803376, 1692, 6206, 483, 176, 169, true, true
803389, 1693, 6206, 482, 175, 169, true, true
803501, 1701, 6209, 485, 176, 169, true, true
803536, 1703, 6209, 484, 175, 169, true, true
803649, 1709, 6210, 485, 176, 171, true, true
804185, 1739, 6211, 480, 176, 175, true, true
804201, 1740, 6211, 478, 174, 175, true, true
804445, 1746, 6213, 479, 174, 176, true, true
804456, 1747, 6216, 469, 175, 175, true, true
804466, 1748, 6217, 469, 175, 173, true, true
804607, 1758, 6220, 471, 176, 175, true, true
804624, 1759, 6220, 470, 175, 176, true, true
804639, 1760, 6220, 469, 174, 176, true, true
804665, 1762, 6222, 471, 175, 174, true, true
804672, 1763, 6223, 472, 176, 172, true, true
804974, 1778, 6224, 473, 177, 175, true, true
805017, 1781, 6225, 474, 178, 173, true, true
805064, 1783, 6226, 475, 179, 172, true, true
805544, 1802, 6236, 481, 180, 173, true, true
805587, 1806, 6238, 483, 181, 174, true, true
805866, 1823, 6239, 484, 182, 178, true, true
805893, 1825, 6239, 482, 181, 178, true, true
805923, 1827, 6240, 483, 182, 177, true, true
806160, 1841, 6245, 485, 182, 177, true, true
806175, 1842, 6245, 484, 181, 177, true, true
806253, 1846, 6245, 483, 180, 178, true, true
806606, 1868, 6245, 482, 179, 183, true, true
806626, 1869, 6245, 481, 179, 183, true, true
806686, 1872, 6245, 480, 178, 183, true, true
806731, 1876, 6245, 476, 178, 185, true, true
806757, 1879, 6245, 475, 178, 185, true, true
806908, 1889, 6245, 474, 177, 185, true, true
806959, 1893, 6246, 475, 178, 184, true, true
806968, 1894, 6249, 478, 179, 182, true, true
806994, 1896, 6250, 478, 179, 177, true, true
807025, 1897, 6250, 477, 178, 177, true, true
807080, 1900, 6252, 479, 179, 177, true, true
807231, 1909, 6252, 476, 179, 181, true, true
807263, 1912, 6252, 475, 179, 181, true, true
807522, 1928, 6252, 474, 178, 186, true, true
807651, 1937, 6253, 475, 179, 186, true, true
807802, 1947, 6256, 476, 178, 186, true, true
807925, 1956, 6258, 477, 178, 184, true, true
807934, 1957, 6259, 477, 178, 181, true, true
807955, 1960, 6260, 478, 179, 179, true, true
807984, 1962, 6260, 477, 178, 179, true, true
808058, 1968, 6261, 477, 179, 175, true, true
808102, 1971, 6261, 476, 179, 175, true, true
808147, 1974, 6261, 475, 178, 176, true, true
808192, 1979, 6263, 477, 179, 177, true, true
808381, 1989, 6264, 476, 180, 177, true, true
808643, 1999, 6265, 477, 181, 179, true, true
808729, 2005, 6265, 476, 181, 181, true, true
808858, 2011, 6265, 473, 180, 184, true, true
809127, 2028, 6265, 472, 179, 186, true, true
809160, 2030, 6265, 464, 178, 188, true, true
809256, 2034, 6266, 465, 179, 186, true, true
809293, 2036, 6267, 466, 180, 186, true, true
809318, 2037, 6267, 465, 180, 186, true, true
809450, 2044, 6269, 467, 181, 184, true, true
809677, 2050, 6269, 462, 180, 184, true, true
809732, 2053, 6270, 463, 181, 183, true, true
809897, 2064, 6276, 469, 182, 184, true, true
809917, 2065, 6276, 467, 180, 184, true, true
809942, 2067, 6277, 468, 181, 181, true, true
810145, 2082, 6303, 494, 182, 182, true, true
810216, 2088, 6310, 501, 183, 182, true, true
810547, 2096, 6310, 491, 182, 182, true, true
810634, 2101, 6316, 483, 183, 183, true, true
810674, 2104, 6317, 483, 183, 183, true, true
810687, 2105, 6319, 484, 184, 181, true, true
810846, 2116, 6320, 485, 185, 182, true, true
810933, 2119, 6321, 486, 186, 181, true, true
811188, 2126, 6322, 487, 187, 180, true, true
811308, 2133, 6324, 489, 188, 179, true, true
811409, 2139, 6324, 488, 187, 179, true, true
811723, 2155, 6326, 490, 188, 178, true, true
811914, 2165, 6327, 491, 189, 177, true, true
811961, 2170, 6327, 490, 189, 178, true, true
812095, 2179, 6327, 487, 188, 179, true, true
812198, 2187, 6327, 486, 187, 179, true, true
812366, 2198, 6328, 482, 188, 179, true, true
812464, 2204, 6329, 483, 189, 179, true, true
812626, 2216, 6329, 481, 188, 181, true, true
812647, 2219, 6330, 482, 189, 182, true, true
812684, 2221, 6330, 480, 188, 182, true, true
812753, 2226, 6330, 478, 187, 184, true, true
813117, 2242, 6330, 477, 187, 185, true, true
813248, 2251, 6332, 479, 188, 186, true, true
813258, 2252, 6334, 476, 188, 184, true, true
813266, 2253, 6335, 477, 189, 182, true, true
813481, 2270, 6339, 481, 190, 184, true, true
813502, 2272, 6341, 483, 191, 184, true, true
813572, 2276, 6344, 484, 191, 183, true, true
813649, 2279, 6344, 483, 191, 184, true, true
813747, 2283, 6345, 483, 192, 182, true, true
813765, 2285, 6347, 485, 193, 180, true, true
814043, 2302, 6347, 484, 192, 184, true, true
814052, 2303, 6348, 485, 193, 181, true, true
814207, 2304, 6348, 483, 192, 181, true, true
814289, 2309, 6349, 484, 193, 178, true, true
814830, 2340, 6361, 493, 194, 182, true, true
814910, 2345, 6361, 492, 193, 184, true, true
814921, 2347, 6362, 493, 194, 183, true, true
814937, 2348, 6362, 490, 193, 183, true, true
815239, 2367, 6365, 493, 194, 184, true, true
815282, 2370, 6365, 492, 193, 185, true, true
815384, 2376, 6366, 493, 194, 186, true, true
815465, 2382, 6367, 494, 195, 185, true, true
815535, 2390, 6367, 493, 194, 187, true, true
815676, 2401, 6370, 496, 195, 188, true, true
815693, 2403, 6370, 494, 194, 188, true, true
815810, 2411, 6373, 497, 195, 188, true, true
815845, 2413, 6375, 498, 196, 188, true, true
815926, 2416, 6375, 492, 195, 188, true, true
816005, 2419, 6376, 493, 196, 188, true, true
816239, 2429, 6377, 494, 197, 188, true, true
816562, 2440, 6377, 493, 197, 189, true, true
816640, 2444, 6381, 488, 198, 186, true, true
816683, 2447, 6383, 487, 199, 185, true, true
816720, 2449, 6384, 488, 200, 184, true, true
816787, 2452, 6384, 487, 200, 184, true, true
816981, 2462, 6387, 489, 201, 184, true, true
816996, 2464, 6388, 490, 202, 181, true, true
817030, 2466, 6390, 492, 203, 181, true, true
817040, 2468, 6391, 491, 204, 179, true, true
818151, 2496, 6391, 490, 203, 182, true, true
818401, 2505, 6391, 489, 202, 185, true, true
818434, 2507, 6393, 491, 203, 184, true, true
818599, 2514, 6393, 490, 202, 184, true, true
818617, 2515, 6393, 489, 201, 184, true, true
818627, 2516, 6395, 491, 202, 183, true, true
818652, 2518, 6395, 490, 201, 183, true, true
818675, 2519, 6395, 489, 200, 183, true, true
819520, 2535, 6399, 493, 201, 176, true, true
819641, 2542, 6399, 492, 200, 177, true, true
819846, 2549, 6399, 491, 199, 177, true, true
819908, 2553, 6400, 489, 200, 176, true, true
819982, 2556, 6401, 489, 201, 173, true, true
820036, 2560, 6401, 488, 201, 173, true, true
820106, 2564, 6401, 480, 199, 173, true, true
820149, 2566, 6402, 481, 200, 173, true, true
820167, 2567, 6402, 480, 199, 173, true, true
820385, 2581, 6402, 478, 198, 177, true, true
820425, 2584, 6402, 477, 197, 177, true, true
820435, 2586, 6404, 479, 198, 176, true, true
820697, 2598, 6404, 474, 196, 177, true, true
820812, 2600, 6406, 473, 197, 174, true, true
820830, 2601, 6407, 469, 198, 173, true, true
820861, 2603, 6408, 469, 198, 171, true, true
820874, 2604, 6410, 471, 199, 167, true, true
820888, 2605, 6412, 473, 200, 165, true, true
821013, 2609, 6417, 463, 201, 164, true, true
821270, 2622, 6417, 460, 199, 169, true, true
821418, 2629, 6419, 462, 200, 168, true, true
821485, 2632, 6419, 459, 198, 168, true, true
821844, 2651, 6419, 453, 197, 170, true, true
822173, 2663, 6420, 454, 198, 171, true, true
822191, 2664, 6420, 453, 198, 171, true, true
822208, 2665, 6422, 455, 199, 169, true, true
822448, 2676, 6423, 450, 198, 171, true, true
822678, 2689, 6423, 449, 197, 171, true, true
822704, 2690, 6423, 447, 196, 171, true, true
822769, 2695, 6424, 448, 197, 172, true, true
823080, 2709, 6425, 448, 197, 172, true, true
823205, 2716, 6425, 446, 197, 175, true, true
823743, 2734, 6425, 442, 196, 175, true, true
823826, 2738, 6427, 444, 197, 174, true, true
824361, 2763, 6428, 445, 198, 179, true, true
824382, 2764, 6428, 444, 197, 181, true, true
825005, 2788, 6428, 443, 196, 182, true, true
825160, 2799, 6434, 447, 196, 180, true, true
825183, 2800, 6434, 446, 195, 180, true, true
825277, 2805, 6434, 443, 194, 180, true, true
825344, 2808, 6434, 442, 193, 180, true, true
825358, 2809, 6434, 441, 192, 180, true, true
825378, 2811, 6434, 440, 191, 180, true, true
825397, 2812, 6434, 436, 189, 180, true, true
825541, 2819, 6434, 434, 188, 180, true, true
825576, 2821, 6436, 435, 188, 180, true, true
825585, 2822, 6438, 429, 186, 179, true, true
825601, 2823, 6438, 427, 185, 179, true, true
825879, 2834, 6440, 429, 186, 180, true, true
826144, 2848, 6440, 428, 185, 183, true, true
826323, 2855, 6440, 427, 184, 183, true, true
826429, 2860, 6440, 426, 183, 185, true, true
826575, 2867, 6440, 424, 182, 186, true, true
827033, 2889, 6441, 425, 183, 184, true, true
827378, 2908, 6441, 424, 182, 187, true, true
828269, 2946, 6441, 423, 182, 191, true, true
828361, 2952, 6441, 422, 182, 192, true, true
828881, 2980, 6443, 424, 183, 191, true, true
828944, 2984, 6443, 423, 182, 191, true, true
829204, 2992, 6443, 418, 182, 193, true, true
829519, 3008, 6443, 417, 181, 195, true, true
829691, 3014, 6443, 415, 180, 195, true, true
829701, 3015, 6444, 416, 181, 192, true, true
830067, 3030, 6445, 417, 182, 192, true, true
830483, 3054, 6446, 418, 183, 193, true, true
830836, 3076, 6447, 419, 184, 192, true, true
830989, 3085, 6448, 420, 185, 192, true, true
831255, 3102, 6449, 420, 185, 192, true, true
831517, 3114, 6453, 423, 186, 190, true, true
831677, 3124, 6453, 422, 185, 191, true, true
831792, 3128, 6454, 423, 186, 190, true, true
831898, 3138, 6454, 422, 185, 191, true, true
831980, 3142, 6455, 422, 186, 190, true, true
832070, 3147, 6455, 421, 185, 191, true, true
832175, 3153, 6455, 420, 184, 192, true, true
832330, 3162, 6456, 421, 185, 190, true, true
832385, 3165, 6456, 419, 184, 190, true, true
832873, 3189, 6457, 420, 185, 187, true, true
833080, 3199, 6458, 421, 186, 184, true, true
833600, 3217, 6458, 420, 186, 185, true, true
833817, 3230, 6459, 421, 187, 185, true, true
833899, 3238, 6460, 422, 188, 182, true, true
834522, 3263, 6460, 419, 187, 182, true, true
834624, 3268, 6460, 418, 186, 182, true, true
834914, 3286, 6462, 420, 187, 181, true, true
835093, 3295, 6466, 424, 188, 177, true, true
835247, 3304, 6466, 422, 187, 177, true, true
835368, 3310, 6470, 426, 188, 177, true, true
835388, 3311, 6472, 428, 189, 176, true, true
836419, 3375, 6474, 430, 190, 180, true, true
836483, 3378, 6475, 431, 191, 178, true, true
837045, 3407, 6475, 430, 190, 179, true, true
837217, 3415, 6475, 429, 189, 179, true, true
837665, 3427, 6476, 430, 190, 178, true, true
837798, 3434, 6476, 401, 187, 178, true, true
837816, 3436, 6477, 402, 188, 177, true, true
838262, 3459, 6477, 401, 188, 182, true, true
838329, 3462, 6477, 400, 188, 182, true, true
838514, 3470, 6477, 387, 186, 183, true, true
838661, 3482, 6478, 387, 187, 181, true, true
838757, 3488, 6479, 388, 188, 181, true, true
839070, 3502, 6484, 392, 189, 186, true, true
839082, 3503, 6485, 393, 190, 185, true, true
839231, 3510, 6487, 395, 191, 184, true, true
839369, 3517, 6487, 394, 190, 185, true, true
839495, 3528, 6487, 393, 189, 188, true, true
839593, 3534, 6489, 395, 190, 188, true, true
839649, 3538, 6489, 391, 189, 189, true, true
839830, 3548, 6491, 392, 189, 187, true, true
840514, 3583, 6491, 391, 189, 190, true, true
840636, 3591, 6491, 390, 188, 190, true, true
840907, 3604, 6491, 388, 187, 190, true, true
840979, 3608, 6492, 389, 188, 190, true, true
841171, 3619, 6493, 390, 189, 189, true, true
841185, 3620, 6494, 390, 189, 188, true, true
841234, 3623, 6494, 389, 188, 188, true, true
841265, 3625, 6496, 391, 189, 186, true, true
841455, 3631, 6498, 393, 190, 182, true, true
841622, 3640, 6498, 391, 188, 184, true, true
841907, 3656, 6498, 388, 187, 185, true, true
842062, 3664, 6500, 390, 188, 184, true, true
842075, 3666, 6501, 391, 189, 183, true, true
842116, 3668, 6502, 392, 190, 182, true, true
842193, 3671, 6502, 389, 190, 182, true, true
842202, 3672, 6505, 391, 190, 180, true, true
842211, 3673, 6506, 392, 191, 178, true, true
842548, 3691, 6509, 394, 192, 178, true, true
842586, 3693, 6509, 393, 192, 178, true, true
842795, 3705, 6509, 392, 191, 178, true, true
843155, 3723, 6511, 394, 192, 181, true, true
843188, 3726, 6512, 395, 193, 180, true, true
843284, 3731, 6513, 396, 194, 180, true, true
843606, 3746, 6513, 394, 193, 183, true, true
843749, 3751, 6514, 395, 194, 182, true, true
843913, 3756, 6514, 393, 193, 182, true, true
844310, 3777, 6514, 391, 193, 184, true, true
844663, 3783, 6515, 391, 194, 181, true, true
844879, 3795, 6517, 393, 195, 181, true, true
844980, 3802, 6518, 393, 196, 180, true, true
845024, 3805, 6520, 395, 197, 179, true, true
845174, 3813, 6521, 394, 196, 179, true, true
845352, 3822, 6521, 393, 195, 180, true, true
845397, 3825, 6522, 393, 195, 178, true, true
845489, 3829, 6524, 395, 196, 180, true, true
845679, 3839, 6526, 396, 197, 178, true, true
845852, 3848, 6526, 393, 196, 178, true, true
845918, 3852, 6531, 398, 197, 174, true, true
846065, 3859, 6531, 397, 196, 175, true, true
846234, 3870, 6532, 398, 197, 175, true, true
846417, 3878, 6534, 400, 198, 172, true, true
846592, 3887, 6535, 401, 199, 170, true, true
847022, 3898, 6535, 400, 198, 170, true, true
847321, 3914, 6536, 401, 199, 168, true, true
847726, 3934, 6536, 399, 198, 171, true, true
848113, 3954, 6536, 398, 197, 174, true, true
848175, 3958, 6537, 399, 198, 173, true, true
848337, 3968, 6537, 398, 197, 175, true, true
848347, 3969, 6538, 399, 198, 168, true, true
848372, 3970, 6538, 398, 197, 168, true, true
848616, 3979, 6540, 399, 198, 166, true, true
848633, 3981, 6541, 400, 199, 165, true, true
848875, 3992, 6541, 397, 197, 165, true, true
849297, 4009, 6543, 399, 198, 163, true, true
849348, 4011, 6544, 400, 199, 161, true, true
849549, 4020, 6545, 401, 200, 162, true, true
849670, 4027, 6546, 396, 200, 161, true, true
849949, 4042, 6546, 395, 199, 163, true, true
850060, 4047, 6546, 393, 198, 163, true, true
850508, 4054, 6546, 390, 196, 163, true, true
850588, 4059, 6548, 392, 197, 163, true, true
850608, 4060, 6548, 390, 196, 163, true, true
850639, 4061, 6548, 389, 195, 163, true, true
850826, 4071, 6549, 390, 196, 163, true, true
851441, 4099, 6549, 389, 196, 168, true, true
851932, 4122, 6549, 383, 195, 170, true, true
852283, 4136, 6550, 384, 196, 170, true, true
852625, 4158, 6551, 384, 196, 172, true, true
852959, 4170, 6552, 385, 197, 172, true, true
853290, 4189, 6552, 384, 196, 173, true, true
853325, 4193, 6553, 384, 196, 171, true, true
853490, 4202, 6555, 385, 196, 170, true, true
853608, 4211, 6556, 386, 197, 169, true, true
855021, 4279, 6556, 385, 196, 177, true, true
855253, 4292, 6560, 389, 197, 177, true, true
855493, 4306, 6560, 387, 196, 179, true, true
855553, 4309, 6561, 384, 196, 177, true, true
855979, 4331, 6561, 383, 195, 179, true, true
855991, 4332, 6562, 384, 196, 178, true, true
856409, 4343, 6562, 383, 195, 178, true, true
856490, 4346, 6562, 382, 194, 178, true, true
856868, 4361, 6562, 380, 193, 180, true, true
857658, 4391, 6562, 379, 193, 183, true, true
857695, 4394, 6563, 380, 194, 183, true, true
857927, 4403, 6563, 379, 194, 184, true, true
858114, 4415, 6573, 388, 194, 183, true, true
858433, 4432, 6574, 389, 195, 183, true, true
858464, 4434, 6575, 390, 196, 180, true, true
858481, 4435, 6603, 418, 197, 179, true, true
858731, 4436, 6603, 414, 196, 179, true, true
858973, 4447, 6604, 415, 197, 180, true, true
859052, 4451, 6605, 416, 198, 178, true, true
859163, 4454, 6605, 415, 197, 178, true, true
859982, 4495, 6606, 416, 198, 182, true, true
860048, 4499, 6608, 418, 199, 183, true, true
860318, 4513, 6611, 421, 200, 183, true, true
860992, 4536, 6611, 420, 199, 184, true, true
861044, 4538, 6612, 421, 200, 183, true, true
861549, 4539, 6612, 419, 199, 183, true, true
861638, 4544, 6621, 428, 200, 182, true, true
861698, 4546, 6621, 426, 199, 182, true, true
861770, 4548, 6621, 424, 198, 182, true, true
862206, 4558, 6622, 420, 197, 181, true, true
862766, 4582, 6623, 421, 198, 182, true, true
862847, 4586, 6623, 420, 197, 183, true, true
862877, 4587, 6624, 420, 197, 182, true, true
863083, 4598, 6625, 421, 198, 181, true, true
863674, 4630, 6625, 420, 197, 187, true, true
863725, 4633, 6625, 419, 196, 187, true, true
863759, 4636, 6626, 420, 197, 185, true, true
863775, 4639, 6627, 421, 198, 182, true, true
864823, 4688, 6627, 418, 197, 188, true, true
865006, 4698, 6627, 417, 196, 188, true, true
865459, 4723, 6630, 420, 197, 187, true, true
865847, 4739, 6631, 421, 198, 186, true, true
865997, 4744, 6631, 420, 197, 186, true, true
867145, 4791, 6631, 419, 197, 190, true, true
867204, 4795, 6635, 423, 198, 189, true, true
867629, 4815, 6636, 424, 199, 192, true, true
867899, 4828, 6636, 423, 198, 194, true, true
867965, 4831, 6636, 422, 197, 194, true, true
868810, 4844, 6640, 425, 198, 192, true, true
869427, 4873, 6640, 422, 197, 193, true, true
869503, 4877, 6640, 420, 196, 193, true, true
870377, 4920, 6641, 421, 197, 194, true, true
870659, 4931, 6641, 420, 196, 194, true, true
871159, 4955, 6642, 421, 197, 195, true, true
871204, 4957, 6644, 423, 198, 192, true, true
871503, 4972, 6644, 422, 197, 193, true, true
871991, 4992, 6644, 421, 196, 194, true, true
872703, 5009, 6645, 422, 197, 193, true, true
873692, 5051, 6648, 423, 197, 195, true, true
874189, 5073, 6648, 422, 196, 197, true, true
875173, 5129, 6650, 424, 197, 199, true, true
875301, 5135, 6656, 429, 198, 197, true, true
875492, 5144, 6658, 430, 198, 193, true, true
875559, 5149, 6663, 421, 197, 192, true, true
875571, 5150, 6665, 419, 197, 190, true, true
876154, 5175, 6665, 416, 196, 190, true, true
876419, 5189, 6665, 414, 195, 192, true, true
876981, 5219, 6666, 414, 196, 193, true, true
877166, 5230, 6667, 415, 197, 193, true, true
877347, 5241, 6667, 414, 196, 193, true, true
877371, 5242, 6667, 411, 194, 194, true, true
877413, 5244, 6669, 413, 195, 191, true, true
877595, 5257, 6669, 412, 194, 192, true, true
877809, 5268, 6669, 410, 193, 192, true, true
877904, 5276, 6669, 409, 192, 192, true, true
878565, 5311, 6669, 408, 192, 194, true, true
878789, 5320, 6669, 407, 191, 194, true, true
878859, 5322, 6669, 404, 190, 194, true, true
879024, 5332, 6671, 406, 191, 193, true, true
879036, 5333, 6672, 407, 192, 192, true, true
879220, 5342, 6672, 405, 191, 193, true, true
880783, 5390, 6675, 408, 192, 193, true, true
881413, 5418, 6676, 409, 193, 190, true, true
881490, 5422, 6677, 410, 194, 189, true, true
881693, 5432, 6678, 411, 195, 188, true, true
882669, 5483, 6682, 415, 196, 192, true, true
882757, 5489, 6683, 416, 197, 184, true, true
883202, 5508, 6683, 413, 197, 184, true, true
883411, 5518, 6684, 413, 198, 183, true, true
883603, 5525, 6684, 412, 197, 184, true, true
883630, 5527, 6685, 413, 198, 181, true, true
884374, 5564, 6686, 414, 199, 182, true, true
884757, 5582, 6686, 413, 198, 184, true, true
886381, 5655, 6687, 414, 199, 183, true, true
886765, 5675, 6688, 415, 200, 186, true, true
887133, 5690, 6688, 413, 199, 186, true, true
887181, 5693, 6688, 412, 199, 186, true, true
887537, 5708, 6688, 411, 198, 186, true, true
887615, 5711, 6688, 410, 197, 186, true, true
887916, 5727, 6689, 411, 198, 178, true, true
888235, 5746, 6689, 410, 197, 180, true, true
888321, 5751, 6689, 409, 196, 180, true, true
888766, 5766, 6690, 410, 197, 180, true, true
889227, 5788, 6690, 409, 196, 181, true, true
889307, 5792, 6691, 410, 197, 179, true, true
889414, 5798, 6693, 411, 198, 178, true, true
889643, 5810, 6693, 410, 197, 178, true, true
890058, 5829, 6693, 409, 196, 181, true, true
890086, 5832, 6694, 410, 197, 179, true, true
890816, 5866, 6695, 411, 198, 180, true, true
891169, 5884, 6695, 409, 197, 180, true, true
891239, 5886, 6695, 408, 197, 180, true, true
891362, 5891, 6695, 407, 197, 180, true, true
891379, 5892, 6695, 405, 195, 180, true, true
891425, 5895, 6695, 404, 194, 181, true, true
891612, 5904, 6696, 404, 195, 177, true, true
891721, 5908, 6696, 403, 194, 178, true, true
892364, 5934, 6696, 402, 193, 179, true, true
892480, 5940, 6697, 403, 194, 178, true, true
892657, 5948, 6697, 402, 193, 179, true, true
892876, 5959, 6698, 403, 194, 178, true, true
893374, 5975, 6699, 403, 194, 180, true, true
893830, 5993, 6702, 405, 194, 180, true, true
895244, 6047, 6703, 406, 195, 182, true, true
895256, 6048, 6708, 408, 194, 181, true, true
895598, 6065, 6708, 404, 193, 182, true, true
896306, 6094, 6709, 405, 194, 182, true, true
897263, 6125, 6709, 404, 193, 184, true, true
897358, 6132, 6709, 403, 192, 184, true, true
897731, 6151, 6709, 402, 191, 184, true, true
897863, 6158, 6709, 398, 191, 184, true, true
898093, 6170, 6710, 398, 192, 181, true, true
898312, 6180, 6710, 397, 191, 182, true, true
899356, 6210, 6710, 396, 190, 182, true, true
899784, 6229, 6711, 397, 191, 184, true, true
899811, 6230, 6711, 396, 190, 184, true, true
900020, 6241, 6711, 386, 190, 184, true, true
900553, 6271, 6711, 385, 189, 186, true, true
901075, 6294, 6712, 386, 190, 183, true, true
901307, 6306, 6713, 387, 191, 180, true, true
902892, 6387, 6713, 386, 190, 182, true, true
903916, 6443, 6713, 385, 189, 188, true, true
904412, 6464, 6714, 386, 190, 188, true, true
904597, 6475, 6716, 388, 191, 185, true, true
905127, 6499, 6716, 387, 190, 186, true, true
907256, 6603, 6716, 386, 189, 189, true, true
907453, 6614, 6716, 384, 188, 190, true, true
907780, 6625, 6716, 383, 187, 190, true, true
908040, 6636, 6718, 379, 188, 189, true, true
908257, 6648, 6719, 380, 189, 186, true, true
908556, 6665, 6720, 381, 190, 184, true, true
908612, 6669, 6724, 385, 191, 182, true, true
909040, 6690, 6724, 384, 190, 185, true, true
909196, 6700, 6725, 385, 191, 182, true, true
909754, 6724, 6726, 386, 192, 181, true, true
909819, 6729, 6726, 385, 191, 181, true, true
910209, 6745, 6726, 384, 190, 182, true, true
910338, 6752, 6726, 383, 190, 182, true, true
910684, 6770, 6726, 381, 189, 183, true, true
910974, 6780, 6726, 379, 188, 183, true, true
912169, 6835, 6727, 380, 189, 183, true, true
913220, 6885, 6734, 387, 190, 185, true, true
913608, 6905, 6734, 386, 189, 185, true, true
913671, 6907, 6734, 376, 189, 185, true, true
913855, 6915, 6735, 377, 190, 185, true, true
914024, 6926, 6736, 378, 191, 182, true, true
914878, 6972, 6737, 379, 192, 184, true, true
915111, 6981, 6739, 381, 193, 179, true, true
915184, 6984, 6739, 380, 192, 179, true, true
915356, 6992, 6768, 408, 193, 177, true, true
915402, 6994, 6774, 414, 194, 176, true, true
915458, 6997, 6777, 415, 195, 174, true, true
915512, 6999, 6777, 414, 194, 174, true, true
915623, 7004, 6777, 411, 193, 175, true, true
916177, 7027, 6777, 410, 192, 177, true, true
916635, 7050, 6778, 411, 193, 176, true, true
916880, 7062, 6779, 412, 194, 175, true, true
917081, 7069, 6779, 411, 193, 177, true, true
918615, 7133, 6780, 412, 194, 180, true, true
919199, 7159, 6780, 410, 193, 182, true, true
920423, 7218, 6781, 411, 194, 184, true, true
920710, 7231, 6781, 410, 193, 185, true, true
921519, 7256, 6781, 409, 192, 186, true, true
921874, 7272, 6782, 410, 193, 186, true, true
922761, 7315, 6782, 409, 192, 187, true, true
923178, 7331, 6782, 408, 191, 187, true, true
923499, 7348, 6783, 409, 192, 184, true, true
925519, 7434, 6785, 411, 193, 187, true, true
925625, 7440, 6785, 410, 192, 187, true, true
925676, 7444, 6785, 407, 190, 188, true, true
925696, 7445, 6785, 405, 188, 188, true, true
926574, 7474, 6785, 403, 187, 190, true, true
926598, 7475, 6786, 404, 188, 187, true, true
926904, 7488, 6786, 403, 187, 188, true, true
927523, 7513, 6786, 374, 186, 189, true, true
927955, 7527, 6786, 373, 185, 189, true, true
928294, 7546, 6792, 372, 182, 187, true, true
928869, 7569, 6793, 373, 183, 189, true, true
929303, 7586, 6793, 372, 182, 189, true, true
929453, 7593, 6793, 371, 182, 189, true, true
930201, 7620, 6793, 370, 181, 190, true, true
930522, 7639, 6794, 371, 182, 192, true, true
930875, 7655, 6795, 371, 182, 191, true, true
930937, 7658, 6795, 368, 181, 191, true, true
931028, 7662, 6796, 369, 182, 189, true, true
931382, 7677, 6796, 365, 182, 191, true, true
932917, 7720, 6796, 364, 181, 193, true, true
933396, 7740, 6796, 363, 180, 193, true, true
934901, 7803, 6796, 362, 179, 196, true, true
935239, 7820, 6796, 360, 178, 196, true, true
935646, 7834, 6797, 361, 179, 196, true, true
935775, 7840, 6798, 362, 180, 196, true, true
936445, 7874, 6798, 361, 179, 197, true, true
936808, 7886, 6798, 360, 178, 199, true, true
936877, 7890, 6798, 359, 177, 199, true, true
937230, 7908, 6805, 362, 176, 195, true, true
937437, 7917, 6805, 361, 175, 195, true, true
937547, 7921, 6808, 364, 176, 194, true, true
939841, 8035, 6808, 362, 175, 200, true, true
939863, 8036, 6809, 363, 176, 198, true, true
941045, 8091, 6809, 361, 175, 200, true, true
941521, 8118, 6809, 360, 174, 200, true, true
941657, 8125, 6810, 361, 175, 198, true, true
942255, 8150, 6811, 362, 176, 197, true, true
942364, 8156, 6811, 361, 175, 197, true, true
942425, 8158, 6867, 385, 175, 195, true, true
942550, 8164, 6868, 386, 176, 194, true, true
942668, 8170, 6868, 385, 175, 194, true, true
942690, 8172, 6870, 387, 176, 192, true, true
942954, 8186, 6874, 391, 177, 190, true, true
943738, 8227, 6875, 392, 178, 191, true, true
943856, 8232, 6887, 394, 178, 188, true, true
944079, 8242, 6887, 393, 177, 188, true, true
944178, 8246, 6888, 393, 177, 187, true, true
945217, 8278, 6888, 392, 176, 189, true, true
945863, 8305, 6888, 391, 175, 190, true, true
946237, 8320, 6888, 390, 174, 191, true, true
946706, 8342, 6889, 391, 175, 191, true, true
948285, 8409, 6891, 393, 176, 196, true, true
948889, 8438, 6892, 394, 177, 195, true, true
950286, 8500, 6892, 393, 176, 197, true, true
951097, 8526, 6894, 390, 177, 196, true, true
951688, 8542, 6895, 391, 178, 195, true, true
951733, 8544, 6896, 392, 179, 194, true, true
951897, 8551, 6896, 391, 178, 194, true, true
952244, 8563, 6896, 390, 177, 195, true, true
952531, 8576, 6896, 389, 176, 195, true, true
952861, 8592, 6898, 391, 177, 193, true, true
953139, 8603, 6899, 392, 178, 191, true, true
953818, 8631, 6902, 395, 179, 188, true, true
955841, 8706, 6904, 397, 180, 186, true, true
958586, 8778, 6905, 397, 180, 189, true, true
958781, 8787, 6907, 399, 181, 181, true, true
958899, 8792, 6908, 399, 181, 179, true, true
959612, 8822, 6908, 398, 181, 180, true, true
960308, 8840, 6910, 400, 182, 178, true, true
960443, 8846, 6911, 396, 183, 177, true, true
960861, 8861, 6912, 397, 184, 176, true, true
961199, 8878, 6914, 399, 185, 175, true, true
961404, 8887, 6915, 400, 186, 174, true, true
961990, 8912, 6916, 400, 187, 173, true, true
962804, 8946, 6916, 399, 186, 177, true, true
963578, 8974, 6917, 399, 186, 176, true, true
963917, 8985, 6917, 398, 185, 177, true, true
964133, 8995, 6918, 399, 186, 173, true, true
964389, 9005, 6919, 399, 187, 172, true, true
967500, 9136, 6919, 398, 186, 176, true, true
967517, 9138, 6919, 396, 186, 176, true, true
967673, 9146, 6920, 397, 187, 173, true, true
967822, 9153, 6920, 396, 187, 173, true, true
967953, 9161, 6920, 390, 186, 173, true, true
968213, 9172, 6921, 382, 187, 171, true, true
968289, 9178, 6921, 381, 186, 171, true, true
968533, 9188, 6921, 380, 185, 171, true, true
968692, 9195, 6921, 379, 184, 171, true, true
968809, 9200, 6923, 381, 185, 168, true, true
969190, 9219, 6925, 382, 185, 166, true, true
969419, 9228, 6925, 381, 184, 166, true, true
969699, 9238, 6925, 380, 183, 166, true, true
970147, 9251, 6925, 379, 182, 166, true, true
970217, 9255, 6925, 378, 181, 167, true, true
970282, 9259, 6957, 405, 182, 166, true, true
970527, 9268, 6957, 403, 181, 167, true, true
971462, 9285, 6957, 401, 180, 169, true, true
971785, 9299, 6957, 394, 179, 170, true, true
971813, 9300, 6957, 393, 178, 170, true, true
972425, 9330, 6957, 391, 177, 172, true, true
972467, 9332, 6958, 392, 178, 170, true, true
973987, 9404, 6960, 393, 179, 171, true, true
975364, 9466, 6960, 391, 177, 173, true, true
976280, 9510, 6964, 395, 178, 170, true, true
976394, 9516, 6976, 403, 179, 169, true, true
977846, 9574, 6976, 401, 178, 170, true, true
978739, 9618, 6978, 394, 177, 170, true, true
978855, 9623, 6978, 393, 176, 171, true, true
979530, 9628, 6979, 394, 177, 169, true, true
979715, 9636, 6980, 395, 178, 168, true, true
979728, 9637, 6981, 396, 179, 167, true, true
981483, 9707, 6981, 394, 179, 168, true, true
981706, 9715, 6981, 393, 178, 168, true, true
982913, 9772, 6982, 394, 179, 167, true, true
986835, 9905, 6984, 396, 180, 171, true, true
987139, 9916, 6984, 393, 179, 173, true, true
987868, 9937, 6985, 394, 180, 171, true, true
988244, 9953, 6985, 393, 179, 171, true, true
988674, 9974, 6985, 392, 179, 172, true, true
989661, 10009, 6986, 393, 180, 171, true, true
990304, 10039, 6986, 392, 179, 173, true, true
990819, 10061, 6986, 390, 179, 173, true, true
990992, 10069, 6987, 391, 180, 172, true, true
991015, 10070, 6987, 390, 180, 172, true, true
991118, 10075, 6988, 391, 181, 170, true, true
991564, 10092, 6988, 390, 180, 171, true, true
992028, 10107, 6991, 393, 181, 171, true, true
993053, 10150, 6991, 391, 180, 173, true, true
994770, 10216, 6993, 393, 181, 174, true, true
994841, 10218, 6994, 394, 182, 172, true, true
995247, 10237, 6994, 393, 181, 173, true, true
997314, 10327, 6994, 392, 180, 177, true, true
997940, 10360, 7200, 577, 181, 177, true, true
998047, 10364, 7200, 569, 181, 178, true, true
998611, 10388, 7201, 570, 182, 178, true, true
999273, 10420, 7203, 562, 182, 177, true, true
999471, 10426, 7220, 572, 183, 173, true, true
1000246, 10459, 7221, 573, 184, 173, true, true
1001232, 10501, 7221, 572, 183, 173, true, true
1001347, 10507, 7222, 572, 184, 172, true, true
1003666, 10609, 7224, 574, 185, 171, true, true
1004517, 10647, 7224, 571, 185, 174, true, true
1004997, 10674, 7224, 570, 184, 174, true, true
1006529, 10731, 7224, 569, 183, 179, true, true
1007787, 10776, 7224, 568, 182, 180, true, true
1008241, 10794, 7224, 567, 181, 180, true, true
1008254, 10795, 7224, 565, 180, 180, true, true
1010365, 10882, 7225, 566, 181, 183, true, true
1010546, 10888, 7225, 564, 180, 183, true, true
1011836, 10932, 7225, 563, 179, 183, true, true
1011889, 10936, 7228, 564, 179, 178, true, true
1012379, 10962, 7229, 565, 180, 177, true, true
1012611, 10975, 7230, 566, 181, 175, true, true
1014678, 11042, 7231, 566, 181, 174, true, true
1015479, 11076, 7231, 563, 180, 175, true, true
1016010, 11097, 7231, 562, 179, 175, true, true
1016773, 11130, 7231, 561, 178, 176, true, true
1016851, 11134, 7232, 562, 179, 172, true, true
1016960, 11139, 7232, 561, 178, 172, true, true
1017624, 11168, 7232, 559, 177, 173, true, true
1018436, 11205, 7232, 558, 177, 174, true, true
1021751, 11337, 7233, 558, 178, 179, true, true
1021806, 11339, 7233, 555, 178, 179, true, true
1021818, 11340, 7241, 563, 179, 172, true, true
1022568, 11378, 7241, 562, 178, 172, true, true
1023122, 11401, 7241, 560, 177, 173, true, true
1024078, 11435, 7241, 558, 176, 177, true, true
1025564, 11491, 7241, 557, 175, 179, true, true
1026757, 11521, 7241, 556, 174, 180, true, true
1026908, 11528, 7243, 556, 174, 180, true, true
1027286, 11544, 7244, 557, 175, 179, true, true
1029111, 11623, 7260, 570, 175, 177, true, true
1029995, 11656, 7260, 568, 174, 179, true, true
1030329, 11668, 7261, 569, 175, 177, true, true
1031516, 11718, 7261, 568, 174, 178, true, true
1033733, 11812, 7263, 570, 175, 178, true, true
1034689, 11854, 7263, 569, 174, 179, true, true
1035550, 11894, 7264, 570, 175, 179, true, true
1035737, 11903, 7265, 571, 176, 178, true, true
1036110, 11920, 7267, 568, 177, 177, true, true
1036214, 11926, 7269, 570, 178, 176, true, true
1036267, 11928, 7269, 568, 178, 176, true, true
1036913, 11956, 7271, 569, 178, 175, true, true
1037411, 11974, 7271, 568, 177, 175, true, true
1038140, 12003, 7272, 569, 178, 171, true, true
1038180, 12004, 7272, 568, 178, 171, true, true
1038908, 12033, 7275, 567, 179, 169, true, true
1039979, 12079, 7275, 565, 179, 169, true, true
1041529, 12122, 7276, 566, 180, 170, true, true
1042637, 12175, 7277, 567, 181, 169, true, true
1042723, 12179, 7277, 565, 180, 169, true, true
1042792, 12182, 7277, 562, 179, 169, true, true
1043219, 12195, 7279, 564, 180, 167, true, true
1043648, 12214, 7280, 565, 181, 163, true, true
1043910, 12226, 7280, 564, 180, 163, true, true
1044731, 12260, 7280, 562, 179, 165, true, true
1048987, 12442, 7281, 563, 180, 164, true, true
1049940, 12484, 7281, 562, 180, 165, true, true
1050443, 12510, 7281, 559, 178, 165, true, true
1050742, 12522, 7284, 562, 179, 163, true, true
1051458, 12555, 7285, 563, 180, 160, true, true
1052886, 12611, 7286, 564, 181, 160, true, true
1056103, 12737, 7289, 567, 182, 163, true, true
1056790, 12770, 7289, 566, 181, 163, true, true
1057200, 12790, 7289, 565, 180, 163, true, true
1057225, 12791, 7289, 564, 179, 163, true, true
1057300, 12793, 7289, 563, 178, 163, true, true
1057729, 12814, 7289, 561, 178, 164, true, true
1058193, 12831, 7290, 562, 179, 162, true, true
1058339, 12840, 7292, 564, 180, 162, true, true
1058559, 12850, 7292, 563, 180, 162, true, true
1059733, 12904, 7292, 562, 180, 164, true, true
1060695, 12943, 7292, 561, 179, 165, true, true
1061726, 12983, 7292, 559, 179, 166, true, true
1063471, 13060, 7292, 558, 178, 167, true, true
1065567, 13125, 7292, 557, 177, 167, true, true
1067243, 13186, 7292, 556, 176, 171, true, true
1068303, 13210, 7341, 467, 177, 172, true, true
1069759, 13265, 7342, 467, 178, 172, true, true
1070571, 13295, 7342, 466, 177, 172, true, true
1071646, 13343, 7344, 468, 178, 171, true, true
1072042, 13359, 7345, 469, 179, 171, true, true
1072676, 13379, 7346, 470, 180, 168, true, true
1073184, 13404, 7346, 469, 179, 169, true, true
1074368, 13453, 7346, 468, 178, 170, true, true
1074772, 13465, 7347, 469, 179, 169, true, true
1075974, 13512, 7347, 467, 179, 171, true, true
1077224, 13569, 7348, 466, 178, 171, true, true
1077273, 13570, 7348, 465, 177, 171, true, true
1077993, 13596, 7349, 466, 178, 170, true, true
1079818, 13672, 7349, 465, 177, 172, true, true
1079894, 13676, 7350, 466, 178, 170, true, true
1080078, 13684, 7350, 463, 177, 170, true, true
1081317, 13734, 7350, 462, 176, 171, true, true
1083772, 13846, 7350, 461, 175, 173, true, true
1084411, 13872, 7350, 459, 174, 173, true, true
1084423, 13873, 7351, 460, 175, 170, true, true
1084701, 13886, 7351, 459, 174, 171, true, true
1086044, 13938, 7351, 458, 173, 171, true, true
1087679, 14006, 7351, 456, 172, 172, true, true
1088629, 14043, 7352, 457, 173, 172, true, true
1088674, 14045, 7353, 458, 174, 171, true, true
1090611, 14125, 7353, 457, 174, 175, true, true
1090786, 14132, 7354, 458, 175, 173, true, true
1091694, 14170, 7355, 459, 176, 174, true, true
1091917, 14178, 7355, 458, 175, 174, true, true
1093031, 14229, 7356, 459, 176, 172, true, true
1094647, 14297, 7356, 458, 175, 176, true, true
1094670, 14298, 7357, 459, 176, 174, true, true
1096821, 14372, 7357, 458, 175, 177, true, true
1097520, 14396, 7357, 457, 174, 177, true, true
1097776, 14404, 7357, 456, 173, 178, true, true
1098780, 14451, 7360, 459, 174, 179, true, true
1100378, 14509, 7370, 444, 175, 180, true, true
1101194, 14544, 7371, 445, 176, 180, true, true
1101633, 14560, 7371, 444, 175, 180, true, true
1103446, 14632, 7371, 443, 174, 180, true, true
1105635, 14717, 7371, 442, 173, 185, true, true
1105681, 14718, 7371, 441, 172, 185, true, true
1107595, 14776, 7372, 442, 173, 182, true, true
1108272, 14811, 7373, 429, 174, 181, true, true
1109395, 14855, 7375, 431, 175, 180, true, true
1110708, 14905, 7375, 430, 174, 181, true, true
1111317, 14931, 7375, 429, 173, 182, true, true
1111666, 14944, 7376, 430, 174, 181, true, true
1112003, 14958, 7378, 432, 175, 177, true, true
1112454, 14975, 7378, 430, 174, 178, true, true
1113268, 15006, 7379, 431, 175, 177, true, true
1115095, 15075, 7379, 430, 174, 178, true, true
1115326, 15081, 7379, 429, 173, 178, true, true
1115875, 15103, 7380, 427, 172, 176, true, true
1116829, 15124, 7380, 426, 171, 176, true, true
1119280, 15214, 7381, 427, 172, 175, true, true
1121277, 15267, 7381, 426, 171, 175, true, true
1121483, 15272, 7382, 427, 172, 174, true, true
1121618, 15278, 7384, 429, 173, 170, true, true
1121739, 15284, 7384, 428, 172, 170, true, true
1123113, 15338, 7385, 429, 173, 168, true, true
1124722, 15403, 7385, 428, 172, 170, true, true
1127310, 15493, 7386, 429, 173, 169, true, true
1127356, 15495, 7387, 430, 174, 165, true, true
1129695, 15586, 7388, 431, 175, 159, true, true
1131508, 15647, 7388, 430, 174, 161, true, true
1131780, 15658, 7403, 445, 175, 161, true, true
1133069, 15713, 7404, 446, 176, 160, true, true
1134078, 15751, 7405, 447, 177, 156, true, true
1134241, 15757, 7405, 446, 176, 156, true, true
1136026, 15811, 7405, 445, 175, 158, true, true
1137056, 15848, 7406, 446, 176, 160, true, true
1137362, 15859, 7406, 445, 175, 160, true, true
1137465, 15863, 7407, 437, 172, 159, true, true
1138913, 15917, 7407, 435, 171, 161, true, true
1138993, 15920, 7408, 436, 172, 160, true, true
1141325, 15993, 7408, 433, 172, 161, true, true
1143222, 16058, 7413, 431, 172, 161, true, true
1144560, 16100, 7413, 427, 171, 162, true, true
1146345, 16160, 7414, 428, 172, 160, true, true
1146584, 16168, 7414, 427, 171, 160, true, true
1146927, 16178, 7415, 427, 171, 159, true, true
1149018, 16238, 7415, 426, 170, 160, true, true
1150395, 16262, 7416, 427, 171, 159, true, true
1153718, 16375, 7416, 426, 170, 161, true, true
1155884, 16432, 7417, 427, 171, 160, true, true
1158817, 16540, 7418, 428, 172, 160, true, true
1158998, 16546, 7422, 432, 173, 159, true, true
1159145, 16552, 7422, 431, 172, 159, true, true
1159499, 16566, 7423, 432, 173, 157, true, true
1161037, 16620, 7443, 446, 174, 157, true, true
1161744, 16645, 7447, 450, 175, 156, true, true
1163530, 16702, 7448, 451, 176, 155, true, true
1163649, 16708, 7448, 450, 175, 155, true, true
1164785, 16750, 7448, 449, 174, 157, true, true
1165980, 16791, 7450, 451, 175, 155, true, true
1166085, 16795, 7450, 449, 174, 155, true, true
1166627, 16818, 7451, 450, 175, 155, true, true
1167211, 16843, 7451, 449, 174, 156, true, true
1169766, 16927, 7452, 450, 175, 158, true, true
1170223, 16946, 7452, 449, 174, 159, true, true
1171847, 17012, 7452, 448, 173, 160, true, true
1173578, 17082, 7453, 448, 173, 160, true, true
1173945, 17097, 7453, 447, 172, 160, true, true
1174666, 17124, 7463, 456, 173, 160, true, true
1182753, 17418, 7465, 458, 174, 159, true, true
1184480, 17478, 7465, 457, 173, 159, true, true
1185446, 17519, 7471, 461, 174, 157, true, true
1185881, 17537, 7472, 462, 175, 156, true, true
1190871, 17692, 7472, 461, 174, 162, true, true
1191282, 17710, 7473, 461, 174, 162, true, true
1194220, 17814, 7473, 460, 173, 165, true, true
1194715, 17836, 7474, 461, 174, 163, true, true
1194955, 17845, 7489, 472, 175, 161, true, true
1195143, 17852, 7489, 471, 174, 161, true, true
1195201, 17854, 7489, 469, 173, 161, true, true
1199697, 18031, 7489, 468, 172, 166, true, true
1199905, 18039, 7489, 467, 171, 166, true, true
1201454, 18098, 7490, 468, 172, 161, true, true
1209381, 18392, 7491, 469, 173, 161, true, true
1212638, 18504, 7492, 470, 174, 161, true, true
1213388, 18534, 7492, 469, 173, 162, true, true
1213713, 18548, 7506, 470, 172, 159, true, true
1213932, 18557, 7506, 469, 171, 159, true, true
1214193, 18568, 7509, 472, 172, 158, true, true
1215164, 18606, 7511, 474, 173, 156, true, true
1219454, 18742, 7512, 475, 174, 158, true, true
1220868, 18796, 7514, 477, 175, 157, true, true
1222852, 18873, 7515, 478, 176, 155, true, true
1223927, 18912, 7515, 477, 175, 155, true, true
1223951, 18913, 7517, 479, 176, 154, true, true
1227052, 19029, 7517, 478, 175, 154, true, true
1228005, 19061, 7519, 480, 176, 152, true, true
1231209, 19192, 7519, 479, 176, 152, true, true
1236838, 19385, 7519, 478, 175, 154, true, true
1238456, 19456, 7519, 476, 174, 156, true, true
1239717, 19505, 7519, 475, 173, 159, true, true
1241768, 19590, 7519, 474, 172, 160, true, true
1242539, 19616, 7595, 489, 173, 160, true, true
1244620, 19670, 7595, 488, 172, 162, true, true
1244971, 19683, 7595, 487, 171, 163, true, true
1246948, 19764, 7598, 490, 172, 163, true, true
1248242, 19816, 7598, 489, 171, 163, true, true
1248478, 19825, 7598, 488, 170, 163, true, true
1251044, 19916, 7598, 487, 169, 164, true, true
1254423, 20067, 7598, 486, 168, 168, true, true
1256683, 20165, 7598, 485, 167, 168, true, true
1257133, 20177, 7599, 486, 168, 163, true, true
1257468, 20194, 7605, 492, 169, 161, true, true
1258113, 20218, 7606, 493, 170, 159, true, true
1260335, 20307, 7606, 491, 169, 164, true, true
1260419, 20311, 7606, 490, 168, 164, true, true
1262087, 20379, 7606, 488, 167, 164, true, true
1263901, 20418, 7607, 489, 168, 163, true, true
1264926, 20464, 7607, 488, 167, 163, true, true
1265927, 20509, 7608, 489, 168, 163, true, true
1265975, 20512, 7610, 490, 168, 162, true, true
1266797, 20550, 7610, 489, 167, 164, true, true
1268944, 20632, 7610, 486, 166, 166, true, true
1270795, 20716, 7613, 488, 166, 165, true, true
1272201, 20772, 7613, 486, 165, 167, true, true
1274528, 20845, 7614, 487, 166, 162, true, true
1275082, 20872, 7614, 486, 165, 163, true, true
1275352, 20885, 7615, 487, 166, 161, true, true
1276097, 20922, 7615, 486, 165, 162, true, true
1279874, 21053, 7615, 485, 164, 163, true, true
1282872, 21159, 7615, 484, 163, 168, true, true
1283061, 21165, 7615, 483, 163, 168, true, true
1286679, 21281, 7616, 484, 164, 165, true, true
1288469, 21353, 7616, 482, 163, 168, true, true
1288821, 21365, 7616, 481, 162, 168, true, true
1289321, 21388, 7616, 480, 161, 169, true, true
1290808, 21450, 7618, 481, 161, 164, true, true
1290898, 21454, 7618, 480, 161, 164, true, true
1290957, 21457, 7619, 481, 162, 160, true, true
1292842, 21535, 7623, 485, 163, 159, true, true
1293497, 21565, 7623, 483, 162, 159, true, true
1295000, 21628, 7623, 480, 161, 160, true, true
1296201, 21678, 7624, 481, 162, 159, true, true
1296926, 21707, 7624, 480, 162, 159, true, true
1297327, 21715, 7624, 479, 161, 159, true, true
1297429, 21719, 7624, 478, 160, 159, true, true
1301353, 21856, 7624, 477, 159, 161, true, true
1301743, 21868, 7626, 479, 160, 159, true, true
1304760, 21984, 7626, 478, 159, 161, true, true
1307781, 22103, 7626, 476, 158, 162, true, true
1308249, 22121, 7627, 476, 159, 160, true, true
1309157, 22156, 7627, 471, 159, 162, true, true
1310713, 22219, 7628, 472, 160, 161, true, true
1313076, 22312, 7628, 471, 160, 164, true, true
1314985, 22391, 7628, 470, 159, 165, true, true
1316331, 22444, 7628, 469, 158, 166, true, true
1317206, 22486, 7638, 476, 158, 164, true, true
1318397, 22534, 7639, 477, 159, 163, true, true
1319307, 22567, 7639, 476, 158, 164, true, true
1320099, 22600, 7640, 477, 159, 161, true, true
1320418, 22619, 7640, 476, 158, 163, true, true
1320794, 22639, 7640, 475, 157, 163, true, true
1321568, 22649, 7662, 488, 158, 162, true, true
1325900, 22830, 7662, 487, 157, 162, true, true
1326192, 22845, 7662, 486, 156, 162, true, true
1326286, 22850, 7662, 485, 155, 162, true, true
1326466, 22861, 7664, 487, 156, 160, true, true
1328491, 22924, 7666, 486, 156, 159, true, true
1331094, 23036, 7667, 487, 157, 152, true, true
1331328, 23045, 7668, 488, 158, 149, true, true
1336881, 23266, 7669, 488, 159, 148, true, true
1338425, 23307, 7669, 487, 158, 148, true, true
1343719, 23508, 7670, 488, 159, 147, true, true
1345870, 23604, 7670, 485, 158, 149, true, true
1347252, 23663, 7670, 484, 157, 152, true, true
1347330, 23667, 7670, 483, 156, 152, true, true
1347881, 23694, 7670, 482, 155, 152, true, true
1348067, 23703, 7670, 481, 154, 152, true, true
1349156, 23748, 7671, 482, 155, 149, true, true
1352909, 23893, 7671, 480, 154, 153, true, true
1355581, 23998, 7674, 472, 154, 154, true, true
1356872, 24037, 7674, 471, 153, 155, true, true
1360276, 24188, 7675, 471, 154, 159, true, true
1360718, 24208, 7675, 470, 153, 159, true, true
1361148, 24231, 7680, 475, 154, 159, true, true
1362882, 24306, 7680, 474, 153, 160, true, true
1367452, 24483, 7681, 475, 154, 161, true, true
1367957, 24503, 7681, 468, 153, 161, true, true
1368311, 24515, 7686, 471, 154, 159, true, true
1372779, 24704, 7686, 470, 153, 162, true, true
1373604, 24739, 7686, 469, 153, 162, true, true
1374242, 24764, 7686, 468, 152, 162, true, true
1375915, 24808, 7687, 469, 153, 161, true, true
1379182, 24939, 7688, 469, 153, 160, true, true
1383403, 25124, 7689, 470, 154, 162, true, true
1389977, 25427, 7689, 469, 153, 163, true, true
1390209, 25440, 7689, 468, 152, 163, true, true
1390636, 25458, 7689, 467, 151, 163, true, true
1391674, 25510, 7689, 466, 150, 166, true, true
1394474, 25621, 7689, 465, 149, 168, true, true
1395410, 25663, 7691, 467, 150, 167, true, true
1395684, 25673, 7692, 468, 151, 166, true, true
1397794, 25753, 7693, 469, 152, 163, true, true
1402022, 25935, 7696, 472, 153, 162, true, true
1403755, 26017, 7696, 470, 152, 162, true, true
1405384, 26095, 7698, 461, 153, 161, true, true
1409453, 26279, 7698, 460, 152, 164, true, true
1410281, 26314, 7700, 462, 153, 163, true, true
1410391, 26320, 7701, 463, 154, 162, true, true
1412497, 26394, 7702, 464, 155, 159, true, true
1414679, 26481, 7702, 463, 154, 160, true, true
1414746, 26484, 7706, 460, 154, 159, true, true
1416752, 26575, 7706, 459, 153, 163, true, true
1418524, 26646, 7706, 457, 152, 163, true, true
1419849, 26709, 7708, 458, 152, 162, true, true
1420179, 26715, 7710, 460, 153, 158, true, true
1421803, 26793, 7711, 461, 154, 156, true, true
1423461, 26875, 7712, 462, 155, 156, true, true
1424299, 26913, 7712, 461, 154, 157, true, true
1425654, 26965, 7713, 462, 155, 156, true, true
1427681, 27045, 7714, 457, 155, 155, true, true
1431488, 27210, 7714, 456, 154, 156, true, true
1432782, 27258, 7715, 456, 155, 155, true, true
1433218, 27278, 7715, 455, 154, 155, true, true
1438327, 27503, 7724, 464, 155, 154, true, true
1441096, 27633, 7724, 459, 154, 156, true, true
1441675, 27660, 7724, 458, 153, 156, true, true
1441851, 27665, 7724, 457, 152, 156, true, true
1449430, 27976, 7725, 458, 153, 156, true, true
1450383, 28016, 7727, 458, 153, 155, true, true
1450403, 28018, 7727, 457, 152, 155, true, true
1450953, 28041, 7727, 456, 151, 155, true, true
1450981, 28042, 7727, 455, 151, 155, true, true
1451846, 28056, 7727, 454, 150, 155, true, true
1451984, 28063, 7727, 451, 149, 155, true, true
1455108, 28179, 7727, 449, 147, 156, true, true
1455866, 28214, 7728, 450, 148, 155, true, true
1456677, 28249, 7729, 451, 149, 155, true, true
1457087, 28269, 7730, 452, 150, 154, true, true
1458199, 28323, 7731, 453, 151, 152, true, true
1463030, 28515, 7732, 454, 152, 153, true, true
1465257, 28584, 7734, 456, 153, 150, true, true
1465570, 28598, 7734, 452, 152, 150, true, true
1467404, 28674, 7736, 454, 153, 149, true, true
1471058, 28827, 7738, 455, 153, 149, true, true
1472776, 28897, 7738, 454, 152, 150, true, true
1474180, 28948, 7739, 455, 153, 149, true, true
1474796, 28975, 7739, 454, 152, 149, true, true
1476112, 29033, 7740, 455, 153, 147, true, true
1480244, 29195, 7740, 454, 152, 148, true, true
1484073, 29362, 7741, 455, 153, 147, true, true
1484507, 29381, 7742, 456, 154, 145, true, true
1486562, 29468, 7743, 457, 155, 145, true, true
1488349, 29548, 7743, 456, 154, 148, true, true
1493470, 29760, 7744, 457, 155, 148, true, true
1495420, 29847, 7745, 457, 155, 148, true, true
1496991, 29920, 7746, 458, 156, 147, true, true
1497731, 29955, 7746, 457, 155, 149, true, true
1500497, 30078, 7747, 458, 156, 150, true, true
1502249, 30165, 7747, 457, 155, 152, true, true
1506244, 30337, 7749, 459, 156, 152, true, true
1514789, 30677, 7749, 458, 155, 157, true, true
1514898, 30681, 7749, 457, 154, 157, true, true
1516483, 30757, 7750, 458, 155, 155, true, true
1526007, 31160, 7751, 459, 156, 156, true, true
1526499, 31182, 7751, 458, 156, 156, true, true
1528131, 31247, 7751, 457, 155, 157, true, true
1529171, 31295, 7752, 458, 156, 156, true, true
1530828, 31370, 7752, 454, 155, 157, true, true
1534243, 31527, 7761, 463, 156, 159, true, true
1535235, 31574, 7761, 462, 156, 160, true, true
1536130, 31620, 7765, 466, 157, 159, true, true
1536644, 31643, 7767, 467, 158, 158, true, true
1537160, 31674, 7768, 468, 159, 158, true, true
1537798, 31699, 7768, 467, 158, 158, true, true
1540456, 31809, 7768, 466, 157, 160, true, true
1542125, 31879, 7768, 465, 156, 160, true, true
1542138, 31880, 7769, 466, 157, 159, true, true
1545756, 32052, 7769, 465, 156, 159, true, true
1554841, 32473, 7770, 465, 156, 163, true, true
1556539, 32547, 7770, 464, 155, 164, true, true
1558949, 32662, 7770, 463, 155, 165, true, true
1559007, 32665, 7771, 464, 156, 160, true, true
1562352, 32812, 7771, 462, 155, 160, true, true
1562576, 32825, 7771, 460, 154, 160, true, true
1565108, 32931, 7771, 459, 153, 160, true, true
1567042, 33013, 7771, 458, 152, 161, true, true
1570087, 33151, 7772, 459, 153, 159, true, true
1571991, 33248, 7772, 458, 152, 159, true, true
1576735, 33459, 7772, 457, 151, 162, true, true
1577016, 33475, 7772, 384, 151, 162, true, true
1577474, 33496, 7773, 385, 152, 161, true, true
1579191, 33581, 7773, 383, 151, 161, true, true
1580504, 33651, 7773, 382, 150, 162, true, true
1581229, 33690, 7774, 383, 151, 161, true, true
1583782, 33772, 7775, 384, 152, 160, true, true
1585248, 33836, 7777, 386, 153, 158, true, true
1589549, 34004, 7779, 388, 154, 159, true, true
1591868, 34119, 7779, 385, 153, 160, true, true
1592948, 34163, 7780, 386, 154, 159, true, true
1594169, 34227, 7781, 387, 155, 157, true, true
1599527, 34449, 7781, 385, 154, 158, true, true
1600448, 34493, 7783, 387, 155, 156, true, true
1602180, 34570, 7784, 388, 156, 154, true, true
1614867, 35120, 7785, 389, 157, 155, true, true
1618623, 35289, 7785, 388, 156, 157, true, true
1618757, 35297, 7785, 387, 155, 157, true, true
1619482, 35323, 7785, 386, 155, 158, true, true
1620215, 35361, 7785, 384, 155, 158, true, true
1620546, 35379, 7786, 385, 156, 157, true, true
1621481, 35422, 7788, 387, 157, 155, true, true
1622309, 35459, 7788, 386, 156, 155, true, true
1623827, 35506, 7788, 385, 155, 156, true, true
1623929, 35511, 7789, 386, 156, 155, true, true
1624380, 35531, 7789, 385, 155, 155, true, true
1627540, 35676, 7789, 384, 154, 158, true, true
1630009, 35786, 7789, 383, 153, 159, true, true
1631479, 35846, 7790, 384, 154, 157, true, true
1633165, 35934, 7794, 382, 155, 157, true, true
1634778, 36010, 7794, 381, 154, 157, true, true
1643633, 36424, 7794, 380, 153, 164, true, true
1650289, 36742, 7794, 376, 152, 167, true, true
1651861, 36817, 7794, 375, 151, 167, true, true
1653915, 36907, 7795, 376, 152, 165, true, true
1657293, 37055, 7796, 376, 153, 164, true, true
1660526, 37167, 7796, 375, 152, 164, true, true
1662315, 37243, 7797, 376, 153, 163, true, true
1662461, 37248, 7798, 377, 154, 162, true, true
1664986, 37339, 7798, 376, 153, 162, true, true
1670775, 37592, 7798, 375, 153, 164, true, true
1671928, 37645, 7798, 374, 152, 165, true, true
1673446, 37712, 7798, 373, 151, 168, true, true
1677386, 37876, 7798, 372, 150, 168, true, true
1682535, 38103, 7798, 371, 149, 168, true, true
1687519, 38331, 7798, 367, 148, 170, true, true
1690693, 38469, 7802, 371, 149, 170, true, true
1694627, 38652, 7802, 369, 148, 170, true, true
1698541, 38822, 7803, 370, 149, 169, true, true
1699626, 38866, 7803, 365, 149, 169, true, true
1701952, 38956, 7804, 366, 150, 168, true, true
1703942, 39045, 7804, 365, 149, 168, true, true
1704324, 39063, 7804, 364, 148, 168, true, true
1705445, 39122, 7804, 362, 148, 169, true, true
1709204, 39222, 7812, 359, 149, 169, true, true
1711974, 39336, 7812, 358, 148, 170, true, true
1712605, 39366, 7812, 356, 148, 170, true, true
1715748, 39489, 7813, 357, 149, 165, true, true
1721754, 39723, 7813, 356, 148, 168, true, true
1725390, 39884, 7814, 357, 149, 168, true, true
1726034, 39908, 7814, 356, 148, 168, true, true
1728696, 40028, 7814, 355, 147, 168, true, true
1729697, 40078, 7814, 354, 146, 168, true, true
1729944, 40091, 7815, 354, 147, 167, true, true
1733249, 40249, 7815, 353, 146, 170, true, true
1737016, 40383, 7815, 352, 145, 171, true, true
1737302, 40394, 7815, 351, 144, 171, true, true
1739694, 40503, 7815, 350, 143, 173, true, true
1740599, 40547, 7816, 351, 144, 169, true, true
1740907, 40559, 7817, 349, 145, 168, true, true
1741240, 40573, 7817, 348, 145, 168, true, true
1742196, 40614, 7818, 349, 146, 167, true, true
1746271, 40793, 7818, 348, 145, 168, true, true
1746335, 40796, 7819, 349, 146, 167, true, true
1747289, 40830, 7821, 351, 147, 165, true, true
1753682, 41082, 7822, 350, 147, 159, true, true
1753828, 41089, 7823, 351, 148, 156, true, true
1754377, 41115, 7826, 354, 149, 154, true, true
1761884, 41441, 7826, 353, 148, 158, true, true
1763620, 41516, 7827, 354, 149, 156, true, true
1765838, 41611, 7828, 355, 150, 151, true, true
1767890, 41708, 7828, 353, 149, 151, true, true
1770306, 41824, 7829, 354, 150, 150, true, true
1776687, 42108, 7829, 353, 149, 154, true, true
1776800, 42114, 7838, 362, 150, 152, true, true
1777851, 42161, 7838, 361, 149, 153, true, true
1779196, 42196, 7838, 360, 148, 153, true, true
1779460, 42207, 7838, 359, 147, 153, true, true
1789489, 42585, 7839, 360, 148, 151, true, true
1789576, 42589, 7841, 362, 149, 150, true, true
1793059, 42731, 7841, 361, 148, 151, true, true
1797274, 42888, 7842, 359, 148, 148, true, true
1804393, 43206, 7843, 360, 149, 148, true, true
1806525, 43304, 7843, 359, 148, 149, true, true
1809559, 43443, 7844, 359, 148, 146, true, true
1810492, 43487, 7844, 358, 147, 148, true, true
1810653, 43495, 7845, 359, 148, 146, true, true
1817023, 43803, 7845, 357, 147, 146, true, true
1827161, 44196, 7845, 356, 146, 149, true, true
1829209, 44290, 7846, 357, 147, 146, true, true
1833670, 44485, 7848, 357, 146, 145, true, true
1833785, 44491, 7855, 357, 145, 142, true, true
1836595, 44604, 7855, 355, 144, 142, true, true
1837437, 44648, 7855, 354, 144, 143, true, true
1838008, 44670, 7855, 348, 144, 144, true, true
1841249, 44815, 7856, 348, 145, 143, true, true
1848270, 45133, 7856, 347, 144, 148, true, true
1849627, 45202, 7856, 346, 143, 148, true, true
1850357, 45231, 7857, 347, 144, 146, true, true
1857263, 45505, 7857, 346, 143, 147, true, true
1867310, 45994, 7857, 345, 142, 151, true, true
1869059, 46068, 7857, 344, 141, 151, true, true
1875471, 46347, 7857, 343, 140, 152, true, true
1875588, 46354, 7860, 346, 141, 148, true, true
1878752, 46500, 7860, 345, 140, 150, true, true
1885713, 46791, 7885, 367, 141, 152, true, true
1894136, 47158, 7885, 366, 140, 156, true, true
1894951, 47196, 7886, 367, 141, 153, true, true
1895396, 47220, 7896, 353, 142, 152, true, true
1901899, 47495, 7897, 354, 143, 155, true, true
1902576, 47532, 7897, 351, 142, 155, true, true
1902913, 47546, 7898, 352, 143, 154, true, true
1903521, 47575, 7899, 353, 144, 153, true, true
1906471, 47692, 7900, 354, 145, 155, true, true
1908908, 47803, 7901, 355, 146, 154, true, true
1912843, 47961, 7901, 354, 145, 156, true, true
1913671, 48006, 7902, 355, 146, 155, true, true
1919875, 48269, 7902, 354, 145, 155, true, true
1919908, 48271, 7903, 355, 146, 154, true, true
1920480, 48300, 7904, 356, 147, 151, true, true
1921680, 48356, 7905, 356, 148, 150, true, true
1928165, 48612, 7907, 358, 149, 148, true, true
1929222, 48660, 7907, 357, 148, 148, true, true
1929542, 48677, 7907, 356, 147, 148, true, true
1930240, 48711, 7907, 354, 146, 148, true, true
1939037, 49101, 7908, 355, 147, 148, true, true
1941085, 49185, 7908, 354, 146, 148, true, true
1945559, 49350, 7909, 355, 147, 144, true, true
1951517, 49578, 7909, 354, 147, 146, true, true
1952449, 49610, 7909, 351, 147, 146, true, true
1960731, 49939, 7910, 348, 147, 148, true, true
1961834, 49995, 7911, 349, 148, 145, true, true
1965777, 50161, 7912, 350, 149, 146, true, true
1986575, 50976, 7912, 348, 148, 151, true, true
1986856, 50986, 7912, 344, 146, 151, true, true
2220831, 51144, 7914, 345, 147, 151, true, true
2222078, 51174, 7914, 344, 146, 151, true, true
2229751, 51434, 7914, 343, 146, 153, true, true
2230914, 51474, 7914, 342, 146, 153, true, true
2241318, 51867, 7914, 341, 145, 154, true, true
2250373, 52211, 7914, 340, 144, 157, true, true
2250491, 52216, 7914, 337, 143, 157, true, true
2256444, 52406, 7915, 338, 144, 157, true, true
2263452, 52641, 7915, 337, 143, 159, true, true
2267589, 52791, 7915, 335, 142, 160, true, true
2272593, 52977, 7915, 334, 141, 160, true, true
2273295, 53000, 7916, 335, 142, 158, true, true
2273478, 53006, 7916, 334, 142, 158, true, true
2275147, 53051, 7917, 332, 142, 156, true, true
2275463, 53060, 7917, 331, 141, 156, true, true
2275782, 53069, 7917, 330, 141, 157, true, true
2285309, 53390, 7917, 329, 140, 162, true, true
2288351, 53486, 7917, 326, 140, 163, true, true
2292962, 53658, 7918, 327, 141, 163, true, true
2296929, 53801, 7918, 325, 140, 164, true, true
2299261, 53863, 7918, 324, 139, 164, true, true
2306733, 54155, 7918, 323, 139, 165, true, true
2311160, 54307, 7918, 322, 138, 166, true, true
2312044, 54343, 7919, 322, 138, 160, true, true
2317067, 54516, 7919, 321, 137, 162, true, true
2333600, 55069, 7919, 320, 136, 164, true, true
2338732, 55256, 7919, 318, 135, 164, true, true
2343935, 55455, 7919, 317, 134, 165, true, true
2346561, 55552, 7920, 318, 135, 165, true, true
2358469, 55981, 7922, 320, 136, 166, true, true
2364048, 56226, 7923, 320, 136, 166, true, true
2369482, 56436, 7924, 321, 137, 166, true, true
2379944, 56858, 7925, 322, 138, 164, true, true
2385429, 57088, 7925, 321, 137, 165, true, true
2387046, 57152, 7926, 322, 138, 164, true, true
2397602, 57572, 7927, 323, 139, 164, true, true
2398860, 57631, 7927, 321, 138, 164, true, true
2403082, 57789, 7928, 322, 139, 162, true, true
2418414, 58352, 7929, 323, 140, 162, true, true
2427399, 58644, 7931, 325, 141, 163, true, true
2431810, 58824, 7932, 326, 142, 161, true, true
2435412, 58968, 7932, 325, 141, 162, true, true
2436186, 58994, 7933, 326, 142, 160, true, true
2436380, 59004, 7934, 327, 143, 158, true, true
2439691, 59155, 7934, 326, 142, 158, true, true
2443570, 59303, 7935, 326, 142, 156, true, true
2450554, 59555, 7936, 327, 143, 157, true, true
2451764, 59585, 7943, 331, 143, 158, true, true
2452644, 59622, 7944, 332, 144, 158, true, true
2456365, 59757, 7944, 331, 143, 159, true, true
2458415, 59857, 7960, 343, 141, 157, true, true
2459431, 59910, 7960, 342, 140, 157, true, true
2462210, 60034, 7967, 349, 141, 153, true, true
2465366, 60157, 7969, 351, 142, 151, true, true
2468762, 60291, 7973, 355, 143, 150, true, true
2471973, 60421, 7973, 354, 142, 150, true, true
2476877, 60601, 7974, 355, 143, 147, true, true
2482454, 60784, 7975, 352, 144, 146, true, true
2488536, 61032, 7975, 351, 143, 150, true, true
2489680, 61075, 7977, 353, 144, 149, true, true
2505029, 61706, 7977, 352, 143, 152, true, true
2518303, 62182, 7977, 351, 142, 153, true, true
2529270, 62642, 7977, 350, 142, 159, true, true
2531843, 62746, 7978, 350, 142, 158, true, true
2536340, 62951, 7984, 356, 143, 157, true, true
2537382, 62992, 7984, 355, 142, 157, true, true
2541572, 63130, 7984, 353, 141, 158, true, true
2541784, 63139, 7985, 354, 142, 157, true, true
2547381, 63347, 7986, 355, 143, 156, true, true
2550127, 63446, 7986, 353, 143, 156, true, true
2562210, 63929, 7986, 350, 142, 158, true, true
2567028, 64107, 7986, 349, 141, 160, true, true
2573145, 64347, 7987, 350, 142, 160, true, true
2579853, 64597, 7999, 362, 143, 162, true, true
2584798, 64796, 8000, 363, 144, 162, true, true
2589202, 64941, 8000, 361, 143, 163, true, true
2591453, 65048, 8001, 362, 144, 161, true, true
2592888, 65113, 8001, 361, 143, 162, true, true
2607185, 65653, 8001, 358, 142, 163, true, true
2613515, 65913, 8007, 364, 143, 160, true, true
2619093, 66133, 8007, 363, 142, 160, true, true
2629217, 66547, 8009, 365, 143, 159, true, true
2630588, 66613, 8009, 364, 142, 159, true, true
2633444, 66732, 8009, 358, 141, 160, true, true
2633656, 66738, 8009, 357, 140, 160, true, true
2646091, 67201, 8010, 358, 141, 159, true, true
2650580, 67391, 8010, 354, 140, 160, true, true
2663048, 67874, 8011, 355, 141, 158, true, true
2664897, 67959, 8011, 354, 140, 159, true, true
2671267, 68225, 8011, 353, 139, 162, true, true
2678004, 68472, 8011, 352, 138, 162, true, true
2705272, 69522, 8011, 350, 137, 163, true, true
2712494, 69787, 8011, 349, 136, 163, true, true
2726875, 70388, 8011, 348, 135, 164, true, true
2730032, 70484, 8011, 347, 134, 164, true, true
2734389, 70626, 8012, 348, 135, 164, true, true
2751640, 71285, 8018, 354, 136, 164, true, true
2753031, 71343, 8019, 345, 137, 163, true, true
2756444, 71478, 8020, 346, 138, 164, true, true
2765027, 71840, 8021, 347, 139, 164, true, true
2776260, 72325, 8022, 348, 140, 165, true, true
2777447, 72380, 8023, 349, 141, 164, true, true
2779015, 72453, 8024, 350, 142, 163, true, true
2781088, 72539, 8025, 351, 143, 161, true, true
2782952, 72618, 8026, 352, 144, 161, true, true
2785020, 72709, 8026, 351, 143, 161, true, true
2790417, 72941, 8027, 352, 144, 160, true, true
2793105, 73056, 8030, 355, 145, 160, true, true
2802611, 73434, 8030, 354, 144, 163, true, true
2809190, 73736, 8030, 353, 143, 165, true, true
2811711, 73849, 8030, 352, 142, 166, true, true
2812701, 73887, 8031, 353, 143, 165, true, true
2820592, 74226, 8031, 352, 142, 168, true, true
2838487, 74997, 8031, 349, 141, 172, true, true
2844398, 75223, 8032, 350, 142, 173, true, true
2844651, 75238, 8032, 349, 141, 173, true, true
2846552, 75296, 8044, 358, 142, 172, true, true
2847843, 75356, 8044, 356, 141, 172, true, true
2857400, 75746, 8044, 355, 140, 175, true, true
2874278, 76449, 8046, 357, 141, 174, true, true
2884026, 76896, 8063, 366, 142, 175, true, true
2884520, 76915, 8063, 365, 141, 175, true, true
2897763, 77479, 8068, 365, 142, 176, true, true
2899235, 77541, 8068, 364, 141, 176, true, true
2915698, 78239, 8069, 365, 142, 173, true, true
2938629, 79079, 8069, 364, 141, 179, true, true
2938655, 79080, 8069, 361, 141, 179, true, true
2940655, 79166, 8075, 366, 142, 179, true, true
2942288, 79242, 8075, 365, 141, 179, true, true
2948990, 79495, 8080, 370, 142, 180, true, true
2949109, 79500, 8080, 369, 141, 180, true, true
2959869, 79931, 8080, 365, 140, 180, true, true
2965958, 80195, 8081, 366, 141, 181, true, true
2967189, 80250, 8084, 369, 142, 179, true, true
2975032, 80569, 8085, 370, 143, 176, true, true
2980183, 80791, 8085, 367, 142, 178, true, true
2986403, 81067, 8088, 370, 143, 177, true, true
2992515, 81280, 8090, 372, 144, 176, true, true
3007057, 81918, 8090, 371, 143, 177, true, true
3010635, 82070, 8090, 370, 143, 177, true, true
3011428, 82106, 8090, 368, 142, 177, true, true
3012286, 82145, 8090, 367, 141, 177, true, true
3014673, 82251, 8090, 360, 140, 177, true, true
3015113, 82273, 8093, 363, 141, 176, true, true
3022575, 82580, 8094, 363, 141, 176, true, true
3024626, 82670, 8095, 364, 142, 175, true, true
3031126, 82917, 8096, 365, 143, 174, true, true
3046491, 83535, 8096, 364, 142, 178, true, true
3051066, 83680, 8100, 363, 143, 177, true, true
3058115, 83955, 8101, 364, 144, 177, true, true
3063528, 84184, 8102, 365, 145, 172, true, true
3063762, 84194, 8105, 368, 146, 170, true, true
3064575, 84233, 8105, 367, 145, 170, true, true
3067284, 84348, 8105, 365, 144, 171, true, true
3091193, 85404, 8105, 364, 143, 174, true, true
3097520, 85679, 8108, 367, 144, 173, true, true
3113596, 86348, 8110, 369, 145, 173, true, true
3116348, 86447, 8116, 365, 146, 171, true, true
3158939, 88218, 8116, 364, 145, 175, true, true
3160609, 88306, 8116, 363, 144, 175, true, true
3166969, 88587, 8116, 362, 143, 177, true, true
3168237, 88653, 8116, 361, 142, 177, true, true
3171138, 88779, 8117, 362, 143, 175, true, true
3181142, 89223, 8118, 363, 144, 176, true, true
3193899, 89738, 8119, 364, 145, 176, true, true
3194126, 89752, 8119, 363, 144, 176, true, true
3197572, 89914, 8124, 368, 145, 176, true, true
3210086, 90488, 8125, 369, 146, 176, true, true
3227109, 91228, 8125, 365, 144, 180, true, true
3227532, 91245, 8125, 364, 143, 181, true, true
3227583, 91247, 8125, 363, 143, 181, true, true
3229756, 91311, 8125, 362, 142, 181, true, true
3240875, 91758, 8127, 364, 143, 181, true, true
3244993, 91943, 8127, 363, 142, 182, true, true
3257037, 92362, 8127, 362, 141, 183, true, true
3262140, 92577, 8127, 361, 140, 183, true, true
3265179, 92659, 8127, 360, 139, 183, true, true
3266416, 92709, 8134, 367, 140, 182, true, true
3266890, 92726, 8141, 372, 141, 181, true, true
3273888, 93016, 8142, 373, 142, 180, true, true
3282085, 93290, 8142, 370, 141, 180, true, true
3282688, 93323, 8142, 369, 140, 180, true, true
3282748, 93326, 8152, 377, 140, 177, true, true
3299622, 94025, 8153, 378, 141, 180, true, true
3304076, 94195, 8154, 379, 142, 178, true, true
3306428, 94310, 8155, 380, 143, 175, true, true
3317186, 94692, 8157, 382, 144, 178, true, true
3319583, 94767, 8157, 379, 143, 179, true, true
3320471, 94806, 8159, 357, 144, 178, true, true
3321149, 94841, 8159, 354, 143, 178, true, true
3324668, 94947, 8162, 357, 144, 177, true, true
3331266, 95179, 8164, 359, 145, 175, true, true
3332019, 95214, 8165, 360, 146, 173, true, true
3333142, 95266, 8166, 361, 147, 172, true, true
3344189, 95728, 8166, 360, 146, 174, true, true
3349377, 95920, 8167, 361, 147, 175, true, true
3372469, 96770, 8167, 360, 146, 177, true, true
3401860, 97858, 8168, 361, 147, 178, true, true
3409811, 98164, 8168, 360, 146, 178, true, true
3422453, 98740, 8169, 361, 147, 172, true, true
3427951, 98997, 8170, 360, 148, 170, true, true
3436444, 99330, 8170, 359, 147, 170, true, true
3440779, 99469, 8170, 356, 147, 170, true, true
3444341, 99599, 8170, 352, 146, 170, true, true
3445238, 99641, 8171, 353, 147, 169, true, true
3457436, 100143, 8173, 355, 148, 171, true, true
3477316, 100891, 8175, 357, 149, 163, true, true
3483556, 101121, 8177, 359, 150, 161, true, true
3490007, 101388, 8179, 361, 151, 158, true, true
3496148, 101625, 8183, 365, 152, 156, true, true
3498278, 101715, 8186, 368, 153, 153, true, true
3510695, 102213, 8186, 367, 152, 153, true, true
3517060, 102491, 8186, 364, 151, 153, true, true
3531481, 103070, 8187, 365, 152, 152, true, true
3543594, 103524, 8187, 364, 151, 152, true, true
3563895, 104327, 8203, 377, 152, 155, true, true
3567697, 104454, 8204, 378, 153, 154, true, true
3576375, 104802, 8204, 376, 152, 155, true, true
3579069, 104907, 8204, 375, 151, 155, true, true
3581343, 104993, 8206, 370, 151, 151, true, true
3586471, 105163, 8206, 368, 150, 151, true, true
3591451, 105358, 8208, 369, 150, 150, true, true
3612128, 106130, 8208, 368, 149, 150, true, true
3613796, 106189, 8211, 371, 150, 149, true, true
3616840, 106303, 8212, 372, 151, 146, true, true
3621959, 106507, 8213, 372, 151, 144, true, true
3622756, 106539, 8214, 372, 152, 143, true, true
3622905, 106546, 8214, 371, 151, 143, true, true
3630904, 106871, 8216, 370, 152, 142, true, true
3639574, 107187, 8216, 368, 151, 142, true, true
3640951, 107243, 8216, 365, 150, 142, true, true
3651514, 107694, 8216, 364, 149, 144, true, true
3656232, 107850, 8217, 363, 150, 143, true, true
3673461, 108512, 8217, 362, 149, 148, true, true
3683092, 108874, 8218, 363, 150, 147, true, true
3685525, 108980, 8220, 364, 151, 146, true, true
3691625, 109219, 8220, 363, 150, 147, true, true
3696686, 109422, 8221, 364, 151, 147, true, true
3716707, 110136, 8221, 363, 150, 148, true, true
3727569, 110579, 8221, 357, 150, 150, true, true
3742290, 111104, 8221, 353, 149, 154, true, true
3750921, 111426, 8221, 351, 148, 156, true, true
3757628, 111654, 8222, 352, 149, 154, true, true
3764868, 111909, 8226, 354, 149, 151, true, true
3767502, 112015, 8227, 352, 150, 150, true, true
3779259, 112457, 8228, 353, 151, 149, true, true
3783520, 112636, 8228, 351, 149, 149, true, true
3802784, 113377, 8229, 352, 150, 150, true, true
3821687, 114126, 8231, 353, 151, 151, true, true
3835907, 114643, 8231, 352, 150, 152, true, true
3840908, 114822, 8232, 353, 151, 152, true, true
3841154, 114833, 8233, 354, 152, 151, true, true
3855885, 115452, 8234, 355, 153, 150, true, true
3857223, 115506, 8234, 354, 152, 150, true, true
3862479, 115713, 8234, 353, 151, 150, true, true
3891796, 116766, 8235, 354, 152, 152, true, true
3893413, 116826, 8235, 352, 151, 152, true, true
3905591, 117224, 8236, 353, 152, 150, true, true
3916897, 117604, 8238, 355, 153, 149, true, true
3923489, 117845, 8238, 354, 152, 149, true, true
3955038, 119038, 8239, 347, 153, 148, true, true
3957898, 119148, 8242, 350, 154, 147, true, true
3960167, 119243, 8242, 349, 154, 148, true, true
3960629, 119261, 8242, 348, 153, 148, true, true
3965450, 119451, 8243, 349, 154, 147, true, true
3983601, 120095, 8243, 348, 153, 149, true, true
4008404, 121062, 8244, 349, 154, 148, true, true
4022418, 121604, 8245, 350, 155, 146, true, true
4025065, 121693, 8246, 351, 156, 145, true, true
4033710, 122039, 8247, 352, 157, 144, true, true
4033810, 122043, 8249, 352, 158, 143, true, true
4039539, 122209, 8261, 364, 159, 142, true, true
4044687, 122394, 8261, 363, 158, 142, true, true
4061285, 123025, 8262, 364, 159, 141, true, true
4064308, 123133, 8262, 363, 158, 141, true, true
4090078, 124053, 8262, 362, 158, 144, true, true
4098075, 124383, 8262, 361, 157, 144, true, true
4107003, 124659, 8263, 362, 158, 143, true, true
4114561, 124953, 8264, 363, 159, 142, true, true
4120039, 125170, 8265, 361, 160, 139, true, true
4120548, 125194, 8266, 362, 161, 137, true, true
4121015, 125210, 8267, 363, 162, 136, true, true
4192081, 127862, 8268, 364, 163, 140, true, true
4195252, 127965, 8269, 364, 164, 139, true, true
4205366, 128325, 8269, 359, 163, 139, true, true
4218849, 128806, 8270, 360, 164, 137, true, true
4223437, 128948, 8271, 361, 165, 136, true, true
4226829, 129084, 8272, 362, 166, 133, true, true
4227904, 129123, 8272, 361, 165, 133, true, true
4232958, 129326, 8272, 360, 164, 133, true, true
4234211, 129381, 8272, 359, 163, 133, true, true
4242010, 129697, 8274, 361, 164, 131, true, true
4313184, 132339, 8274, 359, 163, 133, true, true
4338969, 133307, 8276, 361, 164, 135, true, true
4348314, 133613, 8276, 360, 164, 135, true, true
4384276, 134952, 8278, 362, 165, 138, true, true
4391299, 135226, 8338, 412, 166, 137, true, true
4393093, 135295, 8339, 413, 167, 131, true, true
4396933, 135440, 8339, 412, 166, 131, true, true
4399472, 135524, 8340, 413, 167, 130, true, true
4399775, 135535, 8340, 411, 166, 130, true, true
4406163, 135759, 8341, 412, 167, 129, true, true
4410319, 135904, 8341, 411, 167, 129, true, true
4410953, 135928, 8341, 410, 166, 129, true, true
4413078, 135998, 8342, 411, 167, 128, true, true
4616221, 136104, 8343, 412, 168, 126, true, true
4659997, 137729, 8343, 411, 168, 131, true, true
4667175, 138003, 8343, 410, 167, 131, true, true
4690258, 138919, 8343, 409, 166, 131, true, true
4710987, 139744, 8344, 410, 167, 131, true, true
4745794, 140985, 8344, 409, 166, 132, true, true
4766584, 141792, 8344, 407, 166, 132, true, true
4792806, 142720, 8345, 408, 167, 133, true, true
4794733, 142791, 8347, 410, 168, 131, true, true
4805406, 143195, 8347, 409, 167, 131, true, true
4807228, 143265, 8348, 410, 168, 126, true, true
4830059, 144040, 8348, 409, 167, 128, true, true
4837256, 144311, 8349, 410, 168, 127, true, true
4858828, 145099, 8349, 408, 167, 128, true, true
4891780, 146243, 8350, 409, 168, 127, true, true
4894233, 146333, 8350, 408, 167, 127, true, true
4902469, 146631, 8350, 407, 166, 128, true, true
4905267, 146741, 8350, 406, 165, 128, true, true
4909453, 146898, 8351, 406, 165, 127, true, true
4921026, 147348, 8354, 409, 166, 125, true, true
4942319, 148157, 8368, 417, 166, 127, true, true
4946459, 148337, 8369, 418, 167, 126, true, true
4952783, 148559, 8369, 407, 165, 126, true, true
4965332, 149016, 8370, 408, 166, 127, true, true
4980517, 149565, 8372, 410, 167, 127, true, true
4996553, 150142, 8372, 408, 165, 127, true, true
4999864, 150249, 8372, 407, 164, 127, true, true
5013502, 150789, 8372, 405, 163, 128, true, true
5032468, 151482, 8373, 406, 164, 127, true, true
5034684, 151574, 8377, 410, 165, 126, true, true
5039952, 151771, 8378, 411, 166, 124, true, true
5044039, 151916, 8380, 413, 167, 123, true, true
5065178, 152715, 8381, 414, 168, 121, true, true
5092633, 153722, 8382, 411, 168, 120, true, true
5097993, 153944, 8382, 410, 167, 120, true, true
5110990, 154446, 8382, 409, 166, 121, true, true
5113132, 154529, 8382, 408, 165, 121, true, true
5163601, 156364, 8382, 407, 164, 125, true, true
5165347, 156429, 8382, 406, 163, 125, true, true
5181304, 157008, 8382, 405, 162, 127, true, true
5192768, 157452, 8383, 397, 163, 130, true, true
5193823, 157485, 8386, 400, 164, 129, true, true
5194266, 157502, 8386, 399, 163, 129, true, true
5204403, 157852, 8386, 398, 162, 129, true, true
5207893, 157963, 8388, 400, 163, 127, true, true
5215753, 158255, 8390, 402, 164, 126, true, true
5216779, 158295, 8391, 403, 165, 125, true, true
5224910, 158554, 8393, 404, 166, 124, true, true
5228716, 158685, 8393, 403, 165, 124, true, true
5245703, 159351, 8393, 402, 164, 125, true, true
5268444, 160174, 8393, 401, 163, 128, true, true
5292681, 161031, 8395, 403, 164, 128, true, true
5302226, 161359, 8396, 404, 165, 127, true, true
5305776, 161482, 8397, 405, 166, 125, true, true
5308904, 161576, 8397, 404, 166, 126, true, true
5310057, 161613, 8397, 403, 165, 126, true, true
5324364, 162092, 8398, 404, 166, 126, true, true
5368105, 163616, 8398, 403, 165, 129, true, true
5413932, 165274, 8401, 406, 166, 132, true, true
5417305, 165396, 8401, 405, 165, 133, true, true
5418389, 165435, 8403, 407, 166, 132, true, true
5421632, 165546, 8404, 406, 167, 130, true, true
5436412, 166076, 8405, 407, 168, 129, true, true
5442587, 166280, 8406, 408, 169, 128, true, true
5448731, 166499, 8406, 407, 168, 128, true, true
5476629, 167493, 8416, 414, 169, 124, true, true
5477921, 167550, 8416, 412, 169, 124, true, true
5478598, 167571, 8416, 411, 168, 124, true, true
5508699, 168653, 8419, 413, 168, 126, true, true
5527599, 169341, 8419, 412, 167, 127, true, true
5529511, 169390, 8419, 411, 166, 127, true, true
5551687, 170152, 8419, 410, 166, 130, true, true
5564579, 170625, 8419, 409, 165, 130, true, true
5587962, 171450, 8419, 407, 164, 132, true, true
5590979, 171563, 8420, 408, 165, 130, true, true
5629169, 172883, 8420, 407, 164, 132, true, true
5664294, 174067, 8421, 406, 165, 131, true, true
5671460, 174313, 8438, 416, 166, 129, true, true
5704713, 175415, 8439, 412, 166, 127, true, true
5754529, 177151, 8442, 415, 167, 128, true, true
5773748, 177849, 8443, 416, 168, 128, true, true
5780381, 178100, 8444, 417, 169, 127, true, true
5804375, 178933, 8445, 418, 170, 123, true, true
5808414, 179067, 8448, 421, 171, 122, true, true
5811042, 179146, 8448, 420, 170, 122, true, true
5825373, 179603, 8449, 421, 171, 122, true, true
5832656, 179839, 8449, 420, 170, 122, true, true
5835178, 179933, 8449, 416, 170, 123, true, true
5842815, 180186, 8449, 415, 169, 123, true, true
5846312, 180286, 8449, 411, 169, 123, true, true
5913797, 181599, 8449, 410, 168, 127, true, true
5917640, 181736, 8450, 411, 169, 122, true, true
5923002, 181930, 8450, 410, 168, 122, true, true
5934849, 182308, 8451, 411, 169, 121, true, true
5938888, 182459, 8452, 412, 170, 122, true, true
5947250, 182758, 8452, 410, 169, 123, true, true
5979088, 183860, 8453, 411, 170, 124, true, true
6006772, 184831, 8453, 409, 170, 126, true, true
6060279, 186675, 8453, 408, 169, 134, true, true
6064696, 186838, 8453, 406, 168, 134, true, true
6067191, 186925, 8454, 407, 169, 127, true, true
6067430, 186934, 8454, 405, 168, 127, true, true
6077019, 187283, 8454, 404, 167, 128, true, true
6095529, 187952, 8454, 403, 166, 129, true, true
6119063, 188785, 8456, 405, 167, 130, true, true
6135343, 189318, 8456, 404, 166, 131, true, true
6135928, 189335, 8456, 403, 165, 131, true, true
6138804, 189430, 8457, 404, 166, 129, true, true
6166235, 190348, 8457, 403, 166, 130, true, true
6173521, 190602, 8457, 400, 165, 130, true, true
6181895, 190894, 8457, 399, 164, 130, true, true
6199954, 191533, 8457, 394, 163, 131, true, true
6203112, 191646, 8458, 395, 164, 130, true, true
6203512, 191662, 8459, 396, 165, 128, true, true
6242745, 193094, 8460, 397, 166, 127, true, true
6245135, 193191, 8460, 396, 165, 128, true, true
6259068, 193683, 8460, 395, 164, 128, true, true
6277165, 194364, 8461, 395, 165, 128, true, true
6278336, 194409, 8461, 394, 164, 128, true, true
6311015, 195552, 8462, 395, 165, 127, true, true
6376120, 197808, 8462, 394, 164, 132, true, true
6376607, 197829, 8462, 393, 163, 132, true, true
6404729, 198805, 8462, 392, 162, 133, true, true
6431391, 199775, 8463, 393, 163, 133, true, true
6441905, 200143, 8464, 394, 164, 131, true, true
6444475, 200229, 8465, 395, 165, 130, true, true
6467493, 201088, 8465, 394, 164, 131, true, true
6507972, 202433, 8465, 393, 163, 133, true, true
6574362, 204835, 8465, 392, 162, 136, true, true
6609782, 206117, 8465, 391, 162, 137, true, true
6626197, 206747, 8465, 390, 161, 137, true, true
6627722, 206801, 8465, 389, 160, 137, true, true
6637320, 207188, 8465, 388, 160, 138, true, true
6642003, 207366, 8466, 389, 161, 136, true, true
6676282, 208605, 8470, 385, 161, 136, true, true
6699697, 209446, 8471, 386, 162, 136, true, true
6841928, 214604, 8471, 385, 161, 141, true, true
6850213, 214936, 8471, 384, 160, 141, true, true
6863384, 215450, 8472, 385, 161, 142, true, true
6873857, 215854, 8472, 384, 160, 142, true, true
6876274, 215948, 8477, 389, 161, 141, true, true
6882855, 216204, 8477, 388, 160, 142, true, true
6893800, 216598, 8477, 387, 159, 143, true, true
6898198, 216723, 8477, 386, 158, 143, true, true
6900938, 216824, 8479, 388, 159, 141, true, true
6905656, 216988, 8481, 390, 160, 140, true, true
6935713, 218120, 8481, 389, 159, 142, true, true
6943417, 218439, 8484, 382, 160, 142, true, true
6969722, 219405, 8484, 381, 159, 147, true, true
6996336, 220399, 8485, 382, 160, 146, true, true
7016239, 221187, 8485, 381, 159, 146, true, true
7018608, 221277, 8485, 378, 158, 146, true, true
7026085, 221544, 8487, 378, 158, 144, true, true
7030906, 221737, 8487, 376, 156, 144, true, true
7041242, 222119, 8487, 375, 155, 144, true, true
7054001, 222600, 8488, 372, 156, 143, true, true
7187086, 227187, 8488, 371, 155, 153, true, true
7215497, 228206, 8490, 373, 156, 151, true, true
7228886, 228727, 8490, 372, 155, 151, true, true
7232831, 228885, 8490, 368, 154, 151, true, true
7252142, 229583, 8490, 367, 153, 153, true, true
7258693, 229835, 8490, 365, 152, 153, true, true
7308872, 231652, 8491, 365, 153, 151, true, true
7312703, 231803, 8492, 366, 154, 150, true, true
7399708, 235165, 8493, 367, 155, 151, true, true
7402365, 235269, 8493, 365, 154, 151, true, true
7464737, 237694, 8494, 366, 155, 156, true, true
7484401, 238444, 8495, 367, 156, 156, true, true
7496902, 238916, 8496, 368, 157, 155, true, true
7535112, 240525, 8497, 369, 158, 156, true, true
7537788, 240638, 8497, 368, 157, 157, true, true
7596793, 242984, 8497, 366, 156, 162, true, true
7671778, 245807, 8498, 367, 157, 168, true, true
7688607, 246514, 8498, 365, 156, 168, true, true
7700209, 247001, 8498, 362, 155, 168, true, true
7706488, 247227, 8498, 361, 154, 168, true, true
7707200, 247255, 8498, 360, 153, 168, true, true
7708557, 247276, 8498, 359, 152, 168, true, true
7747369, 248849, 8498, 356, 151, 169, true, true
7791699, 250600, 8498, 355, 150, 169, true, true
7834320, 252371, 8498, 354, 149, 170, true, true
7835687, 252436, 8499, 354, 149, 169, true, true
7863916, 253559, 8500, 355, 150, 169, true, true
7872897, 253955, 8500, 354, 149, 170, true, true
7895088, 254857, 8501, 355, 150, 171, true, true
7914649, 255598, 8502, 356, 151, 172, true, true
7957624, 257355, 8502, 355, 151, 176, true, true
8020922, 259786, 8502, 354, 150, 179, true, true
8150665, 265223, 8503, 355, 151, 180, true, true
8154027, 265367, 8504, 356, 152, 178, true, true
8180368, 266425, 8504, 354, 151, 178, true, true
8221841, 268077, 8504, 353, 150, 180, true, true
8223083, 268124, 8505, 354, 151, 176, true, true
8252486, 269340, 8505, 353, 150, 180, true, true
8260332, 269644, 8505, 351, 150, 180, true, true
8341293, 272922, 8505, 350, 150, 184, true, true
8500924, 274512, 8505, 349, 149, 188, true, true
8507080, 274705, 8505, 348, 148, 188, true, true
8520678, 275323, 8507, 350, 149, 187, true, true
8522005, 275385, 8507, 349, 148, 187, true, true
8596999, 278342, 8508, 350, 149, 191, true, true
8615098, 279078, 8508, 348, 148, 191, true, true
8640787, 280207, 8508, 347, 147, 192, true, true
8643184, 280304, 8508, 346, 146, 192, true, true
8697582, 282466, 8508, 345, 145, 195, true, true
8727243, 283697, 8508, 343, 144, 197, true, true
8747608, 284500, 8510, 345, 145, 196, true, true
8747685, 284502, 8510, 344, 144, 196, true, true
8763114, 285084, 8511, 345, 145, 196, true, true
8804229, 286603, 8524, 358, 146, 194, true, true
8826693, 287465, 8525, 358, 147, 193, true, true
8863541, 289030, 8525, 357, 146, 196, true, true
8916125, 291150, 8526, 357, 147, 197, true, true
8942915, 292295, 8527, 358, 148, 196, true, true
8946639, 292461, 8527, 357, 147, 196, true, true
8955592, 292849, 8528, 358, 148, 194, true, true
9004866, 294878, 8528, 357, 147, 199, true, true
9007652, 295006, 8528, 356, 146, 199, true, true
9020960, 295601, 8529, 357, 147, 198, true, true
9060410, 297261, 8529, 356, 146, 203, true, true
9066669, 297490, 8530, 357, 147, 196, true, true
9072728, 297753, 8531, 358, 148, 194, true, true
9083492, 298190, 8532, 359, 149, 191, true, true
9152224, 300994, 8532, 358, 148, 196, true, true
9225691, 304124, 8532, 357, 147, 198, true, true
9241563, 304775, 8533, 352, 147, 198, true, true
9242249, 304815, 8533, 351, 146, 199, true, true
9271482, 306026, 8534, 350, 147, 196, true, true
9293950, 306917, 8536, 352, 148, 196, true, true
9302517, 307290, 8536, 350, 147, 196, true, true
9328048, 308343, 8536, 348, 146, 197, true, true
9344924, 309108, 8536, 346, 145, 198, true, true
9346509, 309186, 8536, 345, 144, 198, true, true
9404749, 311585, 8536, 344, 143, 200, true, true
9409660, 311807, 8537, 345, 144, 199, true, true
9424366, 312389, 8538, 346, 145, 199, true, true
9436828, 312936, 8539, 347, 146, 198, true, true
9442910, 313186, 8541, 349, 147, 193, true, true
9462954, 314059, 8542, 350, 148, 189, true, true
9472271, 314490, 8543, 351, 149, 186, true, true
9474232, 314575, 8543, 350, 148, 186, true, true
9476920, 314705, 8543, 348, 146, 186, true, true
9523490, 316699, 8543, 347, 145, 187, true, true
9545102, 317609, 8543, 345, 144, 188, true, true
9555130, 318092, 8543, 344, 143, 188, true, true
9568762, 318718, 8543, 342, 141, 189, true, true
9599977, 320034, 8543, 341, 140, 191, true, true
9601545, 320107, 8544, 342, 141, 190, true, true
9618326, 320793, 8544, 341, 140, 191, true, true
9633015, 321374, 8544, 340, 139, 191, true, true
9661723, 322547, 8545, 341, 140, 192, true, true
9680352, 323379, 8546, 342, 141, 189, true, true
10287619, 323639, 8548, 340, 142, 182, true, true
10309144, 324473, 8549, 340, 143, 181, true, true
10339154, 325659, 8550, 341, 144, 177, true, true
10373231, 327082, 8550, 340, 143, 177, true, true
10401691, 328308, 8551, 341, 144, 176, true, true
10427985, 329359, 8552, 342, 145, 173, true, true
10435006, 329663, 8553, 343, 146, 172, true, true
10459376, 330626, 8566, 356, 147, 172, true, true
10467355, 330958, 8567, 357, 148, 170, true, true
10473539, 331252, 8567, 356, 147, 170, true, true
10490538, 331923, 8567, 353, 146, 172, true, true
10490908, 331939, 8568, 354, 147, 171, true, true
10607298, 336765, 8568, 351, 146, 171, true, true
10610646, 336900, 8569, 352, 147, 169, true, true
10611187, 336927, 8569, 343, 147, 169, true, true
10611470, 336943, 8570, 344, 148, 166, true, true
10645741, 338431, 8570, 343, 147, 166, true, true
10686491, 340104, 8570, 342, 146, 168, true, true
10687911, 340172, 8570, 325, 145, 168, true, true
10689108, 340219, 8571, 326, 146, 164, true, true
10727297, 341657, 8571, 325, 145, 166, true, true
10740549, 342245, 8571, 324, 144, 166, true, true
10753258, 342768, 8572, 325, 145, 166, true, true
10768672, 343427, 8572, 324, 144, 167, true, true
10775838, 343731, 8573, 325, 145, 165, true, true
10776544, 343765, 8573, 324, 145, 165, true, true
10804749, 344922, 8573, 323, 144, 165, true, true
10854249, 346795, 8574, 324, 145, 164, true, true
10906563, 348961, 8574, 323, 145, 165, true, true
10915626, 349286, 8575, 324, 146, 164, true, true
10927881, 349811, 8575, 323, 145, 165, true, true
10932623, 350000, 8581, 323, 146, 163, true, true
10955211, 350942, 8582, 324, 147, 161, true, true
11026517, 353702, 8583, 325, 148, 162, true, true
11043485, 354387, 8583, 324, 147, 163, true, true
11045276, 354462, 8583, 323, 146, 163, true, true
11129511, 357836, 8583, 322, 145, 164, true, true
11158733, 359013, 8583, 321, 144, 165, true, true
11178777, 359825, 8584, 322, 145, 163, true, true
11236481, 362312, 8584, 321, 144, 166, true, true
11240734, 362470, 8585, 320, 144, 165, true, true
11242194, 362510, 8589, 321, 145, 164, true, true
11253136, 362946, 8590, 321, 146, 161, true, true
11278836, 363867, 8591, 322, 147, 158, true, true
11301484, 364754, 8591, 321, 146, 159, true, true
11301672, 364763, 8592, 322, 147, 158, true, true
11306614, 364964, 8594, 324, 148, 157, true, true
11350840, 366712, 8594, 323, 147, 157, true, true
11368261, 367414, 8597, 326, 148, 157, true, true
11376519, 367772, 8597, 325, 148, 157, true, true
11390092, 368288, 8597, 324, 147, 157, true, true
11402011, 368801, 8599, 325, 148, 156, true, true
11427043, 369789, 8600, 323, 148, 154, true, true
11450532, 370730, 8602, 323, 149, 153, true, true
11453834, 370862, 8602, 322, 148, 154, true, true
11480232, 371922, 8606, 326, 149, 154, true, true
11483238, 372035, 8607, 327, 150, 151, true, true
11490485, 372329, 8609, 329, 151, 148, true, true
11505347, 372944, 8612, 332, 152, 147, true, true
11535256, 373995, 8613, 333, 153, 148, true, true
11575023, 375571, 8613, 332, 152, 149, true, true
11579897, 375778, 8613, 331, 151, 149, true, true
11613407, 377219, 8614, 332, 152, 147, true, true
11636190, 378132, 8614, 331, 151, 148, true, true
11657059, 378964, 8614, 330, 150, 148, true, true
11658731, 379046, 8615, 330, 150, 147, true, true
11679917, 379866, 8615, 329, 149, 151, true, true
11763123, 383195, 8615, 327, 148, 152, true, true
11765115, 383266, 8615, 326, 147, 152, true, true
11809244, 385089, 8616, 327, 148, 152, true, true
11840258, 386365, 8633, 343, 148, 152, true, true
11882861, 388033, 8634, 344, 149, 151, true, true
11885354, 388128, 8635, 345, 150, 148, true, true
11944543, 390372, 8635, 344, 149, 150, true, true
11957661, 390918, 8635, 343, 148, 150, true, true
11971906, 391561, 8635, 342, 148, 150, true, true
11981277, 391945, 8637, 344, 149, 149, true, true
12023221, 393579, 8645, 343, 150, 150, true, true
12033125, 393961, 8647, 345, 151, 148, true, true
12069329, 395382, 8647, 344, 151, 148, true, true
12070901, 395454, 8647, 343, 150, 148, true, true
12072327, 395516, 8647, 342, 149, 148, true, true
12084441, 396027, 8647, 341, 149, 148, true, true
12146896, 398619, 8648, 337, 150, 143, true, true
12215866, 401193, 8652, 341, 151, 143, true, true
12252990, 402631, 8652, 340, 150, 143, true, true
12296877, 404289, 8652, 339, 149, 144, true, true
12309768, 404859, 8652, 338, 149, 144, true, true
12317892, 405126, 8652, 337, 148, 144, true, true
12412622, 408851, 8653, 338, 149, 144, true, true
12478849, 411446, 8653, 337, 148, 147, true, true
12551141, 414342, 8654, 338, 149, 147, true, true
12569213, 415069, 8655, 339, 150, 144, true, true
12586472, 415753, 8655, 338, 150, 144, true, true
12618298, 417091, 8655, 337, 149, 146, true, true
12646794, 418224, 8655, 335, 148, 146, true, true
12671955, 419247, 8655, 334, 148, 146, true, true
12683914, 419707, 8657, 336, 149, 145, true, true
12728657, 421357, 8657, 335, 149, 147, true, true
12732815, 421479, 8657, 333, 149, 147, true, true
12836550, 422273, 8657, 332, 148, 147, true, true
12868707, 423550, 8657, 331, 147, 147, true, true
12920773, 425541, 8657, 329, 146, 147, true, true
12927735, 425818, 8657, 328, 145, 148, true, true
12998398, 428680, 8657, 325, 143, 151, true, true
13041579, 430400, 8659, 324, 143, 149, true, true
13053768, 430873, 8661, 326, 144, 148, true, true
13087007, 432189, 8661, 325, 143, 149, true, true
13094694, 432493, 8663, 327, 144, 146, true, true
13150489, 434685, 8664, 326, 144, 152, true, true
13174481, 435680, 8665, 327, 145, 152, true, true
13202126, 436753, 8666, 328, 146, 152, true, true
13225970, 437673, 8667, 329, 147, 146, true, true
13231750, 437889, 8698, 356, 148, 145, true, true
13242331, 438328, 8701, 359, 149, 144, true, true
13246294, 438497, 8701, 358, 148, 144, true, true
13433552, 445816, 8701, 357, 147, 149, true, true
13463734, 446996, 8702, 358, 148, 148, true, true
13468397, 447174, 8703, 359, 149, 146, true, true
13485860, 447825, 8703, 358, 148, 146, true, true
13514896, 449025, 8703, 357, 147, 148, true, true
13523434, 449394, 8704, 358, 148, 145, true, true
13563282, 450942, 8704, 357, 147, 146, true, true
13571492, 451260, 8704, 356, 146, 146, true, true
13606449, 452678, 8706, 356, 147, 145, true, true
13628956, 453539, 8709, 345, 147, 144, true, true
13659942, 454745, 8710, 346, 148, 143, true, true
13682587, 455614, 8710, 345, 147, 145, true, true
13699821, 456274, 8711, 346, 148, 145, true, true
13754196, 458140, 8713, 346, 148, 142, true, true
13770074, 458708, 8731, 346, 147, 143, true, true
13778163, 459030, 8731, 345, 146, 143, true, true
13809113, 460099, 8731, 344, 145, 143, true, true
13809728, 460121, 8732, 345, 146, 142, true, true
13815751, 460337, 8732, 344, 145, 142, true, true
13840901, 461332, 8732, 343, 144, 143, true, true
13880035, 462767, 8732, 342, 143, 144, true, true
13888125, 463060, 8732, 341, 142, 145, true, true
13915318, 464135, 8733, 342, 143, 143, true, true
14029505, 468349, 8733, 340, 141, 143, true, true
14030529, 468393, 8733, 339, 140, 143, true, true
14050387, 469118, 8733, 338, 139, 144, true, true
14092914, 470725, 8741, 346, 140, 144, true, true
14171649, 473553, 8741, 345, 140, 145, true, true
14172376, 473579, 8743, 347, 141, 144, true, true
14185111, 474010, 8743, 346, 140, 144, true, true
14190053, 474201, 8743, 345, 139, 144, true, true
14207987, 474877, 8743, 344, 138, 144, true, true
14236568, 475842, 8744, 345, 139, 142, true, true
14262363, 476789, 8745, 346, 140, 141, true, true
14262760, 476807, 8745, 345, 139, 141, true, true
14321679, 478910, 8747, 347, 140, 141, true, true
14459388, 483838, 8748, 348, 141, 144, true, true
14480536, 484560, 8748, 347, 140, 145, true, true
14482231, 484633, 8749, 347, 141, 143, true, true
14519022, 485992, 8749, 345, 140, 144, true, true
14535123, 486593, 8750, 346, 141, 139, true, true
14566829, 487784, 8751, 347, 142, 134, true, true
14598359, 488952, 8751, 346, 141, 136, true, true
14601263, 489068, 8751, 344, 140, 136, true, true
14630996, 490197, 8751, 343, 139, 139, true, true
14722252, 493434, 8751, 342, 138, 142, true, true
14786769, 495659, 8751, 341, 137, 142, true, true
14794694, 495977, 8752, 342, 138, 142, true, true
14819718, 496874, 8752, 341, 137, 143, true, true
14860906, 498435, 8752, 340, 136, 144, true, true
14933832, 501097, 8752, 339, 135, 146, true, true
15013539, 503938, 8752, 338, 134, 149, true, true
15051080, 505249, 8753, 339, 135, 147, true, true
15057113, 505450, 8753, 338, 134, 147, true, true
15085320, 506440, 8762, 345, 135, 148, true, true
15149178, 508708, 8763, 346, 136, 146, true, true
15168723, 509355, 8763, 345, 135, 146, true, true
15182701, 509846, 8765, 347, 136, 144, true, true
15183041, 509861, 8765, 346, 135, 144, true, true
15249594, 512213, 8768, 349, 136, 146, true, true
15251335, 512276, 8768, 347, 136, 146, true, true
15267326, 512866, 8768, 346, 135, 146, true, true
15410921, 517991, 8769, 347, 136, 145, true, true
15425304, 518488, 8770, 348, 137, 144, true, true
15532607, 522317, 8770, 346, 136, 149, true, true
15587943, 524324, 8770, 345, 135, 149, true, true
15608087, 525043, 8770, 344, 134, 149, true, true
15692023, 527875, 8770, 343, 133, 152, true, true
15706312, 528353, 8770, 342, 132, 152, true, true
15740791, 529533, 8770, 341, 131, 153, true, true
15754925, 530002, 8770, 340, 130, 153, true, true
15768143, 530450, 8770, 339, 129, 153, true, true
15868555, 533969, 8771, 340, 130, 152, true, true
15877899, 534273, 8771, 332, 129, 152, true, true
15961292, 537076, 8772, 333, 130, 152, true, true
15964031, 537176, 8773, 334, 131, 143, true, true
15990433, 538069, 8774, 335, 132, 143, true, true
16071646, 540874, 8774, 334, 131, 144, true, true
16150078, 543486, 8774, 333, 130, 144, true, true
16175965, 544341, 8774, 332, 129, 144, true, true
16277152, 547903, 8775, 311, 129, 143, true, true
16287718, 548289, 8775, 310, 128, 144, true, true
16307261, 548985, 8780, 315, 129, 141, true, true
16364050, 550850, 8781, 316, 130, 139, true, true
16489364, 554951, 8782, 317, 131, 138, true, true
16490640, 554979, 8783, 318, 132, 137, true, true
16507634, 555502, 8783, 315, 132, 137, true, true
16528590, 556175, 8783, 311, 131, 137, true, true
16532171, 556297, 8784, 312, 132, 135, true, true
16585208, 558171, 8785, 313, 133, 130, true, true
16678717, 561240, 8785, 312, 132, 131, true, true
16739977, 563334, 8786, 313, 133, 129, true, true
16806565, 565595, 8786, 311, 132, 131, true, true
16818107, 565968, 8790, 315, 133, 128, true, true
16831506, 566415, 8790, 314, 132, 129, true, true
16900682, 568663, 8790, 313, 131, 130, true, true
16987227, 571578, 8790, 312, 131, 131, true, true
16988409, 571612, 8794, 316, 132, 126, true, true
17043096, 573427, 8795, 317, 133, 123, true, true
17084441, 574838, 8795, 316, 133, 123, true, true
17094670, 575212, 8795, 315, 132, 123, true, true
17103562, 575528, 8799, 316, 132, 123, true, true
17117259, 575980, 8799, 315, 131, 123, true, true
17171054, 577787, 8799, 310, 130, 124, true, true
17257323, 580563, 8799, 309, 129, 125, true, true
17369279, 584341, 8800, 309, 129, 123, true, true
17439874, 586588, 8800, 308, 128, 123, true, true
17520756, 589160, 8801, 309, 129, 123, true, true
17611527, 592129, 8801, 308, 128, 123, true, true
17753310, 596809, 8802, 309, 129, 120, true, true
17760832, 597048, 8806, 313, 130, 114, true, true
17799053, 598329, 8808, 315, 131, 111, true, true
18027824, 606021, 8809, 316, 132, 114, true, true
18096122, 608258, 8810, 317, 133, 109, true, true
18111459, 608754, 8810, 316, 132, 109, true, true
18137059, 609596, 8811, 317, 133, 108, true, true
18138811, 609652, 8811, 316, 132, 108, true, true
18196962, 611578, 8827, 320, 133, 108, true, true
18248274, 613291, 8828, 321, 134, 109, true, true
18382679, 617747, 8831, 324, 135, 106, true, true
18440212, 619678, 8831, 320, 134, 106, true, true
18568506, 623875, 8832, 321, 135, 106, true, true
18689268, 627927, 8832, 320, 134, 110, true, true
18800004, 631674, 8832, 317, 133, 112, true, true
18848789, 633357, 8832, 315, 132, 113, true, true
18859949, 633714, 8832, 314, 132, 113, true, true
19001528, 638499, 8832, 312, 131, 114, true, true
19007512, 638711, 8832, 311, 130, 114, true, true
19034555, 639669, 8832, 310, 129, 114, true, true
19140265, 643312, 8832, 309, 128, 116, true, true
19184600, 644857, 8832, 308, 127, 117, true, true
19222899, 646182, 8833, 309, 128, 115, true, true
19552467, 657600, 8834, 310, 129, 113, true, true
19604656, 659464, 8839, 311, 129, 113, true, true
19713498, 663285, 8840, 312, 130, 113, true, true
19786922, 665858, 8840, 311, 129, 116, true, true
19810106, 666631, 8840, 310, 128, 116, true, true
20137546, 678387, 8840, 309, 127, 123, true, true
20269427, 683128, 8841, 310, 128, 125, true, true
20330499, 685383, 8842, 310, 128, 124, true, true
20355885, 686336, 8842, 309, 127, 124, true, true
20373700, 687022, 8842, 308, 127, 124, true, true
20439734, 689535, 8842, 307, 126, 125, true, true
20573059, 694341, 8842, 305, 125, 125, true, true
20705683, 699333, 8843, 306, 126, 126, true, true
20722608, 699959, 8843, 305, 125, 126, true, true
20788406, 702318, 8843, 304, 124, 126, true, true
20925947, 707498, 8843, 303, 123, 130, true, true
20957140, 708627, 8844, 304, 124, 130, true, true
21278456, 720624, 8844, 301, 124, 134, true, true
21366373, 723977, 8844, 300, 123, 135, true, true
21367147, 724007, 8845, 301, 124, 129, true, true
21502284, 728955, 8846, 301, 124, 128, true, true
21587400, 732257, 8846, 300, 123, 129, true, true
21631093, 733870, 8848, 302, 124, 127, true, true
21741149, 738011, 8849, 303, 125, 125, true, true
21803425, 740511, 8849, 302, 124, 128, true, true
21835437, 741672, 8849, 301, 123, 128, true, true
21858363, 742537, 8849, 298, 123, 128, true, true
21995687, 747766, 8850, 299, 124, 129, true, true
22100114, 751685, 8850, 298, 123, 130, true, true
22208039, 755802, 8851, 299, 124, 127, true, true
22285044, 758810, 8852, 300, 125, 126, true, true
22288884, 758929, 8852, 298, 124, 126, true, true
22298534, 759302, 8852, 297, 123, 126, true, true
22307140, 759641, 8852, 296, 122, 126, true, true
22337463, 760741, 8852, 295, 122, 126, true, true
22375657, 762195, 8852, 287, 121, 127, true, true
22495647, 766741, 8852, 286, 120, 128, true, true
22517776, 767625, 8852, 230, 119, 128, true, true
22647314, 772690, 8852, 229, 118, 129, true, true
22713381, 775274, 8855, 231, 119, 125, true, true
22729946, 775827, 8855, 228, 118, 125, true, true
22782379, 777770, 8855, 227, 117, 125, true, true
22818452, 779156, 8856, 228, 118, 123, true, true
22839675, 779912, 8858, 230, 119, 122, true, true
22975658, 785068, 8859, 231, 120, 121, true, true
23186696, 793254, 8859, 228, 119, 125, true, true
23409126, 802026, 8860, 229, 120, 127, true, true
23481718, 804821, 8860, 228, 119, 127, true, true
23540147, 807111, 8860, 227, 118, 128, true, true
23717414, 813981, 8861, 228, 119, 126, true, true
23720808, 814135, 8861, 226, 118, 126, true, true
23742568, 814930, 8861, 225, 117, 126, true, true
23778422, 816307, 8861, 222, 117, 126, true, true
23838889, 818648, 8862, 223, 118, 124, true, true
24057746, 827199, 8862, 222, 117, 126, true, true
24089296, 828438, 8863, 223, 118, 124, true, true
24106492, 829100, 8863, 222, 118, 125, true, true
24174014, 831681, 8864, 223, 119, 123, true, true
24211296, 833091, 8865, 224, 120, 120, true, true
24391923, 839958, 8865, 223, 119, 123, true, true
24424012, 841264, 8866, 224, 120, 122, true, true
24432072, 841556, 8866, 220, 119, 122, true, true
24802997, 855977, 8867, 221, 120, 126, true, true
24819509, 856661, 8867, 220, 119, 126, true, true
24956126, 862104, 8868, 220, 120, 127, true, true
25045055, 865625, 8868, 219, 120, 127, true, true
25061003, 866273, 8869, 220, 121, 126, true, true
25087377, 867320, 8869, 219, 120, 127, true, true
25117439, 868484, 8870, 220, 121, 125, true, true
25154589, 869967, 8870, 219, 120, 125, true, true
25235213, 873122, 8876, 225, 121, 126, true, true
25312339, 876217, 8877, 226, 122, 124, true, true
25428894, 880958, 8877, 225, 121, 124, true, true
25493460, 883567, 8878, 226, 122, 125, true, true
25559330, 886178, 8878, 225, 121, 126, true, true
25667149, 890183, 8881, 228, 122, 126, true, true
25837200, 896812, 8888, 232, 123, 128, true, true
25841389, 896968, 8890, 234, 124, 127, true, true
26109417, 907551, 8891, 235, 125, 129, true, true
26129078, 908374, 8892, 236, 126, 127, true, true
26159168, 909691, 8893, 237, 127, 123, true, true
26206996, 911665, 8894, 238, 128, 123, true, true
26327416, 916463, 8895, 239, 129, 122, true, true
26404301, 919645, 8895, 238, 128, 122, true, true
26525611, 924636, 8895, 237, 127, 125, true, true
26746027, 934111, 8895, 236, 126, 125, true, true
26830478, 937698, 8895, 235, 125, 125, true, true
26834418, 937880, 8899, 239, 126, 122, true, true
26858956, 938918, 8900, 240, 127, 120, true, true
26946476, 942499, 8901, 241, 128, 118, true, true
26971101, 943482, 8901, 240, 127, 118, true, true
27251403, 955472, 8902, 241, 128, 116, true, true
27283293, 956857, 8902, 240, 127, 116, true, true
27352418, 959730, 8904, 242, 128, 114, true, true
27416115, 962509, 8906, 244, 129, 114, true, true
27462480, 964505, 8906, 243, 128, 116, true, true
27668566, 973389, 8908, 245, 129, 116, true, true
27706911, 975093, 8908, 243, 128, 116, true, true
27771578, 977774, 8909, 244, 129, 116, true, true
27826851, 980195, 8909, 242, 128, 116, true, true
27829888, 980318, 8911, 241, 129, 114, true, true
27906661, 983520, 8913, 243, 130, 112, true, true
27907789, 983573, 8913, 242, 130, 112, true, true
27925186, 984340, 8913, 240, 129, 112, true, true
28091423, 991326, 8913, 239, 128, 113, true, true
28212903, 996442, 8914, 240, 129, 111, true, true
28238425, 997593, 8914, 239, 128, 111, true, true
28303378, 1000295, 8914, 237, 127, 112, true, true
28303634, 1000309, 8915, 238, 128, 110, true, true
28438615, 1005744, 8915, 237, 127, 113, true, true
28441167, 1005869, 8916, 238, 128, 112, true, true
28455704, 1006549, 8916, 237, 128, 112, true, true
28462473, 1006812, 8916, 236, 127, 112, true, true
28536356, 1009831, 8916, 235, 126, 113, true, true
28598248, 1012334, 8916, 230, 125, 113, true, true
28711890, 1017147, 8918, 232, 126, 115, true, true
28847761, 1022796, 8918, 231, 125, 119, true, true
28884695, 1024415, 8920, 231, 126, 117, true, true
29021768, 1030310, 8920, 230, 125, 117, true, true
29022390, 1030325, 8920, 229, 124, 117, true, true
29291047, 1041710, 8921, 230, 125, 117, true, true
29332422, 1043492, 8921, 229, 124, 118, true, true
29493844, 1050211, 8922, 230, 125, 117, true, true
29540759, 1052297, 8923, 231, 126, 117, true, true
29788958, 1063189, 8923, 230, 126, 118, true, true
29822796, 1064625, 8923, 229, 125, 118, true, true
29963923, 1070530, 8923, 228, 124, 118, true, true
30081276, 1075460, 8924, 229, 125, 116, true, true
30561504, 1095962, 8925, 230, 126, 119, true, true
30710303, 1102499, 8927, 229, 126, 118, true, true
30993584, 1115129, 8928, 230, 127, 121, true, true
31142757, 1121834, 8929, 231, 128, 121, true, true
31332267, 1130319, 8933, 230, 129, 121, true, true
31557642, 1140709, 8933, 228, 128, 123, true, true
31776500, 1150781, 8934, 229, 129, 118, true, true
31811910, 1152500, 8935, 230, 130, 118, true, true
31880123, 1155685, 8935, 228, 129, 118, true, true
31994115, 1161008, 8936, 229, 130, 118, true, true
32215629, 1171208, 8936, 228, 129, 119, true, true
32307560, 1175557, 8936, 227, 128, 121, true, true
32687369, 1191576, 8937, 228, 129, 118, true, true
32804388, 1197077, 8937, 227, 128, 118, true, true
32835749, 1198610, 8937, 226, 127, 118, true, true
32858022, 1199657, 8938, 227, 128, 119, true, true
33042613, 1208128, 8939, 228, 129, 117, true, true
33164086, 1213618, 8939, 226, 128, 117, true, true
33370289, 1223163, 8939, 225, 127, 119, true, true
33397555, 1224390, 8939, 224, 126, 119, true, true
33429255, 1225876, 8939, 223, 125, 119, true, true
33716078, 1239200, 8939, 222, 124, 122, true, true
33777263, 1242216, 8940, 223, 125, 118, true, true
33893357, 1247798, 8940, 221, 123, 119, true, true
33931707, 1249593, 8942, 219, 123, 117, true, true
33984372, 1251954, 8942, 218, 122, 117, true, true
34102290, 1257534, 8943, 219, 123, 117, true, true
34225550, 1263499, 8944, 220, 124, 116, true, true
34411765, 1272108, 8948, 224, 125, 115, true, true
34623833, 1282331, 8948, 223, 124, 119, true, true
34664136, 1284302, 8956, 231, 125, 114, true, true
34735353, 1287610, 8957, 232, 126, 112, true, true
34789124, 1290213, 8957, 231, 125, 113, true, true
34997809, 1299734, 8958, 232, 126, 111, true, true
35057680, 1302543, 8958, 231, 125, 111, true, true
35337313, 1315798, 8961, 234, 126, 113, true, true
35366671, 1317092, 8961, 233, 125, 113, true, true
35433269, 1320301, 8961, 232, 124, 114, true, true
35481830, 1322623, 8961, 231, 123, 114, true, true
35576530, 1327063, 8961, 230, 122, 114, true, true
35607987, 1328565, 8961, 229, 121, 115, true, true
35656522, 1330775, 8962, 230, 122, 114, true, true
35757810, 1335577, 8963, 231, 123, 114, true, true
35941772, 1344077, 8966, 231, 122, 116, true, true
35994364, 1346472, 8969, 230, 122, 115, true, true
36180007, 1355061, 8970, 231, 123, 114, true, true
36182361, 1355155, 8972, 233, 124, 113, true, true
36218949, 1356768, 8972, 232, 123, 113, true, true
36248557, 1358073, 8972, 230, 122, 114, true, true
36275489, 1359307, 8972, 226, 121, 114, true, true
36402794, 1364957, 8973, 227, 122, 113, true, true
36556253, 1372027, 8973, 223, 121, 113, true, true
36627045, 1375226, 8974, 224, 122, 112, true, true
36925760, 1388890, 8976, 226, 123, 111, true, true
37127217, 1397950, 8978, 228, 124, 113, true, true
37262757, 1404243, 8978, 227, 123, 114, true, true
37266993, 1404441, 8978, 226, 122, 114, true, true
37270911, 1404644, 8979, 227, 123, 114, true, true
37271935, 1404682, 8980, 228, 124, 112, true, true
37333073, 1407551, 8981, 229, 125, 106, true, true
37401955, 1410653, 8983, 231, 126, 101, true, true
37455898, 1413087, 8983, 230, 125, 101, true, true
37525870, 1416208, 8985, 232, 126, 100, true, true
37944801, 1434909, 8985, 228, 125, 101, true, true
37947229, 1435015, 8986, 229, 126, 98, true, true
37970786, 1436112, 8986, 228, 125, 98, true, true
38146568, 1444075, 8986, 226, 125, 98, true, true
38171579, 1445245, 8986, 225, 124, 98, true, true
38331894, 1452638, 8986, 224, 123, 99, true, true
38524186, 1461417, 8986, 223, 122, 100, true, true
38553922, 1462813, 8986, 222, 121, 100, true, true
38649930, 1467000, 8986, 221, 120, 100, true, true
38663624, 1467625, 8986, 220, 119, 100, true, true
38751858, 1471609, 8986, 219, 118, 100, true, true
38889693, 1477935, 8987, 220, 119, 100, true, true
38891159, 1478015, 8988, 221, 120, 98, true, true
39049903, 1485212, 8988, 219, 119, 98, true, true
39262762, 1494766, 8988, 215, 119, 98, true, true
39268078, 1495014, 8988, 214, 118, 98, true, true
39435624, 1502311, 8988, 213, 117, 99, true, true
39746007, 1516245, 8988, 211, 116, 103, true, true
39914071, 1523902, 8988, 210, 115, 104, true, true
40029554, 1529153, 8988, 209, 114, 104, true, true
40064415, 1530800, 8988, 208, 113, 104, true, true
40343113, 1543633, 8988, 207, 112, 106, true, true
41039618, 1576808, 8988, 206, 111, 111, true, true
41075181, 1578549, 8988, 198, 110, 111, true, true
41236234, 1586258, 8992, 202, 111, 110, true, true
41309131, 1589590, 8992, 201, 110, 110, true, true
41320218, 1590113, 8993, 202, 111, 107, true, true
41569115, 1601851, 9004, 207, 111, 106, true, true
41735773, 1609643, 9005, 207, 111, 102, true, true
41842901, 1614641, 9005, 206, 110, 103, true, true
41920634, 1618202, 9006, 207, 111, 101, true, true
42067592, 1624890, 9006, 206, 110, 101, true, true
42321642, 1637203, 9006, 205, 110, 103, true, true
42396604, 1640822, 9007, 206, 111, 103, true, true
42465189, 1644119, 9008, 207, 112, 102, true, true
42534487, 1647496, 9008, 206, 111, 102, true, true
42750469, 1657320, 9012, 210, 112, 103, true, true
42960861, 1666993, 9013, 211, 113, 103, true, true
43098006, 1673420, 9013, 210, 112, 103, true, true
43306624, 1683526, 9015, 212, 113, 103, true, true
43373686, 1686696, 9015, 211, 112, 103, true, true
43503014, 1692829, 9016, 212, 113, 102, true, true
43666088, 1700628, 9017, 213, 114, 103, true, true
43715035, 1702959, 9017, 212, 113, 103, true, true
43770183, 1705483, 9017, 211, 112, 103, true, true
44062011, 1718893, 9018, 212, 113, 108, true, true
44143008, 1722764, 9018, 211, 112, 108, true, true
44376991, 1733767, 9020, 213, 113, 106, true, true
44529485, 1740676, 9020, 212, 113, 107, true, true
44633863, 1745506, 9021, 213, 114, 105, true, true
44671175, 1747261, 9021, 207, 113, 105, true, true
44990052, 1762097, 9022, 208, 114, 108, true, true
45008435, 1763070, 9022, 206, 113, 109, true, true
45024313, 1763787, 9022, 202, 112, 109, true, true
45101237, 1767434, 9023, 203, 113, 110, true, true
45369924, 1780140, 9024, 204, 114, 106, true, true
45503174, 1786308, 9025, 205, 115, 106, true, true
45793053, 1799923, 9026, 206, 116, 105, true, true
45825176, 1801394, 9026, 204, 115, 105, true, true
46044905, 1811788, 9027, 205, 116, 104, true, true
46254138, 1821754, 9029, 207, 117, 103, true, true
46327332, 1825117, 9029, 206, 116, 104, true, true
46339042, 1825694, 9029, 203, 115, 104, true, true
46361798, 1826709, 9029, 202, 114, 104, true, true
46481088, 1832327, 9029, 201, 114, 105, true, true
46693394, 1842184, 9030, 202, 115, 107, true, true
46817308, 1847873, 9030, 201, 115, 110, true, true
46824109, 1848170, 9031, 201, 115, 109, true, true
47035213, 1857852, 9031, 200, 114, 109, true, true
47112288, 1861205, 9031, 199, 113, 110, true, true
47440324, 1876070, 9032, 200, 114, 113, true, true
48021379, 1903537, 9032, 197, 113, 116, true, true
48038383, 1904289, 9032, 196, 112, 116, true, true
48421053, 1922135, 9032, 195, 111, 120, true, true
48531031, 1927113, 9033, 196, 112, 120, true, true
48669088, 1933592, 9037, 200, 113, 119, true, true
48697690, 1934920, 9037, 198, 112, 119, true, true
48834150, 1941440, 9037, 197, 112, 119, true, true
48888032, 1943855, 9038, 198, 113, 113, true, true
49031244, 1950593, 9040, 200, 114, 112, true, true
49033753, 1950707, 9040, 196, 114, 112, true, true
49552000, 1974543, 9040, 195, 113, 115, true, true
49616864, 1977521, 9041, 196, 114, 113, true, true
49654650, 1979304, 9041, 195, 113, 114, true, true
49741636, 1983363, 9041, 194, 112, 115, true, true
49879702, 1989758, 9041, 193, 111, 115, true, true
50134482, 2001514, 9042, 194, 112, 113, true, true
50254290, 2007099, 9044, 196, 113, 114, true, true
50402375, 2014045, 9044, 194, 112, 115, true, true
50774626, 2031746, 9044, 193, 112, 119, true, true
50783666, 2032216, 9044, 192, 111, 119, true, true
50898713, 2037654, 9046, 194, 112, 117, true, true
51041536, 2044569, 9047, 195, 113, 116, true, true
51060561, 2045513, 9048, 196, 114, 114, true, true
51060734, 2045525, 9049, 197, 115, 113, true, true
51336393, 2059025, 9049, 195, 114, 113, true, true
51615438, 2072363, 9049, 193, 113, 114, true, true
51875611, 2084537, 9049, 191, 112, 115, true, true
52276467, 2103622, 9056, 198, 113, 115, true, true
52442034, 2111433, 9056, 197, 112, 115, true, true
52486454, 2113507, 9056, 196, 111, 115, true, true
52506785, 2114421, 9056, 195, 110, 116, true, true
52744082, 2125700, 9056, 194, 109, 117, true, true
53095255, 2142401, 9057, 195, 110, 120, true, true
53196893, 2147318, 9057, 194, 109, 121, true, true
53245255, 2149655, 9064, 201, 110, 118, true, true
53272897, 2150968, 9064, 199, 109, 118, true, true
53380284, 2156175, 9065, 200, 110, 112, true, true
53526568, 2163173, 9068, 202, 110, 111, true, true
53584340, 2165940, 9068, 201, 109, 111, true, true
53630256, 2168186, 9068, 200, 108, 111, true, true
53974773, 2184199, 9068, 199, 107, 111, true, true
54022162, 2186382, 9068, 198, 106, 111, true, true
54495849, 2208099, 9069, 199, 107, 113, true, true
54685776, 2217109, 9069, 198, 106, 115, true, true
54857176, 2224827, 9070, 199, 107, 115, true, true
55254195, 2242907, 9070, 192, 106, 120, true, true
55353060, 2247467, 9071, 193, 107, 120, true, true
55402862, 2249685, 9071, 192, 106, 122, true, true
55558110, 2256623, 9071, 190, 106, 125, true, true
55767339, 2266083, 9074, 189, 107, 121, true, true
56413588, 2295377, 9075, 190, 108, 123, true, true
56415449, 2295458, 9075, 189, 107, 123, true, true
56543272, 2301107, 9075, 188, 106, 124, true, true
56582918, 2302798, 9075, 187, 105, 124, true, true
56693935, 2307702, 9075, 186, 105, 124, true, true
57276244, 2333630, 9077, 186, 106, 124, true, true
57592800, 2347839, 9077, 185, 105, 126, true, true
57646644, 2350175, 9079, 187, 106, 125, true, true
57657119, 2350633, 9080, 188, 107, 123, true, true
58175804, 2374070, 9080, 186, 106, 125, true, true
58281468, 2378613, 9080, 183, 104, 125, true, true
58707190, 2397571, 9080, 182, 103, 126, true, true
58723253, 2398242, 9081, 182, 103, 124, true, true
59464787, 2431188, 9081, 180, 102, 126, true, true
59512376, 2433371, 9081, 179, 101, 126, true, true
59527117, 2434014, 9081, 178, 101, 126, true, true
59714925, 2442312, 9082, 179, 102, 126, true, true
59797209, 2445986, 9082, 178, 101, 126, true, true
59814860, 2446810, 9082, 177, 100, 126, true, true
59956793, 2453289, 9083, 178, 101, 125, true, true
60092458, 2459304, 9083, 177, 100, 126, true, true
60175331, 2462769, 9084, 178, 101, 124, true, true
60350724, 2470151, 9084, 176, 100, 124, true, true
60720869, 2486481, 9085, 177, 101, 115, true, true
61141214, 2505380, 9087, 179, 102, 116, true, true
61203782, 2508275, 9087, 178, 101, 116, true, true
61452082, 2519252, 9087, 176, 100, 117, true, true
61842054, 2536121, 9087, 175, 99, 121, true, true
61888518, 2538277, 9088, 176, 100, 119, true, true
61949282, 2540751, 9088, 175, 99, 119, true, true
62015755, 2543782, 9088, 174, 98, 119, true, true
62065031, 2545970, 9089, 175, 99, 117, true, true
62067334, 2546069, 9089, 174, 98, 117, true, true
62178355, 2550982, 9090, 175, 99, 115, true, true
62244684, 2553950, 9091, 176, 100, 112, true, true
62343141, 2558312, 9091, 175, 99, 113, true, true
62747289, 2575764, 9092, 176, 100, 114, true, true
63674517, 2616193, 9092, 175, 99, 116, true, true
63675957, 2616250, 9092, 174, 99, 116, true, true
63773662, 2620651, 9094, 175, 99, 113, true, true
64661960, 2659916, 9095, 176, 100, 120, true, true
64827074, 2666983, 9096, 177, 101, 119, true, true
65121503, 2679924, 9100, 181, 102, 119, true, true
65199249, 2683457, 9100, 178, 101, 119, true, true
65199908, 2683491, 9101, 177, 102, 115, true, true
65339574, 2689492, 9101, 176, 102, 115, true, true
65469163, 2695266, 9101, 174, 101, 115, true, true
65909573, 2714359, 9101, 172, 100, 117, true, true
66602610, 2744500, 9102, 173, 101, 114, true, true
67352622, 2778088, 9103, 168, 102, 114, true, true
67458067, 2782911, 9103, 166, 101, 114, true, true
67563991, 2787634, 9104, 167, 102, 114, true, true
67648928, 2791580, 9107, 170, 103, 113, true, true
67735267, 2795488, 9107, 167, 102, 113, true, true
67959234, 2805472, 9108, 168, 103, 110, true, true
68173011, 2814834, 9108, 167, 102, 111, true, true
68459709, 2827587, 9109, 168, 103, 112, true, true
69002162, 2851909, 9110, 169, 104, 112, true, true
69122846, 2857346, 9110, 168, 103, 113, true, true
69309491, 2865827, 9110, 167, 102, 113, true, true
69774059, 2886868, 9110, 166, 101, 115, true, true
70167685, 2904728, 9110, 165, 100, 118, true, true
70177796, 2905181, 9111, 166, 101, 116, true, true
70492556, 2919129, 9111, 165, 100, 117, true, true
71208798, 2951153, 9111, 164, 99, 120, true, true
72208058, 2996824, 9111, 163, 98, 122, true, true
72263146, 2999430, 9111, 162, 97, 122, true, true
72431817, 3007268, 9111, 161, 96, 122, true, true
72635851, 3016681, 9112, 161, 97, 121, true, true
72831159, 3025697, 9113, 162, 98, 115, true, true
72925744, 3030256, 9113, 160, 97, 115, true, true
74097551, 3083619, 9119, 166, 98, 119, true, true
74216825, 3089261, 9119, 165, 97, 119, true, true
74308194, 3093531, 9119, 164, 96, 119, true, true
74751999, 3114013, 9119, 159, 96, 123, true, true
74773687, 3115026, 9119, 158, 95, 123, true, true
75327979, 3140073, 9119, 157, 94, 124, true, true
75491009, 3147394, 9120, 158, 95, 123, true, true
75975550, 3169181, 9121, 159, 96, 122, true, true
75977779, 3169295, 9121, 158, 95, 122, true, true
76587670, 3197336, 9121, 156, 95, 128, true, true
77183761, 3225014, 9122, 157, 96, 125, true, true
78453966, 3283493, 9123, 158, 97, 127, true, true
78870624, 3302809, 9124, 159, 98, 127, true, true
78908056, 3304641, 9124, 158, 97, 127, true, true
79009210, 3309255, 9124, 156, 96, 127, true, true
79506951, 3332458, 9125, 157, 97, 126, true, true
80021295, 3356204, 9125, 156, 96, 126, true, true
80839695, 3394754, 9127, 158, 97, 128, true, true
80866338, 3396006, 9128, 159, 98, 126, true, true
81252883, 3413936, 9128, 158, 97, 126, true, true
81256994, 3414129, 9129, 159, 98, 123, true, true
81385566, 3420089, 9135, 164, 98, 121, true, true
81420245, 3421687, 9136, 165, 99, 120, true, true
81480713, 3424449, 9137, 166, 100, 120, true, true
81726340, 3435565, 9137, 165, 99, 122, true, true
82081761, 3451980, 9138, 166, 100, 120, true, true
82573661, 3475020, 9139, 167, 101, 120, true, true
82598694, 3476136, 9139, 164, 100, 120, true, true
82822920, 3486455, 9139, 163, 99, 120, true, true
83200018, 3504057, 9141, 165, 100, 113, true, true
83296403, 3508595, 9141, 164, 99, 113, true, true
83330295, 3510128, 9142, 165, 100, 112, true, true
83370038, 3511990, 9142, 164, 99, 112, true, true
83568365, 3521247, 9145, 163, 100, 109, true, true
83735558, 3528939, 9146, 164, 101, 108, true, true
83830367, 3533237, 9147, 165, 102, 107, true, true
84536977, 3565733, 9148, 165, 102, 108, true, true
84867584, 3581078, 9148, 164, 101, 109, true, true
85351465, 3603208, 9149, 165, 102, 109, true, true
86289143, 3646301, 9149, 163, 101, 112, true, true
86467461, 3654560, 9149, 160, 101, 113, true, true
86855128, 3672670, 9149, 159, 100, 115, true, true
86864477, 3673114, 9150, 160, 101, 112, true, true
86895350, 3674617, 9151, 161, 102, 109, true, true
87177261, 3687721, 9152, 162, 103, 102, true, true
87222769, 3689870, 9153, 163, 104, 98, true, true
87889766, 3720545, 9153, 162, 103, 104, true, true
87963715, 3723892, 9154, 163, 104, 101, true, true
88150377, 3732668, 9155, 164, 105, 99, true, true
88179116, 3734030, 9155, 163, 104, 99, true, true
88814170, 3763315, 9155, 161, 103, 101, true, true
88974649, 3770664, 9156, 162, 104, 99, true, true
89488350, 3794214, 9157, 163, 105, 97, true, true
89625945, 3800552, 9157, 162, 104, 97, true, true
89926567, 3813607, 9158, 162, 105, 97, true, true
89938656, 3814181, 9159, 163, 106, 94, true, true
90113742, 3822210, 9160, 164, 107, 95, true, true
90136387, 3823196, 9160, 163, 106, 96, true, true
90734971, 3850287, 9161, 164, 107, 95, true, true
91098613, 3866757, 9161, 163, 106, 96, true, true
92468281, 3929410, 9161, 162, 105, 100, true, true
92687897, 3939412, 9161, 161, 104, 103, true, true
93082516, 3957428, 9161, 160, 103, 104, false, true
93279284, 3966494, 9162, 161, 104, 103, false, true
94078146, 4003527, 9162, 160, 103, 103, false, true
94121104, 4005459, 9163, 161, 104, 102, false, true
94206710, 4009412, 9163, 157, 104, 102, false, true
94436781, 4020229, 9163, 156, 103, 102, false, true
94537025, 4024929, 9164, 157, 104, 98, false, true
94561458, 4025996, 9164, 155, 103, 98, false, true
94871123, 4040509, 9169, 160, 104, 95, false, true
95687304, 4077930, 9170, 161, 105, 94, false, true
96778133, 4129108, 9170, 160, 104, 94, false, true
97247189, 4151316, 9171, 161, 105, 92, false, true
97251408, 4151527, 9171, 160, 104, 92, false, true
98110742, 4191407, 9171, 159, 103, 92, false, true
98907256, 4228677, 9173, 161, 104, 91, false, true
99748319, 4268013, 9174, 161, 105, 90, false, true
99768427, 4268941, 9175, 162, 106, 89, false, true
100241058, 4290883, 9183, 170, 107, 88, false, true
102227188, 4386366, 9188, 175, 108, 87, false, true
102384247, 4394038, 9188, 172, 107, 87, false, true
102893320, 4418686, 9188, 171, 106, 87, false, true
102977110, 4422767, 9188, 170, 105, 87, false, true
103254630, 4435905, 9188, 169, 104, 87, false, true
103269895, 4436658, 9188, 168, 103, 87, false, true
103667262, 4455670, 9188, 167, 102, 87, false, true
103816487, 4462670, 9189, 167, 103, 85, false, true
103899609, 4466666, 9190, 168, 104, 84, false, true
104034825, 4473096, 9190, 167, 103, 84, false, true
104256639, 4483635, 9194, 171, 104, 82, false, true
104625120, 4501167, 9195, 171, 105, 81, false, true
104793295, 4509084, 9195, 168, 104, 81, false, true
105189317, 4527718, 9197, 170, 105, 80, false, true
105451033, 4540071, 9197, 169, 104, 80, false, true
105888507, 4560995, 9197, 168, 103, 80, false, true
105941408, 4563581, 9198, 169, 104, 79, false, true
106567446, 4592612, 9199, 170, 105, 77, false, true
107898589, 4655958, 9200, 171, 106, 75, false, true
108011005, 4661455, 9200, 170, 105, 75, false, true
108248083, 4672637, 9200, 169, 104, 75, false, true
108319325, 4675990, 9201, 170, 105, 74, false, true
108658766, 4691701, 9201, 169, 104, 74, false, true
108737626, 4695508, 9201, 168, 103, 74, false, true
109057219, 4710451, 9202, 169, 104, 73, false, true
109291250, 4721658, 9203, 170, 105, 71, false, true
110748656, 4789914, 9203, 169, 104, 71, false, true
111032516, 4802828, 9204, 170, 105, 68, false, true
111732824, 4835826, 9204, 169, 104, 68, false, true
111760699, 4837125, 9204, 168, 103, 68, false, true
113428860, 4915399, 9205, 169, 104, 67, false, true
114620672, 4972573, 9205, 167, 103, 67, false, true
115139465, 4998034, 9205, 165, 102, 67, false, true
115178359, 4999992, 9206, 166, 103, 66, false, true
115253598, 5003522, 9206, 165, 102, 66, false, true
115626742, 5021114, 9207, 166, 103, 63, false, true
117477323, 5111707, 9207, 165, 102, 63, false, true
117850228, 5130396, 9209, 167, 103, 62, false, true
118054007, 5140765, 9209, 162, 102, 62, false, true
118278224, 5152088, 9209, 161, 101, 62, false, true
120434698, 5260334, 9209, 160, 100, 62, false, true
120703588, 5274098, 9210, 160, 100, 61, false, true
120815439, 5279514, 9211, 161, 101, 58, false, true
121099575, 5293818, 9212, 162, 102, 56, false, true
121121298, 5294866, 9214, 164, 103, 55, false, true
121278918, 5302849, 9216, 166, 104, 54, false, true
121359608, 5306871, 9217, 167, 105, 51, false, true
122293026, 5352728, 9218, 168, 106, 49, false, true
123566334, 5415260, 9219, 169, 107, 48, false, true
125195182, 5496491, 9220, 170, 108, 46, false, true
125607166, 5517004, 9221, 171, 109, 45, false, true
125815467, 5527417, 9222, 172, 110, 43, false, true
126199323, 5546370, 9222, 171, 109, 43, false, true
127770158, 5625491, 9222, 169, 107, 43, false, true
127799570, 5626999, 9222, 168, 106, 43, false, true
128254378, 5649935, 9223, 169, 107, 41, false, true
128337024, 5654093, 9224, 169, 108, 40, false, true
128470067, 5660695, 9225, 170, 109, 39, false, true
129103869, 5692863, 9225, 169, 108, 39, false, true
129303773, 5702574, 9225, 168, 107, 39, false, true
129445868, 5709533, 9225, 167, 106, 39, false, true
131352478, 5803886, 9225, 166, 105, 39, false, true
131415767, 5807069, 9227, 167, 106, 37, false, true
132109385, 5842378, 9228, 168, 107, 35, false, true
132523443, 5862932, 9228, 167, 106, 35, false, true
132786559, 5876239, 9229, 168, 107, 34, false, true
132825534, 5878193, 9234, 173, 108, 32, false, true
133856380, 5929300, 9234, 172, 107, 32, false, true
134033310, 5937840, 9234, 166, 106, 32, false, true
134093995, 5940771, 9234, 162, 105, 32, false, true
134753280, 5972828, 9239, 167, 106, 31, false, true
135895848, 6029008, 9239, 165, 105, 31, false, true
137266018, 6096966, 9239, 164, 104, 31, false, true
137545974, 6110867, 9240, 165, 105, 30, false, true
137821495, 6124256, 9241, 166, 106, 29, false, true
138021155, 6133993, 9241, 165, 105, 29, false, true
138053964, 6135652, 9243, 167, 106, 28, false, true
139442743, 6203017, 9244, 168, 107, 26, false, true
139674954, 6214062, 9244, 167, 106, 26, false, true
139812064, 6220481, 9244, 166, 105, 26, false, true
142098118, 6331340, 9244, 165, 104, 26, false, true
142427347, 6347578, 9245, 165, 104, 25, false, true
142834774, 6367818, 9247, 167, 105, 24, false, true
142929143, 6372248, 9248, 168, 106, 21, false, true
143034513, 6377271, 9248, 167, 105, 21, false, true
143952633, 6421692, 9248, 166, 104, 21, false, true
145355870, 6488196, 9248, 165, 103, 21, false, true
146186043, 6528208, 9248, 163, 102, 21, false, true
146966185, 6565825, 9248, 161, 100, 21, false, true
147101670, 6572380, 9248, 160, 99, 21, false, true
148009210, 6616357, 9248, 159, 98, 21, false, true
148080918, 6619867, 9248, 158, 97, 21, false, true
148256623, 6628020, 9249, 159, 98, 20, false, true
151113943, 6765273, 9250, 160, 99, 19, false, true
151260358, 6772361, 9251, 161, 100, 18, false, true
152439287, 6829239, 9251, 160, 99, 18, false, true
152859650, 6849347, 9252, 161, 100, 16, false, true
153218957, 6866694, 9252, 160, 99, 16, false, true
153242643, 6867882, 9253, 161, 100, 15, false, true
153920515, 6901037, 9254, 162, 101, 14, false, true
154020745, 6905723, 9254, 161, 100, 14, false, true
157612539, 7082030, 9254, 160, 99, 14, false, true
158407677, 7122500, 9254, 159, 98, 14, false, true
158672533, 7136321, 9255, 160, 99, 13, false, true
159822444, 7194529, 9256, 161, 100, 12, false, true
160971124, 7251969, 9256, 160, 99, 12, false, true
161248928, 7266102, 9259, 152, 99, 11, false, true
161543509, 7280790, 9260, 153, 100, 10, false, true
162463471, 7326439, 9261, 154, 101, 8, false, true
163803908, 7393993, 9261, 153, 100, 8, false, true
163978449, 7403075, 9261, 152, 99, 8, false, true
164043596, 7406488, 9261, 151, 98, 8, false, true
164512886, 7430242, 9262, 152, 99, 7, false, true
165873699, 7499494, 9263, 153, 100, 6, false, true
167648637, 7589873, 9263, 152, 99, 6, false, true
168373933, 7627169, 9264, 153, 100, 5, false, true
168562969, 7636844, 9264, 152, 99, 5, false, true
168723945, 7645122, 9264, 151, 98, 5, false, true
169824477, 7702528, 9264, 146, 97, 5, false, true
169994914, 7711343, 9264, 145, 96, 5, false, true
171495103, 7790111, 9264, 144, 95, 5, false, true
171512821, 7791077, 9265, 145, 96, 4, false, true
171540720, 7792588, 9268, 148, 97, 3, false, true
172363031, 7837310, 9269, 149, 98, 2, false, true
172535837, 7847947, 9270, 150, 99, 1, false, true
172726007, 7859852, 9270, 149, 98, 1, false, true
172836607, 7866443, 9271, 150, 99, 0, false, true
173270658, 7892087, 9271, 149, 99, 0, false, true
