time, #execs, #covered, #singletons, #sglt_clusts, #foundnew, done, update?
41, 1, 1442, 1442, 1, 1, true, true
42, 2, 2198, 1492, 2, 2, true, true
79, 3, 2323, 1418, 3, 3, true, true
81, 4, 2378, 1067, 4, 4, true, true
7801, 5, 2452, 1065, 5, 5, true, true
607832, 6, 2556, 960, 6, 6, true, true
607858, 7, 2612, 1000, 7, 7, true, true
607918, 8, 2831, 1122, 8, 8, true, true
607920, 9, 2841, 1114, 9, 9, true, true
607922, 10, 3006, 1007, 10, 10, true, true
607923, 11, 3028, 1023, 11, 11, true, true
607925, 12, 3035, 1024, 12, 12, true, true
607926, 13, 3046, 1022, 13, 13, true, true
607937, 14, 3058, 1032, 14, 14, true, true
607938, 15, 3087, 1050, 15, 15, true, true
607939, 16, 3102, 1060, 16, 16, true, true
607940, 17, 3135, 1047, 17, 17, true, true
607942, 18, 3210, 1107, 18, 18, true, true
607944, 19, 3312, 1085, 19, 18, true, true
608112, 20, 3393, 1012, 20, 19, true, true
628264, 21, 3495, 781, 21, 20, true, true
628266, 22, 3497, 772, 22, 21, true, true
628267, 23, 3506, 772, 23, 22, true, true
628268, 24, 3509, 774, 24, 22, true, true
628269, 25, 3509, 771, 23, 23, true, true
628817, 26, 3531, 779, 24, 23, true, true
628818, 27, 3556, 790, 25, 23, true, true
628820, 28, 3584, 781, 26, 23, true, true
628822, 29, 3681, 702, 27, 24, true, true
628829, 30, 3702, 675, 28, 23, true, true
628955, 31, 3724, 673, 29, 24, true, true
638344, 32, 3724, 669, 27, 26, true, true
638347, 33, 3729, 668, 27, 26, true, true
638375, 34, 3738, 650, 28, 26, true, true
638378, 35, 3743, 653, 29, 27, true, true
638380, 36, 3747, 656, 30, 27, true, true
638426, 37, 3748, 656, 31, 28, true, true
638430, 38, 3748, 654, 31, 29, true, true
638432, 39, 3748, 651, 31, 31, true, true
638435, 40, 3749, 640, 32, 32, true, true
638438, 41, 3819, 655, 32, 33, true, true
638442, 43, 3823, 644, 33, 36, true, true
638444, 44, 3829, 642, 34, 35, true, true
638447, 45, 3831, 624, 35, 35, true, true
639284, 46, 3838, 610, 35, 36, true, true
639287, 47, 3840, 608, 36, 36, true, true
639290, 48, 3864, 599, 37, 36, true, true
639467, 49, 3881, 602, 38, 36, true, true
639470, 51, 3883, 601, 39, 39, true, true
639475, 52, 3883, 598, 39, 41, true, true
639477, 53, 3903, 618, 40, 42, true, true
639483, 56, 3906, 618, 41, 43, true, true
639486, 57, 3907, 612, 41, 43, true, true
639488, 58, 3909, 613, 42, 44, true, true
639490, 59, 3918, 606, 43, 45, true, true
639492, 60, 3923, 609, 44, 45, true, true
639494, 61, 3930, 595, 45, 46, true, true
639497, 62, 3932, 595, 46, 46, true, true
639500, 63, 3963, 587, 47, 47, true, true
639502, 64, 3991, 611, 48, 47, true, true
639505, 66, 3996, 615, 49, 46, true, true
639508, 67, 3997, 612, 50, 46, true, true
639510, 68, 3998, 613, 51, 46, true, true
824680, 69, 4372, 829, 51, 44, true, true
824683, 70, 4374, 825, 51, 44, true, true
824685, 71, 4383, 832, 52, 42, true, true
824688, 73, 4464, 910, 53, 43, true, true
824692, 74, 4464, 907, 53, 45, true, true
824695, 75, 4464, 904, 53, 47, true, true
824698, 77, 4468, 904, 53, 47, true, true
824700, 78, 4469, 905, 54, 46, true, true
824702, 79, 4478, 913, 55, 47, true, true
824704, 80, 4482, 913, 56, 47, true, true
824709, 81, 4482, 888, 56, 48, true, true
824711, 82, 4488, 875, 57, 49, true, true
824713, 83, 4488, 872, 56, 51, true, true
824715, 84, 4492, 871, 57, 49, true, true
824718, 85, 4493, 872, 58, 49, true, true
824720, 86, 4495, 874, 59, 50, true, true
824743, 90, 4495, 871, 59, 55, true, true
824746, 91, 4506, 878, 60, 56, true, true
824749, 92, 4507, 879, 61, 56, true, true
824751, 94, 4509, 881, 62, 55, true, true
824753, 95, 4521, 889, 63, 56, true, true
824760, 98, 4530, 894, 63, 61, true, true
824762, 99, 4530, 891, 62, 61, true, true
824767, 100, 4530, 888, 62, 63, true, true
824770, 101, 4531, 889, 63, 63, true, true
824775, 103, 4533, 891, 64, 66, true, true
824778, 104, 4534, 887, 65, 67, true, true
824780, 105, 4536, 885, 66, 68, true, true
824782, 106, 4545, 882, 67, 69, true, true
824785, 107, 4546, 883, 68, 68, true, true
824789, 108, 4549, 882, 67, 69, true, true
824798, 112, 4549, 881, 67, 73, true, true
824806, 114, 4549, 880, 67, 75, true, true
824811, 116, 4553, 880, 68, 76, true, true
824814, 117, 4555, 871, 68, 76, true, true
824816, 118, 4567, 869, 69, 73, true, true
824819, 119, 4572, 866, 69, 71, true, true
824821, 120, 4574, 867, 70, 71, true, true
824824, 121, 4576, 857, 71, 72, true, true
824826, 122, 4582, 861, 72, 71, true, true
824829, 123, 4583, 859, 72, 72, true, true
824837, 125, 4584, 860, 73, 73, true, true
824842, 127, 4585, 860, 74, 73, true, true
824847, 129, 4595, 866, 75, 74, true, true
824849, 130, 4595, 865, 75, 74, true, true
824855, 132, 4598, 868, 76, 75, true, true
824858, 133, 4598, 866, 75, 76, true, true
824861, 134, 4601, 868, 76, 76, true, true
824865, 135, 4608, 856, 77, 76, true, true
824871, 137, 4609, 856, 78, 76, true, true
824874, 138, 4613, 857, 79, 76, true, true
824881, 139, 4613, 855, 79, 77, true, true
824885, 140, 4614, 855, 79, 78, true, true
824891, 141, 4615, 850, 79, 78, true, true
824906, 147, 4616, 851, 80, 82, true, true
824910, 148, 4617, 850, 81, 83, true, true
824914, 149, 4618, 848, 81, 83, true, true
824917, 150, 4624, 844, 82, 81, true, true
824923, 152, 4625, 845, 83, 82, true, true
824938, 157, 4626, 846, 84, 88, true, true
824941, 158, 4628, 848, 85, 86, true, true
824945, 159, 4628, 846, 85, 86, true, true
824977, 160, 4629, 846, 86, 85, true, true
824992, 162, 4630, 846, 87, 85, true, true
824997, 163, 4631, 844, 88, 86, true, true
825003, 164, 4632, 845, 89, 87, true, true
825007, 165, 4634, 836, 89, 86, true, true
825012, 166, 4636, 838, 90, 84, true, true
825022, 168, 4637, 838, 90, 86, true, true
825032, 170, 4639, 840, 91, 89, true, true
825035, 171, 4641, 839, 92, 89, true, true
825041, 172, 4642, 838, 91, 89, true, true
825049, 174, 4651, 779, 92, 92, true, true
825053, 175, 4651, 777, 91, 93, true, true
825056, 176, 4653, 776, 92, 92, true, true
825060, 177, 4654, 775, 91, 91, true, true
825071, 180, 4655, 776, 92, 93, true, true
825077, 181, 4655, 774, 92, 93, true, true
828093, 182, 4679, 753, 93, 94, true, true
828104, 184, 4680, 753, 94, 93, true, true
828133, 186, 4680, 744, 94, 93, true, true
828139, 187, 4681, 744, 94, 92, true, true
828142, 188, 4682, 745, 95, 92, true, true
828146, 189, 4683, 745, 95, 91, true, true
828149, 190, 4684, 745, 95, 91, true, true
828155, 191, 4684, 744, 95, 91, true, true
828158, 192, 4695, 746, 96, 89, true, true
828162, 193, 4698, 744, 97, 90, true, true
828167, 194, 4745, 742, 98, 90, true, true
828170, 195, 4748, 743, 99, 90, true, true
828175, 196, 4749, 744, 100, 90, true, true
828180, 197, 4749, 735, 99, 90, true, true
828189, 199, 4753, 734, 100, 92, true, true
828192, 200, 4758, 739, 101, 93, true, true
828195, 201, 4763, 744, 102, 92, true, true
828207, 203, 4763, 742, 101, 95, true, true
828212, 204, 4766, 738, 101, 95, true, true
828218, 205, 4768, 738, 102, 95, true, true
828222, 206, 4772, 732, 103, 96, true, true
828226, 207, 4772, 731, 103, 97, true, true
828246, 209, 4806, 762, 104, 98, true, true
828250, 210, 4808, 764, 105, 98, true, true
828348, 212, 4808, 763, 105, 100, true, true
828359, 215, 4808, 762, 105, 102, true, true
828367, 216, 4808, 761, 105, 104, true, true
828379, 217, 4808, 760, 105, 106, true, true
828386, 218, 4809, 761, 106, 106, true, true
828406, 222, 4810, 760, 107, 108, true, true
828414, 223, 4819, 737, 108, 108, true, true
828426, 224, 4823, 723, 109, 109, true, true
828430, 225, 4824, 723, 109, 109, true, true
828448, 228, 4825, 719, 110, 111, true, true
829058, 229, 4831, 715, 111, 111, true, true
829074, 230, 4833, 713, 111, 111, true, true
829136, 234, 4833, 708, 110, 113, true, true
829180, 237, 4835, 707, 110, 114, true, true
829191, 239, 4848, 687, 110, 113, true, true
829215, 244, 4849, 687, 110, 117, true, true
829219, 245, 4850, 688, 111, 114, true, true
829224, 246, 4854, 688, 111, 109, true, true
829232, 248, 4855, 679, 112, 108, true, true
829235, 249, 4880, 688, 113, 107, true, true
829265, 253, 4881, 685, 113, 110, true, true
829274, 255, 5023, 818, 112, 112, true, true
829278, 256, 5027, 818, 113, 111, true, true
829290, 258, 5043, 834, 114, 112, true, true
829305, 261, 5043, 832, 114, 114, true, true
829310, 262, 5045, 833, 114, 113, true, true
829326, 265, 5046, 834, 115, 113, true, true
829335, 268, 5047, 831, 116, 115, true, true
829339, 269, 5048, 831, 117, 113, true, true
829367, 273, 5048, 830, 116, 116, true, true
829371, 274, 5050, 832, 117, 116, true, true
829379, 275, 5059, 837, 118, 115, true, true
829402, 278, 5060, 838, 119, 116, true, true
829406, 279, 5064, 842, 120, 114, true, true
829410, 280, 5066, 843, 121, 115, true, true
829418, 282, 5067, 842, 122, 117, true, true
829431, 283, 5067, 841, 122, 118, true, true
829440, 284, 5067, 838, 122, 119, true, true
829444, 285, 5070, 841, 123, 117, true, true
829449, 286, 5070, 840, 122, 117, true, true
829464, 287, 5070, 839, 122, 119, true, true
829468, 288, 5070, 837, 120, 120, true, true
829474, 290, 5075, 836, 121, 122, true, true
829480, 291, 5077, 836, 121, 121, true, true
829515, 295, 5078, 833, 122, 125, true, true
829520, 296, 5079, 834, 123, 123, true, true
829524, 297, 5082, 836, 124, 123, true, true
829533, 298, 5082, 835, 124, 124, true, true
829544, 300, 5093, 840, 125, 124, true, true
829549, 302, 5094, 841, 126, 125, true, true
830107, 304, 5094, 833, 125, 126, true, true
830114, 305, 5097, 833, 125, 127, true, true
830130, 307, 5098, 832, 125, 126, true, true
830160, 310, 5099, 830, 126, 128, true, true
830179, 312, 5109, 838, 127, 126, true, true
830188, 313, 5111, 840, 128, 126, true, true
830194, 314, 5113, 841, 129, 124, true, true
830202, 315, 5123, 839, 130, 122, true, true
830261, 322, 5123, 833, 130, 126, true, true
830265, 323, 5124, 833, 130, 126, true, true
830276, 324, 5124, 832, 130, 126, true, true
830281, 325, 5127, 834, 131, 125, true, true
830331, 326, 5167, 823, 132, 126, true, true
830344, 327, 5167, 822, 131, 126, true, true
830394, 331, 5168, 823, 132, 127, true, true
830402, 333, 5175, 816, 132, 126, true, true
830407, 335, 5176, 817, 133, 128, true, true
830414, 336, 5176, 815, 133, 128, true, true
830420, 337, 5176, 813, 133, 129, true, true
830425, 338, 5179, 816, 134, 130, true, true
830437, 339, 5179, 803, 133, 131, true, true
830444, 340, 5179, 802, 132, 131, true, true
830456, 342, 5180, 803, 133, 131, true, true
830472, 344, 5191, 811, 134, 131, true, true
830476, 345, 5197, 817, 135, 131, true, true
830481, 346, 5198, 816, 136, 130, true, true
830493, 347, 5198, 815, 135, 130, true, true
830497, 348, 5199, 811, 136, 129, true, true
830513, 350, 5209, 798, 137, 127, true, true
830537, 352, 5209, 797, 136, 129, true, true
830556, 355, 5210, 798, 137, 131, true, true
830570, 357, 5211, 799, 138, 131, true, true
830605, 361, 5211, 797, 138, 133, true, true
830634, 363, 5211, 796, 138, 133, true, true
830643, 364, 5218, 803, 139, 132, true, true
830746, 375, 5218, 802, 138, 141, true, true
830754, 376, 5228, 806, 137, 140, true, true
830778, 379, 5231, 798, 138, 140, true, true
830802, 380, 5231, 794, 138, 140, true, true
830832, 382, 5231, 793, 137, 140, true, true
830841, 383, 5232, 791, 137, 139, true, true
830870, 385, 5236, 790, 138, 139, true, true
830876, 386, 5237, 791, 139, 138, true, true
830893, 388, 5242, 776, 139, 139, true, true
830899, 390, 5243, 775, 140, 139, true, true
830920, 392, 5243, 771, 139, 141, true, true
830930, 393, 5243, 770, 138, 142, true, true
830949, 395, 5244, 771, 139, 142, true, true
830958, 396, 5244, 752, 139, 142, true, true
830971, 399, 5245, 751, 140, 141, true, true
830976, 400, 5246, 752, 141, 142, true, true
830988, 403, 5250, 754, 141, 142, true, true
830993, 404, 5257, 760, 142, 141, true, true
831002, 405, 5257, 759, 141, 141, true, true
831007, 406, 5273, 773, 142, 140, true, true
831012, 407, 5277, 776, 143, 139, true, true
831021, 408, 5277, 775, 142, 139, true, true
831031, 409, 5285, 777, 142, 140, true, true
831037, 411, 5287, 779, 143, 141, true, true
831041, 412, 5291, 783, 144, 140, true, true
831050, 413, 5291, 782, 143, 140, true, true
831083, 416, 5291, 769, 143, 142, true, true
831097, 418, 5292, 770, 144, 141, true, true
831102, 419, 5293, 770, 144, 142, true, true
831114, 420, 5295, 770, 145, 142, true, true
831120, 421, 5296, 771, 146, 141, true, true
831135, 424, 5300, 769, 146, 141, true, true
831139, 425, 5301, 770, 147, 142, true, true
831317, 426, 5301, 768, 146, 142, true, true
831354, 428, 5301, 760, 144, 144, true, true
831367, 429, 5301, 757, 144, 146, true, true
831373, 430, 5302, 758, 145, 145, true, true
831392, 431, 5314, 769, 146, 145, true, true
831405, 432, 5315, 768, 146, 145, true, true
831412, 433, 5316, 766, 147, 143, true, true
831418, 434, 5317, 767, 148, 142, true, true
831465, 436, 5317, 766, 147, 142, true, true
831488, 437, 5317, 762, 146, 143, true, true
831496, 438, 5319, 764, 147, 142, true, true
831522, 439, 5320, 763, 146, 142, true, true
831601, 445, 5321, 764, 147, 145, true, true
831618, 447, 5332, 731, 147, 148, true, true
831633, 448, 5333, 725, 148, 147, true, true
831635, 449, 5334, 726, 149, 145, true, true
831664, 452, 5335, 724, 150, 144, true, true
831690, 454, 5335, 722, 149, 144, true, true
831701, 455, 5339, 713, 150, 143, true, true
831722, 456, 5358, 688, 151, 143, true, true
831731, 458, 5360, 690, 152, 141, true, true
831752, 460, 5361, 690, 153, 143, true, true
831773, 462, 5361, 689, 152, 144, true, true
831807, 465, 5361, 688, 151, 147, true, true
832150, 468, 5361, 687, 150, 149, true, true
832161, 469, 5366, 692, 151, 148, true, true
832168, 470, 5367, 693, 152, 147, true, true
832195, 471, 5367, 690, 152, 148, true, true
832211, 472, 5367, 689, 151, 150, true, true
832271, 478, 5368, 690, 152, 153, true, true
832283, 479, 5369, 691, 153, 152, true, true
832325, 482, 5369, 682, 152, 156, true, true
832370, 484, 5372, 670, 153, 156, true, true
832392, 486, 5385, 683, 154, 155, true, true
832398, 487, 5386, 684, 155, 154, true, true
832416, 488, 5386, 682, 155, 154, true, true
832445, 489, 5386, 681, 154, 154, true, true
832487, 491, 5386, 679, 153, 157, true, true
832563, 498, 5387, 680, 154, 160, true, true
832574, 500, 5400, 668, 154, 162, true, true
832597, 501, 5408, 674, 155, 160, true, true
832605, 502, 5409, 675, 156, 160, true, true
832626, 504, 5410, 672, 155, 160, true, true
832671, 507, 5430, 631, 153, 160, true, true
832706, 509, 5432, 631, 153, 161, true, true
832737, 511, 5432, 628, 152, 162, true, true
832769, 513, 5432, 627, 151, 163, true, true
832777, 514, 5433, 628, 152, 163, true, true
832813, 517, 5433, 626, 151, 165, true, true
832818, 518, 5444, 635, 152, 166, true, true
832865, 521, 5444, 629, 152, 167, true, true
832877, 522, 5444, 628, 151, 168, true, true
832914, 524, 5444, 627, 150, 169, true, true
832927, 525, 5445, 626, 150, 166, true, true
832961, 530, 5446, 625, 151, 170, true, true
832974, 531, 5447, 606, 151, 171, true, true
833033, 534, 5453, 609, 151, 171, true, true
833056, 536, 5453, 606, 150, 171, true, true
833160, 542, 5453, 605, 149, 176, true, true
833166, 543, 5461, 609, 150, 174, true, true
833216, 546, 5461, 608, 150, 176, true, true
833220, 547, 5462, 609, 151, 173, true, true
833282, 550, 5462, 605, 150, 174, true, true
833291, 551, 5467, 610, 151, 173, true, true
833314, 553, 5467, 609, 150, 174, true, true
833327, 554, 5467, 608, 149, 175, true, true
833453, 556, 5468, 606, 149, 174, true, true
833483, 559, 5470, 608, 150, 169, true, true
833489, 560, 5474, 612, 151, 167, true, true
833497, 561, 5488, 600, 152, 166, true, true
833503, 562, 5488, 597, 151, 166, true, true
833524, 564, 5490, 598, 152, 165, true, true
833552, 566, 5490, 597, 152, 166, true, true
833575, 568, 5490, 596, 152, 166, true, true
833667, 573, 5491, 596, 152, 168, true, true
833676, 574, 5493, 597, 152, 168, true, true
833688, 576, 5494, 598, 153, 166, true, true
833694, 577, 5495, 599, 154, 164, true, true
833700, 578, 5498, 602, 155, 162, true, true
833708, 579, 5501, 604, 156, 161, true, true
833729, 581, 5502, 589, 155, 161, true, true
833747, 583, 5502, 587, 154, 162, true, true
833768, 584, 5502, 584, 153, 164, true, true
833790, 586, 5516, 575, 151, 163, true, true
833961, 590, 5526, 585, 152, 164, true, true
833974, 591, 5526, 584, 152, 165, true, true
834036, 594, 5526, 583, 152, 169, true, true
834071, 596, 5527, 584, 153, 169, true, true
834089, 598, 5531, 585, 154, 166, true, true
834111, 600, 5532, 585, 155, 161, true, true
834144, 602, 5532, 584, 154, 161, true, true
834181, 604, 5532, 583, 153, 162, true, true
834252, 608, 5538, 588, 154, 163, true, true
834263, 609, 5545, 588, 154, 162, true, true
834269, 610, 5547, 590, 155, 162, true, true
834284, 611, 5547, 589, 154, 163, true, true
834301, 612, 5548, 589, 155, 162, true, true
834326, 615, 5551, 591, 155, 162, true, true
834410, 618, 5551, 590, 155, 163, true, true
834458, 619, 5557, 578, 155, 163, true, true
834468, 620, 5558, 579, 156, 162, true, true
834504, 621, 5558, 578, 155, 162, true, true
834566, 624, 5558, 560, 155, 162, true, true
834649, 629, 5559, 561, 156, 164, true, true
834667, 630, 5560, 562, 157, 162, true, true
834742, 635, 5561, 563, 158, 165, true, true
834792, 639, 5563, 564, 159, 162, true, true
834847, 642, 5566, 566, 160, 163, true, true
834870, 643, 5566, 565, 159, 164, true, true
834889, 644, 5566, 564, 158, 164, true, true
834912, 646, 5567, 565, 159, 164, true, true
834936, 649, 5568, 566, 160, 165, true, true
834946, 651, 5568, 565, 160, 166, true, true
834960, 652, 5568, 564, 160, 166, true, true
835046, 658, 5569, 565, 161, 166, true, true
835062, 659, 5569, 560, 160, 166, true, true
835165, 667, 5570, 560, 160, 167, true, true
835171, 668, 5571, 558, 159, 167, true, true
835258, 670, 5572, 559, 160, 165, true, true
835289, 672, 5572, 558, 159, 165, true, true
835306, 674, 5572, 557, 158, 165, true, true
835336, 675, 5645, 625, 157, 164, true, true
835350, 676, 5646, 626, 158, 164, true, true
835470, 682, 5646, 625, 157, 167, true, true
835574, 688, 5648, 626, 158, 169, true, true
835598, 690, 5648, 621, 158, 169, true, true
835808, 700, 5650, 623, 159, 172, true, true
835819, 701, 5652, 625, 160, 171, true, true
835917, 708, 5661, 625, 161, 173, true, true
835927, 709, 5662, 622, 162, 172, true, true
836010, 713, 5664, 622, 163, 171, true, true
836017, 715, 5665, 622, 163, 172, true, true
836106, 721, 5673, 625, 164, 175, true, true
836324, 732, 5673, 624, 163, 182, true, true
836333, 733, 5674, 625, 164, 181, true, true
836357, 735, 5676, 625, 165, 180, true, true
836395, 737, 5677, 624, 166, 178, true, true
836444, 739, 5678, 622, 167, 176, true, true
836455, 740, 5681, 625, 168, 174, true, true
836580, 745, 5712, 654, 169, 175, true, true
836609, 746, 5712, 653, 168, 176, true, true
836656, 749, 5713, 654, 169, 177, true, true
836669, 750, 5716, 657, 170, 177, true, true
836711, 752, 5716, 656, 170, 178, true, true
836746, 754, 5719, 659, 171, 176, true, true
836865, 764, 5719, 657, 169, 184, true, true
836955, 769, 5720, 658, 170, 185, true, true
836989, 772, 5730, 668, 171, 185, true, true
837008, 773, 5741, 675, 172, 184, true, true
837073, 778, 5758, 689, 173, 180, true, true
837098, 780, 5758, 688, 172, 182, true, true
837108, 781, 5760, 690, 173, 179, true, true
837148, 784, 5761, 688, 174, 180, true, true
837179, 786, 5762, 689, 175, 180, true, true
837208, 788, 5762, 687, 175, 181, true, true
837219, 789, 5763, 688, 176, 178, true, true
837227, 790, 5764, 685, 176, 177, true, true
837303, 793, 5764, 683, 176, 179, true, true
837315, 794, 5766, 682, 177, 176, true, true
837330, 795, 5767, 682, 177, 176, true, true
837365, 797, 5767, 681, 177, 178, true, true
837416, 799, 5770, 684, 178, 177, true, true
837425, 800, 5771, 685, 179, 172, true, true
837440, 801, 5771, 683, 178, 172, true, true
837456, 802, 5771, 681, 177, 173, true, true
837463, 803, 5772, 682, 178, 172, true, true
837488, 805, 5772, 681, 177, 173, true, true
837499, 806, 5773, 682, 178, 172, true, true
837509, 807, 5773, 681, 177, 172, true, true
837523, 808, 5773, 680, 176, 172, true, true
837585, 811, 5773, 676, 176, 172, true, true
837665, 817, 5774, 676, 176, 176, true, true
837698, 819, 5775, 677, 177, 174, true, true
837712, 820, 5775, 676, 176, 174, true, true
837838, 827, 5776, 677, 177, 175, true, true
837919, 830, 5776, 675, 177, 177, true, true
838073, 836, 5776, 663, 176, 177, true, true
838159, 839, 5776, 662, 175, 177, true, true
838167, 840, 5777, 661, 174, 176, true, true
838237, 843, 5778, 662, 175, 178, true, true
838491, 848, 5778, 654, 174, 179, true, true
838506, 849, 5793, 669, 175, 178, true, true
838517, 850, 5796, 667, 175, 178, true, true
838547, 853, 5796, 640, 175, 179, true, true
838573, 855, 5805, 647, 174, 179, true, true
838594, 856, 5806, 644, 175, 178, true, true
838606, 857, 5807, 645, 176, 173, true, true
838617, 858, 5808, 629, 176, 172, true, true
838670, 862, 5809, 630, 177, 172, true, true
838692, 864, 5812, 633, 178, 171, true, true
838824, 873, 5812, 632, 178, 173, true, true
838854, 875, 5813, 633, 179, 167, true, true
838868, 876, 5813, 632, 178, 168, true, true
838875, 877, 5814, 627, 179, 166, true, true
838915, 879, 5814, 626, 178, 168, true, true
838992, 883, 5816, 628, 179, 168, true, true
839042, 887, 5819, 627, 178, 168, true, true
839093, 889, 5819, 626, 178, 168, true, true
839199, 892, 5819, 625, 178, 170, true, true
839215, 893, 5819, 624, 177, 170, true, true
839233, 894, 5819, 623, 176, 170, true, true
839243, 895, 5821, 624, 176, 168, true, true
839367, 901, 5822, 625, 177, 169, true, true
839376, 902, 5824, 627, 178, 169, true, true
839630, 912, 5824, 625, 177, 171, true, true
839657, 914, 5826, 626, 178, 172, true, true
839694, 916, 5826, 625, 177, 174, true, true
839716, 917, 5827, 626, 178, 166, true, true
839727, 918, 5827, 625, 177, 166, true, true
839774, 920, 5827, 612, 176, 166, true, true
839917, 923, 5827, 611, 176, 168, true, true
839951, 925, 5827, 610, 176, 168, true, true
839983, 926, 5828, 608, 176, 167, true, true
839994, 927, 5837, 612, 177, 165, true, true
840001, 928, 5851, 608, 177, 164, true, true
840033, 932, 5851, 607, 177, 165, true, true
840072, 934, 5852, 608, 178, 164, true, true
840148, 938, 5852, 603, 177, 167, true, true
840246, 943, 5857, 604, 178, 169, true, true
840256, 944, 5858, 604, 179, 167, true, true
840275, 946, 5858, 603, 178, 168, true, true
840332, 951, 5859, 604, 179, 168, true, true
840338, 952, 5865, 604, 180, 167, true, true
840448, 959, 5866, 605, 181, 162, true, true
840491, 961, 5867, 606, 182, 160, true, true
840505, 962, 5869, 607, 182, 156, true, true
840556, 965, 5872, 607, 182, 154, true, true
840694, 973, 5872, 601, 181, 157, true, true
840797, 979, 5875, 603, 181, 155, true, true
840815, 980, 5875, 602, 180, 156, true, true
840842, 982, 5877, 604, 181, 156, true, true
840912, 985, 5878, 605, 182, 156, true, true
841039, 991, 5880, 606, 182, 157, true, true
841050, 992, 5881, 607, 183, 156, true, true
841139, 997, 5881, 605, 182, 160, true, true
841161, 998, 5882, 606, 183, 158, true, true
841187, 1000, 5882, 605, 183, 159, true, true
841251, 1003, 5882, 604, 182, 159, true, true
841277, 1006, 5885, 607, 183, 158, true, true
841286, 1007, 5886, 608, 184, 156, true, true
841368, 1010, 5887, 609, 185, 157, true, true
841471, 1013, 5888, 609, 186, 155, true, true
841492, 1015, 5888, 608, 185, 156, true, true
841509, 1016, 5888, 605, 185, 157, true, true
841607, 1020, 5888, 604, 184, 157, true, true
841641, 1025, 5888, 603, 183, 160, true, true
841781, 1028, 5888, 602, 182, 160, true, true
841851, 1029, 5888, 594, 180, 160, true, true
841877, 1032, 5891, 592, 180, 159, true, true
841896, 1033, 5891, 590, 180, 159, true, true
841996, 1036, 5891, 588, 180, 161, true, true
842021, 1039, 5892, 589, 181, 161, true, true
842107, 1043, 5893, 589, 182, 160, true, true
842339, 1054, 5894, 590, 183, 157, true, true
842470, 1058, 5894, 589, 182, 159, true, true
842534, 1061, 5895, 589, 183, 157, true, true
842660, 1065, 5895, 587, 181, 157, true, true
842702, 1068, 5895, 586, 180, 158, true, true
842821, 1077, 5895, 585, 179, 161, true, true
842843, 1079, 5912, 590, 180, 162, true, true
842871, 1080, 5913, 587, 180, 162, true, true
842922, 1083, 5935, 568, 181, 161, true, true
843021, 1090, 5937, 570, 182, 162, true, true
843191, 1099, 5937, 569, 182, 162, true, true
843243, 1102, 5938, 568, 181, 162, true, true
843274, 1104, 5939, 569, 182, 161, true, true
843300, 1105, 5939, 568, 182, 162, true, true
843357, 1110, 5940, 569, 183, 160, true, true
843797, 1138, 5943, 569, 184, 168, true, true
843881, 1143, 5943, 567, 183, 170, true, true
843890, 1144, 5945, 569, 184, 169, true, true
843937, 1146, 5945, 568, 183, 170, true, true
843953, 1147, 5945, 567, 182, 170, true, true
843998, 1150, 5946, 568, 183, 160, true, true
844105, 1155, 5947, 566, 182, 157, true, true
844125, 1156, 5948, 565, 182, 154, true, true
844150, 1158, 5950, 541, 183, 154, true, true
844188, 1160, 5950, 540, 182, 155, true, true
844227, 1164, 5951, 541, 183, 156, true, true
844237, 1167, 5956, 546, 184, 151, true, true
844272, 1169, 5956, 545, 183, 151, true, true
844311, 1171, 5956, 544, 183, 154, true, true
844335, 1173, 5957, 543, 184, 154, true, true
844380, 1175, 5958, 544, 185, 153, true, true
844495, 1181, 5959, 545, 186, 154, true, true
844526, 1183, 5960, 546, 187, 153, true, true
844545, 1184, 5960, 545, 186, 153, true, true
844665, 1188, 5960, 544, 185, 155, true, true
844691, 1190, 5962, 546, 186, 154, true, true
845035, 1207, 5963, 547, 187, 150, true, true
845123, 1210, 5964, 548, 188, 149, true, true
845157, 1214, 5964, 546, 188, 149, true, true
845239, 1219, 5965, 547, 189, 149, true, true
845636, 1229, 5965, 546, 188, 152, true, true
845838, 1236, 5967, 548, 189, 154, true, true
845853, 1238, 5967, 547, 188, 154, true, true
845920, 1242, 5967, 544, 187, 155, true, true
846048, 1249, 5968, 545, 188, 159, true, true
846061, 1250, 5972, 538, 188, 158, true, true
846107, 1252, 5973, 539, 189, 156, true, true
846198, 1257, 5973, 538, 188, 157, true, true
846335, 1263, 5973, 534, 187, 159, true, true
846348, 1264, 6023, 571, 186, 160, true, true
846460, 1273, 6023, 570, 186, 161, true, true
846549, 1279, 6024, 571, 187, 160, true, true
846604, 1283, 6032, 579, 188, 159, true, true
846644, 1284, 6032, 578, 187, 159, true, true
846694, 1286, 6034, 580, 188, 158, true, true
846723, 1287, 6034, 579, 187, 158, true, true
846874, 1293, 6034, 577, 186, 159, true, true
846894, 1294, 6034, 576, 185, 159, true, true
847020, 1299, 6037, 576, 186, 162, true, true
847112, 1306, 6039, 577, 186, 162, true, true
847280, 1314, 6039, 576, 185, 164, true, true
847400, 1319, 6039, 575, 185, 166, true, true
847449, 1322, 6039, 574, 184, 166, true, true
847630, 1332, 6039, 571, 183, 168, true, true
847658, 1335, 6039, 570, 182, 168, true, true
847721, 1339, 6039, 569, 181, 169, true, true
847968, 1352, 6040, 570, 182, 171, true, true
848209, 1363, 6040, 569, 181, 174, true, true
848342, 1367, 6040, 568, 180, 175, true, true
848353, 1368, 6042, 570, 181, 174, true, true
848583, 1378, 6042, 569, 181, 176, true, true
848840, 1389, 6042, 568, 180, 177, true, true
848878, 1390, 6042, 567, 179, 178, true, true
848943, 1392, 6043, 567, 179, 177, true, true
849415, 1416, 6044, 568, 180, 184, true, true
849418, 1417, 6044, 567, 179, 185, true, true
849657, 1428, 6044, 566, 178, 189, true, true
849689, 1430, 6058, 571, 179, 188, true, true
849720, 1432, 6058, 570, 178, 188, true, true
849812, 1438, 6058, 569, 177, 191, true, true
849831, 1439, 6059, 570, 178, 190, true, true
849892, 1442, 6060, 571, 179, 188, true, true
850019, 1447, 6060, 570, 178, 189, true, true
850075, 1452, 6061, 571, 179, 190, true, true
850086, 1453, 6362, 860, 179, 187, true, true
850269, 1457, 6363, 861, 180, 183, true, true
850377, 1462, 6363, 860, 179, 185, true, true
850388, 1463, 6365, 862, 180, 183, true, true
850445, 1466, 6365, 861, 179, 183, true, true
850505, 1471, 6371, 866, 180, 184, true, true
850601, 1477, 6372, 867, 181, 184, true, true
850717, 1481, 6372, 866, 181, 184, true, true
850819, 1486, 6373, 867, 182, 183, true, true
851026, 1493, 6373, 863, 180, 185, true, true
851077, 1495, 6377, 866, 180, 183, true, true
851130, 1497, 6377, 865, 180, 183, true, true
851171, 1498, 6381, 866, 181, 182, true, true
851238, 1500, 6398, 869, 182, 180, true, true
851282, 1502, 6398, 868, 181, 180, true, true
851296, 1503, 6398, 867, 181, 180, true, true
851317, 1504, 6398, 865, 179, 180, true, true
851486, 1513, 6399, 866, 180, 179, true, true
851500, 1514, 6399, 864, 179, 179, true, true
851545, 1516, 6400, 864, 179, 179, true, true
851594, 1519, 6401, 865, 180, 179, true, true
851705, 1526, 6402, 864, 180, 179, true, true
851725, 1527, 6402, 863, 179, 179, true, true
851867, 1536, 6405, 866, 180, 179, true, true
851939, 1540, 6409, 851, 181, 177, true, true
852083, 1546, 6409, 850, 180, 179, true, true
852181, 1551, 6409, 849, 179, 182, true, true
852280, 1557, 6410, 850, 180, 182, true, true
852289, 1558, 6411, 847, 180, 180, true, true
852413, 1564, 6413, 848, 181, 183, true, true
852497, 1568, 6413, 847, 180, 184, true, true
852586, 1572, 6414, 846, 181, 186, true, true
852659, 1575, 6414, 845, 180, 186, true, true
852782, 1581, 6414, 844, 179, 188, true, true
852862, 1584, 6414, 843, 178, 189, true, true
852909, 1586, 6414, 842, 177, 189, true, true
853030, 1593, 6415, 843, 178, 192, true, true
853044, 1594, 6417, 843, 178, 189, true, true
853087, 1595, 6417, 842, 177, 190, true, true
853284, 1607, 6417, 841, 176, 192, true, true
853330, 1610, 6417, 840, 176, 192, true, true
853397, 1613, 6417, 834, 175, 192, true, true
853709, 1628, 6417, 833, 174, 194, true, true
853741, 1630, 6418, 834, 175, 193, true, true
853856, 1637, 6419, 835, 176, 192, true, true
853915, 1641, 6420, 836, 177, 192, true, true
853986, 1644, 6420, 835, 176, 192, true, true
854041, 1647, 6421, 836, 177, 191, true, true
854202, 1654, 6421, 835, 177, 192, true, true
854234, 1657, 6422, 836, 178, 191, true, true
854265, 1660, 6423, 836, 179, 189, true, true
854634, 1675, 6423, 835, 178, 192, true, true
854845, 1683, 6425, 837, 179, 191, true, true
854875, 1684, 6426, 838, 180, 190, true, true
854891, 1685, 6428, 839, 181, 188, true, true
854970, 1689, 6434, 845, 182, 189, true, true
855409, 1704, 6434, 842, 181, 191, true, true
855445, 1705, 6434, 841, 180, 191, true, true
855695, 1713, 6434, 840, 179, 192, true, true
855945, 1721, 6435, 841, 180, 190, true, true
856035, 1725, 6435, 840, 179, 192, true, true
856382, 1744, 6435, 838, 179, 196, true, true
856507, 1748, 6435, 837, 178, 196, true, true
856538, 1751, 6437, 839, 179, 194, true, true
856689, 1756, 6437, 838, 179, 194, true, true
856713, 1757, 6437, 837, 179, 194, true, true
856876, 1765, 6437, 836, 178, 194, true, true
856941, 1768, 6438, 837, 179, 190, true, true
856984, 1771, 6441, 840, 180, 189, true, true
857021, 1772, 6441, 838, 180, 189, true, true
857240, 1782, 6441, 836, 178, 190, true, true
857263, 1784, 6442, 836, 178, 189, true, true
857475, 1794, 6444, 836, 178, 190, true, true
857639, 1800, 6445, 837, 179, 188, true, true
857723, 1803, 6445, 836, 178, 189, true, true
858020, 1816, 6446, 837, 179, 191, true, true
858126, 1822, 6447, 832, 179, 192, true, true
858214, 1826, 6454, 839, 180, 192, true, true
858235, 1827, 6454, 838, 179, 193, true, true
858262, 1830, 6455, 839, 180, 187, true, true
858429, 1841, 6462, 834, 180, 184, true, true
858444, 1842, 6464, 836, 181, 180, true, true
859349, 1860, 6468, 840, 182, 180, true, true
859498, 1865, 6468, 839, 181, 181, true, true
859522, 1866, 6468, 838, 180, 182, true, true
859591, 1872, 6468, 837, 179, 183, true, true
859603, 1873, 6469, 836, 179, 181, true, true
859730, 1880, 6484, 851, 180, 177, true, true
859780, 1883, 6488, 855, 181, 177, true, true
859804, 1884, 6488, 839, 181, 177, true, true
859931, 1890, 6490, 841, 182, 175, true, true
860024, 1897, 6492, 842, 183, 176, true, true
860445, 1919, 6496, 843, 184, 182, true, true
860505, 1922, 6497, 844, 185, 181, true, true
860536, 1924, 6499, 846, 186, 180, true, true
860573, 1925, 6499, 844, 186, 180, true, true
860795, 1934, 6499, 843, 185, 181, true, true
860939, 1940, 6499, 842, 184, 181, true, true
861014, 1945, 6501, 803, 185, 181, true, true
861125, 1951, 6501, 802, 185, 184, true, true
861323, 1959, 6501, 801, 184, 185, true, true
861399, 1964, 6501, 800, 183, 187, true, true
861529, 1972, 6501, 799, 183, 187, true, true
861686, 1979, 6502, 800, 184, 183, true, true
861780, 1985, 6503, 800, 184, 183, true, true
861852, 1988, 6504, 801, 185, 181, true, true
861899, 1990, 6504, 800, 185, 182, true, true
861956, 1992, 6506, 802, 186, 179, true, true
862127, 2000, 6521, 817, 187, 176, true, true
862322, 2010, 6521, 816, 187, 177, true, true
862432, 2017, 6522, 817, 188, 175, true, true
862444, 2019, 6522, 816, 187, 175, true, true
862470, 2021, 6523, 814, 188, 175, true, true
862627, 2031, 6524, 814, 188, 174, true, true
862667, 2032, 6524, 813, 187, 174, true, true
862693, 2033, 6524, 808, 187, 174, true, true
862890, 2043, 6525, 808, 188, 174, true, true
862948, 2046, 6525, 807, 187, 175, true, true
863493, 2069, 6527, 809, 188, 175, true, true
863569, 2073, 6527, 808, 187, 177, true, true
863720, 2079, 6528, 809, 188, 176, true, true
863825, 2082, 6528, 808, 188, 176, true, true
863865, 2084, 6529, 808, 189, 173, true, true
863989, 2091, 6530, 809, 190, 171, true, true
864301, 2102, 6530, 805, 189, 172, true, true
864456, 2108, 6534, 808, 190, 170, true, true
864466, 2109, 6535, 800, 191, 169, true, true
864997, 2133, 6537, 800, 192, 171, true, true
865073, 2139, 6539, 802, 193, 171, true, true
865330, 2153, 6539, 801, 192, 176, true, true
865352, 2154, 6540, 802, 193, 175, true, true
865415, 2158, 6541, 803, 194, 176, true, true
865424, 2159, 6542, 804, 195, 175, true, true
865770, 2178, 6544, 803, 195, 176, true, true
865789, 2179, 6545, 802, 195, 175, true, true
865893, 2183, 6545, 801, 194, 176, true, true
865958, 2185, 6545, 799, 193, 176, true, true
866211, 2199, 6545, 798, 192, 179, true, true
866337, 2209, 6546, 799, 193, 179, true, true
866420, 2213, 6546, 797, 192, 179, true, true
866710, 2222, 6546, 796, 192, 179, true, true
866749, 2223, 6546, 795, 191, 179, true, true
866790, 2225, 6603, 837, 190, 177, true, true
866845, 2228, 6603, 836, 189, 178, true, true
867000, 2232, 6604, 834, 190, 174, true, true
867141, 2239, 6604, 833, 189, 176, true, true
867311, 2246, 6604, 832, 188, 177, true, true
867458, 2255, 6605, 833, 189, 178, true, true
867547, 2262, 6605, 832, 188, 179, true, true
867706, 2266, 6605, 831, 188, 180, true, true
867720, 2267, 6605, 818, 188, 181, true, true
867818, 2273, 6606, 819, 189, 178, true, true
867963, 2279, 6608, 820, 190, 180, true, true
868091, 2285, 6609, 821, 191, 179, true, true
868108, 2286, 6609, 820, 190, 179, true, true
868190, 2290, 6612, 823, 191, 178, true, true
868583, 2313, 6614, 825, 192, 178, true, true
868681, 2318, 6616, 827, 193, 177, true, true
868708, 2321, 6617, 827, 194, 178, true, true
868756, 2323, 6617, 826, 193, 178, true, true
868787, 2324, 6617, 825, 192, 178, true, true
868845, 2328, 6618, 826, 193, 177, true, true
869079, 2339, 6618, 825, 192, 179, true, true
869091, 2340, 6619, 826, 193, 179, true, true
869103, 2341, 6621, 828, 194, 176, true, true
869123, 2343, 6623, 828, 194, 170, true, true
869314, 2347, 6629, 834, 195, 168, true, true
869426, 2352, 6630, 835, 196, 168, true, true
869472, 2354, 6631, 835, 197, 167, true, true
869562, 2359, 6631, 834, 196, 167, true, true
869711, 2367, 6631, 833, 196, 169, true, true
869748, 2369, 6631, 832, 195, 169, true, true
870480, 2395, 6632, 833, 196, 171, true, true
870582, 2397, 6632, 829, 196, 173, true, true
870624, 2399, 6632, 828, 195, 175, true, true
870760, 2407, 6632, 826, 194, 177, true, true
871010, 2417, 6633, 827, 195, 177, true, true
871021, 2418, 6633, 825, 194, 177, true, true
871074, 2420, 6633, 824, 193, 177, true, true
871238, 2431, 6634, 825, 194, 176, true, true
871268, 2432, 6634, 823, 193, 176, true, true
871349, 2436, 6636, 825, 194, 174, true, true
871466, 2438, 6636, 824, 193, 175, true, true
871524, 2440, 6637, 825, 194, 174, true, true
871617, 2444, 6638, 826, 195, 174, true, true
871680, 2447, 6638, 825, 194, 174, true, true
871809, 2453, 6638, 824, 193, 176, true, true
872073, 2463, 6639, 825, 194, 175, true, true
872084, 2464, 6641, 826, 194, 175, true, true
872582, 2482, 6641, 825, 193, 180, true, true
872690, 2486, 6642, 826, 194, 180, true, true
872711, 2487, 6644, 828, 195, 179, true, true
872831, 2493, 6644, 824, 193, 180, true, true
872947, 2498, 6647, 827, 194, 178, true, true
873303, 2518, 6648, 828, 195, 179, true, true
873373, 2522, 6650, 826, 195, 178, true, true
873494, 2527, 6658, 828, 196, 176, true, true
873506, 2528, 6659, 829, 197, 173, true, true
873870, 2549, 6659, 827, 196, 176, true, true
873955, 2554, 6659, 825, 194, 176, true, true
874510, 2577, 6659, 824, 193, 177, true, true
874812, 2591, 6659, 823, 193, 182, true, true
874846, 2593, 6660, 824, 194, 178, true, true
874859, 2594, 6660, 823, 193, 179, true, true
875025, 2598, 6660, 822, 192, 179, true, true
875161, 2605, 6663, 825, 193, 177, true, true
875250, 2608, 6663, 823, 192, 177, true, true
875624, 2623, 6664, 816, 192, 180, true, true
875646, 2624, 6678, 827, 193, 178, true, true
875844, 2636, 6678, 826, 192, 181, true, true
875868, 2638, 6690, 829, 192, 180, true, true
876145, 2650, 6691, 830, 193, 183, true, true
876295, 2657, 6693, 831, 194, 183, true, true
876504, 2665, 6693, 820, 193, 185, true, true
876528, 2666, 6693, 819, 192, 185, true, true
876602, 2669, 6693, 818, 192, 185, true, true
876637, 2671, 6694, 819, 193, 180, true, true
876821, 2680, 6694, 818, 192, 182, true, true
876957, 2686, 6695, 819, 193, 181, true, true
877140, 2695, 6695, 818, 192, 181, true, true
877255, 2703, 6696, 818, 192, 180, true, true
877360, 2707, 6698, 820, 193, 181, true, true
877438, 2712, 6700, 822, 194, 181, true, true
877797, 2729, 6700, 821, 193, 184, true, true
878441, 2756, 6702, 823, 194, 186, true, true
878614, 2762, 6702, 821, 193, 186, true, true
878878, 2772, 6702, 820, 192, 186, true, true
879134, 2780, 6702, 819, 191, 188, true, true
879460, 2790, 6703, 820, 192, 186, true, true
879574, 2794, 6704, 821, 193, 183, true, true
879980, 2809, 6709, 825, 194, 180, true, true
880413, 2826, 6710, 826, 195, 180, true, true
880477, 2829, 6712, 826, 195, 179, true, true
880501, 2830, 6712, 825, 194, 180, true, true
880564, 2832, 6713, 826, 195, 179, true, true
880678, 2834, 6714, 827, 196, 177, true, true
880693, 2835, 6724, 836, 196, 176, true, true
880831, 2840, 6724, 835, 195, 176, true, true
881194, 2856, 6724, 834, 194, 182, true, true
881485, 2870, 6725, 835, 195, 182, true, true
881616, 2875, 6726, 827, 196, 181, true, true
881918, 2888, 6728, 829, 197, 183, true, true
882183, 2899, 6728, 816, 197, 186, true, true
882543, 2916, 6729, 817, 198, 189, true, true
882650, 2922, 6729, 816, 197, 190, true, true
882881, 2934, 6729, 815, 196, 191, true, true
883166, 2939, 6730, 816, 197, 191, true, true
883298, 2945, 6730, 813, 196, 191, true, true
883549, 2954, 6731, 814, 197, 186, true, true
883697, 2963, 6731, 810, 196, 187, true, true
884097, 2982, 6731, 809, 195, 188, true, true
884183, 2985, 6732, 810, 196, 186, true, true
885300, 3034, 6732, 808, 195, 194, true, true
885560, 3049, 6733, 809, 196, 196, true, true
885579, 3050, 6733, 808, 195, 196, true, true
885702, 3055, 6734, 808, 195, 193, true, true
885758, 3058, 6734, 807, 195, 193, true, true
885967, 3067, 6735, 807, 196, 193, true, true
886067, 3069, 6736, 808, 197, 192, true, true
886169, 3073, 6736, 807, 196, 192, true, true
886427, 3085, 6738, 808, 197, 192, true, true
886440, 3086, 6739, 808, 197, 191, true, true
886777, 3096, 6739, 807, 196, 191, true, true
886881, 3102, 6740, 808, 197, 191, true, true
887165, 3114, 6740, 807, 197, 192, true, true
887283, 3119, 6740, 806, 196, 192, true, true
887295, 3120, 6741, 807, 197, 190, true, true
887322, 3121, 6741, 806, 197, 190, true, true
887368, 3124, 6742, 807, 198, 182, true, true
887377, 3125, 6743, 807, 198, 181, true, true
887772, 3138, 6744, 808, 199, 180, true, true
888079, 3151, 6744, 806, 198, 182, true, true
888120, 3153, 6745, 806, 198, 181, true, true
888165, 3156, 6745, 805, 197, 181, true, true
888399, 3168, 6750, 810, 198, 182, true, true
888582, 3174, 6751, 811, 199, 182, true, true
888649, 3177, 6751, 810, 198, 182, true, true
889380, 3179, 6753, 800, 199, 177, true, true
889399, 3180, 6753, 799, 198, 177, true, true
889445, 3181, 6753, 798, 197, 177, true, true
889544, 3185, 6753, 797, 196, 177, true, true
889606, 3189, 6753, 796, 195, 177, true, true
890142, 3208, 6754, 797, 196, 177, true, true
890510, 3220, 6754, 796, 195, 179, true, true
890727, 3229, 6754, 794, 194, 179, true, true
891845, 3249, 6754, 793, 194, 181, true, true
891902, 3253, 6754, 792, 193, 182, true, true
892518, 3279, 6755, 793, 194, 184, true, true
893148, 3306, 6755, 792, 193, 185, true, true
893371, 3321, 6755, 791, 192, 186, true, true
893788, 3340, 6757, 792, 192, 189, true, true
894610, 3375, 6757, 791, 192, 195, true, true
894634, 3376, 6757, 789, 191, 195, true, true
894680, 3378, 6758, 788, 192, 192, true, true
894745, 3381, 6760, 790, 193, 191, true, true
894875, 3390, 6762, 792, 194, 192, true, true
895400, 3421, 6780, 810, 195, 192, true, true
895649, 3431, 6781, 811, 196, 189, true, true
895945, 3445, 6785, 813, 197, 187, true, true
896019, 3450, 6785, 812, 196, 188, true, true
896111, 3454, 6785, 808, 194, 188, true, true
896155, 3456, 6785, 806, 193, 188, true, true
896762, 3482, 6785, 805, 192, 192, true, true
897405, 3508, 6785, 804, 191, 196, true, true
898326, 3547, 6787, 806, 192, 199, true, true
898798, 3564, 6787, 805, 191, 201, true, true
899050, 3574, 6787, 803, 191, 202, true, true
899347, 3585, 6787, 802, 190, 204, true, true
900328, 3611, 6788, 803, 191, 206, true, true
900395, 3614, 6788, 802, 190, 207, true, true
900926, 3639, 6789, 803, 191, 209, true, true
900945, 3640, 6789, 801, 190, 209, true, true
901080, 3647, 6789, 800, 189, 209, true, true
901151, 3650, 6791, 802, 190, 209, true, true
901206, 3653, 6792, 803, 191, 208, true, true
901758, 3676, 6793, 804, 192, 207, true, true
902013, 3686, 6796, 806, 193, 208, true, true
902765, 3716, 6798, 808, 194, 208, true, true
902945, 3725, 6798, 807, 193, 209, true, true
903007, 3729, 6801, 810, 194, 206, true, true
903064, 3732, 6802, 811, 195, 206, true, true
904506, 3767, 6802, 810, 194, 208, true, true
904594, 3771, 6823, 806, 193, 207, true, true
904960, 3788, 6826, 808, 193, 206, true, true
905182, 3799, 6827, 809, 194, 206, true, true
905599, 3806, 6829, 811, 195, 202, true, true
905694, 3810, 6829, 810, 194, 202, true, true
905761, 3813, 6829, 809, 193, 202, true, true
905961, 3819, 6829, 808, 192, 203, true, true
906122, 3820, 6829, 802, 191, 203, true, true
906139, 3821, 6831, 803, 191, 202, true, true
906305, 3827, 6831, 802, 190, 203, true, true
906805, 3848, 6831, 801, 189, 207, true, true
906896, 3852, 6839, 806, 190, 206, true, true
907728, 3887, 6839, 805, 190, 206, true, true
907975, 3894, 6840, 805, 191, 205, true, true
908023, 3896, 6841, 806, 192, 204, true, true
908079, 3898, 6841, 805, 191, 204, true, true
908558, 3919, 6843, 807, 192, 204, true, true
908808, 3926, 6844, 807, 192, 203, true, true
909995, 3966, 6844, 805, 191, 209, true, true
910068, 3968, 6845, 804, 191, 207, true, true
910297, 3980, 6846, 805, 192, 200, true, true
910835, 3998, 6846, 803, 191, 201, true, true
911185, 4013, 6848, 805, 192, 200, true, true
911640, 4030, 6848, 804, 191, 203, true, true
911866, 4040, 6862, 817, 192, 203, true, true
912755, 4070, 6862, 816, 191, 206, true, true
913015, 4080, 6862, 815, 190, 208, true, true
913194, 4088, 6863, 816, 191, 204, true, true
913489, 4105, 6864, 816, 191, 203, true, true
913732, 4117, 6864, 815, 190, 204, true, true
914378, 4139, 6874, 813, 191, 196, true, true
914453, 4142, 6874, 812, 190, 196, true, true
915220, 4153, 6875, 813, 191, 193, true, true
915755, 4176, 6875, 812, 190, 195, true, true
916715, 4222, 6875, 811, 189, 198, true, true
917112, 4240, 6875, 810, 188, 199, true, true
917266, 4249, 6878, 812, 189, 197, true, true
917296, 4251, 6880, 812, 190, 195, true, true
917636, 4260, 6880, 811, 189, 196, true, true
917718, 4264, 6882, 812, 189, 195, true, true
917739, 4265, 6882, 811, 188, 195, true, true
917882, 4273, 6883, 812, 189, 196, true, true
918620, 4302, 6884, 813, 190, 197, true, true
918640, 4303, 6884, 812, 189, 197, true, true
918738, 4309, 6884, 811, 188, 198, true, true
918759, 4310, 6884, 810, 187, 198, true, true
918876, 4314, 6884, 795, 187, 198, true, true
919578, 4333, 6884, 794, 186, 201, true, true
919969, 4348, 6885, 795, 187, 202, true, true
920389, 4365, 6887, 797, 188, 203, true, true
920864, 4382, 6888, 798, 189, 203, true, true
920948, 4385, 6888, 795, 189, 203, true, true
920962, 4386, 6903, 605, 190, 199, true, true
921193, 4396, 6903, 602, 189, 199, true, true
921404, 4406, 6903, 601, 188, 199, true, true
921464, 4410, 6904, 602, 189, 198, true, true
921618, 4416, 6904, 601, 189, 198, true, true
921695, 4418, 6904, 600, 188, 199, true, true
922080, 4431, 6904, 598, 187, 199, true, true
922660, 4451, 6905, 599, 188, 201, true, true
923150, 4471, 6905, 598, 187, 203, true, true
923255, 4476, 6906, 599, 188, 203, true, true
923299, 4478, 6906, 598, 188, 203, true, true
923367, 4481, 6906, 597, 188, 204, true, true
923983, 4504, 6906, 592, 187, 205, true, true
924037, 4508, 6908, 594, 188, 202, true, true
924387, 4522, 6909, 595, 189, 200, true, true
924581, 4529, 6909, 594, 188, 202, true, true
924642, 4533, 6911, 596, 189, 202, true, true
924746, 4538, 6913, 593, 190, 201, true, true
924923, 4542, 6913, 592, 189, 201, true, true
925061, 4548, 6914, 593, 190, 202, true, true
925113, 4550, 6916, 595, 191, 201, true, true
925228, 4555, 6916, 594, 191, 202, true, true
926226, 4597, 6916, 593, 190, 205, true, true
926542, 4600, 6918, 594, 190, 200, true, true
927685, 4641, 6926, 602, 191, 201, true, true
927974, 4655, 6926, 601, 190, 203, true, true
928067, 4659, 6930, 605, 191, 197, true, true
928647, 4680, 6930, 604, 191, 200, true, true
928684, 4682, 6931, 605, 192, 197, true, true
929099, 4701, 6931, 604, 191, 198, true, true
929115, 4702, 6931, 603, 191, 198, true, true
929252, 4708, 6932, 603, 192, 196, true, true
929615, 4726, 6933, 604, 193, 196, true, true
929648, 4728, 6934, 605, 194, 192, true, true
930040, 4740, 6934, 604, 193, 192, true, true
930059, 4741, 6934, 602, 192, 192, true, true
930143, 4743, 6936, 533, 193, 191, true, true
930156, 4744, 6937, 534, 194, 188, true, true
930548, 4762, 6938, 535, 195, 190, true, true
930642, 4766, 6941, 538, 196, 187, true, true
930995, 4781, 6941, 537, 196, 187, true, true
931019, 4782, 6941, 536, 195, 187, true, true
931326, 4795, 6941, 532, 194, 187, true, true
931387, 4798, 6941, 529, 193, 187, true, true
931418, 4800, 6943, 528, 192, 186, true, true
931545, 4806, 6982, 558, 190, 185, true, true
931648, 4809, 6982, 557, 189, 186, true, true
932064, 4828, 6983, 558, 190, 186, true, true
933266, 4876, 6984, 559, 191, 188, true, true
933498, 4887, 6985, 560, 192, 188, true, true
933761, 4898, 6985, 558, 190, 191, true, true
933877, 4905, 6990, 563, 191, 190, true, true
934473, 4926, 6990, 562, 191, 191, true, true
934921, 4940, 6997, 568, 192, 193, true, true
935038, 4943, 6998, 569, 193, 192, true, true
935349, 4959, 7000, 571, 194, 192, true, true
935384, 4962, 7001, 572, 195, 190, true, true
935599, 4971, 7002, 570, 194, 189, true, true
935804, 4982, 7003, 571, 195, 190, true, true
936155, 4995, 7003, 570, 194, 191, true, true
936334, 5004, 7003, 569, 193, 191, true, true
937014, 5030, 7003, 567, 192, 192, true, true
937593, 5055, 7003, 565, 191, 192, true, true
938265, 5084, 7003, 564, 191, 195, true, true
938357, 5087, 7003, 563, 190, 197, true, true
938493, 5092, 7003, 562, 189, 197, true, true
939187, 5119, 7003, 560, 188, 199, true, true
940082, 5156, 7004, 561, 189, 199, true, true
940239, 5164, 7005, 562, 190, 196, true, true
940326, 5168, 7005, 559, 189, 196, true, true
940371, 5170, 7041, 567, 190, 194, true, true
941428, 5203, 7041, 566, 189, 195, true, true
942078, 5220, 7041, 564, 189, 197, true, true
942275, 5226, 7041, 563, 189, 198, true, true
942389, 5230, 7041, 562, 189, 198, true, true
942444, 5232, 7041, 557, 188, 199, true, true
942850, 5250, 7042, 558, 189, 199, true, true
942902, 5252, 7044, 560, 190, 198, true, true
943855, 5293, 7044, 558, 189, 201, true, true
943878, 5294, 7044, 557, 188, 201, true, true
944191, 5306, 7044, 556, 187, 201, true, true
944273, 5309, 7045, 557, 188, 201, true, true
944827, 5329, 7046, 557, 188, 201, true, true
945161, 5342, 7046, 554, 187, 203, true, true
945189, 5343, 7046, 553, 187, 203, true, true
945338, 5350, 7046, 552, 187, 203, true, true
945460, 5352, 7046, 551, 186, 203, true, true
945887, 5369, 7047, 552, 187, 201, true, true
946218, 5384, 7047, 550, 186, 203, true, true
946791, 5404, 7047, 549, 185, 206, true, true
946877, 5407, 7047, 548, 185, 207, true, true
946906, 5409, 7048, 549, 186, 206, true, true
947641, 5435, 7048, 548, 185, 207, true, true
948062, 5448, 7048, 546, 185, 207, true, true
948104, 5450, 7049, 547, 186, 205, true, true
948549, 5473, 7051, 549, 187, 207, true, true
948957, 5487, 7055, 553, 188, 206, true, true
949529, 5509, 7055, 550, 188, 207, true, true
950090, 5535, 7055, 548, 188, 208, true, true
950289, 5541, 7055, 546, 187, 208, true, true
950749, 5560, 7056, 547, 188, 208, true, true
950917, 5565, 7056, 546, 188, 208, true, true
951996, 5622, 7057, 547, 189, 211, true, true
952030, 5624, 7059, 549, 190, 210, true, true
952899, 5656, 7059, 548, 189, 210, true, true
952955, 5660, 7059, 547, 188, 210, true, true
953485, 5674, 7059, 546, 187, 210, true, true
953590, 5676, 7059, 545, 186, 211, true, true
953793, 5682, 7059, 544, 185, 212, true, true
953989, 5690, 7059, 542, 184, 212, true, true
954081, 5694, 7059, 541, 183, 212, true, true
954097, 5695, 7062, 544, 184, 208, true, true
955141, 5711, 7063, 544, 184, 208, true, true
955482, 5722, 7063, 541, 183, 209, true, true
955805, 5736, 7064, 542, 184, 208, true, true
955833, 5737, 7064, 540, 183, 208, true, true
956610, 5765, 7076, 547, 183, 206, true, true
956628, 5766, 7076, 546, 182, 206, true, true
956653, 5767, 7076, 545, 181, 206, true, true
956779, 5771, 7078, 547, 182, 205, true, true
956986, 5780, 7079, 547, 182, 205, true, true
957189, 5788, 7080, 548, 183, 206, true, true
957958, 5817, 7080, 547, 182, 207, true, true
958062, 5826, 7081, 548, 183, 205, true, true
958083, 5828, 7082, 549, 184, 200, true, true
958424, 5843, 7085, 550, 183, 199, true, true
958697, 5856, 7087, 552, 184, 196, true, true
958771, 5858, 7087, 551, 183, 196, true, true
959331, 5877, 7087, 548, 182, 200, true, true
959883, 5898, 7087, 547, 182, 201, true, true
960303, 5916, 7088, 547, 183, 202, true, true
962093, 5995, 7088, 544, 183, 206, true, true
962575, 6017, 7090, 546, 184, 208, true, true
962732, 6026, 7096, 552, 185, 209, true, true
962744, 6028, 7097, 553, 186, 207, true, true
962760, 6029, 7097, 552, 185, 207, true, true
962930, 6035, 7099, 543, 185, 207, true, true
963542, 6061, 7099, 541, 184, 208, true, true
963616, 6064, 7100, 538, 185, 207, true, true
963799, 6072, 7101, 539, 186, 206, true, true
963891, 6075, 7102, 539, 186, 205, true, true
965993, 6132, 7102, 538, 185, 206, true, true
966587, 6158, 7103, 539, 186, 208, true, true
967524, 6199, 7104, 539, 186, 212, true, true
968463, 6226, 7104, 538, 185, 213, true, true
969392, 6262, 7104, 537, 184, 215, true, true
970561, 6289, 7105, 537, 185, 214, true, true
971459, 6322, 7107, 539, 186, 212, true, true
971772, 6333, 7108, 539, 186, 211, true, true
971787, 6334, 7109, 540, 187, 209, true, true
972013, 6344, 7114, 545, 188, 207, true, true
973691, 6416, 7122, 548, 189, 208, true, true
973732, 6418, 7124, 550, 190, 207, true, true
973868, 6422, 7124, 549, 189, 208, true, true
974204, 6437, 7125, 550, 190, 208, true, true
975162, 6473, 7125, 549, 189, 214, true, true
975470, 6482, 7125, 548, 188, 215, true, true
975930, 6501, 7127, 550, 189, 211, true, true
976692, 6518, 7127, 549, 188, 211, true, true
977416, 6543, 7128, 550, 189, 210, true, true
977540, 6547, 7129, 551, 190, 209, true, true
977712, 6554, 7130, 552, 191, 207, true, true
979372, 6612, 7130, 551, 190, 214, true, true
980670, 6657, 7131, 552, 191, 217, true, true
980919, 6668, 7132, 553, 192, 214, true, true
980962, 6670, 7133, 553, 193, 213, true, true
981035, 6674, 7133, 552, 192, 213, true, true
981080, 6676, 7133, 551, 192, 214, true, true
981130, 6677, 7134, 544, 193, 213, true, true
981464, 6691, 7137, 547, 194, 210, true, true
981873, 6708, 7138, 548, 195, 208, true, true
982488, 6730, 7139, 549, 196, 204, true, true
982787, 6738, 7140, 550, 197, 202, true, true
982919, 6743, 7140, 548, 196, 203, true, true
982973, 6745, 7141, 549, 197, 201, true, true
983386, 6762, 7141, 547, 196, 202, true, true
983516, 6768, 7142, 548, 197, 203, true, true
983741, 6776, 7142, 546, 196, 203, true, true
984178, 6794, 7143, 547, 197, 203, true, true
986225, 6862, 7143, 546, 196, 207, true, true
987564, 6897, 7144, 546, 196, 208, true, true
988442, 6929, 7144, 545, 195, 209, true, true
988601, 6935, 7152, 540, 196, 208, true, true
988867, 6945, 7153, 541, 197, 206, true, true
988981, 6949, 7153, 512, 196, 206, true, true
989308, 6962, 7154, 513, 197, 206, true, true
989406, 6966, 7155, 510, 198, 205, true, true
989759, 6979, 7157, 512, 199, 205, true, true
989811, 6981, 7158, 513, 200, 204, true, true
991430, 7045, 7161, 514, 200, 208, true, true
991577, 7050, 7161, 513, 199, 208, true, true
992193, 7070, 7162, 514, 200, 202, true, true
992221, 7072, 7163, 511, 201, 201, true, true
992255, 7073, 7163, 510, 201, 201, true, true
992434, 7081, 7164, 511, 202, 198, true, true
992448, 7082, 7165, 512, 203, 196, true, true
992773, 7094, 7165, 509, 202, 196, true, true
994607, 7135, 7165, 508, 201, 197, true, true
994620, 7136, 7166, 509, 202, 194, true, true
995150, 7153, 7167, 510, 203, 190, true, true
995218, 7156, 7168, 510, 203, 188, true, true
996179, 7192, 7168, 509, 202, 188, true, true
996528, 7209, 7168, 508, 202, 189, true, true
996561, 7210, 7168, 507, 201, 189, true, true
997507, 7247, 7169, 504, 202, 188, true, true
997681, 7255, 7171, 505, 202, 188, true, true
998515, 7290, 7171, 504, 201, 189, true, true
998760, 7298, 7172, 504, 201, 190, true, true
998774, 7299, 7172, 501, 200, 190, true, true
999323, 7321, 7173, 502, 201, 187, true, true
999982, 7355, 7173, 500, 200, 189, true, true
1000047, 7358, 7173, 499, 199, 189, true, true
1000211, 7363, 7178, 504, 200, 188, true, true
1000594, 7376, 7179, 505, 201, 185, true, true
1002041, 7424, 7179, 503, 201, 186, true, true
1002349, 7435, 7179, 502, 200, 187, true, true
1002576, 7449, 7180, 503, 201, 186, true, true
1002839, 7460, 7185, 508, 202, 181, true, true
1003590, 7489, 7185, 505, 201, 182, true, true
1003976, 7505, 7185, 503, 200, 185, true, true
1004015, 7506, 7185, 502, 199, 185, true, true
1004681, 7531, 7186, 503, 200, 183, true, true
1005466, 7552, 7186, 502, 199, 186, true, true
1005583, 7557, 7187, 497, 199, 183, true, true
1006832, 7583, 7187, 496, 199, 185, true, true
1007108, 7592, 7187, 495, 199, 185, true, true
1007241, 7598, 7196, 504, 200, 184, true, true
1007639, 7612, 7197, 504, 200, 184, true, true
1007945, 7627, 7200, 505, 201, 182, true, true
1008370, 7642, 7201, 506, 202, 179, true, true
1008439, 7645, 7201, 505, 201, 179, true, true
1008660, 7655, 7201, 504, 200, 179, true, true
1008748, 7658, 7201, 503, 199, 179, true, true
1009083, 7669, 7201, 502, 198, 179, true, true
1009208, 7674, 7201, 501, 197, 179, true, true
1012337, 7765, 7201, 500, 196, 183, true, true
1012849, 7779, 7201, 499, 195, 184, true, true
1014317, 7834, 7201, 498, 194, 184, true, true
1014431, 7838, 7201, 497, 193, 184, true, true
1014857, 7851, 7201, 496, 192, 184, true, true
1015088, 7861, 7202, 494, 192, 183, true, true
1016173, 7903, 7203, 495, 193, 186, true, true
1016767, 7928, 7204, 496, 194, 186, true, true
1016839, 7932, 7204, 495, 193, 186, true, true
1018891, 8006, 7204, 494, 192, 189, true, true
1019054, 8012, 7204, 493, 191, 190, true, true
1019699, 8029, 7207, 496, 192, 189, true, true
1019876, 8036, 7208, 496, 193, 188, true, true
1020917, 8071, 7208, 495, 192, 189, true, true
1021283, 8083, 7210, 497, 193, 190, true, true
1021474, 8089, 7210, 494, 192, 190, true, true
1021624, 8095, 7211, 495, 193, 185, true, true
1022548, 8127, 7211, 494, 192, 187, true, true
1023355, 8155, 7212, 495, 193, 186, true, true
1025684, 8194, 7214, 497, 194, 185, true, true
1026655, 8228, 7218, 500, 194, 185, true, true
1028570, 8299, 7218, 498, 192, 189, true, true
1029323, 8319, 7218, 497, 191, 191, true, true
1029780, 8333, 7218, 494, 190, 191, true, true
1030862, 8369, 7219, 494, 190, 191, true, true
1031166, 8373, 7221, 496, 191, 188, true, true
1031856, 8396, 7221, 495, 191, 188, true, true
1032533, 8416, 7221, 494, 190, 189, true, true
1033129, 8436, 7223, 496, 191, 189, true, true
1033414, 8446, 7223, 495, 191, 189, true, true
1034900, 8492, 7226, 498, 192, 190, true, true
1035417, 8506, 7226, 497, 191, 191, true, true
1035766, 8517, 7226, 496, 191, 191, true, true
1035825, 8519, 7226, 495, 190, 192, true, true
1036475, 8540, 7229, 497, 191, 187, true, true
1036595, 8543, 7229, 496, 190, 187, true, true
1036848, 8551, 7229, 495, 189, 188, true, true
1037351, 8566, 7231, 488, 189, 187, true, true
1038634, 8611, 7231, 487, 188, 190, true, true
1038803, 8618, 7231, 486, 187, 190, true, true
1039334, 8639, 7234, 486, 188, 190, true, true
1040778, 8691, 7235, 486, 189, 190, true, true
1040887, 8695, 7236, 487, 190, 189, true, true
1040948, 8698, 7238, 486, 190, 188, true, true
1041078, 8704, 7238, 484, 189, 188, true, true
1042057, 8738, 7239, 485, 190, 188, true, true
1044447, 8834, 7261, 470, 190, 191, true, true
1045147, 8858, 7261, 469, 189, 193, true, true
1046458, 8885, 7263, 471, 190, 192, true, true
1047011, 8895, 7264, 472, 191, 193, true, true
1048167, 8936, 7266, 474, 192, 193, true, true
1048346, 8943, 7266, 472, 191, 194, true, true
1048432, 8946, 7268, 472, 191, 191, true, true
1048668, 8958, 7272, 475, 191, 189, true, true
1050458, 9012, 7272, 474, 190, 189, true, true
1050701, 9018, 7272, 473, 190, 189, true, true
1051798, 9053, 7273, 473, 190, 191, true, true
1051864, 9056, 7274, 474, 191, 188, true, true
1051965, 9059, 7274, 473, 190, 188, true, true
1052168, 9065, 7276, 475, 191, 187, true, true
1052950, 9094, 7278, 477, 192, 187, true, true
1053319, 9111, 7278, 476, 191, 187, true, true
1055749, 9177, 7279, 477, 192, 189, true, true
1056104, 9188, 7279, 476, 191, 190, true, true
1057930, 9252, 7280, 477, 192, 193, true, true
1058213, 9258, 7280, 476, 191, 193, true, true
1059019, 9283, 7280, 475, 190, 193, true, true
1059528, 9299, 7280, 473, 188, 194, true, true
1060500, 9332, 7281, 474, 189, 193, true, true
1060733, 9341, 7281, 473, 188, 193, true, true
1060837, 9344, 7282, 474, 189, 192, true, true
1061202, 9356, 7282, 472, 188, 192, true, true
1061384, 9362, 7283, 473, 189, 190, true, true
1061643, 9372, 7283, 472, 188, 190, true, true
1063016, 9419, 7284, 473, 189, 185, true, true
1063238, 9426, 7285, 474, 190, 182, true, true
1063527, 9435, 7285, 473, 189, 182, true, true
1065569, 9501, 7286, 474, 190, 181, true, true
1065643, 9504, 7287, 475, 191, 179, true, true
1068729, 9613, 7287, 474, 190, 182, true, true
1068920, 9619, 7288, 474, 190, 181, true, true
1070002, 9638, 7288, 473, 189, 183, true, true
1070054, 9640, 7288, 472, 188, 183, true, true
1070537, 9657, 7288, 471, 187, 183, true, true
1070706, 9663, 7288, 469, 186, 183, true, true
1070835, 9668, 7288, 463, 185, 183, true, true
1070994, 9673, 7288, 462, 184, 184, true, true
1072694, 9713, 7289, 463, 185, 181, true, true
1073596, 9721, 7289, 462, 184, 181, true, true
1074912, 9766, 7290, 463, 185, 178, true, true
1075356, 9787, 7290, 462, 185, 179, true, true
1075556, 9796, 7290, 461, 184, 180, true, true
1075730, 9804, 7291, 462, 185, 178, true, true
1076532, 9832, 7292, 463, 186, 172, true, true
1076822, 9842, 7292, 462, 185, 172, true, true
1076875, 9844, 7292, 460, 184, 173, true, true
1077715, 9868, 7295, 462, 185, 170, true, true
1078953, 9903, 7295, 461, 184, 172, true, true
1079207, 9918, 7295, 460, 183, 174, true, true
1080136, 9949, 7295, 459, 182, 174, true, true
1080397, 9960, 7296, 460, 183, 172, true, true
1081224, 9983, 7297, 461, 184, 165, true, true
1082066, 10015, 7298, 462, 185, 166, true, true
1085366, 10136, 7303, 467, 186, 168, true, true
1085709, 10151, 7304, 467, 187, 167, true, true
1086311, 10173, 7305, 463, 187, 166, true, true
1087445, 10199, 7306, 463, 188, 164, true, true
1087874, 10213, 7307, 464, 189, 163, true, true
1089825, 10285, 7307, 463, 188, 164, true, true
1090509, 10308, 7308, 464, 189, 164, true, true
1090653, 10313, 7308, 463, 188, 164, true, true
1091108, 10330, 7308, 462, 187, 165, true, true
1092873, 10381, 7309, 463, 188, 162, true, true
1093759, 10409, 7309, 462, 187, 162, true, true
1094708, 10444, 7312, 465, 188, 162, true, true
1096267, 10499, 7313, 466, 189, 163, true, true
1097998, 10561, 7313, 465, 188, 163, true, true
1098069, 10564, 7314, 465, 188, 162, true, true
1099350, 10615, 7314, 464, 187, 163, true, true
1100775, 10675, 7317, 467, 188, 160, true, true
1102861, 10750, 7317, 466, 187, 162, true, true
1103927, 10788, 7332, 476, 188, 160, true, true
1104109, 10796, 7332, 474, 187, 160, true, true
1104421, 10807, 7332, 471, 187, 160, true, true
1104488, 10811, 7338, 472, 188, 159, true, true
1105920, 10865, 7338, 469, 187, 163, true, true
1108360, 10938, 7338, 464, 186, 165, true, true
1108461, 10942, 7338, 462, 185, 165, true, true
1108558, 10947, 7338, 461, 184, 165, true, true
1110411, 11011, 7339, 461, 185, 167, true, true
1110505, 11014, 7339, 460, 185, 168, true, true
1113530, 11112, 7340, 461, 186, 171, true, true
1114586, 11143, 7342, 463, 187, 169, true, true
1115180, 11162, 7343, 464, 188, 169, true, true
1115337, 11169, 7344, 465, 189, 164, true, true
1115511, 11176, 7344, 464, 188, 164, true, true
1117789, 11261, 7344, 461, 188, 167, true, true
1117897, 11265, 7344, 460, 187, 167, true, true
1120708, 11361, 7346, 462, 188, 169, true, true
1122327, 11427, 7349, 465, 189, 168, true, true
1123056, 11452, 7349, 464, 188, 168, true, true
1126139, 11561, 7349, 463, 187, 172, true, true
1126297, 11565, 7349, 462, 186, 172, true, true
1127341, 11602, 7350, 463, 187, 171, true, true
1128656, 11653, 7350, 462, 186, 174, true, true
1129862, 11700, 7350, 461, 185, 176, true, true
1130788, 11732, 7352, 463, 186, 174, true, true
1130900, 11737, 7353, 463, 187, 173, true, true
1131274, 11752, 7353, 462, 186, 173, true, true
1131740, 11774, 7354, 463, 187, 172, true, true
1132713, 11810, 7359, 459, 188, 173, true, true
1132881, 11816, 7359, 458, 187, 173, true, true
1134729, 11878, 7359, 451, 185, 175, true, true
1136030, 11898, 7359, 449, 184, 175, true, true
1137047, 11933, 7359, 448, 183, 176, true, true
1138792, 11993, 7363, 452, 184, 178, true, true
1138979, 12001, 7365, 454, 185, 178, true, true
1139598, 12020, 7366, 455, 186, 175, true, true
1139963, 12034, 7367, 456, 187, 173, true, true
1140037, 12037, 7367, 455, 186, 173, true, true
1140055, 12038, 7368, 456, 187, 171, true, true
1140213, 12043, 7369, 457, 188, 170, true, true
1141023, 12070, 7369, 456, 187, 171, true, true
1141397, 12085, 7369, 455, 186, 172, true, true
1142790, 12145, 7369, 451, 185, 173, true, true
1143211, 12166, 7372, 453, 185, 168, true, true
1143899, 12200, 7372, 452, 184, 169, true, true
1144802, 12231, 7372, 451, 183, 170, true, true
1145705, 12267, 7376, 454, 183, 168, true, true
1147873, 12359, 7377, 455, 184, 171, true, true
1148439, 12381, 7378, 456, 185, 170, true, true
1148566, 12385, 7378, 455, 184, 171, true, true
1148987, 12399, 7378, 454, 183, 171, true, true
1149880, 12439, 7379, 455, 184, 170, true, true
1150483, 12467, 7379, 454, 183, 171, true, true
1151738, 12510, 7379, 452, 181, 171, true, true
1154139, 12576, 7379, 450, 180, 173, true, true
1157484, 12695, 7379, 448, 179, 177, true, true
1157592, 12700, 7381, 450, 180, 171, true, true
1157769, 12708, 7381, 448, 179, 172, true, true
1161832, 12853, 7382, 448, 180, 174, true, true
1162415, 12870, 7383, 448, 181, 170, true, true
1162828, 12884, 7384, 449, 182, 169, true, true
1163408, 12904, 7385, 450, 183, 167, true, true
1163976, 12925, 7385, 448, 182, 167, true, true
1164183, 12935, 7385, 447, 181, 168, true, true
1164599, 12950, 7385, 445, 180, 168, true, true
1166035, 12977, 7385, 444, 179, 168, true, true
1170197, 13107, 7386, 445, 180, 169, true, true
1172336, 13179, 7386, 444, 179, 174, true, true
1173245, 13215, 7387, 445, 180, 173, true, true
1173576, 13228, 7388, 445, 181, 172, true, true
1174445, 13256, 7389, 441, 181, 173, true, true
1175834, 13291, 7396, 448, 182, 173, true, true
1175978, 13298, 7397, 449, 183, 171, true, true
1176117, 13303, 7397, 447, 183, 171, true, true
1176436, 13318, 7398, 448, 184, 170, true, true
1176778, 13334, 7400, 450, 185, 167, true, true
1177255, 13351, 7400, 449, 185, 168, true, true
1177928, 13376, 7400, 448, 184, 168, true, true
1178262, 13386, 7400, 432, 182, 168, true, true
1182492, 13521, 7400, 431, 182, 173, true, true
1182586, 13526, 7400, 430, 181, 173, true, true
1182800, 13535, 7401, 431, 182, 172, true, true
1187350, 13668, 7408, 437, 182, 175, true, true
1187560, 13675, 7409, 438, 183, 174, true, true
1189657, 13745, 7409, 437, 182, 175, true, true
1189686, 13747, 7409, 436, 181, 175, true, true
1189870, 13755, 7410, 437, 182, 174, true, true
1192618, 13858, 7410, 436, 181, 178, true, true
1194221, 13905, 7411, 437, 182, 178, true, true
1194974, 13938, 7421, 443, 182, 175, true, true
1195945, 13976, 7421, 439, 181, 175, true, true
1197885, 14024, 7421, 438, 180, 177, true, true
1198249, 14041, 7422, 439, 181, 176, true, true
1198586, 14050, 7424, 440, 182, 173, true, true
1200614, 14099, 7424, 439, 181, 174, true, true
1202245, 14155, 7424, 438, 180, 175, true, true
1202899, 14177, 7424, 437, 179, 176, true, true
1203599, 14203, 7430, 442, 179, 177, true, true
1205847, 14288, 7430, 441, 178, 180, true, true
1206213, 14299, 7430, 440, 177, 180, true, true
1208503, 14378, 7430, 439, 176, 181, true, true
1212147, 14497, 7431, 439, 176, 181, true, true
1213761, 14554, 7432, 440, 177, 181, true, true
1214869, 14590, 7433, 440, 178, 180, true, true
1215694, 14610, 7433, 438, 178, 180, true, true
1217916, 14697, 7435, 439, 178, 175, true, true
1218496, 14717, 7435, 436, 178, 176, true, true
1220177, 14772, 7436, 437, 179, 175, true, true
1221261, 14813, 7436, 436, 178, 175, true, true
1221789, 14838, 7436, 434, 177, 176, true, true
1222926, 14859, 7437, 435, 178, 175, true, true
1223397, 14877, 7438, 436, 179, 173, true, true
1223477, 14880, 7438, 435, 179, 173, true, true
1224938, 14932, 7438, 434, 178, 174, true, true
1226280, 14994, 7439, 435, 179, 172, true, true
1226462, 15003, 7450, 446, 180, 171, true, true
1226539, 15007, 7450, 445, 179, 171, true, true
1227949, 15056, 7450, 444, 179, 171, true, true
1227971, 15057, 7450, 442, 178, 171, true, true
1228432, 15081, 7450, 441, 177, 171, true, true
1229278, 15115, 7450, 440, 176, 172, true, true
1229703, 15129, 7451, 439, 176, 171, true, true
1232758, 15232, 7452, 440, 177, 175, true, true
1233371, 15258, 7453, 437, 178, 172, true, true
1233500, 15265, 7453, 435, 177, 172, true, true
1233684, 15269, 7453, 434, 177, 172, true, true
1237446, 15403, 7453, 433, 176, 175, true, true
1237709, 15417, 7454, 434, 177, 173, true, true
1238037, 15430, 7456, 436, 178, 170, true, true
1238557, 15448, 7458, 438, 179, 169, true, true
1238850, 15458, 7458, 437, 178, 169, true, true
1241028, 15518, 7458, 436, 177, 170, true, true
1241201, 15526, 7458, 435, 176, 171, true, true
1242016, 15558, 7459, 436, 177, 170, true, true
1245773, 15681, 7459, 434, 176, 175, true, true
1247117, 15735, 7462, 437, 177, 173, true, true
1247128, 15736, 7463, 437, 178, 172, true, true
1248687, 15792, 7463, 436, 177, 173, true, true
1248769, 15795, 7465, 438, 178, 170, true, true
1249671, 15823, 7466, 439, 179, 171, true, true
1252898, 15924, 7466, 438, 179, 173, true, true
1252923, 15925, 7473, 445, 180, 170, true, true
1253145, 15934, 7473, 444, 179, 170, true, true
1253267, 15939, 7474, 444, 179, 168, true, true
1255422, 16015, 7507, 424, 180, 170, true, true
1255830, 16031, 7512, 422, 180, 169, true, true
1255891, 16034, 7515, 425, 181, 168, true, true
1255965, 16037, 7515, 424, 180, 168, true, true
1256453, 16057, 7516, 425, 181, 165, true, true
1256859, 16073, 7517, 426, 182, 163, true, true
1258975, 16158, 7518, 421, 182, 164, true, true
1259124, 16163, 7519, 422, 183, 163, true, true
1260734, 16215, 7519, 421, 182, 163, true, true
1266274, 16392, 7519, 420, 181, 167, true, true
1269004, 16483, 7519, 418, 180, 169, true, true
1270921, 16562, 7524, 405, 181, 168, true, true
1272288, 16597, 7525, 406, 182, 165, true, true
1273415, 16647, 7525, 404, 181, 165, true, true
1274481, 16686, 7525, 403, 180, 165, true, true
1274512, 16687, 7525, 402, 179, 165, true, true
1277755, 16794, 7526, 402, 179, 168, true, true
1278960, 16843, 7527, 403, 180, 168, true, true
1281611, 16953, 7527, 402, 179, 171, true, true
1281702, 16956, 7528, 403, 180, 168, true, true
1282793, 16974, 7528, 400, 179, 169, true, true
1283417, 16986, 7528, 398, 178, 169, true, true
1283682, 16995, 7530, 400, 179, 167, true, true
1288685, 17156, 7530, 399, 178, 170, true, true
1289009, 17168, 7531, 400, 179, 169, true, true
1291171, 17244, 7531, 399, 178, 172, true, true
1291662, 17263, 7531, 398, 177, 172, true, true
1292554, 17295, 7531, 397, 176, 172, true, true
1292623, 17300, 7531, 396, 175, 172, true, true
1296339, 17427, 7531, 395, 174, 175, true, true
1297413, 17459, 7531, 394, 173, 176, true, true
1298245, 17488, 7531, 392, 171, 176, true, true
1299978, 17552, 7531, 391, 170, 176, true, true
1300889, 17577, 7531, 390, 169, 177, true, true
1301832, 17603, 7531, 389, 168, 178, true, true
1302519, 17623, 7531, 388, 167, 178, true, true
1304839, 17701, 7533, 390, 168, 176, true, true
1305449, 17715, 7533, 389, 167, 176, true, true
1308165, 17784, 7552, 399, 167, 171, true, true
1309790, 17838, 7559, 403, 168, 172, true, true
1310301, 17859, 7560, 404, 169, 171, true, true
1313884, 17972, 7560, 403, 168, 173, true, true
1314711, 18004, 7560, 402, 168, 173, true, true
1316011, 18055, 7562, 404, 169, 172, true, true
1317655, 18107, 7562, 403, 168, 172, true, true
1318031, 18120, 7562, 402, 167, 172, true, true
1320713, 18228, 7562, 401, 166, 173, true, true
1320866, 18232, 7563, 402, 167, 171, true, true
1324374, 18354, 7563, 401, 166, 172, true, true
1324879, 18374, 7564, 396, 166, 170, true, true
1325649, 18408, 7564, 395, 165, 170, true, true
1325896, 18418, 7564, 394, 165, 172, true, true
1328385, 18485, 7564, 390, 163, 173, true, true
1328568, 18493, 7570, 395, 164, 173, true, true
1328786, 18503, 7570, 394, 163, 173, true, true
1334644, 18720, 7571, 395, 164, 173, true, true
1334692, 18722, 7572, 396, 165, 171, true, true
1336163, 18775, 7572, 395, 164, 172, true, true
1336276, 18778, 7572, 393, 163, 172, true, true
1337872, 18844, 7573, 394, 164, 171, true, true
1344455, 19067, 7573, 393, 163, 177, true, true
1345446, 19105, 7574, 394, 164, 173, true, true
1346750, 19152, 7578, 398, 165, 172, true, true
1349643, 19247, 7578, 397, 164, 173, true, true
1349695, 19250, 7579, 398, 165, 172, true, true
1355410, 19435, 7579, 397, 165, 173, true, true
1359585, 19589, 7579, 396, 164, 176, true, true
1362679, 19685, 7579, 395, 164, 179, true, true
1363937, 19737, 7580, 395, 164, 180, true, true
1364223, 19748, 7580, 394, 163, 180, true, true
1364711, 19767, 7580, 393, 162, 180, true, true
1365321, 19796, 7580, 391, 161, 180, true, true
1365998, 19820, 7583, 394, 162, 174, true, true
1366067, 19824, 7583, 393, 161, 174, true, true
1366157, 19827, 7584, 394, 162, 172, true, true
1367351, 19872, 7584, 393, 162, 174, true, true
1369172, 19932, 7585, 394, 163, 176, true, true
1370715, 19998, 7586, 394, 164, 176, true, true
1371115, 20014, 7586, 384, 163, 176, true, true
1374637, 20139, 7586, 383, 162, 177, true, true
1377114, 20242, 7586, 381, 161, 180, true, true
1387241, 20561, 7586, 378, 160, 185, true, true
1388504, 20616, 7588, 380, 161, 183, true, true
1388825, 20628, 7590, 382, 162, 182, true, true
1397535, 20932, 7593, 385, 163, 184, true, true
1398633, 20977, 7595, 387, 164, 182, true, true
1399063, 20998, 7595, 386, 163, 182, true, true
1403630, 21166, 7596, 387, 164, 182, true, true
1405563, 21240, 7598, 389, 165, 181, true, true
1405699, 21243, 7598, 388, 164, 181, true, true
1406961, 21295, 7599, 389, 165, 180, true, true
1408182, 21355, 7601, 391, 166, 178, true, true
1410273, 21425, 7602, 391, 167, 179, true, true
1416647, 21692, 7602, 390, 166, 184, true, true
1417068, 21709, 7603, 390, 166, 183, true, true
1417213, 21715, 7603, 388, 165, 183, true, true
1417655, 21729, 7603, 387, 164, 183, true, true
1421112, 21848, 7603, 386, 163, 188, true, true
1421879, 21875, 7603, 381, 161, 188, true, true
1423688, 21946, 7604, 382, 162, 188, true, true
1425035, 21996, 7605, 383, 163, 188, true, true
1425836, 22026, 7606, 383, 163, 187, true, true
1427122, 22076, 7606, 382, 162, 187, true, true
1430499, 22209, 7610, 386, 163, 189, true, true
1430860, 22225, 7613, 389, 164, 188, true, true
1431312, 22234, 7613, 388, 163, 188, true, true
1431988, 22263, 7614, 389, 164, 187, true, true
1432558, 22289, 7615, 390, 165, 184, true, true
1436673, 22439, 7615, 389, 164, 187, true, true
1437648, 22474, 7616, 390, 165, 183, true, true
1437722, 22477, 7616, 389, 165, 183, true, true
1439255, 22540, 7616, 388, 164, 183, true, true
1439396, 22547, 7617, 389, 165, 180, true, true
1441777, 22630, 7618, 390, 166, 178, true, true
1442269, 22646, 7621, 393, 167, 174, true, true
1442723, 22665, 7622, 394, 168, 173, true, true
1443499, 22698, 7623, 395, 169, 172, true, true
1449234, 22909, 7623, 392, 168, 174, true, true
1449563, 22923, 7623, 389, 168, 174, true, true
1452364, 23016, 7626, 387, 169, 175, true, true
1454213, 23094, 7626, 386, 168, 175, true, true
1454684, 23108, 7627, 387, 169, 174, true, true
1454923, 23120, 7627, 386, 168, 175, true, true
1458841, 23276, 7628, 387, 169, 175, true, true
1459298, 23299, 7629, 388, 170, 172, true, true
1459926, 23324, 7630, 389, 171, 171, true, true
1464930, 23516, 7630, 386, 170, 175, true, true
1465993, 23553, 7630, 385, 169, 176, true, true
1466072, 23556, 7631, 386, 170, 172, true, true
1466512, 23565, 7632, 387, 171, 171, true, true
1468761, 23638, 7632, 385, 170, 172, true, true
1469461, 23665, 7632, 384, 169, 172, true, true
1470936, 23719, 7633, 385, 170, 169, true, true
1471971, 23767, 7633, 384, 169, 169, true, true
1474249, 23851, 7634, 385, 170, 170, true, true
1475402, 23904, 7634, 384, 169, 170, true, true
1477512, 23969, 7636, 386, 170, 170, true, true
1477685, 23977, 7636, 385, 169, 170, true, true
1478052, 23992, 7636, 382, 168, 170, true, true
1480708, 24100, 7642, 388, 169, 170, true, true
1482513, 24180, 7642, 387, 169, 172, true, true
1483157, 24208, 7643, 388, 170, 170, true, true
1486198, 24324, 7647, 392, 171, 165, true, true
1489510, 24440, 7647, 391, 170, 165, true, true
1490546, 24478, 7647, 390, 169, 165, true, true
1493268, 24574, 7648, 383, 169, 166, true, true
1493550, 24588, 7649, 383, 169, 164, true, true
1494734, 24636, 7649, 382, 168, 164, true, true
1495986, 24683, 7649, 381, 167, 166, true, true
1497628, 24750, 7649, 379, 166, 166, true, true
1498169, 24769, 7650, 380, 167, 165, true, true
1499242, 24812, 7652, 381, 168, 163, true, true
1499734, 24831, 7652, 380, 168, 163, true, true
1501329, 24884, 7652, 379, 167, 163, true, true
1506310, 25059, 7652, 378, 166, 167, true, true
1506459, 25067, 7654, 380, 167, 166, true, true
1507696, 25112, 7655, 381, 168, 165, true, true
1507963, 25124, 7655, 379, 167, 165, true, true
1508186, 25132, 7655, 373, 166, 165, true, true
1509904, 25202, 7655, 372, 165, 165, true, true
1512889, 25269, 7656, 373, 166, 160, true, true
1513869, 25292, 7657, 374, 167, 158, true, true
1514611, 25318, 7659, 375, 167, 155, true, true
1517058, 25401, 7664, 380, 168, 157, true, true
1517890, 25432, 7664, 379, 167, 157, true, true
1518068, 25439, 7665, 380, 168, 156, true, true
1518440, 25454, 7665, 379, 167, 156, true, true
1520125, 25516, 7666, 380, 168, 155, true, true
1523068, 25617, 7666, 379, 167, 155, true, true
1523883, 25646, 7666, 377, 166, 155, true, true
1524789, 25677, 7666, 376, 165, 157, true, true
1536049, 26087, 7667, 376, 165, 157, true, true
1539371, 26212, 7670, 378, 165, 154, true, true
1539470, 26217, 7673, 381, 166, 153, true, true
1539661, 26226, 7673, 379, 165, 154, true, true
1539676, 26227, 7674, 380, 166, 152, true, true
1539691, 26228, 7676, 378, 167, 149, true, true
1541901, 26309, 7676, 377, 167, 151, true, true
1543259, 26361, 7677, 378, 168, 149, true, true
1546174, 26470, 7679, 380, 169, 142, true, true
1546394, 26477, 7680, 380, 170, 141, true, true
1547568, 26526, 7680, 377, 169, 141, true, true
1552553, 26693, 7681, 378, 170, 139, true, true
1556692, 26826, 7684, 381, 171, 138, true, true
1559677, 26948, 7686, 383, 172, 137, true, true
1561509, 27020, 7687, 383, 173, 139, true, true
1561691, 27026, 7701, 381, 171, 138, true, true
1565027, 27134, 7701, 380, 170, 139, true, true
1565113, 27138, 7701, 379, 169, 139, true, true
1568926, 27277, 7702, 380, 170, 143, true, true
1574153, 27460, 7702, 379, 169, 145, true, true
1575678, 27520, 7702, 378, 168, 145, true, true
1576092, 27533, 7703, 379, 169, 143, true, true
1578480, 27599, 7703, 377, 168, 144, true, true
1580473, 27670, 7703, 376, 167, 145, true, true
1580503, 27671, 7703, 375, 167, 145, true, true
1583561, 27788, 7703, 374, 167, 145, true, true
1583779, 27799, 7704, 375, 168, 143, true, true
1584623, 27830, 7705, 376, 169, 141, true, true
1587502, 27935, 7705, 375, 168, 142, true, true
1588029, 27957, 7706, 376, 169, 140, true, true
1589626, 28022, 7707, 375, 170, 138, true, true
1594541, 28191, 7707, 374, 169, 138, true, true
1597231, 28289, 7707, 373, 168, 140, true, true
1597762, 28311, 7707, 372, 167, 140, true, true
1597893, 28318, 7708, 371, 168, 139, true, true
1599029, 28369, 7708, 369, 167, 140, true, true
1600230, 28415, 7715, 353, 167, 137, true, true
1600996, 28440, 7718, 356, 168, 136, true, true
1604273, 28552, 7719, 357, 169, 135, true, true
1616002, 28939, 7719, 356, 168, 140, true, true
1617698, 28996, 7719, 355, 167, 141, true, true
1625397, 29291, 7720, 356, 168, 144, true, true
1627702, 29367, 7720, 353, 167, 146, true, true
1628061, 29381, 7720, 352, 166, 146, true, true
1628218, 29387, 7720, 351, 165, 146, true, true
1628544, 29404, 7720, 350, 164, 146, true, true
1632033, 29519, 7721, 351, 165, 146, true, true
1633840, 29579, 7721, 349, 165, 146, true, true
1636211, 29671, 7721, 348, 164, 146, true, true
1642190, 29889, 7721, 346, 163, 149, true, true
1643626, 29954, 7722, 343, 164, 148, true, true
1643739, 29960, 7722, 342, 163, 148, true, true
1650441, 30211, 7723, 343, 164, 149, true, true
1652748, 30290, 7723, 342, 163, 150, true, true
1654225, 30337, 7723, 341, 162, 150, true, true
1654509, 30348, 7726, 343, 162, 149, true, true
1657183, 30443, 7726, 342, 161, 150, true, true
1661654, 30611, 7727, 343, 162, 150, true, true
1674088, 31050, 7728, 343, 163, 154, true, true
1680828, 31277, 7728, 341, 163, 157, true, true
1682827, 31355, 7728, 339, 162, 159, true, true
1682991, 31360, 7728, 338, 161, 159, true, true
1684052, 31393, 7729, 337, 162, 157, true, true
1687853, 31525, 7729, 336, 161, 158, true, true
1689132, 31572, 7730, 337, 162, 155, true, true
1691351, 31643, 7731, 338, 163, 154, true, true
1691407, 31646, 7733, 335, 164, 151, true, true
1693571, 31700, 7734, 332, 165, 151, true, true
1697220, 31838, 7735, 333, 166, 150, true, true
1698495, 31879, 7735, 332, 165, 150, true, true
1698774, 31891, 7735, 331, 164, 150, true, true
1700007, 31934, 7735, 328, 164, 150, true, true
1708266, 32231, 7742, 335, 165, 151, true, true
1712057, 32366, 7742, 334, 164, 154, true, true
1715809, 32503, 7743, 335, 165, 153, true, true
1723939, 32756, 7744, 336, 166, 153, true, true
1724128, 32764, 7744, 335, 165, 153, true, true
1726393, 32854, 7744, 334, 164, 153, true, true
1727000, 32883, 7745, 335, 165, 152, true, true
1740736, 33406, 7747, 337, 166, 157, true, true
1743859, 33529, 7748, 338, 167, 155, true, true
1744193, 33543, 7748, 337, 166, 155, true, true
1745544, 33589, 7765, 353, 166, 153, true, true
1746244, 33614, 7765, 352, 165, 153, true, true
1750220, 33770, 7765, 336, 165, 153, true, true
1750836, 33796, 7766, 337, 166, 153, true, true
1758760, 34113, 7766, 335, 165, 157, true, true
1761036, 34193, 7767, 336, 166, 155, true, true
1761278, 34204, 7768, 337, 167, 152, true, true
1765654, 34375, 7768, 336, 167, 154, true, true
1766724, 34415, 7769, 337, 168, 153, true, true
1768554, 34478, 7769, 336, 167, 153, true, true
1768622, 34480, 7769, 330, 167, 153, true, true
1770308, 34549, 7769, 329, 166, 156, true, true
1771611, 34607, 7769, 328, 165, 156, true, true
1775425, 34705, 7775, 334, 166, 155, true, true
1776582, 34759, 7778, 336, 166, 154, true, true
1778489, 34817, 7779, 337, 167, 151, true, true
1779776, 34866, 7779, 336, 166, 152, true, true
1784301, 35036, 7779, 334, 165, 155, true, true
1790765, 35238, 7779, 333, 164, 157, true, true
1796540, 35448, 7779, 332, 163, 158, true, true
1800614, 35580, 7779, 331, 162, 160, true, true
1801317, 35606, 7779, 329, 161, 160, true, true
1802243, 35639, 7779, 327, 160, 160, true, true
1807015, 35829, 7780, 328, 161, 160, true, true
1807487, 35845, 7781, 329, 162, 160, true, true
1810174, 35946, 7781, 323, 161, 160, true, true
1812995, 36064, 7784, 326, 162, 159, true, true
1815404, 36151, 7784, 324, 161, 160, true, true
1823500, 36440, 7785, 325, 162, 161, true, true
1829362, 36666, 7785, 324, 161, 164, true, true
1837222, 36964, 7792, 331, 162, 163, true, true
1837454, 36973, 7793, 332, 163, 163, true, true
1844910, 37285, 7794, 333, 164, 163, true, true
1845351, 37306, 7795, 333, 165, 162, true, true
1858550, 37810, 7795, 332, 164, 169, true, true
1858843, 37826, 7803, 339, 165, 168, true, true
1859378, 37841, 7804, 340, 166, 167, true, true
1862861, 37981, 7804, 339, 166, 170, true, true
1863385, 38002, 7804, 338, 165, 170, true, true
1870130, 38245, 7804, 337, 164, 170, true, true
1881673, 38684, 7804, 334, 163, 175, true, true
1881923, 38693, 7804, 333, 163, 175, true, true
1882665, 38719, 7804, 332, 162, 176, true, true
1887720, 38916, 7804, 329, 161, 177, true, true
1894902, 39186, 7805, 329, 161, 179, true, true
1895687, 39217, 7807, 331, 162, 177, true, true
1899490, 39379, 7807, 330, 161, 180, true, true
1900201, 39408, 7809, 332, 162, 175, true, true
1900370, 39419, 7809, 331, 161, 175, true, true
1901112, 39448, 7810, 330, 161, 173, true, true
1908674, 39755, 7810, 329, 160, 175, true, true
1909435, 39790, 7811, 319, 160, 172, true, true
1909510, 39795, 7812, 319, 160, 169, true, true
1910283, 39831, 7813, 320, 161, 168, true, true
1910605, 39842, 7813, 319, 160, 168, true, true
1913669, 39955, 7817, 323, 161, 166, true, true
1914209, 39976, 7823, 329, 162, 166, true, true
1917927, 40122, 7823, 327, 161, 167, true, true
1920023, 40205, 7823, 326, 160, 167, true, true
1924591, 40357, 7823, 324, 159, 168, true, true
1926608, 40433, 7823, 322, 158, 168, true, true
1929182, 40533, 7824, 323, 159, 167, true, true
1929985, 40574, 7825, 321, 159, 165, true, true
1930486, 40590, 7827, 323, 160, 164, true, true
1945971, 41106, 7828, 324, 161, 163, true, true
1946474, 41123, 7828, 323, 160, 163, true, true
1946719, 41134, 7828, 322, 159, 163, true, true
1951493, 41318, 7830, 324, 160, 162, true, true
1952050, 41341, 7831, 325, 161, 158, true, true
1957378, 41547, 7831, 323, 160, 158, true, true
1961241, 41678, 7832, 323, 160, 157, true, true
1962831, 41742, 7836, 326, 160, 155, true, true
1969481, 42010, 7836, 322, 160, 158, true, true
1970791, 42058, 7837, 323, 161, 156, true, true
1973162, 42153, 7837, 321, 160, 156, true, true
1978324, 42330, 7839, 323, 161, 156, true, true
1984863, 42558, 7839, 319, 160, 156, true, true
1990169, 42766, 7840, 320, 161, 150, true, true
1991912, 42833, 7842, 322, 162, 149, true, true
1992663, 42862, 7842, 321, 162, 151, true, true
2000621, 43105, 7842, 320, 161, 152, true, true
2000736, 43110, 7843, 321, 162, 150, true, true
2000982, 43121, 7843, 320, 161, 150, true, true
2003170, 43201, 7844, 319, 162, 149, true, true
2010727, 43473, 7844, 318, 162, 152, true, true
2011168, 43491, 7849, 323, 163, 151, true, true
2011531, 43501, 7878, 346, 163, 150, true, true
2015134, 43609, 7878, 338, 162, 151, true, true
2016395, 43657, 7879, 336, 163, 151, true, true
2020026, 43803, 7879, 335, 162, 153, true, true
2028687, 44125, 7879, 334, 161, 155, true, true
2030367, 44175, 7881, 327, 162, 154, true, true
2279315, 44296, 7881, 326, 161, 155, true, true
2281753, 44337, 7881, 325, 160, 155, true, true
2282447, 44361, 7881, 324, 159, 155, true, true
2286037, 44482, 7881, 323, 158, 155, true, true
2288681, 44546, 7881, 322, 157, 156, true, true
2289598, 44584, 7882, 323, 158, 155, true, true
2291558, 44664, 7882, 319, 157, 156, true, true
2295753, 44796, 7883, 320, 158, 155, true, true
2306594, 45220, 7883, 319, 157, 157, true, true
2308465, 45292, 7883, 317, 156, 158, true, true
2308609, 45298, 7885, 319, 157, 157, true, true
2311518, 45409, 7885, 316, 156, 157, true, true
2312671, 45454, 7885, 315, 155, 157, true, true
2316065, 45595, 7935, 352, 156, 156, true, true
2319648, 45727, 7935, 351, 155, 156, true, true
2326926, 45963, 7936, 348, 156, 157, true, true
2328697, 46025, 7936, 347, 155, 159, true, true
2333056, 46176, 7936, 346, 154, 160, true, true
2334743, 46225, 7936, 345, 153, 160, true, true
2346856, 46659, 7936, 344, 152, 161, true, true
2353308, 46885, 7937, 345, 153, 159, true, true
2356065, 46989, 7937, 344, 152, 160, true, true
2357456, 47012, 7937, 343, 151, 160, true, true
2360077, 47082, 7938, 344, 152, 160, true, true
2361466, 47132, 7939, 345, 153, 154, true, true
2369593, 47410, 7939, 344, 152, 160, true, true
2374642, 47574, 7939, 343, 151, 160, true, true
2375957, 47610, 7939, 342, 150, 161, true, true
2384482, 47901, 7940, 343, 151, 162, true, true
2388967, 48053, 7943, 337, 152, 162, true, true
2391192, 48122, 7943, 335, 152, 162, true, true
2394069, 48209, 7944, 336, 153, 161, true, true
2396920, 48326, 7944, 335, 153, 161, true, true
2397013, 48330, 7944, 334, 152, 161, true, true
2397035, 48331, 7945, 335, 153, 160, true, true
2397431, 48348, 7945, 334, 152, 160, true, true
2402989, 48556, 7945, 332, 150, 163, true, true
2416060, 49010, 7945, 331, 149, 164, true, true
2418255, 49095, 7946, 332, 150, 162, true, true
2418897, 49120, 7947, 332, 151, 160, true, true
2423707, 49290, 7950, 335, 152, 157, true, true
2424591, 49326, 7950, 334, 151, 157, true, true
2425032, 49345, 7951, 333, 152, 153, true, true
2431524, 49548, 7951, 332, 151, 154, true, true
2443396, 50011, 7953, 334, 152, 154, true, true
2443924, 50039, 7959, 340, 153, 154, true, true
2444059, 50044, 7960, 341, 154, 152, true, true
2455230, 50449, 7960, 340, 153, 156, true, true
2455260, 50451, 7960, 339, 152, 156, true, true
2459680, 50632, 7970, 343, 152, 154, true, true
2460583, 50644, 7971, 344, 153, 153, true, true
2461836, 50699, 7971, 342, 151, 153, true, true
2462587, 50727, 7971, 340, 149, 153, true, true
2464043, 50781, 7972, 340, 149, 148, true, true
2479176, 51304, 7972, 339, 148, 151, true, true
2479658, 51325, 7974, 341, 149, 147, true, true
2493643, 51849, 7974, 340, 148, 151, true, true
2501089, 52105, 7975, 341, 149, 150, true, true
2502625, 52161, 7975, 340, 148, 150, true, true
2510941, 52452, 7975, 339, 147, 152, true, true
2512504, 52515, 7975, 338, 146, 152, true, true
2513855, 52564, 7976, 339, 147, 153, true, true
2550587, 53925, 7976, 338, 146, 164, true, true
2551704, 53973, 7977, 339, 147, 163, true, true
2553474, 54035, 7978, 340, 148, 161, true, true
2554396, 54064, 8005, 367, 149, 160, true, true
2560465, 54293, 8007, 369, 150, 162, true, true
2561174, 54333, 8009, 371, 151, 161, true, true
2565444, 54509, 8011, 373, 152, 157, true, true
2569429, 54669, 8011, 372, 152, 157, true, true
2572423, 54763, 8011, 371, 151, 159, true, true
2573373, 54812, 8011, 370, 150, 160, true, true
2582257, 55136, 8011, 368, 149, 163, true, true
2583452, 55184, 8016, 372, 150, 162, true, true
2584007, 55209, 8016, 371, 149, 162, true, true
2600479, 55792, 8017, 372, 150, 163, true, true
2602108, 55850, 8017, 371, 149, 163, true, true
2602438, 55867, 8017, 370, 148, 163, true, true
2606516, 56026, 8018, 371, 149, 161, true, true
2609874, 56171, 8018, 368, 149, 161, true, true
2612838, 56293, 8018, 367, 148, 161, true, true
2613800, 56346, 8018, 366, 147, 162, true, true
2616884, 56462, 8019, 367, 148, 161, true, true
2623726, 56718, 8020, 368, 149, 160, true, true
2628795, 56865, 8020, 367, 148, 161, true, true
2634318, 57087, 8020, 366, 147, 162, true, true
2635359, 57125, 8020, 365, 146, 163, true, true
2641489, 57359, 8021, 366, 147, 162, true, true
2642781, 57415, 8022, 367, 148, 161, true, true
2653521, 57827, 8023, 368, 149, 162, true, true
2655696, 57899, 8024, 369, 150, 161, true, true
2664689, 58236, 8025, 370, 151, 161, true, true
2665307, 58261, 8026, 371, 152, 160, true, true
2668519, 58391, 8026, 368, 149, 161, true, true
2668596, 58394, 8027, 369, 150, 156, true, true
2670022, 58451, 8027, 368, 149, 157, true, true
2672208, 58538, 8027, 367, 148, 157, true, true
2675215, 58651, 8028, 367, 148, 153, true, true
2682617, 58921, 8030, 368, 149, 153, true, true
2683170, 58942, 8030, 367, 148, 153, true, true
2698102, 59454, 8032, 369, 149, 152, true, true
2705554, 59695, 8035, 372, 150, 150, true, true
2706016, 59717, 8036, 373, 151, 146, true, true
2714594, 60054, 8036, 368, 150, 147, true, true
2715900, 60112, 8036, 367, 149, 148, true, true
2720457, 60296, 8037, 368, 150, 147, true, true
2724676, 60420, 8039, 370, 151, 147, true, true
2724770, 60424, 8039, 369, 150, 147, true, true
2727759, 60528, 8039, 368, 149, 147, true, true
2734198, 60782, 8041, 369, 149, 147, true, true
2743035, 61116, 8041, 368, 148, 149, true, true
2745620, 61210, 8042, 369, 149, 147, true, true
2760788, 61792, 8043, 370, 150, 150, true, true
2768403, 62077, 8043, 369, 149, 150, true, true
2772810, 62249, 8043, 367, 148, 151, true, true
2773050, 62259, 8044, 368, 149, 150, true, true
2775155, 62350, 8044, 367, 148, 152, true, true
2783663, 62665, 8045, 368, 149, 152, true, true
2800217, 63333, 8046, 369, 150, 153, true, true
2822393, 64151, 8047, 370, 151, 154, true, true
2831015, 64468, 8049, 372, 152, 154, true, true
2831897, 64510, 8049, 371, 151, 155, true, true
2836853, 64700, 8050, 372, 152, 154, true, true
2837991, 64752, 8051, 373, 153, 153, true, true
2851477, 65271, 8052, 374, 154, 150, true, true
2856778, 65470, 8053, 374, 154, 151, true, true
2864678, 65778, 8053, 370, 153, 153, true, true
2865291, 65803, 8054, 371, 154, 151, true, true
2868587, 65912, 8054, 370, 153, 151, true, true
2869630, 65946, 8054, 368, 152, 151, true, true
2873030, 66084, 8054, 366, 151, 152, true, true
2877574, 66262, 8055, 367, 152, 151, true, true
2879385, 66339, 8055, 366, 151, 152, true, true
2885919, 66572, 8056, 367, 152, 146, true, true
2892943, 66859, 8056, 366, 151, 148, true, true
2909200, 67465, 8056, 364, 150, 153, true, true
2912030, 67549, 8056, 363, 150, 155, true, true
2914424, 67645, 8056, 362, 149, 155, true, true
2915500, 67681, 8056, 361, 148, 155, true, true
2916852, 67732, 8057, 362, 149, 154, true, true
2932462, 68279, 8057, 361, 148, 157, true, true
2955818, 69085, 8057, 360, 147, 162, true, true
2955899, 69088, 8057, 359, 146, 162, true, true
2966420, 69458, 8057, 358, 145, 165, true, true
2976267, 69846, 8057, 355, 144, 167, true, true
2977364, 69891, 8058, 356, 145, 165, true, true
2978581, 69948, 8058, 354, 144, 165, true, true
2981659, 70085, 8058, 353, 143, 165, true, true
2985009, 70206, 8060, 355, 144, 160, true, true
2986172, 70248, 8060, 354, 143, 160, true, true
2997106, 70668, 8061, 355, 144, 160, true, true
3004678, 70958, 8063, 355, 145, 160, true, true
3005366, 70978, 8065, 357, 146, 159, true, true
3019348, 71506, 8065, 350, 145, 164, true, true
3023820, 71671, 8066, 351, 146, 162, true, true
3045137, 72474, 8066, 350, 145, 167, true, true
3051586, 72748, 8066, 348, 144, 167, true, true
3063281, 73207, 8066, 343, 144, 167, true, true
3063679, 73225, 8067, 344, 145, 166, true, true
3064667, 73266, 8067, 342, 144, 166, true, true
3071029, 73514, 8068, 337, 145, 165, true, true
3071096, 73517, 8068, 336, 144, 165, true, true
3081532, 73890, 8068, 335, 143, 165, true, true
3093439, 74332, 8069, 336, 144, 164, true, true
3093806, 74346, 8069, 335, 143, 164, true, true
3109696, 74885, 8069, 334, 142, 168, true, true
3120607, 75265, 8069, 333, 141, 169, true, true
3120729, 75270, 8071, 332, 141, 168, true, true
3122276, 75325, 8073, 329, 142, 167, true, true
3135677, 75838, 8074, 330, 143, 169, true, true
3136720, 75886, 8075, 330, 143, 166, true, true
3152891, 76524, 8076, 329, 143, 166, true, true
3165863, 77049, 8077, 330, 144, 165, true, true
3172109, 77318, 8077, 329, 143, 168, true, true
3176008, 77479, 8079, 331, 144, 167, true, true
3195060, 78205, 8079, 330, 143, 170, true, true
3195394, 78216, 8081, 332, 144, 167, true, true
3203222, 78487, 8083, 334, 145, 166, true, true
3205083, 78560, 8084, 335, 146, 161, true, true
3207055, 78611, 8084, 333, 145, 161, true, true
3207726, 78643, 8085, 334, 146, 159, true, true
3213066, 78850, 8085, 333, 145, 159, true, true
3213945, 78884, 8085, 332, 144, 159, true, true
3217397, 79011, 8086, 333, 145, 157, true, true
3238802, 79794, 8090, 337, 146, 159, true, true
3267654, 80926, 8091, 338, 147, 161, true, true
3294466, 81984, 8092, 339, 148, 166, true, true
3304571, 82387, 8093, 335, 148, 166, true, true
3312504, 82682, 8094, 336, 149, 165, true, true
3333127, 83478, 8095, 337, 150, 166, true, true
3335435, 83571, 8098, 338, 151, 164, true, true
3341726, 83848, 8098, 337, 150, 164, true, true
3343886, 83937, 8099, 338, 151, 162, true, true
3357181, 84449, 8103, 334, 149, 165, true, true
3369399, 84997, 8103, 330, 149, 167, true, true
3383732, 85587, 8104, 329, 150, 169, true, true
3384543, 85622, 8105, 330, 151, 167, true, true
3386793, 85704, 8106, 331, 152, 166, true, true
3387071, 85718, 8107, 332, 153, 165, true, true
3392467, 85907, 8107, 330, 152, 167, true, true
3409143, 86607, 8107, 329, 151, 170, true, true
3414132, 86790, 8107, 328, 150, 171, true, true
3414630, 86812, 8108, 328, 150, 170, true, true
3419852, 87025, 8110, 327, 150, 169, true, true
3426104, 87275, 8111, 328, 151, 168, true, true
3430558, 87449, 8112, 329, 152, 167, true, true
3432903, 87544, 8112, 328, 151, 167, true, true
3437342, 87725, 8112, 327, 150, 167, true, true
3440711, 87852, 8112, 326, 149, 167, true, true
3444735, 88013, 8112, 325, 148, 167, true, true
3449216, 88207, 8112, 324, 147, 168, true, true
3455244, 88463, 8113, 325, 148, 162, true, true
3461978, 88736, 8113, 316, 147, 162, true, true
3467876, 88986, 8113, 315, 146, 162, true, true
3474497, 89251, 8114, 316, 147, 161, true, true
3491565, 89924, 8114, 315, 146, 164, true, true
3505028, 90412, 8115, 316, 147, 165, true, true
3507798, 90519, 8115, 315, 146, 165, true, true
3525492, 91230, 8115, 314, 145, 166, true, true
3532934, 91530, 8116, 315, 146, 163, true, true
3535456, 91638, 8116, 314, 145, 164, true, true
3538863, 91762, 8116, 313, 144, 165, true, true
3546376, 92029, 8122, 319, 145, 160, true, true
3546440, 92033, 8123, 320, 146, 158, true, true
3552435, 92252, 8124, 321, 147, 156, true, true
3558139, 92522, 8124, 320, 146, 157, true, true
3559686, 92581, 8124, 319, 146, 157, true, true
3590840, 93901, 8126, 321, 147, 160, true, true
3599149, 94270, 8127, 322, 148, 161, true, true
3603247, 94441, 8129, 324, 149, 159, true, true
3603666, 94454, 8129, 323, 148, 159, true, true
3603748, 94458, 8135, 329, 149, 152, true, true
3606634, 94559, 8136, 327, 149, 151, true, true
3620552, 95151, 8137, 328, 150, 149, true, true
3634479, 95752, 8146, 337, 151, 149, true, true
3638446, 95917, 8146, 332, 150, 150, true, true
3641101, 96022, 8146, 331, 149, 151, true, true
3644232, 96155, 8146, 329, 148, 151, true, true
3657358, 96700, 8146, 327, 147, 152, true, true
3657798, 96722, 8146, 326, 146, 152, true, true
3666815, 97112, 8146, 325, 145, 154, true, true
3686817, 97882, 8146, 322, 144, 158, true, true
3707862, 98704, 8146, 321, 143, 162, true, true
3709345, 98766, 8152, 322, 144, 160, true, true
3729066, 99663, 8152, 321, 144, 161, true, true
3739681, 100059, 8152, 320, 143, 163, true, true
3739800, 100064, 8152, 319, 143, 163, true, true
3750254, 100498, 8156, 323, 144, 163, true, true
3767168, 101180, 8156, 322, 143, 165, true, true
3767786, 101209, 8156, 319, 142, 166, true, true
3787484, 102080, 8156, 318, 141, 170, true, true
3798857, 102596, 8156, 317, 140, 171, true, true
3807029, 102969, 8157, 318, 141, 172, true, true
3813169, 103222, 8158, 319, 142, 172, true, true
3813804, 103251, 8159, 320, 143, 171, true, true
3815021, 103302, 8159, 319, 142, 171, true, true
3831456, 104024, 8159, 318, 141, 171, true, true
3835396, 104173, 8159, 317, 141, 171, true, true
3849588, 104752, 8161, 319, 142, 170, true, true
3856415, 105048, 8163, 321, 143, 168, true, true
3856600, 105055, 8164, 322, 144, 167, true, true
3862256, 105298, 8167, 325, 145, 165, true, true
3871126, 105641, 8167, 324, 145, 165, true, true
3878973, 105922, 8168, 325, 146, 165, true, true
3889697, 106360, 8169, 326, 147, 164, true, true
3893577, 106532, 8170, 327, 148, 162, true, true
3902180, 106904, 8170, 325, 148, 162, true, true
3903804, 106978, 8170, 324, 147, 162, true, true
3911411, 107255, 8171, 325, 148, 160, true, true
3924078, 107713, 8172, 326, 149, 160, true, true
3927153, 107872, 8173, 327, 150, 156, true, true
3934671, 108187, 8173, 326, 149, 158, true, true
3937917, 108324, 8179, 332, 150, 156, true, true
3943514, 108535, 8180, 333, 151, 157, true, true
3948200, 108746, 8180, 332, 150, 158, true, true
3954062, 108993, 8180, 331, 149, 158, true, true
3962177, 109381, 8180, 330, 148, 161, true, true
3963927, 109459, 8181, 331, 149, 162, true, true
3966495, 109568, 8182, 332, 150, 161, true, true
3973248, 109847, 8185, 334, 150, 161, true, true
3981451, 110187, 8186, 335, 151, 159, true, true
4009054, 111276, 8186, 331, 151, 160, true, true
4023059, 111838, 8186, 322, 150, 160, true, true
4044395, 112664, 8187, 322, 150, 166, true, true
4045521, 112707, 8187, 320, 149, 167, true, true
4051613, 112939, 8187, 319, 148, 169, true, true
4067648, 113621, 8224, 341, 148, 172, true, true
4078498, 114068, 8225, 342, 149, 172, true, true
4085473, 114365, 8226, 343, 150, 171, true, true
4093926, 114699, 8226, 337, 149, 171, true, true
4115188, 115494, 8227, 335, 150, 170, true, true
4123152, 115809, 8228, 336, 151, 169, true, true
4127479, 115967, 8229, 337, 152, 164, true, true
4129142, 116046, 8244, 351, 152, 162, true, true
4133753, 116238, 8245, 352, 153, 160, true, true
4136258, 116343, 8246, 353, 154, 157, true, true
4145660, 116737, 8247, 354, 155, 157, true, true
4148277, 116837, 8248, 355, 156, 156, true, true
4154728, 117089, 8248, 354, 155, 156, true, true
4162818, 117443, 8248, 352, 154, 156, true, true
4171191, 117780, 8249, 353, 155, 155, true, true
4171662, 117802, 8249, 352, 154, 155, true, true
4173852, 117901, 8251, 352, 155, 154, true, true
4190320, 118554, 8251, 351, 154, 155, true, true
4203632, 119086, 8251, 350, 153, 157, true, true
4223636, 119859, 8251, 349, 152, 158, true, true
4231643, 120117, 8253, 349, 153, 160, true, true
4249026, 120791, 8253, 348, 152, 161, true, true
4249079, 120794, 8254, 349, 153, 157, true, true
4258186, 121184, 8255, 345, 154, 156, true, true
4278275, 122005, 8257, 347, 155, 143, true, true
4279479, 122058, 8258, 348, 156, 142, true, true
4299526, 122850, 8259, 349, 157, 143, true, true
4301267, 122903, 8259, 348, 156, 143, true, true
4309688, 123227, 8265, 354, 157, 142, true, true
4336684, 124377, 8265, 353, 156, 149, true, true
4343581, 124623, 8265, 352, 155, 149, true, true
4343798, 124633, 8265, 350, 154, 149, true, true
4359040, 125257, 8266, 346, 154, 149, true, true
4371103, 125758, 8266, 345, 153, 149, true, true
4376965, 125980, 8276, 350, 153, 148, true, true
4388630, 126414, 8276, 349, 152, 148, true, true
4389359, 126438, 8276, 347, 152, 148, true, true
4414249, 127371, 8277, 348, 153, 148, true, true
4414924, 127396, 8277, 347, 152, 148, true, true
4440979, 128390, 8277, 346, 151, 150, true, true
4457600, 129047, 8279, 348, 152, 147, true, true
4488812, 130194, 8279, 345, 151, 149, true, true
4506989, 130844, 8280, 346, 152, 148, true, true
4508122, 130890, 8280, 344, 151, 148, true, true
4524176, 131507, 8282, 344, 151, 148, true, true
4524727, 131536, 8283, 343, 150, 147, true, true
4540147, 132086, 8284, 344, 151, 148, true, true
4554368, 132675, 8284, 343, 150, 151, true, true
4561522, 132940, 8284, 342, 149, 151, true, true
4565524, 133099, 8284, 341, 148, 151, true, true
4571788, 133339, 8285, 342, 149, 151, true, true
4574120, 133430, 8287, 341, 149, 149, true, true
4590114, 134060, 8287, 340, 148, 151, true, true
4594114, 134224, 8301, 354, 149, 150, true, true
4613728, 135000, 8309, 362, 150, 153, true, true
4638219, 135935, 8310, 363, 151, 152, true, true
4654045, 136624, 8310, 362, 151, 155, true, true
4656368, 136714, 8315, 367, 152, 152, true, true
4657937, 136786, 8316, 368, 153, 151, true, true
4662492, 136969, 8317, 369, 154, 150, true, true
4666139, 137101, 8317, 368, 153, 150, true, true
4904008, 138325, 8319, 369, 153, 153, true, true
4922404, 139002, 8319, 368, 152, 154, true, true
4930821, 139300, 8319, 366, 151, 154, true, true
4978367, 141167, 8322, 368, 152, 153, true, true
4992929, 141746, 8327, 373, 153, 154, true, true
5002738, 142162, 8328, 374, 154, 153, true, true
5016559, 142760, 8329, 374, 155, 152, true, true
5019266, 142861, 8329, 373, 154, 152, true, true
5054712, 144281, 8329, 371, 153, 154, true, true
5057405, 144387, 8330, 372, 154, 152, true, true
5067647, 144839, 8331, 373, 155, 148, true, true
5080982, 145302, 8331, 372, 154, 151, true, true
5110177, 146437, 8333, 374, 155, 151, true, true
5164409, 148621, 8333, 373, 154, 153, true, true
5181639, 149316, 8333, 372, 154, 153, true, true
5185869, 149503, 8334, 373, 155, 153, true, true
5187019, 149557, 8335, 374, 156, 150, true, true
5198805, 150037, 8335, 373, 155, 150, true, true
5223735, 150965, 8336, 374, 156, 148, true, true
5223948, 150973, 8336, 373, 155, 148, true, true
5225344, 151033, 8337, 373, 155, 147, true, true
5258290, 152374, 8337, 372, 154, 152, true, true
5271775, 152913, 8338, 373, 155, 151, true, true
5281219, 153269, 8338, 371, 154, 151, true, true
5287385, 153518, 8338, 370, 153, 151, true, true
5288458, 153565, 8338, 369, 152, 152, true, true
5304779, 154191, 8339, 370, 153, 151, true, true
5306519, 154238, 8339, 364, 152, 151, true, true
5309707, 154359, 8339, 349, 151, 151, true, true
5321343, 154829, 8339, 348, 150, 152, true, true
5331390, 155207, 8340, 348, 150, 151, true, true
5346648, 155820, 8340, 344, 149, 151, true, true
5369285, 156684, 8340, 343, 148, 156, true, true
5401002, 157956, 8340, 342, 147, 161, true, true
5413487, 158445, 8341, 343, 148, 159, true, true
5420304, 158715, 8341, 342, 147, 160, true, true
5423590, 158863, 8342, 343, 148, 157, true, true
5432174, 159196, 8342, 342, 147, 158, true, true
5475113, 160957, 8343, 343, 148, 156, true, true
5505390, 162140, 8349, 348, 149, 157, true, true
5519207, 162667, 8350, 349, 150, 157, true, true
5525163, 162932, 8353, 352, 151, 158, true, true
5525852, 162960, 8353, 351, 150, 158, true, true
5545126, 163698, 8355, 353, 151, 158, true, true
5545324, 163706, 8356, 354, 152, 155, true, true
5555014, 164050, 8356, 353, 151, 156, true, true
5558586, 164167, 8378, 362, 151, 153, true, true
5564563, 164391, 8379, 363, 152, 153, true, true
5579483, 164952, 8379, 362, 151, 153, true, true
5582468, 165078, 8379, 360, 150, 153, true, true
5590986, 165407, 8380, 361, 151, 152, true, true
5605966, 165952, 8380, 360, 150, 154, true, true
5609813, 166104, 8380, 359, 149, 154, true, true
5674891, 168551, 8381, 360, 150, 158, true, true
5675299, 168571, 8384, 363, 151, 156, true, true
5680948, 168769, 8386, 365, 152, 156, true, true
5682324, 168827, 8386, 363, 151, 156, true, true
5691302, 169160, 8387, 364, 152, 155, true, true
5713517, 170042, 8387, 363, 151, 155, true, true
5733795, 170804, 8387, 350, 148, 155, true, true
5746306, 171269, 8387, 349, 147, 157, true, true
5748854, 171376, 8388, 350, 148, 156, true, true
5750310, 171431, 8388, 349, 147, 158, true, true
5763239, 171910, 8389, 350, 148, 156, true, true
5791337, 173013, 8390, 351, 149, 157, true, true
5792210, 173048, 8390, 350, 148, 157, true, true
5806652, 173554, 8391, 350, 149, 157, true, true
5810660, 173691, 8392, 351, 150, 157, true, true
5872772, 176064, 8392, 350, 149, 162, true, true
5919373, 177816, 8392, 349, 148, 164, true, true
5943602, 178712, 8393, 350, 149, 165, true, true
5951453, 178992, 8397, 354, 150, 162, true, true
5961470, 179403, 8399, 356, 151, 160, true, true
5975562, 179888, 8400, 357, 152, 160, true, true
5984657, 180250, 8400, 356, 151, 160, true, true
6000021, 180804, 8401, 357, 152, 157, true, true
6026984, 181752, 8401, 356, 151, 158, true, true
6066184, 183262, 8402, 357, 152, 160, true, true
6072848, 183532, 8403, 358, 153, 158, true, true
6086105, 184075, 8403, 357, 153, 159, true, true
6109761, 184974, 8403, 356, 152, 161, true, true
6115111, 185188, 8404, 355, 152, 159, true, true
6143208, 186259, 8404, 354, 151, 159, true, true
6154837, 186694, 8404, 353, 150, 160, true, true
6159780, 186891, 8404, 351, 149, 160, true, true
6167659, 187181, 8405, 352, 150, 157, true, true
6176880, 187559, 8406, 353, 151, 156, true, true
6186990, 187937, 8422, 369, 152, 155, true, true
6193828, 188208, 8423, 370, 153, 153, true, true
6209681, 188808, 8427, 374, 154, 151, true, true
6225086, 189392, 8427, 373, 153, 151, true, true
6236045, 189767, 8427, 372, 152, 151, true, true
6247465, 190196, 8428, 373, 153, 149, true, true
6277030, 191268, 8429, 374, 154, 149, true, true
6295287, 192017, 8430, 375, 155, 145, true, true
6337256, 193710, 8433, 374, 156, 145, true, true
6339843, 193819, 8435, 376, 157, 144, true, true
6351999, 194300, 8435, 375, 156, 145, true, true
6375737, 195229, 8437, 377, 157, 148, true, true
6379806, 195388, 8438, 378, 158, 148, true, true
6410947, 196696, 8438, 377, 157, 152, true, true
6413490, 196797, 8443, 382, 158, 150, true, true
6427546, 197347, 8444, 383, 159, 152, true, true
6455781, 198431, 8446, 385, 160, 152, true, true
6488732, 199764, 8446, 384, 159, 155, true, true
6494422, 200004, 8446, 380, 159, 157, true, true
6500021, 200208, 8446, 379, 158, 158, true, true
6518033, 200898, 8463, 384, 159, 157, true, true
6543324, 201848, 8465, 386, 160, 157, true, true
6549370, 202062, 8465, 384, 159, 158, true, true
6552673, 202184, 8466, 385, 160, 158, true, true
6557950, 202387, 8466, 384, 159, 159, true, true
6572904, 202937, 8467, 385, 160, 157, true, true
6581123, 203269, 8468, 386, 161, 157, true, true
6618531, 204579, 8468, 385, 160, 158, true, true
6619559, 204625, 8469, 386, 161, 157, true, true
6642709, 205477, 8469, 385, 160, 163, true, true
6643461, 205507, 8470, 386, 161, 163, true, true
6662925, 206203, 8473, 389, 162, 163, true, true
6665009, 206293, 8474, 390, 163, 160, true, true
6738373, 209055, 8486, 355, 164, 163, true, true
6757330, 209814, 8487, 356, 165, 161, true, true
6763861, 210083, 8488, 357, 166, 160, true, true
6797680, 211351, 8489, 357, 166, 161, true, true
6804375, 211618, 8489, 356, 166, 161, true, true
6842348, 212982, 8490, 357, 167, 165, true, true
6874627, 214134, 8490, 356, 166, 167, true, true
6894727, 214940, 8490, 355, 165, 169, true, true
6901099, 215172, 8490, 354, 164, 169, true, true
6902024, 215203, 8490, 353, 163, 169, true, true
6923471, 216009, 8491, 352, 163, 170, true, true
6942692, 216734, 8492, 353, 164, 169, true, true
6944619, 216816, 8493, 354, 165, 166, true, true
6970736, 217788, 8493, 353, 164, 166, true, true
6984069, 218314, 8493, 352, 163, 167, true, true
6993711, 218708, 8494, 353, 164, 166, true, true
6994662, 218748, 8494, 352, 163, 166, true, true
6998187, 218900, 8495, 353, 164, 164, true, true
7011375, 219414, 8495, 352, 163, 165, true, true
7081526, 222099, 8495, 348, 162, 171, true, true
7102852, 222935, 8495, 347, 161, 171, true, true
7123538, 223742, 8495, 345, 159, 172, true, true
7124592, 223776, 8496, 346, 160, 171, true, true
7128003, 223926, 8496, 345, 160, 172, true, true
7135311, 224207, 8498, 347, 161, 171, true, true
7146730, 224719, 8502, 351, 162, 170, true, true
7153387, 225006, 8502, 350, 161, 171, true, true
7155628, 225075, 8503, 351, 162, 169, true, true
7162123, 225300, 8506, 354, 163, 169, true, true
7162885, 225336, 8506, 353, 162, 169, true, true
7166742, 225501, 8507, 354, 163, 168, true, true
7191326, 226415, 8507, 353, 162, 168, true, true
7195227, 226560, 8509, 354, 162, 167, true, true
7223662, 227569, 8509, 353, 161, 168, true, true
7224971, 227601, 8510, 354, 162, 164, true, true
7229477, 227774, 8510, 353, 161, 164, true, true
7251954, 228692, 8511, 354, 162, 162, true, true
7309895, 230934, 8521, 352, 161, 163, true, true
7948092, 232011, 8521, 350, 161, 165, true, true
7968742, 232877, 8522, 351, 162, 164, true, true
7969885, 232927, 8522, 350, 161, 164, true, true
7993557, 233893, 8522, 349, 160, 164, true, true
8004400, 234342, 8522, 337, 159, 166, true, true
8052376, 236271, 8523, 338, 160, 167, true, true
8099957, 238062, 8524, 339, 161, 169, true, true
8100790, 238091, 8524, 337, 161, 169, true, true
8108363, 238402, 8524, 336, 160, 169, true, true
8127871, 239126, 8528, 339, 161, 169, true, true
8144074, 239818, 8528, 338, 160, 170, true, true
8152432, 240149, 8530, 336, 160, 167, true, true
8167363, 240733, 8531, 337, 161, 165, true, true
8227577, 243076, 8532, 338, 162, 165, true, true
8231293, 243241, 8533, 339, 163, 162, true, true
8244313, 243684, 8533, 337, 162, 162, true, true
8254312, 244111, 8534, 338, 163, 159, true, true
8263306, 244455, 8535, 339, 164, 156, true, true
8284628, 245260, 8535, 338, 163, 156, true, true
8290566, 245523, 8536, 338, 163, 154, true, true
8318590, 246647, 8537, 339, 164, 152, true, true
8337396, 247296, 8538, 340, 165, 151, true, true
8352969, 247926, 8538, 339, 164, 153, true, true
8355265, 248007, 8538, 338, 163, 153, true, true
8356782, 248075, 8538, 337, 162, 153, true, true
8358089, 248104, 8538, 336, 161, 153, true, true
8365622, 248403, 8538, 334, 160, 153, true, true
8389288, 249204, 8538, 333, 160, 153, true, true
8399721, 249658, 8538, 330, 159, 154, true, true
8430499, 250750, 8538, 329, 158, 155, true, true
8456429, 251742, 8538, 328, 157, 157, true, true
8497652, 253428, 8538, 327, 156, 159, true, true
8500368, 253549, 8538, 326, 155, 159, true, true
8530711, 254665, 8538, 325, 154, 160, true, true
8558796, 255751, 8539, 326, 155, 160, true, true
8575663, 256409, 8539, 323, 155, 160, true, true
8609137, 257740, 8540, 324, 156, 159, true, true
8637445, 258831, 8541, 324, 156, 159, true, true
8735367, 262457, 8541, 323, 155, 162, true, true
8758622, 263328, 8541, 322, 154, 164, true, true
8763503, 263527, 8542, 323, 155, 163, true, true
8787568, 264457, 8542, 322, 154, 165, true, true
8799659, 264943, 8542, 321, 153, 166, true, true
8833445, 266257, 8542, 320, 152, 169, true, true
8865000, 267492, 8546, 324, 153, 167, true, true
8875566, 267930, 8546, 323, 152, 167, true, true
8878821, 268053, 8550, 327, 153, 164, true, true
8893737, 268653, 8551, 326, 153, 162, true, true
8897122, 268794, 8552, 327, 154, 158, true, true
8916032, 269570, 8553, 328, 155, 156, true, true
8921475, 269789, 8554, 329, 156, 155, true, true
8924844, 269936, 8554, 327, 156, 155, true, true
8943835, 270684, 8557, 330, 157, 153, true, true
8988345, 272395, 8558, 331, 158, 151, true, true
8990370, 272485, 8559, 332, 159, 148, true, true
9006158, 273039, 8559, 331, 158, 148, true, true
9074936, 275658, 8560, 332, 159, 148, true, true
9079397, 275838, 8561, 332, 160, 146, true, true
9086728, 276129, 8561, 331, 159, 146, true, true
9089245, 276229, 8562, 331, 159, 144, true, true
9096165, 276510, 8564, 332, 159, 143, true, true
9132973, 277928, 8564, 327, 158, 143, true, true
9333565, 280909, 8564, 321, 157, 144, true, true
9394139, 283303, 8564, 320, 156, 145, true, true
9395891, 283355, 8567, 323, 157, 143, true, true
9399849, 283492, 8568, 324, 158, 140, true, true
9479369, 286557, 8568, 323, 157, 140, true, true
9497847, 287349, 8568, 322, 156, 142, true, true
9510956, 287893, 8570, 324, 157, 141, true, true
9556509, 289746, 8570, 323, 156, 144, true, true
9563862, 290037, 8570, 322, 156, 145, true, true
9566198, 290135, 8571, 323, 157, 144, true, true
9608873, 291733, 8574, 326, 158, 143, true, true
9657587, 293614, 8575, 327, 159, 143, true, true
9673482, 294172, 8575, 325, 158, 143, true, true
9696072, 294972, 8576, 326, 159, 141, true, true
9759509, 297492, 8576, 323, 158, 149, true, true
9825400, 300000, 8576, 322, 157, 153, true, true
9877565, 302021, 8576, 321, 156, 155, true, true
9882689, 302232, 8578, 318, 157, 153, true, true
9883445, 302265, 8581, 319, 156, 152, true, true
9904860, 303065, 8581, 318, 155, 152, true, true
9910826, 303314, 8583, 316, 156, 151, true, true
9930757, 303998, 8583, 315, 155, 152, true, true
9961880, 305165, 8583, 314, 154, 152, true, true
10009380, 306999, 8583, 313, 153, 154, true, true
10011626, 307101, 8584, 314, 154, 152, true, true
10037603, 308069, 8584, 313, 153, 153, true, true
10057067, 308766, 8584, 312, 152, 155, true, true
10057866, 308798, 8584, 311, 151, 155, true, true
10131823, 311686, 8585, 312, 152, 157, true, true
10140173, 312004, 8585, 311, 151, 157, true, true
10149215, 312368, 8587, 313, 152, 156, true, true
10152425, 312512, 8588, 314, 153, 155, true, true
10167464, 313058, 8592, 318, 154, 154, true, true
10180121, 313561, 8594, 320, 155, 155, true, true
10182650, 313636, 8594, 319, 154, 155, true, true
10204914, 314524, 8596, 321, 155, 155, true, true
10221720, 315174, 8597, 322, 156, 155, true, true
10225000, 315276, 8597, 319, 156, 155, true, true
10227975, 315387, 8598, 320, 157, 153, true, true
10282121, 317394, 8599, 321, 158, 156, true, true
10401832, 321887, 8600, 321, 158, 160, true, true
10427301, 322932, 8600, 320, 157, 160, true, true
10433376, 323143, 8600, 319, 156, 160, true, true
10474028, 324536, 8602, 321, 157, 158, true, true
10508060, 325709, 8604, 323, 158, 155, true, true
10519999, 326161, 8605, 324, 159, 153, true, true
10569622, 327977, 8605, 323, 158, 154, true, true
10578132, 328286, 8605, 319, 157, 154, true, true
10584966, 328576, 8605, 318, 156, 154, true, true
10587897, 328690, 8606, 319, 157, 148, true, true
10639308, 330721, 8607, 320, 158, 147, true, true
10656842, 331420, 8608, 321, 159, 143, true, true
10753087, 335144, 8608, 320, 158, 144, true, true
10764012, 335527, 8608, 318, 158, 144, true, true
10769212, 335715, 8609, 319, 159, 143, true, true
10778101, 336095, 8610, 320, 160, 143, true, true
10785078, 336386, 8610, 319, 159, 143, true, true
10806333, 337235, 8612, 319, 160, 142, true, true
10928665, 341980, 8612, 318, 159, 149, true, true
10933392, 342175, 8613, 319, 160, 139, true, true
10949829, 342812, 8615, 321, 161, 137, true, true
10980235, 343960, 8616, 322, 162, 136, true, true
11044385, 346518, 8618, 324, 163, 135, true, true
11065576, 347302, 8618, 323, 162, 135, true, true
11113921, 349169, 8618, 322, 161, 136, true, true
11113981, 349171, 8618, 321, 160, 136, true, true
11125825, 349659, 8620, 318, 160, 133, true, true
11131441, 349909, 8620, 317, 159, 133, true, true
11151178, 350627, 8621, 318, 160, 132, true, true
11152851, 350701, 8622, 319, 161, 130, true, true
11175823, 351557, 8622, 318, 160, 131, true, true
11223408, 353383, 8623, 319, 161, 131, true, true
11237247, 353929, 8624, 320, 162, 127, true, true
11325973, 357223, 8624, 319, 161, 129, true, true
11336144, 357635, 8624, 318, 160, 131, true, true
11359543, 358490, 8624, 317, 159, 131, true, true
11386049, 359480, 8624, 316, 158, 131, true, true
11404797, 360186, 8624, 315, 157, 131, true, true
11509240, 364119, 8624, 314, 156, 133, true, true
11569484, 366345, 8624, 303, 155, 134, true, true
11571039, 366389, 8624, 302, 154, 134, true, true
11605161, 367676, 8651, 329, 155, 134, true, true
11611605, 367914, 8651, 328, 155, 134, true, true
11614177, 368016, 8651, 327, 154, 134, true, true
11624074, 368321, 8653, 324, 155, 133, true, true
11626203, 368400, 8653, 323, 155, 133, true, true
11741868, 372760, 8654, 324, 156, 132, true, true
11870630, 377590, 8654, 323, 155, 137, true, true
11956789, 380935, 8654, 322, 154, 137, true, true
11972129, 381517, 8654, 321, 153, 137, true, true
11981190, 381847, 8655, 322, 154, 135, true, true
11985685, 382033, 8655, 317, 153, 136, true, true
12038748, 383961, 8655, 316, 152, 138, true, true
12078355, 385377, 8655, 315, 151, 140, true, true
12109050, 386558, 8655, 314, 150, 140, true, true
12159032, 388395, 8655, 313, 149, 140, true, true
12168097, 388747, 8657, 315, 150, 139, true, true
12179074, 389189, 8658, 313, 150, 138, true, true
12207282, 390253, 8660, 315, 151, 137, true, true
12211478, 390425, 8660, 314, 150, 139, true, true
12226656, 391013, 8661, 297, 151, 139, true, true
12229772, 391105, 8662, 298, 152, 138, true, true
12248693, 391784, 8669, 304, 152, 137, true, true
12283170, 393128, 8672, 307, 153, 130, true, true
12297735, 393686, 8674, 309, 154, 129, true, true
12306948, 394024, 8674, 308, 153, 129, true, true
12324888, 394695, 8675, 309, 154, 128, true, true
12404858, 397783, 8676, 310, 155, 128, true, true
12458269, 399638, 8677, 310, 156, 124, true, true
12464569, 399854, 8680, 312, 157, 123, true, true
12468325, 400014, 8686, 309, 158, 118, true, true
12499331, 401208, 8686, 308, 157, 119, true, true
12542230, 402753, 8687, 309, 158, 117, true, true
12585899, 404427, 8687, 308, 158, 117, true, true
12702540, 408900, 8687, 307, 157, 120, true, true
12717979, 409513, 8691, 310, 158, 116, true, true
12728240, 409915, 8693, 312, 159, 114, true, true
12731492, 410048, 8693, 309, 158, 114, true, true
12734091, 410147, 8696, 310, 158, 111, true, true
12755764, 410921, 8698, 312, 159, 110, true, true
12757768, 410988, 8698, 311, 159, 110, true, true
12784469, 411976, 8698, 310, 159, 111, true, true
12855500, 414684, 8698, 309, 158, 112, true, true
12859595, 414842, 8698, 308, 157, 112, true, true
12875104, 415442, 8699, 309, 158, 109, true, true
12899635, 416360, 8699, 308, 157, 109, true, true
12962553, 418680, 8701, 310, 158, 109, true, true
13007242, 420288, 8701, 309, 157, 113, true, true
13144095, 422050, 8702, 310, 158, 112, true, true
13228051, 425063, 8703, 311, 159, 113, true, true
13233154, 425269, 8704, 312, 160, 112, true, true
13233647, 425289, 8704, 311, 159, 112, true, true
13291209, 427343, 8705, 311, 159, 112, true, true
13310374, 428025, 8705, 310, 158, 112, true, true
13327856, 428673, 8706, 311, 159, 111, true, true
13330827, 428775, 8707, 308, 160, 110, true, true
13341585, 429129, 8707, 307, 160, 111, true, true
13387634, 430804, 8707, 306, 160, 114, true, true
13392998, 430995, 8708, 307, 161, 113, true, true
13408765, 431541, 8708, 306, 161, 113, true, true
13547697, 436557, 8708, 304, 160, 115, true, true
13549628, 436621, 8708, 303, 159, 115, true, true
13571659, 437396, 8709, 304, 160, 113, true, true
13594667, 438191, 8709, 303, 159, 114, true, true
13605790, 438590, 8709, 302, 158, 114, true, true
13620870, 439095, 8710, 303, 159, 114, true, true
13638425, 439754, 8711, 304, 160, 112, true, true
13680825, 441318, 8711, 303, 159, 112, true, true
13691866, 441735, 8712, 303, 160, 111, true, true
13698544, 441969, 8712, 302, 159, 111, true, true
13702572, 442114, 8726, 308, 160, 108, true, true
13799741, 445784, 8726, 307, 159, 110, true, true
13810525, 446155, 8726, 305, 158, 110, true, true
13851664, 447622, 8726, 302, 157, 110, true, true
13927339, 450408, 8726, 301, 156, 111, true, true
14035065, 454379, 8726, 300, 155, 112, true, true
14060526, 455337, 8726, 299, 154, 112, true, true
14138192, 458250, 8726, 297, 153, 113, true, true
14154324, 458852, 8727, 298, 154, 109, true, true
14157194, 458962, 8727, 295, 153, 109, true, true
14185665, 460068, 8728, 296, 154, 108, true, true
14259369, 462788, 8730, 298, 155, 108, true, true
14262409, 462903, 8730, 297, 154, 108, true, true
14273236, 463276, 8730, 296, 153, 108, true, true
14390591, 467612, 8730, 295, 152, 109, true, true
14403747, 468099, 8730, 294, 151, 109, true, true
14425848, 468948, 8731, 295, 152, 107, true, true
14431295, 469125, 8731, 294, 152, 107, true, true
14497014, 471548, 8735, 276, 153, 106, true, true
14514528, 472174, 8735, 275, 152, 106, true, true
14578954, 474474, 8735, 274, 151, 109, true, true
14613007, 475742, 8735, 273, 150, 109, true, true
14614376, 475796, 8736, 274, 151, 107, true, true
14616358, 475875, 8736, 273, 150, 107, true, true
14621638, 476074, 8736, 272, 149, 107, true, true
14671483, 477888, 8736, 271, 148, 109, true, true
14700339, 478887, 8736, 270, 147, 109, true, true
14715449, 479410, 8738, 271, 148, 108, true, true
14950183, 488092, 8738, 270, 147, 116, true, true
15015533, 490532, 8738, 269, 146, 116, true, true
15137016, 495179, 8738, 268, 145, 117, true, true
15141423, 495324, 8739, 269, 146, 116, true, true
15145116, 495450, 8739, 267, 145, 116, true, true
15251124, 499531, 8740, 268, 146, 118, true, true
15263572, 500032, 8740, 267, 145, 118, true, true
15269299, 500247, 8740, 266, 144, 118, true, true
15296399, 501263, 8740, 265, 143, 119, true, true
15334407, 502599, 8741, 266, 144, 118, true, true
15354071, 503308, 8742, 267, 145, 118, true, true
15409467, 505427, 8742, 266, 144, 118, true, true
15432006, 506264, 8743, 267, 145, 116, true, true
15473183, 507756, 8744, 268, 146, 113, true, true
15564219, 511229, 8744, 267, 145, 117, true, true
15591040, 512288, 8744, 266, 144, 117, true, true
15817063, 520823, 8744, 264, 143, 122, true, true
15871887, 522817, 8744, 262, 141, 123, true, true
15933421, 525151, 8744, 261, 140, 123, true, true
15941422, 525460, 8745, 262, 141, 122, true, true
15944790, 525602, 8745, 260, 141, 122, true, true
16024248, 528605, 8745, 258, 140, 125, true, true
16025065, 528636, 8746, 259, 141, 124, true, true
16041719, 529277, 8764, 275, 142, 120, true, true
16085130, 530939, 8778, 288, 143, 119, true, true
16102240, 531573, 8778, 287, 142, 120, true, true
16107857, 531794, 8782, 291, 143, 119, true, true
16305849, 539251, 8782, 286, 142, 122, true, true
16310500, 539439, 8782, 284, 141, 122, true, true
16334421, 540299, 8782, 282, 140, 122, true, true
16424682, 543767, 8783, 283, 141, 120, true, true
16471384, 545671, 8783, 282, 140, 120, true, true
16550385, 548718, 8783, 281, 139, 121, true, true
16590466, 550251, 8783, 280, 138, 122, true, true
16825464, 559319, 8783, 279, 137, 128, true, true
16827986, 559418, 8783, 278, 136, 128, true, true
16904598, 562348, 8787, 282, 137, 127, true, true
17188394, 573639, 8787, 281, 136, 132, true, true
17196418, 573966, 8787, 280, 135, 132, true, true
17245100, 575876, 8790, 279, 135, 132, true, true
17276679, 577143, 8792, 281, 136, 131, true, true
17339670, 579662, 8792, 280, 135, 135, true, true
17348581, 579998, 8792, 247, 133, 135, true, true
17578847, 589218, 8792, 246, 132, 141, true, true
17624937, 590965, 8794, 248, 133, 135, true, true
17628599, 591115, 8795, 249, 134, 134, true, true
17631852, 591246, 8796, 249, 134, 130, true, true
17670046, 592659, 8796, 247, 133, 131, true, true
17688866, 593351, 8796, 245, 132, 131, true, true
17699535, 593774, 8797, 246, 133, 130, true, true
17711961, 594242, 8797, 245, 132, 130, true, true
17716036, 594402, 8798, 243, 133, 129, true, true
17766001, 596331, 8798, 240, 132, 130, true, true
17767145, 596367, 8799, 239, 132, 130, true, true
17774105, 596620, 8799, 238, 131, 130, true, true
17831239, 598862, 8799, 237, 130, 132, true, true
17855964, 599786, 8800, 238, 131, 131, true, true
17912342, 601838, 8800, 237, 130, 131, true, true
17929305, 602508, 8801, 238, 131, 129, true, true
18154101, 611168, 8801, 237, 130, 134, true, true
18177245, 612089, 8801, 236, 129, 134, true, true
18182070, 612313, 8805, 240, 130, 129, true, true
18275976, 615881, 8807, 242, 131, 130, true, true
18287882, 616375, 8808, 243, 132, 129, true, true
18296783, 616711, 8810, 241, 132, 128, true, true
18368599, 619538, 8810, 240, 131, 130, true, true
18392899, 620443, 8810, 239, 130, 130, true, true
18442024, 622291, 8814, 242, 130, 127, true, true
18454444, 622759, 8815, 243, 131, 126, true, true
18557874, 626777, 8816, 244, 132, 126, true, true
18560894, 626897, 8817, 244, 132, 125, true, true
18601202, 628545, 8817, 243, 131, 126, true, true
18603513, 628637, 8817, 242, 130, 126, true, true
18638724, 630000, 8818, 243, 131, 124, true, true
18679646, 631598, 8824, 245, 131, 122, true, true
18686630, 631854, 8824, 243, 130, 122, true, true
18714766, 632952, 8825, 244, 131, 121, true, true
18901821, 640179, 8825, 243, 130, 123, true, true
18952566, 642111, 8827, 245, 131, 121, true, true
18960290, 642404, 8828, 246, 132, 118, true, true
19095854, 647780, 8828, 245, 131, 120, true, true
19265964, 654505, 8828, 243, 130, 120, true, true
19296484, 655699, 8829, 244, 131, 119, true, true
19365883, 658392, 8830, 245, 132, 117, true, true
19425389, 660687, 8830, 244, 132, 119, true, true
19428183, 660802, 8830, 242, 131, 119, true, true
19459134, 661990, 8831, 241, 131, 117, true, true
19555278, 665671, 8831, 239, 130, 120, true, true
19570423, 666248, 8831, 238, 129, 120, true, true
19599983, 667319, 8831, 236, 128, 121, true, true
19609669, 667680, 8831, 235, 127, 121, true, true
19624785, 668213, 8831, 234, 126, 121, true, true
19685863, 670531, 8831, 232, 124, 121, true, true
19722733, 671962, 8831, 230, 123, 121, true, true
19804586, 675218, 8832, 231, 124, 119, true, true
19853005, 677120, 8835, 233, 125, 118, true, true
19876267, 678060, 8835, 232, 124, 119, true, true
19937799, 680435, 8836, 229, 125, 117, true, true
19955678, 681168, 8838, 231, 126, 116, true, true
20033816, 684175, 8838, 230, 125, 117, true, true
20104158, 686799, 8842, 234, 126, 115, true, true
20160938, 689007, 8842, 232, 125, 117, true, true
20183982, 689864, 8842, 230, 124, 117, true, true
20369625, 696797, 8842, 229, 123, 118, true, true
20451995, 699804, 8842, 228, 122, 118, true, true
20465140, 700294, 8842, 227, 122, 118, true, true
20542367, 703345, 8843, 228, 123, 115, true, true
20624221, 706581, 8844, 229, 124, 114, true, true
20665081, 708105, 8844, 228, 123, 114, true, true
20739120, 711116, 8844, 227, 122, 116, true, true
20825141, 714500, 8845, 228, 123, 117, true, true
20838588, 714997, 8847, 229, 123, 114, true, true
20934350, 718618, 8847, 228, 122, 114, true, true
20966042, 719922, 8847, 227, 121, 115, true, true
21026123, 722192, 8848, 228, 122, 113, true, true
21132557, 726346, 8849, 229, 123, 113, true, true
21196276, 728696, 8852, 228, 124, 110, true, true
21356119, 734952, 8852, 227, 123, 114, true, true
21388074, 736193, 8852, 226, 122, 115, true, true
21489215, 740301, 8852, 225, 121, 116, true, true
21526282, 741727, 8853, 226, 122, 114, true, true
21569584, 743317, 8853, 225, 121, 115, true, true
21641394, 745864, 8853, 221, 120, 116, true, true
21644267, 745976, 8853, 220, 119, 116, true, true
21755733, 750146, 8853, 217, 118, 116, true, true
21767680, 750614, 8853, 208, 116, 116, true, true
22076876, 762785, 8853, 207, 115, 118, true, true
22174046, 766698, 8854, 208, 116, 117, true, true
22199761, 767743, 8854, 207, 115, 117, true, true
22278246, 770779, 8854, 206, 114, 117, true, true
22445413, 777290, 8854, 204, 113, 118, true, true
22533394, 780593, 8855, 205, 114, 114, true, true
22534917, 780649, 8856, 206, 115, 112, true, true
22545544, 781108, 8864, 214, 116, 110, true, true
22804832, 791493, 8865, 215, 117, 113, true, true
22881069, 794552, 8865, 214, 116, 114, true, true
23047763, 801195, 8867, 214, 116, 113, true, true
23239225, 809045, 8870, 217, 117, 115, true, true
23353193, 813602, 8870, 216, 116, 116, true, true
23576378, 823045, 8877, 223, 117, 116, true, true
23623637, 824959, 8877, 221, 116, 116, true, true
23715663, 828818, 8878, 222, 117, 114, true, true
23864854, 835044, 8879, 223, 118, 113, true, true
23953671, 838644, 8879, 222, 117, 116, true, true
23961268, 838973, 8880, 223, 118, 115, true, true
23961384, 838976, 8884, 226, 119, 112, true, true
24035277, 842069, 8885, 227, 120, 112, true, true
24122440, 845516, 8885, 226, 119, 114, true, true
24154789, 846891, 8885, 225, 118, 114, true, true
24238608, 850364, 8885, 220, 117, 116, true, true
24293634, 852676, 8885, 219, 116, 116, true, true
24426209, 858167, 8885, 218, 115, 117, true, true
24427868, 858233, 8886, 219, 116, 116, true, true
24431809, 858388, 8887, 220, 117, 115, true, true
24438943, 858648, 8888, 221, 118, 108, true, true
24479679, 860361, 8889, 222, 119, 104, true, true
24592655, 864938, 8890, 223, 120, 107, true, true
24780005, 872838, 8891, 224, 121, 108, true, true
24803366, 873798, 8891, 223, 120, 108, true, true
24898314, 877714, 8893, 225, 121, 108, true, true
25102841, 886391, 8895, 225, 122, 110, true, true
25150801, 888481, 8895, 224, 121, 110, true, true
25195580, 890430, 8899, 228, 122, 110, true, true
25325609, 896120, 8900, 229, 123, 109, true, true
25359358, 897670, 8900, 227, 122, 111, true, true
25612767, 908360, 8902, 228, 122, 117, true, true
25766122, 915375, 8902, 220, 121, 120, true, true
25831338, 918155, 8902, 219, 120, 120, true, true
25967010, 923943, 8909, 226, 121, 121, true, true
26279332, 937710, 8910, 227, 122, 123, true, true
26457777, 945591, 8912, 225, 123, 121, true, true
26461929, 945784, 8912, 222, 122, 121, true, true
26607591, 952242, 8912, 220, 120, 124, true, true
26616999, 952662, 8913, 221, 121, 120, true, true
26830748, 962299, 8913, 219, 120, 123, true, true
26874309, 964317, 8914, 220, 121, 119, true, true
26931960, 966963, 8914, 219, 120, 120, true, true
27035028, 971659, 8917, 217, 120, 120, true, true
27044625, 972115, 8917, 216, 119, 120, true, true
27045424, 972154, 8919, 218, 120, 118, true, true
27111625, 974953, 8919, 217, 119, 118, true, true
27125574, 975532, 8920, 218, 120, 116, true, true
27270094, 981713, 8920, 217, 119, 118, true, true
27315593, 983740, 8920, 216, 118, 118, true, true
27346383, 985145, 8920, 215, 117, 119, true, true
27430605, 988914, 8921, 216, 118, 119, true, true
27506117, 992198, 8921, 215, 117, 119, true, true
27568127, 994946, 8921, 205, 116, 119, true, true
27649239, 998518, 8922, 206, 117, 120, true, true
27732711, 1002070, 8923, 207, 118, 122, true, true
27810967, 1005529, 8923, 204, 117, 123, true, true
27811821, 1005567, 8923, 201, 115, 123, true, true
27997212, 1013954, 8923, 200, 114, 125, true, true
28096849, 1018395, 8924, 201, 115, 121, true, true
28122135, 1019539, 8925, 202, 116, 120, true, true
28129294, 1019869, 8925, 201, 116, 120, true, true
28157545, 1021180, 8925, 200, 115, 120, true, true
28346179, 1029381, 8926, 201, 116, 116, true, true
28371484, 1030511, 8927, 202, 117, 115, true, true
28563870, 1038960, 8927, 200, 116, 115, true, true
28595335, 1040251, 8928, 201, 117, 114, true, true
28657185, 1042872, 8928, 200, 116, 115, true, true
28706607, 1045024, 8929, 201, 117, 114, true, true
28935327, 1054826, 8929, 200, 116, 115, true, true
28962438, 1056098, 8933, 204, 117, 111, true, true
28976322, 1056737, 8935, 206, 118, 110, true, true
29076243, 1061056, 8935, 205, 117, 110, true, true
29079781, 1061222, 8936, 206, 118, 106, true, true
29113122, 1062745, 8938, 208, 119, 105, true, true
29163499, 1064835, 8939, 209, 120, 104, true, true
29231437, 1067518, 8940, 210, 121, 103, true, true
29308045, 1070848, 8940, 203, 120, 103, true, true
29386910, 1074226, 8940, 201, 119, 103, true, true
29614873, 1083751, 8940, 199, 118, 104, true, true
29891208, 1094212, 8941, 200, 119, 103, true, true
30049812, 1101144, 8941, 192, 117, 103, true, true
30081020, 1102527, 8942, 193, 118, 102, true, true
30110563, 1103835, 8942, 190, 117, 102, true, true
30370184, 1115114, 8942, 189, 116, 103, true, true
30372158, 1115179, 8942, 187, 115, 103, true, true
30386348, 1115771, 8942, 186, 114, 103, true, true
30413971, 1116930, 8942, 185, 114, 103, true, true
30706404, 1129360, 8942, 184, 113, 103, true, true
30736001, 1130563, 8942, 183, 112, 104, true, true
30761026, 1131655, 8942, 182, 111, 104, true, true
31001803, 1141848, 8942, 181, 110, 106, true, true
31232509, 1151076, 8942, 180, 109, 108, true, true
31234932, 1151195, 8942, 179, 108, 108, true, true
31237777, 1151296, 8942, 177, 107, 108, true, true
31303134, 1154188, 8943, 178, 108, 109, true, true
31308480, 1154401, 8943, 177, 107, 109, true, true
31394437, 1157935, 8944, 177, 108, 108, true, true
31410984, 1158608, 8945, 178, 109, 105, true, true
31483617, 1161686, 8945, 177, 108, 105, true, true
31562534, 1165043, 8945, 176, 107, 105, true, true
31568155, 1165297, 8945, 175, 107, 105, true, true
31627877, 1167830, 8945, 174, 106, 105, true, true
31827326, 1176203, 8945, 173, 105, 107, true, true
31905407, 1179381, 8945, 172, 104, 107, true, true
32149956, 1189594, 8945, 171, 103, 110, true, true
32192624, 1191425, 8945, 167, 102, 111, true, true
32222314, 1192731, 8946, 168, 103, 108, true, true
32285140, 1195515, 8947, 169, 104, 106, true, true
32329094, 1197338, 8948, 170, 105, 105, true, true
32347402, 1198149, 8948, 169, 104, 105, true, true
32469463, 1203457, 8948, 165, 103, 107, true, true
32691703, 1212955, 8948, 163, 101, 108, true, true
32702131, 1213426, 8948, 162, 100, 109, true, true
32748426, 1215452, 8948, 161, 99, 109, true, true
32840860, 1219377, 8959, 172, 100, 107, true, true
33000069, 1226240, 8959, 170, 98, 107, true, true
33042624, 1228070, 8960, 171, 99, 105, true, true
33475046, 1246612, 8961, 172, 100, 107, true, true
33527480, 1248965, 8961, 171, 99, 109, true, true
33558869, 1250282, 8962, 172, 100, 108, true, true
33623380, 1253105, 8962, 171, 99, 108, true, true
33716118, 1257081, 8967, 176, 100, 107, true, true
33802814, 1260877, 8967, 175, 99, 107, true, true
34196828, 1278469, 8969, 177, 100, 109, true, true
34327478, 1284233, 8969, 176, 99, 109, true, true
34517803, 1292580, 8970, 177, 100, 106, true, true
34919404, 1310389, 8970, 175, 99, 109, true, true
35082853, 1317743, 8970, 174, 99, 109, true, true
35256391, 1325350, 8972, 176, 100, 108, true, true
35355409, 1329843, 8972, 175, 99, 109, true, true
35742441, 1347336, 8972, 174, 98, 112, true, true
35897958, 1354444, 8973, 175, 99, 111, true, true
36160947, 1366606, 8974, 176, 100, 110, true, true
36348679, 1375397, 8974, 173, 99, 112, true, true
36394742, 1377535, 8975, 174, 100, 107, true, true
36611528, 1387966, 8975, 173, 99, 109, true, true
37021660, 1407714, 8975, 172, 98, 113, true, true
37301296, 1421228, 8976, 172, 98, 113, true, true
37389120, 1425367, 8976, 171, 97, 113, true, true
37428277, 1427136, 8976, 170, 96, 114, true, true
37449090, 1428117, 8977, 171, 97, 111, true, true
37458195, 1428601, 8977, 169, 96, 111, true, true
37871281, 1448673, 8977, 168, 96, 114, true, true
37958647, 1452669, 8977, 167, 95, 114, true, true
38060946, 1457504, 8977, 166, 94, 115, true, true
38160647, 1462153, 8978, 167, 95, 115, true, true
38186666, 1463365, 8978, 166, 94, 115, true, true
38287421, 1468128, 8980, 168, 95, 113, true, true
38354688, 1471406, 8981, 169, 96, 114, true, true
38400287, 1473598, 8983, 170, 97, 113, true, true
38570075, 1481790, 8984, 171, 98, 112, true, true
38622090, 1484201, 8984, 170, 97, 112, true, true
38727964, 1489333, 8984, 169, 96, 112, true, true
38748114, 1490349, 8985, 170, 97, 111, true, true
39257324, 1514706, 8985, 169, 96, 118, true, true
40012559, 1551342, 8986, 170, 97, 125, true, true
40242079, 1562382, 8986, 168, 96, 125, true, true
40306414, 1565604, 8987, 167, 96, 123, true, true
40397486, 1570052, 8988, 168, 97, 120, true, true
40415642, 1570903, 8988, 167, 96, 120, true, true
40456486, 1572832, 8989, 168, 97, 118, true, true
40525835, 1576275, 8989, 167, 96, 118, true, true
40602568, 1580052, 8989, 166, 95, 118, true, true
40603968, 1580137, 8989, 164, 94, 118, true, true
40899685, 1594088, 8990, 165, 95, 123, true, true
40975919, 1597813, 8992, 167, 96, 122, true, true
41115943, 1604265, 8992, 160, 96, 123, true, true
41330398, 1614421, 8992, 159, 95, 128, true, true
41338074, 1614780, 8992, 158, 94, 128, true, true
41733880, 1633525, 8992, 157, 93, 133, true, true
41854306, 1639340, 8992, 156, 93, 134, true, true
42171173, 1654504, 8993, 157, 94, 135, true, true
42176309, 1654725, 8994, 158, 95, 131, true, true
42416141, 1665957, 8997, 161, 96, 129, true, true
42551902, 1672369, 8999, 163, 97, 131, true, true
42788756, 1683508, 8999, 162, 96, 133, true, true
42911028, 1689408, 9000, 163, 97, 130, true, true
43048101, 1696174, 9000, 162, 96, 131, true, true
43089337, 1698080, 9000, 161, 95, 131, true, true
43109064, 1698940, 9002, 163, 96, 129, true, true
43334220, 1709674, 9002, 156, 95, 129, true, true
43588946, 1721947, 9003, 157, 96, 129, true, true
43618245, 1723323, 9004, 158, 97, 128, true, true
43687383, 1726620, 9004, 157, 96, 129, true, true
43748805, 1729647, 9005, 155, 97, 123, true, true
43867591, 1735296, 9005, 150, 96, 123, true, true
43990532, 1741045, 9005, 149, 95, 125, true, true
44271703, 1754619, 9006, 150, 96, 125, true, true
44377957, 1759739, 9007, 151, 97, 124, true, true
44474670, 1764298, 9007, 150, 96, 125, true, true
44630802, 1771728, 9007, 149, 95, 125, true, true
44783942, 1779018, 9008, 150, 96, 123, true, true
44892796, 1784351, 9008, 149, 95, 124, true, true
45057218, 1792307, 9008, 148, 94, 125, true, true
45122823, 1795659, 9008, 147, 93, 126, true, true
45190880, 1798855, 9010, 148, 93, 126, true, true
45322749, 1804910, 9011, 142, 94, 125, true, true
45394868, 1808422, 9011, 140, 93, 125, true, true
45515668, 1814211, 9012, 141, 94, 125, true, true
45589513, 1817636, 9013, 142, 95, 119, true, true
45867220, 1830289, 9014, 143, 96, 121, true, true
46025381, 1837831, 9014, 140, 95, 121, true, true
46231663, 1847393, 9015, 141, 96, 119, true, true
46317120, 1851457, 9015, 140, 95, 119, true, true
46422294, 1856162, 9015, 137, 94, 120, true, true
46662926, 1867439, 9015, 136, 93, 122, true, true
46678957, 1868146, 9015, 135, 92, 122, true, true
46905661, 1878610, 9016, 136, 93, 118, true, true
46930521, 1879685, 9017, 137, 94, 117, true, true
47246079, 1894184, 9017, 136, 93, 120, true, true
47369407, 1899779, 9017, 135, 92, 122, true, true
47433513, 1902777, 9018, 136, 93, 120, true, true
47782607, 1918762, 9018, 135, 92, 120, true, true
47821096, 1920445, 9019, 136, 93, 119, true, true
48119235, 1933920, 9020, 137, 94, 121, true, true
48124364, 1934128, 9020, 136, 93, 121, true, true
48304984, 1942339, 9020, 135, 93, 122, true, true
48400838, 1946631, 9020, 134, 92, 124, true, true
48493468, 1950960, 9021, 135, 93, 121, true, true
48621354, 1956827, 9022, 136, 94, 122, true, true
48900102, 1969712, 9022, 134, 93, 124, true, true
49043296, 1976313, 9022, 133, 92, 124, true, true
49372160, 1991309, 9023, 133, 92, 123, true, true
49433528, 1994057, 9023, 132, 91, 123, true, true
49484053, 1996382, 9023, 131, 90, 123, true, true
49517678, 1997902, 9024, 132, 91, 122, true, true
49520248, 1998017, 9024, 131, 91, 122, true, true
49559130, 1999826, 9025, 132, 92, 121, true, true
49729562, 2007705, 9025, 131, 91, 121, true, true
49888106, 2015068, 9026, 132, 92, 121, true, true
50315149, 2034103, 9026, 131, 91, 123, true, true
50597448, 2047431, 9028, 133, 92, 124, true, true
50683624, 2051437, 9029, 134, 93, 120, true, true
50827389, 2058105, 9029, 133, 92, 120, true, true
51366404, 2083183, 9030, 134, 93, 128, true, true
52184801, 2121427, 9030, 133, 92, 132, true, true
52200917, 2122208, 9031, 134, 93, 129, true, true
52266512, 2125341, 9033, 136, 94, 127, true, true
52431184, 2133026, 9034, 137, 95, 125, true, true
53133115, 2166561, 9036, 139, 96, 128, true, true
53408430, 2179636, 9036, 138, 95, 130, true, true
53469677, 2182464, 9038, 140, 96, 127, true, true
53612719, 2189171, 9038, 136, 95, 127, true, true
54066029, 2210979, 9038, 135, 94, 130, true, true
54144761, 2214910, 9039, 136, 95, 128, true, true
55064768, 2259496, 9039, 135, 95, 132, true, true
55542204, 2282525, 9040, 136, 96, 133, true, true
55710931, 2291206, 9041, 137, 97, 129, true, true
55731897, 2292176, 9042, 138, 98, 128, true, true
55956353, 2303436, 9042, 134, 97, 128, true, true
55971390, 2304269, 9043, 135, 98, 127, true, true
56575711, 2334064, 9043, 134, 97, 131, true, true
56586227, 2334554, 9043, 133, 96, 131, true, true
56756354, 2343354, 9044, 133, 96, 126, true, true
56811226, 2345960, 9044, 132, 95, 126, true, true
56815246, 2346140, 9044, 131, 94, 126, true, true
57261800, 2368318, 9044, 130, 93, 127, true, true
57445920, 2377639, 9044, 129, 92, 127, true, true
57466683, 2378672, 9045, 130, 93, 125, true, true
57710399, 2391024, 9046, 131, 94, 124, true, true
57913057, 2401579, 9048, 130, 94, 121, true, true
57986747, 2405330, 9048, 128, 93, 122, true, true
58076237, 2409937, 9049, 129, 94, 119, true, true
58406505, 2426355, 9050, 130, 95, 117, true, true
59107324, 2461483, 9051, 131, 96, 117, true, true
59335807, 2473150, 9051, 130, 95, 119, true, true
59471917, 2479840, 9051, 128, 94, 120, true, true
59477901, 2480178, 9053, 130, 95, 119, true, true
59493593, 2480946, 9053, 129, 94, 119, true, true
59549196, 2483682, 9055, 131, 95, 119, true, true
59748209, 2493407, 9056, 132, 96, 118, true, true
59769476, 2494541, 9057, 133, 97, 117, true, true
59852857, 2498348, 9057, 132, 96, 117, true, true
60636412, 2537469, 9058, 133, 97, 118, true, true
60643207, 2537824, 9059, 134, 98, 116, true, true
60910983, 2550882, 9062, 137, 99, 111, true, true
61293951, 2569047, 9062, 136, 98, 111, true, true
61552251, 2581715, 9063, 137, 99, 109, true, true
61603218, 2584213, 9063, 136, 98, 109, true, true
61821606, 2594829, 9063, 135, 97, 111, true, true
62200540, 2613168, 9065, 137, 98, 111, true, true
62270249, 2616565, 9066, 138, 99, 110, true, true
62928698, 2648308, 9066, 136, 98, 114, true, true
63260414, 2664791, 9066, 135, 97, 115, true, true
63286480, 2665950, 9066, 134, 96, 115, true, true
63430313, 2672839, 9066, 133, 95, 115, true, true
63485499, 2675391, 9068, 135, 96, 114, true, true
64152900, 2707243, 9068, 133, 95, 116, true, true
64396125, 2718849, 9068, 131, 94, 116, true, true
64704734, 2733850, 9069, 132, 95, 117, true, true
65333997, 2764073, 9071, 134, 96, 116, true, true
65770668, 2784881, 9071, 133, 95, 118, true, true
66066064, 2798859, 9073, 135, 96, 118, true, true
66094851, 2800304, 9075, 137, 97, 117, true, true
66392540, 2814450, 9076, 138, 98, 116, true, true
66712443, 2829416, 9076, 137, 97, 117, true, true
66895415, 2838288, 9076, 135, 97, 117, true, true
66904012, 2838708, 9077, 136, 98, 116, true, true
67170774, 2851242, 9077, 135, 97, 116, true, true
67272081, 2856058, 9078, 136, 98, 109, true, true
67582586, 2870464, 9078, 135, 98, 110, true, true
67725220, 2877051, 9078, 134, 97, 110, true, true
68317571, 2905379, 9079, 135, 98, 105, true, true
68758026, 2926293, 9079, 133, 97, 105, true, true
69906286, 2982343, 9080, 134, 98, 106, true, true
70045733, 2989317, 9080, 133, 97, 107, true, true
70100449, 2991851, 9082, 135, 98, 106, true, true
70201228, 2996853, 9083, 136, 99, 105, true, true
70438696, 3008390, 9083, 134, 98, 105, true, true
70623503, 3017568, 9083, 133, 97, 106, true, true
70719272, 3021976, 9084, 134, 98, 104, true, true
70828812, 3027219, 9085, 134, 99, 102, true, true
70973673, 3034496, 9085, 133, 98, 102, true, true
71121432, 3041620, 9087, 134, 98, 101, true, true
71531548, 3061215, 9087, 133, 97, 103, true, true
71830365, 3075388, 9088, 134, 98, 102, true, true
71923312, 3079748, 9088, 133, 97, 102, true, true
72116586, 3088875, 9089, 134, 98, 100, true, true
72255964, 3095375, 9089, 133, 97, 100, true, true
72612178, 3111903, 9089, 128, 97, 101, true, true
73443215, 3150568, 9089, 127, 96, 104, true, true
73545557, 3155671, 9089, 126, 95, 104, true, true
73852620, 3170158, 9090, 127, 96, 103, true, true
73886208, 3171693, 9095, 130, 95, 102, true, true
73899601, 3172232, 9095, 129, 94, 102, true, true
73952971, 3174826, 9096, 130, 95, 100, true, true
74015785, 3177603, 9098, 131, 95, 98, true, true
74113911, 3182412, 9100, 132, 95, 97, true, true
74140075, 3183630, 9100, 130, 94, 97, true, true
74146734, 3183882, 9101, 131, 95, 96, true, true
74534607, 3201844, 9102, 132, 96, 95, true, true
74583598, 3204104, 9102, 131, 96, 96, true, true
74700205, 3209441, 9105, 133, 97, 94, true, true
74914147, 3219263, 9106, 134, 98, 91, true, true
74929218, 3219903, 9106, 133, 97, 91, true, true
74962442, 3221456, 9107, 133, 97, 89, true, true
75285185, 3236188, 9109, 135, 98, 89, true, true
75390505, 3240966, 9111, 137, 99, 88, true, true
75442750, 3243352, 9111, 136, 98, 88, true, true
75707314, 3255160, 9111, 135, 97, 90, true, true
75822335, 3260474, 9111, 134, 96, 90, true, true
76101827, 3273216, 9116, 139, 97, 92, true, true
76393371, 3286437, 9116, 137, 96, 92, true, true
76447115, 3288900, 9116, 135, 95, 92, true, true
76454207, 3289230, 9117, 136, 96, 91, true, true
76465422, 3289736, 9118, 137, 97, 90, true, true
76959055, 3311389, 9120, 139, 98, 88, true, true
77261780, 3324905, 9121, 140, 99, 88, true, true
77470441, 3334037, 9121, 138, 98, 90, true, true
77971122, 3356366, 9122, 138, 98, 91, true, true
78683659, 3388489, 9122, 137, 97, 94, true, true
80600057, 3475403, 9122, 136, 96, 103, true, true
80714681, 3480729, 9127, 141, 97, 101, true, true
80915295, 3490032, 9127, 140, 96, 101, true, true
81023793, 3494989, 9128, 141, 97, 100, true, true
81174795, 3501707, 9129, 142, 98, 96, true, true
81379927, 3510969, 9132, 145, 99, 95, true, true
81729566, 3526628, 9132, 144, 98, 95, true, true
82603263, 3566962, 9133, 145, 99, 98, true, true
82791696, 3575521, 9133, 144, 98, 98, true, true
83097739, 3589581, 9134, 145, 99, 97, true, true
83112567, 3590246, 9134, 144, 98, 97, true, true
83266074, 3597405, 9135, 145, 99, 95, true, true
83417932, 3604507, 9135, 144, 98, 95, true, true
83595703, 3612495, 9135, 143, 97, 96, true, true
84065855, 3634387, 9136, 144, 98, 96, true, true
84350011, 3647622, 9136, 143, 97, 96, true, true
84370721, 3648536, 9137, 144, 98, 93, true, true
84554512, 3657010, 9139, 146, 99, 94, true, true
85757503, 3711831, 9140, 147, 100, 93, true, true
85900465, 3718517, 9144, 151, 101, 91, true, true
86033255, 3724572, 9145, 150, 101, 90, true, true
86950971, 3766305, 9145, 149, 100, 94, true, true
87530438, 3793239, 9145, 148, 99, 94, true, true
87756887, 3803590, 9146, 149, 100, 93, true, true
88259549, 3827261, 9146, 148, 99, 93, true, true
88401917, 3833615, 9146, 147, 98, 94, true, true
88618430, 3843657, 9147, 147, 98, 93, true, true
88761141, 3850219, 9147, 146, 97, 95, true, true
88992344, 3861006, 9148, 147, 98, 87, true, true
89181062, 3869783, 9148, 146, 97, 87, true, true
89649159, 3891018, 9149, 147, 98, 85, true, true
89981188, 3906343, 9150, 144, 98, 82, true, true
90056445, 3909641, 9151, 145, 99, 79, true, true
90421370, 3926703, 9153, 144, 99, 79, true, true
92387444, 4018772, 9154, 145, 100, 83, true, true
92769828, 4036929, 9156, 147, 101, 81, true, true
93545446, 4073853, 9156, 145, 100, 82, true, true
93702690, 4081630, 9156, 144, 99, 83, true, true
93966304, 4094019, 9156, 143, 99, 85, false, true
94037486, 4097454, 9156, 142, 98, 85, false, true
94741086, 4130307, 9160, 146, 99, 83, false, true
94955135, 4140481, 9162, 147, 100, 82, false, true
95011657, 4143164, 9162, 146, 99, 82, false, true
95261290, 4154729, 9164, 148, 100, 81, false, true
95416968, 4162121, 9166, 150, 101, 80, false, true
95500811, 4166024, 9166, 149, 100, 80, false, true
95855941, 4182462, 9168, 150, 100, 79, false, true
95858218, 4182578, 9168, 148, 99, 79, false, true
96514538, 4213027, 9169, 149, 100, 75, false, true
97008835, 4235665, 9170, 150, 101, 72, false, true
97369809, 4252094, 9171, 149, 101, 67, false, true
97717406, 4267935, 9171, 148, 100, 67, false, true
97944286, 4278322, 9172, 148, 100, 65, false, true
98255647, 4292687, 9172, 147, 99, 65, false, true
98285492, 4293950, 9172, 146, 98, 65, false, true
98414861, 4300079, 9173, 147, 99, 64, false, true
98538093, 4305604, 9173, 144, 98, 64, false, true
99674161, 4356849, 9173, 143, 97, 64, false, true
100310354, 4385615, 9178, 148, 98, 63, false, true
100605957, 4398772, 9179, 149, 99, 62, false, true
100866270, 4410220, 9180, 150, 100, 61, false, true
101552617, 4441465, 9180, 149, 99, 61, false, true
102023815, 4462717, 9181, 150, 100, 59, false, true
102343361, 4477198, 9181, 149, 99, 59, false, true
103307331, 4520651, 9181, 148, 98, 59, false, true
103698451, 4537803, 9181, 143, 97, 59, false, true
104947919, 4594457, 9181, 142, 96, 59, false, true
105280276, 4609587, 9182, 143, 97, 57, false, true
106778990, 4678110, 9182, 142, 96, 57, false, true
107691987, 4719869, 9183, 143, 97, 55, false, true
109219689, 4790913, 9183, 139, 96, 55, false, true
109227144, 4791281, 9183, 138, 95, 55, false, true
109472160, 4802893, 9183, 137, 94, 55, false, true
109507459, 4804482, 9183, 136, 93, 55, false, true
110818143, 4866580, 9183, 135, 92, 55, false, true
111930194, 4919306, 9184, 136, 93, 53, false, true
112130295, 4928841, 9185, 137, 94, 52, false, true
112235537, 4934060, 9185, 136, 93, 52, false, true
112508012, 4947088, 9185, 135, 92, 52, false, true
112816804, 4962176, 9185, 134, 91, 52, false, true
114333024, 5036052, 9186, 135, 92, 49, false, true
114532271, 5045862, 9187, 136, 93, 48, false, true
114684622, 5052969, 9187, 135, 92, 48, false, true
115374390, 5086025, 9187, 134, 91, 48, false, true
115419127, 5088125, 9187, 133, 90, 48, false, true
117196102, 5174274, 9188, 134, 91, 47, false, true
117667161, 5197648, 9188, 133, 90, 47, false, true
118373423, 5231932, 9204, 149, 91, 45, false, true
118386534, 5232598, 9204, 147, 90, 45, false, true
118760240, 5250597, 9205, 148, 91, 44, false, true
118862584, 5255410, 9205, 147, 90, 44, false, true
119217174, 5272035, 9206, 148, 91, 43, false, true
119220515, 5272151, 9206, 146, 90, 43, false, true
119858762, 5302138, 9206, 145, 89, 43, false, true
121027000, 5357957, 9206, 144, 88, 43, false, true
122096024, 5409586, 9206, 143, 87, 43, false, true
122284159, 5418321, 9206, 142, 86, 43, false, true
123201443, 5462896, 9207, 143, 87, 41, false, true
123236433, 5464576, 9207, 142, 86, 41, false, true
124582481, 5529576, 9209, 144, 87, 40, false, true
125052101, 5551822, 9211, 145, 88, 39, false, true
125966274, 5595669, 9212, 146, 89, 38, false, true
126524537, 5622378, 9212, 145, 88, 38, false, true
126542755, 5623267, 9213, 146, 89, 37, false, true
128677277, 5728083, 9214, 147, 90, 36, false, true
129316966, 5759465, 9217, 150, 91, 35, false, true
131233381, 5852875, 9217, 149, 90, 35, false, true
131705550, 5876683, 9217, 148, 89, 35, false, true
132176487, 5899726, 9217, 146, 88, 35, false, true
132746933, 5927731, 9217, 145, 87, 35, false, true
133557656, 5967991, 9218, 146, 88, 34, false, true
134764875, 6028484, 9220, 148, 89, 33, false, true
135577495, 6069396, 9220, 145, 87, 33, false, true
136377981, 6110073, 9220, 140, 87, 33, false, true
136383920, 6110406, 9223, 143, 88, 32, false, true
138963680, 6241970, 9225, 145, 89, 30, false, true
139104572, 6249147, 9225, 144, 88, 30, false, true
139242559, 6256313, 9226, 145, 89, 29, false, true
139629274, 6275952, 9226, 144, 88, 29, false, true
140023192, 6295749, 9226, 143, 87, 29, false, true
143413553, 6472227, 9230, 147, 88, 27, false, true
143794342, 6493285, 9231, 145, 87, 25, false, true
144025699, 6505864, 9231, 144, 86, 25, false, true
144649815, 6540658, 9232, 145, 87, 24, false, true
144724099, 6544737, 9234, 147, 88, 22, false, true
146330215, 6634329, 9234, 145, 87, 22, false, true
146694864, 6655196, 9234, 144, 86, 22, false, true
146721004, 6656539, 9235, 145, 87, 21, false, true
147579251, 6705281, 9236, 146, 88, 20, false, true
147627113, 6708075, 9237, 147, 89, 19, false, true
148491419, 6756960, 9237, 145, 88, 19, false, true
148614719, 6764029, 9245, 153, 89, 18, false, true
148751012, 6772000, 9247, 155, 90, 17, false, true
148846169, 6777179, 9248, 156, 91, 16, false, true
149617937, 6818886, 9248, 155, 90, 16, false, true
149812391, 6829181, 9248, 154, 89, 16, false, true
150451635, 6863543, 9248, 152, 88, 16, false, true
150557703, 6869491, 9248, 151, 87, 16, false, true
151134796, 6900130, 9248, 150, 86, 16, false, true
151894033, 6940604, 9249, 151, 87, 15, false, true
152599912, 6977964, 9249, 149, 86, 15, false, true
153741755, 7039477, 9249, 148, 86, 15, false, true
154172469, 7063370, 9249, 147, 85, 15, false, true
154463892, 7078636, 9250, 148, 86, 14, false, true
155102914, 7112816, 9251, 149, 87, 13, false, true
157048078, 7218504, 9252, 150, 88, 12, false, true
157636104, 7251128, 9252, 149, 87, 12, false, true
157688307, 7253984, 9253, 150, 88, 11, false, true
159663766, 7364445, 9253, 149, 87, 11, false, true
159869081, 7375924, 9254, 150, 88, 10, false, true
161666270, 7476808, 9255, 151, 89, 9, false, true
161830590, 7485941, 9255, 149, 89, 9, false, true
162207887, 7507267, 9255, 147, 88, 9, false, true
162233345, 7508803, 9255, 146, 87, 9, false, true
162238441, 7509069, 9256, 147, 88, 8, false, true
163718790, 7590523, 9256, 146, 87, 8, false, true
163724037, 7590775, 9256, 145, 86, 8, false, true
163939555, 7602580, 9257, 145, 87, 7, false, true
165090513, 7665547, 9258, 146, 88, 6, false, true
165561354, 7691843, 9259, 147, 89, 5, false, true
165675713, 7698550, 9261, 149, 90, 4, false, true
169872088, 7943932, 9262, 150, 91, 3, false, true
170342183, 7975239, 9262, 149, 90, 3, false, true
170503553, 7986399, 9263, 150, 91, 2, false, true
170509647, 7986822, 9263, 149, 90, 2, false, true
170571401, 7990887, 9263, 148, 89, 2, false, true
170577267, 7991300, 9264, 149, 90, 1, false, true
171800056, 8078083, 9265, 150, 91, 0, false, true
171848667, 8081623, 9265, 149, 90, 0, false, true
173194403, 8174172, 9265, 145, 89, 0, false, true
