time, #execs, #covered, #singletons, #sglt_clusts, #foundnew, done, update?
13527, 1, 3019, 3019, 1, 1, true, true
13569, 2, 3145, 2159, 2, 2, true, true
13605, 3, 3353, 1910, 3, 3, true, true
13606, 4, 3513, 1769, 4, 4, true, true
13608, 5, 3520, 1754, 5, 5, true, true
13831, 6, 3556, 1529, 6, 6, true, true
13834, 7, 3579, 1542, 7, 7, true, true
13835, 8, 3601, 1548, 8, 8, true, true
13836, 9, 3632, 1441, 9, 9, true, true
13837, 10, 3656, 1448, 10, 10, true, true
13839, 11, 3669, 1413, 11, 11, true, true
13840, 12, 3695, 1397, 12, 12, true, true
13841, 13, 3723, 1288, 13, 13, true, true
13843, 14, 3728, 1285, 14, 13, true, true
13844, 15, 3744, 1271, 15, 14, true, true
13845, 16, 3756, 1265, 16, 15, true, true
13846, 17, 3757, 1250, 17, 16, true, true
13848, 18, 3763, 1244, 18, 17, true, true
13849, 19, 3785, 1260, 19, 18, true, true
13851, 20, 3785, 1257, 19, 20, true, true
13880, 21, 3795, 1262, 20, 21, true, true
13885, 22, 3800, 1116, 21, 22, true, true
13887, 23, 3815, 1126, 22, 23, true, true
13888, 24, 3826, 1095, 23, 24, true, true
13890, 25, 3852, 1042, 23, 25, true, true
13891, 26, 3904, 1039, 24, 26, true, true
13894, 27, 3907, 1032, 25, 27, true, true
13896, 28, 3927, 1040, 26, 27, true, true
13898, 29, 3940, 1041, 27, 28, true, true
13899, 30, 3941, 1030, 28, 29, true, true
13901, 31, 3944, 1028, 29, 30, true, true
13902, 32, 3954, 1032, 29, 31, true, true
13903, 33, 3964, 1036, 30, 31, true, true
13905, 34, 3979, 1007, 31, 31, true, true
13907, 35, 3998, 1016, 32, 32, true, true
13908, 36, 4002, 1020, 33, 33, true, true
13909, 37, 4005, 1019, 34, 34, true, true
35805, 38, 4033, 832, 35, 35, true, true
35808, 39, 4034, 830, 35, 35, true, true
35810, 40, 4037, 828, 36, 36, true, true
35812, 41, 4048, 839, 37, 37, true, true
35831, 42, 4056, 833, 38, 38, true, true
35835, 43, 4058, 830, 39, 39, true, true
35837, 44, 4076, 841, 39, 40, true, true
35838, 45, 4079, 843, 40, 37, true, true
35841, 46, 4081, 845, 41, 38, true, true
35845, 47, 4154, 885, 42, 39, true, true
35853, 48, 4155, 868, 42, 39, true, true
35857, 49, 4158, 871, 43, 40, true, true
35859, 50, 4162, 873, 44, 41, true, true
35862, 51, 4164, 870, 45, 42, true, true
35864, 52, 4172, 861, 46, 43, true, true
35866, 53, 4175, 853, 46, 44, true, true
35870, 54, 4202, 749, 47, 44, true, true
35874, 56, 4205, 742, 48, 47, true, true
35877, 57, 4209, 679, 49, 48, true, true
35880, 58, 4215, 673, 49, 49, true, true
36013, 59, 4231, 683, 50, 50, true, true
36018, 60, 4232, 684, 51, 51, true, true
36020, 61, 4232, 682, 50, 53, true, true
36023, 62, 4247, 682, 51, 52, true, true
36026, 63, 4248, 679, 51, 52, true, true
36031, 64, 4268, 670, 51, 51, true, true
36038, 65, 4268, 664, 51, 52, true, true
36040, 66, 4273, 668, 52, 52, true, true
36045, 68, 4273, 661, 52, 56, true, true
36048, 69, 4346, 679, 52, 57, true, true
36052, 71, 4347, 680, 53, 59, true, true
36055, 72, 4349, 682, 54, 60, true, true
36057, 73, 4355, 688, 55, 61, true, true
36060, 74, 4356, 689, 56, 62, true, true
36061, 75, 4357, 690, 57, 57, true, true
36063, 76, 4414, 744, 57, 56, true, true
36067, 77, 4414, 741, 57, 58, true, true
36069, 78, 4432, 755, 58, 58, true, true
36073, 79, 4433, 754, 59, 58, true, true
36075, 80, 4434, 753, 60, 57, true, true
36078, 81, 4443, 759, 61, 56, true, true
36081, 82, 4460, 775, 62, 57, true, true
36089, 85, 4460, 772, 62, 62, true, true
36093, 86, 4464, 774, 62, 62, true, true
36096, 87, 4488, 796, 63, 62, true, true
36109, 91, 4492, 799, 64, 64, true, true
36112, 92, 4493, 800, 65, 63, true, true
36115, 93, 4496, 791, 66, 64, true, true
36118, 94, 4498, 792, 67, 65, true, true
36121, 96, 4503, 789, 67, 66, true, true
36125, 97, 4503, 786, 67, 67, true, true
36127, 98, 4504, 775, 68, 66, true, true
36130, 99, 4525, 791, 68, 66, true, true
36133, 100, 4531, 751, 69, 67, true, true
36137, 101, 4531, 748, 68, 67, true, true
36141, 102, 4536, 751, 69, 66, true, true
36147, 105, 4542, 732, 70, 67, true, true
36150, 106, 4542, 721, 68, 69, true, true
36162, 107, 4542, 698, 67, 69, true, true
36166, 108, 4542, 694, 67, 71, true, true
36170, 109, 4543, 684, 68, 70, true, true
36183, 110, 4543, 674, 67, 71, true, true
36188, 111, 4547, 675, 68, 72, true, true
36192, 112, 4548, 675, 69, 72, true, true
36197, 113, 4548, 673, 69, 73, true, true
232814, 114, 4612, 632, 68, 73, true, true
232821, 115, 4620, 633, 68, 74, true, true
233412, 116, 4643, 643, 69, 75, true, true
233419, 117, 4644, 644, 70, 75, true, true
233425, 118, 4645, 645, 71, 75, true, true
233432, 119, 4646, 642, 71, 74, true, true
233444, 120, 4647, 641, 72, 73, true, true
233449, 121, 4648, 642, 73, 73, true, true
233456, 122, 4651, 645, 74, 74, true, true
233464, 123, 4651, 644, 74, 75, true, true
233469, 124, 4657, 650, 75, 76, true, true
233473, 125, 4659, 652, 76, 76, true, true
233489, 127, 4660, 597, 77, 76, true, true
233503, 128, 4660, 596, 77, 78, true, true
233510, 130, 4661, 597, 78, 77, true, true
233524, 133, 4665, 594, 79, 80, true, true
233532, 134, 4665, 593, 79, 81, true, true
233537, 135, 4682, 603, 80, 82, true, true
233540, 136, 4799, 701, 79, 83, true, true
233543, 137, 4803, 705, 80, 83, true, true
233546, 138, 4804, 706, 81, 82, true, true
233549, 139, 4806, 700, 82, 83, true, true
233552, 140, 4808, 693, 83, 83, true, true
233555, 141, 4809, 694, 84, 84, true, true
233562, 142, 4809, 688, 84, 84, true, true
443169, 143, 4815, 693, 85, 84, true, true
443172, 144, 4823, 700, 86, 84, true, true
443176, 145, 4826, 700, 87, 83, true, true
443179, 146, 4828, 702, 88, 82, true, true
443183, 147, 4829, 701, 88, 80, true, true
443189, 148, 4829, 696, 87, 82, true, true
443192, 149, 4832, 692, 88, 81, true, true
443201, 153, 4836, 690, 89, 84, true, true
443204, 154, 4838, 692, 90, 84, true, true
443206, 155, 4842, 695, 91, 83, true, true
443218, 156, 4842, 683, 90, 83, true, true
443224, 157, 4842, 680, 90, 84, true, true
443229, 158, 4843, 676, 91, 83, true, true
443247, 161, 4844, 677, 92, 86, true, true
443251, 162, 4846, 673, 93, 86, true, true
443255, 163, 4849, 675, 94, 85, true, true
443258, 164, 4855, 680, 95, 86, true, true
443262, 165, 4868, 687, 95, 86, true, true
443271, 167, 4877, 694, 95, 87, true, true
443276, 168, 4877, 692, 94, 88, true, true
443279, 169, 4879, 694, 95, 86, true, true
443282, 170, 4880, 695, 96, 86, true, true
443291, 172, 4885, 700, 97, 85, true, true
443295, 173, 4885, 697, 97, 87, true, true
443319, 178, 4886, 695, 97, 91, true, true
443323, 180, 4887, 696, 98, 91, true, true
443329, 181, 4888, 685, 99, 90, true, true
443333, 182, 4889, 686, 100, 90, true, true
443341, 185, 4907, 701, 101, 90, true, true
443348, 186, 4908, 701, 102, 90, true, true
443352, 187, 4912, 704, 103, 89, true, true
443356, 188, 4915, 707, 104, 90, true, true
443363, 189, 4918, 709, 104, 89, true, true
443368, 191, 4920, 711, 105, 88, true, true
443371, 192, 4924, 715, 106, 89, true, true
443390, 194, 4928, 716, 107, 88, true, true
443397, 195, 4929, 712, 107, 85, true, true
443406, 197, 4944, 725, 108, 87, true, true
443414, 199, 4947, 727, 109, 89, true, true
443419, 200, 4947, 726, 108, 91, true, true
443439, 203, 4953, 727, 109, 91, true, true
443443, 204, 4954, 728, 110, 92, true, true
443519, 205, 4994, 768, 111, 92, true, true
443538, 207, 5002, 770, 112, 92, true, true
443550, 208, 5003, 770, 113, 91, true, true
443585, 211, 5012, 772, 113, 91, true, true
443590, 212, 5013, 773, 114, 90, true, true
443613, 215, 5014, 772, 114, 92, true, true
443622, 216, 5014, 771, 114, 93, true, true
443641, 219, 5018, 774, 114, 96, true, true
443652, 221, 5019, 775, 115, 96, true, true
443671, 224, 5020, 776, 116, 97, true, true
443679, 226, 5021, 776, 117, 99, true, true
443684, 227, 5021, 774, 116, 100, true, true
443688, 229, 5022, 775, 117, 100, true, true
443693, 230, 5027, 779, 117, 99, true, true
443697, 231, 5029, 780, 117, 97, true, true
443701, 232, 5032, 764, 118, 96, true, true
443704, 233, 5032, 759, 118, 96, true, true
443711, 235, 5033, 760, 119, 94, true, true
443739, 239, 5033, 758, 118, 95, true, true
443747, 240, 5033, 757, 117, 95, true, true
443752, 242, 5034, 756, 117, 95, true, true
443755, 243, 5035, 757, 118, 94, true, true
443760, 244, 5039, 755, 117, 93, true, true
443765, 245, 5040, 756, 118, 92, true, true
443774, 247, 5044, 758, 119, 89, true, true
443784, 248, 5046, 735, 119, 88, true, true
443789, 249, 5047, 731, 120, 88, true, true
443816, 253, 5047, 728, 119, 91, true, true
443824, 254, 5047, 726, 118, 93, true, true
443828, 255, 5050, 728, 119, 92, true, true
443835, 256, 5059, 729, 120, 90, true, true
443846, 259, 5062, 729, 120, 92, true, true
443853, 260, 5062, 728, 119, 92, true, true
443864, 262, 5062, 727, 118, 94, true, true
444010, 263, 5063, 728, 119, 95, true, true
444022, 265, 5068, 733, 120, 97, true, true
444029, 266, 5073, 736, 121, 96, true, true
444048, 268, 5073, 733, 120, 98, true, true
444061, 269, 5075, 728, 121, 94, true, true
444082, 271, 5075, 727, 121, 96, true, true
444106, 272, 5108, 753, 120, 96, true, true
444121, 274, 5112, 750, 120, 97, true, true
444128, 275, 5120, 731, 119, 97, true, true
444138, 276, 5120, 729, 119, 99, true, true
444143, 277, 5130, 735, 120, 98, true, true
444149, 278, 5140, 738, 120, 97, true, true
444163, 280, 5142, 740, 121, 98, true, true
444167, 281, 5143, 737, 122, 97, true, true
444172, 282, 5143, 734, 121, 98, true, true
444189, 285, 5144, 734, 121, 100, true, true
444200, 287, 5152, 739, 122, 97, true, true
444225, 290, 5152, 737, 122, 102, true, true
444240, 291, 5152, 736, 121, 103, true, true
444256, 295, 5152, 734, 121, 107, true, true
444274, 296, 5152, 733, 121, 108, true, true
444279, 297, 5152, 731, 120, 109, true, true
444292, 299, 5155, 718, 121, 110, true, true
444305, 303, 5157, 720, 122, 108, true, true
444312, 304, 5159, 722, 123, 108, true, true
444340, 308, 5161, 722, 124, 110, true, true
444381, 312, 5161, 711, 123, 112, true, true
444392, 314, 5162, 712, 124, 113, true, true
444405, 315, 5162, 711, 124, 115, true, true
444424, 317, 5162, 709, 124, 116, true, true
444434, 319, 5169, 716, 125, 118, true, true
444440, 320, 5170, 711, 126, 117, true, true
444449, 321, 5170, 710, 125, 119, true, true
444453, 322, 5173, 710, 126, 119, true, true
444459, 323, 5186, 713, 127, 117, true, true
444486, 327, 5187, 713, 127, 121, true, true
444499, 329, 5187, 707, 127, 124, true, true
444522, 332, 5187, 703, 126, 127, true, true
444534, 334, 5188, 704, 127, 128, true, true
444559, 336, 5188, 703, 126, 130, true, true
444571, 338, 5189, 704, 127, 130, true, true
444579, 339, 5189, 703, 126, 131, true, true
444620, 344, 5189, 701, 126, 135, true, true
444629, 345, 5190, 700, 127, 135, true, true
445353, 346, 5203, 697, 126, 131, true, true
445372, 349, 5204, 697, 127, 132, true, true
445382, 350, 5205, 691, 128, 131, true, true
445408, 351, 5205, 690, 128, 132, true, true
445421, 352, 5205, 689, 128, 132, true, true
445461, 354, 5205, 649, 126, 134, true, true
445489, 359, 5205, 645, 126, 141, true, true
445503, 360, 5205, 644, 126, 142, true, true
445550, 363, 5205, 642, 125, 144, true, true
445621, 366, 5208, 645, 126, 144, true, true
445664, 370, 5220, 623, 127, 146, true, true
445672, 371, 5220, 622, 126, 148, true, true
445696, 375, 5225, 627, 127, 149, true, true
445701, 376, 5226, 627, 128, 149, true, true
445707, 377, 5227, 626, 129, 148, true, true
445719, 378, 5227, 625, 128, 148, true, true
445725, 379, 5228, 624, 129, 148, true, true
445759, 380, 5240, 567, 129, 145, true, true
445774, 382, 5241, 565, 129, 145, true, true
445794, 383, 5241, 564, 128, 145, true, true
445800, 384, 5242, 565, 129, 145, true, true
445819, 386, 5242, 564, 128, 148, true, true
445844, 388, 5242, 563, 127, 149, true, true
445876, 391, 5243, 564, 128, 151, true, true
445893, 392, 5243, 563, 127, 151, true, true
445902, 393, 5243, 562, 126, 152, true, true
445920, 395, 5245, 563, 127, 152, true, true
445939, 397, 5245, 562, 126, 153, true, true
445945, 398, 5248, 562, 125, 153, true, true
445957, 399, 5248, 559, 124, 153, true, true
445959, 400, 5249, 560, 125, 151, true, true
446042, 407, 5252, 562, 125, 155, true, true
446054, 408, 5253, 563, 126, 151, true, true
446076, 409, 5253, 562, 126, 153, true, true
446085, 410, 5254, 563, 127, 153, true, true
446093, 411, 5255, 564, 128, 153, true, true
446128, 414, 5256, 565, 129, 153, true, true
446147, 416, 5257, 566, 130, 151, true, true
446223, 421, 5257, 565, 129, 151, true, true
446259, 423, 5257, 563, 129, 151, true, true
446285, 425, 5257, 561, 128, 154, true, true
446368, 427, 5257, 557, 128, 155, true, true
446397, 430, 5260, 556, 129, 153, true, true
446426, 433, 5267, 541, 130, 152, true, true
446438, 434, 5267, 540, 130, 152, true, true
446466, 437, 5270, 541, 131, 151, true, true
446487, 439, 5271, 542, 132, 151, true, true
446516, 441, 5292, 530, 131, 149, true, true
446544, 445, 5293, 531, 132, 149, true, true
446578, 448, 5294, 529, 133, 148, true, true
446628, 451, 5294, 528, 133, 150, true, true
446636, 452, 5294, 525, 132, 150, true, true
446645, 453, 5295, 523, 132, 148, true, true
446666, 455, 5295, 522, 131, 150, true, true
446683, 456, 5298, 524, 132, 149, true, true
446689, 457, 5302, 528, 133, 148, true, true
446695, 458, 5303, 529, 134, 148, true, true
446722, 460, 5305, 530, 135, 148, true, true
446767, 463, 5306, 530, 136, 149, true, true
446866, 469, 5306, 520, 135, 151, true, true
447247, 472, 5308, 507, 136, 151, true, true
447293, 476, 5308, 505, 136, 153, true, true
447353, 483, 5310, 507, 137, 152, true, true
447393, 486, 5427, 540, 137, 156, true, true
447413, 487, 5427, 537, 137, 157, true, true
447454, 492, 5429, 539, 138, 159, true, true
447574, 495, 5429, 537, 137, 162, true, true
447603, 498, 5429, 536, 137, 167, true, true
447611, 499, 5431, 538, 138, 166, true, true
447643, 502, 5434, 539, 138, 166, true, true
447654, 503, 5435, 539, 139, 166, true, true
447682, 507, 5437, 541, 140, 165, true, true
447690, 508, 5437, 537, 138, 165, true, true
447705, 510, 5443, 537, 138, 167, true, true
447735, 512, 5443, 535, 137, 168, true, true
447785, 513, 5443, 534, 137, 169, true, true
447872, 516, 5444, 535, 138, 168, true, true
447878, 518, 5447, 534, 139, 168, true, true
448023, 523, 5447, 533, 138, 171, true, true
448037, 524, 5447, 532, 138, 172, true, true
448054, 525, 5448, 530, 138, 172, true, true
448062, 526, 5448, 528, 137, 173, true, true
448073, 527, 5448, 527, 137, 173, true, true
448090, 529, 5449, 528, 138, 173, true, true
448113, 530, 5449, 519, 138, 173, true, true
448120, 531, 5449, 515, 137, 173, true, true
448131, 532, 5449, 514, 137, 174, true, true
448139, 533, 5449, 513, 137, 174, true, true
448153, 534, 5449, 512, 137, 175, true, true
448160, 535, 5454, 517, 138, 171, true, true
448211, 539, 5472, 534, 138, 172, true, true
448252, 541, 5472, 532, 138, 173, true, true
448274, 544, 5474, 534, 139, 174, true, true
448309, 547, 5475, 535, 140, 175, true, true
448315, 548, 5476, 536, 141, 175, true, true
448336, 550, 5479, 539, 142, 174, true, true
448354, 552, 5480, 540, 143, 174, true, true
448382, 554, 5481, 541, 144, 174, true, true
448438, 559, 5483, 543, 145, 171, true, true
448449, 560, 5484, 544, 146, 171, true, true
448460, 561, 5485, 545, 147, 169, true, true
448472, 563, 5486, 539, 147, 169, true, true
448499, 566, 5487, 538, 148, 168, true, true
448737, 568, 5487, 537, 148, 170, true, true
448743, 569, 5488, 535, 149, 167, true, true
448768, 572, 5488, 534, 148, 167, true, true
448806, 574, 5495, 516, 147, 167, true, true
448925, 575, 5495, 515, 146, 167, true, true
704442, 576, 5496, 515, 146, 167, true, true
704463, 577, 5496, 514, 146, 167, true, true
704488, 578, 5503, 521, 147, 165, true, true
704507, 580, 5510, 517, 147, 163, true, true
704514, 581, 5515, 522, 148, 163, true, true
704542, 583, 5516, 523, 149, 163, true, true
704586, 585, 5516, 522, 148, 163, true, true
704607, 587, 5516, 521, 147, 164, true, true
704616, 588, 5520, 524, 148, 163, true, true
704628, 589, 5523, 526, 149, 162, true, true
704678, 592, 5525, 527, 149, 159, true, true
704689, 593, 5527, 523, 150, 159, true, true
704709, 594, 5527, 522, 149, 159, true, true
704714, 595, 5554, 537, 149, 159, true, true
704734, 597, 5555, 538, 150, 158, true, true
704750, 598, 5555, 536, 149, 158, true, true
704893, 609, 5556, 527, 150, 158, true, true
704901, 610, 5557, 528, 151, 157, true, true
704967, 616, 5558, 529, 152, 158, true, true
704981, 618, 5559, 528, 153, 157, true, true
705048, 623, 5561, 530, 154, 158, true, true
705084, 625, 5562, 531, 155, 158, true, true
705104, 626, 5573, 542, 156, 157, true, true
705191, 627, 5573, 538, 154, 157, true, true
705207, 628, 5573, 535, 153, 158, true, true
705216, 629, 5574, 536, 154, 157, true, true
705281, 630, 5574, 535, 153, 157, true, true
705344, 634, 5574, 533, 152, 157, true, true
705349, 635, 5581, 535, 153, 152, true, true
705363, 636, 5581, 531, 153, 152, true, true
705459, 642, 5581, 530, 152, 156, true, true
705475, 644, 5585, 534, 153, 155, true, true
705514, 648, 5585, 533, 152, 157, true, true
705530, 650, 5587, 532, 153, 157, true, true
705562, 653, 5588, 530, 153, 157, true, true
705570, 654, 5589, 531, 154, 156, true, true
705581, 655, 5589, 530, 153, 156, true, true
705603, 657, 5589, 526, 151, 157, true, true
705646, 660, 5591, 528, 152, 157, true, true
705657, 661, 5594, 520, 152, 158, true, true
705666, 662, 5597, 523, 153, 157, true, true
705704, 664, 5597, 522, 153, 160, true, true
705751, 666, 5597, 521, 152, 161, true, true
705770, 668, 5597, 520, 151, 163, true, true
705821, 670, 5597, 519, 151, 165, true, true
705828, 671, 5599, 513, 151, 164, true, true
705866, 672, 5599, 512, 151, 165, true, true
705981, 675, 5599, 511, 151, 166, true, true
705998, 676, 5603, 512, 152, 166, true, true
706026, 678, 5613, 521, 152, 166, true, true
706041, 679, 5614, 522, 153, 166, true, true
706094, 682, 5615, 523, 154, 166, true, true
706111, 684, 5615, 522, 154, 166, true, true
706119, 685, 5616, 523, 155, 165, true, true
706127, 686, 5617, 519, 155, 165, true, true
706175, 689, 5618, 520, 156, 166, true, true
706220, 694, 5619, 521, 157, 166, true, true
706226, 695, 5620, 522, 158, 165, true, true
706269, 699, 5620, 518, 157, 168, true, true
706281, 700, 5620, 517, 157, 168, true, true
706291, 701, 5620, 516, 156, 168, true, true
706518, 704, 5620, 515, 155, 172, true, true
706541, 706, 5622, 517, 156, 171, true, true
706557, 707, 5698, 575, 156, 168, true, true
706591, 710, 5698, 574, 156, 170, true, true
706609, 711, 5698, 570, 155, 170, true, true
706646, 712, 5698, 567, 155, 170, true, true
706657, 713, 5700, 569, 156, 169, true, true
706707, 716, 5701, 568, 156, 171, true, true
706720, 717, 5701, 567, 155, 171, true, true
706770, 720, 5701, 564, 154, 173, true, true
706802, 723, 5702, 564, 155, 174, true, true
706845, 726, 5702, 563, 154, 176, true, true
706858, 727, 5702, 561, 153, 176, true, true
707000, 735, 5703, 560, 154, 179, true, true
707049, 739, 5704, 561, 155, 179, true, true
707088, 742, 5705, 562, 156, 180, true, true
707139, 745, 5706, 563, 157, 180, true, true
707149, 746, 5707, 562, 158, 179, true, true
707191, 748, 5708, 563, 159, 178, true, true
707205, 749, 5709, 564, 160, 175, true, true
707214, 750, 5710, 565, 161, 171, true, true
707228, 751, 5714, 568, 162, 172, true, true
707246, 754, 5714, 567, 161, 173, true, true
707268, 757, 5718, 567, 159, 173, true, true
707350, 762, 5719, 568, 160, 172, true, true
707382, 763, 5719, 567, 159, 172, true, true
707461, 767, 5719, 563, 159, 173, true, true
707517, 770, 5720, 562, 159, 172, true, true
707527, 771, 5721, 561, 159, 170, true, true
707537, 772, 5722, 562, 160, 169, true, true
707563, 773, 5722, 561, 160, 169, true, true
707682, 781, 5723, 562, 161, 171, true, true
707689, 782, 5724, 563, 162, 170, true, true
707811, 788, 5725, 564, 163, 173, true, true
707884, 790, 5725, 563, 162, 175, true, true
707925, 791, 5725, 562, 161, 175, true, true
708010, 796, 5735, 568, 162, 176, true, true
708053, 799, 5743, 576, 163, 172, true, true
708169, 804, 5754, 585, 164, 171, true, true
708177, 805, 5755, 586, 165, 170, true, true
708191, 806, 5766, 577, 166, 169, true, true
708229, 808, 5766, 576, 165, 172, true, true
708247, 809, 5766, 575, 165, 172, true, true
708259, 810, 5767, 574, 165, 172, true, true
708300, 812, 5768, 575, 166, 171, true, true
708383, 817, 5768, 574, 165, 171, true, true
708401, 818, 5769, 574, 165, 170, true, true
708413, 819, 5774, 577, 166, 167, true, true
708426, 820, 5774, 576, 165, 167, true, true
708623, 828, 5777, 578, 165, 169, true, true
708850, 842, 5777, 577, 164, 178, true, true
708933, 848, 5786, 581, 163, 178, true, true
708969, 850, 5787, 582, 164, 178, true, true
709022, 853, 5797, 588, 164, 177, true, true
709121, 857, 5798, 589, 165, 177, true, true
709146, 859, 5799, 590, 166, 176, true, true
709331, 868, 5799, 589, 165, 180, true, true
709346, 869, 5799, 588, 164, 181, true, true
709375, 871, 5799, 587, 164, 182, true, true
709404, 874, 5800, 588, 165, 179, true, true
709459, 878, 5802, 586, 166, 179, true, true
709508, 880, 5803, 586, 167, 177, true, true
709599, 886, 5803, 585, 166, 179, true, true
709636, 889, 5803, 584, 165, 179, true, true
709651, 890, 5804, 585, 166, 178, true, true
709659, 891, 5806, 587, 167, 177, true, true
709761, 896, 5809, 586, 167, 176, true, true
709799, 899, 5821, 596, 168, 175, true, true
709888, 906, 5822, 594, 168, 173, true, true
709995, 908, 5832, 600, 169, 171, true, true
710019, 910, 5833, 601, 170, 171, true, true
710030, 911, 5836, 604, 171, 170, true, true
710054, 912, 5839, 606, 172, 170, true, true
710084, 913, 5839, 605, 171, 170, true, true
710096, 914, 5851, 617, 172, 170, true, true
710114, 915, 5851, 616, 171, 170, true, true
710144, 916, 5851, 614, 170, 171, true, true
710317, 922, 5859, 621, 171, 173, true, true
710339, 923, 5859, 620, 171, 173, true, true
710377, 925, 5859, 619, 170, 174, true, true
710455, 931, 5859, 617, 169, 176, true, true
710514, 934, 5866, 620, 169, 178, true, true
710526, 935, 5868, 621, 170, 177, true, true
710625, 939, 5887, 637, 171, 177, true, true
710660, 941, 5887, 636, 171, 178, true, true
710729, 945, 5888, 636, 171, 178, true, true
710885, 957, 5888, 635, 170, 182, true, true
711003, 964, 5888, 634, 169, 185, true, true
711120, 967, 5889, 635, 170, 184, true, true
711130, 968, 5892, 638, 171, 183, true, true
711150, 969, 5893, 636, 171, 182, true, true
711158, 970, 5906, 643, 172, 180, true, true
711181, 971, 5906, 636, 171, 181, true, true
711253, 974, 5907, 637, 172, 181, true, true
711339, 978, 5916, 646, 173, 179, true, true
711354, 979, 5917, 645, 174, 177, true, true
711362, 980, 5918, 644, 175, 174, true, true
711388, 983, 5924, 648, 175, 174, true, true
711396, 984, 5942, 662, 175, 173, true, true
711444, 987, 5943, 661, 175, 174, true, true
711466, 988, 5943, 659, 174, 175, true, true
711473, 989, 5944, 660, 175, 176, true, true
711478, 990, 5945, 661, 176, 176, true, true
711488, 991, 5949, 665, 177, 175, true, true
711500, 992, 5951, 667, 178, 174, true, true
711685, 1001, 5952, 668, 179, 174, true, true
711791, 1005, 5952, 667, 178, 174, true, true
711828, 1007, 5953, 668, 179, 173, true, true
711886, 1012, 5954, 666, 179, 173, true, true
711931, 1014, 5955, 666, 179, 173, true, true
712024, 1017, 5957, 649, 179, 174, true, true
712037, 1018, 5958, 650, 180, 173, true, true
712124, 1022, 5959, 651, 181, 172, true, true
712169, 1026, 5959, 647, 180, 173, true, true
712177, 1027, 5962, 650, 181, 172, true, true
712482, 1035, 5962, 649, 180, 177, true, true
712544, 1039, 5963, 650, 181, 177, true, true
712575, 1042, 5963, 649, 180, 180, true, true
712583, 1043, 5965, 645, 179, 178, true, true
712729, 1048, 5965, 634, 178, 180, true, true
712754, 1050, 5968, 636, 179, 179, true, true
712796, 1052, 5973, 625, 180, 178, true, true
712883, 1057, 5975, 623, 179, 179, true, true
712943, 1060, 5975, 622, 178, 181, true, true
712998, 1064, 5976, 623, 179, 177, true, true
713073, 1071, 5978, 625, 180, 178, true, true
713123, 1074, 5978, 622, 179, 178, true, true
713151, 1076, 5979, 623, 180, 172, true, true
713245, 1081, 5979, 622, 180, 176, true, true
713327, 1084, 5979, 621, 179, 177, true, true
713343, 1086, 5980, 616, 180, 176, true, true
713358, 1087, 5981, 616, 181, 173, true, true
713383, 1088, 5981, 615, 180, 174, true, true
713421, 1090, 5981, 614, 179, 174, true, true
713440, 1091, 5981, 613, 178, 175, true, true
713472, 1093, 5984, 616, 179, 176, true, true
713508, 1095, 5984, 615, 178, 180, true, true
713569, 1099, 5984, 614, 177, 180, true, true
713631, 1103, 5984, 613, 177, 181, true, true
713645, 1105, 5985, 610, 178, 181, true, true
713722, 1108, 5990, 613, 178, 178, true, true
713954, 1122, 5995, 553, 178, 179, true, true
714031, 1125, 5995, 552, 177, 179, true, true
714214, 1133, 5995, 550, 175, 181, true, true
714353, 1138, 5995, 548, 174, 183, true, true
714467, 1145, 5995, 546, 172, 186, true, true
714498, 1148, 5996, 546, 173, 183, true, true
714531, 1151, 5997, 547, 174, 179, true, true
714734, 1163, 5998, 539, 175, 180, true, true
714746, 1164, 5998, 538, 174, 180, true, true
714952, 1174, 5998, 536, 172, 183, true, true
714962, 1175, 5998, 535, 171, 185, true, true
714976, 1176, 5999, 536, 172, 182, true, true
715115, 1181, 5999, 535, 171, 184, true, true
715188, 1185, 6000, 536, 172, 183, true, true
715242, 1189, 6007, 543, 173, 181, true, true
715424, 1198, 6010, 546, 174, 181, true, true
715526, 1205, 6011, 547, 175, 182, true, true
715572, 1208, 6011, 546, 174, 186, true, true
715580, 1209, 6012, 547, 175, 185, true, true
715624, 1211, 6042, 576, 176, 184, true, true
715739, 1212, 6042, 575, 176, 184, true, true
715876, 1218, 6042, 574, 175, 187, true, true
716021, 1226, 6046, 572, 176, 186, true, true
716039, 1227, 6053, 578, 177, 185, true, true
716054, 1228, 6056, 563, 177, 183, true, true
716062, 1229, 6059, 564, 177, 182, true, true
716177, 1233, 6060, 565, 178, 179, true, true
716240, 1237, 6061, 565, 179, 177, true, true
716261, 1238, 6061, 559, 178, 177, true, true
716352, 1246, 6062, 552, 179, 178, true, true
716578, 1256, 6063, 551, 180, 179, true, true
716847, 1274, 6065, 552, 181, 181, true, true
716975, 1281, 6066, 553, 182, 181, true, true
717006, 1283, 6066, 549, 181, 182, true, true
717228, 1291, 6068, 551, 182, 184, true, true
717235, 1292, 6069, 550, 182, 178, true, true
717288, 1294, 6069, 549, 181, 179, true, true
717332, 1295, 6069, 548, 180, 179, true, true
717755, 1304, 6069, 547, 180, 182, true, true
717943, 1313, 6070, 548, 181, 182, true, true
717986, 1315, 6071, 549, 182, 180, true, true
718135, 1321, 6071, 547, 180, 180, true, true
718148, 1322, 6072, 547, 180, 178, true, true
718213, 1326, 6074, 548, 180, 176, true, true
718225, 1327, 6078, 552, 181, 175, true, true
718278, 1330, 6079, 553, 182, 175, true, true
718305, 1331, 6079, 552, 182, 175, true, true
718466, 1336, 6081, 554, 183, 175, true, true
718511, 1338, 6081, 553, 183, 175, true, true
718534, 1339, 6081, 552, 183, 175, true, true
718625, 1344, 6082, 552, 183, 173, true, true
718773, 1347, 6082, 551, 182, 174, true, true
718908, 1351, 6083, 551, 183, 172, true, true
718999, 1356, 6084, 552, 184, 170, true, true
719011, 1357, 6085, 553, 185, 169, true, true
719076, 1361, 6086, 554, 186, 170, true, true
719218, 1369, 6086, 553, 186, 170, true, true
719306, 1374, 6088, 555, 187, 171, true, true
719352, 1377, 6088, 554, 187, 172, true, true
719434, 1383, 6092, 557, 188, 174, true, true
719653, 1393, 6092, 556, 188, 176, true, true
719715, 1396, 6093, 557, 189, 176, true, true
719726, 1397, 6095, 551, 189, 175, true, true
719843, 1402, 6095, 550, 188, 175, true, true
719864, 1403, 6096, 551, 189, 174, true, true
720042, 1405, 6097, 552, 190, 172, true, true
720091, 1408, 6097, 549, 190, 173, true, true
720171, 1412, 6097, 548, 189, 173, true, true
720229, 1414, 6097, 547, 188, 174, true, true
720247, 1415, 6098, 541, 188, 173, true, true
720325, 1418, 6098, 540, 187, 173, true, true
720403, 1420, 6098, 539, 187, 174, true, true
720560, 1427, 6098, 538, 186, 176, true, true
720603, 1430, 6102, 541, 187, 175, true, true
720647, 1432, 6103, 542, 188, 175, true, true
720730, 1437, 6104, 542, 188, 175, true, true
720753, 1439, 6105, 543, 189, 175, true, true
720848, 1442, 6107, 545, 190, 176, true, true
720900, 1444, 6107, 543, 190, 176, true, true
721077, 1452, 6107, 542, 189, 177, true, true
721137, 1455, 6107, 539, 188, 177, true, true
721146, 1456, 6108, 540, 189, 176, true, true
721156, 1458, 6109, 541, 190, 175, true, true
721223, 1464, 6110, 542, 191, 174, true, true
721355, 1472, 6111, 542, 191, 173, true, true
721382, 1474, 6115, 546, 192, 169, true, true
721527, 1481, 6115, 545, 192, 171, true, true
721540, 1482, 6116, 545, 193, 168, true, true
721561, 1484, 6116, 544, 192, 168, true, true
721697, 1489, 6118, 546, 193, 166, true, true
721743, 1492, 6119, 547, 194, 166, true, true
721870, 1501, 6119, 546, 193, 169, true, true
721874, 1502, 6122, 549, 194, 168, true, true
721915, 1507, 6124, 548, 192, 168, true, true
721987, 1510, 6124, 547, 191, 168, true, true
722563, 1533, 6126, 549, 192, 170, true, true
722677, 1539, 6127, 549, 192, 170, true, true
722995, 1551, 6127, 548, 192, 174, true, true
723127, 1557, 6127, 547, 192, 175, true, true
723144, 1559, 6132, 547, 193, 173, true, true
723359, 1573, 6135, 550, 194, 178, true, true
723446, 1575, 6135, 544, 192, 180, true, true
723462, 1576, 6136, 541, 192, 180, true, true
723474, 1577, 6137, 542, 193, 178, true, true
723520, 1579, 6138, 538, 193, 177, true, true
723621, 1584, 6139, 538, 193, 177, true, true
723689, 1588, 6139, 537, 192, 178, true, true
724198, 1600, 6139, 535, 190, 182, true, true
724302, 1606, 6139, 533, 189, 184, true, true
724349, 1609, 6140, 531, 188, 182, true, true
724446, 1613, 6142, 529, 188, 182, true, true
724496, 1616, 6143, 530, 189, 182, true, true
724531, 1619, 6187, 548, 190, 181, true, true
724579, 1621, 6190, 551, 191, 181, true, true
724982, 1639, 6190, 550, 190, 184, true, true
725111, 1642, 6191, 551, 191, 181, true, true
725204, 1647, 6193, 553, 192, 181, true, true
725278, 1652, 6193, 550, 191, 181, true, true
725395, 1660, 6195, 552, 192, 179, true, true
725543, 1667, 6195, 551, 191, 183, true, true
725624, 1671, 6204, 559, 191, 184, true, true
725638, 1672, 6205, 560, 192, 183, true, true
725650, 1673, 6205, 559, 191, 183, true, true
725731, 1679, 6205, 558, 190, 184, true, true
725769, 1681, 6206, 559, 191, 182, true, true
725836, 1684, 6207, 560, 192, 181, true, true
725877, 1686, 6207, 559, 191, 182, true, true
726147, 1699, 6208, 560, 192, 181, true, true
726201, 1701, 6209, 560, 193, 178, true, true
726389, 1708, 6210, 561, 194, 180, true, true
726497, 1712, 6210, 560, 193, 181, true, true
726620, 1719, 6210, 559, 192, 182, true, true
726849, 1729, 6211, 560, 193, 181, true, true
726868, 1730, 6213, 562, 194, 178, true, true
726972, 1737, 6214, 560, 194, 178, true, true
727019, 1741, 6215, 561, 195, 177, true, true
727144, 1745, 6216, 562, 196, 177, true, true
727304, 1748, 6219, 565, 197, 176, true, true
727321, 1749, 6221, 566, 198, 173, true, true
727822, 1764, 6221, 565, 197, 177, true, true
727880, 1767, 6222, 566, 198, 177, true, true
727937, 1769, 6222, 564, 198, 178, true, true
728111, 1777, 6222, 563, 197, 179, true, true
728193, 1784, 6239, 555, 196, 176, true, true
728259, 1786, 6239, 553, 195, 176, true, true
728313, 1788, 6239, 552, 194, 176, true, true
728593, 1790, 6239, 550, 193, 177, true, true
728616, 1791, 6239, 549, 192, 177, true, true
728813, 1800, 6239, 548, 191, 179, true, true
728954, 1804, 6239, 546, 190, 180, true, true
729425, 1817, 6239, 545, 189, 181, true, true
729625, 1824, 6241, 546, 189, 181, true, true
729719, 1828, 6241, 545, 188, 182, true, true
729834, 1832, 6242, 546, 189, 183, true, true
729912, 1835, 6242, 545, 189, 184, true, true
729979, 1837, 6242, 544, 188, 184, true, true
730058, 1842, 6244, 544, 188, 184, true, true
730077, 1843, 6244, 543, 187, 184, true, true
730128, 1847, 6247, 546, 188, 184, true, true
730253, 1855, 6249, 545, 188, 183, true, true
730265, 1856, 6250, 546, 189, 183, true, true
730322, 1859, 6250, 545, 188, 183, true, true
730382, 1863, 6252, 546, 189, 178, true, true
730471, 1868, 6252, 545, 188, 179, true, true
730554, 1873, 6252, 543, 188, 180, true, true
730665, 1879, 6252, 532, 188, 180, true, true
730873, 1885, 6252, 531, 187, 180, true, true
730926, 1888, 6253, 532, 188, 179, true, true
731017, 1892, 6254, 533, 189, 179, true, true
731096, 1895, 6254, 532, 189, 179, true, true
731167, 1897, 6254, 531, 188, 180, true, true
731268, 1902, 6255, 532, 189, 177, true, true
731469, 1909, 6255, 531, 188, 179, true, true
731631, 1919, 6255, 530, 187, 181, true, true
731671, 1922, 6258, 533, 188, 180, true, true
731750, 1927, 6258, 531, 187, 180, true, true
731960, 1936, 6258, 530, 186, 184, true, true
732053, 1941, 6259, 531, 187, 183, true, true
732096, 1944, 6260, 532, 188, 183, true, true
732125, 1946, 6261, 531, 189, 179, true, true
732199, 1950, 6261, 527, 188, 179, true, true
732234, 1951, 6261, 526, 187, 179, true, true
732686, 1970, 6265, 530, 188, 181, true, true
732726, 1971, 6265, 529, 187, 181, true, true
732817, 1976, 6265, 528, 187, 181, true, true
732829, 1977, 6268, 531, 188, 181, true, true
732852, 1978, 6268, 530, 187, 181, true, true
732879, 1980, 6269, 531, 188, 180, true, true
733172, 1995, 6270, 532, 189, 179, true, true
733574, 2012, 6271, 533, 190, 179, true, true
733951, 2023, 6273, 535, 191, 177, true, true
734080, 2028, 6273, 534, 191, 182, true, true
734213, 2034, 6274, 534, 192, 182, true, true
734222, 2035, 6275, 535, 193, 180, true, true
734598, 2048, 6276, 533, 192, 183, true, true
734845, 2061, 6277, 534, 193, 186, true, true
734855, 2062, 6281, 538, 194, 185, true, true
734961, 2066, 6281, 536, 193, 186, true, true
735037, 2069, 6282, 536, 193, 185, true, true
735327, 2081, 6282, 535, 192, 186, true, true
735405, 2084, 6282, 534, 191, 187, true, true
735608, 2091, 6282, 531, 191, 188, true, true
735660, 2096, 6282, 530, 190, 190, true, true
735760, 2100, 6282, 528, 188, 192, true, true
735964, 2109, 6282, 527, 187, 195, true, true
736002, 2110, 6284, 529, 188, 192, true, true
736272, 2117, 6286, 530, 188, 190, true, true
736595, 2134, 6287, 530, 188, 189, true, true
736957, 2154, 6288, 530, 189, 191, true, true
736972, 2155, 6290, 532, 190, 189, true, true
737097, 2161, 6290, 531, 189, 192, true, true
737172, 2164, 6290, 530, 189, 192, true, true
737201, 2166, 6290, 529, 188, 192, true, true
737469, 2181, 6291, 530, 189, 193, true, true
737532, 2183, 6293, 532, 190, 189, true, true
737583, 2184, 6293, 522, 189, 189, true, true
737674, 2187, 6309, 528, 190, 190, true, true
737685, 2188, 6312, 531, 191, 189, true, true
737696, 2189, 6314, 533, 192, 187, true, true
737720, 2190, 6314, 532, 191, 187, true, true
738036, 2205, 6314, 530, 190, 189, true, true
738083, 2206, 6314, 529, 190, 189, true, true
738135, 2208, 6314, 527, 189, 190, true, true
738142, 2209, 6315, 528, 190, 187, true, true
738165, 2210, 6315, 526, 189, 187, true, true
738353, 2218, 6315, 525, 188, 188, true, true
738481, 2223, 6315, 523, 187, 190, true, true
738496, 2224, 6316, 524, 188, 189, true, true
738719, 2237, 6316, 523, 187, 192, true, true
739267, 2256, 6317, 524, 188, 195, true, true
739288, 2257, 6317, 523, 187, 195, true, true
739549, 2266, 6318, 524, 188, 197, true, true
739714, 2274, 6320, 526, 189, 197, true, true
739809, 2276, 6321, 527, 190, 196, true, true
740000, 2281, 6322, 521, 191, 196, true, true
740047, 2283, 6323, 522, 192, 194, true, true
740180, 2290, 6324, 523, 193, 192, true, true
740325, 2295, 6324, 521, 193, 192, true, true
740488, 2303, 6329, 526, 194, 194, true, true
740499, 2304, 6330, 527, 195, 193, true, true
740579, 2306, 6330, 519, 194, 193, true, true
740649, 2309, 6330, 518, 193, 193, true, true
740737, 2316, 6340, 501, 194, 193, true, true
741302, 2340, 6340, 500, 193, 196, true, true
741421, 2347, 6342, 502, 194, 195, true, true
741487, 2349, 6342, 501, 193, 195, true, true
741506, 2350, 6343, 500, 193, 193, true, true
741523, 2351, 6345, 502, 194, 193, true, true
741636, 2354, 6345, 498, 193, 194, true, true
741870, 2361, 6346, 499, 194, 193, true, true
742160, 2370, 6346, 498, 193, 194, true, true
743097, 2381, 6346, 497, 192, 196, true, true
743186, 2386, 6346, 494, 191, 196, true, true
743326, 2395, 6347, 495, 192, 196, true, true
743517, 2405, 6349, 497, 193, 195, true, true
743541, 2406, 6349, 496, 192, 195, true, true
743552, 2407, 6350, 497, 193, 190, true, true
743606, 2411, 6351, 498, 194, 189, true, true
743615, 2412, 6353, 500, 195, 188, true, true
743685, 2415, 6353, 498, 193, 188, true, true
743827, 2421, 6354, 493, 194, 185, true, true
744185, 2428, 6354, 489, 192, 187, true, true
744362, 2434, 6359, 494, 193, 185, true, true
744440, 2437, 6359, 491, 193, 185, true, true
744619, 2444, 6360, 492, 194, 184, true, true
744866, 2453, 6360, 491, 193, 186, true, true
745436, 2471, 6360, 490, 192, 188, true, true
745634, 2480, 6361, 490, 192, 187, true, true
745889, 2486, 6366, 491, 193, 188, true, true
746026, 2493, 6367, 491, 193, 188, true, true
746791, 2522, 6367, 490, 192, 190, true, true
746973, 2529, 6368, 491, 193, 190, true, true
747008, 2531, 6369, 492, 194, 189, true, true
747207, 2543, 6369, 488, 194, 192, true, true
747367, 2550, 6371, 490, 195, 190, true, true
747537, 2561, 6372, 491, 196, 190, true, true
747644, 2566, 6376, 495, 197, 190, true, true
747689, 2568, 6378, 495, 196, 190, true, true
747783, 2576, 6384, 499, 197, 187, true, true
747810, 2577, 6385, 500, 198, 185, true, true
748157, 2591, 6385, 498, 197, 189, true, true
748316, 2596, 6385, 497, 196, 190, true, true
748370, 2599, 6386, 495, 196, 189, true, true
748452, 2603, 6386, 494, 195, 189, true, true
748820, 2617, 6387, 494, 196, 190, true, true
748881, 2621, 6388, 495, 197, 187, true, true
749275, 2635, 6388, 494, 197, 188, true, true
749547, 2644, 6388, 493, 197, 188, true, true
749886, 2657, 6389, 494, 198, 190, true, true
750415, 2680, 6389, 490, 197, 195, true, true
750652, 2691, 6391, 488, 198, 193, true, true
751166, 2718, 6392, 489, 199, 198, true, true
751750, 2741, 6394, 491, 200, 199, true, true
751844, 2745, 6395, 492, 201, 197, true, true
751940, 2749, 6395, 491, 200, 198, true, true
751994, 2752, 6403, 497, 200, 195, true, true
752116, 2757, 6403, 496, 199, 195, true, true
752229, 2763, 6403, 495, 198, 195, true, true
752293, 2765, 6404, 496, 199, 195, true, true
752353, 2767, 6404, 495, 198, 195, true, true
752437, 2770, 6404, 494, 197, 195, true, true
752461, 2771, 6404, 493, 196, 195, true, true
752987, 2791, 6404, 488, 196, 198, true, true
753940, 2813, 6404, 487, 195, 199, true, true
754272, 2828, 6405, 488, 196, 200, true, true
754582, 2838, 6405, 487, 196, 201, true, true
754663, 2843, 6405, 485, 195, 203, true, true
754741, 2850, 6406, 486, 196, 203, true, true
755015, 2864, 6406, 485, 195, 204, true, true
755178, 2872, 6407, 486, 196, 204, true, true
755243, 2875, 6410, 485, 197, 203, true, true
755449, 2884, 6411, 486, 198, 200, true, true
755944, 2904, 6413, 488, 199, 201, true, true
756160, 2915, 6413, 487, 198, 202, true, true
756199, 2917, 6413, 485, 198, 203, true, true
756257, 2919, 6414, 486, 199, 197, true, true
756698, 2939, 6414, 480, 198, 199, true, true
756944, 2952, 6415, 481, 199, 197, true, true
757546, 2976, 6415, 475, 198, 200, true, true
758325, 2981, 6417, 477, 199, 200, true, true
758371, 2985, 6419, 479, 200, 200, true, true
758744, 3002, 6419, 478, 199, 201, true, true
759015, 3010, 6421, 480, 200, 199, true, true
759077, 3012, 6421, 479, 199, 199, true, true
759361, 3026, 6422, 480, 200, 197, true, true
759878, 3048, 6423, 481, 201, 196, true, true
760082, 3057, 6424, 482, 202, 196, true, true
760529, 3078, 6439, 497, 203, 196, true, true
760593, 3082, 6440, 498, 204, 193, true, true
761084, 3101, 6440, 497, 203, 194, true, true
761356, 3111, 6440, 496, 202, 194, true, true
761524, 3116, 6441, 497, 203, 191, true, true
761661, 3122, 6441, 496, 202, 192, true, true
761822, 3126, 6443, 498, 203, 190, true, true
761903, 3130, 6445, 500, 204, 190, true, true
761977, 3134, 6446, 500, 205, 187, true, true
762156, 3140, 6446, 499, 205, 188, true, true
762191, 3142, 6446, 498, 204, 188, true, true
762533, 3148, 6448, 496, 203, 186, true, true
762628, 3151, 6448, 495, 202, 186, true, true
762646, 3152, 6451, 498, 203, 184, true, true
762816, 3163, 6452, 498, 203, 185, true, true
762975, 3169, 6453, 499, 204, 185, true, true
763270, 3181, 6453, 498, 203, 187, true, true
763378, 3185, 6453, 496, 203, 187, true, true
763488, 3191, 6455, 490, 202, 185, true, true
763559, 3192, 6455, 477, 201, 185, true, true
763658, 3196, 6455, 476, 200, 185, true, true
763796, 3201, 6455, 475, 199, 186, true, true
763845, 3203, 6455, 473, 198, 186, true, true
764410, 3222, 6456, 473, 198, 186, true, true
764645, 3231, 6457, 474, 199, 187, true, true
764699, 3234, 6457, 473, 198, 188, true, true
764749, 3236, 6457, 471, 197, 188, true, true
764843, 3240, 6458, 472, 198, 185, true, true
765092, 3251, 6460, 474, 199, 185, true, true
765277, 3260, 6474, 488, 200, 185, true, true
765768, 3274, 6474, 487, 199, 187, true, true
766100, 3286, 6478, 491, 200, 186, true, true
766328, 3294, 6478, 489, 198, 187, true, true
766448, 3298, 6478, 481, 197, 188, true, true
766601, 3304, 6478, 480, 196, 188, true, true
766917, 3316, 6478, 479, 195, 188, true, true
767123, 3326, 6479, 480, 196, 190, true, true
767177, 3329, 6479, 479, 195, 190, true, true
767236, 3332, 6480, 480, 196, 188, true, true
767248, 3333, 6487, 471, 195, 186, true, true
767299, 3335, 6487, 470, 194, 186, true, true
767391, 3339, 6509, 485, 195, 186, true, true
767468, 3343, 6509, 484, 194, 186, true, true
767482, 3344, 6510, 483, 193, 184, true, true
767659, 3351, 6510, 482, 193, 186, true, true
768058, 3369, 6510, 480, 192, 188, true, true
768119, 3372, 6511, 481, 193, 184, true, true
768951, 3409, 6514, 484, 194, 186, true, true
769022, 3411, 6515, 484, 194, 185, true, true
769109, 3415, 6521, 490, 195, 183, true, true
769139, 3418, 6522, 491, 196, 181, true, true
769590, 3433, 6525, 493, 196, 181, true, true
769787, 3441, 6525, 492, 196, 182, true, true
770449, 3462, 6525, 490, 195, 187, true, true
770605, 3467, 6525, 489, 194, 187, true, true
770830, 3475, 6526, 488, 195, 186, true, true
770859, 3477, 6526, 487, 194, 186, true, true
771185, 3485, 6526, 485, 194, 186, true, true
771331, 3492, 6528, 487, 195, 185, true, true
771617, 3503, 6536, 477, 196, 186, true, true
771689, 3507, 6537, 478, 197, 182, true, true
771878, 3512, 6537, 477, 196, 182, true, true
771973, 3517, 6537, 476, 196, 182, true, true
772097, 3521, 6537, 475, 195, 183, true, true
772327, 3532, 6538, 476, 196, 182, true, true
772385, 3535, 6538, 475, 195, 182, true, true
772730, 3550, 6539, 476, 196, 184, true, true
773045, 3564, 6540, 477, 197, 184, true, true
773062, 3565, 6540, 463, 197, 184, true, true
773861, 3596, 6540, 457, 196, 187, true, true
773948, 3599, 6540, 456, 195, 187, true, true
773983, 3601, 6549, 463, 196, 183, true, true
774840, 3632, 6550, 463, 197, 186, true, true
775104, 3648, 6551, 464, 198, 187, true, true
775127, 3649, 6551, 463, 197, 187, true, true
775147, 3650, 6555, 466, 197, 185, true, true
775281, 3659, 6556, 467, 198, 184, true, true
775302, 3660, 6556, 464, 196, 184, true, true
775981, 3663, 6556, 457, 196, 185, true, true
776156, 3669, 6556, 456, 195, 186, true, true
776218, 3671, 6556, 455, 194, 186, true, true
776549, 3686, 6556, 454, 193, 186, true, true
776594, 3688, 6556, 453, 193, 186, true, true
777273, 3712, 6557, 454, 194, 188, true, true
777935, 3736, 6566, 463, 195, 188, true, true
778105, 3744, 6567, 464, 196, 187, true, true
778945, 3784, 6567, 462, 195, 188, true, true
779293, 3797, 6567, 461, 194, 189, true, true
779948, 3816, 6567, 459, 193, 189, true, true
780175, 3824, 6569, 461, 194, 188, true, true
780222, 3827, 6569, 460, 193, 189, true, true
780313, 3830, 6570, 458, 193, 188, true, true
781143, 3858, 6570, 457, 192, 188, true, true
781184, 3860, 6572, 459, 193, 184, true, true
781239, 3862, 6572, 457, 192, 184, true, true
781705, 3874, 6572, 455, 192, 185, true, true
782429, 3898, 6572, 454, 191, 189, true, true
782663, 3907, 6575, 457, 192, 189, true, true
782717, 3909, 6577, 459, 193, 188, true, true
782744, 3910, 6577, 458, 192, 188, true, true
783057, 3919, 6577, 457, 191, 188, true, true
783339, 3933, 6578, 457, 192, 187, true, true
783820, 3953, 6579, 458, 193, 187, true, true
785069, 3992, 6579, 457, 193, 192, true, true
785132, 3994, 6579, 455, 192, 192, true, true
785159, 3995, 6579, 454, 192, 192, true, true
785227, 3998, 6579, 452, 191, 192, true, true
785324, 4003, 6581, 454, 192, 191, true, true
786291, 4047, 6582, 455, 193, 190, true, true
786401, 4051, 6583, 456, 194, 189, true, true
786425, 4052, 6584, 457, 195, 188, true, true
786507, 4055, 6585, 458, 196, 187, true, true
786637, 4061, 6585, 455, 196, 187, true, true
786662, 4062, 6585, 454, 195, 187, true, true
786908, 4073, 6588, 457, 196, 188, true, true
786919, 4074, 6589, 457, 197, 187, true, true
787079, 4081, 6589, 456, 196, 190, true, true
787489, 4101, 6590, 448, 196, 190, true, true
787689, 4109, 6591, 449, 197, 189, true, true
787714, 4110, 6591, 448, 196, 189, true, true
787981, 4118, 6593, 450, 197, 186, true, true
788109, 4125, 6595, 452, 198, 186, true, true
788974, 4160, 6597, 454, 199, 187, true, true
789321, 4177, 6599, 456, 200, 188, true, true
789471, 4184, 6599, 455, 199, 188, true, true
789575, 4190, 6599, 454, 198, 188, true, true
789592, 4191, 6600, 455, 199, 188, true, true
789660, 4194, 6603, 454, 200, 184, true, true
789788, 4200, 6604, 452, 200, 184, true, true
789941, 4204, 6604, 450, 198, 184, true, true
790052, 4208, 6606, 452, 199, 182, true, true
790281, 4217, 6606, 451, 198, 182, true, true
790343, 4220, 6606, 450, 197, 182, true, true
790564, 4231, 6607, 450, 197, 180, true, true
790986, 4245, 6608, 451, 198, 177, true, true
791279, 4255, 6610, 451, 199, 176, true, true
791316, 4257, 6612, 452, 200, 174, true, true
791771, 4273, 6612, 451, 199, 178, true, true
791852, 4276, 6612, 448, 198, 179, true, true
792096, 4283, 6612, 447, 197, 181, true, true
792499, 4301, 6613, 448, 198, 182, true, true
792861, 4316, 6613, 443, 197, 182, true, true
792947, 4321, 6615, 445, 198, 179, true, true
792973, 4322, 6615, 444, 197, 179, true, true
793888, 4352, 6615, 443, 196, 182, true, true
793914, 4353, 6615, 441, 195, 182, true, true
794260, 4369, 6615, 438, 195, 183, true, true
794305, 4372, 6616, 438, 195, 183, true, true
794372, 4375, 6616, 437, 194, 183, true, true
794708, 4389, 6617, 438, 195, 182, true, true
794918, 4399, 6617, 437, 194, 182, true, true
795164, 4408, 6618, 438, 195, 182, true, true
795337, 4415, 6619, 439, 196, 183, true, true
795366, 4416, 6619, 438, 195, 183, true, true
795547, 4421, 6619, 437, 194, 183, true, true
796491, 4443, 6619, 434, 193, 184, true, true
796713, 4449, 6619, 432, 193, 185, true, true
796761, 4451, 6619, 431, 192, 185, true, true
797097, 4465, 6619, 430, 191, 187, true, true
797630, 4483, 6619, 428, 190, 187, true, true
798479, 4494, 6621, 430, 191, 184, true, true
798651, 4501, 6621, 429, 191, 184, true, true
798661, 4502, 6622, 430, 192, 183, true, true
799164, 4521, 6622, 429, 191, 184, true, true
799930, 4548, 6624, 426, 192, 187, true, true
800075, 4553, 6624, 415, 190, 188, true, true
800182, 4557, 6625, 416, 191, 185, true, true
800317, 4563, 6626, 417, 192, 183, true, true
800477, 4565, 6627, 418, 193, 182, true, true
800627, 4572, 6627, 416, 193, 182, true, true
800834, 4580, 6628, 415, 192, 180, true, true
801177, 4595, 6629, 415, 193, 180, true, true
801259, 4598, 6630, 415, 194, 180, true, true
802144, 4632, 6631, 416, 195, 179, true, true
802810, 4661, 6631, 415, 194, 179, true, true
802928, 4666, 6643, 422, 194, 177, true, true
802963, 4667, 6643, 421, 193, 177, true, true
802986, 4668, 6643, 419, 192, 177, true, true
803393, 4682, 6645, 421, 193, 176, true, true
803911, 4702, 6646, 422, 194, 176, true, true
804118, 4711, 6646, 421, 193, 177, true, true
804325, 4720, 6646, 420, 192, 177, true, true
804802, 4734, 6646, 418, 191, 178, true, true
805561, 4755, 6648, 411, 192, 178, true, true
805701, 4760, 6648, 410, 192, 178, true, true
805812, 4764, 6648, 409, 191, 178, true, true
806443, 4788, 6648, 408, 190, 179, true, true
807205, 4804, 6648, 407, 190, 180, true, true
807481, 4819, 6648, 406, 189, 182, true, true
808158, 4843, 6648, 405, 188, 183, true, true
808354, 4852, 6649, 402, 187, 181, true, true
808819, 4858, 6650, 402, 187, 181, true, true
809275, 4876, 6650, 401, 186, 182, true, true
809491, 4884, 6650, 400, 185, 183, true, true
809517, 4885, 6650, 399, 184, 183, true, true
809681, 4892, 6651, 400, 185, 182, true, true
810439, 4921, 6652, 401, 186, 184, true, true
810931, 4939, 6652, 400, 185, 185, true, true
811228, 4949, 6652, 399, 184, 186, true, true
811688, 4968, 6654, 401, 185, 187, true, true
812111, 4975, 6654, 400, 184, 187, true, true
813395, 5016, 6654, 398, 183, 189, true, true
813523, 5022, 6654, 397, 182, 189, true, true
813876, 5034, 6656, 398, 182, 188, true, true
813933, 5036, 6656, 397, 181, 189, true, true
814642, 5053, 6658, 399, 182, 190, true, true
814714, 5056, 6659, 400, 183, 188, true, true
814768, 5061, 6660, 401, 184, 187, true, true
815139, 5073, 6662, 403, 185, 186, true, true
815163, 5074, 6664, 405, 186, 185, true, true
816225, 5116, 6665, 406, 187, 186, true, true
816697, 5134, 6665, 405, 186, 187, true, true
817150, 5151, 6667, 407, 187, 187, true, true
817502, 5167, 6668, 407, 187, 183, true, true
817731, 5177, 6672, 410, 187, 182, true, true
817748, 5178, 6674, 412, 188, 179, true, true
817769, 5179, 6675, 413, 189, 178, true, true
817966, 5186, 6676, 414, 190, 175, true, true
818555, 5209, 6677, 415, 191, 174, true, true
818766, 5220, 6678, 416, 192, 173, true, true
819138, 5232, 6678, 415, 191, 174, true, true
819628, 5256, 6679, 416, 192, 174, true, true
820883, 5288, 6679, 409, 191, 176, true, true
821022, 5293, 6680, 410, 192, 176, true, true
821142, 5299, 6680, 409, 191, 177, true, true
821884, 5322, 6962, 670, 191, 177, true, true
822023, 5326, 6963, 671, 192, 172, true, true
822782, 5337, 6963, 669, 191, 172, true, true
823129, 5351, 6963, 668, 191, 172, true, true
823374, 5364, 6963, 667, 190, 172, true, true
824340, 5412, 6964, 668, 191, 170, true, true
824472, 5417, 6964, 667, 190, 170, true, true
824677, 5422, 6964, 666, 189, 171, true, true
824808, 5427, 6965, 665, 189, 170, true, true
825771, 5468, 6967, 667, 190, 170, true, true
826076, 5479, 6983, 680, 191, 169, true, true
826126, 5481, 6983, 679, 190, 169, true, true
827488, 5528, 6983, 678, 189, 171, true, true
828028, 5546, 6984, 678, 189, 170, true, true
828312, 5559, 6984, 676, 189, 172, true, true
830279, 5626, 6985, 677, 190, 176, true, true
830804, 5647, 6991, 683, 191, 173, true, true
830869, 5650, 6995, 687, 192, 173, true, true
831139, 5664, 6995, 686, 191, 174, true, true
831637, 5684, 6997, 688, 192, 171, true, true
831682, 5686, 6998, 689, 193, 169, true, true
831750, 5689, 6998, 688, 192, 170, true, true
831998, 5700, 6998, 686, 191, 170, true, true
833906, 5757, 6999, 687, 192, 172, true, true
834201, 5770, 6999, 686, 191, 172, true, true
834338, 5776, 7000, 687, 192, 171, true, true
834669, 5788, 7000, 685, 191, 171, true, true
835367, 5796, 7001, 686, 192, 171, true, true
835742, 5814, 7001, 685, 191, 171, true, true
836211, 5834, 7002, 686, 192, 172, true, true
836980, 5860, 7002, 685, 191, 173, true, true
837072, 5864, 7002, 683, 190, 173, true, true
837418, 5873, 7002, 682, 189, 173, true, true
838010, 5895, 7003, 682, 190, 173, true, true
838087, 5898, 7003, 681, 189, 173, true, true
838504, 5907, 7005, 683, 190, 167, true, true
838867, 5918, 7006, 684, 191, 167, true, true
839367, 5944, 7019, 697, 192, 166, true, true
839904, 5964, 7020, 686, 193, 166, true, true
840087, 5970, 7020, 685, 192, 167, true, true
840772, 6002, 7023, 688, 193, 166, true, true
841537, 6008, 7023, 687, 192, 166, true, true
842079, 6027, 7024, 688, 193, 165, true, true
842598, 6045, 7024, 687, 192, 166, true, true
842807, 6052, 7024, 686, 192, 167, true, true
843308, 6066, 7024, 685, 191, 167, true, true
843727, 6083, 7024, 684, 190, 168, true, true
843758, 6085, 7024, 683, 190, 168, true, true
844161, 6099, 7024, 682, 189, 168, true, true
844871, 6117, 7024, 681, 188, 169, true, true
844908, 6118, 7024, 680, 188, 169, true, true
845257, 6128, 7024, 679, 187, 169, true, true
846802, 6177, 7024, 678, 186, 169, true, true
846900, 6181, 7024, 677, 186, 169, true, true
848598, 6234, 7024, 676, 185, 173, true, true
848621, 6235, 7024, 675, 184, 173, true, true
849307, 6258, 7024, 674, 183, 177, true, true
851015, 6312, 7024, 672, 182, 180, true, true
851161, 6320, 7026, 674, 183, 178, true, true
851610, 6336, 7027, 675, 184, 176, true, true
851800, 6343, 7032, 680, 185, 175, true, true
852004, 6352, 7032, 679, 185, 175, true, true
853377, 6401, 7034, 681, 186, 176, true, true
853667, 6413, 7035, 682, 187, 175, true, true
855181, 6451, 7036, 682, 187, 176, true, true
855206, 6452, 7036, 681, 186, 176, true, true
855325, 6459, 7037, 681, 187, 174, true, true
855566, 6465, 7037, 678, 186, 174, true, true
855782, 6471, 7037, 677, 185, 174, true, true
856382, 6485, 7038, 676, 185, 176, true, true
857574, 6516, 7039, 677, 186, 175, true, true
858149, 6535, 7040, 674, 185, 175, true, true
858346, 6544, 7055, 688, 185, 174, true, true
858716, 6553, 7056, 689, 186, 174, true, true
858773, 6555, 7056, 688, 185, 174, true, true
860076, 6588, 7056, 687, 184, 176, true, true
860236, 6592, 7056, 686, 183, 176, true, true
861482, 6638, 7058, 688, 184, 178, true, true
861709, 6647, 7059, 687, 184, 177, true, true
862103, 6656, 7059, 686, 183, 178, true, true
862711, 6678, 7060, 687, 184, 178, true, true
862734, 6679, 7060, 686, 183, 178, true, true
863154, 6695, 7061, 687, 184, 176, true, true
863889, 6724, 7062, 686, 185, 177, true, true
864241, 6735, 7063, 687, 186, 176, true, true
865921, 6786, 7064, 685, 186, 175, true, true
866355, 6803, 7066, 685, 187, 173, true, true
866501, 6808, 7066, 684, 187, 173, true, true
866790, 6821, 7066, 681, 187, 173, true, true
868122, 6871, 7068, 683, 188, 172, true, true
868399, 6886, 7070, 685, 189, 171, true, true
868452, 6888, 7075, 681, 188, 170, true, true
868853, 6908, 7075, 680, 187, 172, true, true
868927, 6913, 7075, 678, 185, 172, true, true
869071, 6918, 7075, 676, 185, 172, true, true
870566, 6944, 7075, 675, 184, 174, true, true
871712, 6981, 7077, 677, 185, 176, true, true
871894, 6989, 7079, 679, 186, 176, true, true
872324, 7000, 7080, 680, 187, 174, true, true
872851, 7023, 7080, 677, 186, 175, true, true
873338, 7038, 7081, 678, 187, 169, true, true
874027, 7060, 7081, 677, 186, 170, true, true
874868, 7088, 7081, 675, 185, 171, true, true
874898, 7089, 7082, 676, 186, 166, true, true
875129, 7097, 7084, 678, 187, 165, true, true
875152, 7098, 7084, 677, 187, 165, true, true
875705, 7112, 7087, 680, 188, 160, true, true
876214, 7133, 7095, 688, 189, 157, true, true
876697, 7150, 7095, 686, 188, 157, true, true
876913, 7159, 7095, 683, 187, 157, true, true
877818, 7190, 7096, 684, 188, 158, true, true
878405, 7214, 7096, 683, 187, 159, true, true
878653, 7226, 7097, 684, 188, 159, true, true
879411, 7256, 7099, 683, 189, 159, true, true
880129, 7282, 7100, 684, 190, 161, true, true
881075, 7313, 7105, 687, 190, 162, true, true
881381, 7326, 7105, 686, 189, 163, true, true
883547, 7392, 7107, 688, 190, 161, true, true
883557, 7393, 7109, 690, 191, 158, true, true
884133, 7416, 7109, 689, 191, 158, true, true
884446, 7431, 7110, 689, 191, 158, true, true
884509, 7434, 7110, 687, 190, 158, true, true
884962, 7455, 7110, 672, 190, 158, true, true
885063, 7458, 7110, 671, 189, 158, true, true
887767, 7538, 7111, 672, 190, 159, true, true
888613, 7568, 7111, 671, 189, 161, true, true
889210, 7588, 7138, 695, 189, 162, true, true
889546, 7604, 7138, 689, 188, 162, true, true
889922, 7620, 7138, 688, 187, 162, true, true
893422, 7708, 7138, 687, 186, 162, true, true
893830, 7720, 7138, 686, 185, 162, true, true
894164, 7731, 7139, 687, 186, 161, true, true
894759, 7753, 7140, 688, 187, 157, true, true
895280, 7774, 7160, 703, 187, 156, true, true
895435, 7779, 7161, 704, 188, 155, true, true
895453, 7780, 7163, 706, 189, 153, true, true
896295, 7807, 7163, 705, 189, 153, true, true
897055, 7828, 7163, 704, 188, 154, true, true
897626, 7842, 7163, 702, 188, 156, true, true
899220, 7907, 7164, 702, 188, 159, true, true
899575, 7922, 7165, 703, 189, 157, true, true
900736, 7971, 7166, 703, 190, 157, true, true
902231, 8006, 7166, 702, 189, 157, true, true
905407, 8124, 7166, 700, 188, 166, true, true
905716, 8135, 7166, 699, 187, 166, true, true
905743, 8136, 7167, 700, 188, 165, true, true
906122, 8153, 7168, 700, 188, 162, true, true
906213, 8157, 7168, 698, 187, 162, true, true
907207, 8199, 7169, 699, 188, 161, true, true
907327, 8202, 7169, 698, 187, 161, true, true
907878, 8221, 7169, 696, 186, 161, true, true
908444, 8243, 7170, 695, 187, 160, true, true
908630, 8253, 7170, 694, 187, 160, true, true
908966, 8265, 7170, 693, 186, 160, true, true
910095, 8298, 7176, 683, 187, 159, true, true
911088, 8341, 7177, 684, 188, 161, true, true
911450, 8354, 7178, 681, 188, 157, true, true
912369, 8388, 7181, 684, 189, 158, true, true
912471, 8392, 7182, 685, 190, 154, true, true
913214, 8411, 7182, 684, 189, 154, true, true
913854, 8429, 7182, 683, 188, 155, true, true
914271, 8441, 7182, 681, 187, 156, true, true
915001, 8463, 7183, 682, 188, 154, true, true
916045, 8495, 7183, 681, 187, 155, true, true
916639, 8519, 7192, 686, 187, 152, true, true
916893, 8529, 7193, 687, 188, 151, true, true
917334, 8543, 7193, 686, 188, 151, true, true
917529, 8555, 7194, 687, 189, 152, true, true
917641, 8558, 7195, 687, 189, 148, true, true
918043, 8571, 7195, 685, 188, 150, true, true
918593, 8592, 7195, 684, 187, 150, true, true
918908, 8594, 7197, 686, 188, 149, true, true
919025, 8598, 7197, 685, 188, 149, true, true
919057, 8599, 7198, 686, 189, 148, true, true
919983, 8638, 7203, 690, 189, 147, true, true
921043, 8670, 7203, 689, 188, 148, true, true
922146, 8715, 7203, 686, 188, 148, true, true
922597, 8733, 7204, 687, 189, 147, true, true
922686, 8735, 7204, 686, 188, 147, true, true
922950, 8743, 7205, 687, 189, 146, true, true
924929, 8815, 7205, 686, 188, 152, true, true
924965, 8817, 7205, 674, 188, 152, true, true
925169, 8825, 7205, 668, 187, 152, true, true
925777, 8846, 7205, 667, 186, 153, true, true
927433, 8887, 7205, 666, 185, 157, true, true
927966, 8909, 7214, 674, 185, 157, true, true
928146, 8915, 7251, 706, 185, 157, true, true
929906, 8984, 7253, 708, 186, 149, true, true
930010, 8987, 7253, 706, 186, 149, true, true
931643, 9042, 7254, 707, 187, 151, true, true
932437, 9072, 7254, 706, 186, 156, true, true
932573, 9078, 7254, 705, 185, 156, true, true
932611, 9080, 7254, 704, 184, 156, true, true
932795, 9089, 7254, 703, 183, 156, true, true
932896, 9093, 7255, 704, 184, 155, true, true
933262, 9105, 7255, 703, 184, 155, true, true
935152, 9160, 7255, 702, 183, 155, true, true
935166, 9161, 7261, 693, 183, 154, true, true
935917, 9193, 7262, 694, 184, 153, true, true
937178, 9240, 7263, 693, 185, 153, true, true
939039, 9317, 7263, 692, 184, 153, true, true
939701, 9347, 7265, 694, 185, 153, true, true
939963, 9358, 7265, 692, 185, 153, true, true
940325, 9372, 7266, 693, 186, 152, true, true
940715, 9388, 7267, 694, 187, 148, true, true
941518, 9420, 7268, 695, 188, 148, true, true
941999, 9441, 7268, 694, 187, 150, true, true
943288, 9485, 7268, 693, 186, 151, true, true
943320, 9486, 7268, 692, 185, 151, true, true
943959, 9509, 7269, 693, 186, 150, true, true
944146, 9518, 7269, 692, 185, 150, true, true
944500, 9530, 7269, 691, 184, 150, true, true
947607, 9629, 7269, 685, 184, 152, true, true
949306, 9687, 7269, 684, 184, 155, true, true
951476, 9767, 7270, 685, 185, 154, true, true
953127, 9832, 7298, 454, 186, 155, true, true
953252, 9840, 7299, 455, 187, 154, true, true
954371, 9882, 7300, 456, 188, 155, true, true
955058, 9907, 7300, 455, 187, 156, true, true
955410, 9923, 7300, 454, 186, 157, true, true
955524, 9929, 7302, 455, 186, 156, true, true
955823, 9941, 7302, 454, 185, 156, true, true
955948, 9945, 7302, 452, 184, 156, true, true
956506, 9959, 7302, 450, 184, 157, true, true
956718, 9968, 7302, 449, 183, 157, true, true
960380, 10088, 7302, 448, 182, 162, true, true
960524, 10092, 7302, 447, 181, 163, true, true
960806, 10100, 7303, 445, 180, 162, true, true
961012, 10106, 7306, 448, 181, 161, true, true
962476, 10163, 7308, 431, 182, 158, true, true
962909, 10177, 7309, 431, 182, 160, true, true
963509, 10205, 7310, 432, 183, 158, true, true
964306, 10243, 7311, 433, 184, 158, true, true
965048, 10273, 7311, 432, 183, 161, true, true
967178, 10346, 7311, 431, 182, 166, true, true
967218, 10349, 7311, 429, 181, 166, true, true
967713, 10373, 7311, 428, 180, 168, true, true
968953, 10429, 7311, 426, 179, 171, true, true
969345, 10446, 7311, 425, 179, 172, true, true
969942, 10466, 7312, 426, 180, 171, true, true
970587, 10495, 7312, 425, 179, 172, true, true
970854, 10507, 7312, 424, 179, 172, true, true
970969, 10514, 7313, 425, 180, 171, true, true
973294, 10571, 7313, 423, 179, 172, true, true
973630, 10586, 7314, 423, 180, 172, true, true
973862, 10595, 7314, 422, 179, 172, true, true
973938, 10598, 7315, 423, 180, 171, true, true
974206, 10609, 7315, 422, 180, 171, true, true
977883, 10746, 7316, 423, 181, 175, true, true
978441, 10769, 7316, 422, 181, 175, true, true
978484, 10770, 7317, 423, 182, 173, true, true
978757, 10783, 7317, 420, 181, 173, true, true
978767, 10784, 7320, 423, 182, 172, true, true
979017, 10791, 7320, 422, 181, 172, true, true
979745, 10819, 7322, 424, 182, 173, true, true
979816, 10822, 7322, 422, 181, 173, true, true
980363, 10841, 7322, 421, 180, 173, true, true
980456, 10844, 7323, 422, 181, 171, true, true
980611, 10854, 7323, 421, 180, 171, true, true
981371, 10878, 7323, 420, 179, 171, true, true
982560, 10921, 7331, 409, 180, 169, true, true
983410, 10955, 7332, 410, 181, 171, true, true
988300, 11109, 7333, 411, 182, 170, true, true
988438, 11115, 7334, 412, 183, 169, true, true
988852, 11128, 7334, 411, 182, 169, true, true
989710, 11163, 7334, 410, 181, 170, true, true
990709, 11188, 7334, 409, 180, 172, true, true
990958, 11201, 7339, 413, 181, 169, true, true
991953, 11232, 7342, 415, 181, 168, true, true
993008, 11270, 7344, 416, 181, 168, true, true
993805, 11305, 7345, 417, 182, 167, true, true
995516, 11376, 7346, 417, 183, 167, true, true
996331, 11409, 7347, 418, 184, 162, true, true
996815, 11425, 7347, 417, 183, 163, true, true
997065, 11436, 7348, 418, 184, 160, true, true
998082, 11473, 7349, 419, 185, 160, true, true
1001402, 11582, 7355, 422, 186, 161, true, true
1001550, 11587, 7355, 421, 185, 161, true, true
1001733, 11594, 7355, 420, 184, 161, true, true
1003045, 11654, 7355, 419, 183, 164, true, true
1004156, 11698, 7356, 420, 184, 163, true, true
1005641, 11740, 7356, 419, 183, 163, true, true
1006191, 11760, 7356, 418, 182, 164, true, true
1007018, 11786, 7357, 419, 183, 164, true, true
1009425, 11867, 7357, 418, 182, 165, true, true
1009461, 11868, 7357, 416, 181, 166, true, true
1010942, 11935, 7357, 415, 180, 166, true, true
1011841, 11963, 7358, 416, 181, 166, true, true
1012336, 11981, 7358, 415, 180, 167, true, true
1012366, 11982, 7358, 414, 179, 167, true, true
1012788, 11996, 7358, 413, 178, 167, true, true
1012883, 11999, 7360, 414, 178, 164, true, true
1014749, 12069, 7361, 415, 179, 166, true, true
1015337, 12091, 7362, 415, 180, 164, true, true
1016804, 12144, 7363, 415, 180, 163, true, true
1018664, 12218, 7363, 413, 179, 166, true, true
1019803, 12265, 7363, 412, 178, 170, true, true
1023162, 12363, 7364, 413, 179, 165, true, true
1023588, 12380, 7366, 415, 180, 164, true, true
1023613, 12381, 7367, 416, 181, 162, true, true
1026768, 12477, 7368, 417, 182, 161, true, true
1026806, 12478, 7368, 415, 181, 161, true, true
1027006, 12484, 7369, 416, 182, 159, true, true
1028598, 12546, 7370, 417, 183, 161, true, true
1029158, 12565, 7371, 418, 184, 159, true, true
1029346, 12571, 7371, 417, 183, 159, true, true
1031051, 12627, 7372, 418, 184, 159, true, true
1031507, 12643, 7372, 417, 183, 159, true, true
1033772, 12725, 7375, 420, 184, 160, true, true
1034482, 12742, 7375, 417, 183, 161, true, true
1034875, 12753, 7375, 416, 182, 161, true, true
1038149, 12878, 7377, 418, 183, 161, true, true
1040256, 12957, 7378, 419, 184, 159, true, true
1040503, 12968, 7379, 420, 185, 153, true, true
1042343, 13047, 7379, 419, 184, 154, true, true
1043016, 13079, 7379, 418, 184, 154, true, true
1043343, 13090, 7380, 418, 185, 152, true, true
1046280, 13173, 7380, 417, 184, 155, true, true
1046676, 13190, 7381, 418, 185, 154, true, true
1047479, 13223, 7387, 424, 186, 153, true, true
1047792, 13243, 7387, 423, 185, 153, true, true
1049153, 13300, 7388, 423, 185, 154, true, true
1050294, 13344, 7395, 426, 185, 154, true, true
1050732, 13360, 7395, 421, 184, 154, true, true
1051634, 13385, 7395, 420, 183, 155, true, true
1051935, 13396, 7395, 419, 182, 156, true, true
1053289, 13419, 7395, 418, 181, 156, true, true
1055154, 13492, 7425, 446, 182, 155, true, true
1056464, 13556, 7425, 444, 181, 158, true, true
1057505, 13590, 7425, 443, 180, 158, true, true
1057741, 13598, 7426, 444, 181, 158, true, true
1059776, 13684, 7426, 443, 180, 163, true, true
1061925, 13765, 7426, 441, 179, 163, true, true
1063162, 13806, 7427, 442, 180, 163, true, true
1064290, 13855, 7427, 440, 179, 169, true, true
1064514, 13867, 7428, 441, 180, 166, true, true
1065140, 13887, 7428, 440, 180, 168, true, true
1065679, 13913, 7429, 441, 181, 164, true, true
1066866, 13950, 7429, 440, 180, 164, true, true
1067507, 13974, 7430, 441, 181, 161, true, true
1067551, 13976, 7430, 440, 180, 161, true, true
1068761, 14024, 7430, 439, 179, 161, true, true
1070399, 14094, 7430, 438, 178, 161, true, true
1072101, 14160, 7431, 439, 179, 161, true, true
1072675, 14183, 7431, 438, 178, 161, true, true
1072987, 14195, 7431, 437, 177, 161, true, true
1073932, 14224, 7431, 436, 177, 161, true, true
1075396, 14269, 7431, 435, 176, 162, true, true
1077753, 14336, 7432, 436, 177, 164, true, true
1079074, 14384, 7432, 435, 177, 164, true, true
1080498, 14442, 7432, 434, 176, 168, true, true
1082092, 14512, 7433, 432, 176, 168, true, true
1082342, 14523, 7437, 436, 177, 164, true, true
1082502, 14529, 7437, 435, 176, 164, true, true
1082547, 14531, 7439, 432, 177, 163, true, true
1082786, 14539, 7439, 430, 176, 163, true, true
1083443, 14558, 7452, 435, 177, 162, true, true
1084638, 14604, 7453, 435, 178, 160, true, true
1084921, 14619, 7456, 438, 179, 159, true, true
1086760, 14690, 7456, 436, 178, 161, true, true
1087433, 14719, 7457, 436, 178, 158, true, true
1091458, 14864, 7457, 435, 178, 160, true, true
1093182, 14935, 7458, 436, 179, 160, true, true
1095488, 15021, 7458, 434, 178, 162, true, true
1095741, 15034, 7462, 438, 179, 160, true, true
1097188, 15083, 7462, 437, 178, 160, true, true
1097536, 15096, 7462, 436, 177, 160, true, true
1099675, 15172, 7462, 435, 176, 160, true, true
1105354, 15395, 7462, 432, 175, 162, true, true
1106931, 15455, 7462, 431, 174, 162, true, true
1107094, 15461, 7463, 432, 175, 159, true, true
1109202, 15544, 7463, 431, 174, 159, true, true
1109400, 15554, 7464, 432, 175, 158, true, true
1111777, 15645, 7465, 433, 176, 156, true, true
1112286, 15667, 7466, 434, 177, 155, true, true
1112417, 15672, 7466, 433, 176, 155, true, true
1113875, 15727, 7503, 459, 177, 154, true, true
1114704, 15759, 7503, 458, 176, 155, true, true
1115379, 15773, 7503, 457, 176, 155, true, true
1116955, 15833, 7504, 458, 177, 154, true, true
1118622, 15902, 7504, 457, 176, 155, true, true
1118834, 15913, 7505, 458, 177, 150, true, true
1121286, 16020, 7505, 457, 176, 152, true, true
1123553, 16114, 7507, 459, 177, 154, true, true
1124443, 16142, 7508, 460, 178, 149, true, true
1124831, 16157, 7510, 462, 179, 148, true, true
1125851, 16203, 7510, 461, 178, 149, true, true
1125959, 16208, 7510, 460, 177, 149, true, true
1126708, 16238, 7510, 459, 176, 149, true, true
1129406, 16329, 7512, 461, 177, 150, true, true
1129600, 16336, 7512, 460, 176, 150, true, true
1129931, 16352, 7512, 459, 175, 151, true, true
1136549, 16598, 7513, 460, 176, 156, true, true
1136684, 16604, 7513, 459, 175, 156, true, true
1137086, 16624, 7513, 456, 174, 156, true, true
1137394, 16635, 7513, 455, 173, 156, true, true
1140877, 16773, 7514, 456, 174, 155, true, true
1142196, 16834, 7514, 455, 173, 157, true, true
1144128, 16918, 7515, 456, 174, 157, true, true
1144700, 16942, 7516, 457, 175, 155, true, true
1148582, 17089, 7516, 456, 174, 158, true, true
1148852, 17101, 7516, 450, 174, 158, true, true
1148905, 17106, 7517, 451, 175, 157, true, true
1149780, 17133, 7519, 453, 176, 156, true, true
1149978, 17141, 7520, 454, 177, 155, true, true
1152418, 17218, 7520, 453, 177, 156, true, true
1153215, 17254, 7524, 454, 177, 154, true, true
1153289, 17259, 7525, 455, 178, 152, true, true
1155844, 17365, 7525, 454, 177, 160, true, true
1159769, 17530, 7525, 453, 177, 163, true, true
1159989, 17540, 7525, 451, 176, 163, true, true
1160402, 17556, 7526, 450, 176, 160, true, true
1160735, 17572, 7526, 449, 175, 160, true, true
1161480, 17601, 7527, 448, 176, 157, true, true
1162054, 17621, 7528, 448, 177, 155, true, true
1163352, 17668, 7530, 450, 178, 153, true, true
1164310, 17708, 7532, 452, 179, 152, true, true
1164990, 17738, 7535, 455, 180, 152, true, true
1166702, 17808, 7536, 456, 181, 151, true, true
1167117, 17826, 7536, 455, 180, 151, true, true
1167481, 17842, 7537, 456, 181, 148, true, true
1170168, 17936, 7585, 469, 181, 150, true, true
1171513, 17990, 7585, 468, 180, 151, true, true
1173396, 18064, 7585, 467, 179, 151, true, true
1173415, 18065, 7586, 468, 180, 150, true, true
1173719, 18080, 7586, 467, 179, 151, true, true
1173863, 18085, 7587, 468, 180, 150, true, true
1173975, 18090, 7587, 467, 179, 150, true, true
1174482, 18106, 7588, 468, 180, 149, true, true
1174832, 18116, 7589, 469, 181, 147, true, true
1182535, 18394, 7590, 470, 182, 146, true, true
1183488, 18427, 7590, 469, 181, 146, true, true
1184016, 18453, 7590, 468, 180, 146, true, true
1186099, 18513, 7590, 467, 179, 147, true, true
1188055, 18595, 7590, 466, 178, 149, true, true
1191131, 18710, 7590, 465, 177, 150, true, true
1193789, 18814, 7590, 464, 176, 151, true, true
1194462, 18837, 7590, 462, 175, 151, true, true
1194742, 18850, 7592, 464, 176, 150, true, true
1195363, 18870, 7592, 463, 175, 150, true, true
1197392, 18962, 7593, 464, 176, 149, true, true
1197467, 18965, 7593, 463, 175, 149, true, true
1199096, 19028, 7593, 462, 174, 152, true, true
1203699, 19198, 7593, 461, 173, 154, true, true
1206051, 19280, 7593, 460, 173, 155, true, true
1208909, 19394, 7594, 461, 174, 154, true, true
1211159, 19474, 7595, 462, 175, 151, true, true
1212371, 19524, 7604, 469, 176, 150, true, true
1215961, 19638, 7604, 468, 175, 152, true, true
1216198, 19648, 7604, 467, 174, 152, true, true
1217538, 19698, 7604, 463, 173, 152, true, true
1219027, 19759, 7604, 459, 172, 152, true, true
1220493, 19804, 7604, 457, 171, 155, true, true
1221018, 19823, 7605, 458, 172, 154, true, true
1223018, 19908, 7606, 459, 173, 149, true, true
1223098, 19910, 7606, 458, 172, 149, true, true
1225999, 19999, 7606, 457, 171, 150, true, true
1226114, 20005, 7607, 457, 171, 149, true, true
1227891, 20078, 7609, 459, 172, 150, true, true
1228860, 20115, 7610, 460, 173, 149, true, true
1230760, 20184, 7610, 459, 172, 149, true, true
1234510, 20338, 7613, 461, 172, 150, true, true
1235664, 20391, 7613, 460, 171, 150, true, true
1236637, 20428, 7613, 459, 171, 150, true, true
1238213, 20497, 7613, 458, 170, 150, true, true
1238631, 20513, 7613, 455, 170, 150, true, true
1239109, 20529, 7613, 454, 169, 151, true, true
1239762, 20562, 7615, 456, 170, 149, true, true
1240454, 20593, 7615, 455, 169, 150, true, true
1240506, 20597, 7617, 457, 170, 149, true, true
1241421, 20637, 7618, 456, 170, 148, true, true
1243279, 20687, 7621, 459, 171, 146, true, true
1244239, 20724, 7622, 460, 172, 146, true, true
1244706, 20743, 7622, 458, 171, 146, true, true
1246362, 20810, 7623, 459, 172, 142, true, true
1247929, 20863, 7624, 460, 173, 141, true, true
1248818, 20896, 7624, 459, 172, 141, true, true
1249915, 20940, 7625, 460, 173, 141, true, true
1253115, 21061, 7625, 459, 172, 144, true, true
1258145, 21275, 7626, 460, 173, 144, true, true
1258277, 21278, 7627, 461, 174, 142, true, true
1260108, 21346, 7627, 459, 173, 142, true, true
1261736, 21413, 7627, 458, 172, 143, true, true
1263385, 21480, 7627, 457, 171, 144, true, true
1263629, 21486, 7627, 456, 170, 144, true, true
1266297, 21583, 7628, 456, 170, 146, true, true
1267013, 21607, 7639, 446, 171, 144, true, true
1272994, 21844, 7640, 447, 172, 141, true, true
1273816, 21876, 7640, 446, 171, 142, true, true
1273847, 21878, 7641, 447, 172, 141, true, true
1274585, 21908, 7641, 446, 171, 142, true, true
1277817, 22035, 7641, 445, 170, 143, true, true
1278668, 22068, 7642, 446, 171, 142, true, true
1280062, 22129, 7643, 447, 172, 141, true, true
1280515, 22149, 7643, 446, 171, 141, true, true
1281343, 22185, 7643, 445, 170, 141, true, true
1283714, 22279, 7644, 446, 171, 142, true, true
1285347, 22342, 7644, 445, 170, 144, true, true
1285671, 22353, 7644, 444, 169, 144, true, true
1286064, 22367, 7645, 445, 170, 144, true, true
1288563, 22463, 7645, 444, 169, 145, true, true
1289223, 22489, 7646, 445, 170, 145, true, true
1294390, 22673, 7647, 446, 171, 149, true, true
1297363, 22796, 7649, 448, 172, 149, true, true
1297442, 22800, 7650, 448, 173, 148, true, true
1297638, 22810, 7651, 449, 174, 146, true, true
1298242, 22836, 7652, 450, 175, 141, true, true
1298731, 22856, 7652, 449, 174, 141, true, true
1299706, 22896, 7652, 448, 173, 144, true, true
1300459, 22932, 7655, 450, 173, 143, true, true
1300851, 22951, 7655, 449, 172, 144, true, true
1303174, 23025, 7663, 451, 173, 143, true, true
1304247, 23060, 7663, 450, 172, 144, true, true
1307538, 23186, 7663, 449, 171, 147, true, true
1308949, 23247, 7663, 447, 170, 149, true, true
1310173, 23299, 7664, 448, 171, 148, true, true
1310239, 23303, 7665, 449, 172, 144, true, true
1310445, 23313, 7665, 448, 171, 144, true, true
1315856, 23515, 7666, 449, 172, 150, true, true
1316356, 23539, 7666, 448, 171, 151, true, true
1317017, 23570, 7667, 449, 172, 149, true, true
1320376, 23710, 7668, 450, 173, 148, true, true
1322008, 23778, 7668, 449, 172, 151, true, true
1322790, 23812, 7668, 448, 171, 151, true, true
1324737, 23892, 7669, 449, 172, 148, true, true
1326295, 23955, 7669, 446, 172, 150, true, true
1328240, 24013, 7673, 450, 173, 147, true, true
1328881, 24048, 7673, 449, 172, 149, true, true
1329312, 24062, 7673, 448, 171, 149, true, true
1329410, 24067, 7673, 447, 171, 149, true, true
1332532, 24192, 7675, 449, 172, 145, true, true
1333057, 24214, 7676, 450, 173, 146, true, true
1334784, 24290, 7676, 449, 172, 147, true, true
1336546, 24362, 7676, 448, 172, 147, true, true
1337105, 24378, 7676, 447, 171, 147, true, true
1339652, 24476, 7677, 448, 172, 149, true, true
1341415, 24550, 7677, 447, 171, 149, true, true
1347803, 24803, 7677, 446, 170, 151, true, true
1348611, 24811, 7677, 445, 169, 151, true, true
1349340, 24842, 7677, 444, 168, 153, true, true
1350949, 24893, 7677, 443, 167, 153, true, true
1354340, 24991, 7677, 442, 166, 155, true, true
1354953, 25011, 7681, 446, 167, 154, true, true
1355670, 25040, 7683, 448, 168, 153, true, true
1356595, 25079, 7684, 449, 169, 151, true, true
1364162, 25346, 7684, 448, 168, 154, true, true
1364305, 25352, 7686, 448, 167, 150, true, true
1367538, 25469, 7687, 448, 167, 149, true, true
1368210, 25496, 7687, 447, 166, 149, true, true
1368413, 25502, 7687, 445, 165, 149, true, true
1370391, 25570, 7687, 444, 164, 150, true, true
1371897, 25641, 7687, 443, 163, 152, true, true
1379004, 25895, 7689, 445, 164, 155, true, true
1381191, 25976, 7689, 443, 163, 157, true, true
1382110, 26003, 7689, 442, 162, 157, true, true
1386966, 26189, 7689, 441, 161, 159, true, true
1387127, 26194, 7689, 440, 160, 159, true, true
1390379, 26293, 7696, 431, 161, 157, true, true
1391676, 26343, 7696, 430, 160, 157, true, true
1392787, 26391, 7696, 423, 159, 157, true, true
1396359, 26525, 7697, 424, 160, 156, true, true
1398231, 26587, 7697, 423, 159, 156, true, true
1398723, 26607, 7697, 422, 158, 156, true, true
1403139, 26782, 7698, 423, 159, 158, true, true
1403483, 26794, 7698, 422, 158, 158, true, true
1407993, 26959, 7698, 421, 157, 159, true, true
1410856, 27056, 7698, 420, 156, 159, true, true
1413717, 27157, 7698, 416, 156, 159, true, true
1414417, 27182, 7698, 415, 155, 159, true, true
1416281, 27243, 7699, 416, 156, 156, true, true
1417105, 27270, 7699, 415, 155, 156, true, true
1418842, 27338, 7701, 417, 156, 154, true, true
1419204, 27347, 7703, 419, 157, 153, true, true
1419458, 27359, 7703, 418, 156, 153, true, true
1423195, 27492, 7703, 417, 155, 158, true, true
1425313, 27578, 7703, 416, 154, 159, true, true
1426237, 27618, 7704, 417, 155, 153, true, true
1426851, 27644, 7704, 415, 154, 154, true, true
1427809, 27677, 7705, 416, 155, 150, true, true
1428296, 27697, 7707, 412, 156, 149, true, true
1429348, 27738, 7719, 424, 157, 143, true, true
1429577, 27749, 7720, 424, 157, 142, true, true
1431493, 27811, 7735, 425, 158, 142, true, true
1434879, 27893, 7735, 424, 157, 142, true, true
1436174, 27944, 7735, 423, 156, 142, true, true
1443269, 28211, 7735, 422, 155, 150, true, true
1443398, 28216, 7735, 421, 154, 150, true, true
1444853, 28264, 7735, 420, 153, 151, true, true
1445308, 28282, 7740, 425, 154, 150, true, true
1450781, 28487, 7742, 427, 155, 152, true, true
1451706, 28523, 7742, 425, 154, 152, true, true
1452444, 28551, 7743, 426, 155, 151, true, true
1454363, 28604, 7743, 425, 154, 151, true, true
1458188, 28721, 7743, 421, 153, 151, true, true
1459591, 28774, 7743, 420, 152, 153, true, true
1459898, 28787, 7744, 421, 153, 152, true, true
1460390, 28806, 7745, 421, 154, 149, true, true
1461853, 28860, 7746, 422, 155, 148, true, true
1463776, 28935, 7746, 421, 154, 149, true, true
1464882, 28979, 7746, 418, 153, 150, true, true
1473814, 29322, 7748, 420, 154, 150, true, true
1473837, 29323, 7749, 416, 155, 150, true, true
1479165, 29522, 7750, 417, 156, 152, true, true
1482916, 29655, 7751, 418, 157, 153, true, true
1484611, 29703, 7751, 417, 156, 155, true, true
1485972, 29747, 7751, 416, 155, 155, true, true
1487559, 29809, 7751, 415, 155, 156, true, true
1489711, 29896, 7751, 414, 154, 159, true, true
1490152, 29914, 7751, 413, 153, 159, true, true
1496758, 30160, 7751, 412, 152, 162, true, true
1497501, 30182, 7751, 411, 151, 162, true, true
1505273, 30452, 7751, 410, 150, 164, true, true
1511586, 30662, 7763, 418, 150, 163, true, true
1528758, 31314, 7763, 417, 149, 175, true, true
1532904, 31461, 7763, 416, 149, 177, true, true
1533974, 31488, 7763, 413, 148, 177, true, true
1535914, 31556, 7764, 414, 149, 176, true, true
1541558, 31779, 7764, 413, 148, 180, true, true
1545491, 31902, 7764, 410, 148, 183, true, true
1548505, 31980, 7764, 409, 147, 183, true, true
1552268, 32096, 7764, 408, 146, 185, true, true
1552790, 32114, 7767, 411, 147, 184, true, true
1553415, 32141, 7768, 412, 148, 181, true, true
1554309, 32167, 7768, 411, 147, 181, true, true
1560470, 32401, 7768, 410, 147, 184, true, true
1566697, 32645, 7768, 409, 146, 191, true, true
1567465, 32682, 7769, 410, 147, 190, true, true
1570203, 32790, 7769, 409, 146, 190, true, true
1570973, 32819, 7771, 411, 147, 190, true, true
1572758, 32894, 7772, 412, 148, 187, true, true
1573700, 32931, 7772, 411, 147, 188, true, true
1574616, 32971, 7773, 412, 148, 188, true, true
1576038, 33029, 7773, 409, 148, 189, true, true
1591661, 33619, 7773, 408, 147, 195, true, true
1591748, 33624, 7774, 409, 148, 193, true, true
1594638, 33739, 7775, 410, 149, 194, true, true
1604807, 34128, 7775, 407, 148, 198, true, true
1605220, 34145, 7775, 401, 148, 198, true, true
1607778, 34221, 7775, 399, 148, 198, true, true
1610358, 34318, 7778, 402, 149, 196, true, true
1616820, 34536, 7779, 403, 150, 194, true, true
1617606, 34568, 7779, 396, 150, 194, true, true
1618317, 34600, 7779, 395, 149, 194, true, true
1618685, 34617, 7779, 394, 148, 194, true, true
1619495, 34648, 7780, 394, 148, 192, true, true
1620495, 34684, 7783, 397, 149, 192, true, true
1622675, 34763, 7783, 393, 149, 192, true, true
1622860, 34772, 7783, 392, 148, 192, true, true
1628025, 34967, 7784, 393, 149, 191, true, true
1633062, 35163, 7784, 392, 148, 195, true, true
1634369, 35221, 7786, 394, 149, 195, true, true
1635697, 35279, 7786, 393, 148, 197, true, true
1637791, 35364, 7786, 392, 147, 198, true, true
1639778, 35441, 7788, 394, 148, 197, true, true
1644451, 35617, 7788, 392, 147, 198, true, true
1650342, 35836, 7790, 388, 147, 197, true, true
1651095, 35870, 7792, 390, 148, 196, true, true
1655426, 35976, 7792, 389, 147, 197, true, true
1660652, 36152, 7792, 388, 146, 198, true, true
1663163, 36256, 7794, 390, 147, 200, true, true
1664132, 36292, 7795, 391, 148, 199, true, true
1666365, 36383, 7798, 394, 149, 198, true, true
1670430, 36568, 7799, 395, 150, 197, true, true
1675898, 36753, 7800, 396, 151, 196, true, true
1676476, 36775, 7800, 395, 151, 196, true, true
1677446, 36791, 7800, 393, 150, 196, true, true
1680508, 36907, 7800, 392, 149, 197, true, true
1682758, 36983, 7801, 393, 150, 197, true, true
1685388, 37086, 7803, 395, 151, 196, true, true
1692114, 37353, 7803, 393, 150, 198, true, true
1692682, 37374, 7804, 393, 151, 196, true, true
1694483, 37426, 7804, 392, 150, 196, true, true
1703195, 37750, 7805, 392, 151, 198, true, true
1706106, 37865, 7806, 393, 152, 197, true, true
1708773, 37975, 7808, 392, 153, 197, true, true
1709732, 38014, 7811, 395, 154, 195, true, true
1709779, 38016, 7811, 393, 153, 195, true, true
1710619, 38044, 7811, 392, 153, 195, true, true
1714045, 38162, 7811, 391, 152, 198, true, true
1719604, 38377, 7812, 392, 153, 199, true, true
1723977, 38547, 7812, 391, 152, 202, true, true
1724366, 38556, 7814, 393, 153, 201, true, true
1729317, 38738, 7817, 396, 154, 201, true, true
1737305, 39043, 7819, 394, 155, 202, true, true
1737772, 39063, 7819, 393, 154, 202, true, true
1738923, 39116, 7820, 394, 155, 199, true, true
1743375, 39293, 7820, 393, 154, 199, true, true
1748844, 39519, 7821, 394, 155, 202, true, true
1749428, 39540, 7822, 395, 156, 201, true, true
1759854, 39931, 7823, 396, 157, 193, true, true
1763317, 40044, 7824, 397, 158, 191, true, true
1765478, 40131, 7825, 398, 159, 190, true, true
1771517, 40371, 7825, 397, 159, 194, true, true
1771786, 40381, 7826, 398, 160, 193, true, true
1777323, 40603, 7826, 397, 159, 195, true, true
1779118, 40659, 7830, 384, 159, 193, true, true
1788804, 41036, 7830, 383, 159, 198, true, true
1797302, 41395, 7832, 379, 160, 202, true, true
1798727, 41444, 7832, 376, 159, 203, true, true
1807550, 41781, 7832, 375, 159, 205, true, true
1810429, 41878, 7834, 377, 160, 207, true, true
1810680, 41886, 7834, 376, 159, 207, true, true
1813108, 41972, 7835, 377, 160, 206, true, true
1814544, 42030, 7836, 378, 161, 206, true, true
1816538, 42108, 7836, 377, 160, 207, true, true
1820811, 42289, 7836, 375, 159, 210, true, true
1826511, 42524, 7837, 376, 160, 205, true, true
1838528, 42936, 7837, 375, 159, 208, true, true
1841928, 43048, 7838, 376, 160, 207, true, true
1842481, 43070, 7839, 377, 161, 206, true, true
1846825, 43255, 7839, 376, 160, 208, true, true
1847434, 43284, 7841, 377, 160, 203, true, true
1850783, 43391, 7842, 378, 161, 197, true, true
1860074, 43765, 7843, 379, 162, 201, true, true
1863055, 43882, 7843, 378, 162, 202, true, true
1875546, 44390, 7843, 377, 161, 204, true, true
1877136, 44450, 7849, 383, 162, 202, true, true
1880595, 44590, 7849, 381, 161, 202, true, true
1881084, 44613, 7850, 382, 162, 200, true, true
1884030, 44721, 7851, 383, 163, 199, true, true
1890684, 44939, 7852, 384, 164, 198, true, true
1891961, 44990, 7852, 383, 164, 198, true, true
1893987, 45058, 7854, 378, 165, 198, true, true
1894241, 45060, 7856, 380, 166, 197, true, true
1899741, 45293, 7858, 382, 167, 195, true, true
1907311, 45601, 7859, 382, 168, 195, true, true
1910714, 45714, 7860, 383, 169, 193, true, true
1911822, 45762, 7861, 383, 169, 191, true, true
1916030, 45942, 7861, 382, 168, 192, true, true
1917499, 46013, 7861, 381, 168, 192, true, true
1919079, 46064, 7861, 380, 167, 192, true, true
1924310, 46266, 7861, 379, 166, 193, true, true
1924837, 46286, 7862, 380, 167, 186, true, true
1925398, 46309, 7865, 383, 168, 184, true, true
1928685, 46427, 7866, 384, 169, 183, true, true
1930270, 46487, 7867, 385, 170, 180, true, true
1935892, 46707, 7867, 384, 169, 183, true, true
1942115, 46908, 7868, 385, 170, 183, true, true
1943317, 46958, 7868, 384, 169, 183, true, true
1943629, 46972, 7868, 383, 168, 183, true, true
1944722, 47017, 7868, 382, 167, 184, true, true
1944733, 47018, 7869, 383, 168, 178, true, true
1945813, 47062, 7874, 386, 169, 175, true, true
1964598, 47833, 7874, 385, 168, 177, true, true
1970454, 48054, 7875, 386, 169, 171, true, true
1971382, 48095, 7875, 385, 168, 172, true, true
1973427, 48167, 7876, 386, 169, 169, true, true
1973583, 48177, 7877, 386, 169, 168, true, true
1979104, 48409, 7877, 385, 168, 169, true, true
1982342, 48517, 7877, 384, 167, 171, true, true
1989385, 48777, 7877, 381, 166, 173, true, true
1990958, 48837, 7882, 386, 167, 172, true, true
1992433, 48900, 7882, 384, 166, 172, true, true
1997127, 49102, 7882, 383, 165, 173, true, true
2007052, 49445, 7882, 382, 164, 177, true, true
2009640, 49536, 7883, 383, 165, 178, true, true
2011600, 49613, 7883, 382, 164, 179, true, true
2011791, 49623, 7886, 385, 165, 178, true, true
2013104, 49676, 7887, 386, 166, 174, true, true
2017749, 49878, 7888, 387, 167, 173, true, true
2018171, 49896, 7888, 386, 166, 173, true, true
2019503, 49953, 7889, 387, 167, 173, true, true
2024345, 50161, 7889, 386, 166, 173, true, true
2031643, 50438, 7889, 385, 165, 174, true, true
2035982, 50612, 7890, 386, 166, 175, true, true
2043178, 50876, 7893, 386, 167, 175, true, true
2044516, 50935, 7893, 385, 166, 175, true, true
2049417, 51142, 7893, 384, 165, 176, true, true
2050700, 51201, 7893, 382, 165, 176, true, true
2056547, 51422, 7894, 383, 166, 179, true, true
2056679, 51431, 7895, 384, 167, 178, true, true
2058629, 51516, 7895, 382, 166, 179, true, true
2061097, 51602, 7898, 385, 167, 181, true, true
2068472, 51883, 7900, 386, 168, 181, true, true
2070312, 51952, 7906, 392, 169, 180, true, true
2072010, 52025, 7906, 391, 169, 180, true, true
2080724, 52301, 7906, 390, 168, 182, true, true
2086272, 52517, 7906, 388, 167, 182, true, true
2087288, 52557, 7906, 386, 167, 183, true, true
2097053, 52910, 7906, 385, 166, 185, true, true
2100653, 53043, 7906, 384, 165, 185, true, true
2108538, 53363, 7906, 383, 164, 187, true, true
2112212, 53509, 7907, 384, 165, 187, true, true
2119934, 53799, 7907, 383, 164, 190, true, true
2138414, 54559, 7910, 386, 165, 192, true, true
2145471, 54827, 7911, 387, 166, 191, true, true
2147621, 54938, 7912, 388, 167, 188, true, true
2152594, 55145, 7912, 386, 166, 189, true, true
2155575, 55252, 7913, 387, 167, 187, true, true
2164979, 55577, 7920, 391, 167, 188, true, true
2165975, 55618, 7920, 390, 166, 188, true, true
2169198, 55766, 7920, 389, 166, 188, true, true
2173161, 55945, 7921, 390, 167, 190, true, true
2173577, 55963, 7921, 389, 166, 190, true, true
2180338, 56202, 7922, 390, 167, 189, true, true
2182550, 56295, 7923, 391, 168, 187, true, true
2185280, 56414, 7923, 390, 167, 188, true, true
2186866, 56487, 7923, 389, 166, 188, true, true
2190753, 56647, 7924, 390, 167, 184, true, true
2194153, 56772, 7924, 389, 166, 186, true, true
2194163, 56773, 7925, 390, 167, 184, true, true
2201770, 57015, 7925, 388, 166, 186, true, true
2213991, 57482, 7926, 389, 167, 188, true, true
2221785, 57804, 7928, 389, 167, 189, true, true
2224252, 57910, 7928, 387, 167, 189, true, true
2228836, 58117, 7928, 386, 166, 189, true, true
2233946, 58340, 7928, 385, 166, 191, true, true
2237246, 58486, 7928, 384, 165, 191, true, true
2237675, 58504, 7936, 389, 165, 188, true, true
2238647, 58527, 7942, 395, 166, 186, true, true
2241333, 58646, 7942, 394, 165, 188, true, true
2243222, 58712, 7943, 395, 166, 185, true, true
2244264, 58750, 7944, 396, 167, 183, true, true
2254872, 59141, 7944, 395, 166, 184, true, true
2259145, 59269, 7944, 394, 165, 184, true, true
2261144, 59348, 7944, 393, 164, 184, true, true
2261381, 59356, 7944, 391, 164, 184, true, true
2262235, 59395, 7946, 393, 165, 183, true, true
2266395, 59569, 7947, 394, 166, 181, true, true
2268660, 59643, 7947, 393, 165, 181, true, true
2269644, 59685, 7948, 394, 166, 179, true, true
2271164, 59746, 7948, 393, 166, 179, true, true
2273500, 59850, 7959, 403, 166, 178, true, true
2275949, 59956, 7959, 402, 165, 178, true, true
2277915, 60038, 7961, 404, 166, 177, true, true
2290985, 60579, 7963, 405, 166, 181, true, true
2294439, 60696, 7964, 406, 167, 176, true, true
2302161, 61026, 7964, 405, 167, 179, true, true
2309531, 61336, 7965, 406, 168, 181, true, true
2313479, 61479, 7984, 423, 168, 179, true, true
2313861, 61491, 7985, 424, 169, 177, true, true
2314478, 61512, 7986, 425, 170, 175, true, true
2317203, 61634, 7986, 424, 169, 175, true, true
2322621, 61845, 7986, 422, 168, 176, true, true
2323432, 61885, 7987, 423, 169, 173, true, true
2324852, 61944, 7987, 422, 168, 173, true, true
2333042, 62293, 7987, 421, 167, 178, true, true
2340727, 62601, 7987, 420, 166, 179, true, true
2348357, 62895, 7988, 421, 167, 177, true, true
2350627, 62984, 7988, 419, 166, 178, true, true
2353597, 63089, 7989, 420, 167, 177, true, true
2355398, 63169, 7989, 418, 167, 177, true, true
2360969, 63344, 7989, 417, 167, 179, true, true
2366866, 63569, 7989, 415, 166, 181, true, true
2368108, 63610, 7995, 421, 167, 180, true, true
2368627, 63623, 7995, 420, 166, 180, true, true
2369870, 63676, 7999, 424, 167, 179, true, true
2378907, 63977, 8000, 424, 168, 179, true, true
2399567, 64751, 8004, 426, 168, 181, true, true
2401411, 64826, 8004, 425, 167, 181, true, true
2403542, 64900, 8005, 426, 168, 177, true, true
2406902, 65038, 8006, 427, 169, 175, true, true
2410008, 65162, 8006, 422, 168, 175, true, true
2411476, 65235, 8006, 421, 167, 176, true, true
2420987, 65602, 8007, 422, 168, 180, true, true
2427645, 65843, 8008, 423, 169, 179, true, true
2429160, 65911, 8010, 424, 170, 178, true, true
2432150, 66023, 8025, 435, 171, 178, true, true
2438508, 66268, 8026, 436, 172, 180, true, true
2441997, 66402, 8026, 433, 171, 181, true, true
2459006, 67004, 8026, 428, 171, 183, true, true
2460390, 67063, 8026, 409, 170, 183, true, true
2465583, 67254, 8027, 410, 171, 179, true, true
2467168, 67317, 8027, 409, 170, 179, true, true
2477922, 67716, 8027, 408, 169, 180, true, true
2478628, 67738, 8028, 408, 170, 178, true, true
2479301, 67762, 8028, 405, 169, 178, true, true
2493254, 68237, 8030, 403, 169, 178, true, true
2500844, 68509, 8030, 402, 168, 180, true, true
2516497, 69082, 8030, 400, 167, 181, true, true
2520513, 69234, 8030, 399, 166, 181, true, true
2522664, 69333, 8030, 398, 165, 182, true, true
2536946, 69870, 8034, 402, 166, 183, true, true
2539214, 69956, 8034, 401, 166, 184, true, true
2541781, 70061, 8036, 403, 167, 183, true, true
2542264, 70080, 8036, 402, 166, 183, true, true
2545754, 70216, 8036, 401, 166, 183, true, true
2550658, 70418, 8037, 402, 167, 181, true, true
2552943, 70509, 8038, 397, 167, 180, true, true
2555960, 70609, 8038, 396, 166, 180, true, true
2556869, 70645, 8038, 395, 165, 181, true, true
2568158, 71063, 8038, 389, 164, 184, true, true
2573696, 71287, 8039, 390, 165, 184, true, true
2576045, 71377, 8042, 393, 166, 183, true, true
2581347, 71597, 8042, 392, 165, 184, true, true
2582884, 71653, 8042, 391, 164, 184, true, true
2588417, 71855, 8042, 390, 163, 184, true, true
2596193, 72085, 8042, 388, 162, 184, true, true
2602849, 72325, 8043, 389, 163, 184, true, true
2604280, 72384, 8044, 390, 164, 184, true, true
2605920, 72453, 8044, 384, 163, 184, true, true
2614917, 72782, 8044, 383, 162, 184, true, true
2620817, 72993, 8046, 381, 162, 179, true, true
2625233, 73157, 8046, 380, 161, 181, true, true
2627215, 73231, 8046, 375, 161, 181, true, true
2630070, 73344, 8046, 373, 160, 181, true, true
2630420, 73361, 8046, 372, 159, 181, true, true
2633115, 73473, 8046, 371, 158, 182, true, true
2640971, 73702, 8047, 372, 159, 181, true, true
2646402, 73883, 8048, 373, 160, 181, true, true
2650791, 74048, 8048, 372, 159, 184, true, true
2655375, 74232, 8049, 373, 160, 183, true, true
2661814, 74472, 8050, 374, 161, 184, true, true
2676684, 75024, 8051, 375, 162, 177, true, true
2677656, 75061, 8052, 376, 163, 175, true, true
2691514, 75536, 8053, 377, 164, 174, true, true
2708267, 76162, 8054, 378, 165, 176, true, true
2709846, 76223, 8055, 379, 166, 175, true, true
2710474, 76245, 8055, 370, 165, 175, true, true
2720797, 76631, 8057, 368, 164, 178, true, true
2721826, 76647, 8057, 364, 162, 178, true, true
2722879, 76694, 8058, 365, 163, 178, true, true
2723796, 76737, 8058, 364, 163, 178, true, true
2724512, 76765, 8060, 362, 164, 177, true, true
2732066, 77036, 8062, 364, 165, 177, true, true
2732896, 77067, 8062, 363, 164, 177, true, true
2735176, 77133, 8062, 362, 163, 177, true, true
2738867, 77288, 8063, 363, 164, 176, true, true
2743437, 77453, 8063, 362, 164, 177, true, true
2756171, 77947, 8063, 361, 163, 177, true, true
2756930, 77976, 8063, 360, 162, 177, true, true
2757768, 78007, 8064, 361, 163, 175, true, true
2776179, 78641, 8065, 362, 164, 177, true, true
2779121, 78765, 8066, 363, 165, 176, true, true
2785231, 79010, 8066, 362, 165, 178, true, true
2785618, 79025, 8073, 365, 165, 177, true, true
2790447, 79211, 8073, 362, 164, 178, true, true
2796811, 79429, 8073, 359, 163, 178, true, true
2798221, 79472, 8073, 358, 162, 178, true, true
2798358, 79476, 8074, 358, 162, 176, true, true
2801625, 79594, 8074, 357, 161, 177, true, true
2806932, 79818, 8076, 359, 162, 173, true, true
2808319, 79847, 8076, 348, 162, 173, true, true
2816533, 80169, 8076, 347, 161, 174, true, true
2819281, 80270, 8077, 348, 162, 171, true, true
2823740, 80447, 8078, 349, 163, 172, true, true
2826531, 80524, 8079, 350, 164, 169, true, true
2842057, 81056, 8079, 348, 164, 171, true, true
2843137, 81101, 8080, 349, 165, 169, true, true
2853971, 81489, 8084, 353, 166, 166, true, true
2858301, 81643, 8085, 353, 167, 165, true, true
2865369, 81898, 8086, 354, 168, 160, true, true
2869632, 82057, 8086, 353, 167, 161, true, true
2871668, 82131, 8087, 354, 168, 160, true, true
2883083, 82449, 8088, 354, 168, 157, true, true
2885640, 82552, 8088, 353, 167, 157, true, true
2892661, 82745, 8089, 354, 168, 156, true, true
2895012, 82819, 8089, 353, 167, 156, true, true
2908113, 83217, 8089, 352, 166, 157, true, true
2909227, 83262, 8090, 353, 167, 154, true, true
2910434, 83313, 8091, 352, 167, 153, true, true
2920642, 83675, 8091, 351, 166, 156, true, true
2921086, 83685, 8092, 352, 167, 151, true, true
2925808, 83819, 8092, 350, 166, 151, true, true
2930122, 83974, 8093, 351, 167, 148, true, true
2933094, 84086, 8095, 353, 168, 147, true, true
2938402, 84244, 8096, 354, 169, 147, true, true
2947698, 84589, 8096, 353, 168, 148, true, true
2953877, 84820, 8096, 352, 167, 148, true, true
2960875, 85062, 8096, 351, 166, 150, true, true
2969806, 85375, 8096, 350, 165, 152, true, true
2979286, 85714, 8096, 349, 164, 152, true, true
2980591, 85760, 8096, 347, 163, 152, true, true
2996965, 86290, 8096, 346, 163, 154, true, true
2997439, 86304, 8146, 396, 164, 153, true, true
3010700, 86775, 8146, 395, 163, 154, true, true
3014901, 86944, 8146, 394, 162, 154, true, true
3017065, 87016, 8146, 393, 161, 155, true, true
3017099, 87018, 8147, 390, 161, 154, true, true
3026204, 87348, 8148, 391, 162, 153, true, true
3027949, 87407, 8150, 393, 163, 153, true, true
3030648, 87496, 8151, 394, 164, 153, true, true
3043810, 87968, 8152, 395, 165, 150, true, true
3070572, 88868, 8152, 393, 164, 155, true, true
3104350, 89982, 8152, 392, 164, 160, true, true
3107684, 90103, 8153, 393, 165, 158, true, true
3109311, 90158, 8155, 395, 166, 157, true, true
3119749, 90520, 8155, 394, 165, 160, true, true
3121018, 90561, 8156, 395, 166, 159, true, true
3123681, 90667, 8162, 401, 167, 158, true, true
3143747, 91340, 8162, 400, 166, 161, true, true
3152845, 91676, 8162, 398, 165, 163, true, true
3152877, 91678, 8163, 399, 166, 161, true, true
3169326, 92244, 8163, 398, 165, 162, true, true
3172157, 92336, 8163, 397, 164, 163, true, true
3189709, 92952, 8163, 395, 162, 167, true, true
3190593, 92985, 8163, 394, 161, 167, true, true
3196384, 93188, 8163, 393, 160, 167, true, true
3200696, 93350, 8164, 394, 161, 166, true, true
3209304, 93674, 8165, 395, 162, 164, true, true
3210345, 93712, 8166, 396, 163, 162, true, true
3217883, 93957, 8166, 395, 162, 162, true, true
3242523, 94820, 8166, 394, 161, 162, true, true
3250587, 95100, 8167, 395, 162, 161, true, true
3265042, 95634, 8171, 399, 163, 162, true, true
3270153, 95796, 8172, 400, 164, 161, true, true
3280004, 96136, 8174, 402, 165, 164, true, true
3298153, 96773, 8175, 403, 166, 163, true, true
3300322, 96865, 8175, 402, 165, 163, true, true
3304036, 96998, 8175, 401, 165, 166, true, true
3310617, 97223, 8175, 400, 164, 167, true, true
3330080, 97900, 8175, 399, 163, 171, true, true
3337346, 98161, 8175, 398, 162, 172, true, true
3343941, 98379, 8176, 399, 163, 173, true, true
3349514, 98547, 8177, 400, 164, 172, true, true
3359748, 98917, 8177, 399, 163, 173, true, true
3359770, 98918, 8178, 400, 164, 172, true, true
3361802, 98983, 8179, 401, 165, 168, true, true
3387456, 99873, 8179, 399, 164, 171, true, true
3413330, 100769, 8180, 400, 165, 172, true, true
3419192, 100977, 8181, 400, 166, 171, true, true
3423964, 101128, 8182, 401, 167, 169, true, true
3439785, 101731, 8185, 397, 168, 168, true, true
3459905, 102418, 8186, 398, 169, 168, true, true
3467890, 102687, 8187, 399, 170, 167, true, true
3468423, 102705, 8188, 400, 171, 166, true, true
3471716, 102827, 8188, 398, 171, 167, true, true
3471830, 102832, 8189, 399, 172, 165, true, true
3475278, 102947, 8190, 400, 173, 163, true, true
3478532, 103066, 8191, 401, 174, 162, true, true
3479305, 103099, 8191, 400, 173, 163, true, true
3490385, 103516, 8191, 399, 172, 164, true, true
3507202, 104099, 8192, 400, 173, 165, true, true
3513688, 104325, 8192, 399, 172, 166, true, true
3536765, 105101, 8192, 398, 171, 167, true, true
3539830, 105195, 8194, 400, 172, 166, true, true
3547934, 105430, 8194, 399, 172, 167, true, true
3558701, 105789, 8196, 401, 173, 166, true, true
3558770, 105792, 8196, 400, 172, 166, true, true
3571813, 106256, 8196, 399, 171, 167, true, true
3588341, 106807, 8199, 402, 172, 170, true, true
3589796, 106844, 8200, 397, 172, 169, true, true
3608361, 107408, 8200, 393, 171, 169, true, true
3611129, 107502, 8200, 392, 170, 171, true, true
3614136, 107583, 8201, 393, 171, 167, true, true
3638256, 108398, 8207, 397, 172, 171, true, true
3645521, 108632, 8207, 396, 171, 172, true, true
3656987, 108980, 8208, 397, 172, 172, true, true
3684820, 109882, 8208, 396, 171, 174, true, true
3689135, 110018, 8209, 397, 172, 173, true, true
3710258, 110700, 8210, 398, 173, 175, true, true
3722662, 111059, 8211, 399, 174, 171, true, true
3723895, 111097, 8213, 401, 175, 171, true, true
3740080, 111654, 8214, 402, 176, 172, true, true
3740708, 111668, 8214, 401, 175, 172, true, true
3785265, 113116, 8214, 400, 174, 177, true, true
3785905, 113135, 8214, 399, 173, 177, true, true
3791514, 113316, 8214, 398, 172, 177, true, true
3793378, 113379, 8217, 398, 173, 174, true, true
3806026, 113786, 8220, 401, 174, 173, true, true
3814236, 114070, 8222, 402, 174, 172, true, true
3835343, 114758, 8223, 403, 175, 169, true, true
3838627, 114869, 8224, 399, 176, 168, true, true
3846484, 115112, 8224, 398, 175, 168, true, true
3853513, 115337, 8225, 399, 176, 166, true, true
3885697, 116355, 8226, 397, 176, 168, true, true
3890053, 116506, 8230, 401, 177, 168, true, true
3904577, 116985, 8245, 416, 178, 168, true, true
3906857, 117069, 8245, 415, 177, 168, true, true
3918205, 117472, 8245, 411, 176, 171, true, true
3923241, 117662, 8246, 412, 177, 166, true, true
3962916, 118959, 8246, 411, 176, 171, true, true
3996076, 120036, 8246, 410, 175, 174, true, true
4000962, 120200, 8246, 409, 174, 174, true, true
4002751, 120230, 8246, 406, 173, 174, true, true
4012158, 120503, 8247, 407, 174, 171, true, true
4012193, 120504, 8247, 406, 173, 171, true, true
4020327, 120734, 8257, 416, 174, 171, true, true
4042824, 121483, 8257, 415, 173, 175, true, true
4051909, 121817, 8257, 414, 172, 175, true, true
4065098, 122259, 8257, 413, 171, 176, true, true
4065706, 122283, 8257, 412, 171, 176, true, true
4066559, 122314, 8257, 411, 170, 176, true, true
4077815, 122672, 8258, 410, 170, 173, true, true
4083058, 122840, 8258, 409, 169, 173, true, true
4109777, 123688, 8260, 410, 169, 178, true, true
4117500, 123904, 8260, 409, 168, 178, true, true
4122634, 124072, 8260, 408, 168, 179, true, true
4127113, 124224, 8261, 409, 169, 179, true, true
4131928, 124382, 8261, 408, 168, 179, true, true
4138474, 124560, 8261, 407, 167, 179, true, true
4153382, 125056, 8262, 407, 167, 181, true, true
4174069, 125691, 8262, 406, 166, 183, true, true
4178940, 125879, 8263, 407, 167, 182, true, true
4186567, 126114, 8268, 404, 168, 180, true, true
4193903, 126360, 8268, 403, 167, 181, true, true
4195143, 126404, 8269, 404, 168, 180, true, true
4196106, 126434, 8270, 405, 169, 178, true, true
4209363, 126894, 8270, 390, 168, 178, true, true
4222773, 127337, 8270, 387, 167, 178, true, true
4248703, 128136, 8270, 384, 166, 182, true, true
4258423, 128455, 8271, 385, 167, 179, true, true
4282505, 129245, 8283, 383, 168, 177, true, true
4298709, 129783, 8283, 382, 167, 181, true, true
4306063, 130032, 8284, 383, 168, 179, true, true
4316146, 130368, 8284, 382, 167, 180, true, true
4316743, 130389, 8284, 379, 167, 180, true, true
4329027, 130821, 8284, 378, 166, 183, true, true
4331788, 130925, 8288, 381, 167, 182, true, true
4333992, 131003, 8289, 382, 168, 179, true, true
4340775, 131249, 8290, 383, 169, 179, true, true
4366742, 132114, 8293, 375, 168, 182, true, true
4370866, 132244, 8294, 376, 169, 180, true, true
4379063, 132529, 8296, 378, 170, 180, true, true
4387104, 132814, 8296, 376, 169, 181, true, true
4409906, 133549, 8296, 375, 168, 184, true, true
4435786, 134459, 8296, 373, 167, 186, true, true
4459087, 135262, 8297, 374, 168, 186, true, true
4469461, 135624, 8297, 373, 167, 187, true, true
4476803, 135906, 8298, 374, 168, 186, true, true
4479470, 136005, 8305, 377, 166, 182, true, true
4491097, 136378, 8306, 378, 167, 182, true, true
4507510, 136957, 8306, 374, 166, 183, true, true
4508977, 136997, 8307, 375, 167, 182, true, true
4523241, 137475, 8313, 367, 168, 184, true, true
4558004, 138583, 8313, 366, 168, 189, true, true
4567677, 138860, 8314, 367, 169, 186, true, true
4578993, 139260, 8314, 366, 168, 188, true, true
4588049, 139570, 8314, 365, 167, 188, true, true
4590063, 139640, 8314, 364, 166, 188, true, true
4594203, 139808, 8314, 363, 165, 189, true, true
4610365, 140374, 8314, 362, 164, 190, true, true
4621478, 140762, 8315, 363, 165, 191, true, true
4636007, 141288, 8315, 362, 164, 191, true, true
4640564, 141445, 8315, 361, 163, 191, true, true
4652836, 141826, 8315, 360, 162, 191, true, true
4653791, 141863, 8316, 361, 163, 190, true, true
4660842, 142076, 8317, 362, 164, 186, true, true
4714828, 143969, 8317, 360, 163, 190, true, true
4727504, 144397, 8318, 361, 164, 190, true, true
4781889, 146234, 8318, 360, 163, 191, true, true
4797286, 146752, 8321, 363, 164, 190, true, true
4820261, 147513, 8334, 374, 164, 191, true, true
4833138, 147965, 8334, 373, 163, 192, true, true
4833637, 147983, 8340, 379, 164, 191, true, true
4905109, 150520, 8340, 378, 163, 194, true, true
4910721, 150707, 8341, 379, 164, 193, true, true
4930720, 151420, 8341, 378, 163, 193, true, true
4942069, 151839, 8342, 379, 164, 193, true, true
4956161, 152311, 8342, 377, 163, 194, true, true
4971471, 152902, 8342, 376, 162, 196, true, true
4978889, 153141, 8343, 377, 163, 191, true, true
4986102, 153387, 8343, 376, 162, 191, true, true
4999829, 153903, 8346, 375, 163, 191, true, true
5020106, 154622, 8347, 376, 164, 193, true, true
5037282, 155212, 8347, 375, 163, 193, true, true
5059052, 156083, 8351, 375, 163, 192, true, true
5065282, 156320, 8352, 376, 164, 191, true, true
5070257, 156503, 8353, 376, 164, 190, true, true
5101943, 157645, 8354, 377, 165, 191, true, true
5112259, 158029, 8354, 376, 164, 192, true, true
5120584, 158315, 8356, 378, 165, 188, true, true
5125577, 158488, 8356, 377, 164, 188, true, true
5141370, 159044, 8357, 378, 165, 187, true, true
5148140, 159278, 8357, 377, 164, 187, true, true
5152371, 159416, 8358, 378, 165, 186, true, true
5184634, 160565, 8359, 379, 166, 185, true, true
5187138, 160664, 8360, 380, 167, 179, true, true
5195350, 160954, 8360, 379, 166, 179, true, true
5208510, 161408, 8360, 378, 165, 179, true, true
5214428, 161607, 8361, 377, 165, 178, true, true
5278477, 163976, 8362, 378, 166, 181, true, true
5289093, 164319, 8362, 376, 165, 182, true, true
5370275, 165255, 8363, 377, 166, 181, true, true
5399431, 166354, 8364, 378, 167, 182, true, true
5403786, 166516, 8364, 377, 166, 182, true, true
5419097, 167072, 8365, 378, 167, 179, true, true
5422980, 167220, 8366, 379, 168, 178, true, true
5425972, 167342, 8367, 379, 169, 175, true, true
5443822, 167968, 8367, 378, 168, 175, true, true
5456090, 168421, 8367, 377, 167, 175, true, true
5464653, 168751, 8367, 376, 166, 175, true, true
5472171, 169058, 8373, 382, 167, 170, true, true
5490208, 169743, 8373, 381, 166, 172, true, true
5503081, 170260, 8374, 382, 167, 171, true, true
5503926, 170294, 8375, 383, 168, 169, true, true
5551243, 172065, 8375, 382, 167, 173, true, true
5556047, 172253, 8376, 383, 168, 170, true, true
5562396, 172486, 8377, 384, 169, 169, true, true
5575029, 172960, 8378, 382, 169, 167, true, true
5586454, 173372, 8378, 380, 168, 167, true, true
5602511, 173932, 8378, 379, 167, 167, true, true
5614592, 174382, 8378, 378, 166, 167, true, true
5626329, 174812, 8380, 380, 167, 166, true, true
5628458, 174890, 8381, 381, 168, 164, true, true
5666621, 176203, 8382, 382, 169, 162, true, true
5668194, 176270, 8382, 381, 168, 162, true, true
5675954, 176538, 8386, 385, 169, 160, true, true
5681832, 176779, 8387, 386, 170, 158, true, true
5685408, 176918, 8388, 387, 171, 158, true, true
5741437, 178927, 8389, 374, 172, 157, true, true
5765243, 179759, 8389, 373, 171, 157, true, true
5766049, 179787, 8390, 374, 172, 154, true, true
5768956, 179892, 8391, 375, 173, 152, true, true
5770222, 179925, 8392, 376, 174, 150, true, true
5787213, 180530, 8393, 377, 175, 149, true, true
5791618, 180700, 8394, 377, 176, 147, true, true
5798225, 180945, 8394, 376, 175, 147, true, true
5810419, 181405, 8422, 395, 176, 145, true, true
5821361, 181758, 8424, 397, 177, 143, true, true
5833149, 182194, 8425, 397, 177, 142, true, true
5857901, 183050, 8425, 392, 176, 144, true, true
5861705, 183189, 8426, 393, 177, 142, true, true
5869388, 183436, 8427, 386, 177, 142, true, true
5904225, 184627, 8428, 387, 178, 141, true, true
5915824, 185036, 8429, 388, 179, 139, true, true
5917195, 185083, 8429, 387, 178, 139, true, true
5918785, 185129, 8430, 388, 179, 135, true, true
5930690, 185584, 8430, 387, 178, 135, true, true
5933641, 185700, 8430, 386, 177, 135, true, true
5984606, 187447, 8430, 385, 176, 136, true, true
6006955, 188223, 8430, 384, 175, 137, true, true
6024804, 188883, 8430, 381, 174, 137, true, true
6039986, 189435, 8430, 380, 174, 137, true, true
6072937, 190574, 8431, 381, 175, 135, true, true
6091011, 191206, 8431, 378, 174, 136, true, true
6103621, 191662, 8431, 377, 173, 137, true, true
6109971, 191878, 8432, 378, 174, 136, true, true
6113958, 192000, 8433, 379, 175, 133, true, true
6115320, 192053, 8433, 378, 174, 133, true, true
6142162, 193031, 8434, 379, 175, 131, true, true
6166885, 193868, 8438, 383, 176, 129, true, true
6167001, 193874, 8439, 384, 177, 128, true, true
6168402, 193928, 8439, 382, 176, 128, true, true
6169896, 193984, 8440, 383, 177, 127, true, true
6194578, 194893, 8441, 384, 178, 125, true, true
6201032, 195127, 8442, 385, 179, 123, true, true
6214402, 195603, 8443, 379, 178, 122, true, true
6230670, 196180, 8443, 378, 177, 123, true, true
6245451, 196676, 8443, 377, 176, 124, true, true
6246343, 196705, 8444, 377, 176, 123, true, true
6248885, 196811, 8444, 376, 175, 124, true, true
6273905, 197674, 8444, 375, 175, 124, true, true
6299893, 198623, 8444, 374, 174, 125, true, true
6316642, 199191, 8446, 374, 174, 125, true, true
6316812, 199198, 8446, 370, 173, 125, true, true
6324511, 199488, 8447, 371, 174, 124, true, true
6324887, 199504, 8447, 369, 173, 124, true, true
6342563, 200104, 8447, 368, 172, 125, true, true
6361596, 200745, 8450, 371, 173, 122, true, true
6369944, 201042, 8450, 370, 172, 122, true, true
6382503, 201483, 8450, 368, 171, 122, true, true
6408843, 202331, 8450, 364, 170, 123, true, true
6416911, 202649, 8450, 363, 169, 123, true, true
6451928, 203840, 8450, 358, 168, 124, true, true
6468921, 204414, 8451, 359, 169, 123, true, true
6470605, 204469, 8452, 360, 170, 122, true, true
6483031, 204917, 8452, 359, 169, 122, true, true
6485519, 205015, 8452, 358, 168, 123, true, true
6499720, 205552, 8452, 357, 167, 123, true, true
6510580, 205969, 8453, 358, 168, 121, true, true
6541158, 207069, 8454, 359, 169, 123, true, true
6541986, 207079, 8455, 360, 170, 122, true, true
6612204, 209279, 8456, 361, 171, 124, true, true
6627246, 209854, 8456, 360, 170, 127, true, true
6658708, 210993, 8456, 359, 169, 131, true, true
6682841, 211875, 8457, 360, 170, 133, true, true
6690396, 212132, 8457, 357, 169, 133, true, true
6703128, 212561, 8458, 358, 170, 131, true, true
6703279, 212564, 8458, 357, 169, 131, true, true
6704822, 212627, 8459, 358, 170, 129, true, true
6707637, 212735, 8460, 359, 171, 125, true, true
6765753, 214950, 8461, 360, 172, 123, true, true
6766718, 214989, 8462, 361, 173, 121, true, true
6771426, 215177, 8462, 360, 172, 122, true, true
6773302, 215247, 8465, 362, 172, 121, true, true
6792444, 215910, 8466, 363, 173, 117, true, true
6796508, 216083, 8467, 362, 173, 114, true, true
6823181, 217018, 8467, 361, 172, 116, true, true
6834795, 217458, 8467, 360, 171, 117, true, true
6879692, 219011, 8467, 359, 170, 119, true, true
6880448, 219050, 8467, 357, 169, 119, true, true
6893403, 219532, 8467, 356, 168, 120, true, true
6893898, 219552, 8467, 355, 167, 120, true, true
6902091, 219826, 8467, 353, 166, 121, true, true
6933402, 220979, 8467, 352, 165, 121, true, true
6935340, 221041, 8467, 350, 164, 121, true, true
6945634, 221390, 8469, 351, 164, 121, true, true
6975533, 222438, 8469, 350, 163, 121, true, true
6984826, 222788, 8469, 349, 162, 121, true, true
7030096, 224401, 8470, 349, 163, 124, true, true
7036784, 224624, 8470, 348, 162, 124, true, true
7059242, 225436, 8470, 347, 161, 125, true, true
7065216, 225615, 8471, 348, 162, 124, true, true
7080200, 226161, 8472, 349, 163, 123, true, true
7103645, 227011, 8472, 348, 162, 125, true, true
7118328, 227568, 8473, 349, 163, 124, true, true
7161715, 229117, 8474, 350, 164, 124, true, true
7197032, 230401, 8475, 351, 165, 125, true, true
7199572, 230503, 8475, 350, 164, 125, true, true
7202243, 230598, 8475, 349, 163, 125, true, true
7205444, 230736, 8475, 348, 162, 125, true, true
7212081, 230996, 8476, 349, 163, 123, true, true
7212113, 230997, 8480, 353, 164, 122, true, true
7223692, 231408, 8481, 348, 165, 118, true, true
7235453, 231814, 8481, 347, 164, 119, true, true
7268600, 232992, 8482, 342, 164, 121, true, true
7284838, 233565, 8483, 343, 165, 121, true, true
7291206, 233797, 8484, 344, 166, 120, true, true
7323731, 234883, 8484, 340, 164, 121, true, true
7341440, 235498, 8485, 341, 165, 119, true, true
7343586, 235575, 8485, 340, 164, 120, true, true
7383700, 236903, 8486, 341, 165, 118, true, true
7384848, 236941, 8488, 343, 166, 117, true, true
7402623, 237583, 8488, 342, 165, 119, true, true
7415716, 238036, 8488, 341, 164, 120, true, true
7444541, 238990, 8489, 342, 165, 118, true, true
7507557, 241180, 8489, 341, 164, 122, true, true
7542356, 242436, 8489, 340, 163, 123, true, true
7550651, 242755, 8490, 341, 164, 122, true, true
7552665, 242816, 8495, 346, 165, 120, true, true
7554787, 242888, 8495, 345, 164, 120, true, true
7583102, 243845, 8495, 344, 163, 120, true, true
7623292, 245320, 8496, 345, 164, 120, true, true
7635862, 245815, 8497, 346, 165, 119, true, true
7650457, 246308, 8498, 347, 166, 118, true, true
7656057, 246530, 8498, 346, 165, 119, true, true
7659874, 246640, 8498, 345, 164, 119, true, true
7667906, 246944, 8498, 342, 163, 120, true, true
7678446, 247317, 8498, 330, 162, 120, true, true
7709039, 248321, 8498, 325, 161, 120, true, true
7709993, 248355, 8499, 326, 162, 118, true, true
7715738, 248554, 8499, 325, 161, 118, true, true
7733007, 249150, 8507, 333, 162, 118, true, true
7733062, 249152, 8508, 331, 162, 117, true, true
7878534, 251468, 8508, 330, 161, 119, true, true
7904929, 252418, 8508, 329, 161, 119, true, true
7906341, 252465, 8508, 328, 161, 119, true, true
7940384, 253699, 8508, 327, 160, 120, true, true
7954458, 254197, 8508, 326, 160, 120, true, true
7973936, 254859, 8508, 324, 159, 120, true, true
7974549, 254875, 8509, 325, 160, 117, true, true
7987732, 255356, 8509, 324, 159, 119, true, true
7998697, 255769, 8509, 318, 158, 119, true, true
8024408, 256621, 8509, 317, 157, 119, true, true
8090569, 258962, 8511, 317, 157, 117, true, true
8103095, 259379, 8512, 318, 158, 117, true, true
8104523, 259431, 8512, 317, 157, 117, true, true
8106132, 259483, 8513, 315, 156, 115, true, true
8109360, 259602, 8513, 314, 156, 115, true, true
8127819, 260279, 8513, 312, 156, 115, true, true
8135775, 260545, 8513, 311, 155, 115, true, true
8152996, 261136, 8513, 310, 154, 116, true, true
8159952, 261380, 8513, 309, 153, 116, true, true
8165234, 261575, 8518, 314, 154, 113, true, true
8194873, 262643, 8520, 316, 155, 113, true, true
8206677, 263082, 8522, 317, 155, 112, true, true
8256216, 264841, 8523, 318, 156, 114, true, true
8308687, 266640, 8525, 320, 157, 111, true, true
8310126, 266685, 8526, 321, 158, 109, true, true
8332864, 267436, 8556, 323, 159, 108, true, true
8425489, 270669, 8556, 322, 158, 113, true, true
8447587, 271465, 8556, 321, 157, 113, true, true
8478036, 272557, 8556, 317, 156, 113, true, true
8491473, 273043, 8556, 316, 155, 114, true, true
8535084, 274556, 8556, 314, 154, 115, true, true
8537029, 274621, 8556, 313, 153, 115, true, true
8545039, 274902, 8557, 314, 154, 113, true, true
8558711, 275402, 8557, 313, 153, 115, true, true
8583596, 276270, 8557, 312, 152, 116, true, true
8586910, 276381, 8557, 311, 151, 116, true, true
8593558, 276615, 8557, 310, 150, 116, true, true
8600033, 276853, 8557, 309, 149, 116, true, true
8606113, 277078, 8557, 307, 148, 116, true, true
8623861, 277744, 8558, 308, 149, 115, true, true
8642747, 278423, 8559, 309, 150, 114, true, true
8678417, 279664, 8560, 310, 151, 110, true, true
8680034, 279711, 8560, 309, 150, 110, true, true
8718472, 281079, 8562, 309, 151, 108, true, true
8741542, 281906, 8562, 308, 150, 110, true, true
8798178, 283906, 8562, 307, 149, 113, true, true
8812523, 284407, 8563, 306, 148, 112, true, true
8816190, 284534, 8564, 307, 149, 109, true, true
8818070, 284604, 8579, 303, 149, 107, true, true
8897692, 287272, 8581, 305, 150, 107, true, true
8931650, 288397, 8583, 306, 150, 106, true, true
9006619, 290925, 8583, 305, 149, 108, true, true
9101818, 294258, 8583, 304, 148, 110, true, true
9110891, 294581, 8585, 305, 148, 107, true, true
9723866, 294991, 8586, 306, 149, 106, true, true
9750000, 295906, 8587, 307, 150, 104, true, true
9829399, 298566, 8589, 308, 150, 99, true, true
9842147, 298952, 8589, 307, 149, 99, true, true
9856031, 299419, 8590, 308, 150, 96, true, true
9976773, 303554, 8591, 309, 151, 95, true, true
9981263, 303729, 8591, 308, 150, 95, true, true
10027606, 305338, 8591, 307, 149, 96, true, true
10029373, 305416, 8592, 308, 150, 95, true, true
10037129, 305710, 8594, 309, 150, 94, true, true
10056048, 306347, 8594, 300, 150, 94, true, true
10111777, 308365, 8594, 299, 150, 94, true, true
10119838, 308651, 8594, 298, 149, 94, true, true
10132801, 309108, 8594, 297, 148, 95, true, true
10193602, 311246, 8595, 298, 149, 94, true, true
10324293, 315914, 8597, 300, 150, 96, true, true
10355153, 317041, 8598, 301, 151, 91, true, true
10358541, 317166, 8598, 300, 150, 91, true, true
10365923, 317428, 8598, 299, 149, 91, true, true
10378287, 317904, 8598, 296, 147, 91, true, true
10472373, 321085, 8601, 298, 147, 89, true, true
10571969, 324734, 8601, 297, 146, 91, true, true
10615020, 326221, 8601, 296, 145, 92, true, true
10636683, 327090, 8601, 295, 144, 92, true, true
10637928, 327139, 8602, 292, 144, 91, true, true
10652535, 327663, 8602, 291, 143, 91, true, true
10656603, 327813, 8603, 292, 144, 91, true, true
10674988, 328468, 8605, 294, 145, 92, true, true
10768304, 331811, 8606, 295, 146, 97, true, true
10771565, 331926, 8606, 294, 145, 97, true, true
10808611, 333235, 8606, 293, 144, 98, true, true
10813024, 333361, 8606, 291, 144, 98, true, true
10825453, 333771, 8606, 290, 143, 98, true, true
10860612, 334933, 8606, 289, 142, 98, true, true
10941919, 337849, 8607, 290, 143, 99, true, true
10948585, 338128, 8607, 288, 142, 99, true, true
10949241, 338158, 8608, 289, 143, 97, true, true
11020493, 340658, 8608, 288, 142, 100, true, true
11043275, 341458, 8608, 286, 140, 100, true, true
11065609, 342245, 8608, 285, 139, 104, true, true
11071367, 342440, 8610, 287, 140, 103, true, true
11100154, 343480, 8610, 285, 139, 105, true, true
11131651, 344592, 8610, 284, 138, 107, true, true
11183997, 346490, 8610, 283, 137, 108, true, true
11279230, 349729, 8610, 282, 136, 112, true, true
11282473, 349813, 8610, 281, 135, 112, true, true
11301507, 350465, 8612, 283, 136, 105, true, true
11391967, 353638, 8612, 282, 135, 111, true, true
11424648, 354751, 8612, 280, 134, 114, true, true
11451451, 355631, 8614, 282, 135, 112, true, true
11544199, 358970, 8614, 281, 134, 112, true, true
11600520, 361028, 8614, 280, 133, 113, true, true
11626435, 361980, 8614, 279, 132, 114, true, true
11677886, 363988, 8614, 278, 131, 116, true, true
11708964, 365107, 8614, 277, 130, 116, true, true
11714727, 365345, 8615, 278, 131, 115, true, true
11743389, 366456, 8616, 278, 132, 114, true, true
11824852, 369496, 8616, 277, 131, 117, true, true
11835171, 369891, 8616, 272, 130, 117, true, true
11840091, 370069, 8616, 271, 129, 117, true, true
11895077, 372069, 8616, 270, 128, 119, true, true
11982209, 375227, 8617, 271, 129, 121, true, true
12022942, 376702, 8617, 269, 128, 123, true, true
12108115, 379839, 8617, 268, 127, 124, true, true
12146174, 381271, 8617, 267, 126, 125, true, true
12879904, 382714, 8617, 266, 126, 126, true, true
12927202, 384419, 8617, 265, 125, 127, true, true
12980857, 386413, 8617, 264, 124, 128, true, true
13085579, 390491, 8617, 263, 123, 130, true, true
13116846, 391668, 8618, 264, 124, 127, true, true
13136220, 392365, 8618, 262, 123, 127, true, true
13165154, 393416, 8618, 261, 122, 127, true, true
13250628, 396599, 8618, 260, 121, 130, true, true
13291340, 398149, 8620, 262, 122, 129, true, true
13302904, 398599, 8620, 261, 121, 129, true, true
13334665, 399879, 8637, 278, 122, 127, true, true
13370724, 401285, 8637, 277, 121, 127, true, true
13419479, 403201, 8643, 276, 121, 127, true, true
13597323, 409938, 8643, 275, 120, 135, true, true
13625984, 411026, 8643, 274, 119, 135, true, true
13655825, 412209, 8644, 275, 120, 135, true, true
13681546, 413259, 8644, 274, 119, 137, true, true
13690218, 413600, 8648, 278, 120, 136, true, true
13777106, 417044, 8652, 282, 121, 139, true, true
13792025, 417602, 8652, 281, 120, 139, true, true
13837916, 419334, 8656, 285, 121, 138, true, true
13846206, 419687, 8656, 284, 120, 138, true, true
13849067, 419797, 8657, 285, 121, 134, true, true
13895235, 421629, 8657, 282, 120, 137, true, true
13937954, 423282, 8662, 287, 121, 137, true, true
14039482, 427424, 8662, 286, 120, 137, true, true
14049320, 427796, 8662, 279, 120, 137, true, true
14127802, 430893, 8663, 280, 121, 134, true, true
14173389, 432764, 8664, 281, 122, 132, true, true
14225624, 434889, 8665, 282, 123, 129, true, true
14230232, 435086, 8665, 281, 122, 129, true, true
14239398, 435414, 8670, 286, 123, 127, true, true
14334467, 439337, 8670, 284, 123, 130, true, true
14389384, 441666, 8670, 283, 122, 130, true, true
14400077, 442119, 8670, 281, 121, 130, true, true
14495157, 445855, 8672, 283, 122, 130, true, true
14535038, 447503, 8681, 291, 123, 127, true, true
14563653, 448702, 8682, 288, 123, 126, true, true
14611347, 450629, 8682, 287, 122, 126, true, true
14650690, 452271, 8682, 286, 121, 126, true, true
14668125, 452991, 8690, 294, 122, 125, true, true
14677642, 453368, 8699, 289, 123, 123, true, true
14721069, 455138, 8701, 291, 124, 122, true, true
14732064, 455619, 8701, 288, 123, 122, true, true
14796217, 458155, 8708, 295, 124, 121, true, true
14807159, 458639, 8709, 296, 125, 120, true, true
14851822, 460521, 8710, 297, 126, 121, true, true
14917034, 463168, 8710, 295, 125, 122, true, true
14926211, 463547, 8710, 294, 124, 122, true, true
14941465, 464136, 8710, 292, 123, 122, true, true
14956215, 464747, 8710, 291, 122, 123, true, true
14974189, 465520, 8713, 294, 123, 121, true, true
14994284, 466423, 8714, 295, 124, 119, true, true
15012639, 467168, 8714, 293, 123, 120, true, true
15041616, 468371, 8714, 292, 123, 120, true, true
15047767, 468633, 8717, 295, 124, 114, true, true
15106680, 471049, 8717, 293, 123, 114, true, true
15187702, 474433, 8718, 294, 124, 112, true, true
15214034, 475502, 8720, 296, 125, 111, true, true
15245537, 476861, 8720, 295, 124, 112, true, true
15246841, 476923, 8720, 293, 124, 112, true, true
15266310, 477689, 8720, 292, 123, 112, true, true
15321475, 479874, 8721, 293, 124, 111, true, true
15354237, 481198, 8722, 294, 125, 109, true, true
15367469, 481697, 8722, 293, 124, 109, true, true
15380141, 482232, 8722, 291, 123, 109, true, true
15420248, 483841, 8722, 290, 122, 110, true, true
15515470, 487748, 8722, 287, 121, 111, true, true
15552774, 489196, 8722, 286, 120, 111, true, true
15640457, 492796, 8722, 285, 119, 115, true, true
15643132, 492893, 8725, 287, 120, 114, true, true
15684803, 494604, 8725, 286, 119, 115, true, true
15717131, 495962, 8725, 285, 118, 115, true, true
15765406, 498011, 8725, 284, 117, 116, true, true
15771678, 498248, 8726, 280, 117, 115, true, true
15783591, 498664, 8726, 279, 116, 116, true, true
15808413, 499746, 8726, 277, 115, 118, true, true
15818648, 500187, 8726, 275, 115, 118, true, true
15881737, 502878, 8726, 274, 114, 118, true, true
15901649, 503689, 8726, 272, 113, 118, true, true
15926165, 504747, 8726, 268, 112, 118, true, true
15948468, 505756, 8727, 269, 113, 117, true, true
16051570, 509915, 8728, 270, 114, 118, true, true
16076085, 510924, 8728, 269, 113, 118, true, true
16247669, 518241, 8729, 270, 114, 121, true, true
16348101, 522541, 8729, 269, 113, 123, true, true
16389016, 524369, 8732, 272, 114, 122, true, true
16392803, 524538, 8732, 271, 113, 122, true, true
16488530, 528682, 8733, 272, 114, 124, true, true
16494432, 528865, 8734, 273, 115, 122, true, true
16592555, 533025, 8734, 270, 115, 125, true, true
16594252, 533095, 8734, 269, 114, 125, true, true
16629872, 534696, 8734, 267, 113, 126, true, true
16782310, 540892, 8734, 266, 112, 129, true, true
17008791, 550675, 8736, 268, 113, 132, true, true
17030143, 551694, 8739, 270, 114, 131, true, true
17162250, 557660, 8740, 271, 115, 132, true, true
17249351, 561535, 8741, 272, 116, 133, true, true
17278178, 562834, 8741, 271, 115, 133, true, true
17280258, 562947, 8742, 272, 116, 132, true, true
17303730, 563983, 8743, 273, 117, 129, true, true
17319050, 564727, 8756, 285, 118, 129, true, true
17327111, 565090, 8756, 282, 117, 129, true, true
17467382, 571307, 8756, 281, 116, 131, true, true
17469336, 571400, 8758, 281, 117, 129, true, true
17555468, 575422, 8761, 284, 118, 129, true, true
17573683, 576263, 8761, 283, 117, 129, true, true
17684007, 581223, 8762, 283, 118, 133, true, true
17694680, 581735, 8762, 282, 117, 133, true, true
17716047, 582691, 8763, 281, 117, 133, true, true
17940802, 592911, 8763, 280, 116, 135, true, true
17945742, 593129, 8764, 281, 117, 133, true, true
17964861, 594016, 8765, 282, 118, 133, true, true
17983122, 594851, 8766, 283, 119, 132, true, true
18091110, 599647, 8766, 282, 118, 134, true, true
18133434, 601433, 8766, 281, 118, 137, true, true
18241665, 606333, 8766, 280, 117, 139, true, true
18302522, 609063, 8766, 277, 116, 141, true, true
18304710, 609171, 8766, 276, 115, 141, true, true
18319149, 609821, 8766, 275, 114, 142, true, true
18333235, 610420, 8766, 273, 113, 143, true, true
18364136, 611818, 8766, 272, 112, 143, true, true
18378246, 612426, 8766, 271, 111, 143, true, true
18489932, 617461, 8767, 272, 112, 143, true, true
18673490, 625746, 8767, 271, 111, 147, true, true
18761491, 629688, 8768, 272, 112, 148, true, true
18796535, 631246, 8769, 273, 113, 148, true, true
19070968, 643839, 8769, 271, 113, 155, true, true
19105256, 645439, 8770, 271, 114, 153, true, true
19115242, 645898, 8771, 272, 115, 151, true, true
19120716, 646144, 8771, 271, 114, 152, true, true
19161901, 647912, 8771, 264, 113, 153, true, true
19325658, 655424, 8771, 261, 112, 158, true, true
19331012, 655662, 8772, 262, 113, 157, true, true
19334654, 655833, 8773, 263, 114, 158, true, true
19375223, 657728, 8780, 270, 115, 159, true, true
19378788, 657906, 8782, 272, 116, 156, true, true
19383738, 658151, 8783, 273, 117, 155, true, true
19413596, 659446, 8783, 271, 116, 156, true, true
19443361, 660772, 8784, 272, 117, 154, true, true
19462213, 661604, 8785, 273, 118, 148, true, true
19645670, 669721, 8785, 272, 117, 149, true, true
19696071, 672007, 8785, 271, 116, 149, true, true
19697949, 672096, 8787, 273, 117, 146, true, true
19746701, 674328, 8788, 274, 118, 148, true, true
19818630, 677593, 8788, 273, 117, 148, true, true
19859225, 679378, 8788, 272, 116, 150, true, true
19872578, 680013, 8788, 271, 115, 150, true, true
19914621, 681821, 8788, 270, 114, 152, true, true
19954660, 683682, 8789, 271, 115, 153, true, true
19956473, 683769, 8790, 272, 116, 151, true, true
19962923, 684056, 8791, 273, 117, 149, true, true
19966740, 684230, 8795, 277, 118, 146, true, true
20019449, 686499, 8795, 276, 117, 147, true, true
20077003, 689085, 8795, 274, 116, 148, true, true
20115833, 690767, 8796, 275, 117, 147, true, true
20181507, 693641, 8798, 277, 118, 145, true, true
20228567, 695813, 8798, 276, 117, 148, true, true
20274955, 697874, 8799, 277, 118, 149, true, true
20346922, 701069, 8801, 272, 118, 150, true, true
20371100, 702209, 8801, 271, 117, 152, true, true
20471661, 706508, 8802, 272, 118, 152, true, true
20479085, 706853, 8803, 272, 118, 151, true, true
20497125, 707505, 8803, 271, 118, 151, true, true
20527164, 708862, 8804, 272, 119, 149, true, true
20651165, 714463, 8804, 271, 118, 154, true, true
20735107, 718277, 8804, 270, 117, 154, true, true
20776512, 720106, 8804, 269, 116, 155, true, true
20857100, 723599, 8806, 265, 115, 155, true, true
20881943, 724730, 8807, 266, 116, 154, true, true
20897296, 725419, 8808, 267, 117, 153, true, true
20965483, 728526, 8808, 266, 116, 155, true, true
21004532, 730330, 8809, 267, 117, 154, true, true
21051160, 732351, 8810, 268, 118, 153, true, true
21070137, 733185, 8810, 266, 117, 154, true, true
21121578, 735456, 8811, 267, 118, 152, true, true
21182060, 738215, 8811, 266, 117, 152, true, true
21254716, 741325, 8813, 265, 117, 150, true, true
21273422, 742108, 8813, 264, 116, 150, true, true
21323502, 744388, 8814, 265, 117, 149, true, true
21448564, 749755, 8814, 264, 116, 150, true, true
21500977, 752058, 8848, 296, 116, 150, true, true
21531206, 753392, 8849, 297, 117, 149, true, true
21540340, 753804, 8850, 298, 118, 146, true, true
21696806, 760564, 8851, 299, 119, 145, true, true
21754419, 762966, 8851, 298, 118, 145, true, true
21961933, 771991, 8853, 300, 119, 145, true, true
22023724, 774884, 8853, 294, 118, 145, true, true
22053178, 776287, 8854, 290, 119, 141, true, true
22165591, 780991, 8856, 292, 120, 141, true, true
22445046, 793300, 8856, 291, 119, 142, true, true
22505614, 796008, 8858, 293, 120, 139, true, true
22523639, 796763, 8858, 292, 119, 139, true, true
22542651, 797598, 8859, 293, 120, 137, true, true
22546010, 797767, 8864, 285, 121, 136, true, true
22586045, 799541, 8864, 284, 121, 136, true, true
22721993, 805543, 8864, 283, 120, 136, true, true
22794439, 808595, 8865, 284, 121, 133, true, true
22806132, 809108, 8866, 285, 122, 131, true, true
22813564, 809454, 8866, 284, 121, 131, true, true
22824038, 809871, 8866, 283, 120, 131, true, true
22850431, 811025, 8867, 284, 121, 128, true, true
22877858, 812221, 8868, 285, 122, 123, true, true
22889441, 812722, 8868, 280, 121, 123, true, true
22896487, 813009, 8869, 281, 122, 119, true, true
23164687, 824302, 8869, 280, 122, 123, true, true
23197723, 825613, 8870, 281, 123, 120, true, true
23286025, 829389, 8871, 281, 123, 119, true, true
23393036, 833891, 8872, 282, 124, 117, true, true
23435863, 835714, 8872, 281, 123, 117, true, true
23546050, 840521, 8872, 280, 122, 119, true, true
23668292, 845645, 8875, 268, 123, 114, true, true
23879062, 854721, 8875, 266, 122, 115, true, true
23931741, 856929, 8876, 267, 123, 115, true, true
24045909, 861742, 8876, 266, 122, 115, true, true
24266098, 871291, 8876, 265, 121, 120, true, true
24345085, 874803, 8876, 258, 120, 122, true, true
24431610, 878550, 8876, 257, 119, 122, true, true
24612368, 886349, 8876, 256, 118, 125, true, true
24633164, 887222, 8877, 255, 118, 123, true, true
24890819, 898497, 8877, 253, 117, 127, true, true
25121935, 908704, 8877, 252, 116, 128, true, true
25224420, 913247, 8878, 253, 117, 126, true, true
25341811, 918560, 8879, 254, 118, 125, true, true
25483709, 924710, 8879, 253, 117, 127, true, true
25509644, 925933, 8879, 252, 117, 127, true, true
25571041, 928616, 8879, 251, 116, 128, true, true
25680875, 933462, 8880, 251, 116, 128, true, true
25704608, 934454, 8880, 246, 115, 128, true, true
25714541, 934906, 8880, 245, 114, 128, true, true
25820945, 939845, 8880, 244, 114, 128, true, true
25895632, 943234, 8881, 245, 115, 126, true, true
25928661, 944741, 8881, 244, 114, 126, true, true
25950645, 945743, 8881, 243, 113, 127, true, true
26116752, 953393, 8883, 245, 114, 129, true, true
26164733, 955638, 8884, 246, 115, 124, true, true
26283465, 961075, 8885, 247, 116, 125, true, true
26568261, 973867, 8886, 247, 116, 130, true, true
26727570, 981318, 8887, 248, 117, 130, true, true
26754536, 982546, 8889, 250, 118, 124, true, true
26865690, 987571, 8890, 251, 119, 123, true, true
27043913, 996017, 8890, 250, 119, 125, true, true
27064101, 997056, 8890, 246, 118, 125, true, true
27087678, 998172, 8892, 248, 119, 123, true, true
27089339, 998266, 8894, 250, 120, 122, true, true
27289928, 1007768, 8894, 249, 119, 124, true, true
27389844, 1012512, 8895, 250, 120, 123, true, true
27437429, 1014842, 8895, 246, 120, 123, true, true
27600388, 1022757, 8896, 247, 121, 116, true, true
27617861, 1023573, 8897, 248, 122, 114, true, true
27649200, 1025047, 8897, 247, 121, 114, true, true
27716556, 1028227, 8897, 244, 121, 114, true, true
27719516, 1028326, 8897, 241, 118, 114, true, true
27819462, 1032823, 8898, 213, 119, 114, true, true
27832650, 1033436, 8899, 214, 120, 112, true, true
27928212, 1038019, 8899, 213, 119, 112, true, true
27947836, 1038919, 8899, 205, 118, 112, true, true
28069358, 1044445, 8900, 206, 119, 115, true, true
28217451, 1051308, 8900, 205, 119, 115, true, true
28246893, 1052623, 8900, 204, 118, 115, true, true
28317132, 1055983, 8900, 198, 117, 115, true, true
28411138, 1060477, 8900, 197, 116, 117, true, true
28464084, 1062835, 8900, 193, 116, 117, true, true
28499556, 1064475, 8900, 192, 115, 117, true, true
28587546, 1068466, 8900, 190, 114, 119, true, true
28640000, 1070988, 8900, 189, 113, 119, true, true
28659095, 1071880, 8900, 188, 112, 119, true, true
28842264, 1080264, 8901, 189, 113, 121, true, true
29042590, 1089277, 8901, 187, 112, 126, true, true
29055096, 1089827, 8901, 183, 111, 126, true, true
29072253, 1090648, 8902, 184, 112, 125, true, true
29156580, 1094455, 8903, 185, 113, 124, true, true
29225779, 1097203, 8905, 187, 114, 124, true, true
29262184, 1098787, 8906, 188, 115, 124, true, true
29278341, 1099494, 8907, 189, 116, 120, true, true
29334307, 1102004, 8907, 187, 115, 120, true, true
29412019, 1105346, 8907, 186, 114, 120, true, true
29424454, 1105831, 8908, 187, 115, 118, true, true
29525319, 1110183, 8908, 186, 114, 118, true, true
29557052, 1111587, 8909, 181, 115, 116, true, true
29563633, 1111886, 8910, 182, 116, 112, true, true
29727719, 1118634, 8911, 183, 117, 108, true, true
29728468, 1118651, 8911, 182, 116, 108, true, true
29925400, 1125894, 8911, 181, 115, 109, true, true
29983590, 1128461, 8911, 180, 114, 109, true, true
30033659, 1130792, 8911, 179, 113, 110, true, true
30376214, 1145774, 8912, 180, 114, 111, true, true
30421625, 1147857, 8912, 178, 114, 112, true, true
30440593, 1148635, 8912, 176, 113, 112, true, true
30583395, 1154708, 8914, 178, 114, 108, true, true
30619556, 1156396, 8915, 179, 115, 107, true, true
30717813, 1160621, 8915, 178, 114, 108, true, true
30809885, 1164545, 8918, 181, 115, 107, true, true
31114768, 1177504, 8918, 180, 114, 108, true, true
31175866, 1180086, 8918, 179, 113, 108, true, true
31195634, 1180900, 8918, 178, 112, 108, true, true
31338223, 1186942, 8918, 176, 111, 108, true, true
31434406, 1191181, 8920, 164, 110, 106, true, true
31643241, 1200069, 8922, 166, 111, 107, true, true
31651442, 1200410, 8922, 165, 110, 107, true, true
31696329, 1202333, 8923, 166, 111, 106, true, true
31772150, 1205613, 8923, 165, 110, 107, true, true
31839553, 1208459, 8924, 164, 110, 106, true, true
31987441, 1214923, 8925, 163, 110, 107, true, true
31987562, 1214930, 8926, 164, 111, 105, true, true
32086542, 1218909, 8927, 165, 112, 104, true, true
32119882, 1220332, 8928, 166, 113, 103, true, true
32298241, 1228007, 8929, 167, 114, 103, true, true
32305818, 1228319, 8929, 166, 113, 103, true, true
32595119, 1240983, 8930, 166, 113, 96, true, true
32641472, 1243034, 8930, 164, 112, 97, true, true
32726827, 1246549, 8930, 163, 111, 97, true, true
32783426, 1249011, 8930, 161, 110, 99, true, true
32954377, 1256367, 8930, 160, 109, 101, true, true
32994993, 1258157, 8932, 162, 110, 101, true, true
33041180, 1260229, 8932, 161, 109, 102, true, true
33175457, 1265907, 8933, 162, 110, 101, true, true
33192965, 1266619, 8934, 163, 111, 100, true, true
33293710, 1271022, 8934, 162, 110, 102, true, true
33375982, 1274648, 8938, 166, 111, 102, true, true
33399052, 1275581, 8938, 165, 110, 102, true, true
33475947, 1278793, 8938, 164, 109, 102, true, true
33583985, 1283371, 8943, 169, 110, 101, true, true
33650333, 1286117, 8943, 168, 109, 101, true, true
33743588, 1290045, 8943, 167, 108, 101, true, true
33793431, 1292101, 8944, 168, 109, 100, true, true
33893850, 1296346, 8946, 168, 110, 99, true, true
33916391, 1297327, 8946, 167, 109, 99, true, true
34004854, 1301110, 8947, 168, 110, 98, true, true
34061834, 1303558, 8947, 167, 109, 99, true, true
34112805, 1305497, 8948, 168, 110, 98, true, true
34198522, 1308861, 8950, 170, 111, 96, true, true
34254845, 1311146, 8951, 171, 112, 94, true, true
34267686, 1311650, 8951, 170, 111, 94, true, true
34486281, 1320699, 8951, 169, 110, 97, true, true
34697136, 1329405, 8951, 168, 109, 98, true, true
35100354, 1345921, 8951, 167, 108, 100, true, true
35112178, 1346464, 8952, 168, 109, 99, true, true
35137560, 1347458, 8952, 167, 108, 100, true, true
35322608, 1355249, 8954, 169, 109, 101, true, true
35404021, 1358595, 8955, 170, 110, 97, true, true
35469566, 1361411, 8955, 169, 109, 98, true, true
35486262, 1362106, 8956, 170, 110, 97, true, true
35528220, 1363793, 8956, 169, 109, 97, true, true
35684652, 1370291, 8956, 168, 108, 100, true, true
35782976, 1374432, 8958, 170, 109, 99, true, true
35926193, 1380336, 8959, 171, 110, 97, true, true
36134546, 1389067, 8963, 175, 111, 96, true, true
36205451, 1392047, 8965, 177, 112, 95, true, true
36899331, 1421165, 8966, 178, 113, 98, true, true
36954006, 1423620, 8967, 179, 114, 97, true, true
37018929, 1426502, 8967, 178, 113, 98, true, true
37056608, 1428028, 8970, 181, 114, 95, true, true
37264841, 1436988, 8971, 182, 115, 96, true, true
37600820, 1451454, 8972, 183, 116, 98, true, true
37617718, 1452205, 8973, 184, 117, 94, true, true
37813940, 1460756, 8973, 183, 116, 95, true, true
37922776, 1465440, 8974, 184, 117, 93, true, true
38213789, 1478175, 8974, 183, 116, 94, true, true
38237076, 1479251, 8974, 181, 115, 94, true, true
38260950, 1480271, 8974, 178, 114, 94, true, true
38532808, 1492174, 8974, 177, 113, 94, true, true
38641122, 1497023, 8974, 176, 112, 94, true, true
38765882, 1502429, 8974, 175, 111, 96, true, true
38794551, 1503648, 8974, 174, 110, 96, true, true
38849749, 1506178, 8975, 175, 111, 94, true, true
39322452, 1527003, 8976, 176, 112, 98, true, true
39338330, 1527732, 8976, 175, 111, 98, true, true
39447558, 1532543, 8976, 174, 110, 98, true, true
39966073, 1555173, 8976, 171, 109, 102, true, true
40006697, 1556971, 8976, 170, 108, 102, true, true
40020844, 1557568, 8976, 169, 107, 102, true, true
40230204, 1566738, 8979, 172, 108, 102, true, true
40412738, 1574640, 8979, 171, 107, 106, true, true
40990681, 1599352, 8979, 170, 106, 109, true, true
41645096, 1628794, 8981, 172, 107, 113, true, true
41763828, 1634345, 8982, 173, 108, 113, true, true
41792539, 1635629, 8983, 174, 109, 113, true, true
41982872, 1644511, 8983, 166, 108, 113, true, true
42024965, 1646407, 8983, 165, 107, 113, true, true
42146860, 1651851, 8983, 163, 106, 114, true, true
42200414, 1654157, 8983, 162, 105, 115, true, true
42524384, 1668948, 8983, 161, 104, 116, true, true
42793780, 1680867, 8983, 160, 103, 117, true, true
43266805, 1702215, 8985, 162, 104, 116, true, true
43461981, 1710926, 8986, 163, 105, 115, true, true
43565469, 1715617, 8986, 162, 104, 115, true, true
43632909, 1718637, 8986, 161, 103, 115, true, true
43892659, 1730341, 8987, 162, 104, 115, true, true
43917406, 1731459, 8988, 163, 105, 109, true, true
43961605, 1733403, 8988, 162, 104, 110, true, true
43973706, 1733968, 8988, 161, 104, 110, true, true
44180997, 1743215, 8989, 162, 105, 110, true, true
44192990, 1743745, 8989, 161, 104, 111, true, true
44432059, 1754434, 8989, 156, 103, 112, true, true
44638696, 1764042, 8990, 157, 104, 112, true, true
44659699, 1765045, 8992, 159, 105, 111, true, true
44792328, 1771094, 8992, 158, 104, 112, true, true
44869325, 1774485, 8993, 159, 105, 111, true, true
44899656, 1775831, 8994, 160, 106, 109, true, true
45072793, 1783255, 8996, 162, 107, 102, true, true
46635414, 1852273, 8997, 163, 108, 111, true, true
46666205, 1853588, 8997, 162, 107, 111, true, true
46840422, 1861573, 8997, 161, 107, 112, true, true
46917765, 1865057, 8998, 162, 108, 112, true, true
47494219, 1890629, 9005, 169, 109, 117, true, true
47689211, 1899443, 9006, 170, 110, 113, true, true
47835364, 1906160, 9006, 169, 109, 114, true, true
47945524, 1911138, 9006, 168, 108, 115, true, true
47994533, 1913221, 9008, 170, 109, 112, true, true
48258873, 1924926, 9013, 173, 109, 111, true, true
48355091, 1929154, 9013, 172, 108, 113, true, true
48403603, 1931437, 9013, 167, 107, 113, true, true
48470276, 1934392, 9014, 168, 108, 109, true, true
48572890, 1939011, 9015, 169, 109, 108, true, true
48599937, 1940204, 9016, 170, 110, 105, true, true
48695701, 1944371, 9016, 168, 109, 105, true, true
49052119, 1960179, 9017, 169, 110, 102, true, true
49397824, 1975722, 9017, 167, 110, 105, true, true
49574010, 1983616, 9017, 166, 109, 106, true, true
49616860, 1985654, 9017, 165, 108, 106, true, true
49837940, 1995504, 9018, 166, 109, 108, true, true
49986139, 2001938, 9018, 165, 108, 110, true, true
50289356, 2015420, 9018, 163, 107, 112, true, true
50693954, 2033145, 9018, 162, 106, 112, true, true
51320437, 2061109, 9018, 160, 104, 119, true, true
51692493, 2078209, 9019, 161, 105, 118, true, true
51792138, 2082827, 9021, 163, 106, 118, true, true
51825071, 2084368, 9022, 164, 107, 117, true, true
51900221, 2087842, 9023, 165, 108, 117, true, true
52078373, 2095969, 9023, 164, 107, 118, true, true
52287056, 2105337, 9023, 163, 106, 119, true, true
52517171, 2115826, 9024, 164, 107, 118, true, true
52589904, 2119136, 9025, 165, 108, 112, true, true
52677830, 2123192, 9025, 164, 107, 113, true, true
52766477, 2127049, 9025, 162, 106, 113, true, true
53278649, 2150648, 9025, 161, 105, 115, true, true
53443821, 2158090, 9025, 160, 104, 115, true, true
53514957, 2161382, 9025, 159, 103, 119, true, true
53801068, 2174646, 9028, 162, 104, 120, true, true
53835172, 2176200, 9028, 161, 103, 120, true, true
53856873, 2177221, 9028, 160, 102, 120, true, true
54518034, 2207545, 9028, 159, 102, 128, true, true
55296767, 2244611, 9030, 159, 102, 128, true, true
55627713, 2260595, 9030, 158, 101, 131, true, true
55677006, 2263004, 9030, 157, 100, 132, true, true
55901807, 2273788, 9032, 159, 101, 133, true, true
55946731, 2276010, 9032, 158, 100, 133, true, true
55987127, 2278066, 9032, 157, 99, 133, true, true
56164941, 2286463, 9032, 156, 98, 135, true, true
56342642, 2295078, 9033, 157, 99, 134, true, true
56506565, 2302813, 9033, 156, 98, 135, true, true
57105984, 2331735, 9034, 157, 99, 140, true, true
58162654, 2383284, 9036, 159, 100, 146, true, true
58309303, 2390366, 9036, 157, 99, 148, true, true
58479433, 2398663, 9036, 155, 98, 148, true, true
58489812, 2399208, 9036, 153, 97, 148, true, true
58726303, 2410738, 9039, 156, 98, 145, true, true
59090810, 2428314, 9039, 155, 97, 147, true, true
59093575, 2428464, 9039, 153, 96, 147, true, true
59119182, 2429832, 9039, 151, 95, 147, true, true
59360707, 2441998, 9039, 150, 94, 148, true, true
59387605, 2443224, 9043, 154, 95, 146, true, true
60141879, 2480583, 9043, 153, 94, 154, true, true
60222638, 2484688, 9043, 152, 93, 155, true, true
60395813, 2493235, 9043, 150, 92, 157, true, true
60406959, 2493831, 9043, 149, 91, 157, true, true
60469231, 2497030, 9046, 152, 92, 156, true, true
60608893, 2503949, 9047, 153, 93, 151, true, true
60696426, 2508157, 9049, 155, 94, 151, true, true
60787942, 2512805, 9050, 156, 95, 146, true, true
60862871, 2516481, 9052, 158, 96, 143, true, true
60998381, 2523268, 9052, 157, 96, 143, true, true
61140983, 2530281, 9054, 159, 97, 128, true, true
61304390, 2538262, 9055, 160, 98, 127, true, true
61387927, 2542487, 9055, 155, 97, 127, true, true
61424943, 2544390, 9056, 155, 98, 126, true, true
61499444, 2548047, 9056, 154, 97, 127, true, true
61769012, 2560887, 9056, 146, 96, 127, true, true
62199364, 2582390, 9056, 145, 95, 130, true, true
62477551, 2596278, 9057, 145, 95, 129, true, true
62497268, 2597298, 9058, 146, 96, 128, true, true
63201345, 2633310, 9059, 147, 97, 128, true, true
63287339, 2637620, 9059, 146, 96, 128, true, true
64069943, 2677507, 9059, 145, 95, 132, true, true
64203466, 2684367, 9059, 144, 94, 133, true, true
64231456, 2685843, 9059, 142, 93, 134, true, true
64253358, 2686943, 9060, 143, 94, 130, true, true
64379768, 2693424, 9061, 144, 95, 127, true, true
64687078, 2709210, 9061, 143, 94, 127, true, true
64920318, 2720659, 9062, 144, 95, 125, true, true
65080801, 2729061, 9064, 146, 96, 123, true, true
65103087, 2730228, 9065, 147, 97, 121, true, true
66076355, 2780784, 9065, 146, 96, 124, true, true
66545809, 2805079, 9065, 145, 95, 126, true, true
66700443, 2813017, 9065, 144, 94, 129, true, true
66978189, 2827309, 9065, 141, 93, 133, true, true
67477813, 2852408, 9068, 144, 94, 131, true, true
67608446, 2859308, 9071, 147, 95, 127, true, true
67795845, 2868941, 9071, 146, 94, 127, true, true
67815622, 2869979, 9077, 152, 95, 125, true, true
68009678, 2880020, 9077, 151, 94, 127, true, true
68167634, 2888134, 9077, 150, 93, 128, true, true
68539661, 2906991, 9077, 148, 92, 129, true, true
69029877, 2931364, 9077, 147, 91, 131, true, true
69579452, 2959056, 9077, 146, 90, 134, true, true
70323094, 2996795, 9077, 145, 89, 135, true, true
70378378, 2999736, 9088, 156, 90, 134, true, true
70616152, 3011498, 9088, 155, 89, 136, true, true
70709792, 3016238, 9088, 154, 88, 137, true, true
70809818, 3021520, 9088, 151, 87, 138, true, true
70823908, 3022277, 9088, 149, 86, 138, true, true
71210169, 3042303, 9088, 145, 85, 140, true, true
71845571, 3075003, 9088, 144, 84, 142, true, true
71875527, 3076414, 9089, 145, 85, 137, true, true
72083575, 3086960, 9090, 146, 86, 135, true, true
72235622, 3094678, 9090, 145, 85, 135, true, true
72282060, 3096912, 9091, 146, 86, 135, true, true
72777616, 3121826, 9091, 145, 85, 140, true, true
73267773, 3146607, 9091, 144, 84, 143, true, true
73529216, 3160470, 9091, 143, 83, 143, true, true
74477863, 3208564, 9094, 145, 84, 142, true, true
75064185, 3238376, 9094, 144, 83, 149, true, true
75343886, 3252408, 9096, 146, 84, 148, true, true
75431891, 3256919, 9099, 145, 83, 146, true, true
75490126, 3259987, 9099, 143, 83, 146, true, true
76239939, 3297492, 9099, 140, 82, 152, true, true
76480863, 3309689, 9101, 142, 83, 149, true, true
77430516, 3357878, 9102, 143, 84, 148, true, true
77514797, 3362087, 9102, 142, 83, 148, true, true
77765168, 3374709, 9106, 146, 84, 147, true, true
77800630, 3376568, 9107, 147, 85, 146, true, true
77891684, 3381354, 9108, 148, 86, 142, true, true
78369993, 3405604, 9108, 147, 85, 146, true, true
78841851, 3429649, 9108, 146, 84, 146, true, true
79050805, 3440072, 9109, 147, 85, 143, true, true
79111845, 3443045, 9109, 146, 84, 143, true, true
79585544, 3466494, 9109, 145, 83, 143, true, true
79886812, 3481573, 9110, 146, 84, 143, true, true
79988349, 3486661, 9112, 147, 84, 142, true, true
80934076, 3534679, 9112, 145, 83, 147, true, true
81104547, 3543353, 9113, 146, 84, 147, true, true
81305316, 3553713, 9114, 147, 85, 149, true, true
81315447, 3554175, 9115, 148, 86, 146, true, true
81527107, 3565323, 9115, 147, 85, 146, true, true
81591844, 3568695, 9116, 148, 86, 145, true, true
81784200, 3578593, 9117, 149, 87, 145, true, true
81786006, 3578654, 9118, 150, 88, 142, true, true
81918604, 3585531, 9119, 151, 89, 142, true, true
82586007, 3619118, 9119, 150, 88, 143, true, true
82607086, 3620226, 9120, 151, 89, 139, true, true
82696957, 3624782, 9120, 150, 88, 142, true, true
83017572, 3640680, 9120, 149, 87, 146, true, true
83264770, 3653156, 9122, 150, 87, 143, true, true
83706521, 3675178, 9122, 149, 86, 144, true, true
84174714, 3697874, 9123, 150, 87, 145, true, true
84377648, 3707934, 9124, 151, 88, 142, true, true
84689666, 3723368, 9125, 152, 89, 140, true, true
84727548, 3725251, 9128, 144, 89, 139, true, true
84976479, 3737144, 9129, 144, 90, 139, true, true
85710307, 3773127, 9130, 144, 91, 139, true, true
85742458, 3774631, 9131, 145, 92, 136, true, true
86439048, 3808353, 9131, 144, 91, 140, true, true
86696103, 3820882, 9131, 143, 91, 140, true, true
87057546, 3837723, 9131, 142, 90, 141, true, true
87087430, 3839160, 9131, 141, 89, 141, true, true
87304916, 3850005, 9131, 140, 88, 141, true, true
87359602, 3852713, 9132, 141, 89, 137, true, true
88603927, 3914223, 9132, 140, 89, 138, false, true
88642219, 3915994, 9133, 141, 90, 137, false, true
88750098, 3921204, 9133, 140, 89, 137, false, true
88953621, 3930912, 9134, 141, 90, 134, false, true
89068662, 3936377, 9135, 142, 91, 132, false, true
89591360, 3962155, 9139, 146, 92, 130, false, true
90033265, 3983782, 9140, 147, 93, 129, false, true
90194107, 3991454, 9142, 145, 94, 123, false, true
90925064, 4027830, 9143, 146, 95, 122, false, true
90954267, 4029211, 9143, 142, 94, 122, false, true
91758418, 4068828, 9143, 141, 93, 122, false, true
92102660, 4085373, 9143, 140, 92, 122, false, true
92277704, 4093729, 9143, 139, 91, 122, false, true
92293869, 4094559, 9145, 139, 91, 121, false, true
92379575, 4098723, 9146, 140, 92, 117, false, true
92500773, 4104631, 9148, 139, 93, 116, false, true
93710577, 4162548, 9148, 137, 92, 116, false, true
94376919, 4194581, 9148, 133, 91, 116, false, true
94517817, 4201364, 9149, 132, 92, 115, false, true
94797379, 4214949, 9150, 133, 93, 112, false, true
95130748, 4230725, 9150, 132, 92, 112, false, true
95308368, 4239365, 9152, 134, 93, 111, false, true
95632854, 4255047, 9152, 129, 92, 111, false, true
95643936, 4255587, 9152, 128, 91, 111, false, true
96291283, 4286307, 9153, 129, 92, 110, false, true
96315187, 4287446, 9153, 128, 91, 110, false, true
96941211, 4317406, 9154, 129, 92, 109, false, true
96941475, 4317414, 9155, 130, 93, 108, false, true
96963181, 4318465, 9156, 131, 94, 107, false, true
97268287, 4332640, 9156, 125, 93, 107, false, true
97340371, 4336067, 9157, 126, 94, 106, false, true
97483361, 4342760, 9158, 127, 95, 105, false, true
97736518, 4354630, 9158, 126, 94, 105, false, true
97916820, 4363250, 9158, 125, 93, 105, false, true
98081284, 4371005, 9158, 124, 92, 105, false, true
98129714, 4373216, 9158, 122, 91, 105, false, true
98364701, 4384229, 9159, 123, 92, 104, false, true
98554513, 4393111, 9159, 119, 91, 104, false, true
98789969, 4404016, 9160, 120, 92, 101, false, true
98829456, 4405819, 9161, 121, 93, 99, false, true
98843219, 4406472, 9162, 122, 94, 96, false, true
98953766, 4411486, 9163, 123, 95, 95, false, true
99697901, 4445705, 9163, 121, 94, 95, false, true
99848153, 4452567, 9163, 120, 94, 95, false, true
99928734, 4456220, 9164, 121, 95, 94, false, true
100770566, 4494032, 9164, 120, 95, 94, false, true
100878237, 4498737, 9164, 119, 94, 94, false, true
101400593, 4522358, 9166, 121, 95, 90, false, true
101770400, 4538903, 9166, 120, 94, 90, false, true
101862292, 4543117, 9168, 122, 95, 87, false, true
102168882, 4556880, 9169, 123, 96, 84, false, true
102274504, 4561752, 9170, 124, 97, 82, false, true
103092247, 4598223, 9171, 125, 98, 81, false, true
103511007, 4617012, 9171, 124, 97, 81, false, true
103642631, 4622874, 9171, 123, 96, 81, false, true
103658830, 4623519, 9172, 124, 97, 79, false, true
103666512, 4623868, 9173, 125, 98, 78, false, true
104456671, 4658565, 9175, 127, 99, 77, false, true
105075007, 4685745, 9177, 128, 99, 75, false, true
105146464, 4688994, 9178, 129, 100, 72, false, true
105341301, 4697656, 9180, 129, 100, 71, false, true
105992142, 4726172, 9183, 132, 101, 70, false, true
106117948, 4731658, 9186, 135, 102, 64, false, true
106511056, 4748655, 9186, 134, 101, 64, false, true
106933928, 4767050, 9187, 134, 101, 63, false, true
108194434, 4821767, 9189, 136, 102, 62, false, true
108459440, 4833143, 9190, 137, 103, 60, false, true
108822656, 4848807, 9190, 135, 102, 60, false, true
109366765, 4872247, 9191, 136, 103, 59, false, true
110290580, 4913177, 9192, 137, 104, 57, false, true
110419031, 4918702, 9192, 136, 104, 57, false, true
110507664, 4922604, 9197, 140, 105, 56, false, true
110906394, 4940316, 9197, 137, 103, 56, false, true
111109771, 4949147, 9197, 136, 102, 56, false, true
111258928, 4955566, 9211, 150, 103, 55, false, true
111501451, 4965890, 9211, 149, 102, 55, false, true
111688002, 4974038, 9212, 149, 102, 53, false, true
111980586, 4986556, 9212, 148, 101, 53, false, true
112373950, 5003665, 9212, 147, 100, 53, false, true
112430584, 5006024, 9212, 146, 99, 53, false, true
112630956, 5014520, 9212, 145, 98, 53, false, true
113483333, 5051397, 9213, 146, 99, 52, false, true
114405186, 5091701, 9213, 145, 98, 52, false, true
115220888, 5127863, 9213, 144, 97, 52, false, true
115271662, 5130212, 9213, 143, 96, 52, false, true
115368381, 5134480, 9213, 141, 95, 52, false, true
115512721, 5140850, 9214, 142, 96, 50, false, true
116335289, 5176855, 9214, 141, 95, 50, false, true
116630770, 5189523, 9214, 140, 94, 50, false, true
116798522, 5196664, 9216, 142, 95, 49, false, true
117584336, 5231141, 9216, 141, 94, 49, false, true
118749533, 5282516, 9217, 142, 95, 47, false, true
119062093, 5295933, 9217, 139, 94, 47, false, true
119213796, 5302348, 9218, 140, 95, 43, false, true
119928997, 5333370, 9218, 139, 94, 43, false, true
120650808, 5364297, 9219, 137, 93, 40, false, true
120784995, 5369943, 9219, 136, 92, 40, false, true
121973314, 5421388, 9219, 135, 91, 40, false, true
123572899, 5491877, 9220, 136, 92, 37, false, true
124485171, 5532166, 9221, 137, 93, 36, false, true
125798138, 5590205, 9222, 138, 94, 33, false, true
126253168, 5610528, 9222, 137, 93, 33, false, true
126400692, 5616963, 9222, 135, 92, 33, false, true
126402520, 5617046, 9223, 136, 93, 32, false, true
126433149, 5618378, 9223, 135, 92, 32, false, true
126888749, 5638391, 9223, 134, 91, 32, false, true
127000746, 5643088, 9224, 135, 92, 31, false, true
127150312, 5649767, 9225, 136, 93, 30, false, true
127248204, 5653909, 9225, 134, 93, 30, false, true
128171635, 5694303, 9225, 132, 92, 30, false, true
128615139, 5713609, 9225, 131, 91, 30, false, true
129040293, 5732350, 9225, 130, 91, 30, false, true
129556836, 5755200, 9225, 128, 90, 30, false, true
129792662, 5765622, 9226, 129, 91, 28, false, true
130519849, 5797480, 9226, 128, 90, 28, false, true
131964163, 5860337, 9226, 127, 89, 28, false, true
133999079, 5949669, 9227, 128, 90, 27, false, true
135279091, 6005916, 9228, 129, 91, 26, false, true
135800350, 6029048, 9230, 131, 92, 25, false, true
136071389, 6040940, 9231, 132, 93, 24, false, true
136856572, 6075685, 9231, 131, 92, 24, false, true
137188692, 6090179, 9232, 132, 93, 22, false, true
138273460, 6138382, 9232, 131, 92, 22, false, true
139611467, 6198046, 9232, 130, 91, 22, false, true
139801063, 6206772, 9233, 131, 92, 21, false, true
140011591, 6216210, 9234, 132, 93, 20, false, true
140042980, 6217591, 9234, 131, 92, 20, false, true
140489006, 6237285, 9235, 132, 93, 19, false, true
141458478, 6280624, 9235, 131, 92, 19, false, true
145002012, 6435746, 9235, 130, 91, 19, false, true
145224199, 6445518, 9236, 131, 92, 18, false, true
145466899, 6456279, 9237, 132, 93, 17, false, true
145758825, 6469050, 9238, 133, 94, 16, false, true
146988212, 6522652, 9238, 132, 93, 16, false, true
147048446, 6525277, 9238, 131, 92, 16, false, true
147133485, 6529048, 9238, 130, 91, 16, false, true
147510826, 6545654, 9239, 131, 92, 14, false, true
147659979, 6552227, 9240, 132, 93, 13, false, true
148123068, 6572264, 9240, 131, 92, 13, false, true
149955354, 6652149, 9240, 130, 91, 13, false, true
150456421, 6673585, 9241, 131, 92, 12, false, true
150622681, 6680772, 9245, 135, 93, 11, false, true
152192243, 6749243, 9245, 134, 92, 11, false, true
152866330, 6778203, 9245, 133, 91, 11, false, true
153271030, 6795580, 9245, 132, 90, 11, false, true
155285674, 6883568, 9245, 131, 89, 11, false, true
156892097, 6954591, 9246, 132, 90, 10, false, true
158050321, 7006218, 9247, 133, 91, 9, false, true
158771692, 7037862, 9247, 132, 90, 9, false, true
159605494, 7074863, 9247, 131, 89, 9, false, true
160050681, 7094271, 9247, 130, 88, 9, false, true
160136683, 7098062, 9253, 136, 89, 8, false, true
161323042, 7150707, 9253, 135, 88, 8, false, true
163360854, 7241914, 9254, 135, 88, 7, false, true
163529318, 7249662, 9255, 136, 89, 6, false, true
163727157, 7258559, 9256, 137, 90, 5, false, true
163756618, 7259913, 9256, 136, 90, 5, false, true
163912499, 7266629, 9257, 137, 91, 4, false, true
165368011, 7332271, 9259, 139, 92, 3, false, true
165927964, 7357313, 9260, 139, 93, 2, false, true
168545656, 7476023, 9260, 138, 92, 2, false, true
169959439, 7546728, 9260, 137, 91, 2, false, true
170076538, 7552996, 9261, 138, 92, 1, false, true
170666637, 7585600, 9261, 137, 91, 1, false, true
171699814, 7644830, 9262, 137, 91, 0, false, true
173249924, 7732570, 9262, 136, 90, 0, false, true
