docker build \
--tag gcr.io/fuzzbench/builders/benchmark/libpcap_fuzz_both \
--build-arg BUILDKIT_INLINE_CACHE=1 \
--cache-from gcr.io/fuzzbench/builders/benchmark/libpcap_fuzz_both \
--file benchmarks/libpcap_fuzz_both/Dockerfile \
benchmarks/libpcap_fuzz_both
#0 building with "default" instance using docker driver

#1 [internal] load build definition from Dockerfile
#1 transferring dockerfile: 1.26kB done
#1 DONE 0.0s

#2 [internal] load metadata for gcr.io/oss-fuzz-base/base-builder@sha256:87ca1e9e19235e731fac8de8d1892ebe8d55caf18e7aa131346fc582a2034fdd
#2 DONE 0.0s

#3 [internal] load .dockerignore
#3 transferring context: 2B done
#3 DONE 0.0s

#4 [1/6] FROM gcr.io/oss-fuzz-base/base-builder@sha256:87ca1e9e19235e731fac8de8d1892ebe8d55caf18e7aa131346fc582a2034fdd
#4 DONE 0.0s

#5 importing cache manifest from gcr.io/fuzzbench/builders/benchmark/libpcap_fuzz_both
#5 DONE 0.0s

#6 [internal] load build context
#6 transferring context: 1.42kB 0.0s done
#6 DONE 0.0s

#7 [3/6] RUN git clone https://github.com/the-tcpdump-group/libpcap.git libpcap
#7 CACHED

#8 [5/6] WORKDIR /src
#8 CACHED

#9 [2/6] RUN apt-get update &&     apt-get install -y make cmake flex bison
#9 CACHED

#10 [4/6] RUN git clone https://github.com/the-tcpdump-group/tcpdump.git tcpdump &&     git -C tcpdump checkout 032e4923e5202ea4d5a6d1cead83ed1927135874
#10 CACHED

#11 [6/6] COPY build.sh /src/
#11 CACHED

#12 exporting to image
#12 exporting layers done
#12 preparing layers for inline cache done
#12 writing image sha256:5de49992693234ac96ae87052e71a4391843a516cccd733d322e2a9577d4c337 done
#12 naming to gcr.io/fuzzbench/builders/benchmark/libpcap_fuzz_both done
#12 DONE 0.0s
docker build \
--tag gcr.io/fuzzbench/builders/aflmmbb/libpcap_fuzz_both-intermediate \
--build-arg BUILDKIT_INLINE_CACHE=1 \
--cache-from gcr.io/fuzzbench/builders/aflmmbb/libpcap_fuzz_both-intermediate \
--build-arg parent_image=gcr.io/fuzzbench/builders/benchmark/libpcap_fuzz_both \
--file fuzzers/aflmmbb/builder.Dockerfile \
fuzzers/aflmmbb
#0 building with "default" instance using docker driver

#1 [internal] load build definition from builder.Dockerfile
#1 transferring dockerfile: 2.90kB done
#1 WARN: InvalidDefaultArgInFrom: Default value for ARG $parent_image results in empty or invalid base image name (line 16)
#1 DONE 0.0s

#2 [internal] load metadata for gcr.io/fuzzbench/builders/benchmark/libpcap_fuzz_both:latest
#2 DONE 0.0s

#3 [internal] load .dockerignore
#3 transferring context: 2B done
#3 DONE 0.0s

#4 [ 1/13] FROM gcr.io/fuzzbench/builders/benchmark/libpcap_fuzz_both:latest
#4 DONE 0.0s

#5 importing cache manifest from gcr.io/fuzzbench/builders/aflmmbb/libpcap_fuzz_both-intermediate
#5 DONE 0.0s

#6 [ 6/13] RUN apt-get install -y cpio libcapstone-dev # for Nyx mode
#6 CACHED

#7 [ 5/13] RUN apt-get install -y ninja-build # for QEMU mode
#7 CACHED

#8 [ 9/13] RUN echo "dont cache3"
#8 CACHED

#9 [ 4/13] RUN apt-get install -y gcc-$(gcc --version|head -n1|sed 's/\..*//'|sed 's/.* //')-plugin-dev     libstdc++-$(gcc --version|head -n1|sed 's/\..*//'|sed 's/.* //')-dev
#9 CACHED

#10 [ 3/13] RUN apt-get install -y lld-14 llvm-14 llvm-14-dev clang-14 ||     apt-get install -y lld llvm llvm-dev clang
#10 CACHED

#11 [ 7/13] RUN apt-get install -y wget curl # for Frida mode
#11 CACHED

#12 [ 8/13] RUN apt-get install -y python3-pip # for Unicorn mode
#12 CACHED

#13 [ 2/13] RUN apt-get update &&     apt-get install -y     build-essential python3-dev automake cmake git flex bison     libglib2.0-dev libpixman-1-dev python3-setuptools cargo libgtk-3-dev
#13 CACHED

#14 [10/13] RUN git clone -b blackbox <anonymized> /afl
#14 CACHED

#15 [11/13] RUN cd /afl &&     unset CFLAGS CXXFLAGS &&     export CC=clang AFL_NO_X86=1 &&     PYTHON_INCLUDE=/ make &&     cp utils/aflpp_driver/libAFLDriver.a /
#15 0.184 [*] Compiling AFL++ for OS Linux on ARCH x86_64
#15 0.705 [+] ZLIB detected
#15 0.720 [!] Note: skipping x86 compilation checks (AFL_NO_X86 set).
#15 0.721 [+] shmat seems to be working.
#15 0.722 [-] You seem to need to install the package python3-dev or python-dev (and perhaps python[3]-apt), but it is optional so we continue
#15 0.731 [+] Everything seems to be working, ready to compile. (clang version 15.0.0 (https://github.com/llvm/llvm-project.git bf7f8d6fa6f460bf0a16ffec319cd71592216bf4))
#15 0.731 clang -O2   -g -Wno-pointer-sign -Wno-variadic-macros -Wall -Wextra -Wno-pointer-arith -fPIC -I include/ -DAFL_PATH=\"/usr/local/lib/afl\" -DBIN_PATH=\"/usr/local/bin\" -DDOC_PATH=\"/usr/local/share/doc/afl\" -flto=full  -DHAVE_ZLIB -c src/afl-common.c -o src/afl-common.o
#15 0.919 clang -O2   -g -Wno-pointer-sign -Wno-variadic-macros -Wall -Wextra -Wno-pointer-arith -fPIC -I include/ -DAFL_PATH=\"/usr/local/lib/afl\" -DBIN_PATH=\"/usr/local/bin\" -DDOC_PATH=\"/usr/local/share/doc/afl\" -flto=full  -DHAVE_ZLIB -c src/afl-sharedmem.c -o src/afl-sharedmem.o
#15 0.980 clang -O2   -g -Wno-pointer-sign -Wno-variadic-macros -Wall -Wextra -Wno-pointer-arith -fPIC -I include/ -DAFL_PATH=\"/usr/local/lib/afl\" -DBIN_PATH=\"/usr/local/bin\" -DDOC_PATH=\"/usr/local/share/doc/afl\" -flto=full  -DHAVE_ZLIB -c src/afl-forkserver.c -o src/afl-forkserver.o
#15 1.143 clang -O2   -g -Wno-pointer-sign -Wno-variadic-macros -Wall -Wextra -Wno-pointer-arith -fPIC -I include/ -DAFL_PATH=\"/usr/local/lib/afl\" -DBIN_PATH=\"/usr/local/bin\" -DDOC_PATH=\"/usr/local/share/doc/afl\"   -DHAVE_ZLIB -Iinclude -c src/afl-performance.c -o src/afl-performance.o
#15 1.429 clang -O2   -g -Wno-pointer-sign -Wno-variadic-macros -Wall -Wextra -Wno-pointer-arith -fPIC -I include/ -DAFL_PATH=\"/usr/local/lib/afl\" -DBIN_PATH=\"/usr/local/bin\" -DDOC_PATH=\"/usr/local/share/doc/afl\"  -flto=full  -DHAVE_ZLIB src/afl-fuzz-redqueen.c src/afl-fuzz-statsd.c src/afl-fuzz-extras.c src/afl-fuzz-queue.c src/afl-fuzz-cmplog.c src/afl-fuzz-state.c src/afl-fuzz-one.c src/afl-fuzz-python.c src/afl-fuzz-mutators.c src/afl-fuzz-stats.c src/afl-fuzz.c src/afl-fuzz-skipdet.c src/afl-fuzz-init.c src/afl-fuzz-bitmap.c src/afl-fuzz-run.c src/afl-common.o src/afl-sharedmem.o src/afl-forkserver.o src/afl-performance.o -o afl-fuzz  -ldl -lrt -lm -lz -lm
#15 2.582 src/afl-fuzz-one.c:336:26: warning: variable 'orig_in' set but not used [-Wunused-but-set-variable]
#15 2.582   u8 *in_buf, *out_buf, *orig_in, *ex_tmp;
#15 2.582                          ^
#15 2.615 src/afl-fuzz-one.c:3484:26: warning: variable 'orig_in' set but not used [-Wunused-but-set-variable]
#15 2.615   u8 *in_buf, *out_buf, *orig_in, *ex_tmp, *eff_map = 0;
#15 2.615                          ^
#15 3.137 2 warnings generated.
#15 8.071 clang -O2   -g -Wno-pointer-sign -Wno-variadic-macros -Wall -Wextra -Wno-pointer-arith -fPIC -I include/ -DAFL_PATH=\"/usr/local/lib/afl\" -DBIN_PATH=\"/usr/local/bin\" -DDOC_PATH=\"/usr/local/share/doc/afl\"  -flto=full  -DHAVE_ZLIB src/afl-showmap.c src/afl-fuzz-mutators.c src/afl-fuzz-python.c src/afl-common.o src/afl-sharedmem.o src/afl-forkserver.o src/afl-performance.o -o afl-showmap  -ldl -lrt -lm -lz
#15 8.993 clang -O2   -g -Wno-pointer-sign -Wno-variadic-macros -Wall -Wextra -Wno-pointer-arith -fPIC -I include/ -DAFL_PATH=\"/usr/local/lib/afl\" -DBIN_PATH=\"/usr/local/bin\" -DDOC_PATH=\"/usr/local/share/doc/afl\"  -flto=full  -DHAVE_ZLIB src/afl-tmin.c src/afl-common.o src/afl-sharedmem.o src/afl-forkserver.o src/afl-performance.o -o afl-tmin -ldl -lrt -lm -lz
#15 9.618 clang -O2   -g -Wno-pointer-sign -Wno-variadic-macros -Wall -Wextra -Wno-pointer-arith -fPIC -I include/ -DAFL_PATH=\"/usr/local/lib/afl\" -DBIN_PATH=\"/usr/local/bin\" -DDOC_PATH=\"/usr/local/share/doc/afl\"  -flto=full  -DHAVE_ZLIB src/afl-gotcpu.c src/afl-common.o -o afl-gotcpu -ldl -lrt -lm -lz
#15 9.728 clang -O2   -g -Wno-pointer-sign -Wno-variadic-macros -Wall -Wextra -Wno-pointer-arith -fPIC -I include/ -DAFL_PATH=\"/usr/local/lib/afl\" -DBIN_PATH=\"/usr/local/bin\" -DDOC_PATH=\"/usr/local/share/doc/afl\"  -flto=full  -DHAVE_ZLIB src/afl-analyze.c src/afl-common.o src/afl-sharedmem.o src/afl-performance.o src/afl-forkserver.o -o afl-analyze -ldl -lrt -lm -lz
#15 10.28 make -j -f GNUmakefile.llvm
#15 10.28 make[1]: Entering directory '/afl'
#15 10.30 [+] llvm_mode detected llvm 10+, enabling neverZero implementation and c++14
#15 10.30 [+] llvm_mode detected llvm 12+, enabling afl-lto LTO implementation
#15 10.54 [+] shmat seems to be working.
#15 10.55 [*] Checking for working 'llvm-config'...
#15 10.55 [*] Checking for working '/usr/local/bin/clang'...
#15 10.55 [*] Checking for matching versions of '/usr/local/bin/clang' and 'llvm-config'
#15 10.55 [*] We have llvm-config version 15.0.0 with a clang version 15.0.0, good.
#15 10.55 [*] Checking for './afl-showmap'...
#15 10.55 [+] All set and ready to build.
#15 10.55 /usr/local/bin/clang -O3 -funroll-loops -fPIC -Wall -g -Wno-cast-qual -Wno-variadic-macros -Wno-pointer-sign -I ./include/ -I ./instrumentation/ -DAFL_PATH=\"/usr/local/lib/afl\" -DBIN_PATH=\"/usr/local/bin\" -DLLVM_BINDIR=\"/usr/local/bin\" -DVERSION=\"++4.31a\" -DLLVM_LIBDIR=\"/usr/local/lib\" -DLLVM_VERSION=\"15.0.0\" -DAFL_CLANG_FLTO=\"-flto=full\" -DAFL_REAL_LD=\"/usr/local/bin/ld.lld\" -DAFL_CLANG_LDPATH=\"1\" -DAFL_CLANG_FUSELD=\"1\" -DCLANG_BIN=\"/usr/local/bin/clang\" -DCLANGPP_BIN=\"/usr/local/bin/clang++\" -DUSE_BINDIR=1 -Wno-unused-function -fdebug-prefix-map="/afl=llvm_mode" -Wno-deprecated  -c src/afl-common.c -o instrumentation/afl-common.o 
#15 10.86 /usr/local/bin/clang -I/usr/local/include -I./../include -O3 -funroll-loops -fPIC -Wall -g -Wno-cast-qual -Wno-variadic-macros -Wno-pointer-sign -I ./include/ -I ./instrumentation/ -DAFL_PATH=\"/usr/local/lib/afl\" -DBIN_PATH=\"/usr/local/bin\" -DLLVM_BINDIR=\"/usr/local/bin\" -DVERSION=\"++4.31a\" -DLLVM_LIBDIR=\"/usr/local/lib\" -DLLVM_VERSION=\"15.0.0\" -DAFL_CLANG_FLTO=\"-flto=full\" -DAFL_REAL_LD=\"/usr/local/bin/ld.lld\" -DAFL_CLANG_LDPATH=\"1\" -DAFL_CLANG_FUSELD=\"1\" -DCLANG_BIN=\"/usr/local/bin/clang\" -DCLANGPP_BIN=\"/usr/local/bin/clang++\" -DUSE_BINDIR=1 -Wno-unused-function -fdebug-prefix-map="/afl=llvm_mode" -Wno-deprecated  src/afl-cc.c instrumentation/afl-common.o -o afl-cc -DLLVM_MINOR=0 -DLLVM_MAJOR=15  -DCFLAGS_OPT=\"\" -lm
#15 11.38 /usr/local/bin/clang -I/usr/local/include -I./../include -Wall -g -Wno-cast-qual -Wno-variadic-macros -Wno-pointer-sign -I ./include/ -I ./instrumentation/ -DAFL_PATH=\"/usr/local/lib/afl\" -DBIN_PATH=\"/usr/local/bin\" -DLLVM_BINDIR=\"/usr/local/bin\" -DVERSION=\"++4.31a\" -DLLVM_LIBDIR=\"/usr/local/lib\" -DLLVM_VERSION=\"15.0.0\" -DAFL_CLANG_FLTO=\"-flto=full\" -DAFL_REAL_LD=\"/usr/local/bin/ld.lld\" -DAFL_CLANG_LDPATH=\"1\" -DAFL_CLANG_FUSELD=\"1\" -DCLANG_BIN=\"/usr/local/bin/clang\" -DCLANGPP_BIN=\"/usr/local/bin/clang++\" -DUSE_BINDIR=1 -Wno-unused-function -fdebug-prefix-map="/afl=llvm_mode" -Wno-deprecated  -O3 -Wno-unused-result -fPIC -c instrumentation/afl-compiler-rt.o.c -o afl-compiler-rt.o
#15 11.74 [*] Building 32-bit variant of the runtime (-m32)... success!
#15 12.06 [*] Building 64-bit variant of the runtime (-m64)... success!
#15 12.47 /usr/local/bin/clang++ -O3 -funroll-loops -fPIC -Wall -g -Wno-cast-qual -Wno-variadic-macros -Wno-pointer-sign -I ./include/ -I ./instrumentation/ -DAFL_PATH=\"/usr/local/lib/afl\" -DBIN_PATH=\"/usr/local/bin\" -DLLVM_BINDIR=\"/usr/local/bin\" -DVERSION=\"++4.31a\" -DLLVM_LIBDIR=\"/usr/local/lib\" -DLLVM_VERSION=\"15.0.0\" -DAFL_CLANG_FLTO=\"-flto=full\" -DAFL_REAL_LD=\"/usr/local/bin/ld.lld\" -DAFL_CLANG_LDPATH=\"1\" -DAFL_CLANG_FUSELD=\"1\" -DCLANG_BIN=\"/usr/local/bin/clang\" -DCLANGPP_BIN=\"/usr/local/bin/clang++\" -DUSE_BINDIR=1 -Wno-unused-function -fdebug-prefix-map="/afl=llvm_mode" -Wno-deprecated  $(llvm-config --cxxflags) -fno-rtti -fPIC -std=c++14 -c instrumentation/afl-llvm-common.cc -o instrumentation/afl-llvm-common.o 
#15 15.12 /usr/local/bin/clang++ $(llvm-config --cxxflags) -fno-rtti -fno-exceptions -fPIC -O3 -funroll-loops -fPIC -Wall -g -I ./include/ -DVERSION=\"++4.31a\" -Wno-variadic-macros -Wno-deprecated-copy-with-dtor -DLLVM_MINOR=0 -DLLVM_MAJOR=15  -Wno-deprecated-declarations -Wl,-znodelete -Wdeprecated -fno-rtti -fPIC -std=c++14 -shared instrumentation/afl-llvm-pass.so.cc -o afl-llvm-pass.so $(llvm-config --ldflags)  instrumentation/afl-llvm-common.o
#15 19.15 /usr/local/bin/clang++ $(llvm-config --cxxflags) -fno-rtti -fno-exceptions -fPIC -O3 -funroll-loops -fPIC -Wall -g -I ./include/ -DVERSION=\"++4.31a\" -Wno-variadic-macros -Wno-deprecated-copy-with-dtor -DLLVM_MINOR=0 -DLLVM_MAJOR=15  -Wno-deprecated-declarations -Wl,-znodelete -fno-rtti -fPIC -std=c++14 -shared instrumentation/SanitizerCoveragePCGUARD.so.cc -o SanitizerCoveragePCGUARD.so $(llvm-config --ldflags)  -Wno-deprecated-copy-dtor -Wdeprecated instrumentation/afl-llvm-common.o
#15 24.13 /usr/local/bin/clang++ $(llvm-config --cxxflags) -fno-rtti -fno-exceptions -fPIC -O3 -funroll-loops -fPIC -Wall -g -I ./include/ -DVERSION=\"++4.31a\" -Wno-variadic-macros -Wno-deprecated-copy-with-dtor -DLLVM_MINOR=0 -DLLVM_MAJOR=15  -Wno-deprecated-declarations -Wl,-znodelete -shared instrumentation/split-compares-pass.so.cc -o split-compares-pass.so $(llvm-config --ldflags)  instrumentation/afl-llvm-common.o
#15 28.37 /usr/local/bin/clang++ $(llvm-config --cxxflags) -fno-rtti -fno-exceptions -fPIC -O3 -funroll-loops -fPIC -Wall -g -I ./include/ -DVERSION=\"++4.31a\" -Wno-variadic-macros -Wno-deprecated-copy-with-dtor -DLLVM_MINOR=0 -DLLVM_MAJOR=15  -Wno-deprecated-declarations -Wl,-znodelete -shared instrumentation/split-switches-pass.so.cc -o split-switches-pass.so $(llvm-config --ldflags)  instrumentation/afl-llvm-common.o
#15 32.46 /usr/local/bin/clang++ $(llvm-config --cxxflags) -fno-rtti -fno-exceptions -fPIC -O3 -funroll-loops -fPIC -Wall -g -I ./include/ -DVERSION=\"++4.31a\" -Wno-variadic-macros -Wno-deprecated-copy-with-dtor -DLLVM_MINOR=0 -DLLVM_MAJOR=15  -Wno-deprecated-declarations -Wl,-znodelete -shared instrumentation/cmplog-routines-pass.cc -o cmplog-routines-pass.so $(llvm-config --ldflags)  instrumentation/afl-llvm-common.o
#15 36.70 /usr/local/bin/clang++ $(llvm-config --cxxflags) -fno-rtti -fno-exceptions -fPIC -O3 -funroll-loops -fPIC -Wall -g -I ./include/ -DVERSION=\"++4.31a\" -Wno-variadic-macros -Wno-deprecated-copy-with-dtor -DLLVM_MINOR=0 -DLLVM_MAJOR=15  -Wno-deprecated-declarations -Wl,-znodelete -shared instrumentation/cmplog-instructions-pass.cc -o cmplog-instructions-pass.so $(llvm-config --ldflags)  instrumentation/afl-llvm-common.o
#15 40.66 /usr/local/bin/clang++ $(llvm-config --cxxflags) -fno-rtti -fno-exceptions -fPIC -O3 -funroll-loops -fPIC -Wall -g -I ./include/ -DVERSION=\"++4.31a\" -Wno-variadic-macros -Wno-deprecated-copy-with-dtor -DLLVM_MINOR=0 -DLLVM_MAJOR=15  -Wno-deprecated-declarations -Wl,-znodelete -shared instrumentation/cmplog-switches-pass.cc -o cmplog-switches-pass.so $(llvm-config --ldflags)  instrumentation/afl-llvm-common.o
#15 44.65 /usr/local/bin/clang++ $(llvm-config --cxxflags) -fno-rtti -fno-exceptions -fPIC -O3 -funroll-loops -fPIC -Wall -g -I ./include/ -DVERSION=\"++4.31a\" -Wno-variadic-macros -Wno-deprecated-copy-with-dtor -DLLVM_MINOR=0 -DLLVM_MAJOR=15  -Wno-deprecated-declarations -Wl,-znodelete -shared instrumentation/afl-llvm-dict2file.so.cc -o afl-llvm-dict2file.so $(llvm-config --ldflags)  instrumentation/afl-llvm-common.o
#15 48.66 /usr/local/bin/clang++ $(llvm-config --cxxflags) -fno-rtti -fno-exceptions -fPIC -O3 -funroll-loops -fPIC -Wall -g -I ./include/ -DVERSION=\"++4.31a\" -Wno-variadic-macros -Wno-deprecated-copy-with-dtor -DLLVM_MINOR=0 -DLLVM_MAJOR=15  -Wno-deprecated-declarations -Wl,-znodelete -shared instrumentation/compare-transform-pass.so.cc -o compare-transform-pass.so $(llvm-config --ldflags)  instrumentation/afl-llvm-common.o
#15 53.28 /usr/local/bin/clang -O3 -funroll-loops -fPIC -Wall -g -Wno-cast-qual -Wno-variadic-macros -Wno-pointer-sign -I ./include/ -I ./instrumentation/ -DAFL_PATH=\"/usr/local/lib/afl\" -DBIN_PATH=\"/usr/local/bin\" -DLLVM_BINDIR=\"/usr/local/bin\" -DVERSION=\"++4.31a\" -DLLVM_LIBDIR=\"/usr/local/lib\" -DLLVM_VERSION=\"15.0.0\" -DAFL_CLANG_FLTO=\"-flto=full\" -DAFL_REAL_LD=\"/usr/local/bin/ld.lld\" -DAFL_CLANG_LDPATH=\"1\" -DAFL_CLANG_FUSELD=\"1\" -DCLANG_BIN=\"/usr/local/bin/clang\" -DCLANGPP_BIN=\"/usr/local/bin/clang++\" -DUSE_BINDIR=1 -Wno-unused-function -fdebug-prefix-map="/afl=llvm_mode" -Wno-deprecated  src/afl-ld-lto.c -o afl-ld-lto
#15 53.43 /usr/local/bin/clang++ $(llvm-config --cxxflags) -fno-rtti -fno-exceptions -fPIC -O3 -funroll-loops -fPIC -Wall -g -I ./include/ -DVERSION=\"++4.31a\" -Wno-variadic-macros -Wno-deprecated-copy-with-dtor -DLLVM_MINOR=0 -DLLVM_MAJOR=15  -Wno-deprecated-declarations -Wl,-znodelete -fno-rtti -fPIC -std=c++14 -shared instrumentation/afl-llvm-lto-instrumentlist.so.cc -o afl-llvm-lto-instrumentlist.so $(llvm-config --ldflags)  instrumentation/afl-llvm-common.o
#15 57.09 /usr/local/bin/clang++ $(llvm-config --cxxflags) -fno-rtti -fno-exceptions -fPIC -O3 -funroll-loops -fPIC -Wall -g -I ./include/ -DVERSION=\"++4.31a\" -Wno-variadic-macros -Wno-deprecated-copy-with-dtor -DLLVM_MINOR=0 -DLLVM_MAJOR=15  -Wno-deprecated-declarations -Wl,-znodelete -Wno-writable-strings -fno-rtti -fPIC -std=c++14 -shared instrumentation/SanitizerCoverageLTO.so.cc -o SanitizerCoverageLTO.so $(llvm-config --ldflags)  instrumentation/afl-llvm-common.o
#15 59.56 instrumentation/SanitizerCoverageLTO.so.cc:352:16: error: no member named 'registerFullLinkTimeOptimizationLastEPCallback' in 'llvm::PassBuilder'
#15 59.56             PB.registerFullLinkTimeOptimizationLastEPCallback(
#15 59.56             ~~ ^
#15 60.52 1 error generated.
#15 60.54 make[1]: Leaving directory '/afl'
#15 60.54 make[1]: *** [GNUmakefile.llvm:461: SanitizerCoverageLTO.so] Error 1
#15 60.54 make: [GNUmakefile:347: llvm] Error 2 (ignored)
#15 60.55 make -f GNUmakefile.gcc_plugin
#15 60.55 make[1]: Entering directory '/afl'
#15 60.62 [+] shmat seems to be working.
#15 60.62 [*] Checking for working 'gcc'...
#15 60.62 [*] Checking for gcc plugin development header files...
#15 60.62 [*] Checking for './afl-showmap'...
#15 60.62 [+] All set and ready to build.
#15 60.63 g++ -O3 -g -funroll-loops  -Wall -std=c++11 -fPIC -fno-rtti -fno-exceptions -I"/usr/lib/gcc/x86_64-linux-gnu/9/plugin"/include -I"/usr/lib/gcc/x86_64-linux-gnu/9/plugin" -shared instrumentation/afl-gcc-pass.so.cc -o afl-gcc-pass.so
#15 62.28 ln -sf afl-cc afl-gcc-fast
#15 62.28 ln -sf afl-cc afl-g++-fast
#15 62.28 ln -sf afl-cc.8 afl-gcc-fast.8
#15 62.28 ln -sf afl-cc.8 afl-g++-fast.8
#15 62.29 g++ -O3 -g -funroll-loops  -Wall -std=c++11 -fPIC -fno-rtti -fno-exceptions -I"/usr/lib/gcc/x86_64-linux-gnu/9/plugin"/include -I"/usr/lib/gcc/x86_64-linux-gnu/9/plugin" -shared instrumentation/afl-gcc-cmplog-pass.so.cc -o afl-gcc-cmplog-pass.so
#15 63.96 g++ -O3 -g -funroll-loops  -Wall -std=c++11 -fPIC -fno-rtti -fno-exceptions -I"/usr/lib/gcc/x86_64-linux-gnu/9/plugin"/include -I"/usr/lib/gcc/x86_64-linux-gnu/9/plugin" -shared instrumentation/afl-gcc-cmptrs-pass.so.cc -o afl-gcc-cmptrs-pass.so
#15 65.59 [*] Testing the CC wrapper and instrumentation output...
#15 65.59 unset AFL_USE_ASAN AFL_USE_MSAN AFL_LLVM_ALLOWLIST AFL_LLVM_DENYLIST; ASAN_OPTIONS=detect_leaks=0 AFL_QUIET=1 AFL_INST_RATIO=100 AFL_PATH=. AFL_CC=gcc ./afl-gcc-fast -O3 -g -funroll-loops -Wall -Iinclude -Wno-pointer-sign -DAFL_PATH=\"/usr/local/lib/afl\" -DBIN_PATH=\"/usr/local/bin\" -DGCC_VERSION=\"\" -DGCC_BINDIR=\"\" -Wno-unused-function  ./test-instr.c -o test-instr -lrt
#15 65.68 ASAN_OPTIONS=detect_leaks=0 ./afl-showmap -m none -q -o .test-instr0 ./test-instr </dev/null
#15 65.68 echo 1 | ASAN_OPTIONS=detect_leaks=0 ./afl-showmap -m none -q -o .test-instr1 ./test-instr
#15 65.69 [+] All right, the instrumentation seems to be working!
#15 65.69 [+] All done! You can now use './afl-gcc-fast' to compile programs.
#15 65.69 make[1]: Leaving directory '/afl'
#15 65.69 [!] Note: skipping build tests (you may need to use LLVM or QEMU mode).
#15 65.70 [+] Main compiler 'afl-cc' successfully built!
#15 65.70 [+] LLVM mode for 'afl-cc' successfully built!
#15 65.70 [-] LLVM LTO mode for 'afl-cc'  failed to build, this would need LLVM 11+, see instrumentation/README.lto.md how to build it
#15 65.70 [+] gcc_plugin for 'afl-cc' successfully built!
#15 65.70 [+] All done! Be sure to review the README.md - it's pretty short and useful.
#15 65.70 make -C utils/aflpp_driver
#15 65.70 make[1]: Entering directory '/afl/utils/aflpp_driver'
#15 65.71 /usr/local/bin/clang -I. -I../../include -O3 -funroll-loops -g -fPIC -c aflpp_driver.c
#15 65.79 'libAFLDriver.a' -> '../../libAFLDriver.a'
#15 65.79 /usr/local/bin/clang -O3 -funroll-loops -g -fPIC -O0 -funroll-loops -c aflpp_qemu_driver.c
#15 65.82 'libAFLQemuDriver.a' -> '../../libAFLQemuDriver.a'
#15 65.82 Note: Optional aflpp_qemu_driver_hook.o not built.
#15 65.82 Note: Optional aflpp_qemu_driver_hook.so not built.
#15 65.82 make[1]: Leaving directory '/afl/utils/aflpp_driver'
#15 65.82 
#15 65.82 
#15 65.83 
#15 65.83 
#15 65.83 Build Summary:
#15 65.83 [+] afl-fuzz and supporting tools successfully built
#15 65.83 [+] LLVM basic mode successfully built
#15 65.83 [+] LLVM mode successfully built
#15 65.83 [-] LLVM LTO mode could not be built, it is optional, if you want it, please install LLVM and LLD 11+. More information at instrumentation/README.lto.md on how to build it
#15 65.83 [+] gcc_mode successfully built
#15 65.83 
#15 DONE 65.9s

#16 [12/13] RUN cd /afl &&     PYTHON_INCLUDE=/ make all && make install
#16 0.270 [*] Compiling AFL++ for OS Linux on ARCH x86_64
#16 0.645 [+] ZLIB detected
#16 0.660 [*] Checking for the default compiler cc...
#16 0.661 [*] Testing the PATH environment variable...
#16 0.663 [*] Checking for the ability to compile x86 code...
#16 0.709 [+] shmat seems to be working.
#16 0.711 [-] You seem to need to install the package python3-dev or python-dev (and perhaps python[3]-apt), but it is optional so we continue
#16 0.721 [+] Everything seems to be working, ready to compile. (clang version 15.0.0 (https://github.com/llvm/llvm-project.git bf7f8d6fa6f460bf0a16ffec319cd71592216bf4))
#16 0.722 make -j -f GNUmakefile.llvm
#16 0.723 make[1]: Entering directory '/afl'
#16 0.745 [+] llvm_mode detected llvm 10+, enabling neverZero implementation and c++14
#16 0.745 [+] llvm_mode detected llvm 12+, enabling afl-lto LTO implementation
#16 0.992 [+] shmat seems to be working.
#16 1.007 [*] Checking for working 'llvm-config'...
#16 1.008 [*] Checking for working '/usr/local/bin/clang'...
#16 1.009 [*] Checking for matching versions of '/usr/local/bin/clang' and 'llvm-config'
#16 1.010 [*] We have llvm-config version 15.0.0 with a clang version 15.0.0, good.
#16 1.011 [*] Checking for './afl-showmap'...
#16 1.012 [+] All set and ready to build.
#16 1.017 /usr/local/bin/clang++ $(llvm-config --cxxflags) -fno-rtti -fno-exceptions -fPIC -O1 -fno-omit-frame-pointer -gline-tables-only -DFUZZING_BUILD_MODE_UNSAFE_FOR_PRODUCTION -stdlib=libc++ -Wall -g -I ./include/ -DVERSION=\"++4.31a\" -Wno-variadic-macros -Wno-deprecated-copy-with-dtor -DLLVM_MINOR=0 -DLLVM_MAJOR=15  -Wno-deprecated-declarations -Wl,-znodelete -Wno-writable-strings -fno-rtti -fPIC -std=c++14 -shared instrumentation/SanitizerCoverageLTO.so.cc -o SanitizerCoverageLTO.so $(llvm-config --ldflags)  instrumentation/afl-llvm-common.o
#16 3.659 instrumentation/SanitizerCoverageLTO.so.cc:352:16: error: no member named 'registerFullLinkTimeOptimizationLastEPCallback' in 'llvm::PassBuilder'
#16 3.659             PB.registerFullLinkTimeOptimizationLastEPCallback(
#16 3.659             ~~ ^
#16 4.794 1 error generated.
#16 4.817 make[1]: *** [GNUmakefile.llvm:461: SanitizerCoverageLTO.so] Error 1
#16 4.817 make[1]: Leaving directory '/afl'
#16 4.817 make: [GNUmakefile:347: llvm] Error 2 (ignored)
#16 4.818 make -f GNUmakefile.gcc_plugin
#16 4.820 make[1]: Entering directory '/afl'
#16 4.866 [+] shmat seems to be working.
#16 4.868 [*] Checking for working 'gcc'...
#16 4.869 [*] Checking for gcc plugin development header files...
#16 4.872 [*] Checking for './afl-showmap'...
#16 4.873 [+] All set and ready to build.
#16 4.874 [*] Testing the CC wrapper and instrumentation output...
#16 4.874 unset AFL_USE_ASAN AFL_USE_MSAN AFL_LLVM_ALLOWLIST AFL_LLVM_DENYLIST; ASAN_OPTIONS=detect_leaks=0 AFL_QUIET=1 AFL_INST_RATIO=100 AFL_PATH=. AFL_CC=gcc ./afl-gcc-fast -O1 -fno-omit-frame-pointer -gline-tables-only -DFUZZING_BUILD_MODE_UNSAFE_FOR_PRODUCTION -g -Wno-pointer-sign -Wno-variadic-macros -Wall -Wextra -Wno-pointer-arith -fPIC -I include/ -DAFL_PATH=\"/usr/local/lib/afl\" -DBIN_PATH=\"/usr/local/bin\" -DDOC_PATH=\"/usr/local/share/doc/afl\" -Wall -Iinclude -Wno-pointer-sign -DAFL_PATH=\"/usr/local/lib/afl\" -DBIN_PATH=\"/usr/local/bin\" -DGCC_VERSION=\"\" -DGCC_BINDIR=\"\" -Wno-unused-function  ./test-instr.c -o test-instr -lrt
#16 4.877 gcc: error: unrecognized debug output level 'line-tables-only'
#16 4.877 make[1]: *** [GNUmakefile.gcc_plugin:166: test_build] Error 1
#16 4.877 make[1]: Leaving directory '/afl'
#16 4.878 make: [GNUmakefile:353: gcc_plugin] Error 2 (ignored)
#16 4.879 [*] Testing the CC wrapper afl-cc and its instrumentation output...
#16 4.951 ASAN_OPTIONS=detect_leaks=0 ./afl-showmap -q -m none -o .test-instr0 ./test-instr < /dev/null
#16 4.956 echo 1 | ASAN_OPTIONS=detect_leaks=0 ./afl-showmap -m none -q -o .test-instr1 ./test-instr
#16 4.966 
#16 4.967 [+] All right, the instrumentation of afl-cc seems to be working!
#16 4.968 [+] Main compiler 'afl-cc' successfully built!
#16 4.969 [+] LLVM mode for 'afl-cc' successfully built!
#16 4.970 [-] LLVM LTO mode for 'afl-cc'  failed to build, this would need LLVM 11+, see instrumentation/README.lto.md how to build it
#16 4.970 [+] gcc_plugin for 'afl-cc' successfully built!
#16 4.971 [+] All done! Be sure to review the README.md - it's pretty short and useful.
#16 4.974 make -C utils/aflpp_driver
#16 4.975 make[1]: Entering directory '/afl/utils/aflpp_driver'
#16 4.987 Note: Optional aflpp_qemu_driver_hook.o not built.
#16 4.988 Note: Optional aflpp_qemu_driver_hook.so not built.
#16 4.988 make[1]: Leaving directory '/afl/utils/aflpp_driver'
#16 4.988 
#16 4.989 
#16 4.990 
#16 4.990 
#16 4.991 Build Summary:
#16 4.991 [+] afl-fuzz and supporting tools successfully built
#16 4.992 [+] LLVM basic mode successfully built
#16 4.993 [+] LLVM mode successfully built
#16 4.993 [-] LLVM LTO mode could not be built, it is optional, if you want it, please install LLVM and LLD 11+. More information at instrumentation/README.lto.md on how to build it
#16 4.994 [+] gcc_mode successfully built
#16 4.995 
#16 4.998 [*] Compiling AFL++ for OS Linux on ARCH x86_64
#16 5.503 [+] ZLIB detected
#16 5.518 [*] Checking for the default compiler cc...
#16 5.520 [*] Testing the PATH environment variable...
#16 5.521 [*] Checking for the ability to compile x86 code...
#16 5.567 [+] shmat seems to be working.
#16 5.570 [+] Python 3.8.3 support seems to be working.
#16 5.579 [+] Everything seems to be working, ready to compile. (clang version 15.0.0 (https://github.com/llvm/llvm-project.git bf7f8d6fa6f460bf0a16ffec319cd71592216bf4))
#16 5.580 make -j -f GNUmakefile.llvm
#16 5.581 make[1]: Entering directory '/afl'
#16 5.601 [+] llvm_mode detected llvm 10+, enabling neverZero implementation and c++14
#16 5.601 [+] llvm_mode detected llvm 12+, enabling afl-lto LTO implementation
#16 5.853 [+] shmat seems to be working.
#16 5.868 [*] Checking for working 'llvm-config'...
#16 5.869 [*] Checking for working '/usr/local/bin/clang'...
#16 5.871 [*] Checking for matching versions of '/usr/local/bin/clang' and 'llvm-config'
#16 5.871 [*] We have llvm-config version 15.0.0 with a clang version 15.0.0, good.
#16 5.872 [*] Checking for './afl-showmap'...
#16 5.874 [+] All set and ready to build.
#16 5.878 /usr/local/bin/clang++ $(llvm-config --cxxflags) -fno-rtti -fno-exceptions -fPIC -O1 -fno-omit-frame-pointer -gline-tables-only -DFUZZING_BUILD_MODE_UNSAFE_FOR_PRODUCTION -stdlib=libc++ -Wall -g -I ./include/ -DVERSION=\"++4.31a\" -Wno-variadic-macros -Wno-deprecated-copy-with-dtor -DLLVM_MINOR=0 -DLLVM_MAJOR=15  -Wno-deprecated-declarations -Wl,-znodelete -Wno-writable-strings -fno-rtti -fPIC -std=c++14 -shared instrumentation/SanitizerCoverageLTO.so.cc -o SanitizerCoverageLTO.so $(llvm-config --ldflags)  instrumentation/afl-llvm-common.o
#16 8.478 instrumentation/SanitizerCoverageLTO.so.cc:352:16: error: no member named 'registerFullLinkTimeOptimizationLastEPCallback' in 'llvm::PassBuilder'
#16 8.478             PB.registerFullLinkTimeOptimizationLastEPCallback(
#16 8.478             ~~ ^
#16 9.605 1 error generated.
#16 9.629 make[1]: *** [GNUmakefile.llvm:461: SanitizerCoverageLTO.so] Error 1
#16 9.629 make[1]: Leaving directory '/afl'
#16 9.630 make: [GNUmakefile:347: llvm] Error 2 (ignored)
#16 9.630 make -f GNUmakefile.gcc_plugin
#16 9.632 make[1]: Entering directory '/afl'
#16 9.678 [+] shmat seems to be working.
#16 9.679 [*] Checking for working 'gcc'...
#16 9.680 [*] Checking for gcc plugin development header files...
#16 9.683 [*] Checking for './afl-showmap'...
#16 9.684 [+] All set and ready to build.
#16 9.685 [*] Testing the CC wrapper and instrumentation output...
#16 9.685 unset AFL_USE_ASAN AFL_USE_MSAN AFL_LLVM_ALLOWLIST AFL_LLVM_DENYLIST; ASAN_OPTIONS=detect_leaks=0 AFL_QUIET=1 AFL_INST_RATIO=100 AFL_PATH=. AFL_CC=gcc ./afl-gcc-fast -O1 -fno-omit-frame-pointer -gline-tables-only -DFUZZING_BUILD_MODE_UNSAFE_FOR_PRODUCTION -g -Wno-pointer-sign -Wno-variadic-macros -Wall -Wextra -Wno-pointer-arith -fPIC -I include/ -DAFL_PATH=\"/usr/local/lib/afl\" -DBIN_PATH=\"/usr/local/bin\" -DDOC_PATH=\"/usr/local/share/doc/afl\" -Wall -Iinclude -Wno-pointer-sign -DAFL_PATH=\"/usr/local/lib/afl\" -DBIN_PATH=\"/usr/local/bin\" -DGCC_VERSION=\"\" -DGCC_BINDIR=\"\" -Wno-unused-function  ./test-instr.c -o test-instr -lrt
#16 9.688 gcc: error: unrecognized debug output level 'line-tables-only'
#16 9.689 make[1]: *** [GNUmakefile.gcc_plugin:166: test_build] Error 1
#16 9.689 make[1]: Leaving directory '/afl'
#16 9.689 make: [GNUmakefile:353: gcc_plugin] Error 2 (ignored)
#16 9.690 [*] Testing the CC wrapper afl-cc and its instrumentation output...
#16 9.761 ASAN_OPTIONS=detect_leaks=0 ./afl-showmap -q -m none -o .test-instr0 ./test-instr < /dev/null
#16 9.767 echo 1 | ASAN_OPTIONS=detect_leaks=0 ./afl-showmap -m none -q -o .test-instr1 ./test-instr
#16 9.777 
#16 9.777 [+] All right, the instrumentation of afl-cc seems to be working!
#16 9.779 [+] Main compiler 'afl-cc' successfully built!
#16 9.780 [+] LLVM mode for 'afl-cc' successfully built!
#16 9.780 [-] LLVM LTO mode for 'afl-cc'  failed to build, this would need LLVM 11+, see instrumentation/README.lto.md how to build it
#16 9.781 [+] gcc_plugin for 'afl-cc' successfully built!
#16 9.782 [+] All done! Be sure to review the README.md - it's pretty short and useful.
#16 9.785 make -C utils/aflpp_driver
#16 9.786 make[1]: Entering directory '/afl/utils/aflpp_driver'
#16 9.797 Note: Optional aflpp_qemu_driver_hook.o not built.
#16 9.798 Note: Optional aflpp_qemu_driver_hook.so not built.
#16 9.798 make[1]: Leaving directory '/afl/utils/aflpp_driver'
#16 9.798 
#16 9.799 
#16 9.800 
#16 9.800 
#16 9.801 Build Summary:
#16 9.802 [+] afl-fuzz and supporting tools successfully built
#16 9.802 [+] LLVM basic mode successfully built
#16 9.803 [+] LLVM mode successfully built
#16 9.804 [-] LLVM LTO mode could not be built, it is optional, if you want it, please install LLVM and LLD 11+. More information at instrumentation/README.lto.md on how to build it
#16 9.805 [+] gcc_mode successfully built
#16 9.806 
#16 10.05 rm -fv /usr/local/lib/afl/afl-llvm-dict2file.so
#16 10.05 rm -fv /usr/local/lib/afl/afl-llvm-lto-instrumentlist.so
#16 10.05 rm -fv /usr/local/lib/afl/afl-llvm-pass.so
#16 10.05 rm -fv /usr/local/lib/afl/cmplog-instructions-pass.so
#16 10.05 rm -fv /usr/local/lib/afl/cmplog-routines-pass.so
#16 10.05 rm -fv /usr/local/lib/afl/cmplog-switches-pass.so
#16 10.05 rm -fv /usr/local/lib/afl/compare-transform-pass.so
#16 10.05 rm -fv /usr/local/lib/afl/libcompcov.so
#16 10.05 rm -fv /usr/local/lib/afl/libdislocator.so
#16 10.05 rm -fv /usr/local/lib/afl/libnyx.so
#16 10.05 rm -fv /usr/local/lib/afl/libqasan.so
#16 10.05 rm -fv /usr/local/lib/afl/libtokencap.so
#16 10.05 rm -fv /usr/local/lib/afl/SanitizerCoverageLTO.so
#16 10.05 rm -fv /usr/local/lib/afl/SanitizerCoveragePCGUARD.so
#16 10.05 rm -fv /usr/local/lib/afl/split-compares-pass.so
#16 10.05 rm -fv /usr/local/lib/afl/split-switches-pass.so
#16 10.05 rm -fv /usr/local/lib/afl/injection-pass.so
#16 10.05 install -m 755 afl-fuzz afl-showmap afl-tmin afl-gotcpu afl-analyze afl-plot afl-cmin afl-cmin.bash afl-whatsup afl-addseeds afl-system-config afl-persistent-config afl-cc ${DESTDIR}/usr/local/bin
#16 10.07 make -f GNUmakefile.llvm install
#16 10.07 make[1]: Entering directory '/afl'
#16 10.09 [+] llvm_mode detected llvm 10+, enabling neverZero implementation and c++14
#16 10.09 [+] llvm_mode detected llvm 12+, enabling afl-lto LTO implementation
#16 10.34 [+] shmat seems to be working.
#16 10.36 [*] Checking for working 'llvm-config'...
#16 10.36 [*] Checking for working '/usr/local/bin/clang'...
#16 10.36 [*] Checking for matching versions of '/usr/local/bin/clang' and 'llvm-config'
#16 10.36 [*] We have llvm-config version 15.0.0 with a clang version 15.0.0, good.
#16 10.36 [*] Checking for './afl-showmap'...
#16 10.36 [+] All set and ready to build.
#16 10.37 /usr/local/bin/clang++ $(llvm-config --cxxflags) -fno-rtti -fno-exceptions -fPIC -O1 -fno-omit-frame-pointer -gline-tables-only -DFUZZING_BUILD_MODE_UNSAFE_FOR_PRODUCTION -stdlib=libc++ -Wall -g -I ./include/ -DVERSION=\"++4.31a\" -Wno-variadic-macros -Wno-deprecated-copy-with-dtor -DLLVM_MINOR=0 -DLLVM_MAJOR=15  -Wno-deprecated-declarations -Wl,-znodelete -Wno-writable-strings -fno-rtti -fPIC -std=c++14 -shared instrumentation/SanitizerCoverageLTO.so.cc -o SanitizerCoverageLTO.so $(llvm-config --ldflags)  instrumentation/afl-llvm-common.o
#16 12.97 instrumentation/SanitizerCoverageLTO.so.cc:352:16: error: no member named 'registerFullLinkTimeOptimizationLastEPCallback' in 'llvm::PassBuilder'
#16 12.97             PB.registerFullLinkTimeOptimizationLastEPCallback(
#16 12.97             ~~ ^
#16 14.11 1 error generated.
#16 14.13 make[1]: *** [GNUmakefile.llvm:461: SanitizerCoverageLTO.so] Error 1
#16 14.13 make[1]: Leaving directory '/afl'
#16 14.13 make: [GNUmakefile:820: install] Error 2 (ignored)
#16 14.13 make -f GNUmakefile.gcc_plugin install
#16 14.13 make[1]: Entering directory '/afl'
#16 14.18 [+] shmat seems to be working.
#16 14.18 [*] Checking for working 'gcc'...
#16 14.18 [*] Checking for gcc plugin development header files...
#16 14.18 [*] Checking for './afl-showmap'...
#16 14.18 [+] All set and ready to build.
#16 14.19 [*] Testing the CC wrapper and instrumentation output...
#16 14.19 unset AFL_USE_ASAN AFL_USE_MSAN AFL_LLVM_ALLOWLIST AFL_LLVM_DENYLIST; ASAN_OPTIONS=detect_leaks=0 AFL_QUIET=1 AFL_INST_RATIO=100 AFL_PATH=. AFL_CC=gcc ./afl-gcc-fast -O1 -fno-omit-frame-pointer -gline-tables-only -DFUZZING_BUILD_MODE_UNSAFE_FOR_PRODUCTION -g -Wno-pointer-sign -Wno-variadic-macros -Wall -Wextra -Wno-pointer-arith -fPIC -I include/ -DAFL_PATH=\"/usr/local/lib/afl\" -DBIN_PATH=\"/usr/local/bin\" -DDOC_PATH=\"/usr/local/share/doc/afl\" -Wall -Iinclude -Wno-pointer-sign -DAFL_PATH=\"/usr/local/lib/afl\" -DBIN_PATH=\"/usr/local/bin\" -DGCC_VERSION=\"\" -DGCC_BINDIR=\"\" -Wno-unused-function  ./test-instr.c -o test-instr -lrt
#16 14.19 gcc: error: unrecognized debug output level 'line-tables-only'
#16 14.19 make[1]: *** [GNUmakefile.gcc_plugin:166: test_build] Error 1
#16 14.19 make[1]: Leaving directory '/afl'
#16 14.19 make: [GNUmakefile:821: install] Error 2 (ignored)
#16 14.19 ln -sf afl-cc ${DESTDIR}/usr/local/bin/afl-gcc
#16 14.19 ln -sf afl-cc ${DESTDIR}/usr/local/bin/afl-g++
#16 14.19 ln -sf afl-cc ${DESTDIR}/usr/local/bin/afl-clang
#16 14.19 ln -sf afl-cc ${DESTDIR}/usr/local/bin/afl-clang++
#16 14.20 install -m 644 include/afl-fuzz.h include/afl-mutations.h include/afl-persistent-replay.h include/afl-prealloc.h include/afl-record-compat.h include/alloc-inl.h include/android-ashmem.h include/cmplog.h include/common.h include/config.h include/coverage-32.h include/coverage-64.h include/debug.h include/envs.h include/forkserver.h include/hash.h include/list.h include/sharedmem.h include/snapshot-inl.h include/t1ha.h include/t1ha0_ia32aes_b.h include/t1ha_bits.h include/t1ha_selfcheck.h include/types.h include/xxhash.h ${DESTDIR}/usr/local/include/afl
#16 14.20 install -m0644 *.8 /usr/local/share/man/man8
#16 14.21 install -m 644 docs/*.md ${DESTDIR}/usr/local/share/doc/afl
#16 14.21 cp -r testcases/ ${DESTDIR}/usr/local/share/afl
#16 14.22 cp -r dictionaries/ ${DESTDIR}/usr/local/share/afl
#16 14.23 cp injections.dic ${DESTDIR}/usr/local/share/afl
#16 DONE 14.3s

#17 [13/13] RUN cd /afl/custom_mutators/examples &&     cc -O3 -fPIC -shared -g -o custom_post_run.so -I../../include set.c custom_post_run.c
#17 0.524 custom_post_run.c: In function 'afl_custom_post_run':
#17 0.524 custom_post_run.c:313:5: warning: implicit declaration of function 'update_record' [-Wimplicit-function-declaration]
#17 0.524   313 |     update_record(data);
#17 0.524       |     ^~~~~~~~~~~~~
#17 0.524 custom_post_run.c: At top level:
#17 0.524 custom_post_run.c:319:6: warning: conflicting types for 'update_record'
#17 0.524   319 | void update_record(my_mutator_t *data) {
#17 0.524       |      ^~~~~~~~~~~~~
#17 0.524 custom_post_run.c:313:5: note: previous implicit declaration of 'update_record' was here
#17 0.524   313 |     update_record(data);
#17 0.524       |     ^~~~~~~~~~~~~
#17 DONE 0.7s

#18 exporting to image
#18 exporting layers
#18 exporting layers 0.2s done
#18 preparing layers for inline cache 0.0s done
#18 writing image sha256:dbd9512f08cbf4fc5711f4c797c25b3c033cc80cd7271e251d91e00f76da27aa done
#18 naming to gcr.io/fuzzbench/builders/aflmmbb/libpcap_fuzz_both-intermediate done
#18 DONE 0.2s

 [33m1 warning found (use --debug to expand):
[0m - InvalidDefaultArgInFrom: Default value for ARG $parent_image results in empty or invalid base image name (line 16)
docker pull ubuntu:focal
focal: Pulling from library/ubuntu
Digest: sha256:8e5c4f0285ecbb4ead070431d29b576a530d3166df73ec44affc1cd27555141b
Status: Image is up to date for ubuntu:focal
docker.io/library/ubuntu:focal
docker build \
--tag gcr.io/fuzzbench/base-image \
--build-arg BUILDKIT_INLINE_CACHE=1 \
--cache-from gcr.io/fuzzbench/base-image \
--file docker/base-image/Dockerfile \
.
#0 building with "default" instance using docker driver

#1 [internal] load build definition from Dockerfile
#1 transferring dockerfile: 2.34kB done
#1 WARN: LegacyKeyValueFormat: "ENV key=value" should be used instead of legacy "ENV key value" format (line 20)
#1 DONE 0.0s

#2 [internal] load metadata for docker.io/library/ubuntu:focal
#2 DONE 0.0s

#3 [internal] load .dockerignore
#3 transferring context: 220B done
#3 DONE 0.0s

#4 importing cache manifest from gcr.io/fuzzbench/base-image
#4 DONE 0.0s

#5 [1/7] FROM docker.io/library/ubuntu:focal
#5 DONE 0.0s

#6 [internal] load build context
#6 transferring context: 711B done
#6 DONE 0.0s

#7 [5/7] RUN pip install -r /tmp/requirements.txt
#7 CACHED

#8 [4/7] COPY ./requirements.txt /tmp
#8 CACHED

#9 [6/7] RUN apt-get update &&     apt-get install -y     apt-transport-https     ca-certificates     rsync     gnupg
#9 CACHED

#10 [2/7] RUN apt-get update &&     apt-get upgrade -y &&     apt-get install -y     curl     xz-utils     build-essential     zlib1g-dev     libssl-dev     libffi-dev     libsqlite3-dev     libbz2-dev     liblzma-dev
#10 CACHED

#11 [3/7] RUN cd /tmp/ &&     curl -O https://www.python.org/ftp/python/3.10.8/Python-3.10.8.tar.xz &&     tar -xvf Python-3.10.8.tar.xz > /dev/null &&     cd Python-3.10.8 &&     ./configure         --enable-loadable-sqlite-extensions         --enable-optimizations         > /dev/null &&     make -j install > /dev/null &&     rm -r /tmp/Python-3.10.8.tar.xz /tmp/Python-3.10.8 &&     ln -s /usr/local/bin/python3 /usr/local/bin/python &&     ln -s /usr/local/bin/pip3 /usr/local/bin/pip
#11 CACHED

#12 [7/7] RUN echo "deb https://packages.cloud.google.com/apt cloud-sdk main"     | tee -a /etc/apt/sources.list.d/google-cloud-sdk.list &&     curl https://packages.cloud.google.com/apt/doc/apt-key.gpg     | apt-key add - &&     apt-get update &&     apt-get install -y google-cloud-cli
#12 CACHED

#13 exporting to image
#13 exporting layers done
#13 preparing layers for inline cache 0.0s done
#13 writing image sha256:248ee53bfdf489c613ff11a32ff9d70484f6ea031136941d8c764caa64effe94 done
#13 naming to gcr.io/fuzzbench/base-image done
#13 DONE 0.0s

 [33m1 warning found (use --debug to expand):
[0m - LegacyKeyValueFormat: "ENV key=value" should be used instead of legacy "ENV key value" format (line 20)
docker build \
--tag gcr.io/fuzzbench/builders/aflmmbb/libpcap_fuzz_both \
--build-arg BUILDKIT_INLINE_CACHE=1 \
--cache-from gcr.io/fuzzbench/builders/aflmmbb/libpcap_fuzz_both \
--build-arg benchmark=libpcap_fuzz_both \
--build-arg fuzzer=aflmmbb \
--build-arg parent_image=gcr.io/fuzzbench/builders/aflmmbb/libpcap_fuzz_both-intermediate \
--no-cache \
--file docker/benchmark-builder/Dockerfile \
.
#0 building with "default" instance using docker driver

#1 [internal] load build definition from Dockerfile
#1 transferring dockerfile: 2.50kB done
#1 WARN: InvalidDefaultArgInFrom: Default value for ARG $parent_image results in empty or invalid base image name (line 20)
#1 WARN: LegacyKeyValueFormat: "ENV key=value" should be used instead of legacy "ENV key value" format (line 26)
#1 WARN: LegacyKeyValueFormat: "ENV key=value" should be used instead of legacy "ENV key value" format (line 27)
#1 WARN: LegacyKeyValueFormat: "ENV key=value" should be used instead of legacy "ENV key value" format (line 28)
#1 DONE 0.0s

#2 [internal] load metadata for gcr.io/fuzzbench/base-image:latest
#2 DONE 0.0s

#3 [internal] load metadata for gcr.io/fuzzbench/builders/aflmmbb/libpcap_fuzz_both-intermediate:latest
#3 DONE 0.0s

#4 [internal] load .dockerignore
#4 transferring context: 220B done
#4 DONE 0.0s

#5 importing cache manifest from gcr.io/fuzzbench/builders/aflmmbb/libpcap_fuzz_both
#5 DONE 0.0s

#6 [base-image 1/1] FROM gcr.io/fuzzbench/base-image:latest
#6 CACHED

#7 [stage-1  1/15] FROM gcr.io/fuzzbench/builders/aflmmbb/libpcap_fuzz_both-intermediate:latest
#7 DONE 0.0s

#8 [internal] load build context
#8 transferring context: 979.46kB 0.1s done
#8 DONE 0.1s

#9 [stage-1  2/15] RUN apt-get update &&     apt-get upgrade -y &&     apt-get install -y     curl     xz-utils     zlib1g-dev     libssl-dev     libffi-dev
#9 0.311 Hit:1 http://archive.ubuntu.com/ubuntu focal InRelease
#9 0.318 Get:2 http://archive.ubuntu.com/ubuntu focal-updates InRelease [128 kB]
#9 0.380 Get:3 http://security.ubuntu.com/ubuntu focal-security InRelease [128 kB]
#9 0.393 Get:4 http://archive.ubuntu.com/ubuntu focal-backports InRelease [128 kB]
#9 0.543 Get:5 http://archive.ubuntu.com/ubuntu focal-updates/universe i386 Packages [1021 kB]
#9 0.624 Get:6 http://archive.ubuntu.com/ubuntu focal-updates/universe amd64 Packages [1593 kB]
#9 0.652 Get:7 http://archive.ubuntu.com/ubuntu focal-updates/main amd64 Packages [4730 kB]
#9 0.732 Get:8 http://archive.ubuntu.com/ubuntu focal-updates/restricted amd64 Packages [4577 kB]
#9 0.775 Get:9 http://security.ubuntu.com/ubuntu focal-security/main i386 Packages [1053 kB]
#9 0.813 Get:10 http://archive.ubuntu.com/ubuntu focal-updates/main i386 Packages [1332 kB]
#9 0.924 Get:11 http://security.ubuntu.com/ubuntu focal-security/main amd64 Packages [4252 kB]
#9 1.004 Get:12 http://security.ubuntu.com/ubuntu focal-security/universe amd64 Packages [1301 kB]
#9 1.025 Get:13 http://security.ubuntu.com/ubuntu focal-security/restricted amd64 Packages [4389 kB]
#9 1.101 Get:14 http://security.ubuntu.com/ubuntu focal-security/universe i386 Packages [861 kB]
#9 1.811 Fetched 25.5 MB in 2s (16.6 MB/s)
#9 1.811 Reading package lists...
#9 3.022 Reading package lists...
#9 4.212 Building dependency tree...
#9 4.436 Reading state information...
#9 4.460 Calculating upgrade...
#9 5.023 The following packages will be upgraded:
#9 5.023   apt base-files binutils binutils-common binutils-dev
#9 5.023   binutils-x86-64-linux-gnu bsdutils ca-certificates e2fsprogs fdisk
#9 5.023   gir1.2-harfbuzz-0.0 git git-man krb5-locales less libapr1 libaprutil1
#9 5.023   libapt-pkg6.0 libasn1-8-heimdal libbinutils libc-bin libc-dev-bin libc6
#9 5.023   libc6-dev libc6-dev-i386 libc6-dev-x32 libc6-i386 libc6-x32 libcap2
#9 5.023   libcom-err2 libctf-nobfd0 libctf0 libcurl3-gnutls libext2fs2 libfdisk1
#9 5.023   libgnutls30 libgssapi-krb5-2 libgssapi3-heimdal libharfbuzz-dev
#9 5.023   libharfbuzz-gobject0 libharfbuzz-icu0 libharfbuzz0b libhcrypto4-heimdal
#9 5.023   libheimbase1-heimdal libheimntlm0-heimdal libhx509-5-heimdal libk5crypto3
#9 5.023   libkrb5-26-heimdal libkrb5-3 libkrb5support0 libldap-2.4-2 libldap-common
#9 5.023   libnghttp2-14 libpam-modules libpam-modules-bin libpam-runtime libpam0g
#9 5.023   libperl5.30 libprocps8 libpython3.8 libpython3.8-dev libpython3.8-minimal
#9 5.023   libpython3.8-stdlib libroken18-heimdal libsmartcols1 libsqlite3-0 libss2
#9 5.023   libssh-4 libssl-dev libssl1.1 libtasn1-6 libudev1 libwind0-heimdal
#9 5.024   libx11-data libxml2 linux-libc-dev login logsave mount ncurses-base
#9 5.024   ncurses-bin openssh-client openssl passwd perl perl-base perl-modules-5.30
#9 5.024   procps python3.8 python3.8-dev python3.8-minimal rsync tar tzdata unzip
#9 5.024   util-linux
#9 5.087 96 upgraded, 0 newly installed, 0 to remove and 0 not upgraded.
#9 5.087 Need to get 64.5 MB of archives.
#9 5.087 After this operation, 477 kB of additional disk space will be used.
#9 5.087 Get:1 http://archive.ubuntu.com/ubuntu focal-updates/main amd64 libc6-dev-x32 amd64 2.31-0ubuntu9.17 [1975 kB]
#9 5.243 Get:2 http://archive.ubuntu.com/ubuntu focal-updates/main amd64 libc6-dev-i386 amd64 2.31-0ubuntu9.17 [1902 kB]
#9 5.275 Get:3 http://archive.ubuntu.com/ubuntu focal-updates/main amd64 libc6-dev amd64 2.31-0ubuntu9.17 [2521 kB]
#9 5.319 Get:4 http://archive.ubuntu.com/ubuntu focal-updates/main amd64 libc-dev-bin amd64 2.31-0ubuntu9.17 [71.8 kB]
#9 5.320 Get:5 http://archive.ubuntu.com/ubuntu focal-updates/main amd64 libc6-i386 amd64 2.31-0ubuntu9.17 [2726 kB]
#9 5.366 Get:6 http://archive.ubuntu.com/ubuntu focal-updates/main amd64 libc6-x32 amd64 2.31-0ubuntu9.17 [2779 kB]
#9 5.413 Get:7 http://archive.ubuntu.com/ubuntu focal-updates/main amd64 linux-libc-dev amd64 5.4.0-208.228 [1118 kB]
#9 5.432 Get:8 http://archive.ubuntu.com/ubuntu focal-updates/main amd64 libc6 amd64 2.31-0ubuntu9.17 [2721 kB]
#9 5.481 Get:9 http://archive.ubuntu.com/ubuntu focal-updates/main amd64 base-files amd64 11ubuntu5.8 [60.3 kB]
#9 5.482 Get:10 http://archive.ubuntu.com/ubuntu focal-updates/main amd64 bsdutils amd64 1:2.34-0.1ubuntu9.6 [63.3 kB]
#9 5.483 Get:11 http://archive.ubuntu.com/ubuntu focal-updates/main amd64 login amd64 1:4.8.1-1ubuntu5.20.04.5 [220 kB]
#9 5.486 Get:12 http://archive.ubuntu.com/ubuntu focal-updates/main amd64 ncurses-bin amd64 6.2-0ubuntu2.1 [172 kB]
#9 5.489 Get:13 http://archive.ubuntu.com/ubuntu focal-updates/main amd64 libperl5.30 amd64 5.30.0-9ubuntu0.5 [3941 kB]
#9 5.557 Get:14 http://archive.ubuntu.com/ubuntu focal-updates/main amd64 perl amd64 5.30.0-9ubuntu0.5 [224 kB]
#9 5.560 Get:15 http://archive.ubuntu.com/ubuntu focal-updates/main amd64 perl-base amd64 5.30.0-9ubuntu0.5 [1514 kB]
#9 5.586 Get:16 http://archive.ubuntu.com/ubuntu focal-updates/main amd64 perl-modules-5.30 all 5.30.0-9ubuntu0.5 [2739 kB]
#9 5.633 Get:17 http://archive.ubuntu.com/ubuntu focal-updates/main amd64 tar amd64 1.30+dfsg-7ubuntu0.20.04.4 [240 kB]
#9 5.636 Get:18 http://archive.ubuntu.com/ubuntu focal-updates/main amd64 libfdisk1 amd64 2.34-0.1ubuntu9.6 [175 kB]
#9 5.639 Get:19 http://archive.ubuntu.com/ubuntu focal-updates/main amd64 libsmartcols1 amd64 2.34-0.1ubuntu9.6 [100 kB]
#9 5.640 Get:20 http://archive.ubuntu.com/ubuntu focal-updates/main amd64 fdisk amd64 2.34-0.1ubuntu9.6 [120 kB]
#9 5.643 Get:21 http://archive.ubuntu.com/ubuntu focal-updates/main amd64 util-linux amd64 2.34-0.1ubuntu9.6 [1022 kB]
#9 5.661 Get:22 http://archive.ubuntu.com/ubuntu focal-updates/main amd64 libc-bin amd64 2.31-0ubuntu9.17 [634 kB]
#9 5.671 Get:23 http://archive.ubuntu.com/ubuntu focal-updates/main amd64 ncurses-base all 6.2-0ubuntu2.1 [18.9 kB]
#9 5.672 Get:24 http://archive.ubuntu.com/ubuntu focal-updates/main amd64 libudev1 amd64 245.4-4ubuntu3.24 [75.2 kB]
#9 5.673 Get:25 http://archive.ubuntu.com/ubuntu focal-updates/main amd64 libapt-pkg6.0 amd64 2.0.10 [843 kB]
#9 5.687 Get:26 http://archive.ubuntu.com/ubuntu focal-updates/main amd64 libtasn1-6 amd64 4.16.0-2ubuntu0.1 [38.6 kB]
#9 5.688 Get:27 http://archive.ubuntu.com/ubuntu focal-updates/main amd64 libgnutls30 amd64 3.6.13-2ubuntu1.12 [829 kB]
#9 5.703 Get:28 http://archive.ubuntu.com/ubuntu focal-updates/main amd64 apt amd64 2.0.10 [1280 kB]
#9 5.724 Get:29 http://archive.ubuntu.com/ubuntu focal-updates/main amd64 libpam0g amd64 1.3.1-5ubuntu4.7 [55.4 kB]
#9 5.725 Get:30 http://archive.ubuntu.com/ubuntu focal-updates/main amd64 libpam-modules-bin amd64 1.3.1-5ubuntu4.7 [41.2 kB]
#9 5.726 Get:31 http://archive.ubuntu.com/ubuntu focal-updates/main amd64 libpam-modules amd64 1.3.1-5ubuntu4.7 [261 kB]
#9 5.730 Get:32 http://archive.ubuntu.com/ubuntu focal-updates/main amd64 logsave amd64 1.45.5-2ubuntu1.2 [10.2 kB]
#9 5.731 Get:33 http://archive.ubuntu.com/ubuntu focal-updates/main amd64 libext2fs2 amd64 1.45.5-2ubuntu1.2 [183 kB]
#9 5.733 Get:34 http://archive.ubuntu.com/ubuntu focal-updates/main amd64 e2fsprogs amd64 1.45.5-2ubuntu1.2 [527 kB]
#9 5.742 Get:35 http://archive.ubuntu.com/ubuntu focal-updates/main amd64 mount amd64 2.34-0.1ubuntu9.6 [115 kB]
#9 5.744 Get:36 http://archive.ubuntu.com/ubuntu focal-updates/main amd64 python3.8-dev amd64 3.8.10-0ubuntu1~20.04.15 [514 kB]
#9 5.753 Get:37 http://archive.ubuntu.com/ubuntu focal-updates/main amd64 libpython3.8-dev amd64 3.8.10-0ubuntu1~20.04.15 [3950 kB]
#9 5.821 Get:38 http://archive.ubuntu.com/ubuntu focal-updates/main amd64 libpython3.8 amd64 3.8.10-0ubuntu1~20.04.15 [1626 kB]
#9 5.848 Get:39 http://archive.ubuntu.com/ubuntu focal-updates/main amd64 libssl-dev amd64 1.1.1f-1ubuntu2.24 [1586 kB]
#9 5.875 Get:40 http://archive.ubuntu.com/ubuntu focal-updates/main amd64 libssl1.1 amd64 1.1.1f-1ubuntu2.24 [1323 kB]
#9 5.897 Get:41 http://archive.ubuntu.com/ubuntu focal-updates/main amd64 python3.8 amd64 3.8.10-0ubuntu1~20.04.15 [387 kB]
#9 5.904 Get:42 http://archive.ubuntu.com/ubuntu focal-updates/main amd64 libpython3.8-stdlib amd64 3.8.10-0ubuntu1~20.04.15 [1675 kB]
#9 5.933 Get:43 http://archive.ubuntu.com/ubuntu focal-updates/main amd64 python3.8-minimal amd64 3.8.10-0ubuntu1~20.04.15 [1901 kB]
#9 5.965 Get:44 http://archive.ubuntu.com/ubuntu focal-updates/main amd64 libpython3.8-minimal amd64 3.8.10-0ubuntu1~20.04.15 [720 kB]
#9 5.977 Get:45 http://archive.ubuntu.com/ubuntu focal-updates/main amd64 libsqlite3-0 amd64 3.31.1-4ubuntu0.6 [549 kB]
#9 5.986 Get:46 http://archive.ubuntu.com/ubuntu focal-updates/main amd64 rsync amd64 3.1.3-8ubuntu0.9 [323 kB]
#9 5.991 Get:47 http://archive.ubuntu.com/ubuntu focal-updates/main amd64 libpam-runtime all 1.3.1-5ubuntu4.7 [37.3 kB]
#9 5.992 Get:48 http://archive.ubuntu.com/ubuntu focal-updates/main amd64 passwd amd64 1:4.8.1-1ubuntu5.20.04.5 [797 kB]
#9 6.006 Get:49 http://archive.ubuntu.com/ubuntu focal-updates/main amd64 libcom-err2 amd64 1.45.5-2ubuntu1.2 [9580 B]
#9 6.007 Get:50 http://archive.ubuntu.com/ubuntu focal-updates/main amd64 libprocps8 amd64 2:3.3.16-1ubuntu2.4 [33.1 kB]
#9 6.007 Get:51 http://archive.ubuntu.com/ubuntu focal-updates/main amd64 libss2 amd64 1.45.5-2ubuntu1.2 [11.3 kB]
#9 6.008 Get:52 http://archive.ubuntu.com/ubuntu focal-updates/main amd64 procps amd64 2:3.3.16-1ubuntu2.4 [232 kB]
#9 6.011 Get:53 http://archive.ubuntu.com/ubuntu focal-updates/main amd64 openssl amd64 1.1.1f-1ubuntu2.24 [621 kB]
#9 6.022 Get:54 http://archive.ubuntu.com/ubuntu focal-updates/main amd64 ca-certificates all 20240203~20.04.1 [159 kB]
#9 6.025 Get:55 http://archive.ubuntu.com/ubuntu focal-updates/main amd64 less amd64 551-1ubuntu0.3 [123 kB]
#9 6.032 Get:56 http://archive.ubuntu.com/ubuntu focal-updates/main amd64 libcap2 amd64 1:2.32-1ubuntu0.2 [15.7 kB]
#9 6.033 Get:57 http://archive.ubuntu.com/ubuntu focal-updates/main amd64 libxml2 amd64 2.9.10+dfsg-5ubuntu0.20.04.9 [641 kB]
#9 6.043 Get:58 http://archive.ubuntu.com/ubuntu focal-updates/main amd64 tzdata all 2024b-0ubuntu0.20.04.1 [299 kB]
#9 6.048 Get:59 http://archive.ubuntu.com/ubuntu focal-updates/main amd64 krb5-locales all 1.17-6ubuntu4.8 [11.6 kB]
#9 6.048 Get:60 http://archive.ubuntu.com/ubuntu focal-updates/main amd64 libgssapi-krb5-2 amd64 1.17-6ubuntu4.8 [121 kB]
#9 6.050 Get:61 http://archive.ubuntu.com/ubuntu focal-updates/main amd64 libkrb5-3 amd64 1.17-6ubuntu4.8 [329 kB]
#9 6.056 Get:62 http://archive.ubuntu.com/ubuntu focal-updates/main amd64 libkrb5support0 amd64 1.17-6ubuntu4.8 [31.1 kB]
#9 6.057 Get:63 http://archive.ubuntu.com/ubuntu focal-updates/main amd64 libk5crypto3 amd64 1.17-6ubuntu4.8 [80.4 kB]
#9 6.059 Get:64 http://archive.ubuntu.com/ubuntu focal-updates/main amd64 libx11-data all 2:1.6.9-2ubuntu1.6 [114 kB]
#9 6.060 Get:65 http://archive.ubuntu.com/ubuntu focal-updates/main amd64 git-man all 1:2.25.1-1ubuntu3.14 [887 kB]
#9 6.077 Get:66 http://archive.ubuntu.com/ubuntu focal-updates/main amd64 libroken18-heimdal amd64 7.7.0+dfsg-1ubuntu1.4 [42.5 kB]
#9 6.077 Get:67 http://archive.ubuntu.com/ubuntu focal-updates/main amd64 libasn1-8-heimdal amd64 7.7.0+dfsg-1ubuntu1.4 [181 kB]
#9 6.080 Get:68 http://archive.ubuntu.com/ubuntu focal-updates/main amd64 libheimbase1-heimdal amd64 7.7.0+dfsg-1ubuntu1.4 [30.4 kB]
#9 6.081 Get:69 http://archive.ubuntu.com/ubuntu focal-updates/main amd64 libhcrypto4-heimdal amd64 7.7.0+dfsg-1ubuntu1.4 [88.1 kB]
#9 6.083 Get:70 http://archive.ubuntu.com/ubuntu focal-updates/main amd64 libwind0-heimdal amd64 7.7.0+dfsg-1ubuntu1.4 [47.7 kB]
#9 6.097 Get:71 http://archive.ubuntu.com/ubuntu focal-updates/main amd64 libhx509-5-heimdal amd64 7.7.0+dfsg-1ubuntu1.4 [107 kB]
#9 6.099 Get:72 http://archive.ubuntu.com/ubuntu focal-updates/main amd64 libkrb5-26-heimdal amd64 7.7.0+dfsg-1ubuntu1.4 [207 kB]
#9 6.102 Get:73 http://archive.ubuntu.com/ubuntu focal-updates/main amd64 libheimntlm0-heimdal amd64 7.7.0+dfsg-1ubuntu1.4 [15.1 kB]
#9 6.103 Get:74 http://archive.ubuntu.com/ubuntu focal-updates/main amd64 libgssapi3-heimdal amd64 7.7.0+dfsg-1ubuntu1.4 [96.5 kB]
#9 6.104 Get:75 http://archive.ubuntu.com/ubuntu focal-updates/main amd64 libldap-common all 2.4.49+dfsg-2ubuntu1.10 [16.5 kB]
#9 6.117 Get:76 http://archive.ubuntu.com/ubuntu focal-updates/main amd64 libldap-2.4-2 amd64 2.4.49+dfsg-2ubuntu1.10 [155 kB]
#9 6.119 Get:77 http://archive.ubuntu.com/ubuntu focal-updates/main amd64 libnghttp2-14 amd64 1.40.0-1ubuntu0.3 [79.9 kB]
#9 6.121 Get:78 http://archive.ubuntu.com/ubuntu focal-updates/main amd64 libssh-4 amd64 0.9.3-2ubuntu2.5 [171 kB]
#9 6.124 Get:79 http://archive.ubuntu.com/ubuntu focal-updates/main amd64 libcurl3-gnutls amd64 7.68.0-1ubuntu2.25 [233 kB]
#9 6.128 Get:80 http://archive.ubuntu.com/ubuntu focal-updates/main amd64 git amd64 1:2.25.1-1ubuntu3.14 [4613 kB]
#9 6.207 Get:81 http://archive.ubuntu.com/ubuntu focal-updates/main amd64 openssh-client amd64 1:8.2p1-4ubuntu0.12 [671 kB]
#9 6.218 Get:82 http://archive.ubuntu.com/ubuntu focal-updates/main amd64 binutils-dev amd64 2.34-6ubuntu1.10 [3636 kB]
#9 6.280 Get:83 http://archive.ubuntu.com/ubuntu focal-updates/main amd64 libctf0 amd64 2.34-6ubuntu1.10 [46.7 kB]
#9 6.281 Get:84 http://archive.ubuntu.com/ubuntu focal-updates/main amd64 binutils-x86-64-linux-gnu amd64 2.34-6ubuntu1.10 [1613 kB]
#9 6.308 Get:85 http://archive.ubuntu.com/ubuntu focal-updates/main amd64 libbinutils amd64 2.34-6ubuntu1.10 [474 kB]
#9 6.316 Get:86 http://archive.ubuntu.com/ubuntu focal-updates/main amd64 binutils amd64 2.34-6ubuntu1.10 [3380 B]
#9 6.316 Get:87 http://archive.ubuntu.com/ubuntu focal-updates/main amd64 binutils-common amd64 2.34-6ubuntu1.10 [208 kB]
#9 6.319 Get:88 http://archive.ubuntu.com/ubuntu focal-updates/main amd64 libctf-nobfd0 amd64 2.34-6ubuntu1.10 [48.1 kB]
#9 6.320 Get:89 http://archive.ubuntu.com/ubuntu focal-updates/main amd64 libharfbuzz-dev amd64 2.6.4-1ubuntu4.3 [526 kB]
#9 6.329 Get:90 http://archive.ubuntu.com/ubuntu focal-updates/main amd64 libharfbuzz0b amd64 2.6.4-1ubuntu4.3 [391 kB]
#9 6.336 Get:91 http://archive.ubuntu.com/ubuntu focal-updates/main amd64 libharfbuzz-icu0 amd64 2.6.4-1ubuntu4.3 [5592 B]
#9 6.336 Get:92 http://archive.ubuntu.com/ubuntu focal-updates/main amd64 libharfbuzz-gobject0 amd64 2.6.4-1ubuntu4.3 [20.3 kB]
#9 6.337 Get:93 http://archive.ubuntu.com/ubuntu focal-updates/main amd64 gir1.2-harfbuzz-0.0 amd64 2.6.4-1ubuntu4.3 [26.3 kB]
#9 6.337 Get:94 http://archive.ubuntu.com/ubuntu focal-updates/main amd64 libaprutil1 amd64 1.6.1-4ubuntu2.2 [85.1 kB]
#9 6.339 Get:95 http://archive.ubuntu.com/ubuntu focal-updates/main amd64 libapr1 amd64 1.6.5-1ubuntu1.1 [91.5 kB]
#9 6.340 Get:96 http://archive.ubuntu.com/ubuntu focal-updates/main amd64 unzip amd64 6.0-25ubuntu1.2 [169 kB]
#9 6.511 debconf: delaying package configuration, since apt-utils is not installed
#9 6.557 Fetched 64.5 MB in 1s (49.4 MB/s)
#9 6.582 (Reading database ... (Reading database ... 5%(Reading database ... 10%(Reading database ... 15%(Reading database ... 20%(Reading database ... 25%(Reading database ... 30%(Reading database ... 35%(Reading database ... 40%(Reading database ... 45%(Reading database ... 50%(Reading database ... 55%(Reading database ... 60%(Reading database ... 65%(Reading database ... 70%(Reading database ... 75%(Reading database ... 80%(Reading database ... 85%(Reading database ... 90%(Reading database ... 95%(Reading database ... 100%(Reading database ... 46202 files and directories currently installed.)
#9 6.681 Preparing to unpack .../0-libc6-dev-x32_2.31-0ubuntu9.17_amd64.deb ...
#9 6.683 Unpacking libc6-dev-x32 (2.31-0ubuntu9.17) over (2.31-0ubuntu9.9) ...
#9 6.908 Preparing to unpack .../1-libc6-dev-i386_2.31-0ubuntu9.17_amd64.deb ...
#9 6.909 Unpacking libc6-dev-i386 (2.31-0ubuntu9.17) over (2.31-0ubuntu9.9) ...
#9 7.134 Preparing to unpack .../2-libc6-dev_2.31-0ubuntu9.17_amd64.deb ...
#9 7.136 Unpacking libc6-dev:amd64 (2.31-0ubuntu9.17) over (2.31-0ubuntu9.9) ...
#9 7.701 Preparing to unpack .../3-libc-dev-bin_2.31-0ubuntu9.17_amd64.deb ...
#9 7.703 Unpacking libc-dev-bin (2.31-0ubuntu9.17) over (2.31-0ubuntu9.9) ...
#9 7.733 Preparing to unpack .../4-libc6-i386_2.31-0ubuntu9.17_amd64.deb ...
#9 7.736 Unpacking libc6-i386 (2.31-0ubuntu9.17) over (2.31-0ubuntu9.9) ...
#9 8.131 Preparing to unpack .../5-libc6-x32_2.31-0ubuntu9.17_amd64.deb ...
#9 8.133 Unpacking libc6-x32 (2.31-0ubuntu9.17) over (2.31-0ubuntu9.9) ...
#9 8.526 Preparing to unpack .../6-linux-libc-dev_5.4.0-208.228_amd64.deb ...
#9 8.528 Unpacking linux-libc-dev:amd64 (5.4.0-208.228) over (5.4.0-137.154) ...
#9 9.150 Preparing to unpack .../7-libc6_2.31-0ubuntu9.17_amd64.deb ...
#9 9.312 Unpacking libc6:amd64 (2.31-0ubuntu9.17) over (2.31-0ubuntu9.9) ...
#9 9.704 Setting up libc6:amd64 (2.31-0ubuntu9.17) ...
#9 10.86 (Reading database ... (Reading database ... 5%(Reading database ... 10%(Reading database ... 15%(Reading database ... 20%(Reading database ... 25%(Reading database ... 30%(Reading database ... 35%(Reading database ... 40%(Reading database ... 45%(Reading database ... 50%(Reading database ... 55%(Reading database ... 60%(Reading database ... 65%(Reading database ... 70%(Reading database ... 75%(Reading database ... 80%(Reading database ... 85%(Reading database ... 90%(Reading database ... 95%(Reading database ... 100%(Reading database ... 46201 files and directories currently installed.)
#9 10.88 Preparing to unpack .../base-files_11ubuntu5.8_amd64.deb ...
#9 10.90 Unpacking base-files (11ubuntu5.8) over (11ubuntu5.6) ...
#9 10.96 Setting up base-files (11ubuntu5.8) ...
#9 10.97 Installing new version of config file /etc/issue ...
#9 10.97 Installing new version of config file /etc/issue.net ...
#9 10.97 Installing new version of config file /etc/lsb-release ...
#9 10.97 Installing new version of config file /etc/update-motd.d/10-help-text ...
#9 11.13 (Reading database ... (Reading database ... 5%(Reading database ... 10%(Reading database ... 15%(Reading database ... 20%(Reading database ... 25%(Reading database ... 30%(Reading database ... 35%(Reading database ... 40%(Reading database ... 45%(Reading database ... 50%(Reading database ... 55%(Reading database ... 60%(Reading database ... 65%(Reading database ... 70%(Reading database ... 75%(Reading database ... 80%(Reading database ... 85%(Reading database ... 90%(Reading database ... 95%(Reading database ... 100%(Reading database ... 46201 files and directories currently installed.)
#9 11.15 Preparing to unpack .../bsdutils_1%3a2.34-0.1ubuntu9.6_amd64.deb ...
#9 11.15 Unpacking bsdutils (1:2.34-0.1ubuntu9.6) over (1:2.34-0.1ubuntu9.3) ...
#9 11.20 Setting up bsdutils (1:2.34-0.1ubuntu9.6) ...
#9 11.22 (Reading database ... (Reading database ... 5%(Reading database ... 10%(Reading database ... 15%(Reading database ... 20%(Reading database ... 25%(Reading database ... 30%(Reading database ... 35%(Reading database ... 40%(Reading database ... 45%(Reading database ... 50%(Reading database ... 55%(Reading database ... 60%(Reading database ... 65%(Reading database ... 70%(Reading database ... 75%(Reading database ... 80%(Reading database ... 85%(Reading database ... 90%(Reading database ... 95%(Reading database ... 100%(Reading database ... 46201 files and directories currently installed.)
#9 11.24 Preparing to unpack .../login_1%3a4.8.1-1ubuntu5.20.04.5_amd64.deb ...
#9 11.26 Unpacking login (1:4.8.1-1ubuntu5.20.04.5) over (1:4.8.1-1ubuntu5.20.04.4) ...
#9 11.32 Setting up login (1:4.8.1-1ubuntu5.20.04.5) ...
#9 11.35 (Reading database ... (Reading database ... 5%(Reading database ... 10%(Reading database ... 15%(Reading database ... 20%(Reading database ... 25%(Reading database ... 30%(Reading database ... 35%(Reading database ... 40%(Reading database ... 45%(Reading database ... 50%(Reading database ... 55%(Reading database ... 60%(Reading database ... 65%(Reading database ... 70%(Reading database ... 75%(Reading database ... 80%(Reading database ... 85%(Reading database ... 90%(Reading database ... 95%(Reading database ... 100%(Reading database ... 46201 files and directories currently installed.)
#9 11.38 Preparing to unpack .../ncurses-bin_6.2-0ubuntu2.1_amd64.deb ...
#9 11.38 Unpacking ncurses-bin (6.2-0ubuntu2.1) over (6.2-0ubuntu2) ...
#9 11.42 Setting up ncurses-bin (6.2-0ubuntu2.1) ...
#9 11.45 (Reading database ... (Reading database ... 5%(Reading database ... 10%(Reading database ... 15%(Reading database ... 20%(Reading database ... 25%(Reading database ... 30%(Reading database ... 35%(Reading database ... 40%(Reading database ... 45%(Reading database ... 50%(Reading database ... 55%(Reading database ... 60%(Reading database ... 65%(Reading database ... 70%(Reading database ... 75%(Reading database ... 80%(Reading database ... 85%(Reading database ... 90%(Reading database ... 95%(Reading database ... 100%(Reading database ... 46201 files and directories currently installed.)
#9 11.47 Preparing to unpack .../libperl5.30_5.30.0-9ubuntu0.5_amd64.deb ...
#9 11.47 Unpacking libperl5.30:amd64 (5.30.0-9ubuntu0.5) over (5.30.0-9ubuntu0.3) ...
#9 12.03 Preparing to unpack .../perl_5.30.0-9ubuntu0.5_amd64.deb ...
#9 12.05 Unpacking perl (5.30.0-9ubuntu0.5) over (5.30.0-9ubuntu0.3) ...
#9 12.11 Preparing to unpack .../perl-base_5.30.0-9ubuntu0.5_amd64.deb ...
#9 12.13 Unpacking perl-base (5.30.0-9ubuntu0.5) over (5.30.0-9ubuntu0.3) ...
#9 12.65 Setting up perl-base (5.30.0-9ubuntu0.5) ...
#9 12.68 (Reading database ... (Reading database ... 5%(Reading database ... 10%(Reading database ... 15%(Reading database ... 20%(Reading database ... 25%(Reading database ... 30%(Reading database ... 35%(Reading database ... 40%(Reading database ... 45%(Reading database ... 50%(Reading database ... 55%(Reading database ... 60%(Reading database ... 65%(Reading database ... 70%(Reading database ... 75%(Reading database ... 80%(Reading database ... 85%(Reading database ... 90%(Reading database ... 95%(Reading database ... 100%(Reading database ... 46201 files and directories currently installed.)
#9 12.70 Preparing to unpack .../perl-modules-5.30_5.30.0-9ubuntu0.5_all.deb ...
#9 12.71 Unpacking perl-modules-5.30 (5.30.0-9ubuntu0.5) over (5.30.0-9ubuntu0.3) ...
#9 13.59 Preparing to unpack .../tar_1.30+dfsg-7ubuntu0.20.04.4_amd64.deb ...
#9 13.59 Unpacking tar (1.30+dfsg-7ubuntu0.20.04.4) over (1.30+dfsg-7ubuntu0.20.04.2) ...
#9 13.64 Setting up tar (1.30+dfsg-7ubuntu0.20.04.4) ...
#9 13.68 (Reading database ... (Reading database ... 5%(Reading database ... 10%(Reading database ... 15%(Reading database ... 20%(Reading database ... 25%(Reading database ... 30%(Reading database ... 35%(Reading database ... 40%(Reading database ... 45%(Reading database ... 50%(Reading database ... 55%(Reading database ... 60%(Reading database ... 65%(Reading database ... 70%(Reading database ... 75%(Reading database ... 80%(Reading database ... 85%(Reading database ... 90%(Reading database ... 95%(Reading database ... 100%(Reading database ... 46201 files and directories currently installed.)
#9 13.70 Preparing to unpack .../libfdisk1_2.34-0.1ubuntu9.6_amd64.deb ...
#9 13.71 Unpacking libfdisk1:amd64 (2.34-0.1ubuntu9.6) over (2.34-0.1ubuntu9.3) ...
#9 13.74 Preparing to unpack .../libsmartcols1_2.34-0.1ubuntu9.6_amd64.deb ...
#9 13.75 Unpacking libsmartcols1:amd64 (2.34-0.1ubuntu9.6) over (2.34-0.1ubuntu9.3) ...
#9 13.79 Setting up libsmartcols1:amd64 (2.34-0.1ubuntu9.6) ...
#9 13.81 (Reading database ... (Reading database ... 5%(Reading database ... 10%(Reading database ... 15%(Reading database ... 20%(Reading database ... 25%(Reading database ... 30%(Reading database ... 35%(Reading database ... 40%(Reading database ... 45%(Reading database ... 50%(Reading database ... 55%(Reading database ... 60%(Reading database ... 65%(Reading database ... 70%(Reading database ... 75%(Reading database ... 80%(Reading database ... 85%(Reading database ... 90%(Reading database ... 95%(Reading database ... 100%(Reading database ... 46201 files and directories currently installed.)
#9 13.84 Preparing to unpack .../fdisk_2.34-0.1ubuntu9.6_amd64.deb ...
#9 13.85 Unpacking fdisk (2.34-0.1ubuntu9.6) over (2.34-0.1ubuntu9.3) ...
#9 13.88 Preparing to unpack .../util-linux_2.34-0.1ubuntu9.6_amd64.deb ...
#9 13.90 Unpacking util-linux (2.34-0.1ubuntu9.6) over (2.34-0.1ubuntu9.3) ...
#9 14.12 Setting up util-linux (2.34-0.1ubuntu9.6) ...
#9 14.44 (Reading database ... (Reading database ... 5%(Reading database ... 10%(Reading database ... 15%(Reading database ... 20%(Reading database ... 25%(Reading database ... 30%(Reading database ... 35%(Reading database ... 40%(Reading database ... 45%(Reading database ... 50%(Reading database ... 55%(Reading database ... 60%(Reading database ... 65%(Reading database ... 70%(Reading database ... 75%(Reading database ... 80%(Reading database ... 85%(Reading database ... 90%(Reading database ... 95%(Reading database ... 100%(Reading database ... 46201 files and directories currently installed.)
#9 14.47 Preparing to unpack .../libc-bin_2.31-0ubuntu9.17_amd64.deb ...
#9 14.47 Unpacking libc-bin (2.31-0ubuntu9.17) over (2.31-0ubuntu9.9) ...
#9 14.58 Setting up libc-bin (2.31-0ubuntu9.17) ...
#9 14.74 (Reading database ... (Reading database ... 5%(Reading database ... 10%(Reading database ... 15%(Reading database ... 20%(Reading database ... 25%(Reading database ... 30%(Reading database ... 35%(Reading database ... 40%(Reading database ... 45%(Reading database ... 50%(Reading database ... 55%(Reading database ... 60%(Reading database ... 65%(Reading database ... 70%(Reading database ... 75%(Reading database ... 80%(Reading database ... 85%(Reading database ... 90%(Reading database ... 95%(Reading database ... 100%(Reading database ... 46201 files and directories currently installed.)
#9 14.76 Preparing to unpack .../ncurses-base_6.2-0ubuntu2.1_all.deb ...
#9 14.76 Unpacking ncurses-base (6.2-0ubuntu2.1) over (6.2-0ubuntu2) ...
#9 14.82 Setting up ncurses-base (6.2-0ubuntu2.1) ...
#9 14.85 (Reading database ... (Reading database ... 5%(Reading database ... 10%(Reading database ... 15%(Reading database ... 20%(Reading database ... 25%(Reading database ... 30%(Reading database ... 35%(Reading database ... 40%(Reading database ... 45%(Reading database ... 50%(Reading database ... 55%(Reading database ... 60%(Reading database ... 65%(Reading database ... 70%(Reading database ... 75%(Reading database ... 80%(Reading database ... 85%(Reading database ... 90%(Reading database ... 95%(Reading database ... 100%(Reading database ... 46201 files and directories currently installed.)
#9 14.87 Preparing to unpack .../libudev1_245.4-4ubuntu3.24_amd64.deb ...
#9 14.87 Unpacking libudev1:amd64 (245.4-4ubuntu3.24) over (245.4-4ubuntu3.19) ...
#9 14.91 Setting up libudev1:amd64 (245.4-4ubuntu3.24) ...
#9 14.94 (Reading database ... (Reading database ... 5%(Reading database ... 10%(Reading database ... 15%(Reading database ... 20%(Reading database ... 25%(Reading database ... 30%(Reading database ... 35%(Reading database ... 40%(Reading database ... 45%(Reading database ... 50%(Reading database ... 55%(Reading database ... 60%(Reading database ... 65%(Reading database ... 70%(Reading database ... 75%(Reading database ... 80%(Reading database ... 85%(Reading database ... 90%(Reading database ... 95%(Reading database ... 100%(Reading database ... 46201 files and directories currently installed.)
#9 14.97 Preparing to unpack .../libapt-pkg6.0_2.0.10_amd64.deb ...
#9 14.97 Unpacking libapt-pkg6.0:amd64 (2.0.10) over (2.0.9) ...
#9 15.06 Setting up libapt-pkg6.0:amd64 (2.0.10) ...
#9 15.09 (Reading database ... (Reading database ... 5%(Reading database ... 10%(Reading database ... 15%(Reading database ... 20%(Reading database ... 25%(Reading database ... 30%(Reading database ... 35%(Reading database ... 40%(Reading database ... 45%(Reading database ... 50%(Reading database ... 55%(Reading database ... 60%(Reading database ... 65%(Reading database ... 70%(Reading database ... 75%(Reading database ... 80%(Reading database ... 85%(Reading database ... 90%(Reading database ... 95%(Reading database ... 100%(Reading database ... 46201 files and directories currently installed.)
#9 15.11 Preparing to unpack .../libtasn1-6_4.16.0-2ubuntu0.1_amd64.deb ...
#9 15.11 Unpacking libtasn1-6:amd64 (4.16.0-2ubuntu0.1) over (4.16.0-2) ...
#9 15.15 Setting up libtasn1-6:amd64 (4.16.0-2ubuntu0.1) ...
#9 15.18 (Reading database ... (Reading database ... 5%(Reading database ... 10%(Reading database ... 15%(Reading database ... 20%(Reading database ... 25%(Reading database ... 30%(Reading database ... 35%(Reading database ... 40%(Reading database ... 45%(Reading database ... 50%(Reading database ... 55%(Reading database ... 60%(Reading database ... 65%(Reading database ... 70%(Reading database ... 75%(Reading database ... 80%(Reading database ... 85%(Reading database ... 90%(Reading database ... 95%(Reading database ... 100%(Reading database ... 46201 files and directories currently installed.)
#9 15.20 Preparing to unpack .../libgnutls30_3.6.13-2ubuntu1.12_amd64.deb ...
#9 15.20 Unpacking libgnutls30:amd64 (3.6.13-2ubuntu1.12) over (3.6.13-2ubuntu1.7) ...
#9 15.29 Setting up libgnutls30:amd64 (3.6.13-2ubuntu1.12) ...
#9 15.31 (Reading database ... (Reading database ... 5%(Reading database ... 10%(Reading database ... 15%(Reading database ... 20%(Reading database ... 25%(Reading database ... 30%(Reading database ... 35%(Reading database ... 40%(Reading database ... 45%(Reading database ... 50%(Reading database ... 55%(Reading database ... 60%(Reading database ... 65%(Reading database ... 70%(Reading database ... 75%(Reading database ... 80%(Reading database ... 85%(Reading database ... 90%(Reading database ... 95%(Reading database ... 100%(Reading database ... 46201 files and directories currently installed.)
#9 15.34 Preparing to unpack .../archives/apt_2.0.10_amd64.deb ...
#9 15.38 Unpacking apt (2.0.10) over (2.0.9) ...
#9 15.54 Setting up apt (2.0.10) ...
#9 15.86 (Reading database ... (Reading database ... 5%(Reading database ... 10%(Reading database ... 15%(Reading database ... 20%(Reading database ... 25%(Reading database ... 30%(Reading database ... 35%(Reading database ... 40%(Reading database ... 45%(Reading database ... 50%(Reading database ... 55%(Reading database ... 60%(Reading database ... 65%(Reading database ... 70%(Reading database ... 75%(Reading database ... 80%(Reading database ... 85%(Reading database ... 90%(Reading database ... 95%(Reading database ... 100%(Reading database ... 46199 files and directories currently installed.)
#9 15.88 Preparing to unpack .../libpam0g_1.3.1-5ubuntu4.7_amd64.deb ...
#9 15.89 Unpacking libpam0g:amd64 (1.3.1-5ubuntu4.7) over (1.3.1-5ubuntu4.4) ...
#9 15.92 Setting up libpam0g:amd64 (1.3.1-5ubuntu4.7) ...
#9 16.02 (Reading database ... (Reading database ... 5%(Reading database ... 10%(Reading database ... 15%(Reading database ... 20%(Reading database ... 25%(Reading database ... 30%(Reading database ... 35%(Reading database ... 40%(Reading database ... 45%(Reading database ... 50%(Reading database ... 55%(Reading database ... 60%(Reading database ... 65%(Reading database ... 70%(Reading database ... 75%(Reading database ... 80%(Reading database ... 85%(Reading database ... 90%(Reading database ... 95%(Reading database ... 100%(Reading database ... 46199 files and directories currently installed.)
#9 16.05 Preparing to unpack .../libpam-modules-bin_1.3.1-5ubuntu4.7_amd64.deb ...
#9 16.05 Unpacking libpam-modules-bin (1.3.1-5ubuntu4.7) over (1.3.1-5ubuntu4.4) ...
#9 16.09 Setting up libpam-modules-bin (1.3.1-5ubuntu4.7) ...
#9 16.12 (Reading database ... (Reading database ... 5%(Reading database ... 10%(Reading database ... 15%(Reading database ... 20%(Reading database ... 25%(Reading database ... 30%(Reading database ... 35%(Reading database ... 40%(Reading database ... 45%(Reading database ... 50%(Reading database ... 55%(Reading database ... 60%(Reading database ... 65%(Reading database ... 70%(Reading database ... 75%(Reading database ... 80%(Reading database ... 85%(Reading database ... 90%(Reading database ... 95%(Reading database ... 100%(Reading database ... 46199 files and directories currently installed.)
#9 16.14 Preparing to unpack .../libpam-modules_1.3.1-5ubuntu4.7_amd64.deb ...
#9 16.21 Unpacking libpam-modules:amd64 (1.3.1-5ubuntu4.7) over (1.3.1-5ubuntu4.4) ...
#9 16.29 Setting up libpam-modules:amd64 (1.3.1-5ubuntu4.7) ...
#9 16.33 (Reading database ... (Reading database ... 5%(Reading database ... 10%(Reading database ... 15%(Reading database ... 20%(Reading database ... 25%(Reading database ... 30%(Reading database ... 35%(Reading database ... 40%(Reading database ... 45%(Reading database ... 50%(Reading database ... 55%(Reading database ... 60%(Reading database ... 65%(Reading database ... 70%(Reading database ... 75%(Reading database ... 80%(Reading database ... 85%(Reading database ... 90%(Reading database ... 95%(Reading database ... 100%(Reading database ... 46199 files and directories currently installed.)
#9 16.35 Preparing to unpack .../logsave_1.45.5-2ubuntu1.2_amd64.deb ...
#9 16.35 Unpacking logsave (1.45.5-2ubuntu1.2) over (1.45.5-2ubuntu1.1) ...
#9 16.38 Preparing to unpack .../libext2fs2_1.45.5-2ubuntu1.2_amd64.deb ...
#9 16.38 Unpacking libext2fs2:amd64 (1.45.5-2ubuntu1.2) over (1.45.5-2ubuntu1.1) ...
#9 16.42 Setting up libext2fs2:amd64 (1.45.5-2ubuntu1.2) ...
#9 16.45 (Reading database ... (Reading database ... 5%(Reading database ... 10%(Reading database ... 15%(Reading database ... 20%(Reading database ... 25%(Reading database ... 30%(Reading database ... 35%(Reading database ... 40%(Reading database ... 45%(Reading database ... 50%(Reading database ... 55%(Reading database ... 60%(Reading database ... 65%(Reading database ... 70%(Reading database ... 75%(Reading database ... 80%(Reading database ... 85%(Reading database ... 90%(Reading database ... 95%(Reading database ... 100%(Reading database ... 46199 files and directories currently installed.)
#9 16.48 Preparing to unpack .../00-e2fsprogs_1.45.5-2ubuntu1.2_amd64.deb ...
#9 16.48 Unpacking e2fsprogs (1.45.5-2ubuntu1.2) over (1.45.5-2ubuntu1.1) ...
#9 16.55 Preparing to unpack .../01-mount_2.34-0.1ubuntu9.6_amd64.deb ...
#9 16.55 Unpacking mount (2.34-0.1ubuntu9.6) over (2.34-0.1ubuntu9.3) ...
#9 16.59 Preparing to unpack .../02-python3.8-dev_3.8.10-0ubuntu1~20.04.15_amd64.deb ...
#9 16.59 Unpacking python3.8-dev (3.8.10-0ubuntu1~20.04.15) over (3.8.10-0ubuntu1~20.04.14) ...
#9 16.62 Preparing to unpack .../03-libpython3.8-dev_3.8.10-0ubuntu1~20.04.15_amd64.deb ...
#9 16.62 Unpacking libpython3.8-dev:amd64 (3.8.10-0ubuntu1~20.04.15) over (3.8.10-0ubuntu1~20.04.14) ...
#9 17.07 Preparing to unpack .../04-libpython3.8_3.8.10-0ubuntu1~20.04.15_amd64.deb ...
#9 17.07 Unpacking libpython3.8:amd64 (3.8.10-0ubuntu1~20.04.15) over (3.8.10-0ubuntu1~20.04.14) ...
#9 17.22 Preparing to unpack .../05-libssl-dev_1.1.1f-1ubuntu2.24_amd64.deb ...
#9 17.22 Unpacking libssl-dev:amd64 (1.1.1f-1ubuntu2.24) over (1.1.1f-1ubuntu2.16) ...
#9 17.43 Preparing to unpack .../06-libssl1.1_1.1.1f-1ubuntu2.24_amd64.deb ...
#9 17.43 Unpacking libssl1.1:amd64 (1.1.1f-1ubuntu2.24) over (1.1.1f-1ubuntu2.16) ...
#9 17.55 Preparing to unpack .../07-python3.8_3.8.10-0ubuntu1~20.04.15_amd64.deb ...
#9 17.63 Unpacking python3.8 (3.8.10-0ubuntu1~20.04.15) over (3.8.10-0ubuntu1~20.04.14) ...
#9 17.66 Preparing to unpack .../08-libpython3.8-stdlib_3.8.10-0ubuntu1~20.04.15_amd64.deb ...
#9 17.71 Unpacking libpython3.8-stdlib:amd64 (3.8.10-0ubuntu1~20.04.15) over (3.8.10-0ubuntu1~20.04.14) ...
#9 18.00 Preparing to unpack .../09-python3.8-minimal_3.8.10-0ubuntu1~20.04.15_amd64.deb ...
#9 18.01 Unpacking python3.8-minimal (3.8.10-0ubuntu1~20.04.15) over (3.8.10-0ubuntu1~20.04.14) ...
#9 18.17 Preparing to unpack .../10-libpython3.8-minimal_3.8.10-0ubuntu1~20.04.15_amd64.deb ...
#9 18.25 Unpacking libpython3.8-minimal:amd64 (3.8.10-0ubuntu1~20.04.15) over (3.8.10-0ubuntu1~20.04.14) ...
#9 18.49 Preparing to unpack .../11-libsqlite3-0_3.31.1-4ubuntu0.6_amd64.deb ...
#9 18.49 Unpacking libsqlite3-0:amd64 (3.31.1-4ubuntu0.6) over (3.31.1-4ubuntu0.5) ...
#9 18.57 Preparing to unpack .../12-rsync_3.1.3-8ubuntu0.9_amd64.deb ...
#9 18.57 Unpacking rsync (3.1.3-8ubuntu0.9) over (3.1.3-8ubuntu0.4) ...
#9 18.63 Preparing to unpack .../13-libpam-runtime_1.3.1-5ubuntu4.7_all.deb ...
#9 18.63 Unpacking libpam-runtime (1.3.1-5ubuntu4.7) over (1.3.1-5ubuntu4.4) ...
#9 18.68 Setting up libpam-runtime (1.3.1-5ubuntu4.7) ...
#9 18.82 (Reading database ... (Reading database ... 5%(Reading database ... 10%(Reading database ... 15%(Reading database ... 20%(Reading database ... 25%(Reading database ... 30%(Reading database ... 35%(Reading database ... 40%(Reading database ... 45%(Reading database ... 50%(Reading database ... 55%(Reading database ... 60%(Reading database ... 65%(Reading database ... 70%(Reading database ... 75%(Reading database ... 80%(Reading database ... 85%(Reading database ... 90%(Reading database ... 95%(Reading database ... 100%(Reading database ... 46199 files and directories currently installed.)
#9 18.85 Preparing to unpack .../passwd_1%3a4.8.1-1ubuntu5.20.04.5_amd64.deb ...
#9 18.88 Unpacking passwd (1:4.8.1-1ubuntu5.20.04.5) over (1:4.8.1-1ubuntu5.20.04.4) ...
#9 18.99 Setting up passwd (1:4.8.1-1ubuntu5.20.04.5) ...
#9 19.04 (Reading database ... (Reading database ... 5%(Reading database ... 10%(Reading database ... 15%(Reading database ... 20%(Reading database ... 25%(Reading database ... 30%(Reading database ... 35%(Reading database ... 40%(Reading database ... 45%(Reading database ... 50%(Reading database ... 55%(Reading database ... 60%(Reading database ... 65%(Reading database ... 70%(Reading database ... 75%(Reading database ... 80%(Reading database ... 85%(Reading database ... 90%(Reading database ... 95%(Reading database ... 100%(Reading database ... 46199 files and directories currently installed.)
#9 19.06 Preparing to unpack .../00-libcom-err2_1.45.5-2ubuntu1.2_amd64.deb ...
#9 19.07 Unpacking libcom-err2:amd64 (1.45.5-2ubuntu1.2) over (1.45.5-2ubuntu1.1) ...
#9 19.09 Preparing to unpack .../01-libprocps8_2%3a3.3.16-1ubuntu2.4_amd64.deb ...
#9 19.09 Unpacking libprocps8:amd64 (2:3.3.16-1ubuntu2.4) over (2:3.3.16-1ubuntu2.3) ...
#9 19.12 Preparing to unpack .../02-libss2_1.45.5-2ubuntu1.2_amd64.deb ...
#9 19.12 Unpacking libss2:amd64 (1.45.5-2ubuntu1.2) over (1.45.5-2ubuntu1.1) ...
#9 19.15 Preparing to unpack .../03-procps_2%3a3.3.16-1ubuntu2.4_amd64.deb ...
#9 19.17 Unpacking procps (2:3.3.16-1ubuntu2.4) over (2:3.3.16-1ubuntu2.3) ...
#9 19.24 Preparing to unpack .../04-openssl_1.1.1f-1ubuntu2.24_amd64.deb ...
#9 19.24 Unpacking openssl (1.1.1f-1ubuntu2.24) over (1.1.1f-1ubuntu2.16) ...
#9 19.31 Preparing to unpack .../05-ca-certificates_20240203~20.04.1_all.deb ...
#9 19.31 Unpacking ca-certificates (20240203~20.04.1) over (20211016ubuntu0.20.04.1) ...
#9 19.41 Preparing to unpack .../06-less_551-1ubuntu0.3_amd64.deb ...
#9 19.42 Unpacking less (551-1ubuntu0.3) over (551-1ubuntu0.1) ...
#9 19.45 Preparing to unpack .../07-libcap2_1%3a2.32-1ubuntu0.2_amd64.deb ...
#9 19.46 Unpacking libcap2:amd64 (1:2.32-1ubuntu0.2) over (1:2.32-1ubuntu0.1) ...
#9 19.48 Preparing to unpack .../08-libxml2_2.9.10+dfsg-5ubuntu0.20.04.9_amd64.deb ...
#9 19.48 Unpacking libxml2:amd64 (2.9.10+dfsg-5ubuntu0.20.04.9) over (2.9.10+dfsg-5ubuntu0.20.04.8) ...
#9 19.56 Preparing to unpack .../09-tzdata_2024b-0ubuntu0.20.04.1_all.deb ...
#9 19.56 Unpacking tzdata (2024b-0ubuntu0.20.04.1) over (2022g-0ubuntu0.20.04.1) ...
#9 20.40 Preparing to unpack .../10-krb5-locales_1.17-6ubuntu4.8_all.deb ...
#9 20.40 Unpacking krb5-locales (1.17-6ubuntu4.8) over (1.17-6ubuntu4.2) ...
#9 20.43 Preparing to unpack .../11-libgssapi-krb5-2_1.17-6ubuntu4.8_amd64.deb ...
#9 20.43 Unpacking libgssapi-krb5-2:amd64 (1.17-6ubuntu4.8) over (1.17-6ubuntu4.2) ...
#9 20.46 Preparing to unpack .../12-libkrb5-3_1.17-6ubuntu4.8_amd64.deb ...
#9 20.46 Unpacking libkrb5-3:amd64 (1.17-6ubuntu4.8) over (1.17-6ubuntu4.2) ...
#9 20.51 Preparing to unpack .../13-libkrb5support0_1.17-6ubuntu4.8_amd64.deb ...
#9 20.51 Unpacking libkrb5support0:amd64 (1.17-6ubuntu4.8) over (1.17-6ubuntu4.2) ...
#9 20.54 Preparing to unpack .../14-libk5crypto3_1.17-6ubuntu4.8_amd64.deb ...
#9 20.54 Unpacking libk5crypto3:amd64 (1.17-6ubuntu4.8) over (1.17-6ubuntu4.2) ...
#9 20.57 Preparing to unpack .../15-libx11-data_2%3a1.6.9-2ubuntu1.6_all.deb ...
#9 20.57 Unpacking libx11-data (2:1.6.9-2ubuntu1.6) over (2:1.6.9-2ubuntu1.2) ...
#9 20.76 Preparing to unpack .../16-git-man_1%3a2.25.1-1ubuntu3.14_all.deb ...
#9 20.76 Unpacking git-man (1:2.25.1-1ubuntu3.14) over (1:2.25.1-1ubuntu3.8) ...
#9 20.84 Preparing to unpack .../17-libroken18-heimdal_7.7.0+dfsg-1ubuntu1.4_amd64.deb ...
#9 20.84 Unpacking libroken18-heimdal:amd64 (7.7.0+dfsg-1ubuntu1.4) over (7.7.0+dfsg-1ubuntu1.3) ...
#9 20.87 Preparing to unpack .../18-libasn1-8-heimdal_7.7.0+dfsg-1ubuntu1.4_amd64.deb ...
#9 20.87 Unpacking libasn1-8-heimdal:amd64 (7.7.0+dfsg-1ubuntu1.4) over (7.7.0+dfsg-1ubuntu1.3) ...
#9 20.90 Preparing to unpack .../19-libheimbase1-heimdal_7.7.0+dfsg-1ubuntu1.4_amd64.deb ...
#9 20.90 Unpacking libheimbase1-heimdal:amd64 (7.7.0+dfsg-1ubuntu1.4) over (7.7.0+dfsg-1ubuntu1.3) ...
#9 20.93 Preparing to unpack .../20-libhcrypto4-heimdal_7.7.0+dfsg-1ubuntu1.4_amd64.deb ...
#9 20.93 Unpacking libhcrypto4-heimdal:amd64 (7.7.0+dfsg-1ubuntu1.4) over (7.7.0+dfsg-1ubuntu1.3) ...
#9 20.96 Preparing to unpack .../21-libwind0-heimdal_7.7.0+dfsg-1ubuntu1.4_amd64.deb ...
#9 20.96 Unpacking libwind0-heimdal:amd64 (7.7.0+dfsg-1ubuntu1.4) over (7.7.0+dfsg-1ubuntu1.3) ...
#9 20.99 Preparing to unpack .../22-libhx509-5-heimdal_7.7.0+dfsg-1ubuntu1.4_amd64.deb ...
#9 20.99 Unpacking libhx509-5-heimdal:amd64 (7.7.0+dfsg-1ubuntu1.4) over (7.7.0+dfsg-1ubuntu1.3) ...
#9 21.02 Preparing to unpack .../23-libkrb5-26-heimdal_7.7.0+dfsg-1ubuntu1.4_amd64.deb ...
#9 21.02 Unpacking libkrb5-26-heimdal:amd64 (7.7.0+dfsg-1ubuntu1.4) over (7.7.0+dfsg-1ubuntu1.3) ...
#9 21.06 Preparing to unpack .../24-libheimntlm0-heimdal_7.7.0+dfsg-1ubuntu1.4_amd64.deb ...
#9 21.06 Unpacking libheimntlm0-heimdal:amd64 (7.7.0+dfsg-1ubuntu1.4) over (7.7.0+dfsg-1ubuntu1.3) ...
#9 21.09 Preparing to unpack .../25-libgssapi3-heimdal_7.7.0+dfsg-1ubuntu1.4_amd64.deb ...
#9 21.09 Unpacking libgssapi3-heimdal:amd64 (7.7.0+dfsg-1ubuntu1.4) over (7.7.0+dfsg-1ubuntu1.3) ...
#9 21.12 Preparing to unpack .../26-libldap-common_2.4.49+dfsg-2ubuntu1.10_all.deb ...
#9 21.12 Unpacking libldap-common (2.4.49+dfsg-2ubuntu1.10) over (2.4.49+dfsg-2ubuntu1.9) ...
#9 21.14 Preparing to unpack .../27-libldap-2.4-2_2.4.49+dfsg-2ubuntu1.10_amd64.deb ...
#9 21.14 Unpacking libldap-2.4-2:amd64 (2.4.49+dfsg-2ubuntu1.10) over (2.4.49+dfsg-2ubuntu1.9) ...
#9 21.18 Preparing to unpack .../28-libnghttp2-14_1.40.0-1ubuntu0.3_amd64.deb ...
#9 21.18 Unpacking libnghttp2-14:amd64 (1.40.0-1ubuntu0.3) over (1.40.0-1build1) ...
#9 21.21 Preparing to unpack .../29-libssh-4_0.9.3-2ubuntu2.5_amd64.deb ...
#9 21.21 Unpacking libssh-4:amd64 (0.9.3-2ubuntu2.5) over (0.9.3-2ubuntu2.2) ...
#9 21.25 Preparing to unpack .../30-libcurl3-gnutls_7.68.0-1ubuntu2.25_amd64.deb ...
#9 21.25 Unpacking libcurl3-gnutls:amd64 (7.68.0-1ubuntu2.25) over (7.68.0-1ubuntu2.15) ...
#9 21.29 Preparing to unpack .../31-git_1%3a2.25.1-1ubuntu3.14_amd64.deb ...
#9 21.34 Unpacking git (1:2.25.1-1ubuntu3.14) over (1:2.25.1-1ubuntu3.13) ...
#9 21.88 Preparing to unpack .../32-openssh-client_1%3a8.2p1-4ubuntu0.12_amd64.deb ...
#9 21.90 Unpacking openssh-client (1:8.2p1-4ubuntu0.12) over (1:8.2p1-4ubuntu0.5) ...
#9 21.99 Preparing to unpack .../33-binutils-dev_2.34-6ubuntu1.10_amd64.deb ...
#9 21.99 Unpacking binutils-dev (2.34-6ubuntu1.10) over (2.34-6ubuntu1.4) ...
#9 22.39 Preparing to unpack .../34-libctf0_2.34-6ubuntu1.10_amd64.deb ...
#9 22.39 Unpacking libctf0:amd64 (2.34-6ubuntu1.10) over (2.34-6ubuntu1.4) ...
#9 22.42 Preparing to unpack .../35-binutils-x86-64-linux-gnu_2.34-6ubuntu1.10_amd64.deb ...
#9 22.42 Unpacking binutils-x86-64-linux-gnu (2.34-6ubuntu1.10) over (2.34-6ubuntu1.4) ...
#9 22.68 Preparing to unpack .../36-libbinutils_2.34-6ubuntu1.10_amd64.deb ...
#9 22.68 Unpacking libbinutils:amd64 (2.34-6ubuntu1.10) over (2.34-6ubuntu1.4) ...
#9 22.74 Preparing to unpack .../37-binutils_2.34-6ubuntu1.10_amd64.deb ...
#9 22.74 Unpacking binutils (2.34-6ubuntu1.10) over (2.34-6ubuntu1.4) ...
#9 22.78 Preparing to unpack .../38-binutils-common_2.34-6ubuntu1.10_amd64.deb ...
#9 22.78 Unpacking binutils-common:amd64 (2.34-6ubuntu1.10) over (2.34-6ubuntu1.4) ...
#9 22.81 Preparing to unpack .../39-libctf-nobfd0_2.34-6ubuntu1.10_amd64.deb ...
#9 22.81 Unpacking libctf-nobfd0:amd64 (2.34-6ubuntu1.10) over (2.34-6ubuntu1.4) ...
#9 22.84 Preparing to unpack .../40-libharfbuzz-dev_2.6.4-1ubuntu4.3_amd64.deb ...
#9 22.84 Unpacking libharfbuzz-dev:amd64 (2.6.4-1ubuntu4.3) over (2.6.4-1ubuntu4.2) ...
#9 22.94 Preparing to unpack .../41-libharfbuzz0b_2.6.4-1ubuntu4.3_amd64.deb ...
#9 22.94 Unpacking libharfbuzz0b:amd64 (2.6.4-1ubuntu4.3) over (2.6.4-1ubuntu4.2) ...
#9 23.01 Preparing to unpack .../42-libharfbuzz-icu0_2.6.4-1ubuntu4.3_amd64.deb ...
#9 23.01 Unpacking libharfbuzz-icu0:amd64 (2.6.4-1ubuntu4.3) over (2.6.4-1ubuntu4.2) ...
#9 23.03 Preparing to unpack .../43-libharfbuzz-gobject0_2.6.4-1ubuntu4.3_amd64.deb ...
#9 23.03 Unpacking libharfbuzz-gobject0:amd64 (2.6.4-1ubuntu4.3) over (2.6.4-1ubuntu4.2) ...
#9 23.06 Preparing to unpack .../44-gir1.2-harfbuzz-0.0_2.6.4-1ubuntu4.3_amd64.deb ...
#9 23.06 Unpacking gir1.2-harfbuzz-0.0:amd64 (2.6.4-1ubuntu4.3) over (2.6.4-1ubuntu4.2) ...
#9 23.09 Preparing to unpack .../45-libaprutil1_1.6.1-4ubuntu2.2_amd64.deb ...
#9 23.09 Unpacking libaprutil1:amd64 (1.6.1-4ubuntu2.2) over (1.6.1-4ubuntu2) ...
#9 23.12 Preparing to unpack .../46-libapr1_1.6.5-1ubuntu1.1_amd64.deb ...
#9 23.12 Unpacking libapr1:amd64 (1.6.5-1ubuntu1.1) over (1.6.5-1ubuntu1) ...
#9 23.15 Preparing to unpack .../47-unzip_6.0-25ubuntu1.2_amd64.deb ...
#9 23.16 Unpacking unzip (6.0-25ubuntu1.2) over (6.0-25ubuntu1.1) ...
#9 23.21 Setting up perl-modules-5.30 (5.30.0-9ubuntu0.5) ...
#9 23.21 Setting up libssl1.1:amd64 (1.1.1f-1ubuntu2.24) ...
#9 23.29 Setting up unzip (6.0-25ubuntu1.2) ...
#9 23.30 Setting up libsqlite3-0:amd64 (3.31.1-4ubuntu0.6) ...
#9 23.30 Setting up binutils-common:amd64 (2.34-6ubuntu1.10) ...
#9 23.30 Setting up libnghttp2-14:amd64 (1.40.0-1ubuntu0.3) ...
#9 23.30 Setting up libapr1:amd64 (1.6.5-1ubuntu1.1) ...
#9 23.30 Setting up less (551-1ubuntu0.3) ...
#9 23.31 Setting up linux-libc-dev:amd64 (5.4.0-208.228) ...
#9 23.31 Setting up libctf-nobfd0:amd64 (2.34-6ubuntu1.10) ...
#9 23.31 Setting up krb5-locales (1.17-6ubuntu4.8) ...
#9 23.31 Setting up libcom-err2:amd64 (1.45.5-2ubuntu1.2) ...
#9 23.31 Setting up libldap-common (2.4.49+dfsg-2ubuntu1.10) ...
#9 23.32 Setting up libcap2:amd64 (1:2.32-1ubuntu0.2) ...
#9 23.32 Setting up libkrb5support0:amd64 (1.17-6ubuntu4.8) ...
#9 23.32 Setting up libc6-x32 (2.31-0ubuntu9.17) ...
#9 23.32 Setting up tzdata (2024b-0ubuntu0.20.04.1) ...
#9 23.41 
#9 23.41 Current default time zone: 'Etc/UTC'
#9 23.41 Local time is now:      Sat Mar  1 16:05:07 UTC 2025.
#9 23.41 Universal Time is now:  Sat Mar  1 16:05:07 UTC 2025.
#9 23.41 Run 'dpkg-reconfigure tzdata' if you wish to change it.
#9 23.41 
#9 23.42 Setting up libx11-data (2:1.6.9-2ubuntu1.6) ...
#9 23.42 Setting up libssl-dev:amd64 (1.1.1f-1ubuntu2.24) ...
#9 23.42 Setting up libss2:amd64 (1.45.5-2ubuntu1.2) ...
#9 23.42 Setting up libk5crypto3:amd64 (1.17-6ubuntu4.8) ...
#9 23.42 Setting up logsave (1.45.5-2ubuntu1.2) ...
#9 23.43 Setting up libroken18-heimdal:amd64 (7.7.0+dfsg-1ubuntu1.4) ...
#9 23.43 Setting up libfdisk1:amd64 (2.34-0.1ubuntu9.6) ...
#9 23.43 Setting up mount (2.34-0.1ubuntu9.6) ...
#9 23.43 Setting up libc6-i386 (2.31-0ubuntu9.17) ...
#9 23.43 Setting up libperl5.30:amd64 (5.30.0-9ubuntu0.5) ...
#9 23.43 Setting up git-man (1:2.25.1-1ubuntu3.14) ...
#9 23.43 Setting up libharfbuzz0b:amd64 (2.6.4-1ubuntu4.3) ...
#9 23.44 Setting up libkrb5-3:amd64 (1.17-6ubuntu4.8) ...
#9 23.44 Setting up libbinutils:amd64 (2.34-6ubuntu1.10) ...
#9 23.44 Setting up libc-dev-bin (2.31-0ubuntu9.17) ...
#9 23.44 Setting up openssl (1.1.1f-1ubuntu2.24) ...
#9 23.44 Setting up libxml2:amd64 (2.9.10+dfsg-5ubuntu0.20.04.9) ...
#9 23.45 Setting up libprocps8:amd64 (2:3.3.16-1ubuntu2.4) ...
#9 23.45 Setting up rsync (3.1.3-8ubuntu0.9) ...
#9 23.46 invoke-rc.d: could not determine current runlevel
#9 23.47 invoke-rc.d: policy-rc.d denied execution of restart.
#9 23.57 Setting up libheimbase1-heimdal:amd64 (7.7.0+dfsg-1ubuntu1.4) ...
#9 23.58 Setting up libaprutil1:amd64 (1.6.1-4ubuntu2.2) ...
#9 23.58 Setting up libctf0:amd64 (2.34-6ubuntu1.10) ...
#9 23.58 Setting up libpython3.8-minimal:amd64 (3.8.10-0ubuntu1~20.04.15) ...
#9 23.58 Setting up libharfbuzz-icu0:amd64 (2.6.4-1ubuntu4.3) ...
#9 23.58 Setting up libasn1-8-heimdal:amd64 (7.7.0+dfsg-1ubuntu1.4) ...
#9 23.59 Setting up e2fsprogs (1.45.5-2ubuntu1.2) ...
#9 23.80 Setting up libharfbuzz-gobject0:amd64 (2.6.4-1ubuntu4.3) ...
#9 23.80 Setting up gir1.2-harfbuzz-0.0:amd64 (2.6.4-1ubuntu4.3) ...
#9 23.80 Setting up libhcrypto4-heimdal:amd64 (7.7.0+dfsg-1ubuntu1.4) ...
#9 23.80 Setting up fdisk (2.34-0.1ubuntu9.6) ...
#9 23.81 Setting up ca-certificates (20240203~20.04.1) ...
#9 25.30 Updating certificates in /etc/ssl/certs...
#9 26.14 rehash: warning: skipping ca-certificates.crt,it does not contain exactly one certificate or CRL
#9 26.14 30 added, 8 removed; done.
#9 26.16 Setting up perl (5.30.0-9ubuntu0.5) ...
#9 26.17 Setting up libwind0-heimdal:amd64 (7.7.0+dfsg-1ubuntu1.4) ...
#9 26.18 Setting up libgssapi-krb5-2:amd64 (1.17-6ubuntu4.8) ...
#9 26.18 Setting up libssh-4:amd64 (0.9.3-2ubuntu2.5) ...
#9 26.18 Setting up python3.8-minimal (3.8.10-0ubuntu1~20.04.15) ...
#9 26.64 Setting up procps (2:3.3.16-1ubuntu2.4) ...
#9 26.68 Setting up libc6-dev:amd64 (2.31-0ubuntu9.17) ...
#9 26.68 Setting up libpython3.8-stdlib:amd64 (3.8.10-0ubuntu1~20.04.15) ...
#9 26.68 Setting up python3.8 (3.8.10-0ubuntu1~20.04.15) ...
#9 27.20 Setting up binutils-x86-64-linux-gnu (2.34-6ubuntu1.10) ...
#9 27.20 Setting up libharfbuzz-dev:amd64 (2.6.4-1ubuntu4.3) ...
#9 27.20 Setting up libc6-dev-i386 (2.31-0ubuntu9.17) ...
#9 27.20 Setting up openssh-client (1:8.2p1-4ubuntu0.12) ...
#9 27.22 Setting up libhx509-5-heimdal:amd64 (7.7.0+dfsg-1ubuntu1.4) ...
#9 27.23 Setting up binutils (2.34-6ubuntu1.10) ...
#9 27.23 Setting up libc6-dev-x32 (2.31-0ubuntu9.17) ...
#9 27.23 Setting up libpython3.8:amd64 (3.8.10-0ubuntu1~20.04.15) ...
#9 27.23 Setting up libkrb5-26-heimdal:amd64 (7.7.0+dfsg-1ubuntu1.4) ...
#9 27.23 Setting up binutils-dev (2.34-6ubuntu1.10) ...
#9 27.23 Setting up libheimntlm0-heimdal:amd64 (7.7.0+dfsg-1ubuntu1.4) ...
#9 27.24 Setting up libgssapi3-heimdal:amd64 (7.7.0+dfsg-1ubuntu1.4) ...
#9 27.24 Setting up libpython3.8-dev:amd64 (3.8.10-0ubuntu1~20.04.15) ...
#9 27.24 Setting up python3.8-dev (3.8.10-0ubuntu1~20.04.15) ...
#9 27.24 Setting up libldap-2.4-2:amd64 (2.4.49+dfsg-2ubuntu1.10) ...
#9 27.24 Setting up libcurl3-gnutls:amd64 (7.68.0-1ubuntu2.25) ...
#9 27.24 Setting up git (1:2.25.1-1ubuntu3.14) ...
#9 27.27 Processing triggers for libc-bin (2.31-0ubuntu9.17) ...
#9 27.29 Processing triggers for systemd (245.4-4ubuntu3.24) ...
#9 27.30 Processing triggers for mime-support (3.64ubuntu1) ...
#9 27.32 Processing triggers for ca-certificates (20240203~20.04.1) ...
#9 27.32 Updating certificates in /etc/ssl/certs...
#9 27.92 0 added, 0 removed; done.
#9 27.92 Running hooks in /etc/ca-certificates/update.d...
#9 27.92 done.
#9 28.01 Reading package lists...
#9 29.08 Building dependency tree...
#9 29.25 Reading state information...
#9 29.42 libffi-dev is already the newest version (3.3-4).
#9 29.42 libffi-dev set to manually installed.
#9 29.42 curl is already the newest version (7.68.0-1ubuntu2.25).
#9 29.42 libssl-dev is already the newest version (1.1.1f-1ubuntu2.24).
#9 29.42 xz-utils is already the newest version (5.2.4-1ubuntu1.1).
#9 29.42 xz-utils set to manually installed.
#9 29.42 zlib1g-dev is already the newest version (1:1.2.11.dfsg-2ubuntu1.5).
#9 29.42 zlib1g-dev set to manually installed.
#9 29.42 0 upgraded, 0 newly installed, 0 to remove and 0 not upgraded.
#9 DONE 29.5s

#10 [stage-1  3/15] RUN rm -rf /usr/local/bin/python3.8* /usr/local/bin/pip3 /usr/local/lib/python3.8     /usr/local/include/python3.8 /usr/local/lib/python3.8/site-packages
#10 DONE 0.5s

#11 [stage-1  4/15] COPY --from=base-image /usr/local/bin/python3* /usr/local/bin/
#11 DONE 0.1s

#12 [stage-1  5/15] COPY --from=base-image /usr/local/bin/pip3* /usr/local/bin/
#12 DONE 0.1s

#13 [stage-1  6/15] COPY --from=base-image /usr/local/lib/python3.10 /usr/local/lib/python3.10
#13 DONE 8.9s

#14 [stage-1  7/15] COPY --from=base-image /usr/local/include/python3.10 /usr/local/include/python3.10
#14 DONE 0.1s

#15 [stage-1  8/15] COPY --from=base-image /usr/local/lib/python3.10/site-packages /usr/local/lib/python3.10/site-packages
#15 DONE 9.8s

#16 [stage-1  9/15] COPY fuzzers /src/fuzzers
#16 DONE 0.1s

#17 [stage-1 10/15] COPY benchmarks/libpcap_fuzz_both/benchmark.yaml /
#17 DONE 0.0s

#18 [stage-1 11/15] RUN mkdir /opt/fuzzbench/
#18 DONE 0.2s

#19 [stage-1 12/15] COPY docker/benchmark-builder/checkout_commit.py /opt/fuzzbench/
#19 DONE 0.0s

#20 [stage-1 13/15] RUN export CHECKOUT_COMMIT=$(cat /benchmark.yaml | tr -d ' ' | grep 'commit:' | cut -d ':' -f2) &&     python3 -u /opt/fuzzbench/checkout_commit.py $CHECKOUT_COMMIT /src
#20 0.275 Checking out commit 17ff63e88ea99112a905eefc6f862dac20de09e1
#20 0.279 fatal: reference is not a tree: 17ff63e88ea99112a905eefc6f862dac20de09e1
#20 0.354 Note: switching to '17ff63e88ea99112a905eefc6f862dac20de09e1'.
#20 0.354 
#20 0.354 You are in 'detached HEAD' state. You can look around, make experimental
#20 0.354 changes and commit them, and you can discard any commits you make in this
#20 0.354 state without impacting any branches by switching back to a branch.
#20 0.354 
#20 0.354 If you want to create a new branch to retain commits you create, you may
#20 0.354 do so (now or later) by using -c with the switch command. Example:
#20 0.354 
#20 0.354   git switch -c <new-branch-name>
#20 0.354 
#20 0.354 Or undo this operation with:
#20 0.354 
#20 0.354   git switch -
#20 0.354 
#20 0.354 Turn off this advice by setting config variable advice.detachedHead to false
#20 0.354 
#20 0.354 HEAD is now at 17ff63e8 autoconf: Add autogen.sh, remove configure and config.h.in
#20 DONE 0.4s

#21 [stage-1 14/15] COPY docker/benchmark-builder/fuzzer_build /usr/bin/fuzzer_build
#21 DONE 0.0s

#22 [stage-1 15/15] RUN echo "Run fuzzer_build to build the target" && if [ -z "$debug_builder" ] ; then fuzzer_build; fi
#22 0.204 Run fuzzer_build to build the target
#22 0.271 FUZZ_TARGET = fuzz_both
#22 0.271 CFLAGS = -DFUZZING_BUILD_MODE_UNSAFE_FOR_PRODUCTION -pthread -Wl,--no-as-needed -Wl,-ldl -Wl,-lm -Wno-unused-command-line-argument -O3
#22 0.271 CXXFLAGS = -DFUZZING_BUILD_MODE_UNSAFE_FOR_PRODUCTION -pthread -Wl,--no-as-needed -Wl,-ldl -Wl,-lm -Wno-unused-command-line-argument -stdlib=libc++ -O3
#22 0.276 AFL++ build: 
#22 0.276 ['tracepc', 'cmplog', 'dict2file']
#22 1.269 Building benchmark libpcap_fuzz_both with fuzzer aflmmbb
#22 1.271 + cd libpcap
#22 1.271 + mkdir build
#22 1.273 + cd build
#22 1.273 + cmake -DDISABLE_DBUS=1 ..
#22 1.357 -- The C compiler identification is Clang 15.0.0
#22 1.376 -- Detecting C compiler ABI info
#22 1.452 -- Detecting C compiler ABI info - done
#22 1.466 -- Check for working C compiler: /afl/afl-clang-fast - skipped
#22 1.467 -- Detecting C compile features
#22 1.467 -- Detecting C compile features - done
#22 1.468 -- Building 64-bit
#22 1.469 -- Checking C compiler flag -std=gnu99
#22 1.470 -- Performing Test std-gnu99
#22 1.542 -- Performing Test std-gnu99 - Success
#22 1.543 -- Use DYNAMIC runtime
#22 1.546 -- Looking for inttypes.h
#22 1.622 -- Looking for inttypes.h - found
#22 1.623 -- Looking for stdint.h
#22 1.697 -- Looking for stdint.h - found
#22 1.698 -- Looking for unistd.h
#22 1.774 -- Looking for unistd.h - found
#22 1.774 -- Looking for bitypes.h
#22 1.805 -- Looking for bitypes.h - not found
#22 1.806 -- Looking for sys/ioccom.h
#22 1.836 -- Looking for sys/ioccom.h - not found
#22 1.837 -- Looking for sys/sockio.h
#22 1.868 -- Looking for sys/sockio.h - not found
#22 1.868 -- Looking for sys/select.h
#22 1.943 -- Looking for sys/select.h - found
#22 1.943 -- Looking for netpacket/packet.h
#22 2.015 -- Looking for netpacket/packet.h - found
#22 2.015 -- Looking for netinet/if_ether.h
#22 2.097 -- Looking for netinet/if_ether.h - found
#22 2.098 -- Performing Test HAVE___ATOMIC_LOAD_N
#22 2.170 -- Performing Test HAVE___ATOMIC_LOAD_N - Success
#22 2.170 -- Performing Test HAVE___ATOMIC_STORE_N
#22 2.243 -- Performing Test HAVE___ATOMIC_STORE_N - Success
#22 2.243 -- Looking for strerror
#22 2.320 -- Looking for strerror - found
#22 2.320 -- Looking for strerror_r
#22 2.393 -- Looking for strerror_r - found
#22 2.394 -- Performing Test HAVE_GNU_STRERROR_R
#22 2.468 -- Performing Test HAVE_GNU_STRERROR_R - Success
#22 2.469 -- Looking for vsnprintf
#22 2.553 -- Looking for vsnprintf - found
#22 2.554 -- Looking for snprintf
#22 2.633 -- Looking for snprintf - found
#22 2.634 -- Looking for strlcpy
#22 2.709 -- Looking for strlcpy - not found
#22 2.709 -- Looking for strlcat
#22 2.782 -- Looking for strlcat - not found
#22 2.782 -- Looking for asprintf
#22 2.856 -- Looking for asprintf - found
#22 2.857 -- Looking for vasprintf
#22 2.931 -- Looking for vasprintf - found
#22 2.931 -- Looking for strtok_r
#22 3.005 -- Looking for strtok_r - found
#22 3.005 -- Looking for vsyslog
#22 3.080 -- Looking for vsyslog - found
#22 3.081 -- Looking for getaddrinfo
#22 3.155 -- Looking for getaddrinfo - found
#22 3.155 -- Looking for putmsg
#22 3.230 -- Looking for putmsg - not found
#22 3.230 -- Looking for putmsg in str
#22 3.291 -- Looking for putmsg in str - not found
#22 3.291 -- Looking for getpass
#22 3.364 -- Looking for getpass - found
#22 3.365 -- Looking for getnetbyname_r
#22 3.444 -- Looking for getnetbyname_r - found
#22 3.445 -- Performing Test HAVE_LINUX_GETNETBYNAME_R
#22 3.524 -- Performing Test HAVE_LINUX_GETNETBYNAME_R - Success
#22 3.525 -- Looking for getprotobyname_r
#22 3.604 -- Looking for getprotobyname_r - found
#22 3.604 -- Performing Test HAVE_LINUX_GETPROTOBYNAME_R
#22 3.685 -- Performing Test HAVE_LINUX_GETPROTOBYNAME_R - Success
#22 3.686 -- Looking for sys/types.h
#22 3.761 -- Looking for sys/types.h - found
#22 3.762 -- Looking for stddef.h
#22 3.834 -- Looking for stddef.h - found
#22 3.834 -- Check size of struct sockaddr_storage
#22 3.935 -- Check size of struct sockaddr_storage - done
#22 3.935 -- Check size of socklen_t
#22 4.020 -- Check size of socklen_t - done
#22 4.020 -- Performing Test HAVE_STRUCT_SOCKADDR_SA_LEN
#22 4.057 -- Performing Test HAVE_STRUCT_SOCKADDR_SA_LEN - Failed
#22 4.057 -- Looking for ffs
#22 4.131 -- Looking for ffs - found
#22 4.132 -- Looking for ffs
#22 4.207 -- Looking for ffs - found
#22 4.207 -- Looking for ether_hostton
#22 4.282 -- Looking for ether_hostton - found
#22 4.282 -- Looking for ether_hostton
#22 4.319 -- Looking for ether_hostton - not found
#22 4.319 -- Looking for ether_hostton
#22 4.398 -- Looking for ether_hostton - found
#22 4.400 -- Looking for native LFS support
#22 4.476 -- Looking for native LFS support - found
#22 4.477 -- Found LFS: TRUE  
#22 4.478 -- Looking for native fseeko support
#22 4.556 -- Looking for native fseeko support - found
#22 4.556 -- Found FSEEKO: TRUE  
#22 4.556 -- Support IPv6
#22 4.558 -- Performing Test CMAKE_HAVE_LIBC_PTHREAD
#22 4.639 -- Performing Test CMAKE_HAVE_LIBC_PTHREAD - Success
#22 4.641 -- Found Threads: TRUE  
#22 4.711 -- Found OpenSSL: /usr/lib/x86_64-linux-gnu/libcrypto.so (found version "1.1.1f")  
#22 4.718 -- Looking for include files sys/types.h, net/bpf.h
#22 4.754 -- Looking for include files sys/types.h, net/bpf.h - not found
#22 4.754 -- Looking for net/pfilt.h
#22 4.785 -- Looking for net/pfilt.h - not found
#22 4.786 -- Looking for net/enet.h
#22 4.817 -- Looking for net/enet.h - not found
#22 4.817 -- Looking for net/nit.h
#22 4.848 -- Looking for net/nit.h - not found
#22 4.849 -- Looking for sys/net/nit.h
#22 4.880 -- Looking for sys/net/nit.h - not found
#22 4.881 -- Looking for linux/socket.h
#22 4.954 -- Looking for linux/socket.h - found
#22 4.954 -- Looking for net/raw.h
#22 4.986 -- Looking for net/raw.h - not found
#22 4.987 -- Looking for sys/dlpi.h
#22 5.018 -- Looking for sys/dlpi.h - not found
#22 5.018 -- Looking for config/HaikuConfig.h
#22 5.049 -- Looking for config/HaikuConfig.h - not found
#22 5.049 -- Packet capture mechanism type: linux
#22 5.054 -- Looking for include files sys/socket.h, linux/wireless.h
#22 5.132 -- Looking for include files sys/socket.h, linux/wireless.h - found
#22 5.133 -- Checking for module 'libnl-genl-3.0'
#22 5.136 --   No package 'libnl-genl-3.0' found
#22 5.137 -- Looking for nl_socket_alloc
#22 5.197 -- Looking for nl_socket_alloc - not found
#22 5.197 -- Performing Test HAVE_STRUCT_TPACKET_AUXDATA_TP_VLAN_TCI
#22 5.271 -- Performing Test HAVE_STRUCT_TPACKET_AUXDATA_TP_VLAN_TCI - Success
#22 5.271 -- Looking for getifaddrs
#22 5.370 -- Looking for getifaddrs - found
#22 5.371 -- Looking for include files sys/types.h, ifaddrs.h
#22 5.449 -- Looking for include files sys/types.h, ifaddrs.h - found
#22 5.449 -- Find-interfaces mechanism type: getad
#22 5.450 -- Looking for linux/net_tstamp.h
#22 5.523 -- Looking for linux/net_tstamp.h - found
#22 5.524 -- Looking for include file linux/compiler.h
#22 5.555 -- Looking for include file linux/compiler.h - not found
#22 5.555 -- Looking for include file linux/usbdevice_fs.h
#22 5.629 -- Looking for include file linux/usbdevice_fs.h - found
#22 5.630 -- Performing Test HAVE_STRUCT_USBDEVFS_CTRLTRANSFER_BREQUESTTYPE
#22 5.703 -- Performing Test HAVE_STRUCT_USBDEVFS_CTRLTRANSFER_BREQUESTTYPE - Success
#22 5.704 -- Performing Test PCAP_SUPPORT_NETFILTER
#22 5.786 -- Performing Test PCAP_SUPPORT_NETFILTER - Success
#22 5.787 -- Performing Test PCAP_SUPPORT_NETMAP
#22 5.818 -- Performing Test PCAP_SUPPORT_NETMAP - Failed
#22 5.823 -- Could NOT find dpdk (missing: dpdk_INCLUDE_DIRS dpdk_LIBRARIES) 
#22 5.824 WARNING,We couldn't find DPDK with pkg-config.  If you want DPDK support,
#22 5.824 make sure that pkg-config is installed, that DPDK 18.02.2 or later is
#22 5.824 installed, and that DPDK provides a .pc file.
#22 5.824 -- Looking for bluetooth/bluetooth.h
#22 5.855 -- Looking for bluetooth/bluetooth.h - not found
#22 5.856 -- Checking for module 'libibverbs'
#22 5.859 --   No package 'libibverbs' found
#22 5.859 -- Looking for ibv_get_device_list in ibverbs
#22 5.918 -- Looking for ibv_get_device_list in ibverbs - not found
#22 5.926 -- Could NOT find DAG (missing: DAG_INCLUDE_DIR DAG_LIBRARY DAGCONF_LIBRARY) 
#22 5.926 -- Looking for msg.h
#22 5.958 -- Looking for msg.h - not found
#22 5.960 -- Could NOT find SNF (missing: SNF_INCLUDE_DIR SNF_LIBRARY) 
#22 5.962 -- Could NOT find AirPcap (missing: AirPcap_INCLUDE_DIR AirPcap_LIBRARY) 
#22 5.964 -- Could NOT find TC (missing: TC_INCLUDE_DIR TC_LIBRARY) 
#22 5.965 -- Checking C compiler flag -fvisibility=hidden
#22 5.966 -- Performing Test fvisibility-hidden
#22 6.038 -- Performing Test fvisibility-hidden - Success
#22 6.039 -- Lexical analyzer generator: /usr/bin/flex
#22 6.066 -- Parser generator: /usr/bin/bison
#22 6.084 -- Configuring done
#22 6.129 -- Generating done
#22 6.133 -- Build files have been written to: /src/libpcap/build
#22 6.136 + make
#22 6.152 [  1%] Generating grammar.c, grammar.h
#22 6.282 [  3%] Generating scanner.c, scanner.h
#22 6.310 [  3%] Built target SerializeTarget
#22 6.319 [  4%] Building C object CMakeFiles/pcap.dir/bpf_dump.c.o
#22 6.363 [  6%] Building C object CMakeFiles/pcap.dir/bpf_filter.c.o
#22 6.473 [  7%] Building C object CMakeFiles/pcap.dir/bpf_image.c.o
#22 6.544 [  9%] Building C object CMakeFiles/pcap.dir/etherent.c.o
#22 6.672 [ 10%] Building C object CMakeFiles/pcap.dir/fmtutils.c.o
#22 6.720 [ 12%] Building C object CMakeFiles/pcap.dir/gencode.c.o
#22 10.98 [ 13%] Building C object CMakeFiles/pcap.dir/nametoaddr.c.o
#22 11.09 [ 15%] Building C object CMakeFiles/pcap.dir/optimize.c.o
#22 13.57 [ 16%] Building C object CMakeFiles/pcap.dir/pcap-common.c.o
#22 13.62 [ 18%] Building C object CMakeFiles/pcap.dir/pcap-options.c.o
#22 13.67 [ 20%] Building C object CMakeFiles/pcap.dir/pcap-usb-linux-common.c.o
#22 13.72 [ 21%] Building C object CMakeFiles/pcap.dir/pcap-util.c.o
#22 13.82 [ 23%] Building C object CMakeFiles/pcap.dir/pcap.c.o
#22 14.23 [ 24%] Building C object CMakeFiles/pcap.dir/savefile.c.o
#22 14.31 [ 26%] Building C object CMakeFiles/pcap.dir/sf-pcapng.c.o
#22 14.47 [ 27%] Building C object CMakeFiles/pcap.dir/sf-pcap.c.o
#22 14.62 [ 29%] Building C object CMakeFiles/pcap.dir/missing/strlcat.c.o
#22 14.65 [ 30%] Building C object CMakeFiles/pcap.dir/missing/strlcpy.c.o
#22 14.67 [ 32%] Building C object CMakeFiles/pcap.dir/pcap-linux.c.o
#22 15.21 [ 33%] Building C object CMakeFiles/pcap.dir/fad-getad.c.o
#22 15.27 [ 35%] Building C object CMakeFiles/pcap.dir/pcap-usb-linux.c.o
#22 15.39 [ 36%] Building C object CMakeFiles/pcap.dir/pcap-netfilter-linux.c.o
#22 15.56 [ 38%] Building C object CMakeFiles/pcap.dir/grammar.c.o
#22 16.09 [ 40%] Building C object CMakeFiles/pcap.dir/scanner.c.o
#22 16.56 [ 41%] Linking C shared library libpcap.so
#22 16.65 [ 44%] Built target pcap
#22 16.65 [ 46%] Building C object CMakeFiles/pcap_static.dir/bpf_dump.c.o
#22 16.70 [ 47%] Building C object CMakeFiles/pcap_static.dir/bpf_filter.c.o
#22 16.80 [ 49%] Building C object CMakeFiles/pcap_static.dir/bpf_image.c.o
#22 16.87 [ 50%] Building C object CMakeFiles/pcap_static.dir/etherent.c.o
#22 17.00 [ 52%] Building C object CMakeFiles/pcap_static.dir/fmtutils.c.o
#22 17.04 [ 53%] Building C object CMakeFiles/pcap_static.dir/gencode.c.o
#22 21.31 [ 55%] Building C object CMakeFiles/pcap_static.dir/nametoaddr.c.o
#22 21.41 [ 56%] Building C object CMakeFiles/pcap_static.dir/optimize.c.o
#22 23.91 [ 58%] Building C object CMakeFiles/pcap_static.dir/pcap-common.c.o
#22 23.96 [ 60%] Building C object CMakeFiles/pcap_static.dir/pcap-options.c.o
#22 24.01 [ 61%] Building C object CMakeFiles/pcap_static.dir/pcap-usb-linux-common.c.o
#22 24.06 [ 63%] Building C object CMakeFiles/pcap_static.dir/pcap-util.c.o
#22 24.16 [ 64%] Building C object CMakeFiles/pcap_static.dir/pcap.c.o
#22 24.57 [ 66%] Building C object CMakeFiles/pcap_static.dir/savefile.c.o
#22 24.64 [ 67%] Building C object CMakeFiles/pcap_static.dir/sf-pcapng.c.o
#22 24.81 [ 69%] Building C object CMakeFiles/pcap_static.dir/sf-pcap.c.o
#22 24.95 [ 70%] Building C object CMakeFiles/pcap_static.dir/missing/strlcat.c.o
#22 24.98 [ 72%] Building C object CMakeFiles/pcap_static.dir/missing/strlcpy.c.o
#22 25.01 [ 73%] Building C object CMakeFiles/pcap_static.dir/pcap-linux.c.o
#22 25.54 [ 75%] Building C object CMakeFiles/pcap_static.dir/fad-getad.c.o
#22 25.60 [ 76%] Building C object CMakeFiles/pcap_static.dir/pcap-usb-linux.c.o
#22 25.72 [ 78%] Building C object CMakeFiles/pcap_static.dir/pcap-netfilter-linux.c.o
#22 25.89 [ 80%] Building C object CMakeFiles/pcap_static.dir/grammar.c.o
#22 26.42 [ 81%] Building C object CMakeFiles/pcap_static.dir/scanner.c.o
#22 26.88 [ 83%] Linking C static library libpcap.a
#22 26.90 [ 86%] Built target pcap_static
#22 26.91 [ 87%] Building C object testprogs/fuzz/CMakeFiles/fuzz_pcap.dir/onefile.c.o
#22 26.94 [ 89%] Building C object testprogs/fuzz/CMakeFiles/fuzz_pcap.dir/fuzz_pcap.c.o
#22 27.00 [ 90%] Linking C executable ../../run/fuzz_pcap
#22 27.08 [ 90%] Built target fuzz_pcap
#22 27.09 [ 92%] Building C object testprogs/fuzz/CMakeFiles/fuzz_filter.dir/onefile.c.o
#22 27.12 [ 93%] Building C object testprogs/fuzz/CMakeFiles/fuzz_filter.dir/fuzz_filter.c.o
#22 27.16 [ 95%] Linking C executable ../../run/fuzz_filter
#22 27.25 [ 95%] Built target fuzz_filter
#22 27.26 [ 96%] Building C object testprogs/fuzz/CMakeFiles/fuzz_both.dir/onefile.c.o
#22 27.29 [ 98%] Building C object testprogs/fuzz/CMakeFiles/fuzz_both.dir/fuzz_both.c.o
#22 27.35 [100%] Linking C executable ../../run/fuzz_both
#22 27.43 [100%] Built target fuzz_both
#22 27.44 + /afl/afl-clang-fast -DFUZZING_BUILD_MODE_UNSAFE_FOR_PRODUCTION -pthread -Wl,--no-as-needed -Wl,-ldl -Wl,-lm -Wno-unused-command-line-argument -O3 -I.. -c ../testprogs/fuzz/fuzz_both.c -o fuzz_both.o
#22 27.49 + /afl/afl-clang-fast++ -DFUZZING_BUILD_MODE_UNSAFE_FOR_PRODUCTION -pthread -Wl,--no-as-needed -Wl,-ldl -Wl,-lm -Wno-unused-command-line-argument -stdlib=libc++ -O3 fuzz_both.o -o /out/fuzz_both libpcap.a /libAFLDriver.a
#22 27.55 + cd ..
#22 27.55 + cp testprogs/fuzz/fuzz_both.options testprogs/fuzz/fuzz_filter.options testprogs/fuzz/fuzz_pcap.options /out/
#22 27.55 + cd /src/tcpdump/
#22 27.55 + zip -r fuzz_pcap_seed_corpus.zip tests/
#22 27.57   adding: tests/ (stored 0%)
#22 27.57   adding: tests/icmpv6-ni-flags.pcap (deflated 66%)
#22 27.57   adding: tests/ipv6-srh-ipproto-ether-v.out (deflated 33%)
#22 27.57   adding: tests/resp_4_infiniteloop.out (deflated 80%)
#22 27.57   adding: tests/dns-uri.pcap (deflated 44%)
#22 27.57   adding: tests/tok2str-oobr-1.pcap (deflated 40%)
#22 27.57   adding: tests/ipv6-routing-header.out (deflated 72%)
#22 27.57   adding: tests/mobility_opt_asan_7.pcap (deflated 30%)
#22 27.57   adding: tests/mobility_opt_asan_8.pcap (deflated 19%)
#22 27.57   adding: tests/hoobr_bfd_print.out (deflated 71%)
#22 27.57   adding: tests/hoobr_juniper2.pcap (deflated 40%)
#22 27.57   adding: tests/dccp_options-oobr.out (deflated 69%)
#22 27.57   adding: tests/status_code-42.pcap (deflated 18%)
#22 27.57   adding: tests/kh-timed-001-oobr.out (deflated 84%)
#22 27.57   adding: tests/ntp-mode7.out (deflated 77%)
#22 27.57   adding: tests/atm-heapoverflow.out (stored 0%)
#22 27.57   adding: tests/whois-v.out (deflated 73%)
#22 27.57   adding: tests/geneve-tcp.out (deflated 87%)
#22 27.57   adding: tests/isoclns-oobr.pcap (deflated 42%)
#22 27.57   adding: tests/ptp_ethernet.pcap (deflated 85%)
#22 27.57   adding: tests/ipv6-srh-ipproto-ether-ev.out (deflated 38%)
#22 27.57   adding: tests/hoobr_rt6_print.out (deflated 61%)
#22 27.57   adding: tests/msnlb.pcap (deflated 46%)
#22 27.57   adding: tests/reason_code-7.pcap (deflated 16%)
#22 27.57   adding: tests/nfs-attr-oobr.pcap (deflated 97%)
#22 27.57   adding: tests/llc-xid-heapoverflow.pcap (deflated 56%)
#22 27.57   adding: tests/lspping-fec-rsvp-vv.out (deflated 88%)
#22 27.57   adding: tests/lmpv1_busyloop.pcap (deflated 87%)
#22 27.57   adding: tests/hoobr_chdlc_print.out (deflated 90%)
#22 27.57   adding: tests/bgp-large-community.out (deflated 76%)
#22 27.57   adding: tests/status_code-75.pcap (deflated 17%)
#22 27.57   adding: tests/mobility_opt_asan_3.pcap (deflated 31%)
#22 27.57   adding: tests/dccp_partial_csum_v6_longer.pcap (deflated 64%)
#22 27.57   adding: tests/isis-areaaddr-oobr-1.pcap (deflated 99%)
#22 27.57   adding: tests/mstp-v.out (deflated 93%)
#22 27.57   adding: tests/lisp_ipv6.pcap (deflated 52%)
#22 27.57   adding: tests/bgp-aigp-2.pcap (deflated 19%)
#22 27.57   adding: tests/IGMP_V2.pcap (deflated 70%)
#22 27.57   adding: tests/forces2vv.out (deflated 90%)
#22 27.57   adding: tests/someip1.pcap (deflated 52%)
#22 27.57   adding: tests/ikev2pI2-secrets.txt (deflated 41%)
#22 27.57   adding: tests/bgp-as-path-oobr-nossl.out (deflated 99%)
#22 27.58   adding: tests/dns_udp.pcap (deflated 30%)
#22 27.58   adding: tests/brcm-tag-prepend.pcap (deflated 72%)
#22 27.58   adding: tests/ipv6hdr-heapoverflow.out (deflated 53%)
#22 27.58   adding: tests/vrrp-v.out (deflated 94%)
#22 27.58   adding: tests/isakmp-no-none-np.out (deflated 97%)
#22 27.58   adding: tests/HSRP_election.pcap (deflated 85%)
#22 27.58   adding: tests/reason_code-50.pcap (deflated 16%)
#22 27.58   adding: tests/ipv6-too-long-jumbo.pcap (deflated 17%)
#22 27.58   adding: tests/mobility_opt_asan.out (deflated 51%)
#22 27.58   adding: tests/status_code-66.pcap (deflated 17%)
#22 27.58   adding: tests/ripv2-invalid-length.out (deflated 64%)
#22 27.58   adding: tests/lldp-app-priority.out (deflated 61%)
#22 27.58   adding: tests/of10_p3295.pcap (deflated 84%)
#22 27.58   adding: tests/bad-ipv4-version-pgm-heapoverflow.pcap (deflated 51%)
#22 27.58   adding: tests/UDLD.pcap (deflated 85%)
#22 27.58   adding: tests/babel_rfc6126bis.pcap (deflated 79%)
#22 27.58   adding: tests/lisp_eid_notify.pcap (deflated 72%)
#22 27.58   adding: tests/reason_code-45.pcap (deflated 16%)
#22 27.58   adding: tests/lisp_eid_register.out (deflated 75%)
#22 27.58   adding: tests/status_code-23.pcap (deflated 17%)
#22 27.58   adding: tests/cve-2014-8768-Geonet.pcap (deflated 25%)
#22 27.58   adding: tests/tfo-5c1fa7f9ae91.pcap (deflated 58%)
#22 27.58   adding: tests/edns-opts-vv.out (deflated 84%)
#22 27.58   adding: tests/isis-extd-ipreach-oobr.pcap (deflated 100%)
#22 27.58   adding: tests/mobility_opt_asan_4.pcap (deflated 17%)
#22 27.58   adding: tests/icmpv6-RFC2894-RR.out (deflated 81%)
#22 27.58   adding: tests/ptp_corrections.out (deflated 67%)
#22 27.58   adding: tests/dhcpv6-ia-na.pcap (deflated 60%)
#22 27.58   adding: tests/vrrp.pcap (deflated 90%)
#22 27.58   adding: tests/huge-tipc-messages.pcap (deflated 100%)
#22 27.58   adding: tests/isakmp-identification-segfault.pcap (deflated 78%)
#22 27.58   adding: tests/isis_stlv_asan-2.out (deflated 55%)
#22 27.58   adding: tests/loopback.pcap (deflated 79%)
#22 27.58   adding: tests/eapon1.pcap (deflated 80%)
#22 27.58   adding: tests/radius_attr_asan.pcap (deflated 24%)
#22 27.58   adding: tests/esp4.gdbinit (deflated 5%)
#22 27.58   adding: tests/dns_tcp_8053.pcap (deflated 49%)
#22 27.58   adding: tests/decnet.out (deflated 83%)
#22 27.58   adding: tests/OLSRv1_HNA_sgw_1.pcap (deflated 16%)
#22 27.58   adding: tests/rpl-dao-oobr.pcap (deflated 39%)
#22 27.58   adding: tests/icmpv6.pcap (deflated 55%)
#22 27.58   adding: tests/esp0.out (deflated 83%)
#22 27.58   adding: tests/scps_invalid.out (deflated 47%)
#22 27.58   adding: tests/ntp-mode7--vv.out (deflated 80%)
#22 27.58   adding: tests/lspping-fec-rsvp.out (deflated 80%)
#22 27.58   adding: tests/pim-packet-assortment-v.out (deflated 92%)
#22 27.58   adding: tests/kday8.pcap (deflated 43%)
#22 27.58   adding: tests/ISAKMP_sa_setup.pcap (deflated 30%)
#22 27.58   adding: tests/bgp-bgp_capabilities_print-oobr-2.out (deflated 52%)
#22 27.58   adding: tests/whois.out (deflated 72%)
#22 27.58   adding: tests/rpl-dao-oobr.out (deflated 30%)
#22 27.58   adding: tests/rtp-seg-fault-1.pcapng (deflated 79%)
#22 27.58   adding: tests/ikev2fourv.out (deflated 65%)
#22 27.59   adding: tests/ntp-time.pcap (deflated 33%)
#22 27.59   adding: tests/babel_pad1.out (deflated 48%)
#22 27.59   adding: tests/forces3.pcap (deflated 76%)
#22 27.59   adding: tests/hoobr_bfd_print.pcap (deflated 76%)
#22 27.59   adding: tests/bgp-4byte-asn.pcap (deflated 69%)
#22 27.59   adding: tests/hoobr_parse_field.pcap (deflated 74%)
#22 27.59   adding: tests/hoobr_pimv1.pcap (deflated 91%)
#22 27.59   adding: tests/EIGRP_subnet_up.pcap (deflated 75%)
#22 27.59   adding: tests/reason_code-37.pcap (deflated 16%)
#22 27.59   adding: tests/ppp-invalid-lengths.pcap (deflated 97%)
#22 27.59   adding: tests/of13_ericsson.out (deflated 84%)
#22 27.59   adding: tests/arp-oobr.pcap (deflated 86%)
#22 27.59   adding: tests/EIGRP_ipv6.pcap (deflated 37%)
#22 27.59   adding: tests/ripv2-invalid-length.pcap (deflated 50%)
#22 27.59   adding: tests/espudp1.pcap (deflated 26%)
#22 27.59   adding: tests/arista_ether-ev.out (deflated 90%)
#22 27.59   adding: tests/status_code-22.pcap (deflated 17%)
#22 27.59   adding: tests/lmp-v-fptype2.out (deflated 87%)
#22 27.59   adding: tests/status_code-26.pcap (deflated 17%)
#22 27.59   adding: tests/EIGRP_goodbye.pcap (deflated 83%)
#22 27.59   adding: tests/status_code-106.pcap (deflated 17%)
#22 27.59   adding: tests/status_code-69.pcap (deflated 17%)
#22 27.59   adding: tests/rsvp_cap.pcap (deflated 21%)
#22 27.59   adding: tests/status_code-58.pcap (deflated 17%)
#22 27.59   adding: tests/dns-zlip-1.out (deflated 9%)
#22 27.59   adding: tests/pptp-v.out (deflated 81%)
#22 27.59   adding: tests/ikev1_id_ipv6_addr_subnet-oobr.out (deflated 24%)
#22 27.59   adding: tests/ikev1_id_ipv6_addr_subnet-oobr.pcap (deflated 19%)
#22 27.59   adding: tests/pgm_opts_asan_3.out (deflated 29%)
#22 27.59   adding: tests/esis_snpa_asan-2.pcap (deflated 24%)
#22 27.59   adding: tests/isis_4-v.out (deflated 93%)
#22 27.59   adding: tests/dnssec-vv.out (deflated 78%)
#22 27.59   adding: tests/gre-heapoverflow-1.pcap (deflated 80%)
#22 27.59   adding: tests/bfd-raw-auth-simple.out (deflated 90%)
#22 27.59   adding: tests/bgp-aigp.pcap (deflated 23%)
#22 27.59   adding: tests/stp-v4-length-sigsegv.out (deflated 2%)
#22 27.59   adding: tests/lmp-v.tests (deflated 51%)
#22 27.59   adding: tests/ldp_infloop.out (deflated 59%)
#22 27.59   adding: tests/sflow-print-v6.pcap (deflated 89%)
#22 27.59   adding: tests/dhcp-mud.out (deflated 59%)
#22 27.59   adding: tests/babel_rtt.out (deflated 78%)
#22 27.59   adding: tests/pktap-heap-overflow.pcap (deflated 74%)
#22 27.59   adding: tests/kday3.pcap (deflated 55%)
#22 27.59   adding: tests/aarp-heapoverflow-2.pcap (deflated 45%)
#22 27.59   adding: tests/status_code-73.pcap (deflated 17%)
#22 27.59   adding: tests/ldp-infinite-loop.pcap (deflated 58%)
#22 27.59   adding: tests/ntp.pcap (deflated 43%)
#22 27.59   adding: tests/status_code-98.pcap (deflated 17%)
#22 27.59   adding: tests/isakmp3.out (deflated 74%)
#22 27.59   adding: tests/lldp_8021_linkagg-vv.out (deflated 57%)
#22 27.59   adding: tests/dcb_pfc.pcap (deflated 72%)
#22 27.59   adding: tests/babel_rfc6126bis.out (deflated 94%)
#22 27.59   adding: tests/kday2.pcap (deflated 43%)
#22 27.59   adding: tests/isis_iid_tlv.pcap (deflated 97%)
#22 27.59   adding: tests/status_code-64.pcap (deflated 17%)
#22 27.59   adding: tests/pim_header_asan-3.out (deflated 20%)
#22 27.59   adding: tests/ieee802.11_exthdr.pcap (deflated 76%)
#22 27.59   adding: tests/stp-v4-length-sigsegv.pcap (deflated 80%)
#22 27.59   adding: tests/l2tp-avp-overflow.pcap (deflated 87%)
#22 27.59   adding: tests/esis_snpa_asan.out (deflated 47%)
#22 27.59   adding: tests/pimv2-oobr-4.out (deflated 43%)
#22 27.59   adding: tests/vqp-oobr.pcap (deflated 5%)
#22 27.59   adding: tests/decnet-shorthdr-oobr.pcap (deflated 93%)
#22 27.59   adding: tests/rx_ubik-oobr.out (deflated 21%)
#22 27.59   adding: tests/icmp-cksum-oobr-1.pcap (deflated 11%)
#22 27.60   adding: tests/forces1.out (deflated 82%)
#22 27.60   adding: tests/status_code-28.pcap (deflated 17%)
#22 27.60   adding: tests/tok2str-oobr-1.out (deflated 64%)
#22 27.60   adding: tests/esis_snpa_asan-3.pcap (deflated 39%)
#22 27.60   adding: tests/bgp-llgr.out (deflated 60%)
#22 27.60   adding: tests/empty.pcapng (deflated 38%)
#22 27.60   adding: tests/ip_ts_opts_asan.out (deflated 18%)
#22 27.60   adding: tests/kday5.pcap (deflated 52%)
#22 27.60   adding: tests/status_code-24.pcap (deflated 18%)
#22 27.60   adding: tests/macsec-snap.pcap (deflated 22%)
#22 27.60   adding: tests/rsvp_fast_reroute-oobr.out (deflated 41%)
#22 27.60   adding: tests/nsh-over-vxlan-gpe-vv.out (deflated 42%)
#22 27.60   adding: tests/lspping-fec-ldp-v.out (deflated 85%)
#22 27.60   adding: tests/bfd-raw-auth-sha1-v.out (deflated 96%)
#22 27.60   adding: tests/macsec-encrypted.pcap (deflated 6%)
#22 27.60   adding: tests/status_code-27.pcap (deflated 17%)
#22 27.60   adding: tests/status_code-39.pcap (deflated 17%)
#22 27.60   adding: tests/ieee802.11_rx-stbc.out (deflated 54%)
#22 27.60   adding: tests/otv-heapoverflow-1.out (deflated 71%)
#22 27.60   adding: tests/macsec-short-longer.out (deflated 25%)
#22 27.60   adding: tests/reason_code-54.pcap (deflated 16%)
#22 27.60   adding: tests/otv-heapoverflow-2.out (deflated 70%)
#22 27.60   adding: tests/ospf-gmpls.pcap (deflated 58%)
#22 27.60   adding: tests/bgp-lu-multiple-labels.pcap (deflated 68%)
#22 27.60   adding: tests/lspping-fec-ldp.out (deflated 76%)
#22 27.60   adding: tests/someip1.out (deflated 66%)
#22 27.60   adding: tests/lldp_cdp-ev.out (deflated 90%)
#22 27.60   adding: tests/bgp_pmsi_tunnel-oobr.pcap (deflated 14%)
#22 27.60   adding: tests/nsh-over-vxlan-gpe-v.out (deflated 42%)
#22 27.60   adding: tests/smb_print_trans-oobr2.out (deflated 49%)
#22 27.60   adding: tests/ipv6hdr-heapoverflow.pcap (deflated 64%)
#22 27.60   adding: tests/bcm-li.pcap (deflated 75%)
#22 27.60   adding: tests/lsp-ping-timestamp.out (deflated 37%)
#22 27.60   adding: tests/ospf6_print_lshdr-oobr.pcap (deflated 71%)
#22 27.60   adding: tests/pim_header_asan-4.pcap (deflated 23%)
#22 27.60   adding: tests/spb_bpduv4.pcap (deflated 94%)
#22 27.60   adding: tests/reason_code-64.pcap (deflated 16%)
#22 27.60   adding: tests/ospf6_print_lshdr-oobr.out (deflated 84%)
#22 27.60   adding: tests/isup.pcap (deflated 44%)
#22 27.60   adding: tests/hoobr_aodv_extension.out (deflated 35%)
#22 27.60   adding: tests/mobility_opt_asan_7.out (deflated 48%)
#22 27.60   adding: tests/brcm-tag-e.out (deflated 87%)
#22 27.60   adding: tests/status_code-52.pcap (deflated 17%)
#22 27.60   adding: tests/status_code-89.pcap (deflated 17%)
#22 27.60   adding: tests/reason_code-61.pcap (deflated 16%)
#22 27.60   adding: tests/isis_stlv_asan-3.pcap (deflated 42%)
#22 27.60   adding: tests/bcm-li-v.out (deflated 92%)
#22 27.60   adding: tests/bgp-addpath.out (deflated 63%)
#22 27.60   adding: tests/stp-heapoverflow-3.out (deflated 93%)
#22 27.60   adding: tests/unsupported-link-type-dbus.pcap (deflated 42%)
#22 27.60   adding: tests/bgp-bgp_capabilities_print-oobr-2.pcap (deflated 24%)
#22 27.60   adding: tests/macsec-encrypted.out (deflated 37%)
#22 27.60   adding: tests/dns_udp.out (deflated 34%)
#22 27.60   adding: tests/802_15_4-oobr-2.out (deflated 1%)
#22 27.60   adding: tests/isis_poi.out (deflated 35%)
#22 27.60   adding: tests/status_code-45.pcap (deflated 17%)
#22 27.60   adding: tests/802_15_4-oobr-1.pcap (deflated 18%)
#22 27.60   adding: tests/status_code-44.pcap (deflated 17%)
#22 27.60   adding: tests/status_code-57.pcap (deflated 17%)
#22 27.60   adding: tests/sflow-print-v6.out (deflated 96%)
#22 27.60   adding: tests/isakmp-3948-oobr-2.out (deflated 21%)
#22 27.60   adding: tests/bcm-li.out (deflated 94%)
#22 27.60   adding: tests/isis-areaaddr-oobr-2.pcap (deflated 99%)
#22 27.60   adding: tests/HDLC.pcap (deflated 74%)
#22 27.60   adding: tests/isoclns-heapoverflow-3.pcap (deflated 39%)
#22 27.60   adding: tests/pgm_group_addr_asan.pcap (deflated 11%)
#22 27.60   adding: tests/status_code-92.pcap (deflated 17%)
#22 27.60   adding: tests/brcm-tag-prepend.out (deflated 86%)
#22 27.60   adding: tests/reason_code-30.pcap (deflated 16%)
#22 27.60   adding: tests/hncp.out (deflated 76%)
#22 27.60   adding: tests/reason_code-42.pcap (deflated 16%)
#22 27.60   adding: tests/extract_read2_asan.pcap (deflated 31%)
#22 27.60   adding: tests/bgp-as-path-oobr.pcap (deflated 98%)
#22 27.60   adding: tests/bgp-bgp_capabilities_print-oobr-1.pcap (deflated 23%)
#22 27.60   adding: tests/hncp_prefix-oobr.out (deflated 63%)
#22 27.60   adding: tests/status_code-37.pcap (deflated 17%)
#22 27.60   adding: tests/HSRP_coup.pcap (deflated 85%)
#22 27.60   adding: tests/edns-opts-v.out (deflated 85%)
#22 27.60   adding: tests/mptcp-dss-oobr.out (deflated 21%)
#22 27.60   adding: tests/babel.pcap (deflated 75%)
#22 27.60   adding: tests/tok2str-oobr-2.out (deflated 48%)
#22 27.60   adding: tests/hoobr_nfs_printfh.pcap (deflated 95%)
#22 27.60   adding: tests/rsvp_infloop-v.out (deflated 81%)
#22 27.60   adding: tests/unsupported-link-type-dbus.out (deflated 62%)
#22 27.60   adding: tests/dhcp6_reconf_asan.out (deflated 25%)
#22 27.60   adding: tests/ikev2pI2-segfault-v.out (deflated 40%)
#22 27.60   adding: tests/of13_ericsson-v.out (deflated 85%)
#22 27.60   adding: tests/icmp6_mobileprefix_asan.out (deflated 25%)
#22 27.60   adding: tests/vrrp.out (deflated 91%)
#22 27.60   adding: tests/bfd-lag-v.out (deflated 85%)
#22 27.60   adding: tests/heapoverflow-ip_demux_print.pcap (deflated 74%)
#22 27.60   adding: tests/nsh.pcap (deflated 18%)
#22 27.60   adding: tests/tftp-T.out (deflated 72%)
#22 27.60   adding: tests/isoclns-heapoverflow.pcap (deflated 45%)
#22 27.60   adding: tests/ipv6-mobility-header-oobr.out (deflated 50%)
#22 27.60   adding: tests/reason_code-38.pcap (deflated 16%)
#22 27.60   adding: tests/ntp-control.pcap (deflated 77%)
#22 27.60   adding: tests/bgp_mp_reach_nlri-oobr.out (deflated 68%)
#22 27.60   adding: tests/reason_code-6.pcap (deflated 16%)
#22 27.60   adding: tests/dcb_pfc.out (deflated 84%)
#22 27.60   adding: tests/reason_code-1.pcap (deflated 16%)
#22 27.60   adding: tests/RADIUS-RFC5176.pcap (deflated 35%)
#22 27.60   adding: tests/dns-zlip-1.pcap (deflated 15%)
#22 27.60   adding: tests/igrp-oobr.pcap (deflated 58%)
#22 27.60   adding: tests/forces2.pcap (deflated 72%)
#22 27.60   adding: tests/isakmp-3948-oobr-2.pcap (deflated 51%)
#22 27.60   adding: tests/dns_tcp-vvv.out (deflated 75%)
#22 27.60   adding: tests/sflow_multiple_counter_30_pdus-nv.out (deflated 87%)
#22 27.60   adding: tests/status_code-11.pcap (deflated 17%)
#22 27.60   adding: tests/kday2.out (deflated 60%)
#22 27.60   adding: tests/udld-inf-loop-1-v.out (deflated 43%)
#22 27.61   adding: tests/resp_1_benchmark.pcap (deflated 88%)
#22 27.61   adding: tests/babel_pad1.pcap (deflated 39%)
#22 27.61   adding: tests/status_code-14.pcap (deflated 17%)
#22 27.61   adding: tests/ISIS_level1_adjacency.pcap (deflated 97%)
#22 27.61   adding: tests/arista_ether-e.out (deflated 88%)
#22 27.61   adding: tests/bgp-encap.out (deflated 44%)
#22 27.61   adding: tests/lisp_ipv6.out (deflated 73%)
#22 27.61   adding: tests/evb.out (deflated 88%)
#22 27.61   adding: tests/isis-seg-fault-2-v.out (deflated 89%)
#22 27.61   adding: tests/dhcp6_reconf_asan.pcap (deflated 11%)
#22 27.61   adding: tests/ntp-control.out (deflated 85%)
#22 27.61   adding: tests/ipv6-srh-insert-cksum.pcap (deflated 89%)
#22 27.61   adding: tests/dhcp-rfc3004-v.out (deflated 78%)
#22 27.61   adding: tests/802.1D_spanning_tree.pcap (deflated 84%)
#22 27.61   adding: tests/eap_extract_read2_asan.pcap (deflated 18%)
#22 27.61   adding: tests/esis_snpa_asan-2.out (deflated 18%)
#22 27.61   adding: tests/LACP.pcap (deflated 89%)
#22 27.61   adding: tests/pptp.out (deflated 77%)
#22 27.61   adding: tests/whois.pcap (deflated 47%)
#22 27.61   adding: tests/dns-badvers.pcap (deflated 38%)
#22 27.61   adding: tests/decnet-oobr.out (deflated 71%)
#22 27.61   adding: tests/dcb_qcn.out (deflated 91%)
#22 27.61   adding: tests/lspping-fec-ldp-vv.out (deflated 86%)
#22 27.61   adding: tests/dhcpv6-AFTR-Name-RFC6334.pcap (deflated 59%)
#22 27.61   adding: tests/icmp-icmp_print-oobr-1.out (deflated 43%)
#22 27.61   adding: tests/isis_sr.out (deflated 48%)
#22 27.61   adding: tests/ntp-control--v.out (deflated 88%)
#22 27.61   adding: tests/geonet_and_calm_fast.out (deflated 87%)
#22 27.61   adding: tests/icmpv6-rfc7112.pcap (deflated 36%)
#22 27.61   adding: tests/rpl-19-pickdag.pcap (deflated 38%)
#22 27.61   adding: tests/dsa.out (deflated 74%)
#22 27.61   adding: tests/status_code-8.pcap (deflated 17%)
#22 27.61   adding: tests/of10_7050q.pcapng (deflated 43%)
#22 27.61   adding: tests/isakmpv1-attr-oobr.out (deflated 23%)
#22 27.61   adding: tests/dsa.pcap (deflated 65%)
#22 27.61   adding: tests/cve2015-0261-ipv6.pcap (deflated 72%)
#22 27.61   adding: tests/mpls-traceroute-v.out (deflated 88%)
#22 27.61   adding: tests/status_code-5.pcap (deflated 17%)
#22 27.61   adding: tests/olsr-oobr-2.pcap (deflated 22%)
#22 27.61   adding: tests/dns_tcp_8053-T.out (deflated 75%)
#22 27.61   adding: tests/lldp-infinite-loop-2.pcap (deflated 94%)
#22 27.61   adding: tests/heapoverflow-sl_if_print.pcap (deflated 52%)
#22 27.61   adding: tests/status_code-56.pcap (deflated 17%)
#22 27.61   adding: tests/rx_serviceid_oobr.pcap (deflated 30%)
#22 27.61   adding: tests/radius-rfc3162-v.out (deflated 61%)
#22 27.61   adding: tests/ntp-time.out (deflated 40%)
#22 27.61   adding: tests/isakmp-delete-segfault.pcap (deflated 86%)
#22 27.61   adding: tests/dcb_ets.out (deflated 97%)
#22 27.61   adding: tests/vrrp-vrrp_print-oobr.out (deflated 70%)
#22 27.61   adding: tests/icmpv6-rfc7112.out (deflated 23%)
#22 27.61   adding: tests/reason_code-5.pcap (deflated 16%)
#22 27.61   adding: tests/stp-heapoverflow-3.pcap (deflated 92%)
#22 27.61   adding: tests/nsh-over-vxlan-gpe-vvv.out (deflated 48%)
#22 27.61   adding: tests/tftp.out (deflated 72%)
#22 27.61   adding: tests/status_code-48.pcap (deflated 17%)
#22 27.61   adding: tests/3560_CDP.pcap (deflated 69%)
#22 27.61   adding: tests/lldp-infinite-loop-1.out (deflated 90%)
#22 27.61   adding: tests/stp-heapoverflow-2.pcap (deflated 93%)
#22 27.61   adding: tests/rpl-14-daovvv.out (deflated 18%)
#22 27.61   adding: tests/radius-rfc5176-2-v.out (deflated 44%)
#22 27.61   adding: tests/lwres_with_extra.pcap (deflated 35%)
#22 27.61   adding: tests/status_code-72.pcap (deflated 17%)
#22 27.61   adding: tests/rpl-14-dao.pcap (deflated 20%)
#22 27.61   adding: tests/pimv2_sm-v.out (deflated 93%)
#22 27.61   adding: tests/ppp-invalid-lengths.out (deflated 97%)
#22 27.61   adding: tests/OSPFv3_with_AH.pcap (deflated 75%)
#22 27.61   adding: tests/dns_tcp.out (deflated 72%)
#22 27.61   adding: tests/reason_code-33.pcap (deflated 16%)
#22 27.61   adding: tests/mpbgp-linklocal-nexthop.pcap (deflated 27%)
#22 27.61   adding: tests/oobr_parse_elements.out (stored 0%)
#22 27.61   adding: tests/reason_code-44.pcap (deflated 16%)
#22 27.61   adding: tests/nbns-valgrind.out (deflated 26%)
#22 27.61   adding: tests/PIM_register_register-stop.pcap (deflated 41%)
#22 27.61   adding: tests/ntp-mode7--vvv.out (deflated 80%)
#22 27.61   adding: tests/heapoverflow-tcp_print.out (deflated 35%)
#22 27.61   adding: tests/bgp-aigp-oobr-nossl.out (deflated 99%)
#22 27.61   adding: tests/hdlc1.out (deflated 11%)
#22 27.61   adding: tests/hoobr_nfs_xid_map_enter.pcap (deflated 93%)
#22 27.61   adding: tests/bgp-bgp_capabilities_print-oobr-1.out (deflated 53%)
#22 27.61   adding: tests/kday1.pcap (deflated 20%)
#22 27.61   adding: tests/nfs-cannot-pad-32-bit.out (deflated 36%)
#22 27.61   adding: tests/status_code-70.pcap (deflated 17%)
#22 27.61   adding: tests/hoobr_ripng_print.out (deflated 21%)
#22 27.61   adding: tests/q933-heapoverflow-2.pcap (deflated 23%)
#22 27.62   adding: tests/OSPFv3_multipoint_adjacencies.pcap (deflated 81%)
#22 27.62   adding: tests/status_code-17.pcap (deflated 17%)
#22 27.62   adding: tests/bgp-link-bw-extcommunity.out (deflated 83%)
#22 27.62   adding: tests/igmpv3-queries.pcap (deflated 70%)
#22 27.62   adding: tests/icmpv6_opt24-v.out (deflated 71%)
#22 27.62   adding: tests/gre-heapoverflow-2.out (deflated 54%)
#22 27.62   adding: tests/nfs-attr-oobr.out (deflated 98%)
#22 27.62   adding: tests/heapoverflow-atalk_2.out (stored 0%)
#22 27.62   adding: tests/vrrp-vrrp_print-oobr-2.pcap (deflated 76%)
#22 27.62   adding: tests/reason_code-47.pcap (deflated 16%)
#22 27.62   adding: tests/heap-overflow-2.pcap (deflated 39%)
#22 27.62   adding: tests/dhcp-rfc4388.out (deflated 91%)
#22 27.62   adding: tests/ospf-gmpls.out (deflated 80%)
#22 27.62   adding: tests/pim_header_asan.pcap (deflated 19%)
#22 27.62   adding: tests/isakmp2.out (deflated 16%)
#22 27.62   adding: tests/bgp-large-community.pcap (deflated 62%)
#22 27.62   adding: tests/gre-heapoverflow-1.out (deflated 74%)
#22 27.62   adding: tests/edns-opts.pcap (deflated 73%)
#22 27.62   adding: tests/bgp-aigp-oobr-ssl.out (deflated 99%)
#22 27.62   adding: tests/ipv6-bad-version.out (deflated 54%)
#22 27.62   adding: tests/ldp-ldp_tlv_print-oobr.out (deflated 38%)
#22 27.62   adding: tests/cve-2014-8767-OLSR.pcap (deflated 36%)
#22 27.62   adding: tests/RADIUS-RFC4675.pcap (deflated 31%)
#22 27.62   adding: tests/tcp_header_heapoverflow.out (deflated 23%)
#22 27.62   adding: tests/tcp_header_heapoverflow.pcap (deflated 57%)
#22 27.62   adding: tests/lldp_8021_linkagg.pcap (deflated 40%)
#22 27.62   adding: tests/ipv6-too-long-jumbo.out (deflated 41%)
#22 27.62   adding: tests/802_15_4-data.pcap (deflated 8%)
#22 27.62   adding: tests/bgp-addpath.pcap (deflated 40%)
#22 27.62   adding: tests/smb_data_print-segv.out (deflated 68%)
#22 27.62   adding: tests/ospf-nssa-bitnt.out (deflated 42%)
#22 27.62   adding: tests/of10_s4810.pcap (deflated 83%)
#22 27.62   adding: tests/dtp-v.out (deflated 87%)
#22 27.62   adding: tests/dhcp-rfc5859-v.out (deflated 78%)
#22 27.62   adding: tests/mptcp-fclose.out (deflated 72%)
#22 27.62   adding: tests/bfd-multihop.pcap (deflated 80%)
#22 27.62   adding: tests/mpls-over-udp.pcap (deflated 37%)
#22 27.62   adding: tests/dhcpv6-ntp-server.pcap (deflated 32%)
#22 27.62   adding: tests/ipcomp-heapoverflow.pcap (deflated 51%)
#22 27.62   adding: tests/ospf6_decode_v3_asan.pcap (deflated 12%)
#22 27.62   adding: tests/msnlb2.out (deflated 35%)
#22 27.62   adding: tests/huge-tipc-messages.out (deflated 82%)
#22 27.62   adding: tests/status_code-53.pcap (deflated 17%)
#22 27.62   adding: tests/status_code-46.pcap (deflated 17%)
#22 27.62   adding: tests/chdlc-slarp.pcap (deflated 19%)
#22 27.62   adding: tests/pgm_group_addr_asan.out (deflated 27%)
#22 27.62   adding: tests/status_code-78.pcap (deflated 17%)
#22 27.62   adding: tests/bfd-raw-auth-md5-v.out (deflated 96%)
#22 27.62   adding: tests/rsvp_uni-oobr-2.pcap (deflated 2%)
#22 27.62   adding: tests/pim_header_asan-2.out (deflated 31%)
#22 27.62   adding: tests/forces2vvv.out (deflated 92%)
#22 27.62   adding: tests/dhcpv6-ia-ta.pcap (deflated 59%)
#22 27.62   adding: tests/pgm_opts_asan.out (deflated 27%)
#22 27.62   adding: tests/pimv2_register-v.out (deflated 53%)
#22 27.62   adding: tests/radius-rfc4675-v.out (deflated 75%)
#22 27.62   adding: tests/reason_code-62.pcap (deflated 16%)
#22 27.62   adding: tests/vtp_asan-2.out (deflated 12%)
#22 27.62   adding: tests/pimv2-oobr-1.pcap (deflated 99%)
#22 27.62   adding: tests/hncp.pcap (deflated 61%)
#22 27.62   adding: tests/aarp-heapoverflow-1.pcap (deflated 46%)
#22 27.62   adding: tests/status_code-55.pcap (deflated 17%)
#22 27.62   adding: tests/calm-fast-mac-lookup-heapoverflow.pcap (deflated 83%)
#22 27.62   adding: tests/reason_code-23.pcap (deflated 16%)
#22 27.62   adding: tests/spb.out (deflated 84%)
#22 27.62   adding: tests/dhcpv6-domain-list.pcap (deflated 33%)
#22 27.62   adding: tests/ntp-v.out (deflated 79%)
#22 27.62   adding: tests/rsvp_uni-oobr-2.out (deflated 28%)
#22 27.62   adding: tests/dccp_partial_csum_v4_longer.pcap (deflated 64%)
#22 27.62   adding: tests/bgp-as-path-oobr-ssl.out (deflated 99%)
#22 27.63   adding: tests/status_code-101.pcap (deflated 17%)
#22 27.63   adding: tests/reason_code-60.pcap (deflated 16%)
#22 27.63   adding: tests/IGMP_V1.pcap (deflated 69%)
#22 27.63   adding: tests/spb_bpduv4.out (deflated 85%)
#22 27.63   adding: tests/mpbgp-linklocal-nexthop.out (deflated 38%)
#22 27.63   adding: tests/esp3.gdbinit (deflated 19%)
#22 27.63   adding: tests/radius-rfc5176-v.out (deflated 71%)
#22 27.63   adding: tests/ipv6hdr-heapoverflow-v.out (deflated 37%)
#22 27.63   adding: tests/dns-uri.out (deflated 52%)
#22 27.63   adding: tests/dhcpv6-sip-server-d.out (deflated 33%)
#22 27.63   adding: tests/radiotap-heapoverflow.pcap (deflated 40%)
#22 27.63   adding: tests/reason_code-32.pcap (deflated 16%)
#22 27.63   adding: tests/relts-0x80000000.pcap (deflated 85%)
#22 27.63   adding: tests/802.1w_rapid_STP.pcap (deflated 87%)
#22 27.63   adding: tests/lisp_eid_notify.out (deflated 87%)
#22 27.63   adding: tests/rpl-26-senddaovv.out (deflated 19%)
#22 27.63   adding: tests/ntp-control--vv.out (deflated 88%)
#22 27.63   adding: tests/hsrp_1-v.out (deflated 93%)
#22 27.63   adding: tests/kday4.out (deflated 75%)
#22 27.63   adding: tests/bgp-infinite-loop.pcap (deflated 60%)
#22 27.63   adding: tests/ldp_tlv_print-oobr.out (deflated 45%)
#22 27.63   adding: tests/heapoverflow-in_checksum.out (deflated 29%)
#22 27.63   adding: tests/isakmp-no-none-np.pcapng (deflated 93%)
#22 27.63   adding: tests/ospf2-seg-fault-1.pcapng (deflated 34%)
#22 27.63   adding: tests/reason_code-34.pcap (deflated 16%)
#22 27.63   adding: tests/isis-areaaddr-oobr-1.out (deflated 39%)
#22 27.63   adding: tests/printf_z.tests (deflated 86%)
#22 27.63   adding: tests/dccp_partial_csum_v4_longer.out (deflated 83%)
#22 27.63   adding: tests/juniper_atm1_oobr.out (deflated 11%)
#22 27.63   adding: tests/reason_code-18.pcap (deflated 16%)
#22 27.63   adding: tests/isoclns-heapoverflow-3.out (deflated 24%)
#22 27.63   adding: tests/eigrp-tlv-oobr.out (deflated 95%)
#22 27.63   adding: tests/ISIS_p2p_adjacency.pcap (deflated 97%)
#22 27.63   adding: tests/juniper_es_oobr.out (deflated 2%)
#22 27.63   adding: tests/isis_poi2.out (deflated 38%)
#22 27.63   adding: tests/heapoverflow-atalk_print.out (stored 0%)
#22 27.63   adding: tests/TESTrun (deflated 67%)
#22 27.63   adding: tests/lmpv1_busyloop.out (deflated 76%)
#22 27.63   adding: tests/rsvp_uni-oobr-3.pcap (deflated 30%)
#22 27.63   adding: tests/ospf-nssa-bitnt.pcap (deflated 26%)
#22 27.63   adding: tests/bgp-extended-shutdown-msg.out (deflated 44%)
#22 27.63   adding: tests/pgm_opts_asan.pcap (deflated 13%)
#22 27.63   adding: tests/dns_fwdptr.pcap (deflated 100%)
#22 27.63   adding: tests/bgp_infloop-v.out (deflated 71%)
#22 27.63   adding: tests/aarp-heapoverflow-1.out (deflated 3%)
#22 27.63   adding: tests/dns-badlabel.out (deflated 77%)
#22 27.63   adding: tests/e1000g.out (deflated 86%)
#22 27.63   adding: tests/status_code-77.pcap (deflated 17%)
#22 27.63   adding: tests/ISIS_external_lsp.pcap (deflated 97%)
#22 27.63   adding: tests/status_code-103.pcap (deflated 17%)
#22 27.63   adding: tests/mptcp-v1.out (deflated 84%)
#22 27.63   adding: tests/mptcp-fclose.pcap (deflated 50%)
#22 27.63   adding: tests/ipx-invalid-length.pcap (deflated 18%)
#22 27.63   adding: tests/ahcp.pcapng (deflated 73%)
#22 27.63   adding: tests/dcb_qcn.pcap (deflated 84%)
#22 27.63   adding: tests/dsa-high-vid.pcap (deflated 58%)
#22 27.63   adding: tests/ntp-time--vv.out (deflated 64%)
#22 27.63   adding: tests/ipv6-srh-insert-cksum.out (deflated 20%)
#22 27.63   adding: tests/frf15-heapoverflow.out (stored 0%)
#22 27.63   adding: tests/dns_tcp-v.out (deflated 77%)
#22 27.63   adding: tests/slip-sliplink_print-oobr.out (stored 0%)
#22 27.63   adding: tests/reason_code-49.pcap (deflated 16%)
#22 27.63   adding: tests/pimv2_dm-v.out (deflated 92%)
#22 27.63   adding: tests/isis_sr.pcapng (deflated 23%)
#22 27.63   adding: tests/dccp_partial_csum_v6_simple.pcap (deflated 60%)
#22 27.63   adding: tests/babel_auth.pcap (deflated 1%)
#22 27.63   adding: tests/hncp_dhcpv4data-oobr.out (deflated 18%)
#22 27.63   adding: tests/RADIUS.pcap (deflated 34%)
#22 27.63   adding: tests/pptp.pcap (deflated 71%)
#22 27.63   adding: tests/icmp-icmp_print-oobr-1.pcap (deflated 33%)
#22 27.63   adding: tests/heap-overflow-1.out (stored 0%)
#22 27.63   adding: tests/bootp_asan.out (deflated 21%)
#22 27.63   adding: tests/icmp-cksum-oobr-4.pcapng (deflated 49%)
#22 27.63   adding: tests/rsvp-rsvp_obj_print-oobr.pcap (deflated 23%)
#22 27.63   adding: tests/ieee802.11_tim_ie_oobr.pcap (deflated 87%)
#22 27.63   adding: tests/reason_code-28.pcap (deflated 16%)
#22 27.63   adding: tests/rsvp-infinite-loop.pcap (deflated 63%)
#22 27.63   adding: tests/lisp_eid_register.pcap (deflated 53%)
#22 27.63   adding: tests/status_code-4.pcap (deflated 18%)
#22 27.63   adding: tests/heapoverflow-sl_if_print.out (stored 0%)
#22 27.63   adding: tests/smb_data_print-segv-nosmb.out (deflated 65%)
#22 27.63   adding: tests/macsec-short-valid.pcap (deflated 13%)
#22 27.63   adding: tests/geonet-mac-lookup-heapoverflow.pcap (deflated 53%)
#22 27.63   adding: tests/status_code-100.pcap (deflated 17%)
#22 27.63   adding: tests/ipv6-srh-ipproto-ether.pcap (deflated 36%)
#22 27.63   adding: tests/status_code-10.pcap (deflated 17%)
#22 27.63   adding: tests/bfd-raw-auth-simple-v.out (deflated 94%)
#22 27.63   adding: tests/nsh-vvv.out (deflated 42%)
#22 27.63   adding: tests/reason_code-3.pcap (deflated 16%)
#22 27.63   adding: tests/reason_code-66.pcap (deflated 16%)
#22 27.63   adding: tests/vsock-1-vv.out (deflated 76%)
#22 27.63   adding: tests/hoobr_juniper2.out (stored 0%)
#22 27.63   adding: tests/pgm_zmtp1.pcap (deflated 87%)
#22 27.63   adding: tests/isis-seg-fault-3-v.out (deflated 49%)
#22 27.63   adding: tests/brcm-tag.pcap (deflated 80%)
#22 27.63   adding: tests/ipoib.out (deflated 81%)
#22 27.63   adding: tests/kday7.pcap (deflated 71%)
#22 27.63   adding: tests/isis_poi.pcap (deflated 11%)
#22 27.63   adding: tests/pim-packet-assortment-vv.out (deflated 92%)
#22 27.64   adding: tests/hdlc3.out (deflated 83%)
#22 27.64   adding: tests/slip-sliplink_print-oobr.pcap (stored 0%)
#22 27.64   adding: tests/ospf3_nbma-vv.out (deflated 94%)
#22 27.64   adding: tests/ipx.pcap (deflated 85%)
#22 27.64   adding: tests/print-capXX.out (deflated 65%)
#22 27.64   adding: tests/pimv2_hellos-v.out (deflated 85%)
#22 27.64   adding: tests/reason_code-43.pcap (deflated 16%)
#22 27.64   adding: tests/dccp_partial_csum_v6_simple.out (deflated 74%)
#22 27.64   adding: tests/reason_code-8.pcap (deflated 16%)
#22 27.64   adding: tests/hoobr_rt6_print.pcap (deflated 82%)
#22 27.64   adding: tests/isoclns-oobr.out (stored 0%)
#22 27.64   adding: tests/of10_7050sx_bsn-oobr.out (deflated 66%)
#22 27.64   adding: tests/dns_udp-vvv.out (deflated 52%)
#22 27.64   adding: tests/babel_rtt.pcap (deflated 59%)
#22 27.64   adding: tests/kh-timed-004-oobr.out (deflated 57%)
#22 27.64   adding: tests/rx_serviceid_oobr.out (deflated 20%)
#22 27.64   adding: tests/ntp-control--vvv.out (deflated 88%)
#22 27.64   adding: tests/08-sunrise-sunset-aes.pcap (deflated 27%)
#22 27.64   adding: tests/tcp-auth-heapoverflow.out (deflated 34%)
#22 27.64   adding: tests/llc-xid-heapoverflow.out (deflated 1%)
#22 27.64   adding: tests/udld-inf-loop-1.pcapng (deflated 24%)
#22 27.64   adding: tests/icmpv6-RFC2894-RR-v.out (deflated 84%)
#22 27.64   adding: tests/status_code-104.pcap (deflated 17%)
#22 27.64   adding: tests/ipv6-next-header-oobr-2.pcap (deflated 63%)
#22 27.64   adding: tests/mptcp-aa-echo.pcap (deflated 13%)
#22 27.64   adding: tests/mpls-over-udp-v.out (deflated 62%)
#22 27.64   adding: tests/isis-seg-fault-3.pcapng (deflated 28%)
#22 27.64   adding: tests/syslog-v.out (deflated 67%)
#22 27.64   adding: tests/mpls-ldp-hello.pcap (deflated 16%)
#22 27.64   adding: tests/heapoverflow-tcp_print.pcap (deflated 60%)
#22 27.64   adding: tests/eigrp2-v.out (deflated 92%)
#22 27.64   adding: tests/rsvp-inf-loop-2-v.out (deflated 52%)
#22 27.64   adding: tests/espudp1.out (deflated 82%)
#22 27.64   adding: tests/icmpv6.out (deflated 64%)
#22 27.64   adding: tests/icmp-cksum-oobr-2.pcap (deflated 37%)
#22 27.64   adding: tests/afs.pcap (deflated 69%)
#22 27.66   adding: tests/ipv6-rthdr-oobr.out (deflated 42%)
#22 27.66   adding: tests/isup.out (deflated 74%)
#22 27.66   adding: tests/status_code-33.pcap (deflated 17%)
#22 27.66   adding: tests/rx.out (deflated 87%)
#22 27.66   adding: tests/aoe_1-v.out (deflated 94%)
#22 27.66   adding: tests/RADIUS-RFC5447.pcap (deflated 22%)
#22 27.66   adding: tests/mobility_opt_asan_4.out (deflated 24%)
#22 27.66   adding: tests/ikev2pI2-segfault.out (deflated 18%)
#22 27.66   adding: tests/cve-2014-8767-OLSR.out (deflated 25%)
#22 27.66   adding: tests/bgp_vpn_attrset.out (deflated 51%)
#22 27.66   adding: tests/l2tp-avp-overflow.out (deflated 89%)
#22 27.66   adding: tests/smb.tests (deflated 84%)
#22 27.66   adding: tests/pgm_opts_asan_3.pcap (deflated 11%)
#22 27.66   adding: tests/hoobr_chdlc_print.pcap (deflated 94%)
#22 27.66   adding: tests/pim_header_asan-3.pcap (deflated 17%)
#22 27.66   adding: tests/mobility_opt_asan.pcap (deflated 37%)
#22 27.66   adding: tests/heapoverflow-ppp_hdlc_if_print.out (stored 0%)
#22 27.66   adding: tests/dccp_partial_csum_v4_simple.pcap (deflated 47%)
#22 27.66   adding: tests/print-AA.out (deflated 61%)
#22 27.66   adding: tests/status_code-35.pcap (deflated 17%)
#22 27.66   adding: tests/cve2015-0261-crash.pcap (deflated 77%)
#22 27.66   adding: tests/vxlan.pcap (deflated 70%)
#22 27.66   adding: tests/tftp-heapoverflow.pcap (deflated 47%)
#22 27.66   adding: tests/vtp_asan-3.out (deflated 15%)
#22 27.66   adding: tests/status_code-2.pcap (deflated 19%)
#22 27.66   adding: tests/dcb_ets.pcap (deflated 90%)
#22 27.66   adding: tests/ikev2pI2-segfault.pcapng (deflated 76%)
#22 27.66   adding: tests/bfd-raw-auth-md5.out (deflated 93%)
#22 27.66   adding: tests/pgm_poll_polr.pcap (deflated 76%)
#22 27.66   adding: tests/ptp.pcap (deflated 52%)
#22 27.66   adding: tests/aoe-oobr-1.pcap (deflated 24%)
#22 27.66   adding: tests/hoobr_nfs_printfh.out (deflated 95%)
#22 27.66   adding: tests/dns_tcp.pcap (deflated 49%)
#22 27.66   adding: tests/babel1.out (deflated 80%)
#22 27.66   adding: tests/geneve-vni.out (deflated 85%)
#22 27.66   adding: tests/pimv2_bootstrap-v.out (deflated 81%)
#22 27.66   adding: tests/frf15-heapoverflow.pcap (deflated 36%)
#22 27.66   adding: tests/truncated-aack.pcap (deflated 24%)
#22 27.66   adding: tests/esp2.gdbinit (deflated 43%)
#22 27.66   adding: tests/epgm_zmtp1.pcap (deflated 87%)
#22 27.66   adding: tests/esis_snpa_asan.pcap (deflated 46%)
#22 27.66   adding: tests/dhcpv6-ia-na.out (deflated 71%)
#22 27.66   adding: tests/hncp_prefix-oobr.pcap (deflated 56%)
#22 27.66   adding: tests/tftp-heapoverflow.out (deflated 24%)
#22 27.66   adding: tests/radius-rfc5580-v.out (deflated 59%)
#22 27.66   adding: tests/lldp_8023_mtu-oobr.out (deflated 11%)
#22 27.66   adding: tests/igmpv3-queries.out (deflated 70%)
#22 27.66   adding: tests/status_code-74.pcap (deflated 17%)
#22 27.66   adding: tests/sflow_multiple_counter_30_pdus.out (deflated 92%)
#22 27.66   adding: tests/hoobr_juniper4.out (stored 0%)
#22 27.66   adding: tests/vtp_asan-2.pcap (deflated 10%)
#22 27.66   adding: tests/mptcp-aa-v1.pcap (deflated 64%)
#22 27.66   adding: tests/ssh.out (deflated 85%)
#22 27.67   adding: tests/of13_ericsson-vv.out (deflated 85%)
#22 27.67   adding: tests/pimv2-oobr-1.out (deflated 45%)
#22 27.67   adding: tests/print-x.out (deflated 70%)
#22 27.67   adding: tests/reason_code-52.pcap (deflated 16%)
#22 27.67   adding: tests/eigrp1-v.out (deflated 94%)
#22 27.67   adding: tests/rsvp_fast_reroute-oobr.pcap (deflated 19%)
#22 27.67   adding: tests/hsrp_1.out (deflated 89%)
#22 27.67   adding: tests/RADIUS-port1700.pcap (deflated 21%)
#22 27.67   adding: tests/reason_code-21.pcap (deflated 16%)
#22 27.67   adding: tests/esp5.gdbinit (deflated 8%)
#22 27.67   adding: tests/kday6.pcap (deflated 83%)
#22 27.67   adding: tests/macsec-snap.out (deflated 7%)
#22 27.67   adding: tests/zmtp1-inf-loop-1.pcapng (deflated 26%)
#22 27.67   adding: tests/isakmp-ikev1_n_print-oobr.pcap (deflated 42%)
#22 27.67   adding: tests/ospf3_auth-vv.out (deflated 39%)
#22 27.67   adding: tests/arista_ether.pcap (deflated 79%)
#22 27.67   adding: tests/bgp-aigp-oobr.pcap (deflated 99%)
#22 27.67   adding: tests/ikev2pI2.out (deflated 68%)
#22 27.67   adding: tests/status_code-86.pcap (deflated 17%)
#22 27.67   adding: tests/otv-heapoverflow-1.pcap (deflated 51%)
#22 27.67   adding: tests/802_15_4-oobr-2.pcap (deflated 9%)
#22 27.67   adding: tests/forces1vvvv.out (deflated 86%)
#22 27.67   adding: tests/mptcp-dss-oobr.pcap (deflated 25%)
#22 27.67   adding: tests/status_code-62.pcap (deflated 17%)
#22 27.67   adding: tests/edsa-high-vid.out (deflated 68%)
#22 27.67   adding: tests/hoobr_safeputs.pcap (deflated 52%)
#22 27.67   adding: tests/status_code-1.pcap (deflated 17%)
#22 27.67   adding: tests/mobility_opt_asan_6.out (deflated 51%)
#22 27.67   adding: tests/pimv2-oobr-2.out (deflated 73%)
#22 27.67   adding: tests/of10_p3295-vv.out (deflated 91%)
#22 27.67   adding: tests/ppp_ccp_config_deflate_option_asan.pcap (deflated 8%)
#22 27.67   adding: tests/extract_read2_asan.out (deflated 26%)
#22 27.67   adding: tests/ripv1v2.pcap (deflated 57%)
#22 27.67   adding: tests/sflow_print-segv.out (deflated 19%)
#22 27.67   adding: tests/sflow_print-segv.pcap (deflated 74%)
#22 27.67   adding: tests/isis_stlv_asan.pcap (deflated 71%)
#22 27.67   adding: tests/eapon1-v.out (deflated 89%)
#22 27.67   adding: tests/bgp-aigp.out (deflated 52%)
#22 27.67   adding: tests/of10_7050sx_bsn-oobr.pcap (deflated 35%)
#22 27.67   adding: tests/mpls-label-heapoverflow.out (deflated 18%)
#22 27.67   adding: tests/status_code-0.pcap (deflated 18%)
#22 27.67   adding: tests/RADIUS-RFC5176-2.pcap (deflated 17%)
#22 27.67   adding: tests/status_code-16.pcap (deflated 17%)
#22 27.67   adding: tests/reason_code-15.pcap (deflated 16%)
#22 27.67   adding: tests/sflow_multiple_counter_30_pdus.pcap (deflated 79%)
#22 27.67   adding: tests/isis_stlv_asan-4.out (deflated 57%)
#22 27.67   adding: tests/isoclns-heapoverflow.out (stored 0%)
#22 27.67   adding: tests/dns-zlip-3.out (deflated 7%)
#22 27.67   adding: tests/mptcp-aa-v1.out (deflated 82%)
#22 27.67   adding: tests/ipx-nosmb.out (deflated 89%)
#22 27.67   adding: tests/tftp.pcap (deflated 48%)
#22 27.67   adding: tests/bgp-4byte-asdot.out (deflated 87%)
#22 27.67   adding: tests/lldp_mudurl-vv.out (deflated 77%)
#22 27.67   adding: tests/geneve.pcap (deflated 52%)
#22 27.67   adding: tests/macsec-changed.out (deflated 38%)
#22 27.67   adding: tests/rtp-seg-fault-2.out (deflated 19%)
#22 27.67   adding: tests/heapoverflow-atalk_print.pcap (deflated 48%)
#22 27.67   adding: tests/isis_iid_tlv.out (deflated 95%)
#22 27.67   adding: tests/status_code-54.pcap (deflated 18%)
#22 27.67   adding: tests/status_code-68.pcap (deflated 17%)
#22 27.67   adding: tests/nflog-e.out (deflated 65%)
#22 27.67   adding: tests/pimv2-oobr-3.pcap (deflated 99%)
#22 27.67   adding: tests/atm-oam-heapoverflow.out (stored 0%)
#22 27.67   adding: tests/bgp_pmsi_tunnel-oobr.out (deflated 25%)
#22 27.67   adding: tests/status_code-88.pcap (deflated 18%)
#22 27.67   adding: tests/smb_data_print-oobr.pcapng (deflated 42%)
#22 27.67   adding: tests/status_code-80.pcap (deflated 17%)
#22 27.67   adding: tests/oobr_parse_elements.pcap (deflated 85%)
#22 27.67   adding: tests/smb_print_trans-oobr2.pcap (deflated 28%)
#22 27.67   adding: tests/unaligned-nfs-1.out (deflated 27%)
#22 27.67   adding: tests/bootp_asan-2.out (deflated 21%)
#22 27.67   adding: tests/eigrp3-v.out (deflated 90%)
#22 27.67   adding: tests/mlppp-oobr.pcap (deflated 34%)
#22 27.67   adding: tests/getname_2_read4_asan.pcap (deflated 16%)
#22 27.68   adding: tests/babel_update_oobr.pcap (deflated 89%)
#22 27.68   adding: tests/ip6_frag_asan.out (deflated 19%)
#22 27.68   adding: tests/beep-oobr.pcap (deflated 77%)
#22 27.68   adding: tests/q933-heapoverflow-2.out (deflated 78%)
#22 27.68   adding: tests/atm-heapoverflow.pcap (deflated 20%)
#22 27.68   adding: tests/heapoverflow-ppp_hdlc_if_print.pcap (deflated 40%)
#22 27.68   adding: tests/status_code-85.pcap (deflated 17%)
#22 27.68   adding: tests/bgp_vpn_rt-oobr.out (deflated 41%)
#22 27.68   adding: tests/rsvp_uni-oobr-1.pcap (deflated 1%)
#22 27.68   adding: tests/msnlb2.pcapng (deflated 46%)
#22 27.68   adding: tests/print-flags.pcap (deflated 53%)
#22 27.68   adding: tests/isakmp1.out (deflated 26%)
#22 27.68   adding: tests/reason_code-48.pcap (deflated 16%)
#22 27.68   adding: tests/status_code-61.pcap (deflated 17%)
#22 27.68   adding: tests/mpls-ldp-hello.out (deflated 51%)
#22 27.68   adding: tests/isis_infloop-v.out (deflated 82%)
#22 27.68   adding: tests/ipv6-bad-version.pcap (deflated 61%)
#22 27.68   adding: tests/kh-timed-002-oobr.out (deflated 18%)
#22 27.68   adding: tests/dhcp-rfc4388.pcap (deflated 90%)
#22 27.68   adding: tests/dsa-high-vid-e.out (deflated 73%)
#22 27.68   adding: tests/nsh.out (deflated 13%)
#22 27.68   adding: tests/edsa.pcap (deflated 68%)
#22 27.68   adding: tests/MSTP_Intra-Region_BPDUs.pcap (deflated 85%)
#22 27.68   adding: tests/ieee802.11_exthdr.out (deflated 82%)
#22 27.68   adding: tests/dhcpv6-ntp-server.out (deflated 32%)
#22 27.68   adding: tests/cve2015-0261-crash.out (deflated 37%)
#22 27.68   adding: tests/status_code-50.pcap (deflated 17%)
#22 27.68   adding: tests/vqp-oobr.out (deflated 21%)
#22 27.68   adding: tests/bfd-raw-auth-simple.pcap (deflated 79%)
#22 27.68   adding: tests/igrp-oobr.out (deflated 28%)
#22 27.68   adding: tests/icmp6_nodeinfo_oobr.pcap (deflated 25%)
#22 27.68   adding: tests/snmp-heapoverflow-1.pcap (deflated 86%)
#22 27.68   adding: tests/udp-length-heapoverflow.out (deflated 23%)
#22 27.68   adding: tests/ntp-time--v.out (deflated 64%)
#22 27.68   adding: tests/icmpv6-length-zero.out (deflated 6%)
#22 27.68   adding: tests/slip-compressed_sl_print-oobr.pcap (stored 0%)
#22 27.68   adding: tests/bgp_mvpn_6_and_7_oobr.pcap (deflated 22%)
#22 27.68   adding: tests/rx-v.out (deflated 90%)
#22 27.68   adding: tests/hoobr_juniper.out (stored 0%)
#22 27.68   adding: tests/rstp-v.out (deflated 93%)
#22 27.68   adding: tests/brcm-tag.out (deflated 83%)
#22 27.68   adding: tests/macsec-short-valid.out (deflated 25%)
#22 27.68   adding: tests/dns_tcp-vv.out (deflated 75%)
#22 27.68   adding: tests/esp-secrets.txt (deflated 57%)
#22 27.68   adding: tests/isis_cap_tlv.out (deflated 81%)
#22 27.68   adding: tests/reason_code-16.pcap (deflated 16%)
#22 27.68   adding: tests/isakmp-various-oobr.pcap (deflated 30%)
#22 27.68   adding: tests/status_code-43.pcap (deflated 17%)
#22 27.68   adding: tests/ipv6-next-header-oobr-2.out (deflated 53%)
#22 27.68   adding: tests/status_code-90.pcap (deflated 17%)
#22 27.68   adding: tests/bgp_vpn_attrset.pcap (deflated 22%)
#22 27.68   adding: tests/resp_2.out (deflated 83%)
#22 27.68   adding: tests/mpls-traceroute.out (deflated 81%)
#22 27.68   adding: tests/olsr-oobr-1.out (deflated 74%)
#22 27.68   adding: tests/of10_s4810-vvvv.out (deflated 90%)
#22 27.68   adding: tests/isakmp4500.pcap (deflated 48%)
#22 27.68   adding: tests/smb_data_print-segv.pcapng (deflated 42%)
#22 27.68   adding: tests/ipv6-routing-header.pcap (deflated 66%)
#22 27.68   adding: tests/heapoverflow-in_checksum.pcap (deflated 48%)
#22 27.68   adding: tests/hncp_dhcpv6data-oobr.pcap (deflated 11%)
#22 27.68   adding: tests/icmp-cksum-oobr-1.out (deflated 40%)
#22 27.68   adding: tests/ipv6-next-header-oobr-1.out (deflated 53%)
#22 27.68   adding: tests/mobility_opt_asan_3.out (deflated 48%)
#22 27.68   adding: tests/lspping-fec-rsvp-v.out (deflated 88%)
#22 27.68   adding: tests/status_code-3.pcap (deflated 17%)
#22 27.68   adding: tests/spb.pcap (deflated 98%)
#22 27.68   adding: tests/slip-bad-direction.out (stored 0%)
#22 27.68   adding: tests/spb_bpduv4-v.out (deflated 96%)
#22 27.68   adding: tests/e1000g.pcap (deflated 80%)
#22 27.68   adding: tests/bgp_vpn_rt-oobr.pcap (deflated 80%)
#22 27.68   adding: tests/resp_4_infiniteloop.pcapng (deflated 72%)
#22 27.68   adding: tests/hoobr_juniper4.pcap (deflated 38%)
#22 27.68   adding: tests/kday3.out (deflated 74%)
#22 27.68   adding: tests/reason_code-4.pcap (deflated 16%)
#22 27.68   adding: tests/ieee802.11_rates_oobr.out (deflated 19%)
#22 27.68   adding: tests/igmpv2.out (deflated 76%)
#22 27.68   adding: tests/icmp-icmp_print-oobr-2.out (deflated 28%)
#22 27.68   adding: tests/status_code-81.pcap (deflated 17%)
#22 27.68   adding: tests/rx_ubik-oobr.pcap (deflated 12%)
#22 27.68   adding: tests/dhcp-rfc3004.pcap (deflated 82%)
#22 27.68   adding: tests/epgm_zmtp1v.out (deflated 80%)
#22 27.68   adding: tests/dccp_partial_csum_v4_simple.out (deflated 76%)
#22 27.68   adding: tests/lldp-infinite-loop-1.pcap (deflated 93%)
#22 27.68   adding: tests/esp1.out (deflated 85%)
#22 27.68   adding: tests/ptp_ethernet.out (deflated 95%)
#22 27.68   adding: tests/icmp-cksum-oobr-2.out (deflated 43%)
#22 27.68   adding: tests/stp-v.out (deflated 91%)
#22 27.68   adding: tests/pim_header_asan-2.pcap (deflated 24%)
#22 27.68   adding: tests/status_code-84.pcap (deflated 17%)
#22 27.68   adding: tests/rpl-19-pickdag.out (deflated 36%)
#22 27.68   adding: tests/cfm_sender_id-oobr.pcap (deflated 15%)
#22 27.68   adding: tests/non-bsd.tests (deflated 39%)
#22 27.69   adding: tests/status_code-71.pcap (deflated 17%)
#22 27.69   adding: tests/rsvp-inf-loop-2.pcapng (deflated 30%)
#22 27.69   adding: tests/juniper_atm1_oobr.pcap (deflated 31%)
#22 27.69   adding: tests/print-A.out (deflated 60%)
#22 27.69   adding: tests/QinQpacket.pcap (deflated 94%)
#22 27.69   adding: tests/atm-oam-heapoverflow.pcap (deflated 36%)
#22 27.69   adding: tests/print-xx.out (deflated 71%)
#22 27.69   adding: tests/smb_print_trans-oobr1-nosmb.out (deflated 67%)
#22 27.69   adding: tests/mrinfo_query.pcap (deflated 32%)
#22 27.69   adding: tests/reason_code-19.pcap (deflated 16%)
#22 27.69   adding: tests/hoobr_pimv1.out (deflated 91%)
#22 27.69   adding: tests/status_code-29.pcap (deflated 17%)
#22 27.69   adding: tests/lldp_asan.pcap (deflated 18%)
#22 27.69   adding: tests/mobility_opt_asan_6.pcap (deflated 33%)
#22 27.69   adding: tests/status_code-18.pcap (deflated 17%)
#22 27.69   adding: tests/isoclns-heapoverflow-2.out (deflated 19%)
#22 27.69   adding: tests/frf16_magic_ie-oobr.out (deflated 19%)
#22 27.69   adding: tests/lmp-lmp_print_data_link_subobjs-oobr.pcap (deflated 40%)
#22 27.69   adding: tests/isis_sysid_asan.pcap (deflated 42%)
#22 27.69   adding: tests/isis-extd-isreach-oobr.pcap (deflated 53%)
#22 27.69   adding: tests/lldp_mgmt_addr_tlv_asan.pcap (deflated 17%)
#22 27.69   adding: tests/setkey2esp-secrets.pl (deflated 37%)
#22 27.69   adding: tests/isis-seg-fault-2.pcapng (deflated 86%)
#22 27.69   adding: tests/resp_3_malicious.pcap (deflated 75%)
#22 27.69   adding: tests/hoobr_lookup_nsap.out (deflated 91%)
#22 27.69   adding: tests/dns_udp_8053.out (deflated 47%)
#22 27.69   adding: tests/ipv6-srh-ext-header.pcap (deflated 37%)
#22 27.69   adding: tests/reason_code-31.pcap (deflated 16%)
#22 27.69   adding: tests/icmpv6-length-zero.pcapng (deflated 41%)
#22 27.69   adding: tests/lacp-ev.out (deflated 94%)
#22 27.69   adding: tests/vsock-1-v.out (deflated 77%)
#22 27.69   adding: tests/bgp-shutdown-communication.out (deflated 62%)
#22 27.69   adding: tests/esis_snpa_asan-4.out (deflated 67%)
#22 27.69   adding: tests/isis_sid.out (deflated 80%)
#22 27.69   adding: tests/juniper_es_oobr.pcap (deflated 31%)
#22 27.69   adding: tests/status_code-40.pcap (deflated 17%)
#22 27.69   adding: tests/forces3vvv.out (deflated 91%)
#22 27.69   adding: tests/esis_snpa_asan-4.pcap (deflated 51%)
#22 27.69   adding: tests/status_code-105.pcap (deflated 17%)
#22 27.69   adding: tests/slip-compressed_sl_print-oobr.out (stored 0%)
#22 27.69   adding: tests/zephyr-oobr.out (deflated 25%)
#22 27.69   adding: tests/lmp-lmp_print_data_link_subobjs-oobr.out (deflated 67%)
#22 27.69   adding: tests/dns_udp-vv.out (deflated 52%)
#22 27.69   adding: tests/babel_update_oobr.out (deflated 87%)
#22 27.69   adding: tests/dns_udp_8053-T.out (deflated 50%)
#22 27.69   adding: tests/bgp-rt-prefix.out (deflated 85%)
#22 27.69   adding: tests/lldp_mudurl.pcap (deflated 53%)
#22 27.69   adding: tests/reason_code-11.pcap (deflated 16%)
#22 27.69   adding: tests/bfd-lag.pcap (deflated 73%)
#22 27.69   adding: tests/vrrp-vrrp_print-oobr.pcap (deflated 52%)
#22 27.69   adding: tests/telnet-iac-check-oobr.out (deflated 99%)
#22 27.69   adding: tests/ptp_corrections.pcap (deflated 41%)
#22 27.69   adding: tests/kday7.out (deflated 75%)
#22 27.69   adding: tests/radius-v.out (deflated 76%)
#22 27.69   adding: tests/reason_code-13.pcap (deflated 16%)
#22 27.69   adding: tests/stp-heapoverflow-2.out (deflated 93%)
#22 27.69   adding: tests/ipcomp-heapoverflow.out (deflated 21%)
#22 27.69   adding: tests/eapon1.gdbinit (stored 0%)
#22 27.69   adding: tests/rsvp_uni-oobr-1.out (deflated 28%)
#22 27.69   adding: tests/pgm_zmtp1v.out (deflated 81%)
#22 27.69   adding: tests/lsp-ping-timestamp.pcap (deflated 19%)
#22 27.69   adding: tests/unsupported-link-type-160.pcap (deflated 30%)
#22 27.69   adding: tests/smb_print_trans-oobr1.out (deflated 60%)
#22 27.69   adding: tests/reason_code-53.pcap (deflated 16%)
#22 27.69   adding: tests/status_code-47.pcap (deflated 17%)
#22 27.69   adding: tests/status_code-19.pcap (deflated 17%)
#22 27.69   adding: tests/of10_pf5240.pcap (deflated 75%)
#22 27.69   adding: tests/pppoe.pcap (deflated 18%)
#22 27.69   adding: tests/lspping-fec-rsvp.pcap (deflated 64%)
#22 27.69   adding: tests/dns-badvers.out (deflated 55%)
#22 27.69   adding: tests/cfm_sender_id-oobr.out (deflated 35%)
#22 27.69   adding: tests/nbns-valgrind-nosmb.out (deflated 26%)
#22 27.69   adding: tests/dhcp-rfc5859.pcap (deflated 86%)
#22 27.69   adding: tests/mobility_opt_asan_2.pcap (deflated 19%)
#22 27.69   adding: tests/pktap-heap-overflow.out (deflated 9%)
#22 27.69   adding: tests/status_code-99.pcap (deflated 17%)
#22 27.69   adding: tests/ahcp-vv.out (deflated 84%)
#22 27.69   adding: tests/hoobr_nfs_xid_map_enter.out (deflated 93%)
#22 27.69   adding: tests/zephyr-oobr.pcap (deflated 99%)
#22 27.69   adding: tests/reason_code-0.pcap (deflated 16%)
#22 27.69   adding: tests/ipv6-next-header-oobr-1.pcap (deflated 63%)
#22 27.69   adding: tests/AoE_Linux.pcap (deflated 97%)
#22 27.70   adding: tests/08-sunrise-sunset-esp2.pcap (deflated 17%)
#22 27.70   adding: tests/unsupported-link-type-160.out (deflated 31%)
#22 27.70   adding: tests/isakmpv1-attr-oobr.pcap (deflated 7%)
#22 27.70   adding: tests/esis_snpa_asan-3.out (deflated 41%)
#22 27.70   adding: tests/mptcp-aa-echo.out (deflated 45%)
#22 27.70   adding: tests/status_code-87.pcap (deflated 17%)
#22 27.70   adding: tests/juniper_header-heapoverflow.out (stored 0%)
#22 27.70   adding: tests/ieee802.11_rx-stbc.pcap (deflated 43%)
#22 27.70   adding: tests/802_15_4-data.out (deflated 13%)
#22 27.70   adding: tests/reason_code-56.pcap (deflated 16%)
#22 27.70   adding: tests/dns-zlip-2.pcap (deflated 15%)
#22 27.70   adding: tests/ieee802.11_tim_ie_oobr.out (deflated 66%)
#22 27.70   adding: tests/tok2str-oobr-2.pcap (deflated 24%)
#22 27.70   adding: tests/kh-timed-002-oobr.pcap (deflated 56%)
#22 27.70   adding: tests/ip_ts_opts_asan.pcap (deflated 7%)
#22 27.70   adding: tests/status_code-13.pcap (deflated 17%)
#22 27.70   adding: tests/tcp-auth-heapoverflow.pcap (deflated 59%)
#22 27.70   adding: tests/chdlc-slarp-short.pcap (deflated 21%)
#22 27.70   adding: tests/dhcpv6-sip-server-d.pcap (deflated 28%)
#22 27.70   adding: tests/isakmp-various-oobr.out (deflated 40%)
#22 27.70   adding: tests/status_code-83.pcap (deflated 17%)
#22 27.70   adding: tests/ntp-time--vvv.out (deflated 64%)
#22 27.70   adding: tests/geonet-mac-lookup-heapoverflow.out (deflated 12%)
#22 27.70   adding: tests/snmp-heapoverflow-1.out (deflated 89%)
#22 27.70   adding: tests/ripv2_auth.pcap (deflated 54%)
#22 27.70   adding: tests/forces2v.out (stored 0%)
#22 27.70   adding: tests/status_code-41.pcap (deflated 17%)
#22 27.70   adding: tests/nflog.pcap (deflated 60%)
#22 27.70   adding: tests/PIMv2_bootstrap.pcap (deflated 64%)
#22 27.70   adding: tests/isakmp-pointer-loop.pcap (deflated 27%)
#22 27.70   adding: tests/reason_code-20.pcap (deflated 16%)
#22 27.70   adding: tests/isis_1.out (deflated 81%)
#22 27.70   adding: tests/lldp-app-priority.pcap (deflated 20%)
#22 27.70   adding: tests/ptp.out (deflated 74%)
#22 27.70   adding: tests/LLDP_and_CDP.pcap (deflated 84%)
#22 27.70   adding: tests/pppoes_id.out (deflated 1%)
#22 27.70   adding: tests/bootp_asan.pcap (deflated 14%)
#22 27.70   adding: tests/ldp-ldp_tlv_print-oobr.pcap (deflated 10%)
#22 27.70   adding: tests/isis_1-v.out (deflated 91%)
#22 27.70   adding: tests/OSPFv3_broadcast_adjacency.pcap (deflated 77%)
#22 27.70   adding: tests/reason_code-9.pcap (deflated 16%)
#22 27.70   adding: tests/someip2.out (deflated 20%)
#22 27.70   adding: tests/lwres_with_extra.out (deflated 29%)
#22 27.70   adding: tests/rpvst-v.out (deflated 88%)
#22 27.70   adding: tests/isis-seg-fault-1-v.tests (deflated 41%)
#22 27.70   adding: tests/cve-2014-8768-Geonet.out (deflated 19%)
#22 27.70   adding: tests/status_code-93.pcap (deflated 17%)
#22 27.70   adding: tests/resp_3.out (deflated 88%)
#22 27.70   adding: tests/bgp_mp_reach_nlri-oobr.pcap (deflated 80%)
#22 27.70   adding: tests/ipoib-e.out (deflated 83%)
#22 27.70   adding: tests/mpls-over-udp.out (deflated 49%)
#22 27.70   adding: tests/status_code-21.pcap (deflated 17%)
#22 27.70   adding: tests/isakmp-rfc3948-oobr.out (deflated 96%)
#22 27.70   adding: tests/calm-fast-mac-lookup-heapoverflow.out (deflated 59%)
#22 27.70   adding: tests/status_code-38.pcap (deflated 17%)
#22 27.70   adding: tests/snmp-heapoverflow-2.out (deflated 25%)
#22 27.70   adding: tests/kh-timed-004-oobr.pcap (deflated 69%)
#22 27.70   adding: tests/hoobr_safeputs.out (deflated 9%)
#22 27.70   adding: tests/rsvp-rsvp_obj_print-oobr.out (deflated 32%)
#22 27.70   adding: tests/isis_cap_tlv.pcap (deflated 52%)
#22 27.70   adding: tests/ikev2four.pcap (deflated 24%)
#22 27.70   adding: tests/reason_code-24.pcap (deflated 16%)
#22 27.70   adding: tests/bfd-lag.out (deflated 73%)
#22 27.70   adding: tests/hsrp_3-v.out (deflated 93%)
#22 27.70   adding: tests/pim_header_asan.out (deflated 28%)
#22 27.70   adding: tests/of10_pf5240-vv.out (deflated 88%)
#22 27.70   adding: tests/hoobr_lookup_nsap.pcap (deflated 89%)
#22 27.70   adding: tests/dns_tcp_8053.out (deflated 79%)
#22 27.70   adding: tests/smb_data_print-oobr-nosmb.out (deflated 66%)
#22 27.70   adding: tests/snmp-heapoverflow-2.pcap (deflated 45%)
#22 27.70   adding: tests/ldp_tlv_print-oobr.pcap (deflated 48%)
#22 27.70   adding: tests/heapoverflow-atalk_2.pcap (deflated 46%)
#22 27.70   adding: tests/pppoe.out (deflated 3%)
#22 27.70   adding: tests/eap_extract_read2_asan.out (stored 0%)
#22 27.70   adding: tests/pgm_opts_asan_2.out (deflated 29%)
#22 27.70   adding: tests/status_code-30.pcap (deflated 17%)
#22 27.70   adding: tests/isakmp-rfc3948-oobr.pcap (deflated 96%)
#22 27.70   adding: tests/radius_attr_asan.out (deflated 51%)
#22 27.70   adding: tests/dsa-high-vid.out (deflated 67%)
#22 27.70   adding: tests/kh-timed-001-oobr.pcap (deflated 86%)
#22 27.70   adding: tests/gre-heapoverflow-2.pcap (deflated 74%)
#22 27.70   adding: tests/dns_udp-v.out (deflated 47%)
#22 27.70   adding: tests/DTP.pcap (deflated 81%)
#22 27.70   adding: tests/isis_stlv_asan-2.pcap (deflated 35%)
#22 27.70   adding: tests/RADIUS-RFC3162.pcap (deflated 33%)
#22 27.70   adding: tests/dvmrp.out (deflated 40%)
#22 27.70   adding: tests/status_code-15.pcap (deflated 17%)
#22 27.70   adding: tests/TESTLIST (deflated 75%)
#22 27.70   adding: tests/lspping-fec-ldp.pcap (deflated 57%)
#22 27.70   adding: tests/mtrace.pcap (deflated 36%)
#22 27.70   adding: tests/bfd-multihop-v.out (deflated 95%)
#22 27.70   adding: tests/bfd-raw-auth-sha1.out (deflated 92%)
#22 27.70   adding: tests/802_15_4-oobr-1.out (deflated 14%)
#22 27.70   adding: tests/ikev2four.out (deflated 85%)
#22 27.70   adding: tests/ssh.pcap (deflated 33%)
#22 27.70   adding: tests/hoobr_aodv_extension.pcap (deflated 59%)
#22 27.70   adding: tests/arp-too-long-tha.out (deflated 34%)
#22 27.70   adding: tests/trunc_aack.out (deflated 2%)
#22 27.70   adding: tests/decnet-oobr.pcap (deflated 68%)
#22 27.70   adding: tests/edsa-high-vid-e.out (deflated 74%)
#22 27.70   adding: tests/hdlc_slarp.pcapng (deflated 57%)
#22 27.70   adding: tests/dns-zlip-3.pcap (deflated 27%)
#22 27.70   adding: tests/stp-heapoverflow-4.out (deflated 92%)
#22 27.70   adding: tests/dhcp-mud.pcap (deflated 58%)
#22 27.70   adding: tests/eigrp4-v.out (deflated 89%)
#22 27.70   adding: tests/ipx.out (deflated 87%)
#22 27.70   adding: tests/vtp_asan.out (deflated 41%)
#22 27.70   adding: tests/edsa.out (deflated 76%)
#22 27.70   adding: tests/status_code-67.pcap (deflated 17%)
#22 27.70   adding: tests/hoobr_ripng_print.pcap (deflated 45%)
#22 27.70   adding: tests/status_code-25.pcap (deflated 17%)
#22 27.70   adding: tests/syslog_udp.pcap (deflated 45%)
#22 27.70   adding: tests/nfs-write-verf-cookie.out (deflated 49%)
#22 27.70   adding: tests/tfo.out (deflated 79%)
#22 27.70   adding: tests/ieee802.11_meshhdr-oobr.pcap (deflated 53%)
#22 27.70   adding: tests/icmpv6-RFC2894-RR.pcap (deflated 81%)
#22 27.70   adding: tests/msnlb.out (deflated 50%)
#22 27.70   adding: tests/QinQpacket.out (deflated 95%)
#22 27.70   adding: tests/bgp-evpn.pcap (deflated 22%)
#22 27.70   adding: tests/status_code-102.pcap (deflated 17%)
#22 27.70   adding: tests/reason_code-57.pcap (deflated 16%)
#22 27.70   adding: tests/bfd-raw-auth-sha1.pcap (deflated 84%)
#22 27.71   adding: tests/kday4.pcap (deflated 71%)
#22 27.71   adding: tests/status_code-9.pcap (deflated 17%)
#22 27.71   adding: tests/slip-bad-direction.pcap (deflated 39%)
#22 27.71   adding: tests/bgp-link-bw-extcommunity.pcapng (deflated 59%)
#22 27.71   adding: tests/udp-length-heapoverflow.pcap (deflated 53%)
#22 27.71   adding: tests/macsec-short-shorter.out (deflated 14%)
#22 27.71   adding: tests/reason_code-22.pcap (deflated 16%)
#22 27.71   adding: tests/isis-seg-fault-1-v.out (deflated 81%)
#22 27.71   adding: tests/dhcpv6-mud.pcap (deflated 77%)
#22 27.71   adding: tests/bgp-shutdown-communication.pcapng (deflated 46%)
#22 27.71   adding: tests/juniper_header-heapoverflow.pcap (deflated 71%)
#22 27.71   adding: tests/isis_sysid_asan.out (deflated 57%)
#22 27.71   adding: tests/stp-heapoverflow-1.out (deflated 93%)
#22 27.71   adding: tests/mtrace.out (deflated 54%)
#22 27.71   adding: tests/e1000g-e.out (deflated 89%)
#22 27.71   adding: tests/reason_code-2.pcap (deflated 16%)
#22 27.71   adding: tests/mptcp-v0.out (deflated 85%)
#22 27.71   adding: tests/isoclns-heapoverflow-2.pcap (deflated 39%)
#22 27.71   adding: tests/decnet-shorthdr-oobr.out (deflated 93%)
#22 27.71   adding: tests/dhcpv6-AFTR-Name-RFC6334.out (deflated 71%)
#22 27.71   adding: tests/empty.pcap (deflated 33%)
#22 27.71   adding: tests/arp-too-long-tha.pcap (deflated 58%)
#22 27.71   adding: tests/macsec-short-shorter.pcap (deflated 15%)
#22 27.71   adding: tests/dns-badlabel.pcap (deflated 100%)
#22 27.71   adding: tests/wb-oobr.out (deflated 79%)
#22 27.71   adding: tests/status_code-76.pcap (deflated 17%)
#22 27.71   adding: tests/olsr-oobr-1.pcap (deflated 61%)
#22 27.71   adding: tests/ip_printroute_asan.out (deflated 26%)
#22 27.71   adding: tests/aoe-oobr-1.out (deflated 18%)
#22 27.71   adding: tests/lldp_mudurl-v.out (deflated 76%)
#22 27.71   adding: tests/esp1.gdbinit (deflated 21%)
#22 27.71   adding: tests/status_code-60.pcap (deflated 17%)
#22 27.71   adding: tests/isis_2-v.out (deflated 93%)
#22 27.71   adding: tests/reason_code-63.pcap (deflated 16%)
#22 27.71   adding: tests/status_code-79.pcap (deflated 17%)
#22 27.71   adding: tests/status_code-12.pcap (deflated 17%)
#22 27.71   adding: tests/reason_code-12.pcap (deflated 16%)
#22 27.71   adding: tests/cve-2014-8769-AODV.pcap (deflated 36%)
#22 27.71   adding: tests/relts-0x80000000.out (deflated 29%)
#22 27.71   adding: tests/status_code-34.pcap (deflated 17%)
#22 27.71   adding: tests/empty.out (stored 0%)
#22 27.71   adding: tests/ospf3_ah-vv.out (deflated 91%)
#22 27.71   adding: tests/reason_code-26.pcap (deflated 16%)
#22 27.71   adding: tests/status_code-95.pcap (deflated 17%)
#22 27.71   adding: tests/EIGRP_adjacency.pcap (deflated 85%)
#22 27.71   adding: tests/isakmp5-v.out (deflated 80%)
#22 27.71   adding: tests/isis-seg-fault-1.pcapng (deflated 79%)
#22 27.71   adding: tests/ipv6-rthdr-oobr.pcap (deflated 60%)
#22 27.71   adding: tests/ikev2fourv4.out (deflated 66%)
#22 27.71   adding: tests/bgp-encap.pcap (deflated 25%)
#22 27.71   adding: tests/bgp-lu-multiple-labels.out (deflated 86%)
#22 27.71   adding: tests/telnet-iac-check-oobr.pcap (deflated 99%)
#22 27.71   adding: tests/zmtp1.pcap (deflated 71%)
#22 27.71   adding: tests/heapoverflow-q933_printq.out (deflated 15%)
#22 27.71   adding: tests/reason_code-59.pcap (deflated 16%)
#22 27.71   adding: tests/icmpv6_opt24.pcap (deflated 65%)
#22 27.71   adding: tests/ospf3_auth.pcapng (deflated 29%)
#22 27.71   adding: tests/pimv2-oobr-3.out (deflated 44%)
#22 27.71   adding: tests/reason_code-10.pcap (deflated 16%)
#22 27.71   adding: tests/status_code-51.pcap (deflated 17%)
#22 27.71   adding: tests/arista_ether.out (deflated 86%)
#22 27.71   adding: tests/radius-port1700-v.out (deflated 24%)
#22 27.71   adding: tests/rsvp_cap.out (deflated 48%)
#22 27.71   adding: tests/igmpv1.out (deflated 81%)
#22 27.71   adding: tests/babel_auth.out (deflated 39%)
#22 27.71   adding: tests/arp-oobr.out (deflated 92%)
#22 27.72   adding: tests/icmp6_nodeinfo_oobr.out (deflated 12%)
#22 27.72   adding: tests/isakmp-ikev1_n_print-oobr.out (deflated 55%)
#22 27.72   adding: tests/pppoes.out (deflated 37%)
#22 27.72   adding: tests/isis_stlv_asan.out (deflated 58%)
#22 27.72   adding: tests/ppp_ccp_config_deflate_option_asan.out (deflated 19%)
#22 27.72   adding: tests/zmtp1.out (deflated 82%)
#22 27.72   adding: tests/heapoverflow-ip_demux_print.out (deflated 53%)
#22 27.72   adding: tests/nsh-over-vxlan-gpe.pcap (deflated 22%)
#22 27.72   adding: tests/mpls-label-heapoverflow.pcap (deflated 48%)
#22 27.72   adding: tests/macsec-integonly.out (deflated 26%)
#22 27.72   adding: tests/aarp-heapoverflow-2.out (deflated 3%)
#22 27.72   adding: tests/kday8.out (deflated 60%)
#22 27.72   adding: tests/pim_header_asan-4.out (deflated 45%)
#22 27.72   adding: tests/dnssec.pcap (deflated 25%)
#22 27.72   adding: tests/pim-packet-assortment.pcap (deflated 98%)
#22 27.72   adding: tests/print-capX.out (deflated 64%)
#22 27.72   adding: tests/nfs-write-verf-cookie.pcapng (deflated 39%)
#22 27.72   adding: tests/eapon1-v-nosmb.out (deflated 88%)
#22 27.72   adding: tests/heap-overflow-1.pcap (deflated 39%)
#22 27.72   adding: tests/bgp_mvpn_6_and_7_oobr.out (deflated 24%)
#22 27.72   adding: tests/hoobr_juniper.pcap (deflated 34%)
#22 27.72   adding: tests/ospf3_bc-vv.out (deflated 92%)
#22 27.72   adding: tests/nfs-seg-fault-1.pcapng (deflated 97%)
#22 27.72   adding: tests/mobility_opt_asan_8.out (deflated 24%)
#22 27.72   adding: tests/olsr-oobr-2.out (deflated 28%)
#22 27.72   adding: tests/crypto.tests (deflated 83%)
#22 27.72   adding: tests/reason_code-55.pcap (deflated 16%)
#22 27.72   adding: tests/802_15_4_beacon.out (deflated 15%)
#22 27.72   adding: tests/hdlc2.out (deflated 7%)
#22 27.72   adding: tests/reason_code-25.pcap (deflated 16%)
#22 27.72   adding: tests/pimv2-oobr-2.pcap (deflated 99%)
#22 27.72   adding: tests/scps_invalid.pcap (deflated 43%)
#22 27.72   adding: tests/ipoib.pcap (deflated 63%)
#22 27.72   adding: tests/mobility_opt_asan_2.out (deflated 21%)
#22 27.72   adding: tests/geonet_and_calm_fast.pcap (deflated 78%)
#22 27.72   adding: tests/pgm_poll_polr.out (deflated 90%)
#22 27.72   adding: tests/vsock-1.pcapng (deflated 66%)
#22 27.72   adding: tests/PIM-SM_join_prune.pcap (deflated 79%)
#22 27.72   adding: tests/vtp_asan-3.pcap (deflated 55%)
#22 27.72   adding: tests/EIGRP_subnet_down.pcap (deflated 77%)
#22 27.72   adding: tests/esp2.out (deflated 88%)
#22 27.72   adding: tests/status_code-31.pcap (deflated 17%)
#22 27.72   adding: tests/cdp-v.out (deflated 82%)
#22 27.72   adding: tests/esis_opt_prot-oobr.out (deflated 19%)
#22 27.72   adding: tests/forces1.pcap (deflated 63%)
#22 27.73   adding: tests/frf16_magic_ie-oobr.pcap (deflated 27%)
#22 27.73   adding: tests/pgm_opts_asan_2.pcap (deflated 16%)
#22 27.73   adding: tests/smb_print_trans-oobr1.pcap (deflated 59%)
#22 27.73   adding: tests/bgp-4byte-asn.out (deflated 87%)
#22 27.73   adding: tests/ISIS_level2_adjacency.pcap (deflated 98%)
#22 27.73   adding: tests/lmp-v-fptype1.out (deflated 87%)
#22 27.73   adding: tests/reason_code-41.pcap (deflated 16%)
#22 27.73   adding: tests/of13_ericsson.pcapng (deflated 92%)
#22 27.73   adding: tests/isis_sid.pcap (deflated 52%)
#22 27.73   adding: tests/bad-ipv4-version-pgm-heapoverflow.out (stored 0%)
#22 27.73   adding: tests/bootp_asan-2.pcap (deflated 20%)
#22 27.73   adding: tests/ipv6-srh-ext-header.out (deflated 38%)
#22 27.73   adding: tests/dns-badcookie.pcap (deflated 44%)
#22 27.73   adding: tests/of10_7050sx_bsn.pcap (deflated 69%)
#22 27.73   adding: tests/bgp-aigp-2.out (deflated 41%)
#22 27.73   adding: tests/evb.pcap (deflated 86%)
#22 27.73   adding: tests/isis-areaaddr-oobr-2.out (deflated 35%)
#22 27.73   adding: tests/ip_printroute_asan.pcap (deflated 8%)
#22 27.73   adding: tests/isis-extd-ipreach-oobr.out (deflated 93%)
#22 27.73   adding: tests/stp-heapoverflow-4.pcap (deflated 93%)
#22 27.73   adding: tests/hsrp_2-v.out (deflated 93%)
#22 27.73   adding: tests/ospf6_decode_v3_asan.out (deflated 20%)
#22 27.73   adding: tests/resp_1.out (deflated 92%)
#22 27.73   adding: tests/ip6_frag_asan.pcap (deflated 14%)
#22 27.73   adding: tests/macsec-integonly.pcap (deflated 15%)
#22 27.73   adding: tests/getname_2_read4_asan.out (deflated 18%)
#22 27.73   adding: tests/esis_snpa_asan-5.pcap (deflated 34%)
#22 27.73   adding: tests/hoobr_juniper3.pcap (deflated 35%)
#22 27.73   adding: tests/forces1vvv.out (deflated 86%)
#22 27.73   adding: tests/smb_data_print-oobr.out (deflated 73%)
#22 27.73   adding: tests/bgp-evpn.out (deflated 60%)
#22 27.73   adding: tests/smb_print_trans-oobr2-nosmb.out (deflated 21%)
#22 27.73   adding: tests/ripv1v2.out (deflated 68%)
#22 27.73   adding: tests/someip2.pcap (deflated 20%)
#22 27.73   adding: tests/epgmv.out (deflated 88%)
#22 27.73   adding: tests/isis-extd-isreach-oobr.out (deflated 71%)
#22 27.73   adding: tests/icmp-icmp_print-oobr-2.pcap (deflated 33%)
#22 27.73   adding: tests/icmp-cksum-oobr-4.out (deflated 38%)
#22 27.73   adding: tests/reason_code-27.pcap (deflated 16%)
#22 27.73   adding: tests/rpki-rtr-oobr.out (deflated 22%)
#22 27.73   adding: tests/esis_snpa_asan-5.out (deflated 52%)
#22 27.73   adding: tests/pgmv.out (deflated 88%)
#22 27.73   adding: tests/lmp.pcap (deflated 65%)
#22 27.73   adding: tests/mptcp-v0.pcap (deflated 46%)
#22 27.73   adding: tests/lldp_8021_linkagg-v.out (deflated 57%)
#22 27.73   adding: tests/dhcpv6-ia-pd.pcap (deflated 60%)
#22 27.73   adding: tests/nbns-valgrind.pcap (deflated 18%)
#22 27.73   adding: tests/OLSRv1_HNA_sgw_1.out (deflated 51%)
#22 27.73   adding: tests/dhcpv6-mud.out (deflated 84%)
#22 27.73   adding: tests/lldp_asan.out (deflated 64%)
#22 27.73   adding: tests/lmp.out (deflated 81%)
#22 27.73   adding: tests/status_code-6.pcap (deflated 17%)
#22 27.73   adding: tests/status_code-7.pcap (deflated 17%)
#22 27.73   adding: tests/esis_opt_prot-oobr.pcap (deflated 6%)
#22 27.73   adding: tests/zmtp1-inf-loop-1.out (deflated 20%)
#22 27.73   adding: tests/isakmp4.out (deflated 87%)
#22 27.73   adding: tests/heapoverflow-q933_printq.pcap (deflated 67%)
#22 27.73   adding: tests/status_code-107.pcap (deflated 17%)
#22 27.73   adding: tests/esp5.out (deflated 85%)
#22 27.73   adding: tests/aoe_1.out (deflated 88%)
#22 27.73   adding: tests/dhcpv6-ia-pd.out (deflated 71%)
#22 27.73   adding: tests/kday5.out (deflated 60%)
#22 27.73   adding: tests/reason_code-51.pcap (deflated 16%)
#22 27.73   adding: tests/dsa-e.out (deflated 82%)
#22 27.73   adding: tests/status_code-49.pcap (deflated 17%)
#22 27.73   adding: tests/mobility_opt_asan_5.out (deflated 21%)
#22 27.73   adding: tests/edsa-e.out (deflated 85%)
#22 27.73   adding: tests/resp_2_inline.pcap (deflated 77%)
#22 27.73   adding: tests/dccp_partial_csum_v6_longer.out (deflated 78%)
#22 27.73   adding: tests/lldp_8023_mtu-oobr.pcap (deflated 3%)
#22 27.73   adding: tests/rtp-seg-fault-1.out (deflated 18%)
#22 27.73   adding: tests/reason_code-36.pcap (deflated 16%)
#22 27.73   adding: tests/reason_code-40.pcap (deflated 16%)
#22 27.73   adding: tests/dns-badcookie.out (deflated 55%)
#22 27.73   adding: tests/kday6.out (deflated 88%)
#22 27.73   adding: tests/bfd-multihop.out (deflated 90%)
#22 27.73   adding: tests/rpl-26-senddaoack.pcap (deflated 20%)
#22 27.73   adding: tests/status_code-36.pcap (deflated 17%)
#22 27.73   adding: tests/rpl-19-pickdagvvv.out (deflated 38%)
#22 27.73   adding: tests/dns_udp_8053.pcap (deflated 28%)
#22 27.73   adding: tests/eigrp-tlv-oobr.pcap (deflated 100%)
#22 27.73   adding: tests/babel1v.out (deflated 85%)
#22 27.74   adding: tests/mobility_opt_asan_5.pcap (deflated 10%)
#22 27.74   adding: tests/cve2015-0261-ipv6.out (deflated 60%)
#22 27.74   adding: tests/mlppp-oobr.out (stored 0%)
#22 27.74   adding: tests/dns_fwdptr.out (deflated 31%)
#22 27.74   adding: tests/vtp_asan.pcap (deflated 41%)
#22 27.74   adding: tests/bfd-raw-auth-md5.pcap (deflated 84%)
#22 27.74   adding: tests/hncp_dhcpv6data-oobr.out (deflated 22%)
#22 27.74   adding: tests/DECnet_Phone.pcap (deflated 81%)
#22 27.74   adding: tests/of10_7050q-v.out (deflated 69%)
#22 27.74   adding: tests/ntp-mode7.pcap (deflated 75%)
#22 27.74   adding: tests/hoobr_juniper3.out (stored 0%)
#22 27.74   adding: tests/PIM-DM_pruning.pcap (deflated 92%)
#22 27.74   adding: tests/QinQpacketv.out (deflated 97%)
#22 27.74   adding: tests/RADIUS-RFC5580.pcap (deflated 25%)
#22 27.74   adding: tests/icmp-cksum-oobr-3.pcapng (deflated 32%)
#22 27.74   adding: tests/reason_code-58.pcap (deflated 16%)
#22 27.74   adding: tests/rpvstp-trunk-native-vid5.pcap (deflated 79%)
#22 27.74   adding: tests/status_code-82.pcap (deflated 17%)
#22 27.74   adding: tests/nsh-over-vxlan-gpe.out (deflated 28%)
#22 27.74   adding: tests/ntp-mode7--v.out (deflated 81%)
#22 27.74   adding: tests/status_code-63.pcap (deflated 17%)
#22 27.74   adding: tests/pppoes.pcap (deflated 26%)
#22 27.74   adding: tests/lldp-infinite-loop-2.out (deflated 84%)
#22 27.74   adding: tests/status_code-32.pcap (deflated 17%)
#22 27.74   adding: tests/OSPFv3_NBMA_adjacencies.pcap (deflated 81%)
#22 27.74   adding: tests/ipx-invalid-length.out (deflated 16%)
#22 27.74   adding: tests/eigrp5.out (deflated 4%)
#22 27.74   adding: tests/beep-oobr.out (deflated 45%)
#22 27.74   adding: tests/unaligned-nfs-1.pcap (deflated 31%)
#22 27.74   adding: tests/lldp_mgmt_addr_tlv_asan.out (deflated 38%)
#22 27.74   adding: tests/ieee802.11_meshhdr-oobr.out (deflated 12%)
#22 27.74   adding: tests/macsec-short-longer.pcap (deflated 12%)
#22 27.74   adding: tests/ipv6-mobility-header-oobr.pcap (deflated 61%)
#22 27.74   adding: tests/hdlc4.out (deflated 72%)
#22 27.74   adding: tests/rpki-rtr-oobr.pcap (deflated 10%)
#22 27.74   adding: tests/edsa-high-vid.pcap (deflated 58%)
#22 27.74   adding: tests/bgp-rt-prefix.pcap (deflated 64%)
#22 27.74   adding: tests/status_code-94.pcap (deflated 17%)
#22 27.74   adding: tests/reason_code-46.pcap (deflated 16%)
#22 27.74   adding: tests/of10_7050sx_bsn-vv.out (deflated 87%)
#22 27.74   adding: tests/mptcp-v1.pcap (deflated 5%)
#22 27.74   adding: tests/HSRP_failover.pcap (deflated 84%)
#22 27.74   adding: tests/icmp6_mobileprefix_asan.pcap (deflated 21%)
#22 27.74   adding: tests/nfs-seg-fault-1.out (deflated 38%)
#22 27.74   adding: tests/status_code-91.pcap (deflated 17%)
#22 27.74   adding: tests/eapon1-nosmb.out (deflated 83%)
#22 27.74   adding: tests/reason_code-35.pcap (deflated 16%)
#22 27.74   adding: tests/reason_code-65.pcap (deflated 16%)
#22 27.74   adding: tests/.gitignore (stored 0%)
#22 27.74   adding: tests/ikev2pI2.pcap (deflated 26%)
#22 27.74   adding: tests/heap-overflow-2.out (stored 0%)
#22 27.74   adding: tests/reason_code-39.pcap (deflated 16%)
#22 27.74   adding: tests/dns-zlip-2.out (deflated 9%)
#22 27.74   adding: tests/radius-rfc5447-v.out (deflated 33%)
#22 27.74   adding: tests/isis_3-v.out (deflated 95%)
#22 27.74   adding: tests/geneve-vv.out (deflated 88%)
#22 27.74   adding: tests/dccp_options-oobr.pcap (deflated 54%)
#22 27.74   adding: tests/macsec-changed.pcap (deflated 15%)
#22 27.74   adding: tests/reason_code-17.pcap (deflated 16%)
#22 27.74   adding: tests/rsvp_uni-oobr-3.out (deflated 60%)
#22 27.74   adding: tests/otv-heapoverflow-2.pcap (deflated 51%)
#22 27.74   adding: tests/vrrp-vrrp_print-oobr-2.out (deflated 85%)
#22 27.74   adding: tests/reason_code-29.pcap (deflated 16%)
#22 27.74   adding: tests/isis_poi2.pcap (deflated 12%)
#22 27.74   adding: tests/vxlan.out (deflated 86%)
#22 27.74   adding: tests/802_15_4_beacon.pcap (deflated 13%)
#22 27.74   adding: tests/status_code-59.pcap (deflated 17%)
#22 27.74   adding: tests/ieee802.11_rates_oobr.pcap (deflated 64%)
#22 27.74   adding: tests/reason_code-14.pcap (deflated 16%)
#22 27.74   adding: tests/udld-v.out (deflated 94%)
#22 27.74   adding: tests/nfs-cannot-pad-32-bit.pcap (deflated 41%)
#22 27.74   adding: tests/pim-packet-assortment.out (deflated 85%)
#22 27.74   adding: tests/mpls-traceroute.pcap (deflated 78%)
#22 27.74   adding: tests/isis_stlv_asan-4.pcap (deflated 54%)
#22 27.74   adding: tests/dhcpv6-ia-ta.out (deflated 71%)
#22 27.74   adding: tests/eapon1.out (deflated 85%)
#22 27.74   adding: tests/status_code-97.pcap (deflated 17%)
#22 27.74   adding: tests/isis-infinite-loop.pcap (deflated 70%)
#22 27.74   adding: tests/dhcpv6-domain-list.out (deflated 33%)
#22 27.74   adding: tests/isis_stlv_asan-3.out (deflated 46%)
#22 27.74   adding: tests/hoobr_parse_field.out (deflated 62%)
#22 27.74   adding: tests/kday1.out (stored 0%)
#22 27.74   adding: tests/isupvv.out (deflated 77%)
#22 27.74   adding: tests/rtp-seg-fault-2.pcapng (deflated 35%)
#22 27.74   adding: tests/radiotap-heapoverflow.out (stored 0%)
#22 27.74   adding: tests/status_code-20.pcap (deflated 17%)
#22 27.74   adding: tests/vsock-1.out (deflated 71%)
#22 27.74   adding: tests/02-sunrise-sunset-esp.pcap (deflated 26%)
#22 27.74   adding: tests/bgp-extended-shutdown-msg.pcapng (deflated 45%)
#22 27.74   adding: tests/stp-heapoverflow-1.pcap (deflated 92%)
#22 27.74   adding: tests/status_code-96.pcap (deflated 17%)
#22 27.74   adding: tests/cve-2014-8769-AODV.out (deflated 19%)
#22 27.74   adding: tests/status_code-65.pcap (deflated 17%)
#22 27.74   adding: tests/wb-oobr.pcap (deflated 76%)
#22 27.74   adding: tests/ospf2-seg-fault-1-v.out (deflated 34%)
#22 27.74   adding: tests/ospf3_mp-vv.out (deflated 94%)
#22 27.74   adding: tests/hncp_dhcpv4data-oobr.pcap (deflated 8%)
#22 27.74   adding: tests/loopback.out (deflated 68%)
#22 27.74   adding: tests/icmp-cksum-oobr-3.out (deflated 49%)
#22 27.74   adding: tests/icmpv6-ni-flags.out (deflated 78%)
#22 27.74   adding: tests/edns-opts.out (deflated 82%)
#22 27.74   adding: tests/ripv2_auth.out (deflated 78%)
#22 27.74   adding: tests/ntp.out (deflated 72%)
#22 27.74   adding: tests/PIMv2_hellos.pcap (deflated 65%)
#22 27.74   adding: tests/pimv2-oobr-4.pcap (deflated 99%)
#22 27.75 + cp fuzz_pcap_seed_corpus.zip /out/
#22 27.75 + cd /src/libpcap/testprogs/BPF
#22 27.75 + mkdir corpus
#22 27.75 + ls 1.txt 2.txt 3.txt 4.txt 5.txt 6.txt 7.txt
#22 27.75 + read i
#22 27.75 + tail -1 1.txt
#22 27.75 + read i
#22 27.75 + tail -1 2.txt
#22 27.75 + read i
#22 27.75 + tail -1 3.txt
#22 27.76 + read i
#22 27.76 + tail -1 4.txt
#22 27.76 + read i
#22 27.76 + tail -1 5.txt
#22 27.76 + read i
#22 27.76 + tail -1 6.txt
#22 27.76 + read i
#22 27.76 + tail -1 7.txt
#22 27.76 + read i
#22 27.76 + zip -r fuzz_filter_seed_corpus.zip corpus/
#22 27.76   adding: corpus/ (stored 0%)
#22 27.76   adding: corpus/6.txt (deflated 43%)
#22 27.76   adding: corpus/3.txt (deflated 51%)
#22 27.76   adding: corpus/1.txt (stored 0%)
#22 27.76   adding: corpus/4.txt (deflated 49%)
#22 27.76   adding: corpus/5.txt (stored 0%)
#22 27.76   adding: corpus/7.txt (stored 0%)
#22 27.76   adding: corpus/2.txt (stored 0%)
#22 27.76 + cp fuzz_filter_seed_corpus.zip /out/
#22 28.02 Re-building benchmark for CmpLog fuzzing target
#22 28.02 Building benchmark libpcap_fuzz_both with fuzzer aflmmbb
#22 28.02 + cd libpcap
#22 28.02 + mkdir build
#22 28.02 + cd build
#22 28.02 + cmake -DDISABLE_DBUS=1 ..
#22 28.10 -- The C compiler identification is Clang 15.0.0
#22 28.11 -- Detecting C compiler ABI info
#22 28.19 -- Detecting C compiler ABI info - done
#22 28.20 -- Check for working C compiler: /afl/afl-clang-fast - skipped
#22 28.21 -- Detecting C compile features
#22 28.21 -- Detecting C compile features - done
#22 28.21 -- Building 64-bit
#22 28.21 -- Checking C compiler flag -std=gnu99
#22 28.21 -- Performing Test std-gnu99
#22 28.28 -- Performing Test std-gnu99 - Success
#22 28.28 -- Use DYNAMIC runtime
#22 28.28 -- Looking for inttypes.h
#22 28.36 -- Looking for inttypes.h - found
#22 28.36 -- Looking for stdint.h
#22 28.44 -- Looking for stdint.h - found
#22 28.44 -- Looking for unistd.h
#22 28.51 -- Looking for unistd.h - found
#22 28.51 -- Looking for bitypes.h
#22 28.54 -- Looking for bitypes.h - not found
#22 28.54 -- Looking for sys/ioccom.h
#22 28.58 -- Looking for sys/ioccom.h - not found
#22 28.58 -- Looking for sys/sockio.h
#22 28.61 -- Looking for sys/sockio.h - not found
#22 28.61 -- Looking for sys/select.h
#22 28.68 -- Looking for sys/select.h - found
#22 28.68 -- Looking for netpacket/packet.h
#22 28.75 -- Looking for netpacket/packet.h - found
#22 28.76 -- Looking for netinet/if_ether.h
#22 28.83 -- Looking for netinet/if_ether.h - found
#22 28.83 -- Performing Test HAVE___ATOMIC_LOAD_N
#22 28.91 -- Performing Test HAVE___ATOMIC_LOAD_N - Success
#22 28.91 -- Performing Test HAVE___ATOMIC_STORE_N
#22 28.98 -- Performing Test HAVE___ATOMIC_STORE_N - Success
#22 28.98 -- Looking for strerror
#22 29.06 -- Looking for strerror - found
#22 29.06 -- Looking for strerror_r
#22 29.14 -- Looking for strerror_r - found
#22 29.14 -- Performing Test HAVE_GNU_STRERROR_R
#22 29.21 -- Performing Test HAVE_GNU_STRERROR_R - Success
#22 29.21 -- Looking for vsnprintf
#22 29.29 -- Looking for vsnprintf - found
#22 29.29 -- Looking for snprintf
#22 29.37 -- Looking for snprintf - found
#22 29.37 -- Looking for strlcpy
#22 29.44 -- Looking for strlcpy - not found
#22 29.44 -- Looking for strlcat
#22 29.52 -- Looking for strlcat - not found
#22 29.52 -- Looking for asprintf
#22 29.60 -- Looking for asprintf - found
#22 29.60 -- Looking for vasprintf
#22 29.67 -- Looking for vasprintf - found
#22 29.67 -- Looking for strtok_r
#22 29.75 -- Looking for strtok_r - found
#22 29.75 -- Looking for vsyslog
#22 29.82 -- Looking for vsyslog - found
#22 29.82 -- Looking for getaddrinfo
#22 29.90 -- Looking for getaddrinfo - found
#22 29.90 -- Looking for putmsg
#22 29.98 -- Looking for putmsg - not found
#22 29.98 -- Looking for putmsg in str
#22 30.04 -- Looking for putmsg in str - not found
#22 30.04 -- Looking for getpass
#22 30.11 -- Looking for getpass - found
#22 30.11 -- Looking for getnetbyname_r
#22 30.19 -- Looking for getnetbyname_r - found
#22 30.19 -- Performing Test HAVE_LINUX_GETNETBYNAME_R
#22 30.27 -- Performing Test HAVE_LINUX_GETNETBYNAME_R - Success
#22 30.27 -- Looking for getprotobyname_r
#22 30.35 -- Looking for getprotobyname_r - found
#22 30.35 -- Performing Test HAVE_LINUX_GETPROTOBYNAME_R
#22 30.43 -- Performing Test HAVE_LINUX_GETPROTOBYNAME_R - Success
#22 30.43 -- Looking for sys/types.h
#22 30.51 -- Looking for sys/types.h - found
#22 30.51 -- Looking for stddef.h
#22 30.59 -- Looking for stddef.h - found
#22 30.59 -- Check size of struct sockaddr_storage
#22 30.67 -- Check size of struct sockaddr_storage - done
#22 30.67 -- Check size of socklen_t
#22 30.76 -- Check size of socklen_t - done
#22 30.76 -- Performing Test HAVE_STRUCT_SOCKADDR_SA_LEN
#22 30.79 -- Performing Test HAVE_STRUCT_SOCKADDR_SA_LEN - Failed
#22 30.79 -- Looking for ffs
#22 30.87 -- Looking for ffs - found
#22 30.87 -- Looking for ffs
#22 30.95 -- Looking for ffs - found
#22 30.95 -- Looking for ether_hostton
#22 31.02 -- Looking for ether_hostton - found
#22 31.02 -- Looking for ether_hostton
#22 31.06 -- Looking for ether_hostton - not found
#22 31.06 -- Looking for ether_hostton
#22 31.14 -- Looking for ether_hostton - found
#22 31.14 -- Looking for native LFS support
#22 31.21 -- Looking for native LFS support - found
#22 31.21 -- Found LFS: TRUE  
#22 31.22 -- Looking for native fseeko support
#22 31.29 -- Looking for native fseeko support - found
#22 31.29 -- Found FSEEKO: TRUE  
#22 31.29 -- Support IPv6
#22 31.30 -- Performing Test CMAKE_HAVE_LIBC_PTHREAD
#22 31.38 -- Performing Test CMAKE_HAVE_LIBC_PTHREAD - Success
#22 31.38 -- Found Threads: TRUE  
#22 31.44 -- Found OpenSSL: /usr/lib/x86_64-linux-gnu/libcrypto.so (found version "1.1.1f")  
#22 31.44 -- Looking for include files sys/types.h, net/bpf.h
#22 31.48 -- Looking for include files sys/types.h, net/bpf.h - not found
#22 31.48 -- Looking for net/pfilt.h
#22 31.51 -- Looking for net/pfilt.h - not found
#22 31.51 -- Looking for net/enet.h
#22 31.54 -- Looking for net/enet.h - not found
#22 31.54 -- Looking for net/nit.h
#22 31.57 -- Looking for net/nit.h - not found
#22 31.57 -- Looking for sys/net/nit.h
#22 31.60 -- Looking for sys/net/nit.h - not found
#22 31.60 -- Looking for linux/socket.h
#22 31.68 -- Looking for linux/socket.h - found
#22 31.68 -- Looking for net/raw.h
#22 31.71 -- Looking for net/raw.h - not found
#22 31.71 -- Looking for sys/dlpi.h
#22 31.74 -- Looking for sys/dlpi.h - not found
#22 31.74 -- Looking for config/HaikuConfig.h
#22 31.77 -- Looking for config/HaikuConfig.h - not found
#22 31.77 -- Packet capture mechanism type: linux
#22 31.78 -- Looking for include files sys/socket.h, linux/wireless.h
#22 31.86 -- Looking for include files sys/socket.h, linux/wireless.h - found
#22 31.86 -- Checking for module 'libnl-genl-3.0'
#22 31.86 --   No package 'libnl-genl-3.0' found
#22 31.86 -- Looking for nl_socket_alloc
#22 31.92 -- Looking for nl_socket_alloc - not found
#22 31.92 -- Performing Test HAVE_STRUCT_TPACKET_AUXDATA_TP_VLAN_TCI
#22 32.00 -- Performing Test HAVE_STRUCT_TPACKET_AUXDATA_TP_VLAN_TCI - Success
#22 32.00 -- Looking for getifaddrs
#22 32.10 -- Looking for getifaddrs - found
#22 32.10 -- Looking for include files sys/types.h, ifaddrs.h
#22 32.18 -- Looking for include files sys/types.h, ifaddrs.h - found
#22 32.18 -- Find-interfaces mechanism type: getad
#22 32.18 -- Looking for linux/net_tstamp.h
#22 32.25 -- Looking for linux/net_tstamp.h - found
#22 32.25 -- Looking for include file linux/compiler.h
#22 32.28 -- Looking for include file linux/compiler.h - not found
#22 32.28 -- Looking for include file linux/usbdevice_fs.h
#22 32.36 -- Looking for include file linux/usbdevice_fs.h - found
#22 32.36 -- Performing Test HAVE_STRUCT_USBDEVFS_CTRLTRANSFER_BREQUESTTYPE
#22 32.43 -- Performing Test HAVE_STRUCT_USBDEVFS_CTRLTRANSFER_BREQUESTTYPE - Success
#22 32.43 -- Performing Test PCAP_SUPPORT_NETFILTER
#22 32.52 -- Performing Test PCAP_SUPPORT_NETFILTER - Success
#22 32.52 -- Performing Test PCAP_SUPPORT_NETMAP
#22 32.55 -- Performing Test PCAP_SUPPORT_NETMAP - Failed
#22 32.55 -- Could NOT find dpdk (missing: dpdk_INCLUDE_DIRS dpdk_LIBRARIES) 
#22 32.55 WARNING,We couldn't find DPDK with pkg-config.  If you want DPDK support,
#22 32.55 make sure that pkg-config is installed, that DPDK 18.02.2 or later is
#22 32.55 installed, and that DPDK provides a .pc file.
#22 32.55 -- Looking for bluetooth/bluetooth.h
#22 32.58 -- Looking for bluetooth/bluetooth.h - not found
#22 32.59 -- Checking for module 'libibverbs'
#22 32.59 --   No package 'libibverbs' found
#22 32.59 -- Looking for ibv_get_device_list in ibverbs
#22 32.65 -- Looking for ibv_get_device_list in ibverbs - not found
#22 32.66 -- Could NOT find DAG (missing: DAG_INCLUDE_DIR DAG_LIBRARY DAGCONF_LIBRARY) 
#22 32.66 -- Looking for msg.h
#22 32.69 -- Looking for msg.h - not found
#22 32.69 -- Could NOT find SNF (missing: SNF_INCLUDE_DIR SNF_LIBRARY) 
#22 32.69 -- Could NOT find AirPcap (missing: AirPcap_INCLUDE_DIR AirPcap_LIBRARY) 
#22 32.69 -- Could NOT find TC (missing: TC_INCLUDE_DIR TC_LIBRARY) 
#22 32.69 -- Checking C compiler flag -fvisibility=hidden
#22 32.69 -- Performing Test fvisibility-hidden
#22 32.77 -- Performing Test fvisibility-hidden - Success
#22 32.77 -- Lexical analyzer generator: /usr/bin/flex
#22 32.79 -- Parser generator: /usr/bin/bison
#22 32.81 -- Configuring done
#22 32.85 -- Generating done
#22 32.86 -- Build files have been written to: /src/libpcap/build
#22 32.86 + make
#22 32.88 [  1%] Generating grammar.c, grammar.h
#22 33.00 [  3%] Generating scanner.c, scanner.h
#22 33.03 [  3%] Built target SerializeTarget
#22 33.04 [  4%] Building C object CMakeFiles/pcap.dir/bpf_dump.c.o
#22 33.09 [  6%] Building C object CMakeFiles/pcap.dir/bpf_filter.c.o
#22 33.26 [  7%] Building C object CMakeFiles/pcap.dir/bpf_image.c.o
#22 33.40 [  9%] Building C object CMakeFiles/pcap.dir/etherent.c.o
#22 33.58 [ 10%] Building C object CMakeFiles/pcap.dir/fmtutils.c.o
#22 33.62 [ 12%] Building C object CMakeFiles/pcap.dir/gencode.c.o
#22 35.10 [ 13%] Building C object CMakeFiles/pcap.dir/nametoaddr.c.o
#22 35.24 [ 15%] Building C object CMakeFiles/pcap.dir/optimize.c.o
#22 35.97 [ 16%] Building C object CMakeFiles/pcap.dir/pcap-common.c.o
#22 36.05 [ 18%] Building C object CMakeFiles/pcap.dir/pcap-options.c.o
#22 36.11 [ 20%] Building C object CMakeFiles/pcap.dir/pcap-usb-linux-common.c.o
#22 36.16 [ 21%] Building C object CMakeFiles/pcap.dir/pcap-util.c.o
#22 36.26 [ 23%] Building C object CMakeFiles/pcap.dir/pcap.c.o
#22 36.65 [ 24%] Building C object CMakeFiles/pcap.dir/savefile.c.o
#22 36.73 [ 26%] Building C object CMakeFiles/pcap.dir/sf-pcapng.c.o
#22 36.93 [ 27%] Building C object CMakeFiles/pcap.dir/sf-pcap.c.o
#22 37.12 [ 29%] Building C object CMakeFiles/pcap.dir/missing/strlcat.c.o
#22 37.15 [ 30%] Building C object CMakeFiles/pcap.dir/missing/strlcpy.c.o
#22 37.18 [ 32%] Building C object CMakeFiles/pcap.dir/pcap-linux.c.o
#22 37.81 [ 33%] Building C object CMakeFiles/pcap.dir/fad-getad.c.o
#22 37.86 [ 35%] Building C object CMakeFiles/pcap.dir/pcap-usb-linux.c.o
#22 38.01 [ 36%] Building C object CMakeFiles/pcap.dir/pcap-netfilter-linux.c.o
#22 38.21 [ 38%] Building C object CMakeFiles/pcap.dir/grammar.c.o
#22 39.90 [ 40%] Building C object CMakeFiles/pcap.dir/scanner.c.o
#22 40.37 [ 41%] Linking C shared library libpcap.so
#22 40.47 [ 44%] Built target pcap
#22 40.48 [ 46%] Building C object CMakeFiles/pcap_static.dir/bpf_dump.c.o
#22 40.52 [ 47%] Building C object CMakeFiles/pcap_static.dir/bpf_filter.c.o
#22 40.70 [ 49%] Building C object CMakeFiles/pcap_static.dir/bpf_image.c.o
#22 40.83 [ 50%] Building C object CMakeFiles/pcap_static.dir/etherent.c.o
#22 41.01 [ 52%] Building C object CMakeFiles/pcap_static.dir/fmtutils.c.o
#22 41.06 [ 53%] Building C object CMakeFiles/pcap_static.dir/gencode.c.o
#22 42.54 [ 55%] Building C object CMakeFiles/pcap_static.dir/nametoaddr.c.o
#22 42.67 [ 56%] Building C object CMakeFiles/pcap_static.dir/optimize.c.o
#22 43.40 [ 58%] Building C object CMakeFiles/pcap_static.dir/pcap-common.c.o
#22 43.48 [ 60%] Building C object CMakeFiles/pcap_static.dir/pcap-options.c.o
#22 43.54 [ 61%] Building C object CMakeFiles/pcap_static.dir/pcap-usb-linux-common.c.o
#22 43.58 [ 63%] Building C object CMakeFiles/pcap_static.dir/pcap-util.c.o
#22 43.69 [ 64%] Building C object CMakeFiles/pcap_static.dir/pcap.c.o
#22 44.08 [ 66%] Building C object CMakeFiles/pcap_static.dir/savefile.c.o
#22 44.16 [ 67%] Building C object CMakeFiles/pcap_static.dir/sf-pcapng.c.o
#22 44.36 [ 69%] Building C object CMakeFiles/pcap_static.dir/sf-pcap.c.o
#22 44.55 [ 70%] Building C object CMakeFiles/pcap_static.dir/missing/strlcat.c.o
#22 44.58 [ 72%] Building C object CMakeFiles/pcap_static.dir/missing/strlcpy.c.o
#22 44.61 [ 73%] Building C object CMakeFiles/pcap_static.dir/pcap-linux.c.o
#22 45.23 [ 75%] Building C object CMakeFiles/pcap_static.dir/fad-getad.c.o
#22 45.29 [ 76%] Building C object CMakeFiles/pcap_static.dir/pcap-usb-linux.c.o
#22 45.44 [ 78%] Building C object CMakeFiles/pcap_static.dir/pcap-netfilter-linux.c.o
#22 45.64 [ 80%] Building C object CMakeFiles/pcap_static.dir/grammar.c.o
#22 47.33 [ 81%] Building C object CMakeFiles/pcap_static.dir/scanner.c.o
#22 47.80 [ 83%] Linking C static library libpcap.a
#22 47.81 [ 86%] Built target pcap_static
#22 47.82 [ 87%] Building C object testprogs/fuzz/CMakeFiles/fuzz_pcap.dir/onefile.c.o
#22 47.86 [ 89%] Building C object testprogs/fuzz/CMakeFiles/fuzz_pcap.dir/fuzz_pcap.c.o
#22 47.92 [ 90%] Linking C executable ../../run/fuzz_pcap
#22 48.00 [ 90%] Built target fuzz_pcap
#22 48.01 [ 92%] Building C object testprogs/fuzz/CMakeFiles/fuzz_filter.dir/onefile.c.o
#22 48.05 [ 93%] Building C object testprogs/fuzz/CMakeFiles/fuzz_filter.dir/fuzz_filter.c.o
#22 48.09 [ 95%] Linking C executable ../../run/fuzz_filter
#22 48.18 [ 95%] Built target fuzz_filter
#22 48.19 [ 96%] Building C object testprogs/fuzz/CMakeFiles/fuzz_both.dir/onefile.c.o
#22 48.23 [ 98%] Building C object testprogs/fuzz/CMakeFiles/fuzz_both.dir/fuzz_both.c.o
#22 48.29 [100%] Linking C executable ../../run/fuzz_both
#22 48.38 [100%] Built target fuzz_both
#22 48.38 + /afl/afl-clang-fast -DFUZZING_BUILD_MODE_UNSAFE_FOR_PRODUCTION -pthread -Wl,--no-as-needed -Wl,-ldl -Wl,-lm -Wno-unused-command-line-argument -O3 -I.. -c ../testprogs/fuzz/fuzz_both.c -o fuzz_both.o
#22 48.44 + /afl/afl-clang-fast++ -DFUZZING_BUILD_MODE_UNSAFE_FOR_PRODUCTION -pthread -Wl,--no-as-needed -Wl,-ldl -Wl,-lm -Wno-unused-command-line-argument -stdlib=libc++ -O3 fuzz_both.o -o /out/cmplog/fuzz_both libpcap.a /libAFLDriver.a
#22 48.50 + cd ..
#22 48.50 + cp testprogs/fuzz/fuzz_both.options testprogs/fuzz/fuzz_filter.options testprogs/fuzz/fuzz_pcap.options /out/cmplog/
#22 48.50 + cd /src/tcpdump/
#22 48.50 + zip -r fuzz_pcap_seed_corpus.zip tests/
#22 48.52   adding: tests/ (stored 0%)
#22 48.52   adding: tests/icmpv6-ni-flags.pcap (deflated 66%)
#22 48.52   adding: tests/ipv6-srh-ipproto-ether-v.out (deflated 33%)
#22 48.52   adding: tests/resp_4_infiniteloop.out (deflated 80%)
#22 48.52   adding: tests/dns-uri.pcap (deflated 44%)
#22 48.52   adding: tests/tok2str-oobr-1.pcap (deflated 40%)
#22 48.52   adding: tests/ipv6-routing-header.out (deflated 72%)
#22 48.52   adding: tests/mobility_opt_asan_7.pcap (deflated 30%)
#22 48.52   adding: tests/mobility_opt_asan_8.pcap (deflated 19%)
#22 48.52   adding: tests/hoobr_bfd_print.out (deflated 71%)
#22 48.52   adding: tests/hoobr_juniper2.pcap (deflated 40%)
#22 48.52   adding: tests/dccp_options-oobr.out (deflated 69%)
#22 48.52   adding: tests/status_code-42.pcap (deflated 18%)
#22 48.52   adding: tests/kh-timed-001-oobr.out (deflated 84%)
#22 48.52   adding: tests/ntp-mode7.out (deflated 77%)
#22 48.52   adding: tests/atm-heapoverflow.out (stored 0%)
#22 48.52   adding: tests/whois-v.out (deflated 73%)
#22 48.52   adding: tests/geneve-tcp.out (deflated 87%)
#22 48.52   adding: tests/isoclns-oobr.pcap (deflated 42%)
#22 48.52   adding: tests/ptp_ethernet.pcap (deflated 85%)
#22 48.52   adding: tests/ipv6-srh-ipproto-ether-ev.out (deflated 38%)
#22 48.52   adding: tests/hoobr_rt6_print.out (deflated 61%)
#22 48.52   adding: tests/msnlb.pcap (deflated 46%)
#22 48.52   adding: tests/reason_code-7.pcap (deflated 16%)
#22 48.52   adding: tests/nfs-attr-oobr.pcap (deflated 97%)
#22 48.52   adding: tests/llc-xid-heapoverflow.pcap (deflated 56%)
#22 48.52   adding: tests/lspping-fec-rsvp-vv.out (deflated 88%)
#22 48.52   adding: tests/lmpv1_busyloop.pcap (deflated 87%)
#22 48.52   adding: tests/hoobr_chdlc_print.out (deflated 90%)
#22 48.52   adding: tests/bgp-large-community.out (deflated 76%)
#22 48.52   adding: tests/status_code-75.pcap (deflated 17%)
#22 48.52   adding: tests/mobility_opt_asan_3.pcap (deflated 31%)
#22 48.52   adding: tests/dccp_partial_csum_v6_longer.pcap (deflated 64%)
#22 48.52   adding: tests/isis-areaaddr-oobr-1.pcap (deflated 99%)
#22 48.52   adding: tests/mstp-v.out (deflated 93%)
#22 48.52   adding: tests/lisp_ipv6.pcap (deflated 52%)
#22 48.52   adding: tests/bgp-aigp-2.pcap (deflated 19%)
#22 48.52   adding: tests/IGMP_V2.pcap (deflated 70%)
#22 48.52   adding: tests/forces2vv.out (deflated 90%)
#22 48.52   adding: tests/someip1.pcap (deflated 52%)
#22 48.52   adding: tests/ikev2pI2-secrets.txt (deflated 41%)
#22 48.52   adding: tests/bgp-as-path-oobr-nossl.out (deflated 99%)
#22 48.52   adding: tests/dns_udp.pcap (deflated 30%)
#22 48.52   adding: tests/brcm-tag-prepend.pcap (deflated 72%)
#22 48.52   adding: tests/ipv6hdr-heapoverflow.out (deflated 53%)
#22 48.52   adding: tests/vrrp-v.out (deflated 94%)
#22 48.52   adding: tests/isakmp-no-none-np.out (deflated 97%)
#22 48.53   adding: tests/HSRP_election.pcap (deflated 85%)
#22 48.53   adding: tests/reason_code-50.pcap (deflated 16%)
#22 48.53   adding: tests/ipv6-too-long-jumbo.pcap (deflated 17%)
#22 48.53   adding: tests/mobility_opt_asan.out (deflated 51%)
#22 48.53   adding: tests/status_code-66.pcap (deflated 17%)
#22 48.53   adding: tests/ripv2-invalid-length.out (deflated 64%)
#22 48.53   adding: tests/lldp-app-priority.out (deflated 61%)
#22 48.53   adding: tests/of10_p3295.pcap (deflated 84%)
#22 48.53   adding: tests/bad-ipv4-version-pgm-heapoverflow.pcap (deflated 51%)
#22 48.53   adding: tests/UDLD.pcap (deflated 85%)
#22 48.53   adding: tests/babel_rfc6126bis.pcap (deflated 79%)
#22 48.53   adding: tests/lisp_eid_notify.pcap (deflated 72%)
#22 48.53   adding: tests/reason_code-45.pcap (deflated 16%)
#22 48.53   adding: tests/lisp_eid_register.out (deflated 75%)
#22 48.53   adding: tests/status_code-23.pcap (deflated 17%)
#22 48.53   adding: tests/cve-2014-8768-Geonet.pcap (deflated 25%)
#22 48.53   adding: tests/tfo-5c1fa7f9ae91.pcap (deflated 58%)
#22 48.53   adding: tests/edns-opts-vv.out (deflated 84%)
#22 48.53   adding: tests/isis-extd-ipreach-oobr.pcap (deflated 100%)
#22 48.53   adding: tests/mobility_opt_asan_4.pcap (deflated 17%)
#22 48.53   adding: tests/icmpv6-RFC2894-RR.out (deflated 81%)
#22 48.53   adding: tests/ptp_corrections.out (deflated 67%)
#22 48.53   adding: tests/dhcpv6-ia-na.pcap (deflated 60%)
#22 48.53   adding: tests/vrrp.pcap (deflated 90%)
#22 48.53   adding: tests/huge-tipc-messages.pcap (deflated 100%)
#22 48.53   adding: tests/isakmp-identification-segfault.pcap (deflated 78%)
#22 48.53   adding: tests/isis_stlv_asan-2.out (deflated 55%)
#22 48.53   adding: tests/loopback.pcap (deflated 79%)
#22 48.53   adding: tests/eapon1.pcap (deflated 80%)
#22 48.53   adding: tests/radius_attr_asan.pcap (deflated 24%)
#22 48.53   adding: tests/esp4.gdbinit (deflated 5%)
#22 48.53   adding: tests/dns_tcp_8053.pcap (deflated 49%)
#22 48.53   adding: tests/decnet.out (deflated 83%)
#22 48.53   adding: tests/OLSRv1_HNA_sgw_1.pcap (deflated 16%)
#22 48.53   adding: tests/rpl-dao-oobr.pcap (deflated 39%)
#22 48.53   adding: tests/icmpv6.pcap (deflated 55%)
#22 48.53   adding: tests/esp0.out (deflated 83%)
#22 48.53   adding: tests/scps_invalid.out (deflated 47%)
#22 48.53   adding: tests/ntp-mode7--vv.out (deflated 80%)
#22 48.53   adding: tests/lspping-fec-rsvp.out (deflated 80%)
#22 48.53   adding: tests/pim-packet-assortment-v.out (deflated 92%)
#22 48.53   adding: tests/kday8.pcap (deflated 43%)
#22 48.53   adding: tests/ISAKMP_sa_setup.pcap (deflated 30%)
#22 48.53   adding: tests/bgp-bgp_capabilities_print-oobr-2.out (deflated 52%)
#22 48.53   adding: tests/whois.out (deflated 72%)
#22 48.53   adding: tests/rpl-dao-oobr.out (deflated 30%)
#22 48.53   adding: tests/rtp-seg-fault-1.pcapng (deflated 79%)
#22 48.53   adding: tests/ikev2fourv.out (deflated 65%)
#22 48.53   adding: tests/ntp-time.pcap (deflated 33%)
#22 48.53   adding: tests/babel_pad1.out (deflated 48%)
#22 48.53   adding: tests/forces3.pcap (deflated 76%)
#22 48.53   adding: tests/hoobr_bfd_print.pcap (deflated 76%)
#22 48.53   adding: tests/bgp-4byte-asn.pcap (deflated 69%)
#22 48.53   adding: tests/hoobr_parse_field.pcap (deflated 74%)
#22 48.53   adding: tests/hoobr_pimv1.pcap (deflated 91%)
#22 48.53   adding: tests/EIGRP_subnet_up.pcap (deflated 75%)
#22 48.53   adding: tests/reason_code-37.pcap (deflated 16%)
#22 48.53   adding: tests/ppp-invalid-lengths.pcap (deflated 97%)
#22 48.53   adding: tests/of13_ericsson.out (deflated 84%)
#22 48.53   adding: tests/arp-oobr.pcap (deflated 86%)
#22 48.54   adding: tests/EIGRP_ipv6.pcap (deflated 37%)
#22 48.54   adding: tests/ripv2-invalid-length.pcap (deflated 50%)
#22 48.54   adding: tests/espudp1.pcap (deflated 26%)
#22 48.54   adding: tests/arista_ether-ev.out (deflated 90%)
#22 48.54   adding: tests/status_code-22.pcap (deflated 17%)
#22 48.54   adding: tests/lmp-v-fptype2.out (deflated 87%)
#22 48.54   adding: tests/status_code-26.pcap (deflated 17%)
#22 48.54   adding: tests/EIGRP_goodbye.pcap (deflated 83%)
#22 48.54   adding: tests/status_code-106.pcap (deflated 17%)
#22 48.54   adding: tests/status_code-69.pcap (deflated 17%)
#22 48.54   adding: tests/rsvp_cap.pcap (deflated 21%)
#22 48.54   adding: tests/status_code-58.pcap (deflated 17%)
#22 48.54   adding: tests/dns-zlip-1.out (deflated 9%)
#22 48.54   adding: tests/pptp-v.out (deflated 81%)
#22 48.54   adding: tests/ikev1_id_ipv6_addr_subnet-oobr.out (deflated 24%)
#22 48.54   adding: tests/ikev1_id_ipv6_addr_subnet-oobr.pcap (deflated 19%)
#22 48.54   adding: tests/pgm_opts_asan_3.out (deflated 29%)
#22 48.54   adding: tests/esis_snpa_asan-2.pcap (deflated 24%)
#22 48.54   adding: tests/isis_4-v.out (deflated 93%)
#22 48.54   adding: tests/dnssec-vv.out (deflated 78%)
#22 48.54   adding: tests/gre-heapoverflow-1.pcap (deflated 80%)
#22 48.54   adding: tests/bfd-raw-auth-simple.out (deflated 90%)
#22 48.54   adding: tests/bgp-aigp.pcap (deflated 23%)
#22 48.54   adding: tests/stp-v4-length-sigsegv.out (deflated 2%)
#22 48.54   adding: tests/lmp-v.tests (deflated 51%)
#22 48.54   adding: tests/ldp_infloop.out (deflated 59%)
#22 48.54   adding: tests/sflow-print-v6.pcap (deflated 89%)
#22 48.54   adding: tests/dhcp-mud.out (deflated 59%)
#22 48.54   adding: tests/babel_rtt.out (deflated 78%)
#22 48.54   adding: tests/pktap-heap-overflow.pcap (deflated 74%)
#22 48.54   adding: tests/kday3.pcap (deflated 55%)
#22 48.54   adding: tests/aarp-heapoverflow-2.pcap (deflated 45%)
#22 48.54   adding: tests/status_code-73.pcap (deflated 17%)
#22 48.54   adding: tests/ldp-infinite-loop.pcap (deflated 58%)
#22 48.54   adding: tests/ntp.pcap (deflated 43%)
#22 48.54   adding: tests/status_code-98.pcap (deflated 17%)
#22 48.54   adding: tests/isakmp3.out (deflated 74%)
#22 48.54   adding: tests/lldp_8021_linkagg-vv.out (deflated 57%)
#22 48.54   adding: tests/dcb_pfc.pcap (deflated 72%)
#22 48.54   adding: tests/babel_rfc6126bis.out (deflated 94%)
#22 48.54   adding: tests/kday2.pcap (deflated 43%)
#22 48.54   adding: tests/isis_iid_tlv.pcap (deflated 97%)
#22 48.54   adding: tests/status_code-64.pcap (deflated 17%)
#22 48.54   adding: tests/pim_header_asan-3.out (deflated 20%)
#22 48.54   adding: tests/ieee802.11_exthdr.pcap (deflated 76%)
#22 48.54   adding: tests/stp-v4-length-sigsegv.pcap (deflated 80%)
#22 48.54   adding: tests/l2tp-avp-overflow.pcap (deflated 87%)
#22 48.54   adding: tests/esis_snpa_asan.out (deflated 47%)
#22 48.54   adding: tests/pimv2-oobr-4.out (deflated 43%)
#22 48.54   adding: tests/vqp-oobr.pcap (deflated 5%)
#22 48.54   adding: tests/decnet-shorthdr-oobr.pcap (deflated 93%)
#22 48.54   adding: tests/rx_ubik-oobr.out (deflated 21%)
#22 48.54   adding: tests/icmp-cksum-oobr-1.pcap (deflated 11%)
#22 48.54   adding: tests/forces1.out (deflated 82%)
#22 48.54   adding: tests/status_code-28.pcap (deflated 17%)
#22 48.54   adding: tests/tok2str-oobr-1.out (deflated 64%)
#22 48.54   adding: tests/esis_snpa_asan-3.pcap (deflated 39%)
#22 48.54   adding: tests/bgp-llgr.out (deflated 60%)
#22 48.54   adding: tests/empty.pcapng (deflated 38%)
#22 48.54   adding: tests/ip_ts_opts_asan.out (deflated 18%)
#22 48.54   adding: tests/kday5.pcap (deflated 52%)
#22 48.54   adding: tests/status_code-24.pcap (deflated 18%)
#22 48.54   adding: tests/macsec-snap.pcap (deflated 22%)
#22 48.54   adding: tests/rsvp_fast_reroute-oobr.out (deflated 41%)
#22 48.54   adding: tests/nsh-over-vxlan-gpe-vv.out (deflated 42%)
#22 48.54   adding: tests/lspping-fec-ldp-v.out (deflated 85%)
#22 48.54   adding: tests/bfd-raw-auth-sha1-v.out (deflated 96%)
#22 48.54   adding: tests/macsec-encrypted.pcap (deflated 6%)
#22 48.54   adding: tests/status_code-27.pcap (deflated 17%)
#22 48.54   adding: tests/status_code-39.pcap (deflated 17%)
#22 48.54   adding: tests/ieee802.11_rx-stbc.out (deflated 54%)
#22 48.54   adding: tests/otv-heapoverflow-1.out (deflated 71%)
#22 48.54   adding: tests/macsec-short-longer.out (deflated 25%)
#22 48.54   adding: tests/reason_code-54.pcap (deflated 16%)
#22 48.54   adding: tests/otv-heapoverflow-2.out (deflated 70%)
#22 48.54   adding: tests/ospf-gmpls.pcap (deflated 58%)
#22 48.54   adding: tests/bgp-lu-multiple-labels.pcap (deflated 68%)
#22 48.54   adding: tests/lspping-fec-ldp.out (deflated 76%)
#22 48.54   adding: tests/someip1.out (deflated 66%)
#22 48.54   adding: tests/lldp_cdp-ev.out (deflated 90%)
#22 48.54   adding: tests/bgp_pmsi_tunnel-oobr.pcap (deflated 14%)
#22 48.54   adding: tests/nsh-over-vxlan-gpe-v.out (deflated 42%)
#22 48.54   adding: tests/smb_print_trans-oobr2.out (deflated 49%)
#22 48.54   adding: tests/ipv6hdr-heapoverflow.pcap (deflated 64%)
#22 48.54   adding: tests/bcm-li.pcap (deflated 75%)
#22 48.55   adding: tests/lsp-ping-timestamp.out (deflated 37%)
#22 48.55   adding: tests/ospf6_print_lshdr-oobr.pcap (deflated 71%)
#22 48.55   adding: tests/pim_header_asan-4.pcap (deflated 23%)
#22 48.55   adding: tests/spb_bpduv4.pcap (deflated 94%)
#22 48.55   adding: tests/reason_code-64.pcap (deflated 16%)
#22 48.55   adding: tests/ospf6_print_lshdr-oobr.out (deflated 84%)
#22 48.55   adding: tests/isup.pcap (deflated 44%)
#22 48.55   adding: tests/hoobr_aodv_extension.out (deflated 35%)
#22 48.55   adding: tests/mobility_opt_asan_7.out (deflated 48%)
#22 48.55   adding: tests/brcm-tag-e.out (deflated 87%)
#22 48.55   adding: tests/status_code-52.pcap (deflated 17%)
#22 48.55   adding: tests/status_code-89.pcap (deflated 17%)
#22 48.55   adding: tests/reason_code-61.pcap (deflated 16%)
#22 48.55   adding: tests/isis_stlv_asan-3.pcap (deflated 42%)
#22 48.55   adding: tests/bcm-li-v.out (deflated 92%)
#22 48.55   adding: tests/bgp-addpath.out (deflated 63%)
#22 48.55   adding: tests/stp-heapoverflow-3.out (deflated 93%)
#22 48.55   adding: tests/unsupported-link-type-dbus.pcap (deflated 42%)
#22 48.55   adding: tests/bgp-bgp_capabilities_print-oobr-2.pcap (deflated 24%)
#22 48.55   adding: tests/macsec-encrypted.out (deflated 37%)
#22 48.55   adding: tests/dns_udp.out (deflated 34%)
#22 48.55   adding: tests/802_15_4-oobr-2.out (deflated 1%)
#22 48.55   adding: tests/isis_poi.out (deflated 35%)
#22 48.55   adding: tests/status_code-45.pcap (deflated 17%)
#22 48.55   adding: tests/802_15_4-oobr-1.pcap (deflated 18%)
#22 48.55   adding: tests/status_code-44.pcap (deflated 17%)
#22 48.55   adding: tests/status_code-57.pcap (deflated 17%)
#22 48.55   adding: tests/sflow-print-v6.out (deflated 96%)
#22 48.55   adding: tests/isakmp-3948-oobr-2.out (deflated 21%)
#22 48.55   adding: tests/bcm-li.out (deflated 94%)
#22 48.55   adding: tests/isis-areaaddr-oobr-2.pcap (deflated 99%)
#22 48.55   adding: tests/HDLC.pcap (deflated 74%)
#22 48.55   adding: tests/isoclns-heapoverflow-3.pcap (deflated 39%)
#22 48.55   adding: tests/pgm_group_addr_asan.pcap (deflated 11%)
#22 48.55   adding: tests/status_code-92.pcap (deflated 17%)
#22 48.55   adding: tests/brcm-tag-prepend.out (deflated 86%)
#22 48.55   adding: tests/reason_code-30.pcap (deflated 16%)
#22 48.55   adding: tests/hncp.out (deflated 76%)
#22 48.55   adding: tests/reason_code-42.pcap (deflated 16%)
#22 48.55   adding: tests/extract_read2_asan.pcap (deflated 31%)
#22 48.55   adding: tests/bgp-as-path-oobr.pcap (deflated 98%)
#22 48.55   adding: tests/bgp-bgp_capabilities_print-oobr-1.pcap (deflated 23%)
#22 48.55   adding: tests/hncp_prefix-oobr.out (deflated 63%)
#22 48.55   adding: tests/status_code-37.pcap (deflated 17%)
#22 48.55   adding: tests/HSRP_coup.pcap (deflated 85%)
#22 48.55   adding: tests/edns-opts-v.out (deflated 85%)
#22 48.55   adding: tests/mptcp-dss-oobr.out (deflated 21%)
#22 48.55   adding: tests/babel.pcap (deflated 75%)
#22 48.55   adding: tests/tok2str-oobr-2.out (deflated 48%)
#22 48.55   adding: tests/hoobr_nfs_printfh.pcap (deflated 95%)
#22 48.55   adding: tests/rsvp_infloop-v.out (deflated 81%)
#22 48.55   adding: tests/unsupported-link-type-dbus.out (deflated 62%)
#22 48.55   adding: tests/dhcp6_reconf_asan.out (deflated 25%)
#22 48.55   adding: tests/ikev2pI2-segfault-v.out (deflated 40%)
#22 48.55   adding: tests/of13_ericsson-v.out (deflated 85%)
#22 48.55   adding: tests/icmp6_mobileprefix_asan.out (deflated 25%)
#22 48.55   adding: tests/vrrp.out (deflated 91%)
#22 48.55   adding: tests/bfd-lag-v.out (deflated 85%)
#22 48.55   adding: tests/heapoverflow-ip_demux_print.pcap (deflated 74%)
#22 48.55   adding: tests/nsh.pcap (deflated 18%)
#22 48.55   adding: tests/tftp-T.out (deflated 72%)
#22 48.55   adding: tests/isoclns-heapoverflow.pcap (deflated 45%)
#22 48.55   adding: tests/ipv6-mobility-header-oobr.out (deflated 50%)
#22 48.55   adding: tests/reason_code-38.pcap (deflated 16%)
#22 48.55   adding: tests/ntp-control.pcap (deflated 77%)
#22 48.55   adding: tests/bgp_mp_reach_nlri-oobr.out (deflated 68%)
#22 48.55   adding: tests/reason_code-6.pcap (deflated 16%)
#22 48.55   adding: tests/dcb_pfc.out (deflated 84%)
#22 48.55   adding: tests/reason_code-1.pcap (deflated 16%)
#22 48.55   adding: tests/RADIUS-RFC5176.pcap (deflated 35%)
#22 48.55   adding: tests/dns-zlip-1.pcap (deflated 15%)
#22 48.55   adding: tests/igrp-oobr.pcap (deflated 58%)
#22 48.55   adding: tests/forces2.pcap (deflated 72%)
#22 48.55   adding: tests/isakmp-3948-oobr-2.pcap (deflated 51%)
#22 48.55   adding: tests/dns_tcp-vvv.out (deflated 75%)
#22 48.55   adding: tests/sflow_multiple_counter_30_pdus-nv.out (deflated 87%)
#22 48.55   adding: tests/status_code-11.pcap (deflated 17%)
#22 48.55   adding: tests/kday2.out (deflated 60%)
#22 48.55   adding: tests/udld-inf-loop-1-v.out (deflated 43%)
#22 48.55   adding: tests/resp_1_benchmark.pcap (deflated 88%)
#22 48.55   adding: tests/babel_pad1.pcap (deflated 39%)
#22 48.55   adding: tests/status_code-14.pcap (deflated 17%)
#22 48.55   adding: tests/ISIS_level1_adjacency.pcap (deflated 97%)
#22 48.55   adding: tests/arista_ether-e.out (deflated 88%)
#22 48.55   adding: tests/bgp-encap.out (deflated 44%)
#22 48.55   adding: tests/lisp_ipv6.out (deflated 73%)
#22 48.55   adding: tests/evb.out (deflated 88%)
#22 48.55   adding: tests/isis-seg-fault-2-v.out (deflated 89%)
#22 48.55   adding: tests/dhcp6_reconf_asan.pcap (deflated 11%)
#22 48.55   adding: tests/ntp-control.out (deflated 85%)
#22 48.55   adding: tests/ipv6-srh-insert-cksum.pcap (deflated 89%)
#22 48.55   adding: tests/dhcp-rfc3004-v.out (deflated 78%)
#22 48.55   adding: tests/802.1D_spanning_tree.pcap (deflated 84%)
#22 48.55   adding: tests/eap_extract_read2_asan.pcap (deflated 18%)
#22 48.55   adding: tests/esis_snpa_asan-2.out (deflated 18%)
#22 48.55   adding: tests/LACP.pcap (deflated 89%)
#22 48.55   adding: tests/pptp.out (deflated 77%)
#22 48.55   adding: tests/whois.pcap (deflated 47%)
#22 48.55   adding: tests/dns-badvers.pcap (deflated 38%)
#22 48.55   adding: tests/decnet-oobr.out (deflated 71%)
#22 48.55   adding: tests/dcb_qcn.out (deflated 91%)
#22 48.56   adding: tests/lspping-fec-ldp-vv.out (deflated 86%)
#22 48.56   adding: tests/dhcpv6-AFTR-Name-RFC6334.pcap (deflated 59%)
#22 48.56   adding: tests/icmp-icmp_print-oobr-1.out (deflated 43%)
#22 48.56   adding: tests/isis_sr.out (deflated 48%)
#22 48.56   adding: tests/ntp-control--v.out (deflated 88%)
#22 48.56   adding: tests/geonet_and_calm_fast.out (deflated 87%)
#22 48.56   adding: tests/icmpv6-rfc7112.pcap (deflated 36%)
#22 48.56   adding: tests/rpl-19-pickdag.pcap (deflated 38%)
#22 48.56   adding: tests/dsa.out (deflated 74%)
#22 48.56   adding: tests/status_code-8.pcap (deflated 17%)
#22 48.56   adding: tests/of10_7050q.pcapng (deflated 43%)
#22 48.56   adding: tests/isakmpv1-attr-oobr.out (deflated 23%)
#22 48.56   adding: tests/dsa.pcap (deflated 65%)
#22 48.56   adding: tests/cve2015-0261-ipv6.pcap (deflated 72%)
#22 48.56   adding: tests/mpls-traceroute-v.out (deflated 88%)
#22 48.56   adding: tests/status_code-5.pcap (deflated 17%)
#22 48.56   adding: tests/olsr-oobr-2.pcap (deflated 22%)
#22 48.56   adding: tests/dns_tcp_8053-T.out (deflated 75%)
#22 48.56   adding: tests/lldp-infinite-loop-2.pcap (deflated 94%)
#22 48.56   adding: tests/heapoverflow-sl_if_print.pcap (deflated 52%)
#22 48.56   adding: tests/status_code-56.pcap (deflated 17%)
#22 48.56   adding: tests/rx_serviceid_oobr.pcap (deflated 30%)
#22 48.56   adding: tests/radius-rfc3162-v.out (deflated 61%)
#22 48.56   adding: tests/ntp-time.out (deflated 40%)
#22 48.56   adding: tests/isakmp-delete-segfault.pcap (deflated 86%)
#22 48.56   adding: tests/dcb_ets.out (deflated 97%)
#22 48.56   adding: tests/vrrp-vrrp_print-oobr.out (deflated 70%)
#22 48.56   adding: tests/icmpv6-rfc7112.out (deflated 23%)
#22 48.56   adding: tests/reason_code-5.pcap (deflated 16%)
#22 48.56   adding: tests/stp-heapoverflow-3.pcap (deflated 92%)
#22 48.56   adding: tests/nsh-over-vxlan-gpe-vvv.out (deflated 48%)
#22 48.56   adding: tests/tftp.out (deflated 72%)
#22 48.56   adding: tests/status_code-48.pcap (deflated 17%)
#22 48.56   adding: tests/3560_CDP.pcap (deflated 69%)
#22 48.56   adding: tests/lldp-infinite-loop-1.out (deflated 90%)
#22 48.56   adding: tests/stp-heapoverflow-2.pcap (deflated 93%)
#22 48.56   adding: tests/rpl-14-daovvv.out (deflated 18%)
#22 48.56   adding: tests/radius-rfc5176-2-v.out (deflated 44%)
#22 48.56   adding: tests/lwres_with_extra.pcap (deflated 35%)
#22 48.56   adding: tests/status_code-72.pcap (deflated 17%)
#22 48.56   adding: tests/rpl-14-dao.pcap (deflated 20%)
#22 48.56   adding: tests/pimv2_sm-v.out (deflated 93%)
#22 48.56   adding: tests/ppp-invalid-lengths.out (deflated 97%)
#22 48.56   adding: tests/OSPFv3_with_AH.pcap (deflated 75%)
#22 48.56   adding: tests/dns_tcp.out (deflated 72%)
#22 48.56   adding: tests/reason_code-33.pcap (deflated 16%)
#22 48.56   adding: tests/mpbgp-linklocal-nexthop.pcap (deflated 27%)
#22 48.56   adding: tests/oobr_parse_elements.out (stored 0%)
#22 48.56   adding: tests/reason_code-44.pcap (deflated 16%)
#22 48.56   adding: tests/nbns-valgrind.out (deflated 26%)
#22 48.56   adding: tests/PIM_register_register-stop.pcap (deflated 41%)
#22 48.56   adding: tests/ntp-mode7--vvv.out (deflated 80%)
#22 48.56   adding: tests/heapoverflow-tcp_print.out (deflated 35%)
#22 48.56   adding: tests/bgp-aigp-oobr-nossl.out (deflated 99%)
#22 48.56   adding: tests/hdlc1.out (deflated 11%)
#22 48.56   adding: tests/hoobr_nfs_xid_map_enter.pcap (deflated 93%)
#22 48.56   adding: tests/bgp-bgp_capabilities_print-oobr-1.out (deflated 53%)
#22 48.56   adding: tests/kday1.pcap (deflated 20%)
#22 48.56   adding: tests/nfs-cannot-pad-32-bit.out (deflated 36%)
#22 48.56   adding: tests/status_code-70.pcap (deflated 17%)
#22 48.56   adding: tests/hoobr_ripng_print.out (deflated 21%)
#22 48.56   adding: tests/q933-heapoverflow-2.pcap (deflated 23%)
#22 48.56   adding: tests/OSPFv3_multipoint_adjacencies.pcap (deflated 81%)
#22 48.56   adding: tests/status_code-17.pcap (deflated 17%)
#22 48.56   adding: tests/bgp-link-bw-extcommunity.out (deflated 83%)
#22 48.56   adding: tests/igmpv3-queries.pcap (deflated 70%)
#22 48.56   adding: tests/icmpv6_opt24-v.out (deflated 71%)
#22 48.56   adding: tests/gre-heapoverflow-2.out (deflated 54%)
#22 48.56   adding: tests/nfs-attr-oobr.out (deflated 98%)
#22 48.56   adding: tests/heapoverflow-atalk_2.out (stored 0%)
#22 48.56   adding: tests/vrrp-vrrp_print-oobr-2.pcap (deflated 76%)
#22 48.56   adding: tests/reason_code-47.pcap (deflated 16%)
#22 48.56   adding: tests/heap-overflow-2.pcap (deflated 39%)
#22 48.56   adding: tests/dhcp-rfc4388.out (deflated 91%)
#22 48.56   adding: tests/ospf-gmpls.out (deflated 80%)
#22 48.56   adding: tests/pim_header_asan.pcap (deflated 19%)
#22 48.56   adding: tests/isakmp2.out (deflated 16%)
#22 48.56   adding: tests/bgp-large-community.pcap (deflated 62%)
#22 48.56   adding: tests/gre-heapoverflow-1.out (deflated 74%)
#22 48.56   adding: tests/edns-opts.pcap (deflated 73%)
#22 48.56   adding: tests/bgp-aigp-oobr-ssl.out (deflated 99%)
#22 48.57   adding: tests/ipv6-bad-version.out (deflated 54%)
#22 48.57   adding: tests/ldp-ldp_tlv_print-oobr.out (deflated 38%)
#22 48.57   adding: tests/cve-2014-8767-OLSR.pcap (deflated 36%)
#22 48.57   adding: tests/RADIUS-RFC4675.pcap (deflated 31%)
#22 48.57   adding: tests/tcp_header_heapoverflow.out (deflated 23%)
#22 48.57   adding: tests/tcp_header_heapoverflow.pcap (deflated 57%)
#22 48.57   adding: tests/lldp_8021_linkagg.pcap (deflated 40%)
#22 48.57   adding: tests/ipv6-too-long-jumbo.out (deflated 41%)
#22 48.57   adding: tests/802_15_4-data.pcap (deflated 8%)
#22 48.57   adding: tests/bgp-addpath.pcap (deflated 40%)
#22 48.57   adding: tests/smb_data_print-segv.out (deflated 68%)
#22 48.57   adding: tests/ospf-nssa-bitnt.out (deflated 42%)
#22 48.57   adding: tests/of10_s4810.pcap (deflated 83%)
#22 48.57   adding: tests/dtp-v.out (deflated 87%)
#22 48.57   adding: tests/dhcp-rfc5859-v.out (deflated 78%)
#22 48.57   adding: tests/mptcp-fclose.out (deflated 72%)
#22 48.57   adding: tests/bfd-multihop.pcap (deflated 80%)
#22 48.57   adding: tests/mpls-over-udp.pcap (deflated 37%)
#22 48.57   adding: tests/dhcpv6-ntp-server.pcap (deflated 32%)
#22 48.57   adding: tests/ipcomp-heapoverflow.pcap (deflated 51%)
#22 48.57   adding: tests/ospf6_decode_v3_asan.pcap (deflated 12%)
#22 48.57   adding: tests/msnlb2.out (deflated 35%)
#22 48.57   adding: tests/huge-tipc-messages.out (deflated 82%)
#22 48.57   adding: tests/status_code-53.pcap (deflated 17%)
#22 48.57   adding: tests/status_code-46.pcap (deflated 17%)
#22 48.57   adding: tests/chdlc-slarp.pcap (deflated 19%)
#22 48.57   adding: tests/pgm_group_addr_asan.out (deflated 27%)
#22 48.57   adding: tests/status_code-78.pcap (deflated 17%)
#22 48.57   adding: tests/bfd-raw-auth-md5-v.out (deflated 96%)
#22 48.57   adding: tests/rsvp_uni-oobr-2.pcap (deflated 2%)
#22 48.57   adding: tests/pim_header_asan-2.out (deflated 31%)
#22 48.57   adding: tests/forces2vvv.out (deflated 92%)
#22 48.57   adding: tests/dhcpv6-ia-ta.pcap (deflated 59%)
#22 48.57   adding: tests/pgm_opts_asan.out (deflated 27%)
#22 48.57   adding: tests/pimv2_register-v.out (deflated 53%)
#22 48.57   adding: tests/radius-rfc4675-v.out (deflated 75%)
#22 48.57   adding: tests/reason_code-62.pcap (deflated 16%)
#22 48.57   adding: tests/vtp_asan-2.out (deflated 12%)
#22 48.57   adding: tests/pimv2-oobr-1.pcap (deflated 99%)
#22 48.57   adding: tests/hncp.pcap (deflated 61%)
#22 48.57   adding: tests/aarp-heapoverflow-1.pcap (deflated 46%)
#22 48.57   adding: tests/status_code-55.pcap (deflated 17%)
#22 48.57   adding: tests/calm-fast-mac-lookup-heapoverflow.pcap (deflated 83%)
#22 48.57   adding: tests/reason_code-23.pcap (deflated 16%)
#22 48.57   adding: tests/spb.out (deflated 84%)
#22 48.57   adding: tests/dhcpv6-domain-list.pcap (deflated 33%)
#22 48.57   adding: tests/ntp-v.out (deflated 79%)
#22 48.57   adding: tests/rsvp_uni-oobr-2.out (deflated 28%)
#22 48.57   adding: tests/dccp_partial_csum_v4_longer.pcap (deflated 64%)
#22 48.57   adding: tests/bgp-as-path-oobr-ssl.out (deflated 99%)
#22 48.57   adding: tests/status_code-101.pcap (deflated 17%)
#22 48.57   adding: tests/reason_code-60.pcap (deflated 16%)
#22 48.57   adding: tests/IGMP_V1.pcap (deflated 69%)
#22 48.57   adding: tests/spb_bpduv4.out (deflated 85%)
#22 48.57   adding: tests/mpbgp-linklocal-nexthop.out (deflated 38%)
#22 48.57   adding: tests/esp3.gdbinit (deflated 19%)
#22 48.57   adding: tests/radius-rfc5176-v.out (deflated 71%)
#22 48.57   adding: tests/ipv6hdr-heapoverflow-v.out (deflated 37%)
#22 48.57   adding: tests/dns-uri.out (deflated 52%)
#22 48.57   adding: tests/dhcpv6-sip-server-d.out (deflated 33%)
#22 48.57   adding: tests/radiotap-heapoverflow.pcap (deflated 40%)
#22 48.58   adding: tests/reason_code-32.pcap (deflated 16%)
#22 48.58   adding: tests/relts-0x80000000.pcap (deflated 85%)
#22 48.58   adding: tests/802.1w_rapid_STP.pcap (deflated 87%)
#22 48.58   adding: tests/lisp_eid_notify.out (deflated 87%)
#22 48.58   adding: tests/rpl-26-senddaovv.out (deflated 19%)
#22 48.58   adding: tests/ntp-control--vv.out (deflated 88%)
#22 48.58   adding: tests/hsrp_1-v.out (deflated 93%)
#22 48.58   adding: tests/kday4.out (deflated 75%)
#22 48.58   adding: tests/bgp-infinite-loop.pcap (deflated 60%)
#22 48.58   adding: tests/ldp_tlv_print-oobr.out (deflated 45%)
#22 48.58   adding: tests/heapoverflow-in_checksum.out (deflated 29%)
#22 48.58   adding: tests/isakmp-no-none-np.pcapng (deflated 93%)
#22 48.58   adding: tests/ospf2-seg-fault-1.pcapng (deflated 34%)
#22 48.58   adding: tests/reason_code-34.pcap (deflated 16%)
#22 48.58   adding: tests/isis-areaaddr-oobr-1.out (deflated 39%)
#22 48.58   adding: tests/printf_z.tests (deflated 86%)
#22 48.58   adding: tests/dccp_partial_csum_v4_longer.out (deflated 83%)
#22 48.58   adding: tests/juniper_atm1_oobr.out (deflated 11%)
#22 48.58   adding: tests/reason_code-18.pcap (deflated 16%)
#22 48.58   adding: tests/isoclns-heapoverflow-3.out (deflated 24%)
#22 48.58   adding: tests/eigrp-tlv-oobr.out (deflated 95%)
#22 48.58   adding: tests/ISIS_p2p_adjacency.pcap (deflated 97%)
#22 48.58   adding: tests/juniper_es_oobr.out (deflated 2%)
#22 48.58   adding: tests/isis_poi2.out (deflated 38%)
#22 48.58   adding: tests/heapoverflow-atalk_print.out (stored 0%)
#22 48.58   adding: tests/TESTrun (deflated 67%)
#22 48.58   adding: tests/lmpv1_busyloop.out (deflated 76%)
#22 48.58   adding: tests/rsvp_uni-oobr-3.pcap (deflated 30%)
#22 48.58   adding: tests/ospf-nssa-bitnt.pcap (deflated 26%)
#22 48.58   adding: tests/bgp-extended-shutdown-msg.out (deflated 44%)
#22 48.58   adding: tests/pgm_opts_asan.pcap (deflated 13%)
#22 48.58   adding: tests/dns_fwdptr.pcap (deflated 100%)
#22 48.58   adding: tests/bgp_infloop-v.out (deflated 71%)
#22 48.58   adding: tests/aarp-heapoverflow-1.out (deflated 3%)
#22 48.58   adding: tests/dns-badlabel.out (deflated 77%)
#22 48.58   adding: tests/e1000g.out (deflated 86%)
#22 48.58   adding: tests/status_code-77.pcap (deflated 17%)
#22 48.58   adding: tests/ISIS_external_lsp.pcap (deflated 97%)
#22 48.58   adding: tests/status_code-103.pcap (deflated 17%)
#22 48.58   adding: tests/mptcp-v1.out (deflated 84%)
#22 48.58   adding: tests/mptcp-fclose.pcap (deflated 50%)
#22 48.58   adding: tests/ipx-invalid-length.pcap (deflated 18%)
#22 48.58   adding: tests/ahcp.pcapng (deflated 73%)
#22 48.58   adding: tests/dcb_qcn.pcap (deflated 84%)
#22 48.58   adding: tests/dsa-high-vid.pcap (deflated 58%)
#22 48.58   adding: tests/ntp-time--vv.out (deflated 64%)
#22 48.58   adding: tests/ipv6-srh-insert-cksum.out (deflated 20%)
#22 48.58   adding: tests/frf15-heapoverflow.out (stored 0%)
#22 48.58   adding: tests/dns_tcp-v.out (deflated 77%)
#22 48.58   adding: tests/slip-sliplink_print-oobr.out (stored 0%)
#22 48.58   adding: tests/reason_code-49.pcap (deflated 16%)
#22 48.58   adding: tests/pimv2_dm-v.out (deflated 92%)
#22 48.58   adding: tests/isis_sr.pcapng (deflated 23%)
#22 48.58   adding: tests/dccp_partial_csum_v6_simple.pcap (deflated 60%)
#22 48.58   adding: tests/babel_auth.pcap (deflated 1%)
#22 48.58   adding: tests/hncp_dhcpv4data-oobr.out (deflated 18%)
#22 48.58   adding: tests/RADIUS.pcap (deflated 34%)
#22 48.58   adding: tests/pptp.pcap (deflated 71%)
#22 48.58   adding: tests/icmp-icmp_print-oobr-1.pcap (deflated 33%)
#22 48.58   adding: tests/heap-overflow-1.out (stored 0%)
#22 48.58   adding: tests/bootp_asan.out (deflated 21%)
#22 48.58   adding: tests/icmp-cksum-oobr-4.pcapng (deflated 49%)
#22 48.58   adding: tests/rsvp-rsvp_obj_print-oobr.pcap (deflated 23%)
#22 48.58   adding: tests/ieee802.11_tim_ie_oobr.pcap (deflated 87%)
#22 48.58   adding: tests/reason_code-28.pcap (deflated 16%)
#22 48.58   adding: tests/rsvp-infinite-loop.pcap (deflated 63%)
#22 48.58   adding: tests/lisp_eid_register.pcap (deflated 53%)
#22 48.58   adding: tests/status_code-4.pcap (deflated 18%)
#22 48.58   adding: tests/heapoverflow-sl_if_print.out (stored 0%)
#22 48.58   adding: tests/smb_data_print-segv-nosmb.out (deflated 65%)
#22 48.58   adding: tests/macsec-short-valid.pcap (deflated 13%)
#22 48.58   adding: tests/geonet-mac-lookup-heapoverflow.pcap (deflated 53%)
#22 48.58   adding: tests/status_code-100.pcap (deflated 17%)
#22 48.58   adding: tests/ipv6-srh-ipproto-ether.pcap (deflated 36%)
#22 48.58   adding: tests/status_code-10.pcap (deflated 17%)
#22 48.58   adding: tests/bfd-raw-auth-simple-v.out (deflated 94%)
#22 48.58   adding: tests/nsh-vvv.out (deflated 42%)
#22 48.58   adding: tests/reason_code-3.pcap (deflated 16%)
#22 48.58   adding: tests/reason_code-66.pcap (deflated 16%)
#22 48.58   adding: tests/vsock-1-vv.out (deflated 76%)
#22 48.58   adding: tests/hoobr_juniper2.out (stored 0%)
#22 48.58   adding: tests/pgm_zmtp1.pcap (deflated 87%)
#22 48.58   adding: tests/isis-seg-fault-3-v.out (deflated 49%)
#22 48.58   adding: tests/brcm-tag.pcap (deflated 80%)
#22 48.58   adding: tests/ipoib.out (deflated 81%)
#22 48.58   adding: tests/kday7.pcap (deflated 71%)
#22 48.58   adding: tests/isis_poi.pcap (deflated 11%)
#22 48.58   adding: tests/pim-packet-assortment-vv.out (deflated 92%)
#22 48.58   adding: tests/hdlc3.out (deflated 83%)
#22 48.58   adding: tests/slip-sliplink_print-oobr.pcap (stored 0%)
#22 48.58   adding: tests/ospf3_nbma-vv.out (deflated 94%)
#22 48.58   adding: tests/ipx.pcap (deflated 85%)
#22 48.59   adding: tests/print-capXX.out (deflated 65%)
#22 48.59   adding: tests/pimv2_hellos-v.out (deflated 85%)
#22 48.59   adding: tests/reason_code-43.pcap (deflated 16%)
#22 48.59   adding: tests/dccp_partial_csum_v6_simple.out (deflated 74%)
#22 48.59   adding: tests/reason_code-8.pcap (deflated 16%)
#22 48.59   adding: tests/hoobr_rt6_print.pcap (deflated 82%)
#22 48.59   adding: tests/isoclns-oobr.out (stored 0%)
#22 48.59   adding: tests/of10_7050sx_bsn-oobr.out (deflated 66%)
#22 48.59   adding: tests/dns_udp-vvv.out (deflated 52%)
#22 48.59   adding: tests/babel_rtt.pcap (deflated 59%)
#22 48.59   adding: tests/kh-timed-004-oobr.out (deflated 57%)
#22 48.59   adding: tests/rx_serviceid_oobr.out (deflated 20%)
#22 48.59   adding: tests/ntp-control--vvv.out (deflated 88%)
#22 48.59   adding: tests/08-sunrise-sunset-aes.pcap (deflated 27%)
#22 48.59   adding: tests/tcp-auth-heapoverflow.out (deflated 34%)
#22 48.59   adding: tests/llc-xid-heapoverflow.out (deflated 1%)
#22 48.59   adding: tests/udld-inf-loop-1.pcapng (deflated 24%)
#22 48.59   adding: tests/icmpv6-RFC2894-RR-v.out (deflated 84%)
#22 48.59   adding: tests/status_code-104.pcap (deflated 17%)
#22 48.59   adding: tests/ipv6-next-header-oobr-2.pcap (deflated 63%)
#22 48.59   adding: tests/mptcp-aa-echo.pcap (deflated 13%)
#22 48.59   adding: tests/mpls-over-udp-v.out (deflated 62%)
#22 48.59   adding: tests/isis-seg-fault-3.pcapng (deflated 28%)
#22 48.59   adding: tests/syslog-v.out (deflated 67%)
#22 48.59   adding: tests/mpls-ldp-hello.pcap (deflated 16%)
#22 48.59   adding: tests/heapoverflow-tcp_print.pcap (deflated 60%)
#22 48.59   adding: tests/eigrp2-v.out (deflated 92%)
#22 48.59   adding: tests/rsvp-inf-loop-2-v.out (deflated 52%)
#22 48.59   adding: tests/espudp1.out (deflated 82%)
#22 48.59   adding: tests/icmpv6.out (deflated 64%)
#22 48.59   adding: tests/icmp-cksum-oobr-2.pcap (deflated 37%)
#22 48.59   adding: tests/afs.pcap (deflated 69%)
#22 48.61   adding: tests/ipv6-rthdr-oobr.out (deflated 42%)
#22 48.61   adding: tests/isup.out (deflated 74%)
#22 48.61   adding: tests/status_code-33.pcap (deflated 17%)
#22 48.61   adding: tests/rx.out (deflated 87%)
#22 48.61   adding: tests/aoe_1-v.out (deflated 94%)
#22 48.61   adding: tests/RADIUS-RFC5447.pcap (deflated 22%)
#22 48.61   adding: tests/mobility_opt_asan_4.out (deflated 24%)
#22 48.61   adding: tests/ikev2pI2-segfault.out (deflated 18%)
#22 48.61   adding: tests/cve-2014-8767-OLSR.out (deflated 25%)
#22 48.61   adding: tests/bgp_vpn_attrset.out (deflated 51%)
#22 48.61   adding: tests/l2tp-avp-overflow.out (deflated 89%)
#22 48.61   adding: tests/smb.tests (deflated 84%)
#22 48.61   adding: tests/pgm_opts_asan_3.pcap (deflated 11%)
#22 48.61   adding: tests/hoobr_chdlc_print.pcap (deflated 94%)
#22 48.61   adding: tests/pim_header_asan-3.pcap (deflated 17%)
#22 48.61   adding: tests/mobility_opt_asan.pcap (deflated 37%)
#22 48.61   adding: tests/heapoverflow-ppp_hdlc_if_print.out (stored 0%)
#22 48.61   adding: tests/dccp_partial_csum_v4_simple.pcap (deflated 47%)
#22 48.61   adding: tests/print-AA.out (deflated 61%)
#22 48.61   adding: tests/status_code-35.pcap (deflated 17%)
#22 48.61   adding: tests/cve2015-0261-crash.pcap (deflated 77%)
#22 48.61   adding: tests/vxlan.pcap (deflated 70%)
#22 48.61   adding: tests/tftp-heapoverflow.pcap (deflated 47%)
#22 48.61   adding: tests/vtp_asan-3.out (deflated 15%)
#22 48.61   adding: tests/status_code-2.pcap (deflated 19%)
#22 48.61   adding: tests/dcb_ets.pcap (deflated 90%)
#22 48.61   adding: tests/ikev2pI2-segfault.pcapng (deflated 76%)
#22 48.61   adding: tests/bfd-raw-auth-md5.out (deflated 93%)
#22 48.61   adding: tests/pgm_poll_polr.pcap (deflated 76%)
#22 48.61   adding: tests/ptp.pcap (deflated 52%)
#22 48.61   adding: tests/aoe-oobr-1.pcap (deflated 24%)
#22 48.61   adding: tests/hoobr_nfs_printfh.out (deflated 95%)
#22 48.61   adding: tests/dns_tcp.pcap (deflated 49%)
#22 48.61   adding: tests/babel1.out (deflated 80%)
#22 48.61   adding: tests/geneve-vni.out (deflated 85%)
#22 48.61   adding: tests/pimv2_bootstrap-v.out (deflated 81%)
#22 48.61   adding: tests/frf15-heapoverflow.pcap (deflated 36%)
#22 48.61   adding: tests/truncated-aack.pcap (deflated 24%)
#22 48.61   adding: tests/esp2.gdbinit (deflated 43%)
#22 48.61   adding: tests/epgm_zmtp1.pcap (deflated 87%)
#22 48.61   adding: tests/esis_snpa_asan.pcap (deflated 46%)
#22 48.61   adding: tests/dhcpv6-ia-na.out (deflated 71%)
#22 48.61   adding: tests/hncp_prefix-oobr.pcap (deflated 56%)
#22 48.61   adding: tests/tftp-heapoverflow.out (deflated 24%)
#22 48.61   adding: tests/radius-rfc5580-v.out (deflated 59%)
#22 48.61   adding: tests/lldp_8023_mtu-oobr.out (deflated 11%)
#22 48.61   adding: tests/igmpv3-queries.out (deflated 70%)
#22 48.61   adding: tests/status_code-74.pcap (deflated 17%)
#22 48.61   adding: tests/sflow_multiple_counter_30_pdus.out (deflated 92%)
#22 48.61   adding: tests/hoobr_juniper4.out (stored 0%)
#22 48.61   adding: tests/vtp_asan-2.pcap (deflated 10%)
#22 48.61   adding: tests/mptcp-aa-v1.pcap (deflated 64%)
#22 48.61   adding: tests/ssh.out (deflated 85%)
#22 48.61   adding: tests/of13_ericsson-vv.out (deflated 85%)
#22 48.61   adding: tests/pimv2-oobr-1.out (deflated 45%)
#22 48.61   adding: tests/print-x.out (deflated 70%)
#22 48.62   adding: tests/reason_code-52.pcap (deflated 16%)
#22 48.62   adding: tests/eigrp1-v.out (deflated 94%)
#22 48.62   adding: tests/rsvp_fast_reroute-oobr.pcap (deflated 19%)
#22 48.62   adding: tests/hsrp_1.out (deflated 89%)
#22 48.62   adding: tests/RADIUS-port1700.pcap (deflated 21%)
#22 48.62   adding: tests/reason_code-21.pcap (deflated 16%)
#22 48.62   adding: tests/esp5.gdbinit (deflated 8%)
#22 48.62   adding: tests/kday6.pcap (deflated 83%)
#22 48.62   adding: tests/macsec-snap.out (deflated 7%)
#22 48.62   adding: tests/zmtp1-inf-loop-1.pcapng (deflated 26%)
#22 48.62   adding: tests/isakmp-ikev1_n_print-oobr.pcap (deflated 42%)
#22 48.62   adding: tests/ospf3_auth-vv.out (deflated 39%)
#22 48.62   adding: tests/arista_ether.pcap (deflated 79%)
#22 48.62   adding: tests/bgp-aigp-oobr.pcap (deflated 99%)
#22 48.62   adding: tests/ikev2pI2.out (deflated 68%)
#22 48.62   adding: tests/status_code-86.pcap (deflated 17%)
#22 48.62   adding: tests/otv-heapoverflow-1.pcap (deflated 51%)
#22 48.62   adding: tests/802_15_4-oobr-2.pcap (deflated 9%)
#22 48.62   adding: tests/forces1vvvv.out (deflated 86%)
#22 48.62   adding: tests/mptcp-dss-oobr.pcap (deflated 25%)
#22 48.62   adding: tests/status_code-62.pcap (deflated 17%)
#22 48.62   adding: tests/edsa-high-vid.out (deflated 68%)
#22 48.62   adding: tests/hoobr_safeputs.pcap (deflated 52%)
#22 48.62   adding: tests/status_code-1.pcap (deflated 17%)
#22 48.62   adding: tests/mobility_opt_asan_6.out (deflated 51%)
#22 48.62   adding: tests/pimv2-oobr-2.out (deflated 73%)
#22 48.62   adding: tests/of10_p3295-vv.out (deflated 91%)
#22 48.62   adding: tests/ppp_ccp_config_deflate_option_asan.pcap (deflated 8%)
#22 48.62   adding: tests/extract_read2_asan.out (deflated 26%)
#22 48.62   adding: tests/ripv1v2.pcap (deflated 57%)
#22 48.62   adding: tests/sflow_print-segv.out (deflated 19%)
#22 48.62   adding: tests/sflow_print-segv.pcap (deflated 74%)
#22 48.62   adding: tests/isis_stlv_asan.pcap (deflated 71%)
#22 48.62   adding: tests/eapon1-v.out (deflated 89%)
#22 48.62   adding: tests/bgp-aigp.out (deflated 52%)
#22 48.62   adding: tests/of10_7050sx_bsn-oobr.pcap (deflated 35%)
#22 48.62   adding: tests/mpls-label-heapoverflow.out (deflated 18%)
#22 48.62   adding: tests/status_code-0.pcap (deflated 18%)
#22 48.62   adding: tests/RADIUS-RFC5176-2.pcap (deflated 17%)
#22 48.62   adding: tests/status_code-16.pcap (deflated 17%)
#22 48.62   adding: tests/reason_code-15.pcap (deflated 16%)
#22 48.62   adding: tests/sflow_multiple_counter_30_pdus.pcap (deflated 79%)
#22 48.62   adding: tests/isis_stlv_asan-4.out (deflated 57%)
#22 48.62   adding: tests/isoclns-heapoverflow.out (stored 0%)
#22 48.62   adding: tests/dns-zlip-3.out (deflated 7%)
#22 48.62   adding: tests/mptcp-aa-v1.out (deflated 82%)
#22 48.62   adding: tests/ipx-nosmb.out (deflated 89%)
#22 48.62   adding: tests/tftp.pcap (deflated 48%)
#22 48.62   adding: tests/bgp-4byte-asdot.out (deflated 87%)
#22 48.62   adding: tests/lldp_mudurl-vv.out (deflated 77%)
#22 48.62   adding: tests/geneve.pcap (deflated 52%)
#22 48.62   adding: tests/macsec-changed.out (deflated 38%)
#22 48.62   adding: tests/rtp-seg-fault-2.out (deflated 19%)
#22 48.62   adding: tests/heapoverflow-atalk_print.pcap (deflated 48%)
#22 48.62   adding: tests/isis_iid_tlv.out (deflated 95%)
#22 48.62   adding: tests/status_code-54.pcap (deflated 18%)
#22 48.62   adding: tests/status_code-68.pcap (deflated 17%)
#22 48.62   adding: tests/nflog-e.out (deflated 65%)
#22 48.62   adding: tests/pimv2-oobr-3.pcap (deflated 99%)
#22 48.62   adding: tests/atm-oam-heapoverflow.out (stored 0%)
#22 48.62   adding: tests/bgp_pmsi_tunnel-oobr.out (deflated 25%)
#22 48.62   adding: tests/status_code-88.pcap (deflated 18%)
#22 48.62   adding: tests/smb_data_print-oobr.pcapng (deflated 42%)
#22 48.62   adding: tests/status_code-80.pcap (deflated 17%)
#22 48.62   adding: tests/oobr_parse_elements.pcap (deflated 85%)
#22 48.62   adding: tests/smb_print_trans-oobr2.pcap (deflated 28%)
#22 48.62   adding: tests/unaligned-nfs-1.out (deflated 27%)
#22 48.62   adding: tests/bootp_asan-2.out (deflated 21%)
#22 48.62   adding: tests/eigrp3-v.out (deflated 90%)
#22 48.62   adding: tests/mlppp-oobr.pcap (deflated 34%)
#22 48.62   adding: tests/getname_2_read4_asan.pcap (deflated 16%)
#22 48.62   adding: tests/babel_update_oobr.pcap (deflated 89%)
#22 48.62   adding: tests/ip6_frag_asan.out (deflated 19%)
#22 48.62   adding: tests/beep-oobr.pcap (deflated 77%)
#22 48.62   adding: tests/q933-heapoverflow-2.out (deflated 78%)
#22 48.62   adding: tests/atm-heapoverflow.pcap (deflated 20%)
#22 48.62   adding: tests/heapoverflow-ppp_hdlc_if_print.pcap (deflated 40%)
#22 48.62   adding: tests/status_code-85.pcap (deflated 17%)
#22 48.62   adding: tests/bgp_vpn_rt-oobr.out (deflated 41%)
#22 48.62   adding: tests/rsvp_uni-oobr-1.pcap (deflated 1%)
#22 48.62   adding: tests/msnlb2.pcapng (deflated 46%)
#22 48.62   adding: tests/print-flags.pcap (deflated 53%)
#22 48.62   adding: tests/isakmp1.out (deflated 26%)
#22 48.62   adding: tests/reason_code-48.pcap (deflated 16%)
#22 48.62   adding: tests/status_code-61.pcap (deflated 17%)
#22 48.62   adding: tests/mpls-ldp-hello.out (deflated 51%)
#22 48.62   adding: tests/isis_infloop-v.out (deflated 82%)
#22 48.62   adding: tests/ipv6-bad-version.pcap (deflated 61%)
#22 48.62   adding: tests/kh-timed-002-oobr.out (deflated 18%)
#22 48.62   adding: tests/dhcp-rfc4388.pcap (deflated 90%)
#22 48.62   adding: tests/dsa-high-vid-e.out (deflated 73%)
#22 48.62   adding: tests/nsh.out (deflated 13%)
#22 48.62   adding: tests/edsa.pcap (deflated 68%)
#22 48.62   adding: tests/MSTP_Intra-Region_BPDUs.pcap (deflated 85%)
#22 48.62   adding: tests/ieee802.11_exthdr.out (deflated 82%)
#22 48.63   adding: tests/dhcpv6-ntp-server.out (deflated 32%)
#22 48.63   adding: tests/cve2015-0261-crash.out (deflated 37%)
#22 48.63   adding: tests/status_code-50.pcap (deflated 17%)
#22 48.63   adding: tests/vqp-oobr.out (deflated 21%)
#22 48.63   adding: tests/bfd-raw-auth-simple.pcap (deflated 79%)
#22 48.63   adding: tests/igrp-oobr.out (deflated 28%)
#22 48.63   adding: tests/icmp6_nodeinfo_oobr.pcap (deflated 25%)
#22 48.63   adding: tests/snmp-heapoverflow-1.pcap (deflated 86%)
#22 48.63   adding: tests/udp-length-heapoverflow.out (deflated 23%)
#22 48.63   adding: tests/ntp-time--v.out (deflated 64%)
#22 48.63   adding: tests/icmpv6-length-zero.out (deflated 6%)
#22 48.63   adding: tests/slip-compressed_sl_print-oobr.pcap (stored 0%)
#22 48.63   adding: tests/bgp_mvpn_6_and_7_oobr.pcap (deflated 22%)
#22 48.63   adding: tests/rx-v.out (deflated 90%)
#22 48.63   adding: tests/hoobr_juniper.out (stored 0%)
#22 48.63   adding: tests/rstp-v.out (deflated 93%)
#22 48.63   adding: tests/brcm-tag.out (deflated 83%)
#22 48.63   adding: tests/macsec-short-valid.out (deflated 25%)
#22 48.63   adding: tests/dns_tcp-vv.out (deflated 75%)
#22 48.63   adding: tests/esp-secrets.txt (deflated 57%)
#22 48.63   adding: tests/isis_cap_tlv.out (deflated 81%)
#22 48.63   adding: tests/reason_code-16.pcap (deflated 16%)
#22 48.63   adding: tests/isakmp-various-oobr.pcap (deflated 30%)
#22 48.63   adding: tests/status_code-43.pcap (deflated 17%)
#22 48.63   adding: tests/ipv6-next-header-oobr-2.out (deflated 53%)
#22 48.63   adding: tests/status_code-90.pcap (deflated 17%)
#22 48.63   adding: tests/bgp_vpn_attrset.pcap (deflated 22%)
#22 48.63   adding: tests/resp_2.out (deflated 83%)
#22 48.63   adding: tests/mpls-traceroute.out (deflated 81%)
#22 48.63   adding: tests/olsr-oobr-1.out (deflated 74%)
#22 48.63   adding: tests/of10_s4810-vvvv.out (deflated 90%)
#22 48.63   adding: tests/isakmp4500.pcap (deflated 48%)
#22 48.63   adding: tests/smb_data_print-segv.pcapng (deflated 42%)
#22 48.63   adding: tests/ipv6-routing-header.pcap (deflated 66%)
#22 48.63   adding: tests/heapoverflow-in_checksum.pcap (deflated 48%)
#22 48.63   adding: tests/hncp_dhcpv6data-oobr.pcap (deflated 11%)
#22 48.63   adding: tests/icmp-cksum-oobr-1.out (deflated 40%)
#22 48.63   adding: tests/ipv6-next-header-oobr-1.out (deflated 53%)
#22 48.63   adding: tests/mobility_opt_asan_3.out (deflated 48%)
#22 48.63   adding: tests/lspping-fec-rsvp-v.out (deflated 88%)
#22 48.63   adding: tests/status_code-3.pcap (deflated 17%)
#22 48.63   adding: tests/spb.pcap (deflated 98%)
#22 48.63   adding: tests/slip-bad-direction.out (stored 0%)
#22 48.63   adding: tests/spb_bpduv4-v.out (deflated 96%)
#22 48.63   adding: tests/e1000g.pcap (deflated 80%)
#22 48.63   adding: tests/bgp_vpn_rt-oobr.pcap (deflated 80%)
#22 48.63   adding: tests/resp_4_infiniteloop.pcapng (deflated 72%)
#22 48.63   adding: tests/hoobr_juniper4.pcap (deflated 38%)
#22 48.63   adding: tests/kday3.out (deflated 74%)
#22 48.63   adding: tests/reason_code-4.pcap (deflated 16%)
#22 48.63   adding: tests/ieee802.11_rates_oobr.out (deflated 19%)
#22 48.63   adding: tests/igmpv2.out (deflated 76%)
#22 48.63   adding: tests/icmp-icmp_print-oobr-2.out (deflated 28%)
#22 48.63   adding: tests/status_code-81.pcap (deflated 17%)
#22 48.63   adding: tests/rx_ubik-oobr.pcap (deflated 12%)
#22 48.63   adding: tests/dhcp-rfc3004.pcap (deflated 82%)
#22 48.63   adding: tests/epgm_zmtp1v.out (deflated 80%)
#22 48.63   adding: tests/dccp_partial_csum_v4_simple.out (deflated 76%)
#22 48.63   adding: tests/lldp-infinite-loop-1.pcap (deflated 93%)
#22 48.63   adding: tests/esp1.out (deflated 85%)
#22 48.63   adding: tests/ptp_ethernet.out (deflated 95%)
#22 48.63   adding: tests/icmp-cksum-oobr-2.out (deflated 43%)
#22 48.63   adding: tests/stp-v.out (deflated 91%)
#22 48.63   adding: tests/pim_header_asan-2.pcap (deflated 24%)
#22 48.63   adding: tests/status_code-84.pcap (deflated 17%)
#22 48.63   adding: tests/rpl-19-pickdag.out (deflated 36%)
#22 48.63   adding: tests/cfm_sender_id-oobr.pcap (deflated 15%)
#22 48.63   adding: tests/non-bsd.tests (deflated 39%)
#22 48.63   adding: tests/status_code-71.pcap (deflated 17%)
#22 48.63   adding: tests/rsvp-inf-loop-2.pcapng (deflated 30%)
#22 48.63   adding: tests/juniper_atm1_oobr.pcap (deflated 31%)
#22 48.63   adding: tests/print-A.out (deflated 60%)
#22 48.63   adding: tests/QinQpacket.pcap (deflated 94%)
#22 48.63   adding: tests/atm-oam-heapoverflow.pcap (deflated 36%)
#22 48.63   adding: tests/print-xx.out (deflated 71%)
#22 48.64   adding: tests/smb_print_trans-oobr1-nosmb.out (deflated 67%)
#22 48.64   adding: tests/mrinfo_query.pcap (deflated 32%)
#22 48.64   adding: tests/reason_code-19.pcap (deflated 16%)
#22 48.64   adding: tests/hoobr_pimv1.out (deflated 91%)
#22 48.64   adding: tests/status_code-29.pcap (deflated 17%)
#22 48.64   adding: tests/lldp_asan.pcap (deflated 18%)
#22 48.64   adding: tests/mobility_opt_asan_6.pcap (deflated 33%)
#22 48.64   adding: tests/status_code-18.pcap (deflated 17%)
#22 48.64   adding: tests/isoclns-heapoverflow-2.out (deflated 19%)
#22 48.64   adding: tests/frf16_magic_ie-oobr.out (deflated 19%)
#22 48.64   adding: tests/lmp-lmp_print_data_link_subobjs-oobr.pcap (deflated 40%)
#22 48.64   adding: tests/isis_sysid_asan.pcap (deflated 42%)
#22 48.64   adding: tests/isis-extd-isreach-oobr.pcap (deflated 53%)
#22 48.64   adding: tests/lldp_mgmt_addr_tlv_asan.pcap (deflated 17%)
#22 48.64   adding: tests/setkey2esp-secrets.pl (deflated 37%)
#22 48.64   adding: tests/isis-seg-fault-2.pcapng (deflated 86%)
#22 48.64   adding: tests/resp_3_malicious.pcap (deflated 75%)
#22 48.64   adding: tests/hoobr_lookup_nsap.out (deflated 91%)
#22 48.64   adding: tests/dns_udp_8053.out (deflated 47%)
#22 48.64   adding: tests/ipv6-srh-ext-header.pcap (deflated 37%)
#22 48.64   adding: tests/reason_code-31.pcap (deflated 16%)
#22 48.64   adding: tests/icmpv6-length-zero.pcapng (deflated 41%)
#22 48.64   adding: tests/lacp-ev.out (deflated 94%)
#22 48.64   adding: tests/vsock-1-v.out (deflated 77%)
#22 48.64   adding: tests/bgp-shutdown-communication.out (deflated 62%)
#22 48.64   adding: tests/esis_snpa_asan-4.out (deflated 67%)
#22 48.64   adding: tests/isis_sid.out (deflated 80%)
#22 48.64   adding: tests/juniper_es_oobr.pcap (deflated 31%)
#22 48.64   adding: tests/status_code-40.pcap (deflated 17%)
#22 48.64   adding: tests/forces3vvv.out (deflated 91%)
#22 48.64   adding: tests/esis_snpa_asan-4.pcap (deflated 51%)
#22 48.64   adding: tests/status_code-105.pcap (deflated 17%)
#22 48.64   adding: tests/slip-compressed_sl_print-oobr.out (stored 0%)
#22 48.64   adding: tests/zephyr-oobr.out (deflated 25%)
#22 48.64   adding: tests/lmp-lmp_print_data_link_subobjs-oobr.out (deflated 67%)
#22 48.64   adding: tests/dns_udp-vv.out (deflated 52%)
#22 48.64   adding: tests/babel_update_oobr.out (deflated 87%)
#22 48.64   adding: tests/dns_udp_8053-T.out (deflated 50%)
#22 48.64   adding: tests/bgp-rt-prefix.out (deflated 85%)
#22 48.64   adding: tests/lldp_mudurl.pcap (deflated 53%)
#22 48.64   adding: tests/reason_code-11.pcap (deflated 16%)
#22 48.64   adding: tests/bfd-lag.pcap (deflated 73%)
#22 48.64   adding: tests/vrrp-vrrp_print-oobr.pcap (deflated 52%)
#22 48.64   adding: tests/telnet-iac-check-oobr.out (deflated 99%)
#22 48.64   adding: tests/ptp_corrections.pcap (deflated 41%)
#22 48.64   adding: tests/kday7.out (deflated 75%)
#22 48.64   adding: tests/radius-v.out (deflated 76%)
#22 48.64   adding: tests/reason_code-13.pcap (deflated 16%)
#22 48.64   adding: tests/stp-heapoverflow-2.out (deflated 93%)
#22 48.64   adding: tests/ipcomp-heapoverflow.out (deflated 21%)
#22 48.64   adding: tests/eapon1.gdbinit (stored 0%)
#22 48.64   adding: tests/rsvp_uni-oobr-1.out (deflated 28%)
#22 48.64   adding: tests/pgm_zmtp1v.out (deflated 81%)
#22 48.64   adding: tests/lsp-ping-timestamp.pcap (deflated 19%)
#22 48.64   adding: tests/unsupported-link-type-160.pcap (deflated 30%)
#22 48.64   adding: tests/smb_print_trans-oobr1.out (deflated 60%)
#22 48.64   adding: tests/reason_code-53.pcap (deflated 16%)
#22 48.64   adding: tests/status_code-47.pcap (deflated 17%)
#22 48.64   adding: tests/status_code-19.pcap (deflated 17%)
#22 48.64   adding: tests/of10_pf5240.pcap (deflated 75%)
#22 48.64   adding: tests/pppoe.pcap (deflated 18%)
#22 48.64   adding: tests/lspping-fec-rsvp.pcap (deflated 64%)
#22 48.64   adding: tests/dns-badvers.out (deflated 55%)
#22 48.64   adding: tests/cfm_sender_id-oobr.out (deflated 35%)
#22 48.64   adding: tests/nbns-valgrind-nosmb.out (deflated 26%)
#22 48.64   adding: tests/dhcp-rfc5859.pcap (deflated 86%)
#22 48.64   adding: tests/mobility_opt_asan_2.pcap (deflated 19%)
#22 48.64   adding: tests/pktap-heap-overflow.out (deflated 9%)
#22 48.64   adding: tests/status_code-99.pcap (deflated 17%)
#22 48.64   adding: tests/ahcp-vv.out (deflated 84%)
#22 48.64   adding: tests/hoobr_nfs_xid_map_enter.out (deflated 93%)
#22 48.64   adding: tests/zephyr-oobr.pcap (deflated 99%)
#22 48.64   adding: tests/reason_code-0.pcap (deflated 16%)
#22 48.64   adding: tests/ipv6-next-header-oobr-1.pcap (deflated 63%)
#22 48.64   adding: tests/AoE_Linux.pcap (deflated 97%)
#22 48.64   adding: tests/08-sunrise-sunset-esp2.pcap (deflated 17%)
#22 48.64   adding: tests/unsupported-link-type-160.out (deflated 31%)
#22 48.64   adding: tests/isakmpv1-attr-oobr.pcap (deflated 7%)
#22 48.64   adding: tests/esis_snpa_asan-3.out (deflated 41%)
#22 48.64   adding: tests/mptcp-aa-echo.out (deflated 45%)
#22 48.64   adding: tests/status_code-87.pcap (deflated 17%)
#22 48.64   adding: tests/juniper_header-heapoverflow.out (stored 0%)
#22 48.64   adding: tests/ieee802.11_rx-stbc.pcap (deflated 43%)
#22 48.64   adding: tests/802_15_4-data.out (deflated 13%)
#22 48.64   adding: tests/reason_code-56.pcap (deflated 16%)
#22 48.64   adding: tests/dns-zlip-2.pcap (deflated 15%)
#22 48.64   adding: tests/ieee802.11_tim_ie_oobr.out (deflated 66%)
#22 48.64   adding: tests/tok2str-oobr-2.pcap (deflated 24%)
#22 48.64   adding: tests/kh-timed-002-oobr.pcap (deflated 56%)
#22 48.64   adding: tests/ip_ts_opts_asan.pcap (deflated 7%)
#22 48.64   adding: tests/status_code-13.pcap (deflated 17%)
#22 48.64   adding: tests/tcp-auth-heapoverflow.pcap (deflated 59%)
#22 48.64   adding: tests/chdlc-slarp-short.pcap (deflated 21%)
#22 48.64   adding: tests/dhcpv6-sip-server-d.pcap (deflated 28%)
#22 48.64   adding: tests/isakmp-various-oobr.out (deflated 40%)
#22 48.64   adding: tests/status_code-83.pcap (deflated 17%)
#22 48.64   adding: tests/ntp-time--vvv.out (deflated 64%)
#22 48.64   adding: tests/geonet-mac-lookup-heapoverflow.out (deflated 12%)
#22 48.64   adding: tests/snmp-heapoverflow-1.out (deflated 89%)
#22 48.65   adding: tests/ripv2_auth.pcap (deflated 54%)
#22 48.65   adding: tests/forces2v.out (stored 0%)
#22 48.65   adding: tests/status_code-41.pcap (deflated 17%)
#22 48.65   adding: tests/nflog.pcap (deflated 60%)
#22 48.65   adding: tests/PIMv2_bootstrap.pcap (deflated 64%)
#22 48.65   adding: tests/isakmp-pointer-loop.pcap (deflated 27%)
#22 48.65   adding: tests/reason_code-20.pcap (deflated 16%)
#22 48.65   adding: tests/isis_1.out (deflated 81%)
#22 48.65   adding: tests/lldp-app-priority.pcap (deflated 20%)
#22 48.65   adding: tests/ptp.out (deflated 74%)
#22 48.65   adding: tests/LLDP_and_CDP.pcap (deflated 84%)
#22 48.65   adding: tests/pppoes_id.out (deflated 1%)
#22 48.65   adding: tests/bootp_asan.pcap (deflated 14%)
#22 48.65   adding: tests/ldp-ldp_tlv_print-oobr.pcap (deflated 10%)
#22 48.65   adding: tests/isis_1-v.out (deflated 91%)
#22 48.65   adding: tests/OSPFv3_broadcast_adjacency.pcap (deflated 77%)
#22 48.65   adding: tests/reason_code-9.pcap (deflated 16%)
#22 48.65   adding: tests/someip2.out (deflated 20%)
#22 48.65   adding: tests/lwres_with_extra.out (deflated 29%)
#22 48.65   adding: tests/rpvst-v.out (deflated 88%)
#22 48.65   adding: tests/isis-seg-fault-1-v.tests (deflated 41%)
#22 48.65   adding: tests/cve-2014-8768-Geonet.out (deflated 19%)
#22 48.65   adding: tests/status_code-93.pcap (deflated 17%)
#22 48.65   adding: tests/resp_3.out (deflated 88%)
#22 48.65   adding: tests/bgp_mp_reach_nlri-oobr.pcap (deflated 80%)
#22 48.65   adding: tests/ipoib-e.out (deflated 83%)
#22 48.65   adding: tests/mpls-over-udp.out (deflated 49%)
#22 48.65   adding: tests/status_code-21.pcap (deflated 17%)
#22 48.65   adding: tests/isakmp-rfc3948-oobr.out (deflated 96%)
#22 48.65   adding: tests/calm-fast-mac-lookup-heapoverflow.out (deflated 59%)
#22 48.65   adding: tests/status_code-38.pcap (deflated 17%)
#22 48.65   adding: tests/snmp-heapoverflow-2.out (deflated 25%)
#22 48.65   adding: tests/kh-timed-004-oobr.pcap (deflated 69%)
#22 48.65   adding: tests/hoobr_safeputs.out (deflated 9%)
#22 48.65   adding: tests/rsvp-rsvp_obj_print-oobr.out (deflated 32%)
#22 48.65   adding: tests/isis_cap_tlv.pcap (deflated 52%)
#22 48.65   adding: tests/ikev2four.pcap (deflated 24%)
#22 48.65   adding: tests/reason_code-24.pcap (deflated 16%)
#22 48.65   adding: tests/bfd-lag.out (deflated 73%)
#22 48.65   adding: tests/hsrp_3-v.out (deflated 93%)
#22 48.65   adding: tests/pim_header_asan.out (deflated 28%)
#22 48.65   adding: tests/of10_pf5240-vv.out (deflated 88%)
#22 48.65   adding: tests/hoobr_lookup_nsap.pcap (deflated 89%)
#22 48.65   adding: tests/dns_tcp_8053.out (deflated 79%)
#22 48.65   adding: tests/smb_data_print-oobr-nosmb.out (deflated 66%)
#22 48.65   adding: tests/snmp-heapoverflow-2.pcap (deflated 45%)
#22 48.65   adding: tests/ldp_tlv_print-oobr.pcap (deflated 48%)
#22 48.65   adding: tests/heapoverflow-atalk_2.pcap (deflated 46%)
#22 48.65   adding: tests/pppoe.out (deflated 3%)
#22 48.65   adding: tests/eap_extract_read2_asan.out (stored 0%)
#22 48.65   adding: tests/pgm_opts_asan_2.out (deflated 29%)
#22 48.65   adding: tests/status_code-30.pcap (deflated 17%)
#22 48.65   adding: tests/isakmp-rfc3948-oobr.pcap (deflated 96%)
#22 48.65   adding: tests/radius_attr_asan.out (deflated 51%)
#22 48.65   adding: tests/dsa-high-vid.out (deflated 67%)
#22 48.65   adding: tests/kh-timed-001-oobr.pcap (deflated 86%)
#22 48.65   adding: tests/gre-heapoverflow-2.pcap (deflated 74%)
#22 48.65   adding: tests/dns_udp-v.out (deflated 47%)
#22 48.65   adding: tests/DTP.pcap (deflated 81%)
#22 48.65   adding: tests/isis_stlv_asan-2.pcap (deflated 35%)
#22 48.65   adding: tests/RADIUS-RFC3162.pcap (deflated 33%)
#22 48.65   adding: tests/dvmrp.out (deflated 40%)
#22 48.65   adding: tests/status_code-15.pcap (deflated 17%)
#22 48.65   adding: tests/TESTLIST (deflated 75%)
#22 48.65   adding: tests/lspping-fec-ldp.pcap (deflated 57%)
#22 48.65   adding: tests/mtrace.pcap (deflated 36%)
#22 48.65   adding: tests/bfd-multihop-v.out (deflated 95%)
#22 48.65   adding: tests/bfd-raw-auth-sha1.out (deflated 92%)
#22 48.65   adding: tests/802_15_4-oobr-1.out (deflated 14%)
#22 48.65   adding: tests/ikev2four.out (deflated 85%)
#22 48.65   adding: tests/ssh.pcap (deflated 33%)
#22 48.65   adding: tests/hoobr_aodv_extension.pcap (deflated 59%)
#22 48.65   adding: tests/arp-too-long-tha.out (deflated 34%)
#22 48.65   adding: tests/trunc_aack.out (deflated 2%)
#22 48.65   adding: tests/decnet-oobr.pcap (deflated 68%)
#22 48.65   adding: tests/edsa-high-vid-e.out (deflated 74%)
#22 48.65   adding: tests/hdlc_slarp.pcapng (deflated 57%)
#22 48.65   adding: tests/dns-zlip-3.pcap (deflated 27%)
#22 48.65   adding: tests/stp-heapoverflow-4.out (deflated 92%)
#22 48.65   adding: tests/dhcp-mud.pcap (deflated 58%)
#22 48.65   adding: tests/eigrp4-v.out (deflated 89%)
#22 48.65   adding: tests/ipx.out (deflated 87%)
#22 48.65   adding: tests/vtp_asan.out (deflated 41%)
#22 48.65   adding: tests/edsa.out (deflated 76%)
#22 48.65   adding: tests/status_code-67.pcap (deflated 17%)
#22 48.65   adding: tests/hoobr_ripng_print.pcap (deflated 45%)
#22 48.65   adding: tests/status_code-25.pcap (deflated 17%)
#22 48.65   adding: tests/syslog_udp.pcap (deflated 45%)
#22 48.65   adding: tests/nfs-write-verf-cookie.out (deflated 49%)
#22 48.65   adding: tests/tfo.out (deflated 79%)
#22 48.65   adding: tests/ieee802.11_meshhdr-oobr.pcap (deflated 53%)
#22 48.65   adding: tests/icmpv6-RFC2894-RR.pcap (deflated 81%)
#22 48.65   adding: tests/msnlb.out (deflated 50%)
#22 48.65   adding: tests/QinQpacket.out (deflated 95%)
#22 48.65   adding: tests/bgp-evpn.pcap (deflated 22%)
#22 48.65   adding: tests/status_code-102.pcap (deflated 17%)
#22 48.65   adding: tests/reason_code-57.pcap (deflated 16%)
#22 48.65   adding: tests/bfd-raw-auth-sha1.pcap (deflated 84%)
#22 48.65   adding: tests/kday4.pcap (deflated 71%)
#22 48.65   adding: tests/status_code-9.pcap (deflated 17%)
#22 48.65   adding: tests/slip-bad-direction.pcap (deflated 39%)
#22 48.65   adding: tests/bgp-link-bw-extcommunity.pcapng (deflated 59%)
#22 48.65   adding: tests/udp-length-heapoverflow.pcap (deflated 53%)
#22 48.65   adding: tests/macsec-short-shorter.out (deflated 14%)
#22 48.65   adding: tests/reason_code-22.pcap (deflated 16%)
#22 48.65   adding: tests/isis-seg-fault-1-v.out (deflated 81%)
#22 48.65   adding: tests/dhcpv6-mud.pcap (deflated 77%)
#22 48.65   adding: tests/bgp-shutdown-communication.pcapng (deflated 46%)
#22 48.65   adding: tests/juniper_header-heapoverflow.pcap (deflated 71%)
#22 48.65   adding: tests/isis_sysid_asan.out (deflated 57%)
#22 48.65   adding: tests/stp-heapoverflow-1.out (deflated 93%)
#22 48.65   adding: tests/mtrace.out (deflated 54%)
#22 48.65   adding: tests/e1000g-e.out (deflated 89%)
#22 48.65   adding: tests/reason_code-2.pcap (deflated 16%)
#22 48.65   adding: tests/mptcp-v0.out (deflated 85%)
#22 48.66   adding: tests/isoclns-heapoverflow-2.pcap (deflated 39%)
#22 48.66   adding: tests/decnet-shorthdr-oobr.out (deflated 93%)
#22 48.66   adding: tests/dhcpv6-AFTR-Name-RFC6334.out (deflated 71%)
#22 48.66   adding: tests/empty.pcap (deflated 33%)
#22 48.66   adding: tests/arp-too-long-tha.pcap (deflated 58%)
#22 48.66   adding: tests/macsec-short-shorter.pcap (deflated 15%)
#22 48.66   adding: tests/dns-badlabel.pcap (deflated 100%)
#22 48.66   adding: tests/wb-oobr.out (deflated 79%)
#22 48.66   adding: tests/status_code-76.pcap (deflated 17%)
#22 48.66   adding: tests/olsr-oobr-1.pcap (deflated 61%)
#22 48.66   adding: tests/ip_printroute_asan.out (deflated 26%)
#22 48.66   adding: tests/aoe-oobr-1.out (deflated 18%)
#22 48.66   adding: tests/lldp_mudurl-v.out (deflated 76%)
#22 48.66   adding: tests/esp1.gdbinit (deflated 21%)
#22 48.66   adding: tests/status_code-60.pcap (deflated 17%)
#22 48.66   adding: tests/isis_2-v.out (deflated 93%)
#22 48.66   adding: tests/reason_code-63.pcap (deflated 16%)
#22 48.66   adding: tests/status_code-79.pcap (deflated 17%)
#22 48.66   adding: tests/status_code-12.pcap (deflated 17%)
#22 48.66   adding: tests/reason_code-12.pcap (deflated 16%)
#22 48.66   adding: tests/cve-2014-8769-AODV.pcap (deflated 36%)
#22 48.66   adding: tests/relts-0x80000000.out (deflated 29%)
#22 48.66   adding: tests/status_code-34.pcap (deflated 17%)
#22 48.66   adding: tests/empty.out (stored 0%)
#22 48.66   adding: tests/ospf3_ah-vv.out (deflated 91%)
#22 48.66   adding: tests/reason_code-26.pcap (deflated 16%)
#22 48.66   adding: tests/status_code-95.pcap (deflated 17%)
#22 48.66   adding: tests/EIGRP_adjacency.pcap (deflated 85%)
#22 48.66   adding: tests/isakmp5-v.out (deflated 80%)
#22 48.66   adding: tests/isis-seg-fault-1.pcapng (deflated 79%)
#22 48.66   adding: tests/ipv6-rthdr-oobr.pcap (deflated 60%)
#22 48.66   adding: tests/ikev2fourv4.out (deflated 66%)
#22 48.66   adding: tests/bgp-encap.pcap (deflated 25%)
#22 48.66   adding: tests/bgp-lu-multiple-labels.out (deflated 86%)
#22 48.66   adding: tests/telnet-iac-check-oobr.pcap (deflated 99%)
#22 48.66   adding: tests/zmtp1.pcap (deflated 71%)
#22 48.66   adding: tests/heapoverflow-q933_printq.out (deflated 15%)
#22 48.66   adding: tests/reason_code-59.pcap (deflated 16%)
#22 48.66   adding: tests/icmpv6_opt24.pcap (deflated 65%)
#22 48.66   adding: tests/ospf3_auth.pcapng (deflated 29%)
#22 48.66   adding: tests/pimv2-oobr-3.out (deflated 44%)
#22 48.66   adding: tests/reason_code-10.pcap (deflated 16%)
#22 48.66   adding: tests/status_code-51.pcap (deflated 17%)
#22 48.66   adding: tests/arista_ether.out (deflated 86%)
#22 48.66   adding: tests/radius-port1700-v.out (deflated 24%)
#22 48.66   adding: tests/rsvp_cap.out (deflated 48%)
#22 48.66   adding: tests/igmpv1.out (deflated 81%)
#22 48.66   adding: tests/babel_auth.out (deflated 39%)
#22 48.66   adding: tests/arp-oobr.out (deflated 92%)
#22 48.67   adding: tests/icmp6_nodeinfo_oobr.out (deflated 12%)
#22 48.67   adding: tests/isakmp-ikev1_n_print-oobr.out (deflated 55%)
#22 48.67   adding: tests/pppoes.out (deflated 37%)
#22 48.67   adding: tests/isis_stlv_asan.out (deflated 58%)
#22 48.67   adding: tests/ppp_ccp_config_deflate_option_asan.out (deflated 19%)
#22 48.67   adding: tests/zmtp1.out (deflated 82%)
#22 48.67   adding: tests/heapoverflow-ip_demux_print.out (deflated 53%)
#22 48.67   adding: tests/nsh-over-vxlan-gpe.pcap (deflated 22%)
#22 48.67   adding: tests/mpls-label-heapoverflow.pcap (deflated 48%)
#22 48.67   adding: tests/macsec-integonly.out (deflated 26%)
#22 48.67   adding: tests/aarp-heapoverflow-2.out (deflated 3%)
#22 48.67   adding: tests/kday8.out (deflated 60%)
#22 48.67   adding: tests/pim_header_asan-4.out (deflated 45%)
#22 48.67   adding: tests/dnssec.pcap (deflated 25%)
#22 48.67   adding: tests/pim-packet-assortment.pcap (deflated 98%)
#22 48.67   adding: tests/print-capX.out (deflated 64%)
#22 48.67   adding: tests/nfs-write-verf-cookie.pcapng (deflated 39%)
#22 48.67   adding: tests/eapon1-v-nosmb.out (deflated 88%)
#22 48.67   adding: tests/heap-overflow-1.pcap (deflated 39%)
#22 48.67   adding: tests/bgp_mvpn_6_and_7_oobr.out (deflated 24%)
#22 48.67   adding: tests/hoobr_juniper.pcap (deflated 34%)
#22 48.67   adding: tests/ospf3_bc-vv.out (deflated 92%)
#22 48.67   adding: tests/nfs-seg-fault-1.pcapng (deflated 97%)
#22 48.67   adding: tests/mobility_opt_asan_8.out (deflated 24%)
#22 48.67   adding: tests/olsr-oobr-2.out (deflated 28%)
#22 48.67   adding: tests/crypto.tests (deflated 83%)
#22 48.67   adding: tests/reason_code-55.pcap (deflated 16%)
#22 48.67   adding: tests/802_15_4_beacon.out (deflated 15%)
#22 48.67   adding: tests/hdlc2.out (deflated 7%)
#22 48.67   adding: tests/reason_code-25.pcap (deflated 16%)
#22 48.67   adding: tests/pimv2-oobr-2.pcap (deflated 99%)
#22 48.67   adding: tests/scps_invalid.pcap (deflated 43%)
#22 48.67   adding: tests/ipoib.pcap (deflated 63%)
#22 48.67   adding: tests/mobility_opt_asan_2.out (deflated 21%)
#22 48.67   adding: tests/geonet_and_calm_fast.pcap (deflated 78%)
#22 48.67   adding: tests/pgm_poll_polr.out (deflated 90%)
#22 48.67   adding: tests/vsock-1.pcapng (deflated 66%)
#22 48.67   adding: tests/PIM-SM_join_prune.pcap (deflated 79%)
#22 48.67   adding: tests/vtp_asan-3.pcap (deflated 55%)
#22 48.67   adding: tests/EIGRP_subnet_down.pcap (deflated 77%)
#22 48.67   adding: tests/esp2.out (deflated 88%)
#22 48.67   adding: tests/status_code-31.pcap (deflated 17%)
#22 48.67   adding: tests/cdp-v.out (deflated 82%)
#22 48.67   adding: tests/esis_opt_prot-oobr.out (deflated 19%)
#22 48.67   adding: tests/forces1.pcap (deflated 63%)
#22 48.67   adding: tests/frf16_magic_ie-oobr.pcap (deflated 27%)
#22 48.67   adding: tests/pgm_opts_asan_2.pcap (deflated 16%)
#22 48.67   adding: tests/smb_print_trans-oobr1.pcap (deflated 59%)
#22 48.67   adding: tests/bgp-4byte-asn.out (deflated 87%)
#22 48.67   adding: tests/ISIS_level2_adjacency.pcap (deflated 98%)
#22 48.67   adding: tests/lmp-v-fptype1.out (deflated 87%)
#22 48.67   adding: tests/reason_code-41.pcap (deflated 16%)
#22 48.67   adding: tests/of13_ericsson.pcapng (deflated 92%)
#22 48.68   adding: tests/isis_sid.pcap (deflated 52%)
#22 48.68   adding: tests/bad-ipv4-version-pgm-heapoverflow.out (stored 0%)
#22 48.68   adding: tests/bootp_asan-2.pcap (deflated 20%)
#22 48.68   adding: tests/ipv6-srh-ext-header.out (deflated 38%)
#22 48.68   adding: tests/dns-badcookie.pcap (deflated 44%)
#22 48.68   adding: tests/of10_7050sx_bsn.pcap (deflated 69%)
#22 48.68   adding: tests/bgp-aigp-2.out (deflated 41%)
#22 48.68   adding: tests/evb.pcap (deflated 86%)
#22 48.68   adding: tests/isis-areaaddr-oobr-2.out (deflated 35%)
#22 48.68   adding: tests/ip_printroute_asan.pcap (deflated 8%)
#22 48.68   adding: tests/isis-extd-ipreach-oobr.out (deflated 93%)
#22 48.68   adding: tests/stp-heapoverflow-4.pcap (deflated 93%)
#22 48.68   adding: tests/hsrp_2-v.out (deflated 93%)
#22 48.68   adding: tests/ospf6_decode_v3_asan.out (deflated 20%)
#22 48.68   adding: tests/resp_1.out (deflated 92%)
#22 48.68   adding: tests/ip6_frag_asan.pcap (deflated 14%)
#22 48.68   adding: tests/macsec-integonly.pcap (deflated 15%)
#22 48.68   adding: tests/getname_2_read4_asan.out (deflated 18%)
#22 48.68   adding: tests/esis_snpa_asan-5.pcap (deflated 34%)
#22 48.68   adding: tests/hoobr_juniper3.pcap (deflated 35%)
#22 48.68   adding: tests/forces1vvv.out (deflated 86%)
#22 48.68   adding: tests/smb_data_print-oobr.out (deflated 73%)
#22 48.68   adding: tests/bgp-evpn.out (deflated 60%)
#22 48.68   adding: tests/smb_print_trans-oobr2-nosmb.out (deflated 21%)
#22 48.68   adding: tests/ripv1v2.out (deflated 68%)
#22 48.68   adding: tests/someip2.pcap (deflated 20%)
#22 48.68   adding: tests/epgmv.out (deflated 88%)
#22 48.68   adding: tests/isis-extd-isreach-oobr.out (deflated 71%)
#22 48.68   adding: tests/icmp-icmp_print-oobr-2.pcap (deflated 33%)
#22 48.68   adding: tests/icmp-cksum-oobr-4.out (deflated 38%)
#22 48.68   adding: tests/reason_code-27.pcap (deflated 16%)
#22 48.68   adding: tests/rpki-rtr-oobr.out (deflated 22%)
#22 48.68   adding: tests/esis_snpa_asan-5.out (deflated 52%)
#22 48.68   adding: tests/pgmv.out (deflated 88%)
#22 48.68   adding: tests/lmp.pcap (deflated 65%)
#22 48.68   adding: tests/mptcp-v0.pcap (deflated 46%)
#22 48.68   adding: tests/lldp_8021_linkagg-v.out (deflated 57%)
#22 48.68   adding: tests/dhcpv6-ia-pd.pcap (deflated 60%)
#22 48.68   adding: tests/nbns-valgrind.pcap (deflated 18%)
#22 48.68   adding: tests/OLSRv1_HNA_sgw_1.out (deflated 51%)
#22 48.68   adding: tests/dhcpv6-mud.out (deflated 84%)
#22 48.68   adding: tests/lldp_asan.out (deflated 64%)
#22 48.68   adding: tests/lmp.out (deflated 81%)
#22 48.68   adding: tests/status_code-6.pcap (deflated 17%)
#22 48.68   adding: tests/status_code-7.pcap (deflated 17%)
#22 48.68   adding: tests/esis_opt_prot-oobr.pcap (deflated 6%)
#22 48.68   adding: tests/zmtp1-inf-loop-1.out (deflated 20%)
#22 48.68   adding: tests/isakmp4.out (deflated 87%)
#22 48.68   adding: tests/heapoverflow-q933_printq.pcap (deflated 67%)
#22 48.68   adding: tests/status_code-107.pcap (deflated 17%)
#22 48.68   adding: tests/esp5.out (deflated 85%)
#22 48.68   adding: tests/aoe_1.out (deflated 88%)
#22 48.68   adding: tests/dhcpv6-ia-pd.out (deflated 71%)
#22 48.68   adding: tests/kday5.out (deflated 60%)
#22 48.68   adding: tests/reason_code-51.pcap (deflated 16%)
#22 48.68   adding: tests/dsa-e.out (deflated 82%)
#22 48.68   adding: tests/status_code-49.pcap (deflated 17%)
#22 48.68   adding: tests/mobility_opt_asan_5.out (deflated 21%)
#22 48.68   adding: tests/edsa-e.out (deflated 85%)
#22 48.68   adding: tests/resp_2_inline.pcap (deflated 77%)
#22 48.68   adding: tests/dccp_partial_csum_v6_longer.out (deflated 78%)
#22 48.68   adding: tests/lldp_8023_mtu-oobr.pcap (deflated 3%)
#22 48.68   adding: tests/rtp-seg-fault-1.out (deflated 18%)
#22 48.68   adding: tests/reason_code-36.pcap (deflated 16%)
#22 48.68   adding: tests/reason_code-40.pcap (deflated 16%)
#22 48.68   adding: tests/dns-badcookie.out (deflated 55%)
#22 48.68   adding: tests/kday6.out (deflated 88%)
#22 48.68   adding: tests/bfd-multihop.out (deflated 90%)
#22 48.68   adding: tests/rpl-26-senddaoack.pcap (deflated 20%)
#22 48.68   adding: tests/status_code-36.pcap (deflated 17%)
#22 48.68   adding: tests/rpl-19-pickdagvvv.out (deflated 38%)
#22 48.68   adding: tests/dns_udp_8053.pcap (deflated 28%)
#22 48.68   adding: tests/eigrp-tlv-oobr.pcap (deflated 100%)
#22 48.68   adding: tests/babel1v.out (deflated 85%)
#22 48.68   adding: tests/mobility_opt_asan_5.pcap (deflated 10%)
#22 48.68   adding: tests/cve2015-0261-ipv6.out (deflated 60%)
#22 48.68   adding: tests/mlppp-oobr.out (stored 0%)
#22 48.68   adding: tests/dns_fwdptr.out (deflated 31%)
#22 48.68   adding: tests/vtp_asan.pcap (deflated 41%)
#22 48.68   adding: tests/bfd-raw-auth-md5.pcap (deflated 84%)
#22 48.68   adding: tests/hncp_dhcpv6data-oobr.out (deflated 22%)
#22 48.68   adding: tests/DECnet_Phone.pcap (deflated 81%)
#22 48.68   adding: tests/of10_7050q-v.out (deflated 69%)
#22 48.68   adding: tests/ntp-mode7.pcap (deflated 75%)
#22 48.68   adding: tests/hoobr_juniper3.out (stored 0%)
#22 48.68   adding: tests/PIM-DM_pruning.pcap (deflated 92%)
#22 48.68   adding: tests/QinQpacketv.out (deflated 97%)
#22 48.69   adding: tests/RADIUS-RFC5580.pcap (deflated 25%)
#22 48.69   adding: tests/icmp-cksum-oobr-3.pcapng (deflated 32%)
#22 48.69   adding: tests/reason_code-58.pcap (deflated 16%)
#22 48.69   adding: tests/rpvstp-trunk-native-vid5.pcap (deflated 79%)
#22 48.69   adding: tests/status_code-82.pcap (deflated 17%)
#22 48.69   adding: tests/nsh-over-vxlan-gpe.out (deflated 28%)
#22 48.69   adding: tests/ntp-mode7--v.out (deflated 81%)
#22 48.69   adding: tests/status_code-63.pcap (deflated 17%)
#22 48.69   adding: tests/pppoes.pcap (deflated 26%)
#22 48.69   adding: tests/lldp-infinite-loop-2.out (deflated 84%)
#22 48.69   adding: tests/status_code-32.pcap (deflated 17%)
#22 48.69   adding: tests/OSPFv3_NBMA_adjacencies.pcap (deflated 81%)
#22 48.69   adding: tests/ipx-invalid-length.out (deflated 16%)
#22 48.69   adding: tests/eigrp5.out (deflated 4%)
#22 48.69   adding: tests/beep-oobr.out (deflated 45%)
#22 48.69   adding: tests/unaligned-nfs-1.pcap (deflated 31%)
#22 48.69   adding: tests/lldp_mgmt_addr_tlv_asan.out (deflated 38%)
#22 48.69   adding: tests/ieee802.11_meshhdr-oobr.out (deflated 12%)
#22 48.69   adding: tests/macsec-short-longer.pcap (deflated 12%)
#22 48.69   adding: tests/ipv6-mobility-header-oobr.pcap (deflated 61%)
#22 48.69   adding: tests/hdlc4.out (deflated 72%)
#22 48.69   adding: tests/rpki-rtr-oobr.pcap (deflated 10%)
#22 48.69   adding: tests/edsa-high-vid.pcap (deflated 58%)
#22 48.69   adding: tests/bgp-rt-prefix.pcap (deflated 64%)
#22 48.69   adding: tests/status_code-94.pcap (deflated 17%)
#22 48.69   adding: tests/reason_code-46.pcap (deflated 16%)
#22 48.69   adding: tests/of10_7050sx_bsn-vv.out (deflated 87%)
#22 48.69   adding: tests/mptcp-v1.pcap (deflated 5%)
#22 48.69   adding: tests/HSRP_failover.pcap (deflated 84%)
#22 48.69   adding: tests/icmp6_mobileprefix_asan.pcap (deflated 21%)
#22 48.69   adding: tests/nfs-seg-fault-1.out (deflated 38%)
#22 48.69   adding: tests/status_code-91.pcap (deflated 17%)
#22 48.69   adding: tests/eapon1-nosmb.out (deflated 83%)
#22 48.69   adding: tests/reason_code-35.pcap (deflated 16%)
#22 48.69   adding: tests/reason_code-65.pcap (deflated 16%)
#22 48.69   adding: tests/.gitignore (stored 0%)
#22 48.69   adding: tests/ikev2pI2.pcap (deflated 26%)
#22 48.69   adding: tests/heap-overflow-2.out (stored 0%)
#22 48.69   adding: tests/reason_code-39.pcap (deflated 16%)
#22 48.69   adding: tests/dns-zlip-2.out (deflated 9%)
#22 48.69   adding: tests/radius-rfc5447-v.out (deflated 33%)
#22 48.69   adding: tests/isis_3-v.out (deflated 95%)
#22 48.69   adding: tests/geneve-vv.out (deflated 88%)
#22 48.69   adding: tests/dccp_options-oobr.pcap (deflated 54%)
#22 48.69   adding: tests/macsec-changed.pcap (deflated 15%)
#22 48.69   adding: tests/reason_code-17.pcap (deflated 16%)
#22 48.69   adding: tests/rsvp_uni-oobr-3.out (deflated 60%)
#22 48.69   adding: tests/otv-heapoverflow-2.pcap (deflated 51%)
#22 48.69   adding: tests/vrrp-vrrp_print-oobr-2.out (deflated 85%)
#22 48.69   adding: tests/reason_code-29.pcap (deflated 16%)
#22 48.69   adding: tests/isis_poi2.pcap (deflated 12%)
#22 48.69   adding: tests/vxlan.out (deflated 86%)
#22 48.69   adding: tests/802_15_4_beacon.pcap (deflated 13%)
#22 48.69   adding: tests/status_code-59.pcap (deflated 17%)
#22 48.69   adding: tests/ieee802.11_rates_oobr.pcap (deflated 64%)
#22 48.69   adding: tests/reason_code-14.pcap (deflated 16%)
#22 48.69   adding: tests/udld-v.out (deflated 94%)
#22 48.69   adding: tests/nfs-cannot-pad-32-bit.pcap (deflated 41%)
#22 48.69   adding: tests/pim-packet-assortment.out (deflated 85%)
#22 48.69   adding: tests/mpls-traceroute.pcap (deflated 78%)
#22 48.69   adding: tests/isis_stlv_asan-4.pcap (deflated 54%)
#22 48.69   adding: tests/dhcpv6-ia-ta.out (deflated 71%)
#22 48.69   adding: tests/eapon1.out (deflated 85%)
#22 48.69   adding: tests/status_code-97.pcap (deflated 17%)
#22 48.69   adding: tests/isis-infinite-loop.pcap (deflated 70%)
#22 48.69   adding: tests/dhcpv6-domain-list.out (deflated 33%)
#22 48.69   adding: tests/isis_stlv_asan-3.out (deflated 46%)
#22 48.69   adding: tests/hoobr_parse_field.out (deflated 62%)
#22 48.69   adding: tests/kday1.out (stored 0%)
#22 48.69   adding: tests/isupvv.out (deflated 77%)
#22 48.69   adding: tests/rtp-seg-fault-2.pcapng (deflated 35%)
#22 48.69   adding: tests/radiotap-heapoverflow.out (stored 0%)
#22 48.69   adding: tests/status_code-20.pcap (deflated 17%)
#22 48.69   adding: tests/vsock-1.out (deflated 71%)
#22 48.69   adding: tests/02-sunrise-sunset-esp.pcap (deflated 26%)
#22 48.69   adding: tests/bgp-extended-shutdown-msg.pcapng (deflated 45%)
#22 48.69   adding: tests/stp-heapoverflow-1.pcap (deflated 92%)
#22 48.69   adding: tests/status_code-96.pcap (deflated 17%)
#22 48.69   adding: tests/cve-2014-8769-AODV.out (deflated 19%)
#22 48.69   adding: tests/status_code-65.pcap (deflated 17%)
#22 48.69   adding: tests/wb-oobr.pcap (deflated 76%)
#22 48.69   adding: tests/ospf2-seg-fault-1-v.out (deflated 34%)
#22 48.69   adding: tests/ospf3_mp-vv.out (deflated 94%)
#22 48.69   adding: tests/hncp_dhcpv4data-oobr.pcap (deflated 8%)
#22 48.69   adding: tests/loopback.out (deflated 68%)
#22 48.69   adding: tests/icmp-cksum-oobr-3.out (deflated 49%)
#22 48.69   adding: tests/icmpv6-ni-flags.out (deflated 78%)
#22 48.69   adding: tests/edns-opts.out (deflated 82%)
#22 48.69   adding: tests/ripv2_auth.out (deflated 78%)
#22 48.69   adding: tests/ntp.out (deflated 72%)
#22 48.69   adding: tests/PIMv2_hellos.pcap (deflated 65%)
#22 48.69   adding: tests/pimv2-oobr-4.pcap (deflated 99%)
#22 48.69 + cp fuzz_pcap_seed_corpus.zip /out/cmplog/
#22 48.70 + cd /src/libpcap/testprogs/BPF
#22 48.70 + mkdir corpus
#22 48.70 + ls 1.txt 2.txt 3.txt 4.txt 5.txt 6.txt 7.txt
#22 48.70 + read i
#22 48.70 + tail -1 1.txt
#22 48.70 + read i
#22 48.70 + tail -1 2.txt
#22 48.70 + read i
#22 48.70 + tail -1 3.txt
#22 48.70 + read i
#22 48.70 + tail -1 4.txt
#22 48.70 + read i
#22 48.70 + tail -1 5.txt
#22 48.71 + read i
#22 48.71 + tail -1 6.txt
#22 48.71 + read i
#22 48.71 + tail -1 7.txt
#22 48.71 + read i
#22 48.71 + zip -r fuzz_filter_seed_corpus.zip corpus/
#22 48.71   adding: corpus/ (stored 0%)
#22 48.71   adding: corpus/6.txt (deflated 43%)
#22 48.71   adding: corpus/3.txt (deflated 51%)
#22 48.71   adding: corpus/1.txt (stored 0%)
#22 48.71   adding: corpus/4.txt (deflated 49%)
#22 48.71   adding: corpus/5.txt (stored 0%)
#22 48.71   adding: corpus/7.txt (stored 0%)
#22 48.71   adding: corpus/2.txt (stored 0%)
#22 48.71 + cp fuzz_filter_seed_corpus.zip /out/cmplog/
#22 DONE 48.8s

#23 exporting to image
#23 exporting layers
#23 exporting layers 5.0s done
#23 preparing layers for inline cache 0.1s done
#23 writing image sha256:b4924b2c52451c648b312be6e0f5326aed548e3267c7334812062a5742add921 done
#23 naming to gcr.io/fuzzbench/builders/aflmmbb/libpcap_fuzz_both done
#23 DONE 5.1s

 [33m4 warnings found (use --debug to expand):
[0m - InvalidDefaultArgInFrom: Default value for ARG $parent_image results in empty or invalid base image name (line 20)
 - LegacyKeyValueFormat: "ENV key=value" should be used instead of legacy "ENV key value" format (line 26)
 - LegacyKeyValueFormat: "ENV key=value" should be used instead of legacy "ENV key value" format (line 27)
 - LegacyKeyValueFormat: "ENV key=value" should be used instead of legacy "ENV key value" format (line 28)
docker build \
--tag gcr.io/fuzzbench/runners/aflmmbb/libpcap_fuzz_both-intermediate \
--build-arg BUILDKIT_INLINE_CACHE=1 \
--cache-from gcr.io/fuzzbench/runners/aflmmbb/libpcap_fuzz_both-intermediate \
--file fuzzers/aflmmbb/runner.Dockerfile \
fuzzers/aflmmbb
#0 building with "default" instance using docker driver

#1 [internal] load build definition from runner.Dockerfile
#1 transferring dockerfile: 1.13kB done
#1 WARN: UndefinedVar: Usage of undefined variable '$LD_LIBRARY_PATH' (line 18)
#1 DONE 0.0s

#2 [internal] load metadata for gcr.io/fuzzbench/base-image:latest
#2 DONE 0.0s

#3 [internal] load .dockerignore
#3 transferring context: 2B done
#3 DONE 0.0s

#4 importing cache manifest from gcr.io/fuzzbench/runners/aflmmbb/libpcap_fuzz_both-intermediate
#4 DONE 0.0s

#5 [1/1] FROM gcr.io/fuzzbench/base-image:latest
#5 CACHED

#6 exporting to image
#6 exporting layers done
#6 preparing layers for inline cache done
#6 writing image sha256:0dcae0633340983dc0f0325a60e3ded9110cef498f835801c6f3e1c84d756bd0 done
#6 naming to gcr.io/fuzzbench/runners/aflmmbb/libpcap_fuzz_both-intermediate done
#6 DONE 0.0s

 [33m1 warning found (use --debug to expand):
[0m - UndefinedVar: Usage of undefined variable '$LD_LIBRARY_PATH' (line 18)
docker build \
--tag gcr.io/fuzzbench/runners/aflmmbb/libpcap_fuzz_both \
--build-arg BUILDKIT_INLINE_CACHE=1 \
--cache-from gcr.io/fuzzbench/runners/aflmmbb/libpcap_fuzz_both \
--build-arg benchmark=libpcap_fuzz_both \
--build-arg fuzzer=aflmmbb \
--file docker/benchmark-runner/Dockerfile \
.
#0 building with "default" instance using docker driver

#1 [internal] load build definition from Dockerfile
#1 transferring dockerfile: 3.23kB done
#1 WARN: InvalidDefaultArgInFrom: Default value for ARG gcr.io/fuzzbench/builders/$fuzzer/$benchmark results in empty or invalid base image name (line 37)
#1 WARN: InvalidDefaultArgInFrom: Default value for ARG gcr.io/fuzzbench/runners/$fuzzer/$benchmark-intermediate results in empty or invalid base image name (line 41)
#1 WARN: LegacyKeyValueFormat: "ENV key=value" should be used instead of legacy "ENV key value" format (line 53)
#1 WARN: LegacyKeyValueFormat: "ENV key=value" should be used instead of legacy "ENV key value" format (line 54)
#1 WARN: JSONArgsRecommended: JSON arguments recommended for ENTRYPOINT to prevent unintended behavior related to OS signals (line 86)
#1 DONE 0.0s

#2 [internal] load metadata for gcr.io/fuzzbench/runners/aflmmbb/libpcap_fuzz_both-intermediate:latest
#2 DONE 0.0s

#3 [internal] load metadata for gcr.io/fuzzbench/builders/aflmmbb/libpcap_fuzz_both:latest
#3 DONE 0.0s

#4 [internal] load .dockerignore
#4 transferring context: 220B done
#4 DONE 0.0s

#5 importing cache manifest from gcr.io/fuzzbench/runners/aflmmbb/libpcap_fuzz_both
#5 DONE 0.0s

#6 [stage-1  1/12] FROM gcr.io/fuzzbench/runners/aflmmbb/libpcap_fuzz_both-intermediate:latest
#6 DONE 0.0s

#7 [internal] load build context
#7 ...

#8 [builder 1/1] FROM gcr.io/fuzzbench/builders/aflmmbb/libpcap_fuzz_both:latest
#8 DONE 0.2s

#7 [internal] load build context
#7 transferring context: 7.26MB 0.2s done
#7 DONE 0.3s

#9 [stage-1  3/12] RUN mkdir -p /out
#9 CACHED

#10 [stage-1  2/12] RUN apt-get update -y &&     DEBIAN_FRONTEND="noninteractive" apt-get install -y     libglib2.0-0     libxml2     libarchive13     libgss3
#10 CACHED

#11 [stage-1  4/12] WORKDIR /out
#11 CACHED

#12 [stage-1  5/12] COPY --from=builder /out/ ./
#12 DONE 0.0s

#13 [stage-1  6/12] COPY benchmarks /src/benchmarks
#13 DONE 0.1s

#14 [stage-1  7/12] COPY fuzzers /src/fuzzers
#14 DONE 0.1s

#15 [stage-1  8/12] RUN mkdir -p /out/seeds /out/corpus
#15 DONE 0.2s

#16 [stage-1  9/12] COPY common /src/common
#16 DONE 0.1s

#17 [stage-1 10/12] COPY experiment/runner.py /src/experiment/runner.py
#17 DONE 0.0s

#18 [stage-1 11/12] COPY docker/benchmark-runner /src/docker/benchmark-runner
#18 DONE 0.0s

#19 [stage-1 12/12] RUN chmod +x /src/docker/benchmark-runner/startup-runner.sh
#19 DONE 0.2s

#20 exporting to image
#20 exporting layers 0.0s done
#20 preparing layers for inline cache done
#20 writing image sha256:72db1230fd6a620f6cf89f20a6c76a8db146a061d4a28591f5efe74de8a18b38 done
#20 naming to gcr.io/fuzzbench/runners/aflmmbb/libpcap_fuzz_both done
#20 DONE 0.1s

 [33m5 warnings found (use --debug to expand):
[0m - InvalidDefaultArgInFrom: Default value for ARG gcr.io/fuzzbench/builders/$fuzzer/$benchmark results in empty or invalid base image name (line 37)
 - InvalidDefaultArgInFrom: Default value for ARG gcr.io/fuzzbench/runners/$fuzzer/$benchmark-intermediate results in empty or invalid base image name (line 41)
 - LegacyKeyValueFormat: "ENV key=value" should be used instead of legacy "ENV key value" format (line 53)
 - LegacyKeyValueFormat: "ENV key=value" should be used instead of legacy "ENV key value" format (line 54)
 - JSONArgsRecommended: JSON arguments recommended for ENTRYPOINT to prevent unintended behavior related to OS signals (line 86)
