docker build \
--tag gcr.io/fuzzbench/builders/benchmark/libxml2_xml \
--build-arg BUILDKIT_INLINE_CACHE=1 \
--cache-from gcr.io/fuzzbench/builders/benchmark/libxml2_xml \
--file benchmarks/libxml2_xml/Dockerfile \
benchmarks/libxml2_xml
#0 building with "default" instance using docker driver

#1 [internal] load build definition from Dockerfile
#1 transferring dockerfile: 1.37kB done
#1 DONE 0.0s

#2 [internal] load metadata for gcr.io/oss-fuzz-base/base-builder@sha256:87ca1e9e19235e731fac8de8d1892ebe8d55caf18e7aa131346fc582a2034fdd
#2 DONE 0.3s

#3 [internal] load .dockerignore
#3 transferring context: 2B done
#3 DONE 0.0s

#4 [1/6] FROM gcr.io/oss-fuzz-base/base-builder@sha256:87ca1e9e19235e731fac8de8d1892ebe8d55caf18e7aa131346fc582a2034fdd
#4 DONE 0.0s

#5 importing cache manifest from gcr.io/fuzzbench/builders/benchmark/libxml2_xml
#5 DONE 0.0s

#6 [internal] load build context
#6 transferring context: 1.49kB 0.0s done
#6 DONE 0.0s

#7 [2/6] RUN apt-get update &&     apt-get install -y --no-install-recommends         make autoconf libtool pkg-config         zlib1g-dev zlib1g-dev:i386 liblzma-dev liblzma-dev:i386
#7 CACHED

#8 [3/6] RUN curl -LO http://mirrors.kernel.org/ubuntu/pool/main/a/automake-1.16/automake_1.16.5-1.3_all.deb &&     apt install ./automake_1.16.5-1.3_all.deb
#8 CACHED

#9 [5/6] WORKDIR libxml2
#9 CACHED

#10 [4/6] RUN git clone https://github.com/GNOME/libxml2.git
#10 CACHED

#11 [6/6] COPY build.sh /src/
#11 CACHED

#12 exporting to image
#12 exporting layers done
#12 preparing layers for inline cache done
#12 writing image sha256:a22292b563b95de8925cc37235e41ae633ac32b8d718f50b98eaf26b136ac4b6 done
#12 naming to gcr.io/fuzzbench/builders/benchmark/libxml2_xml done
#12 DONE 0.0s

 [33m1 warning found (use --debug to expand):
[0m - WorkdirRelativePath: Relative workdir "libxml2" can have unexpected results if the base image changes (line 30)
docker build \
--tag gcr.io/fuzzbench/builders/aflmmbb/libxml2_xml-intermediate \
--build-arg BUILDKIT_INLINE_CACHE=1 \
--cache-from gcr.io/fuzzbench/builders/aflmmbb/libxml2_xml-intermediate \
--build-arg parent_image=gcr.io/fuzzbench/builders/benchmark/libxml2_xml \
--file fuzzers/aflmmbb/builder.Dockerfile \
fuzzers/aflmmbb
#0 building with "default" instance using docker driver

#1 [internal] load build definition from builder.Dockerfile
#1 transferring dockerfile: 2.90kB done
#1 WARN: InvalidDefaultArgInFrom: Default value for ARG $parent_image results in empty or invalid base image name (line 16)
#1 DONE 0.0s

#2 [internal] load metadata for gcr.io/fuzzbench/builders/benchmark/libxml2_xml:latest
#2 DONE 0.0s

#3 [internal] load .dockerignore
#3 transferring context: 2B done
#3 DONE 0.0s

#4 [ 1/13] FROM gcr.io/fuzzbench/builders/benchmark/libxml2_xml:latest
#4 DONE 0.0s

#5 importing cache manifest from gcr.io/fuzzbench/builders/aflmmbb/libxml2_xml-intermediate
#5 DONE 0.0s

#6 [ 4/13] RUN apt-get install -y gcc-$(gcc --version|head -n1|sed 's/\..*//'|sed 's/.* //')-plugin-dev     libstdc++-$(gcc --version|head -n1|sed 's/\..*//'|sed 's/.* //')-dev
#6 CACHED

#7 [ 2/13] RUN apt-get update &&     apt-get install -y     build-essential python3-dev automake cmake git flex bison     libglib2.0-dev libpixman-1-dev python3-setuptools cargo libgtk-3-dev
#7 CACHED

#8 [ 5/13] RUN apt-get install -y ninja-build # for QEMU mode
#8 CACHED

#9 [ 6/13] RUN apt-get install -y cpio libcapstone-dev # for Nyx mode
#9 CACHED

#10 [ 7/13] RUN apt-get install -y wget curl # for Frida mode
#10 CACHED

#11 [ 3/13] RUN apt-get install -y lld-14 llvm-14 llvm-14-dev clang-14 ||     apt-get install -y lld llvm llvm-dev clang
#11 CACHED

#12 [ 8/13] RUN apt-get install -y python3-pip # for Unicorn mode
#12 CACHED

#13 [ 9/13] RUN echo "dont cache3"
#13 CACHED

#14 [10/13] RUN git clone -b blackbox https://gitlab.mpi-sp.org/seongmin.lee/aflpp-covrec.git /afl
#14 0.184 Cloning into '/afl'...
#14 DONE 2.1s

#15 [11/13] RUN cd /afl &&     unset CFLAGS CXXFLAGS &&     export CC=clang AFL_NO_X86=1 &&     PYTHON_INCLUDE=/ make &&     cp utils/aflpp_driver/libAFLDriver.a /
#15 0.225 [*] Compiling AFL++ for OS Linux on ARCH x86_64
#15 0.631 [+] ZLIB detected
#15 0.644 [!] Note: skipping x86 compilation checks (AFL_NO_X86 set).
#15 0.644 [+] shmat seems to be working.
#15 0.645 [-] You seem to need to install the package python3-dev or python-dev (and perhaps python[3]-apt), but it is optional so we continue
#15 0.654 [+] Everything seems to be working, ready to compile. (clang version 15.0.0 (https://github.com/llvm/llvm-project.git bf7f8d6fa6f460bf0a16ffec319cd71592216bf4))
#15 0.655 clang -O2   -g -Wno-pointer-sign -Wno-variadic-macros -Wall -Wextra -Wno-pointer-arith -fPIC -I include/ -DAFL_PATH=\"/usr/local/lib/afl\" -DBIN_PATH=\"/usr/local/bin\" -DDOC_PATH=\"/usr/local/share/doc/afl\" -flto=full  -DHAVE_ZLIB -c src/afl-common.c -o src/afl-common.o
#15 0.850 clang -O2   -g -Wno-pointer-sign -Wno-variadic-macros -Wall -Wextra -Wno-pointer-arith -fPIC -I include/ -DAFL_PATH=\"/usr/local/lib/afl\" -DBIN_PATH=\"/usr/local/bin\" -DDOC_PATH=\"/usr/local/share/doc/afl\" -flto=full  -DHAVE_ZLIB -c src/afl-sharedmem.c -o src/afl-sharedmem.o
#15 0.911 clang -O2   -g -Wno-pointer-sign -Wno-variadic-macros -Wall -Wextra -Wno-pointer-arith -fPIC -I include/ -DAFL_PATH=\"/usr/local/lib/afl\" -DBIN_PATH=\"/usr/local/bin\" -DDOC_PATH=\"/usr/local/share/doc/afl\" -flto=full  -DHAVE_ZLIB -c src/afl-forkserver.c -o src/afl-forkserver.o
#15 1.077 clang -O2   -g -Wno-pointer-sign -Wno-variadic-macros -Wall -Wextra -Wno-pointer-arith -fPIC -I include/ -DAFL_PATH=\"/usr/local/lib/afl\" -DBIN_PATH=\"/usr/local/bin\" -DDOC_PATH=\"/usr/local/share/doc/afl\"   -DHAVE_ZLIB -Iinclude -c src/afl-performance.c -o src/afl-performance.o
#15 1.364 clang -O2   -g -Wno-pointer-sign -Wno-variadic-macros -Wall -Wextra -Wno-pointer-arith -fPIC -I include/ -DAFL_PATH=\"/usr/local/lib/afl\" -DBIN_PATH=\"/usr/local/bin\" -DDOC_PATH=\"/usr/local/share/doc/afl\"  -flto=full  -DHAVE_ZLIB src/afl-fuzz-redqueen.c src/afl-fuzz-statsd.c src/afl-fuzz-extras.c src/afl-fuzz-queue.c src/afl-fuzz-cmplog.c src/afl-fuzz-state.c src/afl-fuzz-one.c src/afl-fuzz-python.c src/afl-fuzz-mutators.c src/afl-fuzz-stats.c src/afl-fuzz.c src/afl-fuzz-skipdet.c src/afl-fuzz-init.c src/afl-fuzz-bitmap.c src/afl-fuzz-run.c src/afl-common.o src/afl-sharedmem.o src/afl-forkserver.o src/afl-performance.o -o afl-fuzz  -ldl -lrt -lm -lz -lm
#15 2.506 src/afl-fuzz-one.c:336:26: warning: variable 'orig_in' set but not used [-Wunused-but-set-variable]
#15 2.506   u8 *in_buf, *out_buf, *orig_in, *ex_tmp;
#15 2.506                          ^
#15 2.537 src/afl-fuzz-one.c:3484:26: warning: variable 'orig_in' set but not used [-Wunused-but-set-variable]
#15 2.537   u8 *in_buf, *out_buf, *orig_in, *ex_tmp, *eff_map = 0;
#15 2.537                          ^
#15 3.038 2 warnings generated.
#15 7.993 clang -O2   -g -Wno-pointer-sign -Wno-variadic-macros -Wall -Wextra -Wno-pointer-arith -fPIC -I include/ -DAFL_PATH=\"/usr/local/lib/afl\" -DBIN_PATH=\"/usr/local/bin\" -DDOC_PATH=\"/usr/local/share/doc/afl\"  -flto=full  -DHAVE_ZLIB src/afl-showmap.c src/afl-fuzz-mutators.c src/afl-fuzz-python.c src/afl-common.o src/afl-sharedmem.o src/afl-forkserver.o src/afl-performance.o -o afl-showmap  -ldl -lrt -lm -lz
#15 8.931 clang -O2   -g -Wno-pointer-sign -Wno-variadic-macros -Wall -Wextra -Wno-pointer-arith -fPIC -I include/ -DAFL_PATH=\"/usr/local/lib/afl\" -DBIN_PATH=\"/usr/local/bin\" -DDOC_PATH=\"/usr/local/share/doc/afl\"  -flto=full  -DHAVE_ZLIB src/afl-tmin.c src/afl-common.o src/afl-sharedmem.o src/afl-forkserver.o src/afl-performance.o -o afl-tmin -ldl -lrt -lm -lz
#15 9.560 clang -O2   -g -Wno-pointer-sign -Wno-variadic-macros -Wall -Wextra -Wno-pointer-arith -fPIC -I include/ -DAFL_PATH=\"/usr/local/lib/afl\" -DBIN_PATH=\"/usr/local/bin\" -DDOC_PATH=\"/usr/local/share/doc/afl\"  -flto=full  -DHAVE_ZLIB src/afl-gotcpu.c src/afl-common.o -o afl-gotcpu -ldl -lrt -lm -lz
#15 9.670 clang -O2   -g -Wno-pointer-sign -Wno-variadic-macros -Wall -Wextra -Wno-pointer-arith -fPIC -I include/ -DAFL_PATH=\"/usr/local/lib/afl\" -DBIN_PATH=\"/usr/local/bin\" -DDOC_PATH=\"/usr/local/share/doc/afl\"  -flto=full  -DHAVE_ZLIB src/afl-analyze.c src/afl-common.o src/afl-sharedmem.o src/afl-performance.o src/afl-forkserver.o -o afl-analyze -ldl -lrt -lm -lz
#15 10.22 make -j -f GNUmakefile.llvm
#15 10.22 make[1]: Entering directory '/afl'
#15 10.25 [+] llvm_mode detected llvm 10+, enabling neverZero implementation and c++14
#15 10.25 [+] llvm_mode detected llvm 12+, enabling afl-lto LTO implementation
#15 10.47 [+] shmat seems to be working.
#15 10.48 [*] Checking for working 'llvm-config'...
#15 10.48 [*] Checking for working '/usr/local/bin/clang'...
#15 10.49 [*] Checking for matching versions of '/usr/local/bin/clang' and 'llvm-config'
#15 10.49 [*] We have llvm-config version 15.0.0 with a clang version 15.0.0, good.
#15 10.49 [*] Checking for './afl-showmap'...
#15 10.49 [+] All set and ready to build.
#15 10.49 /usr/local/bin/clang -O3 -funroll-loops -fPIC -Wall -g -Wno-cast-qual -Wno-variadic-macros -Wno-pointer-sign -I ./include/ -I ./instrumentation/ -DAFL_PATH=\"/usr/local/lib/afl\" -DBIN_PATH=\"/usr/local/bin\" -DLLVM_BINDIR=\"/usr/local/bin\" -DVERSION=\"++4.31a\" -DLLVM_LIBDIR=\"/usr/local/lib\" -DLLVM_VERSION=\"15.0.0\" -DAFL_CLANG_FLTO=\"-flto=full\" -DAFL_REAL_LD=\"/usr/local/bin/ld.lld\" -DAFL_CLANG_LDPATH=\"1\" -DAFL_CLANG_FUSELD=\"1\" -DCLANG_BIN=\"/usr/local/bin/clang\" -DCLANGPP_BIN=\"/usr/local/bin/clang++\" -DUSE_BINDIR=1 -Wno-unused-function -fdebug-prefix-map="/afl=llvm_mode" -Wno-deprecated  -c src/afl-common.c -o instrumentation/afl-common.o 
#15 10.81 /usr/local/bin/clang -I/usr/local/include -I./../include -O3 -funroll-loops -fPIC -Wall -g -Wno-cast-qual -Wno-variadic-macros -Wno-pointer-sign -I ./include/ -I ./instrumentation/ -DAFL_PATH=\"/usr/local/lib/afl\" -DBIN_PATH=\"/usr/local/bin\" -DLLVM_BINDIR=\"/usr/local/bin\" -DVERSION=\"++4.31a\" -DLLVM_LIBDIR=\"/usr/local/lib\" -DLLVM_VERSION=\"15.0.0\" -DAFL_CLANG_FLTO=\"-flto=full\" -DAFL_REAL_LD=\"/usr/local/bin/ld.lld\" -DAFL_CLANG_LDPATH=\"1\" -DAFL_CLANG_FUSELD=\"1\" -DCLANG_BIN=\"/usr/local/bin/clang\" -DCLANGPP_BIN=\"/usr/local/bin/clang++\" -DUSE_BINDIR=1 -Wno-unused-function -fdebug-prefix-map="/afl=llvm_mode" -Wno-deprecated  src/afl-cc.c instrumentation/afl-common.o -o afl-cc -DLLVM_MINOR=0 -DLLVM_MAJOR=15  -DCFLAGS_OPT=\"\" -lm
#15 11.32 /usr/local/bin/clang -I/usr/local/include -I./../include -Wall -g -Wno-cast-qual -Wno-variadic-macros -Wno-pointer-sign -I ./include/ -I ./instrumentation/ -DAFL_PATH=\"/usr/local/lib/afl\" -DBIN_PATH=\"/usr/local/bin\" -DLLVM_BINDIR=\"/usr/local/bin\" -DVERSION=\"++4.31a\" -DLLVM_LIBDIR=\"/usr/local/lib\" -DLLVM_VERSION=\"15.0.0\" -DAFL_CLANG_FLTO=\"-flto=full\" -DAFL_REAL_LD=\"/usr/local/bin/ld.lld\" -DAFL_CLANG_LDPATH=\"1\" -DAFL_CLANG_FUSELD=\"1\" -DCLANG_BIN=\"/usr/local/bin/clang\" -DCLANGPP_BIN=\"/usr/local/bin/clang++\" -DUSE_BINDIR=1 -Wno-unused-function -fdebug-prefix-map="/afl=llvm_mode" -Wno-deprecated  -O3 -Wno-unused-result -fPIC -c instrumentation/afl-compiler-rt.o.c -o afl-compiler-rt.o
#15 11.67 [*] Building 32-bit variant of the runtime (-m32)... success!
#15 12.01 [*] Building 64-bit variant of the runtime (-m64)... success!
#15 12.36 /usr/local/bin/clang++ -O3 -funroll-loops -fPIC -Wall -g -Wno-cast-qual -Wno-variadic-macros -Wno-pointer-sign -I ./include/ -I ./instrumentation/ -DAFL_PATH=\"/usr/local/lib/afl\" -DBIN_PATH=\"/usr/local/bin\" -DLLVM_BINDIR=\"/usr/local/bin\" -DVERSION=\"++4.31a\" -DLLVM_LIBDIR=\"/usr/local/lib\" -DLLVM_VERSION=\"15.0.0\" -DAFL_CLANG_FLTO=\"-flto=full\" -DAFL_REAL_LD=\"/usr/local/bin/ld.lld\" -DAFL_CLANG_LDPATH=\"1\" -DAFL_CLANG_FUSELD=\"1\" -DCLANG_BIN=\"/usr/local/bin/clang\" -DCLANGPP_BIN=\"/usr/local/bin/clang++\" -DUSE_BINDIR=1 -Wno-unused-function -fdebug-prefix-map="/afl=llvm_mode" -Wno-deprecated  $(llvm-config --cxxflags) -fno-rtti -fPIC -std=c++14 -c instrumentation/afl-llvm-common.cc -o instrumentation/afl-llvm-common.o 
#15 14.99 /usr/local/bin/clang++ $(llvm-config --cxxflags) -fno-rtti -fno-exceptions -fPIC -O3 -funroll-loops -fPIC -Wall -g -I ./include/ -DVERSION=\"++4.31a\" -Wno-variadic-macros -Wno-deprecated-copy-with-dtor -DLLVM_MINOR=0 -DLLVM_MAJOR=15  -Wno-deprecated-declarations -Wl,-znodelete -Wdeprecated -fno-rtti -fPIC -std=c++14 -shared instrumentation/afl-llvm-pass.so.cc -o afl-llvm-pass.so $(llvm-config --ldflags)  instrumentation/afl-llvm-common.o
#15 19.09 /usr/local/bin/clang++ $(llvm-config --cxxflags) -fno-rtti -fno-exceptions -fPIC -O3 -funroll-loops -fPIC -Wall -g -I ./include/ -DVERSION=\"++4.31a\" -Wno-variadic-macros -Wno-deprecated-copy-with-dtor -DLLVM_MINOR=0 -DLLVM_MAJOR=15  -Wno-deprecated-declarations -Wl,-znodelete -fno-rtti -fPIC -std=c++14 -shared instrumentation/SanitizerCoveragePCGUARD.so.cc -o SanitizerCoveragePCGUARD.so $(llvm-config --ldflags)  -Wno-deprecated-copy-dtor -Wdeprecated instrumentation/afl-llvm-common.o
#15 24.08 /usr/local/bin/clang++ $(llvm-config --cxxflags) -fno-rtti -fno-exceptions -fPIC -O3 -funroll-loops -fPIC -Wall -g -I ./include/ -DVERSION=\"++4.31a\" -Wno-variadic-macros -Wno-deprecated-copy-with-dtor -DLLVM_MINOR=0 -DLLVM_MAJOR=15  -Wno-deprecated-declarations -Wl,-znodelete -shared instrumentation/split-compares-pass.so.cc -o split-compares-pass.so $(llvm-config --ldflags)  instrumentation/afl-llvm-common.o
#15 28.32 /usr/local/bin/clang++ $(llvm-config --cxxflags) -fno-rtti -fno-exceptions -fPIC -O3 -funroll-loops -fPIC -Wall -g -I ./include/ -DVERSION=\"++4.31a\" -Wno-variadic-macros -Wno-deprecated-copy-with-dtor -DLLVM_MINOR=0 -DLLVM_MAJOR=15  -Wno-deprecated-declarations -Wl,-znodelete -shared instrumentation/split-switches-pass.so.cc -o split-switches-pass.so $(llvm-config --ldflags)  instrumentation/afl-llvm-common.o
#15 32.50 /usr/local/bin/clang++ $(llvm-config --cxxflags) -fno-rtti -fno-exceptions -fPIC -O3 -funroll-loops -fPIC -Wall -g -I ./include/ -DVERSION=\"++4.31a\" -Wno-variadic-macros -Wno-deprecated-copy-with-dtor -DLLVM_MINOR=0 -DLLVM_MAJOR=15  -Wno-deprecated-declarations -Wl,-znodelete -shared instrumentation/cmplog-routines-pass.cc -o cmplog-routines-pass.so $(llvm-config --ldflags)  instrumentation/afl-llvm-common.o
#15 36.68 /usr/local/bin/clang++ $(llvm-config --cxxflags) -fno-rtti -fno-exceptions -fPIC -O3 -funroll-loops -fPIC -Wall -g -I ./include/ -DVERSION=\"++4.31a\" -Wno-variadic-macros -Wno-deprecated-copy-with-dtor -DLLVM_MINOR=0 -DLLVM_MAJOR=15  -Wno-deprecated-declarations -Wl,-znodelete -shared instrumentation/cmplog-instructions-pass.cc -o cmplog-instructions-pass.so $(llvm-config --ldflags)  instrumentation/afl-llvm-common.o
#15 40.68 /usr/local/bin/clang++ $(llvm-config --cxxflags) -fno-rtti -fno-exceptions -fPIC -O3 -funroll-loops -fPIC -Wall -g -I ./include/ -DVERSION=\"++4.31a\" -Wno-variadic-macros -Wno-deprecated-copy-with-dtor -DLLVM_MINOR=0 -DLLVM_MAJOR=15  -Wno-deprecated-declarations -Wl,-znodelete -shared instrumentation/cmplog-switches-pass.cc -o cmplog-switches-pass.so $(llvm-config --ldflags)  instrumentation/afl-llvm-common.o
#15 44.62 /usr/local/bin/clang++ $(llvm-config --cxxflags) -fno-rtti -fno-exceptions -fPIC -O3 -funroll-loops -fPIC -Wall -g -I ./include/ -DVERSION=\"++4.31a\" -Wno-variadic-macros -Wno-deprecated-copy-with-dtor -DLLVM_MINOR=0 -DLLVM_MAJOR=15  -Wno-deprecated-declarations -Wl,-znodelete -shared instrumentation/afl-llvm-dict2file.so.cc -o afl-llvm-dict2file.so $(llvm-config --ldflags)  instrumentation/afl-llvm-common.o
#15 48.54 /usr/local/bin/clang++ $(llvm-config --cxxflags) -fno-rtti -fno-exceptions -fPIC -O3 -funroll-loops -fPIC -Wall -g -I ./include/ -DVERSION=\"++4.31a\" -Wno-variadic-macros -Wno-deprecated-copy-with-dtor -DLLVM_MINOR=0 -DLLVM_MAJOR=15  -Wno-deprecated-declarations -Wl,-znodelete -shared instrumentation/compare-transform-pass.so.cc -o compare-transform-pass.so $(llvm-config --ldflags)  instrumentation/afl-llvm-common.o
#15 53.00 /usr/local/bin/clang -O3 -funroll-loops -fPIC -Wall -g -Wno-cast-qual -Wno-variadic-macros -Wno-pointer-sign -I ./include/ -I ./instrumentation/ -DAFL_PATH=\"/usr/local/lib/afl\" -DBIN_PATH=\"/usr/local/bin\" -DLLVM_BINDIR=\"/usr/local/bin\" -DVERSION=\"++4.31a\" -DLLVM_LIBDIR=\"/usr/local/lib\" -DLLVM_VERSION=\"15.0.0\" -DAFL_CLANG_FLTO=\"-flto=full\" -DAFL_REAL_LD=\"/usr/local/bin/ld.lld\" -DAFL_CLANG_LDPATH=\"1\" -DAFL_CLANG_FUSELD=\"1\" -DCLANG_BIN=\"/usr/local/bin/clang\" -DCLANGPP_BIN=\"/usr/local/bin/clang++\" -DUSE_BINDIR=1 -Wno-unused-function -fdebug-prefix-map="/afl=llvm_mode" -Wno-deprecated  src/afl-ld-lto.c -o afl-ld-lto
#15 53.14 /usr/local/bin/clang++ $(llvm-config --cxxflags) -fno-rtti -fno-exceptions -fPIC -O3 -funroll-loops -fPIC -Wall -g -I ./include/ -DVERSION=\"++4.31a\" -Wno-variadic-macros -Wno-deprecated-copy-with-dtor -DLLVM_MINOR=0 -DLLVM_MAJOR=15  -Wno-deprecated-declarations -Wl,-znodelete -fno-rtti -fPIC -std=c++14 -shared instrumentation/afl-llvm-lto-instrumentlist.so.cc -o afl-llvm-lto-instrumentlist.so $(llvm-config --ldflags)  instrumentation/afl-llvm-common.o
#15 56.55 /usr/local/bin/clang++ $(llvm-config --cxxflags) -fno-rtti -fno-exceptions -fPIC -O3 -funroll-loops -fPIC -Wall -g -I ./include/ -DVERSION=\"++4.31a\" -Wno-variadic-macros -Wno-deprecated-copy-with-dtor -DLLVM_MINOR=0 -DLLVM_MAJOR=15  -Wno-deprecated-declarations -Wl,-znodelete -Wno-writable-strings -fno-rtti -fPIC -std=c++14 -shared instrumentation/SanitizerCoverageLTO.so.cc -o SanitizerCoverageLTO.so $(llvm-config --ldflags)  instrumentation/afl-llvm-common.o
#15 58.97 instrumentation/SanitizerCoverageLTO.so.cc:352:16: error: no member named 'registerFullLinkTimeOptimizationLastEPCallback' in 'llvm::PassBuilder'
#15 58.97             PB.registerFullLinkTimeOptimizationLastEPCallback(
#15 58.97             ~~ ^
#15 59.90 1 error generated.
#15 59.92 make[1]: *** [GNUmakefile.llvm:461: SanitizerCoverageLTO.so] Error 1
#15 59.92 make[1]: Leaving directory '/afl'
#15 59.92 make: [GNUmakefile:347: llvm] Error 2 (ignored)
#15 59.92 make -f GNUmakefile.gcc_plugin
#15 59.92 make[1]: Entering directory '/afl'
#15 59.99 [+] shmat seems to be working.
#15 59.99 [*] Checking for working 'gcc'...
#15 59.99 [*] Checking for gcc plugin development header files...
#15 60.00 [*] Checking for './afl-showmap'...
#15 60.00 [+] All set and ready to build.
#15 60.00 g++ -O3 -g -funroll-loops  -Wall -std=c++11 -fPIC -fno-rtti -fno-exceptions -I"/usr/lib/gcc/x86_64-linux-gnu/9/plugin"/include -I"/usr/lib/gcc/x86_64-linux-gnu/9/plugin" -shared instrumentation/afl-gcc-pass.so.cc -o afl-gcc-pass.so
#15 61.68 ln -sf afl-cc afl-gcc-fast
#15 61.68 ln -sf afl-cc afl-g++-fast
#15 61.68 ln -sf afl-cc.8 afl-gcc-fast.8
#15 61.68 ln -sf afl-cc.8 afl-g++-fast.8
#15 61.69 g++ -O3 -g -funroll-loops  -Wall -std=c++11 -fPIC -fno-rtti -fno-exceptions -I"/usr/lib/gcc/x86_64-linux-gnu/9/plugin"/include -I"/usr/lib/gcc/x86_64-linux-gnu/9/plugin" -shared instrumentation/afl-gcc-cmplog-pass.so.cc -o afl-gcc-cmplog-pass.so
#15 63.41 g++ -O3 -g -funroll-loops  -Wall -std=c++11 -fPIC -fno-rtti -fno-exceptions -I"/usr/lib/gcc/x86_64-linux-gnu/9/plugin"/include -I"/usr/lib/gcc/x86_64-linux-gnu/9/plugin" -shared instrumentation/afl-gcc-cmptrs-pass.so.cc -o afl-gcc-cmptrs-pass.so
#15 65.00 [*] Testing the CC wrapper and instrumentation output...
#15 65.00 unset AFL_USE_ASAN AFL_USE_MSAN AFL_LLVM_ALLOWLIST AFL_LLVM_DENYLIST; ASAN_OPTIONS=detect_leaks=0 AFL_QUIET=1 AFL_INST_RATIO=100 AFL_PATH=. AFL_CC=gcc ./afl-gcc-fast -O3 -g -funroll-loops -Wall -Iinclude -Wno-pointer-sign -DAFL_PATH=\"/usr/local/lib/afl\" -DBIN_PATH=\"/usr/local/bin\" -DGCC_VERSION=\"\" -DGCC_BINDIR=\"\" -Wno-unused-function  ./test-instr.c -o test-instr -lrt
#15 65.09 ASAN_OPTIONS=detect_leaks=0 ./afl-showmap -m none -q -o .test-instr0 ./test-instr </dev/null
#15 65.10 echo 1 | ASAN_OPTIONS=detect_leaks=0 ./afl-showmap -m none -q -o .test-instr1 ./test-instr
#15 65.10 [+] All right, the instrumentation seems to be working!
#15 65.10 [+] All done! You can now use './afl-gcc-fast' to compile programs.
#15 65.10 make[1]: Leaving directory '/afl'
#15 65.11 [!] Note: skipping build tests (you may need to use LLVM or QEMU mode).
#15 65.11 [+] Main compiler 'afl-cc' successfully built!
#15 65.11 [+] LLVM mode for 'afl-cc' successfully built!
#15 65.11 [-] LLVM LTO mode for 'afl-cc'  failed to build, this would need LLVM 11+, see instrumentation/README.lto.md how to build it
#15 65.11 [+] gcc_plugin for 'afl-cc' successfully built!
#15 65.11 [+] All done! Be sure to review the README.md - it's pretty short and useful.
#15 65.11 make -C utils/aflpp_driver
#15 65.11 make[1]: Entering directory '/afl/utils/aflpp_driver'
#15 65.12 /usr/local/bin/clang -I. -I../../include -O3 -funroll-loops -g -fPIC -c aflpp_driver.c
#15 65.20 'libAFLDriver.a' -> '../../libAFLDriver.a'
#15 65.20 /usr/local/bin/clang -O3 -funroll-loops -g -fPIC -O0 -funroll-loops -c aflpp_qemu_driver.c
#15 65.23 'libAFLQemuDriver.a' -> '../../libAFLQemuDriver.a'
#15 65.23 Note: Optional aflpp_qemu_driver_hook.o not built.
#15 65.23 Note: Optional aflpp_qemu_driver_hook.so not built.
#15 65.23 make[1]: Leaving directory '/afl/utils/aflpp_driver'
#15 65.23 
#15 65.23 
#15 65.23 
#15 65.23 
#15 65.23 Build Summary:
#15 65.23 [+] afl-fuzz and supporting tools successfully built
#15 65.23 [+] LLVM basic mode successfully built
#15 65.23 [+] LLVM mode successfully built
#15 65.23 [-] LLVM LTO mode could not be built, it is optional, if you want it, please install LLVM and LLD 11+. More information at instrumentation/README.lto.md on how to build it
#15 65.23 [+] gcc_mode successfully built
#15 65.24 
#15 DONE 65.3s

#16 [12/13] RUN cd /afl &&     PYTHON_INCLUDE=/ make all && make install
#16 0.242 [*] Compiling AFL++ for OS Linux on ARCH x86_64
#16 0.643 [+] ZLIB detected
#16 0.659 [*] Checking for the default compiler cc...
#16 0.661 [*] Testing the PATH environment variable...
#16 0.662 [*] Checking for the ability to compile x86 code...
#16 0.714 [+] shmat seems to be working.
#16 0.715 [-] You seem to need to install the package python3-dev or python-dev (and perhaps python[3]-apt), but it is optional so we continue
#16 0.725 [+] Everything seems to be working, ready to compile. (clang version 15.0.0 (https://github.com/llvm/llvm-project.git bf7f8d6fa6f460bf0a16ffec319cd71592216bf4))
#16 0.726 make -j -f GNUmakefile.llvm
#16 0.727 make[1]: Entering directory '/afl'
#16 0.746 [+] llvm_mode detected llvm 10+, enabling neverZero implementation and c++14
#16 0.746 [+] llvm_mode detected llvm 12+, enabling afl-lto LTO implementation
#16 0.998 [+] shmat seems to be working.
#16 1.015 [*] Checking for working 'llvm-config'...
#16 1.016 [*] Checking for working '/usr/local/bin/clang'...
#16 1.018 [*] Checking for matching versions of '/usr/local/bin/clang' and 'llvm-config'
#16 1.019 [*] We have llvm-config version 15.0.0 with a clang version 15.0.0, good.
#16 1.020 [*] Checking for './afl-showmap'...
#16 1.021 [+] All set and ready to build.
#16 1.027 /usr/local/bin/clang++ $(llvm-config --cxxflags) -fno-rtti -fno-exceptions -fPIC -O1 -fno-omit-frame-pointer -gline-tables-only -DFUZZING_BUILD_MODE_UNSAFE_FOR_PRODUCTION -stdlib=libc++ -Wall -g -I ./include/ -DVERSION=\"++4.31a\" -Wno-variadic-macros -Wno-deprecated-copy-with-dtor -DLLVM_MINOR=0 -DLLVM_MAJOR=15  -Wno-deprecated-declarations -Wl,-znodelete -Wno-writable-strings -fno-rtti -fPIC -std=c++14 -shared instrumentation/SanitizerCoverageLTO.so.cc -o SanitizerCoverageLTO.so $(llvm-config --ldflags)  instrumentation/afl-llvm-common.o
#16 3.630 instrumentation/SanitizerCoverageLTO.so.cc:352:16: error: no member named 'registerFullLinkTimeOptimizationLastEPCallback' in 'llvm::PassBuilder'
#16 3.630             PB.registerFullLinkTimeOptimizationLastEPCallback(
#16 3.630             ~~ ^
#16 4.737 1 error generated.
#16 4.761 make[1]: Leaving directory '/afl'
#16 4.761 make[1]: *** [GNUmakefile.llvm:461: SanitizerCoverageLTO.so] Error 1
#16 4.761 make: [GNUmakefile:347: llvm] Error 2 (ignored)
#16 4.762 make -f GNUmakefile.gcc_plugin
#16 4.763 make[1]: Entering directory '/afl'
#16 4.807 [+] shmat seems to be working.
#16 4.808 [*] Checking for working 'gcc'...
#16 4.810 [*] Checking for gcc plugin development header files...
#16 4.812 [*] Checking for './afl-showmap'...
#16 4.814 [+] All set and ready to build.
#16 4.814 [*] Testing the CC wrapper and instrumentation output...
#16 4.814 unset AFL_USE_ASAN AFL_USE_MSAN AFL_LLVM_ALLOWLIST AFL_LLVM_DENYLIST; ASAN_OPTIONS=detect_leaks=0 AFL_QUIET=1 AFL_INST_RATIO=100 AFL_PATH=. AFL_CC=gcc ./afl-gcc-fast -O1 -fno-omit-frame-pointer -gline-tables-only -DFUZZING_BUILD_MODE_UNSAFE_FOR_PRODUCTION -g -Wno-pointer-sign -Wno-variadic-macros -Wall -Wextra -Wno-pointer-arith -fPIC -I include/ -DAFL_PATH=\"/usr/local/lib/afl\" -DBIN_PATH=\"/usr/local/bin\" -DDOC_PATH=\"/usr/local/share/doc/afl\" -Wall -Iinclude -Wno-pointer-sign -DAFL_PATH=\"/usr/local/lib/afl\" -DBIN_PATH=\"/usr/local/bin\" -DGCC_VERSION=\"\" -DGCC_BINDIR=\"\" -Wno-unused-function  ./test-instr.c -o test-instr -lrt
#16 4.817 gcc: error: unrecognized debug output level 'line-tables-only'
#16 4.817 make[1]: Leaving directory '/afl'
#16 4.817 make[1]: *** [GNUmakefile.gcc_plugin:166: test_build] Error 1
#16 4.818 make: [GNUmakefile:353: gcc_plugin] Error 2 (ignored)
#16 4.818 [*] Testing the CC wrapper afl-cc and its instrumentation output...
#16 4.888 ASAN_OPTIONS=detect_leaks=0 ./afl-showmap -q -m none -o .test-instr0 ./test-instr < /dev/null
#16 4.893 echo 1 | ASAN_OPTIONS=detect_leaks=0 ./afl-showmap -m none -q -o .test-instr1 ./test-instr
#16 4.901 
#16 4.902 [+] All right, the instrumentation of afl-cc seems to be working!
#16 4.903 [+] Main compiler 'afl-cc' successfully built!
#16 4.904 [+] LLVM mode for 'afl-cc' successfully built!
#16 4.904 [-] LLVM LTO mode for 'afl-cc'  failed to build, this would need LLVM 11+, see instrumentation/README.lto.md how to build it
#16 4.905 [+] gcc_plugin for 'afl-cc' successfully built!
#16 4.906 [+] All done! Be sure to review the README.md - it's pretty short and useful.
#16 4.908 make -C utils/aflpp_driver
#16 4.909 make[1]: Entering directory '/afl/utils/aflpp_driver'
#16 4.919 Note: Optional aflpp_qemu_driver_hook.o not built.
#16 4.920 Note: Optional aflpp_qemu_driver_hook.so not built.
#16 4.920 make[1]: Leaving directory '/afl/utils/aflpp_driver'
#16 4.920 
#16 4.921 
#16 4.921 
#16 4.922 
#16 4.922 Build Summary:
#16 4.923 [+] afl-fuzz and supporting tools successfully built
#16 4.924 [+] LLVM basic mode successfully built
#16 4.925 [+] LLVM mode successfully built
#16 4.925 [-] LLVM LTO mode could not be built, it is optional, if you want it, please install LLVM and LLD 11+. More information at instrumentation/README.lto.md on how to build it
#16 4.926 [+] gcc_mode successfully built
#16 4.927 
#16 4.929 [*] Compiling AFL++ for OS Linux on ARCH x86_64
#16 5.397 [+] ZLIB detected
#16 5.411 [*] Checking for the default compiler cc...
#16 5.412 [*] Testing the PATH environment variable...
#16 5.413 [*] Checking for the ability to compile x86 code...
#16 5.455 [+] shmat seems to be working.
#16 5.458 [+] Python 3.8.3 support seems to be working.
#16 5.467 [+] Everything seems to be working, ready to compile. (clang version 15.0.0 (https://github.com/llvm/llvm-project.git bf7f8d6fa6f460bf0a16ffec319cd71592216bf4))
#16 5.468 make -j -f GNUmakefile.llvm
#16 5.468 make[1]: Entering directory '/afl'
#16 5.488 [+] llvm_mode detected llvm 10+, enabling neverZero implementation and c++14
#16 5.488 [+] llvm_mode detected llvm 12+, enabling afl-lto LTO implementation
#16 5.711 [+] shmat seems to be working.
#16 5.723 [*] Checking for working 'llvm-config'...
#16 5.724 [*] Checking for working '/usr/local/bin/clang'...
#16 5.725 [*] Checking for matching versions of '/usr/local/bin/clang' and 'llvm-config'
#16 5.726 [*] We have llvm-config version 15.0.0 with a clang version 15.0.0, good.
#16 5.727 [*] Checking for './afl-showmap'...
#16 5.728 [+] All set and ready to build.
#16 5.732 /usr/local/bin/clang++ $(llvm-config --cxxflags) -fno-rtti -fno-exceptions -fPIC -O1 -fno-omit-frame-pointer -gline-tables-only -DFUZZING_BUILD_MODE_UNSAFE_FOR_PRODUCTION -stdlib=libc++ -Wall -g -I ./include/ -DVERSION=\"++4.31a\" -Wno-variadic-macros -Wno-deprecated-copy-with-dtor -DLLVM_MINOR=0 -DLLVM_MAJOR=15  -Wno-deprecated-declarations -Wl,-znodelete -Wno-writable-strings -fno-rtti -fPIC -std=c++14 -shared instrumentation/SanitizerCoverageLTO.so.cc -o SanitizerCoverageLTO.so $(llvm-config --ldflags)  instrumentation/afl-llvm-common.o
#16 8.239 instrumentation/SanitizerCoverageLTO.so.cc:352:16: error: no member named 'registerFullLinkTimeOptimizationLastEPCallback' in 'llvm::PassBuilder'
#16 8.239             PB.registerFullLinkTimeOptimizationLastEPCallback(
#16 8.239             ~~ ^
#16 9.336 1 error generated.
#16 9.360 make[1]: *** [GNUmakefile.llvm:461: SanitizerCoverageLTO.so] Error 1
#16 9.360 make[1]: Leaving directory '/afl'
#16 9.361 make: [GNUmakefile:347: llvm] Error 2 (ignored)
#16 9.362 make -f GNUmakefile.gcc_plugin
#16 9.362 make[1]: Entering directory '/afl'
#16 9.406 [+] shmat seems to be working.
#16 9.407 [*] Checking for working 'gcc'...
#16 9.408 [*] Checking for gcc plugin development header files...
#16 9.411 [*] Checking for './afl-showmap'...
#16 9.412 [+] All set and ready to build.
#16 9.413 [*] Testing the CC wrapper and instrumentation output...
#16 9.413 unset AFL_USE_ASAN AFL_USE_MSAN AFL_LLVM_ALLOWLIST AFL_LLVM_DENYLIST; ASAN_OPTIONS=detect_leaks=0 AFL_QUIET=1 AFL_INST_RATIO=100 AFL_PATH=. AFL_CC=gcc ./afl-gcc-fast -O1 -fno-omit-frame-pointer -gline-tables-only -DFUZZING_BUILD_MODE_UNSAFE_FOR_PRODUCTION -g -Wno-pointer-sign -Wno-variadic-macros -Wall -Wextra -Wno-pointer-arith -fPIC -I include/ -DAFL_PATH=\"/usr/local/lib/afl\" -DBIN_PATH=\"/usr/local/bin\" -DDOC_PATH=\"/usr/local/share/doc/afl\" -Wall -Iinclude -Wno-pointer-sign -DAFL_PATH=\"/usr/local/lib/afl\" -DBIN_PATH=\"/usr/local/bin\" -DGCC_VERSION=\"\" -DGCC_BINDIR=\"\" -Wno-unused-function  ./test-instr.c -o test-instr -lrt
#16 9.415 gcc: error: unrecognized debug output level 'line-tables-only'
#16 9.416 make[1]: Leaving directory '/afl'
#16 9.416 make[1]: *** [GNUmakefile.gcc_plugin:166: test_build] Error 1
#16 9.416 make: [GNUmakefile:353: gcc_plugin] Error 2 (ignored)
#16 9.417 [*] Testing the CC wrapper afl-cc and its instrumentation output...
#16 9.485 ASAN_OPTIONS=detect_leaks=0 ./afl-showmap -q -m none -o .test-instr0 ./test-instr < /dev/null
#16 9.491 echo 1 | ASAN_OPTIONS=detect_leaks=0 ./afl-showmap -m none -q -o .test-instr1 ./test-instr
#16 9.499 
#16 9.500 [+] All right, the instrumentation of afl-cc seems to be working!
#16 9.501 [+] Main compiler 'afl-cc' successfully built!
#16 9.502 [+] LLVM mode for 'afl-cc' successfully built!
#16 9.502 [-] LLVM LTO mode for 'afl-cc'  failed to build, this would need LLVM 11+, see instrumentation/README.lto.md how to build it
#16 9.503 [+] gcc_plugin for 'afl-cc' successfully built!
#16 9.503 [+] All done! Be sure to review the README.md - it's pretty short and useful.
#16 9.506 make -C utils/aflpp_driver
#16 9.507 make[1]: Entering directory '/afl/utils/aflpp_driver'
#16 9.517 Note: Optional aflpp_qemu_driver_hook.o not built.
#16 9.518 Note: Optional aflpp_qemu_driver_hook.so not built.
#16 9.518 make[1]: Leaving directory '/afl/utils/aflpp_driver'
#16 9.518 
#16 9.519 
#16 9.520 
#16 9.520 
#16 9.521 Build Summary:
#16 9.521 [+] afl-fuzz and supporting tools successfully built
#16 9.522 [+] LLVM basic mode successfully built
#16 9.523 [+] LLVM mode successfully built
#16 9.523 [-] LLVM LTO mode could not be built, it is optional, if you want it, please install LLVM and LLD 11+. More information at instrumentation/README.lto.md on how to build it
#16 9.524 [+] gcc_mode successfully built
#16 9.525 
#16 9.747 rm -fv /usr/local/lib/afl/afl-llvm-dict2file.so
#16 9.747 rm -fv /usr/local/lib/afl/afl-llvm-lto-instrumentlist.so
#16 9.747 rm -fv /usr/local/lib/afl/afl-llvm-pass.so
#16 9.747 rm -fv /usr/local/lib/afl/cmplog-instructions-pass.so
#16 9.747 rm -fv /usr/local/lib/afl/cmplog-routines-pass.so
#16 9.747 rm -fv /usr/local/lib/afl/cmplog-switches-pass.so
#16 9.747 rm -fv /usr/local/lib/afl/compare-transform-pass.so
#16 9.747 rm -fv /usr/local/lib/afl/libcompcov.so
#16 9.747 rm -fv /usr/local/lib/afl/libdislocator.so
#16 9.747 rm -fv /usr/local/lib/afl/libnyx.so
#16 9.747 rm -fv /usr/local/lib/afl/libqasan.so
#16 9.747 rm -fv /usr/local/lib/afl/libtokencap.so
#16 9.747 rm -fv /usr/local/lib/afl/SanitizerCoverageLTO.so
#16 9.747 rm -fv /usr/local/lib/afl/SanitizerCoveragePCGUARD.so
#16 9.747 rm -fv /usr/local/lib/afl/split-compares-pass.so
#16 9.747 rm -fv /usr/local/lib/afl/split-switches-pass.so
#16 9.747 rm -fv /usr/local/lib/afl/injection-pass.so
#16 9.747 install -m 755 afl-fuzz afl-showmap afl-tmin afl-gotcpu afl-analyze afl-plot afl-cmin afl-cmin.bash afl-whatsup afl-addseeds afl-system-config afl-persistent-config afl-cc ${DESTDIR}/usr/local/bin
#16 9.763 make -f GNUmakefile.llvm install
#16 9.764 make[1]: Entering directory '/afl'
#16 9.782 [+] llvm_mode detected llvm 10+, enabling neverZero implementation and c++14
#16 9.782 [+] llvm_mode detected llvm 12+, enabling afl-lto LTO implementation
#16 10.01 [+] shmat seems to be working.
#16 10.02 [*] Checking for working 'llvm-config'...
#16 10.03 [*] Checking for working '/usr/local/bin/clang'...
#16 10.03 [*] Checking for matching versions of '/usr/local/bin/clang' and 'llvm-config'
#16 10.03 [*] We have llvm-config version 15.0.0 with a clang version 15.0.0, good.
#16 10.03 [*] Checking for './afl-showmap'...
#16 10.03 [+] All set and ready to build.
#16 10.03 /usr/local/bin/clang++ $(llvm-config --cxxflags) -fno-rtti -fno-exceptions -fPIC -O1 -fno-omit-frame-pointer -gline-tables-only -DFUZZING_BUILD_MODE_UNSAFE_FOR_PRODUCTION -stdlib=libc++ -Wall -g -I ./include/ -DVERSION=\"++4.31a\" -Wno-variadic-macros -Wno-deprecated-copy-with-dtor -DLLVM_MINOR=0 -DLLVM_MAJOR=15  -Wno-deprecated-declarations -Wl,-znodelete -Wno-writable-strings -fno-rtti -fPIC -std=c++14 -shared instrumentation/SanitizerCoverageLTO.so.cc -o SanitizerCoverageLTO.so $(llvm-config --ldflags)  instrumentation/afl-llvm-common.o
#16 12.54 instrumentation/SanitizerCoverageLTO.so.cc:352:16: error: no member named 'registerFullLinkTimeOptimizationLastEPCallback' in 'llvm::PassBuilder'
#16 12.54             PB.registerFullLinkTimeOptimizationLastEPCallback(
#16 12.54             ~~ ^
#16 13.65 1 error generated.
#16 13.67 make[1]: *** [GNUmakefile.llvm:461: SanitizerCoverageLTO.so] Error 1
#16 13.67 make[1]: Leaving directory '/afl'
#16 13.67 make: [GNUmakefile:820: install] Error 2 (ignored)
#16 13.67 make -f GNUmakefile.gcc_plugin install
#16 13.67 make[1]: Entering directory '/afl'
#16 13.71 [+] shmat seems to be working.
#16 13.72 [*] Checking for working 'gcc'...
#16 13.72 [*] Checking for gcc plugin development header files...
#16 13.72 [*] Checking for './afl-showmap'...
#16 13.72 [+] All set and ready to build.
#16 13.72 [*] Testing the CC wrapper and instrumentation output...
#16 13.72 unset AFL_USE_ASAN AFL_USE_MSAN AFL_LLVM_ALLOWLIST AFL_LLVM_DENYLIST; ASAN_OPTIONS=detect_leaks=0 AFL_QUIET=1 AFL_INST_RATIO=100 AFL_PATH=. AFL_CC=gcc ./afl-gcc-fast -O1 -fno-omit-frame-pointer -gline-tables-only -DFUZZING_BUILD_MODE_UNSAFE_FOR_PRODUCTION -g -Wno-pointer-sign -Wno-variadic-macros -Wall -Wextra -Wno-pointer-arith -fPIC -I include/ -DAFL_PATH=\"/usr/local/lib/afl\" -DBIN_PATH=\"/usr/local/bin\" -DDOC_PATH=\"/usr/local/share/doc/afl\" -Wall -Iinclude -Wno-pointer-sign -DAFL_PATH=\"/usr/local/lib/afl\" -DBIN_PATH=\"/usr/local/bin\" -DGCC_VERSION=\"\" -DGCC_BINDIR=\"\" -Wno-unused-function  ./test-instr.c -o test-instr -lrt
#16 13.72 gcc: error: unrecognized debug output level 'line-tables-only'
#16 13.72 make[1]: *** [GNUmakefile.gcc_plugin:166: test_build] Error 1
#16 13.72 make[1]: Leaving directory '/afl'
#16 13.72 make: [GNUmakefile:821: install] Error 2 (ignored)
#16 13.72 ln -sf afl-cc ${DESTDIR}/usr/local/bin/afl-gcc
#16 13.73 ln -sf afl-cc ${DESTDIR}/usr/local/bin/afl-g++
#16 13.73 ln -sf afl-cc ${DESTDIR}/usr/local/bin/afl-clang
#16 13.73 ln -sf afl-cc ${DESTDIR}/usr/local/bin/afl-clang++
#16 13.73 install -m 644 include/afl-fuzz.h include/afl-mutations.h include/afl-persistent-replay.h include/afl-prealloc.h include/afl-record-compat.h include/alloc-inl.h include/android-ashmem.h include/cmplog.h include/common.h include/config.h include/coverage-32.h include/coverage-64.h include/debug.h include/envs.h include/forkserver.h include/hash.h include/list.h include/sharedmem.h include/snapshot-inl.h include/t1ha.h include/t1ha0_ia32aes_b.h include/t1ha_bits.h include/t1ha_selfcheck.h include/types.h include/xxhash.h ${DESTDIR}/usr/local/include/afl
#16 13.74 install -m0644 *.8 /usr/local/share/man/man8
#16 13.74 install -m 644 docs/*.md ${DESTDIR}/usr/local/share/doc/afl
#16 13.75 cp -r testcases/ ${DESTDIR}/usr/local/share/afl
#16 13.75 cp -r dictionaries/ ${DESTDIR}/usr/local/share/afl
#16 13.76 cp injections.dic ${DESTDIR}/usr/local/share/afl
#16 DONE 13.8s

#17 [13/13] RUN cd /afl/custom_mutators/examples &&     cc -O3 -fPIC -shared -g -o custom_post_run.so -I../../include set.c custom_post_run.c
#17 0.522 custom_post_run.c: In function 'afl_custom_post_run':
#17 0.522 custom_post_run.c:313:5: warning: implicit declaration of function 'update_record' [-Wimplicit-function-declaration]
#17 0.522   313 |     update_record(data);
#17 0.522       |     ^~~~~~~~~~~~~
#17 0.522 custom_post_run.c: At top level:
#17 0.522 custom_post_run.c:319:6: warning: conflicting types for 'update_record'
#17 0.522   319 | void update_record(my_mutator_t *data) {
#17 0.522       |      ^~~~~~~~~~~~~
#17 0.522 custom_post_run.c:313:5: note: previous implicit declaration of 'update_record' was here
#17 0.522   313 |     update_record(data);
#17 0.522       |     ^~~~~~~~~~~~~
#17 DONE 0.7s

#18 exporting to image
#18 exporting layers
#18 exporting layers 0.2s done
#18 preparing layers for inline cache 0.0s done
#18 writing image sha256:782c3e5e7034eaba49b6806f686d715a1944e1c99da361bf4a9a30bed71b5b6a done
#18 naming to gcr.io/fuzzbench/builders/aflmmbb/libxml2_xml-intermediate done
#18 DONE 0.2s

 [33m1 warning found (use --debug to expand):
[0m - InvalidDefaultArgInFrom: Default value for ARG $parent_image results in empty or invalid base image name (line 16)
docker pull ubuntu:focal
focal: Pulling from library/ubuntu
Digest: sha256:8e5c4f0285ecbb4ead070431d29b576a530d3166df73ec44affc1cd27555141b
Status: Image is up to date for ubuntu:focal
docker.io/library/ubuntu:focal
docker build \
--tag gcr.io/fuzzbench/base-image \
--build-arg BUILDKIT_INLINE_CACHE=1 \
--cache-from gcr.io/fuzzbench/base-image \
--file docker/base-image/Dockerfile \
.
#0 building with "default" instance using docker driver

#1 [internal] load build definition from Dockerfile
#1 transferring dockerfile: 2.34kB done
#1 WARN: LegacyKeyValueFormat: "ENV key=value" should be used instead of legacy "ENV key value" format (line 20)
#1 DONE 0.0s

#2 [internal] load metadata for docker.io/library/ubuntu:focal
#2 DONE 0.0s

#3 [internal] load .dockerignore
#3 transferring context: 220B done
#3 DONE 0.0s

#4 importing cache manifest from gcr.io/fuzzbench/base-image
#4 DONE 0.0s

#5 [1/7] FROM docker.io/library/ubuntu:focal
#5 DONE 0.0s

#6 [internal] load build context
#6 transferring context: 711B done
#6 DONE 0.0s

#7 [2/7] RUN apt-get update &&     apt-get upgrade -y &&     apt-get install -y     curl     xz-utils     build-essential     zlib1g-dev     libssl-dev     libffi-dev     libsqlite3-dev     libbz2-dev     liblzma-dev
#7 CACHED

#8 [4/7] COPY ./requirements.txt /tmp
#8 CACHED

#9 [3/7] RUN cd /tmp/ &&     curl -O https://www.python.org/ftp/python/3.10.8/Python-3.10.8.tar.xz &&     tar -xvf Python-3.10.8.tar.xz > /dev/null &&     cd Python-3.10.8 &&     ./configure         --enable-loadable-sqlite-extensions         --enable-optimizations         > /dev/null &&     make -j install > /dev/null &&     rm -r /tmp/Python-3.10.8.tar.xz /tmp/Python-3.10.8 &&     ln -s /usr/local/bin/python3 /usr/local/bin/python &&     ln -s /usr/local/bin/pip3 /usr/local/bin/pip
#9 CACHED

#10 [6/7] RUN apt-get update &&     apt-get install -y     apt-transport-https     ca-certificates     rsync     gnupg
#10 CACHED

#11 [5/7] RUN pip install -r /tmp/requirements.txt
#11 CACHED

#12 [7/7] RUN echo "deb https://packages.cloud.google.com/apt cloud-sdk main"     | tee -a /etc/apt/sources.list.d/google-cloud-sdk.list &&     curl https://packages.cloud.google.com/apt/doc/apt-key.gpg     | apt-key add - &&     apt-get update &&     apt-get install -y google-cloud-cli
#12 CACHED

#13 exporting to image
#13 exporting layers done
#13 preparing layers for inline cache 0.0s done
#13 writing image sha256:dd830f7dc82e707e33df9b6b3d8e14b247937e4b6486bcbb7c75939c3f60ea99 done
#13 naming to gcr.io/fuzzbench/base-image done
#13 DONE 0.0s

 [33m1 warning found (use --debug to expand):
[0m - LegacyKeyValueFormat: "ENV key=value" should be used instead of legacy "ENV key value" format (line 20)
docker build \
--tag gcr.io/fuzzbench/builders/aflmmbb/libxml2_xml \
--build-arg BUILDKIT_INLINE_CACHE=1 \
--cache-from gcr.io/fuzzbench/builders/aflmmbb/libxml2_xml \
--build-arg benchmark=libxml2_xml \
--build-arg fuzzer=aflmmbb \
--build-arg parent_image=gcr.io/fuzzbench/builders/aflmmbb/libxml2_xml-intermediate \
--no-cache \
--file docker/benchmark-builder/Dockerfile \
.
#0 building with "default" instance using docker driver

#1 [internal] load build definition from Dockerfile
#1 transferring dockerfile: 2.50kB done
#1 WARN: InvalidDefaultArgInFrom: Default value for ARG $parent_image results in empty or invalid base image name (line 20)
#1 WARN: LegacyKeyValueFormat: "ENV key=value" should be used instead of legacy "ENV key value" format (line 26)
#1 WARN: LegacyKeyValueFormat: "ENV key=value" should be used instead of legacy "ENV key value" format (line 27)
#1 WARN: LegacyKeyValueFormat: "ENV key=value" should be used instead of legacy "ENV key value" format (line 28)
#1 DONE 0.0s

#2 [internal] load metadata for gcr.io/fuzzbench/base-image:latest
#2 DONE 0.0s

#3 [internal] load metadata for gcr.io/fuzzbench/builders/aflmmbb/libxml2_xml-intermediate:latest
#3 DONE 0.0s

#4 [internal] load .dockerignore
#4 transferring context: 220B done
#4 DONE 0.0s

#5 importing cache manifest from gcr.io/fuzzbench/builders/aflmmbb/libxml2_xml
#5 DONE 0.0s

#6 [base-image 1/1] FROM gcr.io/fuzzbench/base-image:latest
#6 CACHED

#7 [stage-1  1/15] FROM gcr.io/fuzzbench/builders/aflmmbb/libxml2_xml-intermediate:latest
#7 DONE 0.0s

#8 [internal] load build context
#8 transferring context: 979.10kB 0.1s done
#8 DONE 0.1s

#9 [stage-1  2/15] RUN apt-get update &&     apt-get upgrade -y &&     apt-get install -y     curl     xz-utils     zlib1g-dev     libssl-dev     libffi-dev
#9 0.331 Get:1 http://security.ubuntu.com/ubuntu focal-security InRelease [128 kB]
#9 0.412 Hit:2 http://archive.ubuntu.com/ubuntu focal InRelease
#9 0.432 Get:3 http://archive.ubuntu.com/ubuntu focal-updates InRelease [128 kB]
#9 0.519 Get:4 http://archive.ubuntu.com/ubuntu focal-backports InRelease [128 kB]
#9 0.525 Get:5 http://security.ubuntu.com/ubuntu focal-security/main i386 Packages [1053 kB]
#9 0.614 Get:6 http://security.ubuntu.com/ubuntu focal-security/restricted amd64 Packages [4389 kB]
#9 0.690 Get:7 http://security.ubuntu.com/ubuntu focal-security/universe amd64 Packages [1301 kB]
#9 0.715 Get:8 http://security.ubuntu.com/ubuntu focal-security/main amd64 Packages [4252 kB]
#9 0.776 Get:9 http://archive.ubuntu.com/ubuntu focal-updates/main i386 Packages [1332 kB]
#9 0.786 Get:10 http://security.ubuntu.com/ubuntu focal-security/universe i386 Packages [861 kB]
#9 0.893 Get:11 http://archive.ubuntu.com/ubuntu focal-updates/main amd64 Packages [4730 kB]
#9 0.978 Get:12 http://archive.ubuntu.com/ubuntu focal-updates/universe i386 Packages [1021 kB]
#9 0.995 Get:13 http://archive.ubuntu.com/ubuntu focal-updates/universe amd64 Packages [1593 kB]
#9 1.022 Get:14 http://archive.ubuntu.com/ubuntu focal-updates/restricted amd64 Packages [4577 kB]
#9 1.833 Fetched 25.5 MB in 2s (16.6 MB/s)
#9 1.833 Reading package lists...
#9 2.963 Reading package lists...
#9 4.048 Building dependency tree...
#9 4.218 Reading state information...
#9 4.238 Calculating upgrade...
#9 4.753 The following packages will be upgraded:
#9 4.753   apt base-files binutils binutils-common binutils-dev
#9 4.753   binutils-x86-64-linux-gnu bsdutils ca-certificates e2fsprogs fdisk
#9 4.753   gir1.2-harfbuzz-0.0 git git-man krb5-locales less libapr1 libaprutil1
#9 4.753   libapt-pkg6.0 libasn1-8-heimdal libbinutils libc-bin libc-dev-bin libc6
#9 4.753   libc6:i386 libc6-dev libc6-dev:i386 libc6-dev-i386 libc6-dev-x32 libc6-i386
#9 4.753   libc6-x32 libcap2 libcom-err2 libctf-nobfd0 libctf0 libcurl3-gnutls
#9 4.753   libext2fs2 libfdisk1 libgnutls30 libgssapi-krb5-2 libgssapi3-heimdal
#9 4.753   libharfbuzz-dev libharfbuzz-gobject0 libharfbuzz-icu0 libharfbuzz0b
#9 4.753   libhcrypto4-heimdal libheimbase1-heimdal libheimntlm0-heimdal
#9 4.753   libhx509-5-heimdal libk5crypto3 libkrb5-26-heimdal libkrb5-3 libkrb5support0
#9 4.753   libldap-2.4-2 libldap-common libnghttp2-14 libpam-modules libpam-modules-bin
#9 4.753   libpam-runtime libpam0g libperl5.30 libprocps8 libpython3.8 libpython3.8-dev
#9 4.753   libpython3.8-minimal libpython3.8-stdlib libroken18-heimdal libsmartcols1
#9 4.753   libsqlite3-0 libss2 libssh-4 libssl-dev libssl1.1 libtasn1-6 libudev1
#9 4.753   libwind0-heimdal libx11-data libxml2 linux-libc-dev linux-libc-dev:i386
#9 4.753   login logsave mount ncurses-base ncurses-bin openssh-client openssl passwd
#9 4.753   perl perl-base perl-modules-5.30 procps python3.8 python3.8-dev
#9 4.753   python3.8-minimal rsync tar tzdata unzip util-linux
#9 4.816 99 upgraded, 0 newly installed, 0 to remove and 0 not upgraded.
#9 4.816 Need to get 70.5 MB of archives.
#9 4.816 After this operation, 305 kB of additional disk space will be used.
#9 4.816 Get:1 http://archive.ubuntu.com/ubuntu focal-updates/main amd64 libc6-dev-x32 amd64 2.31-0ubuntu9.17 [1975 kB]
#9 4.971 Get:2 http://archive.ubuntu.com/ubuntu focal-updates/main amd64 libc6-x32 amd64 2.31-0ubuntu9.17 [2779 kB]
#9 5.018 Get:3 http://archive.ubuntu.com/ubuntu focal-updates/main amd64 libc6-dev-i386 amd64 2.31-0ubuntu9.17 [1902 kB]
#9 5.051 Get:4 http://archive.ubuntu.com/ubuntu focal-updates/main amd64 libc6-i386 amd64 2.31-0ubuntu9.17 [2726 kB]
#9 5.097 Get:5 http://archive.ubuntu.com/ubuntu focal-updates/main i386 linux-libc-dev i386 5.4.0-208.228 [1118 kB]
#9 5.116 Get:6 http://archive.ubuntu.com/ubuntu focal-updates/main amd64 linux-libc-dev amd64 5.4.0-208.228 [1118 kB]
#9 5.135 Get:7 http://archive.ubuntu.com/ubuntu focal-updates/main amd64 libc6-dev amd64 2.31-0ubuntu9.17 [2521 kB]
#9 5.178 Get:8 http://archive.ubuntu.com/ubuntu focal-updates/main i386 libc6-dev i386 2.31-0ubuntu9.17 [2316 kB]
#9 5.218 Get:9 http://archive.ubuntu.com/ubuntu focal-updates/main amd64 libc-dev-bin amd64 2.31-0ubuntu9.17 [71.8 kB]
#9 5.219 Get:10 http://archive.ubuntu.com/ubuntu focal-updates/main i386 libc6 i386 2.31-0ubuntu9.17 [2581 kB]
#9 5.263 Get:11 http://archive.ubuntu.com/ubuntu focal-updates/main amd64 libc6 amd64 2.31-0ubuntu9.17 [2721 kB]
#9 5.312 Get:12 http://archive.ubuntu.com/ubuntu focal-updates/main amd64 base-files amd64 11ubuntu5.8 [60.3 kB]
#9 5.312 Get:13 http://archive.ubuntu.com/ubuntu focal-updates/main amd64 bsdutils amd64 1:2.34-0.1ubuntu9.6 [63.3 kB]
#9 5.313 Get:14 http://archive.ubuntu.com/ubuntu focal-updates/main amd64 login amd64 1:4.8.1-1ubuntu5.20.04.5 [220 kB]
#9 5.317 Get:15 http://archive.ubuntu.com/ubuntu focal-updates/main amd64 ncurses-bin amd64 6.2-0ubuntu2.1 [172 kB]
#9 5.320 Get:16 http://archive.ubuntu.com/ubuntu focal-updates/main amd64 libperl5.30 amd64 5.30.0-9ubuntu0.5 [3941 kB]
#9 5.386 Get:17 http://archive.ubuntu.com/ubuntu focal-updates/main amd64 perl amd64 5.30.0-9ubuntu0.5 [224 kB]
#9 5.389 Get:18 http://archive.ubuntu.com/ubuntu focal-updates/main amd64 perl-base amd64 5.30.0-9ubuntu0.5 [1514 kB]
#9 5.415 Get:19 http://archive.ubuntu.com/ubuntu focal-updates/main amd64 perl-modules-5.30 all 5.30.0-9ubuntu0.5 [2739 kB]
#9 5.462 Get:20 http://archive.ubuntu.com/ubuntu focal-updates/main amd64 tar amd64 1.30+dfsg-7ubuntu0.20.04.4 [240 kB]
#9 5.466 Get:21 http://archive.ubuntu.com/ubuntu focal-updates/main amd64 libfdisk1 amd64 2.34-0.1ubuntu9.6 [175 kB]
#9 5.468 Get:22 http://archive.ubuntu.com/ubuntu focal-updates/main amd64 libsmartcols1 amd64 2.34-0.1ubuntu9.6 [100 kB]
#9 5.470 Get:23 http://archive.ubuntu.com/ubuntu focal-updates/main amd64 fdisk amd64 2.34-0.1ubuntu9.6 [120 kB]
#9 5.472 Get:24 http://archive.ubuntu.com/ubuntu focal-updates/main amd64 util-linux amd64 2.34-0.1ubuntu9.6 [1022 kB]
#9 5.490 Get:25 http://archive.ubuntu.com/ubuntu focal-updates/main amd64 libc-bin amd64 2.31-0ubuntu9.17 [634 kB]
#9 5.501 Get:26 http://archive.ubuntu.com/ubuntu focal-updates/main amd64 ncurses-base all 6.2-0ubuntu2.1 [18.9 kB]
#9 5.501 Get:27 http://archive.ubuntu.com/ubuntu focal-updates/main amd64 libudev1 amd64 245.4-4ubuntu3.24 [75.2 kB]
#9 5.502 Get:28 http://archive.ubuntu.com/ubuntu focal-updates/main amd64 libapt-pkg6.0 amd64 2.0.10 [843 kB]
#9 5.516 Get:29 http://archive.ubuntu.com/ubuntu focal-updates/main amd64 libtasn1-6 amd64 4.16.0-2ubuntu0.1 [38.6 kB]
#9 5.526 Get:30 http://archive.ubuntu.com/ubuntu focal-updates/main amd64 libgnutls30 amd64 3.6.13-2ubuntu1.12 [829 kB]
#9 5.541 Get:31 http://archive.ubuntu.com/ubuntu focal-updates/main amd64 apt amd64 2.0.10 [1280 kB]
#9 5.563 Get:32 http://archive.ubuntu.com/ubuntu focal-updates/main amd64 libpam0g amd64 1.3.1-5ubuntu4.7 [55.4 kB]
#9 5.563 Get:33 http://archive.ubuntu.com/ubuntu focal-updates/main amd64 libpam-modules-bin amd64 1.3.1-5ubuntu4.7 [41.2 kB]
#9 5.564 Get:34 http://archive.ubuntu.com/ubuntu focal-updates/main amd64 libpam-modules amd64 1.3.1-5ubuntu4.7 [261 kB]
#9 5.568 Get:35 http://archive.ubuntu.com/ubuntu focal-updates/main amd64 logsave amd64 1.45.5-2ubuntu1.2 [10.2 kB]
#9 5.569 Get:36 http://archive.ubuntu.com/ubuntu focal-updates/main amd64 libext2fs2 amd64 1.45.5-2ubuntu1.2 [183 kB]
#9 5.571 Get:37 http://archive.ubuntu.com/ubuntu focal-updates/main amd64 e2fsprogs amd64 1.45.5-2ubuntu1.2 [527 kB]
#9 5.581 Get:38 http://archive.ubuntu.com/ubuntu focal-updates/main amd64 mount amd64 2.34-0.1ubuntu9.6 [115 kB]
#9 5.582 Get:39 http://archive.ubuntu.com/ubuntu focal-updates/main amd64 python3.8-dev amd64 3.8.10-0ubuntu1~20.04.15 [514 kB]
#9 5.592 Get:40 http://archive.ubuntu.com/ubuntu focal-updates/main amd64 libpython3.8-dev amd64 3.8.10-0ubuntu1~20.04.15 [3950 kB]
#9 5.660 Get:41 http://archive.ubuntu.com/ubuntu focal-updates/main amd64 libpython3.8 amd64 3.8.10-0ubuntu1~20.04.15 [1626 kB]
#9 5.687 Get:42 http://archive.ubuntu.com/ubuntu focal-updates/main amd64 libssl-dev amd64 1.1.1f-1ubuntu2.24 [1586 kB]
#9 5.714 Get:43 http://archive.ubuntu.com/ubuntu focal-updates/main amd64 libssl1.1 amd64 1.1.1f-1ubuntu2.24 [1323 kB]
#9 5.737 Get:44 http://archive.ubuntu.com/ubuntu focal-updates/main amd64 python3.8 amd64 3.8.10-0ubuntu1~20.04.15 [387 kB]
#9 5.743 Get:45 http://archive.ubuntu.com/ubuntu focal-updates/main amd64 libpython3.8-stdlib amd64 3.8.10-0ubuntu1~20.04.15 [1675 kB]
#9 5.772 Get:46 http://archive.ubuntu.com/ubuntu focal-updates/main amd64 python3.8-minimal amd64 3.8.10-0ubuntu1~20.04.15 [1901 kB]
#9 5.805 Get:47 http://archive.ubuntu.com/ubuntu focal-updates/main amd64 libpython3.8-minimal amd64 3.8.10-0ubuntu1~20.04.15 [720 kB]
#9 5.817 Get:48 http://archive.ubuntu.com/ubuntu focal-updates/main amd64 libsqlite3-0 amd64 3.31.1-4ubuntu0.6 [549 kB]
#9 5.826 Get:49 http://archive.ubuntu.com/ubuntu focal-updates/main amd64 rsync amd64 3.1.3-8ubuntu0.9 [323 kB]
#9 5.832 Get:50 http://archive.ubuntu.com/ubuntu focal-updates/main amd64 libpam-runtime all 1.3.1-5ubuntu4.7 [37.3 kB]
#9 5.832 Get:51 http://archive.ubuntu.com/ubuntu focal-updates/main amd64 passwd amd64 1:4.8.1-1ubuntu5.20.04.5 [797 kB]
#9 5.846 Get:52 http://archive.ubuntu.com/ubuntu focal-updates/main amd64 libcom-err2 amd64 1.45.5-2ubuntu1.2 [9580 B]
#9 5.847 Get:53 http://archive.ubuntu.com/ubuntu focal-updates/main amd64 libprocps8 amd64 2:3.3.16-1ubuntu2.4 [33.1 kB]
#9 5.847 Get:54 http://archive.ubuntu.com/ubuntu focal-updates/main amd64 libss2 amd64 1.45.5-2ubuntu1.2 [11.3 kB]
#9 5.848 Get:55 http://archive.ubuntu.com/ubuntu focal-updates/main amd64 procps amd64 2:3.3.16-1ubuntu2.4 [232 kB]
#9 5.855 Get:56 http://archive.ubuntu.com/ubuntu focal-updates/main amd64 openssl amd64 1.1.1f-1ubuntu2.24 [621 kB]
#9 5.866 Get:57 http://archive.ubuntu.com/ubuntu focal-updates/main amd64 ca-certificates all 20240203~20.04.1 [159 kB]
#9 5.868 Get:58 http://archive.ubuntu.com/ubuntu focal-updates/main amd64 less amd64 551-1ubuntu0.3 [123 kB]
#9 5.870 Get:59 http://archive.ubuntu.com/ubuntu focal-updates/main amd64 libcap2 amd64 1:2.32-1ubuntu0.2 [15.7 kB]
#9 5.871 Get:60 http://archive.ubuntu.com/ubuntu focal-updates/main amd64 libxml2 amd64 2.9.10+dfsg-5ubuntu0.20.04.9 [641 kB]
#9 5.882 Get:61 http://archive.ubuntu.com/ubuntu focal-updates/main amd64 tzdata all 2024b-0ubuntu0.20.04.1 [299 kB]
#9 5.887 Get:62 http://archive.ubuntu.com/ubuntu focal-updates/main amd64 krb5-locales all 1.17-6ubuntu4.8 [11.6 kB]
#9 5.887 Get:63 http://archive.ubuntu.com/ubuntu focal-updates/main amd64 libgssapi-krb5-2 amd64 1.17-6ubuntu4.8 [121 kB]
#9 5.889 Get:64 http://archive.ubuntu.com/ubuntu focal-updates/main amd64 libkrb5-3 amd64 1.17-6ubuntu4.8 [329 kB]
#9 5.894 Get:65 http://archive.ubuntu.com/ubuntu focal-updates/main amd64 libkrb5support0 amd64 1.17-6ubuntu4.8 [31.1 kB]
#9 5.897 Get:66 http://archive.ubuntu.com/ubuntu focal-updates/main amd64 libk5crypto3 amd64 1.17-6ubuntu4.8 [80.4 kB]
#9 5.898 Get:67 http://archive.ubuntu.com/ubuntu focal-updates/main amd64 libx11-data all 2:1.6.9-2ubuntu1.6 [114 kB]
#9 5.900 Get:68 http://archive.ubuntu.com/ubuntu focal-updates/main amd64 git-man all 1:2.25.1-1ubuntu3.14 [887 kB]
#9 5.915 Get:69 http://archive.ubuntu.com/ubuntu focal-updates/main amd64 libroken18-heimdal amd64 7.7.0+dfsg-1ubuntu1.4 [42.5 kB]
#9 5.917 Get:70 http://archive.ubuntu.com/ubuntu focal-updates/main amd64 libasn1-8-heimdal amd64 7.7.0+dfsg-1ubuntu1.4 [181 kB]
#9 5.920 Get:71 http://archive.ubuntu.com/ubuntu focal-updates/main amd64 libheimbase1-heimdal amd64 7.7.0+dfsg-1ubuntu1.4 [30.4 kB]
#9 5.921 Get:72 http://archive.ubuntu.com/ubuntu focal-updates/main amd64 libhcrypto4-heimdal amd64 7.7.0+dfsg-1ubuntu1.4 [88.1 kB]
#9 5.922 Get:73 http://archive.ubuntu.com/ubuntu focal-updates/main amd64 libwind0-heimdal amd64 7.7.0+dfsg-1ubuntu1.4 [47.7 kB]
#9 5.923 Get:74 http://archive.ubuntu.com/ubuntu focal-updates/main amd64 libhx509-5-heimdal amd64 7.7.0+dfsg-1ubuntu1.4 [107 kB]
#9 5.925 Get:75 http://archive.ubuntu.com/ubuntu focal-updates/main amd64 libkrb5-26-heimdal amd64 7.7.0+dfsg-1ubuntu1.4 [207 kB]
#9 5.936 Get:76 http://archive.ubuntu.com/ubuntu focal-updates/main amd64 libheimntlm0-heimdal amd64 7.7.0+dfsg-1ubuntu1.4 [15.1 kB]
#9 5.937 Get:77 http://archive.ubuntu.com/ubuntu focal-updates/main amd64 libgssapi3-heimdal amd64 7.7.0+dfsg-1ubuntu1.4 [96.5 kB]
#9 5.939 Get:78 http://archive.ubuntu.com/ubuntu focal-updates/main amd64 libldap-common all 2.4.49+dfsg-2ubuntu1.10 [16.5 kB]
#9 5.939 Get:79 http://archive.ubuntu.com/ubuntu focal-updates/main amd64 libldap-2.4-2 amd64 2.4.49+dfsg-2ubuntu1.10 [155 kB]
#9 5.957 Get:80 http://archive.ubuntu.com/ubuntu focal-updates/main amd64 libnghttp2-14 amd64 1.40.0-1ubuntu0.3 [79.9 kB]
#9 5.958 Get:81 http://archive.ubuntu.com/ubuntu focal-updates/main amd64 libssh-4 amd64 0.9.3-2ubuntu2.5 [171 kB]
#9 5.961 Get:82 http://archive.ubuntu.com/ubuntu focal-updates/main amd64 libcurl3-gnutls amd64 7.68.0-1ubuntu2.25 [233 kB]
#9 5.966 Get:83 http://archive.ubuntu.com/ubuntu focal-updates/main amd64 git amd64 1:2.25.1-1ubuntu3.14 [4613 kB]
#9 6.045 Get:84 http://archive.ubuntu.com/ubuntu focal-updates/main amd64 openssh-client amd64 1:8.2p1-4ubuntu0.12 [671 kB]
#9 6.055 Get:85 http://archive.ubuntu.com/ubuntu focal-updates/main amd64 binutils-dev amd64 2.34-6ubuntu1.10 [3636 kB]
#9 6.118 Get:86 http://archive.ubuntu.com/ubuntu focal-updates/main amd64 libctf0 amd64 2.34-6ubuntu1.10 [46.7 kB]
#9 6.119 Get:87 http://archive.ubuntu.com/ubuntu focal-updates/main amd64 binutils-x86-64-linux-gnu amd64 2.34-6ubuntu1.10 [1613 kB]
#9 6.146 Get:88 http://archive.ubuntu.com/ubuntu focal-updates/main amd64 libbinutils amd64 2.34-6ubuntu1.10 [474 kB]
#9 6.154 Get:89 http://archive.ubuntu.com/ubuntu focal-updates/main amd64 binutils amd64 2.34-6ubuntu1.10 [3380 B]
#9 6.154 Get:90 http://archive.ubuntu.com/ubuntu focal-updates/main amd64 binutils-common amd64 2.34-6ubuntu1.10 [208 kB]
#9 6.157 Get:91 http://archive.ubuntu.com/ubuntu focal-updates/main amd64 libctf-nobfd0 amd64 2.34-6ubuntu1.10 [48.1 kB]
#9 6.158 Get:92 http://archive.ubuntu.com/ubuntu focal-updates/main amd64 libharfbuzz-dev amd64 2.6.4-1ubuntu4.3 [526 kB]
#9 6.167 Get:93 http://archive.ubuntu.com/ubuntu focal-updates/main amd64 libharfbuzz0b amd64 2.6.4-1ubuntu4.3 [391 kB]
#9 6.173 Get:94 http://archive.ubuntu.com/ubuntu focal-updates/main amd64 libharfbuzz-icu0 amd64 2.6.4-1ubuntu4.3 [5592 B]
#9 6.173 Get:95 http://archive.ubuntu.com/ubuntu focal-updates/main amd64 libharfbuzz-gobject0 amd64 2.6.4-1ubuntu4.3 [20.3 kB]
#9 6.181 Get:96 http://archive.ubuntu.com/ubuntu focal-updates/main amd64 gir1.2-harfbuzz-0.0 amd64 2.6.4-1ubuntu4.3 [26.3 kB]
#9 6.182 Get:97 http://archive.ubuntu.com/ubuntu focal-updates/main amd64 libaprutil1 amd64 1.6.1-4ubuntu2.2 [85.1 kB]
#9 6.183 Get:98 http://archive.ubuntu.com/ubuntu focal-updates/main amd64 libapr1 amd64 1.6.5-1ubuntu1.1 [91.5 kB]
#9 6.185 Get:99 http://archive.ubuntu.com/ubuntu focal-updates/main amd64 unzip amd64 6.0-25ubuntu1.2 [169 kB]
#9 6.348 debconf: delaying package configuration, since apt-utils is not installed
#9 6.389 Fetched 70.5 MB in 1s (49.7 MB/s)
#9 6.411 (Reading database ... (Reading database ... 5%(Reading database ... 10%(Reading database ... 15%(Reading database ... 20%(Reading database ... 25%(Reading database ... 30%(Reading database ... 35%(Reading database ... 40%(Reading database ... 45%(Reading database ... 50%(Reading database ... 55%(Reading database ... 60%(Reading database ... 65%(Reading database ... 70%(Reading database ... 75%(Reading database ... 80%(Reading database ... 85%(Reading database ... 90%(Reading database ... 95%(Reading database ... 100%(Reading database ... 46711 files and directories currently installed.)
#9 6.478 Preparing to unpack .../00-libc6-dev-x32_2.31-0ubuntu9.17_amd64.deb ...
#9 6.480 Unpacking libc6-dev-x32 (2.31-0ubuntu9.17) over (2.31-0ubuntu9.16) ...
#9 6.703 Preparing to unpack .../01-libc6-x32_2.31-0ubuntu9.17_amd64.deb ...
#9 6.705 Unpacking libc6-x32 (2.31-0ubuntu9.17) over (2.31-0ubuntu9.16) ...
#9 7.100 Preparing to unpack .../02-libc6-dev-i386_2.31-0ubuntu9.17_amd64.deb ...
#9 7.102 Unpacking libc6-dev-i386 (2.31-0ubuntu9.17) over (2.31-0ubuntu9.16) ...
#9 7.330 Preparing to unpack .../03-libc6-i386_2.31-0ubuntu9.17_amd64.deb ...
#9 7.332 Unpacking libc6-i386 (2.31-0ubuntu9.17) over (2.31-0ubuntu9.16) ...
#9 7.660 Replaced by files in installed package libc6:i386 (2.31-0ubuntu9.16) ...
#9 7.726 Preparing to unpack .../04-linux-libc-dev_5.4.0-208.228_amd64.deb ...
#9 7.728 De-configuring linux-libc-dev:i386 (5.4.0-205.225) ...
#9 7.729 Unpacking linux-libc-dev:amd64 (5.4.0-208.228) over (5.4.0-205.225) ...
#9 8.329 Preparing to unpack .../05-linux-libc-dev_5.4.0-208.228_i386.deb ...
#9 8.330 Unpacking linux-libc-dev:i386 (5.4.0-208.228) over (5.4.0-205.225) ...
#9 8.472 Preparing to unpack .../06-libc6-dev_2.31-0ubuntu9.17_i386.deb ...
#9 8.473 De-configuring libc6-dev:amd64 (2.31-0ubuntu9.16) ...
#9 8.474 Unpacking libc6-dev:i386 (2.31-0ubuntu9.17) over (2.31-0ubuntu9.16) ...
#9 8.985 Preparing to unpack .../07-libc6-dev_2.31-0ubuntu9.17_amd64.deb ...
#9 8.987 Unpacking libc6-dev:amd64 (2.31-0ubuntu9.17) over (2.31-0ubuntu9.16) ...
#9 9.429 Preparing to unpack .../08-libc-dev-bin_2.31-0ubuntu9.17_amd64.deb ...
#9 9.430 Unpacking libc-dev-bin (2.31-0ubuntu9.17) over (2.31-0ubuntu9.16) ...
#9 9.464 Preparing to unpack .../09-libc6_2.31-0ubuntu9.17_amd64.deb ...
#9 9.465 De-configuring libc6:i386 (2.31-0ubuntu9.16) ...
#9 9.621 Unpacking libc6:amd64 (2.31-0ubuntu9.17) over (2.31-0ubuntu9.16) ...
#9 10.01 Preparing to unpack .../10-libc6_2.31-0ubuntu9.17_i386.deb ...
#9 10.16 Unpacking libc6:i386 (2.31-0ubuntu9.17) over (2.31-0ubuntu9.16) ...
#9 10.54 Preparing to unpack .../11-base-files_11ubuntu5.8_amd64.deb ...
#9 10.55 Unpacking base-files (11ubuntu5.8) over (11ubuntu5.6) ...
#9 10.62 Setting up libc6:amd64 (2.31-0ubuntu9.17) ...
#9 11.75 Setting up base-files (11ubuntu5.8) ...
#9 11.75 Installing new version of config file /etc/issue ...
#9 11.75 Installing new version of config file /etc/issue.net ...
#9 11.75 Installing new version of config file /etc/lsb-release ...
#9 11.75 Installing new version of config file /etc/update-motd.d/10-help-text ...
#9 11.90 (Reading database ... (Reading database ... 5%(Reading database ... 10%(Reading database ... 15%(Reading database ... 20%(Reading database ... 25%(Reading database ... 30%(Reading database ... 35%(Reading database ... 40%(Reading database ... 45%(Reading database ... 50%(Reading database ... 55%(Reading database ... 60%(Reading database ... 65%(Reading database ... 70%(Reading database ... 75%(Reading database ... 80%(Reading database ... 85%(Reading database ... 90%(Reading database ... 95%(Reading database ... 100%(Reading database ... 46711 files and directories currently installed.)
#9 11.93 Preparing to unpack .../bsdutils_1%3a2.34-0.1ubuntu9.6_amd64.deb ...
#9 11.93 Unpacking bsdutils (1:2.34-0.1ubuntu9.6) over (1:2.34-0.1ubuntu9.3) ...
#9 11.97 Setting up bsdutils (1:2.34-0.1ubuntu9.6) ...
#9 11.99 (Reading database ... (Reading database ... 5%(Reading database ... 10%(Reading database ... 15%(Reading database ... 20%(Reading database ... 25%(Reading database ... 30%(Reading database ... 35%(Reading database ... 40%(Reading database ... 45%(Reading database ... 50%(Reading database ... 55%(Reading database ... 60%(Reading database ... 65%(Reading database ... 70%(Reading database ... 75%(Reading database ... 80%(Reading database ... 85%(Reading database ... 90%(Reading database ... 95%(Reading database ... 100%(Reading database ... 46711 files and directories currently installed.)
#9 12.02 Preparing to unpack .../login_1%3a4.8.1-1ubuntu5.20.04.5_amd64.deb ...
#9 12.03 Unpacking login (1:4.8.1-1ubuntu5.20.04.5) over (1:4.8.1-1ubuntu5.20.04.4) ...
#9 12.09 Setting up login (1:4.8.1-1ubuntu5.20.04.5) ...
#9 12.12 (Reading database ... (Reading database ... 5%(Reading database ... 10%(Reading database ... 15%(Reading database ... 20%(Reading database ... 25%(Reading database ... 30%(Reading database ... 35%(Reading database ... 40%(Reading database ... 45%(Reading database ... 50%(Reading database ... 55%(Reading database ... 60%(Reading database ... 65%(Reading database ... 70%(Reading database ... 75%(Reading database ... 80%(Reading database ... 85%(Reading database ... 90%(Reading database ... 95%(Reading database ... 100%(Reading database ... 46711 files and directories currently installed.)
#9 12.14 Preparing to unpack .../ncurses-bin_6.2-0ubuntu2.1_amd64.deb ...
#9 12.15 Unpacking ncurses-bin (6.2-0ubuntu2.1) over (6.2-0ubuntu2) ...
#9 12.19 Setting up ncurses-bin (6.2-0ubuntu2.1) ...
#9 12.21 (Reading database ... (Reading database ... 5%(Reading database ... 10%(Reading database ... 15%(Reading database ... 20%(Reading database ... 25%(Reading database ... 30%(Reading database ... 35%(Reading database ... 40%(Reading database ... 45%(Reading database ... 50%(Reading database ... 55%(Reading database ... 60%(Reading database ... 65%(Reading database ... 70%(Reading database ... 75%(Reading database ... 80%(Reading database ... 85%(Reading database ... 90%(Reading database ... 95%(Reading database ... 100%(Reading database ... 46711 files and directories currently installed.)
#9 12.24 Preparing to unpack .../libperl5.30_5.30.0-9ubuntu0.5_amd64.deb ...
#9 12.24 Unpacking libperl5.30:amd64 (5.30.0-9ubuntu0.5) over (5.30.0-9ubuntu0.3) ...
#9 12.80 Preparing to unpack .../perl_5.30.0-9ubuntu0.5_amd64.deb ...
#9 12.81 Unpacking perl (5.30.0-9ubuntu0.5) over (5.30.0-9ubuntu0.3) ...
#9 12.87 Preparing to unpack .../perl-base_5.30.0-9ubuntu0.5_amd64.deb ...
#9 12.88 Unpacking perl-base (5.30.0-9ubuntu0.5) over (5.30.0-9ubuntu0.3) ...
#9 13.37 Setting up perl-base (5.30.0-9ubuntu0.5) ...
#9 13.40 (Reading database ... (Reading database ... 5%(Reading database ... 10%(Reading database ... 15%(Reading database ... 20%(Reading database ... 25%(Reading database ... 30%(Reading database ... 35%(Reading database ... 40%(Reading database ... 45%(Reading database ... 50%(Reading database ... 55%(Reading database ... 60%(Reading database ... 65%(Reading database ... 70%(Reading database ... 75%(Reading database ... 80%(Reading database ... 85%(Reading database ... 90%(Reading database ... 95%(Reading database ... 100%(Reading database ... 46711 files and directories currently installed.)
#9 13.42 Preparing to unpack .../perl-modules-5.30_5.30.0-9ubuntu0.5_all.deb ...
#9 13.42 Unpacking perl-modules-5.30 (5.30.0-9ubuntu0.5) over (5.30.0-9ubuntu0.3) ...
#9 14.28 Preparing to unpack .../tar_1.30+dfsg-7ubuntu0.20.04.4_amd64.deb ...
#9 14.28 Unpacking tar (1.30+dfsg-7ubuntu0.20.04.4) over (1.30+dfsg-7ubuntu0.20.04.2) ...
#9 14.33 Setting up tar (1.30+dfsg-7ubuntu0.20.04.4) ...
#9 14.36 (Reading database ... (Reading database ... 5%(Reading database ... 10%(Reading database ... 15%(Reading database ... 20%(Reading database ... 25%(Reading database ... 30%(Reading database ... 35%(Reading database ... 40%(Reading database ... 45%(Reading database ... 50%(Reading database ... 55%(Reading database ... 60%(Reading database ... 65%(Reading database ... 70%(Reading database ... 75%(Reading database ... 80%(Reading database ... 85%(Reading database ... 90%(Reading database ... 95%(Reading database ... 100%(Reading database ... 46711 files and directories currently installed.)
#9 14.39 Preparing to unpack .../libfdisk1_2.34-0.1ubuntu9.6_amd64.deb ...
#9 14.39 Unpacking libfdisk1:amd64 (2.34-0.1ubuntu9.6) over (2.34-0.1ubuntu9.3) ...
#9 14.43 Preparing to unpack .../libsmartcols1_2.34-0.1ubuntu9.6_amd64.deb ...
#9 14.43 Unpacking libsmartcols1:amd64 (2.34-0.1ubuntu9.6) over (2.34-0.1ubuntu9.3) ...
#9 14.47 Setting up libsmartcols1:amd64 (2.34-0.1ubuntu9.6) ...
#9 14.49 (Reading database ... (Reading database ... 5%(Reading database ... 10%(Reading database ... 15%(Reading database ... 20%(Reading database ... 25%(Reading database ... 30%(Reading database ... 35%(Reading database ... 40%(Reading database ... 45%(Reading database ... 50%(Reading database ... 55%(Reading database ... 60%(Reading database ... 65%(Reading database ... 70%(Reading database ... 75%(Reading database ... 80%(Reading database ... 85%(Reading database ... 90%(Reading database ... 95%(Reading database ... 100%(Reading database ... 46711 files and directories currently installed.)
#9 14.52 Preparing to unpack .../fdisk_2.34-0.1ubuntu9.6_amd64.deb ...
#9 14.52 Unpacking fdisk (2.34-0.1ubuntu9.6) over (2.34-0.1ubuntu9.3) ...
#9 14.55 Preparing to unpack .../util-linux_2.34-0.1ubuntu9.6_amd64.deb ...
#9 14.57 Unpacking util-linux (2.34-0.1ubuntu9.6) over (2.34-0.1ubuntu9.3) ...
#9 14.77 Setting up util-linux (2.34-0.1ubuntu9.6) ...
#9 15.09 (Reading database ... (Reading database ... 5%(Reading database ... 10%(Reading database ... 15%(Reading database ... 20%(Reading database ... 25%(Reading database ... 30%(Reading database ... 35%(Reading database ... 40%(Reading database ... 45%(Reading database ... 50%(Reading database ... 55%(Reading database ... 60%(Reading database ... 65%(Reading database ... 70%(Reading database ... 75%(Reading database ... 80%(Reading database ... 85%(Reading database ... 90%(Reading database ... 95%(Reading database ... 100%(Reading database ... 46711 files and directories currently installed.)
#9 15.12 Preparing to unpack .../libc-bin_2.31-0ubuntu9.17_amd64.deb ...
#9 15.12 Unpacking libc-bin (2.31-0ubuntu9.17) over (2.31-0ubuntu9.9) ...
#9 15.23 Setting up libc-bin (2.31-0ubuntu9.17) ...
#9 15.37 (Reading database ... (Reading database ... 5%(Reading database ... 10%(Reading database ... 15%(Reading database ... 20%(Reading database ... 25%(Reading database ... 30%(Reading database ... 35%(Reading database ... 40%(Reading database ... 45%(Reading database ... 50%(Reading database ... 55%(Reading database ... 60%(Reading database ... 65%(Reading database ... 70%(Reading database ... 75%(Reading database ... 80%(Reading database ... 85%(Reading database ... 90%(Reading database ... 95%(Reading database ... 100%(Reading database ... 46711 files and directories currently installed.)
#9 15.40 Preparing to unpack .../ncurses-base_6.2-0ubuntu2.1_all.deb ...
#9 15.40 Unpacking ncurses-base (6.2-0ubuntu2.1) over (6.2-0ubuntu2) ...
#9 15.46 Setting up ncurses-base (6.2-0ubuntu2.1) ...
#9 15.49 (Reading database ... (Reading database ... 5%(Reading database ... 10%(Reading database ... 15%(Reading database ... 20%(Reading database ... 25%(Reading database ... 30%(Reading database ... 35%(Reading database ... 40%(Reading database ... 45%(Reading database ... 50%(Reading database ... 55%(Reading database ... 60%(Reading database ... 65%(Reading database ... 70%(Reading database ... 75%(Reading database ... 80%(Reading database ... 85%(Reading database ... 90%(Reading database ... 95%(Reading database ... 100%(Reading database ... 46711 files and directories currently installed.)
#9 15.52 Preparing to unpack .../libudev1_245.4-4ubuntu3.24_amd64.deb ...
#9 15.52 Unpacking libudev1:amd64 (245.4-4ubuntu3.24) over (245.4-4ubuntu3.19) ...
#9 15.56 Setting up libudev1:amd64 (245.4-4ubuntu3.24) ...
#9 15.59 (Reading database ... (Reading database ... 5%(Reading database ... 10%(Reading database ... 15%(Reading database ... 20%(Reading database ... 25%(Reading database ... 30%(Reading database ... 35%(Reading database ... 40%(Reading database ... 45%(Reading database ... 50%(Reading database ... 55%(Reading database ... 60%(Reading database ... 65%(Reading database ... 70%(Reading database ... 75%(Reading database ... 80%(Reading database ... 85%(Reading database ... 90%(Reading database ... 95%(Reading database ... 100%(Reading database ... 46711 files and directories currently installed.)
#9 15.61 Preparing to unpack .../libapt-pkg6.0_2.0.10_amd64.deb ...
#9 15.62 Unpacking libapt-pkg6.0:amd64 (2.0.10) over (2.0.9) ...
#9 15.71 Setting up libapt-pkg6.0:amd64 (2.0.10) ...
#9 15.74 (Reading database ... (Reading database ... 5%(Reading database ... 10%(Reading database ... 15%(Reading database ... 20%(Reading database ... 25%(Reading database ... 30%(Reading database ... 35%(Reading database ... 40%(Reading database ... 45%(Reading database ... 50%(Reading database ... 55%(Reading database ... 60%(Reading database ... 65%(Reading database ... 70%(Reading database ... 75%(Reading database ... 80%(Reading database ... 85%(Reading database ... 90%(Reading database ... 95%(Reading database ... 100%(Reading database ... 46711 files and directories currently installed.)
#9 15.76 Preparing to unpack .../libtasn1-6_4.16.0-2ubuntu0.1_amd64.deb ...
#9 15.76 Unpacking libtasn1-6:amd64 (4.16.0-2ubuntu0.1) over (4.16.0-2) ...
#9 15.80 Setting up libtasn1-6:amd64 (4.16.0-2ubuntu0.1) ...
#9 15.82 (Reading database ... (Reading database ... 5%(Reading database ... 10%(Reading database ... 15%(Reading database ... 20%(Reading database ... 25%(Reading database ... 30%(Reading database ... 35%(Reading database ... 40%(Reading database ... 45%(Reading database ... 50%(Reading database ... 55%(Reading database ... 60%(Reading database ... 65%(Reading database ... 70%(Reading database ... 75%(Reading database ... 80%(Reading database ... 85%(Reading database ... 90%(Reading database ... 95%(Reading database ... 100%(Reading database ... 46711 files and directories currently installed.)
#9 15.85 Preparing to unpack .../libgnutls30_3.6.13-2ubuntu1.12_amd64.deb ...
#9 15.85 Unpacking libgnutls30:amd64 (3.6.13-2ubuntu1.12) over (3.6.13-2ubuntu1.7) ...
#9 15.93 Setting up libgnutls30:amd64 (3.6.13-2ubuntu1.12) ...
#9 15.96 (Reading database ... (Reading database ... 5%(Reading database ... 10%(Reading database ... 15%(Reading database ... 20%(Reading database ... 25%(Reading database ... 30%(Reading database ... 35%(Reading database ... 40%(Reading database ... 45%(Reading database ... 50%(Reading database ... 55%(Reading database ... 60%(Reading database ... 65%(Reading database ... 70%(Reading database ... 75%(Reading database ... 80%(Reading database ... 85%(Reading database ... 90%(Reading database ... 95%(Reading database ... 100%(Reading database ... 46711 files and directories currently installed.)
#9 15.98 Preparing to unpack .../archives/apt_2.0.10_amd64.deb ...
#9 16.02 Unpacking apt (2.0.10) over (2.0.9) ...
#9 16.18 Setting up apt (2.0.10) ...
#9 16.48 (Reading database ... (Reading database ... 5%(Reading database ... 10%(Reading database ... 15%(Reading database ... 20%(Reading database ... 25%(Reading database ... 30%(Reading database ... 35%(Reading database ... 40%(Reading database ... 45%(Reading database ... 50%(Reading database ... 55%(Reading database ... 60%(Reading database ... 65%(Reading database ... 70%(Reading database ... 75%(Reading database ... 80%(Reading database ... 85%(Reading database ... 90%(Reading database ... 95%(Reading database ... 100%(Reading database ... 46709 files and directories currently installed.)
#9 16.51 Preparing to unpack .../libpam0g_1.3.1-5ubuntu4.7_amd64.deb ...
#9 16.51 Unpacking libpam0g:amd64 (1.3.1-5ubuntu4.7) over (1.3.1-5ubuntu4.4) ...
#9 16.55 Setting up libpam0g:amd64 (1.3.1-5ubuntu4.7) ...
#9 16.65 (Reading database ... (Reading database ... 5%(Reading database ... 10%(Reading database ... 15%(Reading database ... 20%(Reading database ... 25%(Reading database ... 30%(Reading database ... 35%(Reading database ... 40%(Reading database ... 45%(Reading database ... 50%(Reading database ... 55%(Reading database ... 60%(Reading database ... 65%(Reading database ... 70%(Reading database ... 75%(Reading database ... 80%(Reading database ... 85%(Reading database ... 90%(Reading database ... 95%(Reading database ... 100%(Reading database ... 46709 files and directories currently installed.)
#9 16.67 Preparing to unpack .../libpam-modules-bin_1.3.1-5ubuntu4.7_amd64.deb ...
#9 16.67 Unpacking libpam-modules-bin (1.3.1-5ubuntu4.7) over (1.3.1-5ubuntu4.4) ...
#9 16.71 Setting up libpam-modules-bin (1.3.1-5ubuntu4.7) ...
#9 16.74 (Reading database ... (Reading database ... 5%(Reading database ... 10%(Reading database ... 15%(Reading database ... 20%(Reading database ... 25%(Reading database ... 30%(Reading database ... 35%(Reading database ... 40%(Reading database ... 45%(Reading database ... 50%(Reading database ... 55%(Reading database ... 60%(Reading database ... 65%(Reading database ... 70%(Reading database ... 75%(Reading database ... 80%(Reading database ... 85%(Reading database ... 90%(Reading database ... 95%(Reading database ... 100%(Reading database ... 46709 files and directories currently installed.)
#9 16.76 Preparing to unpack .../libpam-modules_1.3.1-5ubuntu4.7_amd64.deb ...
#9 16.84 Unpacking libpam-modules:amd64 (1.3.1-5ubuntu4.7) over (1.3.1-5ubuntu4.4) ...
#9 16.91 Setting up libpam-modules:amd64 (1.3.1-5ubuntu4.7) ...
#9 16.95 (Reading database ... (Reading database ... 5%(Reading database ... 10%(Reading database ... 15%(Reading database ... 20%(Reading database ... 25%(Reading database ... 30%(Reading database ... 35%(Reading database ... 40%(Reading database ... 45%(Reading database ... 50%(Reading database ... 55%(Reading database ... 60%(Reading database ... 65%(Reading database ... 70%(Reading database ... 75%(Reading database ... 80%(Reading database ... 85%(Reading database ... 90%(Reading database ... 95%(Reading database ... 100%(Reading database ... 46709 files and directories currently installed.)
#9 16.97 Preparing to unpack .../logsave_1.45.5-2ubuntu1.2_amd64.deb ...
#9 16.98 Unpacking logsave (1.45.5-2ubuntu1.2) over (1.45.5-2ubuntu1.1) ...
#9 17.00 Preparing to unpack .../libext2fs2_1.45.5-2ubuntu1.2_amd64.deb ...
#9 17.00 Unpacking libext2fs2:amd64 (1.45.5-2ubuntu1.2) over (1.45.5-2ubuntu1.1) ...
#9 17.04 Setting up libext2fs2:amd64 (1.45.5-2ubuntu1.2) ...
#9 17.07 (Reading database ... (Reading database ... 5%(Reading database ... 10%(Reading database ... 15%(Reading database ... 20%(Reading database ... 25%(Reading database ... 30%(Reading database ... 35%(Reading database ... 40%(Reading database ... 45%(Reading database ... 50%(Reading database ... 55%(Reading database ... 60%(Reading database ... 65%(Reading database ... 70%(Reading database ... 75%(Reading database ... 80%(Reading database ... 85%(Reading database ... 90%(Reading database ... 95%(Reading database ... 100%(Reading database ... 46709 files and directories currently installed.)
#9 17.10 Preparing to unpack .../00-e2fsprogs_1.45.5-2ubuntu1.2_amd64.deb ...
#9 17.10 Unpacking e2fsprogs (1.45.5-2ubuntu1.2) over (1.45.5-2ubuntu1.1) ...
#9 17.17 Preparing to unpack .../01-mount_2.34-0.1ubuntu9.6_amd64.deb ...
#9 17.17 Unpacking mount (2.34-0.1ubuntu9.6) over (2.34-0.1ubuntu9.3) ...
#9 17.20 Preparing to unpack .../02-python3.8-dev_3.8.10-0ubuntu1~20.04.15_amd64.deb ...
#9 17.21 Unpacking python3.8-dev (3.8.10-0ubuntu1~20.04.15) over (3.8.10-0ubuntu1~20.04.14) ...
#9 17.23 Preparing to unpack .../03-libpython3.8-dev_3.8.10-0ubuntu1~20.04.15_amd64.deb ...
#9 17.24 Unpacking libpython3.8-dev:amd64 (3.8.10-0ubuntu1~20.04.15) over (3.8.10-0ubuntu1~20.04.14) ...
#9 17.68 Preparing to unpack .../04-libpython3.8_3.8.10-0ubuntu1~20.04.15_amd64.deb ...
#9 17.68 Unpacking libpython3.8:amd64 (3.8.10-0ubuntu1~20.04.15) over (3.8.10-0ubuntu1~20.04.14) ...
#9 17.83 Preparing to unpack .../05-libssl-dev_1.1.1f-1ubuntu2.24_amd64.deb ...
#9 17.83 Unpacking libssl-dev:amd64 (1.1.1f-1ubuntu2.24) over (1.1.1f-1ubuntu2.16) ...
#9 18.03 Preparing to unpack .../06-libssl1.1_1.1.1f-1ubuntu2.24_amd64.deb ...
#9 18.04 Unpacking libssl1.1:amd64 (1.1.1f-1ubuntu2.24) over (1.1.1f-1ubuntu2.16) ...
#9 18.15 Preparing to unpack .../07-python3.8_3.8.10-0ubuntu1~20.04.15_amd64.deb ...
#9 18.23 Unpacking python3.8 (3.8.10-0ubuntu1~20.04.15) over (3.8.10-0ubuntu1~20.04.14) ...
#9 18.26 Preparing to unpack .../08-libpython3.8-stdlib_3.8.10-0ubuntu1~20.04.15_amd64.deb ...
#9 18.31 Unpacking libpython3.8-stdlib:amd64 (3.8.10-0ubuntu1~20.04.15) over (3.8.10-0ubuntu1~20.04.14) ...
#9 18.60 Preparing to unpack .../09-python3.8-minimal_3.8.10-0ubuntu1~20.04.15_amd64.deb ...
#9 18.60 Unpacking python3.8-minimal (3.8.10-0ubuntu1~20.04.15) over (3.8.10-0ubuntu1~20.04.14) ...
#9 18.77 Preparing to unpack .../10-libpython3.8-minimal_3.8.10-0ubuntu1~20.04.15_amd64.deb ...
#9 18.85 Unpacking libpython3.8-minimal:amd64 (3.8.10-0ubuntu1~20.04.15) over (3.8.10-0ubuntu1~20.04.14) ...
#9 19.06 Preparing to unpack .../11-libsqlite3-0_3.31.1-4ubuntu0.6_amd64.deb ...
#9 19.06 Unpacking libsqlite3-0:amd64 (3.31.1-4ubuntu0.6) over (3.31.1-4ubuntu0.5) ...
#9 19.13 Preparing to unpack .../12-rsync_3.1.3-8ubuntu0.9_amd64.deb ...
#9 19.13 Unpacking rsync (3.1.3-8ubuntu0.9) over (3.1.3-8ubuntu0.4) ...
#9 19.18 Preparing to unpack .../13-libpam-runtime_1.3.1-5ubuntu4.7_all.deb ...
#9 19.18 Unpacking libpam-runtime (1.3.1-5ubuntu4.7) over (1.3.1-5ubuntu4.4) ...
#9 19.23 Setting up libpam-runtime (1.3.1-5ubuntu4.7) ...
#9 19.37 (Reading database ... (Reading database ... 5%(Reading database ... 10%(Reading database ... 15%(Reading database ... 20%(Reading database ... 25%(Reading database ... 30%(Reading database ... 35%(Reading database ... 40%(Reading database ... 45%(Reading database ... 50%(Reading database ... 55%(Reading database ... 60%(Reading database ... 65%(Reading database ... 70%(Reading database ... 75%(Reading database ... 80%(Reading database ... 85%(Reading database ... 90%(Reading database ... 95%(Reading database ... 100%(Reading database ... 46709 files and directories currently installed.)
#9 19.40 Preparing to unpack .../passwd_1%3a4.8.1-1ubuntu5.20.04.5_amd64.deb ...
#9 19.43 Unpacking passwd (1:4.8.1-1ubuntu5.20.04.5) over (1:4.8.1-1ubuntu5.20.04.4) ...
#9 19.54 Setting up passwd (1:4.8.1-1ubuntu5.20.04.5) ...
#9 19.59 (Reading database ... (Reading database ... 5%(Reading database ... 10%(Reading database ... 15%(Reading database ... 20%(Reading database ... 25%(Reading database ... 30%(Reading database ... 35%(Reading database ... 40%(Reading database ... 45%(Reading database ... 50%(Reading database ... 55%(Reading database ... 60%(Reading database ... 65%(Reading database ... 70%(Reading database ... 75%(Reading database ... 80%(Reading database ... 85%(Reading database ... 90%(Reading database ... 95%(Reading database ... 100%(Reading database ... 46709 files and directories currently installed.)
#9 19.62 Preparing to unpack .../00-libcom-err2_1.45.5-2ubuntu1.2_amd64.deb ...
#9 19.62 Unpacking libcom-err2:amd64 (1.45.5-2ubuntu1.2) over (1.45.5-2ubuntu1.1) ...
#9 19.64 Preparing to unpack .../01-libprocps8_2%3a3.3.16-1ubuntu2.4_amd64.deb ...
#9 19.65 Unpacking libprocps8:amd64 (2:3.3.16-1ubuntu2.4) over (2:3.3.16-1ubuntu2.3) ...
#9 19.67 Preparing to unpack .../02-libss2_1.45.5-2ubuntu1.2_amd64.deb ...
#9 19.67 Unpacking libss2:amd64 (1.45.5-2ubuntu1.2) over (1.45.5-2ubuntu1.1) ...
#9 19.70 Preparing to unpack .../03-procps_2%3a3.3.16-1ubuntu2.4_amd64.deb ...
#9 19.73 Unpacking procps (2:3.3.16-1ubuntu2.4) over (2:3.3.16-1ubuntu2.3) ...
#9 19.78 Preparing to unpack .../04-openssl_1.1.1f-1ubuntu2.24_amd64.deb ...
#9 19.79 Unpacking openssl (1.1.1f-1ubuntu2.24) over (1.1.1f-1ubuntu2.16) ...
#9 19.85 Preparing to unpack .../05-ca-certificates_20240203~20.04.1_all.deb ...
#9 19.85 Unpacking ca-certificates (20240203~20.04.1) over (20211016ubuntu0.20.04.1) ...
#9 19.97 Preparing to unpack .../06-less_551-1ubuntu0.3_amd64.deb ...
#9 19.98 Unpacking less (551-1ubuntu0.3) over (551-1ubuntu0.1) ...
#9 20.01 Preparing to unpack .../07-libcap2_1%3a2.32-1ubuntu0.2_amd64.deb ...
#9 20.01 Unpacking libcap2:amd64 (1:2.32-1ubuntu0.2) over (1:2.32-1ubuntu0.1) ...
#9 20.03 Preparing to unpack .../08-libxml2_2.9.10+dfsg-5ubuntu0.20.04.9_amd64.deb ...
#9 20.04 Unpacking libxml2:amd64 (2.9.10+dfsg-5ubuntu0.20.04.9) over (2.9.10+dfsg-5ubuntu0.20.04.8) ...
#9 20.11 Preparing to unpack .../09-tzdata_2024b-0ubuntu0.20.04.1_all.deb ...
#9 20.11 Unpacking tzdata (2024b-0ubuntu0.20.04.1) over (2022g-0ubuntu0.20.04.1) ...
#9 20.92 Preparing to unpack .../10-krb5-locales_1.17-6ubuntu4.8_all.deb ...
#9 20.92 Unpacking krb5-locales (1.17-6ubuntu4.8) over (1.17-6ubuntu4.2) ...
#9 20.94 Preparing to unpack .../11-libgssapi-krb5-2_1.17-6ubuntu4.8_amd64.deb ...
#9 20.95 Unpacking libgssapi-krb5-2:amd64 (1.17-6ubuntu4.8) over (1.17-6ubuntu4.2) ...
#9 20.98 Preparing to unpack .../12-libkrb5-3_1.17-6ubuntu4.8_amd64.deb ...
#9 20.98 Unpacking libkrb5-3:amd64 (1.17-6ubuntu4.8) over (1.17-6ubuntu4.2) ...
#9 21.03 Preparing to unpack .../13-libkrb5support0_1.17-6ubuntu4.8_amd64.deb ...
#9 21.03 Unpacking libkrb5support0:amd64 (1.17-6ubuntu4.8) over (1.17-6ubuntu4.2) ...
#9 21.06 Preparing to unpack .../14-libk5crypto3_1.17-6ubuntu4.8_amd64.deb ...
#9 21.06 Unpacking libk5crypto3:amd64 (1.17-6ubuntu4.8) over (1.17-6ubuntu4.2) ...
#9 21.09 Preparing to unpack .../15-libx11-data_2%3a1.6.9-2ubuntu1.6_all.deb ...
#9 21.09 Unpacking libx11-data (2:1.6.9-2ubuntu1.6) over (2:1.6.9-2ubuntu1.2) ...
#9 21.23 Preparing to unpack .../16-git-man_1%3a2.25.1-1ubuntu3.14_all.deb ...
#9 21.24 Unpacking git-man (1:2.25.1-1ubuntu3.14) over (1:2.25.1-1ubuntu3.8) ...
#9 21.31 Preparing to unpack .../17-libroken18-heimdal_7.7.0+dfsg-1ubuntu1.4_amd64.deb ...
#9 21.32 Unpacking libroken18-heimdal:amd64 (7.7.0+dfsg-1ubuntu1.4) over (7.7.0+dfsg-1ubuntu1.3) ...
#9 21.34 Preparing to unpack .../18-libasn1-8-heimdal_7.7.0+dfsg-1ubuntu1.4_amd64.deb ...
#9 21.35 Unpacking libasn1-8-heimdal:amd64 (7.7.0+dfsg-1ubuntu1.4) over (7.7.0+dfsg-1ubuntu1.3) ...
#9 21.38 Preparing to unpack .../19-libheimbase1-heimdal_7.7.0+dfsg-1ubuntu1.4_amd64.deb ...
#9 21.39 Unpacking libheimbase1-heimdal:amd64 (7.7.0+dfsg-1ubuntu1.4) over (7.7.0+dfsg-1ubuntu1.3) ...
#9 21.41 Preparing to unpack .../20-libhcrypto4-heimdal_7.7.0+dfsg-1ubuntu1.4_amd64.deb ...
#9 21.41 Unpacking libhcrypto4-heimdal:amd64 (7.7.0+dfsg-1ubuntu1.4) over (7.7.0+dfsg-1ubuntu1.3) ...
#9 21.44 Preparing to unpack .../21-libwind0-heimdal_7.7.0+dfsg-1ubuntu1.4_amd64.deb ...
#9 21.45 Unpacking libwind0-heimdal:amd64 (7.7.0+dfsg-1ubuntu1.4) over (7.7.0+dfsg-1ubuntu1.3) ...
#9 21.47 Preparing to unpack .../22-libhx509-5-heimdal_7.7.0+dfsg-1ubuntu1.4_amd64.deb ...
#9 21.47 Unpacking libhx509-5-heimdal:amd64 (7.7.0+dfsg-1ubuntu1.4) over (7.7.0+dfsg-1ubuntu1.3) ...
#9 21.51 Preparing to unpack .../23-libkrb5-26-heimdal_7.7.0+dfsg-1ubuntu1.4_amd64.deb ...
#9 21.51 Unpacking libkrb5-26-heimdal:amd64 (7.7.0+dfsg-1ubuntu1.4) over (7.7.0+dfsg-1ubuntu1.3) ...
#9 21.55 Preparing to unpack .../24-libheimntlm0-heimdal_7.7.0+dfsg-1ubuntu1.4_amd64.deb ...
#9 21.55 Unpacking libheimntlm0-heimdal:amd64 (7.7.0+dfsg-1ubuntu1.4) over (7.7.0+dfsg-1ubuntu1.3) ...
#9 21.57 Preparing to unpack .../25-libgssapi3-heimdal_7.7.0+dfsg-1ubuntu1.4_amd64.deb ...
#9 21.58 Unpacking libgssapi3-heimdal:amd64 (7.7.0+dfsg-1ubuntu1.4) over (7.7.0+dfsg-1ubuntu1.3) ...
#9 21.61 Preparing to unpack .../26-libldap-common_2.4.49+dfsg-2ubuntu1.10_all.deb ...
#9 21.61 Unpacking libldap-common (2.4.49+dfsg-2ubuntu1.10) over (2.4.49+dfsg-2ubuntu1.9) ...
#9 21.63 Preparing to unpack .../27-libldap-2.4-2_2.4.49+dfsg-2ubuntu1.10_amd64.deb ...
#9 21.63 Unpacking libldap-2.4-2:amd64 (2.4.49+dfsg-2ubuntu1.10) over (2.4.49+dfsg-2ubuntu1.9) ...
#9 21.67 Preparing to unpack .../28-libnghttp2-14_1.40.0-1ubuntu0.3_amd64.deb ...
#9 21.67 Unpacking libnghttp2-14:amd64 (1.40.0-1ubuntu0.3) over (1.40.0-1build1) ...
#9 21.70 Preparing to unpack .../29-libssh-4_0.9.3-2ubuntu2.5_amd64.deb ...
#9 21.70 Unpacking libssh-4:amd64 (0.9.3-2ubuntu2.5) over (0.9.3-2ubuntu2.2) ...
#9 21.74 Preparing to unpack .../30-libcurl3-gnutls_7.68.0-1ubuntu2.25_amd64.deb ...
#9 21.74 Unpacking libcurl3-gnutls:amd64 (7.68.0-1ubuntu2.25) over (7.68.0-1ubuntu2.15) ...
#9 21.78 Preparing to unpack .../31-git_1%3a2.25.1-1ubuntu3.14_amd64.deb ...
#9 21.83 Unpacking git (1:2.25.1-1ubuntu3.14) over (1:2.25.1-1ubuntu3.13) ...
#9 22.38 Preparing to unpack .../32-openssh-client_1%3a8.2p1-4ubuntu0.12_amd64.deb ...
#9 22.40 Unpacking openssh-client (1:8.2p1-4ubuntu0.12) over (1:8.2p1-4ubuntu0.5) ...
#9 22.50 Preparing to unpack .../33-binutils-dev_2.34-6ubuntu1.10_amd64.deb ...
#9 22.50 Unpacking binutils-dev (2.34-6ubuntu1.10) over (2.34-6ubuntu1.4) ...
#9 22.89 Preparing to unpack .../34-libctf0_2.34-6ubuntu1.10_amd64.deb ...
#9 22.89 Unpacking libctf0:amd64 (2.34-6ubuntu1.10) over (2.34-6ubuntu1.4) ...
#9 22.92 Preparing to unpack .../35-binutils-x86-64-linux-gnu_2.34-6ubuntu1.10_amd64.deb ...
#9 22.92 Unpacking binutils-x86-64-linux-gnu (2.34-6ubuntu1.10) over (2.34-6ubuntu1.4) ...
#9 23.18 Preparing to unpack .../36-libbinutils_2.34-6ubuntu1.10_amd64.deb ...
#9 23.18 Unpacking libbinutils:amd64 (2.34-6ubuntu1.10) over (2.34-6ubuntu1.4) ...
#9 23.24 Preparing to unpack .../37-binutils_2.34-6ubuntu1.10_amd64.deb ...
#9 23.25 Unpacking binutils (2.34-6ubuntu1.10) over (2.34-6ubuntu1.4) ...
#9 23.28 Preparing to unpack .../38-binutils-common_2.34-6ubuntu1.10_amd64.deb ...
#9 23.28 Unpacking binutils-common:amd64 (2.34-6ubuntu1.10) over (2.34-6ubuntu1.4) ...
#9 23.31 Preparing to unpack .../39-libctf-nobfd0_2.34-6ubuntu1.10_amd64.deb ...
#9 23.31 Unpacking libctf-nobfd0:amd64 (2.34-6ubuntu1.10) over (2.34-6ubuntu1.4) ...
#9 23.34 Preparing to unpack .../40-libharfbuzz-dev_2.6.4-1ubuntu4.3_amd64.deb ...
#9 23.34 Unpacking libharfbuzz-dev:amd64 (2.6.4-1ubuntu4.3) over (2.6.4-1ubuntu4.2) ...
#9 23.43 Preparing to unpack .../41-libharfbuzz0b_2.6.4-1ubuntu4.3_amd64.deb ...
#9 23.43 Unpacking libharfbuzz0b:amd64 (2.6.4-1ubuntu4.3) over (2.6.4-1ubuntu4.2) ...
#9 23.50 Preparing to unpack .../42-libharfbuzz-icu0_2.6.4-1ubuntu4.3_amd64.deb ...
#9 23.50 Unpacking libharfbuzz-icu0:amd64 (2.6.4-1ubuntu4.3) over (2.6.4-1ubuntu4.2) ...
#9 23.53 Preparing to unpack .../43-libharfbuzz-gobject0_2.6.4-1ubuntu4.3_amd64.deb ...
#9 23.53 Unpacking libharfbuzz-gobject0:amd64 (2.6.4-1ubuntu4.3) over (2.6.4-1ubuntu4.2) ...
#9 23.55 Preparing to unpack .../44-gir1.2-harfbuzz-0.0_2.6.4-1ubuntu4.3_amd64.deb ...
#9 23.55 Unpacking gir1.2-harfbuzz-0.0:amd64 (2.6.4-1ubuntu4.3) over (2.6.4-1ubuntu4.2) ...
#9 23.58 Preparing to unpack .../45-libaprutil1_1.6.1-4ubuntu2.2_amd64.deb ...
#9 23.58 Unpacking libaprutil1:amd64 (1.6.1-4ubuntu2.2) over (1.6.1-4ubuntu2) ...
#9 23.61 Preparing to unpack .../46-libapr1_1.6.5-1ubuntu1.1_amd64.deb ...
#9 23.61 Unpacking libapr1:amd64 (1.6.5-1ubuntu1.1) over (1.6.5-1ubuntu1) ...
#9 23.64 Preparing to unpack .../47-unzip_6.0-25ubuntu1.2_amd64.deb ...
#9 23.65 Unpacking unzip (6.0-25ubuntu1.2) over (6.0-25ubuntu1.1) ...
#9 23.70 Setting up perl-modules-5.30 (5.30.0-9ubuntu0.5) ...
#9 23.71 Setting up libssl1.1:amd64 (1.1.1f-1ubuntu2.24) ...
#9 23.78 Setting up unzip (6.0-25ubuntu1.2) ...
#9 23.79 Setting up libsqlite3-0:amd64 (3.31.1-4ubuntu0.6) ...
#9 23.79 Setting up binutils-common:amd64 (2.34-6ubuntu1.10) ...
#9 23.80 Setting up libnghttp2-14:amd64 (1.40.0-1ubuntu0.3) ...
#9 23.80 Setting up libapr1:amd64 (1.6.5-1ubuntu1.1) ...
#9 23.80 Setting up less (551-1ubuntu0.3) ...
#9 23.81 Setting up linux-libc-dev:amd64 (5.4.0-208.228) ...
#9 23.81 Setting up linux-libc-dev:i386 (5.4.0-208.228) ...
#9 23.81 Setting up libctf-nobfd0:amd64 (2.34-6ubuntu1.10) ...
#9 23.81 Setting up krb5-locales (1.17-6ubuntu4.8) ...
#9 23.81 Setting up libcom-err2:amd64 (1.45.5-2ubuntu1.2) ...
#9 23.81 Setting up libldap-common (2.4.49+dfsg-2ubuntu1.10) ...
#9 23.81 Setting up libcap2:amd64 (1:2.32-1ubuntu0.2) ...
#9 23.82 Setting up libkrb5support0:amd64 (1.17-6ubuntu4.8) ...
#9 23.82 Setting up libc6-x32 (2.31-0ubuntu9.17) ...
#9 23.82 Setting up tzdata (2024b-0ubuntu0.20.04.1) ...
#9 23.91 
#9 23.91 Current default time zone: 'Etc/UTC'
#9 23.91 Local time is now:      Sat Mar  1 16:42:06 UTC 2025.
#9 23.91 Universal Time is now:  Sat Mar  1 16:42:06 UTC 2025.
#9 23.91 Run 'dpkg-reconfigure tzdata' if you wish to change it.
#9 23.91 
#9 23.92 Setting up libx11-data (2:1.6.9-2ubuntu1.6) ...
#9 23.92 Setting up libssl-dev:amd64 (1.1.1f-1ubuntu2.24) ...
#9 23.92 Setting up libss2:amd64 (1.45.5-2ubuntu1.2) ...
#9 23.92 Setting up libk5crypto3:amd64 (1.17-6ubuntu4.8) ...
#9 23.92 Setting up logsave (1.45.5-2ubuntu1.2) ...
#9 23.93 Setting up libroken18-heimdal:amd64 (7.7.0+dfsg-1ubuntu1.4) ...
#9 23.93 Setting up libc6:i386 (2.31-0ubuntu9.17) ...
#9 25.06 Setting up libfdisk1:amd64 (2.34-0.1ubuntu9.6) ...
#9 25.06 Setting up mount (2.34-0.1ubuntu9.6) ...
#9 25.06 Setting up libc6-i386 (2.31-0ubuntu9.17) ...
#9 25.06 Setting up libperl5.30:amd64 (5.30.0-9ubuntu0.5) ...
#9 25.06 Setting up git-man (1:2.25.1-1ubuntu3.14) ...
#9 25.07 Setting up libharfbuzz0b:amd64 (2.6.4-1ubuntu4.3) ...
#9 25.07 Setting up libkrb5-3:amd64 (1.17-6ubuntu4.8) ...
#9 25.07 Setting up libbinutils:amd64 (2.34-6ubuntu1.10) ...
#9 25.07 Setting up libc-dev-bin (2.31-0ubuntu9.17) ...
#9 25.07 Setting up openssl (1.1.1f-1ubuntu2.24) ...
#9 25.07 Setting up libxml2:amd64 (2.9.10+dfsg-5ubuntu0.20.04.9) ...
#9 25.08 Setting up libprocps8:amd64 (2:3.3.16-1ubuntu2.4) ...
#9 25.08 Setting up rsync (3.1.3-8ubuntu0.9) ...
#9 25.09 invoke-rc.d: could not determine current runlevel
#9 25.10 invoke-rc.d: policy-rc.d denied execution of restart.
#9 25.21 Setting up libheimbase1-heimdal:amd64 (7.7.0+dfsg-1ubuntu1.4) ...
#9 25.21 Setting up libaprutil1:amd64 (1.6.1-4ubuntu2.2) ...
#9 25.21 Setting up libctf0:amd64 (2.34-6ubuntu1.10) ...
#9 25.21 Setting up libpython3.8-minimal:amd64 (3.8.10-0ubuntu1~20.04.15) ...
#9 25.22 Setting up libharfbuzz-icu0:amd64 (2.6.4-1ubuntu4.3) ...
#9 25.22 Setting up libasn1-8-heimdal:amd64 (7.7.0+dfsg-1ubuntu1.4) ...
#9 25.22 Setting up e2fsprogs (1.45.5-2ubuntu1.2) ...
#9 25.44 Setting up libharfbuzz-gobject0:amd64 (2.6.4-1ubuntu4.3) ...
#9 25.44 Setting up gir1.2-harfbuzz-0.0:amd64 (2.6.4-1ubuntu4.3) ...
#9 25.44 Setting up libhcrypto4-heimdal:amd64 (7.7.0+dfsg-1ubuntu1.4) ...
#9 25.45 Setting up fdisk (2.34-0.1ubuntu9.6) ...
#9 25.45 Setting up ca-certificates (20240203~20.04.1) ...
#9 26.95 Updating certificates in /etc/ssl/certs...
#9 27.80 rehash: warning: skipping ca-certificates.crt,it does not contain exactly one certificate or CRL
#9 27.81 30 added, 8 removed; done.
#9 27.83 Setting up perl (5.30.0-9ubuntu0.5) ...
#9 27.84 Setting up libwind0-heimdal:amd64 (7.7.0+dfsg-1ubuntu1.4) ...
#9 27.84 Setting up libgssapi-krb5-2:amd64 (1.17-6ubuntu4.8) ...
#9 27.85 Setting up libssh-4:amd64 (0.9.3-2ubuntu2.5) ...
#9 27.85 Setting up python3.8-minimal (3.8.10-0ubuntu1~20.04.15) ...
#9 28.31 Setting up procps (2:3.3.16-1ubuntu2.4) ...
#9 28.34 Setting up libc6-dev:amd64 (2.31-0ubuntu9.17) ...
#9 28.35 Setting up libc6-dev:i386 (2.31-0ubuntu9.17) ...
#9 28.35 Setting up libpython3.8-stdlib:amd64 (3.8.10-0ubuntu1~20.04.15) ...
#9 28.35 Setting up python3.8 (3.8.10-0ubuntu1~20.04.15) ...
#9 28.87 Setting up binutils-x86-64-linux-gnu (2.34-6ubuntu1.10) ...
#9 28.87 Setting up libharfbuzz-dev:amd64 (2.6.4-1ubuntu4.3) ...
#9 28.88 Setting up libc6-dev-i386 (2.31-0ubuntu9.17) ...
#9 28.88 Setting up openssh-client (1:8.2p1-4ubuntu0.12) ...
#9 28.90 Setting up libhx509-5-heimdal:amd64 (7.7.0+dfsg-1ubuntu1.4) ...
#9 28.90 Setting up binutils (2.34-6ubuntu1.10) ...
#9 28.90 Setting up libc6-dev-x32 (2.31-0ubuntu9.17) ...
#9 28.90 Setting up libpython3.8:amd64 (3.8.10-0ubuntu1~20.04.15) ...
#9 28.90 Setting up libkrb5-26-heimdal:amd64 (7.7.0+dfsg-1ubuntu1.4) ...
#9 28.91 Setting up binutils-dev (2.34-6ubuntu1.10) ...
#9 28.91 Setting up libheimntlm0-heimdal:amd64 (7.7.0+dfsg-1ubuntu1.4) ...
#9 28.91 Setting up libgssapi3-heimdal:amd64 (7.7.0+dfsg-1ubuntu1.4) ...
#9 28.91 Setting up libpython3.8-dev:amd64 (3.8.10-0ubuntu1~20.04.15) ...
#9 28.91 Setting up python3.8-dev (3.8.10-0ubuntu1~20.04.15) ...
#9 28.91 Setting up libldap-2.4-2:amd64 (2.4.49+dfsg-2ubuntu1.10) ...
#9 28.92 Setting up libcurl3-gnutls:amd64 (7.68.0-1ubuntu2.25) ...
#9 28.93 Setting up git (1:2.25.1-1ubuntu3.14) ...
#9 28.96 Processing triggers for libc-bin (2.31-0ubuntu9.17) ...
#9 28.98 Processing triggers for systemd (245.4-4ubuntu3.24) ...
#9 28.98 Processing triggers for mime-support (3.64ubuntu1) ...
#9 28.99 Processing triggers for ca-certificates (20240203~20.04.1) ...
#9 28.99 Updating certificates in /etc/ssl/certs...
#9 29.59 0 added, 0 removed; done.
#9 29.59 Running hooks in /etc/ca-certificates/update.d...
#9 29.60 done.
#9 29.68 Reading package lists...
#9 30.76 Building dependency tree...
#9 30.93 Reading state information...
#9 31.10 libffi-dev is already the newest version (3.3-4).
#9 31.10 libffi-dev set to manually installed.
#9 31.10 curl is already the newest version (7.68.0-1ubuntu2.25).
#9 31.10 libssl-dev is already the newest version (1.1.1f-1ubuntu2.24).
#9 31.10 xz-utils is already the newest version (5.2.4-1ubuntu1.1).
#9 31.10 xz-utils set to manually installed.
#9 31.10 zlib1g-dev is already the newest version (1:1.2.11.dfsg-2ubuntu1.5).
#9 31.10 0 upgraded, 0 newly installed, 0 to remove and 0 not upgraded.
#9 DONE 31.2s

#10 [stage-1  3/15] RUN rm -rf /usr/local/bin/python3.8* /usr/local/bin/pip3 /usr/local/lib/python3.8     /usr/local/include/python3.8 /usr/local/lib/python3.8/site-packages
#10 DONE 0.5s

#11 [stage-1  4/15] COPY --from=base-image /usr/local/bin/python3* /usr/local/bin/
#11 DONE 0.1s

#12 [stage-1  5/15] COPY --from=base-image /usr/local/bin/pip3* /usr/local/bin/
#12 DONE 0.0s

#13 [stage-1  6/15] COPY --from=base-image /usr/local/lib/python3.10 /usr/local/lib/python3.10
#13 DONE 8.9s

#14 [stage-1  7/15] COPY --from=base-image /usr/local/include/python3.10 /usr/local/include/python3.10
#14 DONE 0.1s

#15 [stage-1  8/15] COPY --from=base-image /usr/local/lib/python3.10/site-packages /usr/local/lib/python3.10/site-packages
#15 DONE 10.1s

#16 [stage-1  9/15] COPY fuzzers /src/fuzzers
#16 DONE 0.1s

#17 [stage-1 10/15] COPY benchmarks/libxml2_xml/benchmark.yaml /
#17 DONE 0.0s

#18 [stage-1 11/15] RUN mkdir /opt/fuzzbench/
#18 DONE 0.2s

#19 [stage-1 12/15] COPY docker/benchmark-builder/checkout_commit.py /opt/fuzzbench/
#19 DONE 0.0s

#20 [stage-1 13/15] RUN export CHECKOUT_COMMIT=$(cat /benchmark.yaml | tr -d ' ' | grep 'commit:' | cut -d ':' -f2) &&     python3 -u /opt/fuzzbench/checkout_commit.py $CHECKOUT_COMMIT /src
#20 0.275 Checking out commit c7260a47f19e01f4f663b6a56fbdc2dafd8a6e7e
#20 0.768 Note: switching to 'c7260a47f19e01f4f663b6a56fbdc2dafd8a6e7e'.
#20 0.768 
#20 0.768 You are in 'detached HEAD' state. You can look around, make experimental
#20 0.768 changes and commit them, and you can discard any commits you make in this
#20 0.768 state without impacting any branches by switching back to a branch.
#20 0.768 
#20 0.768 If you want to create a new branch to retain commits you create, you may
#20 0.768 do so (now or later) by using -c with the switch command. Example:
#20 0.768 
#20 0.768   git switch -c <new-branch-name>
#20 0.768 
#20 0.768 Or undo this operation with:
#20 0.768 
#20 0.768   git switch -
#20 0.768 
#20 0.768 Turn off this advice by setting config variable advice.detachedHead to false
#20 0.768 
#20 0.768 HEAD is now at c7260a47 malloc-fail: Don't call xmlErrMemory in xmlstring.c
#20 DONE 0.8s

#21 [stage-1 14/15] COPY docker/benchmark-builder/fuzzer_build /usr/bin/fuzzer_build
#21 DONE 0.0s

#22 [stage-1 15/15] RUN echo "Run fuzzer_build to build the target" && if [ -z "$debug_builder" ] ; then fuzzer_build; fi
#22 0.169 Run fuzzer_build to build the target
#22 0.235 FUZZ_TARGET = xml
#22 0.235 CFLAGS = -DFUZZING_BUILD_MODE_UNSAFE_FOR_PRODUCTION -pthread -Wl,--no-as-needed -Wl,-ldl -Wl,-lm -Wno-unused-command-line-argument -O3
#22 0.235 CXXFLAGS = -DFUZZING_BUILD_MODE_UNSAFE_FOR_PRODUCTION -pthread -Wl,--no-as-needed -Wl,-ldl -Wl,-lm -Wno-unused-command-line-argument -stdlib=libc++ -O3
#22 0.241 AFL++ build: 
#22 0.241 ['tracepc', 'cmplog', 'dict2file']
#22 1.278 Building benchmark libxml2_xml with fuzzer aflmmbb
#22 1.280 + '[' address = undefined ']'
#22 1.280 + export V=1
#22 1.280 + V=1
#22 1.280 + ./autogen.sh --disable-shared --without-debug --without-ftp --without-http --without-legacy --without-python
#22 4.012 libtoolize: putting auxiliary files in '.'.
#22 4.012 libtoolize: copying file './ltmain.sh'
#22 4.043 libtoolize: putting macros in AC_CONFIG_MACRO_DIRS, 'm4'.
#22 4.043 libtoolize: copying file 'm4/libtool.m4'
#22 4.071 libtoolize: copying file 'm4/ltoptions.m4'
#22 4.099 libtoolize: copying file 'm4/ltsugar.m4'
#22 4.127 libtoolize: copying file 'm4/ltversion.m4'
#22 4.156 libtoolize: copying file 'm4/lt~obsolete.m4'
#22 6.191 configure.ac:47: installing './compile'
#22 6.193 configure.ac:12: installing './config.guess'
#22 6.196 configure.ac:12: installing './config.sub'
#22 6.198 configure.ac:42: installing './install-sh'
#22 6.201 configure.ac:42: installing './missing'
#22 6.241 Makefile.am: installing './depcomp'
#22 6.517 python/Makefile.am:29: installing './py-compile'
#22 6.751 checking build system type... x86_64-pc-linux-gnu
#22 6.805 checking host system type... x86_64-pc-linux-gnu
#22 6.815 extra=v2.10.0-351-gc7260a47
#22 6.816 checking for a BSD-compatible install... /usr/bin/install -c
#22 6.826 checking whether build environment is sane... yes
#22 6.837 checking for a thread-safe mkdir -p... /usr/bin/mkdir -p
#22 6.840 checking for gawk... no
#22 6.841 checking for mawk... mawk
#22 6.842 checking whether make sets $(MAKE)... yes
#22 6.855 checking whether make supports nested variables... yes
#22 6.865 checking whether to enable maintainer-specific portions of Makefiles... yes
#22 6.866 checking whether make supports nested variables... (cached) yes
#22 6.867 checking for gcc... /afl/afl-clang-fast
#22 6.917 checking whether the C compiler works... yes
#22 6.973 checking for C compiler default output file name... a.out
#22 6.975 checking for suffix of executables... 
#22 7.029 checking whether we are cross compiling... no
#22 7.091 checking for suffix of object files... o
#22 7.115 checking whether we are using the GNU C compiler... yes
#22 7.137 checking whether /afl/afl-clang-fast accepts -g... yes
#22 7.158 checking for /afl/afl-clang-fast option to accept ISO C89... none needed
#22 7.191 checking whether /afl/afl-clang-fast understands -c and -o together... yes
#22 7.227 checking whether make supports the include directive... yes (GNU style)
#22 7.237 checking dependency style of /afl/afl-clang-fast... gcc3
#22 7.275 checking whether ln -s works... yes
#22 7.275 checking for tar... /usr/bin/tar
#22 7.276 checking for perl... /usr/bin/perl
#22 7.277 checking for wget... /usr/bin/wget
#22 7.278 checking for xsltproc... /usr/bin/xsltproc
#22 7.279 checking for pkg-config... /usr/bin/pkg-config
#22 7.280 checking pkg-config is at least version 0.9.0... yes
#22 7.284 checking how to print strings... printf
#22 7.315 checking for a sed that does not truncate output... /usr/bin/sed
#22 7.322 checking for grep that handles long lines and -e... /usr/bin/grep
#22 7.325 checking for egrep... /usr/bin/grep -E
#22 7.328 checking for fgrep... /usr/bin/grep -F
#22 7.330 checking for ld used by /afl/afl-clang-fast... /usr/bin/ld
#22 7.345 checking if the linker (/usr/bin/ld) is GNU ld... yes
#22 7.348 checking for BSD- or MS-compatible name lister (nm)... /usr/bin/nm -B
#22 7.352 checking the name lister (/usr/bin/nm -B) interface... BSD nm
#22 7.378 checking the maximum length of command line arguments... 1572864
#22 7.387 checking how to convert x86_64-pc-linux-gnu file names to x86_64-pc-linux-gnu format... func_convert_file_noop
#22 7.388 checking how to convert x86_64-pc-linux-gnu file names to toolchain format... func_convert_file_noop
#22 7.389 checking for /usr/bin/ld option to reload object files... -r
#22 7.390 checking for objdump... objdump
#22 7.390 checking how to recognize dependent libraries... pass_all
#22 7.392 checking for dlltool... no
#22 7.392 checking how to associate runtime and link libraries... printf %s\n
#22 7.393 checking for ar... ar
#22 7.394 checking for archiver @FILE support... @
#22 7.426 checking for strip... strip
#22 7.427 checking for ranlib... ranlib
#22 7.428 checking command to parse /usr/bin/nm -B output from /afl/afl-clang-fast object... ok
#22 7.519 checking for sysroot... no
#22 7.520 checking for a working dd... /usr/bin/dd
#22 7.526 checking how to truncate binary pipes... /usr/bin/dd bs=4096 count=1
#22 7.550 checking for mt... mt
#22 7.551 checking if mt is a manifest tool... no
#22 7.558 checking how to run the C preprocessor... /afl/afl-clang-fast -E
#22 7.628 checking for ANSI C header files... yes
#22 7.769 checking for sys/types.h... yes
#22 7.806 checking for sys/stat.h... yes
#22 7.843 checking for stdlib.h... yes
#22 7.879 checking for string.h... yes
#22 7.917 checking for memory.h... yes
#22 7.954 checking for strings.h... yes
#22 7.994 checking for inttypes.h... yes
#22 8.032 checking for stdint.h... yes
#22 8.070 checking for unistd.h... yes
#22 8.110 checking for dlfcn.h... yes
#22 8.144 checking for objdir... .libs
#22 8.227 checking if /afl/afl-clang-fast supports -fno-rtti -fno-exceptions... yes
#22 8.252 checking for /afl/afl-clang-fast option to produce PIC... -fPIC -DPIC
#22 8.253 checking if /afl/afl-clang-fast PIC flag -fPIC -DPIC works... yes
#22 8.278 checking if /afl/afl-clang-fast static flag -static works... yes
#22 8.369 checking if /afl/afl-clang-fast supports -c -o file.o... yes
#22 8.403 checking if /afl/afl-clang-fast supports -c -o file.o... (cached) yes
#22 8.403 checking whether the /afl/afl-clang-fast linker (/usr/bin/ld -m elf_x86_64) supports shared libraries... yes
#22 8.423 checking dynamic linker characteristics... GNU/Linux ld.so
#22 8.512 checking how to hardcode library paths into programs... immediate
#22 8.512 checking whether stripping libraries is possible... yes
#22 8.515 checking if libtool supports shared libraries... yes
#22 8.516 checking whether to build shared libraries... no
#22 8.516 checking whether to build static libraries... yes
#22 8.518 checking for cos in -lm... yes
#22 8.582 checking for stdint.h... (cached) yes
#22 8.592 checking for inttypes.h... (cached) yes
#22 8.602 checking fcntl.h usability... yes
#22 8.635 checking fcntl.h presence... yes
#22 8.650 checking for fcntl.h... yes
#22 8.660 checking for unistd.h... (cached) yes
#22 8.669 checking for sys/stat.h... (cached) yes
#22 8.675 checking sys/mman.h usability... yes
#22 8.709 checking sys/mman.h presence... yes
#22 8.724 checking for sys/mman.h... yes
#22 8.731 checking sys/socket.h usability... yes
#22 8.767 checking sys/socket.h presence... yes
#22 8.784 checking for sys/socket.h... yes
#22 8.794 checking netinet/in.h usability... yes
#22 8.829 checking netinet/in.h presence... yes
#22 8.847 checking for netinet/in.h... yes
#22 8.856 checking arpa/inet.h usability... yes
#22 8.893 checking arpa/inet.h presence... yes
#22 8.911 checking for arpa/inet.h... yes
#22 8.922 checking netdb.h usability... yes
#22 8.958 checking netdb.h presence... yes
#22 8.976 checking for netdb.h... yes
#22 8.986 checking sys/select.h usability... yes
#22 9.017 checking sys/select.h presence... yes
#22 9.033 checking for sys/select.h... yes
#22 9.043 checking poll.h usability... yes
#22 9.075 checking poll.h presence... yes
#22 9.090 checking for poll.h... yes
#22 9.100 checking sys/time.h usability... yes
#22 9.132 checking sys/time.h presence... yes
#22 9.147 checking for sys/time.h... yes
#22 9.157 checking sys/timeb.h usability... yes
#22 9.189 checking sys/timeb.h presence... yes
#22 9.204 checking for sys/timeb.h... yes
#22 9.214 checking dl.h usability... no
#22 9.250 checking dl.h presence... no
#22 9.271 checking for dl.h... no
#22 9.275 checking for dlfcn.h... (cached) yes
#22 9.281 checking glob.h usability... yes
#22 9.314 checking glob.h presence... yes
#22 9.329 checking for glob.h... yes
#22 9.332 checking for uint32_t... yes
#22 9.374 checking for snprintf... yes
#22 9.443 checking for vsnprintf... yes
#22 9.511 checking for gettimeofday... yes
#22 9.576 checking for ftime... yes
#22 9.640 checking for stat... yes
#22 9.706 checking for rand_r... yes
#22 9.769 checking for isascii... yes
#22 9.833 checking for mmap... yes
#22 9.896 checking for munmap... yes
#22 9.961 checking for putenv... yes
#22 10.02 checking for va_copy... yes
#22 10.08 checking whether va_list is an array type... yes
#22 10.11 checking whether __attribute__((destructor)) is accepted... yes
#22 10.15 Disabling HTTP support
#22 10.15 Disabling DEBUG support
#22 10.15 checking for library containing dlopen... none required
#22 10.21 checking pthread.h usability... yes
#22 10.25 checking pthread.h presence... yes
#22 10.27 checking for pthread.h... yes
#22 10.27 checking for library containing pthread_join... none required
#22 10.32 checking for Z... yes
#22 10.34 checking for LZMA... yes
#22 10.35 checking iconv.h usability... yes
#22 10.39 checking iconv.h presence... yes
#22 10.41 checking for iconv.h... yes
#22 10.41 checking for library containing iconv... none required
#22 10.47 Disabling ICU support
#22 10.47 Disabling code coverage for GCC
#22 10.50 checking that generated files are newer than configure... done
#22 10.50 configure: creating ./config.status
#22 11.11 config.status: creating Makefile
#22 11.12 config.status: creating include/Makefile
#22 11.14 config.status: creating include/libxml/Makefile
#22 11.16 config.status: creating include/private/Makefile
#22 11.18 config.status: creating doc/Makefile
#22 11.20 config.status: creating doc/examples/Makefile
#22 11.22 config.status: creating doc/devhelp/Makefile
#22 11.24 config.status: creating example/Makefile
#22 11.26 config.status: creating fuzz/Makefile
#22 11.28 config.status: creating python/Makefile
#22 11.30 config.status: creating python/tests/Makefile
#22 11.32 config.status: creating xstc/Makefile
#22 11.34 config.status: creating include/libxml/xmlversion.h
#22 11.35 config.status: creating libxml-2.0.pc
#22 11.37 config.status: creating libxml-2.0-uninstalled.pc
#22 11.38 config.status: creating libxml2-config.cmake
#22 11.40 config.status: creating python/setup.py
#22 11.42 config.status: creating xml2-config
#22 11.44 config.status: creating config.h
#22 11.45 config.status: executing depfiles commands
#22 11.95 config.status: executing libtool commands
#22 11.96 Done configuring
#22 12.05 
#22 12.05 Now type 'make' to compile libxml2.
#22 12.05 ++ nproc
#22 12.05 + make -j128
#22 12.06 make  all-recursive
#22 12.06 make[1]: Entering directory '/src/libxml2'
#22 12.07 Making all in include
#22 12.07 make[2]: Entering directory '/src/libxml2/include'
#22 12.07 Making all in libxml
#22 12.08 make[3]: Entering directory '/src/libxml2/include/libxml'
#22 12.08 make[3]: Nothing to be done for 'all'.
#22 12.08 make[3]: Leaving directory '/src/libxml2/include/libxml'
#22 12.08 Making all in private
#22 12.08 make[3]: Entering directory '/src/libxml2/include/private'
#22 12.08 make[3]: Nothing to be done for 'all'.
#22 12.08 make[3]: Leaving directory '/src/libxml2/include/private'
#22 12.08 make[3]: Entering directory '/src/libxml2/include'
#22 12.08 make[3]: Nothing to be done for 'all-am'.
#22 12.08 make[3]: Leaving directory '/src/libxml2/include'
#22 12.08 make[2]: Leaving directory '/src/libxml2/include'
#22 12.08 Making all in .
#22 12.09 make[2]: Entering directory '/src/libxml2'
#22 12.09 /afl/afl-clang-fast -DHAVE_CONFIG_H -I.  -I./include -I./include -DSYSCONFDIR='"/usr/local/etc"'  -pedantic -Wall -Wextra -Wshadow -Wpointer-arith -Wcast-align -Wwrite-strings -Waggregate-return -Wstrict-prototypes -Wmissing-prototypes -Wnested-externs -Winline -Wno-long-long -Wno-format-extra-args  -DFUZZING_BUILD_MODE_UNSAFE_FOR_PRODUCTION -pthread -Wl,--no-as-needed -Wl,-ldl -Wl,-lm -Wno-unused-command-line-argument -O3 -MT xmllint-xmllint.o -MD -MP -MF .deps/xmllint-xmllint.Tpo -c -o xmllint-xmllint.o `test -f 'xmllint.c' || echo './'`xmllint.c
#22 12.09 /bin/bash ./libtool  --tag=CC   --mode=compile /afl/afl-clang-fast -DHAVE_CONFIG_H -I.  -I./include -I./include -DSYSCONFDIR='"/usr/local/etc"'  -pedantic -Wall -Wextra -Wshadow -Wpointer-arith -Wcast-align -Wwrite-strings -Waggregate-return -Wstrict-prototypes -Wmissing-prototypes -Wnested-externs -Winline -Wno-long-long -Wno-format-extra-args -D_REENTRANT   -DFUZZING_BUILD_MODE_UNSAFE_FOR_PRODUCTION -pthread -Wl,--no-as-needed -Wl,-ldl -Wl,-lm -Wno-unused-command-line-argument -O3 -MT libxml2_la-buf.lo -MD -MP -MF .deps/libxml2_la-buf.Tpo -c -o libxml2_la-buf.lo `test -f 'buf.c' || echo './'`buf.c
#22 12.09 /bin/bash ./libtool  --tag=CC   --mode=compile /afl/afl-clang-fast -DHAVE_CONFIG_H -I.  -I./include -I./include -DSYSCONFDIR='"/usr/local/etc"'  -pedantic -Wall -Wextra -Wshadow -Wpointer-arith -Wcast-align -Wwrite-strings -Waggregate-return -Wstrict-prototypes -Wmissing-prototypes -Wnested-externs -Winline -Wno-long-long -Wno-format-extra-args -D_REENTRANT   -DFUZZING_BUILD_MODE_UNSAFE_FOR_PRODUCTION -pthread -Wl,--no-as-needed -Wl,-ldl -Wl,-lm -Wno-unused-command-line-argument -O3 -MT libxml2_la-chvalid.lo -MD -MP -MF .deps/libxml2_la-chvalid.Tpo -c -o libxml2_la-chvalid.lo `test -f 'chvalid.c' || echo './'`chvalid.c
#22 12.09 /bin/bash ./libtool  --tag=CC   --mode=compile /afl/afl-clang-fast -DHAVE_CONFIG_H -I.  -I./include -I./include -DSYSCONFDIR='"/usr/local/etc"'  -pedantic -Wall -Wextra -Wshadow -Wpointer-arith -Wcast-align -Wwrite-strings -Waggregate-return -Wstrict-prototypes -Wmissing-prototypes -Wnested-externs -Winline -Wno-long-long -Wno-format-extra-args -D_REENTRANT   -DFUZZING_BUILD_MODE_UNSAFE_FOR_PRODUCTION -pthread -Wl,--no-as-needed -Wl,-ldl -Wl,-lm -Wno-unused-command-line-argument -O3 -MT libxml2_la-dict.lo -MD -MP -MF .deps/libxml2_la-dict.Tpo -c -o libxml2_la-dict.lo `test -f 'dict.c' || echo './'`dict.c
#22 12.09 /bin/bash ./libtool  --tag=CC   --mode=compile /afl/afl-clang-fast -DHAVE_CONFIG_H -I.  -I./include -I./include -DSYSCONFDIR='"/usr/local/etc"'  -pedantic -Wall -Wextra -Wshadow -Wpointer-arith -Wcast-align -Wwrite-strings -Waggregate-return -Wstrict-prototypes -Wmissing-prototypes -Wnested-externs -Winline -Wno-long-long -Wno-format-extra-args -D_REENTRANT   -DFUZZING_BUILD_MODE_UNSAFE_FOR_PRODUCTION -pthread -Wl,--no-as-needed -Wl,-ldl -Wl,-lm -Wno-unused-command-line-argument -O3 -MT libxml2_la-entities.lo -MD -MP -MF .deps/libxml2_la-entities.Tpo -c -o libxml2_la-entities.lo `test -f 'entities.c' || echo './'`entities.c
#22 12.09 /bin/bash ./libtool  --tag=CC   --mode=compile /afl/afl-clang-fast -DHAVE_CONFIG_H -I.  -I./include -I./include -DSYSCONFDIR='"/usr/local/etc"'  -pedantic -Wall -Wextra -Wshadow -Wpointer-arith -Wcast-align -Wwrite-strings -Waggregate-return -Wstrict-prototypes -Wmissing-prototypes -Wnested-externs -Winline -Wno-long-long -Wno-format-extra-args -D_REENTRANT   -DFUZZING_BUILD_MODE_UNSAFE_FOR_PRODUCTION -pthread -Wl,--no-as-needed -Wl,-ldl -Wl,-lm -Wno-unused-command-line-argument -O3 -MT libxml2_la-encoding.lo -MD -MP -MF .deps/libxml2_la-encoding.Tpo -c -o libxml2_la-encoding.lo `test -f 'encoding.c' || echo './'`encoding.c
#22 12.09 /bin/bash ./libtool  --tag=CC   --mode=compile /afl/afl-clang-fast -DHAVE_CONFIG_H -I.  -I./include -I./include -DSYSCONFDIR='"/usr/local/etc"'  -pedantic -Wall -Wextra -Wshadow -Wpointer-arith -Wcast-align -Wwrite-strings -Waggregate-return -Wstrict-prototypes -Wmissing-prototypes -Wnested-externs -Winline -Wno-long-long -Wno-format-extra-args -D_REENTRANT   -DFUZZING_BUILD_MODE_UNSAFE_FOR_PRODUCTION -pthread -Wl,--no-as-needed -Wl,-ldl -Wl,-lm -Wno-unused-command-line-argument -O3 -MT libxml2_la-error.lo -MD -MP -MF .deps/libxml2_la-error.Tpo -c -o libxml2_la-error.lo `test -f 'error.c' || echo './'`error.c
#22 12.09 /bin/bash ./libtool  --tag=CC   --mode=compile /afl/afl-clang-fast -DHAVE_CONFIG_H -I.  -I./include -I./include -DSYSCONFDIR='"/usr/local/etc"'  -pedantic -Wall -Wextra -Wshadow -Wpointer-arith -Wcast-align -Wwrite-strings -Waggregate-return -Wstrict-prototypes -Wmissing-prototypes -Wnested-externs -Winline -Wno-long-long -Wno-format-extra-args -D_REENTRANT   -DFUZZING_BUILD_MODE_UNSAFE_FOR_PRODUCTION -pthread -Wl,--no-as-needed -Wl,-ldl -Wl,-lm -Wno-unused-command-line-argument -O3 -MT libxml2_la-globals.lo -MD -MP -MF .deps/libxml2_la-globals.Tpo -c -o libxml2_la-globals.lo `test -f 'globals.c' || echo './'`globals.c
#22 12.09 /bin/bash ./libtool  --tag=CC   --mode=compile /afl/afl-clang-fast -DHAVE_CONFIG_H -I.  -I./include -I./include -DSYSCONFDIR='"/usr/local/etc"'  -pedantic -Wall -Wextra -Wshadow -Wpointer-arith -Wcast-align -Wwrite-strings -Waggregate-return -Wstrict-prototypes -Wmissing-prototypes -Wnested-externs -Winline -Wno-long-long -Wno-format-extra-args -D_REENTRANT   -DFUZZING_BUILD_MODE_UNSAFE_FOR_PRODUCTION -pthread -Wl,--no-as-needed -Wl,-ldl -Wl,-lm -Wno-unused-command-line-argument -O3 -MT libxml2_la-hash.lo -MD -MP -MF .deps/libxml2_la-hash.Tpo -c -o libxml2_la-hash.lo `test -f 'hash.c' || echo './'`hash.c
#22 12.09 /bin/bash ./libtool  --tag=CC   --mode=compile /afl/afl-clang-fast -DHAVE_CONFIG_H -I.  -I./include -I./include -DSYSCONFDIR='"/usr/local/etc"'  -pedantic -Wall -Wextra -Wshadow -Wpointer-arith -Wcast-align -Wwrite-strings -Waggregate-return -Wstrict-prototypes -Wmissing-prototypes -Wnested-externs -Winline -Wno-long-long -Wno-format-extra-args -D_REENTRANT   -DFUZZING_BUILD_MODE_UNSAFE_FOR_PRODUCTION -pthread -Wl,--no-as-needed -Wl,-ldl -Wl,-lm -Wno-unused-command-line-argument -O3 -MT libxml2_la-list.lo -MD -MP -MF .deps/libxml2_la-list.Tpo -c -o libxml2_la-list.lo `test -f 'list.c' || echo './'`list.c
#22 12.09 /bin/bash ./libtool  --tag=CC   --mode=compile /afl/afl-clang-fast -DHAVE_CONFIG_H -I.  -I./include -I./include -DSYSCONFDIR='"/usr/local/etc"'  -pedantic -Wall -Wextra -Wshadow -Wpointer-arith -Wcast-align -Wwrite-strings -Waggregate-return -Wstrict-prototypes -Wmissing-prototypes -Wnested-externs -Winline -Wno-long-long -Wno-format-extra-args -D_REENTRANT   -DFUZZING_BUILD_MODE_UNSAFE_FOR_PRODUCTION -pthread -Wl,--no-as-needed -Wl,-ldl -Wl,-lm -Wno-unused-command-line-argument -O3 -MT libxml2_la-parser.lo -MD -MP -MF .deps/libxml2_la-parser.Tpo -c -o libxml2_la-parser.lo `test -f 'parser.c' || echo './'`parser.c
#22 12.09 /bin/bash ./libtool  --tag=CC   --mode=compile /afl/afl-clang-fast -DHAVE_CONFIG_H -I.  -I./include -I./include -DSYSCONFDIR='"/usr/local/etc"'  -pedantic -Wall -Wextra -Wshadow -Wpointer-arith -Wcast-align -Wwrite-strings -Waggregate-return -Wstrict-prototypes -Wmissing-prototypes -Wnested-externs -Winline -Wno-long-long -Wno-format-extra-args -D_REENTRANT   -DFUZZING_BUILD_MODE_UNSAFE_FOR_PRODUCTION -pthread -Wl,--no-as-needed -Wl,-ldl -Wl,-lm -Wno-unused-command-line-argument -O3 -MT libxml2_la-parserInternals.lo -MD -MP -MF .deps/libxml2_la-parserInternals.Tpo -c -o libxml2_la-parserInternals.lo `test -f 'parserInternals.c' || echo './'`parserInternals.c
#22 12.09 /bin/bash ./libtool  --tag=CC   --mode=compile /afl/afl-clang-fast -DHAVE_CONFIG_H -I.  -I./include -I./include -DSYSCONFDIR='"/usr/local/etc"'  -pedantic -Wall -Wextra -Wshadow -Wpointer-arith -Wcast-align -Wwrite-strings -Waggregate-return -Wstrict-prototypes -Wmissing-prototypes -Wnested-externs -Winline -Wno-long-long -Wno-format-extra-args -D_REENTRANT   -DFUZZING_BUILD_MODE_UNSAFE_FOR_PRODUCTION -pthread -Wl,--no-as-needed -Wl,-ldl -Wl,-lm -Wno-unused-command-line-argument -O3 -MT libxml2_la-SAX2.lo -MD -MP -MF .deps/libxml2_la-SAX2.Tpo -c -o libxml2_la-SAX2.lo `test -f 'SAX2.c' || echo './'`SAX2.c
#22 12.09 /bin/bash ./libtool  --tag=CC   --mode=compile /afl/afl-clang-fast -DHAVE_CONFIG_H -I.  -I./include -I./include -DSYSCONFDIR='"/usr/local/etc"'  -pedantic -Wall -Wextra -Wshadow -Wpointer-arith -Wcast-align -Wwrite-strings -Waggregate-return -Wstrict-prototypes -Wmissing-prototypes -Wnested-externs -Winline -Wno-long-long -Wno-format-extra-args -D_REENTRANT   -DFUZZING_BUILD_MODE_UNSAFE_FOR_PRODUCTION -pthread -Wl,--no-as-needed -Wl,-ldl -Wl,-lm -Wno-unused-command-line-argument -O3 -MT libxml2_la-threads.lo -MD -MP -MF .deps/libxml2_la-threads.Tpo -c -o libxml2_la-threads.lo `test -f 'threads.c' || echo './'`threads.c
#22 12.09 /bin/bash ./libtool  --tag=CC   --mode=compile /afl/afl-clang-fast -DHAVE_CONFIG_H -I.  -I./include -I./include -DSYSCONFDIR='"/usr/local/etc"'  -pedantic -Wall -Wextra -Wshadow -Wpointer-arith -Wcast-align -Wwrite-strings -Waggregate-return -Wstrict-prototypes -Wmissing-prototypes -Wnested-externs -Winline -Wno-long-long -Wno-format-extra-args -D_REENTRANT   -DFUZZING_BUILD_MODE_UNSAFE_FOR_PRODUCTION -pthread -Wl,--no-as-needed -Wl,-ldl -Wl,-lm -Wno-unused-command-line-argument -O3 -MT libxml2_la-tree.lo -MD -MP -MF .deps/libxml2_la-tree.Tpo -c -o libxml2_la-tree.lo `test -f 'tree.c' || echo './'`tree.c
#22 12.09 /bin/bash ./libtool  --tag=CC   --mode=compile /afl/afl-clang-fast -DHAVE_CONFIG_H -I.  -I./include -I./include -DSYSCONFDIR='"/usr/local/etc"'  -pedantic -Wall -Wextra -Wshadow -Wpointer-arith -Wcast-align -Wwrite-strings -Waggregate-return -Wstrict-prototypes -Wmissing-prototypes -Wnested-externs -Winline -Wno-long-long -Wno-format-extra-args -D_REENTRANT   -DFUZZING_BUILD_MODE_UNSAFE_FOR_PRODUCTION -pthread -Wl,--no-as-needed -Wl,-ldl -Wl,-lm -Wno-unused-command-line-argument -O3 -MT libxml2_la-uri.lo -MD -MP -MF .deps/libxml2_la-uri.Tpo -c -o libxml2_la-uri.lo `test -f 'uri.c' || echo './'`uri.c
#22 12.09 /bin/bash ./libtool  --tag=CC   --mode=compile /afl/afl-clang-fast -DHAVE_CONFIG_H -I.  -I./include -I./include -DSYSCONFDIR='"/usr/local/etc"'  -pedantic -Wall -Wextra -Wshadow -Wpointer-arith -Wcast-align -Wwrite-strings -Waggregate-return -Wstrict-prototypes -Wmissing-prototypes -Wnested-externs -Winline -Wno-long-long -Wno-format-extra-args -D_REENTRANT   -DFUZZING_BUILD_MODE_UNSAFE_FOR_PRODUCTION -pthread -Wl,--no-as-needed -Wl,-ldl -Wl,-lm -Wno-unused-command-line-argument -O3 -MT libxml2_la-valid.lo -MD -MP -MF .deps/libxml2_la-valid.Tpo -c -o libxml2_la-valid.lo `test -f 'valid.c' || echo './'`valid.c
#22 12.09 /bin/bash ./libtool  --tag=CC   --mode=compile /afl/afl-clang-fast -DHAVE_CONFIG_H -I.  -I./include -I./include -DSYSCONFDIR='"/usr/local/etc"'  -pedantic -Wall -Wextra -Wshadow -Wpointer-arith -Wcast-align -Wwrite-strings -Waggregate-return -Wstrict-prototypes -Wmissing-prototypes -Wnested-externs -Winline -Wno-long-long -Wno-format-extra-args -D_REENTRANT   -DFUZZING_BUILD_MODE_UNSAFE_FOR_PRODUCTION -pthread -Wl,--no-as-needed -Wl,-ldl -Wl,-lm -Wno-unused-command-line-argument -O3 -MT libxml2_la-xmlIO.lo -MD -MP -MF .deps/libxml2_la-xmlIO.Tpo -c -o libxml2_la-xmlIO.lo `test -f 'xmlIO.c' || echo './'`xmlIO.c
#22 12.09 /bin/bash ./libtool  --tag=CC   --mode=compile /afl/afl-clang-fast -DHAVE_CONFIG_H -I.  -I./include -I./include -DSYSCONFDIR='"/usr/local/etc"'  -pedantic -Wall -Wextra -Wshadow -Wpointer-arith -Wcast-align -Wwrite-strings -Waggregate-return -Wstrict-prototypes -Wmissing-prototypes -Wnested-externs -Winline -Wno-long-long -Wno-format-extra-args -D_REENTRANT   -DFUZZING_BUILD_MODE_UNSAFE_FOR_PRODUCTION -pthread -Wl,--no-as-needed -Wl,-ldl -Wl,-lm -Wno-unused-command-line-argument -O3 -MT libxml2_la-xmlmemory.lo -MD -MP -MF .deps/libxml2_la-xmlmemory.Tpo -c -o libxml2_la-xmlmemory.lo `test -f 'xmlmemory.c' || echo './'`xmlmemory.c
#22 12.09 /bin/bash ./libtool  --tag=CC   --mode=compile /afl/afl-clang-fast -DHAVE_CONFIG_H -I.  -I./include -I./include -DSYSCONFDIR='"/usr/local/etc"'  -pedantic -Wall -Wextra -Wshadow -Wpointer-arith -Wcast-align -Wwrite-strings -Waggregate-return -Wstrict-prototypes -Wmissing-prototypes -Wnested-externs -Winline -Wno-long-long -Wno-format-extra-args -D_REENTRANT   -DFUZZING_BUILD_MODE_UNSAFE_FOR_PRODUCTION -pthread -Wl,--no-as-needed -Wl,-ldl -Wl,-lm -Wno-unused-command-line-argument -O3 -MT libxml2_la-xmlstring.lo -MD -MP -MF .deps/libxml2_la-xmlstring.Tpo -c -o libxml2_la-xmlstring.lo `test -f 'xmlstring.c' || echo './'`xmlstring.c
#22 12.09 /bin/bash ./libtool  --tag=CC   --mode=compile /afl/afl-clang-fast -DHAVE_CONFIG_H -I.  -I./include -I./include -DSYSCONFDIR='"/usr/local/etc"'  -pedantic -Wall -Wextra -Wshadow -Wpointer-arith -Wcast-align -Wwrite-strings -Waggregate-return -Wstrict-prototypes -Wmissing-prototypes -Wnested-externs -Winline -Wno-long-long -Wno-format-extra-args -D_REENTRANT   -DFUZZING_BUILD_MODE_UNSAFE_FOR_PRODUCTION -pthread -Wl,--no-as-needed -Wl,-ldl -Wl,-lm -Wno-unused-command-line-argument -O3 -MT libxml2_la-c14n.lo -MD -MP -MF .deps/libxml2_la-c14n.Tpo -c -o libxml2_la-c14n.lo `test -f 'c14n.c' || echo './'`c14n.c
#22 12.09 /bin/bash ./libtool  --tag=CC   --mode=compile /afl/afl-clang-fast -DHAVE_CONFIG_H -I.  -I./include -I./include -DSYSCONFDIR='"/usr/local/etc"'  -pedantic -Wall -Wextra -Wshadow -Wpointer-arith -Wcast-align -Wwrite-strings -Waggregate-return -Wstrict-prototypes -Wmissing-prototypes -Wnested-externs -Winline -Wno-long-long -Wno-format-extra-args -D_REENTRANT   -DFUZZING_BUILD_MODE_UNSAFE_FOR_PRODUCTION -pthread -Wl,--no-as-needed -Wl,-ldl -Wl,-lm -Wno-unused-command-line-argument -O3 -MT libxml2_la-catalog.lo -MD -MP -MF .deps/libxml2_la-catalog.Tpo -c -o libxml2_la-catalog.lo `test -f 'catalog.c' || echo './'`catalog.c
#22 12.09 /bin/bash ./libtool  --tag=CC   --mode=compile /afl/afl-clang-fast -DHAVE_CONFIG_H -I.  -I./include -I./include -DSYSCONFDIR='"/usr/local/etc"'  -pedantic -Wall -Wextra -Wshadow -Wpointer-arith -Wcast-align -Wwrite-strings -Waggregate-return -Wstrict-prototypes -Wmissing-prototypes -Wnested-externs -Winline -Wno-long-long -Wno-format-extra-args -D_REENTRANT   -DFUZZING_BUILD_MODE_UNSAFE_FOR_PRODUCTION -pthread -Wl,--no-as-needed -Wl,-ldl -Wl,-lm -Wno-unused-command-line-argument -O3 -MT libxml2_la-HTMLparser.lo -MD -MP -MF .deps/libxml2_la-HTMLparser.Tpo -c -o libxml2_la-HTMLparser.lo `test -f 'HTMLparser.c' || echo './'`HTMLparser.c
#22 12.09 /bin/bash ./libtool  --tag=CC   --mode=compile /afl/afl-clang-fast -DHAVE_CONFIG_H -I.  -I./include -I./include -DSYSCONFDIR='"/usr/local/etc"'  -pedantic -Wall -Wextra -Wshadow -Wpointer-arith -Wcast-align -Wwrite-strings -Waggregate-return -Wstrict-prototypes -Wmissing-prototypes -Wnested-externs -Winline -Wno-long-long -Wno-format-extra-args -D_REENTRANT   -DFUZZING_BUILD_MODE_UNSAFE_FOR_PRODUCTION -pthread -Wl,--no-as-needed -Wl,-ldl -Wl,-lm -Wno-unused-command-line-argument -O3 -MT libxml2_la-HTMLtree.lo -MD -MP -MF .deps/libxml2_la-HTMLtree.Tpo -c -o libxml2_la-HTMLtree.lo `test -f 'HTMLtree.c' || echo './'`HTMLtree.c
#22 12.09 /bin/bash ./libtool  --tag=CC   --mode=compile /afl/afl-clang-fast -DHAVE_CONFIG_H -I.  -I./include -I./include -DSYSCONFDIR='"/usr/local/etc"'  -pedantic -Wall -Wextra -Wshadow -Wpointer-arith -Wcast-align -Wwrite-strings -Waggregate-return -Wstrict-prototypes -Wmissing-prototypes -Wnested-externs -Winline -Wno-long-long -Wno-format-extra-args -D_REENTRANT   -DFUZZING_BUILD_MODE_UNSAFE_FOR_PRODUCTION -pthread -Wl,--no-as-needed -Wl,-ldl -Wl,-lm -Wno-unused-command-line-argument -O3 -MT libxml2_la-xzlib.lo -MD -MP -MF .deps/libxml2_la-xzlib.Tpo -c -o libxml2_la-xzlib.lo `test -f 'xzlib.c' || echo './'`xzlib.c
#22 12.09 /bin/bash ./libtool  --tag=CC   --mode=compile /afl/afl-clang-fast -DHAVE_CONFIG_H -I.  -I./include -I./include -DSYSCONFDIR='"/usr/local/etc"'  -pedantic -Wall -Wextra -Wshadow -Wpointer-arith -Wcast-align -Wwrite-strings -Waggregate-return -Wstrict-prototypes -Wmissing-prototypes -Wnested-externs -Winline -Wno-long-long -Wno-format-extra-args -D_REENTRANT   -DFUZZING_BUILD_MODE_UNSAFE_FOR_PRODUCTION -pthread -Wl,--no-as-needed -Wl,-ldl -Wl,-lm -Wno-unused-command-line-argument -O3 -MT libxml2_la-xmlmodule.lo -MD -MP -MF .deps/libxml2_la-xmlmodule.Tpo -c -o libxml2_la-xmlmodule.lo `test -f 'xmlmodule.c' || echo './'`xmlmodule.c
#22 12.10 /bin/bash ./libtool  --tag=CC   --mode=compile /afl/afl-clang-fast -DHAVE_CONFIG_H -I.  -I./include -I./include -DSYSCONFDIR='"/usr/local/etc"'  -pedantic -Wall -Wextra -Wshadow -Wpointer-arith -Wcast-align -Wwrite-strings -Waggregate-return -Wstrict-prototypes -Wmissing-prototypes -Wnested-externs -Winline -Wno-long-long -Wno-format-extra-args -D_REENTRANT   -DFUZZING_BUILD_MODE_UNSAFE_FOR_PRODUCTION -pthread -Wl,--no-as-needed -Wl,-ldl -Wl,-lm -Wno-unused-command-line-argument -O3 -MT libxml2_la-xmlsave.lo -MD -MP -MF .deps/libxml2_la-xmlsave.Tpo -c -o libxml2_la-xmlsave.lo `test -f 'xmlsave.c' || echo './'`xmlsave.c
#22 12.10 /bin/bash ./libtool  --tag=CC   --mode=compile /afl/afl-clang-fast -DHAVE_CONFIG_H -I.  -I./include -I./include -DSYSCONFDIR='"/usr/local/etc"'  -pedantic -Wall -Wextra -Wshadow -Wpointer-arith -Wcast-align -Wwrite-strings -Waggregate-return -Wstrict-prototypes -Wmissing-prototypes -Wnested-externs -Winline -Wno-long-long -Wno-format-extra-args -D_REENTRANT   -DFUZZING_BUILD_MODE_UNSAFE_FOR_PRODUCTION -pthread -Wl,--no-as-needed -Wl,-ldl -Wl,-lm -Wno-unused-command-line-argument -O3 -MT libxml2_la-pattern.lo -MD -MP -MF .deps/libxml2_la-pattern.Tpo -c -o libxml2_la-pattern.lo `test -f 'pattern.c' || echo './'`pattern.c
#22 12.10 /bin/bash ./libtool  --tag=CC   --mode=compile /afl/afl-clang-fast -DHAVE_CONFIG_H -I.  -I./include -I./include -DSYSCONFDIR='"/usr/local/etc"'  -pedantic -Wall -Wextra -Wshadow -Wpointer-arith -Wcast-align -Wwrite-strings -Waggregate-return -Wstrict-prototypes -Wmissing-prototypes -Wnested-externs -Winline -Wno-long-long -Wno-format-extra-args -D_REENTRANT   -DFUZZING_BUILD_MODE_UNSAFE_FOR_PRODUCTION -pthread -Wl,--no-as-needed -Wl,-ldl -Wl,-lm -Wno-unused-command-line-argument -O3 -MT libxml2_la-xmlreader.lo -MD -MP -MF .deps/libxml2_la-xmlreader.Tpo -c -o libxml2_la-xmlreader.lo `test -f 'xmlreader.c' || echo './'`xmlreader.c
#22 12.10 /bin/bash ./libtool  --tag=CC   --mode=compile /afl/afl-clang-fast -DHAVE_CONFIG_H -I.  -I./include -I./include -DSYSCONFDIR='"/usr/local/etc"'  -pedantic -Wall -Wextra -Wshadow -Wpointer-arith -Wcast-align -Wwrite-strings -Waggregate-return -Wstrict-prototypes -Wmissing-prototypes -Wnested-externs -Winline -Wno-long-long -Wno-format-extra-args -D_REENTRANT   -DFUZZING_BUILD_MODE_UNSAFE_FOR_PRODUCTION -pthread -Wl,--no-as-needed -Wl,-ldl -Wl,-lm -Wno-unused-command-line-argument -O3 -MT libxml2_la-xmlregexp.lo -MD -MP -MF .deps/libxml2_la-xmlregexp.Tpo -c -o libxml2_la-xmlregexp.lo `test -f 'xmlregexp.c' || echo './'`xmlregexp.c
#22 12.10 /bin/bash ./libtool  --tag=CC   --mode=compile /afl/afl-clang-fast -DHAVE_CONFIG_H -I.  -I./include -I./include -DSYSCONFDIR='"/usr/local/etc"'  -pedantic -Wall -Wextra -Wshadow -Wpointer-arith -Wcast-align -Wwrite-strings -Waggregate-return -Wstrict-prototypes -Wmissing-prototypes -Wnested-externs -Winline -Wno-long-long -Wno-format-extra-args -D_REENTRANT   -DFUZZING_BUILD_MODE_UNSAFE_FOR_PRODUCTION -pthread -Wl,--no-as-needed -Wl,-ldl -Wl,-lm -Wno-unused-command-line-argument -O3 -MT libxml2_la-xmlunicode.lo -MD -MP -MF .deps/libxml2_la-xmlunicode.Tpo -c -o libxml2_la-xmlunicode.lo `test -f 'xmlunicode.c' || echo './'`xmlunicode.c
#22 12.10 /bin/bash ./libtool  --tag=CC   --mode=compile /afl/afl-clang-fast -DHAVE_CONFIG_H -I.  -I./include -I./include -DSYSCONFDIR='"/usr/local/etc"'  -pedantic -Wall -Wextra -Wshadow -Wpointer-arith -Wcast-align -Wwrite-strings -Waggregate-return -Wstrict-prototypes -Wmissing-prototypes -Wnested-externs -Winline -Wno-long-long -Wno-format-extra-args -D_REENTRANT   -DFUZZING_BUILD_MODE_UNSAFE_FOR_PRODUCTION -pthread -Wl,--no-as-needed -Wl,-ldl -Wl,-lm -Wno-unused-command-line-argument -O3 -MT libxml2_la-relaxng.lo -MD -MP -MF .deps/libxml2_la-relaxng.Tpo -c -o libxml2_la-relaxng.lo `test -f 'relaxng.c' || echo './'`relaxng.c
#22 12.10 /bin/bash ./libtool  --tag=CC   --mode=compile /afl/afl-clang-fast -DHAVE_CONFIG_H -I.  -I./include -I./include -DSYSCONFDIR='"/usr/local/etc"'  -pedantic -Wall -Wextra -Wshadow -Wpointer-arith -Wcast-align -Wwrite-strings -Waggregate-return -Wstrict-prototypes -Wmissing-prototypes -Wnested-externs -Winline -Wno-long-long -Wno-format-extra-args -D_REENTRANT   -DFUZZING_BUILD_MODE_UNSAFE_FOR_PRODUCTION -pthread -Wl,--no-as-needed -Wl,-ldl -Wl,-lm -Wno-unused-command-line-argument -O3 -MT libxml2_la-xmlschemas.lo -MD -MP -MF .deps/libxml2_la-xmlschemas.Tpo -c -o libxml2_la-xmlschemas.lo `test -f 'xmlschemas.c' || echo './'`xmlschemas.c
#22 12.10 /bin/bash ./libtool  --tag=CC   --mode=compile /afl/afl-clang-fast -DHAVE_CONFIG_H -I.  -I./include -I./include -DSYSCONFDIR='"/usr/local/etc"'  -pedantic -Wall -Wextra -Wshadow -Wpointer-arith -Wcast-align -Wwrite-strings -Waggregate-return -Wstrict-prototypes -Wmissing-prototypes -Wnested-externs -Winline -Wno-long-long -Wno-format-extra-args -D_REENTRANT   -DFUZZING_BUILD_MODE_UNSAFE_FOR_PRODUCTION -pthread -Wl,--no-as-needed -Wl,-ldl -Wl,-lm -Wno-unused-command-line-argument -O3 -MT libxml2_la-xmlschemastypes.lo -MD -MP -MF .deps/libxml2_la-xmlschemastypes.Tpo -c -o libxml2_la-xmlschemastypes.lo `test -f 'xmlschemastypes.c' || echo './'`xmlschemastypes.c
#22 12.10 /bin/bash ./libtool  --tag=CC   --mode=compile /afl/afl-clang-fast -DHAVE_CONFIG_H -I.  -I./include -I./include -DSYSCONFDIR='"/usr/local/etc"'  -pedantic -Wall -Wextra -Wshadow -Wpointer-arith -Wcast-align -Wwrite-strings -Waggregate-return -Wstrict-prototypes -Wmissing-prototypes -Wnested-externs -Winline -Wno-long-long -Wno-format-extra-args -D_REENTRANT   -DFUZZING_BUILD_MODE_UNSAFE_FOR_PRODUCTION -pthread -Wl,--no-as-needed -Wl,-ldl -Wl,-lm -Wno-unused-command-line-argument -O3 -MT libxml2_la-schematron.lo -MD -MP -MF .deps/libxml2_la-schematron.Tpo -c -o libxml2_la-schematron.lo `test -f 'schematron.c' || echo './'`schematron.c
#22 12.10 /bin/bash ./libtool  --tag=CC   --mode=compile /afl/afl-clang-fast -DHAVE_CONFIG_H -I.  -I./include -I./include -DSYSCONFDIR='"/usr/local/etc"'  -pedantic -Wall -Wextra -Wshadow -Wpointer-arith -Wcast-align -Wwrite-strings -Waggregate-return -Wstrict-prototypes -Wmissing-prototypes -Wnested-externs -Winline -Wno-long-long -Wno-format-extra-args -D_REENTRANT   -DFUZZING_BUILD_MODE_UNSAFE_FOR_PRODUCTION -pthread -Wl,--no-as-needed -Wl,-ldl -Wl,-lm -Wno-unused-command-line-argument -O3 -MT libxml2_la-xmlwriter.lo -MD -MP -MF .deps/libxml2_la-xmlwriter.Tpo -c -o libxml2_la-xmlwriter.lo `test -f 'xmlwriter.c' || echo './'`xmlwriter.c
#22 12.10 /bin/bash ./libtool  --tag=CC   --mode=compile /afl/afl-clang-fast -DHAVE_CONFIG_H -I.  -I./include -I./include -DSYSCONFDIR='"/usr/local/etc"'  -pedantic -Wall -Wextra -Wshadow -Wpointer-arith -Wcast-align -Wwrite-strings -Waggregate-return -Wstrict-prototypes -Wmissing-prototypes -Wnested-externs -Winline -Wno-long-long -Wno-format-extra-args -D_REENTRANT   -DFUZZING_BUILD_MODE_UNSAFE_FOR_PRODUCTION -pthread -Wl,--no-as-needed -Wl,-ldl -Wl,-lm -Wno-unused-command-line-argument -O3 -MT libxml2_la-xinclude.lo -MD -MP -MF .deps/libxml2_la-xinclude.Tpo -c -o libxml2_la-xinclude.lo `test -f 'xinclude.c' || echo './'`xinclude.c
#22 12.10 /bin/bash ./libtool  --tag=CC   --mode=compile /afl/afl-clang-fast -DHAVE_CONFIG_H -I.  -I./include -I./include -DSYSCONFDIR='"/usr/local/etc"'  -pedantic -Wall -Wextra -Wshadow -Wpointer-arith -Wcast-align -Wwrite-strings -Waggregate-return -Wstrict-prototypes -Wmissing-prototypes -Wnested-externs -Winline -Wno-long-long -Wno-format-extra-args -D_REENTRANT   -DFUZZING_BUILD_MODE_UNSAFE_FOR_PRODUCTION -pthread -Wl,--no-as-needed -Wl,-ldl -Wl,-lm -Wno-unused-command-line-argument -O3 -MT libxml2_la-xpath.lo -MD -MP -MF .deps/libxml2_la-xpath.Tpo -c -o libxml2_la-xpath.lo `test -f 'xpath.c' || echo './'`xpath.c
#22 12.10 /bin/bash ./libtool  --tag=CC   --mode=compile /afl/afl-clang-fast -DHAVE_CONFIG_H -I.  -I./include -I./include -DSYSCONFDIR='"/usr/local/etc"'  -pedantic -Wall -Wextra -Wshadow -Wpointer-arith -Wcast-align -Wwrite-strings -Waggregate-return -Wstrict-prototypes -Wmissing-prototypes -Wnested-externs -Winline -Wno-long-long -Wno-format-extra-args -D_REENTRANT   -DFUZZING_BUILD_MODE_UNSAFE_FOR_PRODUCTION -pthread -Wl,--no-as-needed -Wl,-ldl -Wl,-lm -Wno-unused-command-line-argument -O3 -MT libxml2_la-xlink.lo -MD -MP -MF .deps/libxml2_la-xlink.Tpo -c -o libxml2_la-xlink.lo `test -f 'xlink.c' || echo './'`xlink.c
#22 12.10 /bin/bash ./libtool  --tag=CC   --mode=compile /afl/afl-clang-fast -DHAVE_CONFIG_H -I.  -I./include -I./include -DSYSCONFDIR='"/usr/local/etc"'  -pedantic -Wall -Wextra -Wshadow -Wpointer-arith -Wcast-align -Wwrite-strings -Waggregate-return -Wstrict-prototypes -Wmissing-prototypes -Wnested-externs -Winline -Wno-long-long -Wno-format-extra-args -D_REENTRANT   -DFUZZING_BUILD_MODE_UNSAFE_FOR_PRODUCTION -pthread -Wl,--no-as-needed -Wl,-ldl -Wl,-lm -Wno-unused-command-line-argument -O3 -MT libxml2_la-xpointer.lo -MD -MP -MF .deps/libxml2_la-xpointer.Tpo -c -o libxml2_la-xpointer.lo `test -f 'xpointer.c' || echo './'`xpointer.c
#22 12.10 /afl/afl-clang-fast -DHAVE_CONFIG_H -I.  -I./include -I./include -DSYSCONFDIR='"/usr/local/etc"'  -pedantic -Wall -Wextra -Wshadow -Wpointer-arith -Wcast-align -Wwrite-strings -Waggregate-return -Wstrict-prototypes -Wmissing-prototypes -Wnested-externs -Winline -Wno-long-long -Wno-format-extra-args -DFUZZING_BUILD_MODE_UNSAFE_FOR_PRODUCTION -pthread -Wl,--no-as-needed -Wl,-ldl -Wl,-lm -Wno-unused-command-line-argument -O3 -MT xmlcatalog.o -MD -MP -MF .deps/xmlcatalog.Tpo -c -o xmlcatalog.o xmlcatalog.c
#22 12.10 /bin/bash ./libtool  --tag=CC   --mode=compile /afl/afl-clang-fast -DHAVE_CONFIG_H -I.  -I./include -I./include -DSYSCONFDIR='"/usr/local/etc"'  -pedantic -Wall -Wextra -Wshadow -Wpointer-arith -Wcast-align -Wwrite-strings -Waggregate-return -Wstrict-prototypes -Wmissing-prototypes -Wnested-externs -Winline -Wno-long-long -Wno-format-extra-args -DFUZZING_BUILD_MODE_UNSAFE_FOR_PRODUCTION -pthread -Wl,--no-as-needed -Wl,-ldl -Wl,-lm -Wno-unused-command-line-argument -O3 -MT testdso.lo -MD -MP -MF .deps/testdso.Tpo -c -o testdso.lo testdso.c
#22 12.15 libtool: compile:  /afl/afl-clang-fast -DHAVE_CONFIG_H -I. -I./include -I./include -DSYSCONFDIR=\"/usr/local/etc\" -pedantic -Wall -Wextra -Wshadow -Wpointer-arith -Wcast-align -Wwrite-strings -Waggregate-return -Wstrict-prototypes -Wmissing-prototypes -Wnested-externs -Winline -Wno-long-long -Wno-format-extra-args -D_REENTRANT -DFUZZING_BUILD_MODE_UNSAFE_FOR_PRODUCTION -pthread -Wl,--no-as-needed -Wl,-ldl -Wl,-lm -Wno-unused-command-line-argument -O3 -MT libxml2_la-dict.lo -MD -MP -MF .deps/libxml2_la-dict.Tpo -c dict.c -o libxml2_la-dict.o
#22 12.15 libtool: compile:  /afl/afl-clang-fast -DHAVE_CONFIG_H -I. -I./include -I./include -DSYSCONFDIR=\"/usr/local/etc\" -pedantic -Wall -Wextra -Wshadow -Wpointer-arith -Wcast-align -Wwrite-strings -Waggregate-return -Wstrict-prototypes -Wmissing-prototypes -Wnested-externs -Winline -Wno-long-long -Wno-format-extra-args -D_REENTRANT -DFUZZING_BUILD_MODE_UNSAFE_FOR_PRODUCTION -pthread -Wl,--no-as-needed -Wl,-ldl -Wl,-lm -Wno-unused-command-line-argument -O3 -MT libxml2_la-chvalid.lo -MD -MP -MF .deps/libxml2_la-chvalid.Tpo -c chvalid.c -o libxml2_la-chvalid.o
#22 12.15 libtool: compile:  /afl/afl-clang-fast -DHAVE_CONFIG_H -I. -I./include -I./include -DSYSCONFDIR=\"/usr/local/etc\" -pedantic -Wall -Wextra -Wshadow -Wpointer-arith -Wcast-align -Wwrite-strings -Waggregate-return -Wstrict-prototypes -Wmissing-prototypes -Wnested-externs -Winline -Wno-long-long -Wno-format-extra-args -D_REENTRANT -DFUZZING_BUILD_MODE_UNSAFE_FOR_PRODUCTION -pthread -Wl,--no-as-needed -Wl,-ldl -Wl,-lm -Wno-unused-command-line-argument -O3 -MT libxml2_la-encoding.lo -MD -MP -MF .deps/libxml2_la-encoding.Tpo -c encoding.c -o libxml2_la-encoding.o
#22 12.15 libtool: compile:  /afl/afl-clang-fast -DHAVE_CONFIG_H -I. -I./include -I./include -DSYSCONFDIR=\"/usr/local/etc\" -pedantic -Wall -Wextra -Wshadow -Wpointer-arith -Wcast-align -Wwrite-strings -Waggregate-return -Wstrict-prototypes -Wmissing-prototypes -Wnested-externs -Winline -Wno-long-long -Wno-format-extra-args -D_REENTRANT -DFUZZING_BUILD_MODE_UNSAFE_FOR_PRODUCTION -pthread -Wl,--no-as-needed -Wl,-ldl -Wl,-lm -Wno-unused-command-line-argument -O3 -MT libxml2_la-entities.lo -MD -MP -MF .deps/libxml2_la-entities.Tpo -c entities.c -o libxml2_la-entities.o
#22 12.15 libtool: compile:  /afl/afl-clang-fast -DHAVE_CONFIG_H -I. -I./include -I./include -DSYSCONFDIR=\"/usr/local/etc\" -pedantic -Wall -Wextra -Wshadow -Wpointer-arith -Wcast-align -Wwrite-strings -Waggregate-return -Wstrict-prototypes -Wmissing-prototypes -Wnested-externs -Winline -Wno-long-long -Wno-format-extra-args -D_REENTRANT -DFUZZING_BUILD_MODE_UNSAFE_FOR_PRODUCTION -pthread -Wl,--no-as-needed -Wl,-ldl -Wl,-lm -Wno-unused-command-line-argument -O3 -MT libxml2_la-parser.lo -MD -MP -MF .deps/libxml2_la-parser.Tpo -c parser.c -o libxml2_la-parser.o
#22 12.15 libtool: compile:  /afl/afl-clang-fast -DHAVE_CONFIG_H -I. -I./include -I./include -DSYSCONFDIR=\"/usr/local/etc\" -pedantic -Wall -Wextra -Wshadow -Wpointer-arith -Wcast-align -Wwrite-strings -Waggregate-return -Wstrict-prototypes -Wmissing-prototypes -Wnested-externs -Winline -Wno-long-long -Wno-format-extra-args -D_REENTRANT -DFUZZING_BUILD_MODE_UNSAFE_FOR_PRODUCTION -pthread -Wl,--no-as-needed -Wl,-ldl -Wl,-lm -Wno-unused-command-line-argument -O3 -MT libxml2_la-buf.lo -MD -MP -MF .deps/libxml2_la-buf.Tpo -c buf.c -o libxml2_la-buf.o
#22 12.15 libtool: compile:  /afl/afl-clang-fast -DHAVE_CONFIG_H -I. -I./include -I./include -DSYSCONFDIR=\"/usr/local/etc\" -pedantic -Wall -Wextra -Wshadow -Wpointer-arith -Wcast-align -Wwrite-strings -Waggregate-return -Wstrict-prototypes -Wmissing-prototypes -Wnested-externs -Winline -Wno-long-long -Wno-format-extra-args -D_REENTRANT -DFUZZING_BUILD_MODE_UNSAFE_FOR_PRODUCTION -pthread -Wl,--no-as-needed -Wl,-ldl -Wl,-lm -Wno-unused-command-line-argument -O3 -MT libxml2_la-globals.lo -MD -MP -MF .deps/libxml2_la-globals.Tpo -c globals.c -o libxml2_la-globals.o
#22 12.15 libtool: compile:  /afl/afl-clang-fast -DHAVE_CONFIG_H -I. -I./include -I./include -DSYSCONFDIR=\"/usr/local/etc\" -pedantic -Wall -Wextra -Wshadow -Wpointer-arith -Wcast-align -Wwrite-strings -Waggregate-return -Wstrict-prototypes -Wmissing-prototypes -Wnested-externs -Winline -Wno-long-long -Wno-format-extra-args -D_REENTRANT -DFUZZING_BUILD_MODE_UNSAFE_FOR_PRODUCTION -pthread -Wl,--no-as-needed -Wl,-ldl -Wl,-lm -Wno-unused-command-line-argument -O3 -MT libxml2_la-error.lo -MD -MP -MF .deps/libxml2_la-error.Tpo -c error.c -o libxml2_la-error.o
#22 12.15 libtool: compile:  /afl/afl-clang-fast -DHAVE_CONFIG_H -I. -I./include -I./include -DSYSCONFDIR=\"/usr/local/etc\" -pedantic -Wall -Wextra -Wshadow -Wpointer-arith -Wcast-align -Wwrite-strings -Waggregate-return -Wstrict-prototypes -Wmissing-prototypes -Wnested-externs -Winline -Wno-long-long -Wno-format-extra-args -D_REENTRANT -DFUZZING_BUILD_MODE_UNSAFE_FOR_PRODUCTION -pthread -Wl,--no-as-needed -Wl,-ldl -Wl,-lm -Wno-unused-command-line-argument -O3 -MT libxml2_la-SAX2.lo -MD -MP -MF .deps/libxml2_la-SAX2.Tpo -c SAX2.c -o libxml2_la-SAX2.o
#22 12.15 libtool: compile:  /afl/afl-clang-fast -DHAVE_CONFIG_H -I. -I./include -I./include -DSYSCONFDIR=\"/usr/local/etc\" -pedantic -Wall -Wextra -Wshadow -Wpointer-arith -Wcast-align -Wwrite-strings -Waggregate-return -Wstrict-prototypes -Wmissing-prototypes -Wnested-externs -Winline -Wno-long-long -Wno-format-extra-args -D_REENTRANT -DFUZZING_BUILD_MODE_UNSAFE_FOR_PRODUCTION -pthread -Wl,--no-as-needed -Wl,-ldl -Wl,-lm -Wno-unused-command-line-argument -O3 -MT libxml2_la-threads.lo -MD -MP -MF .deps/libxml2_la-threads.Tpo -c threads.c -o libxml2_la-threads.o
#22 12.15 libtool: compile:  /afl/afl-clang-fast -DHAVE_CONFIG_H -I. -I./include -I./include -DSYSCONFDIR=\"/usr/local/etc\" -pedantic -Wall -Wextra -Wshadow -Wpointer-arith -Wcast-align -Wwrite-strings -Waggregate-return -Wstrict-prototypes -Wmissing-prototypes -Wnested-externs -Winline -Wno-long-long -Wno-format-extra-args -D_REENTRANT -DFUZZING_BUILD_MODE_UNSAFE_FOR_PRODUCTION -pthread -Wl,--no-as-needed -Wl,-ldl -Wl,-lm -Wno-unused-command-line-argument -O3 -MT libxml2_la-tree.lo -MD -MP -MF .deps/libxml2_la-tree.Tpo -c tree.c -o libxml2_la-tree.o
#22 12.15 libtool: compile:  /afl/afl-clang-fast -DHAVE_CONFIG_H -I. -I./include -I./include -DSYSCONFDIR=\"/usr/local/etc\" -pedantic -Wall -Wextra -Wshadow -Wpointer-arith -Wcast-align -Wwrite-strings -Waggregate-return -Wstrict-prototypes -Wmissing-prototypes -Wnested-externs -Winline -Wno-long-long -Wno-format-extra-args -D_REENTRANT -DFUZZING_BUILD_MODE_UNSAFE_FOR_PRODUCTION -pthread -Wl,--no-as-needed -Wl,-ldl -Wl,-lm -Wno-unused-command-line-argument -O3 -MT libxml2_la-xmlIO.lo -MD -MP -MF .deps/libxml2_la-xmlIO.Tpo -c xmlIO.c -o libxml2_la-xmlIO.o
#22 12.15 libtool: compile:  /afl/afl-clang-fast -DHAVE_CONFIG_H -I. -I./include -I./include -DSYSCONFDIR=\"/usr/local/etc\" -pedantic -Wall -Wextra -Wshadow -Wpointer-arith -Wcast-align -Wwrite-strings -Waggregate-return -Wstrict-prototypes -Wmissing-prototypes -Wnested-externs -Winline -Wno-long-long -Wno-format-extra-args -D_REENTRANT -DFUZZING_BUILD_MODE_UNSAFE_FOR_PRODUCTION -pthread -Wl,--no-as-needed -Wl,-ldl -Wl,-lm -Wno-unused-command-line-argument -O3 -MT libxml2_la-list.lo -MD -MP -MF .deps/libxml2_la-list.Tpo -c list.c -o libxml2_la-list.o
#22 12.15 libtool: compile:  /afl/afl-clang-fast -DHAVE_CONFIG_H -I. -I./include -I./include -DSYSCONFDIR=\"/usr/local/etc\" -pedantic -Wall -Wextra -Wshadow -Wpointer-arith -Wcast-align -Wwrite-strings -Waggregate-return -Wstrict-prototypes -Wmissing-prototypes -Wnested-externs -Winline -Wno-long-long -Wno-format-extra-args -D_REENTRANT -DFUZZING_BUILD_MODE_UNSAFE_FOR_PRODUCTION -pthread -Wl,--no-as-needed -Wl,-ldl -Wl,-lm -Wno-unused-command-line-argument -O3 -MT libxml2_la-parserInternals.lo -MD -MP -MF .deps/libxml2_la-parserInternals.Tpo -c parserInternals.c -o libxml2_la-parserInternals.o
#22 12.15 libtool: compile:  /afl/afl-clang-fast -DHAVE_CONFIG_H -I. -I./include -I./include -DSYSCONFDIR=\"/usr/local/etc\" -pedantic -Wall -Wextra -Wshadow -Wpointer-arith -Wcast-align -Wwrite-strings -Waggregate-return -Wstrict-prototypes -Wmissing-prototypes -Wnested-externs -Winline -Wno-long-long -Wno-format-extra-args -D_REENTRANT -DFUZZING_BUILD_MODE_UNSAFE_FOR_PRODUCTION -pthread -Wl,--no-as-needed -Wl,-ldl -Wl,-lm -Wno-unused-command-line-argument -O3 -MT libxml2_la-c14n.lo -MD -MP -MF .deps/libxml2_la-c14n.Tpo -c c14n.c -o libxml2_la-c14n.o
#22 12.15 libtool: compile:  /afl/afl-clang-fast -DHAVE_CONFIG_H -I. -I./include -I./include -DSYSCONFDIR=\"/usr/local/etc\" -pedantic -Wall -Wextra -Wshadow -Wpointer-arith -Wcast-align -Wwrite-strings -Waggregate-return -Wstrict-prototypes -Wmissing-prototypes -Wnested-externs -Winline -Wno-long-long -Wno-format-extra-args -D_REENTRANT -DFUZZING_BUILD_MODE_UNSAFE_FOR_PRODUCTION -pthread -Wl,--no-as-needed -Wl,-ldl -Wl,-lm -Wno-unused-command-line-argument -O3 -MT libxml2_la-uri.lo -MD -MP -MF .deps/libxml2_la-uri.Tpo -c uri.c -o libxml2_la-uri.o
#22 12.16 libtool: compile:  /afl/afl-clang-fast -DHAVE_CONFIG_H -I. -I./include -I./include -DSYSCONFDIR=\"/usr/local/etc\" -pedantic -Wall -Wextra -Wshadow -Wpointer-arith -Wcast-align -Wwrite-strings -Waggregate-return -Wstrict-prototypes -Wmissing-prototypes -Wnested-externs -Winline -Wno-long-long -Wno-format-extra-args -D_REENTRANT -DFUZZING_BUILD_MODE_UNSAFE_FOR_PRODUCTION -pthread -Wl,--no-as-needed -Wl,-ldl -Wl,-lm -Wno-unused-command-line-argument -O3 -MT libxml2_la-valid.lo -MD -MP -MF .deps/libxml2_la-valid.Tpo -c valid.c -o libxml2_la-valid.o
#22 12.16 libtool: compile:  /afl/afl-clang-fast -DHAVE_CONFIG_H -I. -I./include -I./include -DSYSCONFDIR=\"/usr/local/etc\" -pedantic -Wall -Wextra -Wshadow -Wpointer-arith -Wcast-align -Wwrite-strings -Waggregate-return -Wstrict-prototypes -Wmissing-prototypes -Wnested-externs -Winline -Wno-long-long -Wno-format-extra-args -D_REENTRANT -DFUZZING_BUILD_MODE_UNSAFE_FOR_PRODUCTION -pthread -Wl,--no-as-needed -Wl,-ldl -Wl,-lm -Wno-unused-command-line-argument -O3 -MT libxml2_la-HTMLparser.lo -MD -MP -MF .deps/libxml2_la-HTMLparser.Tpo -c HTMLparser.c -o libxml2_la-HTMLparser.o
#22 12.16 libtool: compile:  /afl/afl-clang-fast -DHAVE_CONFIG_H -I. -I./include -I./include -DSYSCONFDIR=\"/usr/local/etc\" -pedantic -Wall -Wextra -Wshadow -Wpointer-arith -Wcast-align -Wwrite-strings -Waggregate-return -Wstrict-prototypes -Wmissing-prototypes -Wnested-externs -Winline -Wno-long-long -Wno-format-extra-args -D_REENTRANT -DFUZZING_BUILD_MODE_UNSAFE_FOR_PRODUCTION -pthread -Wl,--no-as-needed -Wl,-ldl -Wl,-lm -Wno-unused-command-line-argument -O3 -MT libxml2_la-xmlmemory.lo -MD -MP -MF .deps/libxml2_la-xmlmemory.Tpo -c xmlmemory.c -o libxml2_la-xmlmemory.o
#22 12.16 libtool: compile:  /afl/afl-clang-fast -DHAVE_CONFIG_H -I. -I./include -I./include -DSYSCONFDIR=\"/usr/local/etc\" -pedantic -Wall -Wextra -Wshadow -Wpointer-arith -Wcast-align -Wwrite-strings -Waggregate-return -Wstrict-prototypes -Wmissing-prototypes -Wnested-externs -Winline -Wno-long-long -Wno-format-extra-args -D_REENTRANT -DFUZZING_BUILD_MODE_UNSAFE_FOR_PRODUCTION -pthread -Wl,--no-as-needed -Wl,-ldl -Wl,-lm -Wno-unused-command-line-argument -O3 -MT libxml2_la-xmlregexp.lo -MD -MP -MF .deps/libxml2_la-xmlregexp.Tpo -c xmlregexp.c -o libxml2_la-xmlregexp.o
#22 12.16 libtool: compile:  /afl/afl-clang-fast -DHAVE_CONFIG_H -I. -I./include -I./include -DSYSCONFDIR=\"/usr/local/etc\" -pedantic -Wall -Wextra -Wshadow -Wpointer-arith -Wcast-align -Wwrite-strings -Waggregate-return -Wstrict-prototypes -Wmissing-prototypes -Wnested-externs -Winline -Wno-long-long -Wno-format-extra-args -D_REENTRANT -DFUZZING_BUILD_MODE_UNSAFE_FOR_PRODUCTION -pthread -Wl,--no-as-needed -Wl,-ldl -Wl,-lm -Wno-unused-command-line-argument -O3 -MT libxml2_la-xmlmodule.lo -MD -MP -MF .deps/libxml2_la-xmlmodule.Tpo -c xmlmodule.c -o libxml2_la-xmlmodule.o
#22 12.16 libtool: compile:  /afl/afl-clang-fast -DHAVE_CONFIG_H -I. -I./include -I./include -DSYSCONFDIR=\"/usr/local/etc\" -pedantic -Wall -Wextra -Wshadow -Wpointer-arith -Wcast-align -Wwrite-strings -Waggregate-return -Wstrict-prototypes -Wmissing-prototypes -Wnested-externs -Winline -Wno-long-long -Wno-format-extra-args -D_REENTRANT -DFUZZING_BUILD_MODE_UNSAFE_FOR_PRODUCTION -pthread -Wl,--no-as-needed -Wl,-ldl -Wl,-lm -Wno-unused-command-line-argument -O3 -MT libxml2_la-pattern.lo -MD -MP -MF .deps/libxml2_la-pattern.Tpo -c pattern.c -o libxml2_la-pattern.o
#22 12.16 libtool: compile:  /afl/afl-clang-fast -DHAVE_CONFIG_H -I. -I./include -I./include -DSYSCONFDIR=\"/usr/local/etc\" -pedantic -Wall -Wextra -Wshadow -Wpointer-arith -Wcast-align -Wwrite-strings -Waggregate-return -Wstrict-prototypes -Wmissing-prototypes -Wnested-externs -Winline -Wno-long-long -Wno-format-extra-args -D_REENTRANT -DFUZZING_BUILD_MODE_UNSAFE_FOR_PRODUCTION -pthread -Wl,--no-as-needed -Wl,-ldl -Wl,-lm -Wno-unused-command-line-argument -O3 -MT libxml2_la-catalog.lo -MD -MP -MF .deps/libxml2_la-catalog.Tpo -c catalog.c -o libxml2_la-catalog.o
#22 12.16 libtool: compile:  /afl/afl-clang-fast -DHAVE_CONFIG_H -I. -I./include -I./include -DSYSCONFDIR=\"/usr/local/etc\" -pedantic -Wall -Wextra -Wshadow -Wpointer-arith -Wcast-align -Wwrite-strings -Waggregate-return -Wstrict-prototypes -Wmissing-prototypes -Wnested-externs -Winline -Wno-long-long -Wno-format-extra-args -D_REENTRANT -DFUZZING_BUILD_MODE_UNSAFE_FOR_PRODUCTION -pthread -Wl,--no-as-needed -Wl,-ldl -Wl,-lm -Wno-unused-command-line-argument -O3 -MT libxml2_la-xmlreader.lo -MD -MP -MF .deps/libxml2_la-xmlreader.Tpo -c xmlreader.c -o libxml2_la-xmlreader.o
#22 12.16 libtool: compile:  /afl/afl-clang-fast -DHAVE_CONFIG_H -I. -I./include -I./include -DSYSCONFDIR=\"/usr/local/etc\" -pedantic -Wall -Wextra -Wshadow -Wpointer-arith -Wcast-align -Wwrite-strings -Waggregate-return -Wstrict-prototypes -Wmissing-prototypes -Wnested-externs -Winline -Wno-long-long -Wno-format-extra-args -D_REENTRANT -DFUZZING_BUILD_MODE_UNSAFE_FOR_PRODUCTION -pthread -Wl,--no-as-needed -Wl,-ldl -Wl,-lm -Wno-unused-command-line-argument -O3 -MT libxml2_la-HTMLtree.lo -MD -MP -MF .deps/libxml2_la-HTMLtree.Tpo -c HTMLtree.c -o libxml2_la-HTMLtree.o
#22 12.16 libtool: compile:  /afl/afl-clang-fast -DHAVE_CONFIG_H -I. -I./include -I./include -DSYSCONFDIR=\"/usr/local/etc\" -pedantic -Wall -Wextra -Wshadow -Wpointer-arith -Wcast-align -Wwrite-strings -Waggregate-return -Wstrict-prototypes -Wmissing-prototypes -Wnested-externs -Winline -Wno-long-long -Wno-format-extra-args -D_REENTRANT -DFUZZING_BUILD_MODE_UNSAFE_FOR_PRODUCTION -pthread -Wl,--no-as-needed -Wl,-ldl -Wl,-lm -Wno-unused-command-line-argument -O3 -MT libxml2_la-hash.lo -MD -MP -MF .deps/libxml2_la-hash.Tpo -c hash.c -o libxml2_la-hash.o
#22 12.16 libtool: compile:  /afl/afl-clang-fast -DHAVE_CONFIG_H -I. -I./include -I./include -DSYSCONFDIR=\"/usr/local/etc\" -pedantic -Wall -Wextra -Wshadow -Wpointer-arith -Wcast-align -Wwrite-strings -Waggregate-return -Wstrict-prototypes -Wmissing-prototypes -Wnested-externs -Winline -Wno-long-long -Wno-format-extra-args -D_REENTRANT -DFUZZING_BUILD_MODE_UNSAFE_FOR_PRODUCTION -pthread -Wl,--no-as-needed -Wl,-ldl -Wl,-lm -Wno-unused-command-line-argument -O3 -MT libxml2_la-xmlstring.lo -MD -MP -MF .deps/libxml2_la-xmlstring.Tpo -c xmlstring.c -o libxml2_la-xmlstring.o
#22 12.16 libtool: compile:  /afl/afl-clang-fast -DHAVE_CONFIG_H -I. -I./include -I./include -DSYSCONFDIR=\"/usr/local/etc\" -pedantic -Wall -Wextra -Wshadow -Wpointer-arith -Wcast-align -Wwrite-strings -Waggregate-return -Wstrict-prototypes -Wmissing-prototypes -Wnested-externs -Winline -Wno-long-long -Wno-format-extra-args -D_REENTRANT -DFUZZING_BUILD_MODE_UNSAFE_FOR_PRODUCTION -pthread -Wl,--no-as-needed -Wl,-ldl -Wl,-lm -Wno-unused-command-line-argument -O3 -MT libxml2_la-xmlschemastypes.lo -MD -MP -MF .deps/libxml2_la-xmlschemastypes.Tpo -c xmlschemastypes.c -o libxml2_la-xmlschemastypes.o
#22 12.16 libtool: compile:  /afl/afl-clang-fast -DHAVE_CONFIG_H -I. -I./include -I./include -DSYSCONFDIR=\"/usr/local/etc\" -pedantic -Wall -Wextra -Wshadow -Wpointer-arith -Wcast-align -Wwrite-strings -Waggregate-return -Wstrict-prototypes -Wmissing-prototypes -Wnested-externs -Winline -Wno-long-long -Wno-format-extra-args -D_REENTRANT -DFUZZING_BUILD_MODE_UNSAFE_FOR_PRODUCTION -pthread -Wl,--no-as-needed -Wl,-ldl -Wl,-lm -Wno-unused-command-line-argument -O3 -MT libxml2_la-schematron.lo -MD -MP -MF .deps/libxml2_la-schematron.Tpo -c schematron.c -o libxml2_la-schematron.o
#22 12.16 libtool: compile:  /afl/afl-clang-fast -DHAVE_CONFIG_H -I. -I./include -I./include -DSYSCONFDIR=\"/usr/local/etc\" -pedantic -Wall -Wextra -Wshadow -Wpointer-arith -Wcast-align -Wwrite-strings -Waggregate-return -Wstrict-prototypes -Wmissing-prototypes -Wnested-externs -Winline -Wno-long-long -Wno-format-extra-args -D_REENTRANT -DFUZZING_BUILD_MODE_UNSAFE_FOR_PRODUCTION -pthread -Wl,--no-as-needed -Wl,-ldl -Wl,-lm -Wno-unused-command-line-argument -O3 -MT libxml2_la-xmlsave.lo -MD -MP -MF .deps/libxml2_la-xmlsave.Tpo -c xmlsave.c -o libxml2_la-xmlsave.o
#22 12.16 libtool: compile:  /afl/afl-clang-fast -DHAVE_CONFIG_H -I. -I./include -I./include -DSYSCONFDIR=\"/usr/local/etc\" -pedantic -Wall -Wextra -Wshadow -Wpointer-arith -Wcast-align -Wwrite-strings -Waggregate-return -Wstrict-prototypes -Wmissing-prototypes -Wnested-externs -Winline -Wno-long-long -Wno-format-extra-args -D_REENTRANT -DFUZZING_BUILD_MODE_UNSAFE_FOR_PRODUCTION -pthread -Wl,--no-as-needed -Wl,-ldl -Wl,-lm -Wno-unused-command-line-argument -O3 -MT libxml2_la-xmlunicode.lo -MD -MP -MF .deps/libxml2_la-xmlunicode.Tpo -c xmlunicode.c -o libxml2_la-xmlunicode.o
#22 12.16 libtool: compile:  /afl/afl-clang-fast -DHAVE_CONFIG_H -I. -I./include -I./include -DSYSCONFDIR=\"/usr/local/etc\" -pedantic -Wall -Wextra -Wshadow -Wpointer-arith -Wcast-align -Wwrite-strings -Waggregate-return -Wstrict-prototypes -Wmissing-prototypes -Wnested-externs -Winline -Wno-long-long -Wno-format-extra-args -D_REENTRANT -DFUZZING_BUILD_MODE_UNSAFE_FOR_PRODUCTION -pthread -Wl,--no-as-needed -Wl,-ldl -Wl,-lm -Wno-unused-command-line-argument -O3 -MT libxml2_la-xzlib.lo -MD -MP -MF .deps/libxml2_la-xzlib.Tpo -c xzlib.c -o libxml2_la-xzlib.o
#22 12.16 libtool: compile:  /afl/afl-clang-fast -DHAVE_CONFIG_H -I. -I./include -I./include -DSYSCONFDIR=\"/usr/local/etc\" -pedantic -Wall -Wextra -Wshadow -Wpointer-arith -Wcast-align -Wwrite-strings -Waggregate-return -Wstrict-prototypes -Wmissing-prototypes -Wnested-externs -Winline -Wno-long-long -Wno-format-extra-args -D_REENTRANT -DFUZZING_BUILD_MODE_UNSAFE_FOR_PRODUCTION -pthread -Wl,--no-as-needed -Wl,-ldl -Wl,-lm -Wno-unused-command-line-argument -O3 -MT libxml2_la-xlink.lo -MD -MP -MF .deps/libxml2_la-xlink.Tpo -c xlink.c -o libxml2_la-xlink.o
#22 12.16 libtool: compile:  /afl/afl-clang-fast -DHAVE_CONFIG_H -I. -I./include -I./include -DSYSCONFDIR=\"/usr/local/etc\" -pedantic -Wall -Wextra -Wshadow -Wpointer-arith -Wcast-align -Wwrite-strings -Waggregate-return -Wstrict-prototypes -Wmissing-prototypes -Wnested-externs -Winline -Wno-long-long -Wno-format-extra-args -D_REENTRANT -DFUZZING_BUILD_MODE_UNSAFE_FOR_PRODUCTION -pthread -Wl,--no-as-needed -Wl,-ldl -Wl,-lm -Wno-unused-command-line-argument -O3 -MT libxml2_la-xpath.lo -MD -MP -MF .deps/libxml2_la-xpath.Tpo -c xpath.c -o libxml2_la-xpath.o
#22 12.16 libtool: compile:  /afl/afl-clang-fast -DHAVE_CONFIG_H -I. -I./include -I./include -DSYSCONFDIR=\"/usr/local/etc\" -pedantic -Wall -Wextra -Wshadow -Wpointer-arith -Wcast-align -Wwrite-strings -Waggregate-return -Wstrict-prototypes -Wmissing-prototypes -Wnested-externs -Winline -Wno-long-long -Wno-format-extra-args -D_REENTRANT -DFUZZING_BUILD_MODE_UNSAFE_FOR_PRODUCTION -pthread -Wl,--no-as-needed -Wl,-ldl -Wl,-lm -Wno-unused-command-line-argument -O3 -MT libxml2_la-xmlwriter.lo -MD -MP -MF .deps/libxml2_la-xmlwriter.Tpo -c xmlwriter.c -o libxml2_la-xmlwriter.o
#22 12.16 libtool: compile:  /afl/afl-clang-fast -DHAVE_CONFIG_H -I. -I./include -I./include -DSYSCONFDIR=\"/usr/local/etc\" -pedantic -Wall -Wextra -Wshadow -Wpointer-arith -Wcast-align -Wwrite-strings -Waggregate-return -Wstrict-prototypes -Wmissing-prototypes -Wnested-externs -Winline -Wno-long-long -Wno-format-extra-args -D_REENTRANT -DFUZZING_BUILD_MODE_UNSAFE_FOR_PRODUCTION -pthread -Wl,--no-as-needed -Wl,-ldl -Wl,-lm -Wno-unused-command-line-argument -O3 -MT libxml2_la-xmlschemas.lo -MD -MP -MF .deps/libxml2_la-xmlschemas.Tpo -c xmlschemas.c -o libxml2_la-xmlschemas.o
#22 12.16 libtool: compile:  /afl/afl-clang-fast -DHAVE_CONFIG_H -I. -I./include -I./include -DSYSCONFDIR=\"/usr/local/etc\" -pedantic -Wall -Wextra -Wshadow -Wpointer-arith -Wcast-align -Wwrite-strings -Waggregate-return -Wstrict-prototypes -Wmissing-prototypes -Wnested-externs -Winline -Wno-long-long -Wno-format-extra-args -D_REENTRANT -DFUZZING_BUILD_MODE_UNSAFE_FOR_PRODUCTION -pthread -Wl,--no-as-needed -Wl,-ldl -Wl,-lm -Wno-unused-command-line-argument -O3 -MT libxml2_la-relaxng.lo -MD -MP -MF .deps/libxml2_la-relaxng.Tpo -c relaxng.c -o libxml2_la-relaxng.o
#22 12.16 libtool: compile:  /afl/afl-clang-fast -DHAVE_CONFIG_H -I. -I./include -I./include -DSYSCONFDIR=\"/usr/local/etc\" -pedantic -Wall -Wextra -Wshadow -Wpointer-arith -Wcast-align -Wwrite-strings -Waggregate-return -Wstrict-prototypes -Wmissing-prototypes -Wnested-externs -Winline -Wno-long-long -Wno-format-extra-args -DFUZZING_BUILD_MODE_UNSAFE_FOR_PRODUCTION -pthread -Wl,--no-as-needed -Wl,-ldl -Wl,-lm -Wno-unused-command-line-argument -O3 -MT testdso.lo -MD -MP -MF .deps/testdso.Tpo -c testdso.c -o testdso.o
#22 12.16 libtool: compile:  /afl/afl-clang-fast -DHAVE_CONFIG_H -I. -I./include -I./include -DSYSCONFDIR=\"/usr/local/etc\" -pedantic -Wall -Wextra -Wshadow -Wpointer-arith -Wcast-align -Wwrite-strings -Waggregate-return -Wstrict-prototypes -Wmissing-prototypes -Wnested-externs -Winline -Wno-long-long -Wno-format-extra-args -D_REENTRANT -DFUZZING_BUILD_MODE_UNSAFE_FOR_PRODUCTION -pthread -Wl,--no-as-needed -Wl,-ldl -Wl,-lm -Wno-unused-command-line-argument -O3 -MT libxml2_la-xpointer.lo -MD -MP -MF .deps/libxml2_la-xpointer.Tpo -c xpointer.c -o libxml2_la-xpointer.o
#22 12.16 libtool: compile:  /afl/afl-clang-fast -DHAVE_CONFIG_H -I. -I./include -I./include -DSYSCONFDIR=\"/usr/local/etc\" -pedantic -Wall -Wextra -Wshadow -Wpointer-arith -Wcast-align -Wwrite-strings -Waggregate-return -Wstrict-prototypes -Wmissing-prototypes -Wnested-externs -Winline -Wno-long-long -Wno-format-extra-args -D_REENTRANT -DFUZZING_BUILD_MODE_UNSAFE_FOR_PRODUCTION -pthread -Wl,--no-as-needed -Wl,-ldl -Wl,-lm -Wno-unused-command-line-argument -O3 -MT libxml2_la-xinclude.lo -MD -MP -MF .deps/libxml2_la-xinclude.Tpo -c xinclude.c -o libxml2_la-xinclude.o
#22 12.19 encoding.c:509:26: warning: cast from 'const unsigned char *' to 'unsigned short *' increases required alignment from 1 to 2 [-Wcast-align]
#22 12.19     unsigned short* in = (unsigned short*) inb;
#22 12.19                          ^~~~~~~~~~~~~~~~~~~~~
#22 12.19 encoding.c:596:27: warning: cast from 'unsigned char *' to 'unsigned short *' increases required alignment from 1 to 2 [-Wcast-align]
#22 12.19     unsigned short* out = (unsigned short*) outb;
#22 12.19                           ^~~~~~~~~~~~~~~~~~~~~~
#22 12.19 mv -f .deps/testdso.Tpo .deps/testdso.Plo
#22 12.19 encoding.c:752:26: warning: cast from 'const unsigned char *' to 'unsigned short *' increases required alignment from 1 to 2 [-Wcast-align]
#22 12.19     unsigned short* in = (unsigned short*) inb;
#22 12.19                          ^~~~~~~~~~~~~~~~~~~~~
#22 12.19 encoding.c:839:27: warning: cast from 'unsigned char *' to 'unsigned short *' increases required alignment from 1 to 2 [-Wcast-align]
#22 12.19     unsigned short* out = (unsigned short*) outb;
#22 12.19                           ^~~~~~~~~~~~~~~~~~~~~~
#22 12.20 /bin/bash ./libtool  --tag=CC   --mode=link /afl/afl-clang-fast -pedantic -Wall -Wextra -Wshadow -Wpointer-arith -Wcast-align -Wwrite-strings -Waggregate-return -Wstrict-prototypes -Wmissing-prototypes -Wnested-externs -Winline -Wno-long-long -Wno-format-extra-args -DFUZZING_BUILD_MODE_UNSAFE_FOR_PRODUCTION -pthread -Wl,--no-as-needed -Wl,-ldl -Wl,-lm -Wno-unused-command-line-argument -O3  -module -no-undefined -avoid-version -rpath /usr/local/lib  -o testdso.la  testdso.lo  
#22 12.20 WARNING: dlopen() detected. To have coverage for a library that your target dlopen()'s this must either happen before __AFL_INIT() or you must use AFL_PRELOAD to preload all dlopen()'ed libraries!
#22 12.22 mv -f .deps/libxml2_la-xlink.Tpo .deps/libxml2_la-xlink.Plo
#22 12.22 mv -f .deps/libxml2_la-chvalid.Tpo .deps/libxml2_la-chvalid.Plo
#22 12.22 mv -f .deps/libxml2_la-xmlmodule.Tpo .deps/libxml2_la-xmlmodule.Plo
#22 12.25 mv -f .deps/libxml2_la-threads.Tpo .deps/libxml2_la-threads.Plo
#22 12.28 mv -f .deps/libxml2_la-globals.Tpo .deps/libxml2_la-globals.Plo
#22 12.29 libtool: link: ar cr .libs/testdso.a  testdso.o
#22 12.29 libtool: link: ranlib .libs/testdso.a
#22 12.30 mv -f .deps/libxml2_la-xmlmemory.Tpo .deps/libxml2_la-xmlmemory.Plo
#22 12.31 libtool: link: ( cd ".libs" && rm -f "testdso.la" && ln -s "../testdso.la" "testdso.la" )
#22 12.33 mv -f .deps/xmlcatalog.Tpo .deps/xmlcatalog.Po
#22 12.33 mv -f .deps/libxml2_la-xpointer.Tpo .deps/libxml2_la-xpointer.Plo
#22 12.34 mv -f .deps/libxml2_la-list.Tpo .deps/libxml2_la-list.Plo
#22 12.39 mv -f .deps/libxml2_la-xmlunicode.Tpo .deps/libxml2_la-xmlunicode.Plo
#22 12.39 mv -f .deps/libxml2_la-entities.Tpo .deps/libxml2_la-entities.Plo
#22 12.41 mv -f .deps/libxml2_la-HTMLtree.Tpo .deps/libxml2_la-HTMLtree.Plo
#22 12.41 mv -f .deps/libxml2_la-buf.Tpo .deps/libxml2_la-buf.Plo
#22 12.43 mv -f .deps/libxml2_la-xmlstring.Tpo .deps/libxml2_la-xmlstring.Plo
#22 12.44 mv -f .deps/libxml2_la-xzlib.Tpo .deps/libxml2_la-xzlib.Plo
#22 12.47 mv -f .deps/libxml2_la-error.Tpo .deps/libxml2_la-error.Plo
#22 12.52 mv -f .deps/libxml2_la-hash.Tpo .deps/libxml2_la-hash.Plo
#22 12.52 mv -f .deps/libxml2_la-dict.Tpo .deps/libxml2_la-dict.Plo
#22 12.55 mv -f .deps/libxml2_la-parserInternals.Tpo .deps/libxml2_la-parserInternals.Plo
#22 12.58 mv -f .deps/libxml2_la-c14n.Tpo .deps/libxml2_la-c14n.Plo
#22 12.62 mv -f .deps/libxml2_la-xmlIO.Tpo .deps/libxml2_la-xmlIO.Plo
#22 12.63 4 warnings generated.
#22 12.64 mv -f .deps/libxml2_la-encoding.Tpo .deps/libxml2_la-encoding.Plo
#22 12.66 mv -f .deps/libxml2_la-schematron.Tpo .deps/libxml2_la-schematron.Plo
#22 12.72 mv -f .deps/libxml2_la-xmlsave.Tpo .deps/libxml2_la-xmlsave.Plo
#22 12.72 mv -f .deps/libxml2_la-xinclude.Tpo .deps/libxml2_la-xinclude.Plo
#22 12.76 mv -f .deps/libxml2_la-SAX2.Tpo .deps/libxml2_la-SAX2.Plo
#22 12.87 mv -f .deps/libxml2_la-xmlwriter.Tpo .deps/libxml2_la-xmlwriter.Plo
#22 12.87 mv -f .deps/libxml2_la-pattern.Tpo .deps/libxml2_la-pattern.Plo
#22 12.92 mv -f .deps/libxml2_la-catalog.Tpo .deps/libxml2_la-catalog.Plo
#22 12.95 mv -f .deps/xmllint-xmllint.Tpo .deps/xmllint-xmllint.Po
#22 12.97 mv -f .deps/libxml2_la-uri.Tpo .deps/libxml2_la-uri.Plo
#22 13.09 mv -f .deps/libxml2_la-xmlreader.Tpo .deps/libxml2_la-xmlreader.Plo
#22 13.47 mv -f .deps/libxml2_la-valid.Tpo .deps/libxml2_la-valid.Plo
#22 13.63 mv -f .deps/libxml2_la-xmlregexp.Tpo .deps/libxml2_la-xmlregexp.Plo
#22 14.04 mv -f .deps/libxml2_la-HTMLparser.Tpo .deps/libxml2_la-HTMLparser.Plo
#22 14.27 mv -f .deps/libxml2_la-xmlschemastypes.Tpo .deps/libxml2_la-xmlschemastypes.Plo
#22 14.28 mv -f .deps/libxml2_la-tree.Tpo .deps/libxml2_la-tree.Plo
#22 15.18 mv -f .deps/libxml2_la-relaxng.Tpo .deps/libxml2_la-relaxng.Plo
#22 15.36 mv -f .deps/libxml2_la-xpath.Tpo .deps/libxml2_la-xpath.Plo
#22 16.11 mv -f .deps/libxml2_la-parser.Tpo .deps/libxml2_la-parser.Plo
#22 19.14 mv -f .deps/libxml2_la-xmlschemas.Tpo .deps/libxml2_la-xmlschemas.Plo
#22 19.14 /bin/bash ./libtool  --tag=CC   --mode=link /afl/afl-clang-fast -pedantic -Wall -Wextra -Wshadow -Wpointer-arith -Wcast-align -Wwrite-strings -Waggregate-return -Wstrict-prototypes -Wmissing-prototypes -Wnested-externs -Winline -Wno-long-long -Wno-format-extra-args -D_REENTRANT   -DFUZZING_BUILD_MODE_UNSAFE_FOR_PRODUCTION -pthread -Wl,--no-as-needed -Wl,-ldl -Wl,-lm -Wno-unused-command-line-argument -O3  -no-undefined -version-info 13:0:11  -Wl,--version-script=./libxml2.syms  -o libxml2.la -rpath /usr/local/lib libxml2_la-buf.lo libxml2_la-chvalid.lo libxml2_la-dict.lo libxml2_la-entities.lo libxml2_la-encoding.lo libxml2_la-error.lo libxml2_la-globals.lo libxml2_la-hash.lo libxml2_la-list.lo libxml2_la-parser.lo libxml2_la-parserInternals.lo libxml2_la-SAX2.lo libxml2_la-threads.lo libxml2_la-tree.lo libxml2_la-uri.lo libxml2_la-valid.lo libxml2_la-xmlIO.lo libxml2_la-xmlmemory.lo libxml2_la-xmlstring.lo libxml2_la-c14n.lo libxml2_la-catalog.lo   libxml2_la-HTMLparser.lo libxml2_la-HTMLtree.lo    libxml2_la-xzlib.lo libxml2_la-xmlmodule.lo libxml2_la-xmlsave.lo libxml2_la-pattern.lo libxml2_la-xmlreader.lo libxml2_la-xmlregexp.lo libxml2_la-xmlunicode.lo libxml2_la-relaxng.lo libxml2_la-xmlschemas.lo libxml2_la-xmlschemastypes.lo  libxml2_la-schematron.lo  libxml2_la-xmlwriter.lo libxml2_la-xinclude.lo libxml2_la-xpath.lo libxml2_la-xlink.lo libxml2_la-xpointer.lo -lz -llzma    -lm  
#22 19.25 libtool: link: ar cr .libs/libxml2.a  libxml2_la-buf.o libxml2_la-chvalid.o libxml2_la-dict.o libxml2_la-entities.o libxml2_la-encoding.o libxml2_la-error.o libxml2_la-globals.o libxml2_la-hash.o libxml2_la-list.o libxml2_la-parser.o libxml2_la-parserInternals.o libxml2_la-SAX2.o libxml2_la-threads.o libxml2_la-tree.o libxml2_la-uri.o libxml2_la-valid.o libxml2_la-xmlIO.o libxml2_la-xmlmemory.o libxml2_la-xmlstring.o libxml2_la-c14n.o libxml2_la-catalog.o libxml2_la-HTMLparser.o libxml2_la-HTMLtree.o libxml2_la-xzlib.o libxml2_la-xmlmodule.o libxml2_la-xmlsave.o libxml2_la-pattern.o libxml2_la-xmlreader.o libxml2_la-xmlregexp.o libxml2_la-xmlunicode.o libxml2_la-relaxng.o libxml2_la-xmlschemas.o libxml2_la-xmlschemastypes.o libxml2_la-schematron.o libxml2_la-xmlwriter.o libxml2_la-xinclude.o libxml2_la-xpath.o libxml2_la-xlink.o libxml2_la-xpointer.o
#22 19.31 libtool: link: ranlib .libs/libxml2.a
#22 19.36 libtool: link: ( cd ".libs" && rm -f "libxml2.la" && ln -s "../libxml2.la" "libxml2.la" )
#22 19.37 /bin/bash ./libtool  --tag=CC   --mode=link /afl/afl-clang-fast -pedantic -Wall -Wextra -Wshadow -Wpointer-arith -Wcast-align -Wwrite-strings -Waggregate-return -Wstrict-prototypes -Wmissing-prototypes -Wnested-externs -Winline -Wno-long-long -Wno-format-extra-args  -DFUZZING_BUILD_MODE_UNSAFE_FOR_PRODUCTION -pthread -Wl,--no-as-needed -Wl,-ldl -Wl,-lm -Wno-unused-command-line-argument -O3   -o xmllint xmllint-xmllint.o  ./libxml2.la 
#22 19.37 /bin/bash ./libtool  --tag=CC   --mode=link /afl/afl-clang-fast -pedantic -Wall -Wextra -Wshadow -Wpointer-arith -Wcast-align -Wwrite-strings -Waggregate-return -Wstrict-prototypes -Wmissing-prototypes -Wnested-externs -Winline -Wno-long-long -Wno-format-extra-args -DFUZZING_BUILD_MODE_UNSAFE_FOR_PRODUCTION -pthread -Wl,--no-as-needed -Wl,-ldl -Wl,-lm -Wno-unused-command-line-argument -O3   -o xmlcatalog xmlcatalog.o  ./libxml2.la 
#22 19.46 libtool: link: /afl/afl-clang-fast -pedantic -Wall -Wextra -Wshadow -Wpointer-arith -Wcast-align -Wwrite-strings -Waggregate-return -Wstrict-prototypes -Wmissing-prototypes -Wnested-externs -Winline -Wno-long-long -Wno-format-extra-args -DFUZZING_BUILD_MODE_UNSAFE_FOR_PRODUCTION -pthread -Wl,--no-as-needed -Wl,-ldl -Wl,-lm -Wno-unused-command-line-argument -O3 -o xmlcatalog xmlcatalog.o  ./.libs/libxml2.a -lz -llzma -lm -pthread
#22 19.46 libtool: link: /afl/afl-clang-fast -pedantic -Wall -Wextra -Wshadow -Wpointer-arith -Wcast-align -Wwrite-strings -Waggregate-return -Wstrict-prototypes -Wmissing-prototypes -Wnested-externs -Winline -Wno-long-long -Wno-format-extra-args -DFUZZING_BUILD_MODE_UNSAFE_FOR_PRODUCTION -pthread -Wl,--no-as-needed -Wl,-ldl -Wl,-lm -Wno-unused-command-line-argument -O3 -o xmllint xmllint-xmllint.o  ./.libs/libxml2.a -lz -llzma -lm -pthread
#22 19.61 make[2]: Leaving directory '/src/libxml2'
#22 19.61 Making all in doc
#22 19.61 make[2]: Entering directory '/src/libxml2/doc'
#22 19.62 Making all in .
#22 19.62 make[3]: Entering directory '/src/libxml2/doc'
#22 19.62 make[3]: Nothing to be done for 'all-am'.
#22 19.62 make[3]: Leaving directory '/src/libxml2/doc'
#22 19.62 Making all in devhelp
#22 19.63 make[3]: Entering directory '/src/libxml2/doc/devhelp'
#22 19.63 make[3]: Nothing to be done for 'all'.
#22 19.63 make[3]: Leaving directory '/src/libxml2/doc/devhelp'
#22 19.63 Making all in examples
#22 19.63 make[3]: Entering directory '/src/libxml2/doc/examples'
#22 19.63 make[3]: Nothing to be done for 'all'.
#22 19.63 make[3]: Leaving directory '/src/libxml2/doc/examples'
#22 19.63 make[2]: Leaving directory '/src/libxml2/doc'
#22 19.63 Making all in example
#22 19.63 make[2]: Entering directory '/src/libxml2/example'
#22 19.63 make[2]: Nothing to be done for 'all'.
#22 19.63 make[2]: Leaving directory '/src/libxml2/example'
#22 19.63 Making all in xstc
#22 19.63 make[2]: Entering directory '/src/libxml2/xstc'
#22 19.63 make[2]: Nothing to be done for 'all'.
#22 19.63 make[2]: Leaving directory '/src/libxml2/xstc'
#22 19.63 Making all in fuzz
#22 19.64 make[2]: Entering directory '/src/libxml2/fuzz'
#22 19.64 make[2]: Nothing to be done for 'all'.
#22 19.64 make[2]: Leaving directory '/src/libxml2/fuzz'
#22 19.64 make[1]: Leaving directory '/src/libxml2'
#22 19.64 + cd fuzz
#22 19.64 + make clean-corpus
#22 19.64 rm -rf seed
#22 19.64 + make fuzz.o
#22 19.65 /afl/afl-clang-fast -DHAVE_CONFIG_H -I. -I..  -I../include -I../include  -pedantic -Wall -Wextra -Wshadow -Wpointer-arith -Wcast-align -Wwrite-strings -Waggregate-return -Wstrict-prototypes -Wmissing-prototypes -Wnested-externs -Winline -Wno-long-long -Wno-format-extra-args -DFUZZING_BUILD_MODE_UNSAFE_FOR_PRODUCTION -pthread -Wl,--no-as-needed -Wl,-ldl -Wl,-lm -Wno-unused-command-line-argument -O3 -MT fuzz.o -MD -MP -MF .deps/fuzz.Tpo -c -o fuzz.o fuzz.c
#22 19.75 mv -f .deps/fuzz.Tpo .deps/fuzz.Po
#22 19.75 + make xml.o
#22 19.75 /afl/afl-clang-fast -DHAVE_CONFIG_H -I. -I..  -I../include -I../include  -pedantic -Wall -Wextra -Wshadow -Wpointer-arith -Wcast-align -Wwrite-strings -Waggregate-return -Wstrict-prototypes -Wmissing-prototypes -Wnested-externs -Winline -Wno-long-long -Wno-format-extra-args -DFUZZING_BUILD_MODE_UNSAFE_FOR_PRODUCTION -pthread -Wl,--no-as-needed -Wl,-ldl -Wl,-lm -Wno-unused-command-line-argument -O3 -MT xml.o -MD -MP -MF .deps/xml.Tpo -c -o xml.o xml.c
#22 19.81 mv -f .deps/xml.Tpo .deps/xml.Po
#22 19.81 + /afl/afl-clang-fast++ -DFUZZING_BUILD_MODE_UNSAFE_FOR_PRODUCTION -pthread -Wl,--no-as-needed -Wl,-ldl -Wl,-lm -Wno-unused-command-line-argument -stdlib=libc++ -O3 xml.o fuzz.o -o /out/xml /libAFLDriver.a ../.libs/libxml2.a -Wl,-Bstatic -lz -llzma -Wl,-Bdynamic
#22 19.96 + '[' -e seed/xml ']'
#22 19.96 + make seed/xml.stamp
#22 19.97 /afl/afl-clang-fast -DHAVE_CONFIG_H -I. -I..  -I../include -I../include  -pedantic -Wall -Wextra -Wshadow -Wpointer-arith -Wcast-align -Wwrite-strings -Waggregate-return -Wstrict-prototypes -Wmissing-prototypes -Wnested-externs -Winline -Wno-long-long -Wno-format-extra-args -DFUZZING_BUILD_MODE_UNSAFE_FOR_PRODUCTION -pthread -Wl,--no-as-needed -Wl,-ldl -Wl,-lm -Wno-unused-command-line-argument -O3 -MT genSeed.o -MD -MP -MF .deps/genSeed.Tpo -c -o genSeed.o genSeed.c
#22 20.09 mv -f .deps/genSeed.Tpo .deps/genSeed.Po
#22 20.11 /bin/bash ../libtool  --tag=CC   --mode=link /afl/afl-clang-fast -pedantic -Wall -Wextra -Wshadow -Wpointer-arith -Wcast-align -Wwrite-strings -Waggregate-return -Wstrict-prototypes -Wmissing-prototypes -Wnested-externs -Winline -Wno-long-long -Wno-format-extra-args -DFUZZING_BUILD_MODE_UNSAFE_FOR_PRODUCTION -pthread -Wl,--no-as-needed -Wl,-ldl -Wl,-lm -Wno-unused-command-line-argument -O3   -o genSeed genSeed.o fuzz.o ../libxml2.la 
#22 20.20 libtool: link: /afl/afl-clang-fast -pedantic -Wall -Wextra -Wshadow -Wpointer-arith -Wcast-align -Wwrite-strings -Waggregate-return -Wstrict-prototypes -Wmissing-prototypes -Wnested-externs -Winline -Wno-long-long -Wno-format-extra-args -DFUZZING_BUILD_MODE_UNSAFE_FOR_PRODUCTION -pthread -Wl,--no-as-needed -Wl,-ldl -Wl,-lm -Wno-unused-command-line-argument -O3 -o genSeed genSeed.o fuzz.o  ../.libs/libxml2.a -lz -llzma -lm -pthread
#22 20.34 ./genSeed xml '../test/*' '../test/errors/*.xml' '../test/errors10/*.xml' '../test/namespaces/*' '../test/recurse/*.xml' '../test/SVG/*.xml' '../test/valid/*.xml' '../test/VC/*' '../test/VCM/*' '../test/xmlid/*'
#22 23.11 + zip -j /out/xml_seed_corpus.zip seed/xml/127772.xml seed/xml/21.xml seed/xml/4rects.xml seed/xml/694228.xml seed/xml/737840.xml seed/xml/754946.xml seed/xml/754947.xml seed/xml/758588.xml seed/xml/759020.xml seed/xml/759398.xml seed/xml/759573-2.xml seed/xml/759573.xml seed/xml/759579.xml seed/xml/766956.xml seed/xml/781205.xml seed/xml/781333.xml seed/xml/781361.xml seed/xml/AttributeDefaultLegal seed/xml/AttributeNmtokens seed/xml/AttributeNmtokens.xml seed/xml/DuplicateType seed/xml/ElementValid seed/xml/ElementValid2 seed/xml/ElementValid3 seed/xml/ElementValid4 seed/xml/ElementValid5 seed/xml/ElementValid6 seed/xml/ElementValid7 seed/xml/ElementValid8 seed/xml/Enumeration seed/xml/NS1 seed/xml/NS2 seed/xml/NS3 seed/xml/OneID seed/xml/OneID2 seed/xml/OneID3 seed/xml/PENesting seed/xml/PENesting2 seed/xml/REC-xml-19980210.xml seed/xml/UTF16Entity.xml seed/xml/UniqueElementTypeDeclaration seed/xml/UniqueElementTypeDeclaration2 seed/xml/a-valid.xml seed/xml/a-wf.xml seed/xml/att1 seed/xml/att10 seed/xml/att11 seed/xml/att2 seed/xml/att3 seed/xml/att4 seed/xml/att5 seed/xml/att6 seed/xml/att7 seed/xml/att8 seed/xml/att9 seed/xml/attr1.xml seed/xml/attr2.xml seed/xml/attr3.xml seed/xml/attr4.xml seed/xml/attrib.xml seed/xml/badcomment.xml seed/xml/bigentname.xml seed/xml/bigname.xml seed/xml/bigname2.xml seed/xml/bike.xml seed/xml/boundaries1.xml seed/xml/cdata seed/xml/cdata-2-byte-UTF-8.xml seed/xml/cdata-3-byte-UTF-8.xml seed/xml/cdata-4-byte-UTF-8.xml seed/xml/cdata.xml seed/xml/cdata2 seed/xml/charref1.xml seed/xml/circle.xml seed/xml/comment.xml seed/xml/comment1.xml seed/xml/comment2.xml seed/xml/comment3.xml seed/xml/comment4.xml seed/xml/comment5.xml seed/xml/comment6.xml seed/xml/cond_sect1.xml seed/xml/cond_sect2.xml seed/xml/content1.xml seed/xml/dav1 seed/xml/dav10 seed/xml/dav11 seed/xml/dav12 seed/xml/dav13 seed/xml/dav15 seed/xml/dav16 seed/xml/dav17 seed/xml/dav18 seed/xml/dav19 seed/xml/dav2 seed/xml/dav3 seed/xml/dav4 seed/xml/dav5 seed/xml/dav6 seed/xml/dav7 seed/xml/dav8 seed/xml/dav9 seed/xml/defattr.xml seed/xml/defattr2.xml seed/xml/defs.xml seed/xml/desc.xml seed/xml/dia.xml seed/xml/dia1 seed/xml/dia2 seed/xml/dtd1 seed/xml/dtd10 seed/xml/dtd11 seed/xml/dtd12 seed/xml/dtd13 seed/xml/dtd2 seed/xml/dtd3 seed/xml/dtd4 seed/xml/dtd5 seed/xml/dtd6 seed/xml/dtd7 seed/xml/dtd8 seed/xml/dtd9 seed/xml/ebcdic_566012.xml seed/xml/ellipse.xml seed/xml/emptycdata.xml seed/xml/ent1 seed/xml/ent10 seed/xml/ent11 seed/xml/ent12 seed/xml/ent13 seed/xml/ent2 seed/xml/ent3 seed/xml/ent4 seed/xml/ent5 seed/xml/ent6 seed/xml/ent6hex seed/xml/ent7 seed/xml/ent8 seed/xml/ent9 seed/xml/ent_738805.xml seed/xml/ent_redecl.xml seed/xml/err_0.xml seed/xml/err_1.xml seed/xml/err_10.xml seed/xml/err_11.xml seed/xml/err_2.xml seed/xml/err_3.xml seed/xml/err_4.xml seed/xml/err_5.xml seed/xml/err_6.xml seed/xml/err_7.xml seed/xml/err_8.xml seed/xml/err_9.xml seed/xml/eve.xml seed/xml/extparsedent.xml seed/xml/flower2.xml seed/xml/good.xml seed/xml/good_attr.xml seed/xml/gradient.xml seed/xml/group01.xml seed/xml/group02.xml seed/xml/group03.xml seed/xml/huge_dtd.xml seed/xml/icu_parse_test.xml seed/xml/id1.xml seed/xml/id2.xml seed/xml/id3.xml seed/xml/id_err1.xml seed/xml/id_err2.xml seed/xml/id_tst1.xml seed/xml/id_tst2.xml seed/xml/id_tst3.xml seed/xml/id_tst4.xml seed/xml/image-valid.xml seed/xml/image-wf.xml seed/xml/index.xml seed/xml/intsubset.xml seed/xml/intsubset2.xml seed/xml/isolat1 seed/xml/isolat2 seed/xml/isolat3 seed/xml/issue151.xml seed/xml/japancrlf.xml seed/xml/lin-gradient.xml seed/xml/lol_classic.xml seed/xml/lol_eg.xml seed/xml/lol_ep.xml seed/xml/lol_ig_attr.xml seed/xml/lol_ig_content.xml seed/xml/lol_ip_content.xml seed/xml/lol_ip_value.xml seed/xml/lol_long_name.xml seed/xml/lol_long_value.xml seed/xml/lol_param.xml seed/xml/marker.xml seed/xml/mask.xml seed/xml/mathswitch.xml seed/xml/mixed_ns.xml seed/xml/name.xml seed/xml/name2.xml seed/xml/notes.xml seed/xml/ns seed/xml/ns.xml seed/xml/ns2 seed/xml/ns2.xml seed/xml/ns3 seed/xml/ns4 seed/xml/ns5 seed/xml/ns6 seed/xml/ns7 seed/xml/nsclean.xml seed/xml/objednavka.xml seed/xml/p3p seed/xml/parentns.xml seed/xml/path01.xml seed/xml/path02.xml seed/xml/patternfill.xml seed/xml/pe-test.xml seed/xml/pi.xml seed/xml/pi2.xml seed/xml/polyline.xml seed/xml/private.xml seed/xml/rad-gradient.xml seed/xml/rdf1 seed/xml/rdf2 seed/xml/rec_att_default.xml seed/xml/rec_ext_ent.xml seed/xml/rectangle.xml seed/xml/richdesc.xml seed/xml/rss.xml seed/xml/script.xml seed/xml/slashdot.rdf seed/xml/slashdot.xml seed/xml/slashdot16.xml seed/xml/structure01.xml seed/xml/style.xml seed/xml/svg1 seed/xml/svg2 seed/xml/svg3 seed/xml/switch.xml seed/xml/symbol-use.xml seed/xml/t10.xml seed/xml/t11.xml seed/xml/t4.xml seed/xml/t4a.xml seed/xml/t6.xml seed/xml/t8.xml seed/xml/t8a.xml seed/xml/t9.xml seed/xml/t9a.xml seed/xml/template.xml seed/xml/text-4-byte-UTF-16-BE-offset.xml seed/xml/text-4-byte-UTF-16-BE.xml seed/xml/text-4-byte-UTF-16-LE-offset.xml seed/xml/text-4-byte-UTF-16-LE.xml seed/xml/text01.xml seed/xml/text02.xml seed/xml/text03.xml seed/xml/title.xml seed/xml/toap01.xml seed/xml/toap02.xml seed/xml/transform.xml seed/xml/trivial.xml seed/xml/tstblanks.xml seed/xml/twin-gradients.xml seed/xml/utf16bebom.xml seed/xml/utf16bom.xml seed/xml/utf16lebom.xml seed/xml/utf8-1.xml seed/xml/utf8-2.xml seed/xml/utf8bom.xml seed/xml/v-template.xml seed/xml/v1.xml seed/xml/v10.xml seed/xml/v11.xml seed/xml/v12.xml seed/xml/v13.xml seed/xml/v14.xml seed/xml/v15.xml seed/xml/v16.xml seed/xml/v17.xml seed/xml/v18.xml seed/xml/v19.xml seed/xml/v2.xml seed/xml/v20.xml seed/xml/v21.xml seed/xml/v22.xml seed/xml/v23.xml seed/xml/v24.xml seed/xml/v3.xml seed/xml/v4.xml seed/xml/v5.xml seed/xml/v6.xml seed/xml/v7.xml seed/xml/v8.xml seed/xml/v9.xml seed/xml/viewport-nest.xml seed/xml/viewport-transform.xml seed/xml/viewport.xml seed/xml/wap.xml seed/xml/wf-template.xml seed/xml/winblanks.xml seed/xml/wml.xml seed/xml/xhtml1 seed/xml/xhtmlcomp seed/xml/xlink.xml seed/xml/xml1 seed/xml/xml2
#22 23.12   adding: 127772.xml (deflated 33%)
#22 23.12   adding: 21.xml (deflated 40%)
#22 23.12   adding: 4rects.xml (deflated 37%)
#22 23.12   adding: 694228.xml (deflated 29%)
#22 23.12   adding: 737840.xml (deflated 27%)
#22 23.12   adding: 754946.xml (deflated 24%)
#22 23.12   adding: 754947.xml (deflated 19%)
#22 23.12   adding: 758588.xml (deflated 99%)
#22 23.12   adding: 759020.xml (deflated 98%)
#22 23.12   adding: 759398.xml (deflated 67%)
#22 23.12   adding: 759573-2.xml (deflated 34%)
#22 23.12   adding: 759573.xml (deflated 16%)
#22 23.12   adding: 759579.xml (deflated 74%)
#22 23.12   adding: 766956.xml (deflated 20%)
#22 23.12   adding: 781205.xml (deflated 2%)
#22 23.12   adding: 781333.xml (deflated 99%)
#22 23.12   adding: 781361.xml (deflated 13%)
#22 23.12   adding: AttributeDefaultLegal (deflated 46%)
#22 23.12   adding: AttributeNmtokens (deflated 15%)
#22 23.12   adding: AttributeNmtokens.xml (deflated 38%)
#22 23.12   adding: DuplicateType (deflated 12%)
#22 23.12   adding: ElementValid (stored 0%)
#22 23.12   adding: ElementValid2 (deflated 8%)
#22 23.12   adding: ElementValid3 (deflated 13%)
#22 23.12   adding: ElementValid4 (deflated 29%)
#22 23.12   adding: ElementValid5 (deflated 27%)
#22 23.12   adding: ElementValid6 (deflated 28%)
#22 23.12   adding: ElementValid7 (deflated 33%)
#22 23.12   adding: ElementValid8 (deflated 28%)
#22 23.12   adding: Enumeration (deflated 14%)
#22 23.12   adding: NS1 (deflated 40%)
#22 23.12   adding: NS2 (deflated 36%)
#22 23.12   adding: NS3 (deflated 37%)
#22 23.12   adding: OneID (deflated 29%)
#22 23.12   adding: OneID2 (deflated 29%)
#22 23.12   adding: OneID3 (deflated 28%)
#22 23.12   adding: PENesting (deflated 18%)
#22 23.12   adding: PENesting2 (deflated 18%)
#22 23.12   adding: REC-xml-19980210.xml (deflated 73%)
#22 23.13   adding: UTF16Entity.xml (deflated 39%)
#22 23.13   adding: UniqueElementTypeDeclaration (deflated 36%)
#22 23.13   adding: UniqueElementTypeDeclaration2 (deflated 36%)
#22 23.13   adding: a-valid.xml (deflated 27%)
#22 23.13   adding: a-wf.xml (deflated 29%)
#22 23.13   adding: att1 (deflated 2%)
#22 23.13   adding: att10 (deflated 57%)
#22 23.13   adding: att11 (deflated 36%)
#22 23.13   adding: att2 (stored 0%)
#22 23.13   adding: att3 (deflated 19%)
#22 23.13   adding: att4 (deflated 82%)
#22 23.14   adding: att5 (deflated 74%)
#22 23.14   adding: att6 (deflated 73%)
#22 23.14   adding: att7 (deflated 28%)
#22 23.14   adding: att8 (deflated 47%)
#22 23.14   adding: att9 (deflated 14%)
#22 23.14   adding: attr1.xml (deflated 99%)
#22 23.14   adding: attr2.xml (deflated 99%)
#22 23.14   adding: attr3.xml (deflated 33%)
#22 23.14   adding: attr4.xml (stored 0%)
#22 23.14   adding: attrib.xml (deflated 65%)
#22 23.14   adding: badcomment.xml (deflated 48%)
#22 23.14   adding: bigentname.xml (deflated 98%)
#22 23.14   adding: bigname.xml (deflated 99%)
#22 23.14   adding: bigname2.xml (deflated 99%)
#22 23.14   adding: bike.xml (deflated 54%)
#22 23.14   adding: boundaries1.xml (deflated 31%)
#22 23.14   adding: cdata (deflated 12%)
#22 23.14   adding: cdata-2-byte-UTF-8.xml (deflated 91%)
#22 23.14   adding: cdata-3-byte-UTF-8.xml (deflated 93%)
#22 23.14   adding: cdata-4-byte-UTF-8.xml (deflated 95%)
#22 23.14   adding: cdata.xml (stored 0%)
#22 23.14   adding: cdata2 (deflated 22%)
#22 23.14   adding: charref1.xml (deflated 53%)
#22 23.14   adding: circle.xml (deflated 26%)
#22 23.14   adding: comment.xml (deflated 24%)
#22 23.14   adding: comment1.xml (deflated 8%)
#22 23.14   adding: comment2.xml (deflated 23%)
#22 23.14   adding: comment3.xml (deflated 98%)
#22 23.14   adding: comment4.xml (deflated 20%)
#22 23.14   adding: comment5.xml (deflated 34%)
#22 23.14   adding: comment6.xml (deflated 86%)
#22 23.14   adding: cond_sect1.xml (deflated 63%)
#22 23.14   adding: cond_sect2.xml (deflated 67%)
#22 23.14   adding: content1.xml (deflated 26%)
#22 23.14   adding: dav1 (deflated 54%)
#22 23.14   adding: dav10 (deflated 18%)
#22 23.14   adding: dav11 (deflated 48%)
#22 23.14   adding: dav12 (deflated 13%)
#22 23.14   adding: dav13 (deflated 52%)
#22 23.14   adding: dav15 (deflated 64%)
#22 23.14   adding: dav16 (deflated 19%)
#22 23.14   adding: dav17 (deflated 55%)
#22 23.14   adding: dav18 (deflated 19%)
#22 23.14   adding: dav19 (deflated 56%)
#22 23.14   adding: dav2 (deflated 61%)
#22 23.14   adding: dav3 (deflated 56%)
#22 23.14   adding: dav4 (deflated 46%)
#22 23.14   adding: dav5 (deflated 50%)
#22 23.14   adding: dav6 (deflated 58%)
#22 23.14   adding: dav7 (deflated 62%)
#22 23.14   adding: dav8 (deflated 62%)
#22 23.14   adding: dav9 (deflated 66%)
#22 23.14   adding: defattr.xml (deflated 9%)
#22 23.14   adding: defattr2.xml (deflated 21%)
#22 23.14   adding: defs.xml (deflated 36%)
#22 23.14   adding: desc.xml (deflated 30%)
#22 23.14   adding: dia.xml (deflated 80%)
#22 23.14   adding: dia1 (deflated 81%)
#22 23.14   adding: dia2 (deflated 81%)
#22 23.14   adding: dtd1 (deflated 19%)
#22 23.14   adding: dtd10 (deflated 37%)
#22 23.14   adding: dtd11 (deflated 16%)
#22 23.14   adding: dtd12 (deflated 20%)
#22 23.14   adding: dtd13 (deflated 23%)
#22 23.14   adding: dtd2 (deflated 11%)
#22 23.14   adding: dtd3 (deflated 11%)
#22 23.14   adding: dtd4 (deflated 6%)
#22 23.14   adding: dtd5 (deflated 29%)
#22 23.14   adding: dtd6 (deflated 28%)
#22 23.14   adding: dtd7 (deflated 26%)
#22 23.14   adding: dtd8 (deflated 38%)
#22 23.14   adding: dtd9 (deflated 39%)
#22 23.14   adding: ebcdic_566012.xml (stored 0%)
#22 23.14   adding: ellipse.xml (deflated 24%)
#22 23.14   adding: emptycdata.xml (deflated 7%)
#22 23.14   adding: ent1 (deflated 11%)
#22 23.14   adding: ent10 (deflated 60%)
#22 23.14   adding: ent11 (deflated 3%)
#22 23.14   adding: ent12 (deflated 15%)
#22 23.14   adding: ent13 (deflated 9%)
#22 23.14   adding: ent2 (deflated 32%)
#22 23.14   adding: ent3 (deflated 16%)
#22 23.14   adding: ent4 (deflated 14%)
#22 23.14   adding: ent5 (deflated 18%)
#22 23.14   adding: ent6 (deflated 44%)
#22 23.14   adding: ent6hex (deflated 49%)
#22 23.14   adding: ent7 (deflated 28%)
#22 23.14   adding: ent8 (deflated 41%)
#22 23.14   adding: ent9 (deflated 95%)
#22 23.14   adding: ent_738805.xml (deflated 42%)
#22 23.14   adding: ent_redecl.xml (deflated 1%)
#22 23.14   adding: err_0.xml (stored 0%)
#22 23.14   adding: err_1.xml (stored 0%)
#22 23.14   adding: err_10.xml (deflated 31%)
#22 23.14   adding: err_11.xml (deflated 32%)
#22 23.14   adding: err_2.xml (stored 0%)
#22 23.14   adding: err_3.xml (stored 0%)
#22 23.14   adding: err_4.xml (stored 0%)
#22 23.14   adding: err_5.xml (stored 0%)
#22 23.14   adding: err_6.xml (stored 0%)
#22 23.14   adding: err_7.xml (stored 0%)
#22 23.14   adding: err_8.xml (deflated 2%)
#22 23.14   adding: err_9.xml (deflated 29%)
#22 23.14   adding: eve.xml (deflated 36%)
#22 23.14   adding: extparsedent.xml (deflated 4%)
#22 23.14   adding: flower2.xml (deflated 60%)
#22 23.14   adding: good.xml (deflated 99%)
#22 23.14   adding: good_attr.xml (deflated 99%)
#22 23.14   adding: gradient.xml (deflated 40%)
#22 23.14   adding: group01.xml (deflated 49%)
#22 23.14   adding: group02.xml (deflated 32%)
#22 23.14   adding: group03.xml (deflated 27%)
#22 23.14   adding: huge_dtd.xml (deflated 24%)
#22 23.14   adding: icu_parse_test.xml (deflated 49%)
#22 23.14   adding: id1.xml (deflated 43%)
#22 23.14   adding: id2.xml (deflated 40%)
#22 23.14   adding: id3.xml (deflated 41%)
#22 23.14   adding: id_err1.xml (stored 0%)
#22 23.14   adding: id_err2.xml (deflated 16%)
#22 23.14   adding: id_tst1.xml (stored 0%)
#22 23.14   adding: id_tst2.xml (stored 0%)
#22 23.14   adding: id_tst3.xml (stored 0%)
#22 23.14   adding: id_tst4.xml (deflated 26%)
#22 23.14   adding: image-valid.xml (deflated 29%)
#22 23.14   adding: image-wf.xml (deflated 31%)
#22 23.14   adding: index.xml (deflated 79%)
#22 23.15   adding: intsubset.xml (deflated 8%)
#22 23.15   adding: intsubset2.xml (deflated 63%)
#22 23.15   adding: isolat1 (deflated 1%)
#22 23.15   adding: isolat2 (deflated 71%)
#22 23.15   adding: isolat3 (deflated 33%)
#22 23.15   adding: issue151.xml (deflated 19%)
#22 23.15   adding: japancrlf.xml (deflated 40%)
#22 23.15   adding: lin-gradient.xml (deflated 39%)
#22 23.15   adding: lol_classic.xml (deflated 75%)
#22 23.15   adding: lol_eg.xml (deflated 86%)
#22 23.15   adding: lol_ep.xml (deflated 99%)
#22 23.20   adding: lol_ig_attr.xml (deflated 85%)
#22 23.20   adding: lol_ig_content.xml (deflated 86%)
#22 23.20   adding: lol_ip_content.xml (deflated 69%)
#22 23.20   adding: lol_ip_value.xml (deflated 85%)
#22 23.20   adding: lol_long_name.xml (deflated 99%)
#22 23.20   adding: lol_long_value.xml (deflated 98%)
#22 23.20   adding: lol_param.xml (deflated 69%)
#22 23.20   adding: marker.xml (deflated 49%)
#22 23.20   adding: mask.xml (deflated 29%)
#22 23.20   adding: mathswitch.xml (deflated 50%)
#22 23.20   adding: mixed_ns.xml (deflated 43%)
#22 23.20   adding: name.xml (deflated 99%)
#22 23.20   adding: name2.xml (deflated 99%)
#22 23.20   adding: notes.xml (deflated 48%)
#22 23.20   adding: ns (deflated 21%)
#22 23.20   adding: ns.xml (deflated 38%)
#22 23.20   adding: ns2 (deflated 15%)
#22 23.20   adding: ns2.xml (deflated 46%)
#22 23.20   adding: ns3 (deflated 15%)
#22 23.20   adding: ns4 (deflated 12%)
#22 23.20   adding: ns5 (deflated 27%)
#22 23.20   adding: ns6 (deflated 12%)
#22 23.20   adding: ns7 (stored 0%)
#22 23.20   adding: nsclean.xml (deflated 43%)
#22 23.20   adding: objednavka.xml (deflated 65%)
#22 23.20   adding: p3p (deflated 44%)
#22 23.20   adding: parentns.xml (deflated 41%)
#22 23.20   adding: path01.xml (deflated 18%)
#22 23.20   adding: path02.xml (deflated 28%)
#22 23.20   adding: patternfill.xml (deflated 29%)
#22 23.20   adding: pe-test.xml (deflated 26%)
#22 23.20   adding: pi.xml (deflated 25%)
#22 23.20   adding: pi2.xml (deflated 24%)
#22 23.20   adding: polyline.xml (deflated 26%)
#22 23.20   adding: private.xml (deflated 50%)
#22 23.20   adding: rad-gradient.xml (deflated 43%)
#22 23.20   adding: rdf1 (deflated 64%)
#22 23.20   adding: rdf2 (deflated 89%)
#22 23.21   adding: rec_att_default.xml (deflated 18%)
#22 23.21   adding: rec_ext_ent.xml (deflated 32%)
#22 23.21   adding: rectangle.xml (deflated 25%)
#22 23.21   adding: richdesc.xml (deflated 38%)
#22 23.21   adding: rss.xml (deflated 70%)
#22 23.21   adding: script.xml (deflated 27%)
#22 23.21   adding: slashdot.rdf (deflated 69%)
#22 23.21   adding: slashdot.xml (deflated 77%)
#22 23.21   adding: slashdot16.xml (stored 0%)
#22 23.21   adding: structure01.xml (deflated 31%)
#22 23.21   adding: style.xml (deflated 26%)
#22 23.21   adding: svg1 (deflated 65%)
#22 23.21   adding: svg2 (deflated 64%)
#22 23.21   adding: svg3 (deflated 68%)
#22 23.21   adding: switch.xml (deflated 45%)
#22 23.21   adding: symbol-use.xml (deflated 50%)
#22 23.21   adding: t10.xml (deflated 42%)
#22 23.22   adding: t11.xml (deflated 39%)
#22 23.22   adding: t4.xml (deflated 25%)
#22 23.22   adding: t4a.xml (deflated 23%)
#22 23.22   adding: t6.xml (deflated 25%)
#22 23.22   adding: t8.xml (deflated 42%)
#22 23.22   adding: t8a.xml (deflated 42%)
#22 23.22   adding: t9.xml (deflated 42%)
#22 23.22   adding: t9a.xml (deflated 42%)
#22 23.22   adding: template.xml (deflated 28%)
#22 23.22   adding: text-4-byte-UTF-16-BE-offset.xml (stored 0%)
#22 23.22   adding: text-4-byte-UTF-16-BE.xml (stored 0%)
#22 23.22   adding: text-4-byte-UTF-16-LE-offset.xml (stored 0%)
#22 23.22   adding: text-4-byte-UTF-16-LE.xml (stored 0%)
#22 23.22   adding: text01.xml (deflated 27%)
#22 23.22   adding: text02.xml (deflated 56%)
#22 23.22   adding: text03.xml (deflated 25%)
#22 23.22   adding: title.xml (deflated 13%)
#22 23.22   adding: toap01.xml (deflated 29%)
#22 23.22   adding: toap02.xml (deflated 62%)
#22 23.22   adding: transform.xml (deflated 56%)
#22 23.22   adding: trivial.xml (deflated 15%)
#22 23.22   adding: tstblanks.xml (deflated 99%)
#22 23.22   adding: twin-gradients.xml (deflated 43%)
#22 23.22   adding: utf16bebom.xml (stored 0%)
#22 23.22   adding: utf16bom.xml (stored 0%)
#22 23.22   adding: utf16lebom.xml (stored 0%)
#22 23.22   adding: utf8-1.xml (deflated 70%)
#22 23.22   adding: utf8-2.xml (deflated 68%)
#22 23.22   adding: utf8bom.xml (stored 0%)
#22 23.22   adding: v-template.xml (deflated 18%)
#22 23.22   adding: v1.xml (deflated 7%)
#22 23.22   adding: v10.xml (deflated 19%)
#22 23.22   adding: v11.xml (deflated 18%)
#22 23.22   adding: v12.xml (deflated 29%)
#22 23.22   adding: v13.xml (deflated 22%)
#22 23.22   adding: v14.xml (deflated 29%)
#22 23.22   adding: v15.xml (deflated 38%)
#22 23.22   adding: v16.xml (deflated 32%)
#22 23.22   adding: v17.xml (deflated 37%)
#22 23.22   adding: v18.xml (deflated 36%)
#22 23.22   adding: v19.xml (deflated 36%)
#22 23.22   adding: v2.xml (deflated 8%)
#22 23.22   adding: v20.xml (deflated 37%)
#22 23.22   adding: v21.xml (deflated 35%)
#22 23.22   adding: v22.xml (deflated 43%)
#22 23.22   adding: v23.xml (deflated 43%)
#22 23.22   adding: v24.xml (deflated 57%)
#22 23.22   adding: v3.xml (deflated 9%)
#22 23.22   adding: v4.xml (deflated 18%)
#22 23.22   adding: v5.xml (deflated 22%)
#22 23.22   adding: v6.xml (deflated 33%)
#22 23.22   adding: v7.xml (deflated 32%)
#22 23.22   adding: v8.xml (deflated 19%)
#22 23.22   adding: v9.xml (deflated 18%)
#22 23.22   adding: viewport-nest.xml (deflated 37%)
#22 23.22   adding: viewport-transform.xml (deflated 64%)
#22 23.22   adding: viewport.xml (deflated 32%)
#22 23.22   adding: wap.xml (deflated 58%)
#22 23.22   adding: wf-template.xml (deflated 15%)
#22 23.22   adding: winblanks.xml (deflated 19%)
#22 23.22   adding: wml.xml (deflated 16%)
#22 23.22   adding: xhtml1 (deflated 41%)
#22 23.22   adding: xhtmlcomp (deflated 20%)
#22 23.22   adding: xlink.xml (deflated 73%)
#22 23.22   adding: xml1 (deflated 19%)
#22 23.22   adding: xml2 (deflated 19%)
#22 23.22 + cp html.dict regexp.dict schema.dict xml.dict xpath.dict html.options regexp.options schema.options uri.options xinclude.options xml.options xpath.options /out/
#22 23.63 Re-building benchmark for CmpLog fuzzing target
#22 23.63 Building benchmark libxml2_xml with fuzzer aflmmbb
#22 23.63 + '[' address = undefined ']'
#22 23.63 + export V=1
#22 23.63 + V=1
#22 23.63 + ./autogen.sh --disable-shared --without-debug --without-ftp --without-http --without-legacy --without-python
#22 26.31 libtoolize: putting auxiliary files in '.'.
#22 26.31 libtoolize: copying file './ltmain.sh'
#22 26.34 libtoolize: putting macros in AC_CONFIG_MACRO_DIRS, 'm4'.
#22 26.34 libtoolize: copying file 'm4/libtool.m4'
#22 26.36 libtoolize: copying file 'm4/ltoptions.m4'
#22 26.39 libtoolize: copying file 'm4/ltsugar.m4'
#22 26.42 libtoolize: copying file 'm4/ltversion.m4'
#22 26.45 libtoolize: copying file 'm4/lt~obsolete.m4'
#22 28.46 configure.ac:47: installing './compile'
#22 28.46 configure.ac:12: installing './config.guess'
#22 28.46 configure.ac:12: installing './config.sub'
#22 28.46 configure.ac:42: installing './install-sh'
#22 28.47 configure.ac:42: installing './missing'
#22 28.51 Makefile.am: installing './depcomp'
#22 28.77 python/Makefile.am:29: installing './py-compile'
#22 29.01 checking build system type... x86_64-pc-linux-gnu
#22 29.06 checking host system type... x86_64-pc-linux-gnu
#22 29.07 extra=v2.10.0-351-gc7260a47
#22 29.07 checking for a BSD-compatible install... /usr/bin/install -c
#22 29.08 checking whether build environment is sane... yes
#22 29.09 checking for a thread-safe mkdir -p... /usr/bin/mkdir -p
#22 29.10 checking for gawk... no
#22 29.10 checking for mawk... mawk
#22 29.10 checking whether make sets $(MAKE)... yes
#22 29.11 checking whether make supports nested variables... yes
#22 29.12 checking whether to enable maintainer-specific portions of Makefiles... yes
#22 29.12 checking whether make supports nested variables... (cached) yes
#22 29.12 checking for gcc... /afl/afl-clang-fast
#22 29.17 checking whether the C compiler works... yes
#22 29.22 checking for C compiler default output file name... a.out
#22 29.23 checking for suffix of executables... 
#22 29.28 checking whether we are cross compiling... no
#22 29.33 checking for suffix of object files... o
#22 29.36 checking whether we are using the GNU C compiler... yes
#22 29.38 checking whether /afl/afl-clang-fast accepts -g... yes
#22 29.40 checking for /afl/afl-clang-fast option to accept ISO C89... none needed
#22 29.43 checking whether /afl/afl-clang-fast understands -c and -o together... yes
#22 29.47 checking whether make supports the include directive... yes (GNU style)
#22 29.48 checking dependency style of /afl/afl-clang-fast... gcc3
#22 29.52 checking whether ln -s works... yes
#22 29.52 checking for tar... /usr/bin/tar
#22 29.52 checking for perl... /usr/bin/perl
#22 29.52 checking for wget... /usr/bin/wget
#22 29.52 checking for xsltproc... /usr/bin/xsltproc
#22 29.53 checking for pkg-config... /usr/bin/pkg-config
#22 29.53 checking pkg-config is at least version 0.9.0... yes
#22 29.53 checking how to print strings... printf
#22 29.56 checking for a sed that does not truncate output... /usr/bin/sed
#22 29.56 checking for grep that handles long lines and -e... /usr/bin/grep
#22 29.57 checking for egrep... /usr/bin/grep -E
#22 29.57 checking for fgrep... /usr/bin/grep -F
#22 29.57 checking for ld used by /afl/afl-clang-fast... /usr/bin/ld
#22 29.59 checking if the linker (/usr/bin/ld) is GNU ld... yes
#22 29.59 checking for BSD- or MS-compatible name lister (nm)... /usr/bin/nm -B
#22 29.59 checking the name lister (/usr/bin/nm -B) interface... BSD nm
#22 29.62 checking the maximum length of command line arguments... 1572864
#22 29.62 checking how to convert x86_64-pc-linux-gnu file names to x86_64-pc-linux-gnu format... func_convert_file_noop
#22 29.62 checking how to convert x86_64-pc-linux-gnu file names to toolchain format... func_convert_file_noop
#22 29.62 checking for /usr/bin/ld option to reload object files... -r
#22 29.63 checking for objdump... objdump
#22 29.63 checking how to recognize dependent libraries... pass_all
#22 29.63 checking for dlltool... no
#22 29.63 checking how to associate runtime and link libraries... printf %s\n
#22 29.63 checking for ar... ar
#22 29.63 checking for archiver @FILE support... @
#22 29.66 checking for strip... strip
#22 29.66 checking for ranlib... ranlib
#22 29.66 checking command to parse /usr/bin/nm -B output from /afl/afl-clang-fast object... ok
#22 29.75 checking for sysroot... no
#22 29.75 checking for a working dd... /usr/bin/dd
#22 29.76 checking how to truncate binary pipes... /usr/bin/dd bs=4096 count=1
#22 29.78 checking for mt... mt
#22 29.78 checking if mt is a manifest tool... no
#22 29.79 checking how to run the C preprocessor... /afl/afl-clang-fast -E
#22 29.86 checking for ANSI C header files... yes
#22 29.99 checking for sys/types.h... yes
#22 30.02 checking for sys/stat.h... yes
#22 30.06 checking for stdlib.h... yes
#22 30.09 checking for string.h... yes
#22 30.13 checking for memory.h... yes
#22 30.16 checking for strings.h... yes
#22 30.20 checking for inttypes.h... yes
#22 30.23 checking for stdint.h... yes
#22 30.27 checking for unistd.h... yes
#22 30.30 checking for dlfcn.h... yes
#22 30.33 checking for objdir... .libs
#22 30.41 checking if /afl/afl-clang-fast supports -fno-rtti -fno-exceptions... yes
#22 30.44 checking for /afl/afl-clang-fast option to produce PIC... -fPIC -DPIC
#22 30.44 checking if /afl/afl-clang-fast PIC flag -fPIC -DPIC works... yes
#22 30.46 checking if /afl/afl-clang-fast static flag -static works... yes
#22 30.54 checking if /afl/afl-clang-fast supports -c -o file.o... yes
#22 30.58 checking if /afl/afl-clang-fast supports -c -o file.o... (cached) yes
#22 30.58 checking whether the /afl/afl-clang-fast linker (/usr/bin/ld -m elf_x86_64) supports shared libraries... yes
#22 30.60 checking dynamic linker characteristics... GNU/Linux ld.so
#22 30.68 checking how to hardcode library paths into programs... immediate
#22 30.68 checking whether stripping libraries is possible... yes
#22 30.68 checking if libtool supports shared libraries... yes
#22 30.68 checking whether to build shared libraries... no
#22 30.68 checking whether to build static libraries... yes
#22 30.68 checking for cos in -lm... yes
#22 30.75 checking for stdint.h... (cached) yes
#22 30.76 checking for inttypes.h... (cached) yes
#22 30.77 checking fcntl.h usability... yes
#22 30.80 checking fcntl.h presence... yes
#22 30.81 checking for fcntl.h... yes
#22 30.82 checking for unistd.h... (cached) yes
#22 30.83 checking for sys/stat.h... (cached) yes
#22 30.83 checking sys/mman.h usability... yes
#22 30.86 checking sys/mman.h presence... yes
#22 30.88 checking for sys/mman.h... yes
#22 30.88 checking sys/socket.h usability... yes
#22 30.92 checking sys/socket.h presence... yes
#22 30.93 checking for sys/socket.h... yes
#22 30.94 checking netinet/in.h usability... yes
#22 30.97 checking netinet/in.h presence... yes
#22 30.99 checking for netinet/in.h... yes
#22 31.00 checking arpa/inet.h usability... yes
#22 31.03 checking arpa/inet.h presence... yes
#22 31.05 checking for arpa/inet.h... yes
#22 31.06 checking netdb.h usability... yes
#22 31.09 checking netdb.h presence... yes
#22 31.11 checking for netdb.h... yes
#22 31.12 checking sys/select.h usability... yes
#22 31.15 checking sys/select.h presence... yes
#22 31.16 checking for sys/select.h... yes
#22 31.17 checking poll.h usability... yes
#22 31.20 checking poll.h presence... yes
#22 31.21 checking for poll.h... yes
#22 31.22 checking sys/time.h usability... yes
#22 31.26 checking sys/time.h presence... yes
#22 31.27 checking for sys/time.h... yes
#22 31.28 checking sys/timeb.h usability... yes
#22 31.31 checking sys/timeb.h presence... yes
#22 31.33 checking for sys/timeb.h... yes
#22 31.34 checking dl.h usability... no
#22 31.37 checking dl.h presence... no
#22 31.39 checking for dl.h... no
#22 31.39 checking for dlfcn.h... (cached) yes
#22 31.40 checking glob.h usability... yes
#22 31.43 checking glob.h presence... yes
#22 31.44 checking for glob.h... yes
#22 31.44 checking for uint32_t... yes
#22 31.48 checking for snprintf... yes
#22 31.55 checking for vsnprintf... yes
#22 31.63 checking for gettimeofday... yes
#22 31.69 checking for ftime... yes
#22 31.75 checking for stat... yes
#22 31.81 checking for rand_r... yes
#22 31.88 checking for isascii... yes
#22 31.94 checking for mmap... yes
#22 32.00 checking for munmap... yes
#22 32.07 checking for putenv... yes
#22 32.12 checking for va_copy... yes
#22 32.18 checking whether va_list is an array type... yes
#22 32.21 checking whether __attribute__((destructor)) is accepted... yes
#22 32.25 Disabling HTTP support
#22 32.25 Disabling DEBUG support
#22 32.25 checking for library containing dlopen... none required
#22 32.31 checking pthread.h usability... yes
#22 32.34 checking pthread.h presence... yes
#22 32.36 checking for pthread.h... yes
#22 32.36 checking for library containing pthread_join... none required
#22 32.42 checking for Z... yes
#22 32.43 checking for LZMA... yes
#22 32.44 checking iconv.h usability... yes
#22 32.48 checking iconv.h presence... yes
#22 32.50 checking for iconv.h... yes
#22 32.50 checking for library containing iconv... none required
#22 32.55 Disabling ICU support
#22 32.55 Disabling code coverage for GCC
#22 32.58 checking that generated files are newer than configure... done
#22 32.58 configure: creating ./config.status
#22 33.16 config.status: creating Makefile
#22 33.18 config.status: creating include/Makefile
#22 33.19 config.status: creating include/libxml/Makefile
#22 33.21 config.status: creating include/private/Makefile
#22 33.23 config.status: creating doc/Makefile
#22 33.25 config.status: creating doc/examples/Makefile
#22 33.27 config.status: creating doc/devhelp/Makefile
#22 33.29 config.status: creating example/Makefile
#22 33.31 config.status: creating fuzz/Makefile
#22 33.33 config.status: creating python/Makefile
#22 33.34 config.status: creating python/tests/Makefile
#22 33.36 config.status: creating xstc/Makefile
#22 33.38 config.status: creating include/libxml/xmlversion.h
#22 33.40 config.status: creating libxml-2.0.pc
#22 33.41 config.status: creating libxml-2.0-uninstalled.pc
#22 33.43 config.status: creating libxml2-config.cmake
#22 33.44 config.status: creating python/setup.py
#22 33.46 config.status: creating xml2-config
#22 33.48 config.status: creating config.h
#22 33.49 config.status: executing depfiles commands
#22 33.97 config.status: executing libtool commands
#22 33.98 Done configuring
#22 34.04 
#22 34.04 Now type 'make' to compile libxml2.
#22 34.04 ++ nproc
#22 34.04 + make -j128
#22 34.05 make  all-recursive
#22 34.06 make[1]: Entering directory '/src/libxml2'
#22 34.06 Making all in include
#22 34.06 make[2]: Entering directory '/src/libxml2/include'
#22 34.07 Making all in libxml
#22 34.07 make[3]: Entering directory '/src/libxml2/include/libxml'
#22 34.07 make[3]: Nothing to be done for 'all'.
#22 34.07 make[3]: Leaving directory '/src/libxml2/include/libxml'
#22 34.07 Making all in private
#22 34.07 make[3]: Entering directory '/src/libxml2/include/private'
#22 34.07 make[3]: Nothing to be done for 'all'.
#22 34.07 make[3]: Leaving directory '/src/libxml2/include/private'
#22 34.07 make[3]: Entering directory '/src/libxml2/include'
#22 34.07 make[3]: Nothing to be done for 'all-am'.
#22 34.07 make[3]: Leaving directory '/src/libxml2/include'
#22 34.07 make[2]: Leaving directory '/src/libxml2/include'
#22 34.07 Making all in .
#22 34.08 make[2]: Entering directory '/src/libxml2'
#22 34.08 /afl/afl-clang-fast -DHAVE_CONFIG_H -I.  -I./include -I./include -DSYSCONFDIR='"/usr/local/etc"'  -pedantic -Wall -Wextra -Wshadow -Wpointer-arith -Wcast-align -Wwrite-strings -Waggregate-return -Wstrict-prototypes -Wmissing-prototypes -Wnested-externs -Winline -Wno-long-long -Wno-format-extra-args  -DFUZZING_BUILD_MODE_UNSAFE_FOR_PRODUCTION -pthread -Wl,--no-as-needed -Wl,-ldl -Wl,-lm -Wno-unused-command-line-argument -O3 -MT xmllint-xmllint.o -MD -MP -MF .deps/xmllint-xmllint.Tpo -c -o xmllint-xmllint.o `test -f 'xmllint.c' || echo './'`xmllint.c
#22 34.08 /bin/bash ./libtool  --tag=CC   --mode=compile /afl/afl-clang-fast -DHAVE_CONFIG_H -I.  -I./include -I./include -DSYSCONFDIR='"/usr/local/etc"'  -pedantic -Wall -Wextra -Wshadow -Wpointer-arith -Wcast-align -Wwrite-strings -Waggregate-return -Wstrict-prototypes -Wmissing-prototypes -Wnested-externs -Winline -Wno-long-long -Wno-format-extra-args -D_REENTRANT   -DFUZZING_BUILD_MODE_UNSAFE_FOR_PRODUCTION -pthread -Wl,--no-as-needed -Wl,-ldl -Wl,-lm -Wno-unused-command-line-argument -O3 -MT libxml2_la-buf.lo -MD -MP -MF .deps/libxml2_la-buf.Tpo -c -o libxml2_la-buf.lo `test -f 'buf.c' || echo './'`buf.c
#22 34.08 /bin/bash ./libtool  --tag=CC   --mode=compile /afl/afl-clang-fast -DHAVE_CONFIG_H -I.  -I./include -I./include -DSYSCONFDIR='"/usr/local/etc"'  -pedantic -Wall -Wextra -Wshadow -Wpointer-arith -Wcast-align -Wwrite-strings -Waggregate-return -Wstrict-prototypes -Wmissing-prototypes -Wnested-externs -Winline -Wno-long-long -Wno-format-extra-args -D_REENTRANT   -DFUZZING_BUILD_MODE_UNSAFE_FOR_PRODUCTION -pthread -Wl,--no-as-needed -Wl,-ldl -Wl,-lm -Wno-unused-command-line-argument -O3 -MT libxml2_la-chvalid.lo -MD -MP -MF .deps/libxml2_la-chvalid.Tpo -c -o libxml2_la-chvalid.lo `test -f 'chvalid.c' || echo './'`chvalid.c
#22 34.08 /bin/bash ./libtool  --tag=CC   --mode=compile /afl/afl-clang-fast -DHAVE_CONFIG_H -I.  -I./include -I./include -DSYSCONFDIR='"/usr/local/etc"'  -pedantic -Wall -Wextra -Wshadow -Wpointer-arith -Wcast-align -Wwrite-strings -Waggregate-return -Wstrict-prototypes -Wmissing-prototypes -Wnested-externs -Winline -Wno-long-long -Wno-format-extra-args -D_REENTRANT   -DFUZZING_BUILD_MODE_UNSAFE_FOR_PRODUCTION -pthread -Wl,--no-as-needed -Wl,-ldl -Wl,-lm -Wno-unused-command-line-argument -O3 -MT libxml2_la-dict.lo -MD -MP -MF .deps/libxml2_la-dict.Tpo -c -o libxml2_la-dict.lo `test -f 'dict.c' || echo './'`dict.c
#22 34.08 /bin/bash ./libtool  --tag=CC   --mode=compile /afl/afl-clang-fast -DHAVE_CONFIG_H -I.  -I./include -I./include -DSYSCONFDIR='"/usr/local/etc"'  -pedantic -Wall -Wextra -Wshadow -Wpointer-arith -Wcast-align -Wwrite-strings -Waggregate-return -Wstrict-prototypes -Wmissing-prototypes -Wnested-externs -Winline -Wno-long-long -Wno-format-extra-args -D_REENTRANT   -DFUZZING_BUILD_MODE_UNSAFE_FOR_PRODUCTION -pthread -Wl,--no-as-needed -Wl,-ldl -Wl,-lm -Wno-unused-command-line-argument -O3 -MT libxml2_la-entities.lo -MD -MP -MF .deps/libxml2_la-entities.Tpo -c -o libxml2_la-entities.lo `test -f 'entities.c' || echo './'`entities.c
#22 34.08 /bin/bash ./libtool  --tag=CC   --mode=compile /afl/afl-clang-fast -DHAVE_CONFIG_H -I.  -I./include -I./include -DSYSCONFDIR='"/usr/local/etc"'  -pedantic -Wall -Wextra -Wshadow -Wpointer-arith -Wcast-align -Wwrite-strings -Waggregate-return -Wstrict-prototypes -Wmissing-prototypes -Wnested-externs -Winline -Wno-long-long -Wno-format-extra-args -D_REENTRANT   -DFUZZING_BUILD_MODE_UNSAFE_FOR_PRODUCTION -pthread -Wl,--no-as-needed -Wl,-ldl -Wl,-lm -Wno-unused-command-line-argument -O3 -MT libxml2_la-encoding.lo -MD -MP -MF .deps/libxml2_la-encoding.Tpo -c -o libxml2_la-encoding.lo `test -f 'encoding.c' || echo './'`encoding.c
#22 34.08 /bin/bash ./libtool  --tag=CC   --mode=compile /afl/afl-clang-fast -DHAVE_CONFIG_H -I.  -I./include -I./include -DSYSCONFDIR='"/usr/local/etc"'  -pedantic -Wall -Wextra -Wshadow -Wpointer-arith -Wcast-align -Wwrite-strings -Waggregate-return -Wstrict-prototypes -Wmissing-prototypes -Wnested-externs -Winline -Wno-long-long -Wno-format-extra-args -D_REENTRANT   -DFUZZING_BUILD_MODE_UNSAFE_FOR_PRODUCTION -pthread -Wl,--no-as-needed -Wl,-ldl -Wl,-lm -Wno-unused-command-line-argument -O3 -MT libxml2_la-error.lo -MD -MP -MF .deps/libxml2_la-error.Tpo -c -o libxml2_la-error.lo `test -f 'error.c' || echo './'`error.c
#22 34.08 /bin/bash ./libtool  --tag=CC   --mode=compile /afl/afl-clang-fast -DHAVE_CONFIG_H -I.  -I./include -I./include -DSYSCONFDIR='"/usr/local/etc"'  -pedantic -Wall -Wextra -Wshadow -Wpointer-arith -Wcast-align -Wwrite-strings -Waggregate-return -Wstrict-prototypes -Wmissing-prototypes -Wnested-externs -Winline -Wno-long-long -Wno-format-extra-args -D_REENTRANT   -DFUZZING_BUILD_MODE_UNSAFE_FOR_PRODUCTION -pthread -Wl,--no-as-needed -Wl,-ldl -Wl,-lm -Wno-unused-command-line-argument -O3 -MT libxml2_la-globals.lo -MD -MP -MF .deps/libxml2_la-globals.Tpo -c -o libxml2_la-globals.lo `test -f 'globals.c' || echo './'`globals.c
#22 34.08 /bin/bash ./libtool  --tag=CC   --mode=compile /afl/afl-clang-fast -DHAVE_CONFIG_H -I.  -I./include -I./include -DSYSCONFDIR='"/usr/local/etc"'  -pedantic -Wall -Wextra -Wshadow -Wpointer-arith -Wcast-align -Wwrite-strings -Waggregate-return -Wstrict-prototypes -Wmissing-prototypes -Wnested-externs -Winline -Wno-long-long -Wno-format-extra-args -D_REENTRANT   -DFUZZING_BUILD_MODE_UNSAFE_FOR_PRODUCTION -pthread -Wl,--no-as-needed -Wl,-ldl -Wl,-lm -Wno-unused-command-line-argument -O3 -MT libxml2_la-hash.lo -MD -MP -MF .deps/libxml2_la-hash.Tpo -c -o libxml2_la-hash.lo `test -f 'hash.c' || echo './'`hash.c
#22 34.08 /bin/bash ./libtool  --tag=CC   --mode=compile /afl/afl-clang-fast -DHAVE_CONFIG_H -I.  -I./include -I./include -DSYSCONFDIR='"/usr/local/etc"'  -pedantic -Wall -Wextra -Wshadow -Wpointer-arith -Wcast-align -Wwrite-strings -Waggregate-return -Wstrict-prototypes -Wmissing-prototypes -Wnested-externs -Winline -Wno-long-long -Wno-format-extra-args -D_REENTRANT   -DFUZZING_BUILD_MODE_UNSAFE_FOR_PRODUCTION -pthread -Wl,--no-as-needed -Wl,-ldl -Wl,-lm -Wno-unused-command-line-argument -O3 -MT libxml2_la-list.lo -MD -MP -MF .deps/libxml2_la-list.Tpo -c -o libxml2_la-list.lo `test -f 'list.c' || echo './'`list.c
#22 34.08 /bin/bash ./libtool  --tag=CC   --mode=compile /afl/afl-clang-fast -DHAVE_CONFIG_H -I.  -I./include -I./include -DSYSCONFDIR='"/usr/local/etc"'  -pedantic -Wall -Wextra -Wshadow -Wpointer-arith -Wcast-align -Wwrite-strings -Waggregate-return -Wstrict-prototypes -Wmissing-prototypes -Wnested-externs -Winline -Wno-long-long -Wno-format-extra-args -D_REENTRANT   -DFUZZING_BUILD_MODE_UNSAFE_FOR_PRODUCTION -pthread -Wl,--no-as-needed -Wl,-ldl -Wl,-lm -Wno-unused-command-line-argument -O3 -MT libxml2_la-parser.lo -MD -MP -MF .deps/libxml2_la-parser.Tpo -c -o libxml2_la-parser.lo `test -f 'parser.c' || echo './'`parser.c
#22 34.08 /bin/bash ./libtool  --tag=CC   --mode=compile /afl/afl-clang-fast -DHAVE_CONFIG_H -I.  -I./include -I./include -DSYSCONFDIR='"/usr/local/etc"'  -pedantic -Wall -Wextra -Wshadow -Wpointer-arith -Wcast-align -Wwrite-strings -Waggregate-return -Wstrict-prototypes -Wmissing-prototypes -Wnested-externs -Winline -Wno-long-long -Wno-format-extra-args -D_REENTRANT   -DFUZZING_BUILD_MODE_UNSAFE_FOR_PRODUCTION -pthread -Wl,--no-as-needed -Wl,-ldl -Wl,-lm -Wno-unused-command-line-argument -O3 -MT libxml2_la-parserInternals.lo -MD -MP -MF .deps/libxml2_la-parserInternals.Tpo -c -o libxml2_la-parserInternals.lo `test -f 'parserInternals.c' || echo './'`parserInternals.c
#22 34.08 /bin/bash ./libtool  --tag=CC   --mode=compile /afl/afl-clang-fast -DHAVE_CONFIG_H -I.  -I./include -I./include -DSYSCONFDIR='"/usr/local/etc"'  -pedantic -Wall -Wextra -Wshadow -Wpointer-arith -Wcast-align -Wwrite-strings -Waggregate-return -Wstrict-prototypes -Wmissing-prototypes -Wnested-externs -Winline -Wno-long-long -Wno-format-extra-args -D_REENTRANT   -DFUZZING_BUILD_MODE_UNSAFE_FOR_PRODUCTION -pthread -Wl,--no-as-needed -Wl,-ldl -Wl,-lm -Wno-unused-command-line-argument -O3 -MT libxml2_la-SAX2.lo -MD -MP -MF .deps/libxml2_la-SAX2.Tpo -c -o libxml2_la-SAX2.lo `test -f 'SAX2.c' || echo './'`SAX2.c
#22 34.08 /bin/bash ./libtool  --tag=CC   --mode=compile /afl/afl-clang-fast -DHAVE_CONFIG_H -I.  -I./include -I./include -DSYSCONFDIR='"/usr/local/etc"'  -pedantic -Wall -Wextra -Wshadow -Wpointer-arith -Wcast-align -Wwrite-strings -Waggregate-return -Wstrict-prototypes -Wmissing-prototypes -Wnested-externs -Winline -Wno-long-long -Wno-format-extra-args -D_REENTRANT   -DFUZZING_BUILD_MODE_UNSAFE_FOR_PRODUCTION -pthread -Wl,--no-as-needed -Wl,-ldl -Wl,-lm -Wno-unused-command-line-argument -O3 -MT libxml2_la-threads.lo -MD -MP -MF .deps/libxml2_la-threads.Tpo -c -o libxml2_la-threads.lo `test -f 'threads.c' || echo './'`threads.c
#22 34.08 /bin/bash ./libtool  --tag=CC   --mode=compile /afl/afl-clang-fast -DHAVE_CONFIG_H -I.  -I./include -I./include -DSYSCONFDIR='"/usr/local/etc"'  -pedantic -Wall -Wextra -Wshadow -Wpointer-arith -Wcast-align -Wwrite-strings -Waggregate-return -Wstrict-prototypes -Wmissing-prototypes -Wnested-externs -Winline -Wno-long-long -Wno-format-extra-args -D_REENTRANT   -DFUZZING_BUILD_MODE_UNSAFE_FOR_PRODUCTION -pthread -Wl,--no-as-needed -Wl,-ldl -Wl,-lm -Wno-unused-command-line-argument -O3 -MT libxml2_la-tree.lo -MD -MP -MF .deps/libxml2_la-tree.Tpo -c -o libxml2_la-tree.lo `test -f 'tree.c' || echo './'`tree.c
#22 34.08 /bin/bash ./libtool  --tag=CC   --mode=compile /afl/afl-clang-fast -DHAVE_CONFIG_H -I.  -I./include -I./include -DSYSCONFDIR='"/usr/local/etc"'  -pedantic -Wall -Wextra -Wshadow -Wpointer-arith -Wcast-align -Wwrite-strings -Waggregate-return -Wstrict-prototypes -Wmissing-prototypes -Wnested-externs -Winline -Wno-long-long -Wno-format-extra-args -D_REENTRANT   -DFUZZING_BUILD_MODE_UNSAFE_FOR_PRODUCTION -pthread -Wl,--no-as-needed -Wl,-ldl -Wl,-lm -Wno-unused-command-line-argument -O3 -MT libxml2_la-uri.lo -MD -MP -MF .deps/libxml2_la-uri.Tpo -c -o libxml2_la-uri.lo `test -f 'uri.c' || echo './'`uri.c
#22 34.08 /bin/bash ./libtool  --tag=CC   --mode=compile /afl/afl-clang-fast -DHAVE_CONFIG_H -I.  -I./include -I./include -DSYSCONFDIR='"/usr/local/etc"'  -pedantic -Wall -Wextra -Wshadow -Wpointer-arith -Wcast-align -Wwrite-strings -Waggregate-return -Wstrict-prototypes -Wmissing-prototypes -Wnested-externs -Winline -Wno-long-long -Wno-format-extra-args -D_REENTRANT   -DFUZZING_BUILD_MODE_UNSAFE_FOR_PRODUCTION -pthread -Wl,--no-as-needed -Wl,-ldl -Wl,-lm -Wno-unused-command-line-argument -O3 -MT libxml2_la-valid.lo -MD -MP -MF .deps/libxml2_la-valid.Tpo -c -o libxml2_la-valid.lo `test -f 'valid.c' || echo './'`valid.c
#22 34.08 /bin/bash ./libtool  --tag=CC   --mode=compile /afl/afl-clang-fast -DHAVE_CONFIG_H -I.  -I./include -I./include -DSYSCONFDIR='"/usr/local/etc"'  -pedantic -Wall -Wextra -Wshadow -Wpointer-arith -Wcast-align -Wwrite-strings -Waggregate-return -Wstrict-prototypes -Wmissing-prototypes -Wnested-externs -Winline -Wno-long-long -Wno-format-extra-args -D_REENTRANT   -DFUZZING_BUILD_MODE_UNSAFE_FOR_PRODUCTION -pthread -Wl,--no-as-needed -Wl,-ldl -Wl,-lm -Wno-unused-command-line-argument -O3 -MT libxml2_la-xmlIO.lo -MD -MP -MF .deps/libxml2_la-xmlIO.Tpo -c -o libxml2_la-xmlIO.lo `test -f 'xmlIO.c' || echo './'`xmlIO.c
#22 34.08 /bin/bash ./libtool  --tag=CC   --mode=compile /afl/afl-clang-fast -DHAVE_CONFIG_H -I.  -I./include -I./include -DSYSCONFDIR='"/usr/local/etc"'  -pedantic -Wall -Wextra -Wshadow -Wpointer-arith -Wcast-align -Wwrite-strings -Waggregate-return -Wstrict-prototypes -Wmissing-prototypes -Wnested-externs -Winline -Wno-long-long -Wno-format-extra-args -D_REENTRANT   -DFUZZING_BUILD_MODE_UNSAFE_FOR_PRODUCTION -pthread -Wl,--no-as-needed -Wl,-ldl -Wl,-lm -Wno-unused-command-line-argument -O3 -MT libxml2_la-xmlmemory.lo -MD -MP -MF .deps/libxml2_la-xmlmemory.Tpo -c -o libxml2_la-xmlmemory.lo `test -f 'xmlmemory.c' || echo './'`xmlmemory.c
#22 34.08 /bin/bash ./libtool  --tag=CC   --mode=compile /afl/afl-clang-fast -DHAVE_CONFIG_H -I.  -I./include -I./include -DSYSCONFDIR='"/usr/local/etc"'  -pedantic -Wall -Wextra -Wshadow -Wpointer-arith -Wcast-align -Wwrite-strings -Waggregate-return -Wstrict-prototypes -Wmissing-prototypes -Wnested-externs -Winline -Wno-long-long -Wno-format-extra-args -D_REENTRANT   -DFUZZING_BUILD_MODE_UNSAFE_FOR_PRODUCTION -pthread -Wl,--no-as-needed -Wl,-ldl -Wl,-lm -Wno-unused-command-line-argument -O3 -MT libxml2_la-xmlstring.lo -MD -MP -MF .deps/libxml2_la-xmlstring.Tpo -c -o libxml2_la-xmlstring.lo `test -f 'xmlstring.c' || echo './'`xmlstring.c
#22 34.08 /bin/bash ./libtool  --tag=CC   --mode=compile /afl/afl-clang-fast -DHAVE_CONFIG_H -I.  -I./include -I./include -DSYSCONFDIR='"/usr/local/etc"'  -pedantic -Wall -Wextra -Wshadow -Wpointer-arith -Wcast-align -Wwrite-strings -Waggregate-return -Wstrict-prototypes -Wmissing-prototypes -Wnested-externs -Winline -Wno-long-long -Wno-format-extra-args -D_REENTRANT   -DFUZZING_BUILD_MODE_UNSAFE_FOR_PRODUCTION -pthread -Wl,--no-as-needed -Wl,-ldl -Wl,-lm -Wno-unused-command-line-argument -O3 -MT libxml2_la-c14n.lo -MD -MP -MF .deps/libxml2_la-c14n.Tpo -c -o libxml2_la-c14n.lo `test -f 'c14n.c' || echo './'`c14n.c
#22 34.08 /bin/bash ./libtool  --tag=CC   --mode=compile /afl/afl-clang-fast -DHAVE_CONFIG_H -I.  -I./include -I./include -DSYSCONFDIR='"/usr/local/etc"'  -pedantic -Wall -Wextra -Wshadow -Wpointer-arith -Wcast-align -Wwrite-strings -Waggregate-return -Wstrict-prototypes -Wmissing-prototypes -Wnested-externs -Winline -Wno-long-long -Wno-format-extra-args -D_REENTRANT   -DFUZZING_BUILD_MODE_UNSAFE_FOR_PRODUCTION -pthread -Wl,--no-as-needed -Wl,-ldl -Wl,-lm -Wno-unused-command-line-argument -O3 -MT libxml2_la-catalog.lo -MD -MP -MF .deps/libxml2_la-catalog.Tpo -c -o libxml2_la-catalog.lo `test -f 'catalog.c' || echo './'`catalog.c
#22 34.08 /bin/bash ./libtool  --tag=CC   --mode=compile /afl/afl-clang-fast -DHAVE_CONFIG_H -I.  -I./include -I./include -DSYSCONFDIR='"/usr/local/etc"'  -pedantic -Wall -Wextra -Wshadow -Wpointer-arith -Wcast-align -Wwrite-strings -Waggregate-return -Wstrict-prototypes -Wmissing-prototypes -Wnested-externs -Winline -Wno-long-long -Wno-format-extra-args -D_REENTRANT   -DFUZZING_BUILD_MODE_UNSAFE_FOR_PRODUCTION -pthread -Wl,--no-as-needed -Wl,-ldl -Wl,-lm -Wno-unused-command-line-argument -O3 -MT libxml2_la-HTMLparser.lo -MD -MP -MF .deps/libxml2_la-HTMLparser.Tpo -c -o libxml2_la-HTMLparser.lo `test -f 'HTMLparser.c' || echo './'`HTMLparser.c
#22 34.09 /bin/bash ./libtool  --tag=CC   --mode=compile /afl/afl-clang-fast -DHAVE_CONFIG_H -I.  -I./include -I./include -DSYSCONFDIR='"/usr/local/etc"'  -pedantic -Wall -Wextra -Wshadow -Wpointer-arith -Wcast-align -Wwrite-strings -Waggregate-return -Wstrict-prototypes -Wmissing-prototypes -Wnested-externs -Winline -Wno-long-long -Wno-format-extra-args -D_REENTRANT   -DFUZZING_BUILD_MODE_UNSAFE_FOR_PRODUCTION -pthread -Wl,--no-as-needed -Wl,-ldl -Wl,-lm -Wno-unused-command-line-argument -O3 -MT libxml2_la-HTMLtree.lo -MD -MP -MF .deps/libxml2_la-HTMLtree.Tpo -c -o libxml2_la-HTMLtree.lo `test -f 'HTMLtree.c' || echo './'`HTMLtree.c
#22 34.09 /bin/bash ./libtool  --tag=CC   --mode=compile /afl/afl-clang-fast -DHAVE_CONFIG_H -I.  -I./include -I./include -DSYSCONFDIR='"/usr/local/etc"'  -pedantic -Wall -Wextra -Wshadow -Wpointer-arith -Wcast-align -Wwrite-strings -Waggregate-return -Wstrict-prototypes -Wmissing-prototypes -Wnested-externs -Winline -Wno-long-long -Wno-format-extra-args -D_REENTRANT   -DFUZZING_BUILD_MODE_UNSAFE_FOR_PRODUCTION -pthread -Wl,--no-as-needed -Wl,-ldl -Wl,-lm -Wno-unused-command-line-argument -O3 -MT libxml2_la-xzlib.lo -MD -MP -MF .deps/libxml2_la-xzlib.Tpo -c -o libxml2_la-xzlib.lo `test -f 'xzlib.c' || echo './'`xzlib.c
#22 34.09 /bin/bash ./libtool  --tag=CC   --mode=compile /afl/afl-clang-fast -DHAVE_CONFIG_H -I.  -I./include -I./include -DSYSCONFDIR='"/usr/local/etc"'  -pedantic -Wall -Wextra -Wshadow -Wpointer-arith -Wcast-align -Wwrite-strings -Waggregate-return -Wstrict-prototypes -Wmissing-prototypes -Wnested-externs -Winline -Wno-long-long -Wno-format-extra-args -D_REENTRANT   -DFUZZING_BUILD_MODE_UNSAFE_FOR_PRODUCTION -pthread -Wl,--no-as-needed -Wl,-ldl -Wl,-lm -Wno-unused-command-line-argument -O3 -MT libxml2_la-xmlmodule.lo -MD -MP -MF .deps/libxml2_la-xmlmodule.Tpo -c -o libxml2_la-xmlmodule.lo `test -f 'xmlmodule.c' || echo './'`xmlmodule.c
#22 34.09 /bin/bash ./libtool  --tag=CC   --mode=compile /afl/afl-clang-fast -DHAVE_CONFIG_H -I.  -I./include -I./include -DSYSCONFDIR='"/usr/local/etc"'  -pedantic -Wall -Wextra -Wshadow -Wpointer-arith -Wcast-align -Wwrite-strings -Waggregate-return -Wstrict-prototypes -Wmissing-prototypes -Wnested-externs -Winline -Wno-long-long -Wno-format-extra-args -D_REENTRANT   -DFUZZING_BUILD_MODE_UNSAFE_FOR_PRODUCTION -pthread -Wl,--no-as-needed -Wl,-ldl -Wl,-lm -Wno-unused-command-line-argument -O3 -MT libxml2_la-xmlsave.lo -MD -MP -MF .deps/libxml2_la-xmlsave.Tpo -c -o libxml2_la-xmlsave.lo `test -f 'xmlsave.c' || echo './'`xmlsave.c
#22 34.09 /bin/bash ./libtool  --tag=CC   --mode=compile /afl/afl-clang-fast -DHAVE_CONFIG_H -I.  -I./include -I./include -DSYSCONFDIR='"/usr/local/etc"'  -pedantic -Wall -Wextra -Wshadow -Wpointer-arith -Wcast-align -Wwrite-strings -Waggregate-return -Wstrict-prototypes -Wmissing-prototypes -Wnested-externs -Winline -Wno-long-long -Wno-format-extra-args -D_REENTRANT   -DFUZZING_BUILD_MODE_UNSAFE_FOR_PRODUCTION -pthread -Wl,--no-as-needed -Wl,-ldl -Wl,-lm -Wno-unused-command-line-argument -O3 -MT libxml2_la-pattern.lo -MD -MP -MF .deps/libxml2_la-pattern.Tpo -c -o libxml2_la-pattern.lo `test -f 'pattern.c' || echo './'`pattern.c
#22 34.09 /bin/bash ./libtool  --tag=CC   --mode=compile /afl/afl-clang-fast -DHAVE_CONFIG_H -I.  -I./include -I./include -DSYSCONFDIR='"/usr/local/etc"'  -pedantic -Wall -Wextra -Wshadow -Wpointer-arith -Wcast-align -Wwrite-strings -Waggregate-return -Wstrict-prototypes -Wmissing-prototypes -Wnested-externs -Winline -Wno-long-long -Wno-format-extra-args -D_REENTRANT   -DFUZZING_BUILD_MODE_UNSAFE_FOR_PRODUCTION -pthread -Wl,--no-as-needed -Wl,-ldl -Wl,-lm -Wno-unused-command-line-argument -O3 -MT libxml2_la-xmlreader.lo -MD -MP -MF .deps/libxml2_la-xmlreader.Tpo -c -o libxml2_la-xmlreader.lo `test -f 'xmlreader.c' || echo './'`xmlreader.c
#22 34.09 /bin/bash ./libtool  --tag=CC   --mode=compile /afl/afl-clang-fast -DHAVE_CONFIG_H -I.  -I./include -I./include -DSYSCONFDIR='"/usr/local/etc"'  -pedantic -Wall -Wextra -Wshadow -Wpointer-arith -Wcast-align -Wwrite-strings -Waggregate-return -Wstrict-prototypes -Wmissing-prototypes -Wnested-externs -Winline -Wno-long-long -Wno-format-extra-args -D_REENTRANT   -DFUZZING_BUILD_MODE_UNSAFE_FOR_PRODUCTION -pthread -Wl,--no-as-needed -Wl,-ldl -Wl,-lm -Wno-unused-command-line-argument -O3 -MT libxml2_la-xmlregexp.lo -MD -MP -MF .deps/libxml2_la-xmlregexp.Tpo -c -o libxml2_la-xmlregexp.lo `test -f 'xmlregexp.c' || echo './'`xmlregexp.c
#22 34.09 /bin/bash ./libtool  --tag=CC   --mode=compile /afl/afl-clang-fast -DHAVE_CONFIG_H -I.  -I./include -I./include -DSYSCONFDIR='"/usr/local/etc"'  -pedantic -Wall -Wextra -Wshadow -Wpointer-arith -Wcast-align -Wwrite-strings -Waggregate-return -Wstrict-prototypes -Wmissing-prototypes -Wnested-externs -Winline -Wno-long-long -Wno-format-extra-args -D_REENTRANT   -DFUZZING_BUILD_MODE_UNSAFE_FOR_PRODUCTION -pthread -Wl,--no-as-needed -Wl,-ldl -Wl,-lm -Wno-unused-command-line-argument -O3 -MT libxml2_la-xmlunicode.lo -MD -MP -MF .deps/libxml2_la-xmlunicode.Tpo -c -o libxml2_la-xmlunicode.lo `test -f 'xmlunicode.c' || echo './'`xmlunicode.c
#22 34.09 /bin/bash ./libtool  --tag=CC   --mode=compile /afl/afl-clang-fast -DHAVE_CONFIG_H -I.  -I./include -I./include -DSYSCONFDIR='"/usr/local/etc"'  -pedantic -Wall -Wextra -Wshadow -Wpointer-arith -Wcast-align -Wwrite-strings -Waggregate-return -Wstrict-prototypes -Wmissing-prototypes -Wnested-externs -Winline -Wno-long-long -Wno-format-extra-args -D_REENTRANT   -DFUZZING_BUILD_MODE_UNSAFE_FOR_PRODUCTION -pthread -Wl,--no-as-needed -Wl,-ldl -Wl,-lm -Wno-unused-command-line-argument -O3 -MT libxml2_la-relaxng.lo -MD -MP -MF .deps/libxml2_la-relaxng.Tpo -c -o libxml2_la-relaxng.lo `test -f 'relaxng.c' || echo './'`relaxng.c
#22 34.09 /bin/bash ./libtool  --tag=CC   --mode=compile /afl/afl-clang-fast -DHAVE_CONFIG_H -I.  -I./include -I./include -DSYSCONFDIR='"/usr/local/etc"'  -pedantic -Wall -Wextra -Wshadow -Wpointer-arith -Wcast-align -Wwrite-strings -Waggregate-return -Wstrict-prototypes -Wmissing-prototypes -Wnested-externs -Winline -Wno-long-long -Wno-format-extra-args -D_REENTRANT   -DFUZZING_BUILD_MODE_UNSAFE_FOR_PRODUCTION -pthread -Wl,--no-as-needed -Wl,-ldl -Wl,-lm -Wno-unused-command-line-argument -O3 -MT libxml2_la-xmlschemas.lo -MD -MP -MF .deps/libxml2_la-xmlschemas.Tpo -c -o libxml2_la-xmlschemas.lo `test -f 'xmlschemas.c' || echo './'`xmlschemas.c
#22 34.09 /bin/bash ./libtool  --tag=CC   --mode=compile /afl/afl-clang-fast -DHAVE_CONFIG_H -I.  -I./include -I./include -DSYSCONFDIR='"/usr/local/etc"'  -pedantic -Wall -Wextra -Wshadow -Wpointer-arith -Wcast-align -Wwrite-strings -Waggregate-return -Wstrict-prototypes -Wmissing-prototypes -Wnested-externs -Winline -Wno-long-long -Wno-format-extra-args -D_REENTRANT   -DFUZZING_BUILD_MODE_UNSAFE_FOR_PRODUCTION -pthread -Wl,--no-as-needed -Wl,-ldl -Wl,-lm -Wno-unused-command-line-argument -O3 -MT libxml2_la-xmlschemastypes.lo -MD -MP -MF .deps/libxml2_la-xmlschemastypes.Tpo -c -o libxml2_la-xmlschemastypes.lo `test -f 'xmlschemastypes.c' || echo './'`xmlschemastypes.c
#22 34.09 /bin/bash ./libtool  --tag=CC   --mode=compile /afl/afl-clang-fast -DHAVE_CONFIG_H -I.  -I./include -I./include -DSYSCONFDIR='"/usr/local/etc"'  -pedantic -Wall -Wextra -Wshadow -Wpointer-arith -Wcast-align -Wwrite-strings -Waggregate-return -Wstrict-prototypes -Wmissing-prototypes -Wnested-externs -Winline -Wno-long-long -Wno-format-extra-args -D_REENTRANT   -DFUZZING_BUILD_MODE_UNSAFE_FOR_PRODUCTION -pthread -Wl,--no-as-needed -Wl,-ldl -Wl,-lm -Wno-unused-command-line-argument -O3 -MT libxml2_la-schematron.lo -MD -MP -MF .deps/libxml2_la-schematron.Tpo -c -o libxml2_la-schematron.lo `test -f 'schematron.c' || echo './'`schematron.c
#22 34.09 /bin/bash ./libtool  --tag=CC   --mode=compile /afl/afl-clang-fast -DHAVE_CONFIG_H -I.  -I./include -I./include -DSYSCONFDIR='"/usr/local/etc"'  -pedantic -Wall -Wextra -Wshadow -Wpointer-arith -Wcast-align -Wwrite-strings -Waggregate-return -Wstrict-prototypes -Wmissing-prototypes -Wnested-externs -Winline -Wno-long-long -Wno-format-extra-args -D_REENTRANT   -DFUZZING_BUILD_MODE_UNSAFE_FOR_PRODUCTION -pthread -Wl,--no-as-needed -Wl,-ldl -Wl,-lm -Wno-unused-command-line-argument -O3 -MT libxml2_la-xmlwriter.lo -MD -MP -MF .deps/libxml2_la-xmlwriter.Tpo -c -o libxml2_la-xmlwriter.lo `test -f 'xmlwriter.c' || echo './'`xmlwriter.c
#22 34.09 /bin/bash ./libtool  --tag=CC   --mode=compile /afl/afl-clang-fast -DHAVE_CONFIG_H -I.  -I./include -I./include -DSYSCONFDIR='"/usr/local/etc"'  -pedantic -Wall -Wextra -Wshadow -Wpointer-arith -Wcast-align -Wwrite-strings -Waggregate-return -Wstrict-prototypes -Wmissing-prototypes -Wnested-externs -Winline -Wno-long-long -Wno-format-extra-args -D_REENTRANT   -DFUZZING_BUILD_MODE_UNSAFE_FOR_PRODUCTION -pthread -Wl,--no-as-needed -Wl,-ldl -Wl,-lm -Wno-unused-command-line-argument -O3 -MT libxml2_la-xinclude.lo -MD -MP -MF .deps/libxml2_la-xinclude.Tpo -c -o libxml2_la-xinclude.lo `test -f 'xinclude.c' || echo './'`xinclude.c
#22 34.09 /bin/bash ./libtool  --tag=CC   --mode=compile /afl/afl-clang-fast -DHAVE_CONFIG_H -I.  -I./include -I./include -DSYSCONFDIR='"/usr/local/etc"'  -pedantic -Wall -Wextra -Wshadow -Wpointer-arith -Wcast-align -Wwrite-strings -Waggregate-return -Wstrict-prototypes -Wmissing-prototypes -Wnested-externs -Winline -Wno-long-long -Wno-format-extra-args -D_REENTRANT   -DFUZZING_BUILD_MODE_UNSAFE_FOR_PRODUCTION -pthread -Wl,--no-as-needed -Wl,-ldl -Wl,-lm -Wno-unused-command-line-argument -O3 -MT libxml2_la-xpath.lo -MD -MP -MF .deps/libxml2_la-xpath.Tpo -c -o libxml2_la-xpath.lo `test -f 'xpath.c' || echo './'`xpath.c
#22 34.09 /bin/bash ./libtool  --tag=CC   --mode=compile /afl/afl-clang-fast -DHAVE_CONFIG_H -I.  -I./include -I./include -DSYSCONFDIR='"/usr/local/etc"'  -pedantic -Wall -Wextra -Wshadow -Wpointer-arith -Wcast-align -Wwrite-strings -Waggregate-return -Wstrict-prototypes -Wmissing-prototypes -Wnested-externs -Winline -Wno-long-long -Wno-format-extra-args -D_REENTRANT   -DFUZZING_BUILD_MODE_UNSAFE_FOR_PRODUCTION -pthread -Wl,--no-as-needed -Wl,-ldl -Wl,-lm -Wno-unused-command-line-argument -O3 -MT libxml2_la-xlink.lo -MD -MP -MF .deps/libxml2_la-xlink.Tpo -c -o libxml2_la-xlink.lo `test -f 'xlink.c' || echo './'`xlink.c
#22 34.09 /bin/bash ./libtool  --tag=CC   --mode=compile /afl/afl-clang-fast -DHAVE_CONFIG_H -I.  -I./include -I./include -DSYSCONFDIR='"/usr/local/etc"'  -pedantic -Wall -Wextra -Wshadow -Wpointer-arith -Wcast-align -Wwrite-strings -Waggregate-return -Wstrict-prototypes -Wmissing-prototypes -Wnested-externs -Winline -Wno-long-long -Wno-format-extra-args -D_REENTRANT   -DFUZZING_BUILD_MODE_UNSAFE_FOR_PRODUCTION -pthread -Wl,--no-as-needed -Wl,-ldl -Wl,-lm -Wno-unused-command-line-argument -O3 -MT libxml2_la-xpointer.lo -MD -MP -MF .deps/libxml2_la-xpointer.Tpo -c -o libxml2_la-xpointer.lo `test -f 'xpointer.c' || echo './'`xpointer.c
#22 34.09 /afl/afl-clang-fast -DHAVE_CONFIG_H -I.  -I./include -I./include -DSYSCONFDIR='"/usr/local/etc"'  -pedantic -Wall -Wextra -Wshadow -Wpointer-arith -Wcast-align -Wwrite-strings -Waggregate-return -Wstrict-prototypes -Wmissing-prototypes -Wnested-externs -Winline -Wno-long-long -Wno-format-extra-args -DFUZZING_BUILD_MODE_UNSAFE_FOR_PRODUCTION -pthread -Wl,--no-as-needed -Wl,-ldl -Wl,-lm -Wno-unused-command-line-argument -O3 -MT xmlcatalog.o -MD -MP -MF .deps/xmlcatalog.Tpo -c -o xmlcatalog.o xmlcatalog.c
#22 34.09 /bin/bash ./libtool  --tag=CC   --mode=compile /afl/afl-clang-fast -DHAVE_CONFIG_H -I.  -I./include -I./include -DSYSCONFDIR='"/usr/local/etc"'  -pedantic -Wall -Wextra -Wshadow -Wpointer-arith -Wcast-align -Wwrite-strings -Waggregate-return -Wstrict-prototypes -Wmissing-prototypes -Wnested-externs -Winline -Wno-long-long -Wno-format-extra-args -DFUZZING_BUILD_MODE_UNSAFE_FOR_PRODUCTION -pthread -Wl,--no-as-needed -Wl,-ldl -Wl,-lm -Wno-unused-command-line-argument -O3 -MT testdso.lo -MD -MP -MF .deps/testdso.Tpo -c -o testdso.lo testdso.c
#22 34.14 libtool: compile:  /afl/afl-clang-fast -DHAVE_CONFIG_H -I. -I./include -I./include -DSYSCONFDIR=\"/usr/local/etc\" -pedantic -Wall -Wextra -Wshadow -Wpointer-arith -Wcast-align -Wwrite-strings -Waggregate-return -Wstrict-prototypes -Wmissing-prototypes -Wnested-externs -Winline -Wno-long-long -Wno-format-extra-args -D_REENTRANT -DFUZZING_BUILD_MODE_UNSAFE_FOR_PRODUCTION -pthread -Wl,--no-as-needed -Wl,-ldl -Wl,-lm -Wno-unused-command-line-argument -O3 -MT libxml2_la-entities.lo -MD -MP -MF .deps/libxml2_la-entities.Tpo -c entities.c -o libxml2_la-entities.o
#22 34.14 libtool: compile:  /afl/afl-clang-fast -DHAVE_CONFIG_H -I. -I./include -I./include -DSYSCONFDIR=\"/usr/local/etc\" -pedantic -Wall -Wextra -Wshadow -Wpointer-arith -Wcast-align -Wwrite-strings -Waggregate-return -Wstrict-prototypes -Wmissing-prototypes -Wnested-externs -Winline -Wno-long-long -Wno-format-extra-args -D_REENTRANT -DFUZZING_BUILD_MODE_UNSAFE_FOR_PRODUCTION -pthread -Wl,--no-as-needed -Wl,-ldl -Wl,-lm -Wno-unused-command-line-argument -O3 -MT libxml2_la-buf.lo -MD -MP -MF .deps/libxml2_la-buf.Tpo -c buf.c -o libxml2_la-buf.o
#22 34.14 libtool: compile:  /afl/afl-clang-fast -DHAVE_CONFIG_H -I. -I./include -I./include -DSYSCONFDIR=\"/usr/local/etc\" -pedantic -Wall -Wextra -Wshadow -Wpointer-arith -Wcast-align -Wwrite-strings -Waggregate-return -Wstrict-prototypes -Wmissing-prototypes -Wnested-externs -Winline -Wno-long-long -Wno-format-extra-args -D_REENTRANT -DFUZZING_BUILD_MODE_UNSAFE_FOR_PRODUCTION -pthread -Wl,--no-as-needed -Wl,-ldl -Wl,-lm -Wno-unused-command-line-argument -O3 -MT libxml2_la-parserInternals.lo -MD -MP -MF .deps/libxml2_la-parserInternals.Tpo -c parserInternals.c -o libxml2_la-parserInternals.o
#22 34.14 libtool: compile:  /afl/afl-clang-fast -DHAVE_CONFIG_H -I. -I./include -I./include -DSYSCONFDIR=\"/usr/local/etc\" -pedantic -Wall -Wextra -Wshadow -Wpointer-arith -Wcast-align -Wwrite-strings -Waggregate-return -Wstrict-prototypes -Wmissing-prototypes -Wnested-externs -Winline -Wno-long-long -Wno-format-extra-args -D_REENTRANT -DFUZZING_BUILD_MODE_UNSAFE_FOR_PRODUCTION -pthread -Wl,--no-as-needed -Wl,-ldl -Wl,-lm -Wno-unused-command-line-argument -O3 -MT libxml2_la-encoding.lo -MD -MP -MF .deps/libxml2_la-encoding.Tpo -c encoding.c -o libxml2_la-encoding.o
#22 34.14 libtool: compile:  /afl/afl-clang-fast -DHAVE_CONFIG_H -I. -I./include -I./include -DSYSCONFDIR=\"/usr/local/etc\" -pedantic -Wall -Wextra -Wshadow -Wpointer-arith -Wcast-align -Wwrite-strings -Waggregate-return -Wstrict-prototypes -Wmissing-prototypes -Wnested-externs -Winline -Wno-long-long -Wno-format-extra-args -D_REENTRANT -DFUZZING_BUILD_MODE_UNSAFE_FOR_PRODUCTION -pthread -Wl,--no-as-needed -Wl,-ldl -Wl,-lm -Wno-unused-command-line-argument -O3 -MT libxml2_la-chvalid.lo -MD -MP -MF .deps/libxml2_la-chvalid.Tpo -c chvalid.c -o libxml2_la-chvalid.o
#22 34.14 libtool: compile:  /afl/afl-clang-fast -DHAVE_CONFIG_H -I. -I./include -I./include -DSYSCONFDIR=\"/usr/local/etc\" -pedantic -Wall -Wextra -Wshadow -Wpointer-arith -Wcast-align -Wwrite-strings -Waggregate-return -Wstrict-prototypes -Wmissing-prototypes -Wnested-externs -Winline -Wno-long-long -Wno-format-extra-args -D_REENTRANT -DFUZZING_BUILD_MODE_UNSAFE_FOR_PRODUCTION -pthread -Wl,--no-as-needed -Wl,-ldl -Wl,-lm -Wno-unused-command-line-argument -O3 -MT libxml2_la-list.lo -MD -MP -MF .deps/libxml2_la-list.Tpo -c list.c -o libxml2_la-list.o
#22 34.14 libtool: compile:  /afl/afl-clang-fast -DHAVE_CONFIG_H -I. -I./include -I./include -DSYSCONFDIR=\"/usr/local/etc\" -pedantic -Wall -Wextra -Wshadow -Wpointer-arith -Wcast-align -Wwrite-strings -Waggregate-return -Wstrict-prototypes -Wmissing-prototypes -Wnested-externs -Winline -Wno-long-long -Wno-format-extra-args -D_REENTRANT -DFUZZING_BUILD_MODE_UNSAFE_FOR_PRODUCTION -pthread -Wl,--no-as-needed -Wl,-ldl -Wl,-lm -Wno-unused-command-line-argument -O3 -MT libxml2_la-xmlmemory.lo -MD -MP -MF .deps/libxml2_la-xmlmemory.Tpo -c xmlmemory.c -o libxml2_la-xmlmemory.o
#22 34.14 libtool: compile:  /afl/afl-clang-fast -DHAVE_CONFIG_H -I. -I./include -I./include -DSYSCONFDIR=\"/usr/local/etc\" -pedantic -Wall -Wextra -Wshadow -Wpointer-arith -Wcast-align -Wwrite-strings -Waggregate-return -Wstrict-prototypes -Wmissing-prototypes -Wnested-externs -Winline -Wno-long-long -Wno-format-extra-args -D_REENTRANT -DFUZZING_BUILD_MODE_UNSAFE_FOR_PRODUCTION -pthread -Wl,--no-as-needed -Wl,-ldl -Wl,-lm -Wno-unused-command-line-argument -O3 -MT libxml2_la-xmlIO.lo -MD -MP -MF .deps/libxml2_la-xmlIO.Tpo -c xmlIO.c -o libxml2_la-xmlIO.o
#22 34.14 libtool: compile:  /afl/afl-clang-fast -DHAVE_CONFIG_H -I. -I./include -I./include -DSYSCONFDIR=\"/usr/local/etc\" -pedantic -Wall -Wextra -Wshadow -Wpointer-arith -Wcast-align -Wwrite-strings -Waggregate-return -Wstrict-prototypes -Wmissing-prototypes -Wnested-externs -Winline -Wno-long-long -Wno-format-extra-args -D_REENTRANT -DFUZZING_BUILD_MODE_UNSAFE_FOR_PRODUCTION -pthread -Wl,--no-as-needed -Wl,-ldl -Wl,-lm -Wno-unused-command-line-argument -O3 -MT libxml2_la-globals.lo -MD -MP -MF .deps/libxml2_la-globals.Tpo -c globals.c -o libxml2_la-globals.o
#22 34.14 libtool: compile:  /afl/afl-clang-fast -DHAVE_CONFIG_H -I. -I./include -I./include -DSYSCONFDIR=\"/usr/local/etc\" -pedantic -Wall -Wextra -Wshadow -Wpointer-arith -Wcast-align -Wwrite-strings -Waggregate-return -Wstrict-prototypes -Wmissing-prototypes -Wnested-externs -Winline -Wno-long-long -Wno-format-extra-args -D_REENTRANT -DFUZZING_BUILD_MODE_UNSAFE_FOR_PRODUCTION -pthread -Wl,--no-as-needed -Wl,-ldl -Wl,-lm -Wno-unused-command-line-argument -O3 -MT libxml2_la-threads.lo -MD -MP -MF .deps/libxml2_la-threads.Tpo -c threads.c -o libxml2_la-threads.o
#22 34.14 libtool: compile:  /afl/afl-clang-fast -DHAVE_CONFIG_H -I. -I./include -I./include -DSYSCONFDIR=\"/usr/local/etc\" -pedantic -Wall -Wextra -Wshadow -Wpointer-arith -Wcast-align -Wwrite-strings -Waggregate-return -Wstrict-prototypes -Wmissing-prototypes -Wnested-externs -Winline -Wno-long-long -Wno-format-extra-args -D_REENTRANT -DFUZZING_BUILD_MODE_UNSAFE_FOR_PRODUCTION -pthread -Wl,--no-as-needed -Wl,-ldl -Wl,-lm -Wno-unused-command-line-argument -O3 -MT libxml2_la-parser.lo -MD -MP -MF .deps/libxml2_la-parser.Tpo -c parser.c -o libxml2_la-parser.o
#22 34.14 libtool: compile:  /afl/afl-clang-fast -DHAVE_CONFIG_H -I. -I./include -I./include -DSYSCONFDIR=\"/usr/local/etc\" -pedantic -Wall -Wextra -Wshadow -Wpointer-arith -Wcast-align -Wwrite-strings -Waggregate-return -Wstrict-prototypes -Wmissing-prototypes -Wnested-externs -Winline -Wno-long-long -Wno-format-extra-args -D_REENTRANT -DFUZZING_BUILD_MODE_UNSAFE_FOR_PRODUCTION -pthread -Wl,--no-as-needed -Wl,-ldl -Wl,-lm -Wno-unused-command-line-argument -O3 -MT libxml2_la-hash.lo -MD -MP -MF .deps/libxml2_la-hash.Tpo -c hash.c -o libxml2_la-hash.o
#22 34.14 libtool: compile:  /afl/afl-clang-fast -DHAVE_CONFIG_H -I. -I./include -I./include -DSYSCONFDIR=\"/usr/local/etc\" -pedantic -Wall -Wextra -Wshadow -Wpointer-arith -Wcast-align -Wwrite-strings -Waggregate-return -Wstrict-prototypes -Wmissing-prototypes -Wnested-externs -Winline -Wno-long-long -Wno-format-extra-args -D_REENTRANT -DFUZZING_BUILD_MODE_UNSAFE_FOR_PRODUCTION -pthread -Wl,--no-as-needed -Wl,-ldl -Wl,-lm -Wno-unused-command-line-argument -O3 -MT libxml2_la-dict.lo -MD -MP -MF .deps/libxml2_la-dict.Tpo -c dict.c -o libxml2_la-dict.o
#22 34.14 libtool: compile:  /afl/afl-clang-fast -DHAVE_CONFIG_H -I. -I./include -I./include -DSYSCONFDIR=\"/usr/local/etc\" -pedantic -Wall -Wextra -Wshadow -Wpointer-arith -Wcast-align -Wwrite-strings -Waggregate-return -Wstrict-prototypes -Wmissing-prototypes -Wnested-externs -Winline -Wno-long-long -Wno-format-extra-args -D_REENTRANT -DFUZZING_BUILD_MODE_UNSAFE_FOR_PRODUCTION -pthread -Wl,--no-as-needed -Wl,-ldl -Wl,-lm -Wno-unused-command-line-argument -O3 -MT libxml2_la-tree.lo -MD -MP -MF .deps/libxml2_la-tree.Tpo -c tree.c -o libxml2_la-tree.o
#22 34.15 libtool: compile:  /afl/afl-clang-fast -DHAVE_CONFIG_H -I. -I./include -I./include -DSYSCONFDIR=\"/usr/local/etc\" -pedantic -Wall -Wextra -Wshadow -Wpointer-arith -Wcast-align -Wwrite-strings -Waggregate-return -Wstrict-prototypes -Wmissing-prototypes -Wnested-externs -Winline -Wno-long-long -Wno-format-extra-args -D_REENTRANT -DFUZZING_BUILD_MODE_UNSAFE_FOR_PRODUCTION -pthread -Wl,--no-as-needed -Wl,-ldl -Wl,-lm -Wno-unused-command-line-argument -O3 -MT libxml2_la-valid.lo -MD -MP -MF .deps/libxml2_la-valid.Tpo -c valid.c -o libxml2_la-valid.o
#22 34.15 libtool: compile:  /afl/afl-clang-fast -DHAVE_CONFIG_H -I. -I./include -I./include -DSYSCONFDIR=\"/usr/local/etc\" -pedantic -Wall -Wextra -Wshadow -Wpointer-arith -Wcast-align -Wwrite-strings -Waggregate-return -Wstrict-prototypes -Wmissing-prototypes -Wnested-externs -Winline -Wno-long-long -Wno-format-extra-args -D_REENTRANT -DFUZZING_BUILD_MODE_UNSAFE_FOR_PRODUCTION -pthread -Wl,--no-as-needed -Wl,-ldl -Wl,-lm -Wno-unused-command-line-argument -O3 -MT libxml2_la-c14n.lo -MD -MP -MF .deps/libxml2_la-c14n.Tpo -c c14n.c -o libxml2_la-c14n.o
#22 34.15 libtool: compile:  /afl/afl-clang-fast -DHAVE_CONFIG_H -I. -I./include -I./include -DSYSCONFDIR=\"/usr/local/etc\" -pedantic -Wall -Wextra -Wshadow -Wpointer-arith -Wcast-align -Wwrite-strings -Waggregate-return -Wstrict-prototypes -Wmissing-prototypes -Wnested-externs -Winline -Wno-long-long -Wno-format-extra-args -D_REENTRANT -DFUZZING_BUILD_MODE_UNSAFE_FOR_PRODUCTION -pthread -Wl,--no-as-needed -Wl,-ldl -Wl,-lm -Wno-unused-command-line-argument -O3 -MT libxml2_la-error.lo -MD -MP -MF .deps/libxml2_la-error.Tpo -c error.c -o libxml2_la-error.o
#22 34.15 libtool: compile:  /afl/afl-clang-fast -DHAVE_CONFIG_H -I. -I./include -I./include -DSYSCONFDIR=\"/usr/local/etc\" -pedantic -Wall -Wextra -Wshadow -Wpointer-arith -Wcast-align -Wwrite-strings -Waggregate-return -Wstrict-prototypes -Wmissing-prototypes -Wnested-externs -Winline -Wno-long-long -Wno-format-extra-args -D_REENTRANT -DFUZZING_BUILD_MODE_UNSAFE_FOR_PRODUCTION -pthread -Wl,--no-as-needed -Wl,-ldl -Wl,-lm -Wno-unused-command-line-argument -O3 -MT libxml2_la-xmlmodule.lo -MD -MP -MF .deps/libxml2_la-xmlmodule.Tpo -c xmlmodule.c -o libxml2_la-xmlmodule.o
#22 34.15 libtool: compile:  /afl/afl-clang-fast -DHAVE_CONFIG_H -I. -I./include -I./include -DSYSCONFDIR=\"/usr/local/etc\" -pedantic -Wall -Wextra -Wshadow -Wpointer-arith -Wcast-align -Wwrite-strings -Waggregate-return -Wstrict-prototypes -Wmissing-prototypes -Wnested-externs -Winline -Wno-long-long -Wno-format-extra-args -D_REENTRANT -DFUZZING_BUILD_MODE_UNSAFE_FOR_PRODUCTION -pthread -Wl,--no-as-needed -Wl,-ldl -Wl,-lm -Wno-unused-command-line-argument -O3 -MT libxml2_la-pattern.lo -MD -MP -MF .deps/libxml2_la-pattern.Tpo -c pattern.c -o libxml2_la-pattern.o
#22 34.15 libtool: compile:  /afl/afl-clang-fast -DHAVE_CONFIG_H -I. -I./include -I./include -DSYSCONFDIR=\"/usr/local/etc\" -pedantic -Wall -Wextra -Wshadow -Wpointer-arith -Wcast-align -Wwrite-strings -Waggregate-return -Wstrict-prototypes -Wmissing-prototypes -Wnested-externs -Winline -Wno-long-long -Wno-format-extra-args -D_REENTRANT -DFUZZING_BUILD_MODE_UNSAFE_FOR_PRODUCTION -pthread -Wl,--no-as-needed -Wl,-ldl -Wl,-lm -Wno-unused-command-line-argument -O3 -MT libxml2_la-catalog.lo -MD -MP -MF .deps/libxml2_la-catalog.Tpo -c catalog.c -o libxml2_la-catalog.o
#22 34.15 libtool: compile:  /afl/afl-clang-fast -DHAVE_CONFIG_H -I. -I./include -I./include -DSYSCONFDIR=\"/usr/local/etc\" -pedantic -Wall -Wextra -Wshadow -Wpointer-arith -Wcast-align -Wwrite-strings -Waggregate-return -Wstrict-prototypes -Wmissing-prototypes -Wnested-externs -Winline -Wno-long-long -Wno-format-extra-args -D_REENTRANT -DFUZZING_BUILD_MODE_UNSAFE_FOR_PRODUCTION -pthread -Wl,--no-as-needed -Wl,-ldl -Wl,-lm -Wno-unused-command-line-argument -O3 -MT libxml2_la-HTMLparser.lo -MD -MP -MF .deps/libxml2_la-HTMLparser.Tpo -c HTMLparser.c -o libxml2_la-HTMLparser.o
#22 34.15 libtool: compile:  /afl/afl-clang-fast -DHAVE_CONFIG_H -I. -I./include -I./include -DSYSCONFDIR=\"/usr/local/etc\" -pedantic -Wall -Wextra -Wshadow -Wpointer-arith -Wcast-align -Wwrite-strings -Waggregate-return -Wstrict-prototypes -Wmissing-prototypes -Wnested-externs -Winline -Wno-long-long -Wno-format-extra-args -D_REENTRANT -DFUZZING_BUILD_MODE_UNSAFE_FOR_PRODUCTION -pthread -Wl,--no-as-needed -Wl,-ldl -Wl,-lm -Wno-unused-command-line-argument -O3 -MT libxml2_la-xmlschemastypes.lo -MD -MP -MF .deps/libxml2_la-xmlschemastypes.Tpo -c xmlschemastypes.c -o libxml2_la-xmlschemastypes.o
#22 34.15 libtool: compile:  /afl/afl-clang-fast -DHAVE_CONFIG_H -I. -I./include -I./include -DSYSCONFDIR=\"/usr/local/etc\" -pedantic -Wall -Wextra -Wshadow -Wpointer-arith -Wcast-align -Wwrite-strings -Waggregate-return -Wstrict-prototypes -Wmissing-prototypes -Wnested-externs -Winline -Wno-long-long -Wno-format-extra-args -D_REENTRANT -DFUZZING_BUILD_MODE_UNSAFE_FOR_PRODUCTION -pthread -Wl,--no-as-needed -Wl,-ldl -Wl,-lm -Wno-unused-command-line-argument -O3 -MT libxml2_la-xmlsave.lo -MD -MP -MF .deps/libxml2_la-xmlsave.Tpo -c xmlsave.c -o libxml2_la-xmlsave.o
#22 34.15 libtool: compile:  /afl/afl-clang-fast -DHAVE_CONFIG_H -I. -I./include -I./include -DSYSCONFDIR=\"/usr/local/etc\" -pedantic -Wall -Wextra -Wshadow -Wpointer-arith -Wcast-align -Wwrite-strings -Waggregate-return -Wstrict-prototypes -Wmissing-prototypes -Wnested-externs -Winline -Wno-long-long -Wno-format-extra-args -D_REENTRANT -DFUZZING_BUILD_MODE_UNSAFE_FOR_PRODUCTION -pthread -Wl,--no-as-needed -Wl,-ldl -Wl,-lm -Wno-unused-command-line-argument -O3 -MT libxml2_la-SAX2.lo -MD -MP -MF .deps/libxml2_la-SAX2.Tpo -c SAX2.c -o libxml2_la-SAX2.o
#22 34.15 libtool: compile:  /afl/afl-clang-fast -DHAVE_CONFIG_H -I. -I./include -I./include -DSYSCONFDIR=\"/usr/local/etc\" -pedantic -Wall -Wextra -Wshadow -Wpointer-arith -Wcast-align -Wwrite-strings -Waggregate-return -Wstrict-prototypes -Wmissing-prototypes -Wnested-externs -Winline -Wno-long-long -Wno-format-extra-args -D_REENTRANT -DFUZZING_BUILD_MODE_UNSAFE_FOR_PRODUCTION -pthread -Wl,--no-as-needed -Wl,-ldl -Wl,-lm -Wno-unused-command-line-argument -O3 -MT libxml2_la-xmlschemas.lo -MD -MP -MF .deps/libxml2_la-xmlschemas.Tpo -c xmlschemas.c -o libxml2_la-xmlschemas.o
#22 34.15 libtool: compile:  /afl/afl-clang-fast -DHAVE_CONFIG_H -I. -I./include -I./include -DSYSCONFDIR=\"/usr/local/etc\" -pedantic -Wall -Wextra -Wshadow -Wpointer-arith -Wcast-align -Wwrite-strings -Waggregate-return -Wstrict-prototypes -Wmissing-prototypes -Wnested-externs -Winline -Wno-long-long -Wno-format-extra-args -D_REENTRANT -DFUZZING_BUILD_MODE_UNSAFE_FOR_PRODUCTION -pthread -Wl,--no-as-needed -Wl,-ldl -Wl,-lm -Wno-unused-command-line-argument -O3 -MT libxml2_la-xzlib.lo -MD -MP -MF .deps/libxml2_la-xzlib.Tpo -c xzlib.c -o libxml2_la-xzlib.o
#22 34.15 libtool: compile:  /afl/afl-clang-fast -DHAVE_CONFIG_H -I. -I./include -I./include -DSYSCONFDIR=\"/usr/local/etc\" -pedantic -Wall -Wextra -Wshadow -Wpointer-arith -Wcast-align -Wwrite-strings -Waggregate-return -Wstrict-prototypes -Wmissing-prototypes -Wnested-externs -Winline -Wno-long-long -Wno-format-extra-args -D_REENTRANT -DFUZZING_BUILD_MODE_UNSAFE_FOR_PRODUCTION -pthread -Wl,--no-as-needed -Wl,-ldl -Wl,-lm -Wno-unused-command-line-argument -O3 -MT libxml2_la-xmlwriter.lo -MD -MP -MF .deps/libxml2_la-xmlwriter.Tpo -c xmlwriter.c -o libxml2_la-xmlwriter.o
#22 34.15 libtool: compile:  /afl/afl-clang-fast -DHAVE_CONFIG_H -I. -I./include -I./include -DSYSCONFDIR=\"/usr/local/etc\" -pedantic -Wall -Wextra -Wshadow -Wpointer-arith -Wcast-align -Wwrite-strings -Waggregate-return -Wstrict-prototypes -Wmissing-prototypes -Wnested-externs -Winline -Wno-long-long -Wno-format-extra-args -D_REENTRANT -DFUZZING_BUILD_MODE_UNSAFE_FOR_PRODUCTION -pthread -Wl,--no-as-needed -Wl,-ldl -Wl,-lm -Wno-unused-command-line-argument -O3 -MT libxml2_la-xmlreader.lo -MD -MP -MF .deps/libxml2_la-xmlreader.Tpo -c xmlreader.c -o libxml2_la-xmlreader.o
#22 34.15 libtool: compile:  /afl/afl-clang-fast -DHAVE_CONFIG_H -I. -I./include -I./include -DSYSCONFDIR=\"/usr/local/etc\" -pedantic -Wall -Wextra -Wshadow -Wpointer-arith -Wcast-align -Wwrite-strings -Waggregate-return -Wstrict-prototypes -Wmissing-prototypes -Wnested-externs -Winline -Wno-long-long -Wno-format-extra-args -D_REENTRANT -DFUZZING_BUILD_MODE_UNSAFE_FOR_PRODUCTION -pthread -Wl,--no-as-needed -Wl,-ldl -Wl,-lm -Wno-unused-command-line-argument -O3 -MT libxml2_la-xinclude.lo -MD -MP -MF .deps/libxml2_la-xinclude.Tpo -c xinclude.c -o libxml2_la-xinclude.o
#22 34.15 libtool: compile:  /afl/afl-clang-fast -DHAVE_CONFIG_H -I. -I./include -I./include -DSYSCONFDIR=\"/usr/local/etc\" -pedantic -Wall -Wextra -Wshadow -Wpointer-arith -Wcast-align -Wwrite-strings -Waggregate-return -Wstrict-prototypes -Wmissing-prototypes -Wnested-externs -Winline -Wno-long-long -Wno-format-extra-args -D_REENTRANT -DFUZZING_BUILD_MODE_UNSAFE_FOR_PRODUCTION -pthread -Wl,--no-as-needed -Wl,-ldl -Wl,-lm -Wno-unused-command-line-argument -O3 -MT libxml2_la-xmlstring.lo -MD -MP -MF .deps/libxml2_la-xmlstring.Tpo -c xmlstring.c -o libxml2_la-xmlstring.o
#22 34.15 libtool: compile:  /afl/afl-clang-fast -DHAVE_CONFIG_H -I. -I./include -I./include -DSYSCONFDIR=\"/usr/local/etc\" -pedantic -Wall -Wextra -Wshadow -Wpointer-arith -Wcast-align -Wwrite-strings -Waggregate-return -Wstrict-prototypes -Wmissing-prototypes -Wnested-externs -Winline -Wno-long-long -Wno-format-extra-args -D_REENTRANT -DFUZZING_BUILD_MODE_UNSAFE_FOR_PRODUCTION -pthread -Wl,--no-as-needed -Wl,-ldl -Wl,-lm -Wno-unused-command-line-argument -O3 -MT libxml2_la-relaxng.lo -MD -MP -MF .deps/libxml2_la-relaxng.Tpo -c relaxng.c -o libxml2_la-relaxng.o
#22 34.15 libtool: compile:  /afl/afl-clang-fast -DHAVE_CONFIG_H -I. -I./include -I./include -DSYSCONFDIR=\"/usr/local/etc\" -pedantic -Wall -Wextra -Wshadow -Wpointer-arith -Wcast-align -Wwrite-strings -Waggregate-return -Wstrict-prototypes -Wmissing-prototypes -Wnested-externs -Winline -Wno-long-long -Wno-format-extra-args -D_REENTRANT -DFUZZING_BUILD_MODE_UNSAFE_FOR_PRODUCTION -pthread -Wl,--no-as-needed -Wl,-ldl -Wl,-lm -Wno-unused-command-line-argument -O3 -MT libxml2_la-xlink.lo -MD -MP -MF .deps/libxml2_la-xlink.Tpo -c xlink.c -o libxml2_la-xlink.o
#22 34.15 libtool: compile:  /afl/afl-clang-fast -DHAVE_CONFIG_H -I. -I./include -I./include -DSYSCONFDIR=\"/usr/local/etc\" -pedantic -Wall -Wextra -Wshadow -Wpointer-arith -Wcast-align -Wwrite-strings -Waggregate-return -Wstrict-prototypes -Wmissing-prototypes -Wnested-externs -Winline -Wno-long-long -Wno-format-extra-args -D_REENTRANT -DFUZZING_BUILD_MODE_UNSAFE_FOR_PRODUCTION -pthread -Wl,--no-as-needed -Wl,-ldl -Wl,-lm -Wno-unused-command-line-argument -O3 -MT libxml2_la-uri.lo -MD -MP -MF .deps/libxml2_la-uri.Tpo -c uri.c -o libxml2_la-uri.o
#22 34.15 libtool: compile:  /afl/afl-clang-fast -DHAVE_CONFIG_H -I. -I./include -I./include -DSYSCONFDIR=\"/usr/local/etc\" -pedantic -Wall -Wextra -Wshadow -Wpointer-arith -Wcast-align -Wwrite-strings -Waggregate-return -Wstrict-prototypes -Wmissing-prototypes -Wnested-externs -Winline -Wno-long-long -Wno-format-extra-args -D_REENTRANT -DFUZZING_BUILD_MODE_UNSAFE_FOR_PRODUCTION -pthread -Wl,--no-as-needed -Wl,-ldl -Wl,-lm -Wno-unused-command-line-argument -O3 -MT libxml2_la-xmlregexp.lo -MD -MP -MF .deps/libxml2_la-xmlregexp.Tpo -c xmlregexp.c -o libxml2_la-xmlregexp.o
#22 34.15 libtool: compile:  /afl/afl-clang-fast -DHAVE_CONFIG_H -I. -I./include -I./include -DSYSCONFDIR=\"/usr/local/etc\" -pedantic -Wall -Wextra -Wshadow -Wpointer-arith -Wcast-align -Wwrite-strings -Waggregate-return -Wstrict-prototypes -Wmissing-prototypes -Wnested-externs -Winline -Wno-long-long -Wno-format-extra-args -D_REENTRANT -DFUZZING_BUILD_MODE_UNSAFE_FOR_PRODUCTION -pthread -Wl,--no-as-needed -Wl,-ldl -Wl,-lm -Wno-unused-command-line-argument -O3 -MT libxml2_la-xpath.lo -MD -MP -MF .deps/libxml2_la-xpath.Tpo -c xpath.c -o libxml2_la-xpath.o
#22 34.15 libtool: compile:  /afl/afl-clang-fast -DHAVE_CONFIG_H -I. -I./include -I./include -DSYSCONFDIR=\"/usr/local/etc\" -pedantic -Wall -Wextra -Wshadow -Wpointer-arith -Wcast-align -Wwrite-strings -Waggregate-return -Wstrict-prototypes -Wmissing-prototypes -Wnested-externs -Winline -Wno-long-long -Wno-format-extra-args -D_REENTRANT -DFUZZING_BUILD_MODE_UNSAFE_FOR_PRODUCTION -pthread -Wl,--no-as-needed -Wl,-ldl -Wl,-lm -Wno-unused-command-line-argument -O3 -MT libxml2_la-schematron.lo -MD -MP -MF .deps/libxml2_la-schematron.Tpo -c schematron.c -o libxml2_la-schematron.o
#22 34.15 libtool: compile:  /afl/afl-clang-fast -DHAVE_CONFIG_H -I. -I./include -I./include -DSYSCONFDIR=\"/usr/local/etc\" -pedantic -Wall -Wextra -Wshadow -Wpointer-arith -Wcast-align -Wwrite-strings -Waggregate-return -Wstrict-prototypes -Wmissing-prototypes -Wnested-externs -Winline -Wno-long-long -Wno-format-extra-args -DFUZZING_BUILD_MODE_UNSAFE_FOR_PRODUCTION -pthread -Wl,--no-as-needed -Wl,-ldl -Wl,-lm -Wno-unused-command-line-argument -O3 -MT testdso.lo -MD -MP -MF .deps/testdso.Tpo -c testdso.c -o testdso.o
#22 34.15 libtool: compile:  /afl/afl-clang-fast -DHAVE_CONFIG_H -I. -I./include -I./include -DSYSCONFDIR=\"/usr/local/etc\" -pedantic -Wall -Wextra -Wshadow -Wpointer-arith -Wcast-align -Wwrite-strings -Waggregate-return -Wstrict-prototypes -Wmissing-prototypes -Wnested-externs -Winline -Wno-long-long -Wno-format-extra-args -D_REENTRANT -DFUZZING_BUILD_MODE_UNSAFE_FOR_PRODUCTION -pthread -Wl,--no-as-needed -Wl,-ldl -Wl,-lm -Wno-unused-command-line-argument -O3 -MT libxml2_la-HTMLtree.lo -MD -MP -MF .deps/libxml2_la-HTMLtree.Tpo -c HTMLtree.c -o libxml2_la-HTMLtree.o
#22 34.15 libtool: compile:  /afl/afl-clang-fast -DHAVE_CONFIG_H -I. -I./include -I./include -DSYSCONFDIR=\"/usr/local/etc\" -pedantic -Wall -Wextra -Wshadow -Wpointer-arith -Wcast-align -Wwrite-strings -Waggregate-return -Wstrict-prototypes -Wmissing-prototypes -Wnested-externs -Winline -Wno-long-long -Wno-format-extra-args -D_REENTRANT -DFUZZING_BUILD_MODE_UNSAFE_FOR_PRODUCTION -pthread -Wl,--no-as-needed -Wl,-ldl -Wl,-lm -Wno-unused-command-line-argument -O3 -MT libxml2_la-xmlunicode.lo -MD -MP -MF .deps/libxml2_la-xmlunicode.Tpo -c xmlunicode.c -o libxml2_la-xmlunicode.o
#22 34.15 libtool: compile:  /afl/afl-clang-fast -DHAVE_CONFIG_H -I. -I./include -I./include -DSYSCONFDIR=\"/usr/local/etc\" -pedantic -Wall -Wextra -Wshadow -Wpointer-arith -Wcast-align -Wwrite-strings -Waggregate-return -Wstrict-prototypes -Wmissing-prototypes -Wnested-externs -Winline -Wno-long-long -Wno-format-extra-args -D_REENTRANT -DFUZZING_BUILD_MODE_UNSAFE_FOR_PRODUCTION -pthread -Wl,--no-as-needed -Wl,-ldl -Wl,-lm -Wno-unused-command-line-argument -O3 -MT libxml2_la-xpointer.lo -MD -MP -MF .deps/libxml2_la-xpointer.Tpo -c xpointer.c -o libxml2_la-xpointer.o
#22 34.18 encoding.c:509:26: warning: cast from 'const unsigned char *' to 'unsigned short *' increases required alignment from 1 to 2 [-Wcast-align]
#22 34.18     unsigned short* in = (unsigned short*) inb;
#22 34.18                          ^~~~~~~~~~~~~~~~~~~~~
#22 34.18 encoding.c:596:27: warning: cast from 'unsigned char *' to 'unsigned short *' increases required alignment from 1 to 2 [-Wcast-align]
#22 34.18     unsigned short* out = (unsigned short*) outb;
#22 34.18                           ^~~~~~~~~~~~~~~~~~~~~~
#22 34.18 encoding.c:752:26: warning: cast from 'const unsigned char *' to 'unsigned short *' increases required alignment from 1 to 2 [-Wcast-align]
#22 34.18     unsigned short* in = (unsigned short*) inb;
#22 34.18                          ^~~~~~~~~~~~~~~~~~~~~
#22 34.18 encoding.c:839:27: warning: cast from 'unsigned char *' to 'unsigned short *' increases required alignment from 1 to 2 [-Wcast-align]
#22 34.18     unsigned short* out = (unsigned short*) outb;
#22 34.18                           ^~~~~~~~~~~~~~~~~~~~~~
#22 34.18 mv -f .deps/testdso.Tpo .deps/testdso.Plo
#22 34.18 /bin/bash ./libtool  --tag=CC   --mode=link /afl/afl-clang-fast -pedantic -Wall -Wextra -Wshadow -Wpointer-arith -Wcast-align -Wwrite-strings -Waggregate-return -Wstrict-prototypes -Wmissing-prototypes -Wnested-externs -Winline -Wno-long-long -Wno-format-extra-args -DFUZZING_BUILD_MODE_UNSAFE_FOR_PRODUCTION -pthread -Wl,--no-as-needed -Wl,-ldl -Wl,-lm -Wno-unused-command-line-argument -O3  -module -no-undefined -avoid-version -rpath /usr/local/lib  -o testdso.la  testdso.lo  
#22 34.19 WARNING: dlopen() detected. To have coverage for a library that your target dlopen()'s this must either happen before __AFL_INIT() or you must use AFL_PRELOAD to preload all dlopen()'ed libraries!
#22 34.21 mv -f .deps/libxml2_la-chvalid.Tpo .deps/libxml2_la-chvalid.Plo
#22 34.21 mv -f .deps/libxml2_la-xlink.Tpo .deps/libxml2_la-xlink.Plo
#22 34.22 mv -f .deps/libxml2_la-xmlmodule.Tpo .deps/libxml2_la-xmlmodule.Plo
#22 34.25 mv -f .deps/libxml2_la-threads.Tpo .deps/libxml2_la-threads.Plo
#22 34.27 libtool: link: ar cr .libs/testdso.a  testdso.o
#22 34.27 libtool: link: ranlib .libs/testdso.a
#22 34.29 libtool: link: ( cd ".libs" && rm -f "testdso.la" && ln -s "../testdso.la" "testdso.la" )
#22 34.29 mv -f .deps/libxml2_la-xmlmemory.Tpo .deps/libxml2_la-xmlmemory.Plo
#22 34.29 mv -f .deps/libxml2_la-globals.Tpo .deps/libxml2_la-globals.Plo
#22 34.30 mv -f .deps/libxml2_la-list.Tpo .deps/libxml2_la-list.Plo
#22 34.33 mv -f .deps/libxml2_la-xpointer.Tpo .deps/libxml2_la-xpointer.Plo
#22 34.36 mv -f .deps/xmlcatalog.Tpo .deps/xmlcatalog.Po
#22 34.40 mv -f .deps/libxml2_la-xmlstring.Tpo .deps/libxml2_la-xmlstring.Plo
#22 34.42 mv -f .deps/libxml2_la-xzlib.Tpo .deps/libxml2_la-xzlib.Plo
#22 34.44 mv -f .deps/libxml2_la-buf.Tpo .deps/libxml2_la-buf.Plo
#22 34.46 mv -f .deps/libxml2_la-entities.Tpo .deps/libxml2_la-entities.Plo
#22 34.46 mv -f .deps/libxml2_la-error.Tpo .deps/libxml2_la-error.Plo
#22 34.47 mv -f .deps/libxml2_la-dict.Tpo .deps/libxml2_la-dict.Plo
#22 34.47 mv -f .deps/libxml2_la-xmlunicode.Tpo .deps/libxml2_la-xmlunicode.Plo
#22 34.47 mv -f .deps/libxml2_la-hash.Tpo .deps/libxml2_la-hash.Plo
#22 34.51 mv -f .deps/libxml2_la-HTMLtree.Tpo .deps/libxml2_la-HTMLtree.Plo
#22 34.55 mv -f .deps/libxml2_la-parserInternals.Tpo .deps/libxml2_la-parserInternals.Plo
#22 34.57 mv -f .deps/libxml2_la-c14n.Tpo .deps/libxml2_la-c14n.Plo
#22 34.61 mv -f .deps/libxml2_la-schematron.Tpo .deps/libxml2_la-schematron.Plo
#22 34.63 mv -f .deps/libxml2_la-xinclude.Tpo .deps/libxml2_la-xinclude.Plo
#22 34.66 mv -f .deps/libxml2_la-xmlIO.Tpo .deps/libxml2_la-xmlIO.Plo
#22 34.69 4 warnings generated.
#22 34.70 mv -f .deps/libxml2_la-encoding.Tpo .deps/libxml2_la-encoding.Plo
#22 34.77 mv -f .deps/libxml2_la-xmlsave.Tpo .deps/libxml2_la-xmlsave.Plo
#22 34.81 mv -f .deps/libxml2_la-SAX2.Tpo .deps/libxml2_la-SAX2.Plo
#22 34.83 mv -f .deps/libxml2_la-pattern.Tpo .deps/libxml2_la-pattern.Plo
#22 34.86 mv -f .deps/libxml2_la-xmlwriter.Tpo .deps/libxml2_la-xmlwriter.Plo
#22 34.97 mv -f .deps/libxml2_la-catalog.Tpo .deps/libxml2_la-catalog.Plo
#22 35.03 mv -f .deps/xmllint-xmllint.Tpo .deps/xmllint-xmllint.Po
#22 35.07 mv -f .deps/libxml2_la-uri.Tpo .deps/libxml2_la-uri.Plo
#22 35.23 mv -f .deps/libxml2_la-xmlreader.Tpo .deps/libxml2_la-xmlreader.Plo
#22 35.43 mv -f .deps/libxml2_la-valid.Tpo .deps/libxml2_la-valid.Plo
#22 35.76 mv -f .deps/libxml2_la-HTMLparser.Tpo .deps/libxml2_la-HTMLparser.Plo
#22 35.78 mv -f .deps/libxml2_la-xmlregexp.Tpo .deps/libxml2_la-xmlregexp.Plo
#22 35.94 mv -f .deps/libxml2_la-xmlschemastypes.Tpo .deps/libxml2_la-xmlschemastypes.Plo
#22 36.60 mv -f .deps/libxml2_la-relaxng.Tpo .deps/libxml2_la-relaxng.Plo
#22 36.67 mv -f .deps/libxml2_la-tree.Tpo .deps/libxml2_la-tree.Plo
#22 37.47 mv -f .deps/libxml2_la-xpath.Tpo .deps/libxml2_la-xpath.Plo
#22 37.95 mv -f .deps/libxml2_la-parser.Tpo .deps/libxml2_la-parser.Plo
#22 39.89 mv -f .deps/libxml2_la-xmlschemas.Tpo .deps/libxml2_la-xmlschemas.Plo
#22 39.90 /bin/bash ./libtool  --tag=CC   --mode=link /afl/afl-clang-fast -pedantic -Wall -Wextra -Wshadow -Wpointer-arith -Wcast-align -Wwrite-strings -Waggregate-return -Wstrict-prototypes -Wmissing-prototypes -Wnested-externs -Winline -Wno-long-long -Wno-format-extra-args -D_REENTRANT   -DFUZZING_BUILD_MODE_UNSAFE_FOR_PRODUCTION -pthread -Wl,--no-as-needed -Wl,-ldl -Wl,-lm -Wno-unused-command-line-argument -O3  -no-undefined -version-info 13:0:11  -Wl,--version-script=./libxml2.syms  -o libxml2.la -rpath /usr/local/lib libxml2_la-buf.lo libxml2_la-chvalid.lo libxml2_la-dict.lo libxml2_la-entities.lo libxml2_la-encoding.lo libxml2_la-error.lo libxml2_la-globals.lo libxml2_la-hash.lo libxml2_la-list.lo libxml2_la-parser.lo libxml2_la-parserInternals.lo libxml2_la-SAX2.lo libxml2_la-threads.lo libxml2_la-tree.lo libxml2_la-uri.lo libxml2_la-valid.lo libxml2_la-xmlIO.lo libxml2_la-xmlmemory.lo libxml2_la-xmlstring.lo libxml2_la-c14n.lo libxml2_la-catalog.lo   libxml2_la-HTMLparser.lo libxml2_la-HTMLtree.lo    libxml2_la-xzlib.lo libxml2_la-xmlmodule.lo libxml2_la-xmlsave.lo libxml2_la-pattern.lo libxml2_la-xmlreader.lo libxml2_la-xmlregexp.lo libxml2_la-xmlunicode.lo libxml2_la-relaxng.lo libxml2_la-xmlschemas.lo libxml2_la-xmlschemastypes.lo  libxml2_la-schematron.lo  libxml2_la-xmlwriter.lo libxml2_la-xinclude.lo libxml2_la-xpath.lo libxml2_la-xlink.lo libxml2_la-xpointer.lo -lz -llzma    -lm  
#22 40.00 libtool: link: ar cr .libs/libxml2.a  libxml2_la-buf.o libxml2_la-chvalid.o libxml2_la-dict.o libxml2_la-entities.o libxml2_la-encoding.o libxml2_la-error.o libxml2_la-globals.o libxml2_la-hash.o libxml2_la-list.o libxml2_la-parser.o libxml2_la-parserInternals.o libxml2_la-SAX2.o libxml2_la-threads.o libxml2_la-tree.o libxml2_la-uri.o libxml2_la-valid.o libxml2_la-xmlIO.o libxml2_la-xmlmemory.o libxml2_la-xmlstring.o libxml2_la-c14n.o libxml2_la-catalog.o libxml2_la-HTMLparser.o libxml2_la-HTMLtree.o libxml2_la-xzlib.o libxml2_la-xmlmodule.o libxml2_la-xmlsave.o libxml2_la-pattern.o libxml2_la-xmlreader.o libxml2_la-xmlregexp.o libxml2_la-xmlunicode.o libxml2_la-relaxng.o libxml2_la-xmlschemas.o libxml2_la-xmlschemastypes.o libxml2_la-schematron.o libxml2_la-xmlwriter.o libxml2_la-xinclude.o libxml2_la-xpath.o libxml2_la-xlink.o libxml2_la-xpointer.o
#22 40.06 libtool: link: ranlib .libs/libxml2.a
#22 40.12 libtool: link: ( cd ".libs" && rm -f "libxml2.la" && ln -s "../libxml2.la" "libxml2.la" )
#22 40.12 /bin/bash ./libtool  --tag=CC   --mode=link /afl/afl-clang-fast -pedantic -Wall -Wextra -Wshadow -Wpointer-arith -Wcast-align -Wwrite-strings -Waggregate-return -Wstrict-prototypes -Wmissing-prototypes -Wnested-externs -Winline -Wno-long-long -Wno-format-extra-args  -DFUZZING_BUILD_MODE_UNSAFE_FOR_PRODUCTION -pthread -Wl,--no-as-needed -Wl,-ldl -Wl,-lm -Wno-unused-command-line-argument -O3   -o xmllint xmllint-xmllint.o  ./libxml2.la 
#22 40.12 /bin/bash ./libtool  --tag=CC   --mode=link /afl/afl-clang-fast -pedantic -Wall -Wextra -Wshadow -Wpointer-arith -Wcast-align -Wwrite-strings -Waggregate-return -Wstrict-prototypes -Wmissing-prototypes -Wnested-externs -Winline -Wno-long-long -Wno-format-extra-args -DFUZZING_BUILD_MODE_UNSAFE_FOR_PRODUCTION -pthread -Wl,--no-as-needed -Wl,-ldl -Wl,-lm -Wno-unused-command-line-argument -O3   -o xmlcatalog xmlcatalog.o  ./libxml2.la 
#22 40.21 libtool: link: /afl/afl-clang-fast -pedantic -Wall -Wextra -Wshadow -Wpointer-arith -Wcast-align -Wwrite-strings -Waggregate-return -Wstrict-prototypes -Wmissing-prototypes -Wnested-externs -Winline -Wno-long-long -Wno-format-extra-args -DFUZZING_BUILD_MODE_UNSAFE_FOR_PRODUCTION -pthread -Wl,--no-as-needed -Wl,-ldl -Wl,-lm -Wno-unused-command-line-argument -O3 -o xmlcatalog xmlcatalog.o  ./.libs/libxml2.a -lz -llzma -lm -pthread
#22 40.21 libtool: link: /afl/afl-clang-fast -pedantic -Wall -Wextra -Wshadow -Wpointer-arith -Wcast-align -Wwrite-strings -Waggregate-return -Wstrict-prototypes -Wmissing-prototypes -Wnested-externs -Winline -Wno-long-long -Wno-format-extra-args -DFUZZING_BUILD_MODE_UNSAFE_FOR_PRODUCTION -pthread -Wl,--no-as-needed -Wl,-ldl -Wl,-lm -Wno-unused-command-line-argument -O3 -o xmllint xmllint-xmllint.o  ./.libs/libxml2.a -lz -llzma -lm -pthread
#22 40.37 make[2]: Leaving directory '/src/libxml2'
#22 40.37 Making all in doc
#22 40.38 make[2]: Entering directory '/src/libxml2/doc'
#22 40.38 Making all in .
#22 40.38 make[3]: Entering directory '/src/libxml2/doc'
#22 40.38 make[3]: Nothing to be done for 'all-am'.
#22 40.38 make[3]: Leaving directory '/src/libxml2/doc'
#22 40.38 Making all in devhelp
#22 40.39 make[3]: Entering directory '/src/libxml2/doc/devhelp'
#22 40.39 make[3]: Nothing to be done for 'all'.
#22 40.39 make[3]: Leaving directory '/src/libxml2/doc/devhelp'
#22 40.39 Making all in examples
#22 40.39 make[3]: Entering directory '/src/libxml2/doc/examples'
#22 40.39 make[3]: Nothing to be done for 'all'.
#22 40.39 make[3]: Leaving directory '/src/libxml2/doc/examples'
#22 40.39 make[2]: Leaving directory '/src/libxml2/doc'
#22 40.39 Making all in example
#22 40.39 make[2]: Entering directory '/src/libxml2/example'
#22 40.39 make[2]: Nothing to be done for 'all'.
#22 40.39 make[2]: Leaving directory '/src/libxml2/example'
#22 40.39 Making all in xstc
#22 40.40 make[2]: Entering directory '/src/libxml2/xstc'
#22 40.40 make[2]: Nothing to be done for 'all'.
#22 40.40 make[2]: Leaving directory '/src/libxml2/xstc'
#22 40.40 Making all in fuzz
#22 40.40 make[2]: Entering directory '/src/libxml2/fuzz'
#22 40.40 make[2]: Nothing to be done for 'all'.
#22 40.40 make[2]: Leaving directory '/src/libxml2/fuzz'
#22 40.40 make[1]: Leaving directory '/src/libxml2'
#22 40.40 + cd fuzz
#22 40.40 + make clean-corpus
#22 40.40 rm -rf seed
#22 40.40 + make fuzz.o
#22 40.41 /afl/afl-clang-fast -DHAVE_CONFIG_H -I. -I..  -I../include -I../include  -pedantic -Wall -Wextra -Wshadow -Wpointer-arith -Wcast-align -Wwrite-strings -Waggregate-return -Wstrict-prototypes -Wmissing-prototypes -Wnested-externs -Winline -Wno-long-long -Wno-format-extra-args -DFUZZING_BUILD_MODE_UNSAFE_FOR_PRODUCTION -pthread -Wl,--no-as-needed -Wl,-ldl -Wl,-lm -Wno-unused-command-line-argument -O3 -MT fuzz.o -MD -MP -MF .deps/fuzz.Tpo -c -o fuzz.o fuzz.c
#22 40.50 mv -f .deps/fuzz.Tpo .deps/fuzz.Po
#22 40.50 + make xml.o
#22 40.51 /afl/afl-clang-fast -DHAVE_CONFIG_H -I. -I..  -I../include -I../include  -pedantic -Wall -Wextra -Wshadow -Wpointer-arith -Wcast-align -Wwrite-strings -Waggregate-return -Wstrict-prototypes -Wmissing-prototypes -Wnested-externs -Winline -Wno-long-long -Wno-format-extra-args -DFUZZING_BUILD_MODE_UNSAFE_FOR_PRODUCTION -pthread -Wl,--no-as-needed -Wl,-ldl -Wl,-lm -Wno-unused-command-line-argument -O3 -MT xml.o -MD -MP -MF .deps/xml.Tpo -c -o xml.o xml.c
#22 40.56 mv -f .deps/xml.Tpo .deps/xml.Po
#22 40.57 + /afl/afl-clang-fast++ -DFUZZING_BUILD_MODE_UNSAFE_FOR_PRODUCTION -pthread -Wl,--no-as-needed -Wl,-ldl -Wl,-lm -Wno-unused-command-line-argument -stdlib=libc++ -O3 xml.o fuzz.o -o /out/cmplog/xml /libAFLDriver.a ../.libs/libxml2.a -Wl,-Bstatic -lz -llzma -Wl,-Bdynamic
#22 40.73 + '[' -e seed/xml ']'
#22 40.73 + make seed/xml.stamp
#22 40.73 /afl/afl-clang-fast -DHAVE_CONFIG_H -I. -I..  -I../include -I../include  -pedantic -Wall -Wextra -Wshadow -Wpointer-arith -Wcast-align -Wwrite-strings -Waggregate-return -Wstrict-prototypes -Wmissing-prototypes -Wnested-externs -Winline -Wno-long-long -Wno-format-extra-args -DFUZZING_BUILD_MODE_UNSAFE_FOR_PRODUCTION -pthread -Wl,--no-as-needed -Wl,-ldl -Wl,-lm -Wno-unused-command-line-argument -O3 -MT genSeed.o -MD -MP -MF .deps/genSeed.Tpo -c -o genSeed.o genSeed.c
#22 40.88 mv -f .deps/genSeed.Tpo .deps/genSeed.Po
#22 40.89 /bin/bash ../libtool  --tag=CC   --mode=link /afl/afl-clang-fast -pedantic -Wall -Wextra -Wshadow -Wpointer-arith -Wcast-align -Wwrite-strings -Waggregate-return -Wstrict-prototypes -Wmissing-prototypes -Wnested-externs -Winline -Wno-long-long -Wno-format-extra-args -DFUZZING_BUILD_MODE_UNSAFE_FOR_PRODUCTION -pthread -Wl,--no-as-needed -Wl,-ldl -Wl,-lm -Wno-unused-command-line-argument -O3   -o genSeed genSeed.o fuzz.o ../libxml2.la 
#22 40.98 libtool: link: /afl/afl-clang-fast -pedantic -Wall -Wextra -Wshadow -Wpointer-arith -Wcast-align -Wwrite-strings -Waggregate-return -Wstrict-prototypes -Wmissing-prototypes -Wnested-externs -Winline -Wno-long-long -Wno-format-extra-args -DFUZZING_BUILD_MODE_UNSAFE_FOR_PRODUCTION -pthread -Wl,--no-as-needed -Wl,-ldl -Wl,-lm -Wno-unused-command-line-argument -O3 -o genSeed genSeed.o fuzz.o  ../.libs/libxml2.a -lz -llzma -lm -pthread
#22 41.13 ./genSeed xml '../test/*' '../test/errors/*.xml' '../test/errors10/*.xml' '../test/namespaces/*' '../test/recurse/*.xml' '../test/SVG/*.xml' '../test/valid/*.xml' '../test/VC/*' '../test/VCM/*' '../test/xmlid/*'
#22 44.39 + zip -j /out/cmplog/xml_seed_corpus.zip seed/xml/127772.xml seed/xml/21.xml seed/xml/4rects.xml seed/xml/694228.xml seed/xml/737840.xml seed/xml/754946.xml seed/xml/754947.xml seed/xml/758588.xml seed/xml/759020.xml seed/xml/759398.xml seed/xml/759573-2.xml seed/xml/759573.xml seed/xml/759579.xml seed/xml/766956.xml seed/xml/781205.xml seed/xml/781333.xml seed/xml/781361.xml seed/xml/AttributeDefaultLegal seed/xml/AttributeNmtokens seed/xml/AttributeNmtokens.xml seed/xml/DuplicateType seed/xml/ElementValid seed/xml/ElementValid2 seed/xml/ElementValid3 seed/xml/ElementValid4 seed/xml/ElementValid5 seed/xml/ElementValid6 seed/xml/ElementValid7 seed/xml/ElementValid8 seed/xml/Enumeration seed/xml/NS1 seed/xml/NS2 seed/xml/NS3 seed/xml/OneID seed/xml/OneID2 seed/xml/OneID3 seed/xml/PENesting seed/xml/PENesting2 seed/xml/REC-xml-19980210.xml seed/xml/UTF16Entity.xml seed/xml/UniqueElementTypeDeclaration seed/xml/UniqueElementTypeDeclaration2 seed/xml/a-valid.xml seed/xml/a-wf.xml seed/xml/att1 seed/xml/att10 seed/xml/att11 seed/xml/att2 seed/xml/att3 seed/xml/att4 seed/xml/att5 seed/xml/att6 seed/xml/att7 seed/xml/att8 seed/xml/att9 seed/xml/attr1.xml seed/xml/attr2.xml seed/xml/attr3.xml seed/xml/attr4.xml seed/xml/attrib.xml seed/xml/badcomment.xml seed/xml/bigentname.xml seed/xml/bigname.xml seed/xml/bigname2.xml seed/xml/bike.xml seed/xml/boundaries1.xml seed/xml/cdata seed/xml/cdata-2-byte-UTF-8.xml seed/xml/cdata-3-byte-UTF-8.xml seed/xml/cdata-4-byte-UTF-8.xml seed/xml/cdata.xml seed/xml/cdata2 seed/xml/charref1.xml seed/xml/circle.xml seed/xml/comment.xml seed/xml/comment1.xml seed/xml/comment2.xml seed/xml/comment3.xml seed/xml/comment4.xml seed/xml/comment5.xml seed/xml/comment6.xml seed/xml/cond_sect1.xml seed/xml/cond_sect2.xml seed/xml/content1.xml seed/xml/dav1 seed/xml/dav10 seed/xml/dav11 seed/xml/dav12 seed/xml/dav13 seed/xml/dav15 seed/xml/dav16 seed/xml/dav17 seed/xml/dav18 seed/xml/dav19 seed/xml/dav2 seed/xml/dav3 seed/xml/dav4 seed/xml/dav5 seed/xml/dav6 seed/xml/dav7 seed/xml/dav8 seed/xml/dav9 seed/xml/defattr.xml seed/xml/defattr2.xml seed/xml/defs.xml seed/xml/desc.xml seed/xml/dia.xml seed/xml/dia1 seed/xml/dia2 seed/xml/dtd1 seed/xml/dtd10 seed/xml/dtd11 seed/xml/dtd12 seed/xml/dtd13 seed/xml/dtd2 seed/xml/dtd3 seed/xml/dtd4 seed/xml/dtd5 seed/xml/dtd6 seed/xml/dtd7 seed/xml/dtd8 seed/xml/dtd9 seed/xml/ebcdic_566012.xml seed/xml/ellipse.xml seed/xml/emptycdata.xml seed/xml/ent1 seed/xml/ent10 seed/xml/ent11 seed/xml/ent12 seed/xml/ent13 seed/xml/ent2 seed/xml/ent3 seed/xml/ent4 seed/xml/ent5 seed/xml/ent6 seed/xml/ent6hex seed/xml/ent7 seed/xml/ent8 seed/xml/ent9 seed/xml/ent_738805.xml seed/xml/ent_redecl.xml seed/xml/err_0.xml seed/xml/err_1.xml seed/xml/err_10.xml seed/xml/err_11.xml seed/xml/err_2.xml seed/xml/err_3.xml seed/xml/err_4.xml seed/xml/err_5.xml seed/xml/err_6.xml seed/xml/err_7.xml seed/xml/err_8.xml seed/xml/err_9.xml seed/xml/eve.xml seed/xml/extparsedent.xml seed/xml/flower2.xml seed/xml/good.xml seed/xml/good_attr.xml seed/xml/gradient.xml seed/xml/group01.xml seed/xml/group02.xml seed/xml/group03.xml seed/xml/huge_dtd.xml seed/xml/icu_parse_test.xml seed/xml/id1.xml seed/xml/id2.xml seed/xml/id3.xml seed/xml/id_err1.xml seed/xml/id_err2.xml seed/xml/id_tst1.xml seed/xml/id_tst2.xml seed/xml/id_tst3.xml seed/xml/id_tst4.xml seed/xml/image-valid.xml seed/xml/image-wf.xml seed/xml/index.xml seed/xml/intsubset.xml seed/xml/intsubset2.xml seed/xml/isolat1 seed/xml/isolat2 seed/xml/isolat3 seed/xml/issue151.xml seed/xml/japancrlf.xml seed/xml/lin-gradient.xml seed/xml/lol_classic.xml seed/xml/lol_eg.xml seed/xml/lol_ep.xml seed/xml/lol_ig_attr.xml seed/xml/lol_ig_content.xml seed/xml/lol_ip_content.xml seed/xml/lol_ip_value.xml seed/xml/lol_long_name.xml seed/xml/lol_long_value.xml seed/xml/lol_param.xml seed/xml/marker.xml seed/xml/mask.xml seed/xml/mathswitch.xml seed/xml/mixed_ns.xml seed/xml/name.xml seed/xml/name2.xml seed/xml/notes.xml seed/xml/ns seed/xml/ns.xml seed/xml/ns2 seed/xml/ns2.xml seed/xml/ns3 seed/xml/ns4 seed/xml/ns5 seed/xml/ns6 seed/xml/ns7 seed/xml/nsclean.xml seed/xml/objednavka.xml seed/xml/p3p seed/xml/parentns.xml seed/xml/path01.xml seed/xml/path02.xml seed/xml/patternfill.xml seed/xml/pe-test.xml seed/xml/pi.xml seed/xml/pi2.xml seed/xml/polyline.xml seed/xml/private.xml seed/xml/rad-gradient.xml seed/xml/rdf1 seed/xml/rdf2 seed/xml/rec_att_default.xml seed/xml/rec_ext_ent.xml seed/xml/rectangle.xml seed/xml/richdesc.xml seed/xml/rss.xml seed/xml/script.xml seed/xml/slashdot.rdf seed/xml/slashdot.xml seed/xml/slashdot16.xml seed/xml/structure01.xml seed/xml/style.xml seed/xml/svg1 seed/xml/svg2 seed/xml/svg3 seed/xml/switch.xml seed/xml/symbol-use.xml seed/xml/t10.xml seed/xml/t11.xml seed/xml/t4.xml seed/xml/t4a.xml seed/xml/t6.xml seed/xml/t8.xml seed/xml/t8a.xml seed/xml/t9.xml seed/xml/t9a.xml seed/xml/template.xml seed/xml/text-4-byte-UTF-16-BE-offset.xml seed/xml/text-4-byte-UTF-16-BE.xml seed/xml/text-4-byte-UTF-16-LE-offset.xml seed/xml/text-4-byte-UTF-16-LE.xml seed/xml/text01.xml seed/xml/text02.xml seed/xml/text03.xml seed/xml/title.xml seed/xml/toap01.xml seed/xml/toap02.xml seed/xml/transform.xml seed/xml/trivial.xml seed/xml/tstblanks.xml seed/xml/twin-gradients.xml seed/xml/utf16bebom.xml seed/xml/utf16bom.xml seed/xml/utf16lebom.xml seed/xml/utf8-1.xml seed/xml/utf8-2.xml seed/xml/utf8bom.xml seed/xml/v-template.xml seed/xml/v1.xml seed/xml/v10.xml seed/xml/v11.xml seed/xml/v12.xml seed/xml/v13.xml seed/xml/v14.xml seed/xml/v15.xml seed/xml/v16.xml seed/xml/v17.xml seed/xml/v18.xml seed/xml/v19.xml seed/xml/v2.xml seed/xml/v20.xml seed/xml/v21.xml seed/xml/v22.xml seed/xml/v23.xml seed/xml/v24.xml seed/xml/v3.xml seed/xml/v4.xml seed/xml/v5.xml seed/xml/v6.xml seed/xml/v7.xml seed/xml/v8.xml seed/xml/v9.xml seed/xml/viewport-nest.xml seed/xml/viewport-transform.xml seed/xml/viewport.xml seed/xml/wap.xml seed/xml/wf-template.xml seed/xml/winblanks.xml seed/xml/wml.xml seed/xml/xhtml1 seed/xml/xhtmlcomp seed/xml/xlink.xml seed/xml/xml1 seed/xml/xml2
#22 44.40   adding: 127772.xml (deflated 33%)
#22 44.40   adding: 21.xml (deflated 40%)
#22 44.40   adding: 4rects.xml (deflated 37%)
#22 44.40   adding: 694228.xml (deflated 29%)
#22 44.40   adding: 737840.xml (deflated 27%)
#22 44.40   adding: 754946.xml (deflated 24%)
#22 44.40   adding: 754947.xml (deflated 19%)
#22 44.40   adding: 758588.xml (deflated 99%)
#22 44.40   adding: 759020.xml (deflated 98%)
#22 44.40   adding: 759398.xml (deflated 67%)
#22 44.40   adding: 759573-2.xml (deflated 34%)
#22 44.40   adding: 759573.xml (deflated 16%)
#22 44.40   adding: 759579.xml (deflated 74%)
#22 44.40   adding: 766956.xml (deflated 20%)
#22 44.40   adding: 781205.xml (deflated 2%)
#22 44.40   adding: 781333.xml (deflated 99%)
#22 44.40   adding: 781361.xml (deflated 13%)
#22 44.40   adding: AttributeDefaultLegal (deflated 46%)
#22 44.40   adding: AttributeNmtokens (deflated 15%)
#22 44.40   adding: AttributeNmtokens.xml (deflated 38%)
#22 44.40   adding: DuplicateType (deflated 12%)
#22 44.40   adding: ElementValid (stored 0%)
#22 44.40   adding: ElementValid2 (deflated 8%)
#22 44.40   adding: ElementValid3 (deflated 13%)
#22 44.40   adding: ElementValid4 (deflated 29%)
#22 44.40   adding: ElementValid5 (deflated 27%)
#22 44.40   adding: ElementValid6 (deflated 28%)
#22 44.40   adding: ElementValid7 (deflated 33%)
#22 44.40   adding: ElementValid8 (deflated 28%)
#22 44.40   adding: Enumeration (deflated 14%)
#22 44.40   adding: NS1 (deflated 40%)
#22 44.40   adding: NS2 (deflated 36%)
#22 44.40   adding: NS3 (deflated 37%)
#22 44.40   adding: OneID (deflated 29%)
#22 44.40   adding: OneID2 (deflated 29%)
#22 44.40   adding: OneID3 (deflated 28%)
#22 44.40   adding: PENesting (deflated 18%)
#22 44.40   adding: PENesting2 (deflated 18%)
#22 44.40   adding: REC-xml-19980210.xml (deflated 73%)
#22 44.41   adding: UTF16Entity.xml (deflated 39%)
#22 44.41   adding: UniqueElementTypeDeclaration (deflated 36%)
#22 44.41   adding: UniqueElementTypeDeclaration2 (deflated 36%)
#22 44.41   adding: a-valid.xml (deflated 27%)
#22 44.41   adding: a-wf.xml (deflated 29%)
#22 44.41   adding: att1 (deflated 2%)
#22 44.41   adding: att10 (deflated 57%)
#22 44.41   adding: att11 (deflated 36%)
#22 44.41   adding: att2 (stored 0%)
#22 44.41   adding: att3 (deflated 19%)
#22 44.41   adding: att4 (deflated 82%)
#22 44.42   adding: att5 (deflated 74%)
#22 44.42   adding: att6 (deflated 73%)
#22 44.42   adding: att7 (deflated 28%)
#22 44.42   adding: att8 (deflated 47%)
#22 44.42   adding: att9 (deflated 14%)
#22 44.42   adding: attr1.xml (deflated 99%)
#22 44.42   adding: attr2.xml (deflated 99%)
#22 44.42   adding: attr3.xml (deflated 33%)
#22 44.42   adding: attr4.xml (stored 0%)
#22 44.42   adding: attrib.xml (deflated 65%)
#22 44.42   adding: badcomment.xml (deflated 48%)
#22 44.42   adding: bigentname.xml (deflated 98%)
#22 44.42   adding: bigname.xml (deflated 99%)
#22 44.42   adding: bigname2.xml (deflated 99%)
#22 44.42   adding: bike.xml (deflated 54%)
#22 44.42   adding: boundaries1.xml (deflated 31%)
#22 44.42   adding: cdata (deflated 12%)
#22 44.42   adding: cdata-2-byte-UTF-8.xml (deflated 91%)
#22 44.42   adding: cdata-3-byte-UTF-8.xml (deflated 93%)
#22 44.42   adding: cdata-4-byte-UTF-8.xml (deflated 95%)
#22 44.42   adding: cdata.xml (stored 0%)
#22 44.42   adding: cdata2 (deflated 22%)
#22 44.42   adding: charref1.xml (deflated 53%)
#22 44.42   adding: circle.xml (deflated 26%)
#22 44.42   adding: comment.xml (deflated 24%)
#22 44.42   adding: comment1.xml (deflated 8%)
#22 44.42   adding: comment2.xml (deflated 23%)
#22 44.42   adding: comment3.xml (deflated 98%)
#22 44.42   adding: comment4.xml (deflated 20%)
#22 44.42   adding: comment5.xml (deflated 34%)
#22 44.42   adding: comment6.xml (deflated 86%)
#22 44.42   adding: cond_sect1.xml (deflated 63%)
#22 44.42   adding: cond_sect2.xml (deflated 67%)
#22 44.42   adding: content1.xml (deflated 26%)
#22 44.42   adding: dav1 (deflated 54%)
#22 44.42   adding: dav10 (deflated 18%)
#22 44.42   adding: dav11 (deflated 48%)
#22 44.42   adding: dav12 (deflated 13%)
#22 44.42   adding: dav13 (deflated 52%)
#22 44.42   adding: dav15 (deflated 64%)
#22 44.42   adding: dav16 (deflated 19%)
#22 44.42   adding: dav17 (deflated 55%)
#22 44.42   adding: dav18 (deflated 19%)
#22 44.42   adding: dav19 (deflated 56%)
#22 44.42   adding: dav2 (deflated 61%)
#22 44.42   adding: dav3 (deflated 56%)
#22 44.42   adding: dav4 (deflated 46%)
#22 44.42   adding: dav5 (deflated 50%)
#22 44.42   adding: dav6 (deflated 58%)
#22 44.42   adding: dav7 (deflated 62%)
#22 44.42   adding: dav8 (deflated 62%)
#22 44.42   adding: dav9 (deflated 66%)
#22 44.42   adding: defattr.xml (deflated 9%)
#22 44.42   adding: defattr2.xml (deflated 21%)
#22 44.42   adding: defs.xml (deflated 36%)
#22 44.42   adding: desc.xml (deflated 30%)
#22 44.42   adding: dia.xml (deflated 80%)
#22 44.42   adding: dia1 (deflated 81%)
#22 44.42   adding: dia2 (deflated 81%)
#22 44.42   adding: dtd1 (deflated 19%)
#22 44.42   adding: dtd10 (deflated 37%)
#22 44.42   adding: dtd11 (deflated 16%)
#22 44.42   adding: dtd12 (deflated 20%)
#22 44.42   adding: dtd13 (deflated 23%)
#22 44.42   adding: dtd2 (deflated 11%)
#22 44.42   adding: dtd3 (deflated 11%)
#22 44.42   adding: dtd4 (deflated 6%)
#22 44.42   adding: dtd5 (deflated 29%)
#22 44.42   adding: dtd6 (deflated 28%)
#22 44.42   adding: dtd7 (deflated 26%)
#22 44.42   adding: dtd8 (deflated 38%)
#22 44.42   adding: dtd9 (deflated 39%)
#22 44.42   adding: ebcdic_566012.xml (stored 0%)
#22 44.42   adding: ellipse.xml (deflated 24%)
#22 44.42   adding: emptycdata.xml (deflated 7%)
#22 44.42   adding: ent1 (deflated 11%)
#22 44.42   adding: ent10 (deflated 60%)
#22 44.42   adding: ent11 (deflated 3%)
#22 44.42   adding: ent12 (deflated 15%)
#22 44.42   adding: ent13 (deflated 9%)
#22 44.42   adding: ent2 (deflated 32%)
#22 44.42   adding: ent3 (deflated 16%)
#22 44.42   adding: ent4 (deflated 14%)
#22 44.42   adding: ent5 (deflated 18%)
#22 44.42   adding: ent6 (deflated 44%)
#22 44.42   adding: ent6hex (deflated 49%)
#22 44.42   adding: ent7 (deflated 28%)
#22 44.42   adding: ent8 (deflated 41%)
#22 44.42   adding: ent9 (deflated 95%)
#22 44.42   adding: ent_738805.xml (deflated 42%)
#22 44.42   adding: ent_redecl.xml (deflated 1%)
#22 44.42   adding: err_0.xml (stored 0%)
#22 44.42   adding: err_1.xml (stored 0%)
#22 44.42   adding: err_10.xml (deflated 31%)
#22 44.42   adding: err_11.xml (deflated 32%)
#22 44.42   adding: err_2.xml (stored 0%)
#22 44.42   adding: err_3.xml (stored 0%)
#22 44.42   adding: err_4.xml (stored 0%)
#22 44.42   adding: err_5.xml (stored 0%)
#22 44.42   adding: err_6.xml (stored 0%)
#22 44.42   adding: err_7.xml (stored 0%)
#22 44.42   adding: err_8.xml (deflated 2%)
#22 44.42   adding: err_9.xml (deflated 29%)
#22 44.42   adding: eve.xml (deflated 36%)
#22 44.42   adding: extparsedent.xml (deflated 4%)
#22 44.42   adding: flower2.xml (deflated 60%)
#22 44.42   adding: good.xml (deflated 99%)
#22 44.42   adding: good_attr.xml (deflated 99%)
#22 44.42   adding: gradient.xml (deflated 40%)
#22 44.42   adding: group01.xml (deflated 49%)
#22 44.42   adding: group02.xml (deflated 32%)
#22 44.42   adding: group03.xml (deflated 27%)
#22 44.42   adding: huge_dtd.xml (deflated 24%)
#22 44.42   adding: icu_parse_test.xml (deflated 49%)
#22 44.42   adding: id1.xml (deflated 43%)
#22 44.42   adding: id2.xml (deflated 40%)
#22 44.42   adding: id3.xml (deflated 41%)
#22 44.42   adding: id_err1.xml (stored 0%)
#22 44.42   adding: id_err2.xml (deflated 16%)
#22 44.42   adding: id_tst1.xml (stored 0%)
#22 44.42   adding: id_tst2.xml (stored 0%)
#22 44.42   adding: id_tst3.xml (stored 0%)
#22 44.42   adding: id_tst4.xml (deflated 26%)
#22 44.42   adding: image-valid.xml (deflated 29%)
#22 44.42   adding: image-wf.xml (deflated 31%)
#22 44.42   adding: index.xml (deflated 79%)
#22 44.43   adding: intsubset.xml (deflated 8%)
#22 44.43   adding: intsubset2.xml (deflated 63%)
#22 44.43   adding: isolat1 (deflated 1%)
#22 44.43   adding: isolat2 (deflated 71%)
#22 44.43   adding: isolat3 (deflated 33%)
#22 44.43   adding: issue151.xml (deflated 19%)
#22 44.43   adding: japancrlf.xml (deflated 40%)
#22 44.43   adding: lin-gradient.xml (deflated 39%)
#22 44.43   adding: lol_classic.xml (deflated 75%)
#22 44.43   adding: lol_eg.xml (deflated 86%)
#22 44.43   adding: lol_ep.xml (deflated 99%)
#22 44.48   adding: lol_ig_attr.xml (deflated 85%)
#22 44.48   adding: lol_ig_content.xml (deflated 86%)
#22 44.48   adding: lol_ip_content.xml (deflated 69%)
#22 44.48   adding: lol_ip_value.xml (deflated 85%)
#22 44.48   adding: lol_long_name.xml (deflated 99%)
#22 44.48   adding: lol_long_value.xml (deflated 98%)
#22 44.48   adding: lol_param.xml (deflated 69%)
#22 44.49   adding: marker.xml (deflated 49%)
#22 44.49   adding: mask.xml (deflated 29%)
#22 44.49   adding: mathswitch.xml (deflated 50%)
#22 44.49   adding: mixed_ns.xml (deflated 43%)
#22 44.49   adding: name.xml (deflated 99%)
#22 44.49   adding: name2.xml (deflated 99%)
#22 44.49   adding: notes.xml (deflated 48%)
#22 44.49   adding: ns (deflated 21%)
#22 44.49   adding: ns.xml (deflated 38%)
#22 44.49   adding: ns2 (deflated 15%)
#22 44.49   adding: ns2.xml (deflated 46%)
#22 44.49   adding: ns3 (deflated 15%)
#22 44.49   adding: ns4 (deflated 12%)
#22 44.49   adding: ns5 (deflated 27%)
#22 44.49   adding: ns6 (deflated 12%)
#22 44.49   adding: ns7 (stored 0%)
#22 44.49   adding: nsclean.xml (deflated 43%)
#22 44.49   adding: objednavka.xml (deflated 65%)
#22 44.49   adding: p3p (deflated 44%)
#22 44.49   adding: parentns.xml (deflated 41%)
#22 44.49   adding: path01.xml (deflated 18%)
#22 44.49   adding: path02.xml (deflated 28%)
#22 44.49   adding: patternfill.xml (deflated 29%)
#22 44.49   adding: pe-test.xml (deflated 26%)
#22 44.49   adding: pi.xml (deflated 25%)
#22 44.49   adding: pi2.xml (deflated 24%)
#22 44.49   adding: polyline.xml (deflated 26%)
#22 44.49   adding: private.xml (deflated 50%)
#22 44.49   adding: rad-gradient.xml (deflated 43%)
#22 44.49   adding: rdf1 (deflated 64%)
#22 44.49   adding: rdf2 (deflated 89%)
#22 44.49   adding: rec_att_default.xml (deflated 18%)
#22 44.49   adding: rec_ext_ent.xml (deflated 32%)
#22 44.49   adding: rectangle.xml (deflated 25%)
#22 44.49   adding: richdesc.xml (deflated 38%)
#22 44.49   adding: rss.xml (deflated 70%)
#22 44.49   adding: script.xml (deflated 27%)
#22 44.49   adding: slashdot.rdf (deflated 69%)
#22 44.49   adding: slashdot.xml (deflated 77%)
#22 44.49   adding: slashdot16.xml (stored 0%)
#22 44.49   adding: structure01.xml (deflated 31%)
#22 44.49   adding: style.xml (deflated 26%)
#22 44.49   adding: svg1 (deflated 65%)
#22 44.49   adding: svg2 (deflated 64%)
#22 44.49   adding: svg3 (deflated 68%)
#22 44.50   adding: switch.xml (deflated 45%)
#22 44.50   adding: symbol-use.xml (deflated 50%)
#22 44.50   adding: t10.xml (deflated 42%)
#22 44.50   adding: t11.xml (deflated 39%)
#22 44.50   adding: t4.xml (deflated 25%)
#22 44.50   adding: t4a.xml (deflated 23%)
#22 44.50   adding: t6.xml (deflated 25%)
#22 44.50   adding: t8.xml (deflated 42%)
#22 44.50   adding: t8a.xml (deflated 42%)
#22 44.50   adding: t9.xml (deflated 42%)
#22 44.50   adding: t9a.xml (deflated 42%)
#22 44.50   adding: template.xml (deflated 28%)
#22 44.50   adding: text-4-byte-UTF-16-BE-offset.xml (stored 0%)
#22 44.50   adding: text-4-byte-UTF-16-BE.xml (stored 0%)
#22 44.50   adding: text-4-byte-UTF-16-LE-offset.xml (stored 0%)
#22 44.50   adding: text-4-byte-UTF-16-LE.xml (stored 0%)
#22 44.50   adding: text01.xml (deflated 27%)
#22 44.50   adding: text02.xml (deflated 56%)
#22 44.50   adding: text03.xml (deflated 25%)
#22 44.50   adding: title.xml (deflated 13%)
#22 44.50   adding: toap01.xml (deflated 29%)
#22 44.50   adding: toap02.xml (deflated 62%)
#22 44.50   adding: transform.xml (deflated 56%)
#22 44.50   adding: trivial.xml (deflated 15%)
#22 44.50   adding: tstblanks.xml (deflated 99%)
#22 44.50   adding: twin-gradients.xml (deflated 43%)
#22 44.50   adding: utf16bebom.xml (stored 0%)
#22 44.50   adding: utf16bom.xml (stored 0%)
#22 44.50   adding: utf16lebom.xml (stored 0%)
#22 44.50   adding: utf8-1.xml (deflated 70%)
#22 44.50   adding: utf8-2.xml (deflated 68%)
#22 44.50   adding: utf8bom.xml (stored 0%)
#22 44.50   adding: v-template.xml (deflated 18%)
#22 44.50   adding: v1.xml (deflated 7%)
#22 44.50   adding: v10.xml (deflated 19%)
#22 44.50   adding: v11.xml (deflated 18%)
#22 44.50   adding: v12.xml (deflated 29%)
#22 44.50   adding: v13.xml (deflated 22%)
#22 44.50   adding: v14.xml (deflated 29%)
#22 44.50   adding: v15.xml (deflated 38%)
#22 44.50   adding: v16.xml (deflated 32%)
#22 44.50   adding: v17.xml (deflated 37%)
#22 44.50   adding: v18.xml (deflated 36%)
#22 44.50   adding: v19.xml (deflated 36%)
#22 44.50   adding: v2.xml (deflated 8%)
#22 44.50   adding: v20.xml (deflated 37%)
#22 44.50   adding: v21.xml (deflated 35%)
#22 44.50   adding: v22.xml (deflated 43%)
#22 44.50   adding: v23.xml (deflated 43%)
#22 44.50   adding: v24.xml (deflated 57%)
#22 44.50   adding: v3.xml (deflated 9%)
#22 44.50   adding: v4.xml (deflated 18%)
#22 44.50   adding: v5.xml (deflated 22%)
#22 44.50   adding: v6.xml (deflated 33%)
#22 44.50   adding: v7.xml (deflated 32%)
#22 44.50   adding: v8.xml (deflated 19%)
#22 44.50   adding: v9.xml (deflated 18%)
#22 44.50   adding: viewport-nest.xml (deflated 37%)
#22 44.50   adding: viewport-transform.xml (deflated 64%)
#22 44.50   adding: viewport.xml (deflated 32%)
#22 44.50   adding: wap.xml (deflated 58%)
#22 44.50   adding: wf-template.xml (deflated 15%)
#22 44.50   adding: winblanks.xml (deflated 19%)
#22 44.50   adding: wml.xml (deflated 16%)
#22 44.50   adding: xhtml1 (deflated 41%)
#22 44.50   adding: xhtmlcomp (deflated 20%)
#22 44.50   adding: xlink.xml (deflated 73%)
#22 44.50   adding: xml1 (deflated 19%)
#22 44.50   adding: xml2 (deflated 19%)
#22 44.50 + cp html.dict regexp.dict schema.dict xml.dict xpath.dict html.options regexp.options schema.options uri.options xinclude.options xml.options xpath.options /out/cmplog/
#22 DONE 44.6s

#23 exporting to image
#23 exporting layers
#23 exporting layers 4.9s done
#23 preparing layers for inline cache 0.1s done
#23 writing image sha256:82ded8e672e2efa0c725b2d1f68298069911fc82eac5a9c8d77517e5eb00dbaa done
#23 naming to gcr.io/fuzzbench/builders/aflmmbb/libxml2_xml done
#23 DONE 5.0s

 [33m4 warnings found (use --debug to expand):
[0m - InvalidDefaultArgInFrom: Default value for ARG $parent_image results in empty or invalid base image name (line 20)
 - LegacyKeyValueFormat: "ENV key=value" should be used instead of legacy "ENV key value" format (line 26)
 - LegacyKeyValueFormat: "ENV key=value" should be used instead of legacy "ENV key value" format (line 27)
 - LegacyKeyValueFormat: "ENV key=value" should be used instead of legacy "ENV key value" format (line 28)
docker build \
--tag gcr.io/fuzzbench/runners/aflmmbb/libxml2_xml-intermediate \
--build-arg BUILDKIT_INLINE_CACHE=1 \
--cache-from gcr.io/fuzzbench/runners/aflmmbb/libxml2_xml-intermediate \
--file fuzzers/aflmmbb/runner.Dockerfile \
fuzzers/aflmmbb
#0 building with "default" instance using docker driver

#1 [internal] load build definition from runner.Dockerfile
#1 transferring dockerfile: 1.13kB done
#1 WARN: UndefinedVar: Usage of undefined variable '$LD_LIBRARY_PATH' (line 18)
#1 DONE 0.0s

#2 [internal] load metadata for gcr.io/fuzzbench/base-image:latest
#2 DONE 0.0s

#3 [internal] load .dockerignore
#3 transferring context: 2B done
#3 DONE 0.0s

#4 importing cache manifest from gcr.io/fuzzbench/runners/aflmmbb/libxml2_xml-intermediate
#4 DONE 0.0s

#5 [1/1] FROM gcr.io/fuzzbench/base-image:latest
#5 CACHED

#6 exporting to image
#6 exporting layers done
#6 preparing layers for inline cache done
#6 writing image sha256:0dcae0633340983dc0f0325a60e3ded9110cef498f835801c6f3e1c84d756bd0 done
#6 naming to gcr.io/fuzzbench/runners/aflmmbb/libxml2_xml-intermediate done
#6 DONE 0.0s

 [33m1 warning found (use --debug to expand):
[0m - UndefinedVar: Usage of undefined variable '$LD_LIBRARY_PATH' (line 18)
docker build \
--tag gcr.io/fuzzbench/runners/aflmmbb/libxml2_xml \
--build-arg BUILDKIT_INLINE_CACHE=1 \
--cache-from gcr.io/fuzzbench/runners/aflmmbb/libxml2_xml \
--build-arg benchmark=libxml2_xml \
--build-arg fuzzer=aflmmbb \
--file docker/benchmark-runner/Dockerfile \
.
#0 building with "default" instance using docker driver

#1 [internal] load build definition from Dockerfile
#1 transferring dockerfile: 3.23kB done
#1 WARN: InvalidDefaultArgInFrom: Default value for ARG gcr.io/fuzzbench/builders/$fuzzer/$benchmark results in empty or invalid base image name (line 37)
#1 WARN: InvalidDefaultArgInFrom: Default value for ARG gcr.io/fuzzbench/runners/$fuzzer/$benchmark-intermediate results in empty or invalid base image name (line 41)
#1 WARN: LegacyKeyValueFormat: "ENV key=value" should be used instead of legacy "ENV key value" format (line 53)
#1 WARN: LegacyKeyValueFormat: "ENV key=value" should be used instead of legacy "ENV key value" format (line 54)
#1 WARN: JSONArgsRecommended: JSON arguments recommended for ENTRYPOINT to prevent unintended behavior related to OS signals (line 86)
#1 DONE 0.0s

#2 [internal] load metadata for gcr.io/fuzzbench/runners/aflmmbb/libxml2_xml-intermediate:latest
#2 DONE 0.0s

#3 [internal] load metadata for gcr.io/fuzzbench/builders/aflmmbb/libxml2_xml:latest
#3 DONE 0.0s

#4 [internal] load .dockerignore
#4 transferring context: 220B done
#4 DONE 0.0s

#5 [stage-1  1/12] FROM gcr.io/fuzzbench/runners/aflmmbb/libxml2_xml-intermediate:latest
#5 DONE 0.0s

#6 importing cache manifest from gcr.io/fuzzbench/runners/aflmmbb/libxml2_xml
#6 DONE 0.0s

#7 [internal] load build context
#7 ...

#8 [builder 1/1] FROM gcr.io/fuzzbench/builders/aflmmbb/libxml2_xml:latest
#8 DONE 0.1s

#7 [internal] load build context
#7 transferring context: 7.26MB 0.3s done
#7 DONE 0.3s

#9 [stage-1  2/12] RUN apt-get update -y &&     DEBIAN_FRONTEND="noninteractive" apt-get install -y     libglib2.0-0     libxml2     libarchive13     libgss3
#9 CACHED

#10 [stage-1  3/12] RUN mkdir -p /out
#10 CACHED

#11 [stage-1  4/12] WORKDIR /out
#11 CACHED

#12 [stage-1  5/12] COPY --from=builder /out/ ./
#12 DONE 0.1s

#13 [stage-1  6/12] COPY benchmarks /src/benchmarks
#13 DONE 0.1s

#14 [stage-1  7/12] COPY fuzzers /src/fuzzers
#14 DONE 0.1s

#15 [stage-1  8/12] RUN mkdir -p /out/seeds /out/corpus
#15 DONE 0.2s

#16 [stage-1  9/12] COPY common /src/common
#16 DONE 0.0s

#17 [stage-1 10/12] COPY experiment/runner.py /src/experiment/runner.py
#17 DONE 0.0s

#18 [stage-1 11/12] COPY docker/benchmark-runner /src/docker/benchmark-runner
#18 DONE 0.0s

#19 [stage-1 12/12] RUN chmod +x /src/docker/benchmark-runner/startup-runner.sh
#19 DONE 0.2s

#20 exporting to image
#20 exporting layers 0.0s done
#20 preparing layers for inline cache done
#20 writing image sha256:f953d91a3e8cd4af9e2ab4abcaf5466cf70f3af1d916de4a9a5ff89aeada2df5 done
#20 naming to gcr.io/fuzzbench/runners/aflmmbb/libxml2_xml done
#20 DONE 0.1s

 [33m5 warnings found (use --debug to expand):
[0m - InvalidDefaultArgInFrom: Default value for ARG gcr.io/fuzzbench/builders/$fuzzer/$benchmark results in empty or invalid base image name (line 37)
 - InvalidDefaultArgInFrom: Default value for ARG gcr.io/fuzzbench/runners/$fuzzer/$benchmark-intermediate results in empty or invalid base image name (line 41)
 - LegacyKeyValueFormat: "ENV key=value" should be used instead of legacy "ENV key value" format (line 53)
 - LegacyKeyValueFormat: "ENV key=value" should be used instead of legacy "ENV key value" format (line 54)
 - JSONArgsRecommended: JSON arguments recommended for ENTRYPOINT to prevent unintended behavior related to OS signals (line 86)
