docker build \
--tag gcr.io/fuzzbench/builders/benchmark/libpng_libpng_read_fuzzer \
--build-arg BUILDKIT_INLINE_CACHE=1 \
--cache-from gcr.io/fuzzbench/builders/benchmark/libpng_libpng_read_fuzzer \
--file benchmarks/libpng_libpng_read_fuzzer/Dockerfile \
benchmarks/libpng_libpng_read_fuzzer
#0 building with "default" instance using docker driver

#1 [internal] load build definition from Dockerfile
#1 transferring dockerfile: 1.45kB done
#1 WARN: WorkdirRelativePath: Relative workdir "libpng" can have unexpected results if the base image changes (line 36)
#1 DONE 0.0s

#2 [internal] load metadata for gcr.io/oss-fuzz-base/base-builder@sha256:87ca1e9e19235e731fac8de8d1892ebe8d55caf18e7aa131346fc582a2034fdd
#2 DONE 0.0s

#3 [internal] load .dockerignore
#3 transferring context: 2B done
#3 DONE 0.0s

#4 [1/9] FROM gcr.io/oss-fuzz-base/base-builder@sha256:87ca1e9e19235e731fac8de8d1892ebe8d55caf18e7aa131346fc582a2034fdd
#4 DONE 0.0s

#5 importing cache manifest from gcr.io/fuzzbench/builders/benchmark/libpng_libpng_read_fuzzer
#5 DONE 0.0s

#6 [internal] load build context
#6 transferring context: 3.84kB 0.0s done
#6 DONE 0.0s

#7 [3/9] RUN git clone         --depth 1         --branch v1.2.13         https://github.com/madler/zlib.git
#7 CACHED

#8 [5/9] RUN cp libpng/contrib/oss-fuzz/build.sh /src
#8 CACHED

#9 [4/9] RUN git clone         https://github.com/glennrp/libpng.git
#9 CACHED

#10 [7/9] RUN wget --no-check-certificate -qO /out/libpng_read_fuzzer.dict     https://raw.githubusercontent.com/google/fuzzing/master/dictionaries/png.dict
#10 CACHED

#11 [2/9] RUN apt-get update &&     apt-get install -y     make     autoconf     automake     libtool     zlib1g-dev
#11 CACHED

#12 [6/9] WORKDIR libpng
#12 CACHED

#13 [8/9] ADD seeds /opt/seeds
#13 CACHED

#14 [9/9] COPY * /src/
#14 CACHED

#15 exporting to image
#15 exporting layers done
#15 preparing layers for inline cache done
#15 writing image sha256:0631ae7611300bd708519b3973325d5715817733881523cfffed490976e627bb done
#15 naming to gcr.io/fuzzbench/builders/benchmark/libpng_libpng_read_fuzzer done
#15 DONE 0.0s

 [33m1 warning found (use --debug to expand):
[0m - WorkdirRelativePath: Relative workdir "libpng" can have unexpected results if the base image changes (line 36)
docker build \
--tag gcr.io/fuzzbench/builders/aflmmbb/libpng_libpng_read_fuzzer-intermediate \
--build-arg BUILDKIT_INLINE_CACHE=1 \
--cache-from gcr.io/fuzzbench/builders/aflmmbb/libpng_libpng_read_fuzzer-intermediate \
--build-arg parent_image=gcr.io/fuzzbench/builders/benchmark/libpng_libpng_read_fuzzer \
--file fuzzers/aflmmbb/builder.Dockerfile \
fuzzers/aflmmbb
#0 building with "default" instance using docker driver

#1 [internal] load build definition from builder.Dockerfile
#1 transferring dockerfile: 2.90kB done
#1 WARN: InvalidDefaultArgInFrom: Default value for ARG $parent_image results in empty or invalid base image name (line 16)
#1 DONE 0.0s

#2 [internal] load metadata for gcr.io/fuzzbench/builders/benchmark/libpng_libpng_read_fuzzer:latest
#2 DONE 0.0s

#3 [internal] load .dockerignore
#3 transferring context: 2B done
#3 DONE 0.0s

#4 [ 1/13] FROM gcr.io/fuzzbench/builders/benchmark/libpng_libpng_read_fuzzer:latest
#4 DONE 0.0s

#5 importing cache manifest from gcr.io/fuzzbench/builders/aflmmbb/libpng_libpng_read_fuzzer-intermediate
#5 DONE 0.0s

#6 [ 2/13] RUN apt-get update &&     apt-get install -y     build-essential python3-dev automake cmake git flex bison     libglib2.0-dev libpixman-1-dev python3-setuptools cargo libgtk-3-dev
#6 CACHED

#7 [ 3/13] RUN apt-get install -y lld-14 llvm-14 llvm-14-dev clang-14 ||     apt-get install -y lld llvm llvm-dev clang
#7 CACHED

#8 [ 8/13] RUN apt-get install -y python3-pip # for Unicorn mode
#8 CACHED

#9 [ 6/13] RUN apt-get install -y cpio libcapstone-dev # for Nyx mode
#9 CACHED

#10 [ 4/13] RUN apt-get install -y gcc-$(gcc --version|head -n1|sed 's/\..*//'|sed 's/.* //')-plugin-dev     libstdc++-$(gcc --version|head -n1|sed 's/\..*//'|sed 's/.* //')-dev
#10 CACHED

#11 [ 7/13] RUN apt-get install -y wget curl # for Frida mode
#11 CACHED

#12 [ 5/13] RUN apt-get install -y ninja-build # for QEMU mode
#12 CACHED

#13 [ 9/13] RUN echo "dont cache3"
#13 CACHED

#14 [10/13] RUN git clone -b blackbox https://gitlab.mpi-sp.org/seongmin.lee/aflpp-covrec.git /afl
#14 0.172 Cloning into '/afl'...
#14 DONE 2.1s

#15 [11/13] RUN cd /afl &&     unset CFLAGS CXXFLAGS &&     export CC=clang AFL_NO_X86=1 &&     PYTHON_INCLUDE=/ make &&     cp utils/aflpp_driver/libAFLDriver.a /
#15 0.217 [*] Compiling AFL++ for OS Linux on ARCH x86_64
#15 0.607 [+] ZLIB detected
#15 0.621 [!] Note: skipping x86 compilation checks (AFL_NO_X86 set).
#15 0.622 [+] shmat seems to be working.
#15 0.623 [-] You seem to need to install the package python3-dev or python-dev (and perhaps python[3]-apt), but it is optional so we continue
#15 0.632 [+] Everything seems to be working, ready to compile. (clang version 15.0.0 (https://github.com/llvm/llvm-project.git bf7f8d6fa6f460bf0a16ffec319cd71592216bf4))
#15 0.633 clang -O2   -g -Wno-pointer-sign -Wno-variadic-macros -Wall -Wextra -Wno-pointer-arith -fPIC -I include/ -DAFL_PATH=\"/usr/local/lib/afl\" -DBIN_PATH=\"/usr/local/bin\" -DDOC_PATH=\"/usr/local/share/doc/afl\" -flto=full  -DHAVE_ZLIB -c src/afl-common.c -o src/afl-common.o
#15 0.819 clang -O2   -g -Wno-pointer-sign -Wno-variadic-macros -Wall -Wextra -Wno-pointer-arith -fPIC -I include/ -DAFL_PATH=\"/usr/local/lib/afl\" -DBIN_PATH=\"/usr/local/bin\" -DDOC_PATH=\"/usr/local/share/doc/afl\" -flto=full  -DHAVE_ZLIB -c src/afl-sharedmem.c -o src/afl-sharedmem.o
#15 0.881 clang -O2   -g -Wno-pointer-sign -Wno-variadic-macros -Wall -Wextra -Wno-pointer-arith -fPIC -I include/ -DAFL_PATH=\"/usr/local/lib/afl\" -DBIN_PATH=\"/usr/local/bin\" -DDOC_PATH=\"/usr/local/share/doc/afl\" -flto=full  -DHAVE_ZLIB -c src/afl-forkserver.c -o src/afl-forkserver.o
#15 1.046 clang -O2   -g -Wno-pointer-sign -Wno-variadic-macros -Wall -Wextra -Wno-pointer-arith -fPIC -I include/ -DAFL_PATH=\"/usr/local/lib/afl\" -DBIN_PATH=\"/usr/local/bin\" -DDOC_PATH=\"/usr/local/share/doc/afl\"   -DHAVE_ZLIB -Iinclude -c src/afl-performance.c -o src/afl-performance.o
#15 1.330 clang -O2   -g -Wno-pointer-sign -Wno-variadic-macros -Wall -Wextra -Wno-pointer-arith -fPIC -I include/ -DAFL_PATH=\"/usr/local/lib/afl\" -DBIN_PATH=\"/usr/local/bin\" -DDOC_PATH=\"/usr/local/share/doc/afl\"  -flto=full  -DHAVE_ZLIB src/afl-fuzz-redqueen.c src/afl-fuzz-statsd.c src/afl-fuzz-extras.c src/afl-fuzz-queue.c src/afl-fuzz-cmplog.c src/afl-fuzz-state.c src/afl-fuzz-one.c src/afl-fuzz-python.c src/afl-fuzz-mutators.c src/afl-fuzz-stats.c src/afl-fuzz.c src/afl-fuzz-skipdet.c src/afl-fuzz-init.c src/afl-fuzz-bitmap.c src/afl-fuzz-run.c src/afl-common.o src/afl-sharedmem.o src/afl-forkserver.o src/afl-performance.o -o afl-fuzz  -ldl -lrt -lm -lz -lm
#15 2.456 src/afl-fuzz-one.c:336:26: warning: variable 'orig_in' set but not used [-Wunused-but-set-variable]
#15 2.456   u8 *in_buf, *out_buf, *orig_in, *ex_tmp;
#15 2.456                          ^
#15 2.488 src/afl-fuzz-one.c:3484:26: warning: variable 'orig_in' set but not used [-Wunused-but-set-variable]
#15 2.488   u8 *in_buf, *out_buf, *orig_in, *ex_tmp, *eff_map = 0;
#15 2.488                          ^
#15 2.994 2 warnings generated.
#15 7.961 clang -O2   -g -Wno-pointer-sign -Wno-variadic-macros -Wall -Wextra -Wno-pointer-arith -fPIC -I include/ -DAFL_PATH=\"/usr/local/lib/afl\" -DBIN_PATH=\"/usr/local/bin\" -DDOC_PATH=\"/usr/local/share/doc/afl\"  -flto=full  -DHAVE_ZLIB src/afl-showmap.c src/afl-fuzz-mutators.c src/afl-fuzz-python.c src/afl-common.o src/afl-sharedmem.o src/afl-forkserver.o src/afl-performance.o -o afl-showmap  -ldl -lrt -lm -lz
#15 8.889 clang -O2   -g -Wno-pointer-sign -Wno-variadic-macros -Wall -Wextra -Wno-pointer-arith -fPIC -I include/ -DAFL_PATH=\"/usr/local/lib/afl\" -DBIN_PATH=\"/usr/local/bin\" -DDOC_PATH=\"/usr/local/share/doc/afl\"  -flto=full  -DHAVE_ZLIB src/afl-tmin.c src/afl-common.o src/afl-sharedmem.o src/afl-forkserver.o src/afl-performance.o -o afl-tmin -ldl -lrt -lm -lz
#15 9.525 clang -O2   -g -Wno-pointer-sign -Wno-variadic-macros -Wall -Wextra -Wno-pointer-arith -fPIC -I include/ -DAFL_PATH=\"/usr/local/lib/afl\" -DBIN_PATH=\"/usr/local/bin\" -DDOC_PATH=\"/usr/local/share/doc/afl\"  -flto=full  -DHAVE_ZLIB src/afl-gotcpu.c src/afl-common.o -o afl-gotcpu -ldl -lrt -lm -lz
#15 9.636 clang -O2   -g -Wno-pointer-sign -Wno-variadic-macros -Wall -Wextra -Wno-pointer-arith -fPIC -I include/ -DAFL_PATH=\"/usr/local/lib/afl\" -DBIN_PATH=\"/usr/local/bin\" -DDOC_PATH=\"/usr/local/share/doc/afl\"  -flto=full  -DHAVE_ZLIB src/afl-analyze.c src/afl-common.o src/afl-sharedmem.o src/afl-performance.o src/afl-forkserver.o -o afl-analyze -ldl -lrt -lm -lz
#15 10.19 make -j -f GNUmakefile.llvm
#15 10.19 make[1]: Entering directory '/afl'
#15 10.21 [+] llvm_mode detected llvm 10+, enabling neverZero implementation and c++14
#15 10.21 [+] llvm_mode detected llvm 12+, enabling afl-lto LTO implementation
#15 10.43 [+] shmat seems to be working.
#15 10.44 [*] Checking for working 'llvm-config'...
#15 10.45 [*] Checking for working '/usr/local/bin/clang'...
#15 10.45 [*] Checking for matching versions of '/usr/local/bin/clang' and 'llvm-config'
#15 10.45 [*] We have llvm-config version 15.0.0 with a clang version 15.0.0, good.
#15 10.45 [*] Checking for './afl-showmap'...
#15 10.45 [+] All set and ready to build.
#15 10.45 /usr/local/bin/clang -O3 -funroll-loops -fPIC -Wall -g -Wno-cast-qual -Wno-variadic-macros -Wno-pointer-sign -I ./include/ -I ./instrumentation/ -DAFL_PATH=\"/usr/local/lib/afl\" -DBIN_PATH=\"/usr/local/bin\" -DLLVM_BINDIR=\"/usr/local/bin\" -DVERSION=\"++4.31a\" -DLLVM_LIBDIR=\"/usr/local/lib\" -DLLVM_VERSION=\"15.0.0\" -DAFL_CLANG_FLTO=\"-flto=full\" -DAFL_REAL_LD=\"/usr/local/bin/ld.lld\" -DAFL_CLANG_LDPATH=\"1\" -DAFL_CLANG_FUSELD=\"1\" -DCLANG_BIN=\"/usr/local/bin/clang\" -DCLANGPP_BIN=\"/usr/local/bin/clang++\" -DUSE_BINDIR=1 -Wno-unused-function -fdebug-prefix-map="/afl=llvm_mode" -Wno-deprecated  -c src/afl-common.c -o instrumentation/afl-common.o 
#15 10.76 /usr/local/bin/clang -I/usr/local/include -I./../include -O3 -funroll-loops -fPIC -Wall -g -Wno-cast-qual -Wno-variadic-macros -Wno-pointer-sign -I ./include/ -I ./instrumentation/ -DAFL_PATH=\"/usr/local/lib/afl\" -DBIN_PATH=\"/usr/local/bin\" -DLLVM_BINDIR=\"/usr/local/bin\" -DVERSION=\"++4.31a\" -DLLVM_LIBDIR=\"/usr/local/lib\" -DLLVM_VERSION=\"15.0.0\" -DAFL_CLANG_FLTO=\"-flto=full\" -DAFL_REAL_LD=\"/usr/local/bin/ld.lld\" -DAFL_CLANG_LDPATH=\"1\" -DAFL_CLANG_FUSELD=\"1\" -DCLANG_BIN=\"/usr/local/bin/clang\" -DCLANGPP_BIN=\"/usr/local/bin/clang++\" -DUSE_BINDIR=1 -Wno-unused-function -fdebug-prefix-map="/afl=llvm_mode" -Wno-deprecated  src/afl-cc.c instrumentation/afl-common.o -o afl-cc -DLLVM_MINOR=0 -DLLVM_MAJOR=15  -DCFLAGS_OPT=\"\" -lm
#15 11.28 /usr/local/bin/clang -I/usr/local/include -I./../include -Wall -g -Wno-cast-qual -Wno-variadic-macros -Wno-pointer-sign -I ./include/ -I ./instrumentation/ -DAFL_PATH=\"/usr/local/lib/afl\" -DBIN_PATH=\"/usr/local/bin\" -DLLVM_BINDIR=\"/usr/local/bin\" -DVERSION=\"++4.31a\" -DLLVM_LIBDIR=\"/usr/local/lib\" -DLLVM_VERSION=\"15.0.0\" -DAFL_CLANG_FLTO=\"-flto=full\" -DAFL_REAL_LD=\"/usr/local/bin/ld.lld\" -DAFL_CLANG_LDPATH=\"1\" -DAFL_CLANG_FUSELD=\"1\" -DCLANG_BIN=\"/usr/local/bin/clang\" -DCLANGPP_BIN=\"/usr/local/bin/clang++\" -DUSE_BINDIR=1 -Wno-unused-function -fdebug-prefix-map="/afl=llvm_mode" -Wno-deprecated  -O3 -Wno-unused-result -fPIC -c instrumentation/afl-compiler-rt.o.c -o afl-compiler-rt.o
#15 11.63 [*] Building 32-bit variant of the runtime (-m32)... success!
#15 11.95 [*] Building 64-bit variant of the runtime (-m64)... success!
#15 12.30 /usr/local/bin/clang++ -O3 -funroll-loops -fPIC -Wall -g -Wno-cast-qual -Wno-variadic-macros -Wno-pointer-sign -I ./include/ -I ./instrumentation/ -DAFL_PATH=\"/usr/local/lib/afl\" -DBIN_PATH=\"/usr/local/bin\" -DLLVM_BINDIR=\"/usr/local/bin\" -DVERSION=\"++4.31a\" -DLLVM_LIBDIR=\"/usr/local/lib\" -DLLVM_VERSION=\"15.0.0\" -DAFL_CLANG_FLTO=\"-flto=full\" -DAFL_REAL_LD=\"/usr/local/bin/ld.lld\" -DAFL_CLANG_LDPATH=\"1\" -DAFL_CLANG_FUSELD=\"1\" -DCLANG_BIN=\"/usr/local/bin/clang\" -DCLANGPP_BIN=\"/usr/local/bin/clang++\" -DUSE_BINDIR=1 -Wno-unused-function -fdebug-prefix-map="/afl=llvm_mode" -Wno-deprecated  $(llvm-config --cxxflags) -fno-rtti -fPIC -std=c++14 -c instrumentation/afl-llvm-common.cc -o instrumentation/afl-llvm-common.o 
#15 14.95 /usr/local/bin/clang++ $(llvm-config --cxxflags) -fno-rtti -fno-exceptions -fPIC -O3 -funroll-loops -fPIC -Wall -g -I ./include/ -DVERSION=\"++4.31a\" -Wno-variadic-macros -Wno-deprecated-copy-with-dtor -DLLVM_MINOR=0 -DLLVM_MAJOR=15  -Wno-deprecated-declarations -Wl,-znodelete -Wdeprecated -fno-rtti -fPIC -std=c++14 -shared instrumentation/afl-llvm-pass.so.cc -o afl-llvm-pass.so $(llvm-config --ldflags)  instrumentation/afl-llvm-common.o
#15 18.95 /usr/local/bin/clang++ $(llvm-config --cxxflags) -fno-rtti -fno-exceptions -fPIC -O3 -funroll-loops -fPIC -Wall -g -I ./include/ -DVERSION=\"++4.31a\" -Wno-variadic-macros -Wno-deprecated-copy-with-dtor -DLLVM_MINOR=0 -DLLVM_MAJOR=15  -Wno-deprecated-declarations -Wl,-znodelete -fno-rtti -fPIC -std=c++14 -shared instrumentation/SanitizerCoveragePCGUARD.so.cc -o SanitizerCoveragePCGUARD.so $(llvm-config --ldflags)  -Wno-deprecated-copy-dtor -Wdeprecated instrumentation/afl-llvm-common.o
#15 23.98 /usr/local/bin/clang++ $(llvm-config --cxxflags) -fno-rtti -fno-exceptions -fPIC -O3 -funroll-loops -fPIC -Wall -g -I ./include/ -DVERSION=\"++4.31a\" -Wno-variadic-macros -Wno-deprecated-copy-with-dtor -DLLVM_MINOR=0 -DLLVM_MAJOR=15  -Wno-deprecated-declarations -Wl,-znodelete -shared instrumentation/split-compares-pass.so.cc -o split-compares-pass.so $(llvm-config --ldflags)  instrumentation/afl-llvm-common.o
#15 28.21 /usr/local/bin/clang++ $(llvm-config --cxxflags) -fno-rtti -fno-exceptions -fPIC -O3 -funroll-loops -fPIC -Wall -g -I ./include/ -DVERSION=\"++4.31a\" -Wno-variadic-macros -Wno-deprecated-copy-with-dtor -DLLVM_MINOR=0 -DLLVM_MAJOR=15  -Wno-deprecated-declarations -Wl,-znodelete -shared instrumentation/split-switches-pass.so.cc -o split-switches-pass.so $(llvm-config --ldflags)  instrumentation/afl-llvm-common.o
#15 32.29 /usr/local/bin/clang++ $(llvm-config --cxxflags) -fno-rtti -fno-exceptions -fPIC -O3 -funroll-loops -fPIC -Wall -g -I ./include/ -DVERSION=\"++4.31a\" -Wno-variadic-macros -Wno-deprecated-copy-with-dtor -DLLVM_MINOR=0 -DLLVM_MAJOR=15  -Wno-deprecated-declarations -Wl,-znodelete -shared instrumentation/cmplog-routines-pass.cc -o cmplog-routines-pass.so $(llvm-config --ldflags)  instrumentation/afl-llvm-common.o
#15 36.50 /usr/local/bin/clang++ $(llvm-config --cxxflags) -fno-rtti -fno-exceptions -fPIC -O3 -funroll-loops -fPIC -Wall -g -I ./include/ -DVERSION=\"++4.31a\" -Wno-variadic-macros -Wno-deprecated-copy-with-dtor -DLLVM_MINOR=0 -DLLVM_MAJOR=15  -Wno-deprecated-declarations -Wl,-znodelete -shared instrumentation/cmplog-instructions-pass.cc -o cmplog-instructions-pass.so $(llvm-config --ldflags)  instrumentation/afl-llvm-common.o
#15 40.46 /usr/local/bin/clang++ $(llvm-config --cxxflags) -fno-rtti -fno-exceptions -fPIC -O3 -funroll-loops -fPIC -Wall -g -I ./include/ -DVERSION=\"++4.31a\" -Wno-variadic-macros -Wno-deprecated-copy-with-dtor -DLLVM_MINOR=0 -DLLVM_MAJOR=15  -Wno-deprecated-declarations -Wl,-znodelete -shared instrumentation/cmplog-switches-pass.cc -o cmplog-switches-pass.so $(llvm-config --ldflags)  instrumentation/afl-llvm-common.o
#15 44.42 /usr/local/bin/clang++ $(llvm-config --cxxflags) -fno-rtti -fno-exceptions -fPIC -O3 -funroll-loops -fPIC -Wall -g -I ./include/ -DVERSION=\"++4.31a\" -Wno-variadic-macros -Wno-deprecated-copy-with-dtor -DLLVM_MINOR=0 -DLLVM_MAJOR=15  -Wno-deprecated-declarations -Wl,-znodelete -shared instrumentation/afl-llvm-dict2file.so.cc -o afl-llvm-dict2file.so $(llvm-config --ldflags)  instrumentation/afl-llvm-common.o
#15 48.48 /usr/local/bin/clang++ $(llvm-config --cxxflags) -fno-rtti -fno-exceptions -fPIC -O3 -funroll-loops -fPIC -Wall -g -I ./include/ -DVERSION=\"++4.31a\" -Wno-variadic-macros -Wno-deprecated-copy-with-dtor -DLLVM_MINOR=0 -DLLVM_MAJOR=15  -Wno-deprecated-declarations -Wl,-znodelete -shared instrumentation/compare-transform-pass.so.cc -o compare-transform-pass.so $(llvm-config --ldflags)  instrumentation/afl-llvm-common.o
#15 52.96 /usr/local/bin/clang -O3 -funroll-loops -fPIC -Wall -g -Wno-cast-qual -Wno-variadic-macros -Wno-pointer-sign -I ./include/ -I ./instrumentation/ -DAFL_PATH=\"/usr/local/lib/afl\" -DBIN_PATH=\"/usr/local/bin\" -DLLVM_BINDIR=\"/usr/local/bin\" -DVERSION=\"++4.31a\" -DLLVM_LIBDIR=\"/usr/local/lib\" -DLLVM_VERSION=\"15.0.0\" -DAFL_CLANG_FLTO=\"-flto=full\" -DAFL_REAL_LD=\"/usr/local/bin/ld.lld\" -DAFL_CLANG_LDPATH=\"1\" -DAFL_CLANG_FUSELD=\"1\" -DCLANG_BIN=\"/usr/local/bin/clang\" -DCLANGPP_BIN=\"/usr/local/bin/clang++\" -DUSE_BINDIR=1 -Wno-unused-function -fdebug-prefix-map="/afl=llvm_mode" -Wno-deprecated  src/afl-ld-lto.c -o afl-ld-lto
#15 53.11 /usr/local/bin/clang++ $(llvm-config --cxxflags) -fno-rtti -fno-exceptions -fPIC -O3 -funroll-loops -fPIC -Wall -g -I ./include/ -DVERSION=\"++4.31a\" -Wno-variadic-macros -Wno-deprecated-copy-with-dtor -DLLVM_MINOR=0 -DLLVM_MAJOR=15  -Wno-deprecated-declarations -Wl,-znodelete -fno-rtti -fPIC -std=c++14 -shared instrumentation/afl-llvm-lto-instrumentlist.so.cc -o afl-llvm-lto-instrumentlist.so $(llvm-config --ldflags)  instrumentation/afl-llvm-common.o
#15 56.58 /usr/local/bin/clang++ $(llvm-config --cxxflags) -fno-rtti -fno-exceptions -fPIC -O3 -funroll-loops -fPIC -Wall -g -I ./include/ -DVERSION=\"++4.31a\" -Wno-variadic-macros -Wno-deprecated-copy-with-dtor -DLLVM_MINOR=0 -DLLVM_MAJOR=15  -Wno-deprecated-declarations -Wl,-znodelete -Wno-writable-strings -fno-rtti -fPIC -std=c++14 -shared instrumentation/SanitizerCoverageLTO.so.cc -o SanitizerCoverageLTO.so $(llvm-config --ldflags)  instrumentation/afl-llvm-common.o
#15 59.03 instrumentation/SanitizerCoverageLTO.so.cc:352:16: error: no member named 'registerFullLinkTimeOptimizationLastEPCallback' in 'llvm::PassBuilder'
#15 59.03             PB.registerFullLinkTimeOptimizationLastEPCallback(
#15 59.03             ~~ ^
#15 59.97 1 error generated.
#15 59.99 make[1]: Leaving directory '/afl'
#15 59.99 make[1]: *** [GNUmakefile.llvm:461: SanitizerCoverageLTO.so] Error 1
#15 59.99 make: [GNUmakefile:347: llvm] Error 2 (ignored)
#15 59.99 make -f GNUmakefile.gcc_plugin
#15 60.00 make[1]: Entering directory '/afl'
#15 60.07 [+] shmat seems to be working.
#15 60.07 [*] Checking for working 'gcc'...
#15 60.07 [*] Checking for gcc plugin development header files...
#15 60.07 [*] Checking for './afl-showmap'...
#15 60.07 [+] All set and ready to build.
#15 60.08 g++ -O3 -g -funroll-loops  -Wall -std=c++11 -fPIC -fno-rtti -fno-exceptions -I"/usr/lib/gcc/x86_64-linux-gnu/9/plugin"/include -I"/usr/lib/gcc/x86_64-linux-gnu/9/plugin" -shared instrumentation/afl-gcc-pass.so.cc -o afl-gcc-pass.so
#15 61.75 ln -sf afl-cc afl-gcc-fast
#15 61.75 ln -sf afl-cc afl-g++-fast
#15 61.75 ln -sf afl-cc.8 afl-gcc-fast.8
#15 61.75 ln -sf afl-cc.8 afl-g++-fast.8
#15 61.76 g++ -O3 -g -funroll-loops  -Wall -std=c++11 -fPIC -fno-rtti -fno-exceptions -I"/usr/lib/gcc/x86_64-linux-gnu/9/plugin"/include -I"/usr/lib/gcc/x86_64-linux-gnu/9/plugin" -shared instrumentation/afl-gcc-cmplog-pass.so.cc -o afl-gcc-cmplog-pass.so
#15 63.45 g++ -O3 -g -funroll-loops  -Wall -std=c++11 -fPIC -fno-rtti -fno-exceptions -I"/usr/lib/gcc/x86_64-linux-gnu/9/plugin"/include -I"/usr/lib/gcc/x86_64-linux-gnu/9/plugin" -shared instrumentation/afl-gcc-cmptrs-pass.so.cc -o afl-gcc-cmptrs-pass.so
#15 65.07 [*] Testing the CC wrapper and instrumentation output...
#15 65.07 unset AFL_USE_ASAN AFL_USE_MSAN AFL_LLVM_ALLOWLIST AFL_LLVM_DENYLIST; ASAN_OPTIONS=detect_leaks=0 AFL_QUIET=1 AFL_INST_RATIO=100 AFL_PATH=. AFL_CC=gcc ./afl-gcc-fast -O3 -g -funroll-loops -Wall -Iinclude -Wno-pointer-sign -DAFL_PATH=\"/usr/local/lib/afl\" -DBIN_PATH=\"/usr/local/bin\" -DGCC_VERSION=\"\" -DGCC_BINDIR=\"\" -Wno-unused-function  ./test-instr.c -o test-instr -lrt
#15 65.17 ASAN_OPTIONS=detect_leaks=0 ./afl-showmap -m none -q -o .test-instr0 ./test-instr </dev/null
#15 65.17 echo 1 | ASAN_OPTIONS=detect_leaks=0 ./afl-showmap -m none -q -o .test-instr1 ./test-instr
#15 65.18 [+] All right, the instrumentation seems to be working!
#15 65.18 [+] All done! You can now use './afl-gcc-fast' to compile programs.
#15 65.18 make[1]: Leaving directory '/afl'
#15 65.18 [!] Note: skipping build tests (you may need to use LLVM or QEMU mode).
#15 65.18 [+] Main compiler 'afl-cc' successfully built!
#15 65.18 [+] LLVM mode for 'afl-cc' successfully built!
#15 65.18 [-] LLVM LTO mode for 'afl-cc'  failed to build, this would need LLVM 11+, see instrumentation/README.lto.md how to build it
#15 65.19 [+] gcc_plugin for 'afl-cc' successfully built!
#15 65.19 [+] All done! Be sure to review the README.md - it's pretty short and useful.
#15 65.19 make -C utils/aflpp_driver
#15 65.19 make[1]: Entering directory '/afl/utils/aflpp_driver'
#15 65.20 /usr/local/bin/clang -I. -I../../include -O3 -funroll-loops -g -fPIC -c aflpp_driver.c
#15 65.28 'libAFLDriver.a' -> '../../libAFLDriver.a'
#15 65.28 /usr/local/bin/clang -O3 -funroll-loops -g -fPIC -O0 -funroll-loops -c aflpp_qemu_driver.c
#15 65.31 'libAFLQemuDriver.a' -> '../../libAFLQemuDriver.a'
#15 65.31 Note: Optional aflpp_qemu_driver_hook.o not built.
#15 65.31 Note: Optional aflpp_qemu_driver_hook.so not built.
#15 65.31 make[1]: Leaving directory '/afl/utils/aflpp_driver'
#15 65.31 
#15 65.31 
#15 65.31 
#15 65.31 
#15 65.31 Build Summary:
#15 65.31 [+] afl-fuzz and supporting tools successfully built
#15 65.31 [+] LLVM basic mode successfully built
#15 65.31 [+] LLVM mode successfully built
#15 65.31 [-] LLVM LTO mode could not be built, it is optional, if you want it, please install LLVM and LLD 11+. More information at instrumentation/README.lto.md on how to build it
#15 65.31 [+] gcc_mode successfully built
#15 65.31 
#15 DONE 65.3s

#16 [12/13] RUN cd /afl &&     PYTHON_INCLUDE=/ make all && make install
#16 0.268 [*] Compiling AFL++ for OS Linux on ARCH x86_64
#16 0.642 [+] ZLIB detected
#16 0.655 [*] Checking for the default compiler cc...
#16 0.657 [*] Testing the PATH environment variable...
#16 0.658 [*] Checking for the ability to compile x86 code...
#16 0.700 [+] shmat seems to be working.
#16 0.702 [-] You seem to need to install the package python3-dev or python-dev (and perhaps python[3]-apt), but it is optional so we continue
#16 0.710 [+] Everything seems to be working, ready to compile. (clang version 15.0.0 (https://github.com/llvm/llvm-project.git bf7f8d6fa6f460bf0a16ffec319cd71592216bf4))
#16 0.711 make -j -f GNUmakefile.llvm
#16 0.712 make[1]: Entering directory '/afl'
#16 0.729 [+] llvm_mode detected llvm 10+, enabling neverZero implementation and c++14
#16 0.729 [+] llvm_mode detected llvm 12+, enabling afl-lto LTO implementation
#16 0.959 [+] shmat seems to be working.
#16 0.972 [*] Checking for working 'llvm-config'...
#16 0.973 [*] Checking for working '/usr/local/bin/clang'...
#16 0.975 [*] Checking for matching versions of '/usr/local/bin/clang' and 'llvm-config'
#16 0.976 [*] We have llvm-config version 15.0.0 with a clang version 15.0.0, good.
#16 0.976 [*] Checking for './afl-showmap'...
#16 0.977 [+] All set and ready to build.
#16 0.982 /usr/local/bin/clang++ $(llvm-config --cxxflags) -fno-rtti -fno-exceptions -fPIC -O1 -fno-omit-frame-pointer -gline-tables-only -DFUZZING_BUILD_MODE_UNSAFE_FOR_PRODUCTION -stdlib=libc++ -Wall -g -I ./include/ -DVERSION=\"++4.31a\" -Wno-variadic-macros -Wno-deprecated-copy-with-dtor -DLLVM_MINOR=0 -DLLVM_MAJOR=15  -Wno-deprecated-declarations -Wl,-znodelete -Wno-writable-strings -fno-rtti -fPIC -std=c++14 -shared instrumentation/SanitizerCoverageLTO.so.cc -o SanitizerCoverageLTO.so $(llvm-config --ldflags)  instrumentation/afl-llvm-common.o
#16 3.514 instrumentation/SanitizerCoverageLTO.so.cc:352:16: error: no member named 'registerFullLinkTimeOptimizationLastEPCallback' in 'llvm::PassBuilder'
#16 3.514             PB.registerFullLinkTimeOptimizationLastEPCallback(
#16 3.514             ~~ ^
#16 4.623 1 error generated.
#16 4.646 make[1]: *** [GNUmakefile.llvm:461: SanitizerCoverageLTO.so] Error 1
#16 4.646 make[1]: Leaving directory '/afl'
#16 4.647 make: [GNUmakefile:347: llvm] Error 2 (ignored)
#16 4.648 make -f GNUmakefile.gcc_plugin
#16 4.648 make[1]: Entering directory '/afl'
#16 4.692 [+] shmat seems to be working.
#16 4.693 [*] Checking for working 'gcc'...
#16 4.695 [*] Checking for gcc plugin development header files...
#16 4.697 [*] Checking for './afl-showmap'...
#16 4.698 [+] All set and ready to build.
#16 4.699 [*] Testing the CC wrapper and instrumentation output...
#16 4.699 unset AFL_USE_ASAN AFL_USE_MSAN AFL_LLVM_ALLOWLIST AFL_LLVM_DENYLIST; ASAN_OPTIONS=detect_leaks=0 AFL_QUIET=1 AFL_INST_RATIO=100 AFL_PATH=. AFL_CC=gcc ./afl-gcc-fast -O1 -fno-omit-frame-pointer -gline-tables-only -DFUZZING_BUILD_MODE_UNSAFE_FOR_PRODUCTION -g -Wno-pointer-sign -Wno-variadic-macros -Wall -Wextra -Wno-pointer-arith -fPIC -I include/ -DAFL_PATH=\"/usr/local/lib/afl\" -DBIN_PATH=\"/usr/local/bin\" -DDOC_PATH=\"/usr/local/share/doc/afl\" -Wall -Iinclude -Wno-pointer-sign -DAFL_PATH=\"/usr/local/lib/afl\" -DBIN_PATH=\"/usr/local/bin\" -DGCC_VERSION=\"\" -DGCC_BINDIR=\"\" -Wno-unused-function  ./test-instr.c -o test-instr -lrt
#16 4.702 gcc: error: unrecognized debug output level 'line-tables-only'
#16 4.702 make[1]: *** [GNUmakefile.gcc_plugin:166: test_build] Error 1
#16 4.702 make[1]: Leaving directory '/afl'
#16 4.702 make: [GNUmakefile:353: gcc_plugin] Error 2 (ignored)
#16 4.703 [*] Testing the CC wrapper afl-cc and its instrumentation output...
#16 4.773 ASAN_OPTIONS=detect_leaks=0 ./afl-showmap -q -m none -o .test-instr0 ./test-instr < /dev/null
#16 4.778 echo 1 | ASAN_OPTIONS=detect_leaks=0 ./afl-showmap -m none -q -o .test-instr1 ./test-instr
#16 4.787 
#16 4.787 [+] All right, the instrumentation of afl-cc seems to be working!
#16 4.789 [+] Main compiler 'afl-cc' successfully built!
#16 4.789 [+] LLVM mode for 'afl-cc' successfully built!
#16 4.790 [-] LLVM LTO mode for 'afl-cc'  failed to build, this would need LLVM 11+, see instrumentation/README.lto.md how to build it
#16 4.790 [+] gcc_plugin for 'afl-cc' successfully built!
#16 4.791 [+] All done! Be sure to review the README.md - it's pretty short and useful.
#16 4.794 make -C utils/aflpp_driver
#16 4.794 make[1]: Entering directory '/afl/utils/aflpp_driver'
#16 4.804 Note: Optional aflpp_qemu_driver_hook.o not built.
#16 4.805 Note: Optional aflpp_qemu_driver_hook.so not built.
#16 4.805 make[1]: Leaving directory '/afl/utils/aflpp_driver'
#16 4.805 
#16 4.806 
#16 4.806 
#16 4.807 
#16 4.807 Build Summary:
#16 4.808 [+] afl-fuzz and supporting tools successfully built
#16 4.809 [+] LLVM basic mode successfully built
#16 4.809 [+] LLVM mode successfully built
#16 4.810 [-] LLVM LTO mode could not be built, it is optional, if you want it, please install LLVM and LLD 11+. More information at instrumentation/README.lto.md on how to build it
#16 4.811 [+] gcc_mode successfully built
#16 4.812 
#16 4.814 [*] Compiling AFL++ for OS Linux on ARCH x86_64
#16 5.293 [+] ZLIB detected
#16 5.306 [*] Checking for the default compiler cc...
#16 5.307 [*] Testing the PATH environment variable...
#16 5.308 [*] Checking for the ability to compile x86 code...
#16 5.354 [+] shmat seems to be working.
#16 5.357 [+] Python 3.8.3 support seems to be working.
#16 5.365 [+] Everything seems to be working, ready to compile. (clang version 15.0.0 (https://github.com/llvm/llvm-project.git bf7f8d6fa6f460bf0a16ffec319cd71592216bf4))
#16 5.366 make -j -f GNUmakefile.llvm
#16 5.367 make[1]: Entering directory '/afl'
#16 5.385 [+] llvm_mode detected llvm 10+, enabling neverZero implementation and c++14
#16 5.385 [+] llvm_mode detected llvm 12+, enabling afl-lto LTO implementation
#16 5.612 [+] shmat seems to be working.
#16 5.625 [*] Checking for working 'llvm-config'...
#16 5.626 [*] Checking for working '/usr/local/bin/clang'...
#16 5.627 [*] Checking for matching versions of '/usr/local/bin/clang' and 'llvm-config'
#16 5.628 [*] We have llvm-config version 15.0.0 with a clang version 15.0.0, good.
#16 5.628 [*] Checking for './afl-showmap'...
#16 5.629 [+] All set and ready to build.
#16 5.634 /usr/local/bin/clang++ $(llvm-config --cxxflags) -fno-rtti -fno-exceptions -fPIC -O1 -fno-omit-frame-pointer -gline-tables-only -DFUZZING_BUILD_MODE_UNSAFE_FOR_PRODUCTION -stdlib=libc++ -Wall -g -I ./include/ -DVERSION=\"++4.31a\" -Wno-variadic-macros -Wno-deprecated-copy-with-dtor -DLLVM_MINOR=0 -DLLVM_MAJOR=15  -Wno-deprecated-declarations -Wl,-znodelete -Wno-writable-strings -fno-rtti -fPIC -std=c++14 -shared instrumentation/SanitizerCoverageLTO.so.cc -o SanitizerCoverageLTO.so $(llvm-config --ldflags)  instrumentation/afl-llvm-common.o
#16 8.175 instrumentation/SanitizerCoverageLTO.so.cc:352:16: error: no member named 'registerFullLinkTimeOptimizationLastEPCallback' in 'llvm::PassBuilder'
#16 8.175             PB.registerFullLinkTimeOptimizationLastEPCallback(
#16 8.175             ~~ ^
#16 9.282 1 error generated.
#16 9.305 make[1]: *** [GNUmakefile.llvm:461: SanitizerCoverageLTO.so] Error 1
#16 9.305 make[1]: Leaving directory '/afl'
#16 9.306 make: [GNUmakefile:347: llvm] Error 2 (ignored)
#16 9.306 make -f GNUmakefile.gcc_plugin
#16 9.307 make[1]: Entering directory '/afl'
#16 9.352 [+] shmat seems to be working.
#16 9.353 [*] Checking for working 'gcc'...
#16 9.354 [*] Checking for gcc plugin development header files...
#16 9.357 [*] Checking for './afl-showmap'...
#16 9.358 [+] All set and ready to build.
#16 9.359 [*] Testing the CC wrapper and instrumentation output...
#16 9.359 unset AFL_USE_ASAN AFL_USE_MSAN AFL_LLVM_ALLOWLIST AFL_LLVM_DENYLIST; ASAN_OPTIONS=detect_leaks=0 AFL_QUIET=1 AFL_INST_RATIO=100 AFL_PATH=. AFL_CC=gcc ./afl-gcc-fast -O1 -fno-omit-frame-pointer -gline-tables-only -DFUZZING_BUILD_MODE_UNSAFE_FOR_PRODUCTION -g -Wno-pointer-sign -Wno-variadic-macros -Wall -Wextra -Wno-pointer-arith -fPIC -I include/ -DAFL_PATH=\"/usr/local/lib/afl\" -DBIN_PATH=\"/usr/local/bin\" -DDOC_PATH=\"/usr/local/share/doc/afl\" -Wall -Iinclude -Wno-pointer-sign -DAFL_PATH=\"/usr/local/lib/afl\" -DBIN_PATH=\"/usr/local/bin\" -DGCC_VERSION=\"\" -DGCC_BINDIR=\"\" -Wno-unused-function  ./test-instr.c -o test-instr -lrt
#16 9.361 gcc: error: unrecognized debug output level 'line-tables-only'
#16 9.362 make[1]: *** [GNUmakefile.gcc_plugin:166: test_build] Error 1
#16 9.362 make[1]: Leaving directory '/afl'
#16 9.362 make: [GNUmakefile:353: gcc_plugin] Error 2 (ignored)
#16 9.363 [*] Testing the CC wrapper afl-cc and its instrumentation output...
#16 9.432 ASAN_OPTIONS=detect_leaks=0 ./afl-showmap -q -m none -o .test-instr0 ./test-instr < /dev/null
#16 9.438 echo 1 | ASAN_OPTIONS=detect_leaks=0 ./afl-showmap -m none -q -o .test-instr1 ./test-instr
#16 9.447 
#16 9.447 [+] All right, the instrumentation of afl-cc seems to be working!
#16 9.449 [+] Main compiler 'afl-cc' successfully built!
#16 9.449 [+] LLVM mode for 'afl-cc' successfully built!
#16 9.450 [-] LLVM LTO mode for 'afl-cc'  failed to build, this would need LLVM 11+, see instrumentation/README.lto.md how to build it
#16 9.450 [+] gcc_plugin for 'afl-cc' successfully built!
#16 9.451 [+] All done! Be sure to review the README.md - it's pretty short and useful.
#16 9.454 make -C utils/aflpp_driver
#16 9.454 make[1]: Entering directory '/afl/utils/aflpp_driver'
#16 9.465 Note: Optional aflpp_qemu_driver_hook.o not built.
#16 9.466 Note: Optional aflpp_qemu_driver_hook.so not built.
#16 9.466 make[1]: Leaving directory '/afl/utils/aflpp_driver'
#16 9.466 
#16 9.467 
#16 9.467 
#16 9.468 
#16 9.469 Build Summary:
#16 9.469 [+] afl-fuzz and supporting tools successfully built
#16 9.470 [+] LLVM basic mode successfully built
#16 9.470 [+] LLVM mode successfully built
#16 9.471 [-] LLVM LTO mode could not be built, it is optional, if you want it, please install LLVM and LLD 11+. More information at instrumentation/README.lto.md on how to build it
#16 9.472 [+] gcc_mode successfully built
#16 9.473 
#16 9.693 rm -fv /usr/local/lib/afl/afl-llvm-dict2file.so
#16 9.693 rm -fv /usr/local/lib/afl/afl-llvm-lto-instrumentlist.so
#16 9.693 rm -fv /usr/local/lib/afl/afl-llvm-pass.so
#16 9.693 rm -fv /usr/local/lib/afl/cmplog-instructions-pass.so
#16 9.693 rm -fv /usr/local/lib/afl/cmplog-routines-pass.so
#16 9.693 rm -fv /usr/local/lib/afl/cmplog-switches-pass.so
#16 9.693 rm -fv /usr/local/lib/afl/compare-transform-pass.so
#16 9.693 rm -fv /usr/local/lib/afl/libcompcov.so
#16 9.693 rm -fv /usr/local/lib/afl/libdislocator.so
#16 9.693 rm -fv /usr/local/lib/afl/libnyx.so
#16 9.693 rm -fv /usr/local/lib/afl/libqasan.so
#16 9.693 rm -fv /usr/local/lib/afl/libtokencap.so
#16 9.693 rm -fv /usr/local/lib/afl/SanitizerCoverageLTO.so
#16 9.693 rm -fv /usr/local/lib/afl/SanitizerCoveragePCGUARD.so
#16 9.693 rm -fv /usr/local/lib/afl/split-compares-pass.so
#16 9.693 rm -fv /usr/local/lib/afl/split-switches-pass.so
#16 9.693 rm -fv /usr/local/lib/afl/injection-pass.so
#16 9.693 install -m 755 afl-fuzz afl-showmap afl-tmin afl-gotcpu afl-analyze afl-plot afl-cmin afl-cmin.bash afl-whatsup afl-addseeds afl-system-config afl-persistent-config afl-cc ${DESTDIR}/usr/local/bin
#16 9.710 make -f GNUmakefile.llvm install
#16 9.711 make[1]: Entering directory '/afl'
#16 9.730 [+] llvm_mode detected llvm 10+, enabling neverZero implementation and c++14
#16 9.730 [+] llvm_mode detected llvm 12+, enabling afl-lto LTO implementation
#16 9.961 [+] shmat seems to be working.
#16 9.975 [*] Checking for working 'llvm-config'...
#16 9.976 [*] Checking for working '/usr/local/bin/clang'...
#16 9.977 [*] Checking for matching versions of '/usr/local/bin/clang' and 'llvm-config'
#16 9.978 [*] We have llvm-config version 15.0.0 with a clang version 15.0.0, good.
#16 9.979 [*] Checking for './afl-showmap'...
#16 9.980 [+] All set and ready to build.
#16 9.984 /usr/local/bin/clang++ $(llvm-config --cxxflags) -fno-rtti -fno-exceptions -fPIC -O1 -fno-omit-frame-pointer -gline-tables-only -DFUZZING_BUILD_MODE_UNSAFE_FOR_PRODUCTION -stdlib=libc++ -Wall -g -I ./include/ -DVERSION=\"++4.31a\" -Wno-variadic-macros -Wno-deprecated-copy-with-dtor -DLLVM_MINOR=0 -DLLVM_MAJOR=15  -Wno-deprecated-declarations -Wl,-znodelete -Wno-writable-strings -fno-rtti -fPIC -std=c++14 -shared instrumentation/SanitizerCoverageLTO.so.cc -o SanitizerCoverageLTO.so $(llvm-config --ldflags)  instrumentation/afl-llvm-common.o
#16 12.51 instrumentation/SanitizerCoverageLTO.so.cc:352:16: error: no member named 'registerFullLinkTimeOptimizationLastEPCallback' in 'llvm::PassBuilder'
#16 12.51             PB.registerFullLinkTimeOptimizationLastEPCallback(
#16 12.51             ~~ ^
#16 13.61 1 error generated.
#16 13.64 make[1]: Leaving directory '/afl'
#16 13.64 make[1]: *** [GNUmakefile.llvm:461: SanitizerCoverageLTO.so] Error 1
#16 13.64 make: [GNUmakefile:820: install] Error 2 (ignored)
#16 13.64 make -f GNUmakefile.gcc_plugin install
#16 13.64 make[1]: Entering directory '/afl'
#16 13.68 [+] shmat seems to be working.
#16 13.68 [*] Checking for working 'gcc'...
#16 13.68 [*] Checking for gcc plugin development header files...
#16 13.69 [*] Checking for './afl-showmap'...
#16 13.69 [+] All set and ready to build.
#16 13.69 [*] Testing the CC wrapper and instrumentation output...
#16 13.69 unset AFL_USE_ASAN AFL_USE_MSAN AFL_LLVM_ALLOWLIST AFL_LLVM_DENYLIST; ASAN_OPTIONS=detect_leaks=0 AFL_QUIET=1 AFL_INST_RATIO=100 AFL_PATH=. AFL_CC=gcc ./afl-gcc-fast -O1 -fno-omit-frame-pointer -gline-tables-only -DFUZZING_BUILD_MODE_UNSAFE_FOR_PRODUCTION -g -Wno-pointer-sign -Wno-variadic-macros -Wall -Wextra -Wno-pointer-arith -fPIC -I include/ -DAFL_PATH=\"/usr/local/lib/afl\" -DBIN_PATH=\"/usr/local/bin\" -DDOC_PATH=\"/usr/local/share/doc/afl\" -Wall -Iinclude -Wno-pointer-sign -DAFL_PATH=\"/usr/local/lib/afl\" -DBIN_PATH=\"/usr/local/bin\" -DGCC_VERSION=\"\" -DGCC_BINDIR=\"\" -Wno-unused-function  ./test-instr.c -o test-instr -lrt
#16 13.69 gcc: error: unrecognized debug output level 'line-tables-only'
#16 13.69 make[1]: *** [GNUmakefile.gcc_plugin:166: test_build] Error 1
#16 13.69 make[1]: Leaving directory '/afl'
#16 13.69 ln -sf afl-cc ${DESTDIR}/usr/local/bin/afl-gcc
#16 13.69 make: [GNUmakefile:821: install] Error 2 (ignored)
#16 13.69 ln -sf afl-cc ${DESTDIR}/usr/local/bin/afl-g++
#16 13.69 ln -sf afl-cc ${DESTDIR}/usr/local/bin/afl-clang
#16 13.70 ln -sf afl-cc ${DESTDIR}/usr/local/bin/afl-clang++
#16 13.70 install -m 644 include/afl-fuzz.h include/afl-mutations.h include/afl-persistent-replay.h include/afl-prealloc.h include/afl-record-compat.h include/alloc-inl.h include/android-ashmem.h include/cmplog.h include/common.h include/config.h include/coverage-32.h include/coverage-64.h include/debug.h include/envs.h include/forkserver.h include/hash.h include/list.h include/sharedmem.h include/snapshot-inl.h include/t1ha.h include/t1ha0_ia32aes_b.h include/t1ha_bits.h include/t1ha_selfcheck.h include/types.h include/xxhash.h ${DESTDIR}/usr/local/include/afl
#16 13.71 install -m0644 *.8 /usr/local/share/man/man8
#16 13.71 install -m 644 docs/*.md ${DESTDIR}/usr/local/share/doc/afl
#16 13.71 cp -r testcases/ ${DESTDIR}/usr/local/share/afl
#16 13.72 cp -r dictionaries/ ${DESTDIR}/usr/local/share/afl
#16 13.73 cp injections.dic ${DESTDIR}/usr/local/share/afl
#16 DONE 13.8s

#17 [13/13] RUN cd /afl/custom_mutators/examples &&     cc -O3 -fPIC -shared -g -o custom_post_run.so -I../../include set.c custom_post_run.c
#17 0.518 custom_post_run.c: In function 'afl_custom_post_run':
#17 0.518 custom_post_run.c:313:5: warning: implicit declaration of function 'update_record' [-Wimplicit-function-declaration]
#17 0.518   313 |     update_record(data);
#17 0.518       |     ^~~~~~~~~~~~~
#17 0.518 custom_post_run.c: At top level:
#17 0.518 custom_post_run.c:319:6: warning: conflicting types for 'update_record'
#17 0.518   319 | void update_record(my_mutator_t *data) {
#17 0.518       |      ^~~~~~~~~~~~~
#17 0.518 custom_post_run.c:313:5: note: previous implicit declaration of 'update_record' was here
#17 0.518   313 |     update_record(data);
#17 0.518       |     ^~~~~~~~~~~~~
#17 DONE 0.7s

#18 exporting to image
#18 exporting layers
#18 exporting layers 0.2s done
#18 preparing layers for inline cache 0.0s done
#18 writing image sha256:8d1e658938e29a9307186a6ecbbe28adf785bdee86fbe68d468309e1279df200 done
#18 naming to gcr.io/fuzzbench/builders/aflmmbb/libpng_libpng_read_fuzzer-intermediate done
#18 DONE 0.2s

 [33m1 warning found (use --debug to expand):
[0m - InvalidDefaultArgInFrom: Default value for ARG $parent_image results in empty or invalid base image name (line 16)
docker pull ubuntu:focal
focal: Pulling from library/ubuntu
Digest: sha256:8e5c4f0285ecbb4ead070431d29b576a530d3166df73ec44affc1cd27555141b
Status: Image is up to date for ubuntu:focal
docker.io/library/ubuntu:focal
docker build \
--tag gcr.io/fuzzbench/base-image \
--build-arg BUILDKIT_INLINE_CACHE=1 \
--cache-from gcr.io/fuzzbench/base-image \
--file docker/base-image/Dockerfile \
.
#0 building with "default" instance using docker driver

#1 [internal] load build definition from Dockerfile
#1 transferring dockerfile: 2.34kB done
#1 WARN: LegacyKeyValueFormat: "ENV key=value" should be used instead of legacy "ENV key value" format (line 20)
#1 DONE 0.0s

#2 [internal] load metadata for docker.io/library/ubuntu:focal
#2 DONE 0.0s

#3 [internal] load .dockerignore
#3 transferring context: 220B done
#3 DONE 0.0s

#4 importing cache manifest from gcr.io/fuzzbench/base-image
#4 DONE 0.0s

#5 [1/7] FROM docker.io/library/ubuntu:focal
#5 DONE 0.0s

#6 [internal] load build context
#6 transferring context: 711B done
#6 DONE 0.0s

#7 [4/7] COPY ./requirements.txt /tmp
#7 CACHED

#8 [5/7] RUN pip install -r /tmp/requirements.txt
#8 CACHED

#9 [6/7] RUN apt-get update &&     apt-get install -y     apt-transport-https     ca-certificates     rsync     gnupg
#9 CACHED

#10 [3/7] RUN cd /tmp/ &&     curl -O https://www.python.org/ftp/python/3.10.8/Python-3.10.8.tar.xz &&     tar -xvf Python-3.10.8.tar.xz > /dev/null &&     cd Python-3.10.8 &&     ./configure         --enable-loadable-sqlite-extensions         --enable-optimizations         > /dev/null &&     make -j install > /dev/null &&     rm -r /tmp/Python-3.10.8.tar.xz /tmp/Python-3.10.8 &&     ln -s /usr/local/bin/python3 /usr/local/bin/python &&     ln -s /usr/local/bin/pip3 /usr/local/bin/pip
#10 CACHED

#11 [2/7] RUN apt-get update &&     apt-get upgrade -y &&     apt-get install -y     curl     xz-utils     build-essential     zlib1g-dev     libssl-dev     libffi-dev     libsqlite3-dev     libbz2-dev     liblzma-dev
#11 CACHED

#12 [7/7] RUN echo "deb https://packages.cloud.google.com/apt cloud-sdk main"     | tee -a /etc/apt/sources.list.d/google-cloud-sdk.list &&     curl https://packages.cloud.google.com/apt/doc/apt-key.gpg     | apt-key add - &&     apt-get update &&     apt-get install -y google-cloud-cli
#12 CACHED

#13 exporting to image
#13 exporting layers done
#13 preparing layers for inline cache 0.0s done
#13 writing image sha256:9ab7beda7eaf84793583fa0ea14625a23bf04ec0443f9a510b3650086da3de48 done
#13 naming to gcr.io/fuzzbench/base-image done
#13 DONE 0.0s

 [33m1 warning found (use --debug to expand):
[0m - LegacyKeyValueFormat: "ENV key=value" should be used instead of legacy "ENV key value" format (line 20)
docker build \
--tag gcr.io/fuzzbench/builders/aflmmbb/libpng_libpng_read_fuzzer \
--build-arg BUILDKIT_INLINE_CACHE=1 \
--cache-from gcr.io/fuzzbench/builders/aflmmbb/libpng_libpng_read_fuzzer \
--build-arg benchmark=libpng_libpng_read_fuzzer \
--build-arg fuzzer=aflmmbb \
--build-arg parent_image=gcr.io/fuzzbench/builders/aflmmbb/libpng_libpng_read_fuzzer-intermediate \
--no-cache \
--file docker/benchmark-builder/Dockerfile \
.
#0 building with "default" instance using docker driver

#1 [internal] load build definition from Dockerfile
#1 transferring dockerfile: 2.50kB done
#1 WARN: InvalidDefaultArgInFrom: Default value for ARG $parent_image results in empty or invalid base image name (line 20)
#1 WARN: LegacyKeyValueFormat: "ENV key=value" should be used instead of legacy "ENV key value" format (line 26)
#1 WARN: LegacyKeyValueFormat: "ENV key=value" should be used instead of legacy "ENV key value" format (line 27)
#1 WARN: LegacyKeyValueFormat: "ENV key=value" should be used instead of legacy "ENV key value" format (line 28)
#1 DONE 0.0s

#2 [internal] load metadata for gcr.io/fuzzbench/base-image:latest
#2 DONE 0.0s

#3 [internal] load metadata for gcr.io/fuzzbench/builders/aflmmbb/libpng_libpng_read_fuzzer-intermediate:latest
#3 DONE 0.0s

#4 [internal] load .dockerignore
#4 transferring context: 220B done
#4 DONE 0.0s

#5 importing cache manifest from gcr.io/fuzzbench/builders/aflmmbb/libpng_libpng_read_fuzzer
#5 DONE 0.0s

#6 [base-image 1/1] FROM gcr.io/fuzzbench/base-image:latest
#6 CACHED

#7 [stage-1  1/15] FROM gcr.io/fuzzbench/builders/aflmmbb/libpng_libpng_read_fuzzer-intermediate:latest
#7 DONE 0.0s

#8 [internal] load build context
#8 transferring context: 979.14kB 0.1s done
#8 DONE 0.1s

#9 [stage-1  2/15] RUN apt-get update &&     apt-get upgrade -y &&     apt-get install -y     curl     xz-utils     zlib1g-dev     libssl-dev     libffi-dev
#9 0.450 Hit:1 http://archive.ubuntu.com/ubuntu focal InRelease
#9 0.454 Get:2 http://security.ubuntu.com/ubuntu focal-security InRelease [128 kB]
#9 0.538 Get:3 http://archive.ubuntu.com/ubuntu focal-updates InRelease [128 kB]
#9 0.951 Get:4 http://archive.ubuntu.com/ubuntu focal-backports InRelease [128 kB]
#9 0.979 Get:5 http://security.ubuntu.com/ubuntu focal-security/restricted amd64 Packages [4389 kB]
#9 1.119 Get:6 http://archive.ubuntu.com/ubuntu focal-updates/main i386 Packages [1332 kB]
#9 1.461 Get:7 http://archive.ubuntu.com/ubuntu focal-updates/main amd64 Packages [4730 kB]
#9 1.604 Get:8 http://security.ubuntu.com/ubuntu focal-security/universe i386 Packages [861 kB]
#9 1.622 Get:9 http://security.ubuntu.com/ubuntu focal-security/universe amd64 Packages [1301 kB]
#9 1.657 Get:10 http://security.ubuntu.com/ubuntu focal-security/main i386 Packages [1053 kB]
#9 1.684 Get:11 http://security.ubuntu.com/ubuntu focal-security/main amd64 Packages [4252 kB]
#9 1.700 Get:12 http://archive.ubuntu.com/ubuntu focal-updates/restricted amd64 Packages [4577 kB]
#9 1.858 Get:13 http://archive.ubuntu.com/ubuntu focal-updates/universe i386 Packages [1021 kB]
#9 1.874 Get:14 http://archive.ubuntu.com/ubuntu focal-updates/universe amd64 Packages [1593 kB]
#9 2.653 Fetched 25.5 MB in 2s (10.7 MB/s)
#9 2.653 Reading package lists...
#9 3.804 Reading package lists...
#9 4.960 Building dependency tree...
#9 5.173 Reading state information...
#9 5.198 Calculating upgrade...
#9 5.750 The following packages will be upgraded:
#9 5.750   apt base-files binutils binutils-common binutils-dev
#9 5.750   binutils-x86-64-linux-gnu bsdutils ca-certificates e2fsprogs fdisk
#9 5.750   gir1.2-harfbuzz-0.0 git git-man krb5-locales less libapr1 libaprutil1
#9 5.750   libapt-pkg6.0 libasn1-8-heimdal libbinutils libc-bin libc-dev-bin libc6
#9 5.750   libc6-dev libc6-dev-i386 libc6-dev-x32 libc6-i386 libc6-x32 libcap2
#9 5.750   libcom-err2 libctf-nobfd0 libctf0 libcurl3-gnutls libext2fs2 libfdisk1
#9 5.750   libgnutls30 libgssapi-krb5-2 libgssapi3-heimdal libharfbuzz-dev
#9 5.750   libharfbuzz-gobject0 libharfbuzz-icu0 libharfbuzz0b libhcrypto4-heimdal
#9 5.750   libheimbase1-heimdal libheimntlm0-heimdal libhx509-5-heimdal libk5crypto3
#9 5.750   libkrb5-26-heimdal libkrb5-3 libkrb5support0 libldap-2.4-2 libldap-common
#9 5.750   libnghttp2-14 libpam-modules libpam-modules-bin libpam-runtime libpam0g
#9 5.750   libperl5.30 libprocps8 libpython3.8 libpython3.8-dev libpython3.8-minimal
#9 5.750   libpython3.8-stdlib libroken18-heimdal libsmartcols1 libsqlite3-0 libss2
#9 5.750   libssh-4 libssl-dev libssl1.1 libtasn1-6 libudev1 libwind0-heimdal
#9 5.750   libx11-data libxml2 linux-libc-dev login logsave mount ncurses-base
#9 5.750   ncurses-bin openssh-client openssl passwd perl perl-base perl-modules-5.30
#9 5.750   procps python3.8 python3.8-dev python3.8-minimal rsync tar tzdata unzip
#9 5.750   util-linux
#9 5.814 96 upgraded, 0 newly installed, 0 to remove and 0 not upgraded.
#9 5.814 Need to get 64.5 MB of archives.
#9 5.814 After this operation, 477 kB of additional disk space will be used.
#9 5.814 Get:1 http://archive.ubuntu.com/ubuntu focal-updates/main amd64 libc6-dev-x32 amd64 2.31-0ubuntu9.17 [1975 kB]
#9 5.969 Get:2 http://archive.ubuntu.com/ubuntu focal-updates/main amd64 libc6-dev-i386 amd64 2.31-0ubuntu9.17 [1902 kB]
#9 6.002 Get:3 http://archive.ubuntu.com/ubuntu focal-updates/main amd64 libc6-dev amd64 2.31-0ubuntu9.17 [2521 kB]
#9 6.045 Get:4 http://archive.ubuntu.com/ubuntu focal-updates/main amd64 libc-dev-bin amd64 2.31-0ubuntu9.17 [71.8 kB]
#9 6.046 Get:5 http://archive.ubuntu.com/ubuntu focal-updates/main amd64 libc6-i386 amd64 2.31-0ubuntu9.17 [2726 kB]
#9 6.092 Get:6 http://archive.ubuntu.com/ubuntu focal-updates/main amd64 libc6-x32 amd64 2.31-0ubuntu9.17 [2779 kB]
#9 6.139 Get:7 http://archive.ubuntu.com/ubuntu focal-updates/main amd64 linux-libc-dev amd64 5.4.0-208.228 [1118 kB]
#9 6.158 Get:8 http://archive.ubuntu.com/ubuntu focal-updates/main amd64 libc6 amd64 2.31-0ubuntu9.17 [2721 kB]
#9 6.207 Get:9 http://archive.ubuntu.com/ubuntu focal-updates/main amd64 base-files amd64 11ubuntu5.8 [60.3 kB]
#9 6.207 Get:10 http://archive.ubuntu.com/ubuntu focal-updates/main amd64 bsdutils amd64 1:2.34-0.1ubuntu9.6 [63.3 kB]
#9 6.208 Get:11 http://archive.ubuntu.com/ubuntu focal-updates/main amd64 login amd64 1:4.8.1-1ubuntu5.20.04.5 [220 kB]
#9 6.211 Get:12 http://archive.ubuntu.com/ubuntu focal-updates/main amd64 ncurses-bin amd64 6.2-0ubuntu2.1 [172 kB]
#9 6.214 Get:13 http://archive.ubuntu.com/ubuntu focal-updates/main amd64 libperl5.30 amd64 5.30.0-9ubuntu0.5 [3941 kB]
#9 6.282 Get:14 http://archive.ubuntu.com/ubuntu focal-updates/main amd64 perl amd64 5.30.0-9ubuntu0.5 [224 kB]
#9 6.285 Get:15 http://archive.ubuntu.com/ubuntu focal-updates/main amd64 perl-base amd64 5.30.0-9ubuntu0.5 [1514 kB]
#9 6.311 Get:16 http://archive.ubuntu.com/ubuntu focal-updates/main amd64 perl-modules-5.30 all 5.30.0-9ubuntu0.5 [2739 kB]
#9 6.358 Get:17 http://archive.ubuntu.com/ubuntu focal-updates/main amd64 tar amd64 1.30+dfsg-7ubuntu0.20.04.4 [240 kB]
#9 6.361 Get:18 http://archive.ubuntu.com/ubuntu focal-updates/main amd64 libfdisk1 amd64 2.34-0.1ubuntu9.6 [175 kB]
#9 6.364 Get:19 http://archive.ubuntu.com/ubuntu focal-updates/main amd64 libsmartcols1 amd64 2.34-0.1ubuntu9.6 [100 kB]
#9 6.366 Get:20 http://archive.ubuntu.com/ubuntu focal-updates/main amd64 fdisk amd64 2.34-0.1ubuntu9.6 [120 kB]
#9 6.368 Get:21 http://archive.ubuntu.com/ubuntu focal-updates/main amd64 util-linux amd64 2.34-0.1ubuntu9.6 [1022 kB]
#9 6.386 Get:22 http://archive.ubuntu.com/ubuntu focal-updates/main amd64 libc-bin amd64 2.31-0ubuntu9.17 [634 kB]
#9 6.397 Get:23 http://archive.ubuntu.com/ubuntu focal-updates/main amd64 ncurses-base all 6.2-0ubuntu2.1 [18.9 kB]
#9 6.397 Get:24 http://archive.ubuntu.com/ubuntu focal-updates/main amd64 libudev1 amd64 245.4-4ubuntu3.24 [75.2 kB]
#9 6.398 Get:25 http://archive.ubuntu.com/ubuntu focal-updates/main amd64 libapt-pkg6.0 amd64 2.0.10 [843 kB]
#9 6.412 Get:26 http://archive.ubuntu.com/ubuntu focal-updates/main amd64 libtasn1-6 amd64 4.16.0-2ubuntu0.1 [38.6 kB]
#9 6.413 Get:27 http://archive.ubuntu.com/ubuntu focal-updates/main amd64 libgnutls30 amd64 3.6.13-2ubuntu1.12 [829 kB]
#9 6.428 Get:28 http://archive.ubuntu.com/ubuntu focal-updates/main amd64 apt amd64 2.0.10 [1280 kB]
#9 6.449 Get:29 http://archive.ubuntu.com/ubuntu focal-updates/main amd64 libpam0g amd64 1.3.1-5ubuntu4.7 [55.4 kB]
#9 6.450 Get:30 http://archive.ubuntu.com/ubuntu focal-updates/main amd64 libpam-modules-bin amd64 1.3.1-5ubuntu4.7 [41.2 kB]
#9 6.451 Get:31 http://archive.ubuntu.com/ubuntu focal-updates/main amd64 libpam-modules amd64 1.3.1-5ubuntu4.7 [261 kB]
#9 6.455 Get:32 http://archive.ubuntu.com/ubuntu focal-updates/main amd64 logsave amd64 1.45.5-2ubuntu1.2 [10.2 kB]
#9 6.455 Get:33 http://archive.ubuntu.com/ubuntu focal-updates/main amd64 libext2fs2 amd64 1.45.5-2ubuntu1.2 [183 kB]
#9 6.458 Get:34 http://archive.ubuntu.com/ubuntu focal-updates/main amd64 e2fsprogs amd64 1.45.5-2ubuntu1.2 [527 kB]
#9 6.467 Get:35 http://archive.ubuntu.com/ubuntu focal-updates/main amd64 mount amd64 2.34-0.1ubuntu9.6 [115 kB]
#9 6.469 Get:36 http://archive.ubuntu.com/ubuntu focal-updates/main amd64 python3.8-dev amd64 3.8.10-0ubuntu1~20.04.15 [514 kB]
#9 6.478 Get:37 http://archive.ubuntu.com/ubuntu focal-updates/main amd64 libpython3.8-dev amd64 3.8.10-0ubuntu1~20.04.15 [3950 kB]
#9 6.546 Get:38 http://archive.ubuntu.com/ubuntu focal-updates/main amd64 libpython3.8 amd64 3.8.10-0ubuntu1~20.04.15 [1626 kB]
#9 6.573 Get:39 http://archive.ubuntu.com/ubuntu focal-updates/main amd64 libssl-dev amd64 1.1.1f-1ubuntu2.24 [1586 kB]
#9 6.600 Get:40 http://archive.ubuntu.com/ubuntu focal-updates/main amd64 libssl1.1 amd64 1.1.1f-1ubuntu2.24 [1323 kB]
#9 6.622 Get:41 http://archive.ubuntu.com/ubuntu focal-updates/main amd64 python3.8 amd64 3.8.10-0ubuntu1~20.04.15 [387 kB]
#9 6.629 Get:42 http://archive.ubuntu.com/ubuntu focal-updates/main amd64 libpython3.8-stdlib amd64 3.8.10-0ubuntu1~20.04.15 [1675 kB]
#9 6.658 Get:43 http://archive.ubuntu.com/ubuntu focal-updates/main amd64 python3.8-minimal amd64 3.8.10-0ubuntu1~20.04.15 [1901 kB]
#9 6.690 Get:44 http://archive.ubuntu.com/ubuntu focal-updates/main amd64 libpython3.8-minimal amd64 3.8.10-0ubuntu1~20.04.15 [720 kB]
#9 6.702 Get:45 http://archive.ubuntu.com/ubuntu focal-updates/main amd64 libsqlite3-0 amd64 3.31.1-4ubuntu0.6 [549 kB]
#9 6.711 Get:46 http://archive.ubuntu.com/ubuntu focal-updates/main amd64 rsync amd64 3.1.3-8ubuntu0.9 [323 kB]
#9 6.717 Get:47 http://archive.ubuntu.com/ubuntu focal-updates/main amd64 libpam-runtime all 1.3.1-5ubuntu4.7 [37.3 kB]
#9 6.717 Get:48 http://archive.ubuntu.com/ubuntu focal-updates/main amd64 passwd amd64 1:4.8.1-1ubuntu5.20.04.5 [797 kB]
#9 6.731 Get:49 http://archive.ubuntu.com/ubuntu focal-updates/main amd64 libcom-err2 amd64 1.45.5-2ubuntu1.2 [9580 B]
#9 6.732 Get:50 http://archive.ubuntu.com/ubuntu focal-updates/main amd64 libprocps8 amd64 2:3.3.16-1ubuntu2.4 [33.1 kB]
#9 6.732 Get:51 http://archive.ubuntu.com/ubuntu focal-updates/main amd64 libss2 amd64 1.45.5-2ubuntu1.2 [11.3 kB]
#9 6.733 Get:52 http://archive.ubuntu.com/ubuntu focal-updates/main amd64 procps amd64 2:3.3.16-1ubuntu2.4 [232 kB]
#9 6.735 Get:53 http://archive.ubuntu.com/ubuntu focal-updates/main amd64 openssl amd64 1.1.1f-1ubuntu2.24 [621 kB]
#9 6.747 Get:54 http://archive.ubuntu.com/ubuntu focal-updates/main amd64 ca-certificates all 20240203~20.04.1 [159 kB]
#9 6.749 Get:55 http://archive.ubuntu.com/ubuntu focal-updates/main amd64 less amd64 551-1ubuntu0.3 [123 kB]
#9 6.755 Get:56 http://archive.ubuntu.com/ubuntu focal-updates/main amd64 libcap2 amd64 1:2.32-1ubuntu0.2 [15.7 kB]
#9 6.756 Get:57 http://archive.ubuntu.com/ubuntu focal-updates/main amd64 libxml2 amd64 2.9.10+dfsg-5ubuntu0.20.04.9 [641 kB]
#9 6.766 Get:58 http://archive.ubuntu.com/ubuntu focal-updates/main amd64 tzdata all 2024b-0ubuntu0.20.04.1 [299 kB]
#9 6.771 Get:59 http://archive.ubuntu.com/ubuntu focal-updates/main amd64 krb5-locales all 1.17-6ubuntu4.8 [11.6 kB]
#9 6.772 Get:60 http://archive.ubuntu.com/ubuntu focal-updates/main amd64 libgssapi-krb5-2 amd64 1.17-6ubuntu4.8 [121 kB]
#9 6.773 Get:61 http://archive.ubuntu.com/ubuntu focal-updates/main amd64 libkrb5-3 amd64 1.17-6ubuntu4.8 [329 kB]
#9 6.779 Get:62 http://archive.ubuntu.com/ubuntu focal-updates/main amd64 libkrb5support0 amd64 1.17-6ubuntu4.8 [31.1 kB]
#9 6.780 Get:63 http://archive.ubuntu.com/ubuntu focal-updates/main amd64 libk5crypto3 amd64 1.17-6ubuntu4.8 [80.4 kB]
#9 6.781 Get:64 http://archive.ubuntu.com/ubuntu focal-updates/main amd64 libx11-data all 2:1.6.9-2ubuntu1.6 [114 kB]
#9 6.784 Get:65 http://archive.ubuntu.com/ubuntu focal-updates/main amd64 git-man all 1:2.25.1-1ubuntu3.14 [887 kB]
#9 6.799 Get:66 http://archive.ubuntu.com/ubuntu focal-updates/main amd64 libroken18-heimdal amd64 7.7.0+dfsg-1ubuntu1.4 [42.5 kB]
#9 6.800 Get:67 http://archive.ubuntu.com/ubuntu focal-updates/main amd64 libasn1-8-heimdal amd64 7.7.0+dfsg-1ubuntu1.4 [181 kB]
#9 6.803 Get:68 http://archive.ubuntu.com/ubuntu focal-updates/main amd64 libheimbase1-heimdal amd64 7.7.0+dfsg-1ubuntu1.4 [30.4 kB]
#9 6.804 Get:69 http://archive.ubuntu.com/ubuntu focal-updates/main amd64 libhcrypto4-heimdal amd64 7.7.0+dfsg-1ubuntu1.4 [88.1 kB]
#9 6.805 Get:70 http://archive.ubuntu.com/ubuntu focal-updates/main amd64 libwind0-heimdal amd64 7.7.0+dfsg-1ubuntu1.4 [47.7 kB]
#9 6.818 Get:71 http://archive.ubuntu.com/ubuntu focal-updates/main amd64 libhx509-5-heimdal amd64 7.7.0+dfsg-1ubuntu1.4 [107 kB]
#9 6.821 Get:72 http://archive.ubuntu.com/ubuntu focal-updates/main amd64 libkrb5-26-heimdal amd64 7.7.0+dfsg-1ubuntu1.4 [207 kB]
#9 6.825 Get:73 http://archive.ubuntu.com/ubuntu focal-updates/main amd64 libheimntlm0-heimdal amd64 7.7.0+dfsg-1ubuntu1.4 [15.1 kB]
#9 6.826 Get:74 http://archive.ubuntu.com/ubuntu focal-updates/main amd64 libgssapi3-heimdal amd64 7.7.0+dfsg-1ubuntu1.4 [96.5 kB]
#9 6.827 Get:75 http://archive.ubuntu.com/ubuntu focal-updates/main amd64 libldap-common all 2.4.49+dfsg-2ubuntu1.10 [16.5 kB]
#9 6.838 Get:76 http://archive.ubuntu.com/ubuntu focal-updates/main amd64 libldap-2.4-2 amd64 2.4.49+dfsg-2ubuntu1.10 [155 kB]
#9 6.841 Get:77 http://archive.ubuntu.com/ubuntu focal-updates/main amd64 libnghttp2-14 amd64 1.40.0-1ubuntu0.3 [79.9 kB]
#9 6.843 Get:78 http://archive.ubuntu.com/ubuntu focal-updates/main amd64 libssh-4 amd64 0.9.3-2ubuntu2.5 [171 kB]
#9 6.846 Get:79 http://archive.ubuntu.com/ubuntu focal-updates/main amd64 libcurl3-gnutls amd64 7.68.0-1ubuntu2.25 [233 kB]
#9 6.850 Get:80 http://archive.ubuntu.com/ubuntu focal-updates/main amd64 git amd64 1:2.25.1-1ubuntu3.14 [4613 kB]
#9 6.929 Get:81 http://archive.ubuntu.com/ubuntu focal-updates/main amd64 openssh-client amd64 1:8.2p1-4ubuntu0.12 [671 kB]
#9 6.939 Get:82 http://archive.ubuntu.com/ubuntu focal-updates/main amd64 binutils-dev amd64 2.34-6ubuntu1.10 [3636 kB]
#9 7.002 Get:83 http://archive.ubuntu.com/ubuntu focal-updates/main amd64 libctf0 amd64 2.34-6ubuntu1.10 [46.7 kB]
#9 7.002 Get:84 http://archive.ubuntu.com/ubuntu focal-updates/main amd64 binutils-x86-64-linux-gnu amd64 2.34-6ubuntu1.10 [1613 kB]
#9 7.030 Get:85 http://archive.ubuntu.com/ubuntu focal-updates/main amd64 libbinutils amd64 2.34-6ubuntu1.10 [474 kB]
#9 7.037 Get:86 http://archive.ubuntu.com/ubuntu focal-updates/main amd64 binutils amd64 2.34-6ubuntu1.10 [3380 B]
#9 7.038 Get:87 http://archive.ubuntu.com/ubuntu focal-updates/main amd64 binutils-common amd64 2.34-6ubuntu1.10 [208 kB]
#9 7.041 Get:88 http://archive.ubuntu.com/ubuntu focal-updates/main amd64 libctf-nobfd0 amd64 2.34-6ubuntu1.10 [48.1 kB]
#9 7.041 Get:89 http://archive.ubuntu.com/ubuntu focal-updates/main amd64 libharfbuzz-dev amd64 2.6.4-1ubuntu4.3 [526 kB]
#9 7.051 Get:90 http://archive.ubuntu.com/ubuntu focal-updates/main amd64 libharfbuzz0b amd64 2.6.4-1ubuntu4.3 [391 kB]
#9 7.056 Get:91 http://archive.ubuntu.com/ubuntu focal-updates/main amd64 libharfbuzz-icu0 amd64 2.6.4-1ubuntu4.3 [5592 B]
#9 7.057 Get:92 http://archive.ubuntu.com/ubuntu focal-updates/main amd64 libharfbuzz-gobject0 amd64 2.6.4-1ubuntu4.3 [20.3 kB]
#9 7.060 Get:93 http://archive.ubuntu.com/ubuntu focal-updates/main amd64 gir1.2-harfbuzz-0.0 amd64 2.6.4-1ubuntu4.3 [26.3 kB]
#9 7.061 Get:94 http://archive.ubuntu.com/ubuntu focal-updates/main amd64 libaprutil1 amd64 1.6.1-4ubuntu2.2 [85.1 kB]
#9 7.062 Get:95 http://archive.ubuntu.com/ubuntu focal-updates/main amd64 libapr1 amd64 1.6.5-1ubuntu1.1 [91.5 kB]
#9 7.064 Get:96 http://archive.ubuntu.com/ubuntu focal-updates/main amd64 unzip amd64 6.0-25ubuntu1.2 [169 kB]
#9 7.233 debconf: delaying package configuration, since apt-utils is not installed
#9 7.276 Fetched 64.5 MB in 1s (49.5 MB/s)
#9 7.300 (Reading database ... (Reading database ... 5%(Reading database ... 10%(Reading database ... 15%(Reading database ... 20%(Reading database ... 25%(Reading database ... 30%(Reading database ... 35%(Reading database ... 40%(Reading database ... 45%(Reading database ... 50%(Reading database ... 55%(Reading database ... 60%(Reading database ... 65%(Reading database ... 70%(Reading database ... 75%(Reading database ... 80%(Reading database ... 85%(Reading database ... 90%(Reading database ... 95%(Reading database ... 100%(Reading database ... 46278 files and directories currently installed.)
#9 7.384 Preparing to unpack .../0-libc6-dev-x32_2.31-0ubuntu9.17_amd64.deb ...
#9 7.386 Unpacking libc6-dev-x32 (2.31-0ubuntu9.17) over (2.31-0ubuntu9.9) ...
#9 7.609 Preparing to unpack .../1-libc6-dev-i386_2.31-0ubuntu9.17_amd64.deb ...
#9 7.611 Unpacking libc6-dev-i386 (2.31-0ubuntu9.17) over (2.31-0ubuntu9.9) ...
#9 7.839 Preparing to unpack .../2-libc6-dev_2.31-0ubuntu9.17_amd64.deb ...
#9 7.841 Unpacking libc6-dev:amd64 (2.31-0ubuntu9.17) over (2.31-0ubuntu9.9) ...
#9 8.396 Preparing to unpack .../3-libc-dev-bin_2.31-0ubuntu9.17_amd64.deb ...
#9 8.398 Unpacking libc-dev-bin (2.31-0ubuntu9.17) over (2.31-0ubuntu9.9) ...
#9 8.430 Preparing to unpack .../4-libc6-i386_2.31-0ubuntu9.17_amd64.deb ...
#9 8.432 Unpacking libc6-i386 (2.31-0ubuntu9.17) over (2.31-0ubuntu9.9) ...
#9 8.822 Preparing to unpack .../5-libc6-x32_2.31-0ubuntu9.17_amd64.deb ...
#9 8.823 Unpacking libc6-x32 (2.31-0ubuntu9.17) over (2.31-0ubuntu9.9) ...
#9 9.229 Preparing to unpack .../6-linux-libc-dev_5.4.0-208.228_amd64.deb ...
#9 9.230 Unpacking linux-libc-dev:amd64 (5.4.0-208.228) over (5.4.0-137.154) ...
#9 9.832 Preparing to unpack .../7-libc6_2.31-0ubuntu9.17_amd64.deb ...
#9 9.994 Unpacking libc6:amd64 (2.31-0ubuntu9.17) over (2.31-0ubuntu9.9) ...
#9 10.39 Setting up libc6:amd64 (2.31-0ubuntu9.17) ...
#9 11.55 (Reading database ... (Reading database ... 5%(Reading database ... 10%(Reading database ... 15%(Reading database ... 20%(Reading database ... 25%(Reading database ... 30%(Reading database ... 35%(Reading database ... 40%(Reading database ... 45%(Reading database ... 50%(Reading database ... 55%(Reading database ... 60%(Reading database ... 65%(Reading database ... 70%(Reading database ... 75%(Reading database ... 80%(Reading database ... 85%(Reading database ... 90%(Reading database ... 95%(Reading database ... 100%(Reading database ... 46277 files and directories currently installed.)
#9 11.58 Preparing to unpack .../base-files_11ubuntu5.8_amd64.deb ...
#9 11.60 Unpacking base-files (11ubuntu5.8) over (11ubuntu5.6) ...
#9 11.67 Setting up base-files (11ubuntu5.8) ...
#9 11.67 Installing new version of config file /etc/issue ...
#9 11.67 Installing new version of config file /etc/issue.net ...
#9 11.67 Installing new version of config file /etc/lsb-release ...
#9 11.68 Installing new version of config file /etc/update-motd.d/10-help-text ...
#9 11.83 (Reading database ... (Reading database ... 5%(Reading database ... 10%(Reading database ... 15%(Reading database ... 20%(Reading database ... 25%(Reading database ... 30%(Reading database ... 35%(Reading database ... 40%(Reading database ... 45%(Reading database ... 50%(Reading database ... 55%(Reading database ... 60%(Reading database ... 65%(Reading database ... 70%(Reading database ... 75%(Reading database ... 80%(Reading database ... 85%(Reading database ... 90%(Reading database ... 95%(Reading database ... 100%(Reading database ... 46277 files and directories currently installed.)
#9 11.86 Preparing to unpack .../bsdutils_1%3a2.34-0.1ubuntu9.6_amd64.deb ...
#9 11.86 Unpacking bsdutils (1:2.34-0.1ubuntu9.6) over (1:2.34-0.1ubuntu9.3) ...
#9 11.90 Setting up bsdutils (1:2.34-0.1ubuntu9.6) ...
#9 11.93 (Reading database ... (Reading database ... 5%(Reading database ... 10%(Reading database ... 15%(Reading database ... 20%(Reading database ... 25%(Reading database ... 30%(Reading database ... 35%(Reading database ... 40%(Reading database ... 45%(Reading database ... 50%(Reading database ... 55%(Reading database ... 60%(Reading database ... 65%(Reading database ... 70%(Reading database ... 75%(Reading database ... 80%(Reading database ... 85%(Reading database ... 90%(Reading database ... 95%(Reading database ... 100%(Reading database ... 46277 files and directories currently installed.)
#9 11.95 Preparing to unpack .../login_1%3a4.8.1-1ubuntu5.20.04.5_amd64.deb ...
#9 11.97 Unpacking login (1:4.8.1-1ubuntu5.20.04.5) over (1:4.8.1-1ubuntu5.20.04.4) ...
#9 12.03 Setting up login (1:4.8.1-1ubuntu5.20.04.5) ...
#9 12.07 (Reading database ... (Reading database ... 5%(Reading database ... 10%(Reading database ... 15%(Reading database ... 20%(Reading database ... 25%(Reading database ... 30%(Reading database ... 35%(Reading database ... 40%(Reading database ... 45%(Reading database ... 50%(Reading database ... 55%(Reading database ... 60%(Reading database ... 65%(Reading database ... 70%(Reading database ... 75%(Reading database ... 80%(Reading database ... 85%(Reading database ... 90%(Reading database ... 95%(Reading database ... 100%(Reading database ... 46277 files and directories currently installed.)
#9 12.09 Preparing to unpack .../ncurses-bin_6.2-0ubuntu2.1_amd64.deb ...
#9 12.09 Unpacking ncurses-bin (6.2-0ubuntu2.1) over (6.2-0ubuntu2) ...
#9 12.14 Setting up ncurses-bin (6.2-0ubuntu2.1) ...
#9 12.16 (Reading database ... (Reading database ... 5%(Reading database ... 10%(Reading database ... 15%(Reading database ... 20%(Reading database ... 25%(Reading database ... 30%(Reading database ... 35%(Reading database ... 40%(Reading database ... 45%(Reading database ... 50%(Reading database ... 55%(Reading database ... 60%(Reading database ... 65%(Reading database ... 70%(Reading database ... 75%(Reading database ... 80%(Reading database ... 85%(Reading database ... 90%(Reading database ... 95%(Reading database ... 100%(Reading database ... 46277 files and directories currently installed.)
#9 12.19 Preparing to unpack .../libperl5.30_5.30.0-9ubuntu0.5_amd64.deb ...
#9 12.19 Unpacking libperl5.30:amd64 (5.30.0-9ubuntu0.5) over (5.30.0-9ubuntu0.3) ...
#9 12.75 Preparing to unpack .../perl_5.30.0-9ubuntu0.5_amd64.deb ...
#9 12.77 Unpacking perl (5.30.0-9ubuntu0.5) over (5.30.0-9ubuntu0.3) ...
#9 12.83 Preparing to unpack .../perl-base_5.30.0-9ubuntu0.5_amd64.deb ...
#9 12.85 Unpacking perl-base (5.30.0-9ubuntu0.5) over (5.30.0-9ubuntu0.3) ...
#9 13.35 Setting up perl-base (5.30.0-9ubuntu0.5) ...
#9 13.38 (Reading database ... (Reading database ... 5%(Reading database ... 10%(Reading database ... 15%(Reading database ... 20%(Reading database ... 25%(Reading database ... 30%(Reading database ... 35%(Reading database ... 40%(Reading database ... 45%(Reading database ... 50%(Reading database ... 55%(Reading database ... 60%(Reading database ... 65%(Reading database ... 70%(Reading database ... 75%(Reading database ... 80%(Reading database ... 85%(Reading database ... 90%(Reading database ... 95%(Reading database ... 100%(Reading database ... 46277 files and directories currently installed.)
#9 13.41 Preparing to unpack .../perl-modules-5.30_5.30.0-9ubuntu0.5_all.deb ...
#9 13.41 Unpacking perl-modules-5.30 (5.30.0-9ubuntu0.5) over (5.30.0-9ubuntu0.3) ...
#9 14.37 Preparing to unpack .../tar_1.30+dfsg-7ubuntu0.20.04.4_amd64.deb ...
#9 14.37 Unpacking tar (1.30+dfsg-7ubuntu0.20.04.4) over (1.30+dfsg-7ubuntu0.20.04.2) ...
#9 14.42 Setting up tar (1.30+dfsg-7ubuntu0.20.04.4) ...
#9 14.46 (Reading database ... (Reading database ... 5%(Reading database ... 10%(Reading database ... 15%(Reading database ... 20%(Reading database ... 25%(Reading database ... 30%(Reading database ... 35%(Reading database ... 40%(Reading database ... 45%(Reading database ... 50%(Reading database ... 55%(Reading database ... 60%(Reading database ... 65%(Reading database ... 70%(Reading database ... 75%(Reading database ... 80%(Reading database ... 85%(Reading database ... 90%(Reading database ... 95%(Reading database ... 100%(Reading database ... 46277 files and directories currently installed.)
#9 14.48 Preparing to unpack .../libfdisk1_2.34-0.1ubuntu9.6_amd64.deb ...
#9 14.48 Unpacking libfdisk1:amd64 (2.34-0.1ubuntu9.6) over (2.34-0.1ubuntu9.3) ...
#9 14.52 Preparing to unpack .../libsmartcols1_2.34-0.1ubuntu9.6_amd64.deb ...
#9 14.52 Unpacking libsmartcols1:amd64 (2.34-0.1ubuntu9.6) over (2.34-0.1ubuntu9.3) ...
#9 14.56 Setting up libsmartcols1:amd64 (2.34-0.1ubuntu9.6) ...
#9 14.59 (Reading database ... (Reading database ... 5%(Reading database ... 10%(Reading database ... 15%(Reading database ... 20%(Reading database ... 25%(Reading database ... 30%(Reading database ... 35%(Reading database ... 40%(Reading database ... 45%(Reading database ... 50%(Reading database ... 55%(Reading database ... 60%(Reading database ... 65%(Reading database ... 70%(Reading database ... 75%(Reading database ... 80%(Reading database ... 85%(Reading database ... 90%(Reading database ... 95%(Reading database ... 100%(Reading database ... 46277 files and directories currently installed.)
#9 14.61 Preparing to unpack .../fdisk_2.34-0.1ubuntu9.6_amd64.deb ...
#9 14.62 Unpacking fdisk (2.34-0.1ubuntu9.6) over (2.34-0.1ubuntu9.3) ...
#9 14.68 Preparing to unpack .../util-linux_2.34-0.1ubuntu9.6_amd64.deb ...
#9 14.69 Unpacking util-linux (2.34-0.1ubuntu9.6) over (2.34-0.1ubuntu9.3) ...
#9 14.89 Setting up util-linux (2.34-0.1ubuntu9.6) ...
#9 15.22 (Reading database ... (Reading database ... 5%(Reading database ... 10%(Reading database ... 15%(Reading database ... 20%(Reading database ... 25%(Reading database ... 30%(Reading database ... 35%(Reading database ... 40%(Reading database ... 45%(Reading database ... 50%(Reading database ... 55%(Reading database ... 60%(Reading database ... 65%(Reading database ... 70%(Reading database ... 75%(Reading database ... 80%(Reading database ... 85%(Reading database ... 90%(Reading database ... 95%(Reading database ... 100%(Reading database ... 46277 files and directories currently installed.)
#9 15.24 Preparing to unpack .../libc-bin_2.31-0ubuntu9.17_amd64.deb ...
#9 15.25 Unpacking libc-bin (2.31-0ubuntu9.17) over (2.31-0ubuntu9.9) ...
#9 15.35 Setting up libc-bin (2.31-0ubuntu9.17) ...
#9 15.51 (Reading database ... (Reading database ... 5%(Reading database ... 10%(Reading database ... 15%(Reading database ... 20%(Reading database ... 25%(Reading database ... 30%(Reading database ... 35%(Reading database ... 40%(Reading database ... 45%(Reading database ... 50%(Reading database ... 55%(Reading database ... 60%(Reading database ... 65%(Reading database ... 70%(Reading database ... 75%(Reading database ... 80%(Reading database ... 85%(Reading database ... 90%(Reading database ... 95%(Reading database ... 100%(Reading database ... 46277 files and directories currently installed.)
#9 15.53 Preparing to unpack .../ncurses-base_6.2-0ubuntu2.1_all.deb ...
#9 15.53 Unpacking ncurses-base (6.2-0ubuntu2.1) over (6.2-0ubuntu2) ...
#9 15.60 Setting up ncurses-base (6.2-0ubuntu2.1) ...
#9 15.63 (Reading database ... (Reading database ... 5%(Reading database ... 10%(Reading database ... 15%(Reading database ... 20%(Reading database ... 25%(Reading database ... 30%(Reading database ... 35%(Reading database ... 40%(Reading database ... 45%(Reading database ... 50%(Reading database ... 55%(Reading database ... 60%(Reading database ... 65%(Reading database ... 70%(Reading database ... 75%(Reading database ... 80%(Reading database ... 85%(Reading database ... 90%(Reading database ... 95%(Reading database ... 100%(Reading database ... 46277 files and directories currently installed.)
#9 15.65 Preparing to unpack .../libudev1_245.4-4ubuntu3.24_amd64.deb ...
#9 15.65 Unpacking libudev1:amd64 (245.4-4ubuntu3.24) over (245.4-4ubuntu3.19) ...
#9 15.69 Setting up libudev1:amd64 (245.4-4ubuntu3.24) ...
#9 15.72 (Reading database ... (Reading database ... 5%(Reading database ... 10%(Reading database ... 15%(Reading database ... 20%(Reading database ... 25%(Reading database ... 30%(Reading database ... 35%(Reading database ... 40%(Reading database ... 45%(Reading database ... 50%(Reading database ... 55%(Reading database ... 60%(Reading database ... 65%(Reading database ... 70%(Reading database ... 75%(Reading database ... 80%(Reading database ... 85%(Reading database ... 90%(Reading database ... 95%(Reading database ... 100%(Reading database ... 46277 files and directories currently installed.)
#9 15.74 Preparing to unpack .../libapt-pkg6.0_2.0.10_amd64.deb ...
#9 15.74 Unpacking libapt-pkg6.0:amd64 (2.0.10) over (2.0.9) ...
#9 15.84 Setting up libapt-pkg6.0:amd64 (2.0.10) ...
#9 15.86 (Reading database ... (Reading database ... 5%(Reading database ... 10%(Reading database ... 15%(Reading database ... 20%(Reading database ... 25%(Reading database ... 30%(Reading database ... 35%(Reading database ... 40%(Reading database ... 45%(Reading database ... 50%(Reading database ... 55%(Reading database ... 60%(Reading database ... 65%(Reading database ... 70%(Reading database ... 75%(Reading database ... 80%(Reading database ... 85%(Reading database ... 90%(Reading database ... 95%(Reading database ... 100%(Reading database ... 46277 files and directories currently installed.)
#9 15.89 Preparing to unpack .../libtasn1-6_4.16.0-2ubuntu0.1_amd64.deb ...
#9 15.89 Unpacking libtasn1-6:amd64 (4.16.0-2ubuntu0.1) over (4.16.0-2) ...
#9 15.93 Setting up libtasn1-6:amd64 (4.16.0-2ubuntu0.1) ...
#9 15.95 (Reading database ... (Reading database ... 5%(Reading database ... 10%(Reading database ... 15%(Reading database ... 20%(Reading database ... 25%(Reading database ... 30%(Reading database ... 35%(Reading database ... 40%(Reading database ... 45%(Reading database ... 50%(Reading database ... 55%(Reading database ... 60%(Reading database ... 65%(Reading database ... 70%(Reading database ... 75%(Reading database ... 80%(Reading database ... 85%(Reading database ... 90%(Reading database ... 95%(Reading database ... 100%(Reading database ... 46277 files and directories currently installed.)
#9 15.98 Preparing to unpack .../libgnutls30_3.6.13-2ubuntu1.12_amd64.deb ...
#9 15.98 Unpacking libgnutls30:amd64 (3.6.13-2ubuntu1.12) over (3.6.13-2ubuntu1.7) ...
#9 16.06 Setting up libgnutls30:amd64 (3.6.13-2ubuntu1.12) ...
#9 16.09 (Reading database ... (Reading database ... 5%(Reading database ... 10%(Reading database ... 15%(Reading database ... 20%(Reading database ... 25%(Reading database ... 30%(Reading database ... 35%(Reading database ... 40%(Reading database ... 45%(Reading database ... 50%(Reading database ... 55%(Reading database ... 60%(Reading database ... 65%(Reading database ... 70%(Reading database ... 75%(Reading database ... 80%(Reading database ... 85%(Reading database ... 90%(Reading database ... 95%(Reading database ... 100%(Reading database ... 46277 files and directories currently installed.)
#9 16.12 Preparing to unpack .../archives/apt_2.0.10_amd64.deb ...
#9 16.16 Unpacking apt (2.0.10) over (2.0.9) ...
#9 16.31 Setting up apt (2.0.10) ...
#9 16.62 (Reading database ... (Reading database ... 5%(Reading database ... 10%(Reading database ... 15%(Reading database ... 20%(Reading database ... 25%(Reading database ... 30%(Reading database ... 35%(Reading database ... 40%(Reading database ... 45%(Reading database ... 50%(Reading database ... 55%(Reading database ... 60%(Reading database ... 65%(Reading database ... 70%(Reading database ... 75%(Reading database ... 80%(Reading database ... 85%(Reading database ... 90%(Reading database ... 95%(Reading database ... 100%(Reading database ... 46275 files and directories currently installed.)
#9 16.64 Preparing to unpack .../libpam0g_1.3.1-5ubuntu4.7_amd64.deb ...
#9 16.65 Unpacking libpam0g:amd64 (1.3.1-5ubuntu4.7) over (1.3.1-5ubuntu4.4) ...
#9 16.69 Setting up libpam0g:amd64 (1.3.1-5ubuntu4.7) ...
#9 16.78 (Reading database ... (Reading database ... 5%(Reading database ... 10%(Reading database ... 15%(Reading database ... 20%(Reading database ... 25%(Reading database ... 30%(Reading database ... 35%(Reading database ... 40%(Reading database ... 45%(Reading database ... 50%(Reading database ... 55%(Reading database ... 60%(Reading database ... 65%(Reading database ... 70%(Reading database ... 75%(Reading database ... 80%(Reading database ... 85%(Reading database ... 90%(Reading database ... 95%(Reading database ... 100%(Reading database ... 46275 files and directories currently installed.)
#9 16.80 Preparing to unpack .../libpam-modules-bin_1.3.1-5ubuntu4.7_amd64.deb ...
#9 16.81 Unpacking libpam-modules-bin (1.3.1-5ubuntu4.7) over (1.3.1-5ubuntu4.4) ...
#9 16.85 Setting up libpam-modules-bin (1.3.1-5ubuntu4.7) ...
#9 16.87 (Reading database ... (Reading database ... 5%(Reading database ... 10%(Reading database ... 15%(Reading database ... 20%(Reading database ... 25%(Reading database ... 30%(Reading database ... 35%(Reading database ... 40%(Reading database ... 45%(Reading database ... 50%(Reading database ... 55%(Reading database ... 60%(Reading database ... 65%(Reading database ... 70%(Reading database ... 75%(Reading database ... 80%(Reading database ... 85%(Reading database ... 90%(Reading database ... 95%(Reading database ... 100%(Reading database ... 46275 files and directories currently installed.)
#9 16.89 Preparing to unpack .../libpam-modules_1.3.1-5ubuntu4.7_amd64.deb ...
#9 16.96 Unpacking libpam-modules:amd64 (1.3.1-5ubuntu4.7) over (1.3.1-5ubuntu4.4) ...
#9 17.04 Setting up libpam-modules:amd64 (1.3.1-5ubuntu4.7) ...
#9 17.07 (Reading database ... (Reading database ... 5%(Reading database ... 10%(Reading database ... 15%(Reading database ... 20%(Reading database ... 25%(Reading database ... 30%(Reading database ... 35%(Reading database ... 40%(Reading database ... 45%(Reading database ... 50%(Reading database ... 55%(Reading database ... 60%(Reading database ... 65%(Reading database ... 70%(Reading database ... 75%(Reading database ... 80%(Reading database ... 85%(Reading database ... 90%(Reading database ... 95%(Reading database ... 100%(Reading database ... 46275 files and directories currently installed.)
#9 17.10 Preparing to unpack .../logsave_1.45.5-2ubuntu1.2_amd64.deb ...
#9 17.10 Unpacking logsave (1.45.5-2ubuntu1.2) over (1.45.5-2ubuntu1.1) ...
#9 17.12 Preparing to unpack .../libext2fs2_1.45.5-2ubuntu1.2_amd64.deb ...
#9 17.13 Unpacking libext2fs2:amd64 (1.45.5-2ubuntu1.2) over (1.45.5-2ubuntu1.1) ...
#9 17.17 Setting up libext2fs2:amd64 (1.45.5-2ubuntu1.2) ...
#9 17.20 (Reading database ... (Reading database ... 5%(Reading database ... 10%(Reading database ... 15%(Reading database ... 20%(Reading database ... 25%(Reading database ... 30%(Reading database ... 35%(Reading database ... 40%(Reading database ... 45%(Reading database ... 50%(Reading database ... 55%(Reading database ... 60%(Reading database ... 65%(Reading database ... 70%(Reading database ... 75%(Reading database ... 80%(Reading database ... 85%(Reading database ... 90%(Reading database ... 95%(Reading database ... 100%(Reading database ... 46275 files and directories currently installed.)
#9 17.23 Preparing to unpack .../00-e2fsprogs_1.45.5-2ubuntu1.2_amd64.deb ...
#9 17.23 Unpacking e2fsprogs (1.45.5-2ubuntu1.2) over (1.45.5-2ubuntu1.1) ...
#9 17.30 Preparing to unpack .../01-mount_2.34-0.1ubuntu9.6_amd64.deb ...
#9 17.30 Unpacking mount (2.34-0.1ubuntu9.6) over (2.34-0.1ubuntu9.3) ...
#9 17.33 Preparing to unpack .../02-python3.8-dev_3.8.10-0ubuntu1~20.04.15_amd64.deb ...
#9 17.33 Unpacking python3.8-dev (3.8.10-0ubuntu1~20.04.15) over (3.8.10-0ubuntu1~20.04.14) ...
#9 17.36 Preparing to unpack .../03-libpython3.8-dev_3.8.10-0ubuntu1~20.04.15_amd64.deb ...
#9 17.36 Unpacking libpython3.8-dev:amd64 (3.8.10-0ubuntu1~20.04.15) over (3.8.10-0ubuntu1~20.04.14) ...
#9 17.81 Preparing to unpack .../04-libpython3.8_3.8.10-0ubuntu1~20.04.15_amd64.deb ...
#9 17.81 Unpacking libpython3.8:amd64 (3.8.10-0ubuntu1~20.04.15) over (3.8.10-0ubuntu1~20.04.14) ...
#9 17.96 Preparing to unpack .../05-libssl-dev_1.1.1f-1ubuntu2.24_amd64.deb ...
#9 17.96 Unpacking libssl-dev:amd64 (1.1.1f-1ubuntu2.24) over (1.1.1f-1ubuntu2.16) ...
#9 18.16 Preparing to unpack .../06-libssl1.1_1.1.1f-1ubuntu2.24_amd64.deb ...
#9 18.16 Unpacking libssl1.1:amd64 (1.1.1f-1ubuntu2.24) over (1.1.1f-1ubuntu2.16) ...
#9 18.28 Preparing to unpack .../07-python3.8_3.8.10-0ubuntu1~20.04.15_amd64.deb ...
#9 18.35 Unpacking python3.8 (3.8.10-0ubuntu1~20.04.15) over (3.8.10-0ubuntu1~20.04.14) ...
#9 18.38 Preparing to unpack .../08-libpython3.8-stdlib_3.8.10-0ubuntu1~20.04.15_amd64.deb ...
#9 18.43 Unpacking libpython3.8-stdlib:amd64 (3.8.10-0ubuntu1~20.04.15) over (3.8.10-0ubuntu1~20.04.14) ...
#9 18.72 Preparing to unpack .../09-python3.8-minimal_3.8.10-0ubuntu1~20.04.15_amd64.deb ...
#9 18.72 Unpacking python3.8-minimal (3.8.10-0ubuntu1~20.04.15) over (3.8.10-0ubuntu1~20.04.14) ...
#9 18.89 Preparing to unpack .../10-libpython3.8-minimal_3.8.10-0ubuntu1~20.04.15_amd64.deb ...
#9 18.96 Unpacking libpython3.8-minimal:amd64 (3.8.10-0ubuntu1~20.04.15) over (3.8.10-0ubuntu1~20.04.14) ...
#9 19.19 Preparing to unpack .../11-libsqlite3-0_3.31.1-4ubuntu0.6_amd64.deb ...
#9 19.19 Unpacking libsqlite3-0:amd64 (3.31.1-4ubuntu0.6) over (3.31.1-4ubuntu0.5) ...
#9 19.25 Preparing to unpack .../12-rsync_3.1.3-8ubuntu0.9_amd64.deb ...
#9 19.25 Unpacking rsync (3.1.3-8ubuntu0.9) over (3.1.3-8ubuntu0.4) ...
#9 19.30 Preparing to unpack .../13-libpam-runtime_1.3.1-5ubuntu4.7_all.deb ...
#9 19.31 Unpacking libpam-runtime (1.3.1-5ubuntu4.7) over (1.3.1-5ubuntu4.4) ...
#9 19.35 Setting up libpam-runtime (1.3.1-5ubuntu4.7) ...
#9 19.49 (Reading database ... (Reading database ... 5%(Reading database ... 10%(Reading database ... 15%(Reading database ... 20%(Reading database ... 25%(Reading database ... 30%(Reading database ... 35%(Reading database ... 40%(Reading database ... 45%(Reading database ... 50%(Reading database ... 55%(Reading database ... 60%(Reading database ... 65%(Reading database ... 70%(Reading database ... 75%(Reading database ... 80%(Reading database ... 85%(Reading database ... 90%(Reading database ... 95%(Reading database ... 100%(Reading database ... 46275 files and directories currently installed.)
#9 19.51 Preparing to unpack .../passwd_1%3a4.8.1-1ubuntu5.20.04.5_amd64.deb ...
#9 19.54 Unpacking passwd (1:4.8.1-1ubuntu5.20.04.5) over (1:4.8.1-1ubuntu5.20.04.4) ...
#9 19.66 Setting up passwd (1:4.8.1-1ubuntu5.20.04.5) ...
#9 19.71 (Reading database ... (Reading database ... 5%(Reading database ... 10%(Reading database ... 15%(Reading database ... 20%(Reading database ... 25%(Reading database ... 30%(Reading database ... 35%(Reading database ... 40%(Reading database ... 45%(Reading database ... 50%(Reading database ... 55%(Reading database ... 60%(Reading database ... 65%(Reading database ... 70%(Reading database ... 75%(Reading database ... 80%(Reading database ... 85%(Reading database ... 90%(Reading database ... 95%(Reading database ... 100%(Reading database ... 46275 files and directories currently installed.)
#9 19.73 Preparing to unpack .../00-libcom-err2_1.45.5-2ubuntu1.2_amd64.deb ...
#9 19.73 Unpacking libcom-err2:amd64 (1.45.5-2ubuntu1.2) over (1.45.5-2ubuntu1.1) ...
#9 19.76 Preparing to unpack .../01-libprocps8_2%3a3.3.16-1ubuntu2.4_amd64.deb ...
#9 19.76 Unpacking libprocps8:amd64 (2:3.3.16-1ubuntu2.4) over (2:3.3.16-1ubuntu2.3) ...
#9 19.78 Preparing to unpack .../02-libss2_1.45.5-2ubuntu1.2_amd64.deb ...
#9 19.79 Unpacking libss2:amd64 (1.45.5-2ubuntu1.2) over (1.45.5-2ubuntu1.1) ...
#9 19.81 Preparing to unpack .../03-procps_2%3a3.3.16-1ubuntu2.4_amd64.deb ...
#9 19.84 Unpacking procps (2:3.3.16-1ubuntu2.4) over (2:3.3.16-1ubuntu2.3) ...
#9 19.89 Preparing to unpack .../04-openssl_1.1.1f-1ubuntu2.24_amd64.deb ...
#9 19.90 Unpacking openssl (1.1.1f-1ubuntu2.24) over (1.1.1f-1ubuntu2.16) ...
#9 19.96 Preparing to unpack .../05-ca-certificates_20240203~20.04.1_all.deb ...
#9 19.97 Unpacking ca-certificates (20240203~20.04.1) over (20211016ubuntu0.20.04.1) ...
#9 20.07 Preparing to unpack .../06-less_551-1ubuntu0.3_amd64.deb ...
#9 20.08 Unpacking less (551-1ubuntu0.3) over (551-1ubuntu0.1) ...
#9 20.11 Preparing to unpack .../07-libcap2_1%3a2.32-1ubuntu0.2_amd64.deb ...
#9 20.11 Unpacking libcap2:amd64 (1:2.32-1ubuntu0.2) over (1:2.32-1ubuntu0.1) ...
#9 20.13 Preparing to unpack .../08-libxml2_2.9.10+dfsg-5ubuntu0.20.04.9_amd64.deb ...
#9 20.14 Unpacking libxml2:amd64 (2.9.10+dfsg-5ubuntu0.20.04.9) over (2.9.10+dfsg-5ubuntu0.20.04.8) ...
#9 20.21 Preparing to unpack .../09-tzdata_2024b-0ubuntu0.20.04.1_all.deb ...
#9 20.21 Unpacking tzdata (2024b-0ubuntu0.20.04.1) over (2022g-0ubuntu0.20.04.1) ...
#9 21.04 Preparing to unpack .../10-krb5-locales_1.17-6ubuntu4.8_all.deb ...
#9 21.04 Unpacking krb5-locales (1.17-6ubuntu4.8) over (1.17-6ubuntu4.2) ...
#9 21.07 Preparing to unpack .../11-libgssapi-krb5-2_1.17-6ubuntu4.8_amd64.deb ...
#9 21.07 Unpacking libgssapi-krb5-2:amd64 (1.17-6ubuntu4.8) over (1.17-6ubuntu4.2) ...
#9 21.10 Preparing to unpack .../12-libkrb5-3_1.17-6ubuntu4.8_amd64.deb ...
#9 21.10 Unpacking libkrb5-3:amd64 (1.17-6ubuntu4.8) over (1.17-6ubuntu4.2) ...
#9 21.15 Preparing to unpack .../13-libkrb5support0_1.17-6ubuntu4.8_amd64.deb ...
#9 21.15 Unpacking libkrb5support0:amd64 (1.17-6ubuntu4.8) over (1.17-6ubuntu4.2) ...
#9 21.18 Preparing to unpack .../14-libk5crypto3_1.17-6ubuntu4.8_amd64.deb ...
#9 21.18 Unpacking libk5crypto3:amd64 (1.17-6ubuntu4.8) over (1.17-6ubuntu4.2) ...
#9 21.21 Preparing to unpack .../15-libx11-data_2%3a1.6.9-2ubuntu1.6_all.deb ...
#9 21.21 Unpacking libx11-data (2:1.6.9-2ubuntu1.6) over (2:1.6.9-2ubuntu1.2) ...
#9 21.36 Preparing to unpack .../16-git-man_1%3a2.25.1-1ubuntu3.14_all.deb ...
#9 21.36 Unpacking git-man (1:2.25.1-1ubuntu3.14) over (1:2.25.1-1ubuntu3.8) ...
#9 21.44 Preparing to unpack .../17-libroken18-heimdal_7.7.0+dfsg-1ubuntu1.4_amd64.deb ...
#9 21.44 Unpacking libroken18-heimdal:amd64 (7.7.0+dfsg-1ubuntu1.4) over (7.7.0+dfsg-1ubuntu1.3) ...
#9 21.47 Preparing to unpack .../18-libasn1-8-heimdal_7.7.0+dfsg-1ubuntu1.4_amd64.deb ...
#9 21.47 Unpacking libasn1-8-heimdal:amd64 (7.7.0+dfsg-1ubuntu1.4) over (7.7.0+dfsg-1ubuntu1.3) ...
#9 21.51 Preparing to unpack .../19-libheimbase1-heimdal_7.7.0+dfsg-1ubuntu1.4_amd64.deb ...
#9 21.51 Unpacking libheimbase1-heimdal:amd64 (7.7.0+dfsg-1ubuntu1.4) over (7.7.0+dfsg-1ubuntu1.3) ...
#9 21.53 Preparing to unpack .../20-libhcrypto4-heimdal_7.7.0+dfsg-1ubuntu1.4_amd64.deb ...
#9 21.54 Unpacking libhcrypto4-heimdal:amd64 (7.7.0+dfsg-1ubuntu1.4) over (7.7.0+dfsg-1ubuntu1.3) ...
#9 21.57 Preparing to unpack .../21-libwind0-heimdal_7.7.0+dfsg-1ubuntu1.4_amd64.deb ...
#9 21.57 Unpacking libwind0-heimdal:amd64 (7.7.0+dfsg-1ubuntu1.4) over (7.7.0+dfsg-1ubuntu1.3) ...
#9 21.60 Preparing to unpack .../22-libhx509-5-heimdal_7.7.0+dfsg-1ubuntu1.4_amd64.deb ...
#9 21.60 Unpacking libhx509-5-heimdal:amd64 (7.7.0+dfsg-1ubuntu1.4) over (7.7.0+dfsg-1ubuntu1.3) ...
#9 21.63 Preparing to unpack .../23-libkrb5-26-heimdal_7.7.0+dfsg-1ubuntu1.4_amd64.deb ...
#9 21.63 Unpacking libkrb5-26-heimdal:amd64 (7.7.0+dfsg-1ubuntu1.4) over (7.7.0+dfsg-1ubuntu1.3) ...
#9 21.67 Preparing to unpack .../24-libheimntlm0-heimdal_7.7.0+dfsg-1ubuntu1.4_amd64.deb ...
#9 21.67 Unpacking libheimntlm0-heimdal:amd64 (7.7.0+dfsg-1ubuntu1.4) over (7.7.0+dfsg-1ubuntu1.3) ...
#9 21.69 Preparing to unpack .../25-libgssapi3-heimdal_7.7.0+dfsg-1ubuntu1.4_amd64.deb ...
#9 21.70 Unpacking libgssapi3-heimdal:amd64 (7.7.0+dfsg-1ubuntu1.4) over (7.7.0+dfsg-1ubuntu1.3) ...
#9 21.73 Preparing to unpack .../26-libldap-common_2.4.49+dfsg-2ubuntu1.10_all.deb ...
#9 21.73 Unpacking libldap-common (2.4.49+dfsg-2ubuntu1.10) over (2.4.49+dfsg-2ubuntu1.9) ...
#9 21.75 Preparing to unpack .../27-libldap-2.4-2_2.4.49+dfsg-2ubuntu1.10_amd64.deb ...
#9 21.76 Unpacking libldap-2.4-2:amd64 (2.4.49+dfsg-2ubuntu1.10) over (2.4.49+dfsg-2ubuntu1.9) ...
#9 21.79 Preparing to unpack .../28-libnghttp2-14_1.40.0-1ubuntu0.3_amd64.deb ...
#9 21.79 Unpacking libnghttp2-14:amd64 (1.40.0-1ubuntu0.3) over (1.40.0-1build1) ...
#9 21.82 Preparing to unpack .../29-libssh-4_0.9.3-2ubuntu2.5_amd64.deb ...
#9 21.82 Unpacking libssh-4:amd64 (0.9.3-2ubuntu2.5) over (0.9.3-2ubuntu2.2) ...
#9 21.86 Preparing to unpack .../30-libcurl3-gnutls_7.68.0-1ubuntu2.25_amd64.deb ...
#9 21.86 Unpacking libcurl3-gnutls:amd64 (7.68.0-1ubuntu2.25) over (7.68.0-1ubuntu2.15) ...
#9 21.90 Preparing to unpack .../31-git_1%3a2.25.1-1ubuntu3.14_amd64.deb ...
#9 21.95 Unpacking git (1:2.25.1-1ubuntu3.14) over (1:2.25.1-1ubuntu3.13) ...
#9 22.50 Preparing to unpack .../32-openssh-client_1%3a8.2p1-4ubuntu0.12_amd64.deb ...
#9 22.51 Unpacking openssh-client (1:8.2p1-4ubuntu0.12) over (1:8.2p1-4ubuntu0.5) ...
#9 22.61 Preparing to unpack .../33-binutils-dev_2.34-6ubuntu1.10_amd64.deb ...
#9 22.61 Unpacking binutils-dev (2.34-6ubuntu1.10) over (2.34-6ubuntu1.4) ...
#9 23.00 Preparing to unpack .../34-libctf0_2.34-6ubuntu1.10_amd64.deb ...
#9 23.00 Unpacking libctf0:amd64 (2.34-6ubuntu1.10) over (2.34-6ubuntu1.4) ...
#9 23.03 Preparing to unpack .../35-binutils-x86-64-linux-gnu_2.34-6ubuntu1.10_amd64.deb ...
#9 23.03 Unpacking binutils-x86-64-linux-gnu (2.34-6ubuntu1.10) over (2.34-6ubuntu1.4) ...
#9 23.29 Preparing to unpack .../36-libbinutils_2.34-6ubuntu1.10_amd64.deb ...
#9 23.29 Unpacking libbinutils:amd64 (2.34-6ubuntu1.10) over (2.34-6ubuntu1.4) ...
#9 23.35 Preparing to unpack .../37-binutils_2.34-6ubuntu1.10_amd64.deb ...
#9 23.36 Unpacking binutils (2.34-6ubuntu1.10) over (2.34-6ubuntu1.4) ...
#9 23.39 Preparing to unpack .../38-binutils-common_2.34-6ubuntu1.10_amd64.deb ...
#9 23.39 Unpacking binutils-common:amd64 (2.34-6ubuntu1.10) over (2.34-6ubuntu1.4) ...
#9 23.42 Preparing to unpack .../39-libctf-nobfd0_2.34-6ubuntu1.10_amd64.deb ...
#9 23.42 Unpacking libctf-nobfd0:amd64 (2.34-6ubuntu1.10) over (2.34-6ubuntu1.4) ...
#9 23.45 Preparing to unpack .../40-libharfbuzz-dev_2.6.4-1ubuntu4.3_amd64.deb ...
#9 23.45 Unpacking libharfbuzz-dev:amd64 (2.6.4-1ubuntu4.3) over (2.6.4-1ubuntu4.2) ...
#9 23.55 Preparing to unpack .../41-libharfbuzz0b_2.6.4-1ubuntu4.3_amd64.deb ...
#9 23.55 Unpacking libharfbuzz0b:amd64 (2.6.4-1ubuntu4.3) over (2.6.4-1ubuntu4.2) ...
#9 23.61 Preparing to unpack .../42-libharfbuzz-icu0_2.6.4-1ubuntu4.3_amd64.deb ...
#9 23.62 Unpacking libharfbuzz-icu0:amd64 (2.6.4-1ubuntu4.3) over (2.6.4-1ubuntu4.2) ...
#9 23.64 Preparing to unpack .../43-libharfbuzz-gobject0_2.6.4-1ubuntu4.3_amd64.deb ...
#9 23.64 Unpacking libharfbuzz-gobject0:amd64 (2.6.4-1ubuntu4.3) over (2.6.4-1ubuntu4.2) ...
#9 23.67 Preparing to unpack .../44-gir1.2-harfbuzz-0.0_2.6.4-1ubuntu4.3_amd64.deb ...
#9 23.67 Unpacking gir1.2-harfbuzz-0.0:amd64 (2.6.4-1ubuntu4.3) over (2.6.4-1ubuntu4.2) ...
#9 23.70 Preparing to unpack .../45-libaprutil1_1.6.1-4ubuntu2.2_amd64.deb ...
#9 23.70 Unpacking libaprutil1:amd64 (1.6.1-4ubuntu2.2) over (1.6.1-4ubuntu2) ...
#9 23.73 Preparing to unpack .../46-libapr1_1.6.5-1ubuntu1.1_amd64.deb ...
#9 23.73 Unpacking libapr1:amd64 (1.6.5-1ubuntu1.1) over (1.6.5-1ubuntu1) ...
#9 23.76 Preparing to unpack .../47-unzip_6.0-25ubuntu1.2_amd64.deb ...
#9 23.76 Unpacking unzip (6.0-25ubuntu1.2) over (6.0-25ubuntu1.1) ...
#9 23.81 Setting up perl-modules-5.30 (5.30.0-9ubuntu0.5) ...
#9 23.81 Setting up libssl1.1:amd64 (1.1.1f-1ubuntu2.24) ...
#9 23.89 Setting up unzip (6.0-25ubuntu1.2) ...
#9 23.90 Setting up libsqlite3-0:amd64 (3.31.1-4ubuntu0.6) ...
#9 23.90 Setting up binutils-common:amd64 (2.34-6ubuntu1.10) ...
#9 23.90 Setting up libnghttp2-14:amd64 (1.40.0-1ubuntu0.3) ...
#9 23.90 Setting up libapr1:amd64 (1.6.5-1ubuntu1.1) ...
#9 23.91 Setting up less (551-1ubuntu0.3) ...
#9 23.91 Setting up linux-libc-dev:amd64 (5.4.0-208.228) ...
#9 23.91 Setting up libctf-nobfd0:amd64 (2.34-6ubuntu1.10) ...
#9 23.91 Setting up krb5-locales (1.17-6ubuntu4.8) ...
#9 23.91 Setting up libcom-err2:amd64 (1.45.5-2ubuntu1.2) ...
#9 23.92 Setting up libldap-common (2.4.49+dfsg-2ubuntu1.10) ...
#9 23.92 Setting up libcap2:amd64 (1:2.32-1ubuntu0.2) ...
#9 23.92 Setting up libkrb5support0:amd64 (1.17-6ubuntu4.8) ...
#9 23.92 Setting up libc6-x32 (2.31-0ubuntu9.17) ...
#9 23.92 Setting up tzdata (2024b-0ubuntu0.20.04.1) ...
#9 24.01 
#9 24.01 Current default time zone: 'Etc/UTC'
#9 24.01 Local time is now:      Sat Mar  1 16:25:44 UTC 2025.
#9 24.01 Universal Time is now:  Sat Mar  1 16:25:44 UTC 2025.
#9 24.01 Run 'dpkg-reconfigure tzdata' if you wish to change it.
#9 24.01 
#9 24.02 Setting up libx11-data (2:1.6.9-2ubuntu1.6) ...
#9 24.02 Setting up libssl-dev:amd64 (1.1.1f-1ubuntu2.24) ...
#9 24.02 Setting up libss2:amd64 (1.45.5-2ubuntu1.2) ...
#9 24.02 Setting up libk5crypto3:amd64 (1.17-6ubuntu4.8) ...
#9 24.03 Setting up logsave (1.45.5-2ubuntu1.2) ...
#9 24.03 Setting up libroken18-heimdal:amd64 (7.7.0+dfsg-1ubuntu1.4) ...
#9 24.03 Setting up libfdisk1:amd64 (2.34-0.1ubuntu9.6) ...
#9 24.03 Setting up mount (2.34-0.1ubuntu9.6) ...
#9 24.03 Setting up libc6-i386 (2.31-0ubuntu9.17) ...
#9 24.03 Setting up libperl5.30:amd64 (5.30.0-9ubuntu0.5) ...
#9 24.04 Setting up git-man (1:2.25.1-1ubuntu3.14) ...
#9 24.04 Setting up libharfbuzz0b:amd64 (2.6.4-1ubuntu4.3) ...
#9 24.04 Setting up libkrb5-3:amd64 (1.17-6ubuntu4.8) ...
#9 24.04 Setting up libbinutils:amd64 (2.34-6ubuntu1.10) ...
#9 24.04 Setting up libc-dev-bin (2.31-0ubuntu9.17) ...
#9 24.04 Setting up openssl (1.1.1f-1ubuntu2.24) ...
#9 24.05 Setting up libxml2:amd64 (2.9.10+dfsg-5ubuntu0.20.04.9) ...
#9 24.05 Setting up libprocps8:amd64 (2:3.3.16-1ubuntu2.4) ...
#9 24.05 Setting up rsync (3.1.3-8ubuntu0.9) ...
#9 24.06 invoke-rc.d: could not determine current runlevel
#9 24.07 invoke-rc.d: policy-rc.d denied execution of restart.
#9 24.17 Setting up libheimbase1-heimdal:amd64 (7.7.0+dfsg-1ubuntu1.4) ...
#9 24.18 Setting up libaprutil1:amd64 (1.6.1-4ubuntu2.2) ...
#9 24.18 Setting up libctf0:amd64 (2.34-6ubuntu1.10) ...
#9 24.18 Setting up libpython3.8-minimal:amd64 (3.8.10-0ubuntu1~20.04.15) ...
#9 24.18 Setting up libharfbuzz-icu0:amd64 (2.6.4-1ubuntu4.3) ...
#9 24.18 Setting up libasn1-8-heimdal:amd64 (7.7.0+dfsg-1ubuntu1.4) ...
#9 24.19 Setting up e2fsprogs (1.45.5-2ubuntu1.2) ...
#9 24.40 Setting up libharfbuzz-gobject0:amd64 (2.6.4-1ubuntu4.3) ...
#9 24.40 Setting up gir1.2-harfbuzz-0.0:amd64 (2.6.4-1ubuntu4.3) ...
#9 24.40 Setting up libhcrypto4-heimdal:amd64 (7.7.0+dfsg-1ubuntu1.4) ...
#9 24.41 Setting up fdisk (2.34-0.1ubuntu9.6) ...
#9 24.41 Setting up ca-certificates (20240203~20.04.1) ...
#9 25.88 Updating certificates in /etc/ssl/certs...
#9 26.71 rehash: warning: skipping ca-certificates.crt,it does not contain exactly one certificate or CRL
#9 26.72 30 added, 8 removed; done.
#9 26.74 Setting up perl (5.30.0-9ubuntu0.5) ...
#9 26.75 Setting up libwind0-heimdal:amd64 (7.7.0+dfsg-1ubuntu1.4) ...
#9 26.75 Setting up libgssapi-krb5-2:amd64 (1.17-6ubuntu4.8) ...
#9 26.76 Setting up libssh-4:amd64 (0.9.3-2ubuntu2.5) ...
#9 26.76 Setting up python3.8-minimal (3.8.10-0ubuntu1~20.04.15) ...
#9 27.22 Setting up procps (2:3.3.16-1ubuntu2.4) ...
#9 27.26 Setting up libc6-dev:amd64 (2.31-0ubuntu9.17) ...
#9 27.26 Setting up libpython3.8-stdlib:amd64 (3.8.10-0ubuntu1~20.04.15) ...
#9 27.26 Setting up python3.8 (3.8.10-0ubuntu1~20.04.15) ...
#9 27.78 Setting up binutils-x86-64-linux-gnu (2.34-6ubuntu1.10) ...
#9 27.79 Setting up libharfbuzz-dev:amd64 (2.6.4-1ubuntu4.3) ...
#9 27.79 Setting up libc6-dev-i386 (2.31-0ubuntu9.17) ...
#9 27.79 Setting up openssh-client (1:8.2p1-4ubuntu0.12) ...
#9 27.81 Setting up libhx509-5-heimdal:amd64 (7.7.0+dfsg-1ubuntu1.4) ...
#9 27.81 Setting up binutils (2.34-6ubuntu1.10) ...
#9 27.82 Setting up libc6-dev-x32 (2.31-0ubuntu9.17) ...
#9 27.82 Setting up libpython3.8:amd64 (3.8.10-0ubuntu1~20.04.15) ...
#9 27.82 Setting up libkrb5-26-heimdal:amd64 (7.7.0+dfsg-1ubuntu1.4) ...
#9 27.82 Setting up binutils-dev (2.34-6ubuntu1.10) ...
#9 27.82 Setting up libheimntlm0-heimdal:amd64 (7.7.0+dfsg-1ubuntu1.4) ...
#9 27.82 Setting up libgssapi3-heimdal:amd64 (7.7.0+dfsg-1ubuntu1.4) ...
#9 27.82 Setting up libpython3.8-dev:amd64 (3.8.10-0ubuntu1~20.04.15) ...
#9 27.83 Setting up python3.8-dev (3.8.10-0ubuntu1~20.04.15) ...
#9 27.83 Setting up libldap-2.4-2:amd64 (2.4.49+dfsg-2ubuntu1.10) ...
#9 27.83 Setting up libcurl3-gnutls:amd64 (7.68.0-1ubuntu2.25) ...
#9 27.83 Setting up git (1:2.25.1-1ubuntu3.14) ...
#9 27.86 Processing triggers for libc-bin (2.31-0ubuntu9.17) ...
#9 27.88 Processing triggers for systemd (245.4-4ubuntu3.24) ...
#9 27.89 Processing triggers for mime-support (3.64ubuntu1) ...
#9 27.90 Processing triggers for ca-certificates (20240203~20.04.1) ...
#9 27.91 Updating certificates in /etc/ssl/certs...
#9 28.51 0 added, 0 removed; done.
#9 28.51 Running hooks in /etc/ca-certificates/update.d...
#9 28.51 done.
#9 28.59 Reading package lists...
#9 29.68 Building dependency tree...
#9 29.85 Reading state information...
#9 30.02 libffi-dev is already the newest version (3.3-4).
#9 30.02 libffi-dev set to manually installed.
#9 30.02 curl is already the newest version (7.68.0-1ubuntu2.25).
#9 30.02 libssl-dev is already the newest version (1.1.1f-1ubuntu2.24).
#9 30.02 xz-utils is already the newest version (5.2.4-1ubuntu1.1).
#9 30.02 xz-utils set to manually installed.
#9 30.02 zlib1g-dev is already the newest version (1:1.2.11.dfsg-2ubuntu1.5).
#9 30.02 0 upgraded, 0 newly installed, 0 to remove and 0 not upgraded.
#9 DONE 30.1s

#10 [stage-1  3/15] RUN rm -rf /usr/local/bin/python3.8* /usr/local/bin/pip3 /usr/local/lib/python3.8     /usr/local/include/python3.8 /usr/local/lib/python3.8/site-packages
#10 DONE 0.5s

#11 [stage-1  4/15] COPY --from=base-image /usr/local/bin/python3* /usr/local/bin/
#11 DONE 0.1s

#12 [stage-1  5/15] COPY --from=base-image /usr/local/bin/pip3* /usr/local/bin/
#12 DONE 0.0s

#13 [stage-1  6/15] COPY --from=base-image /usr/local/lib/python3.10 /usr/local/lib/python3.10
#13 DONE 9.0s

#14 [stage-1  7/15] COPY --from=base-image /usr/local/include/python3.10 /usr/local/include/python3.10
#14 DONE 0.1s

#15 [stage-1  8/15] COPY --from=base-image /usr/local/lib/python3.10/site-packages /usr/local/lib/python3.10/site-packages
#15 DONE 9.9s

#16 [stage-1  9/15] COPY fuzzers /src/fuzzers
#16 DONE 0.1s

#17 [stage-1 10/15] COPY benchmarks/libpng_libpng_read_fuzzer/benchmark.yaml /
#17 DONE 0.0s

#18 [stage-1 11/15] RUN mkdir /opt/fuzzbench/
#18 DONE 0.2s

#19 [stage-1 12/15] COPY docker/benchmark-builder/checkout_commit.py /opt/fuzzbench/
#19 DONE 0.0s

#20 [stage-1 13/15] RUN export CHECKOUT_COMMIT=$(cat /benchmark.yaml | tr -d ' ' | grep 'commit:' | cut -d ':' -f2) &&     python3 -u /opt/fuzzbench/checkout_commit.py $CHECKOUT_COMMIT /src
#20 0.254 Checking out commit cd0ea2a7f53b603d3d9b5b891c779c430047b39a
#20 0.375 Note: switching to 'cd0ea2a7f53b603d3d9b5b891c779c430047b39a'.
#20 0.375 
#20 0.375 You are in 'detached HEAD' state. You can look around, make experimental
#20 0.375 changes and commit them, and you can discard any commits you make in this
#20 0.375 state without impacting any branches by switching back to a branch.
#20 0.375 
#20 0.375 If you want to create a new branch to retain commits you create, you may
#20 0.375 do so (now or later) by using -c with the switch command. Example:
#20 0.375 
#20 0.375   git switch -c <new-branch-name>
#20 0.375 
#20 0.375 Or undo this operation with:
#20 0.375 
#20 0.375   git switch -
#20 0.375 
#20 0.375 Turn off this advice by setting config variable advice.detachedHead to false
#20 0.375 
#20 0.375 HEAD is now at cd0ea2a7f Fix for universal binaries on macOS
#20 DONE 0.4s

#21 [stage-1 14/15] COPY docker/benchmark-builder/fuzzer_build /usr/bin/fuzzer_build
#21 DONE 0.0s

#22 [stage-1 15/15] RUN echo "Run fuzzer_build to build the target" && if [ -z "$debug_builder" ] ; then fuzzer_build; fi
#22 0.202 Run fuzzer_build to build the target
#22 0.268 FUZZ_TARGET = libpng_read_fuzzer
#22 0.268 CFLAGS = -DFUZZING_BUILD_MODE_UNSAFE_FOR_PRODUCTION -pthread -Wl,--no-as-needed -Wl,-ldl -Wl,-lm -Wno-unused-command-line-argument -O3
#22 0.268 CXXFLAGS = -DFUZZING_BUILD_MODE_UNSAFE_FOR_PRODUCTION -pthread -Wl,--no-as-needed -Wl,-ldl -Wl,-lm -Wno-unused-command-line-argument -stdlib=libc++ -O3
#22 0.274 AFL++ build: 
#22 0.274 ['tracepc', 'cmplog', 'dict2file']
#22 0.918 Building benchmark libpng_libpng_read_fuzzer with fuzzer aflmmbb
#22 0.921 + cat scripts/pnglibconf.dfa
#22 0.921 + sed -e 's/option STDIO/option STDIO disabled/' -e 's/option WARNING /option WARNING disabled/' -e 's/option WRITE enables WRITE_INT_FUNCTIONS/option WRITE disabled/'
#22 0.924 + mv scripts/pnglibconf.dfa.temp scripts/pnglibconf.dfa
#22 0.926 + autoreconf -f -i
#22 3.571 libtoolize: putting auxiliary files in '.'.
#22 3.571 libtoolize: copying file './ltmain.sh'
#22 3.602 libtoolize: putting macros in AC_CONFIG_MACRO_DIRS, 'scripts'.
#22 3.602 libtoolize: copying file 'scripts/libtool.m4'
#22 3.612 libtoolize: copying file 'scripts/ltoptions.m4'
#22 3.625 libtoolize: copying file 'scripts/ltsugar.m4'
#22 3.638 libtoolize: copying file 'scripts/ltversion.m4'
#22 3.653 libtoolize: copying file 'scripts/lt~obsolete.m4'
#22 5.694 configure.ac:61: installing './compile'
#22 5.704 configure.ac:37: installing './missing'
#22 5.733 Makefile.am: installing './depcomp'
#22 5.789 + ./configure --with-libpng-prefix=OSS_FUZZ_
#22 5.920 checking for a BSD-compatible install... /usr/bin/install -c
#22 5.931 checking whether build environment is sane... yes
#22 5.944 checking for a thread-safe mkdir -p... /usr/bin/mkdir -p
#22 5.947 checking for gawk... no
#22 5.948 checking for mawk... mawk
#22 5.949 checking whether make sets $(MAKE)... yes
#22 5.961 checking whether make supports nested variables... yes
#22 5.973 checking whether to enable maintainer-specific portions of Makefiles... no
#22 5.973 checking for gcc... /afl/afl-clang-fast
#22 6.027 checking whether the C compiler works... yes
#22 6.087 checking for C compiler default output file name... a.out
#22 6.088 checking for suffix of executables... 
#22 6.140 checking whether we are cross compiling... no
#22 6.201 checking for suffix of object files... o
#22 6.224 checking whether we are using the GNU C compiler... yes
#22 6.245 checking whether /afl/afl-clang-fast accepts -g... yes
#22 6.265 checking for /afl/afl-clang-fast option to accept ISO C89... none needed
#22 6.297 checking whether /afl/afl-clang-fast understands -c and -o together... yes
#22 6.334 checking whether make supports the include directive... yes (GNU style)
#22 6.345 checking dependency style of /afl/afl-clang-fast... gcc3
#22 6.383 checking dependency style of /afl/afl-clang-fast... gcc3
#22 6.430 checking build system type... x86_64-pc-linux-gnu
#22 6.482 checking host system type... x86_64-pc-linux-gnu
#22 6.483 checking for a sed that does not truncate output... /usr/bin/sed
#22 6.489 checking for grep that handles long lines and -e... /usr/bin/grep
#22 6.491 checking for egrep... /usr/bin/grep -E
#22 6.494 checking for fgrep... /usr/bin/grep -F
#22 6.496 checking how to print strings... printf
#22 6.526 checking for ld used by /afl/afl-clang-fast... /usr/bin/ld
#22 6.539 checking if the linker (/usr/bin/ld) is GNU ld... yes
#22 6.542 checking how to run the C preprocessor... /afl/afl-clang-fast -E
#22 6.608 checking for gawk... (cached) mawk
#22 6.609 checking whether ln -s works... yes
#22 6.609 checking whether make sets $(MAKE)... (cached) yes
#22 6.613 checking for BSD- or MS-compatible name lister (nm)... /usr/bin/nm -B
#22 6.618 checking the name lister (/usr/bin/nm -B) interface... BSD nm
#22 6.642 checking the maximum length of command line arguments... 1572864
#22 6.652 checking how to convert x86_64-pc-linux-gnu file names to x86_64-pc-linux-gnu format... func_convert_file_noop
#22 6.653 checking how to convert x86_64-pc-linux-gnu file names to toolchain format... func_convert_file_noop
#22 6.653 checking for /usr/bin/ld option to reload object files... -r
#22 6.654 checking for objdump... objdump
#22 6.655 checking how to recognize dependent libraries... pass_all
#22 6.656 checking for dlltool... no
#22 6.656 checking how to associate runtime and link libraries... printf %s\n
#22 6.657 checking for ar... ar
#22 6.658 checking for archiver @FILE support... @
#22 6.690 checking for strip... strip
#22 6.691 checking for ranlib... ranlib
#22 6.692 checking command to parse /usr/bin/nm -B output from /afl/afl-clang-fast object... ok
#22 6.787 checking for sysroot... no
#22 6.788 checking for a working dd... /usr/bin/dd
#22 6.793 checking how to truncate binary pipes... /usr/bin/dd bs=4096 count=1
#22 6.816 checking for mt... mt
#22 6.817 checking if mt is a manifest tool... no
#22 6.824 checking for ANSI C header files... yes
#22 6.959 checking for sys/types.h... yes
#22 6.994 checking for sys/stat.h... yes
#22 7.029 checking for stdlib.h... yes
#22 7.065 checking for string.h... yes
#22 7.102 checking for memory.h... yes
#22 7.139 checking for strings.h... yes
#22 7.174 checking for inttypes.h... yes
#22 7.212 checking for stdint.h... yes
#22 7.249 checking for unistd.h... yes
#22 7.286 checking for dlfcn.h... yes
#22 7.320 checking for objdir... .libs
#22 7.400 checking if /afl/afl-clang-fast supports -fno-rtti -fno-exceptions... yes
#22 7.424 checking for /afl/afl-clang-fast option to produce PIC... -fPIC -DPIC
#22 7.425 checking if /afl/afl-clang-fast PIC flag -fPIC -DPIC works... yes
#22 7.448 checking if /afl/afl-clang-fast static flag -static works... yes
#22 7.538 checking if /afl/afl-clang-fast supports -c -o file.o... yes
#22 7.574 checking if /afl/afl-clang-fast supports -c -o file.o... (cached) yes
#22 7.574 checking whether the /afl/afl-clang-fast linker (/usr/bin/ld -m elf_x86_64) supports shared libraries... yes
#22 7.593 checking whether -lc should be explicitly linked in... no
#22 7.632 checking dynamic linker characteristics... GNU/Linux ld.so
#22 7.720 checking how to hardcode library paths into programs... immediate
#22 7.720 checking whether stripping libraries is possible... yes
#22 7.723 checking if libtool supports shared libraries... yes
#22 7.724 checking whether to build shared libraries... yes
#22 7.724 checking whether to build static libraries... yes
#22 7.725 checking that AWK works... ok
#22 7.729 checking if we need to force back C standard to C89... no
#22 7.755 checking whether struct tm is in sys/time.h or time.h... time.h
#22 7.783 checking for C/C++ restrict keyword... __restrict
#22 7.807 checking for pow... yes
#22 7.866 checking for clock_gettime... yes
#22 7.924 checking for zlibVersion in -lz... yes
#22 7.981 checking for feenableexcept in -lm... yes
#22 8.036 checking for feenableexcept... yes
#22 8.094 checking if using Solaris linker... no
#22 8.098 checking if libraries can be versioned... yes
#22 8.101 checking for symbol prefix... 
#22 8.115 configure: pkgconfig directory is ${libdir}/pkgconfig
#22 8.116 configure: Extra options for compiler: 
#22 8.139 checking that generated files are newer than configure... done
#22 8.140 configure: creating ./config.status
#22 8.739 config.status: creating Makefile
#22 8.753 config.status: creating libpng.pc
#22 8.768 config.status: creating libpng-config
#22 8.782 config.status: creating config.h
#22 8.792 config.status: executing depfiles commands
#22 8.960 config.status: executing libtool commands
#22 9.016 ++ nproc
#22 9.017 + make -j128 clean
#22 9.021 test -z "*.tf? pngout.png libpng16.pc libpng16-config libpng.vers libpng.sym check.new pnglibconf.h pngprefix.h symbols.new pngtest-log.txt pnglibconf.out pnglibconf.c pnglibconf.pre pnglibconf.dfn scripts/*.out scripts/*.chk" || rm -f *.tf? pngout.png libpng16.pc libpng16-config libpng.vers libpng.sym check.new pnglibconf.h pngprefix.h symbols.new pngtest-log.txt pnglibconf.out pnglibconf.c pnglibconf.pre pnglibconf.dfn scripts/*.out scripts/*.chk
#22 9.021 test -z "libpng16.la" || rm -f libpng16.la
#22 9.022 rm -rf .libs _libs
#22 9.022 rm -f *.o
#22 9.022  rm -f pngfix png-fix-itxt
#22 9.022 test -z "tests/pngtest-all.log tests/pngvalid-gamma-16-to-8.log tests/pngvalid-gamma-alpha-mode.log tests/pngvalid-gamma-background.log tests/pngvalid-gamma-expand16-alpha-mode.log tests/pngvalid-gamma-expand16-background.log tests/pngvalid-gamma-expand16-transform.log tests/pngvalid-gamma-sbit.log tests/pngvalid-gamma-threshold.log tests/pngvalid-gamma-transform.log tests/pngvalid-progressive-size.log tests/pngvalid-progressive-interlace-standard.log tests/pngvalid-transform.log tests/pngvalid-progressive-standard.log tests/pngvalid-standard.log tests/pngstest-1.8.log tests/pngstest-1.8-alpha.log tests/pngstest-linear.log tests/pngstest-linear-alpha.log tests/pngstest-none.log tests/pngstest-none-alpha.log tests/pngstest-sRGB.log tests/pngstest-sRGB-alpha.log tests/pngunknown-IDAT.log tests/pngunknown-discard.log tests/pngunknown-if-safe.log tests/pngunknown-sAPI.log tests/pngunknown-sTER.log tests/pngunknown-save.log tests/pngunknown-vpAg.log tests/pngimage-quick.log tests/pngimage-full.log" || rm -f tests/pngtest-all.log tests/pngvalid-gamma-16-to-8.log tests/pngvalid-gamma-alpha-mode.log tests/pngvalid-gamma-background.log tests/pngvalid-gamma-expand16-alpha-mode.log tests/pngvalid-gamma-expand16-background.log tests/pngvalid-gamma-expand16-transform.log tests/pngvalid-gamma-sbit.log tests/pngvalid-gamma-threshold.log tests/pngvalid-gamma-transform.log tests/pngvalid-progressive-size.log tests/pngvalid-progressive-interlace-standard.log tests/pngvalid-transform.log tests/pngvalid-progressive-standard.log tests/pngvalid-standard.log tests/pngstest-1.8.log tests/pngstest-1.8-alpha.log tests/pngstest-linear.log tests/pngstest-linear-alpha.log tests/pngstest-none.log tests/pngstest-none-alpha.log tests/pngstest-sRGB.log tests/pngstest-sRGB-alpha.log tests/pngunknown-IDAT.log tests/pngunknown-discard.log tests/pngunknown-if-safe.log tests/pngunknown-sAPI.log tests/pngunknown-sTER.log tests/pngunknown-save.log tests/pngunknown-vpAg.log tests/pngimage-quick.log tests/pngimage-full.log
#22 9.022 rm -f *.lo
#22 9.023  rm -f pngtest pngunknown pngstest pngvalid pngimage pngcp timepng
#22 9.024 rm -rf arm/.libs arm/_libs
#22 9.025 rm -f arm/*.o
#22 9.025 test -z "tests/pngtest-all.trs tests/pngvalid-gamma-16-to-8.trs tests/pngvalid-gamma-alpha-mode.trs tests/pngvalid-gamma-background.trs tests/pngvalid-gamma-expand16-alpha-mode.trs tests/pngvalid-gamma-expand16-background.trs tests/pngvalid-gamma-expand16-transform.trs tests/pngvalid-gamma-sbit.trs tests/pngvalid-gamma-threshold.trs tests/pngvalid-gamma-transform.trs tests/pngvalid-progressive-size.trs tests/pngvalid-progressive-interlace-standard.trs tests/pngvalid-transform.trs tests/pngvalid-progressive-standard.trs tests/pngvalid-standard.trs tests/pngstest-1.8.trs tests/pngstest-1.8-alpha.trs tests/pngstest-linear.trs tests/pngstest-linear-alpha.trs tests/pngstest-none.trs tests/pngstest-none-alpha.trs tests/pngstest-sRGB.trs tests/pngstest-sRGB-alpha.trs tests/pngunknown-IDAT.trs tests/pngunknown-discard.trs tests/pngunknown-if-safe.trs tests/pngunknown-sAPI.trs tests/pngunknown-sTER.trs tests/pngunknown-save.trs tests/pngunknown-vpAg.trs tests/pngimage-quick.trs tests/pngimage-full.trs" || rm -f tests/pngtest-all.trs tests/pngvalid-gamma-16-to-8.trs tests/pngvalid-gamma-alpha-mode.trs tests/pngvalid-gamma-background.trs tests/pngvalid-gamma-expand16-alpha-mode.trs tests/pngvalid-gamma-expand16-background.trs tests/pngvalid-gamma-expand16-transform.trs tests/pngvalid-gamma-sbit.trs tests/pngvalid-gamma-threshold.trs tests/pngvalid-gamma-transform.trs tests/pngvalid-progressive-size.trs tests/pngvalid-progressive-interlace-standard.trs tests/pngvalid-transform.trs tests/pngvalid-progressive-standard.trs tests/pngvalid-standard.trs tests/pngstest-1.8.trs tests/pngstest-1.8-alpha.trs tests/pngstest-linear.trs tests/pngstest-linear-alpha.trs tests/pngstest-none.trs tests/pngstest-none-alpha.trs tests/pngstest-sRGB.trs tests/pngstest-sRGB-alpha.trs tests/pngunknown-IDAT.trs tests/pngunknown-discard.trs tests/pngunknown-if-safe.trs tests/pngunknown-sAPI.trs tests/pngunknown-sTER.trs tests/pngunknown-save.trs tests/pngunknown-vpAg.trs tests/pngimage-quick.trs tests/pngimage-full.trs
#22 9.026 rm -rf intel/.libs intel/_libs
#22 9.027 rm -f arm/*.lo
#22 9.028 test -z "test-suite.log" || rm -f test-suite.log
#22 9.028 rm -f ./so_locations
#22 9.029 rm -rf mips/.libs mips/_libs
#22 9.029 rm -f contrib/libtests/*.o
#22 9.031 rm -rf powerpc/.libs powerpc/_libs
#22 9.031 rm -f contrib/tools/*.o
#22 9.033 rm -f intel/*.o
#22 9.035 rm -f intel/*.lo
#22 9.037 rm -f mips/*.o
#22 9.040 rm -f mips/*.lo
#22 9.042 rm -f powerpc/*.o
#22 9.044 rm -f powerpc/*.lo
#22 9.046 ++ nproc
#22 9.047 + make -j128 libpng16.la
#22 9.050 rm -f pnglibconf.c pnglibconf.tf[45]
#22 9.053 mawk -f ./scripts/options.awk out=pnglibconf.tf4 version=search\
#22 9.053     ./pngconf.h ./scripts/pnglibconf.dfa\
#22 9.053     ./pngusr.dfa  1>&2
#22 9.057 mawk -f ./scripts/options.awk out=pnglibconf.tf5 pnglibconf.tf4 1>&2
#22 9.063 rm pnglibconf.tf4
#22 9.065 mv pnglibconf.tf5 pnglibconf.c
#22 9.067 rm -f pnglibconf.out pnglibconf.tf[12]
#22 9.070 test -d scripts || mkdir scripts || test -d scripts
#22 9.071 /afl/afl-clang-fast -E -DHAVE_CONFIG_H -I. \
#22 9.071      -DPNGLIB_LIBNAME='PNG16_0' -DPNGLIB_VERSION='1.6.40.git' -DSYMBOL_PREFIX='' -DPNG_NO_USE_READ_MACROS -DPNG_BUILDING_SYMBOL_TABLE -DPNG_PREFIX='OSS_FUZZ_' pnglibconf.c > pnglibconf.tf1
#22 9.090 mawk -f "./scripts/dfn.awk" out="pnglibconf.tf2" pnglibconf.tf1 1>&2
#22 9.097 rm -f pnglibconf.tf1
#22 9.099 mv pnglibconf.tf2 pnglibconf.out
#22 9.102 rm -f scripts/prefix.out scripts/prefix.tf[12]
#22 9.104 test -d scripts || mkdir scripts || test -d scripts
#22 9.106 /afl/afl-clang-fast -E -DHAVE_CONFIG_H -I. \
#22 9.106      -DPNGLIB_LIBNAME='PNG16_0' -DPNGLIB_VERSION='1.6.40.git' -DSYMBOL_PREFIX='' -DPNG_NO_USE_READ_MACROS -DPNG_BUILDING_SYMBOL_TABLE -DPNG_PREFIX='OSS_FUZZ_' scripts/prefix.c > scripts/prefix.tf1
#22 9.119 mawk -f "./scripts/dfn.awk" out="scripts/prefix.tf2" scripts/prefix.tf1 1>&2
#22 9.126 rm -f scripts/prefix.tf1
#22 9.128 mv scripts/prefix.tf2 scripts/prefix.out
#22 9.131 rm -f pnglibconf.h
#22 9.133 mawk 's==0 && NR>1{print prev}\
#22 9.133    s==0{prev=$0}\
#22 9.133    s==1{print "#define", $1, "OSS_FUZZ_" $1}\
#22 9.133    s==2{print "#define OSS_FUZZ_png_" $1, "PNG_" $1}\
#22 9.133    END{print prev}' s=0 pnglibconf.out s=1 scripts/prefix.out\
#22 9.133    s=2 ./scripts/macro.lst >pnglibconf.tf8
#22 9.136 mv pnglibconf.tf8 pnglibconf.h
#22 9.138 rm -f scripts/intprefix.out scripts/intprefix.tf[12]
#22 9.138 rm -f scripts/vers.out scripts/vers.tf[12]
#22 9.140 test -d scripts || mkdir scripts || test -d scripts
#22 9.141 test -d scripts || mkdir scripts || test -d scripts
#22 9.142 /afl/afl-clang-fast -E -DHAVE_CONFIG_H -I. \
#22 9.142      -DPNGLIB_LIBNAME='PNG16_0' -DPNGLIB_VERSION='1.6.40.git' -DSYMBOL_PREFIX='' -DPNG_NO_USE_READ_MACROS -DPNG_BUILDING_SYMBOL_TABLE -DPNG_PREFIX='OSS_FUZZ_' scripts/intprefix.c > scripts/intprefix.tf1
#22 9.143 /afl/afl-clang-fast -E -DHAVE_CONFIG_H -I. \
#22 9.143      -DPNGLIB_LIBNAME='PNG16_0' -DPNGLIB_VERSION='1.6.40.git' -DSYMBOL_PREFIX='' -DPNG_NO_USE_READ_MACROS -DPNG_BUILDING_SYMBOL_TABLE -DPNG_PREFIX='OSS_FUZZ_' scripts/vers.c > scripts/vers.tf1
#22 9.154 mawk -f "./scripts/dfn.awk" out="scripts/vers.tf2" scripts/vers.tf1 1>&2
#22 9.158 rm -f scripts/vers.tf1
#22 9.161 mv scripts/vers.tf2 scripts/vers.out
#22 9.163 rm -f libpng.vers
#22 9.165 cp scripts/vers.out libpng.vers
#22 9.166 mawk -f "./scripts/dfn.awk" out="scripts/intprefix.tf2" scripts/intprefix.tf1 1>&2
#22 9.172 rm -f scripts/intprefix.tf1
#22 9.174 mv scripts/intprefix.tf2 scripts/intprefix.out
#22 9.177 rm -f pngprefix.tf1
#22 9.179 mawk '{print "#define", $1, "OSS_FUZZ_" $1}' scripts/intprefix.out >pngprefix.tf1
#22 9.182 mv pngprefix.tf1 pngprefix.h
#22 9.184 depbase=`echo png.lo | sed 's|[^/]*$|.deps/&|;s|\.lo$||'`;\
#22 9.184 /bin/bash ./libtool  --tag=CC   --mode=compile /afl/afl-clang-fast -DHAVE_CONFIG_H -I.     -DFUZZING_BUILD_MODE_UNSAFE_FOR_PRODUCTION -pthread -Wl,--no-as-needed -Wl,-ldl -Wl,-lm -Wno-unused-command-line-argument -O3 -MT png.lo -MD -MP -MF $depbase.Tpo -c -o png.lo png.c &&\
#22 9.184 mv -f $depbase.Tpo $depbase.Plo
#22 9.184 depbase=`echo pngerror.lo | sed 's|[^/]*$|.deps/&|;s|\.lo$||'`;\
#22 9.184 /bin/bash ./libtool  --tag=CC   --mode=compile /afl/afl-clang-fast -DHAVE_CONFIG_H -I.     -DFUZZING_BUILD_MODE_UNSAFE_FOR_PRODUCTION -pthread -Wl,--no-as-needed -Wl,-ldl -Wl,-lm -Wno-unused-command-line-argument -O3 -MT pngerror.lo -MD -MP -MF $depbase.Tpo -c -o pngerror.lo pngerror.c &&\
#22 9.184 mv -f $depbase.Tpo $depbase.Plo
#22 9.185 depbase=`echo pngget.lo | sed 's|[^/]*$|.deps/&|;s|\.lo$||'`;\
#22 9.185 /bin/bash ./libtool  --tag=CC   --mode=compile /afl/afl-clang-fast -DHAVE_CONFIG_H -I.     -DFUZZING_BUILD_MODE_UNSAFE_FOR_PRODUCTION -pthread -Wl,--no-as-needed -Wl,-ldl -Wl,-lm -Wno-unused-command-line-argument -O3 -MT pngget.lo -MD -MP -MF $depbase.Tpo -c -o pngget.lo pngget.c &&\
#22 9.185 mv -f $depbase.Tpo $depbase.Plo
#22 9.185 depbase=`echo pngmem.lo | sed 's|[^/]*$|.deps/&|;s|\.lo$||'`;\
#22 9.185 /bin/bash ./libtool  --tag=CC   --mode=compile /afl/afl-clang-fast -DHAVE_CONFIG_H -I.     -DFUZZING_BUILD_MODE_UNSAFE_FOR_PRODUCTION -pthread -Wl,--no-as-needed -Wl,-ldl -Wl,-lm -Wno-unused-command-line-argument -O3 -MT pngmem.lo -MD -MP -MF $depbase.Tpo -c -o pngmem.lo pngmem.c &&\
#22 9.185 mv -f $depbase.Tpo $depbase.Plo
#22 9.185 depbase=`echo pngpread.lo | sed 's|[^/]*$|.deps/&|;s|\.lo$||'`;\
#22 9.185 /bin/bash ./libtool  --tag=CC   --mode=compile /afl/afl-clang-fast -DHAVE_CONFIG_H -I.     -DFUZZING_BUILD_MODE_UNSAFE_FOR_PRODUCTION -pthread -Wl,--no-as-needed -Wl,-ldl -Wl,-lm -Wno-unused-command-line-argument -O3 -MT pngpread.lo -MD -MP -MF $depbase.Tpo -c -o pngpread.lo pngpread.c &&\
#22 9.185 mv -f $depbase.Tpo $depbase.Plo
#22 9.185 depbase=`echo pngread.lo | sed 's|[^/]*$|.deps/&|;s|\.lo$||'`;\
#22 9.185 /bin/bash ./libtool  --tag=CC   --mode=compile /afl/afl-clang-fast -DHAVE_CONFIG_H -I.     -DFUZZING_BUILD_MODE_UNSAFE_FOR_PRODUCTION -pthread -Wl,--no-as-needed -Wl,-ldl -Wl,-lm -Wno-unused-command-line-argument -O3 -MT pngread.lo -MD -MP -MF $depbase.Tpo -c -o pngread.lo pngread.c &&\
#22 9.185 mv -f $depbase.Tpo $depbase.Plo
#22 9.185 depbase=`echo pngrio.lo | sed 's|[^/]*$|.deps/&|;s|\.lo$||'`;\
#22 9.185 /bin/bash ./libtool  --tag=CC   --mode=compile /afl/afl-clang-fast -DHAVE_CONFIG_H -I.     -DFUZZING_BUILD_MODE_UNSAFE_FOR_PRODUCTION -pthread -Wl,--no-as-needed -Wl,-ldl -Wl,-lm -Wno-unused-command-line-argument -O3 -MT pngrio.lo -MD -MP -MF $depbase.Tpo -c -o pngrio.lo pngrio.c &&\
#22 9.185 mv -f $depbase.Tpo $depbase.Plo
#22 9.186 depbase=`echo pngrtran.lo | sed 's|[^/]*$|.deps/&|;s|\.lo$||'`;\
#22 9.186 /bin/bash ./libtool  --tag=CC   --mode=compile /afl/afl-clang-fast -DHAVE_CONFIG_H -I.     -DFUZZING_BUILD_MODE_UNSAFE_FOR_PRODUCTION -pthread -Wl,--no-as-needed -Wl,-ldl -Wl,-lm -Wno-unused-command-line-argument -O3 -MT pngrtran.lo -MD -MP -MF $depbase.Tpo -c -o pngrtran.lo pngrtran.c &&\
#22 9.186 mv -f $depbase.Tpo $depbase.Plo
#22 9.186 depbase=`echo pngrutil.lo | sed 's|[^/]*$|.deps/&|;s|\.lo$||'`;\
#22 9.186 /bin/bash ./libtool  --tag=CC   --mode=compile /afl/afl-clang-fast -DHAVE_CONFIG_H -I.     -DFUZZING_BUILD_MODE_UNSAFE_FOR_PRODUCTION -pthread -Wl,--no-as-needed -Wl,-ldl -Wl,-lm -Wno-unused-command-line-argument -O3 -MT pngrutil.lo -MD -MP -MF $depbase.Tpo -c -o pngrutil.lo pngrutil.c &&\
#22 9.186 mv -f $depbase.Tpo $depbase.Plo
#22 9.186 depbase=`echo pngset.lo | sed 's|[^/]*$|.deps/&|;s|\.lo$||'`;\
#22 9.186 /bin/bash ./libtool  --tag=CC   --mode=compile /afl/afl-clang-fast -DHAVE_CONFIG_H -I.     -DFUZZING_BUILD_MODE_UNSAFE_FOR_PRODUCTION -pthread -Wl,--no-as-needed -Wl,-ldl -Wl,-lm -Wno-unused-command-line-argument -O3 -MT pngset.lo -MD -MP -MF $depbase.Tpo -c -o pngset.lo pngset.c &&\
#22 9.186 mv -f $depbase.Tpo $depbase.Plo
#22 9.186 depbase=`echo pngtrans.lo | sed 's|[^/]*$|.deps/&|;s|\.lo$||'`;\
#22 9.186 /bin/bash ./libtool  --tag=CC   --mode=compile /afl/afl-clang-fast -DHAVE_CONFIG_H -I.     -DFUZZING_BUILD_MODE_UNSAFE_FOR_PRODUCTION -pthread -Wl,--no-as-needed -Wl,-ldl -Wl,-lm -Wno-unused-command-line-argument -O3 -MT pngtrans.lo -MD -MP -MF $depbase.Tpo -c -o pngtrans.lo pngtrans.c &&\
#22 9.186 mv -f $depbase.Tpo $depbase.Plo
#22 9.187 depbase=`echo pngwio.lo | sed 's|[^/]*$|.deps/&|;s|\.lo$||'`;\
#22 9.187 /bin/bash ./libtool  --tag=CC   --mode=compile /afl/afl-clang-fast -DHAVE_CONFIG_H -I.     -DFUZZING_BUILD_MODE_UNSAFE_FOR_PRODUCTION -pthread -Wl,--no-as-needed -Wl,-ldl -Wl,-lm -Wno-unused-command-line-argument -O3 -MT pngwio.lo -MD -MP -MF $depbase.Tpo -c -o pngwio.lo pngwio.c &&\
#22 9.187 mv -f $depbase.Tpo $depbase.Plo
#22 9.187 depbase=`echo pngwrite.lo | sed 's|[^/]*$|.deps/&|;s|\.lo$||'`;\
#22 9.187 /bin/bash ./libtool  --tag=CC   --mode=compile /afl/afl-clang-fast -DHAVE_CONFIG_H -I.     -DFUZZING_BUILD_MODE_UNSAFE_FOR_PRODUCTION -pthread -Wl,--no-as-needed -Wl,-ldl -Wl,-lm -Wno-unused-command-line-argument -O3 -MT pngwrite.lo -MD -MP -MF $depbase.Tpo -c -o pngwrite.lo pngwrite.c &&\
#22 9.187 mv -f $depbase.Tpo $depbase.Plo
#22 9.187 depbase=`echo pngwtran.lo | sed 's|[^/]*$|.deps/&|;s|\.lo$||'`;\
#22 9.187 /bin/bash ./libtool  --tag=CC   --mode=compile /afl/afl-clang-fast -DHAVE_CONFIG_H -I.     -DFUZZING_BUILD_MODE_UNSAFE_FOR_PRODUCTION -pthread -Wl,--no-as-needed -Wl,-ldl -Wl,-lm -Wno-unused-command-line-argument -O3 -MT pngwtran.lo -MD -MP -MF $depbase.Tpo -c -o pngwtran.lo pngwtran.c &&\
#22 9.187 mv -f $depbase.Tpo $depbase.Plo
#22 9.187 depbase=`echo pngwutil.lo | sed 's|[^/]*$|.deps/&|;s|\.lo$||'`;\
#22 9.187 /bin/bash ./libtool  --tag=CC   --mode=compile /afl/afl-clang-fast -DHAVE_CONFIG_H -I.     -DFUZZING_BUILD_MODE_UNSAFE_FOR_PRODUCTION -pthread -Wl,--no-as-needed -Wl,-ldl -Wl,-lm -Wno-unused-command-line-argument -O3 -MT pngwutil.lo -MD -MP -MF $depbase.Tpo -c -o pngwutil.lo pngwutil.c &&\
#22 9.187 mv -f $depbase.Tpo $depbase.Plo
#22 9.187 depbase=`echo mips/mips_init.lo | sed 's|[^/]*$|.deps/&|;s|\.lo$||'`;\
#22 9.187 /bin/bash ./libtool  --tag=CC   --mode=compile /afl/afl-clang-fast -DHAVE_CONFIG_H -I.     -DFUZZING_BUILD_MODE_UNSAFE_FOR_PRODUCTION -pthread -Wl,--no-as-needed -Wl,-ldl -Wl,-lm -Wno-unused-command-line-argument -O3 -MT mips/mips_init.lo -MD -MP -MF $depbase.Tpo -c -o mips/mips_init.lo mips/mips_init.c &&\
#22 9.187 mv -f $depbase.Tpo $depbase.Plo
#22 9.188 depbase=`echo mips/filter_msa_intrinsics.lo | sed 's|[^/]*$|.deps/&|;s|\.lo$||'`;\
#22 9.188 /bin/bash ./libtool  --tag=CC   --mode=compile /afl/afl-clang-fast -DHAVE_CONFIG_H -I.     -DFUZZING_BUILD_MODE_UNSAFE_FOR_PRODUCTION -pthread -Wl,--no-as-needed -Wl,-ldl -Wl,-lm -Wno-unused-command-line-argument -O3 -MT mips/filter_msa_intrinsics.lo -MD -MP -MF $depbase.Tpo -c -o mips/filter_msa_intrinsics.lo mips/filter_msa_intrinsics.c &&\
#22 9.188 mv -f $depbase.Tpo $depbase.Plo
#22 9.188 depbase=`echo intel/intel_init.lo | sed 's|[^/]*$|.deps/&|;s|\.lo$||'`;\
#22 9.188 /bin/bash ./libtool  --tag=CC   --mode=compile /afl/afl-clang-fast -DHAVE_CONFIG_H -I.     -DFUZZING_BUILD_MODE_UNSAFE_FOR_PRODUCTION -pthread -Wl,--no-as-needed -Wl,-ldl -Wl,-lm -Wno-unused-command-line-argument -O3 -MT intel/intel_init.lo -MD -MP -MF $depbase.Tpo -c -o intel/intel_init.lo intel/intel_init.c &&\
#22 9.188 mv -f $depbase.Tpo $depbase.Plo
#22 9.188 depbase=`echo intel/filter_sse2_intrinsics.lo | sed 's|[^/]*$|.deps/&|;s|\.lo$||'`;\
#22 9.188 /bin/bash ./libtool  --tag=CC   --mode=compile /afl/afl-clang-fast -DHAVE_CONFIG_H -I.     -DFUZZING_BUILD_MODE_UNSAFE_FOR_PRODUCTION -pthread -Wl,--no-as-needed -Wl,-ldl -Wl,-lm -Wno-unused-command-line-argument -O3 -MT intel/filter_sse2_intrinsics.lo -MD -MP -MF $depbase.Tpo -c -o intel/filter_sse2_intrinsics.lo intel/filter_sse2_intrinsics.c &&\
#22 9.188 mv -f $depbase.Tpo $depbase.Plo
#22 9.188 depbase=`echo powerpc/powerpc_init.lo | sed 's|[^/]*$|.deps/&|;s|\.lo$||'`;\
#22 9.188 /bin/bash ./libtool  --tag=CC   --mode=compile /afl/afl-clang-fast -DHAVE_CONFIG_H -I.     -DFUZZING_BUILD_MODE_UNSAFE_FOR_PRODUCTION -pthread -Wl,--no-as-needed -Wl,-ldl -Wl,-lm -Wno-unused-command-line-argument -O3 -MT powerpc/powerpc_init.lo -MD -MP -MF $depbase.Tpo -c -o powerpc/powerpc_init.lo powerpc/powerpc_init.c &&\
#22 9.188 mv -f $depbase.Tpo $depbase.Plo
#22 9.189 depbase=`echo powerpc/filter_vsx_intrinsics.lo | sed 's|[^/]*$|.deps/&|;s|\.lo$||'`;\
#22 9.189 /bin/bash ./libtool  --tag=CC   --mode=compile /afl/afl-clang-fast -DHAVE_CONFIG_H -I.     -DFUZZING_BUILD_MODE_UNSAFE_FOR_PRODUCTION -pthread -Wl,--no-as-needed -Wl,-ldl -Wl,-lm -Wno-unused-command-line-argument -O3 -MT powerpc/filter_vsx_intrinsics.lo -MD -MP -MF $depbase.Tpo -c -o powerpc/filter_vsx_intrinsics.lo powerpc/filter_vsx_intrinsics.c &&\
#22 9.189 mv -f $depbase.Tpo $depbase.Plo
#22 9.221 libtool: compile:  /afl/afl-clang-fast -DHAVE_CONFIG_H -I. -DFUZZING_BUILD_MODE_UNSAFE_FOR_PRODUCTION -pthread -Wl,--no-as-needed -Wl,-ldl -Wl,-lm -Wno-unused-command-line-argument -O3 -MT png.lo -MD -MP -MF .deps/png.Tpo -c png.c  -fPIC -DPIC -o .libs/png.o
#22 9.222 libtool: compile:  /afl/afl-clang-fast -DHAVE_CONFIG_H -I. -DFUZZING_BUILD_MODE_UNSAFE_FOR_PRODUCTION -pthread -Wl,--no-as-needed -Wl,-ldl -Wl,-lm -Wno-unused-command-line-argument -O3 -MT pngerror.lo -MD -MP -MF .deps/pngerror.Tpo -c pngerror.c  -fPIC -DPIC -o .libs/pngerror.o
#22 9.223 libtool: compile:  /afl/afl-clang-fast -DHAVE_CONFIG_H -I. -DFUZZING_BUILD_MODE_UNSAFE_FOR_PRODUCTION -pthread -Wl,--no-as-needed -Wl,-ldl -Wl,-lm -Wno-unused-command-line-argument -O3 -MT pngpread.lo -MD -MP -MF .deps/pngpread.Tpo -c pngpread.c  -fPIC -DPIC -o .libs/pngpread.o
#22 9.223 libtool: compile:  /afl/afl-clang-fast -DHAVE_CONFIG_H -I. -DFUZZING_BUILD_MODE_UNSAFE_FOR_PRODUCTION -pthread -Wl,--no-as-needed -Wl,-ldl -Wl,-lm -Wno-unused-command-line-argument -O3 -MT pngset.lo -MD -MP -MF .deps/pngset.Tpo -c pngset.c  -fPIC -DPIC -o .libs/pngset.o
#22 9.223 libtool: compile:  /afl/afl-clang-fast -DHAVE_CONFIG_H -I. -DFUZZING_BUILD_MODE_UNSAFE_FOR_PRODUCTION -pthread -Wl,--no-as-needed -Wl,-ldl -Wl,-lm -Wno-unused-command-line-argument -O3 -MT pngmem.lo -MD -MP -MF .deps/pngmem.Tpo -c pngmem.c  -fPIC -DPIC -o .libs/pngmem.o
#22 9.223 libtool: compile:  /afl/afl-clang-fast -DHAVE_CONFIG_H -I. -DFUZZING_BUILD_MODE_UNSAFE_FOR_PRODUCTION -pthread -Wl,--no-as-needed -Wl,-ldl -Wl,-lm -Wno-unused-command-line-argument -O3 -MT pngread.lo -MD -MP -MF .deps/pngread.Tpo -c pngread.c  -fPIC -DPIC -o .libs/pngread.o
#22 9.223 libtool: compile:  /afl/afl-clang-fast -DHAVE_CONFIG_H -I. -DFUZZING_BUILD_MODE_UNSAFE_FOR_PRODUCTION -pthread -Wl,--no-as-needed -Wl,-ldl -Wl,-lm -Wno-unused-command-line-argument -O3 -MT pngwio.lo -MD -MP -MF .deps/pngwio.Tpo -c pngwio.c  -fPIC -DPIC -o .libs/pngwio.o
#22 9.224 libtool: compile:  /afl/afl-clang-fast -DHAVE_CONFIG_H -I. -DFUZZING_BUILD_MODE_UNSAFE_FOR_PRODUCTION -pthread -Wl,--no-as-needed -Wl,-ldl -Wl,-lm -Wno-unused-command-line-argument -O3 -MT pngrtran.lo -MD -MP -MF .deps/pngrtran.Tpo -c pngrtran.c  -fPIC -DPIC -o .libs/pngrtran.o
#22 9.224 libtool: compile:  /afl/afl-clang-fast -DHAVE_CONFIG_H -I. -DFUZZING_BUILD_MODE_UNSAFE_FOR_PRODUCTION -pthread -Wl,--no-as-needed -Wl,-ldl -Wl,-lm -Wno-unused-command-line-argument -O3 -MT pngget.lo -MD -MP -MF .deps/pngget.Tpo -c pngget.c  -fPIC -DPIC -o .libs/pngget.o
#22 9.224 libtool: compile:  /afl/afl-clang-fast -DHAVE_CONFIG_H -I. -DFUZZING_BUILD_MODE_UNSAFE_FOR_PRODUCTION -pthread -Wl,--no-as-needed -Wl,-ldl -Wl,-lm -Wno-unused-command-line-argument -O3 -MT pngrio.lo -MD -MP -MF .deps/pngrio.Tpo -c pngrio.c  -fPIC -DPIC -o .libs/pngrio.o
#22 9.225 libtool: compile:  /afl/afl-clang-fast -DHAVE_CONFIG_H -I. -DFUZZING_BUILD_MODE_UNSAFE_FOR_PRODUCTION -pthread -Wl,--no-as-needed -Wl,-ldl -Wl,-lm -Wno-unused-command-line-argument -O3 -MT pngtrans.lo -MD -MP -MF .deps/pngtrans.Tpo -c pngtrans.c  -fPIC -DPIC -o .libs/pngtrans.o
#22 9.225 libtool: compile:  /afl/afl-clang-fast -DHAVE_CONFIG_H -I. -DFUZZING_BUILD_MODE_UNSAFE_FOR_PRODUCTION -pthread -Wl,--no-as-needed -Wl,-ldl -Wl,-lm -Wno-unused-command-line-argument -O3 -MT pngwutil.lo -MD -MP -MF .deps/pngwutil.Tpo -c pngwutil.c  -fPIC -DPIC -o .libs/pngwutil.o
#22 9.225 libtool: compile:  /afl/afl-clang-fast -DHAVE_CONFIG_H -I. -DFUZZING_BUILD_MODE_UNSAFE_FOR_PRODUCTION -pthread -Wl,--no-as-needed -Wl,-ldl -Wl,-lm -Wno-unused-command-line-argument -O3 -MT pngwtran.lo -MD -MP -MF .deps/pngwtran.Tpo -c pngwtran.c  -fPIC -DPIC -o .libs/pngwtran.o
#22 9.225 libtool: compile:  /afl/afl-clang-fast -DHAVE_CONFIG_H -I. -DFUZZING_BUILD_MODE_UNSAFE_FOR_PRODUCTION -pthread -Wl,--no-as-needed -Wl,-ldl -Wl,-lm -Wno-unused-command-line-argument -O3 -MT pngrutil.lo -MD -MP -MF .deps/pngrutil.Tpo -c pngrutil.c  -fPIC -DPIC -o .libs/pngrutil.o
#22 9.226 libtool: compile:  /afl/afl-clang-fast -DHAVE_CONFIG_H -I. -DFUZZING_BUILD_MODE_UNSAFE_FOR_PRODUCTION -pthread -Wl,--no-as-needed -Wl,-ldl -Wl,-lm -Wno-unused-command-line-argument -O3 -MT pngwrite.lo -MD -MP -MF .deps/pngwrite.Tpo -c pngwrite.c  -fPIC -DPIC -o .libs/pngwrite.o
#22 9.228 libtool: compile:  /afl/afl-clang-fast -DHAVE_CONFIG_H -I. -DFUZZING_BUILD_MODE_UNSAFE_FOR_PRODUCTION -pthread -Wl,--no-as-needed -Wl,-ldl -Wl,-lm -Wno-unused-command-line-argument -O3 -MT mips/mips_init.lo -MD -MP -MF mips/.deps/mips_init.Tpo -c mips/mips_init.c  -fPIC -DPIC -o mips/.libs/mips_init.o
#22 9.230 libtool: compile:  /afl/afl-clang-fast -DHAVE_CONFIG_H -I. -DFUZZING_BUILD_MODE_UNSAFE_FOR_PRODUCTION -pthread -Wl,--no-as-needed -Wl,-ldl -Wl,-lm -Wno-unused-command-line-argument -O3 -MT intel/filter_sse2_intrinsics.lo -MD -MP -MF intel/.deps/filter_sse2_intrinsics.Tpo -c intel/filter_sse2_intrinsics.c  -fPIC -DPIC -o intel/.libs/filter_sse2_intrinsics.o
#22 9.230 libtool: compile:  /afl/afl-clang-fast -DHAVE_CONFIG_H -I. -DFUZZING_BUILD_MODE_UNSAFE_FOR_PRODUCTION -pthread -Wl,--no-as-needed -Wl,-ldl -Wl,-lm -Wno-unused-command-line-argument -O3 -MT powerpc/filter_vsx_intrinsics.lo -MD -MP -MF powerpc/.deps/filter_vsx_intrinsics.Tpo -c powerpc/filter_vsx_intrinsics.c  -fPIC -DPIC -o powerpc/.libs/filter_vsx_intrinsics.o
#22 9.230 libtool: compile:  /afl/afl-clang-fast -DHAVE_CONFIG_H -I. -DFUZZING_BUILD_MODE_UNSAFE_FOR_PRODUCTION -pthread -Wl,--no-as-needed -Wl,-ldl -Wl,-lm -Wno-unused-command-line-argument -O3 -MT powerpc/powerpc_init.lo -MD -MP -MF powerpc/.deps/powerpc_init.Tpo -c powerpc/powerpc_init.c  -fPIC -DPIC -o powerpc/.libs/powerpc_init.o
#22 9.233 libtool: compile:  /afl/afl-clang-fast -DHAVE_CONFIG_H -I. -DFUZZING_BUILD_MODE_UNSAFE_FOR_PRODUCTION -pthread -Wl,--no-as-needed -Wl,-ldl -Wl,-lm -Wno-unused-command-line-argument -O3 -MT intel/intel_init.lo -MD -MP -MF intel/.deps/intel_init.Tpo -c intel/intel_init.c  -fPIC -DPIC -o intel/.libs/intel_init.o
#22 9.234 libtool: compile:  /afl/afl-clang-fast -DHAVE_CONFIG_H -I. -DFUZZING_BUILD_MODE_UNSAFE_FOR_PRODUCTION -pthread -Wl,--no-as-needed -Wl,-ldl -Wl,-lm -Wno-unused-command-line-argument -O3 -MT mips/filter_msa_intrinsics.lo -MD -MP -MF mips/.deps/filter_msa_intrinsics.Tpo -c mips/filter_msa_intrinsics.c  -fPIC -DPIC -o mips/.libs/filter_msa_intrinsics.o
#22 9.260 libtool: compile:  /afl/afl-clang-fast -DHAVE_CONFIG_H -I. -DFUZZING_BUILD_MODE_UNSAFE_FOR_PRODUCTION -pthread -Wl,--no-as-needed -Wl,-ldl -Wl,-lm -Wno-unused-command-line-argument -O3 -MT pngwio.lo -MD -MP -MF .deps/pngwio.Tpo -c pngwio.c -o pngwio.o >/dev/null 2>&1
#22 9.261 libtool: compile:  /afl/afl-clang-fast -DHAVE_CONFIG_H -I. -DFUZZING_BUILD_MODE_UNSAFE_FOR_PRODUCTION -pthread -Wl,--no-as-needed -Wl,-ldl -Wl,-lm -Wno-unused-command-line-argument -O3 -MT pngwutil.lo -MD -MP -MF .deps/pngwutil.Tpo -c pngwutil.c -o pngwutil.o >/dev/null 2>&1
#22 9.261 libtool: compile:  /afl/afl-clang-fast -DHAVE_CONFIG_H -I. -DFUZZING_BUILD_MODE_UNSAFE_FOR_PRODUCTION -pthread -Wl,--no-as-needed -Wl,-ldl -Wl,-lm -Wno-unused-command-line-argument -O3 -MT pngwrite.lo -MD -MP -MF .deps/pngwrite.Tpo -c pngwrite.c -o pngwrite.o >/dev/null 2>&1
#22 9.262 libtool: compile:  /afl/afl-clang-fast -DHAVE_CONFIG_H -I. -DFUZZING_BUILD_MODE_UNSAFE_FOR_PRODUCTION -pthread -Wl,--no-as-needed -Wl,-ldl -Wl,-lm -Wno-unused-command-line-argument -O3 -MT pngwtran.lo -MD -MP -MF .deps/pngwtran.Tpo -c pngwtran.c -o pngwtran.o >/dev/null 2>&1
#22 9.267 libtool: compile:  /afl/afl-clang-fast -DHAVE_CONFIG_H -I. -DFUZZING_BUILD_MODE_UNSAFE_FOR_PRODUCTION -pthread -Wl,--no-as-needed -Wl,-ldl -Wl,-lm -Wno-unused-command-line-argument -O3 -MT intel/filter_sse2_intrinsics.lo -MD -MP -MF intel/.deps/filter_sse2_intrinsics.Tpo -c intel/filter_sse2_intrinsics.c -o intel/filter_sse2_intrinsics.o >/dev/null 2>&1
#22 9.267 libtool: compile:  /afl/afl-clang-fast -DHAVE_CONFIG_H -I. -DFUZZING_BUILD_MODE_UNSAFE_FOR_PRODUCTION -pthread -Wl,--no-as-needed -Wl,-ldl -Wl,-lm -Wno-unused-command-line-argument -O3 -MT mips/mips_init.lo -MD -MP -MF mips/.deps/mips_init.Tpo -c mips/mips_init.c -o mips/mips_init.o >/dev/null 2>&1
#22 9.268 libtool: compile:  /afl/afl-clang-fast -DHAVE_CONFIG_H -I. -DFUZZING_BUILD_MODE_UNSAFE_FOR_PRODUCTION -pthread -Wl,--no-as-needed -Wl,-ldl -Wl,-lm -Wno-unused-command-line-argument -O3 -MT powerpc/powerpc_init.lo -MD -MP -MF powerpc/.deps/powerpc_init.Tpo -c powerpc/powerpc_init.c -o powerpc/powerpc_init.o >/dev/null 2>&1
#22 9.268 libtool: compile:  /afl/afl-clang-fast -DHAVE_CONFIG_H -I. -DFUZZING_BUILD_MODE_UNSAFE_FOR_PRODUCTION -pthread -Wl,--no-as-needed -Wl,-ldl -Wl,-lm -Wno-unused-command-line-argument -O3 -MT intel/intel_init.lo -MD -MP -MF intel/.deps/intel_init.Tpo -c intel/intel_init.c -o intel/intel_init.o >/dev/null 2>&1
#22 9.269 libtool: compile:  /afl/afl-clang-fast -DHAVE_CONFIG_H -I. -DFUZZING_BUILD_MODE_UNSAFE_FOR_PRODUCTION -pthread -Wl,--no-as-needed -Wl,-ldl -Wl,-lm -Wno-unused-command-line-argument -O3 -MT pngrio.lo -MD -MP -MF .deps/pngrio.Tpo -c pngrio.c -o pngrio.o >/dev/null 2>&1
#22 9.273 libtool: compile:  /afl/afl-clang-fast -DHAVE_CONFIG_H -I. -DFUZZING_BUILD_MODE_UNSAFE_FOR_PRODUCTION -pthread -Wl,--no-as-needed -Wl,-ldl -Wl,-lm -Wno-unused-command-line-argument -O3 -MT powerpc/filter_vsx_intrinsics.lo -MD -MP -MF powerpc/.deps/filter_vsx_intrinsics.Tpo -c powerpc/filter_vsx_intrinsics.c -o powerpc/filter_vsx_intrinsics.o >/dev/null 2>&1
#22 9.276 libtool: compile:  /afl/afl-clang-fast -DHAVE_CONFIG_H -I. -DFUZZING_BUILD_MODE_UNSAFE_FOR_PRODUCTION -pthread -Wl,--no-as-needed -Wl,-ldl -Wl,-lm -Wno-unused-command-line-argument -O3 -MT mips/filter_msa_intrinsics.lo -MD -MP -MF mips/.deps/filter_msa_intrinsics.Tpo -c mips/filter_msa_intrinsics.c -o mips/filter_msa_intrinsics.o >/dev/null 2>&1
#22 9.304 libtool: compile:  /afl/afl-clang-fast -DHAVE_CONFIG_H -I. -DFUZZING_BUILD_MODE_UNSAFE_FOR_PRODUCTION -pthread -Wl,--no-as-needed -Wl,-ldl -Wl,-lm -Wno-unused-command-line-argument -O3 -MT pngmem.lo -MD -MP -MF .deps/pngmem.Tpo -c pngmem.c -o pngmem.o >/dev/null 2>&1
#22 9.415 libtool: compile:  /afl/afl-clang-fast -DHAVE_CONFIG_H -I. -DFUZZING_BUILD_MODE_UNSAFE_FOR_PRODUCTION -pthread -Wl,--no-as-needed -Wl,-ldl -Wl,-lm -Wno-unused-command-line-argument -O3 -MT pngtrans.lo -MD -MP -MF .deps/pngtrans.Tpo -c pngtrans.c -o pngtrans.o >/dev/null 2>&1
#22 9.438 libtool: compile:  /afl/afl-clang-fast -DHAVE_CONFIG_H -I. -DFUZZING_BUILD_MODE_UNSAFE_FOR_PRODUCTION -pthread -Wl,--no-as-needed -Wl,-ldl -Wl,-lm -Wno-unused-command-line-argument -O3 -MT pngerror.lo -MD -MP -MF .deps/pngerror.Tpo -c pngerror.c -o pngerror.o >/dev/null 2>&1
#22 9.448 libtool: compile:  /afl/afl-clang-fast -DHAVE_CONFIG_H -I. -DFUZZING_BUILD_MODE_UNSAFE_FOR_PRODUCTION -pthread -Wl,--no-as-needed -Wl,-ldl -Wl,-lm -Wno-unused-command-line-argument -O3 -MT pngget.lo -MD -MP -MF .deps/pngget.Tpo -c pngget.c -o pngget.o >/dev/null 2>&1
#22 9.510 libtool: compile:  /afl/afl-clang-fast -DHAVE_CONFIG_H -I. -DFUZZING_BUILD_MODE_UNSAFE_FOR_PRODUCTION -pthread -Wl,--no-as-needed -Wl,-ldl -Wl,-lm -Wno-unused-command-line-argument -O3 -MT pngset.lo -MD -MP -MF .deps/pngset.Tpo -c pngset.c -o pngset.o >/dev/null 2>&1
#22 9.514 libtool: compile:  /afl/afl-clang-fast -DHAVE_CONFIG_H -I. -DFUZZING_BUILD_MODE_UNSAFE_FOR_PRODUCTION -pthread -Wl,--no-as-needed -Wl,-ldl -Wl,-lm -Wno-unused-command-line-argument -O3 -MT pngpread.lo -MD -MP -MF .deps/pngpread.Tpo -c pngpread.c -o pngpread.o >/dev/null 2>&1
#22 9.912 libtool: compile:  /afl/afl-clang-fast -DHAVE_CONFIG_H -I. -DFUZZING_BUILD_MODE_UNSAFE_FOR_PRODUCTION -pthread -Wl,--no-as-needed -Wl,-ldl -Wl,-lm -Wno-unused-command-line-argument -O3 -MT png.lo -MD -MP -MF .deps/png.Tpo -c png.c -o png.o >/dev/null 2>&1
#22 9.932 libtool: compile:  /afl/afl-clang-fast -DHAVE_CONFIG_H -I. -DFUZZING_BUILD_MODE_UNSAFE_FOR_PRODUCTION -pthread -Wl,--no-as-needed -Wl,-ldl -Wl,-lm -Wno-unused-command-line-argument -O3 -MT pngread.lo -MD -MP -MF .deps/pngread.Tpo -c pngread.c -o pngread.o >/dev/null 2>&1
#22 10.11 libtool: compile:  /afl/afl-clang-fast -DHAVE_CONFIG_H -I. -DFUZZING_BUILD_MODE_UNSAFE_FOR_PRODUCTION -pthread -Wl,--no-as-needed -Wl,-ldl -Wl,-lm -Wno-unused-command-line-argument -O3 -MT pngrutil.lo -MD -MP -MF .deps/pngrutil.Tpo -c pngrutil.c -o pngrutil.o >/dev/null 2>&1
#22 11.17 libtool: compile:  /afl/afl-clang-fast -DHAVE_CONFIG_H -I. -DFUZZING_BUILD_MODE_UNSAFE_FOR_PRODUCTION -pthread -Wl,--no-as-needed -Wl,-ldl -Wl,-lm -Wno-unused-command-line-argument -O3 -MT pngrtran.lo -MD -MP -MF .deps/pngrtran.Tpo -c pngrtran.c -o pngrtran.o >/dev/null 2>&1
#22 13.12 /bin/bash ./libtool  --tag=CC   --mode=link /afl/afl-clang-fast  -DFUZZING_BUILD_MODE_UNSAFE_FOR_PRODUCTION -pthread -Wl,--no-as-needed -Wl,-ldl -Wl,-lm -Wno-unused-command-line-argument -O3 -no-undefined -export-dynamic -version-number 16:40:0  -Wl,--version-script=libpng.vers   -o libpng16.la -rpath /usr/local/lib png.lo pngerror.lo pngget.lo pngmem.lo pngpread.lo pngread.lo pngrio.lo pngrtran.lo pngrutil.lo pngset.lo pngtrans.lo pngwio.lo pngwrite.lo pngwtran.lo pngwutil.lo  mips/mips_init.lo mips/filter_msa_intrinsics.lo intel/intel_init.lo intel/filter_sse2_intrinsics.lo powerpc/powerpc_init.lo powerpc/filter_vsx_intrinsics.lo   -lm -lz 
#22 13.20 libtool: link: /afl/afl-clang-fast -shared  -fPIC -DPIC  .libs/png.o .libs/pngerror.o .libs/pngget.o .libs/pngmem.o .libs/pngpread.o .libs/pngread.o .libs/pngrio.o .libs/pngrtran.o .libs/pngrutil.o .libs/pngset.o .libs/pngtrans.o .libs/pngwio.o .libs/pngwrite.o .libs/pngwtran.o .libs/pngwutil.o mips/.libs/mips_init.o mips/.libs/filter_msa_intrinsics.o intel/.libs/intel_init.o intel/.libs/filter_sse2_intrinsics.o powerpc/.libs/powerpc_init.o powerpc/.libs/filter_vsx_intrinsics.o   -lm -lz  -pthread -Wl,--no-as-needed -Wl,-ldl -Wl,-lm -O3 -Wl,--version-script=libpng.vers   -pthread -Wl,-soname -Wl,libpng16.so.16 -o .libs/libpng16.so.16.40.0
#22 13.26 libtool: link: (cd ".libs" && rm -f "libpng16.so.16" && ln -s "libpng16.so.16.40.0" "libpng16.so.16")
#22 13.26 libtool: link: (cd ".libs" && rm -f "libpng16.so" && ln -s "libpng16.so.16.40.0" "libpng16.so")
#22 13.27 libtool: link: ar cr .libs/libpng16.a  png.o pngerror.o pngget.o pngmem.o pngpread.o pngread.o pngrio.o pngrtran.o pngrutil.o pngset.o pngtrans.o pngwio.o pngwrite.o pngwtran.o pngwutil.o mips/mips_init.o mips/filter_msa_intrinsics.o intel/intel_init.o intel/filter_sse2_intrinsics.o powerpc/powerpc_init.o powerpc/filter_vsx_intrinsics.o
#22 13.28 libtool: link: ranlib .libs/libpng16.a
#22 13.31 libtool: link: ( cd ".libs" && rm -f "libpng16.la" && ln -s "../libpng16.la" "libpng16.la" )
#22 13.31 + /afl/afl-clang-fast++ -DFUZZING_BUILD_MODE_UNSAFE_FOR_PRODUCTION -pthread -Wl,--no-as-needed -Wl,-ldl -Wl,-lm -Wno-unused-command-line-argument -stdlib=libc++ -O3 -std=c++11 -I. /src/libpng/contrib/oss-fuzz/libpng_read_fuzzer.cc -o /out/libpng_read_fuzzer -lFuzzingEngine .libs/libpng16.a -lz
#22 13.83 + find /src/libpng -name '*.png'
#22 13.83 + grep -v crashers
#22 13.83 + xargs zip /out/libpng_read_fuzzer_seed_corpus.zip
#22 13.84   adding: src/libpng/pngtest.png (deflated 0%)
#22 13.84   adding: src/libpng/pngbar.png (stored 0%)
#22 13.84   adding: src/libpng/pngnow.png (deflated 0%)
#22 13.84   adding: src/libpng/contrib/gregbook/toucan.png (deflated 2%)
#22 13.84   adding: src/libpng/contrib/visupng/VisualPng.png (deflated 2%)
#22 13.84   adding: src/libpng/contrib/testpngs/palette-1-1.8-tRNS.png (deflated 3%)
#22 13.84   adding: src/libpng/contrib/testpngs/gray-8-linear-tRNS.png (deflated 2%)
#22 13.84   adding: src/libpng/contrib/testpngs/palette-4-1.8-tRNS.png (deflated 4%)
#22 13.84   adding: src/libpng/contrib/testpngs/gray-4-linear-tRNS.png (deflated 2%)
#22 13.84   adding: src/libpng/contrib/testpngs/rgb-16-linear-tRNS.png (deflated 64%)
#22 13.84   adding: src/libpng/contrib/testpngs/gray-4-linear.png (deflated 2%)
#22 13.84   adding: src/libpng/contrib/testpngs/gray-alpha-8-linear.png (deflated 53%)
#22 13.84   adding: src/libpng/contrib/testpngs/gray-1-sRGB.png (deflated 3%)
#22 13.84   adding: src/libpng/contrib/testpngs/gray-8-sRGB-tRNS.png (deflated 3%)
#22 13.84   adding: src/libpng/contrib/testpngs/palette-8-1.8.png (deflated 14%)
#22 13.84   adding: src/libpng/contrib/testpngs/palette-1-linear-tRNS.png (deflated 2%)
#22 13.84   adding: src/libpng/contrib/testpngs/rgb-16-tRNS.png (deflated 67%)
#22 13.84   adding: src/libpng/contrib/testpngs/gray-16-1.8-tRNS.png (deflated 53%)
#22 13.84   adding: src/libpng/contrib/testpngs/palette-1-sRGB.png (deflated 2%)
#22 13.84   adding: src/libpng/contrib/testpngs/rgb-16-sRGB-tRNS.png (deflated 66%)
#22 13.84   adding: src/libpng/contrib/testpngs/rgb-alpha-16-1.8.png (deflated 68%)
#22 13.84   adding: src/libpng/contrib/testpngs/palette-4.png (deflated 5%)
#22 13.84   adding: src/libpng/contrib/testpngs/palette-8-linear-tRNS.png (deflated 11%)
#22 13.84   adding: src/libpng/contrib/testpngs/gray-4-1.8.png (deflated 2%)
#22 13.84   adding: src/libpng/contrib/testpngs/gray-8-linear.png (deflated 2%)
#22 13.84   adding: src/libpng/contrib/testpngs/palette-2-sRGB-tRNS.png (deflated 4%)
#22 13.84   adding: src/libpng/contrib/testpngs/palette-4-sRGB.png (deflated 6%)
#22 13.84   adding: src/libpng/contrib/testpngs/gray-16.png (deflated 57%)
#22 13.84   adding: src/libpng/contrib/testpngs/gray-alpha-16-sRGB.png (deflated 60%)
#22 13.84   adding: src/libpng/contrib/testpngs/palette-8-tRNS.png (deflated 13%)
#22 13.84   adding: src/libpng/contrib/testpngs/palette-2-linear-tRNS.png (deflated 3%)
#22 13.84   adding: src/libpng/contrib/testpngs/rgb-8.png (deflated 57%)
#22 13.84   adding: src/libpng/contrib/testpngs/palette-8-linear.png (deflated 14%)
#22 13.84   adding: src/libpng/contrib/testpngs/rgb-alpha-16-sRGB.png (deflated 70%)
#22 13.84   adding: src/libpng/contrib/testpngs/gray-alpha-16-linear.png (deflated 57%)
#22 13.84   adding: src/libpng/contrib/testpngs/rgb-alpha-8.png (deflated 61%)
#22 13.84   adding: src/libpng/contrib/testpngs/palette-4-tRNS.png (deflated 4%)
#22 13.84   adding: src/libpng/contrib/testpngs/palette-1.png (deflated 1%)
#22 13.84   adding: src/libpng/contrib/testpngs/gray-4.png (deflated 2%)
#22 13.84   adding: src/libpng/contrib/testpngs/gray-1-tRNS.png (deflated 3%)
#22 13.84   adding: src/libpng/contrib/testpngs/palette-8.png (deflated 15%)
#22 13.84   adding: src/libpng/contrib/testpngs/gray-2-1.8.png (deflated 2%)
#22 13.84   adding: src/libpng/contrib/testpngs/gray-1-sRGB-tRNS.png (deflated 4%)
#22 13.84   adding: src/libpng/contrib/testpngs/palette-2.png (deflated 3%)
#22 13.84   adding: src/libpng/contrib/testpngs/gray-16-sRGB-tRNS.png (deflated 56%)
#22 13.84   adding: src/libpng/contrib/testpngs/gray-8-1.8-tRNS.png (deflated 3%)
#22 13.84   adding: src/libpng/contrib/testpngs/gray-2-linear-tRNS.png (deflated 2%)
#22 13.84   adding: src/libpng/contrib/testpngs/palette-1-sRGB-tRNS.png (deflated 3%)
#22 13.84   adding: src/libpng/contrib/testpngs/gray-alpha-8-1.8.png (deflated 53%)
#22 13.84   adding: src/libpng/contrib/testpngs/gray-2-sRGB.png (deflated 2%)
#22 13.84   adding: src/libpng/contrib/testpngs/gray-1-1.8.png (deflated 3%)
#22 13.84   adding: src/libpng/contrib/testpngs/rgb-16-1.8.png (deflated 64%)
#22 13.84   adding: src/libpng/contrib/testpngs/palette-4-linear-tRNS.png (deflated 4%)
#22 13.84   adding: src/libpng/contrib/testpngs/rgb-16-linear.png (deflated 64%)
#22 13.84   adding: src/libpng/contrib/testpngs/gray-16-linear.png (deflated 53%)
#22 13.84   adding: src/libpng/contrib/testpngs/gray-16-tRNS.png (deflated 57%)
#22 13.84   adding: src/libpng/contrib/testpngs/palette-2-1.8-tRNS.png (deflated 3%)
#22 13.84   adding: src/libpng/contrib/testpngs/palette-2-1.8.png (deflated 4%)
#22 13.84   adding: src/libpng/contrib/testpngs/rgb-alpha-8-sRGB.png (deflated 60%)
#22 13.84   adding: src/libpng/contrib/testpngs/gray-4-sRGB-tRNS.png (deflated 3%)
#22 13.84   adding: src/libpng/contrib/testpngs/gray-2-tRNS.png (deflated 2%)
#22 13.84   adding: src/libpng/contrib/testpngs/palette-8-sRGB-tRNS.png (deflated 12%)
#22 13.84   adding: src/libpng/contrib/testpngs/gray-1.png (deflated 2%)
#22 13.84   adding: src/libpng/contrib/testpngs/palette-1-linear.png (deflated 2%)
#22 13.84   adding: src/libpng/contrib/testpngs/rgb-8-tRNS.png (deflated 56%)
#22 13.84   adding: src/libpng/contrib/testpngs/gray-4-sRGB.png (deflated 3%)
#22 13.84   adding: src/libpng/contrib/testpngs/rgb-alpha-8-linear.png (deflated 57%)
#22 13.84   adding: src/libpng/contrib/testpngs/gray-2-sRGB-tRNS.png (deflated 3%)
#22 13.84   adding: src/libpng/contrib/testpngs/gray-alpha-16.png (deflated 61%)
#22 13.84   adding: src/libpng/contrib/testpngs/gray-2-1.8-tRNS.png (deflated 3%)
#22 13.84   adding: src/libpng/contrib/testpngs/gray-8-1.8.png (deflated 2%)
#22 13.84   adding: src/libpng/contrib/testpngs/gray-16-sRGB.png (deflated 56%)
#22 13.84   adding: src/libpng/contrib/testpngs/palette-4-linear.png (deflated 5%)
#22 13.84   adding: src/libpng/contrib/testpngs/gray-alpha-8-sRGB.png (deflated 56%)
#22 13.84   adding: src/libpng/contrib/testpngs/rgb-8-1.8.png (deflated 53%)
#22 13.84   adding: src/libpng/contrib/testpngs/gray-4-1.8-tRNS.png (deflated 3%)
#22 13.84   adding: src/libpng/contrib/testpngs/gray-8-tRNS.png (deflated 2%)
#22 13.84   adding: src/libpng/contrib/testpngs/palette-8-sRGB.png (deflated 15%)
#22 13.84   adding: src/libpng/contrib/testpngs/rgb-8-sRGB.png (deflated 56%)
#22 13.84   adding: src/libpng/contrib/testpngs/gray-8.png (deflated 2%)
#22 13.84   adding: src/libpng/contrib/testpngs/gray-1-1.8-tRNS.png (deflated 3%)
#22 13.84   adding: src/libpng/contrib/testpngs/palette-2-linear.png (deflated 3%)
#22 13.84   adding: src/libpng/contrib/testpngs/gray-1-linear.png (deflated 2%)
#22 13.84   adding: src/libpng/contrib/testpngs/palette-4-1.8.png (deflated 5%)
#22 13.84   adding: src/libpng/contrib/testpngs/rgb-8-1.8-tRNS.png (deflated 53%)
#22 13.84   adding: src/libpng/contrib/testpngs/gray-1-linear-tRNS.png (deflated 3%)
#22 13.84   adding: src/libpng/contrib/testpngs/rgb-alpha-16-linear.png (deflated 68%)
#22 13.84   adding: src/libpng/contrib/testpngs/gray-alpha-8.png (deflated 57%)
#22 13.84   adding: src/libpng/contrib/testpngs/gray-4-tRNS.png (deflated 2%)
#22 13.84   adding: src/libpng/contrib/testpngs/palette-2-tRNS.png (deflated 3%)
#22 13.84   adding: src/libpng/contrib/testpngs/rgb-8-linear.png (deflated 53%)
#22 13.84   adding: src/libpng/contrib/testpngs/gray-alpha-16-1.8.png (deflated 57%)
#22 13.84   adding: src/libpng/contrib/testpngs/rgb-8-sRGB-tRNS.png (deflated 56%)
#22 13.84   adding: src/libpng/contrib/testpngs/gray-16-linear-tRNS.png (deflated 53%)
#22 13.84   adding: src/libpng/contrib/testpngs/gray-2.png (deflated 2%)
#22 13.84   adding: src/libpng/contrib/testpngs/palette-2-sRGB.png (deflated 3%)
#22 13.84   adding: src/libpng/contrib/testpngs/rgb-16-1.8-tRNS.png (deflated 64%)
#22 13.85   adding: src/libpng/contrib/testpngs/palette-8-1.8-tRNS.png (deflated 12%)
#22 13.85   adding: src/libpng/contrib/testpngs/rgb-alpha-8-1.8.png (deflated 57%)
#22 13.85   adding: src/libpng/contrib/testpngs/rgb-16.png (deflated 67%)
#22 13.85   adding: src/libpng/contrib/testpngs/palette-1-tRNS.png (deflated 2%)
#22 13.85   adding: src/libpng/contrib/testpngs/rgb-16-sRGB.png (deflated 66%)
#22 13.85   adding: src/libpng/contrib/testpngs/gray-2-linear.png (deflated 2%)
#22 13.85   adding: src/libpng/contrib/testpngs/rgb-alpha-16.png (deflated 71%)
#22 13.85   adding: src/libpng/contrib/testpngs/rgb-8-linear-tRNS.png (deflated 53%)
#22 13.85   adding: src/libpng/contrib/testpngs/gray-8-sRGB.png (deflated 3%)
#22 13.85   adding: src/libpng/contrib/testpngs/palette-4-sRGB-tRNS.png (deflated 5%)
#22 13.85   adding: src/libpng/contrib/testpngs/gray-16-1.8.png (deflated 53%)
#22 13.85   adding: src/libpng/contrib/testpngs/palette-1-1.8.png (deflated 2%)
#22 13.85   adding: src/libpng/contrib/pngsuite/basn3p01.png (deflated 6%)
#22 13.85   adding: src/libpng/contrib/pngsuite/basn0g08.png (deflated 4%)
#22 13.85   adding: src/libpng/contrib/pngsuite/ftbrn2c08.png (stored 0%)
#22 13.85   adding: src/libpng/contrib/pngsuite/ftbbn3p08.png (deflated 1%)
#22 13.85   adding: src/libpng/contrib/pngsuite/interlaced/ibasn3p02.png (deflated 4%)
#22 13.85   adding: src/libpng/contrib/pngsuite/interlaced/ibasn0g04.png (stored 0%)
#22 13.85   adding: src/libpng/contrib/pngsuite/interlaced/ibasn0g02.png (deflated 1%)
#22 13.85   adding: src/libpng/contrib/pngsuite/interlaced/iftbbn0g02.png (stored 0%)
#22 13.85   adding: src/libpng/contrib/pngsuite/interlaced/iftbbn0g01.png (stored 0%)
#22 13.85   adding: src/libpng/contrib/pngsuite/interlaced/ibasn0g01.png (stored 0%)
#22 13.85   adding: src/libpng/contrib/pngsuite/interlaced/ibasn3p04.png (deflated 0%)
#22 13.85   adding: src/libpng/contrib/pngsuite/interlaced/iftbbn0g04.png (stored 0%)
#22 13.85   adding: src/libpng/contrib/pngsuite/interlaced/ibasn3p01.png (deflated 3%)
#22 13.85   adding: src/libpng/contrib/pngsuite/iftbgn3p08.png (deflated 0%)
#22 13.85   adding: src/libpng/contrib/pngsuite/ftbbn0g01.png (deflated 4%)
#22 13.85   adding: src/libpng/contrib/pngsuite/ibasn2c16.png (stored 0%)
#22 13.85   adding: src/libpng/contrib/pngsuite/ftbyn3p08.png (deflated 1%)
#22 13.85   adding: src/libpng/contrib/pngsuite/iftp0n0g08.png (stored 0%)
#22 13.85   adding: src/libpng/contrib/pngsuite/basn3p08.png (deflated 15%)
#22 13.85   adding: src/libpng/contrib/pngsuite/ftbwn3p08.png (deflated 1%)
#22 13.85   adding: src/libpng/contrib/pngsuite/ftbgn3p08.png (deflated 1%)
#22 13.85   adding: src/libpng/contrib/pngsuite/basn2c08.png (deflated 2%)
#22 13.85   adding: src/libpng/contrib/pngsuite/iftbrn2c08.png (stored 0%)
#22 13.85   adding: src/libpng/contrib/pngsuite/basn6a08.png (deflated 1%)
#22 13.85   adding: src/libpng/contrib/pngsuite/ibasn6a08.png (stored 0%)
#22 13.85   adding: src/libpng/contrib/pngsuite/ftbbn0g02.png (deflated 3%)
#22 13.85   adding: src/libpng/contrib/pngsuite/basn0g04.png (deflated 3%)
#22 13.85   adding: src/libpng/contrib/pngsuite/ftbwn0g16.png (stored 0%)
#22 13.85   adding: src/libpng/contrib/pngsuite/iftbgn2c16.png (deflated 4%)
#22 13.85   adding: src/libpng/contrib/pngsuite/ftp1n3p08.png (deflated 1%)
#22 13.85   adding: src/libpng/contrib/pngsuite/iftbyn3p08.png (deflated 0%)
#22 13.85   adding: src/libpng/contrib/pngsuite/iftp0n3p08.png (deflated 0%)
#22 13.85   adding: src/libpng/contrib/pngsuite/iftp0n2c08.png (stored 0%)
#22 13.85   adding: src/libpng/contrib/pngsuite/iftbbn3p08.png (deflated 0%)
#22 13.85   adding: src/libpng/contrib/pngsuite/basn4a08.png (deflated 3%)
#22 13.85   adding: src/libpng/contrib/pngsuite/iftbbn2c16.png (deflated 4%)
#22 13.85   adding: src/libpng/contrib/pngsuite/basn3p02.png (deflated 7%)
#22 13.85   adding: src/libpng/contrib/pngsuite/iftbwn3p08.png (deflated 0%)
#22 13.85   adding: src/libpng/contrib/pngsuite/ibasn0g08.png (stored 0%)
#22 13.85   adding: src/libpng/contrib/pngsuite/ibasn3p08.png (deflated 21%)
#22 13.85   adding: src/libpng/contrib/pngsuite/basn0g02.png (deflated 7%)
#22 13.85   adding: src/libpng/contrib/pngsuite/ftbbn0g04.png (stored 0%)
#22 13.85   adding: src/libpng/contrib/pngsuite/ibasn0g16.png (deflated 1%)
#22 13.85   adding: src/libpng/contrib/pngsuite/ibasn6a16.png (stored 0%)
#22 13.85   adding: src/libpng/contrib/pngsuite/basn0g01.png (deflated 3%)
#22 13.85   adding: src/libpng/contrib/pngsuite/basn6a16.png (deflated 0%)
#22 13.85   adding: src/libpng/contrib/pngsuite/iftbwn0g16.png (stored 0%)
#22 13.85   adding: src/libpng/contrib/pngsuite/ftp0n0g08.png (stored 0%)
#22 13.85   adding: src/libpng/contrib/pngsuite/ibasn4a08.png (stored 0%)
#22 13.85   adding: src/libpng/contrib/pngsuite/ftp0n3p08.png (deflated 1%)
#22 13.85   adding: src/libpng/contrib/pngsuite/basn0g16.png (deflated 2%)
#22 13.85   adding: src/libpng/contrib/pngsuite/ibasn4a16.png (stored 0%)
#22 13.85   adding: src/libpng/contrib/pngsuite/basn3p04.png (deflated 4%)
#22 13.85   adding: src/libpng/contrib/pngsuite/ftbbn2c16.png (stored 0%)
#22 13.85   adding: src/libpng/contrib/pngsuite/ftp0n2c08.png (stored 0%)
#22 13.85   adding: src/libpng/contrib/pngsuite/ftbgn2c16.png (stored 0%)
#22 13.85   adding: src/libpng/contrib/pngsuite/iftp1n3p08.png (deflated 0%)
#22 13.85   adding: src/libpng/contrib/pngsuite/basn4a16.png (stored 0%)
#22 13.85   adding: src/libpng/contrib/pngsuite/basn2c16.png (stored 0%)
#22 13.85   adding: src/libpng/contrib/pngsuite/ibasn2c08.png (stored 0%)
#22 13.85 + cp /src/libpng/contrib/oss-fuzz/png.dict /src/libpng/contrib/oss-fuzz/libpng_read_fuzzer.options /out/
#22 14.06 Re-building benchmark for CmpLog fuzzing target
#22 14.06 Building benchmark libpng_libpng_read_fuzzer with fuzzer aflmmbb
#22 14.06 + cat scripts/pnglibconf.dfa
#22 14.06 + sed -e 's/option STDIO/option STDIO disabled/' -e 's/option WARNING /option WARNING disabled/' -e 's/option WRITE enables WRITE_INT_FUNCTIONS/option WRITE disabled/'
#22 14.06 + mv scripts/pnglibconf.dfa.temp scripts/pnglibconf.dfa
#22 14.07 + autoreconf -f -i
#22 16.72 libtoolize: putting auxiliary files in '.'.
#22 16.72 libtoolize: copying file './ltmain.sh'
#22 16.75 libtoolize: putting macros in AC_CONFIG_MACRO_DIRS, 'scripts'.
#22 16.75 libtoolize: copying file 'scripts/libtool.m4'
#22 16.76 libtoolize: copying file 'scripts/ltoptions.m4'
#22 16.78 libtoolize: copying file 'scripts/ltsugar.m4'
#22 16.79 libtoolize: copying file 'scripts/ltversion.m4'
#22 16.81 libtoolize: copying file 'scripts/lt~obsolete.m4'
#22 18.85 configure.ac:61: installing './compile'
#22 18.87 configure.ac:37: installing './missing'
#22 18.89 Makefile.am: installing './depcomp'
#22 18.95 + ./configure --with-libpng-prefix=OSS_FUZZ_
#22 19.09 checking for a BSD-compatible install... /usr/bin/install -c
#22 19.10 checking whether build environment is sane... yes
#22 19.11 checking for a thread-safe mkdir -p... /usr/bin/mkdir -p
#22 19.11 checking for gawk... no
#22 19.11 checking for mawk... mawk
#22 19.11 checking whether make sets $(MAKE)... yes
#22 19.12 checking whether make supports nested variables... yes
#22 19.13 checking whether to enable maintainer-specific portions of Makefiles... no
#22 19.13 checking for gcc... /afl/afl-clang-fast
#22 19.18 checking whether the C compiler works... yes
#22 19.23 checking for C compiler default output file name... a.out
#22 19.23 checking for suffix of executables... 
#22 19.29 checking whether we are cross compiling... no
#22 19.34 checking for suffix of object files... o
#22 19.36 checking whether we are using the GNU C compiler... yes
#22 19.39 checking whether /afl/afl-clang-fast accepts -g... yes
#22 19.41 checking for /afl/afl-clang-fast option to accept ISO C89... none needed
#22 19.44 checking whether /afl/afl-clang-fast understands -c and -o together... yes
#22 19.48 checking whether make supports the include directive... yes (GNU style)
#22 19.49 checking dependency style of /afl/afl-clang-fast... gcc3
#22 19.52 checking dependency style of /afl/afl-clang-fast... gcc3
#22 19.57 checking build system type... x86_64-pc-linux-gnu
#22 19.62 checking host system type... x86_64-pc-linux-gnu
#22 19.62 checking for a sed that does not truncate output... /usr/bin/sed
#22 19.62 checking for grep that handles long lines and -e... /usr/bin/grep
#22 19.63 checking for egrep... /usr/bin/grep -E
#22 19.63 checking for fgrep... /usr/bin/grep -F
#22 19.63 checking how to print strings... printf
#22 19.66 checking for ld used by /afl/afl-clang-fast... /usr/bin/ld
#22 19.68 checking if the linker (/usr/bin/ld) is GNU ld... yes
#22 19.68 checking how to run the C preprocessor... /afl/afl-clang-fast -E
#22 19.75 checking for gawk... (cached) mawk
#22 19.75 checking whether ln -s works... yes
#22 19.75 checking whether make sets $(MAKE)... (cached) yes
#22 19.75 checking for BSD- or MS-compatible name lister (nm)... /usr/bin/nm -B
#22 19.75 checking the name lister (/usr/bin/nm -B) interface... BSD nm
#22 19.78 checking the maximum length of command line arguments... 1572864
#22 19.79 checking how to convert x86_64-pc-linux-gnu file names to x86_64-pc-linux-gnu format... func_convert_file_noop
#22 19.79 checking how to convert x86_64-pc-linux-gnu file names to toolchain format... func_convert_file_noop
#22 19.79 checking for /usr/bin/ld option to reload object files... -r
#22 19.79 checking for objdump... objdump
#22 19.79 checking how to recognize dependent libraries... pass_all
#22 19.79 checking for dlltool... no
#22 19.79 checking how to associate runtime and link libraries... printf %s\n
#22 19.79 checking for ar... ar
#22 19.79 checking for archiver @FILE support... @
#22 19.82 checking for strip... strip
#22 19.82 checking for ranlib... ranlib
#22 19.82 checking command to parse /usr/bin/nm -B output from /afl/afl-clang-fast object... ok
#22 19.91 checking for sysroot... no
#22 19.91 checking for a working dd... /usr/bin/dd
#22 19.92 checking how to truncate binary pipes... /usr/bin/dd bs=4096 count=1
#22 19.94 checking for mt... mt
#22 19.94 checking if mt is a manifest tool... no
#22 19.94 checking for ANSI C header files... yes
#22 20.08 checking for sys/types.h... yes
#22 20.11 checking for sys/stat.h... yes
#22 20.14 checking for stdlib.h... yes
#22 20.18 checking for string.h... yes
#22 20.21 checking for memory.h... yes
#22 20.25 checking for strings.h... yes
#22 20.28 checking for inttypes.h... yes
#22 20.32 checking for stdint.h... yes
#22 20.35 checking for unistd.h... yes
#22 20.39 checking for dlfcn.h... yes
#22 20.42 checking for objdir... .libs
#22 20.51 checking if /afl/afl-clang-fast supports -fno-rtti -fno-exceptions... yes
#22 20.53 checking for /afl/afl-clang-fast option to produce PIC... -fPIC -DPIC
#22 20.53 checking if /afl/afl-clang-fast PIC flag -fPIC -DPIC works... yes
#22 20.55 checking if /afl/afl-clang-fast static flag -static works... yes
#22 20.63 checking if /afl/afl-clang-fast supports -c -o file.o... yes
#22 20.67 checking if /afl/afl-clang-fast supports -c -o file.o... (cached) yes
#22 20.67 checking whether the /afl/afl-clang-fast linker (/usr/bin/ld -m elf_x86_64) supports shared libraries... yes
#22 20.69 checking whether -lc should be explicitly linked in... no
#22 20.72 checking dynamic linker characteristics... GNU/Linux ld.so
#22 20.81 checking how to hardcode library paths into programs... immediate
#22 20.81 checking whether stripping libraries is possible... yes
#22 20.81 checking if libtool supports shared libraries... yes
#22 20.81 checking whether to build shared libraries... yes
#22 20.81 checking whether to build static libraries... yes
#22 20.81 checking that AWK works... ok
#22 20.82 checking if we need to force back C standard to C89... no
#22 20.84 checking whether struct tm is in sys/time.h or time.h... time.h
#22 20.87 checking for C/C++ restrict keyword... __restrict
#22 20.89 checking for pow... yes
#22 20.95 checking for clock_gettime... yes
#22 21.01 checking for zlibVersion in -lz... yes
#22 21.06 checking for feenableexcept in -lm... yes
#22 21.12 checking for feenableexcept... yes
#22 21.17 checking if using Solaris linker... no
#22 21.18 checking if libraries can be versioned... yes
#22 21.18 checking for symbol prefix... 
#22 21.19 configure: pkgconfig directory is ${libdir}/pkgconfig
#22 21.19 configure: Extra options for compiler: 
#22 21.22 checking that generated files are newer than configure... done
#22 21.22 configure: creating ./config.status
#22 21.81 config.status: creating Makefile
#22 21.82 config.status: creating libpng.pc
#22 21.83 config.status: creating libpng-config
#22 21.85 config.status: creating config.h
#22 21.86 config.status: executing depfiles commands
#22 22.03 config.status: executing libtool commands
#22 22.07 ++ nproc
#22 22.07 + make -j128 clean
#22 22.07 test -z "*.tf? pngout.png libpng16.pc libpng16-config libpng.vers libpng.sym check.new pnglibconf.h pngprefix.h symbols.new pngtest-log.txt pnglibconf.out pnglibconf.c pnglibconf.pre pnglibconf.dfn scripts/*.out scripts/*.chk" || rm -f *.tf? pngout.png libpng16.pc libpng16-config libpng.vers libpng.sym check.new pnglibconf.h pngprefix.h symbols.new pngtest-log.txt pnglibconf.out pnglibconf.c pnglibconf.pre pnglibconf.dfn scripts/*.out scripts/*.chk
#22 22.08 test -z "libpng16.la" || rm -f libpng16.la
#22 22.08 rm -rf .libs _libs
#22 22.08 rm -f *.o
#22 22.08 test -z "tests/pngtest-all.log tests/pngvalid-gamma-16-to-8.log tests/pngvalid-gamma-alpha-mode.log tests/pngvalid-gamma-background.log tests/pngvalid-gamma-expand16-alpha-mode.log tests/pngvalid-gamma-expand16-background.log tests/pngvalid-gamma-expand16-transform.log tests/pngvalid-gamma-sbit.log tests/pngvalid-gamma-threshold.log tests/pngvalid-gamma-transform.log tests/pngvalid-progressive-size.log tests/pngvalid-progressive-interlace-standard.log tests/pngvalid-transform.log tests/pngvalid-progressive-standard.log tests/pngvalid-standard.log tests/pngstest-1.8.log tests/pngstest-1.8-alpha.log tests/pngstest-linear.log tests/pngstest-linear-alpha.log tests/pngstest-none.log tests/pngstest-none-alpha.log tests/pngstest-sRGB.log tests/pngstest-sRGB-alpha.log tests/pngunknown-IDAT.log tests/pngunknown-discard.log tests/pngunknown-if-safe.log tests/pngunknown-sAPI.log tests/pngunknown-sTER.log tests/pngunknown-save.log tests/pngunknown-vpAg.log tests/pngimage-quick.log tests/pngimage-full.log" || rm -f tests/pngtest-all.log tests/pngvalid-gamma-16-to-8.log tests/pngvalid-gamma-alpha-mode.log tests/pngvalid-gamma-background.log tests/pngvalid-gamma-expand16-alpha-mode.log tests/pngvalid-gamma-expand16-background.log tests/pngvalid-gamma-expand16-transform.log tests/pngvalid-gamma-sbit.log tests/pngvalid-gamma-threshold.log tests/pngvalid-gamma-transform.log tests/pngvalid-progressive-size.log tests/pngvalid-progressive-interlace-standard.log tests/pngvalid-transform.log tests/pngvalid-progressive-standard.log tests/pngvalid-standard.log tests/pngstest-1.8.log tests/pngstest-1.8-alpha.log tests/pngstest-linear.log tests/pngstest-linear-alpha.log tests/pngstest-none.log tests/pngstest-none-alpha.log tests/pngstest-sRGB.log tests/pngstest-sRGB-alpha.log tests/pngunknown-IDAT.log tests/pngunknown-discard.log tests/pngunknown-if-safe.log tests/pngunknown-sAPI.log tests/pngunknown-sTER.log tests/pngunknown-save.log tests/pngunknown-vpAg.log tests/pngimage-quick.log tests/pngimage-full.log
#22 22.08 rm -f *.lo
#22 22.08  rm -f pngfix png-fix-itxt
#22 22.08  rm -f pngtest pngunknown pngstest pngvalid pngimage pngcp timepng
#22 22.08 rm -rf arm/.libs arm/_libs
#22 22.08 rm -f arm/*.o
#22 22.08 test -z "tests/pngtest-all.trs tests/pngvalid-gamma-16-to-8.trs tests/pngvalid-gamma-alpha-mode.trs tests/pngvalid-gamma-background.trs tests/pngvalid-gamma-expand16-alpha-mode.trs tests/pngvalid-gamma-expand16-background.trs tests/pngvalid-gamma-expand16-transform.trs tests/pngvalid-gamma-sbit.trs tests/pngvalid-gamma-threshold.trs tests/pngvalid-gamma-transform.trs tests/pngvalid-progressive-size.trs tests/pngvalid-progressive-interlace-standard.trs tests/pngvalid-transform.trs tests/pngvalid-progressive-standard.trs tests/pngvalid-standard.trs tests/pngstest-1.8.trs tests/pngstest-1.8-alpha.trs tests/pngstest-linear.trs tests/pngstest-linear-alpha.trs tests/pngstest-none.trs tests/pngstest-none-alpha.trs tests/pngstest-sRGB.trs tests/pngstest-sRGB-alpha.trs tests/pngunknown-IDAT.trs tests/pngunknown-discard.trs tests/pngunknown-if-safe.trs tests/pngunknown-sAPI.trs tests/pngunknown-sTER.trs tests/pngunknown-save.trs tests/pngunknown-vpAg.trs tests/pngimage-quick.trs tests/pngimage-full.trs" || rm -f tests/pngtest-all.trs tests/pngvalid-gamma-16-to-8.trs tests/pngvalid-gamma-alpha-mode.trs tests/pngvalid-gamma-background.trs tests/pngvalid-gamma-expand16-alpha-mode.trs tests/pngvalid-gamma-expand16-background.trs tests/pngvalid-gamma-expand16-transform.trs tests/pngvalid-gamma-sbit.trs tests/pngvalid-gamma-threshold.trs tests/pngvalid-gamma-transform.trs tests/pngvalid-progressive-size.trs tests/pngvalid-progressive-interlace-standard.trs tests/pngvalid-transform.trs tests/pngvalid-progressive-standard.trs tests/pngvalid-standard.trs tests/pngstest-1.8.trs tests/pngstest-1.8-alpha.trs tests/pngstest-linear.trs tests/pngstest-linear-alpha.trs tests/pngstest-none.trs tests/pngstest-none-alpha.trs tests/pngstest-sRGB.trs tests/pngstest-sRGB-alpha.trs tests/pngunknown-IDAT.trs tests/pngunknown-discard.trs tests/pngunknown-if-safe.trs tests/pngunknown-sAPI.trs tests/pngunknown-sTER.trs tests/pngunknown-save.trs tests/pngunknown-vpAg.trs tests/pngimage-quick.trs tests/pngimage-full.trs
#22 22.08 rm -rf intel/.libs intel/_libs
#22 22.08 rm -f arm/*.lo
#22 22.08 test -z "test-suite.log" || rm -f test-suite.log
#22 22.08 rm -rf mips/.libs mips/_libs
#22 22.08 rm -f ./so_locations
#22 22.08 rm -f contrib/libtests/*.o
#22 22.08 rm -rf powerpc/.libs powerpc/_libs
#22 22.08 rm -f contrib/tools/*.o
#22 22.09 rm -f intel/*.o
#22 22.09 rm -f intel/*.lo
#22 22.09 rm -f mips/*.o
#22 22.09 rm -f mips/*.lo
#22 22.09 rm -f powerpc/*.o
#22 22.10 rm -f powerpc/*.lo
#22 22.10 ++ nproc
#22 22.10 + make -j128 libpng16.la
#22 22.10 rm -f pnglibconf.c pnglibconf.tf[45]
#22 22.11 mawk -f ./scripts/options.awk out=pnglibconf.tf4 version=search\
#22 22.11     ./pngconf.h ./scripts/pnglibconf.dfa\
#22 22.11     ./pngusr.dfa  1>&2
#22 22.11 mawk -f ./scripts/options.awk out=pnglibconf.tf5 pnglibconf.tf4 1>&2
#22 22.12 rm pnglibconf.tf4
#22 22.12 mv pnglibconf.tf5 pnglibconf.c
#22 22.12 rm -f pnglibconf.out pnglibconf.tf[12]
#22 22.12 test -d scripts || mkdir scripts || test -d scripts
#22 22.12 /afl/afl-clang-fast -E -DHAVE_CONFIG_H -I. \
#22 22.12      -DPNGLIB_LIBNAME='PNG16_0' -DPNGLIB_VERSION='1.6.40.git' -DSYMBOL_PREFIX='' -DPNG_NO_USE_READ_MACROS -DPNG_BUILDING_SYMBOL_TABLE -DPNG_PREFIX='OSS_FUZZ_' pnglibconf.c > pnglibconf.tf1
#22 22.14 mawk -f "./scripts/dfn.awk" out="pnglibconf.tf2" pnglibconf.tf1 1>&2
#22 22.15 rm -f pnglibconf.tf1
#22 22.15 mv pnglibconf.tf2 pnglibconf.out
#22 22.15 rm -f scripts/prefix.out scripts/prefix.tf[12]
#22 22.16 test -d scripts || mkdir scripts || test -d scripts
#22 22.16 /afl/afl-clang-fast -E -DHAVE_CONFIG_H -I. \
#22 22.16      -DPNGLIB_LIBNAME='PNG16_0' -DPNGLIB_VERSION='1.6.40.git' -DSYMBOL_PREFIX='' -DPNG_NO_USE_READ_MACROS -DPNG_BUILDING_SYMBOL_TABLE -DPNG_PREFIX='OSS_FUZZ_' scripts/prefix.c > scripts/prefix.tf1
#22 22.17 mawk -f "./scripts/dfn.awk" out="scripts/prefix.tf2" scripts/prefix.tf1 1>&2
#22 22.18 rm -f scripts/prefix.tf1
#22 22.18 mv scripts/prefix.tf2 scripts/prefix.out
#22 22.18 rm -f pnglibconf.h
#22 22.18 mawk 's==0 && NR>1{print prev}\
#22 22.18    s==0{prev=$0}\
#22 22.18    s==1{print "#define", $1, "OSS_FUZZ_" $1}\
#22 22.18    s==2{print "#define OSS_FUZZ_png_" $1, "PNG_" $1}\
#22 22.18    END{print prev}' s=0 pnglibconf.out s=1 scripts/prefix.out\
#22 22.18    s=2 ./scripts/macro.lst >pnglibconf.tf8
#22 22.19 mv pnglibconf.tf8 pnglibconf.h
#22 22.19 rm -f scripts/intprefix.out scripts/intprefix.tf[12]
#22 22.19 rm -f scripts/vers.out scripts/vers.tf[12]
#22 22.19 test -d scripts || mkdir scripts || test -d scripts
#22 22.19 test -d scripts || mkdir scripts || test -d scripts
#22 22.19 /afl/afl-clang-fast -E -DHAVE_CONFIG_H -I. \
#22 22.19      -DPNGLIB_LIBNAME='PNG16_0' -DPNGLIB_VERSION='1.6.40.git' -DSYMBOL_PREFIX='' -DPNG_NO_USE_READ_MACROS -DPNG_BUILDING_SYMBOL_TABLE -DPNG_PREFIX='OSS_FUZZ_' scripts/intprefix.c > scripts/intprefix.tf1
#22 22.19 /afl/afl-clang-fast -E -DHAVE_CONFIG_H -I. \
#22 22.19      -DPNGLIB_LIBNAME='PNG16_0' -DPNGLIB_VERSION='1.6.40.git' -DSYMBOL_PREFIX='' -DPNG_NO_USE_READ_MACROS -DPNG_BUILDING_SYMBOL_TABLE -DPNG_PREFIX='OSS_FUZZ_' scripts/vers.c > scripts/vers.tf1
#22 22.21 mawk -f "./scripts/dfn.awk" out="scripts/vers.tf2" scripts/vers.tf1 1>&2
#22 22.21 rm -f scripts/vers.tf1
#22 22.21 mv scripts/vers.tf2 scripts/vers.out
#22 22.22 rm -f libpng.vers
#22 22.22 mawk -f "./scripts/dfn.awk" out="scripts/intprefix.tf2" scripts/intprefix.tf1 1>&2
#22 22.22 cp scripts/vers.out libpng.vers
#22 22.22 rm -f scripts/intprefix.tf1
#22 22.22 mv scripts/intprefix.tf2 scripts/intprefix.out
#22 22.23 rm -f pngprefix.tf1
#22 22.23 mawk '{print "#define", $1, "OSS_FUZZ_" $1}' scripts/intprefix.out >pngprefix.tf1
#22 22.23 mv pngprefix.tf1 pngprefix.h
#22 22.23 depbase=`echo png.lo | sed 's|[^/]*$|.deps/&|;s|\.lo$||'`;\
#22 22.23 /bin/bash ./libtool  --tag=CC   --mode=compile /afl/afl-clang-fast -DHAVE_CONFIG_H -I.     -DFUZZING_BUILD_MODE_UNSAFE_FOR_PRODUCTION -pthread -Wl,--no-as-needed -Wl,-ldl -Wl,-lm -Wno-unused-command-line-argument -O3 -MT png.lo -MD -MP -MF $depbase.Tpo -c -o png.lo png.c &&\
#22 22.23 mv -f $depbase.Tpo $depbase.Plo
#22 22.23 depbase=`echo pngerror.lo | sed 's|[^/]*$|.deps/&|;s|\.lo$||'`;\
#22 22.23 /bin/bash ./libtool  --tag=CC   --mode=compile /afl/afl-clang-fast -DHAVE_CONFIG_H -I.     -DFUZZING_BUILD_MODE_UNSAFE_FOR_PRODUCTION -pthread -Wl,--no-as-needed -Wl,-ldl -Wl,-lm -Wno-unused-command-line-argument -O3 -MT pngerror.lo -MD -MP -MF $depbase.Tpo -c -o pngerror.lo pngerror.c &&\
#22 22.23 mv -f $depbase.Tpo $depbase.Plo
#22 22.23 depbase=`echo pngget.lo | sed 's|[^/]*$|.deps/&|;s|\.lo$||'`;\
#22 22.23 /bin/bash ./libtool  --tag=CC   --mode=compile /afl/afl-clang-fast -DHAVE_CONFIG_H -I.     -DFUZZING_BUILD_MODE_UNSAFE_FOR_PRODUCTION -pthread -Wl,--no-as-needed -Wl,-ldl -Wl,-lm -Wno-unused-command-line-argument -O3 -MT pngget.lo -MD -MP -MF $depbase.Tpo -c -o pngget.lo pngget.c &&\
#22 22.23 mv -f $depbase.Tpo $depbase.Plo
#22 22.23 depbase=`echo pngmem.lo | sed 's|[^/]*$|.deps/&|;s|\.lo$||'`;\
#22 22.23 /bin/bash ./libtool  --tag=CC   --mode=compile /afl/afl-clang-fast -DHAVE_CONFIG_H -I.     -DFUZZING_BUILD_MODE_UNSAFE_FOR_PRODUCTION -pthread -Wl,--no-as-needed -Wl,-ldl -Wl,-lm -Wno-unused-command-line-argument -O3 -MT pngmem.lo -MD -MP -MF $depbase.Tpo -c -o pngmem.lo pngmem.c &&\
#22 22.23 mv -f $depbase.Tpo $depbase.Plo
#22 22.24 depbase=`echo pngpread.lo | sed 's|[^/]*$|.deps/&|;s|\.lo$||'`;\
#22 22.24 /bin/bash ./libtool  --tag=CC   --mode=compile /afl/afl-clang-fast -DHAVE_CONFIG_H -I.     -DFUZZING_BUILD_MODE_UNSAFE_FOR_PRODUCTION -pthread -Wl,--no-as-needed -Wl,-ldl -Wl,-lm -Wno-unused-command-line-argument -O3 -MT pngpread.lo -MD -MP -MF $depbase.Tpo -c -o pngpread.lo pngpread.c &&\
#22 22.24 mv -f $depbase.Tpo $depbase.Plo
#22 22.24 depbase=`echo pngread.lo | sed 's|[^/]*$|.deps/&|;s|\.lo$||'`;\
#22 22.24 /bin/bash ./libtool  --tag=CC   --mode=compile /afl/afl-clang-fast -DHAVE_CONFIG_H -I.     -DFUZZING_BUILD_MODE_UNSAFE_FOR_PRODUCTION -pthread -Wl,--no-as-needed -Wl,-ldl -Wl,-lm -Wno-unused-command-line-argument -O3 -MT pngread.lo -MD -MP -MF $depbase.Tpo -c -o pngread.lo pngread.c &&\
#22 22.24 mv -f $depbase.Tpo $depbase.Plo
#22 22.24 depbase=`echo pngrio.lo | sed 's|[^/]*$|.deps/&|;s|\.lo$||'`;\
#22 22.24 /bin/bash ./libtool  --tag=CC   --mode=compile /afl/afl-clang-fast -DHAVE_CONFIG_H -I.     -DFUZZING_BUILD_MODE_UNSAFE_FOR_PRODUCTION -pthread -Wl,--no-as-needed -Wl,-ldl -Wl,-lm -Wno-unused-command-line-argument -O3 -MT pngrio.lo -MD -MP -MF $depbase.Tpo -c -o pngrio.lo pngrio.c &&\
#22 22.24 mv -f $depbase.Tpo $depbase.Plo
#22 22.24 depbase=`echo pngrtran.lo | sed 's|[^/]*$|.deps/&|;s|\.lo$||'`;\
#22 22.24 /bin/bash ./libtool  --tag=CC   --mode=compile /afl/afl-clang-fast -DHAVE_CONFIG_H -I.     -DFUZZING_BUILD_MODE_UNSAFE_FOR_PRODUCTION -pthread -Wl,--no-as-needed -Wl,-ldl -Wl,-lm -Wno-unused-command-line-argument -O3 -MT pngrtran.lo -MD -MP -MF $depbase.Tpo -c -o pngrtran.lo pngrtran.c &&\
#22 22.24 mv -f $depbase.Tpo $depbase.Plo
#22 22.24 depbase=`echo pngrutil.lo | sed 's|[^/]*$|.deps/&|;s|\.lo$||'`;\
#22 22.24 /bin/bash ./libtool  --tag=CC   --mode=compile /afl/afl-clang-fast -DHAVE_CONFIG_H -I.     -DFUZZING_BUILD_MODE_UNSAFE_FOR_PRODUCTION -pthread -Wl,--no-as-needed -Wl,-ldl -Wl,-lm -Wno-unused-command-line-argument -O3 -MT pngrutil.lo -MD -MP -MF $depbase.Tpo -c -o pngrutil.lo pngrutil.c &&\
#22 22.24 mv -f $depbase.Tpo $depbase.Plo
#22 22.24 depbase=`echo pngset.lo | sed 's|[^/]*$|.deps/&|;s|\.lo$||'`;\
#22 22.24 /bin/bash ./libtool  --tag=CC   --mode=compile /afl/afl-clang-fast -DHAVE_CONFIG_H -I.     -DFUZZING_BUILD_MODE_UNSAFE_FOR_PRODUCTION -pthread -Wl,--no-as-needed -Wl,-ldl -Wl,-lm -Wno-unused-command-line-argument -O3 -MT pngset.lo -MD -MP -MF $depbase.Tpo -c -o pngset.lo pngset.c &&\
#22 22.24 mv -f $depbase.Tpo $depbase.Plo
#22 22.24 depbase=`echo pngtrans.lo | sed 's|[^/]*$|.deps/&|;s|\.lo$||'`;\
#22 22.24 /bin/bash ./libtool  --tag=CC   --mode=compile /afl/afl-clang-fast -DHAVE_CONFIG_H -I.     -DFUZZING_BUILD_MODE_UNSAFE_FOR_PRODUCTION -pthread -Wl,--no-as-needed -Wl,-ldl -Wl,-lm -Wno-unused-command-line-argument -O3 -MT pngtrans.lo -MD -MP -MF $depbase.Tpo -c -o pngtrans.lo pngtrans.c &&\
#22 22.24 mv -f $depbase.Tpo $depbase.Plo
#22 22.24 depbase=`echo pngwio.lo | sed 's|[^/]*$|.deps/&|;s|\.lo$||'`;\
#22 22.24 /bin/bash ./libtool  --tag=CC   --mode=compile /afl/afl-clang-fast -DHAVE_CONFIG_H -I.     -DFUZZING_BUILD_MODE_UNSAFE_FOR_PRODUCTION -pthread -Wl,--no-as-needed -Wl,-ldl -Wl,-lm -Wno-unused-command-line-argument -O3 -MT pngwio.lo -MD -MP -MF $depbase.Tpo -c -o pngwio.lo pngwio.c &&\
#22 22.24 mv -f $depbase.Tpo $depbase.Plo
#22 22.24 depbase=`echo pngwrite.lo | sed 's|[^/]*$|.deps/&|;s|\.lo$||'`;\
#22 22.24 /bin/bash ./libtool  --tag=CC   --mode=compile /afl/afl-clang-fast -DHAVE_CONFIG_H -I.     -DFUZZING_BUILD_MODE_UNSAFE_FOR_PRODUCTION -pthread -Wl,--no-as-needed -Wl,-ldl -Wl,-lm -Wno-unused-command-line-argument -O3 -MT pngwrite.lo -MD -MP -MF $depbase.Tpo -c -o pngwrite.lo pngwrite.c &&\
#22 22.24 mv -f $depbase.Tpo $depbase.Plo
#22 22.24 depbase=`echo pngwtran.lo | sed 's|[^/]*$|.deps/&|;s|\.lo$||'`;\
#22 22.24 /bin/bash ./libtool  --tag=CC   --mode=compile /afl/afl-clang-fast -DHAVE_CONFIG_H -I.     -DFUZZING_BUILD_MODE_UNSAFE_FOR_PRODUCTION -pthread -Wl,--no-as-needed -Wl,-ldl -Wl,-lm -Wno-unused-command-line-argument -O3 -MT pngwtran.lo -MD -MP -MF $depbase.Tpo -c -o pngwtran.lo pngwtran.c &&\
#22 22.24 mv -f $depbase.Tpo $depbase.Plo
#22 22.24 depbase=`echo pngwutil.lo | sed 's|[^/]*$|.deps/&|;s|\.lo$||'`;\
#22 22.24 /bin/bash ./libtool  --tag=CC   --mode=compile /afl/afl-clang-fast -DHAVE_CONFIG_H -I.     -DFUZZING_BUILD_MODE_UNSAFE_FOR_PRODUCTION -pthread -Wl,--no-as-needed -Wl,-ldl -Wl,-lm -Wno-unused-command-line-argument -O3 -MT pngwutil.lo -MD -MP -MF $depbase.Tpo -c -o pngwutil.lo pngwutil.c &&\
#22 22.24 mv -f $depbase.Tpo $depbase.Plo
#22 22.24 depbase=`echo mips/mips_init.lo | sed 's|[^/]*$|.deps/&|;s|\.lo$||'`;\
#22 22.24 /bin/bash ./libtool  --tag=CC   --mode=compile /afl/afl-clang-fast -DHAVE_CONFIG_H -I.     -DFUZZING_BUILD_MODE_UNSAFE_FOR_PRODUCTION -pthread -Wl,--no-as-needed -Wl,-ldl -Wl,-lm -Wno-unused-command-line-argument -O3 -MT mips/mips_init.lo -MD -MP -MF $depbase.Tpo -c -o mips/mips_init.lo mips/mips_init.c &&\
#22 22.24 mv -f $depbase.Tpo $depbase.Plo
#22 22.24 depbase=`echo mips/filter_msa_intrinsics.lo | sed 's|[^/]*$|.deps/&|;s|\.lo$||'`;\
#22 22.24 /bin/bash ./libtool  --tag=CC   --mode=compile /afl/afl-clang-fast -DHAVE_CONFIG_H -I.     -DFUZZING_BUILD_MODE_UNSAFE_FOR_PRODUCTION -pthread -Wl,--no-as-needed -Wl,-ldl -Wl,-lm -Wno-unused-command-line-argument -O3 -MT mips/filter_msa_intrinsics.lo -MD -MP -MF $depbase.Tpo -c -o mips/filter_msa_intrinsics.lo mips/filter_msa_intrinsics.c &&\
#22 22.24 mv -f $depbase.Tpo $depbase.Plo
#22 22.24 depbase=`echo intel/intel_init.lo | sed 's|[^/]*$|.deps/&|;s|\.lo$||'`;\
#22 22.24 /bin/bash ./libtool  --tag=CC   --mode=compile /afl/afl-clang-fast -DHAVE_CONFIG_H -I.     -DFUZZING_BUILD_MODE_UNSAFE_FOR_PRODUCTION -pthread -Wl,--no-as-needed -Wl,-ldl -Wl,-lm -Wno-unused-command-line-argument -O3 -MT intel/intel_init.lo -MD -MP -MF $depbase.Tpo -c -o intel/intel_init.lo intel/intel_init.c &&\
#22 22.24 mv -f $depbase.Tpo $depbase.Plo
#22 22.24 depbase=`echo intel/filter_sse2_intrinsics.lo | sed 's|[^/]*$|.deps/&|;s|\.lo$||'`;\
#22 22.24 /bin/bash ./libtool  --tag=CC   --mode=compile /afl/afl-clang-fast -DHAVE_CONFIG_H -I.     -DFUZZING_BUILD_MODE_UNSAFE_FOR_PRODUCTION -pthread -Wl,--no-as-needed -Wl,-ldl -Wl,-lm -Wno-unused-command-line-argument -O3 -MT intel/filter_sse2_intrinsics.lo -MD -MP -MF $depbase.Tpo -c -o intel/filter_sse2_intrinsics.lo intel/filter_sse2_intrinsics.c &&\
#22 22.24 mv -f $depbase.Tpo $depbase.Plo
#22 22.24 depbase=`echo powerpc/powerpc_init.lo | sed 's|[^/]*$|.deps/&|;s|\.lo$||'`;\
#22 22.24 /bin/bash ./libtool  --tag=CC   --mode=compile /afl/afl-clang-fast -DHAVE_CONFIG_H -I.     -DFUZZING_BUILD_MODE_UNSAFE_FOR_PRODUCTION -pthread -Wl,--no-as-needed -Wl,-ldl -Wl,-lm -Wno-unused-command-line-argument -O3 -MT powerpc/powerpc_init.lo -MD -MP -MF $depbase.Tpo -c -o powerpc/powerpc_init.lo powerpc/powerpc_init.c &&\
#22 22.24 mv -f $depbase.Tpo $depbase.Plo
#22 22.24 depbase=`echo powerpc/filter_vsx_intrinsics.lo | sed 's|[^/]*$|.deps/&|;s|\.lo$||'`;\
#22 22.24 /bin/bash ./libtool  --tag=CC   --mode=compile /afl/afl-clang-fast -DHAVE_CONFIG_H -I.     -DFUZZING_BUILD_MODE_UNSAFE_FOR_PRODUCTION -pthread -Wl,--no-as-needed -Wl,-ldl -Wl,-lm -Wno-unused-command-line-argument -O3 -MT powerpc/filter_vsx_intrinsics.lo -MD -MP -MF $depbase.Tpo -c -o powerpc/filter_vsx_intrinsics.lo powerpc/filter_vsx_intrinsics.c &&\
#22 22.24 mv -f $depbase.Tpo $depbase.Plo
#22 22.27 libtool: compile:  /afl/afl-clang-fast -DHAVE_CONFIG_H -I. -DFUZZING_BUILD_MODE_UNSAFE_FOR_PRODUCTION -pthread -Wl,--no-as-needed -Wl,-ldl -Wl,-lm -Wno-unused-command-line-argument -O3 -MT png.lo -MD -MP -MF .deps/png.Tpo -c png.c  -fPIC -DPIC -o .libs/png.o
#22 22.27 libtool: compile:  /afl/afl-clang-fast -DHAVE_CONFIG_H -I. -DFUZZING_BUILD_MODE_UNSAFE_FOR_PRODUCTION -pthread -Wl,--no-as-needed -Wl,-ldl -Wl,-lm -Wno-unused-command-line-argument -O3 -MT pngerror.lo -MD -MP -MF .deps/pngerror.Tpo -c pngerror.c  -fPIC -DPIC -o .libs/pngerror.o
#22 22.27 libtool: compile:  /afl/afl-clang-fast -DHAVE_CONFIG_H -I. -DFUZZING_BUILD_MODE_UNSAFE_FOR_PRODUCTION -pthread -Wl,--no-as-needed -Wl,-ldl -Wl,-lm -Wno-unused-command-line-argument -O3 -MT pngget.lo -MD -MP -MF .deps/pngget.Tpo -c pngget.c  -fPIC -DPIC -o .libs/pngget.o
#22 22.27 libtool: compile:  /afl/afl-clang-fast -DHAVE_CONFIG_H -I. -DFUZZING_BUILD_MODE_UNSAFE_FOR_PRODUCTION -pthread -Wl,--no-as-needed -Wl,-ldl -Wl,-lm -Wno-unused-command-line-argument -O3 -MT pngpread.lo -MD -MP -MF .deps/pngpread.Tpo -c pngpread.c  -fPIC -DPIC -o .libs/pngpread.o
#22 22.27 libtool: compile:  /afl/afl-clang-fast -DHAVE_CONFIG_H -I. -DFUZZING_BUILD_MODE_UNSAFE_FOR_PRODUCTION -pthread -Wl,--no-as-needed -Wl,-ldl -Wl,-lm -Wno-unused-command-line-argument -O3 -MT pngmem.lo -MD -MP -MF .deps/pngmem.Tpo -c pngmem.c  -fPIC -DPIC -o .libs/pngmem.o
#22 22.27 libtool: compile:  /afl/afl-clang-fast -DHAVE_CONFIG_H -I. -DFUZZING_BUILD_MODE_UNSAFE_FOR_PRODUCTION -pthread -Wl,--no-as-needed -Wl,-ldl -Wl,-lm -Wno-unused-command-line-argument -O3 -MT pngread.lo -MD -MP -MF .deps/pngread.Tpo -c pngread.c  -fPIC -DPIC -o .libs/pngread.o
#22 22.27 libtool: compile:  /afl/afl-clang-fast -DHAVE_CONFIG_H -I. -DFUZZING_BUILD_MODE_UNSAFE_FOR_PRODUCTION -pthread -Wl,--no-as-needed -Wl,-ldl -Wl,-lm -Wno-unused-command-line-argument -O3 -MT pngrtran.lo -MD -MP -MF .deps/pngrtran.Tpo -c pngrtran.c  -fPIC -DPIC -o .libs/pngrtran.o
#22 22.27 libtool: compile:  /afl/afl-clang-fast -DHAVE_CONFIG_H -I. -DFUZZING_BUILD_MODE_UNSAFE_FOR_PRODUCTION -pthread -Wl,--no-as-needed -Wl,-ldl -Wl,-lm -Wno-unused-command-line-argument -O3 -MT pngwio.lo -MD -MP -MF .deps/pngwio.Tpo -c pngwio.c  -fPIC -DPIC -o .libs/pngwio.o
#22 22.27 libtool: compile:  /afl/afl-clang-fast -DHAVE_CONFIG_H -I. -DFUZZING_BUILD_MODE_UNSAFE_FOR_PRODUCTION -pthread -Wl,--no-as-needed -Wl,-ldl -Wl,-lm -Wno-unused-command-line-argument -O3 -MT pngrio.lo -MD -MP -MF .deps/pngrio.Tpo -c pngrio.c  -fPIC -DPIC -o .libs/pngrio.o
#22 22.27 libtool: compile:  /afl/afl-clang-fast -DHAVE_CONFIG_H -I. -DFUZZING_BUILD_MODE_UNSAFE_FOR_PRODUCTION -pthread -Wl,--no-as-needed -Wl,-ldl -Wl,-lm -Wno-unused-command-line-argument -O3 -MT pngset.lo -MD -MP -MF .deps/pngset.Tpo -c pngset.c  -fPIC -DPIC -o .libs/pngset.o
#22 22.27 libtool: compile:  /afl/afl-clang-fast -DHAVE_CONFIG_H -I. -DFUZZING_BUILD_MODE_UNSAFE_FOR_PRODUCTION -pthread -Wl,--no-as-needed -Wl,-ldl -Wl,-lm -Wno-unused-command-line-argument -O3 -MT pngwutil.lo -MD -MP -MF .deps/pngwutil.Tpo -c pngwutil.c  -fPIC -DPIC -o .libs/pngwutil.o
#22 22.27 libtool: compile:  /afl/afl-clang-fast -DHAVE_CONFIG_H -I. -DFUZZING_BUILD_MODE_UNSAFE_FOR_PRODUCTION -pthread -Wl,--no-as-needed -Wl,-ldl -Wl,-lm -Wno-unused-command-line-argument -O3 -MT pngtrans.lo -MD -MP -MF .deps/pngtrans.Tpo -c pngtrans.c  -fPIC -DPIC -o .libs/pngtrans.o
#22 22.27 libtool: compile:  /afl/afl-clang-fast -DHAVE_CONFIG_H -I. -DFUZZING_BUILD_MODE_UNSAFE_FOR_PRODUCTION -pthread -Wl,--no-as-needed -Wl,-ldl -Wl,-lm -Wno-unused-command-line-argument -O3 -MT pngwtran.lo -MD -MP -MF .deps/pngwtran.Tpo -c pngwtran.c  -fPIC -DPIC -o .libs/pngwtran.o
#22 22.28 libtool: compile:  /afl/afl-clang-fast -DHAVE_CONFIG_H -I. -DFUZZING_BUILD_MODE_UNSAFE_FOR_PRODUCTION -pthread -Wl,--no-as-needed -Wl,-ldl -Wl,-lm -Wno-unused-command-line-argument -O3 -MT pngrutil.lo -MD -MP -MF .deps/pngrutil.Tpo -c pngrutil.c  -fPIC -DPIC -o .libs/pngrutil.o
#22 22.28 libtool: compile:  /afl/afl-clang-fast -DHAVE_CONFIG_H -I. -DFUZZING_BUILD_MODE_UNSAFE_FOR_PRODUCTION -pthread -Wl,--no-as-needed -Wl,-ldl -Wl,-lm -Wno-unused-command-line-argument -O3 -MT pngwrite.lo -MD -MP -MF .deps/pngwrite.Tpo -c pngwrite.c  -fPIC -DPIC -o .libs/pngwrite.o
#22 22.28 libtool: compile:  /afl/afl-clang-fast -DHAVE_CONFIG_H -I. -DFUZZING_BUILD_MODE_UNSAFE_FOR_PRODUCTION -pthread -Wl,--no-as-needed -Wl,-ldl -Wl,-lm -Wno-unused-command-line-argument -O3 -MT mips/mips_init.lo -MD -MP -MF mips/.deps/mips_init.Tpo -c mips/mips_init.c  -fPIC -DPIC -o mips/.libs/mips_init.o
#22 22.28 libtool: compile:  /afl/afl-clang-fast -DHAVE_CONFIG_H -I. -DFUZZING_BUILD_MODE_UNSAFE_FOR_PRODUCTION -pthread -Wl,--no-as-needed -Wl,-ldl -Wl,-lm -Wno-unused-command-line-argument -O3 -MT powerpc/filter_vsx_intrinsics.lo -MD -MP -MF powerpc/.deps/filter_vsx_intrinsics.Tpo -c powerpc/filter_vsx_intrinsics.c  -fPIC -DPIC -o powerpc/.libs/filter_vsx_intrinsics.o
#22 22.28 libtool: compile:  /afl/afl-clang-fast -DHAVE_CONFIG_H -I. -DFUZZING_BUILD_MODE_UNSAFE_FOR_PRODUCTION -pthread -Wl,--no-as-needed -Wl,-ldl -Wl,-lm -Wno-unused-command-line-argument -O3 -MT mips/filter_msa_intrinsics.lo -MD -MP -MF mips/.deps/filter_msa_intrinsics.Tpo -c mips/filter_msa_intrinsics.c  -fPIC -DPIC -o mips/.libs/filter_msa_intrinsics.o
#22 22.28 libtool: compile:  /afl/afl-clang-fast -DHAVE_CONFIG_H -I. -DFUZZING_BUILD_MODE_UNSAFE_FOR_PRODUCTION -pthread -Wl,--no-as-needed -Wl,-ldl -Wl,-lm -Wno-unused-command-line-argument -O3 -MT intel/filter_sse2_intrinsics.lo -MD -MP -MF intel/.deps/filter_sse2_intrinsics.Tpo -c intel/filter_sse2_intrinsics.c  -fPIC -DPIC -o intel/.libs/filter_sse2_intrinsics.o
#22 22.28 libtool: compile:  /afl/afl-clang-fast -DHAVE_CONFIG_H -I. -DFUZZING_BUILD_MODE_UNSAFE_FOR_PRODUCTION -pthread -Wl,--no-as-needed -Wl,-ldl -Wl,-lm -Wno-unused-command-line-argument -O3 -MT intel/intel_init.lo -MD -MP -MF intel/.deps/intel_init.Tpo -c intel/intel_init.c  -fPIC -DPIC -o intel/.libs/intel_init.o
#22 22.28 libtool: compile:  /afl/afl-clang-fast -DHAVE_CONFIG_H -I. -DFUZZING_BUILD_MODE_UNSAFE_FOR_PRODUCTION -pthread -Wl,--no-as-needed -Wl,-ldl -Wl,-lm -Wno-unused-command-line-argument -O3 -MT powerpc/powerpc_init.lo -MD -MP -MF powerpc/.deps/powerpc_init.Tpo -c powerpc/powerpc_init.c  -fPIC -DPIC -o powerpc/.libs/powerpc_init.o
#22 22.31 libtool: compile:  /afl/afl-clang-fast -DHAVE_CONFIG_H -I. -DFUZZING_BUILD_MODE_UNSAFE_FOR_PRODUCTION -pthread -Wl,--no-as-needed -Wl,-ldl -Wl,-lm -Wno-unused-command-line-argument -O3 -MT pngwtran.lo -MD -MP -MF .deps/pngwtran.Tpo -c pngwtran.c -o pngwtran.o >/dev/null 2>&1
#22 22.31 libtool: compile:  /afl/afl-clang-fast -DHAVE_CONFIG_H -I. -DFUZZING_BUILD_MODE_UNSAFE_FOR_PRODUCTION -pthread -Wl,--no-as-needed -Wl,-ldl -Wl,-lm -Wno-unused-command-line-argument -O3 -MT pngwutil.lo -MD -MP -MF .deps/pngwutil.Tpo -c pngwutil.c -o pngwutil.o >/dev/null 2>&1
#22 22.31 libtool: compile:  /afl/afl-clang-fast -DHAVE_CONFIG_H -I. -DFUZZING_BUILD_MODE_UNSAFE_FOR_PRODUCTION -pthread -Wl,--no-as-needed -Wl,-ldl -Wl,-lm -Wno-unused-command-line-argument -O3 -MT pngwio.lo -MD -MP -MF .deps/pngwio.Tpo -c pngwio.c -o pngwio.o >/dev/null 2>&1
#22 22.31 libtool: compile:  /afl/afl-clang-fast -DHAVE_CONFIG_H -I. -DFUZZING_BUILD_MODE_UNSAFE_FOR_PRODUCTION -pthread -Wl,--no-as-needed -Wl,-ldl -Wl,-lm -Wno-unused-command-line-argument -O3 -MT pngwrite.lo -MD -MP -MF .deps/pngwrite.Tpo -c pngwrite.c -o pngwrite.o >/dev/null 2>&1
#22 22.32 libtool: compile:  /afl/afl-clang-fast -DHAVE_CONFIG_H -I. -DFUZZING_BUILD_MODE_UNSAFE_FOR_PRODUCTION -pthread -Wl,--no-as-needed -Wl,-ldl -Wl,-lm -Wno-unused-command-line-argument -O3 -MT intel/intel_init.lo -MD -MP -MF intel/.deps/intel_init.Tpo -c intel/intel_init.c -o intel/intel_init.o >/dev/null 2>&1
#22 22.32 libtool: compile:  /afl/afl-clang-fast -DHAVE_CONFIG_H -I. -DFUZZING_BUILD_MODE_UNSAFE_FOR_PRODUCTION -pthread -Wl,--no-as-needed -Wl,-ldl -Wl,-lm -Wno-unused-command-line-argument -O3 -MT powerpc/powerpc_init.lo -MD -MP -MF powerpc/.deps/powerpc_init.Tpo -c powerpc/powerpc_init.c -o powerpc/powerpc_init.o >/dev/null 2>&1
#22 22.32 libtool: compile:  /afl/afl-clang-fast -DHAVE_CONFIG_H -I. -DFUZZING_BUILD_MODE_UNSAFE_FOR_PRODUCTION -pthread -Wl,--no-as-needed -Wl,-ldl -Wl,-lm -Wno-unused-command-line-argument -O3 -MT mips/mips_init.lo -MD -MP -MF mips/.deps/mips_init.Tpo -c mips/mips_init.c -o mips/mips_init.o >/dev/null 2>&1
#22 22.32 libtool: compile:  /afl/afl-clang-fast -DHAVE_CONFIG_H -I. -DFUZZING_BUILD_MODE_UNSAFE_FOR_PRODUCTION -pthread -Wl,--no-as-needed -Wl,-ldl -Wl,-lm -Wno-unused-command-line-argument -O3 -MT intel/filter_sse2_intrinsics.lo -MD -MP -MF intel/.deps/filter_sse2_intrinsics.Tpo -c intel/filter_sse2_intrinsics.c -o intel/filter_sse2_intrinsics.o >/dev/null 2>&1
#22 22.32 libtool: compile:  /afl/afl-clang-fast -DHAVE_CONFIG_H -I. -DFUZZING_BUILD_MODE_UNSAFE_FOR_PRODUCTION -pthread -Wl,--no-as-needed -Wl,-ldl -Wl,-lm -Wno-unused-command-line-argument -O3 -MT pngrio.lo -MD -MP -MF .deps/pngrio.Tpo -c pngrio.c -o pngrio.o >/dev/null 2>&1
#22 22.32 libtool: compile:  /afl/afl-clang-fast -DHAVE_CONFIG_H -I. -DFUZZING_BUILD_MODE_UNSAFE_FOR_PRODUCTION -pthread -Wl,--no-as-needed -Wl,-ldl -Wl,-lm -Wno-unused-command-line-argument -O3 -MT powerpc/filter_vsx_intrinsics.lo -MD -MP -MF powerpc/.deps/filter_vsx_intrinsics.Tpo -c powerpc/filter_vsx_intrinsics.c -o powerpc/filter_vsx_intrinsics.o >/dev/null 2>&1
#22 22.32 libtool: compile:  /afl/afl-clang-fast -DHAVE_CONFIG_H -I. -DFUZZING_BUILD_MODE_UNSAFE_FOR_PRODUCTION -pthread -Wl,--no-as-needed -Wl,-ldl -Wl,-lm -Wno-unused-command-line-argument -O3 -MT mips/filter_msa_intrinsics.lo -MD -MP -MF mips/.deps/filter_msa_intrinsics.Tpo -c mips/filter_msa_intrinsics.c -o mips/filter_msa_intrinsics.o >/dev/null 2>&1
#22 22.35 libtool: compile:  /afl/afl-clang-fast -DHAVE_CONFIG_H -I. -DFUZZING_BUILD_MODE_UNSAFE_FOR_PRODUCTION -pthread -Wl,--no-as-needed -Wl,-ldl -Wl,-lm -Wno-unused-command-line-argument -O3 -MT pngmem.lo -MD -MP -MF .deps/pngmem.Tpo -c pngmem.c -o pngmem.o >/dev/null 2>&1
#22 22.47 libtool: compile:  /afl/afl-clang-fast -DHAVE_CONFIG_H -I. -DFUZZING_BUILD_MODE_UNSAFE_FOR_PRODUCTION -pthread -Wl,--no-as-needed -Wl,-ldl -Wl,-lm -Wno-unused-command-line-argument -O3 -MT pngerror.lo -MD -MP -MF .deps/pngerror.Tpo -c pngerror.c -o pngerror.o >/dev/null 2>&1
#22 22.50 libtool: compile:  /afl/afl-clang-fast -DHAVE_CONFIG_H -I. -DFUZZING_BUILD_MODE_UNSAFE_FOR_PRODUCTION -pthread -Wl,--no-as-needed -Wl,-ldl -Wl,-lm -Wno-unused-command-line-argument -O3 -MT pngtrans.lo -MD -MP -MF .deps/pngtrans.Tpo -c pngtrans.c -o pngtrans.o >/dev/null 2>&1
#22 22.52 libtool: compile:  /afl/afl-clang-fast -DHAVE_CONFIG_H -I. -DFUZZING_BUILD_MODE_UNSAFE_FOR_PRODUCTION -pthread -Wl,--no-as-needed -Wl,-ldl -Wl,-lm -Wno-unused-command-line-argument -O3 -MT pngget.lo -MD -MP -MF .deps/pngget.Tpo -c pngget.c -o pngget.o >/dev/null 2>&1
#22 22.55 libtool: compile:  /afl/afl-clang-fast -DHAVE_CONFIG_H -I. -DFUZZING_BUILD_MODE_UNSAFE_FOR_PRODUCTION -pthread -Wl,--no-as-needed -Wl,-ldl -Wl,-lm -Wno-unused-command-line-argument -O3 -MT pngpread.lo -MD -MP -MF .deps/pngpread.Tpo -c pngpread.c -o pngpread.o >/dev/null 2>&1
#22 22.60 libtool: compile:  /afl/afl-clang-fast -DHAVE_CONFIG_H -I. -DFUZZING_BUILD_MODE_UNSAFE_FOR_PRODUCTION -pthread -Wl,--no-as-needed -Wl,-ldl -Wl,-lm -Wno-unused-command-line-argument -O3 -MT pngset.lo -MD -MP -MF .deps/pngset.Tpo -c pngset.c -o pngset.o >/dev/null 2>&1
#22 23.01 libtool: compile:  /afl/afl-clang-fast -DHAVE_CONFIG_H -I. -DFUZZING_BUILD_MODE_UNSAFE_FOR_PRODUCTION -pthread -Wl,--no-as-needed -Wl,-ldl -Wl,-lm -Wno-unused-command-line-argument -O3 -MT png.lo -MD -MP -MF .deps/png.Tpo -c png.c -o png.o >/dev/null 2>&1
#22 23.09 libtool: compile:  /afl/afl-clang-fast -DHAVE_CONFIG_H -I. -DFUZZING_BUILD_MODE_UNSAFE_FOR_PRODUCTION -pthread -Wl,--no-as-needed -Wl,-ldl -Wl,-lm -Wno-unused-command-line-argument -O3 -MT pngread.lo -MD -MP -MF .deps/pngread.Tpo -c pngread.c -o pngread.o >/dev/null 2>&1
#22 23.30 libtool: compile:  /afl/afl-clang-fast -DHAVE_CONFIG_H -I. -DFUZZING_BUILD_MODE_UNSAFE_FOR_PRODUCTION -pthread -Wl,--no-as-needed -Wl,-ldl -Wl,-lm -Wno-unused-command-line-argument -O3 -MT pngrutil.lo -MD -MP -MF .deps/pngrutil.Tpo -c pngrutil.c -o pngrutil.o >/dev/null 2>&1
#22 23.53 libtool: compile:  /afl/afl-clang-fast -DHAVE_CONFIG_H -I. -DFUZZING_BUILD_MODE_UNSAFE_FOR_PRODUCTION -pthread -Wl,--no-as-needed -Wl,-ldl -Wl,-lm -Wno-unused-command-line-argument -O3 -MT pngrtran.lo -MD -MP -MF .deps/pngrtran.Tpo -c pngrtran.c -o pngrtran.o >/dev/null 2>&1
#22 24.79 /bin/bash ./libtool  --tag=CC   --mode=link /afl/afl-clang-fast  -DFUZZING_BUILD_MODE_UNSAFE_FOR_PRODUCTION -pthread -Wl,--no-as-needed -Wl,-ldl -Wl,-lm -Wno-unused-command-line-argument -O3 -no-undefined -export-dynamic -version-number 16:40:0  -Wl,--version-script=libpng.vers   -o libpng16.la -rpath /usr/local/lib png.lo pngerror.lo pngget.lo pngmem.lo pngpread.lo pngread.lo pngrio.lo pngrtran.lo pngrutil.lo pngset.lo pngtrans.lo pngwio.lo pngwrite.lo pngwtran.lo pngwutil.lo  mips/mips_init.lo mips/filter_msa_intrinsics.lo intel/intel_init.lo intel/filter_sse2_intrinsics.lo powerpc/powerpc_init.lo powerpc/filter_vsx_intrinsics.lo   -lm -lz 
#22 24.87 libtool: link: /afl/afl-clang-fast -shared  -fPIC -DPIC  .libs/png.o .libs/pngerror.o .libs/pngget.o .libs/pngmem.o .libs/pngpread.o .libs/pngread.o .libs/pngrio.o .libs/pngrtran.o .libs/pngrutil.o .libs/pngset.o .libs/pngtrans.o .libs/pngwio.o .libs/pngwrite.o .libs/pngwtran.o .libs/pngwutil.o mips/.libs/mips_init.o mips/.libs/filter_msa_intrinsics.o intel/.libs/intel_init.o intel/.libs/filter_sse2_intrinsics.o powerpc/.libs/powerpc_init.o powerpc/.libs/filter_vsx_intrinsics.o   -lm -lz  -pthread -Wl,--no-as-needed -Wl,-ldl -Wl,-lm -O3 -Wl,--version-script=libpng.vers   -pthread -Wl,-soname -Wl,libpng16.so.16 -o .libs/libpng16.so.16.40.0
#22 24.93 libtool: link: (cd ".libs" && rm -f "libpng16.so.16" && ln -s "libpng16.so.16.40.0" "libpng16.so.16")
#22 24.94 libtool: link: (cd ".libs" && rm -f "libpng16.so" && ln -s "libpng16.so.16.40.0" "libpng16.so")
#22 24.94 libtool: link: ar cr .libs/libpng16.a  png.o pngerror.o pngget.o pngmem.o pngpread.o pngread.o pngrio.o pngrtran.o pngrutil.o pngset.o pngtrans.o pngwio.o pngwrite.o pngwtran.o pngwutil.o mips/mips_init.o mips/filter_msa_intrinsics.o intel/intel_init.o intel/filter_sse2_intrinsics.o powerpc/powerpc_init.o powerpc/filter_vsx_intrinsics.o
#22 24.96 libtool: link: ranlib .libs/libpng16.a
#22 24.98 libtool: link: ( cd ".libs" && rm -f "libpng16.la" && ln -s "../libpng16.la" "libpng16.la" )
#22 24.98 + /afl/afl-clang-fast++ -DFUZZING_BUILD_MODE_UNSAFE_FOR_PRODUCTION -pthread -Wl,--no-as-needed -Wl,-ldl -Wl,-lm -Wno-unused-command-line-argument -stdlib=libc++ -O3 -std=c++11 -I. /src/libpng/contrib/oss-fuzz/libpng_read_fuzzer.cc -o /out/cmplog/libpng_read_fuzzer -lFuzzingEngine .libs/libpng16.a -lz
#22 25.55 + find /src/libpng -name '*.png'
#22 25.55 + grep -v crashers
#22 25.55 + xargs zip /out/cmplog/libpng_read_fuzzer_seed_corpus.zip
#22 25.56   adding: src/libpng/pngtest.png (deflated 0%)
#22 25.56   adding: src/libpng/pngbar.png (stored 0%)
#22 25.56   adding: src/libpng/pngnow.png (deflated 0%)
#22 25.56   adding: src/libpng/contrib/gregbook/toucan.png (deflated 2%)
#22 25.56   adding: src/libpng/contrib/visupng/VisualPng.png (deflated 2%)
#22 25.56   adding: src/libpng/contrib/testpngs/palette-1-1.8-tRNS.png (deflated 3%)
#22 25.56   adding: src/libpng/contrib/testpngs/gray-8-linear-tRNS.png (deflated 2%)
#22 25.56   adding: src/libpng/contrib/testpngs/palette-4-1.8-tRNS.png (deflated 4%)
#22 25.56   adding: src/libpng/contrib/testpngs/gray-4-linear-tRNS.png (deflated 2%)
#22 25.56   adding: src/libpng/contrib/testpngs/rgb-16-linear-tRNS.png (deflated 64%)
#22 25.56   adding: src/libpng/contrib/testpngs/gray-4-linear.png (deflated 2%)
#22 25.56   adding: src/libpng/contrib/testpngs/gray-alpha-8-linear.png (deflated 53%)
#22 25.56   adding: src/libpng/contrib/testpngs/gray-1-sRGB.png (deflated 3%)
#22 25.56   adding: src/libpng/contrib/testpngs/gray-8-sRGB-tRNS.png (deflated 3%)
#22 25.56   adding: src/libpng/contrib/testpngs/palette-8-1.8.png (deflated 14%)
#22 25.56   adding: src/libpng/contrib/testpngs/palette-1-linear-tRNS.png (deflated 2%)
#22 25.56   adding: src/libpng/contrib/testpngs/rgb-16-tRNS.png (deflated 67%)
#22 25.56   adding: src/libpng/contrib/testpngs/gray-16-1.8-tRNS.png (deflated 53%)
#22 25.56   adding: src/libpng/contrib/testpngs/palette-1-sRGB.png (deflated 2%)
#22 25.56   adding: src/libpng/contrib/testpngs/rgb-16-sRGB-tRNS.png (deflated 66%)
#22 25.56   adding: src/libpng/contrib/testpngs/rgb-alpha-16-1.8.png (deflated 68%)
#22 25.56   adding: src/libpng/contrib/testpngs/palette-4.png (deflated 5%)
#22 25.56   adding: src/libpng/contrib/testpngs/palette-8-linear-tRNS.png (deflated 11%)
#22 25.56   adding: src/libpng/contrib/testpngs/gray-4-1.8.png (deflated 2%)
#22 25.56   adding: src/libpng/contrib/testpngs/gray-8-linear.png (deflated 2%)
#22 25.56   adding: src/libpng/contrib/testpngs/palette-2-sRGB-tRNS.png (deflated 4%)
#22 25.56   adding: src/libpng/contrib/testpngs/palette-4-sRGB.png (deflated 6%)
#22 25.56   adding: src/libpng/contrib/testpngs/gray-16.png (deflated 57%)
#22 25.56   adding: src/libpng/contrib/testpngs/gray-alpha-16-sRGB.png (deflated 60%)
#22 25.56   adding: src/libpng/contrib/testpngs/palette-8-tRNS.png (deflated 13%)
#22 25.56   adding: src/libpng/contrib/testpngs/palette-2-linear-tRNS.png (deflated 3%)
#22 25.56   adding: src/libpng/contrib/testpngs/rgb-8.png (deflated 57%)
#22 25.56   adding: src/libpng/contrib/testpngs/palette-8-linear.png (deflated 14%)
#22 25.56   adding: src/libpng/contrib/testpngs/rgb-alpha-16-sRGB.png (deflated 70%)
#22 25.56   adding: src/libpng/contrib/testpngs/gray-alpha-16-linear.png (deflated 57%)
#22 25.56   adding: src/libpng/contrib/testpngs/rgb-alpha-8.png (deflated 61%)
#22 25.56   adding: src/libpng/contrib/testpngs/palette-4-tRNS.png (deflated 4%)
#22 25.56   adding: src/libpng/contrib/testpngs/palette-1.png (deflated 1%)
#22 25.56   adding: src/libpng/contrib/testpngs/gray-4.png (deflated 2%)
#22 25.56   adding: src/libpng/contrib/testpngs/gray-1-tRNS.png (deflated 3%)
#22 25.56   adding: src/libpng/contrib/testpngs/palette-8.png (deflated 15%)
#22 25.56   adding: src/libpng/contrib/testpngs/gray-2-1.8.png (deflated 2%)
#22 25.56   adding: src/libpng/contrib/testpngs/gray-1-sRGB-tRNS.png (deflated 4%)
#22 25.56   adding: src/libpng/contrib/testpngs/palette-2.png (deflated 3%)
#22 25.56   adding: src/libpng/contrib/testpngs/gray-16-sRGB-tRNS.png (deflated 56%)
#22 25.56   adding: src/libpng/contrib/testpngs/gray-8-1.8-tRNS.png (deflated 3%)
#22 25.56   adding: src/libpng/contrib/testpngs/gray-2-linear-tRNS.png (deflated 2%)
#22 25.56   adding: src/libpng/contrib/testpngs/palette-1-sRGB-tRNS.png (deflated 3%)
#22 25.56   adding: src/libpng/contrib/testpngs/gray-alpha-8-1.8.png (deflated 53%)
#22 25.56   adding: src/libpng/contrib/testpngs/gray-2-sRGB.png (deflated 2%)
#22 25.56   adding: src/libpng/contrib/testpngs/gray-1-1.8.png (deflated 3%)
#22 25.56   adding: src/libpng/contrib/testpngs/rgb-16-1.8.png (deflated 64%)
#22 25.56   adding: src/libpng/contrib/testpngs/palette-4-linear-tRNS.png (deflated 4%)
#22 25.56   adding: src/libpng/contrib/testpngs/rgb-16-linear.png (deflated 64%)
#22 25.56   adding: src/libpng/contrib/testpngs/gray-16-linear.png (deflated 53%)
#22 25.56   adding: src/libpng/contrib/testpngs/gray-16-tRNS.png (deflated 57%)
#22 25.56   adding: src/libpng/contrib/testpngs/palette-2-1.8-tRNS.png (deflated 3%)
#22 25.56   adding: src/libpng/contrib/testpngs/palette-2-1.8.png (deflated 4%)
#22 25.56   adding: src/libpng/contrib/testpngs/rgb-alpha-8-sRGB.png (deflated 60%)
#22 25.56   adding: src/libpng/contrib/testpngs/gray-4-sRGB-tRNS.png (deflated 3%)
#22 25.56   adding: src/libpng/contrib/testpngs/gray-2-tRNS.png (deflated 2%)
#22 25.56   adding: src/libpng/contrib/testpngs/palette-8-sRGB-tRNS.png (deflated 12%)
#22 25.56   adding: src/libpng/contrib/testpngs/gray-1.png (deflated 2%)
#22 25.56   adding: src/libpng/contrib/testpngs/palette-1-linear.png (deflated 2%)
#22 25.56   adding: src/libpng/contrib/testpngs/rgb-8-tRNS.png (deflated 56%)
#22 25.56   adding: src/libpng/contrib/testpngs/gray-4-sRGB.png (deflated 3%)
#22 25.56   adding: src/libpng/contrib/testpngs/rgb-alpha-8-linear.png (deflated 57%)
#22 25.57   adding: src/libpng/contrib/testpngs/gray-2-sRGB-tRNS.png (deflated 3%)
#22 25.57   adding: src/libpng/contrib/testpngs/gray-alpha-16.png (deflated 61%)
#22 25.57   adding: src/libpng/contrib/testpngs/gray-2-1.8-tRNS.png (deflated 3%)
#22 25.57   adding: src/libpng/contrib/testpngs/gray-8-1.8.png (deflated 2%)
#22 25.57   adding: src/libpng/contrib/testpngs/gray-16-sRGB.png (deflated 56%)
#22 25.57   adding: src/libpng/contrib/testpngs/palette-4-linear.png (deflated 5%)
#22 25.57   adding: src/libpng/contrib/testpngs/gray-alpha-8-sRGB.png (deflated 56%)
#22 25.57   adding: src/libpng/contrib/testpngs/rgb-8-1.8.png (deflated 53%)
#22 25.57   adding: src/libpng/contrib/testpngs/gray-4-1.8-tRNS.png (deflated 3%)
#22 25.57   adding: src/libpng/contrib/testpngs/gray-8-tRNS.png (deflated 2%)
#22 25.57   adding: src/libpng/contrib/testpngs/palette-8-sRGB.png (deflated 15%)
#22 25.57   adding: src/libpng/contrib/testpngs/rgb-8-sRGB.png (deflated 56%)
#22 25.57   adding: src/libpng/contrib/testpngs/gray-8.png (deflated 2%)
#22 25.57   adding: src/libpng/contrib/testpngs/gray-1-1.8-tRNS.png (deflated 3%)
#22 25.57   adding: src/libpng/contrib/testpngs/palette-2-linear.png (deflated 3%)
#22 25.57   adding: src/libpng/contrib/testpngs/gray-1-linear.png (deflated 2%)
#22 25.57   adding: src/libpng/contrib/testpngs/palette-4-1.8.png (deflated 5%)
#22 25.57   adding: src/libpng/contrib/testpngs/rgb-8-1.8-tRNS.png (deflated 53%)
#22 25.57   adding: src/libpng/contrib/testpngs/gray-1-linear-tRNS.png (deflated 3%)
#22 25.57   adding: src/libpng/contrib/testpngs/rgb-alpha-16-linear.png (deflated 68%)
#22 25.57   adding: src/libpng/contrib/testpngs/gray-alpha-8.png (deflated 57%)
#22 25.57   adding: src/libpng/contrib/testpngs/gray-4-tRNS.png (deflated 2%)
#22 25.57   adding: src/libpng/contrib/testpngs/palette-2-tRNS.png (deflated 3%)
#22 25.57   adding: src/libpng/contrib/testpngs/rgb-8-linear.png (deflated 53%)
#22 25.57   adding: src/libpng/contrib/testpngs/gray-alpha-16-1.8.png (deflated 57%)
#22 25.57   adding: src/libpng/contrib/testpngs/rgb-8-sRGB-tRNS.png (deflated 56%)
#22 25.57   adding: src/libpng/contrib/testpngs/gray-16-linear-tRNS.png (deflated 53%)
#22 25.57   adding: src/libpng/contrib/testpngs/gray-2.png (deflated 2%)
#22 25.57   adding: src/libpng/contrib/testpngs/palette-2-sRGB.png (deflated 3%)
#22 25.57   adding: src/libpng/contrib/testpngs/rgb-16-1.8-tRNS.png (deflated 64%)
#22 25.57   adding: src/libpng/contrib/testpngs/palette-8-1.8-tRNS.png (deflated 12%)
#22 25.57   adding: src/libpng/contrib/testpngs/rgb-alpha-8-1.8.png (deflated 57%)
#22 25.57   adding: src/libpng/contrib/testpngs/rgb-16.png (deflated 67%)
#22 25.57   adding: src/libpng/contrib/testpngs/palette-1-tRNS.png (deflated 2%)
#22 25.57   adding: src/libpng/contrib/testpngs/rgb-16-sRGB.png (deflated 66%)
#22 25.57   adding: src/libpng/contrib/testpngs/gray-2-linear.png (deflated 2%)
#22 25.57   adding: src/libpng/contrib/testpngs/rgb-alpha-16.png (deflated 71%)
#22 25.57   adding: src/libpng/contrib/testpngs/rgb-8-linear-tRNS.png (deflated 53%)
#22 25.57   adding: src/libpng/contrib/testpngs/gray-8-sRGB.png (deflated 3%)
#22 25.57   adding: src/libpng/contrib/testpngs/palette-4-sRGB-tRNS.png (deflated 5%)
#22 25.57   adding: src/libpng/contrib/testpngs/gray-16-1.8.png (deflated 53%)
#22 25.57   adding: src/libpng/contrib/testpngs/palette-1-1.8.png (deflated 2%)
#22 25.57   adding: src/libpng/contrib/pngsuite/basn3p01.png (deflated 6%)
#22 25.57   adding: src/libpng/contrib/pngsuite/basn0g08.png (deflated 4%)
#22 25.57   adding: src/libpng/contrib/pngsuite/ftbrn2c08.png (stored 0%)
#22 25.57   adding: src/libpng/contrib/pngsuite/ftbbn3p08.png (deflated 1%)
#22 25.57   adding: src/libpng/contrib/pngsuite/interlaced/ibasn3p02.png (deflated 4%)
#22 25.57   adding: src/libpng/contrib/pngsuite/interlaced/ibasn0g04.png (stored 0%)
#22 25.57   adding: src/libpng/contrib/pngsuite/interlaced/ibasn0g02.png (deflated 1%)
#22 25.57   adding: src/libpng/contrib/pngsuite/interlaced/iftbbn0g02.png (stored 0%)
#22 25.57   adding: src/libpng/contrib/pngsuite/interlaced/iftbbn0g01.png (stored 0%)
#22 25.57   adding: src/libpng/contrib/pngsuite/interlaced/ibasn0g01.png (stored 0%)
#22 25.57   adding: src/libpng/contrib/pngsuite/interlaced/ibasn3p04.png (deflated 0%)
#22 25.57   adding: src/libpng/contrib/pngsuite/interlaced/iftbbn0g04.png (stored 0%)
#22 25.57   adding: src/libpng/contrib/pngsuite/interlaced/ibasn3p01.png (deflated 3%)
#22 25.57   adding: src/libpng/contrib/pngsuite/iftbgn3p08.png (deflated 0%)
#22 25.57   adding: src/libpng/contrib/pngsuite/ftbbn0g01.png (deflated 4%)
#22 25.57   adding: src/libpng/contrib/pngsuite/ibasn2c16.png (stored 0%)
#22 25.57   adding: src/libpng/contrib/pngsuite/ftbyn3p08.png (deflated 1%)
#22 25.57   adding: src/libpng/contrib/pngsuite/iftp0n0g08.png (stored 0%)
#22 25.57   adding: src/libpng/contrib/pngsuite/basn3p08.png (deflated 15%)
#22 25.57   adding: src/libpng/contrib/pngsuite/ftbwn3p08.png (deflated 1%)
#22 25.57   adding: src/libpng/contrib/pngsuite/ftbgn3p08.png (deflated 1%)
#22 25.57   adding: src/libpng/contrib/pngsuite/basn2c08.png (deflated 2%)
#22 25.57   adding: src/libpng/contrib/pngsuite/iftbrn2c08.png (stored 0%)
#22 25.57   adding: src/libpng/contrib/pngsuite/basn6a08.png (deflated 1%)
#22 25.57   adding: src/libpng/contrib/pngsuite/ibasn6a08.png (stored 0%)
#22 25.57   adding: src/libpng/contrib/pngsuite/ftbbn0g02.png (deflated 3%)
#22 25.57   adding: src/libpng/contrib/pngsuite/basn0g04.png (deflated 3%)
#22 25.57   adding: src/libpng/contrib/pngsuite/ftbwn0g16.png (stored 0%)
#22 25.57   adding: src/libpng/contrib/pngsuite/iftbgn2c16.png (deflated 4%)
#22 25.57   adding: src/libpng/contrib/pngsuite/ftp1n3p08.png (deflated 1%)
#22 25.57   adding: src/libpng/contrib/pngsuite/iftbyn3p08.png (deflated 0%)
#22 25.57   adding: src/libpng/contrib/pngsuite/iftp0n3p08.png (deflated 0%)
#22 25.57   adding: src/libpng/contrib/pngsuite/iftp0n2c08.png (stored 0%)
#22 25.57   adding: src/libpng/contrib/pngsuite/iftbbn3p08.png (deflated 0%)
#22 25.57   adding: src/libpng/contrib/pngsuite/basn4a08.png (deflated 3%)
#22 25.57   adding: src/libpng/contrib/pngsuite/iftbbn2c16.png (deflated 4%)
#22 25.57   adding: src/libpng/contrib/pngsuite/basn3p02.png (deflated 7%)
#22 25.57   adding: src/libpng/contrib/pngsuite/iftbwn3p08.png (deflated 0%)
#22 25.57   adding: src/libpng/contrib/pngsuite/ibasn0g08.png (stored 0%)
#22 25.57   adding: src/libpng/contrib/pngsuite/ibasn3p08.png (deflated 21%)
#22 25.57   adding: src/libpng/contrib/pngsuite/basn0g02.png (deflated 7%)
#22 25.57   adding: src/libpng/contrib/pngsuite/ftbbn0g04.png (stored 0%)
#22 25.57   adding: src/libpng/contrib/pngsuite/ibasn0g16.png (deflated 1%)
#22 25.57   adding: src/libpng/contrib/pngsuite/ibasn6a16.png (stored 0%)
#22 25.57   adding: src/libpng/contrib/pngsuite/basn0g01.png (deflated 3%)
#22 25.57   adding: src/libpng/contrib/pngsuite/basn6a16.png (deflated 0%)
#22 25.57   adding: src/libpng/contrib/pngsuite/iftbwn0g16.png (stored 0%)
#22 25.57   adding: src/libpng/contrib/pngsuite/ftp0n0g08.png (stored 0%)
#22 25.57   adding: src/libpng/contrib/pngsuite/ibasn4a08.png (stored 0%)
#22 25.57   adding: src/libpng/contrib/pngsuite/ftp0n3p08.png (deflated 1%)
#22 25.57   adding: src/libpng/contrib/pngsuite/basn0g16.png (deflated 2%)
#22 25.57   adding: src/libpng/contrib/pngsuite/ibasn4a16.png (stored 0%)
#22 25.57   adding: src/libpng/contrib/pngsuite/basn3p04.png (deflated 4%)
#22 25.57   adding: src/libpng/contrib/pngsuite/ftbbn2c16.png (stored 0%)
#22 25.57   adding: src/libpng/contrib/pngsuite/ftp0n2c08.png (stored 0%)
#22 25.57   adding: src/libpng/contrib/pngsuite/ftbgn2c16.png (stored 0%)
#22 25.57   adding: src/libpng/contrib/pngsuite/iftp1n3p08.png (deflated 0%)
#22 25.57   adding: src/libpng/contrib/pngsuite/basn4a16.png (stored 0%)
#22 25.57   adding: src/libpng/contrib/pngsuite/basn2c16.png (stored 0%)
#22 25.57   adding: src/libpng/contrib/pngsuite/ibasn2c08.png (stored 0%)
#22 25.57 + cp /src/libpng/contrib/oss-fuzz/png.dict /src/libpng/contrib/oss-fuzz/libpng_read_fuzzer.options /out/cmplog/
#22 DONE 25.8s

#23 exporting to image
#23 exporting layers
#23 exporting layers 5.0s done
#23 preparing layers for inline cache 0.1s done
#23 writing image sha256:7b0f9e1b5dad602d519027372e8519a7b70ddde5ef1f036baa64afd408f2b747 done
#23 naming to gcr.io/fuzzbench/builders/aflmmbb/libpng_libpng_read_fuzzer done
#23 DONE 5.1s

 [33m4 warnings found (use --debug to expand):
[0m - InvalidDefaultArgInFrom: Default value for ARG $parent_image results in empty or invalid base image name (line 20)
 - LegacyKeyValueFormat: "ENV key=value" should be used instead of legacy "ENV key value" format (line 26)
 - LegacyKeyValueFormat: "ENV key=value" should be used instead of legacy "ENV key value" format (line 27)
 - LegacyKeyValueFormat: "ENV key=value" should be used instead of legacy "ENV key value" format (line 28)
docker build \
--tag gcr.io/fuzzbench/runners/aflmmbb/libpng_libpng_read_fuzzer-intermediate \
--build-arg BUILDKIT_INLINE_CACHE=1 \
--cache-from gcr.io/fuzzbench/runners/aflmmbb/libpng_libpng_read_fuzzer-intermediate \
--file fuzzers/aflmmbb/runner.Dockerfile \
fuzzers/aflmmbb
#0 building with "default" instance using docker driver

#1 [internal] load build definition from runner.Dockerfile
#1 transferring dockerfile: 1.13kB done
#1 WARN: UndefinedVar: Usage of undefined variable '$LD_LIBRARY_PATH' (line 18)
#1 DONE 0.0s

#2 [internal] load metadata for gcr.io/fuzzbench/base-image:latest
#2 DONE 0.0s

#3 [internal] load .dockerignore
#3 transferring context: 2B done
#3 DONE 0.0s

#4 importing cache manifest from gcr.io/fuzzbench/runners/aflmmbb/libpng_libpng_read_fuzzer-intermediate
#4 DONE 0.0s

#5 [1/1] FROM gcr.io/fuzzbench/base-image:latest
#5 CACHED

#6 exporting to image
#6 exporting layers done
#6 preparing layers for inline cache done
#6 writing image sha256:0dcae0633340983dc0f0325a60e3ded9110cef498f835801c6f3e1c84d756bd0 done
#6 naming to gcr.io/fuzzbench/runners/aflmmbb/libpng_libpng_read_fuzzer-intermediate done
#6 DONE 0.0s

 [33m1 warning found (use --debug to expand):
[0m - UndefinedVar: Usage of undefined variable '$LD_LIBRARY_PATH' (line 18)
docker build \
--tag gcr.io/fuzzbench/runners/aflmmbb/libpng_libpng_read_fuzzer \
--build-arg BUILDKIT_INLINE_CACHE=1 \
--cache-from gcr.io/fuzzbench/runners/aflmmbb/libpng_libpng_read_fuzzer \
--build-arg benchmark=libpng_libpng_read_fuzzer \
--build-arg fuzzer=aflmmbb \
--file docker/benchmark-runner/Dockerfile \
.
#0 building with "default" instance using docker driver

#1 [internal] load build definition from Dockerfile
#1 transferring dockerfile: 3.23kB done
#1 WARN: InvalidDefaultArgInFrom: Default value for ARG gcr.io/fuzzbench/builders/$fuzzer/$benchmark results in empty or invalid base image name (line 37)
#1 WARN: InvalidDefaultArgInFrom: Default value for ARG gcr.io/fuzzbench/runners/$fuzzer/$benchmark-intermediate results in empty or invalid base image name (line 41)
#1 WARN: LegacyKeyValueFormat: "ENV key=value" should be used instead of legacy "ENV key value" format (line 53)
#1 WARN: LegacyKeyValueFormat: "ENV key=value" should be used instead of legacy "ENV key value" format (line 54)
#1 WARN: JSONArgsRecommended: JSON arguments recommended for ENTRYPOINT to prevent unintended behavior related to OS signals (line 86)
#1 DONE 0.0s

#2 [internal] load metadata for gcr.io/fuzzbench/runners/aflmmbb/libpng_libpng_read_fuzzer-intermediate:latest
#2 DONE 0.0s

#3 [internal] load metadata for gcr.io/fuzzbench/builders/aflmmbb/libpng_libpng_read_fuzzer:latest
#3 DONE 0.0s

#4 [internal] load .dockerignore
#4 transferring context: 220B done
#4 DONE 0.0s

#5 [stage-1  1/12] FROM gcr.io/fuzzbench/runners/aflmmbb/libpng_libpng_read_fuzzer-intermediate:latest
#5 DONE 0.0s

#6 importing cache manifest from gcr.io/fuzzbench/runners/aflmmbb/libpng_libpng_read_fuzzer
#6 DONE 0.0s

#7 [internal] load build context
#7 ...

#8 [builder 1/1] FROM gcr.io/fuzzbench/builders/aflmmbb/libpng_libpng_read_fuzzer:latest
#8 DONE 0.2s

#7 [internal] load build context
#7 transferring context: 7.26MB 0.2s done
#7 DONE 0.2s

#9 [stage-1  3/12] RUN mkdir -p /out
#9 CACHED

#10 [stage-1  2/12] RUN apt-get update -y &&     DEBIAN_FRONTEND="noninteractive" apt-get install -y     libglib2.0-0     libxml2     libarchive13     libgss3
#10 CACHED

#11 [stage-1  4/12] WORKDIR /out
#11 CACHED

#12 [stage-1  5/12] COPY --from=builder /out/ ./
#12 DONE 0.0s

#13 [stage-1  6/12] COPY benchmarks /src/benchmarks
#13 DONE 0.1s

#14 [stage-1  7/12] COPY fuzzers /src/fuzzers
#14 DONE 0.1s

#15 [stage-1  8/12] RUN mkdir -p /out/seeds /out/corpus
#15 DONE 0.2s

#16 [stage-1  9/12] COPY common /src/common
#16 DONE 0.0s

#17 [stage-1 10/12] COPY experiment/runner.py /src/experiment/runner.py
#17 DONE 0.0s

#18 [stage-1 11/12] COPY docker/benchmark-runner /src/docker/benchmark-runner
#18 DONE 0.0s

#19 [stage-1 12/12] RUN chmod +x /src/docker/benchmark-runner/startup-runner.sh
#19 DONE 0.2s

#20 exporting to image
#20 exporting layers 0.0s done
#20 preparing layers for inline cache done
#20 writing image sha256:8dce6b8b296830219107caad9e6e57203d3d6a13acb929fb36415f63940b31e6 done
#20 naming to gcr.io/fuzzbench/runners/aflmmbb/libpng_libpng_read_fuzzer done
#20 DONE 0.1s

 [33m5 warnings found (use --debug to expand):
[0m - InvalidDefaultArgInFrom: Default value for ARG gcr.io/fuzzbench/builders/$fuzzer/$benchmark results in empty or invalid base image name (line 37)
 - InvalidDefaultArgInFrom: Default value for ARG gcr.io/fuzzbench/runners/$fuzzer/$benchmark-intermediate results in empty or invalid base image name (line 41)
 - LegacyKeyValueFormat: "ENV key=value" should be used instead of legacy "ENV key value" format (line 53)
 - LegacyKeyValueFormat: "ENV key=value" should be used instead of legacy "ENV key value" format (line 54)
 - JSONArgsRecommended: JSON arguments recommended for ENTRYPOINT to prevent unintended behavior related to OS signals (line 86)
