time, #execs, #covered, #singletons, #sglt_clusts, #foundnew, done, update?
16, 1, 9336, 9336, 1, 1, true, true
29, 2, 9545, 2186, 2, 2, true, true
38, 3, 10058, 2008, 3, 3, true, true
47, 4, 10200, 2066, 4, 4, true, true
60, 5, 10923, 2775, 5, 5, true, true
71, 6, 11383, 2112, 6, 6, true, true
81, 7, 12772, 2995, 7, 7, true, true
90, 8, 12837, 2994, 8, 8, true, true
99, 9, 12892, 3040, 9, 9, true, true
109, 10, 13090, 2674, 10, 10, true, true
119, 11, 13115, 2635, 11, 11, true, true
129, 12, 13116, 2636, 12, 11, true, true
139, 13, 13125, 2622, 12, 12, true, true
148, 14, 13480, 2970, 13, 13, true, true
156, 15, 13612, 3018, 14, 13, true, true
167, 16, 13780, 2952, 15, 14, true, true
178, 17, 13835, 2369, 16, 15, true, true
187, 18, 14089, 2579, 17, 15, true, true
202, 19, 14107, 2558, 18, 16, true, true
222, 20, 14123, 2574, 19, 17, true, true
232, 21, 14228, 2501, 19, 18, true, true
243, 22, 14236, 2485, 19, 19, true, true
252, 23, 14297, 2545, 20, 20, true, true
280, 25, 14328, 2575, 21, 23, true, true
286, 26, 14446, 2679, 22, 24, true, true
301, 27, 14549, 2693, 23, 25, true, true
311, 28, 14988, 3032, 24, 26, true, true
321, 29, 15506, 3534, 25, 27, true, true
360, 31, 15522, 3533, 26, 29, true, true
390, 32, 15533, 3387, 27, 30, true, true
1154, 33, 16231, 3727, 28, 31, true, true
1182, 34, 16232, 3718, 29, 32, true, true
1218, 36, 16257, 3705, 30, 34, true, true
1231, 37, 16356, 3785, 31, 34, true, true
1259, 38, 16502, 3692, 31, 33, true, true
1287, 39, 16563, 3744, 32, 33, true, true
1306, 40, 16618, 3745, 33, 33, true, true
1319, 41, 16751, 3685, 34, 34, true, true
1336, 42, 16778, 3696, 35, 31, true, true
1355, 43, 17118, 3791, 36, 31, true, true
1382, 44, 17384, 3736, 37, 31, true, true
1407, 45, 17436, 3628, 38, 31, true, true
1423, 46, 17447, 3422, 39, 31, true, true
1441, 47, 17696, 3530, 39, 31, true, true
1469, 48, 17729, 3548, 40, 31, true, true
1484, 49, 17745, 3485, 41, 30, true, true
1536, 50, 17745, 3480, 41, 31, true, true
1561, 51, 17884, 3587, 42, 32, true, true
1593, 52, 18001, 3480, 43, 33, true, true
1612, 53, 18028, 3459, 44, 34, true, true
1628, 54, 18040, 3460, 45, 34, true, true
1640, 55, 18092, 3460, 46, 35, true, true
1676, 56, 18221, 3589, 47, 36, true, true
1755, 58, 18228, 3542, 48, 39, true, true
1771, 59, 18313, 3439, 48, 40, true, true
1786, 60, 18914, 4016, 49, 40, true, true
1845, 61, 18914, 4009, 49, 42, true, true
1864, 62, 19043, 4102, 49, 42, true, true
1910, 63, 19045, 4096, 50, 42, true, true
1951, 64, 19078, 4126, 51, 43, true, true
1976, 65, 19533, 4183, 52, 43, true, true
2044, 66, 19533, 4066, 51, 44, true, true
2093, 67, 19563, 4090, 51, 44, true, true
2166, 68, 20009, 4366, 51, 41, true, true
2193, 69, 20023, 4208, 52, 40, true, true
2449, 70, 20145, 4278, 52, 41, true, true
2489, 71, 20158, 4226, 52, 41, true, true
2544, 72, 20158, 4225, 51, 43, true, true
2574, 73, 20160, 4222, 52, 44, true, true
2620, 74, 20160, 4221, 52, 45, true, true
2697, 75, 20160, 4218, 51, 46, true, true
2776, 76, 20160, 4215, 51, 48, true, true
2871, 78, 20161, 4216, 52, 51, true, true
2956, 80, 20191, 4228, 53, 51, true, true
2982, 81, 20193, 4229, 54, 51, true, true
3003, 82, 20227, 4255, 55, 50, true, true
3085, 83, 20227, 4254, 55, 52, true, true
3149, 84, 20227, 4247, 55, 54, true, true
3223, 85, 20227, 4232, 55, 56, true, true
3259, 86, 20227, 4223, 55, 58, true, true
3374, 88, 20260, 4251, 56, 58, true, true
3462, 90, 20262, 4253, 57, 60, true, true
3543, 92, 20286, 4243, 58, 61, true, true
3560, 93, 20317, 4239, 59, 62, true, true
3616, 94, 20317, 4236, 59, 63, true, true
3706, 96, 20319, 4229, 60, 64, true, true
3740, 97, 20323, 4204, 61, 63, true, true
3861, 100, 20325, 4196, 62, 65, true, true
3905, 101, 20325, 4142, 61, 66, true, true
3927, 102, 20329, 4146, 62, 65, true, true
3974, 103, 20329, 4094, 62, 67, true, true
3999, 104, 20332, 4096, 63, 67, true, true
4017, 105, 20546, 3903, 64, 67, true, true
4079, 106, 20547, 3895, 64, 65, true, true
4146, 108, 20781, 4019, 65, 67, true, true
4176, 109, 20781, 4017, 65, 67, true, true
4230, 110, 20798, 4018, 66, 67, true, true
4249, 111, 20804, 3994, 67, 68, true, true
4313, 112, 20804, 3980, 67, 68, true, true
4364, 113, 20806, 3982, 68, 68, true, true
4384, 114, 20811, 3987, 69, 68, true, true
4442, 115, 20822, 3955, 69, 67, true, true
4467, 116, 21164, 4019, 68, 67, true, true
4508, 117, 21223, 4019, 69, 66, true, true
4598, 118, 21223, 4012, 69, 68, true, true
4629, 119, 21224, 4012, 69, 67, true, true
4760, 121, 21224, 4004, 69, 69, true, true
4798, 122, 21259, 4038, 70, 70, true, true
4897, 124, 21260, 4035, 70, 71, true, true
4977, 125, 21260, 4034, 69, 72, true, true
5007, 126, 21269, 3965, 70, 73, true, true
5107, 127, 21280, 3974, 71, 72, true, true
5129, 128, 21316, 4002, 72, 71, true, true
5224, 129, 21316, 4001, 72, 72, true, true
5305, 130, 21316, 4000, 71, 74, true, true
5428, 132, 21316, 3952, 71, 74, true, true
5463, 133, 21321, 3923, 72, 73, true, true
5634, 135, 21321, 3911, 72, 75, true, true
5653, 136, 21340, 3892, 73, 75, true, true
5761, 138, 21532, 3961, 73, 74, true, true
5789, 139, 21536, 3964, 74, 71, true, true
5828, 140, 21537, 3964, 75, 71, true, true
6031, 143, 21542, 3966, 76, 74, true, true
6054, 144, 21573, 3995, 77, 74, true, true
6093, 145, 21601, 4017, 78, 75, true, true
6112, 146, 21651, 4066, 79, 74, true, true
6188, 148, 21668, 4015, 80, 75, true, true
6202, 149, 21672, 4000, 81, 73, true, true
6286, 151, 21684, 4012, 82, 71, true, true
6340, 152, 21684, 4011, 81, 72, true, true
6384, 153, 21684, 3998, 80, 74, true, true
6410, 154, 21700, 4010, 81, 74, true, true
6459, 155, 21703, 4013, 82, 73, true, true
6501, 156, 21703, 4010, 82, 75, true, true
6588, 157, 21703, 4009, 82, 77, true, true
6675, 158, 21703, 4008, 81, 78, true, true
6803, 160, 21704, 4009, 82, 78, true, true
6928, 162, 21706, 3979, 83, 79, true, true
6954, 163, 21774, 4019, 84, 79, true, true
7135, 165, 21774, 3932, 84, 80, true, true
7156, 166, 21774, 3929, 84, 80, true, true
7212, 167, 21776, 3929, 85, 80, true, true
7248, 168, 21959, 3995, 86, 78, true, true
7301, 169, 21962, 3998, 87, 77, true, true
7410, 171, 21971, 4001, 88, 77, true, true
7434, 172, 21987, 4005, 89, 77, true, true
7497, 173, 21987, 3943, 88, 78, true, true
7583, 175, 22020, 3976, 89, 80, true, true
7778, 177, 22021, 3977, 90, 81, true, true
7853, 178, 22022, 3958, 90, 81, true, true
7903, 179, 22024, 3956, 91, 80, true, true
7987, 180, 22024, 3954, 90, 81, true, true
8108, 182, 22140, 4069, 91, 81, true, true
8213, 184, 22144, 4044, 92, 83, true, true
8239, 185, 22181, 4063, 93, 82, true, true
8268, 186, 22253, 4114, 94, 83, true, true
8308, 187, 22257, 4113, 94, 80, true, true
8386, 188, 22257, 4106, 94, 80, true, true
8473, 189, 22257, 3993, 94, 81, true, true
8512, 190, 22259, 3995, 95, 81, true, true
8593, 191, 22259, 3994, 95, 82, true, true
8949, 195, 22263, 3948, 96, 87, true, true
9165, 197, 22266, 3950, 97, 88, true, true
9512, 200, 22266, 3948, 96, 90, true, true
9535, 201, 22275, 3938, 97, 89, true, true
9711, 203, 22289, 3931, 97, 91, true, true
9879, 205, 22289, 3923, 97, 93, true, true
9961, 206, 22329, 3955, 98, 94, true, true
10067, 207, 22329, 3953, 97, 95, true, true
10150, 208, 22331, 3944, 98, 94, true, true
10364, 211, 23036, 4358, 99, 93, true, true
10486, 213, 23195, 4399, 99, 94, true, true
10566, 214, 23329, 4524, 100, 94, true, true
10718, 216, 23355, 4549, 101, 96, true, true
10931, 219, 23358, 4458, 101, 100, true, true
11039, 220, 23358, 4446, 101, 102, true, true
11090, 221, 23371, 4379, 102, 103, true, true
11190, 222, 23389, 4330, 102, 103, true, true
11313, 223, 23389, 4263, 101, 105, true, true
11596, 226, 23389, 4258, 101, 109, true, true
11885, 228, 23390, 4256, 102, 111, true, true
12140, 231, 23417, 4168, 102, 112, true, true
12177, 232, 23420, 4171, 103, 111, true, true
12198, 233, 23421, 4156, 104, 111, true, true
12418, 235, 23423, 4158, 105, 110, true, true
12459, 236, 23459, 4193, 106, 110, true, true
12660, 238, 23460, 4194, 107, 110, true, true
12906, 241, 23482, 4151, 108, 112, true, true
12953, 242, 23502, 4089, 108, 108, true, true
13023, 243, 23504, 4091, 109, 107, true, true
13094, 244, 23510, 4096, 109, 107, true, true
13392, 247, 23515, 3558, 108, 111, true, true
13478, 248, 23516, 3556, 109, 107, true, true
13513, 249, 23518, 3397, 108, 106, true, true
13774, 251, 23526, 3355, 109, 106, true, true
13865, 252, 23526, 3354, 108, 106, true, true
14561, 258, 23527, 3355, 109, 108, true, true
14675, 259, 23556, 3333, 109, 108, true, true
14755, 260, 23559, 3336, 110, 106, true, true
15603, 268, 23562, 3227, 111, 112, true, true
15676, 269, 23593, 3191, 112, 112, true, true
15797, 270, 23593, 3190, 111, 114, true, true
15967, 272, 23594, 3191, 112, 114, true, true
16087, 273, 23600, 3149, 112, 114, true, true
16577, 277, 23620, 3159, 113, 117, true, true
17723, 280, 23671, 3042, 113, 113, true, true
17747, 281, 23685, 3020, 114, 112, true, true
17858, 282, 23686, 3021, 115, 112, true, true
17986, 283, 23720, 2930, 116, 109, true, true
18421, 286, 23727, 2935, 117, 112, true, true
18445, 287, 23745, 2946, 118, 112, true, true
18703, 289, 23745, 2882, 118, 114, true, true
18801, 290, 23745, 2880, 117, 115, true, true
19338, 294, 23745, 2877, 117, 117, true, true
19360, 295, 23749, 2866, 117, 113, true, true
20575, 304, 23800, 2895, 118, 118, true, true
20772, 305, 23804, 2889, 118, 117, true, true
20889, 306, 23807, 2892, 119, 118, true, true
21298, 309, 23807, 2891, 118, 120, true, true
21408, 310, 23807, 2888, 118, 121, true, true
21515, 311, 23807, 2887, 118, 123, true, true
21612, 312, 23843, 2916, 119, 123, true, true
21705, 313, 23845, 2918, 120, 123, true, true
21789, 314, 23845, 2915, 120, 124, true, true
21955, 316, 23880, 2950, 121, 127, true, true
22121, 317, 23880, 2948, 120, 128, true, true
22221, 318, 23914, 2981, 120, 129, true, true
22657, 321, 23924, 2987, 121, 131, true, true
23011, 323, 23927, 2972, 122, 131, true, true
23446, 326, 23928, 2972, 123, 131, true, true
23969, 330, 23929, 2973, 124, 135, true, true
24523, 333, 23929, 2941, 124, 139, true, true
25617, 340, 23936, 2926, 125, 143, true, true
25786, 341, 23936, 2923, 124, 144, true, true
26378, 344, 23936, 2903, 122, 147, true, true
26662, 346, 23937, 2903, 123, 148, true, true
26883, 348, 23943, 2898, 122, 149, true, true
27173, 351, 25087, 4005, 123, 149, true, true
27436, 353, 25087, 4001, 123, 150, true, true
27591, 354, 25087, 4000, 123, 152, true, true
27834, 356, 25175, 4063, 124, 150, true, true
28319, 360, 25180, 4054, 124, 153, true, true
28497, 361, 25180, 4051, 124, 155, true, true
28670, 362, 25180, 4047, 124, 157, true, true
28718, 363, 25182, 4048, 125, 155, true, true
29089, 365, 25182, 4045, 124, 157, true, true
29247, 366, 25186, 4046, 125, 155, true, true
29286, 367, 25194, 4054, 126, 156, true, true
29771, 371, 25194, 4052, 125, 157, true, true
30181, 374, 25194, 4050, 125, 161, true, true
30879, 378, 25194, 4033, 125, 164, true, true
31131, 380, 25204, 4040, 125, 163, true, true
31373, 382, 25219, 4023, 125, 164, true, true
31417, 383, 25795, 4579, 126, 163, true, true
31559, 384, 25797, 4581, 127, 164, true, true
31586, 385, 25801, 4549, 128, 163, true, true
32397, 389, 25801, 4547, 128, 166, true, true
32517, 390, 25802, 4547, 129, 165, true, true
32635, 391, 25821, 4560, 129, 162, true, true
33311, 393, 25858, 4477, 130, 163, true, true
34039, 396, 25858, 4476, 130, 164, true, true
34220, 397, 25859, 4477, 131, 164, true, true
34608, 399, 25859, 4472, 130, 164, true, true
34673, 400, 25860, 4471, 130, 164, true, true
35359, 404, 25861, 4472, 131, 165, true, true
35497, 405, 25861, 4470, 130, 166, true, true
35899, 408, 25864, 4467, 131, 169, true, true
36038, 409, 25865, 4468, 132, 167, true, true
36430, 411, 25867, 4470, 133, 167, true, true
36460, 412, 25881, 4482, 134, 165, true, true
36668, 414, 25890, 4491, 135, 165, true, true
38783, 425, 25918, 4515, 135, 171, true, true
39229, 428, 25925, 4461, 136, 173, true, true
39621, 430, 25927, 4457, 136, 173, true, true
39677, 431, 26060, 4586, 137, 172, true, true
39794, 432, 26063, 4579, 137, 171, true, true
39840, 433, 26310, 4826, 138, 170, true, true
40270, 435, 26311, 4826, 139, 173, true, true
40303, 436, 26331, 4843, 140, 174, true, true
40404, 437, 26473, 4984, 141, 174, true, true
40611, 438, 26473, 4983, 140, 175, true, true
40765, 439, 26483, 4447, 141, 176, true, true
40932, 440, 26483, 4446, 140, 178, true, true
41025, 441, 26485, 4446, 140, 178, true, true
41155, 442, 26486, 4447, 141, 176, true, true
41180, 443, 26526, 4119, 142, 174, true, true
41421, 444, 26526, 4103, 141, 174, true, true
41518, 445, 26534, 4105, 141, 174, true, true
41563, 446, 26535, 4106, 142, 169, true, true
41997, 449, 26544, 4057, 143, 170, true, true
42135, 450, 26546, 4055, 144, 168, true, true
42248, 451, 26557, 4065, 145, 168, true, true
42411, 452, 26557, 4064, 145, 168, true, true
42845, 454, 26560, 4067, 146, 167, true, true
42892, 455, 26662, 4166, 147, 166, true, true
42928, 456, 26666, 4169, 148, 165, true, true
43036, 457, 26666, 4166, 148, 165, true, true
44154, 462, 26668, 4167, 149, 167, true, true
44712, 466, 26669, 4168, 150, 167, true, true
45562, 470, 26669, 4167, 149, 169, true, true
45809, 471, 26669, 4142, 149, 169, true, true
46332, 474, 26670, 4143, 150, 170, true, true
46858, 478, 26671, 4144, 151, 174, true, true
47385, 481, 26671, 4143, 150, 174, true, true
47604, 482, 26671, 4142, 150, 175, true, true
48664, 487, 26685, 4154, 151, 174, true, true
48840, 488, 26685, 4152, 150, 174, true, true
48982, 489, 26698, 4149, 150, 173, true, true
49259, 491, 26706, 4151, 151, 173, true, true
49317, 492, 26718, 4052, 151, 171, true, true
49411, 493, 26722, 4050, 152, 170, true, true
49610, 494, 26723, 4041, 153, 169, true, true
51074, 500, 26724, 4041, 154, 167, true, true
51263, 501, 26724, 4040, 154, 167, true, true
52734, 507, 26726, 4042, 155, 170, true, true
52975, 508, 26729, 3916, 156, 169, true, true
53695, 512, 26770, 3957, 157, 168, true, true
54649, 516, 26781, 3968, 158, 170, true, true
54694, 517, 26782, 3944, 159, 169, true, true
55502, 521, 26787, 3949, 160, 168, true, true
55621, 522, 26795, 3957, 161, 167, true, true
57221, 528, 26795, 3946, 161, 170, true, true
57440, 529, 26796, 3947, 162, 169, true, true
57829, 531, 26969, 4118, 162, 170, true, true
58332, 533, 26969, 4117, 161, 172, true, true
58709, 535, 26969, 4116, 161, 174, true, true
59308, 538, 26970, 4110, 162, 176, true, true
59413, 539, 27037, 4174, 163, 177, true, true
59597, 540, 27038, 4162, 164, 174, true, true
61229, 547, 27211, 4330, 165, 177, true, true
61967, 550, 27213, 4331, 165, 179, true, true
62522, 553, 27220, 4316, 166, 178, true, true
62574, 554, 27225, 4309, 166, 177, true, true
62726, 555, 27227, 4308, 167, 175, true, true
63438, 558, 27489, 4558, 168, 176, true, true
63522, 559, 27501, 4567, 169, 175, true, true
64036, 562, 27502, 4568, 170, 174, true, true
64934, 563, 27511, 4569, 171, 173, true, true
65327, 565, 27514, 4572, 172, 172, true, true
66187, 569, 27515, 4573, 173, 173, true, true
66219, 570, 27535, 4592, 173, 172, true, true
66810, 572, 27557, 4596, 174, 173, true, true
67391, 575, 27564, 4572, 175, 174, true, true
67864, 577, 27602, 4579, 176, 173, true, true
68569, 580, 27604, 4577, 176, 172, true, true
69071, 582, 27610, 4576, 177, 172, true, true
69231, 583, 27610, 4570, 176, 173, true, true
70713, 589, 27612, 4571, 176, 174, true, true
71897, 593, 27612, 4568, 175, 175, true, true
72672, 597, 27641, 4582, 174, 177, true, true
73045, 599, 27695, 4636, 175, 176, true, true
73740, 602, 27697, 4628, 175, 176, true, true
73959, 603, 27697, 4627, 174, 176, true, true
74288, 605, 27708, 4614, 173, 174, true, true
74346, 606, 27710, 4616, 174, 173, true, true
75601, 611, 27713, 4619, 175, 172, true, true
75663, 612, 27716, 4622, 176, 171, true, true
76125, 614, 27717, 4622, 176, 168, true, true
76435, 616, 27765, 4665, 177, 168, true, true
77168, 620, 27778, 4635, 178, 168, true, true
77214, 621, 27783, 4632, 178, 167, true, true
77416, 622, 27784, 4633, 179, 167, true, true
77807, 624, 27788, 4626, 179, 167, true, true
78259, 626, 27830, 4668, 180, 166, true, true
78671, 628, 27831, 4669, 181, 165, true, true
78860, 629, 27852, 4688, 182, 165, true, true
79315, 631, 27852, 4685, 181, 166, true, true
79491, 632, 27854, 4687, 182, 164, true, true
79524, 633, 27857, 4689, 183, 164, true, true
80240, 636, 27859, 4675, 184, 163, true, true
80694, 638, 27860, 4654, 181, 162, true, true
81656, 642, 27862, 4655, 182, 161, true, true
82868, 646, 27871, 4636, 183, 160, true, true
82957, 647, 27884, 4640, 184, 159, true, true
84001, 650, 27884, 4639, 183, 159, true, true
84993, 654, 27884, 4625, 183, 161, true, true
85114, 655, 27886, 4627, 184, 159, true, true
85691, 657, 27891, 4632, 185, 158, true, true
86394, 660, 27928, 4657, 185, 157, true, true
86472, 661, 27931, 4657, 185, 154, true, true
86506, 662, 27933, 4659, 186, 153, true, true
87370, 666, 27934, 4660, 187, 153, true, true
87413, 667, 27985, 4523, 187, 152, true, true
87468, 668, 28379, 4814, 187, 150, true, true
88066, 669, 28379, 4813, 187, 150, true, true
89173, 674, 28380, 4811, 188, 150, true, true
89816, 676, 28380, 4808, 187, 151, true, true
89921, 677, 28384, 4797, 187, 150, true, true
91147, 682, 28428, 4811, 187, 149, true, true
91562, 684, 28429, 4803, 188, 149, true, true
91618, 685, 28432, 4762, 189, 149, true, true
92395, 688, 28436, 4753, 190, 149, true, true
92765, 689, 28436, 4736, 190, 149, true, true
93271, 691, 28445, 4745, 191, 148, true, true
94567, 696, 28456, 4756, 192, 150, true, true
94959, 698, 28456, 4752, 191, 150, true, true
96429, 703, 28459, 4755, 192, 150, true, true
96687, 704, 28459, 4724, 191, 150, true, true
97490, 707, 28459, 4718, 190, 151, true, true
97705, 708, 28463, 4721, 191, 151, true, true
98360, 710, 28465, 4714, 192, 151, true, true
98612, 711, 28466, 4703, 193, 151, true, true
99297, 714, 28467, 4704, 194, 150, true, true
99563, 715, 28468, 4705, 195, 149, true, true
99994, 717, 28468, 4702, 194, 150, true, true
101079, 721, 28471, 4705, 195, 152, true, true
101381, 722, 28526, 4760, 196, 150, true, true
101512, 723, 28528, 4759, 197, 149, true, true
101823, 724, 28529, 4760, 198, 148, true, true
102001, 725, 28532, 4762, 199, 147, true, true
102319, 726, 28534, 4764, 200, 146, true, true
102381, 727, 28536, 4766, 201, 145, true, true
104118, 733, 28536, 4765, 201, 146, true, true
104300, 734, 28603, 4827, 202, 144, true, true
104619, 735, 28603, 4823, 201, 144, true, true
104707, 736, 28604, 4822, 201, 143, true, true
106414, 741, 28604, 4802, 200, 143, true, true
107409, 744, 28622, 4798, 201, 143, true, true
107637, 745, 28667, 4841, 201, 143, true, true
108515, 748, 28668, 4839, 202, 142, true, true
108806, 749, 28668, 4837, 201, 142, true, true
109396, 751, 28725, 4839, 202, 142, true, true
110546, 755, 28795, 4791, 202, 141, true, true
110947, 756, 28795, 4786, 202, 141, true, true
111627, 759, 28848, 4834, 201, 141, true, true
112173, 761, 28850, 4836, 202, 140, true, true
112220, 762, 28855, 4840, 203, 139, true, true
113520, 767, 28857, 4841, 203, 139, true, true
113608, 768, 28859, 4841, 204, 138, true, true
115891, 776, 28860, 4836, 205, 140, true, true
115993, 777, 28865, 4840, 206, 139, true, true
116837, 779, 28865, 4838, 205, 139, true, true
117414, 781, 28870, 4832, 206, 138, true, true
117728, 782, 28870, 4831, 205, 139, true, true
117943, 783, 28874, 4834, 206, 138, true, true
118790, 786, 28880, 4809, 207, 138, true, true
120367, 792, 28889, 4816, 208, 139, true, true
121160, 794, 28889, 4815, 208, 140, true, true
123355, 800, 28895, 4820, 209, 142, true, true
124334, 803, 28909, 4830, 209, 141, true, true
125020, 806, 28918, 4838, 210, 140, true, true
125349, 808, 28920, 4840, 211, 139, true, true
126570, 812, 28935, 4831, 212, 139, true, true
126775, 813, 28938, 4822, 212, 138, true, true
126907, 814, 28942, 4824, 213, 136, true, true
127198, 815, 28995, 4875, 213, 134, true, true
128518, 819, 28998, 4876, 212, 135, true, true
131115, 827, 29147, 5009, 212, 133, true, true
132154, 830, 29147, 4982, 212, 133, true, true
132564, 831, 29159, 4926, 212, 128, true, true
133474, 834, 29160, 4927, 213, 127, true, true
133538, 835, 29172, 4883, 212, 125, true, true
133951, 837, 29213, 4922, 213, 124, true, true
135503, 842, 29215, 4923, 213, 127, true, true
136270, 845, 29231, 4932, 214, 128, true, true
138627, 851, 29234, 4932, 215, 130, true, true
139330, 852, 29235, 4927, 216, 129, true, true
139590, 853, 29236, 4928, 217, 127, true, true
140351, 856, 29244, 4925, 217, 128, true, true
140919, 858, 29244, 4920, 217, 128, true, true
141633, 860, 29246, 4921, 218, 127, true, true
142751, 863, 29246, 4920, 217, 128, true, true
143051, 864, 29246, 4918, 217, 128, true, true
143463, 865, 29246, 4917, 216, 128, true, true
144181, 867, 29246, 4905, 215, 129, true, true
145080, 869, 29246, 4904, 214, 129, true, true
145155, 870, 29254, 4902, 214, 127, true, true
145516, 871, 29254, 4901, 213, 127, true, true
145829, 872, 29256, 4883, 214, 126, true, true
146042, 873, 29260, 4887, 215, 125, true, true
147087, 876, 29261, 4722, 216, 123, true, true
147355, 877, 29266, 4727, 217, 123, true, true
147687, 878, 29267, 4726, 218, 122, true, true
148005, 879, 29270, 4725, 219, 121, true, true
148068, 880, 29302, 4732, 219, 118, true, true
148709, 882, 29303, 4733, 220, 117, true, true
151338, 889, 29317, 4737, 221, 116, true, true
152193, 892, 29317, 4721, 221, 117, true, true
152892, 894, 29330, 4723, 221, 117, true, true
152934, 895, 29331, 4667, 222, 116, true, true
153734, 898, 29332, 4668, 223, 116, true, true
155023, 902, 29333, 4668, 223, 116, true, true
156837, 907, 29333, 4666, 222, 117, true, true
161593, 921, 29334, 4554, 223, 122, true, true
161983, 922, 29335, 4549, 224, 120, true, true
162330, 923, 29335, 4548, 224, 121, true, true
162778, 924, 29335, 4546, 223, 122, true, true
165181, 928, 29335, 4497, 223, 123, true, true
165913, 931, 29336, 4498, 224, 122, true, true
166398, 932, 29336, 4388, 224, 122, true, true
167055, 934, 29336, 4361, 223, 122, true, true
167568, 935, 29336, 4347, 222, 122, true, true
168058, 936, 29336, 4346, 221, 123, true, true
168434, 937, 29340, 4346, 220, 122, true, true
169301, 939, 29340, 4342, 219, 122, true, true
170304, 941, 29340, 4336, 219, 123, true, true
172141, 945, 29342, 4338, 220, 122, true, true
172948, 947, 29342, 4336, 219, 122, true, true
174139, 951, 29350, 4344, 220, 119, true, true
175037, 954, 29351, 4342, 221, 118, true, true
175307, 955, 29365, 4211, 222, 116, true, true
175560, 956, 29367, 4213, 223, 114, true, true
175987, 957, 29367, 4168, 222, 114, true, true
177174, 960, 29367, 4129, 221, 114, true, true
178395, 963, 29387, 4112, 222, 113, true, true
179403, 965, 29387, 4091, 221, 113, true, true
183686, 975, 29387, 4070, 220, 116, true, true
184163, 977, 29398, 4070, 219, 116, true, true
185949, 982, 29403, 4075, 220, 116, true, true
188261, 987, 29403, 4061, 219, 117, true, true
189079, 989, 29403, 4059, 218, 120, true, true
190230, 992, 29403, 4056, 217, 120, true, true
193350, 1000, 29403, 3994, 216, 122, true, true
194462, 1003, 29403, 3991, 215, 122, true, true
194510, 1004, 29404, 3992, 216, 121, true, true
194952, 1006, 29410, 3994, 217, 116, true, true
195603, 1008, 29442, 4009, 218, 115, true, true
196749, 1011, 29442, 3964, 217, 116, true, true
199388, 1017, 29442, 3961, 216, 116, true, true
201865, 1023, 29442, 3925, 215, 119, true, true
204727, 1030, 29442, 3924, 215, 119, true, true
204877, 1031, 29445, 3926, 215, 117, true, true
205251, 1032, 29454, 3933, 215, 115, true, true
205713, 1033, 29454, 3905, 214, 116, true, true
207310, 1037, 29457, 3908, 215, 114, true, true
208257, 1040, 29461, 3907, 215, 113, true, true
208879, 1042, 29464, 3908, 216, 113, true, true
209881, 1045, 29465, 3909, 217, 111, true, true
211490, 1049, 29465, 3908, 216, 112, true, true
211846, 1050, 29466, 3900, 216, 112, true, true
214909, 1057, 29466, 3896, 215, 112, true, true
216225, 1060, 29467, 3897, 216, 111, true, true
216543, 1061, 29467, 3895, 216, 111, true, true
217072, 1062, 29467, 3894, 215, 111, true, true
217244, 1063, 29479, 3801, 216, 110, true, true
218445, 1066, 29484, 3806, 217, 109, true, true
218794, 1067, 29522, 3830, 218, 106, true, true
219994, 1071, 29537, 3845, 219, 106, true, true
220728, 1073, 29537, 3840, 218, 106, true, true
222440, 1077, 29539, 3841, 218, 105, true, true
222880, 1078, 29539, 3840, 218, 105, true, true
223271, 1079, 29539, 3838, 217, 105, true, true
224148, 1081, 29545, 3834, 218, 104, true, true
224352, 1082, 29564, 3835, 218, 103, true, true
224664, 1083, 29696, 3866, 217, 101, true, true
230216, 1097, 29699, 3869, 218, 101, true, true
230499, 1098, 29708, 3877, 218, 100, true, true
230553, 1099, 29724, 3880, 219, 99, true, true
232186, 1103, 29724, 3878, 218, 100, true, true
234233, 1108, 29724, 3874, 217, 101, true, true
234619, 1109, 29724, 3870, 216, 101, true, true
235059, 1111, 29725, 3870, 217, 101, true, true
235686, 1113, 29725, 3850, 216, 102, true, true
236846, 1116, 29725, 3842, 216, 102, true, true
240772, 1124, 29725, 3834, 215, 104, true, true
241774, 1126, 29725, 3833, 214, 104, true, true
242219, 1128, 29784, 3709, 215, 103, true, true
243095, 1130, 29784, 3708, 215, 104, true, true
243485, 1131, 29784, 3674, 214, 104, true, true
244182, 1133, 29788, 3678, 215, 103, true, true
245421, 1136, 29790, 3674, 214, 102, true, true
247063, 1139, 29790, 3673, 214, 102, true, true
247518, 1141, 29791, 3671, 214, 102, true, true
248624, 1144, 29792, 3645, 215, 100, true, true
249295, 1146, 29794, 3644, 216, 99, true, true
249788, 1147, 29794, 3642, 216, 99, true, true
250961, 1150, 29797, 3645, 217, 98, true, true
252825, 1154, 29797, 3643, 216, 98, true, true
255586, 1161, 29799, 3645, 217, 99, true, true
256759, 1164, 29818, 3656, 218, 98, true, true
256863, 1165, 29823, 3653, 218, 97, true, true
257303, 1167, 29825, 3652, 219, 97, true, true
257975, 1168, 29825, 3650, 218, 98, true, true
258177, 1169, 29826, 3648, 219, 98, true, true
259699, 1172, 29826, 3643, 218, 98, true, true
261961, 1175, 29826, 3616, 217, 99, true, true
262521, 1176, 29826, 3605, 216, 100, true, true
263686, 1178, 29826, 3604, 215, 101, true, true
264951, 1181, 29837, 3606, 213, 101, true, true
268508, 1188, 29838, 3583, 214, 100, true, true
270188, 1192, 29838, 3582, 214, 101, true, true
270618, 1193, 29838, 3581, 213, 101, true, true
276883, 1204, 29845, 3569, 213, 100, true, true
278271, 1207, 29845, 3554, 212, 100, true, true
279882, 1211, 29845, 3532, 211, 100, true, true
280968, 1213, 29845, 3507, 211, 101, true, true
282415, 1217, 29855, 3517, 212, 100, true, true
284777, 1222, 29855, 3516, 211, 101, true, true
288684, 1230, 29866, 3507, 212, 102, true, true
292633, 1239, 29867, 3508, 213, 101, true, true
294178, 1243, 29881, 3490, 212, 99, true, true
296484, 1248, 29881, 3487, 211, 100, true, true
301266, 1258, 29881, 3484, 211, 101, true, true
302717, 1261, 29881, 3483, 210, 101, true, true
304209, 1265, 29882, 3481, 209, 100, true, true
304576, 1266, 29882, 3479, 208, 100, true, true
307578, 1273, 29882, 3477, 208, 102, true, true
309307, 1278, 29884, 3446, 208, 102, true, true
313541, 1286, 29884, 3444, 207, 104, true, true
314965, 1288, 29884, 3420, 206, 104, true, true
318241, 1296, 29884, 3418, 205, 107, true, true
320293, 1301, 29884, 3414, 205, 108, true, true
321260, 1303, 29884, 3411, 204, 108, true, true
322818, 1306, 29884, 3409, 203, 108, true, true
323030, 1307, 29884, 3395, 203, 109, true, true
331951, 1325, 29887, 3320, 204, 108, true, true
332368, 1326, 29887, 3244, 203, 108, true, true
332847, 1327, 29887, 3242, 202, 109, true, true
333286, 1328, 29887, 3239, 201, 109, true, true
334225, 1330, 29887, 3238, 200, 109, true, true
334266, 1331, 29890, 3241, 201, 108, true, true
334593, 1332, 29891, 3240, 202, 107, true, true
335084, 1333, 29891, 3239, 202, 107, true, true
335564, 1334, 29891, 3234, 202, 108, true, true
336305, 1336, 29891, 3229, 200, 108, true, true
337248, 1338, 29891, 3220, 199, 108, true, true
341771, 1348, 29891, 3219, 198, 109, true, true
342239, 1349, 29891, 3216, 197, 109, true, true
342290, 1350, 29901, 3223, 198, 106, true, true
351311, 1369, 29901, 3216, 197, 110, true, true
351538, 1370, 29902, 3217, 198, 110, true, true
353422, 1374, 29907, 3222, 199, 109, true, true
357404, 1384, 29907, 3221, 198, 109, true, true
358383, 1386, 29907, 3212, 197, 109, true, true
358531, 1387, 29910, 3215, 198, 108, true, true
358867, 1388, 29911, 3216, 199, 107, true, true
360750, 1392, 29911, 3215, 198, 108, true, true
364723, 1402, 30011, 3294, 199, 108, true, true
369034, 1412, 30011, 3293, 198, 108, true, true
370830, 1417, 30012, 3294, 199, 106, true, true
372855, 1421, 30012, 3265, 199, 107, true, true
372907, 1422, 30013, 3266, 200, 106, true, true
375026, 1426, 30013, 3261, 199, 106, true, true
378046, 1433, 30015, 3261, 200, 105, true, true
378491, 1434, 30015, 3198, 199, 105, true, true
378792, 1435, 30016, 3199, 200, 104, true, true
381770, 1442, 30019, 3043, 201, 102, true, true
382175, 1443, 30019, 3040, 200, 102, true, true
384814, 1449, 30019, 3035, 199, 103, true, true
386564, 1453, 30019, 3032, 199, 105, true, true
387053, 1454, 30019, 3020, 198, 105, true, true
392951, 1467, 30019, 2998, 197, 105, true, true
395652, 1472, 30019, 2986, 196, 105, true, true
397942, 1477, 30019, 2984, 195, 106, true, true
398308, 1478, 30019, 2979, 194, 106, true, true
402465, 1488, 30022, 2980, 195, 105, true, true
405211, 1494, 30022, 2926, 194, 105, true, true
408037, 1500, 30023, 2921, 194, 104, true, true
410390, 1505, 30023, 2920, 193, 104, true, true
411304, 1507, 30023, 2917, 192, 105, true, true
413226, 1511, 30023, 2916, 191, 105, true, true
414943, 1515, 30023, 2914, 190, 105, true, true
417099, 1520, 30023, 2911, 190, 106, true, true
420556, 1528, 30023, 2908, 189, 107, true, true
421756, 1531, 30069, 2953, 190, 106, true, true
424414, 1537, 30073, 2957, 191, 104, true, true
426594, 1541, 30073, 2953, 190, 104, true, true
430408, 1549, 30074, 2953, 191, 103, true, true
436700, 1562, 30074, 2940, 190, 104, true, true
437328, 1563, 30074, 2665, 189, 105, true, true
439839, 1568, 30074, 2664, 189, 105, true, true
440213, 1569, 30074, 2661, 188, 105, true, true
440681, 1570, 30074, 2653, 187, 105, true, true
443694, 1577, 30074, 2652, 187, 105, true, true
444365, 1579, 30075, 2652, 187, 104, true, true
444410, 1580, 30078, 2655, 188, 103, true, true
445281, 1582, 30078, 2654, 187, 103, true, true
449252, 1592, 30080, 2656, 188, 104, true, true
450075, 1594, 30080, 2655, 187, 104, true, true
452474, 1599, 30080, 2654, 187, 105, true, true
455184, 1605, 30081, 2654, 187, 105, true, true
460505, 1617, 30096, 2669, 188, 103, true, true
466405, 1629, 30096, 2603, 187, 105, true, true
467172, 1631, 30096, 2602, 186, 106, true, true
467823, 1633, 30097, 2601, 186, 105, true, true
469003, 1636, 30100, 2603, 187, 104, true, true
470539, 1639, 30100, 2585, 186, 104, true, true
470589, 1640, 30112, 2595, 186, 101, true, true
471932, 1643, 30112, 2594, 185, 102, true, true
474400, 1648, 30112, 2593, 185, 104, true, true
475417, 1650, 30112, 2584, 185, 104, true, true
477307, 1654, 30116, 2574, 186, 104, true, true
478146, 1656, 30116, 2573, 185, 104, true, true
478599, 1657, 30116, 2572, 184, 104, true, true
481184, 1663, 30116, 2570, 183, 105, true, true
484479, 1670, 30116, 2568, 183, 108, true, true
484875, 1671, 30116, 2567, 182, 108, true, true
485372, 1672, 30116, 2564, 181, 108, true, true
487215, 1676, 30123, 2563, 181, 106, true, true
487582, 1677, 30128, 2568, 182, 105, true, true
487785, 1678, 30150, 1459, 182, 104, true, true
489159, 1682, 30151, 1451, 183, 102, true, true
490307, 1685, 30152, 1452, 184, 102, true, true
490970, 1687, 30152, 1440, 183, 104, true, true
494369, 1694, 30152, 1439, 183, 104, true, true
495935, 1698, 30397, 1678, 184, 104, true, true
497354, 1701, 30404, 1685, 185, 103, true, true
499959, 1707, 30450, 1718, 185, 102, true, true
500440, 1708, 30450, 1717, 184, 102, true, true
501893, 1712, 30459, 1725, 185, 101, true, true
502795, 1714, 30459, 1722, 184, 101, true, true
503387, 1715, 30459, 1721, 183, 101, true, true
506333, 1722, 30465, 1727, 184, 100, true, true
510580, 1730, 30465, 1725, 184, 100, true, true
511493, 1732, 30465, 1685, 183, 100, true, true
512276, 1734, 30468, 1683, 184, 100, true, true
518722, 1746, 30468, 1680, 183, 103, true, true
521476, 1751, 30468, 1675, 182, 105, true, true
522047, 1753, 30931, 2111, 183, 104, true, true
524471, 1759, 30931, 2049, 182, 106, true, true
528528, 1767, 30931, 2047, 181, 107, true, true
531534, 1773, 30931, 2046, 180, 107, true, true
531927, 1774, 30931, 2043, 179, 107, true, true
535084, 1780, 30931, 2041, 178, 107, true, true
537709, 1786, 30937, 2044, 179, 107, true, true
539136, 1789, 30937, 2043, 178, 107, true, true
541356, 1793, 30937, 2008, 177, 107, true, true
542132, 1795, 30937, 2007, 177, 107, true, true
543534, 1798, 30937, 2006, 176, 107, true, true
550795, 1813, 30937, 2005, 175, 109, true, true
551627, 1815, 30939, 2007, 176, 108, true, true
551733, 1816, 30939, 2001, 175, 108, true, true
557422, 1826, 30939, 1998, 174, 111, true, true
557491, 1827, 30941, 2000, 175, 110, true, true
560150, 1832, 30942, 1997, 175, 108, true, true
567476, 1846, 30942, 1993, 174, 110, true, true
568112, 1848, 30957, 2008, 175, 109, true, true
569342, 1850, 30957, 1994, 174, 109, true, true
579799, 1871, 30959, 1996, 175, 109, true, true
585127, 1882, 30960, 1996, 175, 108, true, true
589957, 1892, 30960, 1994, 174, 109, true, true
605291, 1923, 30960, 1992, 173, 113, true, true
610738, 1935, 30961, 1992, 174, 113, true, true
612592, 1939, 30962, 1991, 175, 112, true, true
615662, 1946, 30964, 1993, 176, 110, true, true
618142, 1952, 30965, 1994, 177, 109, true, true
620898, 1958, 30965, 1992, 176, 109, true, true
623120, 1962, 30965, 1957, 175, 109, true, true
628243, 1973, 30965, 1955, 174, 112, true, true
629012, 1975, 30968, 1956, 173, 111, true, true
629933, 1977, 30968, 1937, 172, 112, true, true
630586, 1978, 30968, 1882, 171, 112, true, true
641073, 2001, 30968, 1873, 170, 119, true, true
643503, 2006, 30968, 1872, 169, 119, true, true
645304, 2010, 30969, 1873, 170, 118, true, true
645716, 2011, 30969, 1867, 169, 118, true, true
650608, 2021, 30969, 1865, 168, 119, true, true
658734, 2038, 30971, 1867, 169, 119, true, true
659236, 2039, 30971, 1866, 168, 119, true, true
659663, 2040, 30972, 1865, 168, 118, true, true
672005, 2065, 30990, 1883, 169, 118, true, true
681889, 2083, 30990, 1882, 168, 120, true, true
686731, 2094, 30992, 1884, 169, 120, true, true
689837, 2099, 30992, 1877, 168, 122, true, true
707185, 2138, 30992, 1869, 167, 127, true, true
711678, 2149, 30995, 1872, 168, 125, true, true
720448, 2170, 30996, 1873, 169, 124, true, true
721113, 2172, 31000, 1877, 170, 122, true, true
721521, 2173, 31000, 1875, 169, 122, true, true
727493, 2184, 31000, 1874, 168, 125, true, true
733003, 2197, 31000, 1873, 168, 128, true, true
735452, 2202, 31000, 1865, 167, 129, true, true
735655, 2203, 31001, 1866, 168, 128, true, true
737386, 2207, 31003, 1867, 169, 129, true, true
743212, 2220, 31003, 1865, 168, 132, true, true
745791, 2227, 31003, 1837, 167, 133, true, true
746665, 2229, 31003, 1834, 166, 133, true, true
750668, 2238, 31004, 1835, 167, 135, true, true
752946, 2243, 31004, 1834, 166, 135, true, true
753324, 2244, 31004, 1829, 165, 135, true, true
753805, 2245, 31004, 1826, 164, 135, true, true
760260, 2260, 31006, 1824, 165, 135, true, true
769061, 2282, 31007, 1821, 165, 136, true, true
775200, 2296, 31007, 1820, 164, 137, true, true
784825, 2320, 31007, 1818, 163, 139, true, true
785382, 2322, 31010, 1821, 164, 139, true, true
788088, 2328, 31010, 1820, 163, 140, true, true
791372, 2336, 31012, 1822, 164, 140, true, true
791828, 2337, 31012, 1819, 163, 140, true, true
795059, 2345, 31013, 1820, 164, 138, true, true
797344, 2351, 31026, 1833, 165, 137, true, true
798854, 2353, 31027, 1830, 165, 136, true, true
802091, 2362, 31049, 1852, 166, 136, true, true
805415, 2370, 31049, 1851, 166, 136, true, true
807560, 2375, 31050, 1846, 167, 135, true, true
811077, 2383, 31050, 1843, 166, 135, true, true
816388, 2395, 31050, 1842, 166, 136, true, true
829965, 2426, 31050, 1796, 165, 137, true, true
834470, 2437, 31107, 1846, 166, 136, true, true
837310, 2444, 31107, 1844, 165, 137, true, true
838014, 2446, 31109, 1846, 166, 135, true, true
839770, 2450, 31109, 1835, 165, 135, true, true
842446, 2457, 31118, 1844, 166, 136, true, true
847735, 2467, 31118, 1840, 165, 138, true, true
850180, 2472, 31118, 1839, 164, 138, true, true
851288, 2475, 31118, 1837, 163, 139, true, true
852045, 2477, 31118, 1836, 162, 139, true, true
852899, 2479, 31118, 1835, 161, 140, true, true
853512, 2481, 31119, 1832, 160, 139, true, true
857144, 2491, 31120, 1833, 161, 138, true, true
862292, 2502, 31121, 1834, 162, 137, true, true
867893, 2514, 31121, 1833, 161, 137, true, true
874188, 2528, 31121, 1832, 160, 137, true, true
877262, 2535, 31121, 1789, 159, 137, true, true
878413, 2538, 31121, 1788, 158, 137, true, true
881959, 2545, 31149, 1757, 158, 137, true, true
883773, 2549, 31149, 1754, 158, 137, true, true
884736, 2552, 31184, 1789, 159, 136, true, true
890988, 2565, 31184, 1788, 158, 136, true, true
891523, 2566, 31184, 1787, 157, 137, true, true
893564, 2570, 31186, 1789, 158, 136, true, true
894063, 2571, 31186, 1784, 157, 136, true, true
894997, 2573, 31186, 1783, 156, 136, true, true
896515, 2577, 31186, 1782, 155, 136, true, true
896866, 2578, 31195, 1791, 156, 135, true, true
899057, 2583, 31222, 1818, 157, 135, true, true
905673, 2598, 31222, 1816, 156, 135, true, true
907363, 2602, 31227, 1770, 156, 133, true, true
912193, 2613, 31227, 1768, 155, 133, true, true
918042, 2627, 31228, 1765, 155, 133, true, true
925265, 2642, 31228, 1764, 154, 137, true, true
935346, 2665, 31228, 1762, 153, 139, true, true
935853, 2666, 31228, 1761, 152, 139, true, true
936604, 2668, 31230, 1762, 152, 139, true, true
937593, 2670, 31230, 1739, 151, 139, true, true
946421, 2690, 31239, 1748, 152, 140, true, true
955089, 2711, 31239, 1739, 151, 144, true, true
955452, 2712, 31241, 1736, 151, 143, true, true
955768, 2713, 31272, 1753, 152, 143, true, true
958093, 2718, 31274, 1755, 153, 140, true, true
962072, 2727, 31274, 1754, 152, 143, true, true
967009, 2739, 31275, 1755, 153, 143, true, true
968805, 2744, 31277, 1756, 154, 144, true, true
969319, 2745, 31277, 1755, 154, 144, true, true
984604, 2780, 31279, 1757, 155, 146, true, true
992941, 2799, 31279, 1756, 154, 146, true, true
993974, 2802, 31285, 1762, 155, 145, true, true
998146, 2811, 31285, 1757, 154, 145, true, true
1004411, 2825, 31285, 1756, 153, 146, true, true
1011231, 2841, 31285, 1754, 152, 146, true, true
1018755, 2860, 31285, 1748, 151, 148, true, true
1026153, 2878, 31285, 1747, 151, 149, true, true
1030672, 2889, 31285, 1736, 150, 150, true, true
1033716, 2897, 31286, 1737, 151, 149, true, true
1035097, 2901, 31290, 1728, 152, 149, true, true
1036526, 2905, 31290, 1727, 151, 149, true, true
1036867, 2906, 31290, 1726, 150, 149, true, true
1057203, 2954, 31291, 1727, 151, 153, true, true
1059877, 2960, 31291, 1709, 150, 153, true, true
1072142, 2989, 31291, 1707, 149, 158, true, true
1082331, 3013, 31293, 1709, 150, 157, true, true
1085420, 3020, 31293, 1699, 149, 158, true, true
1091786, 3035, 31328, 1734, 150, 158, true, true
1096875, 3047, 31328, 1733, 149, 158, true, true
1097218, 3048, 31335, 1739, 150, 157, true, true
1101798, 3060, 31341, 1742, 150, 157, true, true
1103915, 3065, 31341, 1741, 149, 157, true, true
1114151, 3089, 31341, 1740, 149, 160, true, true
1124781, 3113, 31341, 1739, 148, 166, true, true
1128060, 3122, 31348, 1745, 148, 166, true, true
1129490, 3126, 31353, 1750, 149, 165, true, true
1145174, 3168, 31354, 1751, 150, 168, true, true
1147274, 3174, 31359, 1755, 151, 165, true, true
1148004, 3176, 31370, 1740, 152, 164, true, true
1151762, 3186, 31370, 1739, 151, 165, true, true
1154809, 3195, 31371, 1739, 151, 166, true, true
1157766, 3204, 31371, 1738, 150, 169, true, true
1162638, 3217, 31372, 1739, 151, 169, true, true
1168776, 3232, 31372, 1727, 151, 171, true, true
1169964, 3235, 31375, 1730, 152, 169, true, true
1178460, 3256, 31375, 1729, 151, 171, true, true
1180078, 3260, 31377, 1728, 152, 166, true, true
1188251, 3282, 31380, 1730, 153, 165, true, true
1192879, 3294, 31382, 1729, 154, 165, true, true
1193473, 3296, 31384, 1731, 155, 163, true, true
1195458, 3302, 31385, 1732, 156, 162, true, true
1196777, 3307, 31394, 1739, 157, 161, true, true
1201527, 3321, 31437, 1782, 158, 161, true, true
1204832, 3331, 31620, 1965, 159, 162, true, true
1205272, 3332, 31620, 1934, 158, 162, true, true
1207900, 3339, 31620, 1933, 157, 162, true, true
1220749, 3371, 31622, 1935, 158, 160, true, true
1221677, 3374, 31674, 1987, 159, 159, true, true
1225544, 3385, 31674, 1986, 158, 160, true, true
1226716, 3389, 31688, 2000, 159, 160, true, true
1232956, 3406, 31688, 1998, 158, 160, true, true
1244905, 3440, 31688, 1970, 157, 163, true, true
1254995, 3466, 31689, 1971, 158, 161, true, true
1255770, 3468, 31689, 1967, 157, 161, true, true
1257831, 3474, 31689, 1966, 156, 161, true, true
1258191, 3475, 31689, 1965, 155, 161, true, true
1258826, 3477, 31691, 1966, 155, 159, true, true
1259148, 3478, 31691, 1939, 154, 159, true, true
1259677, 3479, 31691, 1938, 153, 159, true, true
1261414, 3484, 31693, 1940, 154, 154, true, true
1261770, 3485, 31693, 1938, 153, 154, true, true
1262796, 3488, 31693, 1693, 152, 155, true, true
1264869, 3494, 31699, 1699, 153, 154, true, true
1265271, 3495, 31699, 1697, 152, 154, true, true
1266010, 3497, 31699, 1692, 151, 154, true, true
1269700, 3507, 31701, 1692, 150, 152, true, true
1271739, 3513, 31703, 1694, 151, 152, true, true
1274534, 3520, 31703, 1691, 150, 153, true, true
1277072, 3527, 31704, 1691, 150, 154, true, true
1278255, 3530, 31704, 1675, 149, 155, true, true
1284031, 3543, 31704, 1212, 148, 155, true, true
1292520, 3563, 31706, 1214, 149, 157, true, true
1303698, 3593, 31706, 1213, 149, 159, true, true
1311689, 3613, 31706, 1211, 148, 160, true, true
1315673, 3624, 31710, 1215, 149, 161, true, true
1324065, 3646, 31714, 1217, 150, 159, true, true
1325208, 3649, 31715, 1218, 151, 158, true, true
1326291, 3652, 31715, 1216, 150, 158, true, true
1333610, 3672, 31720, 1221, 151, 158, true, true
1339973, 3689, 31724, 1222, 152, 156, true, true
1342194, 3696, 31730, 1228, 153, 152, true, true
1348558, 3714, 31730, 1227, 152, 153, true, true
1349845, 3718, 31730, 1225, 151, 153, true, true
1366236, 3764, 31731, 1226, 152, 152, true, true
1371065, 3778, 31733, 1228, 153, 153, true, true
1374132, 3787, 31734, 1229, 154, 152, true, true
1376429, 3793, 31735, 1230, 155, 151, true, true
1377244, 3796, 31736, 1231, 156, 150, true, true
1378460, 3799, 31736, 1226, 155, 150, true, true
1389457, 3828, 31736, 1225, 154, 152, true, true
1396810, 3847, 31746, 1235, 155, 154, true, true
1397728, 3850, 31746, 1230, 154, 154, true, true
1398513, 3852, 31746, 1228, 153, 154, true, true
1404521, 3867, 31746, 1215, 152, 156, true, true
1432751, 3939, 31746, 1212, 151, 164, true, true
1433925, 3942, 31758, 1224, 152, 164, true, true
1434979, 3945, 31758, 1222, 151, 164, true, true
1437400, 3953, 31759, 1223, 152, 162, true, true
1440755, 3962, 31771, 1235, 153, 162, true, true
1444460, 3971, 31773, 1237, 154, 159, true, true
1445457, 3973, 31774, 1238, 155, 157, true, true
1446350, 3976, 31776, 1240, 156, 157, true, true
1447907, 3981, 31777, 1241, 157, 154, true, true
1448430, 3983, 31779, 1231, 157, 153, true, true
1451086, 3990, 31779, 1230, 156, 153, true, true
1460857, 4016, 31780, 1231, 157, 154, true, true
1467866, 4035, 31780, 1227, 157, 155, true, true
1480655, 4069, 31780, 1222, 156, 159, true, true
1481603, 4072, 31781, 1223, 157, 157, true, true
1485215, 4081, 31782, 1224, 158, 156, true, true
1488222, 4090, 31784, 1226, 159, 155, true, true
1498705, 4119, 31784, 1225, 159, 159, true, true
1503218, 4131, 31786, 1222, 160, 157, true, true
1511900, 4155, 31788, 1224, 161, 157, true, true
1520287, 4177, 31788, 1213, 160, 158, true, true
1522272, 4182, 31789, 1214, 161, 157, true, true
1523134, 4185, 31815, 1240, 162, 156, true, true
1525126, 4191, 31815, 1239, 161, 157, true, true
1526316, 4195, 31816, 1239, 161, 154, true, true
1533808, 4216, 31817, 1203, 162, 152, true, true
1541648, 4237, 31817, 1190, 161, 155, true, true
1545051, 4245, 31817, 1187, 160, 155, true, true
1546155, 4248, 31821, 1190, 161, 152, true, true
1548703, 4253, 31822, 1191, 162, 152, true, true
1552861, 4264, 31822, 1190, 161, 155, true, true
1590056, 4359, 31823, 1191, 162, 158, true, true
1592729, 4365, 31824, 1192, 163, 157, true, true
1593890, 4368, 31840, 1208, 164, 156, true, true
1599355, 4383, 31841, 1209, 165, 156, true, true
1600178, 4385, 31842, 1210, 166, 155, true, true
1602375, 4391, 31842, 1207, 165, 155, true, true
1606669, 4402, 31846, 1210, 166, 153, true, true
1607912, 4406, 31847, 1211, 167, 152, true, true
1608665, 4408, 31850, 1214, 168, 150, true, true
1611553, 4415, 31856, 1220, 169, 150, true, true
1612403, 4417, 31856, 1219, 168, 150, true, true
1614300, 4422, 31859, 1222, 169, 148, true, true
1625118, 4448, 31860, 1223, 170, 146, true, true
1630056, 4460, 31864, 1227, 171, 145, true, true
1633309, 4469, 31889, 1249, 172, 146, true, true
1634522, 4473, 31891, 1251, 173, 145, true, true
1653080, 4518, 31891, 1249, 172, 148, true, true
1654361, 4522, 31893, 1251, 173, 145, true, true
1654974, 4524, 31895, 1253, 174, 143, true, true
1658246, 4533, 31898, 1256, 175, 144, true, true
1669460, 4560, 31898, 1255, 174, 145, true, true
1672182, 4567, 31898, 1251, 173, 147, true, true
1680528, 4588, 31898, 1220, 172, 149, true, true
1695230, 4625, 31899, 1221, 173, 151, true, true
1698231, 4632, 31916, 1208, 174, 151, true, true
1702588, 4643, 31968, 1251, 175, 152, true, true
1706041, 4653, 31969, 1252, 176, 150, true, true
1707747, 4658, 31970, 1253, 177, 148, true, true
1719116, 4686, 31993, 1267, 178, 150, true, true
1719884, 4688, 31993, 1266, 177, 150, true, true
1728410, 4706, 31993, 1261, 177, 152, true, true
1730865, 4713, 31995, 1263, 178, 151, true, true
1736808, 4726, 31995, 1261, 177, 152, true, true
1744885, 4744, 31995, 1260, 176, 153, true, true
1762162, 4787, 32079, 1344, 177, 153, true, true
1778885, 4828, 32079, 1342, 176, 156, true, true
1791553, 4857, 32080, 1333, 177, 158, true, true
1799858, 4876, 32081, 1332, 177, 156, true, true
1804312, 4887, 32081, 1331, 176, 156, true, true
1814546, 4912, 32082, 1326, 177, 156, true, true
1816922, 4918, 32082, 1325, 177, 156, true, true
1818820, 4924, 32089, 1332, 178, 155, true, true
1828964, 4949, 32091, 1334, 179, 154, true, true
1831843, 4956, 32092, 1335, 180, 154, true, true
1834191, 4963, 32106, 1342, 181, 153, true, true
1835804, 4967, 32106, 1339, 180, 153, true, true
1842375, 4982, 32394, 1528, 181, 150, true, true
1845041, 4990, 32401, 1535, 182, 149, true, true
1861801, 5033, 32401, 1511, 182, 153, true, true
1879342, 5079, 32404, 1514, 183, 155, true, true
1882335, 5087, 32404, 1513, 182, 156, true, true
1899019, 5131, 32405, 1514, 183, 156, true, true
1911681, 5164, 32405, 1512, 182, 158, true, true
1912463, 5166, 32408, 1515, 183, 156, true, true
1920389, 5186, 32408, 1514, 182, 157, true, true
1927103, 5204, 32408, 1513, 182, 158, true, true
1939952, 5237, 32409, 1514, 183, 159, true, true
1943235, 5246, 32409, 1513, 182, 159, true, true
1946724, 5256, 32409, 1512, 181, 159, true, true
1948476, 5261, 32409, 1511, 180, 160, true, true
1948750, 5262, 32409, 1510, 179, 160, true, true
1950494, 5267, 32410, 1511, 180, 159, true, true
1959624, 5290, 32410, 1476, 179, 160, true, true
1960485, 5292, 32410, 1467, 178, 160, true, true
1963521, 5301, 32412, 1469, 179, 158, true, true
1970652, 5319, 32412, 1468, 179, 159, true, true
1977001, 5333, 32414, 1470, 180, 158, true, true
1984026, 5351, 32418, 1474, 181, 157, true, true
1984781, 5353, 32418, 1470, 180, 157, true, true
1990173, 5366, 32418, 1464, 179, 158, true, true
1997227, 5384, 32419, 1465, 180, 156, true, true
2000720, 5393, 32431, 1477, 181, 154, true, true
2001521, 5395, 32432, 1476, 181, 153, true, true
2014701, 5425, 32437, 1481, 182, 155, true, true
2020616, 5438, 32438, 1467, 183, 154, true, true
2021905, 5441, 32441, 1469, 184, 151, true, true
2026332, 5452, 32441, 1467, 183, 151, true, true
2026916, 5454, 32444, 1470, 184, 149, true, true
2027551, 5456, 32446, 1472, 185, 147, true, true
2037151, 5481, 32446, 1471, 184, 149, true, true
2037210, 5482, 32454, 1479, 185, 148, true, true
2037782, 5484, 32459, 1423, 185, 143, true, true
2047363, 5508, 32459, 1418, 184, 143, true, true
2059841, 5538, 32459, 1416, 183, 145, true, true
2063174, 5546, 32459, 1413, 182, 145, true, true
2063840, 5548, 32459, 1412, 181, 145, true, true
2098835, 5636, 32460, 1413, 182, 145, true, true
2127138, 5703, 32461, 1414, 183, 147, true, true
2145661, 5748, 32462, 1414, 184, 149, true, true
2147536, 5752, 32462, 1407, 183, 149, true, true
2153806, 5766, 32462, 1401, 182, 150, true, true
2161580, 5785, 32462, 1398, 181, 151, true, true
2165394, 5795, 32463, 1399, 182, 150, true, true
2174526, 5818, 32464, 1400, 183, 151, true, true
2209659, 5905, 32465, 1400, 183, 155, true, true
2218974, 5929, 32478, 1413, 184, 154, true, true
2222063, 5938, 32489, 1421, 184, 153, true, true
2224479, 5944, 32489, 1420, 184, 153, true, true
2236986, 5974, 32491, 1421, 185, 154, true, true
2243162, 5991, 32492, 1422, 186, 154, true, true
2262014, 6038, 32492, 1418, 185, 155, true, true
2263840, 6043, 32493, 1419, 186, 153, true, true
2292580, 6115, 32511, 1437, 187, 157, true, true
2298296, 6129, 32511, 1436, 186, 159, true, true
2299402, 6132, 32511, 1435, 185, 159, true, true
2299940, 6134, 32511, 1433, 184, 159, true, true
2305464, 6148, 32512, 1434, 185, 155, true, true
2316312, 6173, 32512, 1429, 184, 156, true, true
2318708, 6179, 32512, 1427, 183, 156, true, true
2319455, 6181, 32513, 1428, 184, 154, true, true
2322641, 6189, 32514, 1427, 184, 153, true, true
2323752, 6192, 32514, 1425, 183, 154, true, true
2326231, 6198, 32514, 1423, 183, 154, true, true
2337547, 6225, 32516, 1425, 184, 155, true, true
2343169, 6239, 32518, 1422, 183, 152, true, true
2346377, 6246, 32523, 1427, 184, 152, true, true
2356348, 6270, 32523, 1424, 184, 152, true, true
2365722, 6293, 32525, 1418, 184, 152, true, true
2366878, 6296, 32526, 1419, 185, 150, true, true
2373232, 6309, 32526, 1417, 184, 151, true, true
2380263, 6325, 32526, 1416, 183, 152, true, true
2384535, 6335, 32528, 1418, 184, 149, true, true
2388436, 6343, 32528, 1416, 183, 149, true, true
2400712, 6372, 32529, 1417, 184, 149, true, true
2402146, 6376, 32529, 1416, 183, 149, true, true
2406209, 6385, 32529, 1406, 182, 149, true, true
2411424, 6398, 32529, 1393, 182, 150, true, true
2420229, 6419, 32530, 1394, 183, 150, true, true
2435271, 6453, 32544, 1408, 184, 150, true, true
2446082, 6478, 32548, 1408, 183, 147, true, true
2453942, 6497, 32548, 1406, 182, 148, true, true
2459841, 6511, 32549, 1407, 183, 147, true, true
2476892, 6549, 32549, 1405, 182, 152, true, true
2492316, 6586, 32550, 1405, 182, 153, true, true
2492708, 6587, 32550, 1404, 181, 153, true, true
2510214, 6627, 32553, 1407, 182, 154, true, true
2517532, 6643, 32553, 1405, 182, 155, true, true
2518981, 6647, 32560, 1408, 183, 154, true, true
2519305, 6648, 32596, 1434, 183, 151, true, true
2534873, 6682, 32596, 1433, 182, 152, true, true
2535941, 6685, 32596, 1432, 181, 152, true, true
2543561, 6702, 32596, 1431, 180, 155, true, true
2565221, 6752, 32596, 1430, 179, 158, true, true
2566935, 6756, 32597, 1429, 178, 156, true, true
2574264, 6772, 32597, 1428, 177, 157, true, true
2574399, 6773, 32597, 1427, 176, 157, true, true
2592634, 6816, 32597, 1425, 175, 162, true, true
2599081, 6829, 32598, 1426, 176, 162, true, true
2613955, 6864, 32618, 1446, 177, 163, true, true
2658158, 6969, 32618, 1432, 176, 169, true, true
2660879, 6976, 32619, 1433, 177, 167, true, true
2681113, 7024, 32619, 1430, 176, 168, true, true
2684078, 7032, 32620, 1431, 177, 167, true, true
2692401, 7052, 32620, 1430, 176, 168, true, true
2693699, 7056, 32621, 1431, 177, 167, true, true
2708372, 7091, 32623, 1433, 178, 168, true, true
2713138, 7102, 32623, 1432, 177, 168, true, true
2718178, 7115, 32625, 1434, 178, 167, true, true
2731910, 7145, 32648, 1453, 178, 167, true, true
2748019, 7183, 32648, 1441, 177, 168, true, true
2757842, 7204, 32648, 1439, 176, 169, true, true
2768343, 7230, 32648, 1437, 175, 170, true, true
2772925, 7242, 32649, 1438, 176, 170, true, true
2783411, 7267, 32649, 1437, 175, 172, true, true
2785775, 7273, 32649, 1434, 174, 172, true, true
2797878, 7302, 32649, 1432, 174, 173, true, true
2799098, 7305, 32651, 1434, 175, 173, true, true
2848130, 7418, 32654, 1434, 176, 179, true, true
2852723, 7429, 32654, 1425, 175, 179, true, true
2857793, 7440, 32655, 1424, 176, 175, true, true
2869476, 7467, 32656, 1425, 177, 176, true, true
2871510, 7472, 32656, 1341, 176, 176, true, true
2874223, 7478, 32656, 1340, 175, 177, true, true
2892474, 7522, 32656, 1334, 174, 177, true, true
2901112, 7543, 32656, 1299, 174, 178, true, true
2904719, 7552, 32658, 1289, 175, 176, true, true
2908054, 7558, 32658, 1287, 174, 176, true, true
2938445, 7630, 32663, 1290, 173, 178, true, true
2947287, 7651, 32663, 1289, 172, 179, true, true
2953296, 7665, 32664, 1290, 173, 173, true, true
2954269, 7667, 32664, 1002, 172, 173, true, true
2963641, 7691, 32667, 1005, 173, 172, true, true
2964050, 7692, 32667, 1004, 172, 172, true, true
2970805, 7707, 32667, 1002, 171, 174, true, true
2976651, 7721, 32671, 1006, 172, 174, true, true
2981150, 7731, 32672, 1007, 173, 173, true, true
2982608, 7735, 32672, 1005, 172, 173, true, true
2998043, 7772, 32672, 1004, 171, 174, true, true
3008586, 7796, 32672, 1000, 170, 176, true, true
3031243, 7849, 32672, 997, 169, 177, true, true
3039967, 7871, 32672, 996, 168, 177, true, true
3044323, 7880, 32672, 991, 167, 178, true, true
3062076, 7919, 32672, 969, 166, 183, true, true
3064147, 7924, 32673, 970, 167, 181, true, true
3074674, 7948, 32673, 961, 166, 183, true, true
3076172, 7952, 32674, 961, 166, 175, true, true
3090310, 7986, 32674, 959, 165, 177, true, true
3091271, 7988, 32674, 958, 164, 177, true, true
3112080, 8036, 32674, 956, 164, 180, true, true
3127622, 8072, 32674, 955, 163, 183, true, true
3145453, 8110, 32674, 954, 163, 184, true, true
3152780, 8126, 32674, 951, 162, 184, true, true
3156463, 8134, 32674, 949, 161, 184, true, true
3184677, 8200, 32674, 914, 160, 190, true, true
3195366, 8223, 32685, 925, 161, 190, true, true
3199981, 8233, 32686, 926, 162, 187, true, true
3202092, 8238, 32686, 925, 161, 187, true, true
3222815, 8287, 32686, 924, 160, 188, true, true
3224325, 8291, 32686, 913, 160, 188, true, true
3226562, 8296, 32686, 911, 159, 188, true, true
3228921, 8302, 32688, 913, 160, 187, true, true
3253184, 8354, 32692, 917, 161, 184, true, true
3262029, 8372, 32692, 914, 160, 186, true, true
3262197, 8373, 32693, 915, 161, 180, true, true
3288129, 8434, 32693, 914, 160, 185, true, true
3293788, 8447, 32693, 913, 159, 185, true, true
3296280, 8451, 32693, 911, 158, 185, true, true
3300565, 8462, 32694, 912, 159, 185, true, true
3308590, 8481, 32694, 911, 158, 185, true, true
3317713, 8503, 32695, 912, 159, 183, true, true
3321248, 8512, 32733, 950, 160, 181, true, true
3326108, 8523, 32754, 971, 161, 179, true, true
3329059, 8530, 32754, 970, 160, 180, true, true
3330694, 8534, 32754, 968, 158, 180, true, true
3370577, 8625, 32756, 970, 159, 181, true, true
3392994, 8676, 32756, 965, 158, 182, true, true
3394911, 8681, 32757, 966, 159, 181, true, true
3403668, 8701, 32757, 783, 158, 181, true, true
3428864, 8758, 32759, 782, 157, 182, true, true
3454357, 8816, 32760, 783, 158, 180, true, true
3460206, 8830, 32761, 784, 159, 177, true, true
3464978, 8840, 32761, 783, 158, 177, true, true
3490078, 8899, 32761, 780, 157, 177, true, true
3496698, 8911, 32761, 779, 156, 178, true, true
3501228, 8922, 32761, 774, 155, 178, true, true
3505951, 8933, 32761, 771, 155, 179, true, true
3509279, 8940, 32762, 772, 156, 178, true, true
3513717, 8951, 32763, 773, 157, 173, true, true
3540236, 9012, 32763, 772, 156, 177, true, true
3558502, 9053, 32769, 778, 157, 177, true, true
3568620, 9077, 32769, 767, 156, 179, true, true
3575839, 9094, 32773, 771, 157, 178, true, true
3587499, 9121, 32774, 772, 158, 178, true, true
3587817, 9122, 32775, 773, 159, 177, true, true
3594377, 9138, 32798, 795, 159, 176, true, true
3600789, 9153, 32798, 794, 158, 177, true, true
3628358, 9214, 32799, 795, 159, 177, true, true
3631527, 9222, 32800, 796, 160, 175, true, true
3649770, 9263, 32800, 795, 159, 177, true, true
3651758, 9268, 32800, 794, 158, 177, true, true
3658694, 9283, 32801, 795, 159, 176, true, true
3689848, 9352, 32802, 796, 160, 179, true, true
3698119, 9370, 32804, 798, 161, 180, true, true
3702018, 9379, 32806, 800, 162, 180, true, true
3705325, 9386, 32806, 791, 161, 180, true, true
3706152, 9389, 32808, 793, 162, 171, true, true
3728848, 9442, 32809, 794, 163, 170, true, true
3744366, 9478, 32809, 793, 162, 170, true, true
3748155, 9486, 32809, 792, 161, 171, true, true
3757208, 9508, 32849, 786, 162, 170, true, true
3777789, 9555, 32851, 788, 163, 169, true, true
3807155, 9623, 32852, 789, 164, 167, true, true
3810365, 9629, 32853, 790, 165, 165, true, true
3815472, 9641, 32853, 789, 164, 165, true, true
3829181, 9672, 32853, 783, 163, 166, true, true
3833070, 9681, 32854, 784, 164, 165, true, true
3847340, 9714, 32854, 783, 163, 168, true, true
3853511, 9729, 32856, 785, 164, 168, true, true
3860169, 9744, 32857, 786, 165, 164, true, true
3889575, 9808, 32858, 787, 166, 166, true, true
3934504, 9904, 32858, 786, 166, 167, true, true
3992565, 10038, 32859, 786, 166, 171, true, true
4001473, 10058, 32859, 785, 165, 171, true, true
4003021, 10061, 32863, 785, 166, 170, true, true
4005745, 10068, 32863, 784, 166, 171, true, true
4038161, 10142, 32866, 787, 167, 173, true, true
4044650, 10157, 32867, 788, 168, 170, true, true
4054279, 10178, 32875, 796, 169, 169, true, true
4095617, 10270, 32875, 795, 168, 171, true, true
4101951, 10284, 32875, 756, 166, 171, true, true
4141148, 10380, 32877, 758, 167, 172, true, true
4155290, 10414, 32877, 755, 166, 176, true, true
4162000, 10430, 32878, 756, 167, 173, true, true
4167824, 10443, 32878, 755, 166, 173, true, true
4179011, 10470, 32879, 756, 167, 174, true, true
4197993, 10512, 32879, 755, 166, 174, true, true
4198421, 10513, 32880, 756, 167, 173, true, true
4211406, 10544, 32885, 761, 168, 169, true, true
4239472, 10606, 32886, 750, 169, 172, true, true
4263467, 10662, 32887, 751, 170, 172, true, true
4292365, 10729, 32887, 750, 169, 173, true, true
4305938, 10765, 32894, 757, 170, 171, true, true
4306949, 10768, 32901, 764, 171, 171, true, true
4328889, 10817, 32902, 765, 172, 172, true, true
4331088, 10822, 32902, 760, 171, 172, true, true
4354961, 10879, 32903, 761, 172, 174, true, true
4367551, 10911, 32904, 761, 172, 175, true, true
4374230, 10928, 32906, 730, 173, 176, true, true
4410802, 11019, 32906, 729, 172, 181, true, true
4433434, 11074, 32906, 728, 171, 185, true, true
4455026, 11126, 32906, 727, 170, 187, true, true
4469583, 11161, 32907, 722, 171, 186, true, true
4521243, 11290, 32908, 723, 172, 189, true, true
4535272, 11325, 32908, 722, 171, 190, true, true
4568369, 11408, 32909, 723, 172, 192, true, true
4571551, 11415, 32916, 728, 173, 191, true, true
4572698, 11418, 32916, 724, 173, 191, true, true
4584719, 11448, 32916, 723, 172, 192, true, true
4590100, 11462, 32917, 723, 173, 192, true, true
4611221, 11513, 32917, 722, 173, 194, true, true
4627510, 11553, 32918, 723, 174, 194, true, true
4632718, 11566, 32918, 722, 173, 194, true, true
4653583, 11614, 32918, 718, 172, 194, true, true
4662665, 11636, 32919, 719, 173, 193, true, true
4670519, 11655, 32919, 718, 172, 193, true, true
4700871, 11727, 32925, 724, 173, 198, true, true
4711110, 11753, 32926, 724, 173, 197, true, true
4722161, 11779, 32927, 725, 174, 195, true, true
4723085, 11782, 32929, 727, 175, 194, true, true
4731768, 11803, 32943, 730, 175, 192, true, true
4753562, 11857, 32946, 733, 176, 193, true, true
4774605, 11910, 32947, 734, 177, 182, true, true
4791644, 11947, 32947, 733, 176, 183, true, true
4793294, 11952, 32949, 735, 177, 182, true, true
4801033, 11971, 32951, 731, 177, 181, true, true
4840406, 12068, 32952, 732, 178, 181, true, true
4843387, 12076, 32952, 731, 177, 181, true, true
4846377, 12084, 32952, 724, 176, 181, true, true
4863455, 12126, 32952, 719, 175, 183, true, true
4864945, 12130, 32965, 732, 176, 182, true, true
4867742, 12137, 32965, 731, 175, 182, true, true
4885885, 12185, 32965, 730, 174, 182, true, true
4889971, 12196, 32965, 728, 173, 182, true, true
4909941, 12246, 32967, 730, 174, 180, true, true
4915091, 12259, 32967, 729, 173, 180, true, true
4935742, 12308, 32967, 728, 172, 181, true, true
4952807, 12347, 32967, 727, 171, 181, true, true
4967033, 12383, 32968, 728, 172, 183, true, true
4974229, 12402, 32969, 729, 173, 183, true, true
4991752, 12444, 32969, 723, 172, 184, true, true
5004848, 12477, 32969, 721, 171, 184, true, true
5044640, 12577, 32970, 722, 172, 186, true, true
5049508, 12588, 32970, 713, 171, 186, true, true
5071655, 12645, 32970, 712, 170, 187, true, true
5077228, 12659, 32971, 713, 171, 184, true, true
5092076, 12698, 32971, 699, 170, 186, true, true
5092818, 12700, 32991, 719, 171, 185, true, true
5108541, 12741, 32992, 720, 172, 185, true, true
5137596, 12813, 32993, 721, 173, 186, true, true
5142399, 12825, 33001, 729, 174, 177, true, true
5194453, 12959, 33002, 730, 175, 177, true, true
5210122, 13000, 33003, 731, 176, 175, true, true
5213684, 13011, 33003, 730, 175, 175, true, true
5230523, 13057, 33003, 729, 174, 175, true, true
5235689, 13072, 33004, 730, 175, 173, true, true
5239784, 13083, 33008, 734, 176, 171, true, true
5260758, 13135, 33008, 732, 175, 173, true, true
5262975, 13141, 33008, 725, 175, 173, true, true
5285227, 13198, 33008, 724, 174, 175, true, true
5317036, 13282, 33008, 723, 173, 175, true, true
5337467, 13337, 33008, 722, 172, 176, true, true
5356870, 13388, 33008, 721, 171, 178, true, true
5360916, 13399, 33008, 720, 170, 178, true, true
5386861, 13469, 33009, 720, 170, 178, true, true
5401337, 13506, 33010, 721, 171, 179, true, true
5424657, 13570, 33013, 723, 172, 180, true, true
5425752, 13573, 33015, 725, 173, 179, true, true
5427805, 13579, 33015, 721, 173, 179, true, true
5432746, 13593, 33024, 720, 173, 179, true, true
5433742, 13596, 33024, 716, 173, 179, true, true
5434992, 13601, 33025, 717, 174, 174, true, true
5448854, 13638, 33025, 716, 173, 175, true, true
5453616, 13652, 33026, 717, 174, 174, true, true
5479676, 13720, 33026, 713, 173, 176, true, true
5518922, 13822, 33026, 711, 172, 181, true, true
5520451, 13826, 33026, 710, 172, 181, true, true
5522233, 13831, 33028, 712, 173, 180, true, true
5553175, 13913, 33029, 713, 174, 182, true, true
5587477, 14008, 33029, 710, 173, 184, true, true
5598809, 14036, 33029, 706, 172, 185, true, true
5614543, 14077, 33063, 740, 173, 185, true, true
5645477, 14160, 33065, 742, 174, 183, true, true
5686746, 14269, 33065, 741, 173, 185, true, true
5695343, 14292, 33066, 742, 174, 185, true, true
5733692, 14393, 33067, 743, 175, 184, true, true
5757494, 14458, 33068, 744, 176, 188, true, true
5763116, 14474, 33069, 745, 177, 187, true, true
5767464, 14485, 33070, 746, 178, 187, true, true
5777933, 14515, 33071, 747, 179, 186, true, true
5778980, 14518, 33071, 745, 178, 187, true, true
5811846, 14607, 33072, 746, 179, 186, true, true
5822805, 14636, 33072, 745, 179, 186, true, true
5843475, 14692, 33072, 740, 179, 187, true, true
5853150, 14716, 33077, 745, 180, 186, true, true
5891671, 14827, 33079, 747, 181, 188, true, true
5921105, 14911, 33080, 748, 182, 189, true, true
5921473, 14913, 33085, 751, 183, 187, true, true
5935063, 14953, 33099, 765, 184, 186, true, true
5971478, 15054, 33102, 768, 185, 186, true, true
5983429, 15087, 33102, 767, 184, 188, true, true
6003355, 15142, 33108, 773, 185, 189, true, true
6005826, 15148, 33134, 799, 186, 187, true, true
6025285, 15198, 33137, 766, 187, 186, true, true
6026377, 15201, 33138, 767, 188, 185, true, true
6055811, 15280, 33139, 768, 189, 186, true, true
6095627, 15391, 33140, 769, 190, 187, true, true
6098997, 15400, 33140, 768, 189, 188, true, true
6111157, 15436, 33141, 769, 190, 188, true, true
6156572, 15563, 33141, 762, 189, 190, true, true
6163127, 15582, 33142, 763, 190, 184, true, true
6221720, 15750, 33143, 764, 191, 184, true, true
6229226, 15773, 33143, 724, 190, 184, true, true
6241952, 15808, 33143, 723, 189, 184, true, true
6243968, 15814, 33146, 706, 189, 183, true, true
6249296, 15831, 33146, 693, 187, 183, true, true
6262946, 15870, 33158, 699, 188, 179, true, true
6264032, 15873, 33161, 702, 189, 177, true, true
6274568, 15901, 33161, 701, 188, 177, true, true
6314616, 16013, 33161, 700, 187, 179, true, true
6331954, 16064, 33162, 701, 188, 179, true, true
6332929, 16066, 33163, 701, 188, 176, true, true
6350751, 16118, 33165, 699, 188, 178, true, true
6405400, 16276, 33165, 694, 187, 182, true, true
6405755, 16277, 33165, 693, 186, 182, true, true
6405955, 16278, 33173, 693, 187, 181, true, true
6408448, 16286, 33173, 692, 186, 181, true, true
6412704, 16298, 33195, 714, 187, 181, true, true
6417144, 16310, 33195, 712, 186, 182, true, true
6468410, 16461, 33196, 713, 187, 183, true, true
6482740, 16504, 33274, 791, 188, 182, true, true
6524506, 16627, 33274, 790, 187, 185, true, true
6556244, 16723, 33274, 789, 186, 187, true, true
6569776, 16765, 33274, 777, 185, 187, true, true
6574197, 16777, 33275, 778, 186, 186, true, true
6603540, 16865, 33277, 780, 187, 188, true, true
6620803, 16918, 33278, 781, 188, 189, true, true
6637380, 16968, 33278, 780, 187, 191, true, true
6661271, 17038, 33278, 779, 186, 191, true, true
6697554, 17156, 33283, 784, 187, 188, true, true
6706018, 17183, 33296, 797, 188, 186, true, true
6730987, 17265, 33300, 801, 189, 186, true, true
6797271, 17478, 33301, 802, 190, 188, true, true
6826520, 17575, 33301, 800, 189, 193, true, true
6896637, 17808, 33304, 803, 190, 197, true, true
6910972, 17858, 33304, 802, 189, 197, true, true
6924861, 17905, 33304, 801, 188, 197, true, true
6930803, 17928, 33305, 802, 189, 196, true, true
6935604, 17942, 33316, 813, 190, 195, true, true
6936309, 17944, 33316, 811, 188, 195, true, true
6967151, 18044, 33316, 809, 187, 197, true, true
6990458, 18127, 33316, 808, 186, 199, true, true
7009628, 18194, 33316, 807, 185, 199, true, true
7037898, 18292, 33333, 823, 185, 197, true, true
7057871, 18363, 33337, 827, 186, 193, true, true
7070028, 18407, 33337, 826, 185, 196, true, true
7070799, 18410, 33337, 825, 184, 196, true, true
7079637, 18442, 33337, 824, 183, 196, true, true
7093826, 18493, 33338, 823, 183, 196, true, true
7119656, 18584, 33343, 828, 184, 196, true, true
7123756, 18598, 33344, 829, 185, 195, true, true
7148616, 18684, 33345, 830, 186, 197, true, true
7153167, 18701, 33345, 827, 185, 198, true, true
7162784, 18735, 33352, 834, 186, 198, true, true
7169177, 18758, 33370, 848, 187, 197, true, true
7172658, 18768, 33370, 847, 186, 197, true, true
7233971, 18980, 33372, 849, 187, 198, true, true
7246767, 19025, 33373, 850, 188, 199, true, true
7309883, 19248, 33377, 854, 189, 205, true, true
7344935, 19377, 33378, 855, 190, 205, true, true
7351251, 19400, 33381, 852, 191, 204, true, true
7358348, 19426, 33383, 854, 192, 204, true, true
7366452, 19455, 33384, 855, 193, 202, true, true
7391300, 19546, 33391, 850, 193, 201, true, true
7396073, 19564, 33392, 851, 194, 198, true, true
7400062, 19578, 33393, 852, 195, 197, true, true
7447458, 19739, 33393, 851, 194, 201, true, true
7462476, 19792, 33395, 853, 195, 201, true, true
7471767, 19825, 33395, 851, 194, 202, true, true
7492598, 19901, 33397, 850, 195, 201, true, true
7495550, 19912, 33399, 852, 196, 200, true, true
7503117, 19938, 33399, 850, 195, 200, true, true
7506946, 19951, 33400, 851, 196, 199, true, true
7532198, 20034, 33400, 847, 195, 200, true, true
7560501, 20128, 33400, 846, 194, 202, true, true
7564591, 20143, 33400, 839, 193, 203, true, true
7579993, 20197, 33401, 840, 194, 202, true, true
7611546, 20309, 33401, 839, 193, 203, true, true
7674270, 20525, 33408, 846, 194, 205, true, true
7682733, 20554, 33408, 845, 193, 206, true, true
7694044, 20593, 33409, 846, 194, 207, true, true
7695920, 20600, 33410, 847, 195, 203, true, true
7719131, 20677, 33417, 844, 194, 203, true, true
7745100, 20769, 33419, 846, 195, 199, true, true
7745671, 20771, 33420, 847, 196, 195, true, true
7748591, 20781, 33420, 846, 195, 197, true, true
7760020, 20821, 33421, 847, 196, 196, true, true
7788194, 20918, 33422, 848, 197, 194, true, true
7792297, 20933, 33423, 849, 198, 190, true, true
7844460, 21118, 33424, 850, 199, 192, true, true
7848403, 21132, 33428, 854, 200, 191, true, true
7851314, 21143, 33429, 855, 201, 190, true, true
7852762, 21148, 33430, 856, 202, 189, true, true
7892349, 21285, 33432, 800, 203, 194, true, true
7929588, 21412, 33453, 821, 204, 196, true, true
7957035, 21506, 33455, 814, 205, 198, true, true
7966544, 21535, 33456, 815, 206, 197, true, true
7967535, 21538, 33456, 809, 205, 197, true, true
7971287, 21550, 33457, 810, 206, 196, true, true
7972954, 21557, 33458, 811, 207, 193, true, true
7995163, 21633, 33458, 810, 206, 195, true, true
8005263, 21668, 33460, 803, 207, 195, true, true
8044622, 21799, 33462, 805, 208, 197, true, true
8053237, 21828, 33462, 804, 207, 197, true, true
8056452, 21839, 33463, 805, 208, 194, true, true
8078752, 21909, 33463, 804, 207, 194, true, true
8080766, 21916, 33463, 803, 206, 194, true, true
8090386, 21950, 33464, 804, 207, 193, true, true
8093813, 21962, 33464, 803, 206, 193, true, true
8109110, 22013, 33465, 804, 207, 192, true, true
8117096, 22041, 33466, 805, 208, 191, true, true
8121386, 22055, 33468, 807, 209, 191, true, true
8137767, 22111, 33494, 831, 210, 191, true, true
8138261, 22113, 33494, 817, 209, 191, true, true
8148665, 22148, 33494, 811, 208, 192, true, true
8170635, 22215, 33516, 832, 208, 189, true, true
8179922, 22242, 33522, 838, 209, 191, true, true
8213269, 22347, 33526, 842, 210, 193, true, true
8230218, 22403, 33527, 823, 211, 193, true, true
8250092, 22466, 33527, 818, 210, 196, true, true
8266884, 22519, 33527, 814, 209, 196, true, true
8274719, 22543, 33535, 778, 208, 194, true, true
8304613, 22634, 33545, 788, 209, 191, true, true
8311953, 22657, 33549, 792, 210, 192, true, true
8327686, 22707, 33550, 793, 211, 190, true, true
8349627, 22773, 33550, 792, 210, 190, true, true
8352064, 22781, 33551, 793, 211, 187, true, true
8365618, 22824, 33552, 794, 212, 186, true, true
8383311, 22882, 33553, 795, 213, 185, true, true
8390568, 22907, 33555, 797, 214, 182, true, true
8403396, 22950, 33555, 795, 213, 183, true, true
8410634, 22974, 33555, 792, 212, 183, true, true
8415383, 22989, 33555, 791, 211, 183, true, true
8440689, 23067, 33556, 791, 212, 183, true, true
8472942, 23167, 33556, 790, 211, 184, true, true
8486762, 23210, 33556, 785, 211, 185, true, true
8524968, 23323, 33562, 791, 212, 182, true, true
8525486, 23325, 33562, 790, 211, 182, true, true
8528079, 23332, 33562, 789, 210, 182, true, true
8529041, 23335, 33562, 788, 209, 182, true, true
8544483, 23382, 33566, 792, 210, 182, true, true
8554666, 23414, 33566, 791, 209, 183, true, true
8557441, 23423, 33568, 793, 210, 181, true, true
8564810, 23446, 33577, 802, 211, 179, true, true
8636678, 23661, 33590, 805, 211, 181, true, true
8648184, 23695, 33591, 806, 212, 180, true, true
8726402, 23938, 33594, 809, 213, 181, true, true
8750422, 24011, 33595, 810, 214, 181, true, true
8763321, 24051, 33598, 813, 215, 182, true, true
8835574, 24275, 33598, 811, 214, 184, true, true
8891609, 24452, 33599, 812, 215, 188, true, true
8926360, 24560, 33599, 802, 215, 189, true, true
8942698, 24613, 33599, 801, 214, 190, true, true
8969698, 24703, 33601, 803, 215, 188, true, true
8976688, 24724, 33602, 804, 216, 186, true, true
8979753, 24736, 33602, 803, 215, 186, true, true
9035560, 24913, 33602, 802, 214, 189, true, true
9087202, 25082, 33602, 800, 213, 191, true, true
9094843, 25104, 33604, 802, 214, 191, true, true
9110576, 25152, 33604, 795, 213, 191, true, true
9152086, 25289, 33604, 794, 212, 194, true, true
9152638, 25291, 33610, 799, 212, 193, true, true
9153198, 25293, 33610, 798, 211, 193, true, true
9162048, 25319, 33610, 795, 210, 193, true, true
9170312, 25347, 33611, 796, 211, 192, true, true
9205175, 25456, 33616, 801, 212, 193, true, true
9227864, 25530, 33616, 799, 211, 193, true, true
9239330, 25568, 33617, 800, 212, 193, true, true
9298629, 25759, 33620, 803, 213, 193, true, true
9337377, 25880, 33621, 804, 214, 192, true, true
9358832, 25948, 33623, 806, 215, 192, true, true
9377290, 26004, 33623, 805, 214, 192, true, true
9383247, 26023, 33623, 804, 213, 192, true, true
9402557, 26082, 33623, 803, 212, 192, true, true
9409737, 26105, 33623, 802, 211, 192, true, true
9420251, 26139, 33624, 803, 212, 191, true, true
9430442, 26170, 33625, 804, 213, 189, true, true
9462108, 26268, 33653, 832, 214, 188, true, true
9476234, 26314, 33653, 828, 213, 188, true, true
9488265, 26351, 33654, 829, 214, 187, true, true
9542361, 26527, 33654, 827, 213, 188, true, true
9568279, 26611, 33654, 826, 212, 188, true, true
9585998, 26665, 33654, 825, 211, 188, true, true
9617242, 26758, 33654, 822, 210, 188, true, true
9619602, 26765, 33680, 848, 211, 186, true, true
9654289, 26870, 33680, 844, 210, 189, true, true
9656526, 26878, 33681, 845, 211, 188, true, true
9691009, 26983, 33683, 847, 212, 188, true, true
9702015, 27018, 33693, 857, 213, 188, true, true
9723589, 27086, 33694, 857, 213, 184, true, true
9740543, 27137, 33694, 838, 213, 184, true, true
9754921, 27180, 33695, 839, 214, 182, true, true
9775058, 27240, 33695, 838, 213, 182, true, true
9821817, 27388, 33695, 836, 212, 182, true, true
9834670, 27428, 33696, 837, 213, 182, true, true
9870265, 27538, 33697, 835, 214, 181, true, true
9877515, 27560, 33700, 838, 215, 178, true, true
9901363, 27635, 33700, 837, 214, 178, true, true
9910399, 27663, 33700, 836, 213, 178, true, true
9916930, 27685, 33701, 830, 213, 177, true, true
9945793, 27770, 33701, 829, 212, 178, true, true
10014816, 27981, 33701, 828, 211, 180, true, true
10039067, 28056, 33705, 832, 212, 176, true, true
10069372, 28149, 33706, 833, 213, 177, true, true
10075876, 28169, 33706, 831, 212, 177, true, true
10126370, 28329, 33722, 846, 213, 176, true, true
10204919, 28573, 33723, 847, 214, 176, true, true
10280710, 28808, 33723, 839, 213, 180, true, true
10286152, 28826, 33723, 838, 212, 180, true, true
10294233, 28853, 33723, 812, 211, 181, true, true
10300389, 28874, 33861, 950, 212, 180, true, true
10332407, 28967, 33862, 951, 213, 178, true, true
10340243, 28991, 33862, 950, 212, 178, true, true
10354241, 29033, 33862, 948, 211, 180, true, true
10449879, 29337, 33862, 944, 210, 184, true, true
10458373, 29363, 33862, 942, 209, 185, true, true
10484895, 29445, 33862, 941, 208, 187, true, true
10533212, 29595, 33862, 940, 208, 193, true, true
10539559, 29614, 33862, 937, 207, 193, true, true
10560652, 29680, 33862, 936, 206, 193, true, true
10564661, 29693, 33865, 939, 207, 191, true, true
10567212, 29701, 33865, 932, 207, 191, true, true
10569002, 29707, 33865, 931, 206, 191, true, true
10609317, 29829, 33866, 932, 207, 191, true, true
10619026, 29856, 33871, 936, 207, 191, true, true
10647311, 29940, 33871, 935, 206, 192, true, true
10693845, 30085, 33873, 937, 207, 195, true, true
10708995, 30134, 33874, 938, 208, 195, true, true
10710560, 30140, 33880, 916, 209, 191, true, true
10757146, 30282, 33886, 922, 210, 194, true, true
10782288, 30358, 33886, 921, 209, 196, true, true
10798579, 30403, 33887, 922, 210, 194, true, true
10798774, 30404, 33887, 921, 209, 194, true, true
10856207, 30578, 33901, 932, 209, 195, true, true
10861701, 30596, 33901, 929, 209, 195, true, true
10925630, 30785, 33901, 923, 208, 197, true, true
10951097, 30863, 33903, 925, 209, 197, true, true
10962518, 30900, 33903, 924, 208, 197, true, true
10988524, 30980, 33903, 923, 207, 198, true, true
11008484, 31044, 33906, 926, 208, 196, true, true
11054872, 31182, 33906, 924, 207, 197, true, true
11066966, 31217, 33908, 926, 208, 197, true, true
11067269, 31218, 33908, 910, 207, 197, true, true
11122653, 31380, 33911, 913, 208, 197, true, true
11157907, 31480, 33911, 912, 207, 200, true, true
11211539, 31638, 33911, 911, 206, 203, true, true
11238408, 31717, 33912, 903, 207, 202, true, true
11243618, 31731, 33912, 901, 206, 202, true, true
11245759, 31737, 33912, 900, 205, 202, true, true
11287428, 31862, 33912, 896, 204, 205, true, true
11290136, 31871, 33912, 895, 203, 205, true, true
11317390, 31958, 33930, 912, 204, 202, true, true
11354280, 32070, 33930, 911, 203, 204, true, true
11381569, 32151, 33932, 911, 203, 204, true, true
11396716, 32193, 33932, 910, 202, 204, true, true
11408846, 32231, 33963, 941, 203, 204, true, true
11424256, 32276, 33967, 945, 204, 203, true, true
11430125, 32293, 33967, 944, 203, 203, true, true
11451098, 32356, 33968, 945, 204, 199, true, true
11461203, 32385, 33970, 947, 205, 196, true, true
11465214, 32396, 33970, 946, 204, 196, true, true
11535661, 32598, 33977, 953, 205, 196, true, true
11560592, 32672, 33978, 954, 206, 197, true, true
11566888, 32690, 33978, 948, 206, 197, true, true
11579879, 32728, 33978, 946, 205, 198, true, true
11613669, 32825, 33979, 943, 206, 199, true, true
11616844, 32835, 33980, 944, 207, 198, true, true
11662506, 32967, 33982, 943, 207, 198, true, true
11691784, 33050, 33982, 942, 206, 198, true, true
11751924, 33224, 33983, 943, 207, 199, true, true
11784197, 33317, 33983, 941, 206, 201, true, true
11793987, 33345, 33983, 938, 205, 201, true, true
11817432, 33409, 33987, 938, 206, 200, true, true
11832758, 33453, 33987, 935, 205, 200, true, true
11892778, 33625, 33989, 937, 206, 202, true, true
11902996, 33655, 33989, 936, 206, 203, true, true
11914681, 33689, 33989, 934, 206, 204, true, true
11939466, 33762, 33990, 935, 207, 206, true, true
11955130, 33804, 33992, 937, 208, 205, true, true
11974494, 33859, 34010, 955, 209, 204, true, true
11976946, 33866, 34011, 956, 210, 201, true, true
12129268, 34293, 34011, 955, 210, 212, true, true
12167760, 34402, 34011, 947, 209, 214, true, true
12193855, 34478, 34011, 946, 208, 215, true, true
12245555, 34626, 34011, 944, 207, 217, true, true
12294994, 34765, 34011, 942, 206, 219, true, true
12309305, 34805, 34011, 941, 205, 220, true, true
12368506, 34965, 34011, 940, 204, 222, true, true
12375658, 34985, 34020, 948, 205, 221, true, true
12394149, 35037, 34021, 949, 206, 218, true, true
12404017, 35066, 34022, 950, 207, 216, true, true
12463418, 35227, 34023, 951, 208, 216, true, true
12467597, 35240, 34029, 956, 209, 215, true, true
12471899, 35253, 34030, 956, 210, 213, true, true
12474462, 35260, 34031, 957, 211, 212, true, true
12527261, 35406, 34033, 959, 212, 205, true, true
12567221, 35515, 34033, 957, 211, 206, true, true
12598940, 35602, 34033, 931, 210, 207, true, true
12612671, 35640, 34033, 930, 209, 208, true, true
12620531, 35661, 34033, 929, 208, 209, true, true
12632500, 35692, 34033, 927, 207, 209, true, true
12663360, 35772, 34033, 926, 206, 210, true, true
12745796, 35998, 34033, 924, 205, 210, true, true
12748362, 36006, 34033, 923, 204, 210, true, true
12776081, 36080, 34033, 922, 203, 210, true, true
12823899, 36204, 34033, 914, 201, 211, true, true
12899773, 36409, 34033, 911, 200, 216, true, true
12964965, 36588, 34033, 898, 199, 217, true, true
12993043, 36658, 34033, 897, 199, 217, true, true
13032878, 36761, 34034, 895, 200, 217, true, true
13038942, 36777, 34034, 887, 199, 217, true, true
13039566, 36779, 34038, 891, 200, 215, true, true
13105364, 36955, 34040, 893, 201, 216, true, true
13154027, 37086, 34042, 894, 201, 216, true, true
13249392, 37351, 34042, 892, 200, 219, true, true
13254073, 37363, 34042, 889, 199, 219, true, true
13268575, 37402, 34043, 890, 200, 217, true, true
13273239, 37415, 34050, 897, 201, 215, true, true
13299154, 37487, 34050, 896, 200, 215, true, true
13332080, 37575, 34050, 885, 200, 215, true, true
13382122, 37711, 34050, 882, 200, 218, true, true
13392492, 37738, 34050, 880, 199, 218, true, true
13468575, 37940, 34051, 881, 200, 220, true, true
13484814, 37982, 34126, 956, 201, 217, true, true
13503296, 38031, 34126, 950, 199, 218, true, true
13525442, 38091, 34129, 953, 200, 216, true, true
13552735, 38162, 34135, 959, 201, 216, true, true
13578303, 38231, 34135, 957, 200, 217, true, true
13600441, 38287, 34135, 950, 199, 217, true, true
13624787, 38353, 34135, 927, 198, 218, true, true
13628279, 38362, 34139, 931, 199, 217, true, true
13654711, 38432, 34139, 930, 198, 217, true, true
13779894, 38754, 34140, 931, 199, 222, true, true
13811907, 38837, 34144, 934, 200, 222, true, true
13818362, 38853, 34144, 931, 199, 222, true, true
13908160, 39090, 34144, 930, 198, 227, true, true
13923728, 39132, 34145, 927, 199, 225, true, true
13967997, 39246, 34147, 929, 200, 222, true, true
14004501, 39343, 34149, 931, 201, 221, true, true
14046915, 39450, 34151, 933, 202, 221, true, true
14074182, 39525, 34154, 936, 203, 220, true, true
14076919, 39531, 34154, 935, 202, 220, true, true
14109741, 39616, 34156, 909, 203, 221, true, true
14251427, 39985, 34159, 912, 204, 226, true, true
14285893, 40079, 34160, 913, 205, 223, true, true
14351610, 40258, 34163, 913, 205, 223, true, true
14429780, 40460, 34163, 911, 204, 224, true, true
14469144, 40562, 34167, 903, 205, 224, true, true
14525628, 40711, 34168, 904, 206, 222, true, true
14525896, 40712, 34169, 905, 207, 218, true, true
14546303, 40767, 34169, 903, 207, 220, true, true
14571897, 40834, 34169, 902, 207, 221, true, true
14613069, 40944, 34170, 903, 208, 222, true, true
14695371, 41155, 34170, 892, 208, 224, true, true
14749814, 41297, 34171, 893, 209, 224, true, true
14762090, 41330, 34171, 876, 208, 224, true, true
14824870, 41491, 34171, 875, 207, 224, true, true
14829528, 41503, 34171, 874, 206, 224, true, true
14848608, 41552, 34174, 877, 207, 221, true, true
14851904, 41562, 34174, 802, 206, 221, true, true
14956251, 41837, 34176, 804, 207, 226, true, true
14985759, 41915, 34176, 802, 206, 228, true, true
15016369, 41995, 34186, 812, 207, 229, true, true
15017435, 41998, 34186, 811, 206, 229, true, true
15170914, 42391, 34186, 809, 205, 233, true, true
15173073, 42396, 34186, 806, 204, 233, true, true
15183837, 42423, 34188, 808, 205, 233, true, true
15196442, 42457, 34188, 807, 204, 233, true, true
15216313, 42508, 34189, 808, 205, 233, true, true
15276934, 42664, 34190, 809, 206, 234, true, true
15298916, 42724, 34191, 810, 207, 232, true, true
15341917, 42835, 34193, 812, 208, 232, true, true
15373813, 42916, 34196, 815, 209, 232, true, true
15376493, 42923, 34198, 813, 208, 231, true, true
15483486, 43196, 34198, 810, 207, 231, true, true
15497669, 43233, 34200, 812, 208, 232, true, true
15521714, 43295, 34201, 813, 209, 231, true, true
15525532, 43304, 34201, 812, 208, 231, true, true
15567592, 43411, 34207, 818, 209, 230, true, true
15584789, 43454, 34209, 820, 210, 231, true, true
15628258, 43565, 34209, 819, 210, 232, true, true
15828795, 44086, 34210, 820, 211, 233, true, true
15858755, 44164, 34210, 819, 210, 234, true, true
15867542, 44188, 34212, 821, 211, 230, true, true
15911776, 44306, 34212, 820, 210, 230, true, true
15932764, 44362, 34214, 822, 211, 229, true, true
15944726, 44393, 34214, 819, 210, 230, true, true
15969757, 44460, 34214, 817, 210, 232, true, true
15974979, 44474, 34215, 818, 211, 231, true, true
15975027, 44475, 34216, 819, 212, 230, true, true
15993753, 44522, 34216, 818, 211, 230, true, true
15996594, 44529, 34217, 819, 212, 229, true, true
16011425, 44568, 34217, 818, 211, 229, true, true
16028378, 44610, 34218, 819, 212, 228, true, true
16059343, 44690, 34218, 812, 211, 228, true, true
16068925, 44713, 34219, 813, 212, 225, true, true
16119854, 44841, 34221, 810, 212, 224, true, true
16128415, 44865, 34223, 811, 213, 223, true, true
16168343, 44971, 34223, 810, 212, 223, true, true
16274752, 45237, 34224, 811, 213, 227, true, true
16299242, 45300, 34225, 812, 214, 224, true, true
16526274, 45889, 34225, 802, 213, 226, true, true
16561353, 45979, 34225, 799, 212, 228, true, true
16687460, 46319, 34226, 800, 213, 231, true, true
16707464, 46374, 34227, 801, 214, 230, true, true
16834333, 46708, 34228, 802, 215, 232, true, true
16841543, 46728, 34229, 803, 216, 231, true, true
16847467, 46744, 34230, 804, 217, 229, true, true
16848988, 46748, 34231, 805, 218, 227, true, true
16866851, 46796, 34232, 806, 219, 224, true, true
16907320, 46898, 34232, 804, 218, 224, true, true
16925258, 46945, 34232, 802, 218, 224, true, true
16952536, 47020, 34251, 821, 219, 222, true, true
17051629, 47287, 34251, 818, 219, 227, true, true
17177769, 47623, 34252, 816, 218, 229, true, true
17193951, 47668, 34252, 815, 217, 230, true, true
17207967, 47707, 34259, 822, 218, 229, true, true
17328857, 48020, 34268, 830, 218, 224, true, true
17338339, 48046, 34269, 831, 219, 222, true, true
17359817, 48102, 34276, 838, 220, 224, true, true
17402494, 48214, 34276, 836, 219, 224, true, true
17510184, 48498, 34285, 844, 220, 226, true, true
17518101, 48518, 34285, 839, 219, 226, true, true
17534231, 48561, 34288, 842, 220, 224, true, true
17599235, 48731, 34289, 843, 221, 221, true, true
17631333, 48818, 34289, 842, 220, 221, true, true
17632854, 48822, 34289, 841, 219, 221, true, true
17646261, 48857, 34290, 842, 220, 220, true, true
17698847, 48998, 34293, 845, 221, 217, true, true
17702107, 49006, 34293, 844, 220, 217, true, true
17787033, 49222, 34293, 843, 219, 220, true, true
17843842, 49370, 34293, 840, 218, 220, true, true
17952334, 49644, 34293, 839, 217, 225, true, true
17965743, 49679, 34295, 838, 217, 224, true, true
18078821, 49970, 34295, 836, 216, 227, true, true
18104452, 50036, 34295, 833, 215, 228, true, true
18158488, 50173, 34295, 829, 214, 229, true, true
18230332, 50351, 34296, 830, 215, 228, true, true
18305103, 50537, 34297, 828, 216, 230, true, true
18308783, 50546, 34301, 832, 217, 230, true, true
18415553, 50824, 34304, 833, 218, 230, true, true
18427319, 50854, 34305, 834, 219, 229, true, true
18512070, 51073, 34306, 835, 220, 227, true, true
18521688, 51097, 34306, 834, 219, 227, true, true
18557591, 51191, 34327, 855, 220, 223, true, true
18747873, 51683, 34343, 871, 221, 225, true, true
18802944, 51827, 34348, 876, 222, 223, true, true
18803315, 51828, 34357, 885, 223, 221, true, true
18972891, 52262, 34358, 860, 224, 223, true, true
19127169, 52672, 34364, 865, 224, 222, true, true
19208413, 52876, 34364, 863, 224, 225, true, true
19507514, 53553, 34364, 855, 223, 231, true, true
19526402, 53595, 34366, 856, 224, 230, true, true
19571648, 53697, 34366, 855, 223, 231, true, true
19576975, 53710, 34366, 853, 222, 231, true, true
19582011, 53723, 34372, 857, 222, 228, true, true
19583895, 53728, 34372, 856, 221, 228, true, true
19600119, 53760, 34379, 863, 222, 223, true, true
19992265, 54734, 34379, 862, 221, 231, true, true
20011825, 54787, 34379, 861, 220, 232, true, true
20111175, 55044, 34382, 864, 221, 232, true, true
20178118, 55231, 34382, 863, 220, 232, true, true
20249162, 55426, 34383, 864, 221, 232, true, true
20283185, 55517, 34383, 863, 220, 234, true, true
20309512, 55584, 34383, 862, 219, 234, true, true
20314935, 55599, 34383, 861, 218, 234, true, true
20375842, 55763, 34383, 860, 217, 235, true, true
20493835, 56075, 34383, 851, 216, 237, true, true
20505812, 56110, 34387, 855, 217, 235, true, true
20536289, 56189, 34403, 869, 218, 234, true, true
20549872, 56228, 34403, 866, 217, 234, true, true
20773903, 56822, 34403, 865, 216, 240, true, true
20961477, 57322, 34403, 864, 215, 243, true, true
20962095, 57324, 34436, 897, 216, 241, true, true
20982718, 57379, 34437, 898, 217, 241, true, true
21054551, 57562, 34437, 896, 216, 242, true, true
21059514, 57574, 34442, 901, 217, 240, true, true
21119835, 57728, 34442, 900, 216, 241, true, true
21175408, 57874, 34442, 899, 215, 242, true, true
21234776, 58027, 34442, 897, 214, 243, true, true
21241658, 58045, 34443, 897, 214, 242, true, true
21275815, 58133, 34443, 895, 213, 243, true, true
21377330, 58397, 34461, 899, 214, 242, true, true
21398954, 58452, 34462, 900, 215, 242, true, true
21426219, 58523, 34462, 899, 214, 242, true, true
21512730, 58750, 34462, 898, 214, 244, true, true
21524120, 58780, 34463, 899, 215, 242, true, true
21548975, 58843, 34464, 900, 216, 239, true, true
21608072, 58994, 34464, 899, 215, 240, true, true
21651063, 59103, 34465, 899, 216, 235, true, true
21655499, 59114, 34468, 902, 217, 232, true, true
21662087, 59131, 34470, 904, 218, 231, true, true
21680825, 59180, 34474, 908, 219, 227, true, true
21854247, 59626, 34475, 909, 220, 228, true, true
21887197, 59711, 34475, 908, 219, 229, true, true
21919291, 59792, 34475, 907, 218, 229, true, true
21958989, 59897, 34476, 907, 219, 227, true, true
21996237, 59992, 34476, 906, 218, 227, true, true
22027565, 60069, 34476, 902, 217, 228, true, true
22040853, 60103, 34477, 903, 218, 226, true, true
22089013, 60225, 34477, 902, 217, 226, true, true
22137582, 60347, 34485, 909, 218, 224, true, true
22147695, 60371, 34489, 913, 219, 223, true, true
22186254, 60472, 34490, 914, 220, 224, true, true
22260730, 60663, 34492, 916, 221, 226, true, true
22262953, 60669, 34492, 913, 220, 226, true, true
22311671, 60795, 34492, 912, 219, 226, true, true
22327080, 60833, 34493, 913, 220, 222, true, true
22350123, 60893, 34493, 912, 219, 223, true, true
22543135, 61390, 34496, 915, 220, 227, true, true
22589335, 61513, 34518, 933, 220, 223, true, true
22626694, 61611, 34519, 930, 220, 223, true, true
22648490, 61666, 34519, 929, 219, 223, true, true
22649287, 61668, 34519, 928, 218, 223, true, true
22759686, 61946, 34520, 928, 219, 224, true, true
22936645, 62402, 34520, 927, 218, 228, true, true
22962280, 62469, 34523, 930, 219, 227, true, true
23099244, 62816, 34524, 931, 220, 228, true, true
23143905, 62933, 34524, 930, 219, 229, true, true
23148611, 62945, 34526, 932, 220, 227, true, true
23177269, 63019, 34526, 931, 219, 227, true, true
23250427, 63209, 34526, 930, 218, 230, true, true
23251227, 63211, 34526, 929, 217, 230, true, true
23264064, 63244, 34526, 928, 216, 231, true, true
23265766, 63249, 34530, 932, 217, 230, true, true
23304433, 63348, 34530, 930, 216, 231, true, true
23304828, 63349, 34530, 927, 215, 231, true, true
23333440, 63422, 34531, 927, 216, 227, true, true
23354589, 63477, 34531, 916, 216, 228, true, true
23387968, 63559, 34533, 918, 217, 225, true, true
23425775, 63653, 34533, 917, 216, 225, true, true
23449627, 63713, 34555, 923, 215, 221, true, true
23559282, 63981, 34556, 924, 216, 220, true, true
23580852, 64037, 34556, 923, 215, 220, true, true
23597440, 64081, 34556, 922, 214, 220, true, true
23630968, 64165, 34557, 923, 215, 220, true, true
23641858, 64192, 34562, 921, 215, 218, true, true
23731395, 64415, 34562, 917, 214, 219, true, true
23735803, 64425, 34562, 916, 214, 219, true, true
23768010, 64505, 34562, 915, 213, 220, true, true
23979690, 65039, 34564, 917, 214, 223, true, true
24081123, 65298, 34564, 915, 213, 225, true, true
24084962, 65307, 34572, 923, 214, 224, true, true
24126534, 65411, 34573, 924, 215, 224, true, true
24176229, 65539, 34582, 933, 216, 223, true, true
24201142, 65604, 34583, 934, 217, 222, true, true
24226494, 65665, 34583, 929, 216, 222, true, true
24274799, 65784, 34586, 932, 217, 221, true, true
24377696, 66043, 34586, 931, 216, 224, true, true
24388571, 66070, 34586, 919, 215, 224, true, true
24451379, 66226, 34586, 913, 214, 225, true, true
24461822, 66253, 34588, 913, 215, 223, true, true
24596997, 66592, 34592, 917, 216, 222, true, true
24790097, 67088, 34596, 918, 215, 224, true, true
24848821, 67239, 34599, 921, 216, 223, true, true
24871498, 67297, 34599, 917, 215, 223, true, true
24880327, 67320, 34611, 929, 216, 220, true, true
24955572, 67510, 34611, 896, 215, 223, true, true
25094371, 67870, 34623, 908, 216, 228, true, true
25163274, 68047, 34624, 909, 217, 228, true, true
25175733, 68078, 34624, 908, 216, 229, true, true
25181139, 68091, 34628, 911, 217, 223, true, true
25206783, 68158, 34629, 912, 218, 221, true, true
25242553, 68249, 34633, 916, 219, 219, true, true
25247370, 68262, 34634, 917, 220, 218, true, true
25304486, 68403, 34634, 916, 220, 219, true, true
25349029, 68511, 34635, 917, 221, 217, true, true
25426984, 68709, 34639, 919, 220, 214, true, true
25521249, 68943, 34669, 922, 220, 214, true, true
25548570, 69007, 34670, 921, 221, 213, true, true
25684539, 69336, 34670, 920, 220, 214, true, true
25712074, 69406, 34671, 921, 221, 212, true, true
25762890, 69536, 34674, 924, 222, 210, true, true
25800534, 69627, 34676, 926, 223, 209, true, true
25893144, 69854, 34676, 924, 222, 210, true, true
25917843, 69915, 34684, 932, 223, 208, true, true
26102936, 70368, 34684, 931, 222, 211, true, true
26129805, 70436, 34694, 941, 223, 212, true, true
26231717, 70686, 34694, 940, 222, 212, true, true
26233209, 70690, 34694, 936, 221, 212, true, true
26313458, 70891, 34708, 948, 222, 212, true, true
26420274, 71156, 34711, 951, 223, 216, true, true
26459842, 71258, 34717, 957, 224, 215, true, true
26565739, 71527, 34718, 958, 225, 215, true, true
26865319, 72289, 34718, 955, 225, 219, true, true
26939662, 72478, 34719, 956, 226, 219, true, true
26955789, 72521, 34752, 989, 227, 218, true, true
27000877, 72633, 34752, 978, 226, 219, true, true
27012963, 72663, 34761, 987, 227, 218, true, true
27027044, 72699, 34765, 991, 228, 217, true, true
27292474, 73362, 34767, 993, 229, 225, true, true
27294789, 73368, 34768, 994, 230, 222, true, true
27338288, 73474, 34770, 994, 231, 220, true, true
27374547, 73561, 34770, 992, 230, 220, true, true
27419597, 73673, 34770, 989, 229, 220, true, true
27511635, 73900, 34805, 1024, 230, 224, true, true
27647177, 74248, 34806, 1025, 231, 223, true, true
27671710, 74311, 34806, 1023, 229, 223, true, true
27814418, 74667, 34806, 1014, 229, 225, true, true
27825353, 74691, 34806, 1012, 228, 225, true, true
27867823, 74798, 34806, 1011, 227, 225, true, true
27904001, 74890, 34806, 1010, 227, 226, true, true
28011857, 75163, 34807, 1009, 228, 225, true, true
28101275, 75391, 34808, 1010, 229, 223, true, true
28219025, 75687, 34808, 1004, 228, 224, true, true
28221239, 75693, 34812, 1008, 229, 223, true, true
28258609, 75789, 34815, 1011, 230, 219, true, true
28299472, 75893, 34815, 1010, 229, 219, true, true
28362758, 76050, 34816, 1011, 230, 218, true, true
28462584, 76302, 34818, 1013, 231, 221, true, true
28571916, 76582, 34818, 1012, 230, 222, true, true
28698223, 76910, 34822, 1016, 231, 222, true, true
28784818, 77138, 34822, 1004, 231, 224, true, true
28792373, 77158, 34826, 1007, 231, 219, true, true
28872060, 77366, 34827, 1008, 232, 217, true, true
28931252, 77523, 34833, 1014, 233, 217, true, true
29052816, 77850, 34833, 1013, 232, 221, true, true
29066200, 77888, 34833, 1011, 231, 221, true, true
29129100, 78053, 34833, 1010, 230, 221, true, true
29227059, 78302, 34834, 1011, 231, 215, true, true
29266698, 78411, 34835, 1012, 232, 214, true, true
29350102, 78632, 34835, 1011, 231, 215, true, true
29356549, 78648, 34837, 1013, 232, 214, true, true
29385527, 78723, 34837, 1012, 231, 214, true, true
29482305, 78971, 34841, 1010, 232, 213, true, true
29489078, 78988, 34841, 1007, 231, 213, true, true
29522553, 79070, 34842, 1008, 232, 212, true, true
29577596, 79209, 34843, 1009, 233, 207, true, true
29639411, 79371, 34843, 1008, 232, 209, true, true
29732018, 79611, 34843, 1005, 231, 212, true, true
29751537, 79661, 34843, 1004, 230, 213, true, true
29764181, 79691, 34844, 1005, 231, 212, true, true
29830535, 79857, 34854, 1005, 232, 211, true, true
29906713, 80045, 34858, 1007, 233, 210, true, true
29952109, 80162, 34859, 1008, 234, 208, true, true
30242169, 80905, 34865, 1014, 235, 213, true, true
30253577, 80933, 34867, 1016, 236, 212, true, true
30261970, 80954, 34867, 1015, 236, 212, true, true
30475315, 81504, 34867, 1012, 235, 216, true, true
30484367, 81526, 34867, 1008, 234, 216, true, true
30517869, 81613, 34898, 1038, 235, 215, true, true
30544163, 81681, 34898, 1036, 235, 216, true, true
30611336, 81846, 34898, 1035, 234, 217, true, true
30655683, 81959, 34900, 1037, 235, 216, true, true
30697107, 82069, 34900, 1036, 234, 216, true, true
30871059, 82508, 34904, 1040, 235, 216, true, true
30890660, 82558, 34905, 1040, 235, 215, true, true
30901594, 82585, 34905, 1038, 234, 215, true, true
31128343, 83153, 34905, 1029, 233, 215, true, true
31170440, 83261, 34906, 1030, 234, 213, true, true
31198773, 83327, 34907, 1031, 235, 212, true, true
31206676, 83347, 34909, 1029, 236, 209, true, true
31229544, 83406, 34911, 1030, 236, 208, true, true
31319081, 83627, 34911, 1011, 235, 209, true, true
31349535, 83703, 34911, 989, 234, 211, true, true
31364518, 83742, 34911, 987, 233, 212, true, true
31418849, 83882, 34914, 990, 234, 211, true, true
31445396, 83950, 34915, 991, 235, 209, true, true
31447766, 83957, 34916, 992, 236, 208, true, true
31458217, 83983, 34916, 989, 235, 208, true, true
31595808, 84325, 34917, 990, 236, 208, true, true
31610464, 84362, 34918, 991, 237, 206, true, true
31716163, 84621, 34918, 990, 236, 207, true, true
31942429, 85193, 34930, 1001, 237, 207, true, true
31970862, 85264, 34948, 999, 237, 206, true, true
32060970, 85480, 34948, 998, 236, 207, true, true
32144143, 85691, 34954, 1003, 237, 206, true, true
32157825, 85724, 34954, 983, 236, 207, true, true
32438441, 86427, 34955, 984, 237, 208, true, true
32452785, 86464, 34957, 985, 238, 205, true, true
32546216, 86708, 34957, 984, 237, 207, true, true
32551111, 86721, 34957, 983, 236, 207, true, true
32590318, 86818, 34961, 987, 237, 208, true, true
32592023, 86823, 34962, 988, 238, 207, true, true
32601358, 86848, 34965, 987, 239, 206, true, true
32764755, 87252, 34965, 986, 238, 207, true, true
32776494, 87282, 34967, 988, 239, 204, true, true
33364462, 88764, 34967, 987, 238, 209, true, true
33375274, 88793, 34967, 983, 237, 209, true, true
33392266, 88837, 34967, 982, 236, 209, true, true
33416196, 88899, 34967, 981, 235, 209, true, true
33704984, 89645, 34967, 980, 234, 216, true, true
33897822, 90147, 34967, 976, 234, 219, true, true
33937177, 90250, 34968, 977, 235, 218, true, true
34018926, 90463, 34969, 976, 235, 221, true, true
34110858, 90705, 34969, 975, 234, 222, true, true
34198202, 90928, 34969, 974, 233, 223, true, true
34205418, 90948, 34976, 981, 234, 220, true, true
34569132, 91875, 34980, 985, 235, 224, true, true
34600730, 91958, 34980, 984, 234, 224, true, true
34606981, 91973, 34981, 985, 235, 222, true, true
34626047, 92024, 34981, 984, 234, 222, true, true
34667540, 92128, 34997, 984, 235, 220, true, true
34797713, 92454, 34997, 976, 234, 221, true, true
35019053, 93013, 34997, 975, 233, 227, true, true
35112504, 93246, 34997, 968, 232, 227, true, true
35249465, 93592, 35019, 990, 233, 227, true, true
35460116, 94129, 35021, 992, 234, 229, true, true
35477269, 94173, 35021, 991, 233, 229, true, true
35494135, 94218, 35024, 994, 234, 228, true, true
35568888, 94403, 35024, 993, 233, 228, true, true
35612527, 94514, 35024, 992, 233, 228, true, true
35654735, 94624, 35024, 991, 232, 228, true, true
35740121, 94839, 35025, 990, 232, 228, true, true
35819661, 95038, 35025, 970, 230, 229, true, true
35844790, 95101, 35025, 969, 229, 230, true, true
35892447, 95219, 35029, 973, 230, 230, true, true
35906103, 95253, 35030, 974, 231, 227, true, true
35969909, 95415, 35036, 978, 231, 224, true, true
35971912, 95420, 35036, 970, 230, 224, true, true
36058119, 95629, 35036, 968, 229, 225, true, true
36124053, 95793, 35038, 970, 230, 224, true, true
36141290, 95833, 35039, 971, 231, 222, true, true
36250555, 96100, 35040, 972, 232, 222, true, true
36281305, 96177, 35041, 973, 233, 220, true, true
36379706, 96433, 35041, 957, 232, 221, true, true
36449886, 96605, 35042, 958, 233, 219, true, true
36591195, 96947, 35042, 957, 232, 219, true, true
36717836, 97265, 35042, 956, 231, 220, true, true
36904259, 97733, 35042, 954, 230, 222, true, true
36956589, 97864, 35042, 952, 229, 222, true, true
36956953, 97865, 35042, 948, 229, 222, true, true
37020350, 98023, 35042, 946, 228, 224, true, true
37034589, 98061, 35048, 952, 229, 221, true, true
37111345, 98262, 35048, 951, 228, 225, true, true
37312782, 98762, 35063, 966, 229, 227, true, true
37377664, 98924, 35066, 969, 230, 227, true, true
37484736, 99198, 35074, 972, 230, 225, true, true
37560614, 99389, 35075, 973, 231, 224, true, true
37617194, 99533, 35076, 974, 232, 220, true, true
37700335, 99736, 35076, 972, 231, 222, true, true
37791541, 99966, 35076, 969, 230, 223, true, true
37887313, 100203, 35076, 968, 229, 223, true, true
37986547, 100451, 35076, 963, 228, 224, true, true
38081496, 100692, 35076, 947, 227, 224, true, true
38115145, 100779, 35170, 1041, 228, 223, true, true
38231693, 101075, 35170, 1037, 227, 224, true, true
38292879, 101227, 35170, 1036, 227, 225, true, true
38331022, 101323, 35171, 1037, 228, 224, true, true
38453111, 101627, 35172, 1038, 229, 221, true, true
38510657, 101771, 35175, 1041, 230, 219, true, true
38981182, 102939, 35175, 1040, 229, 228, true, true
38993318, 102969, 35176, 1041, 230, 221, true, true
39083094, 103211, 35177, 1042, 231, 218, true, true
39349163, 103963, 35178, 1043, 232, 215, true, true
39537867, 104496, 35178, 1023, 231, 220, true, true
39598350, 104667, 35178, 1007, 230, 221, true, true
39641301, 104783, 35178, 1006, 229, 222, true, true
39860172, 105404, 35178, 1004, 228, 224, true, true
39871484, 105436, 35187, 1013, 229, 221, true, true
39971762, 105711, 35200, 1026, 230, 219, true, true
39995774, 105780, 35200, 1013, 229, 220, true, true
40051890, 105926, 35201, 1014, 230, 219, true, true
40076698, 105993, 35201, 1013, 229, 219, true, true
40186221, 106292, 35201, 1012, 228, 220, true, true
40252384, 106474, 35205, 1016, 229, 219, true, true
40315213, 106643, 35205, 1015, 228, 219, true, true
40389433, 106847, 35205, 1013, 227, 220, true, true
40551065, 107288, 35208, 1016, 228, 221, true, true
40670394, 107614, 35208, 1015, 227, 223, true, true
40756747, 107849, 35208, 1012, 226, 224, true, true
40759249, 107856, 35210, 1014, 227, 221, true, true
40780362, 107916, 35210, 1012, 226, 221, true, true
40919147, 108303, 35210, 1011, 225, 222, true, true
40977871, 108463, 35214, 1015, 226, 221, true, true
41096564, 108786, 35214, 1014, 225, 224, true, true
41116369, 108841, 35214, 1013, 224, 224, true, true
41298753, 109339, 35224, 1023, 225, 225, true, true
41368715, 109524, 35224, 1018, 224, 227, true, true
41497344, 109879, 35229, 1011, 225, 228, true, true
41517899, 109937, 35230, 1011, 226, 227, true, true
41610320, 110186, 35230, 1010, 225, 229, true, true
41871049, 110895, 35232, 1012, 226, 229, true, true
41891129, 110949, 35233, 1013, 227, 226, true, true
42092116, 111487, 35233, 1012, 226, 230, true, true
42186902, 111747, 35234, 1013, 227, 229, true, true
42308769, 112068, 35235, 1014, 228, 229, true, true
42417754, 112363, 35236, 1015, 229, 228, true, true
42462388, 112484, 35236, 1011, 228, 228, true, true
42488829, 112557, 35239, 1014, 229, 227, true, true
42535710, 112683, 35239, 1013, 228, 228, true, true
42567309, 112767, 35241, 1015, 229, 227, true, true
42686233, 113082, 35245, 1019, 230, 229, true, true
42984874, 113888, 35245, 1018, 229, 233, true, true
43244213, 114586, 35250, 1023, 230, 234, true, true
43250030, 114602, 35251, 1024, 231, 232, true, true
43286141, 114698, 35263, 1036, 232, 231, true, true
43326796, 114807, 35263, 1035, 231, 232, true, true
43449300, 115139, 35263, 1031, 230, 234, true, true
43529590, 115359, 35265, 1033, 231, 230, true, true
43628884, 115623, 35265, 1028, 230, 233, true, true
43714919, 115851, 35266, 1029, 231, 232, true, true
43855952, 116237, 35266, 1027, 230, 233, true, true
43932414, 116442, 35266, 1025, 230, 233, true, true
44260451, 117337, 35268, 1027, 231, 233, true, true
44412903, 117752, 35268, 1026, 230, 233, true, true
44452806, 117865, 35269, 1027, 231, 230, true, true
44531926, 118082, 35270, 1028, 232, 230, true, true
44652523, 118409, 35270, 1027, 231, 230, true, true
44710829, 118569, 35271, 1028, 232, 227, true, true
44725106, 118610, 35271, 1024, 231, 227, true, true
44764967, 118722, 35271, 1023, 230, 227, true, true
44823201, 118887, 35271, 1020, 229, 228, true, true
44885766, 119061, 35271, 1019, 228, 229, true, true
44914494, 119140, 35271, 1013, 228, 230, true, true
44929827, 119180, 35271, 1012, 227, 231, true, true
44987545, 119337, 35272, 1013, 228, 229, true, true
45267950, 120098, 35272, 1012, 227, 229, true, true
45520034, 120798, 35288, 1016, 228, 229, true, true
45547084, 120869, 35288, 1015, 227, 229, true, true
45561428, 120907, 35288, 1014, 226, 229, true, true
45623654, 121082, 35289, 1015, 227, 228, true, true
45635031, 121112, 35291, 1005, 227, 224, true, true
45643217, 121134, 35291, 1004, 227, 224, true, true
45654698, 121167, 35293, 1006, 228, 223, true, true
45667482, 121203, 35294, 1006, 229, 221, true, true
45856501, 121725, 35294, 1004, 228, 221, true, true
45901633, 121847, 35294, 1003, 227, 221, true, true
45927524, 121920, 35294, 1001, 227, 223, true, true
45942777, 121963, 35295, 1002, 228, 221, true, true
45994581, 122102, 35295, 1001, 227, 221, true, true
46081810, 122340, 35295, 1000, 226, 221, true, true
46177920, 122596, 35302, 1007, 227, 222, true, true
46373542, 123122, 35303, 1008, 228, 222, true, true
46388248, 123165, 35304, 1009, 229, 221, true, true
46526895, 123539, 35304, 1008, 228, 222, true, true
46532587, 123552, 35304, 1007, 227, 222, true, true
46533509, 123554, 35304, 1006, 226, 222, true, true
46666440, 123906, 35304, 1005, 225, 223, true, true
46683781, 123951, 35304, 996, 224, 223, true, true
46767002, 124175, 35304, 981, 222, 223, true, true
46768055, 124178, 35305, 982, 223, 222, true, true
46788280, 124230, 35305, 981, 223, 223, true, true
47062102, 124977, 35305, 976, 223, 225, true, true
47086444, 125052, 35314, 982, 223, 224, true, true
47169980, 125320, 35317, 985, 224, 224, true, true
47282602, 125707, 35318, 986, 225, 222, true, true
47377275, 126041, 35320, 988, 226, 222, true, true
47452271, 126289, 35320, 987, 225, 222, true, true
47479991, 126383, 35320, 986, 224, 222, true, true
47592510, 126771, 35320, 985, 223, 222, true, true
47634593, 126916, 35320, 984, 222, 222, true, true
47711540, 127177, 35320, 983, 221, 224, true, true
48035191, 128307, 35324, 987, 222, 225, true, true
48096530, 128520, 35324, 986, 221, 226, true, true
48107637, 128560, 35324, 985, 220, 227, true, true
48215577, 128937, 35326, 986, 221, 226, true, true
48381923, 129540, 35326, 985, 220, 227, true, true
48511431, 129986, 35328, 987, 221, 226, true, true
48569938, 130187, 35328, 986, 220, 226, true, true
48728180, 130740, 35328, 985, 219, 228, true, true
48737327, 130772, 35328, 983, 218, 228, true, true
48850500, 131177, 35328, 982, 217, 231, true, true
48854231, 131191, 35328, 980, 216, 231, true, true
48932681, 131470, 35328, 977, 216, 231, true, true
49001451, 131708, 35329, 978, 217, 228, true, true
49007931, 131730, 35330, 979, 218, 227, true, true
49083518, 131987, 35332, 981, 219, 227, true, true
49107500, 132070, 35332, 960, 218, 227, true, true
49140631, 132189, 35332, 959, 217, 227, true, true
49203356, 132405, 35333, 960, 218, 221, true, true
49332855, 132856, 35333, 955, 217, 223, true, true
49665076, 134028, 35334, 956, 218, 226, true, true
49851553, 134679, 35337, 959, 219, 226, true, true
49872540, 134757, 35337, 956, 218, 226, true, true
49909102, 134896, 35343, 962, 219, 225, true, true
49990380, 135182, 35344, 963, 220, 223, true, true
49991904, 135187, 35346, 965, 221, 222, true, true
50068439, 135455, 35346, 964, 220, 222, true, true
50071395, 135466, 35346, 963, 219, 222, true, true
50080798, 135499, 35356, 973, 220, 221, true, true
50136517, 135695, 35356, 970, 219, 222, true, true
50244647, 136066, 35356, 969, 218, 224, true, true
50268447, 136148, 35358, 971, 219, 222, true, true
50450220, 136782, 35363, 976, 220, 222, true, true
50659077, 137512, 35363, 975, 219, 227, true, true
50709166, 137690, 35363, 974, 218, 227, true, true
50853185, 138195, 35363, 973, 217, 231, true, true
51155536, 139268, 35414, 1024, 218, 234, true, true
51467563, 140376, 35414, 1023, 217, 235, true, true
51558626, 140698, 35417, 1026, 218, 235, true, true
51605497, 140859, 35419, 1028, 219, 236, true, true
51813608, 141598, 35420, 1029, 220, 233, true, true
51922017, 141980, 35422, 1031, 221, 232, true, true
51939078, 142043, 35423, 1032, 222, 230, true, true
51952400, 142090, 35425, 1034, 223, 229, true, true
51964113, 142132, 35425, 1033, 222, 229, true, true
51969740, 142152, 35426, 1034, 223, 228, true, true
52275352, 143241, 35426, 1033, 222, 231, true, true
52303428, 143343, 35426, 1032, 221, 231, true, true
52407990, 143707, 35428, 1034, 222, 232, true, true
52467573, 143920, 35429, 988, 223, 233, true, true
52665693, 144605, 35446, 1005, 224, 232, true, true
52764164, 144955, 35448, 1007, 225, 231, true, true
52791330, 145048, 35454, 1013, 226, 231, true, true
52871392, 145329, 35454, 1012, 225, 232, true, true
52904247, 145445, 35454, 1011, 224, 232, true, true
52955509, 145631, 35455, 1012, 225, 230, true, true
52998098, 145777, 35460, 1017, 226, 229, true, true
53002579, 145793, 35460, 1016, 225, 229, true, true
53050190, 145955, 35460, 1014, 224, 230, true, true
53065430, 146008, 35461, 1015, 225, 231, true, true
53072679, 146033, 35462, 1016, 226, 230, true, true
53084033, 146071, 35462, 1015, 225, 230, true, true
53183704, 146411, 35462, 1013, 224, 231, true, true
53486805, 147427, 35462, 1010, 223, 234, true, true
53514946, 147524, 35466, 1014, 224, 233, true, true
53710565, 148194, 35468, 1016, 225, 233, true, true
53716438, 148214, 35469, 1017, 226, 230, true, true
53885093, 148799, 35481, 1029, 227, 229, true, true
53897633, 148842, 35484, 1032, 228, 225, true, true
54154955, 149724, 35484, 1030, 227, 226, true, true
54259437, 150096, 35489, 1035, 228, 232, true, true
54363867, 150447, 35489, 1034, 227, 235, true, true
54371926, 150476, 35493, 1038, 228, 233, true, true
54564552, 151152, 35493, 1036, 227, 235, true, true
54851173, 152144, 35494, 1037, 228, 236, true, true
54863400, 152187, 35494, 1036, 227, 236, true, true
54901116, 152318, 35494, 997, 225, 236, true, true
54919410, 152381, 35497, 1000, 226, 235, true, true
54981580, 152591, 35504, 1007, 227, 234, true, true
55086493, 152953, 35505, 1008, 228, 234, true, true
55105045, 153017, 35505, 1004, 227, 234, true, true
55224837, 153427, 35513, 1008, 228, 231, true, true
55390396, 154002, 35517, 1012, 229, 232, true, true
55404599, 154049, 35517, 1011, 228, 232, true, true
55644724, 154868, 35520, 1014, 229, 237, true, true
55700095, 155064, 35523, 1016, 230, 235, true, true
55813251, 155446, 35528, 1021, 231, 234, true, true
55823704, 155484, 35532, 1025, 232, 234, true, true
55829111, 155502, 35533, 1026, 233, 233, true, true
56056866, 156288, 35534, 1027, 234, 233, true, true
56185195, 156739, 35534, 1026, 233, 235, true, true
56342031, 157289, 35534, 1025, 232, 239, true, true
56612824, 158249, 35537, 1000, 232, 241, true, true
56685603, 158507, 35539, 1000, 233, 242, true, true
56779331, 158840, 35539, 999, 232, 242, true, true
56811382, 158960, 35539, 996, 232, 242, true, true
56880374, 159208, 35540, 997, 233, 237, true, true
56911252, 159315, 35541, 987, 234, 236, true, true
57254858, 160535, 35544, 990, 235, 230, true, true
57282226, 160630, 35545, 991, 236, 228, true, true
57305242, 160712, 35545, 990, 235, 228, true, true
57347400, 160861, 35545, 989, 234, 228, true, true
57400835, 161044, 35546, 990, 235, 225, true, true
57478911, 161313, 35547, 991, 236, 222, true, true
57608111, 161756, 35548, 992, 237, 220, true, true
57808855, 162457, 35548, 986, 236, 221, true, true
57855611, 162631, 35548, 985, 235, 223, true, true
58043515, 163294, 35552, 988, 236, 225, true, true
58094182, 163475, 35552, 984, 235, 225, true, true
58141175, 163637, 35552, 982, 234, 226, true, true
58490176, 164848, 35552, 974, 233, 231, true, true
58556734, 165082, 35552, 973, 232, 232, true, true
58972644, 166541, 35552, 972, 231, 234, true, true
58984820, 166586, 35552, 970, 231, 234, true, true
59015907, 166699, 35557, 972, 232, 233, true, true
59184381, 167298, 35558, 973, 233, 227, true, true
59199618, 167350, 35559, 974, 234, 226, true, true
59235301, 167475, 35561, 976, 235, 225, true, true
59405529, 168072, 35562, 977, 236, 224, true, true
59474503, 168320, 35563, 977, 237, 224, true, true
59507788, 168438, 35563, 975, 236, 225, true, true
59599676, 168767, 35563, 974, 235, 226, true, true
59732912, 169246, 35564, 975, 236, 225, true, true
59841491, 169635, 35571, 980, 237, 224, true, true
60008366, 170228, 35589, 998, 238, 223, true, true
60180940, 170850, 35590, 999, 239, 224, true, true
60329873, 171380, 35590, 998, 238, 225, true, true
60333786, 171394, 35591, 999, 239, 223, true, true
60615868, 172408, 35607, 1015, 240, 227, true, true
60658400, 172560, 35607, 1014, 239, 227, true, true
60753399, 172903, 35607, 1002, 237, 228, true, true
60854009, 173266, 35608, 1003, 238, 227, true, true
60917954, 173500, 35610, 1005, 239, 228, true, true
60927353, 173535, 35610, 1004, 238, 229, true, true
61127457, 174248, 35612, 1006, 239, 227, true, true
61249267, 174693, 35620, 1014, 240, 222, true, true
61318798, 174937, 35620, 1013, 239, 222, true, true
61488068, 175552, 35620, 1012, 238, 223, true, true
61583525, 175908, 35620, 1011, 237, 225, true, true
61592147, 175939, 35621, 1012, 238, 224, true, true
61708357, 176348, 35621, 1009, 237, 224, true, true
61999232, 177378, 35629, 1015, 237, 225, true, true
62133088, 177846, 35631, 1017, 238, 224, true, true
62246489, 178240, 35633, 1019, 239, 223, true, true
62268778, 178318, 35633, 1016, 238, 223, true, true
62346875, 178585, 35633, 1013, 238, 224, true, true
62499321, 179126, 35634, 1014, 239, 224, true, true
62617976, 179536, 35634, 1013, 238, 225, true, true
62620532, 179545, 35634, 1010, 237, 225, true, true
62744624, 179987, 35645, 1021, 238, 226, true, true
62791880, 180154, 35646, 1022, 239, 225, true, true
62890465, 180500, 35646, 1018, 238, 226, true, true
62943436, 180685, 35647, 1019, 239, 225, true, true
62950404, 180710, 35649, 1021, 240, 222, true, true
62968859, 180773, 35649, 1019, 239, 223, true, true
62969436, 180775, 35649, 1018, 238, 223, true, true
63053966, 181077, 35649, 1016, 237, 224, true, true
63210346, 181621, 35650, 1017, 238, 223, true, true
63270307, 181824, 35650, 1013, 237, 225, true, true
63357866, 182125, 35650, 1009, 236, 227, true, true
63376860, 182192, 35651, 1010, 237, 226, true, true
63451367, 182452, 35652, 1010, 238, 226, true, true
63460911, 182485, 35654, 1011, 239, 225, true, true
63461232, 182486, 35654, 1010, 238, 225, true, true
63497397, 182608, 35654, 1004, 237, 225, true, true
63504089, 182630, 35656, 1005, 238, 219, true, true
63512988, 182660, 35656, 1001, 237, 219, true, true
63653433, 183133, 35656, 991, 236, 223, true, true
64141574, 184776, 35676, 1007, 237, 221, true, true
64167238, 184863, 35676, 1006, 236, 221, true, true
64211421, 185017, 35676, 1005, 235, 222, true, true
64260658, 185187, 35676, 1004, 234, 222, true, true
64263487, 185197, 35676, 1003, 233, 222, true, true
64288469, 185278, 35678, 1005, 234, 220, true, true
64297656, 185309, 35679, 1006, 235, 218, true, true
64466002, 185870, 35680, 1007, 236, 218, true, true
64513089, 186030, 35680, 1006, 235, 219, true, true
64672684, 186565, 35680, 1004, 234, 222, true, true
64686010, 186609, 35680, 1003, 233, 222, true, true
64733866, 186771, 35680, 1001, 232, 222, true, true
64922378, 187385, 35680, 998, 231, 224, true, true
64923345, 187388, 35681, 999, 232, 223, true, true
64961271, 187513, 35685, 1003, 233, 221, true, true
65006456, 187666, 35685, 1002, 233, 221, true, true
65507936, 189315, 35685, 1000, 232, 224, true, true
65777837, 190215, 35685, 999, 231, 226, true, true
65814621, 190339, 35686, 999, 231, 224, true, true
66076398, 191211, 35686, 989, 230, 227, true, true
66084546, 191240, 35686, 988, 229, 227, true, true
66369766, 192215, 35687, 989, 230, 226, true, true
66416284, 192372, 35687, 987, 229, 227, true, true
67233832, 195154, 35687, 986, 228, 234, true, true
67266823, 195270, 35687, 985, 227, 235, true, true
67413165, 195776, 35694, 992, 228, 231, true, true
67490232, 196037, 35694, 976, 227, 232, true, true
67556924, 196265, 35695, 977, 228, 229, true, true
67588572, 196367, 35695, 976, 227, 229, true, true
67701043, 196753, 35695, 968, 226, 229, true, true
67858756, 197288, 35707, 978, 227, 226, true, true
67872402, 197332, 35711, 982, 228, 224, true, true
67987590, 197726, 35712, 983, 229, 224, true, true
68179132, 198367, 35720, 990, 230, 225, true, true
68255124, 198626, 35721, 991, 231, 225, true, true
68263045, 198653, 35721, 990, 230, 225, true, true
68481542, 199410, 35721, 989, 229, 227, true, true
68538406, 199605, 35725, 992, 230, 226, true, true
68581298, 199751, 35725, 959, 229, 226, true, true
68788461, 200456, 35726, 959, 230, 228, true, true
69037398, 201299, 35726, 956, 229, 230, true, true
69132860, 201618, 35726, 955, 228, 232, true, true
69198150, 201839, 35726, 954, 227, 232, true, true
69366359, 202412, 35727, 955, 228, 234, true, true
69620628, 203273, 35729, 957, 229, 237, true, true
69680881, 203477, 35730, 954, 229, 238, true, true
69748028, 203710, 35730, 952, 228, 239, true, true
69787442, 203845, 35730, 950, 227, 239, true, true
69823368, 203968, 35731, 951, 228, 238, true, true
69869918, 204123, 35731, 950, 227, 238, true, true
69907593, 204248, 35731, 949, 226, 238, true, true
70100794, 204890, 35732, 949, 226, 237, true, true
70110152, 204919, 35790, 1005, 227, 236, true, true
70343937, 205702, 35797, 1012, 228, 237, true, true
70702924, 206913, 35797, 1008, 227, 239, true, true
70786011, 207186, 35797, 1001, 226, 239, true, true
71029629, 208003, 35799, 1002, 227, 239, true, true
71065941, 208122, 35799, 1001, 226, 239, true, true
71207098, 208592, 35799, 999, 225, 239, true, true
71294787, 208879, 35804, 1004, 226, 236, true, true
71353874, 209075, 35805, 1005, 227, 235, true, true
71438924, 209363, 35812, 1012, 228, 234, true, true
71503758, 209580, 35852, 1044, 228, 228, true, true
71515007, 209620, 35852, 1042, 227, 228, true, true
71698271, 210228, 35853, 1043, 228, 228, true, true
71716558, 210287, 35853, 1041, 227, 228, true, true
71736474, 210353, 35853, 1040, 226, 228, true, true
72095717, 211537, 35853, 1034, 225, 230, true, true
72240503, 212027, 35853, 1033, 224, 231, true, true
72660388, 213414, 35853, 1032, 223, 234, true, true
72698500, 213541, 35864, 1036, 223, 233, true, true
72784486, 213829, 35864, 1028, 222, 233, true, true
72846892, 214033, 35864, 1027, 221, 233, true, true
72854150, 214059, 35873, 1036, 222, 231, true, true
73047178, 214698, 35878, 1040, 222, 229, true, true
73124092, 214944, 35882, 1044, 223, 227, true, true
73264243, 215403, 35883, 1045, 224, 226, true, true
73472349, 216087, 35884, 1046, 225, 222, true, true
73556171, 216371, 35884, 1045, 224, 222, true, true
73788177, 217129, 35884, 1044, 223, 223, true, true
73862660, 217373, 35885, 1045, 224, 222, true, true
73887543, 217455, 35886, 1046, 225, 220, true, true
74016041, 217877, 35886, 1045, 224, 220, true, true
74071032, 218060, 35887, 1046, 225, 219, true, true
74197084, 218472, 35887, 1045, 224, 220, true, true
74230659, 218586, 35887, 1044, 223, 220, true, true
74296477, 218794, 35891, 1047, 223, 218, true, true
74366165, 219027, 35892, 1048, 224, 218, true, true
74503271, 219486, 35904, 1059, 224, 217, true, true
74525398, 219558, 35971, 1126, 225, 216, true, true
74611864, 219833, 35971, 1124, 224, 218, true, true
74645903, 219949, 35972, 1125, 225, 218, true, true
74720332, 220195, 35972, 1118, 224, 218, true, true
74939679, 220895, 35974, 1120, 225, 218, true, true
75272934, 221976, 35974, 1119, 224, 221, true, true
75538842, 222836, 35974, 1118, 223, 225, true, true
75684868, 223309, 35977, 1111, 223, 225, true, true
75940445, 224135, 35977, 1083, 223, 227, true, true
75955009, 224182, 35979, 1085, 224, 226, true, true
76284004, 225248, 35979, 1083, 223, 227, true, true
76386594, 225582, 35980, 1084, 224, 223, true, true
76445083, 225773, 35994, 1098, 225, 222, true, true
76499276, 225944, 35994, 1097, 225, 222, true, true
76754808, 226791, 35997, 1100, 226, 222, true, true
76779782, 226872, 35997, 1099, 225, 222, true, true
76800441, 226942, 36001, 1103, 226, 221, true, true
76874981, 227188, 36005, 1107, 227, 219, true, true
77114163, 227950, 36005, 1106, 226, 220, true, true
77156883, 228091, 36005, 1105, 225, 220, true, true
77177151, 228158, 36005, 1100, 224, 220, true, true
77812682, 230226, 36057, 1133, 225, 221, true, true
77970475, 230739, 36062, 1138, 226, 221, true, true
78037164, 230947, 36062, 1137, 225, 221, true, true
78052300, 230995, 36065, 1139, 226, 217, true, true
78353362, 231981, 36065, 1134, 225, 220, true, true
78478982, 232388, 36069, 1138, 226, 219, true, true
78615238, 232830, 36069, 1134, 225, 219, true, true
78972035, 233996, 36070, 1135, 226, 219, true, true
79450808, 235517, 36075, 1140, 227, 217, true, true
79525597, 235753, 36082, 1146, 228, 214, true, true
79586693, 235946, 36082, 1144, 227, 214, true, true
80157975, 237774, 36084, 1146, 228, 218, true, true
80250096, 238079, 36084, 1145, 227, 218, true, true
80326072, 238329, 36092, 1136, 227, 217, true, true
80613712, 239275, 36092, 1132, 226, 218, true, true
81261865, 241384, 36092, 1123, 225, 225, true, true
81715644, 242886, 36092, 1122, 224, 233, true, true
81960723, 243715, 36092, 1120, 223, 233, true, true
81968946, 243741, 36092, 1118, 222, 233, true, true
82103648, 244185, 36092, 1117, 221, 233, true, true
82350285, 245011, 36093, 1118, 222, 233, true, true
82756329, 246376, 36093, 1116, 221, 233, true, true
82927242, 246955, 36097, 1120, 222, 233, true, true
83051360, 247368, 36097, 1116, 221, 233, true, true
83124975, 247619, 36097, 1112, 220, 233, true, true
83364323, 248437, 36098, 1113, 221, 232, true, true
83399203, 248561, 36099, 1114, 222, 228, true, true
83442286, 248707, 36099, 1113, 221, 228, true, true
84073456, 250857, 36099, 1112, 220, 234, true, true
84382525, 251924, 36099, 1111, 219, 235, true, true
84942438, 253861, 36099, 1106, 218, 237, true, true
85023556, 254153, 36107, 1110, 218, 233, true, true
85226591, 254862, 36108, 1111, 219, 232, true, true
85258210, 254973, 36108, 1106, 218, 232, true, true
85687117, 256450, 36108, 1104, 217, 232, true, true
85850477, 257018, 36122, 1116, 218, 231, true, true
85865237, 257069, 36123, 1117, 219, 229, true, true
85989490, 257491, 36123, 1116, 218, 229, true, true
86332438, 258669, 36125, 1118, 219, 224, true, true
86877997, 260532, 36125, 1116, 218, 226, true, true
87056453, 261149, 36125, 1112, 217, 226, true, true
87139868, 261434, 36125, 1111, 216, 226, true, true
87184009, 261589, 36126, 1112, 217, 224, true, true
87270379, 261886, 36127, 1113, 218, 223, true, true
87671137, 263279, 36127, 1111, 217, 225, true, true
87775713, 263645, 36130, 1114, 218, 225, true, true
88222587, 265205, 36130, 1108, 217, 230, true, true
88249963, 265297, 36133, 1111, 218, 229, true, true
88288317, 265430, 36133, 1110, 217, 229, true, true
88390684, 265788, 36135, 1102, 218, 229, true, true
88539266, 266313, 36135, 1099, 217, 231, true, true
88690236, 266836, 36137, 1101, 218, 231, true, true
88983284, 267864, 36138, 1102, 219, 229, true, true
88996827, 267907, 36138, 1101, 218, 229, true, true
89337778, 269077, 36138, 1097, 217, 230, true, true
89362968, 269166, 36138, 1094, 216, 230, true, true
89370009, 269189, 36138, 1093, 215, 230, true, true
89638842, 270116, 36138, 1092, 214, 230, true, true
89978657, 271309, 36138, 1088, 213, 230, true, true
90138365, 271867, 36152, 1102, 214, 229, true, true
90150966, 271912, 36152, 1095, 213, 229, true, true
90380657, 272726, 36152, 1094, 212, 230, true, true
90387137, 272748, 36152, 1093, 211, 230, true, true
90560667, 273353, 36152, 1089, 210, 231, true, true
90679069, 273780, 36152, 1085, 209, 232, true, true
90710822, 273893, 36155, 1088, 210, 229, true, true
90808118, 274229, 36155, 1084, 209, 229, true, true
90821324, 274274, 36155, 1083, 208, 229, true, true
90852104, 274387, 36156, 1084, 209, 228, true, true
90902365, 274569, 36156, 1083, 208, 228, true, true
91205576, 275621, 36156, 1082, 207, 231, true, true
91387164, 276265, 36156, 1081, 206, 231, true, true
91422014, 276384, 36158, 1083, 207, 225, true, true
91754799, 277530, 36162, 1087, 208, 225, true, true
91850318, 277851, 36162, 1086, 207, 225, true, true
91856273, 277872, 36162, 1083, 206, 225, true, true
92043694, 278513, 36170, 1091, 207, 221, true, true
92097210, 278693, 36170, 1089, 206, 221, true, true
92706407, 280791, 36171, 1090, 207, 219, false, true
92845934, 281261, 36171, 1089, 206, 219, false, true
92884204, 281386, 36172, 1090, 207, 218, false, true
92902824, 281447, 36174, 1092, 208, 217, false, true
92969366, 281677, 36175, 1093, 209, 215, false, true
93220623, 282524, 36175, 1091, 208, 215, false, true
93341992, 282934, 36180, 1096, 209, 214, false, true
93392225, 283103, 36180, 1085, 209, 214, false, true
93423013, 283205, 36183, 1086, 210, 213, false, true
93530667, 283564, 36195, 1096, 211, 208, false, true
93696930, 284106, 36195, 1095, 210, 208, false, true
94005879, 285140, 36195, 1081, 209, 208, false, true
94046691, 285277, 36196, 1082, 210, 206, false, true
94124625, 285533, 36196, 1080, 209, 206, false, true
94133821, 285563, 36199, 1083, 210, 200, false, true
94211505, 285818, 36200, 1080, 211, 199, false, true
94501124, 286773, 36200, 1078, 210, 199, false, true
94711554, 287463, 36202, 1080, 211, 198, false, true
94803563, 287765, 36202, 1072, 210, 198, false, true
95461120, 289961, 36202, 1067, 209, 198, false, true
95502545, 290096, 36202, 1063, 208, 198, false, true
95604863, 290442, 36207, 1068, 209, 197, false, true
95850902, 291266, 36207, 1063, 208, 197, false, true
95969530, 291668, 36210, 1066, 209, 196, false, true
96094491, 292080, 36210, 1065, 208, 196, false, true
96235488, 292560, 36216, 1071, 209, 194, false, true
96391854, 293079, 36216, 1069, 208, 194, false, true
96604188, 293793, 36216, 1068, 207, 194, false, true
96661335, 293974, 36216, 1067, 206, 194, false, true
97086434, 295442, 36217, 1066, 207, 193, false, true
97136088, 295625, 36218, 1067, 208, 192, false, true
97903113, 298180, 36218, 1065, 207, 192, false, true
98211466, 299210, 36219, 1066, 208, 191, false, true
98213660, 299217, 36219, 1065, 207, 191, false, true
98326719, 299597, 36219, 1064, 206, 191, false, true
98333617, 299619, 36232, 1077, 207, 190, false, true
98408623, 299867, 36232, 1076, 206, 190, false, true
98460523, 300040, 36232, 1066, 205, 190, false, true
98578539, 300424, 36232, 1065, 204, 190, false, true
98677631, 300748, 36235, 1067, 205, 186, false, true
98689627, 300787, 36265, 1097, 206, 185, false, true
98709595, 300852, 36265, 1095, 205, 185, false, true
98854708, 301327, 36267, 1097, 206, 184, false, true
98872441, 301388, 36309, 1139, 207, 183, false, true
98890734, 301447, 36309, 1118, 206, 183, false, true
99377068, 303015, 36309, 1115, 205, 183, false, true
99985592, 305012, 36309, 1107, 205, 183, false, true
100035997, 305180, 36310, 1108, 206, 182, false, true
100060549, 305260, 36311, 1109, 207, 181, false, true
100439586, 306496, 36321, 1109, 208, 180, false, true
100656965, 307214, 36321, 1107, 207, 180, false, true
100730227, 307455, 36323, 1109, 208, 179, false, true
100816336, 307741, 36327, 1113, 209, 178, false, true
100957815, 308201, 36328, 1114, 210, 174, false, true
101062640, 308548, 36329, 1115, 211, 173, false, true
101271845, 309224, 36331, 1117, 212, 170, false, true
101311354, 309354, 36334, 1106, 213, 169, false, true
101339035, 309443, 36335, 1107, 214, 168, false, true
101967018, 311487, 36335, 1106, 213, 168, false, true
102144890, 312075, 36335, 1104, 212, 168, false, true
102239166, 312378, 36347, 1116, 213, 164, false, true
102467827, 313122, 36347, 1115, 213, 164, false, true
102681254, 313808, 36352, 1120, 214, 162, false, true
102798129, 314181, 36353, 1121, 215, 159, false, true
102866550, 314402, 36353, 1120, 214, 159, false, true
102995334, 314814, 36355, 1122, 215, 158, false, true
103248012, 315620, 36355, 1108, 214, 158, false, true
103336620, 315905, 36355, 1107, 213, 158, false, true
103555064, 316591, 36355, 1106, 212, 158, false, true
103990866, 317974, 36355, 1105, 211, 158, false, true
105731670, 323631, 36355, 1104, 211, 158, false, true
106041829, 324650, 36355, 1103, 210, 158, false, true
106132144, 324945, 36364, 1112, 211, 157, false, true
106225639, 325247, 36365, 1113, 212, 156, false, true
106323609, 325569, 36367, 1115, 213, 154, false, true
106401517, 325822, 36370, 1117, 214, 153, false, true
106746043, 326959, 36372, 1119, 215, 152, false, true
106862067, 327343, 36373, 1120, 216, 151, false, true
106999900, 327803, 36374, 1117, 217, 149, false, true
107429672, 329214, 36377, 1120, 218, 147, false, true
107541188, 329589, 36377, 1117, 217, 147, false, true
107556275, 329639, 36381, 1115, 217, 146, false, true
107605489, 329797, 36383, 1117, 218, 144, false, true
107872877, 330692, 36383, 1116, 217, 144, false, true
108061818, 331318, 36383, 1108, 216, 144, false, true
108238307, 331909, 36383, 1104, 215, 144, false, true
108841455, 333902, 36383, 1100, 214, 144, false, true
109287612, 335377, 36384, 1100, 214, 139, false, true
109528289, 336173, 36389, 1105, 215, 137, false, true
109699514, 336751, 36390, 1105, 216, 136, false, true
109786439, 337041, 36392, 1107, 217, 134, false, true
110164459, 338295, 36393, 1108, 218, 133, false, true
110429309, 339188, 36393, 1106, 217, 133, false, true
110963212, 340970, 36393, 1104, 216, 133, false, true
110984338, 341037, 36395, 1105, 217, 132, false, true
111101889, 341420, 36396, 1106, 218, 130, false, true
111382266, 342354, 36396, 1102, 217, 130, false, true
111421455, 342489, 36396, 1101, 216, 130, false, true
111518020, 342813, 36397, 1080, 216, 129, false, true
111557598, 342947, 36401, 1084, 217, 127, false, true
111602078, 343095, 36409, 1092, 218, 124, false, true
111733460, 343529, 36409, 1090, 218, 124, false, true
112030815, 344508, 36409, 1089, 217, 124, false, true
112047421, 344561, 36409, 1087, 216, 124, false, true
112675378, 346634, 36411, 1089, 217, 123, false, true
112784653, 346996, 36411, 1088, 216, 123, false, true
112821909, 347120, 36412, 1089, 217, 122, false, true
112855771, 347232, 36426, 1055, 218, 121, false, true
114640819, 353047, 36427, 1056, 219, 120, false, true
114689840, 353214, 36427, 1052, 218, 120, false, true
115717597, 356658, 36427, 1048, 217, 120, false, true
115987782, 357573, 36430, 1051, 218, 119, false, true
116203041, 358302, 36431, 1051, 218, 114, false, true
116451241, 359143, 36431, 1041, 217, 114, false, true
116472405, 359216, 36432, 1035, 218, 112, false, true
116827160, 360094, 36435, 1033, 219, 110, false, true
116875947, 360260, 36442, 1040, 220, 108, false, true
117245710, 361522, 36443, 1041, 221, 107, false, true
117410757, 362095, 36444, 1042, 222, 105, false, true
117695347, 363080, 36444, 1041, 221, 105, false, true
117842185, 363584, 36444, 1039, 220, 105, false, true
117989332, 364088, 36444, 1036, 219, 105, false, true
118103199, 364476, 36445, 1037, 220, 101, false, true
118469144, 365767, 36455, 1047, 221, 100, false, true
118475930, 365793, 36456, 1046, 222, 99, false, true
118513420, 365925, 36458, 1044, 222, 97, false, true
118527947, 365978, 36458, 1043, 221, 97, false, true
119661456, 369956, 36458, 1042, 220, 97, false, true
120062176, 371367, 36516, 1100, 221, 95, false, true
120093366, 371473, 36516, 1099, 220, 95, false, true
120226327, 371934, 36522, 1105, 221, 93, false, true
120354372, 372384, 36524, 1107, 222, 92, false, true
120380185, 372474, 36525, 1108, 223, 91, false, true
120835022, 374090, 36525, 1097, 222, 91, false, true
120964149, 374547, 36525, 1095, 221, 91, false, true
121021556, 374757, 36525, 1094, 220, 91, false, true
121138469, 375173, 36525, 1086, 219, 91, false, true
121678783, 377075, 36538, 1099, 220, 90, false, true
121742978, 377302, 36542, 1101, 220, 89, false, true
122206004, 378920, 36542, 1100, 219, 89, false, true
122346765, 379422, 36542, 1042, 218, 89, false, true
122458102, 379802, 36542, 1041, 217, 89, false, true
123048086, 381881, 36543, 1042, 218, 87, false, true
123079303, 381992, 36543, 1041, 217, 87, false, true
123145257, 382218, 36544, 1042, 218, 84, false, true
123773184, 384407, 36544, 1038, 217, 84, false, true
123788617, 384462, 36545, 1039, 218, 83, false, true
123951016, 385029, 36549, 1043, 219, 79, false, true
124407785, 386625, 36550, 1043, 219, 78, false, true
124536908, 387077, 36550, 1040, 218, 78, false, true
124557594, 387150, 36550, 1038, 217, 78, false, true
124884870, 388285, 36550, 1035, 216, 78, false, true
125314901, 389758, 36551, 1036, 217, 75, false, true
125477925, 390329, 36551, 1035, 216, 75, false, true
125978977, 392038, 36551, 1034, 215, 75, false, true
126380735, 393410, 36551, 1032, 214, 75, false, true
126815927, 394928, 36555, 1032, 214, 72, false, true
127184479, 396210, 36570, 1047, 215, 71, false, true
127297767, 396601, 36570, 1045, 214, 71, false, true
127310731, 396647, 36570, 1041, 213, 71, false, true
127427215, 397053, 36593, 1064, 214, 70, false, true
127840652, 398486, 36593, 1057, 213, 70, false, true
127896451, 398679, 36594, 1054, 214, 69, false, true
128028448, 399143, 36600, 1060, 215, 68, false, true
128301070, 400093, 36600, 1057, 214, 68, false, true
128310288, 400125, 36600, 1055, 213, 68, false, true
128517089, 400847, 36602, 1057, 214, 67, false, true
128855868, 402023, 36602, 1053, 213, 67, false, true
129188379, 403162, 36602, 1050, 213, 67, false, true
129609316, 404623, 36604, 1025, 214, 66, false, true
129978199, 405886, 36607, 1028, 215, 65, false, true
130173958, 406564, 36608, 1028, 216, 64, false, true
131305525, 410161, 36608, 1027, 215, 64, false, true
131603594, 411188, 36616, 1035, 216, 63, false, true
131890085, 412212, 36618, 1037, 217, 62, false, true
132024084, 412687, 36620, 1039, 218, 58, false, true
133850567, 419104, 36620, 1038, 217, 58, false, true
134689804, 421981, 36621, 1039, 218, 57, false, true
134906803, 422770, 36621, 1037, 217, 57, false, true
135042234, 423270, 36622, 1038, 218, 56, false, true
135067961, 423363, 36622, 1037, 217, 56, false, true
135371125, 424466, 36624, 1039, 218, 55, false, true
135381289, 424502, 36624, 1038, 217, 55, false, true
135923244, 426424, 36627, 1041, 218, 54, false, true
136044553, 426857, 36627, 1040, 217, 54, false, true
136337176, 427914, 36627, 1038, 216, 54, false, true
136602376, 428873, 36627, 1037, 215, 54, false, true
137073826, 430548, 36627, 1036, 214, 54, false, true
137458979, 431925, 36628, 1027, 214, 53, false, true
137962416, 433738, 36631, 1030, 215, 52, false, true
138267432, 434834, 36631, 1029, 214, 52, false, true
138526615, 435783, 36631, 1028, 213, 52, false, true
138671935, 436298, 36631, 1026, 212, 52, false, true
138705470, 436423, 36631, 1025, 211, 52, false, true
139145217, 437924, 36632, 1026, 212, 51, false, true
139532509, 439197, 36632, 1025, 211, 51, false, true
139640498, 439589, 36633, 1026, 212, 50, false, true
139680283, 439732, 36633, 1021, 211, 50, false, true
140024565, 440882, 36634, 1019, 211, 49, false, true
140120020, 441229, 36635, 1020, 212, 48, false, true
140571909, 442835, 36635, 1018, 211, 48, false, true
140631397, 443048, 36654, 1026, 212, 47, false, true
140781232, 443583, 36654, 1022, 211, 47, false, true
140906014, 444022, 36655, 1023, 212, 46, false, true
141046999, 444531, 36665, 1003, 213, 45, false, true
141062352, 444588, 36666, 1004, 214, 44, false, true
141083621, 444665, 36668, 1006, 215, 43, false, true
141809984, 447238, 36670, 1008, 216, 42, false, true
141850695, 447386, 36678, 1016, 217, 41, false, true
142099336, 448283, 36678, 1015, 216, 41, false, true
142217203, 448701, 36679, 1016, 217, 40, false, true
142225941, 448730, 36679, 1015, 216, 40, false, true
143514271, 453303, 36679, 1014, 215, 40, false, true
143568558, 453503, 36679, 1012, 214, 40, false, true
144037560, 455182, 36679, 1011, 213, 40, false, true
144644994, 457368, 36679, 999, 212, 40, false, true
145123279, 459090, 36687, 1007, 213, 39, false, true
145354072, 459936, 36689, 1009, 214, 38, false, true
145549184, 460641, 36691, 1011, 215, 37, false, true
145941812, 462053, 36691, 1008, 214, 37, false, true
145995905, 462244, 36691, 1004, 213, 37, false, true
146379632, 463649, 36692, 1005, 214, 36, false, true
147370943, 467282, 36694, 1007, 215, 35, false, true
147763445, 468714, 36694, 1006, 214, 35, false, true
148080978, 469860, 36694, 1005, 213, 35, false, true
148301283, 470665, 36695, 1006, 214, 34, false, true
148382742, 470958, 36697, 1006, 214, 33, false, true
148831235, 472588, 36698, 1007, 215, 32, false, true
149158502, 473726, 36698, 1006, 214, 32, false, true
149169253, 473764, 36698, 1005, 214, 32, false, true
149388176, 474552, 36698, 1001, 213, 32, false, true
149941387, 476577, 36698, 994, 212, 32, false, true
150828740, 479760, 36699, 995, 213, 31, false, true
151203120, 481154, 36699, 903, 213, 31, false, true
151320861, 481590, 36699, 900, 212, 31, false, true
151627181, 482733, 36703, 904, 213, 30, false, true
151644596, 482797, 36704, 905, 214, 29, false, true
151691081, 482968, 36704, 904, 213, 29, false, true
151693524, 482974, 36715, 894, 213, 28, false, true
152001132, 484114, 36716, 895, 214, 27, false, true
152154793, 484653, 36720, 899, 215, 24, false, true
152303351, 485182, 36721, 900, 216, 22, false, true
153321887, 488838, 36721, 898, 215, 22, false, true
154666376, 493676, 36721, 896, 214, 22, false, true
154885356, 494471, 36721, 892, 213, 22, false, true
155770635, 497598, 36721, 890, 212, 22, false, true
155894458, 498045, 36727, 896, 213, 21, false, true
156236177, 499290, 36727, 895, 212, 21, false, true
156323636, 499605, 36833, 1001, 213, 20, false, true
156832590, 501411, 36834, 992, 214, 19, false, true
157068902, 502239, 36835, 993, 215, 18, false, true
157094020, 502329, 36835, 990, 214, 18, false, true
157109534, 502382, 36835, 989, 213, 18, false, true
157331126, 503171, 36835, 985, 212, 18, false, true
157546824, 503927, 36841, 991, 213, 17, false, true
157764058, 504688, 36841, 990, 212, 17, false, true
157839600, 504956, 36842, 991, 213, 16, false, true
158667625, 507890, 36842, 987, 212, 16, false, true
158709035, 508040, 36842, 986, 211, 16, false, true
159505541, 510805, 36842, 984, 210, 16, false, true
160428243, 514086, 36872, 1011, 208, 15, false, true
160835767, 515493, 36884, 1023, 209, 14, false, true
161120420, 516475, 36887, 1026, 210, 13, false, true
162380455, 520851, 36887, 1020, 209, 13, false, true
163761715, 525769, 36887, 1019, 208, 13, false, true
163803883, 525919, 36887, 1018, 207, 13, false, true
164145265, 527156, 36888, 1019, 208, 12, false, true
164204634, 527366, 36890, 1021, 209, 11, false, true
164272204, 527606, 36892, 1023, 210, 10, false, true
164563699, 528629, 36893, 1024, 211, 9, false, true
164774750, 529382, 36897, 1028, 212, 8, false, true
165346767, 531346, 36897, 1027, 211, 8, false, true
165573353, 532129, 36898, 1028, 212, 7, false, true
165712552, 532617, 36898, 1027, 211, 7, false, true
165831271, 533032, 36900, 1027, 212, 5, false, true
166174873, 534250, 36900, 1023, 211, 5, false, true
166704499, 536147, 36901, 1024, 212, 4, false, true
168544433, 542660, 36901, 1020, 211, 4, false, true
169081589, 544589, 36902, 1021, 212, 3, false, true
169813758, 547192, 36902, 1015, 211, 3, false, true
170347001, 549142, 36902, 1012, 210, 3, false, true
170378781, 549266, 36907, 1017, 211, 2, false, true
170642711, 550259, 36907, 1016, 210, 2, false, true
170867544, 551093, 36952, 1051, 211, 1, false, true
171578688, 553682, 36954, 1053, 212, 0, false, true
