time, #execs, #covered, #singletons, #sglt_clusts, #foundnew, done, update?
14, 1, 7537, 7537, 1, 1, true, true
29, 2, 8023, 601, 2, 2, true, true
37, 3, 8725, 1109, 3, 3, true, true
45, 4, 9216, 1299, 4, 4, true, true
53, 5, 9229, 1300, 5, 5, true, true
61, 6, 9546, 1335, 6, 6, true, true
71, 7, 9665, 1269, 7, 7, true, true
78, 8, 9722, 1204, 8, 8, true, true
86, 9, 9723, 1205, 9, 9, true, true
97, 10, 9724, 824, 10, 10, true, true
106, 11, 9735, 693, 11, 11, true, true
118, 12, 10373, 1294, 10, 12, true, true
131, 13, 11351, 1667, 11, 13, true, true
145, 14, 12147, 1647, 11, 13, true, true
162, 15, 13126, 2024, 12, 13, true, true
182, 16, 13142, 2040, 13, 14, true, true
194, 17, 13563, 2421, 14, 15, true, true
206, 18, 13586, 2403, 15, 16, true, true
232, 19, 13635, 2329, 16, 17, true, true
252, 20, 13638, 2322, 17, 18, true, true
271, 21, 13646, 2330, 18, 19, true, true
288, 22, 13762, 2438, 19, 20, true, true
316, 23, 13801, 2424, 20, 21, true, true
330, 24, 13815, 2234, 21, 22, true, true
364, 25, 13912, 2274, 22, 23, true, true
379, 26, 13938, 2138, 23, 24, true, true
402, 27, 13941, 2049, 24, 25, true, true
478, 30, 13986, 2082, 25, 30, true, true
503, 31, 13987, 2080, 25, 30, true, true
529, 32, 14374, 2032, 26, 30, true, true
547, 33, 14381, 2039, 27, 31, true, true
558, 34, 14424, 2077, 28, 31, true, true
573, 35, 14502, 2012, 28, 31, true, true
610, 36, 14502, 2011, 27, 33, true, true
622, 37, 14534, 2012, 28, 33, true, true
651, 38, 14568, 2012, 29, 34, true, true
667, 39, 15039, 2446, 29, 35, true, true
682, 40, 15247, 2448, 29, 36, true, true
695, 41, 15292, 2477, 30, 36, true, true
708, 42, 15296, 2481, 31, 36, true, true
719, 43, 15630, 2795, 32, 36, true, true
735, 44, 15831, 2979, 33, 37, true, true
750, 45, 15987, 3050, 34, 37, true, true
763, 46, 16047, 3053, 34, 36, true, true
775, 47, 16229, 3223, 35, 36, true, true
823, 48, 16229, 2881, 35, 37, true, true
852, 49, 16232, 2884, 36, 37, true, true
868, 50, 16235, 2881, 37, 38, true, true
895, 51, 16279, 2917, 38, 37, true, true
911, 52, 16281, 2588, 38, 38, true, true
963, 53, 16281, 2581, 37, 38, true, true
1009, 54, 16297, 2575, 38, 38, true, true
1030, 55, 16899, 3134, 39, 39, true, true
1056, 56, 16911, 3099, 39, 39, true, true
1104, 57, 16911, 3097, 37, 40, true, true
1169, 58, 16912, 3098, 38, 41, true, true
1195, 59, 17009, 3131, 39, 42, true, true
1261, 60, 17009, 3126, 38, 44, true, true
1323, 61, 17012, 3126, 38, 44, true, true
1390, 62, 17014, 3128, 39, 40, true, true
1467, 64, 17274, 3281, 40, 42, true, true
1481, 65, 17553, 3540, 41, 43, true, true
1538, 66, 17553, 3538, 40, 45, true, true
1561, 67, 17599, 3522, 40, 45, true, true
1609, 68, 17640, 3429, 41, 44, true, true
1631, 69, 18245, 3847, 42, 44, true, true
1701, 70, 18258, 3840, 43, 42, true, true
1755, 71, 18264, 3846, 44, 43, true, true
1825, 72, 18264, 3845, 44, 44, true, true
1847, 73, 18296, 3876, 45, 45, true, true
1930, 74, 18296, 3873, 45, 45, true, true
1959, 75, 18304, 3866, 46, 45, true, true
2105, 77, 18667, 3934, 47, 47, true, true
2126, 78, 18924, 4191, 48, 48, true, true
2159, 79, 18947, 4211, 49, 45, true, true
2227, 80, 18966, 4215, 50, 46, true, true
2277, 81, 18985, 4132, 51, 47, true, true
2379, 83, 19040, 4174, 52, 47, true, true
2418, 84, 19040, 4169, 52, 47, true, true
2606, 87, 19157, 4286, 53, 52, true, true
2647, 88, 19165, 4294, 54, 53, true, true
2770, 90, 19209, 4275, 55, 55, true, true
2793, 91, 19333, 4322, 56, 55, true, true
2927, 93, 19347, 4320, 57, 57, true, true
3097, 95, 19349, 4317, 58, 60, true, true
3216, 97, 19350, 4317, 59, 62, true, true
3253, 98, 19362, 4322, 60, 58, true, true
3303, 99, 19437, 4308, 61, 58, true, true
3324, 100, 19640, 4507, 62, 58, true, true
3603, 103, 19641, 4507, 63, 63, true, true
3667, 104, 19642, 4493, 64, 64, true, true
3762, 105, 19642, 4486, 63, 65, true, true
4078, 108, 19643, 4411, 63, 66, true, true
4103, 109, 19659, 4426, 64, 65, true, true
4198, 110, 19659, 4415, 63, 66, true, true
4218, 111, 19669, 4408, 64, 67, true, true
4422, 113, 19669, 4396, 63, 71, true, true
4516, 114, 19669, 4344, 63, 73, true, true
4548, 115, 19714, 4385, 63, 74, true, true
4643, 116, 19716, 4383, 64, 75, true, true
4664, 117, 20215, 4610, 65, 76, true, true
4697, 118, 20318, 4712, 66, 74, true, true
4721, 119, 20406, 4427, 67, 73, true, true
4761, 120, 20446, 4466, 68, 72, true, true
4915, 122, 20467, 4479, 69, 73, true, true
5250, 126, 20468, 4462, 69, 72, true, true
5312, 127, 20468, 4451, 68, 74, true, true
5358, 128, 20469, 4350, 69, 74, true, true
5442, 129, 20471, 4346, 69, 75, true, true
5507, 130, 20471, 4345, 68, 77, true, true
5567, 131, 20471, 4298, 68, 77, true, true
5816, 134, 20547, 4374, 69, 81, true, true
6217, 138, 20548, 4349, 70, 85, true, true
6479, 141, 20610, 4410, 71, 86, true, true
6518, 142, 20612, 4385, 72, 86, true, true
6634, 143, 20612, 4375, 72, 86, true, true
6656, 144, 20623, 4386, 73, 87, true, true
7104, 145, 20856, 4564, 74, 88, true, true
7187, 146, 20866, 4562, 75, 88, true, true
7448, 149, 20874, 4565, 76, 92, true, true
7568, 151, 20926, 4497, 77, 93, true, true
7760, 153, 20933, 4463, 78, 95, true, true
7837, 154, 20939, 4467, 77, 94, true, true
7863, 155, 20942, 4469, 78, 94, true, true
7888, 156, 21004, 4531, 79, 94, true, true
8210, 159, 21004, 4530, 78, 98, true, true
8581, 160, 21018, 4516, 79, 94, true, true
8670, 161, 21019, 4515, 80, 94, true, true
8714, 162, 21076, 4473, 81, 95, true, true
8924, 164, 21078, 4468, 81, 97, true, true
9406, 169, 21101, 4481, 82, 100, true, true
9431, 170, 21107, 4412, 83, 101, true, true
9469, 171, 21161, 4411, 84, 101, true, true
9662, 173, 21164, 4413, 84, 102, true, true
9701, 174, 21167, 4416, 85, 100, true, true
9891, 176, 21167, 4413, 84, 102, true, true
10123, 178, 21178, 4413, 84, 104, true, true
10199, 179, 21181, 4416, 85, 104, true, true
10241, 180, 21253, 4463, 86, 103, true, true
10426, 182, 21254, 4464, 87, 105, true, true
10578, 184, 21586, 4425, 88, 106, true, true
10612, 185, 21710, 4512, 89, 104, true, true
10707, 186, 21710, 4494, 88, 105, true, true
10743, 187, 21717, 4486, 88, 106, true, true
10825, 188, 21718, 4484, 88, 107, true, true
10883, 189, 21719, 4455, 89, 107, true, true
10915, 190, 21720, 4456, 90, 107, true, true
11005, 191, 21720, 4453, 90, 109, true, true
11077, 192, 22097, 4821, 91, 108, true, true
11384, 195, 22102, 4743, 92, 112, true, true
11407, 196, 22107, 4743, 93, 112, true, true
11976, 201, 22108, 4743, 93, 115, true, true
12052, 202, 22178, 4668, 94, 115, true, true
12081, 203, 22251, 4610, 94, 114, true, true
12177, 204, 22263, 4615, 95, 114, true, true
12240, 205, 22312, 4587, 96, 112, true, true
12323, 206, 22314, 4582, 97, 111, true, true
12467, 207, 22315, 4581, 97, 111, true, true
12573, 208, 22329, 4569, 98, 110, true, true
12788, 210, 22334, 4567, 98, 108, true, true
13211, 213, 22343, 4576, 99, 109, true, true
13962, 218, 22343, 4528, 98, 112, true, true
14337, 221, 22345, 4527, 99, 114, true, true
14373, 222, 22398, 4456, 99, 114, true, true
14424, 223, 22399, 4453, 100, 114, true, true
14599, 225, 22587, 4629, 101, 117, true, true
14627, 226, 22846, 4862, 101, 117, true, true
14754, 227, 22848, 4848, 102, 118, true, true
14876, 228, 22848, 4846, 102, 120, true, true
14910, 229, 22853, 4606, 103, 120, true, true
15067, 230, 22853, 4593, 103, 122, true, true
15212, 231, 22854, 4580, 104, 118, true, true
15293, 232, 22857, 4548, 105, 118, true, true
15438, 233, 22869, 4538, 106, 117, true, true
15466, 234, 22872, 4492, 107, 117, true, true
16564, 241, 22878, 4487, 108, 122, true, true
16845, 243, 22906, 4511, 109, 122, true, true
17087, 245, 22971, 4535, 109, 122, true, true
17281, 247, 23031, 4580, 110, 123, true, true
17635, 249, 23062, 4396, 111, 121, true, true
18189, 253, 23078, 4395, 111, 123, true, true
18649, 256, 23078, 4394, 110, 128, true, true
18677, 257, 23109, 4219, 110, 128, true, true
18823, 258, 23154, 3734, 110, 127, true, true
18965, 259, 23157, 3718, 111, 128, true, true
19043, 260, 23168, 3637, 112, 123, true, true
19564, 263, 23169, 3575, 113, 124, true, true
19755, 264, 23169, 3574, 112, 125, true, true
19791, 265, 23403, 3667, 113, 123, true, true
19841, 266, 23405, 3667, 114, 122, true, true
20128, 268, 23495, 3756, 114, 121, true, true
20258, 269, 23500, 3757, 114, 122, true, true
20431, 270, 23500, 3727, 114, 123, true, true
20534, 271, 23501, 3727, 115, 122, true, true
20715, 272, 23501, 3723, 115, 122, true, true
21651, 277, 23546, 3707, 115, 126, true, true
21980, 279, 23548, 3709, 116, 123, true, true
22938, 284, 23550, 3711, 117, 126, true, true
23403, 287, 23585, 3745, 118, 130, true, true
23551, 288, 23588, 3743, 119, 130, true, true
23733, 289, 23588, 3742, 119, 131, true, true
23766, 290, 23599, 3753, 120, 130, true, true
24004, 292, 25173, 5301, 121, 130, true, true
24102, 293, 25173, 5299, 121, 131, true, true
24320, 294, 25173, 5296, 121, 133, true, true
24434, 295, 25216, 5321, 120, 133, true, true
24563, 296, 25217, 5318, 121, 133, true, true
24633, 297, 25219, 5320, 122, 132, true, true
24746, 298, 25224, 5311, 123, 132, true, true
24778, 299, 25237, 5324, 124, 133, true, true
25052, 301, 25238, 5325, 125, 131, true, true
25808, 305, 25239, 5285, 126, 132, true, true
26582, 309, 25239, 5284, 126, 134, true, true
27160, 312, 25239, 5105, 126, 134, true, true
27488, 314, 25403, 5124, 127, 134, true, true
27650, 315, 25404, 5122, 128, 134, true, true
27865, 316, 25412, 5129, 128, 134, true, true
28384, 319, 25415, 5096, 129, 135, true, true
28542, 320, 25429, 5078, 130, 135, true, true
28683, 321, 25431, 5049, 131, 134, true, true
29021, 323, 25457, 5009, 131, 135, true, true
29151, 324, 25462, 5010, 132, 135, true, true
29295, 325, 25485, 4948, 133, 134, true, true
29648, 327, 25611, 5052, 134, 134, true, true
29676, 328, 25613, 5000, 135, 133, true, true
30360, 332, 25615, 5002, 136, 136, true, true
30397, 333, 25700, 4978, 136, 136, true, true
30493, 334, 25711, 4965, 137, 132, true, true
30735, 336, 25752, 4987, 138, 134, true, true
31463, 339, 25755, 4990, 139, 137, true, true
31500, 340, 25782, 4842, 140, 136, true, true
31614, 341, 25782, 4840, 139, 137, true, true
32112, 344, 25783, 4841, 140, 141, true, true
32507, 346, 25945, 5003, 141, 141, true, true
33152, 347, 25946, 4989, 142, 142, true, true
33701, 350, 25978, 5012, 143, 143, true, true
33982, 352, 26100, 5121, 144, 142, true, true
34028, 353, 26100, 5116, 143, 143, true, true
34268, 354, 26100, 5103, 142, 145, true, true
34322, 355, 26105, 5096, 143, 145, true, true
34466, 356, 26110, 5101, 144, 144, true, true
34806, 358, 26160, 5132, 145, 143, true, true
34870, 359, 26167, 5128, 146, 142, true, true
35150, 361, 26205, 5166, 147, 144, true, true
35225, 362, 26224, 5164, 147, 143, true, true
35262, 363, 26228, 5151, 147, 143, true, true
35832, 366, 26237, 5148, 147, 144, true, true
36270, 368, 26237, 5145, 147, 147, true, true
36668, 370, 26238, 5145, 148, 147, true, true
37350, 373, 26238, 5143, 147, 149, true, true
37391, 374, 26318, 5062, 148, 149, true, true
37459, 375, 26322, 5060, 149, 150, true, true
37548, 376, 26441, 5177, 149, 149, true, true
37679, 377, 26453, 5188, 149, 149, true, true
38443, 381, 26453, 5174, 149, 151, true, true
38568, 382, 26460, 5181, 150, 150, true, true
39316, 386, 26468, 5189, 151, 150, true, true
39448, 387, 26533, 5254, 152, 149, true, true
39484, 388, 26557, 5253, 152, 149, true, true
39963, 391, 26559, 5244, 153, 149, true, true
40713, 395, 26572, 5223, 154, 149, true, true
41202, 397, 26600, 5251, 155, 151, true, true
41624, 399, 26603, 5135, 155, 151, true, true
41862, 400, 26603, 5133, 155, 151, true, true
42708, 404, 26603, 5127, 155, 155, true, true
43501, 407, 26603, 5124, 154, 157, true, true
43602, 408, 26611, 5131, 155, 157, true, true
43933, 410, 26613, 5129, 156, 157, true, true
44787, 414, 26614, 5128, 157, 159, true, true
45581, 417, 26614, 5096, 157, 161, true, true
46210, 420, 26678, 5093, 157, 160, true, true
46508, 422, 26683, 5088, 156, 162, true, true
47990, 428, 26685, 5090, 157, 165, true, true
49036, 432, 26685, 5089, 156, 168, true, true
49211, 433, 26685, 5088, 156, 168, true, true
49517, 435, 26695, 5095, 157, 166, true, true
49912, 437, 26697, 5097, 158, 165, true, true
50420, 439, 26697, 5093, 158, 165, true, true
50463, 440, 26707, 5079, 159, 163, true, true
51444, 444, 26710, 5082, 160, 163, true, true
51998, 446, 26710, 5080, 160, 165, true, true
52277, 447, 26712, 5044, 160, 164, true, true
52512, 448, 26715, 5011, 160, 164, true, true
52697, 449, 26715, 5010, 159, 165, true, true
52862, 450, 26717, 5012, 160, 166, true, true
53386, 452, 26717, 5011, 160, 167, true, true
53526, 453, 26717, 5002, 159, 167, true, true
53602, 454, 26764, 5038, 159, 166, true, true
53646, 455, 26937, 5130, 160, 165, true, true
53718, 456, 27051, 3763, 161, 165, true, true
53884, 457, 27051, 3761, 160, 165, true, true
54328, 459, 27056, 3764, 161, 164, true, true
54476, 460, 27057, 3764, 162, 163, true, true
55202, 463, 27059, 3734, 163, 163, true, true
56326, 467, 27059, 3731, 163, 163, true, true
56761, 469, 27060, 3731, 164, 163, true, true
57494, 472, 27061, 3732, 165, 158, true, true
57745, 473, 27163, 3806, 166, 157, true, true
58014, 474, 27179, 3773, 167, 156, true, true
58551, 476, 27179, 3770, 167, 156, true, true
58634, 477, 27181, 3723, 168, 155, true, true
58675, 478, 27182, 3724, 169, 156, true, true
59329, 481, 27187, 3722, 170, 157, true, true
60410, 485, 27187, 3721, 170, 159, true, true
60966, 487, 27187, 3719, 170, 160, true, true
61024, 488, 27189, 3714, 171, 159, true, true
61932, 492, 27190, 3715, 172, 161, true, true
62010, 493, 27196, 3721, 173, 160, true, true
63149, 497, 27196, 3719, 172, 160, true, true
64201, 501, 27196, 3707, 171, 162, true, true
64239, 502, 27243, 3752, 172, 161, true, true
65412, 506, 27243, 3751, 171, 163, true, true
65905, 508, 27256, 3764, 172, 162, true, true
66029, 509, 27265, 3769, 171, 161, true, true
66140, 510, 27328, 3802, 172, 159, true, true
66229, 511, 27382, 3856, 173, 158, true, true
66295, 512, 27419, 3836, 171, 157, true, true
66828, 514, 27448, 3857, 172, 157, true, true
67919, 518, 27449, 3856, 173, 156, true, true
68130, 519, 27455, 3849, 174, 156, true, true
68783, 522, 27538, 3905, 174, 155, true, true
68825, 523, 27541, 3900, 174, 154, true, true
68990, 524, 27562, 3909, 174, 153, true, true
70154, 527, 27562, 3908, 173, 153, true, true
70194, 528, 27563, 3906, 174, 152, true, true
73094, 536, 27628, 3810, 175, 155, true, true
73407, 537, 27628, 3809, 175, 155, true, true
73476, 538, 28017, 4100, 175, 155, true, true
73639, 539, 28020, 4103, 176, 155, true, true
75206, 545, 28076, 4155, 177, 153, true, true
75806, 548, 28153, 4221, 176, 152, true, true
75968, 549, 28201, 4268, 177, 151, true, true
76282, 550, 28201, 4267, 176, 151, true, true
76998, 553, 28204, 4270, 177, 151, true, true
77033, 554, 28433, 4414, 177, 151, true, true
77253, 555, 28446, 4168, 177, 150, true, true
77360, 556, 28453, 4172, 178, 148, true, true
77544, 557, 28458, 4164, 179, 147, true, true
79505, 564, 28461, 4155, 180, 148, true, true
79542, 565, 28468, 4156, 180, 147, true, true
79579, 566, 28525, 4206, 181, 145, true, true
79731, 567, 28542, 4223, 182, 144, true, true
80133, 569, 28611, 4235, 183, 143, true, true
80342, 570, 28612, 4235, 184, 142, true, true
81165, 573, 28621, 4230, 184, 141, true, true
81207, 574, 28656, 4241, 185, 139, true, true
81647, 576, 28697, 4204, 186, 138, true, true
81704, 577, 28797, 4299, 187, 138, true, true
83151, 582, 28798, 4288, 187, 137, true, true
83237, 583, 28800, 4290, 188, 136, true, true
83900, 585, 28801, 4290, 189, 135, true, true
84472, 587, 28806, 4253, 190, 135, true, true
84544, 588, 28973, 4420, 191, 134, true, true
84816, 589, 28994, 4438, 191, 132, true, true
84889, 590, 28998, 4442, 192, 129, true, true
85833, 591, 29026, 4457, 192, 128, true, true
86951, 595, 29142, 4567, 193, 128, true, true
87478, 597, 29143, 4565, 194, 127, true, true
91277, 609, 29177, 4586, 194, 130, true, true
92146, 612, 29177, 4584, 194, 131, true, true
92190, 613, 29184, 4564, 194, 130, true, true
92878, 615, 29184, 4563, 193, 131, true, true
93179, 616, 29184, 4562, 192, 132, true, true
95942, 625, 29187, 4565, 193, 134, true, true
97451, 630, 29190, 4512, 194, 134, true, true
97955, 632, 29190, 4511, 194, 135, true, true
98066, 633, 29307, 4561, 194, 132, true, true
99637, 638, 29314, 4565, 194, 133, true, true
100005, 639, 29314, 4552, 193, 134, true, true
100248, 640, 29317, 4539, 194, 133, true, true
101426, 644, 29320, 4542, 195, 133, true, true
101764, 645, 29320, 4539, 194, 133, true, true
101815, 646, 29321, 4540, 195, 132, true, true
102473, 648, 29358, 4559, 196, 130, true, true
103438, 651, 29408, 4453, 197, 130, true, true
104689, 655, 29408, 4452, 197, 130, true, true
105244, 657, 29411, 4455, 198, 129, true, true
105434, 658, 29412, 4450, 198, 129, true, true
106948, 663, 29531, 4553, 199, 128, true, true
107172, 664, 29531, 4550, 198, 128, true, true
107647, 666, 29547, 4565, 198, 127, true, true
107974, 667, 29547, 4563, 197, 127, true, true
108598, 669, 29549, 4565, 198, 126, true, true
108723, 670, 29553, 4402, 198, 125, true, true
109219, 672, 29553, 4382, 198, 126, true, true
109438, 673, 29554, 4383, 199, 123, true, true
110175, 675, 29575, 4404, 200, 123, true, true
110243, 676, 29578, 4396, 201, 122, true, true
110426, 677, 29579, 4392, 202, 121, true, true
110945, 679, 29612, 4313, 203, 120, true, true
111313, 681, 29615, 4256, 204, 120, true, true
111881, 683, 29615, 4255, 203, 121, true, true
112195, 684, 29615, 4234, 202, 121, true, true
112278, 685, 29620, 4237, 203, 121, true, true
112378, 686, 29621, 4235, 203, 121, true, true
113032, 688, 29621, 4221, 202, 122, true, true
113524, 690, 29622, 4210, 203, 121, true, true
114533, 693, 29645, 4211, 204, 120, true, true
114748, 694, 29645, 4208, 203, 121, true, true
115377, 696, 29658, 4197, 203, 122, true, true
116365, 699, 29659, 4195, 204, 122, true, true
118330, 705, 29660, 4189, 205, 123, true, true
118814, 707, 29662, 4191, 206, 122, true, true
119070, 708, 29669, 4196, 206, 121, true, true
119460, 709, 29669, 4177, 206, 122, true, true
120802, 713, 29680, 4181, 204, 121, true, true
122095, 717, 29681, 4156, 205, 122, true, true
122581, 719, 29691, 4157, 206, 120, true, true
122691, 720, 29725, 4190, 207, 119, true, true
122825, 721, 29726, 4191, 208, 118, true, true
123992, 725, 29766, 4224, 209, 119, true, true
124545, 727, 29767, 4225, 210, 119, true, true
124848, 728, 29768, 4224, 210, 119, true, true
125133, 729, 29837, 4288, 211, 119, true, true
125478, 730, 29837, 4276, 211, 120, true, true
126821, 734, 29839, 4278, 212, 119, true, true
127506, 736, 29841, 4267, 212, 120, true, true
127971, 738, 29893, 4142, 212, 119, true, true
129155, 741, 29898, 4098, 210, 116, true, true
130230, 744, 29899, 4099, 211, 115, true, true
131406, 747, 29902, 4098, 211, 115, true, true
132032, 749, 29953, 4124, 210, 114, true, true
132539, 750, 29953, 4123, 209, 115, true, true
133349, 753, 29959, 4128, 210, 116, true, true
134870, 757, 29959, 4126, 210, 116, true, true
135073, 758, 29961, 4128, 211, 116, true, true
135577, 760, 29964, 4102, 211, 114, true, true
137562, 766, 29973, 4106, 212, 115, true, true
139471, 771, 29973, 4104, 211, 117, true, true
141177, 776, 29975, 4105, 212, 116, true, true
142314, 779, 30005, 4087, 212, 114, true, true
145932, 789, 30013, 4092, 213, 115, true, true
146844, 792, 30016, 4094, 214, 116, true, true
147246, 793, 30016, 4090, 214, 116, true, true
147289, 794, 30018, 4092, 215, 115, true, true
148254, 797, 30018, 4089, 215, 118, true, true
150413, 803, 30018, 4087, 215, 118, true, true
151030, 805, 30018, 4084, 214, 118, true, true
152072, 808, 30038, 4083, 215, 118, true, true
153599, 810, 30045, 4025, 216, 117, true, true
154050, 812, 30047, 4019, 217, 117, true, true
155189, 815, 30049, 4021, 218, 118, true, true
155530, 816, 30051, 4023, 219, 117, true, true
156924, 820, 30053, 4025, 220, 120, true, true
157517, 822, 30069, 4039, 221, 122, true, true
158091, 824, 30070, 4040, 222, 124, true, true
160060, 829, 30070, 4034, 222, 125, true, true
160426, 830, 30070, 4033, 221, 125, true, true
160605, 831, 30073, 4036, 222, 124, true, true
164485, 841, 30073, 4035, 221, 127, true, true
165191, 843, 30074, 4036, 222, 126, true, true
165239, 844, 30076, 4038, 223, 125, true, true
167639, 850, 30084, 4045, 224, 125, true, true
168364, 852, 30086, 4043, 224, 124, true, true
168753, 853, 30086, 4038, 224, 125, true, true
169445, 855, 30086, 3989, 224, 126, true, true
169961, 857, 30086, 3933, 223, 127, true, true
170479, 859, 30096, 3910, 224, 126, true, true
170794, 860, 30100, 3911, 225, 125, true, true
171547, 862, 30100, 3908, 224, 125, true, true
173674, 867, 30100, 3905, 223, 128, true, true
175620, 872, 30100, 3904, 222, 129, true, true
175853, 873, 30145, 3898, 221, 127, true, true
179801, 883, 30146, 3899, 222, 125, true, true
181760, 888, 30147, 3898, 223, 126, true, true
182385, 890, 30148, 3899, 224, 126, true, true
182426, 891, 30244, 3986, 225, 126, true, true
183782, 895, 30244, 3973, 224, 126, true, true
184202, 896, 30244, 3967, 223, 126, true, true
185029, 899, 30290, 4013, 224, 125, true, true
185344, 900, 30292, 4015, 225, 125, true, true
185594, 901, 30294, 4017, 226, 124, true, true
190141, 912, 30298, 4021, 227, 125, true, true
191441, 915, 30298, 4018, 226, 127, true, true
195463, 926, 30319, 3962, 225, 129, true, true
197162, 930, 30319, 3961, 225, 130, true, true
198913, 934, 30319, 3960, 224, 133, true, true
200997, 940, 30320, 3961, 225, 132, true, true
206266, 953, 30320, 3954, 225, 137, true, true
206763, 954, 30320, 3951, 224, 137, true, true
207006, 955, 30321, 3952, 225, 137, true, true
207308, 956, 30329, 3919, 226, 135, true, true
208123, 958, 30335, 3921, 227, 133, true, true
208188, 959, 30361, 3947, 228, 132, true, true
209830, 963, 30361, 3936, 227, 133, true, true
210323, 964, 30361, 3895, 226, 133, true, true
210989, 966, 30362, 3896, 227, 132, true, true
211280, 967, 30398, 3915, 227, 129, true, true
213300, 973, 30399, 3814, 227, 129, true, true
214950, 977, 30399, 3807, 226, 132, true, true
215279, 978, 30400, 3807, 226, 131, true, true
215860, 980, 30401, 3808, 227, 132, true, true
215961, 981, 30403, 3810, 228, 130, true, true
216455, 982, 30403, 3804, 227, 130, true, true
218162, 986, 30403, 3803, 227, 130, true, true
219059, 988, 30403, 3801, 226, 132, true, true
219983, 990, 30403, 3800, 225, 133, true, true
220906, 992, 30403, 3799, 224, 133, true, true
223744, 999, 30409, 3805, 225, 136, true, true
225243, 1002, 30410, 3805, 225, 135, true, true
226711, 1005, 30410, 3804, 224, 135, true, true
226943, 1006, 30414, 3773, 225, 134, true, true
228206, 1009, 30414, 3769, 225, 134, true, true
228249, 1010, 30427, 3781, 226, 131, true, true
229552, 1013, 30427, 3780, 225, 131, true, true
235348, 1027, 30428, 3769, 226, 134, true, true
235958, 1029, 30428, 3768, 225, 134, true, true
236872, 1031, 30428, 3765, 224, 134, true, true
239722, 1037, 30428, 3761, 224, 135, true, true
245255, 1050, 30428, 3753, 223, 138, true, true
245670, 1051, 30428, 3752, 222, 138, true, true
247460, 1054, 30428, 3617, 221, 139, true, true
248297, 1057, 30429, 3618, 222, 138, true, true
251581, 1065, 30429, 3605, 221, 140, true, true
252149, 1067, 30434, 3609, 222, 138, true, true
252469, 1068, 30438, 3602, 223, 137, true, true
253345, 1070, 30438, 3600, 222, 137, true, true
253528, 1071, 30441, 3602, 223, 136, true, true
255362, 1076, 30445, 3600, 224, 136, true, true
262792, 1093, 30445, 3580, 223, 140, true, true
264073, 1096, 30445, 3579, 222, 141, true, true
265314, 1099, 30445, 3578, 221, 142, true, true
265948, 1101, 30447, 3579, 221, 140, true, true
267417, 1105, 30447, 3578, 220, 140, true, true
268554, 1108, 30452, 3582, 221, 140, true, true
270958, 1113, 30452, 3578, 219, 141, true, true
272917, 1117, 30452, 3575, 218, 141, true, true
273171, 1118, 30453, 3576, 219, 138, true, true
273717, 1119, 30453, 3575, 218, 138, true, true
276098, 1124, 30454, 3576, 219, 138, true, true
278604, 1130, 30455, 3576, 220, 137, true, true
279435, 1132, 30455, 3575, 219, 137, true, true
280703, 1135, 30455, 3520, 218, 139, true, true
283853, 1143, 30455, 3519, 217, 139, true, true
287020, 1150, 30455, 3517, 216, 143, true, true
288280, 1153, 30455, 3516, 216, 144, true, true
288718, 1154, 30455, 3513, 215, 144, true, true
289366, 1156, 30455, 3507, 214, 144, true, true
290363, 1158, 30455, 3504, 214, 144, true, true
293793, 1166, 30455, 3499, 213, 144, true, true
294212, 1167, 30455, 3488, 212, 144, true, true
296529, 1172, 30455, 3479, 212, 146, true, true
297413, 1174, 30460, 3464, 213, 144, true, true
300028, 1180, 30460, 3463, 212, 146, true, true
303603, 1189, 30461, 3464, 213, 148, true, true
306896, 1197, 30480, 3461, 213, 147, true, true
308471, 1201, 30480, 3448, 213, 148, true, true
308890, 1202, 30480, 3447, 213, 148, true, true
311046, 1207, 30480, 3445, 213, 148, true, true
312027, 1210, 30482, 3447, 214, 148, true, true
313525, 1214, 30508, 3472, 214, 148, true, true
314016, 1215, 30516, 3468, 215, 148, true, true
316677, 1221, 30516, 3455, 215, 149, true, true
317548, 1223, 30516, 3447, 214, 150, true, true
319162, 1227, 30516, 3445, 213, 150, true, true
319388, 1228, 30517, 3446, 214, 147, true, true
321286, 1232, 30518, 3423, 214, 149, true, true
321446, 1233, 30522, 3421, 214, 147, true, true
322065, 1234, 30522, 3406, 213, 147, true, true
322921, 1236, 30536, 3285, 214, 147, true, true
322979, 1237, 30541, 3290, 215, 143, true, true
325168, 1242, 30541, 3289, 214, 144, true, true
326548, 1245, 30541, 3268, 213, 144, true, true
327965, 1248, 30541, 3265, 212, 145, true, true
328661, 1250, 30544, 3210, 213, 144, true, true
330711, 1255, 30544, 3048, 212, 146, true, true
331764, 1256, 30544, 3047, 211, 146, true, true
333117, 1259, 30544, 3015, 210, 146, true, true
333947, 1261, 30544, 3004, 209, 146, true, true
334149, 1262, 30547, 3007, 210, 142, true, true
335021, 1264, 30547, 3004, 209, 142, true, true
335499, 1265, 30547, 3000, 208, 142, true, true
337997, 1270, 30547, 2934, 208, 143, true, true
338954, 1272, 30547, 2930, 207, 143, true, true
339234, 1273, 30549, 2932, 208, 142, true, true
340031, 1275, 30551, 2934, 209, 141, true, true
341414, 1278, 30552, 2934, 209, 141, true, true
341900, 1279, 30552, 2933, 208, 141, true, true
343961, 1283, 30552, 2890, 207, 141, true, true
344401, 1284, 30552, 2886, 206, 141, true, true
344867, 1285, 30552, 2883, 205, 142, true, true
345434, 1286, 30552, 2877, 204, 142, true, true
346232, 1288, 30552, 2875, 203, 142, true, true
350015, 1296, 30552, 2874, 202, 144, true, true
350458, 1297, 30552, 2872, 201, 144, true, true
358716, 1315, 30553, 2873, 202, 147, true, true
358769, 1316, 30563, 2873, 202, 146, true, true
359699, 1319, 30568, 2876, 203, 145, true, true
362068, 1324, 30568, 2875, 202, 146, true, true
364620, 1329, 30568, 2811, 201, 146, true, true
365617, 1331, 30568, 2810, 200, 147, true, true
370018, 1341, 30569, 2811, 201, 152, true, true
373250, 1349, 30569, 2810, 200, 155, true, true
376625, 1356, 30569, 2809, 199, 157, true, true
377162, 1357, 30569, 2808, 199, 157, true, true
378794, 1361, 30571, 2810, 200, 156, true, true
379697, 1363, 30571, 2765, 199, 156, true, true
380173, 1364, 30571, 2756, 198, 156, true, true
380234, 1365, 30574, 2689, 198, 155, true, true
381653, 1368, 30574, 2685, 198, 156, true, true
382001, 1369, 30576, 2660, 198, 152, true, true
382547, 1371, 30593, 2676, 199, 151, true, true
384700, 1376, 30594, 2577, 200, 152, true, true
385590, 1378, 30594, 2576, 199, 152, true, true
388846, 1385, 30594, 2575, 198, 152, true, true
388973, 1386, 30595, 2576, 199, 149, true, true
389028, 1387, 30596, 2577, 200, 148, true, true
390162, 1390, 30596, 2571, 198, 148, true, true
390304, 1391, 30614, 2570, 199, 146, true, true
390786, 1392, 30614, 2569, 198, 146, true, true
391311, 1394, 30615, 2570, 199, 145, true, true
392916, 1397, 30615, 2568, 198, 147, true, true
393397, 1399, 30628, 2572, 199, 147, true, true
394855, 1402, 30628, 2569, 198, 147, true, true
395534, 1404, 30629, 2570, 199, 147, true, true
401801, 1417, 30629, 2568, 198, 151, true, true
402012, 1418, 30631, 2563, 199, 150, true, true
402683, 1419, 30631, 2554, 198, 150, true, true
403171, 1420, 30631, 2500, 197, 150, true, true
403650, 1421, 30631, 2499, 197, 150, true, true
404707, 1423, 30631, 2472, 196, 151, true, true
406579, 1427, 30631, 2459, 195, 152, true, true
409227, 1433, 30632, 2440, 196, 152, true, true
410391, 1435, 30632, 2438, 196, 152, true, true
411343, 1437, 30632, 2437, 195, 153, true, true
414872, 1444, 30633, 2434, 195, 153, true, true
415387, 1445, 30633, 2433, 195, 154, true, true
417806, 1450, 30633, 2430, 194, 156, true, true
419298, 1454, 30756, 2510, 193, 155, true, true
419785, 1455, 30758, 2512, 194, 152, true, true
420303, 1457, 30760, 2505, 194, 150, true, true
420797, 1458, 30760, 2474, 193, 150, true, true
421269, 1459, 30762, 2474, 194, 149, true, true
423138, 1463, 30762, 2266, 193, 149, true, true
426578, 1469, 30762, 2255, 192, 151, true, true
426795, 1470, 30765, 2256, 193, 149, true, true
427289, 1471, 30768, 2259, 194, 148, true, true
428062, 1473, 30770, 2261, 195, 145, true, true
428556, 1474, 30770, 2258, 195, 145, true, true
431006, 1479, 30770, 2257, 194, 146, true, true
433110, 1483, 30770, 2255, 194, 147, true, true
434129, 1485, 30770, 2232, 193, 147, true, true
435730, 1489, 30771, 2230, 194, 146, true, true
441792, 1500, 30785, 2219, 195, 148, true, true
443518, 1504, 30789, 2156, 195, 147, true, true
444553, 1506, 30790, 2154, 195, 146, true, true
448801, 1515, 30801, 2165, 196, 145, true, true
450401, 1518, 30801, 2142, 195, 145, true, true
451597, 1521, 30803, 2144, 196, 143, true, true
453561, 1525, 30803, 2142, 195, 143, true, true
460889, 1539, 30803, 2140, 195, 145, true, true
461566, 1541, 30803, 2139, 194, 145, true, true
462127, 1542, 30803, 2138, 193, 145, true, true
465754, 1549, 30803, 2135, 192, 145, true, true
466840, 1552, 30804, 2127, 193, 144, true, true
471050, 1561, 30804, 2121, 193, 144, true, true
471294, 1562, 30804, 2117, 192, 144, true, true
473758, 1566, 30804, 2115, 191, 145, true, true
474256, 1567, 30804, 2111, 191, 145, true, true
474655, 1568, 30807, 2107, 190, 144, true, true
476621, 1572, 30807, 2062, 189, 145, true, true
480474, 1579, 30808, 2059, 189, 144, true, true
480819, 1580, 30809, 2060, 190, 142, true, true
481905, 1582, 30809, 2059, 189, 142, true, true
482745, 1584, 30829, 2078, 190, 140, true, true
484966, 1588, 30829, 2060, 189, 140, true, true
485234, 1589, 30831, 2062, 190, 138, true, true
486993, 1593, 30843, 2074, 191, 136, true, true
487513, 1594, 30843, 2069, 190, 136, true, true
490256, 1599, 30843, 2068, 189, 137, true, true
492038, 1602, 30843, 2049, 188, 137, true, true
493650, 1605, 30843, 2037, 187, 137, true, true
499412, 1616, 30843, 2034, 185, 138, true, true
499939, 1617, 30843, 2032, 184, 138, true, true
502648, 1622, 30843, 2015, 183, 140, true, true
504333, 1625, 30846, 2018, 184, 139, true, true
505966, 1628, 30846, 2015, 183, 139, true, true
506467, 1629, 30846, 2000, 182, 139, true, true
508058, 1633, 30852, 2006, 183, 139, true, true
508278, 1634, 30853, 1967, 183, 138, true, true
509875, 1637, 30855, 1969, 184, 137, true, true
510463, 1638, 30855, 1959, 184, 137, true, true
511932, 1641, 30856, 1960, 185, 137, true, true
512667, 1643, 30858, 1961, 186, 136, true, true
513182, 1644, 30858, 1958, 186, 136, true, true
513634, 1645, 30859, 1958, 187, 134, true, true
514684, 1647, 30861, 1920, 188, 133, true, true
515255, 1648, 30861, 1919, 187, 133, true, true
515590, 1649, 30862, 1920, 188, 132, true, true
516366, 1650, 30862, 1917, 187, 132, true, true
518042, 1653, 30862, 1916, 186, 133, true, true
520123, 1656, 30862, 1913, 185, 133, true, true
521345, 1658, 30862, 1862, 184, 133, true, true
522718, 1661, 30870, 1870, 185, 125, true, true
524323, 1664, 30871, 1871, 186, 123, true, true
524955, 1665, 30871, 1868, 186, 123, true, true
526068, 1667, 30871, 1867, 186, 124, true, true
530300, 1675, 30871, 1864, 185, 125, true, true
532884, 1680, 30874, 1867, 186, 126, true, true
536497, 1686, 30874, 1866, 185, 128, true, true
543154, 1698, 30875, 1865, 186, 128, true, true
547347, 1706, 30877, 1867, 187, 129, true, true
548020, 1708, 30880, 1870, 188, 128, true, true
551498, 1714, 30923, 1913, 189, 127, true, true
553313, 1717, 30923, 1893, 188, 127, true, true
555341, 1719, 30923, 1886, 187, 127, true, true
560815, 1729, 30923, 1884, 186, 127, true, true
562062, 1731, 30923, 1877, 185, 128, true, true
562214, 1732, 30924, 1877, 185, 127, true, true
562657, 1733, 30924, 1876, 185, 128, true, true
565038, 1737, 30924, 1875, 184, 128, true, true
567286, 1741, 30924, 1874, 183, 129, true, true
574341, 1753, 30924, 1872, 182, 132, true, true
575120, 1755, 30925, 1873, 183, 130, true, true
576052, 1757, 30929, 1877, 184, 129, true, true
577238, 1759, 30929, 1869, 183, 129, true, true
578557, 1761, 30929, 1867, 182, 129, true, true
581403, 1766, 30930, 1868, 183, 128, true, true
582257, 1768, 30938, 1873, 184, 127, true, true
586621, 1776, 30973, 1908, 185, 128, true, true
587087, 1777, 30973, 1907, 185, 128, true, true
589891, 1782, 30979, 1883, 186, 125, true, true
599492, 1799, 30980, 1884, 187, 123, true, true
600070, 1800, 30980, 1883, 187, 123, true, true
603145, 1805, 30986, 1889, 188, 122, true, true
604881, 1808, 30986, 1843, 187, 122, true, true
616173, 1828, 30987, 1844, 188, 121, true, true
619935, 1835, 30991, 1845, 189, 119, true, true
619996, 1836, 30996, 1850, 190, 118, true, true
630010, 1853, 31003, 1857, 191, 118, true, true
631109, 1855, 31003, 1856, 190, 118, true, true
637270, 1865, 31003, 1853, 189, 120, true, true
638477, 1867, 31003, 1847, 188, 121, true, true
639141, 1868, 31003, 1846, 187, 121, true, true
642881, 1875, 31005, 1848, 188, 120, true, true
643531, 1876, 31005, 1813, 187, 120, true, true
646396, 1882, 31006, 1814, 188, 120, true, true
649420, 1887, 31006, 1812, 187, 121, true, true
653236, 1894, 31011, 1817, 188, 120, true, true
653979, 1895, 31011, 1812, 187, 120, true, true
656612, 1899, 31012, 1813, 188, 118, true, true
662856, 1909, 31013, 1814, 189, 120, true, true
667918, 1918, 31015, 1808, 189, 121, true, true
672470, 1926, 31020, 1807, 190, 118, true, true
674952, 1931, 31023, 1779, 190, 117, true, true
678240, 1937, 31023, 1778, 190, 118, true, true
686424, 1951, 31023, 1777, 189, 122, true, true
687408, 1953, 31025, 1739, 189, 121, true, true
689997, 1958, 31026, 1740, 190, 118, true, true
691163, 1960, 31026, 1738, 189, 118, true, true
698395, 1973, 31029, 1732, 190, 120, true, true
700010, 1976, 31029, 1731, 189, 121, true, true
702295, 1980, 31038, 1731, 190, 118, true, true
705218, 1985, 31038, 1730, 189, 118, true, true
706448, 1987, 31038, 1724, 189, 118, true, true
706520, 1988, 31046, 1727, 190, 116, true, true
706932, 1989, 31050, 1731, 191, 114, true, true
710896, 1996, 31050, 1730, 191, 116, true, true
727071, 2023, 31050, 1729, 190, 119, true, true
730568, 2029, 31050, 1727, 188, 119, true, true
736415, 2039, 31050, 1726, 187, 121, true, true
738346, 2043, 31051, 1722, 188, 121, true, true
741514, 2049, 31054, 1723, 189, 120, true, true
748801, 2061, 31054, 1709, 188, 123, true, true
752116, 2067, 31058, 1713, 189, 122, true, true
756470, 2075, 31070, 1725, 190, 123, true, true
761332, 2083, 31070, 1720, 189, 123, true, true
770281, 2098, 31070, 1719, 188, 125, true, true
773290, 2103, 31070, 1715, 187, 125, true, true
775680, 2107, 31070, 1712, 187, 125, true, true
779412, 2113, 31070, 1708, 186, 126, true, true
781324, 2117, 31079, 1712, 187, 124, true, true
786044, 2125, 31079, 1711, 186, 127, true, true
788600, 2130, 31086, 1718, 187, 125, true, true
797680, 2145, 31086, 1716, 186, 127, true, true
798218, 2146, 31086, 1712, 185, 127, true, true
799224, 2148, 31086, 1711, 184, 128, true, true
802203, 2152, 31086, 1708, 183, 128, true, true
814043, 2172, 31087, 1709, 184, 128, true, true
821117, 2184, 31087, 1707, 183, 129, true, true
821485, 2185, 31113, 1728, 184, 128, true, true
822724, 2187, 31113, 1727, 183, 128, true, true
828133, 2197, 31118, 1732, 184, 129, true, true
829879, 2200, 31118, 1731, 183, 130, true, true
832427, 2204, 31118, 1730, 182, 130, true, true
839409, 2216, 31120, 1732, 183, 130, true, true
841783, 2220, 31127, 1734, 184, 127, true, true
843581, 2223, 31127, 1733, 183, 127, true, true
860966, 2253, 31127, 1732, 182, 130, true, true
867708, 2265, 31127, 1730, 181, 131, true, true
871271, 2270, 31127, 1728, 180, 131, true, true
881295, 2289, 31128, 1724, 181, 131, true, true
882746, 2292, 31128, 1723, 180, 131, true, true
884908, 2296, 31128, 1722, 179, 131, true, true
887193, 2300, 31128, 1704, 178, 131, true, true
888921, 2303, 31129, 1705, 179, 130, true, true
910586, 2340, 31129, 1640, 178, 130, true, true
910628, 2341, 31145, 1551, 177, 130, true, true
911106, 2342, 31145, 1550, 176, 130, true, true
919450, 2354, 31145, 1546, 176, 131, true, true
920997, 2357, 31146, 1547, 177, 129, true, true
922003, 2359, 31151, 1552, 178, 128, true, true
926620, 2367, 31154, 1555, 179, 128, true, true
927015, 2368, 31154, 1554, 178, 129, true, true
929082, 2372, 31154, 1550, 177, 129, true, true
930004, 2374, 31161, 1556, 177, 128, true, true
937720, 2387, 31161, 1555, 176, 131, true, true
940045, 2391, 31161, 1546, 175, 133, true, true
940729, 2392, 31161, 1521, 174, 133, true, true
944241, 2398, 31161, 1520, 173, 134, true, true
951643, 2409, 31161, 1517, 172, 136, true, true
955285, 2415, 31162, 1518, 173, 136, true, true
960096, 2423, 31164, 1520, 174, 134, true, true
960670, 2424, 31164, 1518, 173, 134, true, true
964367, 2430, 31164, 1516, 172, 134, true, true
967810, 2436, 31166, 1518, 173, 134, true, true
971900, 2443, 31167, 1519, 174, 133, true, true
975092, 2448, 31167, 1517, 173, 133, true, true
979710, 2456, 31183, 1526, 173, 132, true, true
982358, 2461, 31183, 1525, 172, 132, true, true
983593, 2464, 31184, 1468, 172, 130, true, true
984951, 2466, 31184, 1443, 171, 130, true, true
987483, 2471, 31185, 1444, 172, 130, true, true
1000679, 2493, 31185, 1424, 171, 133, true, true
1001336, 2494, 31185, 1421, 170, 133, true, true
1005917, 2502, 31185, 1409, 169, 133, true, true
1006290, 2503, 31202, 1426, 170, 130, true, true
1023380, 2531, 31213, 1437, 171, 132, true, true
1025739, 2535, 31213, 1436, 170, 133, true, true
1032219, 2546, 31213, 1435, 169, 134, true, true
1035838, 2552, 31213, 1433, 168, 134, true, true
1038341, 2556, 31214, 1425, 168, 133, true, true
1046739, 2570, 31214, 1420, 167, 135, true, true
1050254, 2577, 31217, 1422, 167, 135, true, true
1053977, 2584, 31218, 1423, 168, 134, true, true
1067282, 2607, 31218, 1420, 167, 137, true, true
1068951, 2610, 31218, 1417, 166, 137, true, true
1070072, 2612, 31218, 1415, 165, 139, true, true
1072325, 2617, 31219, 1414, 165, 138, true, true
1076084, 2623, 31219, 1371, 164, 141, true, true
1078355, 2627, 31220, 1372, 165, 141, true, true
1087911, 2642, 31221, 1373, 166, 139, true, true
1089594, 2645, 31221, 1371, 165, 140, true, true
1098637, 2660, 31221, 1369, 165, 141, true, true
1100641, 2664, 31221, 1368, 164, 142, true, true
1102809, 2668, 31222, 1363, 165, 141, true, true
1105546, 2673, 31223, 1364, 166, 141, true, true
1106549, 2675, 31228, 1369, 167, 140, true, true
1107497, 2677, 31229, 1366, 168, 138, true, true
1110625, 2683, 31229, 1365, 167, 138, true, true
1111824, 2685, 31229, 1330, 166, 138, true, true
1113004, 2687, 31230, 1331, 167, 136, true, true
1115606, 2691, 31230, 1325, 166, 136, true, true
1119473, 2697, 31230, 1323, 166, 136, true, true
1124668, 2706, 31231, 1324, 167, 136, true, true
1129476, 2714, 31231, 1322, 167, 136, true, true
1130730, 2716, 31231, 1319, 167, 136, true, true
1141442, 2733, 31236, 1324, 168, 137, true, true
1147800, 2744, 31238, 1326, 169, 136, true, true
1147951, 2745, 31239, 1327, 170, 135, true, true
1165201, 2774, 31239, 1313, 169, 137, true, true
1175101, 2792, 31242, 1316, 170, 136, true, true
1175557, 2793, 31245, 1319, 171, 133, true, true
1177187, 2796, 31251, 1324, 171, 129, true, true
1182942, 2806, 31252, 1325, 172, 129, true, true
1189639, 2818, 31265, 1332, 172, 127, true, true
1190776, 2820, 31265, 1331, 171, 128, true, true
1195283, 2828, 31265, 1328, 170, 128, true, true
1197334, 2832, 31265, 1325, 169, 128, true, true
1198255, 2834, 31266, 1325, 170, 125, true, true
1204761, 2845, 31266, 1324, 169, 127, true, true
1204978, 2846, 31268, 1326, 170, 126, true, true
1207022, 2850, 31268, 1325, 169, 126, true, true
1220291, 2873, 31269, 1326, 170, 124, true, true
1224263, 2880, 31269, 1325, 169, 124, true, true
1229241, 2889, 31269, 1316, 168, 124, true, true
1232850, 2896, 31278, 1222, 169, 124, true, true
1233837, 2898, 31279, 1219, 169, 123, true, true
1252505, 2931, 31279, 1202, 168, 125, true, true
1260639, 2945, 31279, 1201, 167, 127, true, true
1264855, 2953, 31280, 1202, 168, 126, true, true
1268703, 2961, 31281, 1203, 169, 127, true, true
1275783, 2974, 31282, 1203, 169, 127, true, true
1279267, 2980, 31282, 1202, 168, 128, true, true
1281349, 2984, 31282, 1201, 167, 128, true, true
1283579, 2988, 31284, 1203, 168, 126, true, true
1289629, 2999, 31284, 1202, 167, 128, true, true
1318500, 3051, 31284, 1199, 166, 136, true, true
1327755, 3068, 31286, 1201, 167, 138, true, true
1333029, 3078, 31287, 1202, 168, 138, true, true
1345718, 3102, 31287, 1201, 167, 140, true, true
1356933, 3122, 31287, 1199, 166, 143, true, true
1360501, 3129, 31287, 1192, 165, 143, true, true
1386938, 3180, 31287, 1191, 164, 143, true, true
1388662, 3183, 31287, 1188, 163, 143, true, true
1392401, 3190, 31287, 1187, 162, 143, true, true
1406965, 3221, 31293, 1190, 163, 146, true, true
1415020, 3238, 31313, 1210, 164, 147, true, true
1415502, 3239, 31317, 1214, 165, 145, true, true
1419317, 3246, 31317, 1209, 164, 146, true, true
1419600, 3247, 31318, 1210, 165, 144, true, true
1428319, 3265, 31323, 1162, 166, 142, true, true
1429141, 3267, 31325, 1164, 167, 141, true, true
1437584, 3284, 31325, 1163, 166, 142, true, true
1443436, 3296, 31325, 1161, 166, 143, true, true
1448060, 3306, 31328, 1164, 167, 143, true, true
1456929, 3324, 31328, 1163, 166, 145, true, true
1461514, 3334, 31330, 1165, 167, 144, true, true
1463603, 3339, 31332, 1166, 168, 144, true, true
1469163, 3351, 31346, 1179, 169, 142, true, true
1469706, 3352, 31346, 1177, 168, 142, true, true
1473219, 3360, 31346, 1176, 168, 143, true, true
1475544, 3365, 31346, 1160, 167, 143, true, true
1477980, 3371, 31357, 1171, 168, 141, true, true
1481556, 3378, 31370, 1184, 169, 139, true, true
1484836, 3385, 31370, 1182, 168, 139, true, true
1490710, 3397, 31370, 1181, 167, 140, true, true
1492174, 3400, 31370, 1180, 166, 141, true, true
1497108, 3411, 31371, 1181, 167, 141, true, true
1497162, 3412, 31384, 1187, 168, 139, true, true
1499396, 3417, 31385, 1188, 169, 138, true, true
1517967, 3455, 31385, 1186, 169, 141, true, true
1520660, 3461, 31424, 1220, 169, 141, true, true
1521924, 3463, 31424, 1219, 168, 141, true, true
1522852, 3465, 31424, 1215, 168, 141, true, true
1528918, 3477, 31425, 1216, 169, 139, true, true
1533030, 3486, 31428, 1219, 170, 138, true, true
1533368, 3487, 31437, 1228, 171, 134, true, true
1541950, 3505, 31437, 1227, 171, 137, true, true
1542632, 3507, 31440, 1230, 172, 136, true, true
1551149, 3524, 31440, 1228, 171, 138, true, true
1559731, 3539, 31442, 1230, 172, 140, true, true
1561518, 3543, 31442, 1228, 172, 140, true, true
1565065, 3550, 31442, 1227, 171, 141, true, true
1565353, 3551, 31446, 1231, 172, 139, true, true
1582413, 3586, 31446, 1223, 171, 141, true, true
1585776, 3593, 31447, 1224, 172, 141, true, true
1598378, 3620, 31448, 1225, 173, 144, true, true
1599744, 3623, 31452, 1229, 174, 142, true, true
1604266, 3632, 31452, 1228, 173, 142, true, true
1626610, 3680, 31455, 1231, 174, 139, true, true
1642204, 3714, 31456, 1232, 175, 142, true, true
1643923, 3717, 31456, 1231, 174, 143, true, true
1661895, 3755, 31456, 1228, 173, 147, true, true
1665244, 3762, 31456, 1226, 172, 147, true, true
1686281, 3806, 31456, 1217, 172, 152, true, true
1690492, 3816, 31463, 1220, 171, 149, true, true
1692492, 3821, 31464, 1213, 170, 147, true, true
1697708, 3833, 31467, 1216, 171, 146, true, true
1698597, 3835, 31467, 1212, 170, 146, true, true
1713843, 3867, 31467, 1208, 170, 147, true, true
1715022, 3870, 31853, 1594, 171, 145, true, true
1718981, 3879, 31855, 1596, 172, 144, true, true
1721609, 3885, 31862, 1603, 173, 143, true, true
1724946, 3893, 31869, 1610, 174, 143, true, true
1725381, 3894, 31870, 1611, 175, 141, true, true
1732662, 3910, 31875, 1616, 176, 140, true, true
1733028, 3911, 31877, 1618, 177, 138, true, true
1737161, 3921, 31900, 1641, 178, 138, true, true
1739275, 3926, 31901, 1628, 179, 137, true, true
1742048, 3932, 31906, 1628, 180, 137, true, true
1743515, 3935, 31906, 1619, 179, 138, true, true
1744602, 3937, 31906, 1613, 178, 138, true, true
1749733, 3948, 31906, 1606, 177, 138, true, true
1760137, 3970, 31906, 1605, 176, 139, true, true
1764658, 3980, 31906, 1604, 175, 140, true, true
1765914, 3983, 31950, 1648, 176, 139, true, true
1771316, 3994, 31953, 1650, 176, 139, true, true
1785712, 4025, 31953, 1649, 175, 144, true, true
1790595, 4036, 31954, 1650, 176, 144, true, true
1791522, 4038, 31955, 1651, 177, 143, true, true
1791949, 4039, 31955, 1649, 176, 143, true, true
1804789, 4066, 31956, 1650, 177, 144, true, true
1808802, 4075, 31957, 1651, 178, 143, true, true
1816541, 4092, 31962, 1643, 178, 145, true, true
1822751, 4106, 31963, 1643, 178, 145, true, true
1823267, 4108, 31971, 1651, 179, 144, true, true
1829529, 4122, 31972, 1652, 180, 144, true, true
1834545, 4133, 31976, 1656, 181, 142, true, true
1840632, 4146, 31976, 1655, 180, 142, true, true
1841515, 4148, 31976, 1651, 179, 142, true, true
1853936, 4172, 31976, 1649, 179, 143, true, true
1855366, 4175, 31976, 1648, 178, 143, true, true
1865616, 4197, 31976, 1647, 177, 144, true, true
1867510, 4201, 31976, 1646, 176, 144, true, true
1877567, 4222, 31978, 1647, 176, 140, true, true
1886760, 4241, 31978, 1645, 175, 141, true, true
1890593, 4249, 31981, 1648, 176, 139, true, true
1891184, 4250, 31983, 1650, 177, 137, true, true
1905513, 4280, 32228, 1889, 178, 139, true, true
1906388, 4282, 32228, 1888, 177, 139, true, true
1912718, 4295, 32228, 1886, 175, 139, true, true
1922455, 4317, 32229, 1887, 176, 135, true, true
1925494, 4324, 32233, 1891, 177, 134, true, true
1943187, 4361, 32237, 1890, 176, 135, true, true
1951596, 4378, 32237, 1889, 175, 137, true, true
1956561, 4388, 32248, 1897, 174, 136, true, true
1960304, 4396, 32248, 1888, 173, 137, true, true
1969313, 4416, 32248, 1885, 172, 140, true, true
2004782, 4490, 32249, 1886, 173, 148, true, true
2008886, 4499, 32249, 1846, 172, 148, true, true
2011710, 4505, 32249, 1845, 171, 148, true, true
2021145, 4524, 32249, 1844, 170, 149, true, true
2034057, 4550, 32249, 1842, 169, 151, true, true
2035762, 4554, 32250, 1843, 170, 149, true, true
2064814, 4614, 32250, 1842, 169, 154, true, true
2069175, 4623, 32250, 1840, 168, 155, true, true
2099727, 4688, 32258, 1848, 169, 156, true, true
2113911, 4717, 32258, 1847, 168, 158, true, true
2116846, 4724, 32259, 1848, 169, 157, true, true
2122315, 4736, 32265, 1854, 170, 157, true, true
2128695, 4750, 32266, 1855, 171, 158, true, true
2130173, 4754, 32268, 1857, 172, 158, true, true
2136404, 4766, 32268, 1856, 171, 158, true, true
2141396, 4777, 32268, 1848, 171, 158, true, true
2142643, 4780, 32269, 1849, 172, 157, true, true
2145373, 4786, 32271, 1850, 172, 155, true, true
2150231, 4797, 32272, 1849, 173, 153, true, true
2157979, 4814, 32273, 1850, 174, 154, true, true
2160550, 4820, 32273, 1848, 173, 154, true, true
2166741, 4833, 32273, 1834, 173, 156, true, true
2181835, 4866, 32275, 1834, 174, 157, true, true
2183386, 4869, 32275, 1832, 173, 157, true, true
2184788, 4872, 32275, 1818, 172, 157, true, true
2201857, 4909, 32275, 1805, 171, 157, true, true
2216100, 4940, 32276, 1806, 172, 160, true, true
2217226, 4943, 32277, 1807, 173, 158, true, true
2227635, 4966, 32279, 1809, 174, 156, true, true
2249992, 5016, 32279, 1808, 173, 158, true, true
2259008, 5036, 32279, 1807, 172, 160, true, true
2268836, 5057, 32279, 1781, 170, 161, true, true
2274457, 5070, 32280, 1782, 171, 161, true, true
2296962, 5118, 32296, 1798, 172, 163, true, true
2304367, 5135, 32299, 1801, 173, 162, true, true
2308860, 5143, 32300, 1801, 174, 158, true, true
2312706, 5151, 32300, 1799, 173, 158, true, true
2325099, 5178, 32303, 1802, 174, 157, true, true
2331709, 5193, 32303, 1796, 173, 158, true, true
2335187, 5200, 32304, 1797, 174, 157, true, true
2344583, 5221, 32304, 1796, 173, 158, true, true
2347692, 5228, 32304, 1795, 172, 158, true, true
2351692, 5238, 32306, 1797, 173, 157, true, true
2351923, 5239, 32307, 1798, 174, 156, true, true
2354411, 5244, 32307, 1796, 173, 156, true, true
2355619, 5247, 32308, 1797, 174, 152, true, true
2359515, 5255, 32308, 1796, 173, 152, true, true
2363635, 5264, 32308, 1795, 172, 153, true, true
2368485, 5274, 32308, 1739, 171, 153, true, true
2386013, 5311, 32308, 1737, 170, 154, true, true
2390540, 5321, 32312, 1740, 171, 153, true, true
2398069, 5337, 32313, 1741, 172, 154, true, true
2427021, 5400, 32314, 1742, 173, 155, true, true
2432285, 5412, 32337, 1763, 174, 155, true, true
2442740, 5435, 32337, 1762, 173, 157, true, true
2445367, 5441, 32337, 1758, 172, 157, true, true
2447495, 5446, 32338, 1759, 173, 156, true, true
2471958, 5500, 32338, 1755, 172, 156, true, true
2495076, 5551, 32338, 1753, 171, 158, true, true
2518350, 5603, 32338, 1752, 170, 160, true, true
2518902, 5605, 32339, 1753, 171, 158, true, true
2532162, 5634, 32339, 1751, 171, 158, true, true
2534121, 5638, 32348, 1760, 172, 154, true, true
2552520, 5680, 32348, 1758, 171, 156, true, true
2556108, 5688, 32348, 1372, 170, 156, true, true
2562686, 5703, 32348, 1358, 169, 157, true, true
2571306, 5723, 32350, 1360, 170, 155, true, true
2579434, 5742, 32355, 1365, 171, 159, true, true
2581169, 5746, 32358, 1339, 171, 156, true, true
2595714, 5779, 32359, 1339, 172, 154, true, true
2604286, 5800, 32371, 1351, 173, 150, true, true
2610259, 5813, 32371, 1349, 172, 150, true, true
2616919, 5828, 32372, 1350, 173, 149, true, true
2622102, 5840, 32372, 1348, 172, 151, true, true
2632106, 5863, 32372, 1336, 171, 152, true, true
2634554, 5869, 32373, 1337, 172, 150, true, true
2652856, 5910, 32374, 1335, 173, 151, true, true
2654267, 5913, 32375, 1336, 174, 149, true, true
2655624, 5916, 32375, 1335, 173, 149, true, true
2663630, 5935, 32376, 1336, 174, 150, true, true
2675098, 5960, 32377, 1337, 175, 150, true, true
2682565, 5977, 32378, 1322, 175, 150, true, true
2689601, 5992, 32378, 1321, 174, 150, true, true
2697539, 6011, 32379, 1322, 175, 152, true, true
2708800, 6037, 32384, 1327, 176, 151, true, true
2709998, 6040, 32384, 1325, 175, 151, true, true
2715499, 6053, 32396, 1337, 176, 149, true, true
2732458, 6091, 32397, 1338, 177, 148, true, true
2735497, 6098, 32397, 1333, 176, 148, true, true
2739227, 6107, 32399, 1335, 177, 145, true, true
2751134, 6134, 32399, 1334, 177, 146, true, true
2755567, 6144, 32400, 1333, 176, 143, true, true
2763336, 6161, 32400, 1329, 175, 143, true, true
2777543, 6192, 32402, 1331, 176, 143, true, true
2787911, 6213, 32402, 1328, 175, 143, true, true
2790828, 6220, 32410, 1336, 176, 138, true, true
2844912, 6338, 32410, 1316, 175, 148, true, true
2872573, 6398, 32410, 1315, 175, 152, true, true
2877027, 6408, 32416, 1316, 176, 149, true, true
2882049, 6420, 32417, 1317, 177, 147, true, true
2900502, 6461, 32417, 1316, 176, 148, true, true
2914413, 6492, 32426, 1325, 177, 147, true, true
2918170, 6500, 32427, 1326, 178, 144, true, true
2918618, 6501, 32427, 1325, 177, 144, true, true
2921031, 6507, 32429, 1327, 178, 141, true, true
2939841, 6547, 32429, 1317, 176, 142, true, true
2953598, 6578, 32429, 1315, 175, 143, true, true
2967659, 6608, 32430, 1316, 176, 142, true, true
2977723, 6630, 32430, 1315, 175, 142, true, true
2998236, 6676, 32431, 1316, 176, 142, true, true
3001486, 6683, 32431, 1311, 175, 142, true, true
3045478, 6780, 32431, 1310, 174, 147, true, true
3051491, 6795, 32435, 1285, 175, 147, true, true
3061704, 6819, 32436, 1282, 176, 147, true, true
3070978, 6840, 32436, 1280, 175, 148, true, true
3075665, 6851, 32441, 1283, 176, 148, true, true
3084653, 6872, 32441, 1282, 176, 149, true, true
3105918, 6919, 32449, 1290, 177, 149, true, true
3133658, 6983, 32452, 1293, 178, 149, true, true
3135773, 6988, 32452, 1292, 177, 150, true, true
3143904, 7007, 32452, 1047, 176, 151, true, true
3145566, 7011, 32454, 1049, 177, 151, true, true
3146411, 7013, 32454, 1048, 176, 151, true, true
3159425, 7044, 32456, 1050, 177, 149, true, true
3162388, 7051, 32463, 1056, 178, 145, true, true
3164020, 7055, 32463, 1052, 177, 146, true, true
3164237, 7056, 32463, 1050, 176, 146, true, true
3165599, 7059, 32463, 1047, 175, 146, true, true
3166419, 7061, 32463, 1042, 175, 146, true, true
3174202, 7079, 32463, 1039, 174, 146, true, true
3179392, 7091, 32463, 1034, 172, 146, true, true
3190409, 7115, 32467, 1031, 172, 139, true, true
3196565, 7129, 32467, 1023, 171, 140, true, true
3221389, 7186, 32468, 1013, 171, 142, true, true
3231225, 7209, 32468, 1012, 171, 144, true, true
3236471, 7222, 32469, 1013, 172, 144, true, true
3240003, 7230, 32470, 997, 173, 143, true, true
3265921, 7289, 32470, 995, 172, 145, true, true
3275014, 7311, 32471, 996, 173, 144, true, true
3275474, 7313, 32473, 987, 173, 140, true, true
3285134, 7337, 32473, 985, 172, 141, true, true
3289413, 7349, 32476, 988, 173, 140, true, true
3304306, 7387, 32476, 986, 173, 142, true, true
3311600, 7407, 32478, 988, 174, 141, true, true
3317171, 7421, 32479, 989, 175, 142, true, true
3322019, 7434, 32484, 994, 176, 140, true, true
3329043, 7452, 32484, 989, 175, 140, true, true
3333677, 7463, 32484, 988, 174, 142, true, true
3334610, 7466, 32485, 988, 175, 140, true, true
3358257, 7530, 32485, 987, 174, 141, true, true
3362174, 7540, 32486, 988, 175, 140, true, true
3371024, 7564, 32504, 1005, 176, 140, true, true
3374029, 7572, 32506, 1007, 177, 138, true, true
3387295, 7606, 32506, 1006, 176, 141, true, true
3405647, 7652, 32507, 1007, 177, 140, true, true
3421635, 7695, 32513, 1013, 178, 139, true, true
3453233, 7781, 32514, 1014, 179, 138, true, true
3459023, 7796, 32514, 1013, 179, 138, true, true
3461887, 7803, 32514, 1012, 178, 139, true, true
3477144, 7841, 32520, 988, 179, 136, true, true
3506471, 7916, 32523, 991, 180, 135, true, true
3517664, 7948, 32523, 990, 179, 136, true, true
3532730, 7991, 32524, 986, 180, 137, true, true
3534367, 7996, 32524, 980, 179, 137, true, true
3538679, 8007, 32524, 977, 178, 137, true, true
3544730, 8022, 32524, 976, 177, 137, true, true
3560720, 8064, 32524, 975, 176, 139, true, true
3562658, 8070, 32524, 973, 175, 139, true, true
3566942, 8081, 32524, 972, 175, 140, true, true
3572678, 8095, 32524, 971, 174, 141, true, true
3592920, 8147, 32524, 969, 173, 144, true, true
3598379, 8161, 32527, 972, 174, 142, true, true
3598784, 8163, 32530, 975, 175, 142, true, true
3605402, 8180, 32535, 980, 176, 142, true, true
3613288, 8198, 32538, 981, 177, 140, true, true
3623660, 8221, 32539, 982, 178, 140, true, true
3658326, 8300, 32539, 980, 177, 142, true, true
3673865, 8335, 32540, 981, 178, 142, true, true
3683690, 8357, 32541, 982, 179, 142, true, true
3722068, 8446, 32543, 984, 180, 145, true, true
3745328, 8504, 32556, 996, 180, 145, true, true
3746117, 8506, 32556, 984, 179, 145, true, true
3749460, 8516, 32557, 985, 180, 144, true, true
3752886, 8525, 32557, 984, 179, 144, true, true
3786774, 8609, 32557, 983, 178, 147, true, true
3813799, 8679, 32557, 982, 178, 153, true, true
3821822, 8701, 32558, 983, 179, 152, true, true
3837017, 8740, 32559, 984, 180, 152, true, true
3841732, 8754, 32561, 986, 181, 150, true, true
3852033, 8780, 32561, 974, 180, 150, true, true
3862954, 8809, 32561, 973, 179, 150, true, true
3864050, 8813, 32561, 967, 178, 150, true, true
3870431, 8831, 32564, 970, 179, 149, true, true
3871201, 8833, 32564, 969, 178, 149, true, true
3875206, 8844, 32594, 999, 179, 148, true, true
3876530, 8847, 32594, 991, 178, 148, true, true
3885471, 8872, 32594, 990, 178, 149, true, true
3893750, 8894, 32601, 990, 179, 148, true, true
3895640, 8899, 32636, 1023, 179, 146, true, true
3899584, 8910, 32672, 1059, 180, 145, true, true
3908759, 8933, 32672, 1055, 179, 146, true, true
3925791, 8979, 32675, 1058, 180, 145, true, true
3937598, 9009, 32675, 1055, 180, 145, true, true
3947652, 9036, 32675, 1054, 179, 145, true, true
3967134, 9086, 32675, 1051, 178, 146, true, true
3972332, 9099, 32675, 1050, 177, 146, true, true
3984399, 9131, 32675, 1048, 176, 150, true, true
3998739, 9170, 32677, 1050, 177, 150, true, true
4005848, 9188, 32682, 1055, 178, 151, true, true
4006554, 9190, 32682, 1054, 177, 151, true, true
4019582, 9224, 32682, 1044, 176, 152, true, true
4023271, 9234, 32682, 1043, 175, 153, true, true
4027672, 9245, 32682, 1042, 174, 153, true, true
4033625, 9259, 32682, 1033, 173, 153, true, true
4059156, 9324, 32683, 1034, 174, 152, true, true
4091294, 9402, 32697, 1045, 175, 156, true, true
4100793, 9425, 32698, 1046, 176, 156, true, true
4111223, 9451, 32699, 1047, 177, 154, true, true
4112733, 9455, 32701, 1049, 178, 153, true, true
4120361, 9476, 32702, 1050, 179, 149, true, true
4121454, 9479, 32702, 1048, 178, 149, true, true
4129490, 9498, 32704, 1050, 179, 147, true, true
4131923, 9505, 32707, 1053, 180, 145, true, true
4170472, 9609, 32707, 1051, 179, 150, true, true
4178742, 9627, 32708, 1052, 180, 150, true, true
4185037, 9645, 32709, 1052, 181, 149, true, true
4194901, 9673, 32710, 1048, 181, 148, true, true
4196410, 9677, 32729, 1067, 182, 147, true, true
4206970, 9705, 32729, 1066, 181, 149, true, true
4207313, 9706, 32731, 1068, 182, 148, true, true
4228167, 9759, 32731, 1067, 181, 149, true, true
4251490, 9820, 32732, 1068, 182, 150, true, true
4263102, 9848, 32733, 1068, 182, 149, true, true
4270194, 9868, 32734, 1069, 183, 145, true, true
4318916, 9993, 32734, 1068, 183, 149, true, true
4327604, 10016, 32734, 1067, 182, 151, true, true
4337845, 10043, 32735, 1068, 183, 150, true, true
4343325, 10058, 32735, 1067, 182, 150, true, true
4374027, 10135, 32739, 1071, 183, 153, true, true
4378502, 10147, 32740, 1072, 184, 151, true, true
4386901, 10169, 32741, 1073, 185, 150, true, true
4402418, 10208, 32741, 1071, 185, 152, true, true
4464737, 10367, 32759, 1088, 186, 155, true, true
4479706, 10407, 32759, 1086, 185, 156, true, true
4502578, 10469, 32761, 1088, 186, 151, true, true
4511135, 10494, 32762, 1089, 187, 151, true, true
4512346, 10497, 32762, 1086, 186, 151, true, true
4517066, 10510, 32762, 1066, 185, 151, true, true
4521538, 10522, 32780, 1045, 186, 150, true, true
4528845, 10537, 32780, 843, 186, 151, true, true
4540861, 10568, 32780, 808, 185, 152, true, true
4542421, 10572, 32780, 806, 183, 152, true, true
4545047, 10579, 32780, 805, 182, 152, true, true
4574244, 10653, 32780, 800, 181, 155, true, true
4575324, 10656, 32857, 877, 182, 155, true, true
4577288, 10662, 32902, 909, 183, 154, true, true
4579048, 10667, 32902, 907, 183, 154, true, true
4592146, 10702, 32903, 908, 184, 154, true, true
4594174, 10708, 32903, 898, 184, 154, true, true
4599020, 10722, 32905, 900, 185, 151, true, true
4601063, 10727, 32905, 899, 184, 151, true, true
4618472, 10770, 32905, 896, 183, 151, true, true
4708852, 11007, 32905, 895, 182, 156, true, true
4716295, 11027, 32906, 896, 183, 154, true, true
4723162, 11043, 32906, 894, 182, 154, true, true
4730958, 11063, 32908, 896, 183, 153, true, true
4759831, 11137, 32909, 897, 184, 154, true, true
4769419, 11165, 32910, 898, 185, 154, true, true
4814487, 11280, 32919, 906, 185, 155, true, true
4855820, 11389, 32920, 907, 186, 154, true, true
4868274, 11420, 32927, 910, 187, 152, true, true
4887350, 11463, 32928, 911, 188, 151, true, true
4887804, 11464, 32928, 903, 187, 151, true, true
4890407, 11470, 32928, 902, 186, 151, true, true
4892237, 11475, 32929, 903, 187, 150, true, true
4942104, 11589, 32929, 897, 186, 151, true, true
4986385, 11688, 32929, 896, 185, 153, true, true
4993318, 11704, 32930, 897, 186, 148, true, true
5012277, 11747, 32930, 895, 185, 152, true, true
5030380, 11793, 32930, 893, 184, 152, true, true
5040264, 11815, 32933, 896, 185, 151, true, true
5054691, 11850, 32953, 916, 186, 151, true, true
5059726, 11862, 32953, 911, 185, 153, true, true
5071718, 11893, 32966, 919, 185, 149, true, true
5082742, 11922, 32967, 920, 186, 149, true, true
5117126, 12009, 32970, 923, 187, 153, true, true
5121129, 12020, 32970, 922, 186, 153, true, true
5162602, 12133, 32970, 921, 185, 156, true, true
5170787, 12153, 32981, 859, 186, 154, true, true
5197437, 12217, 32981, 858, 185, 155, true, true
5197851, 12219, 32981, 856, 184, 155, true, true
5212845, 12255, 32981, 852, 183, 156, true, true
5226443, 12288, 32982, 845, 183, 155, true, true
5241781, 12326, 32982, 844, 182, 157, true, true
5242364, 12327, 32982, 843, 182, 157, true, true
5247514, 12340, 32982, 825, 181, 159, true, true
5256592, 12360, 32984, 827, 182, 159, true, true
5268689, 12390, 32984, 811, 181, 159, true, true
5299433, 12463, 32984, 808, 180, 160, true, true
5305561, 12478, 32997, 821, 181, 160, true, true
5318580, 12509, 32997, 820, 180, 160, true, true
5327272, 12529, 32999, 822, 181, 159, true, true
5339977, 12560, 33000, 822, 181, 159, true, true
5341299, 12564, 33004, 826, 182, 158, true, true
5344943, 12575, 33005, 827, 183, 156, true, true
5355604, 12606, 33006, 828, 184, 159, true, true
5357318, 12611, 33007, 829, 185, 157, true, true
5377175, 12667, 33012, 834, 186, 152, true, true
5380462, 12676, 33043, 865, 187, 152, true, true
5397166, 12720, 33046, 868, 188, 151, true, true
5403727, 12737, 33048, 870, 189, 149, true, true
5405464, 12742, 33052, 874, 190, 146, true, true
5420366, 12781, 33054, 875, 190, 143, true, true
5430128, 12802, 33054, 874, 189, 144, true, true
5430508, 12803, 33054, 831, 189, 144, true, true
5448426, 12843, 33054, 830, 188, 145, true, true
5507312, 12973, 33054, 828, 187, 146, true, true
5511707, 12983, 33054, 821, 186, 146, true, true
5513089, 12986, 33054, 820, 185, 146, true, true
5547828, 13062, 33054, 809, 184, 150, true, true
5565468, 13100, 33054, 807, 183, 150, true, true
5583347, 13143, 33054, 802, 182, 151, true, true
5633157, 13264, 33054, 793, 181, 154, true, true
5639956, 13282, 33054, 792, 180, 154, true, true
5646265, 13300, 33058, 765, 181, 152, true, true
5646760, 13302, 33058, 764, 180, 152, true, true
5649188, 13309, 33058, 763, 179, 152, true, true
5673716, 13372, 33059, 764, 180, 151, true, true
5680239, 13389, 33069, 772, 180, 150, true, true
5733700, 13535, 33069, 771, 179, 153, true, true
5739217, 13549, 33069, 770, 178, 155, true, true
5749226, 13576, 33070, 765, 178, 154, true, true
5754737, 13592, 33071, 766, 179, 153, true, true
5791717, 13692, 33077, 772, 180, 154, true, true
5808482, 13735, 33078, 764, 181, 155, true, true
5821272, 13770, 33078, 762, 180, 156, true, true
5827200, 13784, 33079, 758, 181, 155, true, true
5848061, 13840, 33079, 756, 180, 155, true, true
5871267, 13901, 33083, 760, 181, 154, true, true
5901317, 13981, 33084, 760, 182, 154, true, true
5901805, 13982, 33084, 759, 181, 154, true, true
5916248, 14018, 33085, 760, 182, 152, true, true
5952594, 14105, 33085, 758, 181, 155, true, true
5979900, 14171, 33085, 756, 180, 157, true, true
6014182, 14254, 33085, 753, 179, 158, true, true
6045264, 14329, 33085, 752, 178, 160, true, true
6047947, 14336, 33086, 753, 179, 156, true, true
6051111, 14345, 33086, 751, 178, 157, true, true
6062053, 14376, 33089, 754, 179, 156, true, true
6073108, 14405, 33095, 760, 180, 155, true, true
6086990, 14440, 33097, 762, 181, 153, true, true
6098644, 14467, 33097, 761, 180, 153, true, true
6132675, 14559, 33097, 757, 179, 156, true, true
6149736, 14604, 33097, 751, 178, 158, true, true
6168900, 14657, 33193, 847, 179, 157, true, true
6170396, 14661, 33193, 846, 178, 157, true, true
6196531, 14734, 33195, 848, 179, 159, true, true
6232027, 14833, 33195, 845, 178, 160, true, true
6233275, 14838, 33197, 847, 179, 159, true, true
6258218, 14912, 33199, 848, 179, 156, true, true
6262455, 14923, 33206, 855, 180, 155, true, true
6265715, 14933, 33207, 856, 181, 152, true, true
6302704, 15042, 33207, 855, 180, 155, true, true
6316895, 15082, 33207, 851, 179, 155, true, true
6330154, 15123, 33207, 848, 178, 158, true, true
6350600, 15183, 33207, 847, 177, 158, true, true
6377701, 15262, 33207, 812, 176, 158, true, true
6388583, 15294, 33208, 813, 177, 158, true, true
6481035, 15556, 33208, 812, 176, 162, true, true
6493705, 15596, 33211, 815, 177, 162, true, true
6503378, 15624, 33212, 816, 178, 161, true, true
6512055, 15649, 33212, 808, 178, 162, true, true
6542779, 15738, 33212, 803, 177, 162, true, true
6544426, 15743, 33212, 802, 176, 162, true, true
6544990, 15745, 33212, 798, 175, 162, true, true
6605744, 15900, 33213, 799, 176, 163, true, true
6609124, 15909, 33215, 789, 177, 162, true, true
6623654, 15944, 33215, 788, 176, 163, true, true
6683741, 16092, 33219, 792, 177, 162, true, true
6693346, 16116, 33219, 778, 176, 162, true, true
6709200, 16156, 33219, 775, 175, 164, true, true
6718432, 16181, 33221, 777, 176, 161, true, true
6732203, 16217, 33223, 779, 177, 158, true, true
6736952, 16231, 33223, 778, 176, 159, true, true
6757146, 16291, 33225, 780, 177, 160, true, true
6763666, 16310, 33225, 779, 176, 160, true, true
6765637, 16316, 33225, 776, 175, 160, true, true
6768873, 16326, 33245, 795, 175, 159, true, true
6773034, 16339, 33246, 796, 176, 158, true, true
6776904, 16352, 33258, 808, 177, 157, true, true
6786573, 16379, 33258, 807, 176, 160, true, true
6791100, 16393, 33258, 806, 175, 160, true, true
6806299, 16438, 33258, 793, 174, 160, true, true
6818052, 16475, 33259, 790, 175, 158, true, true
6826791, 16499, 33260, 791, 176, 154, true, true
6865273, 16612, 33260, 789, 175, 155, true, true
6883383, 16663, 33261, 790, 176, 147, true, true
6895045, 16698, 33261, 788, 175, 149, true, true
6937700, 16811, 33262, 789, 176, 146, true, true
6940387, 16819, 33262, 788, 175, 146, true, true
6944890, 16833, 33262, 787, 174, 146, true, true
6960806, 16881, 33262, 786, 173, 146, true, true
6975332, 16919, 33262, 785, 172, 146, true, true
7033356, 17090, 33264, 787, 173, 152, true, true
7050094, 17140, 33265, 788, 174, 151, true, true
7055571, 17156, 33265, 787, 173, 151, true, true
7080366, 17225, 33265, 786, 173, 153, true, true
7088671, 17241, 33266, 787, 174, 150, true, true
7091887, 17248, 33266, 786, 173, 150, true, true
7099470, 17269, 33276, 796, 174, 150, true, true
7106258, 17289, 33277, 792, 174, 147, true, true
7126895, 17350, 33278, 793, 175, 147, true, true
7153277, 17427, 33279, 794, 176, 144, true, true
7189460, 17528, 33279, 790, 175, 146, true, true
7216863, 17607, 33279, 789, 174, 147, true, true
7230589, 17647, 33279, 788, 173, 148, true, true
7289572, 17828, 33287, 795, 173, 149, true, true
7322537, 17929, 33287, 794, 172, 150, true, true
7369320, 18075, 33289, 796, 173, 150, true, true
7415294, 18221, 33290, 797, 174, 152, true, true
7416416, 18224, 33303, 810, 175, 151, true, true
7419927, 18235, 33303, 808, 174, 151, true, true
7421941, 18242, 33305, 810, 175, 151, true, true
7432352, 18273, 33305, 809, 174, 151, true, true
7438168, 18293, 33306, 810, 175, 149, true, true
7473583, 18408, 33308, 810, 176, 150, true, true
7493021, 18468, 33318, 817, 176, 152, true, true
7512579, 18532, 33319, 818, 177, 152, true, true
7543484, 18636, 33319, 817, 176, 158, true, true
7544861, 18640, 33319, 816, 175, 158, true, true
7553122, 18669, 33333, 830, 176, 157, true, true
7568914, 18717, 33333, 829, 175, 161, true, true
7579738, 18754, 33333, 825, 174, 163, true, true
7594543, 18800, 33335, 827, 175, 157, true, true
7597335, 18808, 33335, 825, 174, 157, true, true
7604841, 18832, 33336, 826, 175, 156, true, true
7628248, 18905, 33336, 822, 174, 157, true, true
7633630, 18922, 33337, 823, 175, 149, true, true
7654043, 18987, 33338, 824, 176, 148, true, true
7696169, 19127, 33338, 807, 176, 151, true, true
7715639, 19189, 33347, 806, 176, 150, true, true
7721045, 19207, 33350, 809, 177, 148, true, true
7732511, 19244, 33351, 810, 178, 145, true, true
7737481, 19260, 33352, 810, 178, 143, true, true
7740059, 19269, 33352, 809, 177, 143, true, true
7761313, 19334, 33352, 808, 176, 145, true, true
7776501, 19383, 33353, 809, 177, 144, true, true
7787880, 19419, 33353, 808, 176, 145, true, true
7795225, 19444, 33357, 812, 177, 144, true, true
7843550, 19601, 33357, 805, 176, 148, true, true
7888609, 19752, 33358, 806, 177, 150, true, true
7901716, 19794, 33358, 805, 177, 151, true, true
7917499, 19839, 33359, 806, 178, 149, true, true
7933809, 19884, 33359, 802, 177, 150, true, true
7963284, 19948, 33359, 801, 176, 151, true, true
7980853, 19995, 33369, 811, 177, 151, true, true
7983939, 20004, 33371, 813, 178, 149, true, true
8028247, 20129, 33371, 812, 177, 150, true, true
8046180, 20177, 33372, 813, 178, 147, true, true
8052381, 20194, 33372, 812, 177, 147, true, true
8074242, 20258, 33373, 813, 178, 146, true, true
8101661, 20350, 33373, 812, 177, 146, true, true
8105200, 20362, 33373, 811, 176, 146, true, true
8115471, 20396, 33373, 810, 175, 147, true, true
8150425, 20516, 33373, 809, 174, 148, true, true
8156764, 20536, 33373, 790, 173, 148, true, true
8161011, 20551, 33374, 791, 174, 147, true, true
8194749, 20662, 33375, 792, 175, 146, true, true
8200846, 20682, 33375, 791, 175, 146, true, true
8209763, 20711, 33375, 790, 174, 147, true, true
8218302, 20739, 33376, 788, 174, 145, true, true
8308322, 21024, 33384, 796, 175, 152, true, true
8309029, 21026, 33384, 795, 174, 152, true, true
8317567, 21055, 33385, 796, 175, 151, true, true
8320827, 21066, 33385, 795, 174, 151, true, true
8334267, 21110, 33388, 798, 175, 150, true, true
8361151, 21199, 33390, 800, 176, 150, true, true
8368495, 21223, 33391, 801, 177, 147, true, true
8374781, 21243, 33392, 802, 178, 144, true, true
8393919, 21309, 33400, 792, 179, 142, true, true
8439771, 21464, 33400, 791, 178, 143, true, true
8474423, 21560, 33402, 793, 179, 141, true, true
8477319, 21570, 33402, 792, 178, 141, true, true
8478263, 21573, 33402, 791, 177, 142, true, true
8501568, 21651, 33402, 789, 175, 143, true, true
8602752, 21986, 33402, 778, 174, 146, true, true
8615952, 22031, 33402, 776, 173, 146, true, true
8638944, 22108, 33402, 775, 172, 147, true, true
8643373, 22122, 33402, 774, 171, 147, true, true
8651805, 22150, 33402, 772, 170, 149, true, true
8717906, 22372, 33402, 765, 169, 153, true, true
8726125, 22399, 33407, 770, 170, 153, true, true
8751377, 22480, 33407, 769, 169, 156, true, true
8794500, 22624, 33407, 765, 169, 160, true, true
8864420, 22859, 33411, 769, 170, 162, true, true
8875433, 22896, 33422, 780, 171, 161, true, true
8880573, 22912, 33422, 779, 171, 161, true, true
8948332, 23142, 33423, 780, 172, 161, true, true
8991625, 23289, 33423, 779, 171, 164, true, true
8991720, 23290, 33491, 847, 172, 162, true, true
9028063, 23409, 33493, 849, 173, 161, true, true
9031087, 23418, 33494, 850, 174, 160, true, true
9043873, 23461, 33495, 851, 175, 158, true, true
9050366, 23483, 33495, 850, 174, 158, true, true
9107394, 23675, 33495, 849, 173, 160, true, true
9118114, 23713, 33498, 852, 174, 159, true, true
9151592, 23825, 33499, 853, 175, 160, true, true
9171920, 23897, 33503, 857, 176, 162, true, true
9182350, 23933, 33510, 864, 177, 161, true, true
9185579, 23944, 33510, 863, 176, 161, true, true
9193131, 23970, 33510, 862, 175, 161, true, true
9218491, 24055, 33511, 863, 176, 161, true, true
9232637, 24104, 33511, 862, 175, 162, true, true
9242572, 24137, 33511, 861, 174, 163, true, true
9251700, 24168, 33511, 859, 173, 163, true, true
9253107, 24170, 33511, 858, 172, 163, true, true
9285473, 24278, 33513, 857, 172, 163, true, true
9297344, 24318, 33513, 856, 171, 164, true, true
9332549, 24432, 33513, 855, 171, 165, true, true
9334326, 24438, 33513, 854, 170, 165, true, true
9335849, 24443, 33513, 853, 169, 165, true, true
9393542, 24628, 33513, 852, 168, 168, true, true
9397317, 24641, 33519, 858, 169, 167, true, true
9401649, 24656, 33519, 766, 168, 167, true, true
9403440, 24662, 33520, 767, 169, 166, true, true
9421150, 24719, 33522, 769, 170, 161, true, true
9539477, 25108, 33522, 768, 169, 165, true, true
9561525, 25159, 33522, 766, 168, 165, true, true
9568422, 25181, 33526, 769, 169, 164, true, true
9575922, 25206, 33527, 735, 170, 165, true, true
9576101, 25207, 33564, 768, 171, 164, true, true
9619252, 25348, 33565, 758, 172, 164, true, true
9650016, 25448, 33565, 757, 171, 167, true, true
9691989, 25588, 33565, 756, 170, 170, true, true
9711904, 25657, 33566, 757, 171, 170, true, true
9724047, 25698, 33566, 756, 170, 171, true, true
9729723, 25717, 33566, 755, 169, 171, true, true
9736419, 25738, 33566, 754, 168, 171, true, true
9810382, 25989, 33574, 762, 169, 174, true, true
9841006, 26096, 33575, 763, 170, 174, true, true
9844079, 26106, 33577, 765, 171, 173, true, true
9872549, 26204, 33583, 769, 172, 173, true, true
9916438, 26353, 33583, 766, 171, 177, true, true
9928841, 26398, 33586, 768, 172, 176, true, true
9933618, 26416, 33592, 774, 173, 175, true, true
9951403, 26474, 33592, 773, 172, 176, true, true
10081386, 26917, 33594, 775, 173, 179, true, true
10130021, 27089, 33594, 773, 172, 182, true, true
10131882, 27097, 33595, 774, 173, 181, true, true
10181783, 27276, 33595, 773, 172, 181, true, true
10222046, 27415, 33597, 775, 173, 181, true, true
10245237, 27496, 33602, 780, 174, 180, true, true
10420666, 28137, 33612, 789, 175, 185, true, true
10424950, 28153, 33612, 788, 174, 186, true, true
10457342, 28270, 33612, 755, 173, 186, true, true
10465006, 28297, 33612, 754, 173, 186, true, true
10471830, 28323, 33613, 754, 174, 184, true, true
10499176, 28420, 33613, 753, 173, 184, true, true
10519082, 28491, 33629, 769, 174, 183, true, true
10539744, 28565, 33633, 771, 175, 182, true, true
10554025, 28619, 33633, 770, 174, 182, true, true
10566385, 28661, 33635, 772, 175, 181, true, true
10571553, 28680, 33635, 768, 174, 183, true, true
10590477, 28742, 33635, 767, 173, 184, true, true
10672403, 29029, 33638, 770, 174, 186, true, true
10685344, 29078, 33640, 772, 175, 186, true, true
10700478, 29132, 33644, 776, 176, 185, true, true
10721618, 29208, 33645, 777, 177, 184, true, true
10743498, 29288, 33646, 778, 178, 183, true, true
10779502, 29413, 33685, 817, 179, 182, true, true
10780001, 29415, 33685, 816, 178, 182, true, true
10841485, 29639, 33685, 815, 177, 185, true, true
10850285, 29671, 33689, 816, 177, 180, true, true
10859114, 29701, 33689, 815, 176, 180, true, true
10913399, 29892, 33690, 816, 177, 180, true, true
10915975, 29898, 33690, 812, 176, 180, true, true
10917755, 29905, 33690, 811, 175, 180, true, true
10960558, 30055, 33694, 815, 176, 181, true, true
10993627, 30167, 33695, 814, 176, 180, true, true
10994069, 30168, 33695, 813, 175, 180, true, true
11010343, 30223, 33705, 823, 176, 179, true, true
11017078, 30247, 33705, 822, 175, 181, true, true
11100020, 30516, 33705, 814, 174, 182, true, true
11105278, 30534, 33712, 821, 175, 180, true, true
11130239, 30622, 33719, 828, 176, 178, true, true
11160153, 30722, 33772, 881, 177, 177, true, true
11211770, 30893, 33772, 880, 176, 180, true, true
11214530, 30902, 33775, 883, 177, 179, true, true
11233597, 30967, 33775, 882, 177, 180, true, true
11293420, 31165, 33777, 884, 178, 180, true, true
11309031, 31218, 33786, 893, 179, 179, true, true
11417643, 31582, 33786, 892, 179, 180, true, true
11428222, 31618, 33786, 891, 178, 181, true, true
11447212, 31685, 33786, 890, 177, 182, true, true
11465233, 31745, 33787, 891, 178, 179, true, true
11536584, 31991, 33787, 890, 177, 182, true, true
11538832, 31999, 33788, 891, 178, 181, true, true
11601206, 32222, 33788, 890, 177, 185, true, true
11633286, 32338, 33788, 887, 176, 187, true, true
11668210, 32459, 33788, 886, 175, 188, true, true
11670848, 32468, 33788, 885, 175, 188, true, true
11736579, 32706, 33840, 937, 176, 188, true, true
11740872, 32721, 33840, 935, 176, 188, true, true
11746301, 32741, 33841, 936, 177, 185, true, true
11825718, 33030, 33841, 932, 176, 189, true, true
11918064, 33363, 33841, 931, 175, 192, true, true
11924698, 33387, 33871, 959, 176, 191, true, true
11965056, 33529, 33873, 922, 176, 190, true, true
11984946, 33597, 33876, 921, 177, 189, true, true
11990643, 33615, 33877, 922, 178, 188, true, true
12069966, 33858, 33878, 923, 179, 186, true, true
12098520, 33944, 33878, 888, 179, 187, true, true
12103084, 33958, 33886, 896, 180, 186, true, true
12110060, 33979, 33886, 895, 179, 186, true, true
12119319, 34007, 33887, 896, 180, 185, true, true
12180181, 34194, 33887, 895, 179, 187, true, true
12194679, 34239, 33888, 896, 180, 186, true, true
12228187, 34341, 33889, 897, 181, 187, true, true
12285390, 34511, 33891, 899, 182, 185, true, true
12376843, 34783, 33891, 895, 181, 185, true, true
12403583, 34865, 33891, 882, 180, 186, true, true
12429991, 34947, 33892, 883, 181, 186, true, true
12446548, 34998, 33892, 882, 180, 186, true, true
12479641, 35098, 33892, 880, 179, 187, true, true
12487719, 35122, 33892, 878, 178, 187, true, true
12492436, 35133, 33892, 865, 177, 187, true, true
12515931, 35203, 33892, 864, 176, 188, true, true
12542865, 35283, 33892, 863, 175, 188, true, true
12596575, 35432, 33892, 862, 174, 191, true, true
12622035, 35494, 33892, 858, 173, 191, true, true
12670479, 35622, 33892, 857, 172, 195, true, true
12706912, 35730, 33893, 857, 172, 201, true, true
12767428, 35911, 33896, 860, 173, 201, true, true
12840753, 36127, 33896, 855, 172, 203, true, true
12853376, 36165, 33898, 855, 172, 202, true, true
12883704, 36254, 33898, 854, 171, 204, true, true
12918555, 36357, 33900, 854, 171, 205, true, true
12929660, 36390, 33900, 852, 170, 206, true, true
12939816, 36419, 33900, 849, 170, 206, true, true
12987385, 36554, 33904, 853, 171, 206, true, true
12993349, 36571, 33912, 859, 172, 203, true, true
13027622, 36672, 33913, 851, 172, 203, true, true
13035211, 36694, 33913, 850, 171, 204, true, true
13102225, 36880, 33941, 877, 172, 204, true, true
13131310, 36961, 33943, 879, 173, 204, true, true
13143112, 36995, 33943, 876, 172, 204, true, true
13153012, 37024, 33947, 880, 173, 203, true, true
13154249, 37028, 33947, 879, 172, 203, true, true
13164843, 37058, 33948, 880, 173, 202, true, true
13204723, 37170, 33949, 874, 173, 202, true, true
13209355, 37183, 33949, 872, 172, 202, true, true
13227273, 37233, 33950, 859, 173, 201, true, true
13228783, 37238, 33978, 881, 174, 199, true, true
13230824, 37244, 33978, 880, 173, 199, true, true
13239890, 37268, 33978, 879, 172, 199, true, true
13268072, 37348, 33980, 881, 173, 197, true, true
13271460, 37358, 33981, 882, 174, 196, true, true
13298477, 37432, 33983, 884, 175, 196, true, true
13477782, 37920, 33983, 878, 174, 202, true, true
13522435, 38049, 33984, 879, 175, 199, true, true
13533522, 38081, 33986, 881, 176, 199, true, true
13539161, 38097, 33989, 884, 177, 198, true, true
13649936, 38412, 33990, 885, 178, 198, true, true
13681191, 38503, 33992, 856, 178, 197, true, true
13698064, 38552, 33992, 855, 177, 199, true, true
13725313, 38633, 33996, 859, 178, 195, true, true
13774788, 38775, 33997, 860, 179, 193, true, true
13834948, 38949, 33998, 861, 180, 194, true, true
13889646, 39108, 34016, 875, 180, 191, true, true
13904686, 39152, 34017, 876, 181, 191, true, true
13940089, 39251, 34029, 886, 182, 192, true, true
13971854, 39342, 34029, 885, 181, 192, true, true
14054065, 39583, 34029, 884, 180, 193, true, true
14099979, 39717, 34032, 887, 181, 192, true, true
14146455, 39851, 34038, 891, 182, 192, true, true
14184390, 39960, 34038, 889, 181, 193, true, true
14231752, 40098, 34059, 910, 182, 190, true, true
14306414, 40317, 34059, 909, 181, 193, true, true
14321026, 40361, 34059, 891, 180, 195, true, true
14415190, 40632, 34059, 890, 179, 198, true, true
14440985, 40709, 34059, 883, 178, 199, true, true
14454867, 40748, 34060, 884, 179, 197, true, true
14490259, 40855, 34061, 885, 180, 194, true, true
14573249, 41097, 34062, 886, 181, 192, true, true
14667471, 41379, 34071, 895, 182, 195, true, true
14719002, 41531, 34072, 893, 183, 195, true, true
14731317, 41568, 34085, 905, 184, 194, true, true
14779950, 41707, 34085, 898, 183, 196, true, true
14862049, 41943, 34085, 897, 182, 197, true, true
14863812, 41948, 34085, 893, 181, 197, true, true
14871324, 41970, 34086, 894, 182, 196, true, true
14881106, 41998, 34087, 895, 183, 195, true, true
14914175, 42090, 34087, 892, 182, 196, true, true
14964160, 42234, 34087, 888, 181, 198, true, true
14990210, 42312, 34087, 867, 180, 198, true, true
15014079, 42379, 34087, 866, 179, 198, true, true
15101128, 42631, 34091, 870, 180, 198, true, true
15147922, 42764, 34091, 867, 179, 199, true, true
15322441, 43268, 34094, 870, 180, 203, true, true
15336527, 43310, 34094, 868, 179, 203, true, true
15393693, 43475, 34095, 869, 180, 203, true, true
15516403, 43828, 34095, 851, 179, 205, true, true
15517391, 43831, 34099, 855, 180, 202, true, true
15637982, 44170, 34102, 858, 181, 205, true, true
15664586, 44250, 34103, 859, 182, 204, true, true
15666949, 44257, 34105, 861, 183, 201, true, true
15692377, 44330, 34105, 860, 182, 202, true, true
15712410, 44386, 34111, 866, 183, 200, true, true
15753133, 44499, 34112, 863, 184, 201, true, true
15760372, 44520, 34116, 867, 185, 200, true, true
15773606, 44558, 34116, 865, 184, 200, true, true
15848922, 44766, 34118, 864, 185, 203, true, true
15877646, 44847, 34118, 861, 184, 204, true, true
15883281, 44864, 34119, 862, 185, 202, true, true
15891911, 44888, 34120, 863, 186, 200, true, true
15921763, 44972, 34123, 866, 187, 196, true, true
15950328, 45053, 34124, 867, 188, 197, true, true
15967342, 45098, 34124, 864, 187, 198, true, true
16004786, 45204, 34131, 854, 187, 195, true, true
16062037, 45363, 34131, 852, 186, 196, true, true
16153516, 45613, 34133, 854, 187, 198, true, true
16160061, 45630, 34133, 853, 186, 198, true, true
16180682, 45684, 34133, 852, 185, 198, true, true
16334930, 46100, 34134, 853, 186, 197, true, true
16378765, 46219, 34135, 854, 187, 198, true, true
16446291, 46403, 34135, 853, 186, 202, true, true
16459042, 46438, 34135, 851, 185, 202, true, true
16502983, 46555, 34136, 852, 186, 202, true, true
16540439, 46653, 34136, 851, 185, 204, true, true
16541195, 46655, 34139, 854, 186, 203, true, true
16545055, 46665, 34143, 858, 187, 202, true, true
16552466, 46684, 34146, 861, 188, 198, true, true
16555650, 46693, 34153, 868, 189, 196, true, true
16596912, 46800, 34153, 864, 188, 196, true, true
16624489, 46871, 34158, 869, 189, 196, true, true
16684260, 47025, 34159, 870, 190, 196, true, true
16745283, 47186, 34161, 872, 191, 195, true, true
16843791, 47449, 34162, 873, 192, 193, true, true
16847814, 47460, 34163, 874, 193, 192, true, true
16878450, 47542, 34163, 870, 192, 193, true, true
16892983, 47580, 34163, 858, 191, 193, true, true
16920140, 47654, 34167, 862, 192, 193, true, true
16921231, 47657, 34199, 894, 193, 191, true, true
16932730, 47688, 34200, 895, 194, 191, true, true
16999466, 47867, 34200, 894, 193, 193, true, true
17041428, 47981, 34200, 893, 192, 194, true, true
17080494, 48080, 34204, 897, 193, 195, true, true
17103259, 48141, 34205, 898, 194, 194, true, true
17137549, 48234, 34206, 899, 195, 193, true, true
17229875, 48478, 34207, 900, 196, 196, true, true
17286297, 48631, 34207, 899, 195, 198, true, true
17361503, 48836, 34210, 879, 195, 197, true, true
17396211, 48928, 34210, 877, 194, 197, true, true
17487792, 49178, 34210, 875, 193, 200, true, true
17495361, 49199, 34211, 876, 194, 198, true, true
17540058, 49320, 34212, 877, 195, 199, true, true
17626718, 49560, 34213, 869, 195, 199, true, true
17650162, 49624, 34216, 872, 196, 199, true, true
17719176, 49814, 34217, 873, 197, 194, true, true
17719571, 49815, 34217, 868, 196, 194, true, true
17857050, 50179, 34224, 875, 197, 198, true, true
17887559, 50260, 34224, 874, 196, 199, true, true
17915633, 50336, 34224, 848, 195, 200, true, true
17943501, 50411, 34227, 851, 196, 201, true, true
17961833, 50463, 34228, 852, 197, 200, true, true
18056121, 50714, 34236, 860, 198, 201, true, true
18062488, 50731, 34236, 857, 197, 202, true, true
18092965, 50810, 34238, 859, 198, 200, true, true
18147593, 50954, 34238, 858, 197, 200, true, true
18203026, 51101, 34238, 830, 196, 200, true, true
18207044, 51112, 34239, 831, 197, 199, true, true
18216530, 51137, 34263, 854, 198, 196, true, true
18242085, 51203, 34264, 855, 199, 195, true, true
18276608, 51294, 34264, 853, 198, 198, true, true
18301835, 51360, 34266, 855, 199, 197, true, true
18385077, 51588, 34266, 831, 198, 200, true, true
18401912, 51632, 34267, 832, 199, 200, true, true
18427001, 51696, 34267, 831, 198, 202, true, true
18483537, 51840, 34269, 833, 199, 199, true, true
18497345, 51876, 34271, 835, 200, 197, true, true
18547651, 52006, 34276, 840, 201, 197, true, true
18563253, 52047, 34277, 841, 202, 196, true, true
18646858, 52261, 34277, 840, 201, 198, true, true
18698112, 52388, 34278, 841, 202, 197, true, true
18723583, 52451, 34280, 843, 203, 195, true, true
18725945, 52457, 34295, 853, 203, 193, true, true
18745955, 52506, 34295, 852, 202, 194, true, true
18778519, 52584, 34295, 851, 201, 194, true, true
18838596, 52726, 34297, 852, 202, 193, true, true
18861014, 52781, 34297, 851, 201, 194, true, true
18931257, 52945, 34297, 850, 200, 196, true, true
18938303, 52963, 34297, 843, 200, 196, true, true
19004143, 53124, 34297, 838, 199, 197, true, true
19121652, 53405, 34297, 831, 198, 199, true, true
19216596, 53626, 34298, 832, 199, 200, true, true
19377507, 54010, 34327, 861, 200, 201, true, true
19444667, 54169, 34337, 871, 201, 201, true, true
19593241, 54522, 34337, 866, 200, 204, true, true
19702071, 54774, 34338, 867, 201, 203, true, true
19744229, 54874, 34338, 865, 200, 204, true, true
19795423, 54996, 34343, 866, 200, 204, true, true
19801689, 55011, 34343, 865, 199, 204, true, true
19845812, 55114, 34343, 864, 198, 204, true, true
19999727, 55478, 34345, 866, 199, 206, true, true
20168864, 55882, 34349, 863, 200, 205, true, true
20175073, 55897, 34349, 861, 199, 205, true, true
20184410, 55920, 34353, 863, 200, 204, true, true
20258144, 56095, 34364, 874, 201, 203, true, true
20652490, 57018, 34364, 870, 200, 213, true, true
20781211, 57328, 34364, 820, 199, 217, true, true
20784482, 57336, 34364, 817, 198, 217, true, true
20841211, 57469, 34367, 820, 199, 214, true, true
20894324, 57600, 34368, 821, 200, 215, true, true
20895618, 57603, 34368, 820, 199, 215, true, true
21028395, 57930, 34368, 800, 197, 218, true, true
21073398, 58037, 34369, 801, 198, 217, true, true
21111824, 58126, 34369, 800, 197, 220, true, true
21333322, 58665, 34369, 796, 196, 221, true, true
21514227, 59102, 34369, 795, 195, 226, true, true
21558215, 59209, 34369, 793, 194, 226, true, true
21727439, 59624, 34369, 792, 193, 228, true, true
21744723, 59670, 34371, 794, 194, 227, true, true
21843831, 59908, 34402, 789, 195, 228, true, true
21861324, 59952, 34408, 787, 196, 226, true, true
21909698, 60071, 34409, 788, 197, 225, true, true
21939282, 60144, 34420, 799, 198, 223, true, true
22577170, 61721, 34430, 807, 199, 234, true, true
22624458, 61838, 34440, 817, 200, 233, true, true
22719414, 62077, 34440, 816, 199, 235, true, true
22931720, 62611, 34440, 811, 198, 239, true, true
23078004, 62978, 34440, 810, 197, 241, true, true
23160774, 63191, 34441, 811, 198, 239, true, true
23179990, 63239, 34441, 810, 197, 239, true, true
23293191, 63524, 34442, 811, 198, 238, true, true
23431706, 63862, 34444, 812, 198, 239, true, true
23477471, 63974, 34444, 811, 197, 240, true, true
23491829, 64009, 34445, 812, 198, 239, true, true
23524911, 64089, 34445, 810, 197, 239, true, true
23528037, 64097, 34448, 813, 198, 234, true, true
23582847, 64235, 34448, 812, 197, 235, true, true
23609275, 64303, 34448, 811, 196, 235, true, true
23709147, 64556, 34449, 811, 197, 233, true, true
23714341, 64571, 34469, 831, 198, 232, true, true
23771348, 64715, 34472, 834, 199, 231, true, true
23881656, 64988, 34472, 833, 198, 232, true, true
23998066, 65277, 34473, 833, 198, 231, true, true
24091901, 65505, 34474, 834, 199, 233, true, true
24152844, 65650, 34475, 835, 200, 233, true, true
24189537, 65740, 34476, 836, 201, 233, true, true
24257431, 65904, 34476, 835, 200, 234, true, true
24371372, 66177, 34484, 838, 200, 232, true, true
24542059, 66591, 34484, 837, 199, 235, true, true
24670613, 66898, 34484, 836, 198, 236, true, true
24928257, 67520, 34484, 835, 197, 240, true, true
25190479, 68162, 34485, 836, 198, 243, true, true
25288334, 68401, 34485, 831, 197, 245, true, true
25323878, 68491, 34485, 829, 196, 246, true, true
25351459, 68559, 34485, 826, 195, 247, true, true
25463466, 68838, 34485, 825, 194, 250, true, true
25480880, 68880, 34485, 824, 193, 250, true, true
25518408, 68972, 34485, 823, 192, 250, true, true
25660408, 69318, 34485, 822, 191, 252, true, true
25828436, 69730, 34490, 827, 192, 256, true, true
25855991, 69798, 34491, 828, 193, 255, true, true
25882714, 69863, 34525, 862, 194, 256, true, true
26020294, 70195, 34526, 863, 195, 258, true, true
26055605, 70283, 34526, 862, 194, 258, true, true
26066217, 70309, 34541, 877, 195, 257, true, true
26176256, 70580, 34544, 880, 196, 259, true, true
26199910, 70637, 34545, 881, 197, 258, true, true
26262221, 70787, 34546, 882, 198, 258, true, true
26427740, 71195, 34549, 885, 199, 255, true, true
26439731, 71225, 34550, 885, 200, 254, true, true
26440510, 71227, 34570, 901, 201, 253, true, true
26477885, 71322, 34594, 925, 202, 252, true, true
26489407, 71352, 34594, 923, 201, 252, true, true
26496453, 71369, 34594, 920, 200, 252, true, true
26502546, 71384, 34595, 921, 201, 249, true, true
26506159, 71393, 34598, 924, 202, 248, true, true
26603522, 71622, 34598, 922, 201, 250, true, true
26643887, 71717, 34598, 920, 200, 250, true, true
26758131, 71996, 34599, 921, 201, 248, true, true
26790788, 72077, 34599, 900, 200, 249, true, true
26858142, 72238, 34608, 909, 201, 247, true, true
26925440, 72406, 34614, 915, 202, 246, true, true
26944052, 72451, 34616, 917, 203, 244, true, true
27005306, 72600, 34617, 918, 204, 243, true, true
27024816, 72644, 34629, 929, 205, 240, true, true
27076269, 72767, 34630, 930, 206, 241, true, true
27113200, 72855, 34631, 931, 207, 240, true, true
27175569, 73003, 34632, 932, 208, 240, true, true
27232930, 73140, 34633, 933, 209, 240, true, true
27245669, 73172, 34638, 938, 210, 239, true, true
27385520, 73512, 34638, 934, 208, 242, true, true
27453863, 73676, 34645, 941, 209, 242, true, true
27551472, 73903, 34645, 937, 208, 244, true, true
27627028, 74085, 34645, 936, 207, 245, true, true
27634329, 74103, 34646, 937, 208, 242, true, true
27702573, 74267, 34648, 939, 209, 241, true, true
28006963, 75012, 34650, 941, 210, 239, true, true
28082916, 75199, 34651, 941, 211, 239, true, true
28121512, 75297, 34655, 945, 212, 237, true, true
28222654, 75547, 34657, 947, 213, 237, true, true
28295055, 75727, 34658, 948, 214, 235, true, true
28445594, 76098, 34658, 944, 213, 237, true, true
28446040, 76099, 34660, 946, 214, 234, true, true
28624688, 76526, 34662, 948, 215, 236, true, true
28682722, 76669, 34663, 949, 216, 234, true, true
28729570, 76788, 34667, 953, 217, 234, true, true
28760282, 76867, 34668, 954, 218, 233, true, true
28823995, 77020, 34668, 952, 217, 236, true, true
28834605, 77046, 34672, 955, 218, 233, true, true
28886399, 77167, 34672, 949, 218, 233, true, true
28909369, 77223, 34672, 943, 217, 233, true, true
28925197, 77262, 34673, 944, 218, 232, true, true
28987356, 77410, 34673, 942, 217, 232, true, true
29152494, 77803, 34676, 945, 218, 233, true, true
29171869, 77850, 34677, 946, 219, 232, true, true
29180903, 77871, 34679, 948, 220, 231, true, true
29195108, 77905, 34679, 937, 219, 231, true, true
29357190, 78287, 34682, 939, 220, 230, true, true
29422017, 78443, 34694, 945, 221, 231, true, true
29432084, 78468, 34697, 948, 222, 230, true, true
29676770, 79059, 34700, 936, 223, 235, true, true
29745882, 79221, 34700, 935, 222, 236, true, true
29791790, 79330, 34700, 902, 221, 236, true, true
29880570, 79540, 34700, 900, 220, 238, true, true
30005266, 79835, 34700, 899, 219, 239, true, true
30290517, 80507, 34700, 893, 218, 246, true, true
30300001, 80528, 34709, 902, 219, 241, true, true
30450022, 80878, 34710, 903, 220, 244, true, true
30523486, 81051, 34710, 888, 219, 247, true, true
30674973, 81411, 34710, 886, 218, 248, true, true
30683021, 81430, 34710, 881, 217, 248, true, true
30851686, 81827, 34710, 877, 217, 248, true, true
31138775, 82500, 34710, 873, 216, 253, true, true
31184082, 82607, 34710, 872, 215, 255, true, true
31206521, 82661, 34712, 874, 216, 251, true, true
31509937, 83374, 34713, 875, 217, 252, true, true
31522686, 83405, 34713, 869, 216, 252, true, true
31544992, 83457, 34713, 868, 215, 253, true, true
31663471, 83733, 34714, 869, 216, 253, true, true
31813376, 84084, 34714, 868, 215, 254, true, true
31848232, 84167, 34714, 867, 214, 254, true, true
31860824, 84196, 34717, 870, 215, 251, true, true
31925698, 84347, 34717, 862, 214, 252, true, true
31982793, 84481, 34717, 849, 213, 252, true, true
32057216, 84657, 34717, 848, 212, 253, true, true
32104656, 84769, 34717, 846, 211, 253, true, true
32202542, 85005, 34718, 847, 212, 253, true, true
32301207, 85242, 34718, 846, 211, 255, true, true
32404731, 85485, 34719, 847, 212, 255, true, true
32578982, 85902, 34719, 846, 211, 257, true, true
32613012, 85984, 34720, 832, 212, 256, true, true
32626175, 86017, 34721, 833, 213, 255, true, true
32733413, 86269, 34722, 834, 214, 251, true, true
32801037, 86426, 34722, 832, 214, 253, true, true
32828603, 86490, 34724, 834, 215, 250, true, true
32837993, 86511, 34725, 834, 216, 250, true, true
32960897, 86802, 34725, 832, 215, 250, true, true
32970535, 86826, 34734, 841, 216, 248, true, true
33196097, 87345, 34768, 875, 217, 252, true, true
33229794, 87422, 34771, 878, 218, 251, true, true
33256698, 87484, 34771, 875, 217, 252, true, true
33403177, 87819, 34771, 874, 216, 252, true, true
33414126, 87844, 34771, 873, 215, 252, true, true
33421226, 87859, 34771, 867, 214, 252, true, true
33443181, 87910, 34772, 868, 215, 251, true, true
33538113, 88120, 34772, 867, 214, 252, true, true
33543000, 88131, 34772, 866, 213, 252, true, true
33611737, 88287, 34775, 869, 214, 247, true, true
33753779, 88600, 34778, 872, 215, 248, true, true
33891188, 88921, 34780, 874, 216, 249, true, true
33981775, 89123, 34780, 873, 215, 250, true, true
33997400, 89158, 34781, 874, 216, 249, true, true
34031606, 89235, 34782, 875, 217, 250, true, true
34108159, 89407, 34782, 873, 216, 250, true, true
34194676, 89604, 34783, 872, 216, 249, true, true
34210194, 89639, 34783, 869, 215, 249, true, true
34373650, 90008, 34784, 870, 216, 248, true, true
34380943, 90025, 34785, 871, 217, 246, true, true
34415749, 90103, 34785, 870, 216, 248, true, true
34651671, 90639, 34789, 874, 217, 251, true, true
34711752, 90775, 34789, 872, 216, 251, true, true
34766085, 90898, 34790, 873, 217, 247, true, true
34774940, 90918, 34791, 874, 218, 246, true, true
34878807, 91145, 34791, 865, 217, 246, true, true
35010458, 91440, 34792, 866, 218, 246, true, true
35033181, 91491, 34794, 868, 219, 243, true, true
35099078, 91638, 34794, 867, 218, 244, true, true
35417900, 92347, 34794, 864, 217, 248, true, true
35445679, 92408, 34794, 863, 216, 248, true, true
35474782, 92472, 34799, 855, 217, 246, true, true
35514980, 92559, 34799, 854, 216, 247, true, true
35518488, 92567, 34799, 853, 215, 247, true, true
35605592, 92759, 34800, 854, 216, 246, true, true
35766644, 93113, 34801, 855, 217, 247, true, true
35793908, 93174, 34801, 853, 215, 247, true, true
35976353, 93577, 34801, 850, 213, 247, true, true
36037915, 93718, 34803, 852, 214, 248, true, true
36072106, 93795, 34805, 854, 215, 247, true, true
36390081, 94500, 34807, 856, 216, 250, true, true
36435770, 94604, 34807, 855, 215, 252, true, true
36727536, 95265, 34810, 858, 216, 253, true, true
36756097, 95328, 34810, 856, 215, 254, true, true
36858566, 95558, 34810, 855, 214, 255, true, true
36926670, 95710, 34810, 854, 213, 257, true, true
36967552, 95800, 34816, 860, 214, 257, true, true
37046653, 95977, 34817, 861, 215, 257, true, true
37056251, 95999, 34818, 862, 216, 254, true, true
37245214, 96419, 34818, 861, 215, 259, true, true
37326493, 96597, 34824, 867, 216, 259, true, true
37336987, 96621, 34824, 865, 215, 260, true, true
37458579, 96892, 34825, 866, 216, 261, true, true
37463246, 96903, 34825, 865, 215, 261, true, true
37607664, 97221, 34825, 864, 214, 261, true, true
37617880, 97244, 34841, 880, 215, 260, true, true
38006831, 98111, 34843, 882, 216, 266, true, true
38052035, 98213, 34843, 881, 215, 266, true, true
38083991, 98285, 34843, 870, 214, 266, true, true
38141696, 98413, 34843, 867, 213, 267, true, true
38148419, 98429, 34848, 872, 214, 263, true, true
38296471, 98755, 34849, 873, 215, 262, true, true
38498266, 99192, 34860, 884, 216, 262, true, true
38697867, 99635, 34860, 883, 215, 264, true, true
38734634, 99719, 34860, 880, 214, 264, true, true
38743031, 99738, 34863, 882, 215, 262, true, true
38787659, 99833, 34863, 871, 215, 262, true, true
39083685, 100479, 34893, 901, 216, 263, true, true
39109892, 100536, 34893, 900, 215, 264, true, true
39171115, 100673, 34897, 904, 216, 263, true, true
39219905, 100779, 34897, 901, 215, 263, true, true
39297660, 100946, 34902, 896, 215, 258, true, true
39396912, 101164, 34902, 895, 215, 258, true, true
39506613, 101410, 34904, 897, 216, 257, true, true
39520221, 101437, 34906, 899, 217, 254, true, true
39983193, 102459, 34907, 900, 218, 256, true, true
40018090, 102537, 34907, 894, 218, 256, true, true
40039852, 102585, 34907, 891, 217, 256, true, true
40122803, 102764, 34907, 886, 216, 259, true, true
40216518, 102974, 34907, 881, 215, 261, true, true
40308519, 103184, 34908, 882, 216, 260, true, true
40349763, 103279, 34910, 884, 217, 258, true, true
40374189, 103332, 34913, 887, 218, 256, true, true
40580193, 103788, 34915, 889, 219, 258, true, true
40860377, 104415, 34916, 890, 220, 261, true, true
41121869, 105005, 34916, 889, 220, 263, true, true
41331933, 105485, 34919, 892, 221, 262, true, true
41391490, 105615, 34920, 893, 222, 259, true, true
41549224, 105977, 34932, 905, 223, 259, true, true
41622532, 106143, 34932, 904, 222, 259, true, true
41697466, 106311, 34932, 903, 221, 259, true, true
41732762, 106394, 34942, 911, 222, 256, true, true
41794330, 106533, 34942, 910, 221, 256, true, true
41999383, 107004, 34954, 922, 222, 259, true, true
42098244, 107226, 34954, 921, 221, 261, true, true
42250833, 107574, 34962, 929, 222, 261, true, true
42375801, 107861, 34962, 928, 221, 262, true, true
42425826, 107974, 34962, 927, 220, 262, true, true
42511141, 108161, 34965, 930, 221, 263, true, true
42776834, 108751, 34970, 935, 222, 264, true, true
42904990, 109042, 34971, 936, 223, 267, true, true
43027758, 109312, 34971, 934, 222, 269, true, true
43154291, 109600, 34971, 933, 221, 271, true, true
43186602, 109668, 34971, 926, 220, 271, true, true
43243428, 109792, 34990, 933, 221, 270, true, true
43253152, 109815, 34991, 934, 222, 269, true, true
43261953, 109832, 34991, 933, 221, 269, true, true
43468310, 110290, 34993, 935, 222, 271, true, true
43566568, 110511, 34995, 937, 223, 269, true, true
43619778, 110627, 34995, 933, 222, 269, true, true
43734246, 110879, 34996, 934, 223, 268, true, true
43750978, 110915, 34997, 935, 224, 267, true, true
43894078, 111226, 34997, 934, 223, 268, true, true
43970520, 111393, 34997, 932, 222, 268, true, true
44278912, 112059, 34997, 929, 221, 273, true, true
44400529, 112330, 35002, 934, 222, 272, true, true
44453373, 112446, 35003, 935, 223, 270, true, true
44463949, 112470, 35038, 970, 224, 268, true, true
44502520, 112554, 35039, 970, 225, 264, true, true
44714331, 113015, 35039, 969, 224, 267, true, true
44807477, 113219, 35039, 967, 224, 269, true, true
44838259, 113283, 35039, 955, 223, 269, true, true
44979038, 113583, 35043, 959, 224, 268, true, true
45150759, 113948, 35046, 962, 225, 264, true, true
45209893, 114078, 35046, 961, 224, 264, true, true
45336539, 114348, 35047, 962, 225, 264, true, true
45403638, 114490, 35048, 963, 226, 263, true, true
45432030, 114549, 35049, 964, 227, 263, true, true
45533793, 114763, 35050, 963, 227, 260, true, true
45640468, 114988, 35050, 961, 227, 261, true, true
45740052, 115197, 35069, 957, 228, 255, true, true
45830331, 115387, 35070, 958, 229, 253, true, true
45847855, 115425, 35073, 961, 230, 252, true, true
45876580, 115484, 35073, 960, 229, 252, true, true
46176814, 116106, 35073, 947, 228, 255, true, true
46208038, 116171, 35074, 947, 229, 255, true, true
46216622, 116189, 35075, 948, 230, 252, true, true
46454531, 116675, 35076, 949, 231, 252, true, true
46535724, 116847, 35076, 948, 230, 253, true, true
46870765, 117524, 35076, 946, 229, 254, true, true
46910767, 117605, 35076, 945, 228, 254, true, true
46924212, 117633, 35076, 936, 227, 256, true, true
46924829, 117635, 35077, 937, 228, 255, true, true
46949077, 117685, 35077, 933, 227, 255, true, true
46960095, 117708, 35077, 930, 226, 255, true, true
46991475, 117772, 35080, 933, 227, 252, true, true
47089392, 117966, 35080, 932, 226, 254, true, true
47360118, 118507, 35081, 933, 227, 253, true, true
47384055, 118556, 35083, 919, 227, 248, true, true
47903165, 119593, 35084, 920, 228, 253, true, true
48254979, 120300, 35086, 908, 229, 255, true, true
48355175, 120510, 35086, 907, 228, 256, true, true
48375269, 120549, 35087, 908, 229, 255, true, true
48691442, 121187, 35090, 911, 230, 255, true, true
48802551, 121420, 35097, 918, 231, 256, true, true
48851277, 121515, 35097, 917, 230, 256, true, true
49083428, 121990, 35098, 918, 231, 259, true, true
49100727, 122026, 35098, 917, 230, 259, true, true
49303663, 122438, 35098, 915, 229, 261, true, true
49537297, 122899, 35098, 914, 229, 267, true, true
49607445, 123040, 35101, 917, 230, 262, true, true
49657343, 123140, 35103, 918, 231, 261, true, true
49851332, 123524, 35103, 917, 230, 263, true, true
50020593, 123853, 35104, 918, 231, 261, true, true
50175795, 124169, 35104, 917, 230, 261, true, true
50418283, 124648, 35106, 919, 231, 260, true, true
50699027, 125199, 35106, 918, 230, 261, true, true
50846089, 125489, 35106, 917, 230, 263, true, true
50943290, 125676, 35109, 920, 231, 264, true, true
50949809, 125689, 35109, 890, 230, 264, true, true
51245315, 126265, 35109, 889, 229, 265, true, true
51252589, 126280, 35110, 890, 230, 264, true, true
51777430, 127301, 35110, 880, 229, 268, true, true
51874760, 127494, 35110, 876, 228, 269, true, true
51882468, 127510, 35112, 878, 229, 265, true, true
51904821, 127553, 35112, 877, 229, 266, true, true
52030011, 127798, 35127, 892, 230, 266, true, true
52310177, 128345, 35127, 889, 229, 268, true, true
52368810, 128461, 35127, 888, 228, 268, true, true
52565891, 128848, 35129, 887, 228, 268, true, true
52714357, 129139, 35129, 885, 227, 268, true, true
52830983, 129368, 35130, 886, 228, 269, true, true
53073035, 129839, 35142, 898, 229, 268, true, true
53561567, 130796, 35142, 896, 228, 273, true, true
53570537, 130814, 35142, 893, 227, 273, true, true
53635580, 130943, 35146, 896, 228, 271, true, true
53663190, 130996, 35146, 895, 227, 271, true, true
53733825, 131130, 35147, 896, 228, 267, true, true
53830222, 131316, 35148, 897, 229, 265, true, true
54412991, 132444, 35148, 896, 228, 273, true, true
54636545, 132876, 35149, 897, 229, 274, true, true
54688918, 132974, 35157, 905, 230, 273, true, true
55579835, 134690, 35158, 906, 231, 279, true, true
55703991, 134931, 35158, 904, 230, 280, true, true
55761791, 135043, 35158, 902, 229, 280, true, true
56207060, 135897, 35159, 902, 229, 278, true, true
56258573, 135997, 35161, 904, 230, 277, true, true
56463766, 136387, 35165, 908, 231, 278, true, true
56468854, 136397, 35177, 918, 232, 277, true, true
56730088, 136888, 35184, 925, 233, 277, true, true
56794127, 137013, 35184, 923, 232, 277, true, true
56894808, 137204, 35185, 924, 233, 275, true, true
57047800, 137493, 35214, 953, 234, 275, true, true
57077601, 137551, 35214, 952, 233, 276, true, true
57078066, 137552, 35215, 953, 234, 273, true, true
57207108, 137797, 35215, 950, 233, 274, true, true
57371231, 138109, 35216, 950, 234, 273, true, true
57405726, 138174, 35216, 944, 233, 273, true, true
57834141, 138978, 35217, 945, 234, 274, true, true
57868694, 139045, 35217, 944, 233, 274, true, true
57874052, 139056, 35218, 945, 234, 273, true, true
57919364, 139142, 35218, 936, 233, 273, true, true
58010183, 139311, 35220, 938, 234, 272, true, true
58131756, 139538, 35220, 934, 233, 273, true, true
58210562, 139688, 35220, 933, 232, 274, true, true
58235325, 139735, 35220, 932, 231, 274, true, true
58237778, 139740, 35220, 927, 230, 274, true, true
58241805, 139748, 35221, 928, 231, 270, true, true
58503285, 140220, 35225, 932, 232, 267, true, true
58705350, 140597, 35225, 929, 231, 269, true, true
58782626, 140736, 35238, 940, 231, 266, true, true
58803264, 140775, 35238, 931, 230, 266, true, true
58836901, 140836, 35238, 930, 229, 267, true, true
59109708, 141342, 35240, 932, 230, 267, true, true
59227856, 141558, 35240, 924, 229, 267, true, true
59279580, 141650, 35240, 922, 228, 269, true, true
59281143, 141653, 35242, 917, 229, 267, true, true
59342815, 141768, 35242, 915, 228, 267, true, true
59910921, 142818, 35243, 910, 228, 268, true, true
59928814, 142852, 35243, 906, 227, 268, true, true
60036237, 143049, 35243, 902, 226, 268, true, true
60533858, 143975, 35243, 901, 225, 271, true, true
60569350, 144042, 35336, 993, 226, 269, true, true
60902919, 144662, 35336, 992, 225, 272, true, true
60931316, 144715, 35336, 979, 224, 272, true, true
61264610, 145341, 35337, 980, 225, 274, true, true
61288874, 145387, 35337, 978, 224, 275, true, true
61350055, 145504, 35337, 977, 223, 275, true, true
61486187, 145763, 35337, 975, 223, 276, true, true
61523589, 145835, 35337, 974, 222, 276, true, true
62081549, 146904, 35337, 973, 221, 279, true, true
62096997, 146936, 35344, 980, 222, 278, true, true
62117271, 146973, 35346, 982, 223, 277, true, true
62393581, 147501, 35347, 983, 224, 277, true, true
62618586, 147934, 35348, 984, 225, 278, true, true
62736082, 148158, 35348, 983, 224, 278, true, true
63224699, 149094, 35351, 986, 225, 279, true, true
63606140, 149824, 35355, 990, 226, 278, true, true
63625019, 149861, 35355, 989, 225, 278, true, true
63753930, 150104, 35355, 987, 224, 279, true, true
64038678, 150648, 35359, 991, 225, 282, true, true
64060206, 150690, 35359, 990, 224, 282, true, true
64389919, 151317, 35359, 986, 223, 282, true, true
64423637, 151382, 35359, 985, 222, 282, true, true
64520105, 151562, 35364, 990, 223, 281, true, true
64550109, 151619, 35373, 991, 224, 279, true, true
65010531, 152476, 35375, 993, 225, 278, true, true
65145538, 152729, 35375, 992, 224, 278, true, true
65185297, 152805, 35376, 993, 225, 275, true, true
65374994, 153159, 35377, 994, 226, 271, true, true
65433301, 153266, 35383, 1000, 227, 270, true, true
65485084, 153364, 35383, 998, 227, 270, true, true
65494711, 153382, 35383, 997, 227, 270, true, true
65626944, 153620, 35383, 994, 226, 273, true, true
65709533, 153770, 35383, 993, 225, 273, true, true
65721005, 153791, 35385, 989, 226, 271, true, true
65840031, 154010, 35385, 988, 225, 272, true, true
66391689, 155040, 35386, 989, 226, 273, true, true
66403164, 155061, 35386, 979, 225, 273, true, true
66442578, 155136, 35400, 992, 225, 272, true, true
66541149, 155319, 35402, 994, 226, 269, true, true
66637638, 155494, 35402, 993, 225, 269, true, true
67032096, 156228, 35402, 992, 224, 271, true, true
67320424, 156762, 35409, 999, 225, 273, true, true
67783079, 157625, 35410, 1000, 226, 271, true, true
67879133, 157802, 35430, 1020, 227, 271, true, true
67950565, 157933, 35431, 1021, 228, 270, true, true
67980261, 157989, 35439, 1029, 229, 269, true, true
68053353, 158124, 35439, 1027, 228, 269, true, true
68392473, 158753, 35439, 1026, 227, 271, true, true
68740117, 159398, 35439, 1025, 226, 272, true, true
68943889, 159776, 35442, 1028, 227, 270, true, true
69155706, 160164, 35452, 1038, 228, 263, true, true
69329568, 160485, 35454, 1040, 229, 262, true, true
69350187, 160522, 35499, 1085, 230, 262, true, true
69430599, 160669, 35500, 1086, 231, 261, true, true
69531242, 160851, 35504, 1090, 232, 261, true, true
69534543, 160857, 35504, 1088, 231, 261, true, true
69567863, 160918, 35505, 1089, 232, 256, true, true
69800690, 161340, 35508, 1092, 233, 253, true, true
69837104, 161405, 35508, 1087, 232, 254, true, true
69857750, 161441, 35508, 1086, 231, 254, true, true
69879141, 161481, 35509, 1087, 232, 253, true, true
69908955, 161533, 35511, 1089, 233, 252, true, true
70153570, 161971, 35514, 1083, 234, 252, true, true
70190378, 162036, 35520, 1087, 234, 250, true, true
70475014, 162547, 35522, 1089, 235, 248, true, true
71314958, 164049, 35530, 1096, 236, 250, true, true
71332167, 164080, 35540, 1106, 237, 248, true, true
71390425, 164185, 35540, 1103, 236, 248, true, true
71715840, 164763, 35540, 1102, 235, 251, true, true
71768876, 164856, 35541, 1103, 236, 250, true, true
71869548, 165039, 35542, 1104, 237, 248, true, true
71934068, 165153, 35545, 1107, 238, 248, true, true
71981688, 165237, 35545, 1106, 237, 248, true, true
72173062, 165575, 35546, 1107, 238, 250, true, true
72800042, 166681, 35548, 1109, 239, 251, true, true
72898308, 166858, 35548, 1106, 238, 251, true, true
73151980, 167309, 35549, 1107, 239, 250, true, true
73364301, 167685, 35549, 1104, 238, 250, true, true
73820379, 168492, 35550, 1095, 238, 251, true, true
74187708, 169147, 35551, 1096, 239, 250, true, true
74526913, 169750, 35551, 1095, 239, 252, true, true
74902664, 170418, 35553, 1097, 240, 248, true, true
74945416, 170497, 35559, 1103, 241, 247, true, true
74965280, 170534, 35559, 1102, 240, 247, true, true
75028785, 170649, 35559, 1101, 239, 247, true, true
75158884, 170877, 35561, 1103, 240, 244, true, true
75229983, 171005, 35563, 1104, 241, 240, true, true
75668466, 171778, 35563, 1103, 240, 241, true, true
75681192, 171800, 35573, 1110, 239, 241, true, true
75719704, 171870, 35573, 1109, 238, 241, true, true
76026622, 172419, 35573, 1108, 237, 245, true, true
76734675, 173680, 35583, 1118, 238, 248, true, true
76833385, 173856, 35583, 1108, 237, 248, true, true
76932856, 174036, 35583, 1107, 236, 248, true, true
76989971, 174138, 35585, 1109, 237, 244, true, true
76991715, 174142, 35586, 1110, 238, 235, true, true
77010312, 174176, 35587, 1110, 239, 234, true, true
77070304, 174282, 35596, 1119, 240, 233, true, true
77305242, 174699, 35599, 1122, 241, 233, true, true
77419908, 174899, 35599, 1120, 240, 233, true, true
78083127, 176064, 35600, 1121, 241, 235, true, true
78266310, 176393, 35600, 1120, 241, 236, true, true
78420893, 176666, 35606, 1125, 242, 234, true, true
78631088, 177045, 35606, 1123, 241, 235, true, true
78848179, 177435, 35606, 1113, 240, 236, true, true
79074439, 177843, 35607, 1114, 241, 237, true, true
79407810, 178431, 35611, 1088, 241, 241, true, true
79652965, 178876, 35611, 1084, 240, 241, true, true
79659344, 178888, 35613, 1085, 241, 240, true, true
80396333, 180188, 35617, 1089, 242, 243, true, true
80601855, 180568, 35617, 1085, 241, 244, true, true
80956224, 181214, 35617, 1084, 240, 244, true, true
81190551, 181643, 35620, 1087, 241, 243, true, true
81560781, 182323, 35620, 1086, 240, 245, true, true
81633768, 182458, 35624, 1090, 241, 244, true, true
81931229, 183003, 35628, 1071, 242, 243, true, true
82241357, 183582, 35628, 1070, 241, 246, true, true
82368164, 183816, 35628, 1068, 240, 246, true, true
82417834, 183908, 35652, 1092, 241, 244, true, true
83115073, 185190, 35652, 1088, 240, 248, true, true
83464333, 185825, 35652, 1087, 239, 249, true, true
83614339, 186099, 35666, 1101, 240, 242, true, true
83667307, 186195, 35671, 1106, 241, 240, true, true
84906727, 188490, 35680, 1115, 242, 241, true, true
85016702, 188701, 35681, 1116, 243, 240, true, true
85208078, 189053, 35681, 1115, 242, 240, true, true
85263461, 189154, 35682, 1116, 243, 239, true, true
85330312, 189275, 35682, 1113, 242, 239, true, true
85799235, 190137, 35694, 1125, 243, 239, true, true
85965294, 190442, 35694, 1124, 242, 239, true, true
86075582, 190644, 35702, 1122, 243, 234, true, true
86157594, 190790, 35703, 1123, 244, 233, true, true
86357701, 191153, 35704, 1124, 245, 232, true, true
86427237, 191277, 35705, 1125, 246, 231, true, true
86680828, 191738, 35705, 1123, 245, 233, true, true
86788333, 191934, 35705, 1121, 244, 234, true, true
86795386, 191946, 35707, 1123, 245, 233, true, true
87121620, 192542, 35709, 1125, 246, 236, true, true
87296251, 192856, 35709, 1124, 245, 237, true, true
87498649, 193231, 35711, 1126, 246, 238, true, true
88009440, 194176, 35711, 1125, 245, 239, true, true
88097831, 194342, 35711, 1124, 244, 239, true, true
88424011, 194946, 35711, 1031, 243, 241, true, true
88520845, 195127, 35711, 1029, 242, 242, true, true
88548950, 195179, 35711, 1024, 241, 242, true, true
88709227, 195471, 35712, 1025, 242, 239, true, true
88848320, 195727, 35713, 1026, 243, 238, true, true
88965117, 195945, 35748, 1054, 243, 237, true, true
89005633, 196020, 35748, 1053, 242, 237, true, true
89048569, 196098, 35748, 1049, 241, 237, true, true
89439791, 196806, 35749, 1035, 242, 236, true, true
89548426, 197007, 35771, 1045, 243, 230, true, true
89657244, 197205, 35776, 1050, 244, 228, true, true
89922584, 197685, 35776, 1049, 243, 230, true, true
89941608, 197720, 35777, 1050, 244, 227, true, true
90480009, 198701, 35777, 1049, 243, 230, true, true
91043355, 199704, 35778, 1050, 244, 230, false, true
91295646, 200156, 35778, 1047, 243, 230, false, true
91370121, 200292, 35778, 1031, 242, 230, false, true
91539964, 200604, 35787, 1032, 242, 229, false, true
91652965, 200803, 35787, 1023, 241, 229, false, true
91662058, 200819, 35787, 1021, 240, 229, false, true
91803910, 201068, 35789, 1023, 241, 226, false, true
91952841, 201337, 35789, 1015, 240, 226, false, true
92699534, 202688, 35790, 1016, 241, 223, false, true
92953985, 203142, 35790, 1014, 240, 223, false, true
93055842, 203328, 35793, 1003, 241, 219, false, true
93664230, 204426, 35793, 1002, 240, 219, false, true
94085345, 205182, 35795, 1004, 241, 218, false, true
94204283, 205398, 35795, 1002, 240, 218, false, true
94251412, 205481, 35795, 1001, 239, 218, false, true
94393897, 205740, 35796, 1002, 240, 217, false, true
94395459, 205743, 35798, 1004, 241, 216, false, true
94513858, 205953, 35798, 996, 240, 216, false, true
94956805, 206745, 35799, 997, 241, 214, false, true
95126066, 207055, 35801, 998, 241, 213, false, true
95321959, 207408, 35801, 997, 241, 213, false, true
95545437, 207809, 35803, 999, 242, 212, false, true
95750032, 208174, 35805, 1001, 243, 210, false, true
95830421, 208320, 35810, 1005, 243, 209, false, true
95982639, 208593, 35810, 1002, 242, 209, false, true
96055864, 208723, 35810, 1001, 241, 209, false, true
96149570, 208890, 35810, 999, 240, 209, false, true
96230386, 209034, 35810, 998, 239, 209, false, true
96399095, 209335, 35811, 999, 240, 206, false, true
96492039, 209498, 35811, 997, 239, 206, false, true
97492729, 211263, 35811, 995, 238, 206, false, true
97618621, 211487, 35813, 997, 239, 205, false, true
98441231, 212931, 35813, 996, 238, 205, false, true
98735149, 213464, 35813, 991, 237, 205, false, true
98791804, 213566, 35813, 987, 237, 205, false, true
98970205, 213884, 35813, 986, 236, 205, false, true
99017378, 213965, 35814, 987, 237, 201, false, true
99095424, 214106, 35816, 989, 238, 200, false, true
99744880, 215258, 35820, 993, 239, 197, false, true
100232950, 216123, 35820, 989, 238, 197, false, true
100333317, 216300, 35820, 985, 237, 197, false, true
100558962, 216701, 35820, 984, 236, 197, false, true
100901342, 217309, 35821, 985, 237, 196, false, true
101011483, 217506, 35823, 987, 238, 194, false, true
101020773, 217523, 35825, 989, 239, 193, false, true
101212997, 217866, 35825, 988, 238, 193, false, true
101329369, 218069, 35825, 986, 237, 193, false, true
101370990, 218141, 35825, 985, 236, 193, false, true
101752954, 218818, 35825, 980, 235, 193, false, true
101809430, 218918, 35825, 978, 234, 193, false, true
102194552, 219594, 35833, 980, 235, 191, false, true
102272501, 219727, 35834, 981, 236, 189, false, true
102299394, 219777, 35837, 984, 237, 188, false, true
102656561, 220400, 35838, 985, 238, 185, false, true
103220115, 221414, 35841, 988, 239, 184, false, true
103648579, 222173, 35842, 989, 240, 183, false, true
104019012, 222844, 35842, 984, 239, 183, false, true
104036884, 222876, 35842, 981, 238, 183, false, true
104073191, 222939, 35842, 980, 237, 183, false, true
104081004, 222954, 35844, 982, 238, 181, false, true
104959590, 224553, 35844, 981, 237, 181, false, true
105659990, 225897, 35858, 995, 238, 179, false, true
105755938, 226079, 35861, 998, 239, 177, false, true
105835292, 226233, 35888, 1025, 240, 176, false, true
106153028, 226879, 35889, 1026, 241, 174, false, true
106229472, 227047, 35889, 1025, 240, 174, false, true
106850887, 228475, 35890, 1026, 241, 172, false, true
106944697, 228697, 35890, 1025, 240, 172, false, true
107297824, 229528, 35890, 1024, 239, 172, false, true
107763958, 230622, 35892, 1026, 240, 170, false, true
107956688, 231070, 35893, 1027, 241, 167, false, true
107997852, 231168, 35893, 1024, 240, 167, false, true
108001731, 231178, 35905, 1034, 241, 166, false, true
108322200, 231930, 35905, 1033, 240, 166, false, true
108361540, 232020, 35905, 1032, 239, 166, false, true
108496361, 232333, 35905, 1031, 238, 166, false, true
108571678, 232508, 35909, 1035, 239, 164, false, true
109450171, 234569, 35914, 1040, 240, 161, false, true
109714557, 235235, 35915, 1041, 241, 160, false, true
109962584, 235922, 35917, 1043, 242, 157, false, true
110482687, 237327, 35918, 1043, 243, 156, false, true
110498412, 237370, 35918, 1040, 242, 156, false, true
110600875, 237652, 35922, 1044, 243, 155, false, true
110619488, 237705, 35922, 1043, 242, 155, false, true
110740795, 238033, 35924, 1045, 243, 154, false, true
110967172, 238670, 35926, 1046, 244, 153, false, true
111091236, 239025, 35927, 1047, 245, 151, false, true
111267165, 239540, 35931, 1051, 246, 150, false, true
111332879, 239727, 35936, 1056, 247, 149, false, true
111414595, 239966, 35936, 1055, 246, 149, false, true
111445441, 240054, 35937, 1056, 247, 148, false, true
111670699, 240701, 35937, 1053, 246, 148, false, true
111695811, 240774, 35937, 1052, 245, 148, false, true
111989315, 241619, 35937, 1050, 244, 148, false, true
112168083, 242134, 35938, 1051, 245, 147, false, true
112176723, 242158, 35940, 1053, 246, 146, false, true
112212417, 242259, 35942, 1028, 246, 143, false, true
112270826, 242423, 35942, 1022, 245, 143, false, true
112348706, 242645, 35946, 1026, 246, 142, false, true
112567257, 243263, 35983, 1060, 247, 141, false, true
112576831, 243290, 35988, 1065, 248, 139, false, true
112732730, 243731, 35988, 1063, 247, 139, false, true
112789972, 243892, 35989, 1064, 248, 137, false, true
112856859, 244080, 35990, 1065, 249, 136, false, true
112907583, 244225, 35992, 1036, 250, 135, false, true
113005621, 244503, 35992, 1009, 249, 135, false, true
113315806, 245377, 35993, 1009, 249, 134, false, true
113381705, 245559, 35995, 1011, 250, 133, false, true
113447268, 245742, 36004, 1020, 251, 131, false, true
113455118, 245764, 36008, 1024, 252, 130, false, true
113723547, 246525, 36008, 1020, 251, 130, false, true
113735381, 246559, 36012, 1024, 252, 129, false, true
113837283, 246877, 36054, 1066, 253, 128, false, true
113869853, 246983, 36054, 1065, 252, 128, false, true
114306342, 248382, 36054, 1064, 251, 128, false, true
114308686, 248391, 36100, 1099, 252, 127, false, true
114330549, 248462, 36100, 1098, 251, 127, false, true
114602984, 249351, 36100, 1092, 250, 127, false, true
114813965, 250056, 36100, 1091, 249, 127, false, true
114851939, 250183, 36100, 1088, 248, 127, false, true
115002973, 250682, 36114, 1102, 249, 126, false, true
115116157, 251053, 36114, 1097, 249, 126, false, true
115151639, 251172, 36117, 1100, 250, 124, false, true
115665620, 252855, 36117, 1097, 249, 124, false, true
115991626, 253911, 36117, 1083, 248, 124, false, true
116070849, 254165, 36119, 1085, 249, 121, false, true
116261660, 254785, 36119, 1084, 248, 121, false, true
116346362, 255065, 36120, 1078, 248, 119, false, true
116446888, 255393, 36121, 1079, 249, 117, false, true
116540757, 255699, 36121, 1078, 248, 117, false, true
116750001, 256385, 36121, 1074, 246, 117, false, true
117029869, 257280, 36123, 1076, 247, 116, false, true
117245355, 257983, 36123, 1073, 247, 116, false, true
117386627, 258446, 36125, 1051, 247, 113, false, true
117407924, 258517, 36125, 1049, 246, 113, false, true
117451764, 258667, 36125, 1048, 245, 113, false, true
117548910, 258992, 36128, 1046, 246, 110, false, true
117660570, 259355, 36128, 1044, 245, 110, false, true
117714498, 259533, 36128, 1043, 244, 110, false, true
117774141, 259728, 36128, 1021, 243, 110, false, true
118107337, 260797, 36128, 1019, 242, 110, false, true
118186823, 261052, 36128, 1017, 241, 110, false, true
118338268, 261546, 36128, 1013, 240, 110, false, true
118838521, 263183, 36129, 1014, 241, 109, false, true
118955253, 263574, 36129, 1013, 241, 109, false, true
118978871, 263651, 36129, 1012, 241, 109, false, true
118997227, 263711, 36129, 1008, 240, 109, false, true
119226226, 264454, 36130, 1009, 241, 108, false, true
119332549, 264792, 36136, 1013, 242, 106, false, true
119351271, 264852, 36136, 1012, 241, 106, false, true
119452504, 265178, 36136, 1010, 240, 106, false, true
119510540, 265357, 36138, 1012, 241, 105, false, true
119549895, 265479, 36140, 1011, 242, 104, false, true
119778731, 266168, 36142, 1013, 243, 103, false, true
119885316, 266492, 36143, 1014, 244, 102, false, true
120072668, 267050, 36172, 1012, 245, 101, false, true
120354007, 267897, 36172, 1000, 244, 101, false, true
120356351, 267903, 36172, 996, 243, 101, false, true
120479908, 268244, 36176, 1000, 244, 99, false, true
120533406, 268389, 36178, 1002, 245, 98, false, true
120726976, 268914, 36184, 1008, 246, 97, false, true
120904649, 269391, 36188, 1012, 247, 96, false, true
121232559, 270268, 36192, 1016, 248, 95, false, true
121508369, 271017, 36193, 1017, 249, 94, false, true
121664502, 271447, 36193, 1016, 248, 94, false, true
122159139, 272723, 36194, 1017, 249, 92, false, true
122460043, 273447, 36197, 1019, 250, 91, false, true
122891376, 274476, 36198, 1020, 251, 90, false, true
123151196, 275079, 36198, 1016, 250, 90, false, true
123229413, 275268, 36199, 1001, 248, 89, false, true
123338504, 275526, 36199, 998, 247, 89, false, true
123726639, 276454, 36199, 997, 246, 89, false, true
123801113, 276631, 36199, 995, 245, 89, false, true
124478070, 278214, 36199, 993, 244, 89, false, true
124665147, 278663, 36200, 994, 245, 88, false, true
124909788, 279220, 36202, 996, 246, 86, false, true
124936182, 279283, 36202, 994, 245, 86, false, true
125291228, 280142, 36210, 1002, 246, 84, false, true
125554262, 280781, 36240, 1031, 247, 82, false, true
125685301, 281080, 36240, 1030, 246, 82, false, true
125962209, 281754, 36240, 1020, 245, 82, false, true
126373185, 282746, 36240, 1013, 244, 82, false, true
126380682, 282764, 36240, 1008, 243, 82, false, true
126498786, 283046, 36240, 1007, 242, 82, false, true
126533874, 283131, 36243, 1009, 242, 81, false, true
126548244, 283166, 36246, 1012, 243, 80, false, true
127070501, 284417, 36246, 998, 243, 80, false, true
127356352, 285105, 36251, 1003, 244, 79, false, true
127426306, 285271, 36253, 1005, 245, 77, false, true
127930481, 286470, 36253, 1004, 244, 77, false, true
128344069, 287462, 36253, 1002, 243, 77, false, true
128821593, 288548, 36254, 1003, 244, 76, false, true
129290712, 289652, 36256, 1005, 245, 75, false, true
129339569, 289767, 36261, 1010, 246, 74, false, true
129681842, 290594, 36261, 1009, 245, 74, false, true
129696521, 290629, 36261, 1008, 244, 74, false, true
129987646, 291327, 36265, 1012, 245, 73, false, true
130145460, 291706, 36267, 1002, 244, 70, false, true
130958665, 293654, 36270, 1003, 243, 69, false, true
131387102, 294685, 36275, 1008, 244, 67, false, true
131444145, 294826, 36275, 1006, 243, 67, false, true
131617345, 295245, 36276, 1005, 243, 66, false, true
132289298, 296830, 36288, 1017, 244, 65, false, true
132499015, 297343, 36288, 1008, 243, 65, false, true
132604617, 297596, 36288, 1007, 242, 65, false, true
132716808, 297867, 36290, 1009, 243, 64, false, true
132962223, 298451, 36290, 1006, 242, 64, false, true
133547205, 299814, 36290, 1005, 241, 64, false, true
133804120, 300436, 36332, 1025, 242, 63, false, true
133963133, 300820, 36332, 1023, 241, 63, false, true
133978512, 300856, 36333, 1024, 242, 62, false, true
134967322, 303234, 36333, 1021, 241, 62, false, true
135144133, 303663, 36333, 1020, 240, 62, false, true
136531579, 307006, 36334, 1020, 241, 60, false, true
136592553, 307156, 36335, 1021, 242, 59, false, true
137323452, 308974, 36341, 1026, 242, 57, false, true
138047575, 310771, 36341, 1025, 241, 57, false, true
138333625, 311475, 36341, 1024, 240, 57, false, true
138574759, 312075, 36343, 1026, 241, 56, false, true
138576243, 312079, 36343, 1025, 240, 56, false, true
138731430, 312467, 36343, 1024, 239, 56, false, true
139081140, 313344, 36344, 1025, 240, 55, false, true
139524212, 314445, 36344, 1023, 239, 55, false, true
139629395, 314708, 36344, 1022, 238, 55, false, true
139983404, 315599, 36345, 1023, 239, 53, false, true
140079617, 315836, 36345, 1021, 238, 53, false, true
140412169, 316675, 36345, 1019, 237, 53, false, true
140479079, 316843, 36346, 1020, 238, 52, false, true
140995979, 318114, 36346, 1012, 237, 52, false, true
142335982, 321452, 36346, 1011, 236, 52, false, true
142351605, 321493, 36346, 1009, 235, 52, false, true
142840301, 322745, 36347, 1009, 235, 51, false, true
143062028, 323313, 36350, 1012, 236, 50, false, true
143196635, 323665, 36351, 1013, 237, 48, false, true
143457255, 324332, 36351, 1012, 236, 48, false, true
143863117, 325380, 36351, 1011, 235, 48, false, true
143900480, 325474, 36351, 1009, 234, 48, false, true
144075620, 325914, 36351, 1006, 233, 48, false, true
144857190, 327908, 36352, 1007, 234, 47, false, true
144901204, 328019, 36366, 1021, 235, 46, false, true
144908274, 328039, 36366, 1019, 234, 46, false, true
145149384, 328661, 36367, 1020, 235, 45, false, true
145173941, 328723, 36368, 1021, 236, 43, false, true
145209413, 328812, 36370, 1023, 237, 42, false, true
145768099, 330224, 36373, 1026, 238, 41, false, true
145773539, 330236, 36373, 1016, 237, 41, false, true
145934591, 330651, 36374, 1017, 238, 40, false, true
145961119, 330717, 36375, 1018, 239, 39, false, true
146071455, 330992, 36375, 1013, 238, 39, false, true
146391570, 331802, 36376, 1014, 239, 38, false, true
146484927, 332040, 36376, 1012, 238, 38, false, true
146529131, 332150, 36376, 1010, 237, 38, false, true
147335061, 334168, 36376, 1009, 236, 38, false, true
148028893, 335912, 36376, 1007, 235, 38, false, true
148178983, 336286, 36376, 1001, 234, 38, false, true
148753092, 337706, 36376, 990, 233, 38, false, true
149408849, 339367, 36377, 991, 234, 36, false, true
149709484, 340135, 36377, 989, 233, 36, false, true
149715347, 340150, 36378, 990, 234, 35, false, true
150641969, 342531, 36378, 989, 233, 35, false, true
150984900, 343422, 36379, 990, 234, 34, false, true
151037562, 343559, 36379, 989, 233, 34, false, true
151114305, 343758, 36379, 988, 232, 34, false, true
151142020, 343828, 36387, 996, 233, 33, false, true
151313106, 344247, 36387, 994, 232, 33, false, true
151555582, 344866, 36387, 988, 231, 33, false, true
151968269, 345917, 36389, 990, 232, 32, false, true
152055483, 346131, 36389, 988, 231, 32, false, true
152062507, 346148, 36389, 987, 230, 32, false, true
152208236, 346513, 36389, 986, 229, 32, false, true
152388281, 346974, 36393, 990, 230, 31, false, true
152503712, 347265, 36393, 976, 229, 31, false, true
153272262, 349210, 36397, 980, 230, 30, false, true
154227748, 351651, 36397, 978, 229, 30, false, true
154593404, 352575, 36397, 977, 228, 30, false, true
155079419, 353833, 36397, 976, 227, 30, false, true
155305975, 354418, 36398, 977, 228, 27, false, true
155507319, 354936, 36398, 976, 227, 27, false, true
155790946, 355664, 36399, 977, 228, 26, false, true
155809170, 355711, 36401, 979, 229, 25, false, true
155977573, 356146, 36401, 977, 228, 25, false, true
156015777, 356242, 36402, 977, 228, 24, false, true
156044973, 356317, 36402, 973, 227, 24, false, true
156176288, 356651, 36403, 974, 228, 23, false, true
156834922, 358276, 36403, 968, 227, 23, false, true
157674515, 360393, 36404, 969, 228, 22, false, true
158982520, 363711, 36404, 966, 227, 22, false, true
159194487, 364259, 36404, 965, 226, 22, false, true
159310806, 364555, 36408, 969, 227, 21, false, true
159912615, 366069, 36409, 970, 228, 20, false, true
159995434, 366277, 36410, 971, 229, 19, false, true
160573782, 367772, 36410, 970, 228, 19, false, true
160703777, 368109, 36414, 952, 228, 18, false, true
160942026, 368719, 36414, 951, 227, 18, false, true
161058271, 369011, 36418, 955, 228, 17, false, true
161278979, 369568, 36421, 952, 228, 15, false, true
161758859, 370746, 36421, 951, 227, 15, false, true
161838038, 370951, 36421, 950, 226, 15, false, true
162105808, 371636, 36421, 949, 225, 15, false, true
163076419, 374088, 36421, 947, 224, 15, false, true
164023604, 376495, 36421, 942, 223, 15, false, true
164937665, 378792, 36421, 938, 222, 15, false, true
165415313, 380043, 36422, 931, 222, 14, false, true
165454367, 380138, 36422, 930, 221, 14, false, true
166060804, 381709, 36422, 929, 220, 14, false, true
166360856, 382505, 36423, 929, 220, 13, false, true
166585513, 383091, 36425, 931, 221, 12, false, true
166636223, 383227, 36425, 930, 221, 12, false, true
166868040, 383832, 36426, 931, 222, 11, false, true
166876510, 383855, 36426, 930, 221, 11, false, true
167027914, 384244, 36429, 933, 222, 10, false, true
167034284, 384261, 36433, 937, 223, 9, false, true
167153720, 384565, 36434, 937, 224, 8, false, true
167199219, 384677, 36442, 945, 225, 7, false, true
167391119, 385162, 36442, 936, 224, 7, false, true
167694140, 385930, 36442, 933, 223, 7, false, true
168026505, 386745, 36442, 932, 222, 7, false, true
168298512, 387414, 36442, 931, 221, 7, false, true
168558068, 388101, 36444, 933, 222, 6, false, true
168848675, 388827, 36447, 936, 223, 5, false, true
169039828, 389301, 36447, 934, 222, 5, false, true
169409078, 390224, 36448, 935, 223, 4, false, true
170047601, 391794, 36448, 934, 222, 4, false, true
171033403, 394310, 36448, 933, 221, 4, false, true
171413750, 395244, 36449, 934, 222, 3, false, true
171460105, 395365, 36450, 935, 223, 2, false, true
171465738, 395379, 36450, 934, 222, 2, false, true
171739242, 396080, 36450, 930, 221, 2, false, true
171928551, 396568, 36451, 931, 222, 1, false, true
171985102, 396715, 36451, 929, 221, 1, false, true
172383092, 397724, 36451, 927, 220, 1, false, true
172395585, 397756, 36451, 926, 219, 1, false, true
172664790, 398430, 36452, 927, 220, 0, false, true
172782032, 398730, 36452, 926, 219, 0, false, true
