time, #execs, #covered, #singletons, #sglt_clusts, #foundnew, done, update?
15, 1, 10115, 10115, 1, 1, true, true
29, 2, 10457, 3237, 2, 2, true, true
37, 3, 10481, 2867, 3, 3, true, true
45, 4, 10622, 2577, 4, 4, true, true
77, 5, 11617, 2649, 5, 5, true, true
92, 6, 12175, 2297, 6, 6, true, true
106, 7, 12214, 2324, 7, 6, true, true
117, 8, 12224, 2327, 8, 7, true, true
131, 9, 12323, 1765, 8, 8, true, true
143, 10, 12499, 1612, 9, 9, true, true
154, 11, 12604, 1667, 10, 9, true, true
168, 12, 12704, 1717, 11, 10, true, true
197, 14, 12706, 1703, 12, 12, true, true
209, 15, 13125, 2023, 13, 13, true, true
221, 16, 13285, 2107, 14, 14, true, true
237, 17, 13428, 1851, 15, 15, true, true
248, 18, 13464, 1863, 16, 16, true, true
262, 19, 13515, 1533, 17, 16, true, true
274, 20, 13678, 1499, 18, 17, true, true
291, 21, 13687, 1503, 19, 17, true, true
319, 22, 13687, 1492, 19, 19, true, true
337, 23, 13690, 1490, 20, 19, true, true
347, 24, 13865, 1599, 21, 20, true, true
375, 26, 13881, 1599, 22, 22, true, true
416, 27, 14278, 1601, 23, 23, true, true
433, 28, 14302, 1561, 24, 24, true, true
451, 29, 14313, 1572, 25, 24, true, true
469, 30, 14330, 1586, 26, 25, true, true
494, 31, 14331, 1546, 27, 26, true, true
505, 32, 14717, 1920, 28, 27, true, true
531, 33, 14717, 1917, 27, 29, true, true
542, 34, 14832, 1902, 28, 29, true, true
568, 35, 14832, 1896, 28, 30, true, true
580, 36, 15315, 2311, 28, 31, true, true
624, 38, 15316, 2312, 29, 31, true, true
637, 39, 15327, 1987, 30, 31, true, true
647, 40, 15369, 2026, 31, 31, true, true
657, 41, 15428, 2030, 32, 32, true, true
704, 43, 15429, 2026, 32, 34, true, true
720, 44, 16030, 2606, 33, 34, true, true
748, 45, 16031, 2596, 33, 35, true, true
768, 46, 16082, 2642, 34, 36, true, true
783, 47, 16244, 2670, 35, 37, true, true
811, 48, 16245, 2671, 36, 36, true, true
849, 49, 16247, 2672, 37, 37, true, true
883, 50, 16249, 2662, 38, 38, true, true
899, 51, 16251, 2653, 39, 39, true, true
918, 52, 16562, 2865, 39, 38, true, true
962, 53, 16562, 2860, 39, 40, true, true
1006, 54, 16564, 2843, 40, 39, true, true
1045, 55, 16567, 2845, 41, 40, true, true
1082, 56, 16578, 2852, 42, 41, true, true
1142, 57, 16578, 2822, 42, 43, true, true
1169, 58, 16690, 2841, 43, 44, true, true
1191, 59, 16691, 2827, 44, 44, true, true
1208, 60, 16948, 2971, 44, 45, true, true
1224, 61, 17333, 3225, 44, 44, true, true
1246, 62, 17337, 3229, 45, 44, true, true
1259, 63, 17372, 3261, 46, 44, true, true
1271, 64, 17431, 3299, 47, 45, true, true
1316, 65, 17433, 3187, 48, 44, true, true
1333, 66, 17460, 3159, 48, 44, true, true
1352, 67, 17566, 3004, 49, 44, true, true
1452, 69, 17626, 2965, 50, 45, true, true
1540, 71, 17713, 3052, 51, 46, true, true
1555, 72, 17718, 3057, 52, 47, true, true
1579, 73, 17742, 3059, 53, 48, true, true
1770, 77, 17746, 3048, 54, 53, true, true
1874, 79, 17746, 3047, 53, 56, true, true
1950, 80, 17746, 3046, 52, 58, true, true
2011, 81, 17746, 2986, 51, 59, true, true
2043, 82, 17765, 2981, 52, 60, true, true
2068, 83, 17884, 2956, 51, 58, true, true
2109, 84, 17896, 2950, 52, 57, true, true
2133, 85, 17927, 2413, 53, 58, true, true
2152, 86, 17928, 2413, 54, 57, true, true
2174, 87, 18280, 2618, 55, 56, true, true
2262, 89, 18287, 2608, 56, 59, true, true
2290, 90, 18288, 2609, 57, 59, true, true
2322, 91, 18293, 2610, 58, 59, true, true
2374, 92, 18295, 2606, 59, 59, true, true
2407, 93, 18394, 2705, 60, 58, true, true
2475, 94, 18394, 2704, 60, 59, true, true
2596, 96, 18396, 2704, 61, 61, true, true
2623, 97, 18409, 2715, 62, 61, true, true
2662, 98, 18411, 2656, 63, 62, true, true
2691, 99, 18413, 2656, 63, 63, true, true
2728, 100, 18417, 2650, 64, 63, true, true
2786, 101, 18417, 2621, 64, 65, true, true
2826, 102, 18432, 2583, 64, 65, true, true
3011, 105, 18467, 2618, 65, 68, true, true
3030, 106, 18482, 2599, 65, 66, true, true
3048, 107, 18544, 2567, 65, 66, true, true
3149, 109, 18709, 2709, 66, 68, true, true
3177, 110, 18717, 2717, 67, 67, true, true
3237, 111, 18717, 2716, 66, 69, true, true
3346, 113, 18717, 2715, 66, 71, true, true
3406, 114, 18746, 2744, 67, 68, true, true
3425, 115, 18748, 2746, 68, 67, true, true
3553, 117, 18748, 2745, 68, 69, true, true
3590, 118, 18756, 2750, 69, 69, true, true
3609, 119, 18864, 2758, 70, 69, true, true
3685, 120, 18864, 2752, 69, 70, true, true
3765, 121, 18864, 2749, 69, 71, true, true
3802, 122, 18868, 2741, 68, 72, true, true
3926, 124, 18868, 2728, 68, 74, true, true
3995, 125, 18886, 2711, 69, 74, true, true
4065, 126, 18886, 2709, 68, 74, true, true
4082, 127, 19007, 2773, 68, 73, true, true
4152, 128, 19007, 2771, 68, 74, true, true
4253, 130, 19017, 2780, 68, 75, true, true
4354, 131, 19017, 2775, 67, 76, true, true
4374, 132, 19029, 2762, 66, 76, true, true
4396, 133, 19029, 2752, 65, 76, true, true
4485, 134, 19029, 2750, 65, 77, true, true
4560, 136, 19030, 2742, 66, 78, true, true
4585, 137, 19032, 2740, 67, 78, true, true
4686, 139, 19199, 2907, 68, 79, true, true
4815, 142, 19586, 3254, 69, 83, true, true
4855, 143, 19587, 3247, 69, 81, true, true
4896, 144, 19992, 3613, 70, 81, true, true
4954, 145, 19994, 3615, 71, 81, true, true
5027, 146, 19996, 3608, 70, 81, true, true
5166, 148, 19996, 3607, 69, 83, true, true
5198, 149, 20185, 3774, 69, 83, true, true
5275, 150, 20190, 3771, 69, 77, true, true
5325, 151, 20198, 3776, 69, 78, true, true
5455, 153, 20332, 3910, 70, 78, true, true
5541, 154, 20347, 3910, 71, 78, true, true
5675, 156, 20424, 3948, 72, 79, true, true
5707, 157, 20435, 3959, 73, 80, true, true
5726, 158, 20753, 4091, 73, 81, true, true
5752, 159, 20766, 4093, 74, 82, true, true
5818, 160, 20767, 4094, 75, 83, true, true
5836, 161, 20770, 3733, 76, 82, true, true
5959, 163, 20771, 3729, 77, 82, true, true
5976, 164, 20773, 3731, 78, 81, true, true
6019, 165, 20774, 3704, 79, 79, true, true
6038, 166, 20780, 3710, 80, 79, true, true
6102, 167, 20799, 3726, 81, 80, true, true
6156, 168, 20814, 3740, 82, 81, true, true
6176, 169, 21055, 3977, 83, 81, true, true
6198, 170, 21064, 3962, 84, 81, true, true
6277, 171, 21065, 3962, 85, 80, true, true
6718, 175, 21065, 3958, 85, 82, true, true
6763, 176, 21077, 3938, 86, 81, true, true
6837, 177, 21143, 3926, 87, 81, true, true
6923, 178, 21143, 3925, 86, 82, true, true
6953, 179, 21145, 3910, 87, 81, true, true
7133, 182, 21216, 3931, 88, 82, true, true
7229, 184, 21320, 3933, 89, 83, true, true
7418, 187, 21332, 3943, 90, 85, true, true
7539, 188, 21332, 3942, 89, 86, true, true
7621, 189, 21332, 3940, 87, 87, true, true
7707, 190, 21333, 3941, 88, 85, true, true
7877, 192, 21342, 3909, 89, 86, true, true
7896, 193, 21345, 3912, 90, 87, true, true
8088, 196, 21386, 3953, 91, 88, true, true
8111, 197, 21414, 3981, 92, 88, true, true
8123, 198, 21513, 4072, 93, 88, true, true
8259, 200, 21516, 4073, 94, 89, true, true
8297, 201, 21556, 4061, 95, 88, true, true
8327, 202, 21557, 4043, 96, 89, true, true
8346, 203, 21562, 3960, 97, 88, true, true
8547, 205, 21569, 3967, 98, 87, true, true
8761, 207, 21571, 3969, 99, 89, true, true
8937, 209, 21589, 3986, 100, 92, true, true
9066, 210, 21589, 3984, 100, 93, true, true
9270, 213, 21606, 3979, 100, 94, true, true
9396, 215, 21641, 4014, 101, 95, true, true
9450, 216, 21641, 4011, 99, 97, true, true
9609, 218, 21641, 4010, 99, 99, true, true
9966, 222, 21643, 3986, 97, 99, true, true
10004, 223, 21671, 4006, 98, 100, true, true
10028, 224, 21672, 3985, 99, 100, true, true
10290, 227, 21691, 3999, 100, 99, true, true
10844, 232, 21691, 3998, 99, 104, true, true
10949, 233, 21691, 3997, 99, 105, true, true
10975, 234, 21774, 4046, 99, 105, true, true
11020, 235, 21779, 3957, 100, 104, true, true
11127, 236, 21779, 3956, 99, 105, true, true
11336, 239, 21782, 3958, 100, 105, true, true
11607, 242, 21784, 3910, 101, 106, true, true
11654, 243, 21793, 3919, 102, 106, true, true
11686, 244, 22048, 3989, 103, 104, true, true
11927, 247, 22285, 4199, 104, 106, true, true
11946, 248, 22348, 4260, 105, 106, true, true
12216, 250, 22348, 4259, 105, 109, true, true
12435, 252, 22348, 4160, 104, 110, true, true
12539, 253, 22348, 4158, 103, 111, true, true
12713, 254, 22348, 4136, 103, 112, true, true
12778, 255, 22350, 4138, 104, 112, true, true
13040, 258, 22352, 4139, 104, 113, true, true
13310, 260, 22352, 4135, 103, 117, true, true
13546, 262, 22352, 4116, 102, 119, true, true
13610, 263, 22354, 4116, 103, 119, true, true
14021, 268, 22373, 4086, 104, 123, true, true
14151, 269, 22373, 4025, 103, 125, true, true
14350, 272, 22379, 4026, 104, 128, true, true
14491, 274, 22383, 4014, 105, 128, true, true
14542, 275, 22564, 4025, 106, 128, true, true
14728, 277, 22591, 3885, 106, 130, true, true
14959, 279, 22597, 3887, 106, 130, true, true
15081, 281, 22660, 3933, 107, 130, true, true
15117, 282, 22713, 3983, 108, 129, true, true
15201, 283, 22947, 4034, 108, 127, true, true
15382, 285, 22947, 4033, 107, 129, true, true
15556, 287, 23030, 4114, 107, 130, true, true
15666, 288, 23030, 4102, 106, 132, true, true
15729, 289, 23031, 4095, 106, 132, true, true
15941, 291, 23033, 4097, 107, 133, true, true
15996, 292, 23065, 4120, 108, 131, true, true
16312, 293, 23066, 4042, 109, 131, true, true
16605, 296, 23075, 4001, 109, 132, true, true
16626, 297, 23083, 4001, 109, 131, true, true
16987, 300, 23084, 3941, 109, 134, true, true
17080, 301, 23084, 3929, 108, 135, true, true
17171, 302, 23127, 3970, 109, 131, true, true
17433, 304, 23138, 3965, 109, 130, true, true
17669, 307, 23144, 3962, 109, 133, true, true
17699, 308, 23174, 3973, 110, 132, true, true
18167, 312, 23178, 3973, 111, 134, true, true
18192, 313, 23456, 4233, 112, 134, true, true
18323, 314, 23457, 4234, 113, 132, true, true
18448, 315, 23483, 4242, 113, 132, true, true
18534, 316, 23495, 4247, 114, 132, true, true
18571, 317, 23509, 4236, 115, 131, true, true
18703, 318, 23509, 4235, 114, 131, true, true
18780, 319, 23509, 4233, 114, 131, true, true
18862, 320, 23509, 4202, 113, 132, true, true
18901, 321, 23575, 4268, 114, 132, true, true
19316, 325, 23576, 4263, 115, 130, true, true
19352, 326, 23648, 4111, 116, 130, true, true
19873, 331, 23648, 4028, 115, 135, true, true
20038, 333, 23712, 4035, 116, 135, true, true
20153, 334, 23712, 4001, 116, 135, true, true
20233, 335, 23713, 4002, 117, 134, true, true
20354, 336, 23713, 3996, 117, 135, true, true
20437, 337, 23713, 3965, 117, 136, true, true
20630, 339, 23718, 3968, 118, 137, true, true
21419, 345, 23725, 3957, 119, 141, true, true
21837, 348, 23725, 3956, 119, 144, true, true
22077, 350, 23728, 3885, 119, 146, true, true
22348, 352, 23728, 3874, 119, 149, true, true
22376, 353, 23744, 3887, 120, 148, true, true
22773, 356, 23744, 3882, 119, 149, true, true
22798, 357, 23794, 3914, 119, 149, true, true
23389, 363, 23795, 3915, 120, 154, true, true
23433, 364, 23795, 3914, 119, 155, true, true
23544, 365, 23796, 3915, 120, 155, true, true
23772, 367, 23796, 3914, 120, 157, true, true
24187, 370, 23797, 3915, 121, 157, true, true
24223, 371, 23801, 3919, 122, 157, true, true
24390, 372, 23801, 3917, 122, 158, true, true
24427, 373, 23880, 3929, 122, 158, true, true
24670, 375, 23932, 3960, 123, 158, true, true
24827, 377, 23937, 3926, 124, 158, true, true
24942, 378, 23937, 3924, 124, 159, true, true
24969, 379, 23944, 3890, 125, 159, true, true
25236, 381, 23944, 3889, 124, 161, true, true
25527, 383, 23948, 3891, 124, 160, true, true
25565, 384, 23979, 3893, 125, 159, true, true
25716, 385, 23979, 3892, 124, 161, true, true
25743, 386, 24050, 3901, 125, 159, true, true
25911, 388, 24051, 3890, 126, 160, true, true
25966, 389, 24054, 3887, 127, 159, true, true
26563, 394, 24060, 3890, 128, 161, true, true
26612, 395, 24114, 3944, 129, 161, true, true
27084, 399, 24245, 4069, 129, 165, true, true
27215, 400, 24245, 4064, 129, 167, true, true
27243, 401, 24344, 4161, 130, 166, true, true
27446, 403, 24347, 4161, 130, 166, true, true
27503, 404, 24350, 4162, 131, 164, true, true
28556, 412, 24356, 4168, 132, 170, true, true
28777, 414, 24362, 4165, 133, 169, true, true
28805, 415, 24388, 4184, 134, 168, true, true
28906, 416, 24390, 4184, 135, 168, true, true
28961, 417, 24394, 4188, 136, 167, true, true
29058, 418, 24395, 4109, 137, 167, true, true
29349, 420, 24396, 4110, 138, 167, true, true
29897, 424, 24396, 4107, 137, 168, true, true
30120, 426, 24397, 4108, 138, 168, true, true
30156, 427, 24406, 3915, 139, 168, true, true
30355, 429, 24409, 3918, 140, 168, true, true
30530, 431, 24424, 3360, 140, 170, true, true
30566, 432, 24426, 3356, 141, 170, true, true
30876, 434, 24426, 3355, 140, 172, true, true
31034, 435, 24426, 3354, 139, 173, true, true
31087, 436, 24482, 3345, 139, 172, true, true
31144, 437, 24484, 3341, 140, 173, true, true
31342, 438, 24484, 3339, 139, 174, true, true
31752, 440, 24484, 3305, 139, 176, true, true
32625, 445, 24510, 3315, 140, 182, true, true
32683, 446, 24582, 3383, 140, 182, true, true
33069, 448, 24589, 3389, 141, 182, true, true
33099, 449, 24651, 3451, 142, 181, true, true
34083, 455, 24653, 3453, 143, 186, true, true
34289, 457, 24729, 3169, 144, 186, true, true
34433, 458, 24729, 3166, 143, 186, true, true
34589, 459, 24807, 3237, 144, 184, true, true
35053, 462, 24815, 3215, 145, 183, true, true
36175, 468, 24818, 3216, 146, 183, true, true
36404, 470, 25007, 3307, 147, 181, true, true
36632, 472, 25009, 3277, 148, 181, true, true
37975, 475, 25065, 3166, 148, 180, true, true
38594, 479, 25071, 3166, 148, 181, true, true
38868, 481, 25077, 3163, 148, 180, true, true
39336, 485, 25261, 3326, 147, 181, true, true
40227, 490, 25306, 3269, 148, 180, true, true
40789, 493, 25320, 3274, 149, 180, true, true
40864, 494, 25329, 3096, 150, 179, true, true
41204, 496, 25358, 3124, 151, 179, true, true
41248, 497, 25373, 3138, 152, 176, true, true
41560, 499, 25373, 3134, 152, 178, true, true
41702, 500, 25380, 3141, 153, 175, true, true
42055, 502, 25380, 3140, 153, 175, true, true
42852, 507, 25381, 3124, 154, 175, true, true
43266, 510, 25388, 3131, 155, 177, true, true
44039, 514, 25388, 3128, 155, 179, true, true
44607, 517, 25388, 3125, 155, 179, true, true
44794, 519, 25403, 3107, 156, 179, true, true
45006, 520, 25458, 3161, 157, 178, true, true
45508, 523, 25475, 3178, 158, 178, true, true
45603, 524, 25481, 3142, 159, 177, true, true
45768, 525, 25481, 3138, 158, 177, true, true
46304, 528, 25497, 3150, 159, 178, true, true
46571, 529, 25497, 3148, 159, 178, true, true
46838, 530, 25497, 3137, 159, 178, true, true
47435, 533, 25497, 3124, 158, 180, true, true
48008, 536, 25497, 3109, 157, 183, true, true
48178, 537, 25499, 3109, 158, 182, true, true
48412, 539, 25501, 3104, 159, 182, true, true
48553, 540, 25502, 3105, 160, 182, true, true
49209, 544, 25502, 3104, 160, 184, true, true
49911, 547, 25504, 3106, 161, 182, true, true
50227, 549, 25504, 3103, 161, 182, true, true
50658, 551, 25505, 2962, 161, 181, true, true
50802, 552, 25506, 2957, 162, 180, true, true
51082, 554, 25507, 2948, 163, 179, true, true
51768, 558, 25508, 2947, 163, 180, true, true
52709, 562, 25508, 2944, 163, 182, true, true
53141, 564, 25509, 2936, 163, 182, true, true
53635, 567, 25510, 2937, 164, 182, true, true
54261, 570, 25511, 2935, 165, 182, true, true
54430, 571, 25511, 2933, 164, 182, true, true
54521, 572, 25511, 2929, 163, 182, true, true
54644, 573, 25512, 2930, 164, 183, true, true
54675, 574, 25557, 2975, 165, 182, true, true
54711, 575, 25558, 2961, 166, 180, true, true
54875, 576, 25559, 2958, 166, 177, true, true
54907, 577, 25560, 2937, 167, 175, true, true
55042, 578, 25561, 2938, 168, 173, true, true
55190, 579, 25561, 2872, 168, 173, true, true
55513, 581, 25584, 2893, 169, 173, true, true
55675, 582, 25588, 2897, 170, 169, true, true
56149, 585, 25597, 2882, 171, 172, true, true
56516, 587, 25781, 3030, 172, 172, true, true
56997, 589, 25781, 3028, 171, 172, true, true
57453, 591, 25788, 3034, 172, 168, true, true
58047, 593, 25788, 3029, 172, 169, true, true
58367, 595, 25789, 3030, 173, 170, true, true
59115, 596, 25818, 3047, 174, 168, true, true
59944, 599, 25877, 3091, 174, 167, true, true
59995, 600, 25878, 3066, 175, 165, true, true
60316, 602, 25921, 3108, 176, 164, true, true
61443, 606, 25921, 3107, 175, 164, true, true
61916, 608, 26080, 3219, 176, 160, true, true
62215, 610, 26086, 3223, 177, 160, true, true
62448, 611, 26086, 3219, 177, 160, true, true
62614, 612, 26086, 3216, 177, 161, true, true
62947, 613, 26086, 3215, 177, 161, true, true
63857, 617, 26140, 3268, 177, 158, true, true
65279, 623, 26207, 3331, 178, 159, true, true
66093, 626, 26209, 3330, 179, 158, true, true
66399, 627, 26211, 3332, 180, 158, true, true
66887, 629, 26235, 3261, 181, 159, true, true
68571, 632, 26241, 3184, 181, 160, true, true
68634, 633, 26241, 3183, 181, 160, true, true
68913, 634, 26285, 3227, 182, 159, true, true
70364, 639, 26353, 3193, 183, 160, true, true
71181, 642, 26353, 3191, 182, 161, true, true
71808, 645, 26364, 3199, 183, 162, true, true
72554, 648, 26364, 3194, 183, 164, true, true
72639, 649, 26365, 3195, 184, 164, true, true
73478, 651, 26501, 3314, 185, 165, true, true
73852, 653, 26504, 3316, 185, 161, true, true
74282, 655, 26516, 3327, 186, 162, true, true
74643, 657, 26518, 3327, 186, 161, true, true
75089, 659, 26519, 3328, 187, 160, true, true
75845, 662, 26519, 3327, 187, 161, true, true
76604, 665, 26521, 3329, 188, 161, true, true
76719, 666, 26522, 3327, 188, 160, true, true
78147, 671, 26522, 3321, 187, 161, true, true
78456, 673, 26524, 3319, 188, 161, true, true
79573, 678, 26524, 3302, 185, 164, true, true
80063, 680, 26524, 3301, 185, 165, true, true
80246, 681, 26524, 3273, 185, 165, true, true
80873, 684, 27683, 4401, 186, 161, true, true
81251, 685, 27683, 4369, 186, 161, true, true
82990, 691, 27685, 4371, 187, 162, true, true
83423, 693, 27688, 4374, 188, 157, true, true
83566, 694, 27691, 4376, 189, 155, true, true
84297, 697, 27870, 4481, 190, 155, true, true
84497, 698, 27876, 4483, 190, 156, true, true
85089, 701, 27879, 4452, 191, 153, true, true
85378, 702, 27885, 4449, 192, 152, true, true
85772, 703, 27885, 4447, 191, 153, true, true
87142, 707, 27885, 4446, 190, 154, true, true
87186, 708, 27894, 4453, 191, 151, true, true
88436, 713, 27896, 4454, 192, 152, true, true
88905, 715, 27898, 4455, 192, 152, true, true
89217, 716, 27898, 4454, 192, 152, true, true
90297, 720, 27905, 4461, 193, 154, true, true
90350, 721, 27906, 4462, 194, 150, true, true
91392, 725, 27906, 4455, 194, 153, true, true
91507, 726, 27907, 4456, 195, 152, true, true
91876, 727, 27907, 4452, 194, 152, true, true
92063, 728, 27908, 4388, 195, 151, true, true
92688, 730, 27981, 4382, 196, 150, true, true
93280, 732, 27981, 4380, 195, 151, true, true
93358, 733, 27982, 4381, 196, 150, true, true
94324, 736, 27983, 4380, 196, 149, true, true
94646, 737, 27983, 4379, 195, 150, true, true
94796, 738, 28009, 4405, 196, 149, true, true
94918, 739, 28181, 4575, 197, 145, true, true
95622, 742, 28182, 4574, 197, 144, true, true
95807, 743, 28209, 4589, 198, 143, true, true
96242, 745, 28289, 4618, 198, 142, true, true
96581, 747, 28293, 4622, 199, 141, true, true
97945, 751, 28293, 4620, 199, 141, true, true
98610, 753, 28293, 4618, 199, 142, true, true
98796, 754, 28296, 4616, 200, 140, true, true
99164, 756, 28311, 4628, 201, 139, true, true
99620, 758, 28311, 4627, 200, 140, true, true
99950, 759, 28338, 4643, 201, 140, true, true
100333, 760, 28343, 4641, 202, 137, true, true
101324, 763, 28343, 4640, 202, 138, true, true
101725, 765, 28345, 4642, 203, 138, true, true
102426, 767, 28345, 4641, 202, 138, true, true
102899, 769, 28379, 4674, 203, 137, true, true
103110, 770, 28379, 4672, 202, 137, true, true
104116, 773, 28379, 4663, 201, 137, true, true
104356, 774, 28379, 4660, 200, 138, true, true
105537, 777, 28379, 4648, 199, 138, true, true
106051, 779, 28381, 4650, 200, 137, true, true
107786, 784, 28487, 4712, 201, 137, true, true
108383, 786, 28488, 4712, 201, 136, true, true
109545, 790, 28632, 4842, 201, 135, true, true
110005, 792, 28634, 4844, 202, 134, true, true
110376, 794, 28647, 4696, 203, 133, true, true
110541, 795, 28664, 4711, 203, 133, true, true
111354, 798, 28664, 4708, 203, 135, true, true
111459, 799, 28667, 4595, 204, 134, true, true
111819, 800, 28667, 4593, 204, 135, true, true
112039, 801, 28682, 4601, 205, 134, true, true
113519, 805, 28683, 4602, 206, 132, true, true
114014, 807, 28683, 4600, 205, 132, true, true
114691, 809, 28687, 4604, 206, 132, true, true
114862, 810, 28691, 4606, 206, 131, true, true
115146, 811, 28692, 4587, 206, 130, true, true
115576, 813, 28711, 4513, 207, 130, true, true
115620, 814, 28713, 4506, 208, 128, true, true
117209, 818, 28713, 4505, 207, 129, true, true
117819, 820, 28714, 4500, 207, 128, true, true
118585, 823, 28717, 4497, 206, 127, true, true
120202, 827, 28717, 4493, 205, 128, true, true
121261, 830, 28718, 4492, 206, 130, true, true
121433, 831, 28722, 4496, 207, 130, true, true
123339, 836, 28750, 4510, 208, 131, true, true
124089, 838, 28750, 4505, 208, 132, true, true
126372, 844, 28750, 4504, 208, 134, true, true
126702, 845, 28750, 4503, 207, 134, true, true
128003, 849, 28752, 4494, 207, 130, true, true
128842, 852, 28779, 4517, 208, 130, true, true
129523, 854, 28779, 4515, 208, 131, true, true
129659, 855, 28796, 4493, 209, 131, true, true
131303, 859, 28796, 4487, 208, 133, true, true
131347, 860, 28801, 4484, 209, 132, true, true
132280, 863, 28847, 4529, 210, 131, true, true
133423, 866, 28851, 4527, 210, 133, true, true
133675, 867, 28851, 4526, 209, 133, true, true
134590, 869, 28851, 4525, 209, 133, true, true
135622, 872, 28861, 4518, 210, 132, true, true
135829, 873, 28864, 4521, 211, 131, true, true
136213, 874, 28864, 4520, 211, 131, true, true
136570, 875, 28864, 4519, 210, 132, true, true
137180, 877, 28869, 4514, 211, 131, true, true
137438, 878, 28872, 4516, 212, 130, true, true
138420, 881, 28872, 4515, 212, 131, true, true
138690, 882, 28874, 4514, 213, 131, true, true
139031, 883, 28917, 4555, 214, 131, true, true
139561, 885, 28939, 4577, 215, 131, true, true
139782, 886, 28950, 4588, 216, 130, true, true
140393, 888, 28951, 4589, 217, 128, true, true
140540, 889, 28951, 4581, 216, 128, true, true
141374, 891, 28951, 4580, 216, 129, true, true
142013, 893, 28969, 4579, 217, 129, true, true
142497, 894, 28969, 4576, 216, 129, true, true
144057, 899, 28970, 4573, 217, 128, true, true
144556, 901, 28972, 4574, 217, 126, true, true
145660, 904, 28976, 4577, 217, 126, true, true
146875, 907, 28990, 4586, 217, 124, true, true
147538, 909, 28991, 4421, 218, 122, true, true
147801, 910, 28991, 4417, 217, 122, true, true
147872, 911, 28993, 4415, 218, 118, true, true
151692, 920, 28993, 4412, 217, 120, true, true
152073, 921, 28993, 4411, 217, 121, true, true
152138, 922, 29011, 4422, 217, 119, true, true
152909, 924, 29011, 4412, 216, 119, true, true
157540, 934, 29011, 4408, 215, 122, true, true
160249, 940, 29011, 4407, 214, 125, true, true
162806, 946, 29011, 4400, 213, 126, true, true
163299, 948, 29021, 4406, 214, 124, true, true
166415, 956, 29022, 4407, 215, 122, true, true
166918, 957, 29024, 4409, 216, 122, true, true
167529, 959, 29024, 4395, 215, 122, true, true
169193, 963, 29026, 4388, 215, 121, true, true
169725, 964, 29026, 4387, 215, 121, true, true
171583, 968, 29026, 4362, 215, 121, true, true
172229, 970, 29027, 4363, 216, 120, true, true
175203, 977, 29027, 4361, 215, 122, true, true
178881, 986, 29027, 4311, 215, 123, true, true
182879, 996, 29028, 4312, 216, 123, true, true
187118, 1006, 29028, 4308, 215, 127, true, true
188564, 1009, 29028, 4307, 214, 127, true, true
189026, 1010, 29028, 4306, 213, 128, true, true
189878, 1012, 29028, 4304, 212, 128, true, true
192554, 1018, 29028, 4295, 211, 130, true, true
193760, 1021, 29029, 4296, 212, 128, true, true
194661, 1024, 29034, 4301, 213, 127, true, true
196422, 1028, 29034, 4139, 212, 127, true, true
198657, 1033, 29034, 4121, 211, 129, true, true
200474, 1038, 29037, 4120, 212, 128, true, true
201537, 1041, 29039, 4122, 213, 126, true, true
202268, 1043, 29039, 4121, 213, 127, true, true
202955, 1044, 29040, 4122, 214, 127, true, true
203039, 1045, 29122, 4106, 214, 124, true, true
203549, 1046, 29122, 4076, 213, 124, true, true
206517, 1053, 29124, 4078, 214, 122, true, true
207065, 1055, 29125, 4079, 215, 121, true, true
210242, 1063, 29129, 3997, 216, 120, true, true
211112, 1065, 29138, 4003, 217, 119, true, true
212618, 1069, 29139, 4004, 218, 119, true, true
213495, 1071, 29140, 4005, 219, 118, true, true
213988, 1072, 29140, 3998, 218, 119, true, true
214983, 1075, 29140, 3997, 217, 120, true, true
215108, 1076, 29563, 3297, 218, 117, true, true
215717, 1077, 29563, 3289, 217, 117, true, true
216212, 1079, 29572, 3295, 218, 118, true, true
217598, 1083, 29573, 3295, 219, 119, true, true
218082, 1085, 29574, 3296, 220, 118, true, true
224897, 1101, 29574, 3270, 220, 122, true, true
225975, 1103, 29574, 3257, 220, 122, true, true
229357, 1112, 29574, 3256, 219, 123, true, true
231106, 1116, 29574, 3231, 218, 124, true, true
231153, 1117, 29577, 3234, 219, 124, true, true
231523, 1118, 29577, 3233, 218, 124, true, true
232526, 1120, 29577, 3231, 217, 125, true, true
232645, 1121, 29580, 3224, 217, 123, true, true
234852, 1126, 29586, 3205, 218, 122, true, true
237651, 1132, 29587, 3203, 218, 119, true, true
238710, 1134, 29587, 3188, 217, 119, true, true
238988, 1135, 29587, 3186, 216, 119, true, true
242015, 1141, 29587, 3185, 215, 120, true, true
243783, 1146, 29588, 3186, 216, 119, true, true
246622, 1153, 29588, 3114, 215, 121, true, true
251491, 1165, 29588, 3096, 214, 129, true, true
251915, 1166, 29613, 3102, 214, 129, true, true
252313, 1167, 29613, 3101, 213, 129, true, true
253325, 1170, 29613, 3100, 213, 130, true, true
254743, 1174, 29613, 3088, 213, 131, true, true
259932, 1186, 29615, 3089, 213, 132, true, true
260079, 1187, 29615, 3088, 213, 132, true, true
260542, 1188, 29615, 3087, 213, 133, true, true
262577, 1193, 29615, 3085, 212, 133, true, true
264288, 1196, 29615, 3059, 211, 134, true, true
271523, 1212, 29615, 3058, 210, 139, true, true
272620, 1215, 29617, 3059, 211, 138, true, true
272703, 1216, 29633, 3063, 211, 138, true, true
274252, 1219, 29648, 3064, 211, 137, true, true
275112, 1221, 29648, 3044, 210, 137, true, true
276033, 1223, 29648, 3042, 209, 138, true, true
276338, 1224, 29649, 3020, 210, 135, true, true
279735, 1232, 29649, 2962, 210, 137, true, true
282610, 1240, 29650, 2961, 211, 137, true, true
283805, 1244, 29651, 2962, 212, 137, true, true
285103, 1247, 29651, 2960, 211, 138, true, true
287808, 1253, 29651, 2958, 210, 138, true, true
288933, 1256, 29655, 2948, 210, 136, true, true
289285, 1257, 29655, 2947, 210, 137, true, true
289771, 1258, 29655, 2944, 209, 137, true, true
291089, 1262, 29707, 2992, 210, 137, true, true
291603, 1264, 29708, 2991, 210, 135, true, true
294141, 1270, 29708, 2982, 210, 136, true, true
296822, 1277, 29742, 2987, 211, 136, true, true
297509, 1279, 29743, 2965, 212, 135, true, true
300882, 1287, 29750, 2950, 212, 136, true, true
301955, 1290, 29752, 2952, 213, 136, true, true
302192, 1291, 29753, 2953, 214, 136, true, true
302647, 1292, 29753, 2920, 213, 136, true, true
304083, 1296, 29756, 2921, 213, 135, true, true
304646, 1298, 29761, 2926, 214, 135, true, true
305375, 1300, 29779, 2944, 215, 134, true, true
305540, 1301, 29782, 2947, 216, 130, true, true
306656, 1303, 29782, 2944, 215, 130, true, true
307599, 1305, 29782, 2942, 214, 130, true, true
308390, 1307, 29783, 2941, 214, 130, true, true
308529, 1308, 29784, 2942, 215, 130, true, true
310993, 1314, 29784, 2888, 214, 132, true, true
312669, 1318, 29784, 2825, 213, 133, true, true
313078, 1319, 29784, 2821, 212, 133, true, true
313986, 1322, 29784, 2820, 211, 134, true, true
314303, 1323, 29784, 2819, 210, 134, true, true
315280, 1325, 29784, 2818, 209, 135, true, true
316275, 1328, 29785, 2805, 210, 133, true, true
318671, 1334, 29785, 2802, 209, 135, true, true
319039, 1335, 29785, 2800, 208, 135, true, true
319781, 1337, 29785, 2799, 207, 136, true, true
322154, 1342, 29785, 2796, 207, 138, true, true
322252, 1343, 29785, 2794, 206, 138, true, true
323976, 1348, 29786, 2792, 207, 138, true, true
324974, 1350, 29786, 2791, 206, 139, true, true
326709, 1355, 29787, 2758, 206, 140, true, true
326782, 1356, 29788, 2759, 207, 138, true, true
327703, 1358, 29788, 2757, 206, 138, true, true
330615, 1364, 29788, 2752, 206, 139, true, true
331157, 1365, 29788, 2680, 205, 140, true, true
332508, 1368, 29788, 2667, 204, 140, true, true
336000, 1376, 29991, 2832, 202, 141, true, true
338278, 1381, 29995, 2819, 203, 141, true, true
339931, 1384, 29996, 2800, 204, 139, true, true
342376, 1389, 29996, 2784, 203, 140, true, true
343035, 1391, 29996, 2783, 202, 141, true, true
344883, 1395, 30011, 2793, 203, 137, true, true
345041, 1396, 30013, 2795, 204, 135, true, true
345590, 1397, 30013, 2794, 203, 135, true, true
346041, 1398, 30013, 2792, 203, 135, true, true
348857, 1404, 30013, 2681, 202, 136, true, true
349909, 1406, 30013, 2680, 201, 136, true, true
355208, 1417, 30013, 2678, 201, 140, true, true
356141, 1419, 30013, 2676, 200, 140, true, true
358897, 1426, 30038, 2700, 200, 140, true, true
360266, 1429, 30038, 2696, 199, 141, true, true
361675, 1433, 30044, 2702, 200, 140, true, true
363833, 1438, 30044, 2700, 199, 140, true, true
364108, 1439, 30044, 2624, 199, 141, true, true
365794, 1443, 30049, 2610, 199, 140, true, true
366668, 1445, 30051, 2612, 200, 139, true, true
367420, 1447, 30057, 2606, 201, 137, true, true
371734, 1456, 30057, 2605, 200, 140, true, true
374085, 1462, 30059, 2605, 201, 141, true, true
379859, 1474, 30061, 2606, 202, 142, true, true
384305, 1483, 30061, 2605, 201, 145, true, true
385297, 1486, 30062, 2606, 202, 144, true, true
386216, 1488, 30062, 2605, 201, 144, true, true
388252, 1493, 30062, 2604, 200, 145, true, true
394135, 1506, 30062, 2601, 199, 148, true, true
394813, 1507, 30062, 2600, 198, 148, true, true
396053, 1510, 30063, 2598, 198, 148, true, true
397326, 1513, 30065, 2600, 199, 148, true, true
399064, 1515, 30065, 2576, 198, 149, true, true
400307, 1518, 30065, 2540, 196, 149, true, true
400785, 1519, 30065, 2361, 195, 149, true, true
401390, 1521, 30066, 2362, 196, 148, true, true
404507, 1527, 30066, 2327, 195, 149, true, true
405610, 1529, 30066, 2321, 194, 150, true, true
406096, 1530, 30066, 2319, 193, 150, true, true
408251, 1534, 30066, 2318, 192, 150, true, true
409210, 1536, 30066, 2315, 191, 150, true, true
411910, 1542, 30066, 2249, 190, 150, true, true
413678, 1546, 30066, 2247, 189, 151, true, true
414370, 1548, 30070, 2250, 189, 147, true, true
416594, 1551, 30070, 2245, 188, 147, true, true
417492, 1553, 30070, 2232, 187, 147, true, true
419467, 1557, 30070, 2196, 186, 147, true, true
419818, 1558, 30070, 2194, 185, 147, true, true
420947, 1560, 30070, 2193, 184, 147, true, true
422808, 1564, 30070, 2191, 183, 148, true, true
423686, 1566, 30071, 2192, 184, 147, true, true
424643, 1568, 30071, 2191, 183, 148, true, true
425928, 1570, 30071, 2141, 182, 148, true, true
427810, 1574, 30071, 2129, 181, 148, true, true
435145, 1590, 30085, 2140, 180, 152, true, true
435963, 1592, 30085, 2139, 179, 152, true, true
436506, 1594, 30085, 2127, 179, 153, true, true
438607, 1599, 30086, 2128, 180, 153, true, true
440549, 1603, 30086, 2089, 179, 154, true, true
445351, 1613, 30086, 2088, 178, 157, true, true
446385, 1616, 30112, 2114, 179, 157, true, true
448977, 1621, 30112, 2108, 178, 158, true, true
450764, 1625, 30113, 2079, 177, 155, true, true
451698, 1627, 30113, 2078, 176, 156, true, true
452309, 1628, 30113, 2077, 175, 156, true, true
454341, 1632, 30113, 2074, 175, 156, true, true
457975, 1640, 30118, 2079, 176, 157, true, true
460795, 1647, 30122, 2083, 177, 155, true, true
461643, 1649, 30122, 2023, 176, 155, true, true
464461, 1655, 30123, 2024, 177, 155, true, true
465674, 1658, 30123, 2019, 176, 155, true, true
466438, 1660, 30126, 2022, 177, 153, true, true
466490, 1661, 30130, 2021, 178, 152, true, true
466840, 1662, 30132, 2023, 179, 150, true, true
467744, 1664, 30132, 1963, 178, 151, true, true
470616, 1670, 30132, 1961, 177, 155, true, true
471578, 1672, 30147, 1976, 178, 155, true, true
472048, 1673, 30147, 1960, 178, 155, true, true
472812, 1675, 30155, 1968, 179, 152, true, true
474182, 1678, 30172, 1960, 180, 151, true, true
477248, 1685, 30174, 1960, 181, 151, true, true
478714, 1688, 30174, 1926, 180, 151, true, true
480568, 1692, 30176, 1895, 181, 150, true, true
485451, 1702, 30176, 1894, 180, 151, true, true
485999, 1703, 30176, 1880, 179, 151, true, true
488223, 1708, 30177, 1881, 180, 150, true, true
488260, 1709, 30392, 2060, 181, 150, true, true
489272, 1711, 30392, 2058, 180, 151, true, true
489840, 1713, 30396, 2051, 181, 150, true, true
490284, 1714, 30396, 2034, 180, 150, true, true
496737, 1728, 30397, 2033, 180, 151, true, true
497144, 1730, 30398, 2034, 181, 150, true, true
498225, 1732, 30398, 2029, 180, 151, true, true
507797, 1750, 30398, 2028, 179, 154, true, true
512614, 1761, 30403, 2030, 179, 153, true, true
513203, 1763, 30405, 2031, 179, 152, true, true
514923, 1767, 30405, 2030, 178, 152, true, true
515458, 1768, 30405, 2029, 177, 152, true, true
518606, 1774, 30405, 2027, 177, 154, true, true
520254, 1777, 30405, 2024, 176, 156, true, true
522544, 1782, 30405, 1978, 175, 156, true, true
522967, 1783, 30405, 1977, 175, 156, true, true
523439, 1784, 30405, 1975, 174, 156, true, true
524055, 1785, 30405, 1973, 173, 156, true, true
527674, 1792, 30405, 1970, 172, 159, true, true
529972, 1796, 30405, 1969, 171, 159, true, true
531826, 1800, 30415, 1978, 172, 158, true, true
532421, 1801, 30415, 1976, 171, 158, true, true
533189, 1802, 30415, 1933, 170, 158, true, true
534073, 1804, 30415, 1914, 170, 158, true, true
534612, 1805, 30415, 1903, 169, 158, true, true
535869, 1808, 30415, 1902, 168, 158, true, true
537019, 1810, 30415, 1901, 168, 158, true, true
537880, 1812, 30415, 1883, 167, 158, true, true
542637, 1822, 30415, 1878, 167, 160, true, true
543235, 1823, 30415, 1875, 167, 160, true, true
544853, 1826, 30415, 1874, 166, 160, true, true
546066, 1828, 30415, 1873, 165, 160, true, true
546650, 1830, 30417, 1871, 165, 159, true, true
548170, 1833, 30419, 1871, 166, 158, true, true
552154, 1841, 30419, 1870, 165, 160, true, true
553088, 1843, 30479, 1928, 166, 158, true, true
562038, 1862, 30626, 2011, 166, 158, true, true
562595, 1864, 30628, 2013, 167, 157, true, true
564455, 1867, 30628, 2003, 166, 157, true, true
566956, 1872, 30628, 2000, 165, 158, true, true
568336, 1875, 30632, 2004, 166, 157, true, true
572165, 1882, 30632, 1997, 165, 157, true, true
584672, 1906, 30633, 1997, 166, 159, true, true
588375, 1914, 30634, 1998, 167, 158, true, true
591861, 1921, 30634, 1997, 167, 158, true, true
605015, 1947, 30652, 2013, 168, 161, true, true
607344, 1952, 30652, 2012, 167, 162, true, true
613110, 1964, 30652, 2006, 166, 163, true, true
622371, 1982, 30654, 2004, 166, 163, true, true
628757, 1995, 30656, 2005, 166, 164, true, true
628813, 1996, 30657, 2001, 166, 163, true, true
631494, 2002, 30657, 2000, 165, 164, true, true
634368, 2008, 30671, 2011, 166, 162, true, true
640167, 2019, 30671, 2010, 165, 164, true, true
640786, 2020, 30671, 2008, 164, 164, true, true
641956, 2022, 30671, 2007, 164, 164, true, true
642947, 2025, 30672, 2008, 165, 161, true, true
645462, 2030, 30672, 2006, 164, 162, true, true
648257, 2036, 30781, 1749, 165, 161, true, true
652047, 2043, 30781, 1748, 164, 162, true, true
653059, 2045, 30781, 1747, 163, 162, true, true
661667, 2062, 30782, 1748, 164, 161, true, true
672791, 2085, 30785, 1750, 164, 162, true, true
673970, 2088, 30791, 1755, 165, 163, true, true
684857, 2111, 30791, 1753, 164, 165, true, true
697310, 2134, 30791, 1751, 163, 168, true, true
698538, 2137, 30794, 1753, 164, 167, true, true
702280, 2146, 30795, 1754, 165, 166, true, true
710905, 2164, 30795, 1751, 165, 170, true, true
711167, 2165, 30796, 1751, 165, 169, true, true
711458, 2166, 30801, 1756, 166, 169, true, true
715391, 2174, 30805, 1752, 167, 168, true, true
715844, 2175, 30805, 1748, 166, 168, true, true
725894, 2196, 30813, 1743, 167, 167, true, true
734472, 2213, 30813, 1735, 166, 169, true, true
736118, 2217, 30814, 1736, 167, 168, true, true
743218, 2232, 30815, 1737, 168, 166, true, true
743358, 2233, 30835, 1757, 169, 167, true, true
746002, 2239, 30875, 1793, 170, 165, true, true
746851, 2241, 30876, 1794, 171, 161, true, true
749882, 2247, 30876, 1793, 170, 161, true, true
751775, 2251, 30876, 1792, 169, 161, true, true
763969, 2277, 30879, 1795, 170, 162, true, true
772639, 2296, 30879, 1794, 170, 164, true, true
773782, 2298, 30879, 1793, 169, 164, true, true
776658, 2303, 30879, 1792, 168, 165, true, true
781858, 2313, 30879, 1791, 168, 165, true, true
782234, 2314, 30879, 1788, 167, 165, true, true
782711, 2315, 30879, 1786, 166, 165, true, true
782776, 2316, 30880, 1787, 167, 164, true, true
783453, 2317, 30880, 1772, 166, 164, true, true
783677, 2318, 30881, 1773, 167, 163, true, true
783919, 2319, 30882, 1774, 168, 162, true, true
785652, 2323, 30882, 1768, 167, 163, true, true
788445, 2328, 30883, 1754, 167, 161, true, true
790143, 2332, 30884, 1755, 168, 159, true, true
792409, 2337, 30887, 1758, 169, 157, true, true
796088, 2345, 30888, 1734, 169, 157, true, true
799655, 2352, 30889, 1732, 170, 158, true, true
804115, 2361, 30889, 1730, 169, 159, true, true
806941, 2366, 30889, 1724, 168, 159, true, true
808259, 2369, 30891, 1726, 169, 158, true, true
810927, 2375, 30895, 1730, 170, 158, true, true
818161, 2390, 30897, 1732, 171, 160, true, true
819629, 2393, 30897, 1730, 170, 160, true, true
825950, 2405, 30897, 1728, 170, 161, true, true
827314, 2408, 30897, 1727, 169, 161, true, true
828383, 2411, 30904, 1734, 170, 158, true, true
832597, 2419, 30906, 1736, 171, 158, true, true
833077, 2420, 30906, 1734, 170, 158, true, true
834013, 2422, 30907, 1735, 171, 156, true, true
834063, 2423, 30908, 1736, 172, 153, true, true
837263, 2429, 30908, 1735, 171, 153, true, true
837722, 2431, 30909, 1732, 172, 152, true, true
842734, 2440, 30909, 1731, 171, 154, true, true
845912, 2446, 31210, 1985, 172, 153, true, true
847241, 2449, 31213, 1988, 173, 152, true, true
855243, 2464, 31213, 1986, 172, 153, true, true
857989, 2469, 31214, 1987, 173, 152, true, true
861572, 2476, 31215, 1988, 174, 152, true, true
865014, 2483, 31228, 1986, 175, 151, true, true
865826, 2485, 31228, 1985, 174, 151, true, true
870201, 2493, 31239, 1996, 175, 151, true, true
883325, 2518, 31239, 1995, 174, 155, true, true
885629, 2523, 31253, 2005, 175, 156, true, true
894879, 2540, 31254, 2006, 176, 156, true, true
900332, 2551, 31254, 2005, 175, 159, true, true
903899, 2559, 31259, 2010, 176, 157, true, true
909393, 2571, 31265, 2016, 177, 155, true, true
911688, 2576, 31265, 2011, 176, 155, true, true
912541, 2578, 31266, 2012, 177, 153, true, true
912986, 2579, 31266, 2009, 176, 153, true, true
913204, 2580, 31268, 2011, 177, 151, true, true
913719, 2581, 31268, 2009, 176, 151, true, true
920298, 2594, 31268, 2001, 175, 152, true, true
925307, 2603, 31268, 2000, 174, 153, true, true
931170, 2614, 31274, 2006, 175, 153, true, true
931817, 2616, 31275, 2007, 176, 151, true, true
933479, 2620, 31276, 2008, 177, 141, true, true
933792, 2621, 31277, 2009, 178, 139, true, true
939587, 2633, 31292, 2024, 179, 137, true, true
944877, 2643, 31293, 2024, 180, 137, true, true
947166, 2648, 31293, 2020, 179, 139, true, true
955154, 2664, 31295, 2021, 179, 137, true, true
959069, 2671, 31300, 2026, 180, 137, true, true
963975, 2681, 31303, 2029, 181, 136, true, true
968387, 2690, 31303, 2002, 180, 136, true, true
970510, 2695, 31303, 2000, 179, 137, true, true
971781, 2698, 31305, 2002, 180, 136, true, true
974171, 2703, 31307, 2004, 181, 135, true, true
975101, 2705, 31309, 2006, 182, 134, true, true
977553, 2710, 31309, 1996, 181, 136, true, true
981759, 2719, 31320, 2007, 182, 136, true, true
986563, 2729, 31325, 2012, 183, 133, true, true
993919, 2743, 31327, 2014, 184, 133, true, true
996120, 2748, 31334, 2019, 184, 132, true, true
996424, 2749, 31334, 2017, 183, 132, true, true
1002772, 2762, 31334, 1955, 180, 132, true, true
1008644, 2774, 31335, 1956, 181, 128, true, true
1012417, 2781, 31335, 1809, 180, 128, true, true
1020265, 2796, 31335, 1805, 179, 132, true, true
1022095, 2801, 31342, 1812, 180, 130, true, true
1033718, 2826, 31344, 1814, 181, 131, true, true
1034564, 2828, 31344, 1811, 180, 132, true, true
1035571, 2830, 31344, 1810, 179, 133, true, true
1048454, 2856, 31344, 1809, 178, 138, true, true
1052833, 2864, 31344, 1805, 177, 139, true, true
1059265, 2878, 31345, 1795, 178, 140, true, true
1061411, 2882, 31345, 1794, 177, 141, true, true
1070303, 2901, 31347, 1787, 177, 139, true, true
1070475, 2902, 31348, 1788, 178, 138, true, true
1071132, 2903, 31348, 1779, 177, 138, true, true
1074724, 2910, 31348, 1777, 177, 138, true, true
1075086, 2911, 31349, 1777, 178, 137, true, true
1075868, 2913, 31350, 1776, 179, 135, true, true
1082682, 2927, 31350, 1770, 178, 138, true, true
1089066, 2941, 31355, 1775, 179, 136, true, true
1090246, 2944, 31355, 1774, 178, 136, true, true
1095158, 2955, 31357, 1776, 179, 136, true, true
1096835, 2959, 31360, 1779, 180, 135, true, true
1101275, 2968, 31360, 1771, 179, 135, true, true
1102006, 2970, 31362, 1773, 180, 134, true, true
1105618, 2977, 31376, 1787, 181, 132, true, true
1109096, 2984, 31376, 1786, 180, 133, true, true
1112621, 2992, 31380, 1790, 181, 132, true, true
1112688, 2993, 31381, 1791, 182, 131, true, true
1112832, 2994, 31382, 1792, 183, 128, true, true
1118223, 3004, 31382, 1769, 182, 131, true, true
1123414, 3015, 31384, 1771, 183, 128, true, true
1124019, 3017, 31386, 1773, 184, 127, true, true
1127461, 3025, 31386, 1772, 183, 129, true, true
1133583, 3036, 31386, 1771, 183, 129, true, true
1135576, 3040, 31386, 1716, 183, 129, true, true
1142771, 3053, 31387, 1717, 184, 130, true, true
1143554, 3055, 31390, 1720, 185, 126, true, true
1169857, 3110, 31390, 1717, 184, 129, true, true
1172360, 3115, 31390, 1698, 183, 129, true, true
1176668, 3125, 31412, 1720, 184, 128, true, true
1180479, 3134, 31413, 1721, 185, 127, true, true
1188615, 3153, 31414, 1722, 186, 127, true, true
1190913, 3158, 31414, 1682, 185, 127, true, true
1196808, 3171, 31415, 1682, 185, 129, true, true
1202715, 3185, 31416, 1682, 185, 130, true, true
1203293, 3186, 31416, 1681, 184, 131, true, true
1205970, 3192, 31461, 1726, 185, 130, true, true
1211650, 3205, 31466, 1731, 186, 128, true, true
1215890, 3214, 31466, 1718, 186, 128, true, true
1218178, 3219, 31466, 1717, 186, 130, true, true
1220111, 3223, 31466, 1714, 186, 130, true, true
1221227, 3225, 31466, 1712, 185, 130, true, true
1222389, 3227, 31475, 1719, 185, 129, true, true
1226419, 3236, 31475, 1717, 185, 131, true, true
1231400, 3247, 31498, 1739, 186, 128, true, true
1233008, 3251, 31499, 1739, 186, 127, true, true
1240157, 3267, 31499, 1738, 185, 128, true, true
1244352, 3277, 31500, 1738, 186, 127, true, true
1255036, 3299, 31500, 1728, 185, 129, true, true
1255577, 3300, 31500, 1727, 184, 129, true, true
1256835, 3303, 31500, 1726, 184, 129, true, true
1258125, 3306, 31502, 1728, 185, 128, true, true
1259400, 3309, 31502, 1727, 184, 129, true, true
1269348, 3330, 31502, 1720, 183, 130, true, true
1270494, 3333, 31503, 1717, 183, 128, true, true
1270546, 3334, 31516, 1730, 184, 126, true, true
1272560, 3339, 31516, 1729, 183, 126, true, true
1273563, 3341, 31516, 1728, 182, 126, true, true
1285565, 3365, 31530, 1446, 183, 125, true, true
1295495, 3386, 31530, 1445, 182, 126, true, true
1300946, 3396, 31530, 1379, 181, 128, true, true
1304077, 3402, 31530, 1366, 180, 128, true, true
1311526, 3418, 31531, 1367, 181, 127, true, true
1311850, 3419, 31531, 1366, 181, 127, true, true
1323065, 3447, 31532, 1365, 182, 126, true, true
1325707, 3453, 31532, 1364, 181, 126, true, true
1329763, 3462, 31533, 1365, 182, 124, true, true
1336881, 3478, 31533, 1360, 181, 125, true, true
1340042, 3485, 31533, 1359, 180, 125, true, true
1342112, 3490, 31533, 1357, 180, 126, true, true
1344030, 3495, 31539, 1362, 181, 126, true, true
1350470, 3509, 31539, 1361, 180, 126, true, true
1357219, 3524, 31642, 1463, 180, 125, true, true
1360135, 3530, 31642, 1461, 179, 125, true, true
1366677, 3546, 31644, 1462, 179, 123, true, true
1367176, 3547, 31644, 1247, 178, 123, true, true
1369592, 3552, 31644, 1232, 177, 123, true, true
1370532, 3554, 31646, 1234, 178, 122, true, true
1377715, 3571, 31646, 1232, 176, 124, true, true
1382233, 3582, 31647, 1233, 177, 124, true, true
1387535, 3595, 31647, 1232, 176, 126, true, true
1389070, 3599, 31648, 1186, 176, 125, true, true
1399774, 3625, 31664, 1202, 177, 128, true, true
1415292, 3660, 31665, 1203, 178, 128, true, true
1423175, 3677, 31666, 1203, 178, 127, true, true
1429788, 3693, 31666, 1202, 177, 127, true, true
1438672, 3712, 31666, 1201, 177, 129, true, true
1439138, 3713, 31666, 1200, 176, 129, true, true
1441982, 3720, 31666, 1199, 175, 130, true, true
1449119, 3737, 31666, 1194, 175, 132, true, true
1463024, 3769, 31667, 1194, 176, 134, true, true
1465969, 3776, 31668, 1195, 177, 134, true, true
1475447, 3798, 31668, 1190, 176, 134, true, true
1501617, 3858, 31703, 1216, 176, 137, true, true
1502510, 3860, 31703, 1147, 176, 137, true, true
1507703, 3872, 31706, 1150, 177, 137, true, true
1508744, 3874, 31711, 1155, 178, 137, true, true
1512702, 3883, 31711, 1153, 177, 137, true, true
1515068, 3889, 31712, 1153, 177, 135, true, true
1518173, 3896, 31712, 1139, 176, 136, true, true
1529930, 3924, 31717, 1142, 177, 136, true, true
1543524, 3957, 31717, 1139, 176, 140, true, true
1543764, 3958, 31718, 1140, 177, 138, true, true
1550738, 3973, 31718, 1139, 177, 139, true, true
1560169, 3995, 31719, 1140, 178, 139, true, true
1566263, 4009, 31721, 1142, 179, 139, true, true
1573472, 4026, 31721, 1141, 178, 139, true, true
1576655, 4033, 31721, 1132, 177, 139, true, true
1577091, 4034, 31721, 1131, 177, 139, true, true
1581363, 4044, 31721, 1125, 176, 140, true, true
1582056, 4046, 31721, 1122, 175, 140, true, true
1594090, 4076, 31721, 1119, 174, 146, true, true
1628855, 4156, 31721, 1117, 173, 152, true, true
1629258, 4157, 31721, 1111, 172, 152, true, true
1632886, 4166, 31721, 1110, 171, 154, true, true
1636874, 4175, 31722, 1111, 172, 153, true, true
1636955, 4176, 31726, 1115, 173, 152, true, true
1650794, 4209, 31727, 1116, 174, 156, true, true
1664574, 4240, 31728, 1117, 175, 155, true, true
1687871, 4297, 31730, 1119, 176, 155, true, true
1691446, 4305, 31730, 1113, 175, 155, true, true
1692922, 4308, 31736, 1119, 176, 153, true, true
1695807, 4315, 31742, 1125, 177, 152, true, true
1703072, 4332, 31777, 1160, 178, 151, true, true
1719448, 4370, 31778, 1161, 179, 152, true, true
1728122, 4389, 31778, 1160, 178, 152, true, true
1735341, 4406, 31792, 1174, 179, 150, true, true
1739078, 4415, 31792, 1172, 178, 150, true, true
1740410, 4418, 31792, 1170, 177, 150, true, true
1745797, 4429, 31792, 1169, 176, 150, true, true
1754684, 4449, 31794, 1167, 177, 143, true, true
1756634, 4454, 31794, 1166, 176, 145, true, true
1760975, 4465, 31796, 1167, 176, 144, true, true
1761032, 4466, 31798, 1166, 177, 143, true, true
1762499, 4470, 31799, 1167, 178, 140, true, true
1764572, 4475, 31799, 1164, 177, 140, true, true
1765304, 4477, 31883, 1248, 178, 138, true, true
1773540, 4495, 31883, 1247, 178, 139, true, true
1783136, 4518, 31894, 1258, 179, 138, true, true
1788496, 4531, 31894, 1243, 178, 138, true, true
1790621, 4536, 31894, 1238, 177, 139, true, true
1796200, 4548, 31896, 1240, 178, 138, true, true
1797337, 4551, 31898, 1242, 179, 138, true, true
1814403, 4590, 31898, 1239, 177, 140, true, true
1819144, 4601, 31899, 1239, 177, 138, true, true
1833376, 4633, 31899, 1238, 176, 138, true, true
1838777, 4646, 31908, 1245, 177, 135, true, true
1854663, 4682, 31914, 1248, 178, 137, true, true
1860068, 4695, 31914, 1247, 177, 139, true, true
1860641, 4697, 31917, 1249, 178, 138, true, true
1870615, 4721, 31918, 1250, 179, 137, true, true
1878160, 4739, 31918, 1248, 178, 137, true, true
1883522, 4751, 31918, 1247, 177, 138, true, true
1883730, 4752, 31918, 1246, 177, 138, true, true
1887591, 4761, 31918, 1245, 176, 138, true, true
1895334, 4779, 31921, 1243, 176, 135, true, true
1939634, 4883, 31921, 1242, 175, 139, true, true
1950486, 4908, 31936, 1257, 176, 140, true, true
1968282, 4953, 31936, 1250, 175, 142, true, true
1970962, 4960, 31939, 1253, 176, 141, true, true
1980497, 4983, 31941, 1255, 177, 141, true, true
1986113, 4996, 31941, 1254, 176, 141, true, true
1990917, 5009, 31946, 1259, 177, 139, true, true
1995859, 5022, 31946, 1257, 176, 139, true, true
1997440, 5027, 31947, 1258, 177, 138, true, true
1998943, 5031, 31951, 1262, 178, 136, true, true
2015886, 5070, 31951, 1256, 177, 137, true, true
2017805, 5075, 31951, 1255, 176, 137, true, true
2018933, 5078, 31954, 1257, 176, 136, true, true
2021700, 5085, 31954, 1234, 175, 137, true, true
2023095, 5089, 31954, 1233, 174, 138, true, true
2033208, 5114, 31954, 1223, 173, 139, true, true
2056755, 5172, 31954, 1210, 172, 142, true, true
2063518, 5189, 31958, 1214, 173, 142, true, true
2063910, 5190, 31958, 1213, 172, 142, true, true
2071180, 5208, 31960, 1215, 173, 143, true, true
2082783, 5234, 31962, 1217, 174, 143, true, true
2101387, 5279, 31962, 1146, 174, 143, true, true
2102953, 5283, 31964, 1148, 175, 143, true, true
2104860, 5288, 31964, 1144, 174, 143, true, true
2106435, 5292, 31964, 1142, 173, 143, true, true
2108898, 5298, 31964, 1141, 172, 143, true, true
2120567, 5329, 31964, 1140, 171, 144, true, true
2124347, 5338, 31965, 1141, 172, 140, true, true
2127545, 5346, 31965, 1140, 171, 141, true, true
2130831, 5354, 31965, 1138, 170, 141, true, true
2142604, 5384, 31965, 1136, 169, 145, true, true
2153312, 5411, 31966, 1137, 170, 145, true, true
2156700, 5420, 31967, 1133, 171, 144, true, true
2159775, 5428, 32004, 1168, 170, 143, true, true
2176726, 5472, 32010, 1174, 171, 144, true, true
2212913, 5565, 32010, 1165, 170, 148, true, true
2218994, 5581, 32012, 1167, 171, 148, true, true
2222285, 5591, 32012, 1165, 170, 148, true, true
2229517, 5610, 32012, 1160, 169, 149, true, true
2236627, 5628, 32013, 1161, 170, 149, true, true
2247144, 5653, 32015, 1163, 171, 147, true, true
2258326, 5684, 32016, 1164, 172, 149, true, true
2263052, 5696, 32016, 1129, 171, 151, true, true
2263906, 5698, 32016, 1126, 170, 151, true, true
2265013, 5701, 32017, 1127, 171, 145, true, true
2269208, 5712, 32018, 1127, 172, 144, true, true
2275194, 5727, 32018, 1126, 171, 144, true, true
2282684, 5746, 32019, 1126, 172, 144, true, true
2287711, 5758, 32021, 1119, 173, 142, true, true
2289150, 5761, 32021, 1118, 173, 143, true, true
2319010, 5833, 32021, 1117, 172, 147, true, true
2320619, 5838, 32023, 1119, 173, 145, true, true
2326255, 5851, 32023, 1118, 172, 147, true, true
2329864, 5860, 32023, 1117, 171, 149, true, true
2342307, 5891, 32023, 1115, 170, 150, true, true
2343763, 5895, 32023, 1114, 169, 150, true, true
2354290, 5923, 32023, 1113, 168, 151, true, true
2363018, 5947, 32023, 1112, 167, 151, true, true
2369061, 5963, 32024, 1113, 168, 151, true, true
2372181, 5971, 32026, 1093, 169, 150, true, true
2373762, 5974, 32026, 1092, 168, 150, true, true
2374726, 5976, 32026, 1088, 167, 150, true, true
2381207, 5992, 32028, 1090, 168, 149, true, true
2383120, 5997, 32028, 1087, 167, 149, true, true
2398716, 6037, 32029, 1088, 168, 151, true, true
2400188, 6041, 32033, 1092, 169, 148, true, true
2423544, 6101, 32034, 1093, 170, 148, true, true
2431416, 6122, 32034, 1092, 170, 150, true, true
2452310, 6170, 32034, 1057, 169, 153, true, true
2463126, 6198, 32035, 1058, 170, 150, true, true
2496018, 6280, 32035, 1056, 168, 154, true, true
2496519, 6281, 32037, 1056, 169, 153, true, true
2500506, 6291, 32038, 1057, 170, 152, true, true
2503931, 6300, 32043, 1062, 171, 152, true, true
2513334, 6324, 32044, 1063, 172, 151, true, true
2513948, 6326, 32044, 1062, 171, 151, true, true
2519335, 6340, 32049, 1037, 172, 152, true, true
2526263, 6358, 32051, 1039, 173, 149, true, true
2526518, 6359, 32052, 1040, 174, 148, true, true
2528430, 6363, 32052, 1038, 173, 148, true, true
2531540, 6372, 32058, 1044, 174, 145, true, true
2546737, 6411, 32058, 1043, 173, 148, true, true
2554489, 6431, 32061, 1039, 173, 146, true, true
2556534, 6436, 32061, 1038, 172, 146, true, true
2564591, 6457, 32061, 1037, 171, 146, true, true
2567892, 6466, 32062, 1038, 172, 143, true, true
2593874, 6532, 32448, 1424, 173, 145, true, true
2600983, 6552, 32553, 1529, 174, 145, true, true
2608789, 6572, 32555, 1531, 175, 145, true, true
2609268, 6574, 32590, 1566, 176, 143, true, true
2625545, 6617, 32593, 1567, 177, 143, true, true
2626517, 6620, 32593, 1566, 176, 143, true, true
2667417, 6730, 32593, 1550, 175, 144, true, true
2676926, 6753, 32594, 1551, 176, 144, true, true
2690345, 6790, 32627, 1549, 176, 144, true, true
2701742, 6821, 32627, 1548, 176, 145, true, true
2722537, 6878, 32628, 1549, 177, 143, true, true
2741152, 6927, 32628, 1548, 176, 144, true, true
2761803, 6981, 32628, 1546, 175, 146, true, true
2814521, 7127, 32628, 1545, 174, 153, true, true
2817347, 7135, 32629, 1546, 175, 152, true, true
2827534, 7163, 32629, 1532, 174, 154, true, true
2828598, 7166, 32632, 1535, 175, 153, true, true
2836404, 7187, 32634, 1535, 176, 153, true, true
2841972, 7204, 32635, 1536, 177, 150, true, true
2849946, 7226, 32645, 1546, 178, 148, true, true
2852784, 7234, 32645, 1462, 177, 148, true, true
2863543, 7266, 32646, 1463, 178, 147, true, true
2864019, 7268, 32647, 1463, 179, 145, true, true
2913569, 7411, 32648, 1464, 180, 148, true, true
2922070, 7435, 32663, 1479, 181, 149, true, true
2933805, 7468, 32664, 1480, 182, 149, true, true
2934842, 7471, 32673, 1385, 183, 148, true, true
2944041, 7497, 32674, 1386, 184, 149, true, true
2950781, 7517, 32675, 1387, 185, 150, true, true
2956192, 7533, 32675, 1386, 184, 150, true, true
2957183, 7536, 32676, 1387, 185, 149, true, true
2961874, 7550, 32680, 1363, 186, 148, true, true
2963342, 7554, 32680, 1360, 185, 148, true, true
2989909, 7629, 32694, 1374, 186, 152, true, true
2992368, 7636, 32695, 1375, 187, 152, true, true
3001818, 7661, 32695, 1373, 186, 152, true, true
3003081, 7665, 32698, 1376, 187, 151, true, true
3018093, 7707, 32701, 1379, 188, 151, true, true
3021984, 7718, 32701, 1378, 187, 151, true, true
3027420, 7733, 32701, 1360, 186, 152, true, true
3030267, 7740, 32703, 1352, 186, 151, true, true
3032220, 7746, 32704, 1353, 187, 148, true, true
3047344, 7788, 32704, 1349, 186, 148, true, true
3055181, 7809, 32704, 1342, 185, 148, true, true
3059795, 7822, 32707, 1345, 186, 147, true, true
3062742, 7828, 32714, 1352, 187, 146, true, true
3070427, 7850, 32714, 1351, 186, 146, true, true
3071980, 7854, 32745, 1382, 187, 144, true, true
3073646, 7859, 32746, 1383, 188, 142, true, true
3076029, 7866, 32747, 1384, 189, 142, true, true
3077402, 7871, 32748, 1356, 190, 141, true, true
3089232, 7903, 32748, 1352, 189, 142, true, true
3102547, 7937, 32748, 1343, 188, 143, true, true
3105768, 7945, 32749, 1344, 189, 143, true, true
3109092, 7954, 32750, 1345, 190, 141, true, true
3111422, 7960, 32750, 1331, 189, 141, true, true
3121966, 7984, 32750, 1325, 188, 143, true, true
3131382, 8007, 32750, 1320, 187, 143, true, true
3133002, 8011, 32750, 1318, 186, 143, true, true
3135646, 8017, 32750, 1317, 185, 143, true, true
3156905, 8072, 32751, 1318, 186, 147, true, true
3167775, 8100, 32757, 1324, 187, 147, true, true
3169533, 8105, 32758, 1325, 188, 147, true, true
3177197, 8126, 32759, 1326, 189, 146, true, true
3179802, 8133, 32762, 1326, 190, 144, true, true
3183119, 8142, 32763, 1323, 191, 143, true, true
3183774, 8144, 32768, 1328, 192, 142, true, true
3184542, 8146, 32768, 1326, 191, 142, true, true
3200197, 8187, 32768, 1325, 190, 142, true, true
3208152, 8208, 32768, 1321, 189, 143, true, true
3208811, 8210, 32768, 1315, 188, 143, true, true
3211702, 8219, 32770, 1306, 189, 141, true, true
3215589, 8229, 32770, 1301, 188, 141, true, true
3249726, 8315, 32770, 1300, 187, 144, true, true
3259968, 8340, 32770, 1298, 186, 144, true, true
3261335, 8344, 32770, 1297, 185, 144, true, true
3267974, 8361, 32772, 1299, 186, 143, true, true
3271074, 8370, 32775, 1274, 187, 143, true, true
3271448, 8371, 32777, 1276, 188, 141, true, true
3275182, 8380, 32777, 1269, 188, 141, true, true
3276206, 8383, 32781, 1273, 189, 140, true, true
3287616, 8410, 32781, 1271, 188, 142, true, true
3294764, 8428, 32781, 1258, 188, 144, true, true
3310437, 8469, 32781, 1254, 187, 146, true, true
3325337, 8506, 32786, 1259, 188, 145, true, true
3330967, 8518, 32786, 1257, 187, 145, true, true
3336782, 8531, 32786, 1255, 186, 145, true, true
3338873, 8537, 32786, 1254, 185, 145, true, true
3349945, 8563, 32786, 1252, 184, 146, true, true
3351543, 8566, 32787, 1253, 185, 145, true, true
3355513, 8575, 32787, 1251, 184, 145, true, true
3364490, 8597, 32787, 1226, 183, 146, true, true
3367763, 8605, 32787, 1224, 183, 146, true, true
3380690, 8637, 32788, 1225, 184, 146, true, true
3381394, 8639, 32788, 1224, 183, 146, true, true
3386599, 8652, 32788, 1223, 182, 146, true, true
3391852, 8665, 32788, 1222, 181, 147, true, true
3418524, 8730, 32790, 1224, 182, 150, true, true
3446197, 8799, 32790, 1222, 181, 151, true, true
3488358, 8903, 32792, 1223, 182, 152, true, true
3489226, 8905, 32798, 1229, 183, 151, true, true
3493695, 8916, 32801, 1227, 183, 150, true, true
3509608, 8955, 32801, 1226, 182, 152, true, true
3555716, 9072, 32803, 1228, 183, 154, true, true
3567876, 9102, 32804, 1222, 183, 153, true, true
3590493, 9160, 32809, 1227, 184, 153, true, true
3593955, 9168, 32809, 1226, 183, 153, true, true
3627360, 9255, 32809, 1211, 183, 155, true, true
3640400, 9290, 32809, 1209, 182, 156, true, true
3644950, 9302, 32810, 1210, 183, 155, true, true
3649807, 9315, 32854, 1254, 184, 152, true, true
3660657, 9343, 32854, 1248, 183, 152, true, true
3662437, 9347, 32855, 1226, 183, 152, true, true
3664905, 9354, 32855, 1224, 182, 153, true, true
3667001, 9360, 32855, 1219, 181, 153, true, true
3714564, 9485, 32855, 1213, 180, 156, true, true
3716601, 9490, 32856, 1207, 181, 152, true, true
3734773, 9536, 32856, 1205, 180, 154, true, true
3739614, 9550, 32856, 1204, 179, 154, true, true
3750217, 9578, 32857, 1205, 180, 154, true, true
3754830, 9590, 32857, 1203, 179, 155, true, true
3760311, 9604, 32857, 1202, 178, 156, true, true
3764793, 9618, 32859, 1204, 179, 155, true, true
3792929, 9689, 32867, 1212, 180, 156, true, true
3795658, 9696, 32868, 1213, 181, 155, true, true
3822708, 9766, 32868, 1212, 180, 157, true, true
3831904, 9790, 32868, 1211, 179, 157, true, true
3839457, 9810, 32874, 1217, 180, 156, true, true
3841484, 9815, 32875, 1218, 181, 154, true, true
3853903, 9845, 32875, 1214, 179, 155, true, true
3856013, 9850, 32875, 1213, 178, 155, true, true
3876996, 9903, 32876, 1214, 179, 154, true, true
3907726, 9980, 32876, 1212, 178, 157, true, true
3915225, 9999, 32876, 1207, 177, 157, true, true
3936380, 10053, 32902, 1231, 178, 158, true, true
3947992, 10082, 32902, 1228, 177, 159, true, true
3967352, 10133, 32902, 1227, 176, 160, true, true
3975277, 10155, 32903, 1228, 177, 158, true, true
3981000, 10170, 32904, 1229, 178, 156, true, true
3981126, 10171, 32905, 1230, 179, 155, true, true
3993604, 10205, 32908, 1232, 180, 154, true, true
3997413, 10215, 32908, 1231, 180, 154, true, true
3998609, 10218, 32908, 1229, 180, 155, true, true
4010513, 10248, 32908, 1227, 179, 155, true, true
4016990, 10264, 32908, 1226, 178, 156, true, true
4047344, 10344, 32908, 1225, 177, 157, true, true
4050520, 10353, 32909, 1226, 178, 157, true, true
4059204, 10377, 32911, 1228, 179, 156, true, true
4061643, 10384, 32918, 1235, 180, 156, true, true
4067819, 10401, 32918, 1233, 179, 156, true, true
4071497, 10409, 32918, 1232, 178, 156, true, true
4076421, 10422, 32930, 1244, 179, 155, true, true
4079316, 10430, 32931, 1240, 180, 154, true, true
4086652, 10448, 32931, 1239, 179, 154, true, true
4128755, 10556, 32931, 1237, 178, 156, true, true
4130015, 10560, 32932, 1238, 179, 154, true, true
4147910, 10603, 32969, 1275, 180, 154, true, true
4179958, 10687, 32970, 1276, 181, 153, true, true
4194383, 10722, 32971, 1277, 182, 151, true, true
4198218, 10733, 32971, 1274, 181, 151, true, true
4201203, 10741, 32971, 1272, 180, 151, true, true
4210107, 10763, 32971, 1271, 179, 151, true, true
4218748, 10787, 32971, 1268, 179, 152, true, true
4241409, 10842, 32971, 1264, 178, 155, true, true
4261280, 10897, 32997, 1290, 179, 157, true, true
4271992, 10928, 32998, 1291, 180, 155, true, true
4278963, 10947, 32999, 1290, 181, 152, true, true
4280326, 10951, 32999, 1288, 181, 152, true, true
4284526, 10962, 32999, 1285, 180, 152, true, true
4308585, 11023, 32999, 1283, 179, 154, true, true
4336940, 11097, 33006, 1290, 180, 154, true, true
4349911, 11130, 33008, 1291, 181, 153, true, true
4359583, 11153, 33008, 1247, 180, 154, true, true
4387479, 11224, 33008, 1245, 179, 158, true, true
4388151, 11226, 33008, 1243, 177, 159, true, true
4420145, 11311, 33009, 1244, 178, 157, true, true
4435078, 11349, 33009, 1243, 177, 159, true, true
4436021, 11352, 33009, 1241, 176, 159, true, true
4446778, 11380, 33009, 1239, 175, 160, true, true
4449055, 11386, 33017, 1247, 176, 159, true, true
4460254, 11416, 33017, 1246, 175, 160, true, true
4460632, 11417, 33017, 1245, 174, 160, true, true
4476401, 11460, 33017, 1243, 173, 162, true, true
4477697, 11464, 33027, 1245, 172, 161, true, true
4499924, 11522, 33032, 1250, 173, 162, true, true
4500998, 11525, 33032, 1249, 172, 162, true, true
4501829, 11527, 33032, 1248, 171, 162, true, true
4502697, 11530, 33033, 1219, 172, 161, true, true
4504800, 11536, 33033, 1218, 171, 161, true, true
4506393, 11541, 33034, 1218, 171, 160, true, true
4527122, 11592, 33035, 1219, 172, 160, true, true
4551735, 11654, 33039, 1218, 173, 160, true, true
4561444, 11677, 33039, 1217, 172, 161, true, true
4566981, 11692, 33040, 1218, 173, 161, true, true
4575154, 11713, 33042, 1220, 174, 159, true, true
4582766, 11731, 33042, 1217, 173, 159, true, true
4586335, 11741, 33042, 1216, 172, 159, true, true
4606596, 11795, 33042, 1124, 171, 160, true, true
4616972, 11821, 33042, 1114, 170, 160, true, true
4636907, 11870, 33042, 1113, 169, 160, true, true
4655915, 11919, 33043, 1114, 170, 160, true, true
4690563, 12007, 33043, 1106, 169, 161, true, true
4690781, 12008, 33044, 1107, 170, 160, true, true
4692041, 12012, 33045, 1108, 171, 158, true, true
4759889, 12193, 33046, 1109, 172, 162, true, true
4762257, 12200, 33047, 1110, 173, 161, true, true
4762362, 12201, 33049, 1112, 174, 153, true, true
4766308, 12213, 33056, 1119, 175, 152, true, true
4771810, 12228, 33057, 1120, 176, 151, true, true
4785933, 12264, 33057, 1112, 175, 152, true, true
4790323, 12275, 33058, 1113, 176, 151, true, true
4794857, 12286, 33058, 1112, 175, 151, true, true
4799813, 12300, 33058, 1110, 174, 151, true, true
4845937, 12421, 33058, 1107, 173, 153, true, true
4850364, 12430, 33059, 1108, 174, 151, true, true
4861752, 12462, 33060, 1109, 175, 150, true, true
4871539, 12484, 33064, 1113, 176, 147, true, true
4876547, 12498, 33064, 1112, 175, 147, true, true
4942591, 12662, 33064, 1108, 174, 155, true, true
4948056, 12677, 33065, 1108, 175, 155, true, true
4960910, 12712, 33065, 1082, 174, 157, true, true
4967174, 12728, 33065, 1079, 173, 157, true, true
4978338, 12758, 33065, 1078, 172, 158, true, true
4986025, 12779, 33065, 1077, 171, 158, true, true
4992030, 12796, 33066, 1078, 172, 157, true, true
5014836, 12857, 33066, 1077, 171, 158, true, true
5043948, 12936, 33066, 1075, 170, 160, true, true
5065653, 12996, 33066, 1069, 169, 162, true, true
5070901, 13010, 33073, 1076, 170, 162, true, true
5073951, 13019, 33074, 1077, 171, 160, true, true
5090280, 13065, 33075, 1078, 172, 159, true, true
5106508, 13110, 33076, 1057, 172, 158, true, true
5118035, 13143, 33076, 1044, 171, 158, true, true
5125041, 13161, 33076, 1038, 170, 159, true, true
5130930, 13179, 33096, 1046, 171, 158, true, true
5132578, 13184, 33097, 1047, 172, 157, true, true
5237989, 13473, 33098, 1048, 173, 157, true, true
5240161, 13479, 33098, 1046, 172, 157, true, true
5276146, 13573, 33098, 1044, 171, 159, true, true
5276896, 13575, 33098, 1043, 170, 159, true, true
5277863, 13579, 33100, 1045, 171, 158, true, true
5285134, 13599, 33124, 1066, 172, 158, true, true
5303312, 13648, 33124, 1063, 171, 159, true, true
5328490, 13715, 33124, 1062, 170, 161, true, true
5361328, 13806, 33126, 1064, 171, 160, true, true
5390190, 13884, 33126, 1063, 170, 162, true, true
5397710, 13904, 33126, 1062, 169, 164, true, true
5398720, 13908, 33143, 1079, 170, 163, true, true
5425356, 13983, 33155, 1072, 171, 165, true, true
5454898, 14066, 33155, 1071, 170, 166, true, true
5462124, 14085, 33156, 1072, 171, 165, true, true
5485207, 14144, 33157, 1073, 172, 165, true, true
5495995, 14174, 33157, 1068, 171, 165, true, true
5504367, 14197, 33161, 1072, 172, 163, true, true
5520892, 14242, 33161, 1068, 171, 165, true, true
5538325, 14287, 33161, 1067, 170, 166, true, true
5550245, 14322, 33162, 1068, 171, 165, true, true
5564729, 14360, 33165, 1071, 172, 167, true, true
5584994, 14414, 33167, 1073, 173, 166, true, true
5632209, 14541, 33168, 1073, 174, 164, true, true
5650217, 14593, 33168, 1072, 173, 165, true, true
5681668, 14681, 33169, 1073, 174, 165, true, true
5687413, 14696, 33169, 1071, 173, 165, true, true
5698063, 14724, 33169, 1069, 172, 166, true, true
5716021, 14773, 33170, 1070, 173, 166, true, true
5725055, 14797, 33170, 1069, 172, 166, true, true
5727310, 14803, 33170, 1033, 172, 166, true, true
5734163, 14821, 33170, 1032, 171, 166, true, true
5748817, 14861, 33174, 1035, 171, 165, true, true
5781965, 14952, 33175, 1036, 172, 162, true, true
5806775, 15020, 33175, 1035, 171, 163, true, true
5829858, 15085, 33177, 1037, 172, 163, true, true
5842425, 15122, 33177, 1036, 171, 165, true, true
5848622, 15142, 33178, 1037, 172, 162, true, true
5856067, 15162, 33178, 1036, 171, 163, true, true
5863573, 15182, 33178, 1035, 170, 163, true, true
5864569, 15184, 33178, 1032, 169, 163, true, true
5874291, 15211, 33178, 1031, 168, 164, true, true
5886765, 15244, 33179, 1032, 169, 163, true, true
5895970, 15268, 33179, 1031, 168, 164, true, true
5939502, 15385, 33180, 1032, 169, 161, true, true
5958274, 15437, 33180, 1029, 168, 164, true, true
5967378, 15462, 33182, 1031, 169, 163, true, true
5976441, 15487, 33184, 1033, 170, 160, true, true
6026016, 15626, 33184, 1032, 169, 162, true, true
6056370, 15715, 33184, 1031, 168, 165, true, true
6058518, 15722, 33185, 1002, 169, 165, true, true
6069841, 15757, 33185, 1001, 168, 166, true, true
6100117, 15845, 33186, 1002, 169, 169, true, true
6113461, 15886, 33194, 1010, 170, 168, true, true
6123114, 15915, 33194, 1009, 169, 168, true, true
6130627, 15936, 33203, 1018, 170, 167, true, true
6167475, 16052, 33207, 1022, 171, 164, true, true
6170054, 16059, 33214, 1029, 172, 163, true, true
6177875, 16083, 33217, 1032, 173, 161, true, true
6180319, 16091, 33217, 1031, 172, 161, true, true
6180969, 16093, 33218, 1032, 173, 160, true, true
6188723, 16117, 33218, 1031, 172, 160, true, true
6198506, 16147, 33219, 1032, 173, 161, true, true
6219053, 16207, 33219, 1031, 172, 162, true, true
6219103, 16208, 33220, 1032, 173, 161, true, true
6224192, 16223, 33224, 1036, 174, 162, true, true
6240469, 16269, 33224, 1035, 173, 166, true, true
6250312, 16298, 33224, 1028, 172, 167, true, true
6340676, 16579, 33229, 1032, 173, 169, true, true
6350221, 16609, 33230, 1031, 173, 166, true, true
6386537, 16726, 33230, 1030, 172, 168, true, true
6405489, 16790, 33231, 1031, 173, 165, true, true
6412239, 16813, 33233, 1027, 173, 162, true, true
6421730, 16842, 33234, 1027, 174, 160, true, true
6425463, 16855, 33269, 1050, 175, 161, true, true
6441977, 16911, 33271, 1051, 175, 159, true, true
6447818, 16930, 33271, 1049, 174, 160, true, true
6447959, 16931, 33272, 1050, 175, 160, true, true
6487766, 17056, 33272, 1049, 174, 164, true, true
6506678, 17117, 33290, 1067, 175, 161, true, true
6566950, 17301, 33290, 1065, 174, 167, true, true
6569179, 17308, 33290, 1062, 173, 167, true, true
6576967, 17334, 33291, 1063, 174, 166, true, true
6595319, 17394, 33292, 1064, 175, 165, true, true
6613162, 17453, 33293, 1065, 176, 165, true, true
6615901, 17462, 33293, 1064, 175, 165, true, true
6649533, 17573, 33293, 1060, 174, 168, true, true
6650229, 17575, 33293, 1059, 173, 168, true, true
6662956, 17614, 33293, 1058, 172, 168, true, true
6663805, 17617, 33294, 1059, 173, 166, true, true
6676673, 17657, 33296, 1061, 174, 165, true, true
6677174, 17659, 33307, 1069, 175, 164, true, true
6692368, 17708, 33307, 1066, 173, 165, true, true
6703590, 17744, 33308, 1050, 174, 165, true, true
6737921, 17849, 33308, 1049, 173, 167, true, true
6741249, 17860, 33309, 1050, 174, 166, true, true
6781099, 17984, 33311, 1052, 175, 166, true, true
6804914, 18061, 33312, 1053, 176, 167, true, true
6828624, 18133, 33312, 1051, 175, 168, true, true
6911921, 18401, 33316, 1055, 176, 167, true, true
6942460, 18497, 33317, 1056, 177, 166, true, true
6956068, 18538, 33324, 1063, 178, 165, true, true
6980514, 18611, 33327, 1066, 179, 164, true, true
7005982, 18689, 33327, 1048, 178, 166, true, true
7011592, 18708, 33346, 1066, 179, 165, true, true
7036273, 18789, 33347, 1067, 180, 167, true, true
7054271, 18845, 33348, 1068, 181, 167, true, true
7055711, 18850, 33348, 1065, 179, 167, true, true
7072543, 18904, 33348, 1064, 178, 168, true, true
7109188, 19020, 33359, 1075, 179, 173, true, true
7142737, 19127, 33378, 1094, 180, 171, true, true
7167373, 19207, 33379, 1095, 181, 169, true, true
7183670, 19258, 33379, 1094, 180, 171, true, true
7207950, 19339, 33379, 1087, 179, 172, true, true
7232691, 19420, 33379, 1086, 178, 174, true, true
7249846, 19476, 33381, 1088, 179, 175, true, true
7268128, 19534, 33381, 1086, 178, 175, true, true
7305744, 19657, 33384, 1089, 179, 176, true, true
7326652, 19728, 33385, 1090, 180, 174, true, true
7334815, 19755, 33385, 1089, 179, 174, true, true
7352868, 19813, 33400, 1104, 180, 174, true, true
7382310, 19905, 33400, 1103, 179, 176, true, true
7389088, 19927, 33400, 1102, 178, 176, true, true
7431729, 20064, 33401, 1103, 179, 179, true, true
7442386, 20100, 33402, 1104, 180, 178, true, true
7454782, 20141, 33403, 1105, 181, 176, true, true
7476799, 20213, 33403, 1101, 180, 177, true, true
7504738, 20304, 33405, 1098, 181, 177, true, true
7565966, 20502, 33408, 1101, 182, 178, true, true
7598864, 20613, 33408, 1081, 181, 181, true, true
7600606, 20619, 33409, 1082, 182, 181, true, true
7626066, 20697, 33413, 1077, 182, 179, true, true
7646601, 20764, 33418, 1076, 183, 178, true, true
7656742, 20797, 33418, 1074, 182, 178, true, true
7665785, 20826, 33418, 1071, 181, 178, true, true
7677090, 20859, 33422, 1075, 182, 177, true, true
7712832, 20977, 33422, 1049, 181, 179, true, true
7715579, 20986, 33422, 1045, 181, 179, true, true
7725323, 21018, 33422, 1042, 180, 179, true, true
7741813, 21073, 33422, 1041, 179, 179, true, true
7774927, 21184, 33423, 1040, 180, 182, true, true
7797010, 21258, 33424, 1041, 181, 180, true, true
7804742, 21283, 33440, 1057, 182, 179, true, true
7828270, 21362, 33447, 1064, 183, 182, true, true
7836824, 21390, 33450, 1066, 184, 181, true, true
7883305, 21538, 33450, 1065, 183, 181, true, true
7891695, 21567, 33450, 1060, 182, 181, true, true
7910369, 21627, 33465, 1075, 183, 180, true, true
7923850, 21673, 33465, 1073, 182, 180, true, true
7946554, 21744, 33466, 1074, 183, 182, true, true
7949818, 21754, 33467, 1075, 184, 181, true, true
7980469, 21850, 33468, 1076, 185, 180, true, true
8025693, 21997, 33469, 1077, 186, 180, true, true
8069608, 22139, 33469, 1076, 185, 183, true, true
8081658, 22177, 33469, 1055, 184, 184, true, true
8081906, 22178, 33469, 1054, 183, 184, true, true
8116674, 22290, 33469, 1053, 182, 185, true, true
8119752, 22300, 33469, 1052, 181, 185, true, true
8121326, 22306, 33470, 1053, 182, 183, true, true
8126542, 22323, 33471, 1054, 183, 181, true, true
8131044, 22338, 33471, 1049, 182, 181, true, true
8143456, 22378, 33473, 1051, 183, 178, true, true
8159024, 22429, 33473, 1050, 182, 178, true, true
8165894, 22451, 33475, 1052, 183, 176, true, true
8207030, 22579, 33475, 1051, 182, 177, true, true
8235547, 22672, 33479, 1054, 182, 177, true, true
8240069, 22688, 33482, 1057, 183, 177, true, true
8261469, 22758, 33483, 1058, 184, 176, true, true
8269956, 22786, 33484, 1059, 185, 175, true, true
8288250, 22846, 33484, 1056, 184, 176, true, true
8288797, 22848, 33486, 1058, 185, 172, true, true
8322238, 22957, 33488, 1060, 186, 172, true, true
8330481, 22983, 33488, 1059, 185, 173, true, true
8336142, 23002, 33488, 1050, 184, 173, true, true
8338428, 23010, 33488, 1048, 183, 173, true, true
8365140, 23096, 33488, 1047, 182, 174, true, true
8372324, 23119, 33499, 1058, 183, 173, true, true
8372688, 23121, 33500, 1059, 184, 171, true, true
8379783, 23145, 33511, 1070, 185, 170, true, true
8382262, 23153, 33511, 1069, 184, 170, true, true
8384280, 23159, 33544, 1092, 181, 168, true, true
8423411, 23286, 33544, 1091, 180, 169, true, true
8440734, 23344, 33544, 1088, 179, 169, true, true
8450132, 23375, 33545, 1089, 180, 164, true, true
8505925, 23559, 33546, 1088, 180, 166, true, true
8538164, 23660, 33546, 1087, 179, 170, true, true
8573535, 23778, 33547, 1088, 180, 166, true, true
8665523, 24084, 33547, 1086, 179, 172, true, true
8667184, 24090, 33547, 1084, 178, 172, true, true
8671873, 24106, 33547, 1083, 177, 172, true, true
8693591, 24179, 33549, 1083, 178, 170, true, true
8698712, 24194, 33549, 1082, 177, 172, true, true
8704756, 24215, 33550, 1051, 177, 169, true, true
8738591, 24326, 33551, 1052, 178, 169, true, true
8793145, 24504, 33551, 1051, 177, 171, true, true
8831312, 24622, 33556, 1055, 177, 170, true, true
8925723, 24938, 33556, 1053, 176, 175, true, true
8955903, 25041, 33556, 1052, 175, 175, true, true
8966004, 25076, 33556, 1044, 174, 176, true, true
8977941, 25113, 33558, 1046, 175, 175, true, true
8988546, 25147, 33569, 1057, 176, 173, true, true
8998749, 25181, 33569, 1055, 175, 173, true, true
9007774, 25212, 33571, 1057, 176, 173, true, true
9019803, 25253, 33573, 1059, 177, 173, true, true
9024797, 25270, 33573, 1057, 176, 173, true, true
9058030, 25374, 33574, 1057, 176, 172, true, true
9069985, 25413, 33583, 1065, 177, 172, true, true
9117930, 25569, 33583, 1064, 176, 174, true, true
9121049, 25580, 33584, 1065, 177, 173, true, true
9143610, 25655, 33586, 1066, 178, 169, true, true
9165725, 25730, 33591, 1071, 179, 169, true, true
9196726, 25831, 33591, 1067, 178, 171, true, true
9198721, 25837, 33595, 1071, 179, 170, true, true
9243509, 25987, 33598, 1074, 180, 169, true, true
9248446, 26004, 33598, 1073, 180, 169, true, true
9308951, 26197, 33598, 1071, 179, 171, true, true
9327905, 26258, 33598, 1070, 178, 173, true, true
9337764, 26289, 33606, 1078, 179, 172, true, true
9347075, 26319, 33606, 1077, 178, 172, true, true
9446271, 26643, 33611, 1074, 179, 172, true, true
9455364, 26671, 33614, 1077, 180, 169, true, true
9543378, 26963, 33616, 1079, 181, 174, true, true
9543639, 26964, 33616, 1077, 180, 174, true, true
9566222, 27039, 33624, 1085, 181, 174, true, true
9607536, 27174, 33624, 1083, 180, 175, true, true
9655734, 27336, 33624, 1079, 179, 179, true, true
9683721, 27429, 33625, 1080, 180, 180, true, true
9706957, 27508, 33627, 1074, 181, 179, true, true
9758334, 27682, 33639, 1086, 182, 176, true, true
9770320, 27722, 33639, 1084, 181, 176, true, true
9784287, 27772, 33643, 1088, 182, 176, true, true
9791837, 27799, 33644, 1089, 183, 175, true, true
9820483, 27895, 33646, 1091, 184, 174, true, true
9822309, 27901, 33646, 1090, 183, 174, true, true
9852414, 28002, 33647, 1091, 184, 174, true, true
9888001, 28113, 33647, 1090, 183, 174, true, true
9913936, 28199, 33660, 1094, 184, 176, true, true
9927906, 28242, 33660, 1093, 183, 177, true, true
9977662, 28403, 33662, 1095, 184, 177, true, true
9980297, 28412, 33662, 1084, 183, 178, true, true
9981141, 28415, 33670, 1092, 184, 177, true, true
10030577, 28573, 33672, 1094, 185, 179, true, true
10052533, 28645, 33673, 1095, 186, 181, true, true
10060441, 28673, 33673, 1062, 185, 181, true, true
10064997, 28689, 33674, 1063, 186, 178, true, true
10090623, 28772, 33678, 1062, 187, 177, true, true
10209600, 29152, 33683, 1067, 188, 182, true, true
10238763, 29247, 33683, 1063, 187, 185, true, true
10263038, 29328, 33686, 1066, 188, 186, true, true
10288799, 29413, 33692, 1072, 189, 185, true, true
10316382, 29507, 33692, 812, 188, 186, true, true
10323486, 29530, 33692, 811, 187, 186, true, true
10351879, 29621, 33692, 810, 186, 186, true, true
10406042, 29802, 33693, 811, 187, 188, true, true
10472979, 30023, 33694, 812, 188, 190, true, true
10503628, 30121, 33694, 811, 187, 192, true, true
10525322, 30193, 33694, 810, 186, 193, true, true
10531961, 30214, 33698, 811, 185, 190, true, true
10552609, 30280, 33702, 815, 186, 189, true, true
10592364, 30410, 33702, 814, 185, 189, true, true
10627736, 30525, 33702, 813, 184, 192, true, true
10628895, 30529, 33703, 814, 185, 191, true, true
10636735, 30555, 33703, 812, 184, 191, true, true
10696894, 30759, 33703, 811, 183, 193, true, true
10712383, 30807, 33704, 812, 184, 191, true, true
10756472, 30956, 33720, 821, 185, 190, true, true
10821343, 31169, 33750, 847, 186, 190, true, true
10864661, 31315, 33750, 846, 185, 193, true, true
10868291, 31327, 33751, 846, 186, 191, true, true
10895283, 31416, 33751, 842, 185, 192, true, true
10898790, 31428, 33754, 844, 185, 191, true, true
10903929, 31444, 33755, 845, 186, 189, true, true
10953060, 31604, 33755, 842, 185, 192, true, true
10996375, 31746, 33760, 842, 186, 191, true, true
11043799, 31895, 33760, 841, 185, 195, true, true
11072055, 31987, 33766, 846, 186, 194, true, true
11163625, 32284, 33768, 846, 187, 194, true, true
11187782, 32363, 33768, 845, 186, 195, true, true
11208253, 32431, 33769, 846, 187, 190, true, true
11212262, 32446, 33769, 827, 186, 190, true, true
11225462, 32490, 33770, 828, 187, 189, true, true
11228292, 32499, 33771, 826, 188, 188, true, true
11235351, 32523, 33788, 841, 188, 187, true, true
11243706, 32551, 33789, 842, 189, 186, true, true
11260375, 32605, 33789, 841, 188, 186, true, true
11296451, 32724, 33789, 840, 187, 189, true, true
11301022, 32740, 33790, 841, 188, 188, true, true
11370849, 32967, 33790, 839, 187, 193, true, true
11395663, 33053, 33806, 848, 187, 194, true, true
11452144, 33242, 33806, 841, 186, 194, true, true
11459885, 33268, 33806, 840, 186, 194, true, true
11489502, 33365, 33806, 839, 185, 195, true, true
11576886, 33661, 33807, 840, 186, 197, true, true
11583520, 33686, 33808, 841, 187, 196, true, true
11590194, 33709, 33812, 844, 187, 192, true, true
11605378, 33755, 33812, 843, 186, 192, true, true
11633833, 33852, 33813, 844, 187, 193, true, true
11641225, 33877, 33813, 843, 186, 194, true, true
11653730, 33920, 33814, 844, 187, 193, true, true
11681899, 34016, 33816, 846, 188, 195, true, true
11699654, 34072, 33820, 849, 189, 194, true, true
11714325, 34122, 33820, 844, 188, 195, true, true
11726229, 34159, 33820, 842, 187, 195, true, true
11748924, 34237, 33820, 841, 186, 195, true, true
11763003, 34285, 33825, 846, 187, 193, true, true
11764023, 34288, 33825, 844, 186, 193, true, true
11785680, 34354, 33826, 845, 187, 192, true, true
11787686, 34361, 33835, 854, 188, 190, true, true
11828825, 34497, 33848, 835, 189, 189, true, true
11923228, 34803, 33849, 836, 190, 189, true, true
11964893, 34936, 33849, 835, 189, 189, true, true
11986538, 35007, 33868, 854, 190, 189, true, true
11994591, 35034, 33868, 842, 189, 189, true, true
12079817, 35313, 33869, 843, 190, 187, true, true
12090145, 35348, 33869, 842, 189, 187, true, true
12118162, 35440, 33872, 845, 190, 187, true, true
12169387, 35603, 33874, 847, 191, 184, true, true
12196284, 35691, 33875, 848, 192, 182, true, true
12218749, 35764, 33875, 847, 191, 182, true, true
12271896, 35940, 33875, 846, 190, 185, true, true
12321780, 36107, 33875, 845, 189, 187, true, true
12325884, 36120, 33875, 844, 188, 187, true, true
12329702, 36132, 33877, 846, 189, 186, true, true
12426721, 36449, 33878, 847, 190, 187, true, true
12430317, 36461, 33878, 846, 189, 187, true, true
12437291, 36481, 33878, 844, 188, 187, true, true
12547731, 36833, 33879, 845, 189, 184, true, true
12563393, 36882, 33879, 841, 188, 185, true, true
12563780, 36883, 33879, 825, 187, 185, true, true
12601870, 37004, 33946, 878, 188, 187, true, true
12611062, 37034, 33953, 885, 189, 186, true, true
12702751, 37327, 33953, 884, 188, 194, true, true
12716422, 37368, 33975, 906, 189, 195, true, true
12769751, 37537, 33976, 907, 190, 194, true, true
12770082, 37538, 33976, 906, 190, 194, true, true
12811913, 37669, 33981, 911, 191, 195, true, true
12846854, 37781, 33986, 916, 192, 196, true, true
12873642, 37863, 33986, 915, 191, 197, true, true
12889031, 37912, 33986, 914, 191, 198, true, true
12892351, 37923, 33986, 913, 190, 198, true, true
12899683, 37948, 33987, 914, 191, 195, true, true
13055348, 38430, 33988, 915, 192, 200, true, true
13062081, 38451, 33988, 911, 191, 200, true, true
13100558, 38570, 33990, 913, 192, 201, true, true
13164819, 38767, 33991, 914, 193, 202, true, true
13189038, 38842, 33991, 913, 192, 202, true, true
13206081, 38893, 33991, 912, 191, 202, true, true
13294331, 39174, 33991, 911, 190, 206, true, true
13306230, 39211, 33994, 914, 191, 204, true, true
13307496, 39215, 33997, 917, 192, 201, true, true
13411949, 39538, 33997, 916, 191, 203, true, true
13413096, 39541, 33997, 915, 190, 203, true, true
13450963, 39658, 33997, 912, 189, 203, true, true
13527253, 39901, 34001, 916, 190, 205, true, true
13570089, 40035, 34001, 909, 189, 206, true, true
13571863, 40042, 34002, 910, 190, 206, true, true
13575646, 40054, 34003, 911, 191, 205, true, true
13676976, 40361, 34003, 905, 190, 205, true, true
13677536, 40363, 34004, 906, 191, 204, true, true
13725848, 40509, 34005, 907, 192, 204, true, true
13738055, 40546, 34013, 914, 193, 203, true, true
13894243, 41030, 34015, 916, 194, 208, true, true
13899969, 41049, 34018, 919, 195, 206, true, true
13910614, 41081, 34023, 924, 196, 205, true, true
13961228, 41235, 34024, 925, 197, 205, true, true
13987372, 41317, 34024, 915, 196, 206, true, true
14102127, 41668, 34032, 920, 197, 207, true, true
14132700, 41764, 34032, 919, 196, 208, true, true
14148471, 41814, 34040, 926, 197, 207, true, true
14258901, 42160, 34042, 928, 198, 204, true, true
14286058, 42248, 34043, 929, 199, 202, true, true
14304710, 42306, 34049, 935, 200, 201, true, true
14332877, 42395, 34052, 938, 201, 195, true, true
14340569, 42417, 34052, 936, 200, 195, true, true
14344135, 42428, 34054, 934, 201, 193, true, true
14381559, 42550, 34054, 930, 200, 193, true, true
14394137, 42587, 34055, 924, 201, 191, true, true
14396562, 42595, 34058, 927, 202, 190, true, true
14408625, 42632, 34059, 928, 203, 189, true, true
14413489, 42647, 34060, 929, 204, 186, true, true
14418726, 42663, 34060, 928, 203, 186, true, true
14654732, 43395, 34060, 926, 202, 198, true, true
14658475, 43407, 34060, 922, 201, 198, true, true
14662076, 43419, 34060, 921, 200, 198, true, true
14665019, 43429, 34061, 922, 201, 197, true, true
14716105, 43588, 34064, 925, 202, 198, true, true
14757749, 43717, 34093, 954, 203, 196, true, true
14785044, 43801, 34093, 953, 202, 197, true, true
14793809, 43827, 34093, 951, 202, 197, true, true
14832547, 43946, 34116, 974, 203, 197, true, true
14837130, 43960, 34116, 973, 202, 197, true, true
14878292, 44085, 34118, 974, 203, 196, true, true
14927035, 44233, 34118, 971, 202, 197, true, true
14943130, 44281, 34118, 970, 201, 198, true, true
15032779, 44552, 34119, 971, 202, 201, true, true
15145593, 44889, 34121, 973, 203, 206, true, true
15168309, 44961, 34130, 982, 204, 208, true, true
15179093, 44995, 34130, 981, 203, 208, true, true
15224510, 45133, 34130, 980, 202, 209, true, true
15235224, 45165, 34130, 979, 202, 210, true, true
15302835, 45365, 34133, 982, 203, 207, true, true
15332826, 45459, 34134, 983, 204, 206, true, true
15489814, 45942, 34135, 983, 204, 205, true, true
15529246, 46066, 34135, 982, 203, 207, true, true
15556563, 46152, 34135, 980, 203, 207, true, true
15577367, 46214, 34135, 978, 202, 207, true, true
15582579, 46231, 34135, 977, 202, 208, true, true
15597548, 46278, 34135, 973, 201, 208, true, true
15635199, 46394, 34135, 969, 200, 210, true, true
15689581, 46563, 34137, 971, 201, 207, true, true
15738266, 46715, 34137, 970, 200, 207, true, true
15762717, 46792, 34137, 969, 199, 208, true, true
15793339, 46890, 34145, 976, 200, 209, true, true
15884849, 47170, 34147, 978, 201, 213, true, true
15888665, 47182, 34179, 1003, 202, 212, true, true
15896325, 47207, 34188, 1011, 203, 210, true, true
15926214, 47303, 34188, 1002, 202, 213, true, true
15934278, 47328, 34189, 1003, 203, 212, true, true
16045116, 47674, 34189, 1001, 202, 213, true, true
16102560, 47854, 34192, 1004, 203, 212, true, true
16138755, 47964, 34192, 1002, 203, 214, true, true
16146204, 47986, 34192, 991, 202, 214, true, true
16149459, 47997, 34192, 990, 201, 214, true, true
16173648, 48071, 34192, 989, 201, 215, true, true
16224675, 48224, 34192, 986, 200, 216, true, true
16270821, 48363, 34193, 970, 200, 215, true, true
16275053, 48376, 34194, 966, 200, 213, true, true
16338272, 48565, 34194, 964, 199, 216, true, true
16360444, 48634, 34198, 968, 200, 214, true, true
16415235, 48800, 34206, 976, 201, 212, true, true
16682957, 49618, 34207, 977, 202, 220, true, true
16688278, 49635, 34207, 975, 202, 220, true, true
16694343, 49653, 34208, 976, 203, 219, true, true
16717900, 49725, 34208, 975, 202, 219, true, true
16749394, 49824, 34208, 969, 201, 219, true, true
16856100, 50149, 34208, 967, 200, 220, true, true
16856513, 50150, 34208, 963, 200, 220, true, true
16887756, 50243, 34208, 962, 199, 220, true, true
16934805, 50385, 34209, 963, 200, 221, true, true
16961814, 50470, 34211, 965, 201, 220, true, true
17002403, 50595, 34212, 943, 201, 220, true, true
17075849, 50823, 34215, 946, 202, 221, true, true
17103723, 50913, 34220, 951, 203, 219, true, true
17111805, 50937, 34220, 945, 202, 219, true, true
17269808, 51420, 34220, 944, 201, 221, true, true
17302181, 51523, 34231, 955, 202, 219, true, true
17334265, 51620, 34235, 959, 203, 218, true, true
17373644, 51747, 34240, 964, 204, 218, true, true
17477537, 52071, 34240, 963, 203, 220, true, true
17526195, 52216, 34240, 960, 202, 221, true, true
17558660, 52315, 34240, 958, 201, 223, true, true
17618452, 52504, 34253, 970, 202, 223, true, true
17620182, 52508, 34253, 967, 201, 223, true, true
17682353, 52703, 34254, 968, 202, 223, true, true
17725956, 52843, 34258, 966, 202, 224, true, true
17872247, 53294, 34259, 967, 203, 225, true, true
17897439, 53371, 34263, 971, 204, 224, true, true
17912642, 53414, 34263, 970, 203, 225, true, true
17967767, 53583, 34267, 974, 204, 225, true, true
18005669, 53697, 34268, 975, 205, 225, true, true
18014937, 53726, 34271, 978, 206, 224, true, true
18033454, 53780, 34272, 979, 207, 224, true, true
18033695, 53781, 34272, 978, 206, 224, true, true
18060703, 53861, 34273, 976, 207, 222, true, true
18105295, 53992, 34273, 975, 206, 225, true, true
18215169, 54318, 34283, 985, 207, 225, true, true
18247618, 54413, 34303, 1005, 208, 223, true, true
18250308, 54420, 34305, 1007, 209, 221, true, true
18277920, 54503, 34305, 1002, 208, 222, true, true
18307526, 54591, 34307, 1002, 209, 221, true, true
18317261, 54620, 34307, 1001, 208, 221, true, true
18335973, 54677, 34312, 1006, 209, 220, true, true
18371529, 54777, 34315, 1009, 210, 221, true, true
18517237, 55199, 34315, 1008, 209, 226, true, true
18610629, 55474, 34317, 1007, 210, 224, true, true
18746204, 55871, 34318, 1008, 211, 223, true, true
18763773, 55924, 34318, 1002, 211, 224, true, true
18832656, 56126, 34318, 1001, 210, 226, true, true
18861273, 56210, 34318, 990, 209, 226, true, true
18877738, 56257, 34319, 988, 210, 224, true, true
18878935, 56261, 34321, 990, 211, 222, true, true
18905414, 56342, 34321, 986, 210, 222, true, true
18935744, 56431, 34321, 984, 209, 223, true, true
18942954, 56453, 34321, 983, 208, 223, true, true
19008646, 56646, 34321, 980, 208, 225, true, true
19017744, 56672, 34321, 969, 207, 225, true, true
19066341, 56811, 34323, 971, 208, 225, true, true
19170163, 57110, 34324, 972, 209, 223, true, true
19188637, 57162, 34325, 973, 210, 220, true, true
19210048, 57217, 34346, 992, 210, 220, true, true
19228174, 57261, 34349, 987, 210, 220, true, true
19271629, 57366, 34349, 985, 209, 222, true, true
19276012, 57377, 34442, 1078, 210, 221, true, true
19304447, 57446, 34442, 1077, 209, 221, true, true
19327969, 57506, 34443, 1078, 210, 221, true, true
19385546, 57644, 34444, 1079, 211, 222, true, true
19423536, 57734, 34445, 1080, 212, 221, true, true
19467399, 57845, 34447, 1080, 212, 222, true, true
19519513, 57970, 34447, 1079, 211, 222, true, true
19573540, 58100, 34447, 1078, 210, 223, true, true
19681462, 58357, 34455, 1086, 211, 223, true, true
19684466, 58365, 34456, 1087, 212, 220, true, true
19700757, 58403, 34458, 1089, 213, 219, true, true
19742722, 58514, 34458, 1086, 212, 219, true, true
19787064, 58630, 34460, 1088, 213, 218, true, true
19926506, 59014, 34460, 1086, 212, 222, true, true
19943146, 59060, 34460, 1085, 211, 222, true, true
20040140, 59330, 34472, 1087, 212, 222, true, true
20065374, 59401, 34476, 1091, 213, 220, true, true
20127591, 59573, 34477, 1092, 214, 221, true, true
20136253, 59597, 34480, 1095, 215, 221, true, true
20155694, 59652, 34482, 1097, 216, 221, true, true
20162290, 59671, 34494, 1107, 217, 219, true, true
20226272, 59847, 34494, 1106, 216, 219, true, true
20357785, 60206, 34495, 1107, 217, 223, true, true
20359616, 60210, 34496, 1108, 218, 222, true, true
20388827, 60292, 34497, 1109, 219, 223, true, true
20573805, 60803, 34497, 1108, 218, 229, true, true
20583982, 60831, 34497, 1105, 217, 229, true, true
20621426, 60937, 34498, 1103, 217, 228, true, true
20655368, 61031, 34502, 1107, 218, 227, true, true
20814113, 61468, 34502, 1106, 217, 230, true, true
21057377, 62148, 34503, 1107, 218, 232, true, true
21199731, 62543, 34504, 1108, 219, 232, true, true
21224109, 62611, 34508, 1111, 220, 233, true, true
21230991, 62631, 34509, 1112, 221, 232, true, true
21296198, 62812, 34509, 1111, 220, 232, true, true
21297938, 62817, 34509, 1110, 219, 232, true, true
21307687, 62844, 34510, 1111, 220, 228, true, true
21345774, 62947, 34510, 1109, 219, 229, true, true
21350697, 62960, 34510, 1108, 218, 229, true, true
21372444, 63018, 34510, 1107, 217, 229, true, true
21390424, 63067, 34511, 1108, 218, 227, true, true
21562179, 63533, 34512, 1109, 219, 227, true, true
21575491, 63568, 34513, 1110, 220, 225, true, true
21622896, 63698, 34545, 1112, 221, 224, true, true
21864155, 64347, 34545, 1110, 220, 228, true, true
21864375, 64348, 34546, 1111, 221, 226, true, true
21905337, 64458, 34546, 1110, 220, 227, true, true
21973206, 64643, 34555, 1110, 221, 228, true, true
22207406, 65277, 34557, 1112, 222, 230, true, true
22247261, 65391, 34558, 1113, 223, 230, true, true
22267954, 65448, 34558, 1111, 222, 230, true, true
22308954, 65562, 34562, 1109, 223, 231, true, true
22345578, 65663, 34567, 1114, 224, 230, true, true
22354126, 65685, 34568, 1111, 225, 228, true, true
22422982, 65872, 34569, 1110, 226, 227, true, true
22424949, 65878, 34569, 1105, 225, 227, true, true
22473410, 66008, 34570, 1106, 226, 229, true, true
22486567, 66043, 34571, 1107, 227, 230, true, true
22706196, 66630, 34573, 1109, 228, 233, true, true
22791241, 66853, 34573, 1108, 227, 235, true, true
22817338, 66924, 34573, 1107, 227, 235, true, true
22834471, 66970, 34573, 1087, 226, 235, true, true
22918997, 67197, 34573, 1086, 225, 237, true, true
23099984, 67692, 34573, 1084, 224, 238, true, true
23110900, 67721, 34595, 1106, 225, 238, true, true
23146505, 67817, 34598, 1109, 226, 236, true, true
23183156, 67919, 34599, 1110, 227, 231, true, true
23197179, 67956, 34600, 1110, 228, 229, true, true
23205936, 67978, 34646, 1150, 229, 228, true, true
23271890, 68158, 34649, 1153, 230, 226, true, true
23480200, 68720, 34649, 1152, 229, 227, true, true
23531203, 68860, 34649, 1137, 228, 228, true, true
23548403, 68908, 34649, 1132, 227, 229, true, true
23612055, 69083, 34654, 1137, 228, 226, true, true
23628126, 69127, 34654, 1136, 227, 226, true, true
24173595, 70622, 34654, 1135, 226, 232, true, true
24233775, 70793, 34655, 1136, 227, 233, true, true
24592801, 71804, 34656, 1137, 228, 237, true, true
24605184, 71840, 34656, 1132, 227, 237, true, true
24643052, 71946, 34661, 1137, 228, 239, true, true
24660523, 71995, 34661, 1129, 227, 240, true, true
24754784, 72267, 34662, 1130, 228, 237, true, true
24776253, 72322, 34666, 1132, 229, 236, true, true
24826087, 72464, 34666, 1131, 228, 236, true, true
24832230, 72483, 34666, 1130, 227, 236, true, true
25010535, 72989, 34666, 1129, 227, 241, true, true
25022434, 73025, 34670, 1133, 228, 240, true, true
25028065, 73041, 34670, 1131, 227, 240, true, true
25031038, 73050, 34673, 1134, 228, 239, true, true
25037069, 73066, 34708, 1169, 229, 238, true, true
25270571, 73722, 34709, 1170, 230, 244, true, true
25308719, 73833, 34709, 1162, 229, 245, true, true
25324543, 73878, 34709, 1159, 228, 247, true, true
25362502, 73988, 34709, 1158, 227, 247, true, true
25396927, 74084, 34709, 1146, 226, 248, true, true
25420513, 74149, 34715, 1150, 226, 247, true, true
25474831, 74297, 34715, 1148, 225, 249, true, true
25529754, 74453, 34717, 1150, 226, 246, true, true
25530212, 74454, 34718, 1150, 227, 245, true, true
25547514, 74502, 34718, 1149, 226, 245, true, true
25581929, 74597, 34718, 1148, 225, 247, true, true
25596083, 74637, 34718, 1147, 224, 248, true, true
25598254, 74643, 34718, 1146, 224, 248, true, true
25617027, 74694, 34719, 1146, 224, 248, true, true
25617745, 74696, 34719, 1145, 224, 248, true, true
25762289, 75084, 34720, 1146, 225, 249, true, true
25841079, 75298, 34720, 1113, 224, 250, true, true
25859961, 75350, 34720, 1112, 223, 252, true, true
25900533, 75465, 34720, 1110, 222, 253, true, true
25985172, 75692, 34721, 1111, 223, 252, true, true
26027082, 75806, 34721, 1107, 221, 253, true, true
26224213, 76341, 34721, 1106, 220, 255, true, true
26263923, 76447, 34722, 1107, 221, 252, true, true
26299021, 76544, 34722, 1106, 220, 253, true, true
26311091, 76573, 34725, 1109, 221, 246, true, true
26355041, 76691, 34726, 1110, 222, 246, true, true
26465791, 76985, 34728, 1112, 223, 242, true, true
26483900, 77033, 34731, 1115, 224, 240, true, true
26512380, 77110, 34735, 1119, 225, 239, true, true
26555120, 77223, 34735, 1116, 224, 239, true, true
26579155, 77289, 34736, 1117, 225, 237, true, true
26589002, 77315, 34736, 1116, 224, 237, true, true
26602527, 77352, 34738, 1118, 225, 236, true, true
26657423, 77496, 34738, 1116, 224, 236, true, true
26783720, 77825, 34739, 1114, 225, 235, true, true
26843234, 77975, 34740, 1115, 226, 230, true, true
26898349, 78120, 34743, 1118, 227, 229, true, true
27015172, 78428, 34755, 1125, 227, 231, true, true
27156347, 78790, 34755, 1119, 226, 233, true, true
27246471, 79029, 34755, 1118, 225, 235, true, true
27250143, 79039, 34755, 1114, 225, 235, true, true
27379552, 79379, 34769, 1103, 225, 234, true, true
27399501, 79433, 34774, 1108, 226, 233, true, true
27468035, 79611, 34775, 1106, 227, 232, true, true
27634333, 80052, 34776, 1107, 228, 231, true, true
27642194, 80074, 34786, 1117, 229, 230, true, true
27774219, 80412, 34786, 1109, 229, 231, true, true
27925587, 80808, 34794, 1113, 230, 232, true, true
28007196, 81018, 34794, 1097, 229, 233, true, true
28105558, 81278, 34808, 1105, 229, 235, true, true
28118600, 81312, 34810, 1107, 230, 234, true, true
28127128, 81334, 34810, 1105, 229, 234, true, true
28263464, 81683, 34816, 1107, 229, 234, true, true
28276727, 81718, 34816, 1104, 228, 234, true, true
28516762, 82342, 34816, 1103, 227, 238, true, true
28574845, 82487, 34820, 1107, 228, 237, true, true
28601728, 82558, 34820, 1106, 227, 237, true, true
28715427, 82855, 34821, 1107, 228, 237, true, true
28777361, 83023, 34831, 1105, 228, 236, true, true
28838635, 83185, 34844, 1118, 229, 236, true, true
28952985, 83489, 34844, 1116, 228, 238, true, true
29120575, 83942, 34856, 1116, 228, 240, true, true
29309128, 84442, 34858, 1118, 229, 235, true, true
29344337, 84538, 34865, 1125, 230, 234, true, true
29640846, 85348, 34867, 1127, 231, 237, true, true
29696392, 85502, 34867, 1125, 230, 238, true, true
29724879, 85583, 34867, 1107, 229, 239, true, true
29736501, 85616, 34867, 1106, 228, 239, true, true
29778472, 85730, 34868, 1107, 229, 237, true, true
29801879, 85793, 34870, 1109, 230, 236, true, true
29860250, 85949, 34873, 1111, 231, 235, true, true
29930333, 86138, 34875, 1113, 232, 235, true, true
29965002, 86229, 34875, 1105, 231, 235, true, true
29998074, 86316, 34875, 1104, 230, 236, true, true
30097638, 86584, 34875, 1103, 230, 238, true, true
30099791, 86591, 34877, 1105, 231, 236, true, true
30140538, 86699, 34877, 1088, 229, 238, true, true
30198938, 86852, 34884, 1095, 230, 236, true, true
30205281, 86869, 34884, 1094, 229, 237, true, true
30307067, 87140, 34884, 1092, 228, 238, true, true
30358081, 87277, 34912, 1112, 228, 237, true, true
30453155, 87525, 34912, 1111, 227, 240, true, true
30503924, 87663, 34912, 1109, 227, 240, true, true
30749998, 88334, 34922, 1115, 227, 243, true, true
30819261, 88524, 34924, 1117, 228, 244, true, true
30879142, 88688, 34925, 1118, 229, 244, true, true
30912281, 88777, 34925, 1117, 228, 247, true, true
30930205, 88824, 34928, 1120, 229, 246, true, true
30930788, 88826, 34933, 1125, 230, 245, true, true
31007507, 89035, 34946, 1138, 231, 245, true, true
31085121, 89242, 34946, 1137, 230, 247, true, true
31106466, 89300, 34946, 1134, 228, 248, true, true
31122946, 89345, 34947, 1135, 229, 247, true, true
31142980, 89398, 34947, 1134, 228, 247, true, true
31163154, 89450, 34947, 1132, 227, 247, true, true
31216917, 89592, 34947, 1131, 226, 250, true, true
31237273, 89642, 34947, 1129, 225, 250, true, true
31273105, 89737, 34954, 1136, 226, 247, true, true
31303206, 89812, 34959, 1141, 227, 247, true, true
31325190, 89870, 34959, 1140, 226, 248, true, true
31378442, 90011, 34959, 1122, 225, 249, true, true
31481240, 90281, 34963, 1126, 226, 250, true, true
31722930, 90917, 34964, 1127, 227, 250, true, true
31807487, 91138, 34964, 1126, 226, 251, true, true
31916998, 91426, 34965, 1127, 227, 251, true, true
31930220, 91460, 34966, 1128, 228, 247, true, true
31956601, 91530, 34966, 1125, 226, 247, true, true
31982720, 91598, 34966, 1114, 225, 247, true, true
32125385, 91962, 34970, 1110, 226, 248, true, true
32307672, 92436, 34970, 1109, 225, 249, true, true
32387177, 92643, 34970, 1102, 224, 252, true, true
32490910, 92918, 34971, 1103, 225, 250, true, true
32497588, 92936, 34971, 1101, 224, 250, true, true
32561416, 93102, 34971, 1100, 223, 252, true, true
32590592, 93177, 34971, 1099, 222, 252, true, true
32741770, 93572, 34974, 1101, 222, 250, true, true
32747174, 93586, 34974, 1100, 221, 250, true, true
32775851, 93661, 34974, 1096, 220, 250, true, true
32821492, 93781, 34977, 1098, 221, 249, true, true
32878141, 93925, 34979, 1100, 222, 246, true, true
32979750, 94189, 34985, 1106, 223, 246, true, true
33079789, 94446, 34985, 1104, 222, 246, true, true
33136647, 94596, 34986, 1104, 222, 245, true, true
33261693, 94917, 34986, 1103, 221, 247, true, true
33380414, 95221, 34986, 1100, 220, 248, true, true
33566568, 95695, 34986, 1094, 219, 249, true, true
33631610, 95862, 34989, 1096, 220, 248, true, true
33693885, 96021, 34989, 1095, 219, 249, true, true
33998475, 96808, 34998, 1104, 220, 242, true, true
34053684, 96953, 35000, 1106, 221, 240, true, true
34104420, 97083, 35000, 1105, 220, 240, true, true
34461325, 98007, 35001, 1106, 221, 239, true, true
34469273, 98026, 35001, 1103, 220, 239, true, true
34529465, 98181, 35001, 1102, 219, 241, true, true
34539957, 98206, 35001, 1072, 218, 241, true, true
34560743, 98260, 35001, 1071, 217, 241, true, true
34668840, 98532, 35002, 1072, 218, 239, true, true
34715321, 98646, 35002, 1063, 217, 239, true, true
34761533, 98762, 35002, 1062, 216, 240, true, true
34773863, 98792, 35002, 1060, 215, 240, true, true
34781249, 98809, 35003, 1061, 216, 239, true, true
34798407, 98853, 35005, 1063, 217, 238, true, true
34839705, 98957, 35008, 1066, 218, 232, true, true
34883790, 99063, 35010, 1067, 219, 231, true, true
35248673, 99960, 35010, 1066, 218, 234, true, true
35286858, 100055, 35010, 1065, 217, 235, true, true
35455472, 100479, 35010, 1062, 216, 238, true, true
35465448, 100505, 35015, 1059, 217, 235, true, true
35518004, 100637, 35015, 1052, 216, 236, true, true
35628292, 100904, 35017, 1031, 216, 233, true, true
35743064, 101189, 35017, 1030, 215, 233, true, true
35808090, 101347, 35019, 1030, 214, 230, true, true
35835901, 101415, 35061, 1062, 215, 228, true, true
36123712, 102128, 35061, 1059, 215, 232, true, true
36234606, 102404, 35063, 1061, 216, 231, true, true
36262439, 102471, 35063, 1058, 215, 231, true, true
36348760, 102678, 35063, 1053, 214, 232, true, true
36428724, 102876, 35063, 1050, 213, 232, true, true
36623129, 103364, 35065, 1052, 214, 232, true, true
36750440, 103681, 35066, 1053, 215, 229, true, true
36907465, 104065, 35067, 1054, 216, 233, true, true
36979280, 104242, 35067, 1051, 215, 234, true, true
37056070, 104435, 35068, 1052, 216, 228, true, true
37057346, 104439, 35070, 1054, 217, 227, true, true
37095015, 104531, 35070, 1053, 216, 228, true, true
37294610, 105023, 35070, 1051, 215, 229, true, true
37348233, 105160, 35076, 1057, 216, 229, true, true
37505620, 105543, 35080, 1061, 217, 225, true, true
37611998, 105806, 35080, 1049, 216, 226, true, true
37757469, 106171, 35080, 1048, 215, 226, true, true
37821137, 106330, 35080, 1047, 214, 228, true, true
37885334, 106492, 35082, 1049, 215, 228, true, true
37998822, 106774, 35082, 1039, 215, 229, true, true
38028876, 106848, 35082, 1038, 214, 230, true, true
38228815, 107354, 35082, 1037, 213, 232, true, true
38309141, 107557, 35083, 1038, 214, 231, true, true
38334667, 107622, 35083, 1037, 213, 231, true, true
38408187, 107806, 35083, 1036, 212, 232, true, true
38425442, 107849, 35087, 1040, 213, 231, true, true
38833207, 108856, 35095, 1048, 214, 230, true, true
38989827, 109256, 35096, 1049, 215, 229, true, true
39126506, 109638, 35098, 1051, 216, 229, true, true
39173530, 109773, 35099, 1052, 217, 230, true, true
39198071, 109847, 35103, 1056, 218, 230, true, true
39322948, 110203, 35103, 1055, 217, 231, true, true
39354825, 110294, 35106, 1058, 218, 231, true, true
39398374, 110418, 35106, 1057, 217, 231, true, true
39639749, 111107, 35107, 1058, 218, 232, true, true
39680289, 111223, 35113, 1064, 219, 231, true, true
39916596, 111896, 35127, 1078, 220, 233, true, true
39992351, 112110, 35127, 1076, 219, 235, true, true
40252681, 112849, 35128, 1077, 220, 235, true, true
40287184, 112950, 35137, 1086, 221, 234, true, true
40364107, 113174, 35145, 1085, 222, 233, true, true
40511439, 113601, 35163, 1070, 223, 231, true, true
40531738, 113660, 35164, 1071, 224, 230, true, true
40727665, 114232, 35165, 1072, 225, 225, true, true
40760325, 114326, 35167, 1074, 226, 224, true, true
40802084, 114446, 35225, 1132, 227, 223, true, true
40883968, 114680, 35226, 1133, 228, 222, true, true
40958493, 114896, 35230, 1135, 229, 221, true, true
41035360, 115120, 35248, 1143, 230, 219, true, true
41037003, 115125, 35248, 1141, 229, 219, true, true
41082644, 115259, 35250, 1142, 230, 215, true, true
41189355, 115565, 35252, 1144, 231, 215, true, true
41215534, 115640, 35252, 1143, 230, 216, true, true
41221609, 115659, 35253, 1144, 231, 215, true, true
41405950, 116189, 35253, 1142, 230, 217, true, true
41427880, 116253, 35253, 1138, 229, 218, true, true
41511458, 116490, 35253, 1137, 228, 218, true, true
41857268, 117484, 35253, 1135, 227, 218, true, true
41904755, 117624, 35253, 1134, 227, 218, true, true
41991946, 117875, 35306, 1187, 228, 218, true, true
42015969, 117945, 35308, 1181, 229, 217, true, true
42044620, 118028, 35312, 1185, 230, 215, true, true
42242492, 118595, 35329, 1201, 231, 216, true, true
42297371, 118749, 35330, 1202, 232, 215, true, true
42306337, 118775, 35338, 1210, 233, 214, true, true
42396436, 119030, 35340, 1210, 233, 213, true, true
42429327, 119124, 35341, 1211, 234, 213, true, true
42439488, 119153, 35344, 1214, 235, 207, true, true
42489719, 119297, 35371, 1241, 236, 207, true, true
42647516, 119753, 35372, 1242, 237, 204, true, true
42678015, 119840, 35376, 1246, 238, 202, true, true
42694553, 119888, 35379, 1249, 239, 201, true, true
42727355, 119988, 35379, 1207, 238, 201, true, true
42803090, 120203, 35382, 1209, 239, 200, true, true
42886319, 120444, 35384, 1211, 240, 200, true, true
43008463, 120798, 35384, 1210, 240, 202, true, true
43045912, 120907, 35385, 1211, 241, 202, true, true
43206329, 121363, 35385, 1208, 240, 207, true, true
43289120, 121596, 35463, 1283, 241, 206, true, true
43298057, 121621, 35463, 1271, 240, 206, true, true
43322820, 121694, 35464, 1235, 241, 205, true, true
43374115, 121840, 35464, 1214, 240, 205, true, true
43474621, 122130, 35467, 1211, 241, 203, true, true
43536043, 122308, 35468, 1212, 242, 203, true, true
43644677, 122611, 35468, 1208, 241, 203, true, true
43690607, 122741, 35468, 1202, 241, 203, true, true
43747338, 122900, 35468, 1192, 240, 203, true, true
43778204, 122986, 35469, 1192, 240, 202, true, true
43905499, 123344, 35470, 1193, 241, 201, true, true
43937426, 123435, 35472, 1195, 242, 199, true, true
43954516, 123480, 35472, 1193, 242, 199, true, true
44060344, 123775, 35472, 1181, 240, 201, true, true
44107573, 123904, 35473, 1182, 241, 200, true, true
44555815, 125141, 35473, 1181, 240, 203, true, true
44556034, 125142, 35477, 1185, 241, 200, true, true
44570256, 125182, 35477, 1184, 240, 200, true, true
45179078, 126891, 35477, 1183, 239, 209, true, true
45600095, 128099, 35477, 1178, 238, 213, true, true
45735103, 128489, 35521, 1222, 239, 213, true, true
45737856, 128497, 35521, 1218, 237, 213, true, true
45791994, 128652, 35521, 1214, 236, 215, true, true
45919882, 129013, 35521, 1213, 235, 215, true, true
45925395, 129030, 35521, 1209, 234, 215, true, true
45927817, 129038, 35524, 1212, 235, 214, true, true
46198154, 129813, 35524, 1211, 234, 217, true, true
46205248, 129834, 35525, 1212, 235, 216, true, true
46422613, 130444, 35528, 1215, 236, 216, true, true
46497870, 130655, 35531, 1218, 237, 214, true, true
46524747, 130733, 35531, 1217, 236, 214, true, true
46608999, 130968, 35531, 1216, 235, 215, true, true
46857809, 131661, 35531, 1214, 234, 217, true, true
46905918, 131796, 35536, 1219, 235, 216, true, true
46928090, 131856, 35537, 1220, 236, 214, true, true
46996702, 132049, 35538, 1214, 237, 214, true, true
47141771, 132524, 35538, 1213, 236, 216, true, true
47158374, 132579, 35538, 1212, 235, 217, true, true
47365015, 133311, 35538, 1211, 234, 221, true, true
47610664, 134189, 35540, 1213, 235, 221, true, true
47669478, 134405, 35541, 1214, 236, 220, true, true
47742998, 134664, 35541, 1213, 236, 222, true, true
47957168, 135424, 35541, 1210, 235, 226, true, true
48132235, 136048, 35541, 1209, 234, 228, true, true
48176288, 136205, 35544, 1211, 235, 225, true, true
48190304, 136255, 35545, 1212, 236, 225, true, true
48199667, 136288, 35545, 1211, 235, 225, true, true
48218914, 136357, 35547, 1213, 236, 224, true, true
48259005, 136501, 35547, 1212, 235, 225, true, true
48407902, 137041, 35547, 1211, 234, 226, true, true
48417056, 137075, 35547, 1204, 233, 226, true, true
48576997, 137652, 35561, 1218, 234, 226, true, true
48609308, 137775, 35572, 1229, 235, 225, true, true
49138820, 139672, 35572, 1225, 234, 227, true, true
49144915, 139694, 35573, 1226, 235, 223, true, true
49198795, 139886, 35573, 1225, 234, 224, true, true
49331969, 140359, 35573, 1222, 233, 226, true, true
49435052, 140728, 35573, 1221, 232, 226, true, true
49576238, 141223, 35573, 1219, 231, 227, true, true
49745874, 141821, 35577, 1213, 232, 228, true, true
49852330, 142195, 35578, 1214, 233, 229, true, true
49874055, 142273, 35580, 1216, 234, 228, true, true
50076997, 142976, 35580, 1214, 233, 229, true, true
50097021, 143043, 35580, 1208, 233, 229, true, true
50178270, 143333, 35580, 1207, 232, 230, true, true
50279844, 143689, 35581, 1208, 233, 228, true, true
50305327, 143782, 35587, 1214, 234, 224, true, true
50318598, 143830, 35587, 1213, 233, 224, true, true
50353690, 143957, 35587, 1212, 232, 224, true, true
50358301, 143972, 35588, 1213, 233, 223, true, true
50494785, 144441, 35588, 1209, 232, 228, true, true
50702534, 145155, 35589, 1210, 233, 228, true, true
50705887, 145166, 35591, 1212, 234, 227, true, true
50731328, 145253, 35592, 1212, 235, 225, true, true
50806730, 145515, 35592, 1208, 234, 225, true, true
50830531, 145597, 35596, 1212, 235, 224, true, true
50911564, 145871, 35597, 1213, 236, 223, true, true
51123028, 146600, 35613, 1213, 236, 223, true, true
51136740, 146649, 35615, 1215, 237, 224, true, true
51232332, 146981, 35618, 1218, 238, 222, true, true
51331516, 147323, 35618, 1214, 238, 223, true, true
51358384, 147415, 35620, 1216, 239, 223, true, true
51369223, 147454, 35620, 1214, 238, 224, true, true
51451539, 147737, 35621, 1215, 239, 223, true, true
51452579, 147741, 35622, 1216, 240, 222, true, true
51507020, 147936, 35622, 1212, 239, 223, true, true
51551527, 148096, 35624, 1214, 240, 222, true, true
51625668, 148355, 35624, 1210, 239, 227, true, true
51833726, 149062, 35625, 1211, 240, 230, true, true
51857770, 149146, 35626, 1212, 241, 226, true, true
52066296, 149883, 35626, 1211, 240, 227, true, true
52069898, 149896, 35626, 1210, 239, 227, true, true
52172339, 150262, 35628, 1212, 240, 226, true, true
52282070, 150652, 35632, 1216, 241, 226, true, true
52350231, 150898, 35640, 1224, 242, 225, true, true
52387759, 151029, 35657, 1232, 243, 220, true, true
52435104, 151195, 35657, 1231, 242, 221, true, true
52717713, 152178, 35658, 1232, 243, 221, true, true
52891289, 152774, 35658, 1231, 242, 223, true, true
52943596, 152953, 35658, 1138, 241, 223, true, true
52952656, 152986, 35659, 1139, 242, 221, true, true
52989713, 153110, 35668, 1148, 243, 221, true, true
53005264, 153163, 35670, 1150, 244, 220, true, true
53094460, 153463, 35670, 1145, 243, 222, true, true
53184224, 153768, 35680, 1155, 244, 221, true, true
53274535, 154074, 35680, 1154, 243, 221, true, true
53415704, 154562, 35684, 1158, 244, 222, true, true
53609992, 155247, 35684, 1150, 244, 223, true, true
53647138, 155380, 35684, 1148, 243, 223, true, true
53801488, 155926, 35684, 1119, 242, 227, true, true
53916918, 156326, 35684, 1114, 241, 228, true, true
53941705, 156414, 35685, 1115, 242, 227, true, true
54216675, 157374, 35696, 1126, 243, 231, true, true
54254614, 157507, 35696, 1125, 243, 231, true, true
54332142, 157778, 35696, 1124, 242, 232, true, true
54391095, 157982, 35703, 1098, 242, 232, true, true
54580866, 158647, 35703, 1096, 241, 235, true, true
54852701, 159586, 35703, 1095, 240, 238, true, true
55256175, 160989, 35703, 1094, 239, 245, true, true
55355536, 161339, 35703, 1083, 237, 246, true, true
55373583, 161402, 35703, 1082, 236, 246, true, true
55383578, 161439, 35705, 1083, 237, 245, true, true
55601092, 162214, 35705, 1082, 236, 247, true, true
55663628, 162434, 35705, 1080, 236, 247, true, true
55674623, 162472, 35706, 1081, 237, 246, true, true
55749308, 162736, 35707, 1082, 238, 244, true, true
56037729, 163751, 35713, 1088, 239, 244, true, true
56078194, 163895, 35713, 1083, 238, 244, true, true
56108607, 164004, 35716, 1086, 239, 243, true, true
56236274, 164445, 35716, 1085, 238, 245, true, true
56339128, 164814, 35716, 1073, 238, 245, true, true
56510074, 165405, 35716, 1070, 237, 247, true, true
56726014, 166154, 35717, 1071, 238, 248, true, true
56981179, 167047, 35719, 1073, 239, 248, true, true
57017457, 167182, 35722, 1076, 240, 246, true, true
57140039, 167622, 35722, 1075, 239, 248, true, true
57222112, 167903, 35722, 1074, 238, 248, true, true
57471000, 168793, 35722, 1073, 238, 250, true, true
57792457, 169947, 35728, 1079, 239, 251, true, true
57890252, 170298, 35728, 1078, 238, 251, true, true
57905761, 170353, 35729, 1079, 239, 248, true, true
58068371, 170926, 35730, 1080, 240, 246, true, true
58098602, 171033, 35735, 1085, 241, 245, true, true
58249451, 171563, 35735, 1084, 241, 246, true, true
58420766, 172168, 35735, 1081, 240, 249, true, true
58432602, 172211, 35742, 1088, 241, 248, true, true
58584591, 172756, 35744, 1068, 242, 246, true, true
58754196, 173362, 35760, 1084, 243, 245, true, true
58778741, 173444, 35761, 1085, 244, 243, true, true
58854590, 173715, 35764, 1088, 245, 242, true, true
59073305, 174491, 35764, 1086, 244, 242, true, true
59112242, 174631, 35764, 1085, 243, 243, true, true
59173599, 174854, 35765, 1063, 244, 243, true, true
59355204, 175519, 35768, 1066, 245, 241, true, true
59380365, 175609, 35768, 1062, 244, 241, true, true
59446525, 175842, 35768, 1061, 244, 241, true, true
59692091, 176707, 35810, 1081, 245, 243, true, true
59702139, 176744, 35810, 1079, 244, 243, true, true
59755873, 176934, 35810, 1077, 243, 244, true, true
59858523, 177303, 35812, 1079, 244, 240, true, true
59903665, 177466, 35813, 1080, 245, 241, true, true
60110467, 178200, 35815, 1078, 246, 241, true, true
60151915, 178345, 35816, 1079, 247, 239, true, true
60214219, 178563, 35832, 1095, 248, 237, true, true
60336551, 178989, 35836, 1099, 249, 235, true, true
60361886, 179084, 35838, 1101, 250, 232, true, true
60410235, 179256, 35838, 1100, 249, 232, true, true
60480825, 179518, 35838, 1096, 248, 234, true, true
60498813, 179582, 35839, 1097, 249, 233, true, true
60512879, 179633, 35840, 1098, 250, 232, true, true
60616241, 179999, 35959, 1217, 251, 232, true, true
60759149, 180512, 35962, 1220, 252, 230, true, true
61056506, 181563, 35963, 1221, 253, 232, true, true
61087213, 181670, 35965, 1223, 254, 231, true, true
61158365, 181918, 35967, 1225, 255, 229, true, true
61321798, 182490, 35968, 1226, 256, 228, true, true
61437372, 182901, 35968, 1224, 255, 228, true, true
61571678, 183384, 35970, 1226, 256, 226, true, true
61682575, 183777, 35970, 1225, 255, 228, true, true
62017259, 184963, 35976, 1221, 256, 223, true, true
62076124, 185168, 35977, 1222, 257, 221, true, true
62091667, 185219, 35981, 1226, 258, 220, true, true
62291331, 185935, 35983, 1228, 259, 219, true, true
62619379, 187114, 35983, 1227, 258, 222, true, true
62697261, 187388, 35984, 1228, 259, 222, true, true
62919319, 188192, 35986, 1230, 260, 223, true, true
63210886, 189247, 35992, 1236, 261, 222, true, true
63279898, 189498, 35993, 1237, 262, 221, true, true
63388606, 189904, 35999, 1229, 263, 219, true, true
63679153, 190972, 36011, 1235, 264, 220, true, true
63938491, 191919, 36014, 1238, 265, 220, true, true
64292534, 193220, 36015, 1239, 266, 218, true, true
64848828, 195287, 36033, 1254, 266, 222, true, true
64931002, 195585, 36033, 1253, 265, 223, true, true
65008646, 195871, 36033, 1252, 264, 223, true, true
65091666, 196174, 36033, 1250, 263, 224, true, true
65129581, 196309, 36033, 1247, 262, 224, true, true
65207295, 196596, 36033, 1245, 261, 226, true, true
65243948, 196736, 36033, 1244, 260, 226, true, true
65400114, 197320, 36033, 1243, 259, 228, true, true
65695653, 198437, 36033, 1238, 258, 229, true, true
65738550, 198603, 36043, 1248, 259, 228, true, true
65791029, 198800, 36045, 1249, 260, 227, true, true
66116345, 200039, 36045, 1246, 259, 229, true, true
66170402, 200237, 36045, 1245, 258, 229, true, true
66230434, 200459, 36045, 1231, 258, 229, true, true
66275366, 200625, 36045, 1229, 256, 231, true, true
66311155, 200756, 36045, 1221, 255, 231, true, true
66427275, 201190, 36046, 1222, 256, 231, true, true
66456604, 201302, 36046, 1220, 255, 231, true, true
66622738, 201911, 36046, 1219, 254, 233, true, true
66773175, 202463, 36050, 1223, 255, 232, true, true
66952615, 203120, 36052, 1225, 256, 232, true, true
66970115, 203185, 36052, 1224, 255, 232, true, true
67076771, 203582, 36053, 1225, 256, 229, true, true
67157934, 203885, 36053, 1221, 255, 229, true, true
67164712, 203913, 36054, 1222, 256, 228, true, true
67257886, 204262, 36054, 1216, 255, 229, true, true
67308945, 204448, 36055, 1217, 256, 228, true, true
67406085, 204808, 36056, 1218, 257, 227, true, true
67455290, 204992, 36060, 1216, 258, 224, true, true
67635833, 205650, 36060, 1214, 257, 225, true, true
67744141, 206038, 36060, 1213, 256, 226, true, true
67821371, 206315, 36062, 1215, 257, 225, true, true
67977658, 206874, 36067, 1219, 258, 224, true, true
68179229, 207612, 36069, 1220, 259, 223, true, true
68214917, 207747, 36070, 1221, 260, 220, true, true
68314800, 208116, 36072, 1223, 261, 220, true, true
68416484, 208472, 36073, 1216, 262, 221, true, true
68523159, 208852, 36076, 1219, 263, 221, true, true
68551146, 208950, 36077, 1220, 264, 220, true, true
68793123, 209799, 36077, 1218, 263, 222, true, true
68873998, 210091, 36077, 1216, 262, 222, true, true
68975883, 210456, 36078, 1216, 262, 215, true, true
69224690, 211356, 36079, 1217, 263, 215, true, true
69588865, 212653, 36082, 1218, 263, 217, true, true
69597278, 212683, 36082, 1216, 262, 218, true, true
69626363, 212789, 36086, 1220, 263, 216, true, true
69776628, 213331, 36087, 1221, 264, 212, true, true
69867305, 213657, 36087, 1220, 263, 213, true, true
70128764, 214592, 36100, 1233, 264, 211, true, true
70129037, 214593, 36100, 1232, 263, 211, true, true
70283841, 215145, 36100, 1229, 262, 212, true, true
70363850, 215438, 36100, 1227, 261, 212, true, true
70786005, 216948, 36100, 1225, 260, 215, true, true
71122048, 218167, 36100, 1222, 259, 217, true, true
71411851, 219245, 36102, 1223, 260, 217, true, true
71445590, 219367, 36103, 1224, 261, 211, true, true
71523648, 219646, 36104, 1225, 262, 210, true, true
71622246, 220009, 36106, 1227, 263, 210, true, true
71651413, 220115, 36106, 1213, 262, 210, true, true
71777207, 220565, 36106, 1212, 261, 212, true, true
71812023, 220691, 36106, 1208, 260, 212, true, true
71876127, 220924, 36108, 1209, 261, 206, true, true
71902844, 221020, 36108, 1208, 260, 207, true, true
71919240, 221080, 36109, 1209, 261, 205, true, true
71938777, 221150, 36113, 1213, 262, 204, true, true
72012691, 221412, 36113, 1207, 261, 204, true, true
72101605, 221735, 36113, 1206, 260, 204, true, true
72171667, 221977, 36113, 1203, 259, 204, true, true
72172215, 221979, 36120, 1210, 260, 201, true, true
72185668, 222026, 36120, 1204, 259, 201, true, true
72537515, 223283, 36123, 1207, 260, 194, true, true
72545925, 223312, 36123, 1206, 259, 194, true, true
72611045, 223546, 36123, 1204, 258, 195, true, true
72706398, 223878, 36136, 1217, 259, 193, true, true
72854103, 224393, 36136, 1216, 258, 193, true, true
73035784, 225034, 36137, 1217, 259, 192, true, true
73099516, 225265, 36137, 1215, 258, 192, true, true
73296684, 225951, 36137, 1214, 257, 194, true, true
73469728, 226567, 36137, 1213, 256, 195, true, true
73533252, 226787, 36137, 1212, 255, 195, true, true
73715476, 227425, 36137, 1208, 254, 196, true, true
74015641, 228503, 36138, 1209, 255, 202, true, true
74569881, 230482, 36139, 1210, 256, 206, true, true
74677277, 230879, 36140, 1211, 257, 205, true, true
74753746, 231152, 36148, 1219, 258, 205, true, true
74871722, 231580, 36148, 1218, 257, 206, true, true
74996914, 232024, 36149, 1219, 258, 204, true, true
75164072, 232617, 36149, 1217, 257, 204, true, true
75245498, 232910, 36149, 1213, 256, 204, true, true
75471917, 233707, 36149, 1208, 255, 208, true, true
75991320, 235579, 36152, 1211, 256, 211, true, true
76163192, 236215, 36155, 1190, 257, 212, true, true
76185522, 236295, 36158, 1193, 258, 210, true, true
76193588, 236322, 36158, 1190, 257, 210, true, true
76241569, 236496, 36158, 1186, 256, 210, true, true
76264907, 236578, 36159, 1187, 257, 209, true, true
76282747, 236642, 36167, 1195, 258, 208, true, true
76458405, 237254, 36172, 1200, 259, 209, true, true
76521006, 237481, 36173, 1201, 260, 207, true, true
76697440, 238107, 36173, 1200, 259, 207, true, true
76713217, 238160, 36177, 1204, 260, 206, true, true
76763766, 238334, 36177, 1195, 259, 206, true, true
77489172, 240877, 36177, 1190, 258, 207, true, true
77501358, 240922, 36178, 1191, 259, 204, true, true
77672634, 241556, 36179, 1192, 260, 205, true, true
77706156, 241682, 36179, 1181, 259, 205, true, true
77833470, 242141, 36180, 1182, 260, 205, true, true
77849792, 242197, 36180, 1175, 259, 205, true, true
77886190, 242326, 36202, 1189, 260, 204, true, true
77903807, 242388, 36202, 1188, 259, 204, true, true
78510737, 244573, 36206, 1192, 260, 207, true, true
78658615, 245111, 36206, 1190, 259, 207, true, true
78821886, 245699, 36206, 1186, 258, 208, true, true
78836058, 245750, 36206, 1183, 257, 209, true, true
79048005, 246527, 36206, 1180, 256, 212, true, true
79261198, 247292, 36207, 1181, 257, 214, true, true
79285528, 247380, 36207, 1180, 256, 214, true, true
79383351, 247739, 36207, 1179, 255, 214, true, true
79987798, 249921, 36207, 1175, 254, 217, true, true
80028488, 250067, 36207, 1173, 253, 217, true, true
80044594, 250124, 36210, 1176, 254, 215, true, true
80088981, 250281, 36212, 1178, 255, 211, true, true
80116980, 250386, 36213, 1174, 255, 210, true, true
80170597, 250576, 36213, 1158, 254, 210, true, true
80333837, 251168, 36226, 1171, 255, 206, true, true
80362436, 251273, 36226, 1160, 254, 206, true, true
80424066, 251495, 36231, 1165, 255, 205, true, true
80485866, 251712, 36231, 1163, 254, 205, true, true
80601284, 252119, 36231, 1161, 253, 205, true, true
80686377, 252419, 36232, 1162, 254, 204, true, true
81058744, 253733, 36232, 1159, 253, 206, true, true
81200776, 254243, 36235, 1162, 254, 206, true, true
81367824, 254840, 36236, 1161, 254, 205, true, true
81436938, 255078, 36237, 1162, 255, 203, true, true
81909013, 256726, 36240, 1165, 256, 208, true, true
82040376, 257177, 36240, 1164, 255, 210, true, true
82042693, 257185, 36240, 1163, 254, 210, true, true
82064137, 257259, 36240, 1159, 253, 211, true, true
82309213, 258109, 36240, 1158, 252, 214, true, true
82309264, 258110, 36241, 1159, 253, 212, true, true
82350903, 258267, 36242, 1160, 254, 208, true, true
82352957, 258274, 36242, 1157, 253, 208, true, true
82549822, 258978, 36242, 1156, 252, 213, true, true
82776250, 259776, 36242, 1154, 251, 216, true, true
82806872, 259882, 36242, 1153, 250, 216, true, true
83032710, 260678, 36242, 1152, 249, 217, true, true
83303626, 261630, 36242, 1138, 248, 218, true, true
83699436, 263032, 36242, 1137, 247, 218, true, true
83721224, 263114, 36244, 1139, 248, 217, true, true
83787939, 263348, 36245, 1140, 249, 217, true, true
83816012, 263447, 36245, 1139, 249, 218, true, true
83852379, 263573, 36245, 1137, 248, 218, true, true
83955266, 263930, 36245, 1124, 247, 220, true, true
84019928, 264157, 36245, 1121, 246, 220, true, true
84294746, 265137, 36246, 1122, 247, 220, true, true
84378003, 265426, 36246, 1121, 246, 220, true, true
84439566, 265644, 36246, 1120, 245, 221, true, true
84478209, 265775, 36246, 1119, 244, 221, true, true
84658574, 266399, 36246, 1116, 243, 221, true, true
84747070, 266704, 36247, 1117, 244, 220, true, true
84899408, 267223, 36247, 1115, 243, 220, true, true
85145301, 268058, 36250, 1118, 244, 220, true, true
85375038, 268833, 36251, 1119, 245, 219, true, true
85838200, 270429, 36255, 1116, 246, 218, true, true
85908827, 270669, 36255, 1115, 245, 219, true, true
86127347, 271425, 36256, 1116, 246, 217, true, true
86236433, 271802, 36256, 1112, 245, 217, true, true
86437948, 272509, 36257, 1113, 246, 214, true, true
86674106, 273343, 36257, 1112, 245, 218, true, true
86819184, 273844, 36259, 1114, 246, 218, true, true
87050322, 274651, 36259, 1108, 245, 219, true, true
88091643, 278283, 36259, 1102, 244, 226, true, true
88447404, 279533, 36260, 1103, 245, 229, true, true
88744829, 280576, 36260, 1102, 244, 231, false, true
89407727, 282911, 36280, 1122, 245, 229, false, true
89570068, 283478, 36281, 1123, 246, 225, false, true
89786051, 284224, 36281, 1120, 245, 225, false, true
89944176, 284772, 36284, 1123, 246, 220, false, true
90117299, 285367, 36284, 1122, 245, 220, false, true
90452151, 286537, 36285, 1123, 246, 218, false, true
90567884, 286953, 36285, 1122, 245, 218, false, true
90797814, 287766, 36285, 1120, 244, 218, false, true
90891947, 288106, 36291, 1124, 245, 215, false, true
90893938, 288113, 36291, 1120, 244, 215, false, true
90895045, 288117, 36291, 1107, 243, 215, false, true
91038405, 288618, 36292, 1108, 244, 214, false, true
91328150, 289649, 36292, 1107, 243, 214, false, true
91352390, 289737, 36292, 1105, 242, 214, false, true
91370972, 289803, 36293, 1106, 243, 211, false, true
92147148, 292555, 36293, 1103, 241, 211, false, true
92151441, 292570, 36293, 1101, 240, 211, false, true
92257430, 292945, 36293, 1093, 239, 211, false, true
92343093, 293254, 36293, 1092, 238, 211, false, true
92352559, 293287, 36293, 1091, 237, 211, false, true
92395119, 293436, 36294, 1092, 238, 210, false, true
92711164, 294550, 36294, 1091, 237, 210, false, true
92800350, 294858, 36295, 1091, 238, 209, false, true
93026475, 295650, 36295, 1089, 238, 209, false, true
93088910, 295875, 36295, 1088, 237, 209, false, true
93190401, 296231, 36299, 1092, 238, 207, false, true
93214898, 296317, 36300, 1091, 239, 206, false, true
93268411, 296505, 36300, 1087, 238, 206, false, true
93324987, 296700, 36302, 1089, 239, 205, false, true
93523051, 297391, 36302, 1088, 238, 205, false, true
93580879, 297594, 36303, 1089, 239, 204, false, true
93618611, 297730, 36304, 1090, 240, 203, false, true
93667696, 297902, 36306, 1092, 241, 201, false, true
93852256, 298557, 36314, 1090, 241, 200, false, true
93958558, 298950, 36314, 1089, 240, 200, false, true
94407967, 300547, 36314, 1088, 239, 200, false, true
94534095, 300988, 36323, 1097, 240, 199, false, true
94549624, 301046, 36327, 1101, 241, 196, false, true
94571301, 301126, 36330, 1090, 242, 193, false, true
94610240, 301259, 36330, 1089, 241, 193, false, true
94915599, 302341, 36331, 1090, 242, 192, false, true
95240343, 303514, 36331, 1078, 242, 192, false, true
95294717, 303706, 36331, 1075, 241, 192, false, true
95604505, 304784, 36332, 1076, 242, 191, false, true
95837761, 305601, 36332, 1075, 241, 191, false, true
95974541, 306078, 36341, 1084, 242, 190, false, true
96062097, 306385, 36341, 1083, 241, 190, false, true
96070899, 306415, 36341, 1080, 240, 190, false, true
96182538, 306806, 36343, 1082, 241, 189, false, true
96734617, 308753, 36345, 1084, 242, 186, false, true
96771884, 308883, 36347, 1086, 243, 184, false, true
96881941, 309262, 36347, 1085, 242, 184, false, true
96968715, 309574, 36347, 1084, 241, 184, false, true
97344090, 310912, 36347, 1082, 240, 184, false, true
97374547, 311017, 36347, 1081, 239, 184, false, true
97501555, 311446, 36348, 1081, 240, 182, false, true
97585075, 311734, 36349, 1082, 241, 179, false, true
97638951, 311916, 36349, 1080, 240, 179, false, true
97824448, 312545, 36358, 1089, 241, 177, false, true
97882829, 312743, 36359, 1090, 242, 173, false, true
97887788, 312759, 36372, 1101, 242, 172, false, true
97950954, 312978, 36372, 1100, 241, 172, false, true
98011696, 313180, 36374, 1102, 242, 171, false, true
98078208, 313402, 36374, 1094, 241, 171, false, true
98276812, 314064, 36374, 1093, 240, 171, false, true
98607825, 315173, 36374, 1087, 240, 171, false, true
98650539, 315316, 36377, 1088, 240, 170, false, true
98740909, 315616, 36377, 1087, 239, 170, false, true
98878413, 316072, 36378, 1088, 240, 169, false, true
98981543, 316412, 36378, 1075, 239, 169, false, true
99166434, 317019, 36378, 1074, 238, 169, false, true
99308650, 317487, 36379, 1074, 239, 165, false, true
99580787, 318387, 36379, 1073, 238, 165, false, true
99960782, 319653, 36380, 1074, 239, 163, false, true
100045045, 319933, 36381, 1075, 240, 162, false, true
100094288, 320095, 36381, 1073, 240, 162, false, true
100294025, 320750, 36381, 1066, 239, 162, false, true
100353942, 320942, 36385, 1066, 239, 159, false, true
100478652, 321344, 36407, 1088, 240, 158, false, true
100728360, 322148, 36407, 1083, 239, 158, false, true
100749725, 322217, 36407, 1082, 238, 158, false, true
100941565, 322838, 36407, 1081, 237, 158, false, true
101192364, 323654, 36412, 1086, 238, 155, false, true
101237899, 323801, 36412, 1085, 237, 155, false, true
101999521, 326265, 36412, 1084, 236, 155, false, true
102739394, 328690, 36412, 1083, 236, 155, false, true
102775732, 328808, 36413, 1084, 237, 154, false, true
103194901, 330176, 36415, 1086, 238, 153, false, true
103330509, 330618, 36416, 1087, 239, 150, false, true
103340434, 330651, 36416, 1086, 238, 150, false, true
103439809, 330977, 36416, 1084, 237, 150, false, true
103625424, 331577, 36417, 1085, 238, 147, false, true
104086232, 333079, 36418, 1086, 239, 146, false, true
104348735, 333925, 36423, 1091, 240, 144, false, true
104508838, 334442, 36429, 1077, 241, 141, false, true
104531915, 334515, 36429, 1071, 240, 141, false, true
104907103, 335732, 36429, 1070, 239, 141, false, true
105185348, 336637, 36429, 1069, 238, 141, false, true
105805720, 338657, 36450, 1090, 239, 139, false, true
106724593, 341624, 36450, 1089, 238, 139, false, true
106895159, 342181, 36450, 1081, 237, 139, false, true
107130476, 342944, 36453, 1083, 238, 137, false, true
107389969, 343814, 36454, 1082, 238, 136, false, true
107401582, 343851, 36454, 1077, 237, 136, false, true
107497955, 344176, 36454, 1064, 236, 136, false, true
108358260, 347063, 36454, 1063, 235, 136, false, true
108480724, 347481, 36454, 1062, 234, 136, false, true
108808202, 348596, 36454, 1061, 233, 136, false, true
109226730, 350024, 36461, 1068, 234, 133, false, true
109241981, 350077, 36471, 1078, 235, 132, false, true
109577198, 351208, 36471, 1076, 235, 132, false, true
109982028, 352585, 36472, 1077, 236, 131, false, true
110337315, 353773, 36472, 1075, 235, 131, false, true
110432431, 354098, 36473, 1076, 236, 130, false, true
110492222, 354300, 36473, 1074, 234, 130, false, true
110566860, 354550, 36473, 1072, 233, 130, false, true
110602496, 354670, 36473, 1068, 232, 130, false, true
110650341, 354833, 36474, 1059, 232, 128, false, true
111025497, 356081, 36475, 1060, 233, 127, false, true
111026662, 356085, 36475, 1059, 232, 127, false, true
111509251, 357711, 36476, 1060, 233, 125, false, true
112434931, 360850, 36476, 1059, 232, 125, false, true
112563357, 361286, 36476, 1058, 231, 125, false, true
113000836, 362797, 36476, 1057, 230, 125, false, true
113090100, 363105, 36477, 1058, 231, 124, false, true
113267243, 363712, 36477, 1057, 230, 124, false, true
114114437, 366627, 36477, 1056, 230, 124, false, true
114173668, 366830, 36477, 1055, 229, 124, false, true
114256821, 367117, 36478, 1056, 230, 122, false, true
114646491, 368455, 36483, 1060, 231, 121, false, true
115282527, 370642, 36486, 1063, 232, 119, false, true
115313776, 370751, 36486, 1057, 231, 119, false, true
115577531, 371662, 36603, 1173, 231, 117, false, true
115633228, 371853, 36604, 1174, 232, 115, false, true
115693371, 372059, 36605, 1175, 233, 114, false, true
115989407, 373085, 36605, 1171, 232, 114, false, true
116131247, 373573, 36606, 1160, 232, 112, false, true
116311570, 374190, 36607, 1161, 233, 111, false, true
116347511, 374315, 36607, 1160, 232, 111, false, true
116676470, 375431, 36607, 1159, 231, 111, false, true
117261438, 377419, 36610, 1162, 232, 109, false, true
118225328, 380710, 36611, 1162, 232, 108, false, true
118386836, 381257, 36613, 1164, 233, 106, false, true
118939572, 383141, 36613, 1163, 233, 106, false, true
119058458, 383548, 36613, 1161, 232, 106, false, true
119375355, 384621, 36613, 1159, 231, 106, false, true
119694933, 385688, 36613, 1157, 230, 106, false, true
119716828, 385758, 36613, 1153, 229, 106, false, true
119957531, 386574, 36613, 1152, 228, 106, false, true
120029861, 386803, 36613, 1151, 227, 106, false, true
120138782, 387163, 36616, 1151, 227, 105, false, true
120386983, 387966, 36617, 1152, 228, 104, false, true
121013466, 390044, 36618, 1153, 229, 103, false, true
121084192, 390279, 36618, 1152, 228, 103, false, true
121236657, 390785, 36620, 1154, 229, 102, false, true
121687598, 392285, 36620, 1152, 228, 102, false, true
121913221, 393047, 36620, 1148, 227, 102, false, true
121931301, 393110, 36621, 1136, 228, 101, false, true
122039705, 393469, 36621, 1134, 227, 101, false, true
122278951, 394265, 36621, 1131, 226, 101, false, true
122707306, 395698, 36621, 1129, 225, 101, false, true
123542314, 398484, 36621, 1127, 224, 101, false, true
123699120, 399002, 36621, 1124, 223, 101, false, true
124103681, 400367, 36621, 1123, 222, 101, false, true
124361271, 401216, 36627, 1128, 223, 98, false, true
124366610, 401235, 36649, 1052, 224, 97, false, true
124616901, 402082, 36650, 1053, 225, 96, false, true
124667241, 402252, 36651, 1054, 226, 95, false, true
124887340, 402993, 36652, 1055, 227, 93, false, true
125180532, 403979, 36652, 1054, 226, 93, false, true
125523832, 405134, 36652, 1050, 225, 93, false, true
125674619, 405637, 36659, 1057, 226, 92, false, true
125993614, 406684, 36659, 1056, 225, 92, false, true
126221975, 407450, 36659, 1055, 224, 92, false, true
126362336, 407926, 36661, 1057, 225, 91, false, true
127311283, 411157, 36664, 1059, 226, 90, false, true
127523593, 411881, 36665, 1060, 227, 87, false, true
128050570, 413698, 36665, 1059, 226, 87, false, true
128768356, 416169, 36666, 1060, 227, 86, false, true
128875805, 416539, 36666, 1059, 226, 86, false, true
128921097, 416693, 36666, 1056, 225, 86, false, true
128925429, 416708, 36667, 1057, 226, 85, false, true
128954295, 416807, 36667, 1056, 225, 85, false, true
129121250, 417370, 36670, 1057, 225, 80, false, true
129422464, 418398, 36720, 1107, 226, 79, false, true
129659376, 419202, 36720, 1104, 225, 79, false, true
130311667, 421422, 36721, 1105, 226, 78, false, true
130352460, 421560, 36722, 1106, 227, 77, false, true
130410872, 421754, 36722, 1105, 226, 77, false, true
130577240, 422297, 36722, 1104, 225, 77, false, true
130961720, 423592, 36725, 1107, 226, 75, false, true
131209868, 424389, 36734, 1116, 227, 74, false, true
131356481, 424869, 36734, 1100, 226, 74, false, true
131452067, 425177, 36735, 1101, 227, 73, false, true
131664718, 425883, 36735, 1098, 226, 73, false, true
131703435, 426017, 36736, 1099, 227, 72, false, true
131861705, 426552, 36737, 1100, 228, 71, false, true
132344023, 428112, 36749, 1112, 229, 70, false, true
132946884, 430116, 36749, 1106, 228, 70, false, true
133514292, 432015, 36749, 1097, 227, 70, false, true
133793059, 432952, 36749, 1093, 226, 70, false, true
134587252, 435611, 36750, 1094, 227, 68, false, true
134801149, 436311, 36752, 1096, 228, 65, false, true
135128219, 437377, 36752, 1093, 227, 65, false, true
135637560, 439053, 36752, 1092, 226, 65, false, true
135845544, 439731, 36755, 1095, 227, 64, false, true
136064430, 440445, 36761, 1100, 228, 63, false, true
136130929, 440663, 36761, 1098, 227, 63, false, true
136136848, 440680, 36765, 1102, 228, 62, false, true
136499751, 441873, 36765, 1099, 228, 62, false, true
137316283, 444069, 36765, 1098, 227, 62, false, true
137805692, 445743, 36765, 1097, 226, 62, false, true
138057249, 446607, 36765, 1094, 225, 62, false, true
138091895, 446728, 36767, 1096, 226, 61, false, true
138266331, 447318, 36767, 1083, 226, 61, false, true
138364621, 447654, 36767, 1080, 225, 61, false, true
138430864, 447879, 36767, 1079, 224, 61, false, true
139014644, 449876, 36768, 1080, 225, 60, false, true
139090113, 450130, 36768, 1068, 224, 60, false, true
139295996, 450833, 36768, 1065, 223, 60, false, true
139869703, 452735, 36769, 1066, 224, 59, false, true
140340799, 454307, 36772, 1069, 225, 58, false, true
140617447, 455255, 36773, 1070, 226, 57, false, true
140644184, 455350, 36774, 1071, 227, 56, false, true
140759633, 455738, 36774, 1065, 226, 56, false, true
140928002, 456300, 36774, 1060, 225, 56, false, true
141093154, 456842, 36775, 1061, 226, 55, false, true
141094172, 456845, 36775, 1060, 225, 55, false, true
141221126, 457253, 36775, 1059, 224, 55, false, true
141534157, 458285, 36776, 1060, 225, 54, false, true
141652038, 458680, 36777, 1061, 226, 49, false, true
141721572, 458909, 36779, 1062, 227, 48, false, true
142648774, 461946, 36779, 1060, 226, 48, false, true
142714024, 462157, 36779, 1058, 225, 48, false, true
142824096, 462518, 36787, 1066, 226, 47, false, true
142976623, 463016, 36787, 1065, 225, 47, false, true
143886144, 466059, 36793, 1071, 226, 46, false, true
143932273, 466216, 36794, 1072, 227, 45, false, true
144076790, 466686, 36794, 1060, 227, 45, false, true
144224284, 467170, 36794, 1059, 226, 45, false, true
144624447, 468466, 36794, 1056, 225, 45, false, true
144867610, 469267, 36794, 1055, 224, 45, false, true
144972866, 469581, 36794, 1051, 223, 45, false, true
145102476, 469977, 36794, 1037, 223, 45, false, true
145318191, 470654, 36796, 1039, 224, 44, false, true
145433211, 471010, 36796, 1037, 223, 44, false, true
145773046, 472081, 36798, 1039, 224, 43, false, true
145808633, 472193, 36801, 1042, 225, 42, false, true
146078257, 473062, 36801, 1041, 224, 42, false, true
146204683, 473485, 36805, 1043, 225, 41, false, true
147772417, 478613, 36805, 1042, 224, 41, false, true
148520787, 481055, 36805, 1041, 223, 41, false, true
148536411, 481107, 36806, 1042, 224, 40, false, true
149021266, 482735, 36807, 1043, 225, 39, false, true
149087951, 482960, 36809, 1045, 226, 38, false, true
149358231, 483869, 36810, 1045, 226, 37, false, true
149596771, 484656, 36810, 1043, 225, 37, false, true
149639087, 484792, 36810, 1042, 224, 37, false, true
149729363, 485078, 36813, 1045, 225, 33, false, true
149778647, 485237, 36813, 1041, 223, 33, false, true
149900448, 485627, 36815, 1043, 224, 32, false, true
150630276, 487994, 36815, 1042, 223, 32, false, true
150693175, 488196, 36815, 1038, 222, 32, false, true
150743484, 488360, 36815, 1037, 222, 32, false, true
151140814, 489646, 36815, 1035, 221, 32, false, true
151711903, 491484, 36817, 1036, 222, 31, false, true
152136402, 492780, 36818, 1037, 223, 30, false, true
152206479, 493010, 36818, 1036, 222, 30, false, true
152295983, 493300, 36818, 1034, 221, 30, false, true
152305100, 493330, 36819, 1035, 222, 29, false, true
152890857, 495212, 36819, 1034, 221, 29, false, true
153426947, 496957, 36825, 1040, 222, 27, false, true
153567562, 497423, 36825, 1038, 221, 27, false, true
154097281, 499145, 36825, 1037, 220, 27, false, true
154464767, 500331, 36825, 1036, 219, 27, false, true
156062721, 505549, 36825, 1035, 218, 27, false, true
156677671, 507613, 36826, 1036, 219, 25, false, true
156791500, 508001, 36826, 1035, 218, 25, false, true
157530928, 510481, 36826, 1034, 217, 25, false, true
157854472, 511564, 36826, 1020, 216, 25, false, true
157948545, 511875, 36827, 1021, 217, 24, false, true
158050788, 512209, 36828, 1022, 218, 23, false, true
158062259, 512247, 36828, 1021, 217, 23, false, true
158200004, 512690, 36829, 1022, 218, 22, false, true
158264263, 512901, 36829, 1021, 217, 22, false, true
158301662, 513022, 36829, 1020, 216, 22, false, true
158516757, 513711, 36832, 1023, 217, 21, false, true
158542011, 513794, 36833, 1024, 218, 20, false, true
158748245, 514462, 36833, 1018, 217, 20, false, true
158769808, 514534, 36833, 1017, 216, 20, false, true
158800166, 514634, 36833, 1015, 215, 20, false, true
158935391, 515081, 36833, 1013, 214, 20, false, true
159417002, 516630, 36840, 1020, 215, 19, false, true
159599372, 517227, 36841, 1021, 216, 18, false, true
159600603, 517231, 36841, 1014, 214, 18, false, true
159751321, 517731, 36843, 1010, 215, 17, false, true
159891488, 518196, 36843, 1009, 214, 17, false, true
160058156, 518748, 36844, 1010, 215, 16, false, true
160089575, 518849, 36844, 1006, 214, 16, false, true
160185933, 519161, 36865, 1019, 214, 15, false, true
161409555, 523162, 36865, 1018, 213, 15, false, true
162040252, 525239, 36865, 960, 212, 15, false, true
162294898, 526067, 36865, 959, 211, 15, false, true
162492627, 526686, 36866, 960, 212, 14, false, true
162553450, 526876, 36867, 961, 213, 13, false, true
162609531, 527051, 36867, 954, 212, 13, false, true
162721230, 527398, 36867, 953, 211, 13, false, true
163209028, 528821, 36869, 955, 212, 12, false, true
164188580, 532040, 36869, 954, 211, 12, false, true
164390370, 532701, 36869, 949, 210, 12, false, true
165060950, 534765, 36869, 941, 209, 12, false, true
166766852, 540308, 36869, 940, 208, 12, false, true
166986376, 541004, 36871, 941, 208, 11, false, true
167250699, 541875, 36871, 939, 207, 11, false, true
168215949, 545036, 36873, 940, 208, 10, false, true
168408966, 545664, 36875, 942, 209, 9, false, true
168413982, 545680, 36875, 938, 208, 9, false, true
168642771, 546448, 36875, 937, 207, 9, false, true
168749366, 546803, 36879, 941, 208, 8, false, true
168961871, 547507, 36879, 940, 207, 8, false, true
169244660, 548445, 36888, 948, 207, 7, false, true
169832288, 550373, 36889, 949, 208, 6, false, true
170643781, 553066, 36894, 954, 209, 5, false, true
170864580, 553789, 36907, 945, 209, 4, false, true
170879602, 553840, 36907, 944, 208, 4, false, true
170959984, 554105, 36909, 946, 209, 3, false, true
171349705, 555383, 36909, 940, 208, 3, false, true
171846782, 557010, 36911, 942, 209, 2, false, true
172012753, 557543, 36912, 943, 210, 1, false, true
172326425, 558536, 36913, 944, 211, 0, false, true
