time, #execs, #covered, #singletons, #sglt_clusts, #foundnew, done, update?
32, 1, 1429, 1429, 1, 1, true, true
33, 2, 1483, 897, 2, 2, true, true
34, 3, 1575, 754, 3, 3, true, true
36, 4, 1785, 459, 4, 4, true, true
37, 5, 2161, 781, 5, 5, true, true
40, 6, 2707, 891, 6, 6, true, true
41, 7, 2711, 876, 7, 7, true, true
42, 8, 2728, 870, 8, 8, true, true
43, 9, 2732, 873, 9, 8, true, true
44, 10, 2779, 898, 10, 8, true, true
45, 11, 2781, 899, 11, 9, true, true
47, 12, 2783, 899, 12, 10, true, true
48, 13, 2815, 768, 13, 10, true, true
49, 14, 2816, 765, 13, 9, true, true
51, 15, 2857, 773, 14, 10, true, true
52, 16, 2860, 773, 15, 11, true, true
53, 17, 2860, 772, 15, 13, true, true
54, 18, 2860, 771, 14, 14, true, true
55, 19, 2860, 770, 14, 16, true, true
56, 20, 2865, 764, 15, 17, true, true
58, 21, 2880, 754, 16, 18, true, true
59, 22, 2920, 732, 17, 19, true, true
61, 23, 2974, 764, 18, 20, true, true
63, 24, 2993, 749, 19, 21, true, true
65, 26, 3038, 748, 20, 22, true, true
66, 27, 3038, 730, 20, 24, true, true
68, 29, 3083, 678, 21, 27, true, true
70, 30, 3188, 759, 22, 28, true, true
71, 31, 3336, 861, 23, 28, true, true
73, 32, 3455, 880, 24, 29, true, true
75, 33, 3467, 889, 25, 30, true, true
77, 34, 3471, 872, 26, 31, true, true
78, 35, 3474, 872, 27, 32, true, true
80, 37, 3482, 868, 28, 35, true, true
82, 38, 3560, 846, 29, 36, true, true
84, 39, 3566, 848, 29, 37, true, true
86, 40, 3570, 852, 30, 38, true, true
88, 41, 3571, 824, 30, 38, true, true
94, 42, 3615, 741, 31, 39, true, true
96, 43, 3621, 745, 32, 40, true, true
98, 44, 3630, 752, 33, 40, true, true
100, 45, 3636, 731, 34, 41, true, true
103, 46, 3646, 720, 35, 41, true, true
106, 47, 3659, 732, 36, 41, true, true
109, 48, 3660, 733, 37, 42, true, true
113, 49, 3828, 766, 38, 42, true, true
115, 50, 3841, 779, 39, 42, true, true
120, 52, 3843, 779, 40, 43, true, true
122, 53, 3848, 779, 41, 42, true, true
124, 54, 3856, 779, 42, 42, true, true
126, 55, 3865, 766, 43, 43, true, true
130, 56, 3876, 774, 44, 44, true, true
132, 57, 3876, 772, 44, 45, true, true
135, 58, 3884, 778, 45, 44, true, true
136, 59, 3887, 780, 46, 45, true, true
139, 60, 3971, 821, 47, 45, true, true
141, 62, 3980, 810, 48, 46, true, true
145, 63, 3981, 803, 49, 45, true, true
148, 64, 3981, 794, 48, 46, true, true
153, 65, 3986, 786, 48, 47, true, true
159, 66, 3986, 775, 46, 48, true, true
161, 67, 3992, 765, 47, 49, true, true
164, 68, 4001, 764, 48, 50, true, true
166, 69, 4003, 765, 49, 51, true, true
169, 70, 4005, 756, 50, 52, true, true
171, 71, 4007, 758, 51, 52, true, true
174, 72, 4008, 757, 52, 52, true, true
176, 73, 4009, 752, 53, 52, true, true
178, 74, 4015, 732, 54, 52, true, true
180, 75, 4016, 730, 55, 52, true, true
181, 76, 4025, 725, 56, 53, true, true
184, 77, 4030, 727, 57, 54, true, true
186, 78, 4032, 725, 58, 54, true, true
188, 79, 4038, 731, 59, 54, true, true
190, 80, 4043, 731, 60, 55, true, true
192, 81, 4043, 729, 59, 56, true, true
194, 82, 4044, 729, 60, 55, true, true
195, 83, 4070, 736, 61, 55, true, true
198, 84, 4168, 817, 62, 56, true, true
200, 85, 4170, 818, 63, 57, true, true
202, 86, 4261, 888, 64, 58, true, true
205, 87, 4267, 888, 64, 59, true, true
207, 89, 4282, 902, 65, 61, true, true
210, 90, 4336, 910, 66, 62, true, true
212, 92, 4347, 916, 67, 65, true, true
215, 93, 4456, 939, 68, 66, true, true
219, 95, 4458, 940, 69, 68, true, true
223, 96, 4460, 941, 70, 67, true, true
226, 97, 4476, 950, 71, 64, true, true
232, 100, 4480, 936, 72, 68, true, true
238, 101, 4480, 934, 71, 70, true, true
245, 103, 4501, 947, 72, 72, true, true
248, 104, 4503, 949, 73, 71, true, true
251, 105, 4506, 938, 74, 71, true, true
257, 107, 4511, 940, 75, 72, true, true
266, 109, 4516, 937, 75, 72, true, true
271, 110, 4545, 945, 76, 72, true, true
275, 111, 4548, 942, 75, 72, true, true
278, 112, 4548, 934, 74, 72, true, true
447, 114, 4566, 949, 75, 70, true, true
453, 117, 4570, 947, 76, 73, true, true
457, 118, 4574, 949, 76, 73, true, true
462, 119, 4576, 951, 77, 73, true, true
477, 121, 4576, 950, 77, 74, true, true
491, 122, 4576, 945, 76, 75, true, true
495, 123, 4578, 947, 77, 75, true, true
499, 124, 4579, 948, 78, 73, true, true
504, 126, 4581, 950, 79, 73, true, true
508, 127, 4582, 949, 80, 73, true, true
523, 129, 4582, 936, 79, 73, true, true
545, 130, 4622, 959, 80, 73, true, true
560, 131, 4622, 957, 79, 74, true, true
564, 132, 4650, 979, 80, 74, true, true
569, 133, 4699, 1020, 81, 74, true, true
574, 134, 4700, 1016, 82, 74, true, true
577, 135, 4701, 1017, 83, 75, true, true
581, 136, 4703, 1009, 84, 76, true, true
587, 137, 4706, 1012, 85, 77, true, true
601, 138, 4708, 1001, 85, 77, true, true
608, 139, 4712, 1003, 86, 76, true, true
616, 140, 4712, 1001, 86, 77, true, true
620, 141, 4816, 1077, 87, 77, true, true
630, 142, 4816, 1056, 87, 78, true, true
637, 144, 4816, 1050, 86, 80, true, true
641, 145, 4818, 1052, 87, 79, true, true
652, 148, 4820, 1050, 88, 80, true, true
661, 149, 4821, 1051, 89, 80, true, true
676, 151, 4843, 1058, 90, 78, true, true
698, 152, 4843, 1057, 90, 79, true, true
704, 153, 4894, 1045, 90, 79, true, true
709, 154, 4895, 1026, 90, 79, true, true
726, 155, 4895, 1020, 90, 80, true, true
734, 156, 4896, 1021, 91, 80, true, true
740, 157, 4898, 1020, 92, 80, true, true
745, 159, 4902, 1022, 93, 80, true, true
750, 160, 4904, 1022, 93, 77, true, true
769, 161, 4904, 1021, 93, 78, true, true
771, 162, 4905, 1022, 94, 79, true, true
776, 163, 4906, 1017, 95, 79, true, true
790, 164, 4906, 1010, 95, 80, true, true
799, 165, 4906, 1008, 95, 80, true, true
811, 167, 4909, 1011, 96, 82, true, true
818, 168, 4925, 1010, 96, 82, true, true
824, 169, 4926, 1010, 97, 82, true, true
830, 170, 4942, 1008, 96, 82, true, true
840, 171, 4943, 1009, 97, 81, true, true
849, 172, 4947, 1011, 98, 81, true, true
869, 173, 4947, 1009, 98, 83, true, true
878, 174, 4948, 1010, 99, 83, true, true
891, 175, 4948, 1008, 98, 84, true, true
903, 176, 4949, 1008, 99, 85, true, true
931, 178, 4950, 1008, 100, 85, true, true
936, 179, 4963, 1021, 101, 84, true, true
944, 180, 4965, 1022, 102, 84, true, true
953, 181, 4966, 1022, 103, 83, true, true
958, 182, 4968, 1018, 103, 81, true, true
966, 183, 4971, 1021, 104, 81, true, true
976, 184, 4971, 1019, 103, 81, true, true
981, 185, 4980, 1028, 104, 81, true, true
988, 186, 4982, 1026, 105, 80, true, true
1002, 188, 4986, 1027, 106, 80, true, true
1009, 190, 4987, 1027, 107, 81, true, true
1042, 193, 4987, 1025, 106, 84, true, true
1079, 196, 4991, 1027, 107, 85, true, true
1105, 198, 4991, 1026, 107, 88, true, true
1116, 199, 4995, 1015, 106, 87, true, true
1124, 200, 4999, 1015, 106, 87, true, true
1156, 201, 5000, 1015, 106, 88, true, true
1160, 202, 5030, 1040, 107, 87, true, true
1166, 203, 5030, 1039, 106, 88, true, true
1176, 204, 5031, 1038, 106, 87, true, true
1182, 205, 5032, 1036, 107, 87, true, true
1188, 206, 5040, 1009, 107, 86, true, true
1208, 208, 5041, 1008, 108, 86, true, true
1216, 209, 5043, 1007, 109, 85, true, true
1234, 210, 5044, 1007, 110, 85, true, true
1242, 211, 5059, 1001, 111, 85, true, true
1270, 213, 5060, 998, 111, 84, true, true
1325, 217, 5061, 995, 112, 84, true, true
1364, 220, 5061, 993, 111, 88, true, true
1380, 221, 5061, 992, 111, 89, true, true
1410, 225, 5063, 993, 111, 94, true, true
1428, 227, 5065, 986, 112, 95, true, true
1440, 229, 5067, 980, 113, 96, true, true
1446, 230, 5068, 981, 114, 95, true, true
1463, 232, 5080, 987, 115, 96, true, true
1484, 234, 5081, 985, 116, 97, true, true
1492, 235, 5081, 984, 115, 98, true, true
1509, 238, 5082, 984, 116, 98, true, true
1524, 241, 5083, 985, 117, 99, true, true
1535, 244, 5085, 985, 118, 98, true, true
1540, 245, 5095, 961, 119, 99, true, true
1549, 247, 5102, 964, 118, 99, true, true
1567, 249, 5112, 973, 119, 99, true, true
1573, 252, 5117, 976, 120, 99, true, true
1587, 254, 5125, 984, 121, 100, true, true
1599, 259, 5125, 983, 121, 104, true, true
1607, 260, 5125, 980, 119, 105, true, true
1618, 262, 5127, 981, 120, 103, true, true
1644, 264, 5128, 982, 121, 105, true, true
1655, 265, 5130, 983, 121, 106, true, true
1664, 266, 5132, 985, 122, 105, true, true
1670, 267, 5134, 987, 123, 104, true, true
1699, 270, 5134, 986, 123, 107, true, true
1704, 271, 5135, 985, 123, 107, true, true
1712, 272, 5136, 985, 124, 106, true, true
1718, 273, 5137, 986, 125, 106, true, true
1723, 274, 5142, 991, 126, 104, true, true
1737, 275, 5261, 1050, 123, 103, true, true
1772, 278, 5261, 1038, 122, 108, true, true
1788, 280, 5261, 1037, 122, 109, true, true
1806, 281, 5261, 1036, 121, 110, true, true
1833, 283, 5263, 1038, 122, 110, true, true
1846, 285, 5266, 1041, 123, 111, true, true
1875, 286, 5266, 1040, 123, 111, true, true
1908, 288, 5268, 1037, 124, 109, true, true
1943, 290, 5271, 1035, 124, 107, true, true
1958, 293, 5272, 1033, 124, 107, true, true
1980, 295, 5272, 1032, 123, 108, true, true
2002, 296, 5272, 1031, 122, 108, true, true
2009, 297, 5274, 1032, 123, 108, true, true
2027, 299, 5276, 1026, 124, 108, true, true
2103, 305, 5278, 1026, 124, 111, true, true
2137, 306, 5278, 1024, 124, 111, true, true
2144, 307, 5279, 1023, 125, 110, true, true
2171, 309, 5279, 1019, 124, 111, true, true
2179, 310, 5279, 1018, 124, 112, true, true
2202, 311, 5279, 1005, 123, 112, true, true
2211, 312, 5282, 1004, 124, 112, true, true
2251, 314, 5283, 1004, 124, 112, true, true
2279, 317, 5283, 1003, 123, 116, true, true
2309, 318, 5283, 984, 121, 116, true, true
2366, 322, 5284, 985, 122, 116, true, true
2372, 323, 5286, 987, 123, 112, true, true
2384, 324, 5287, 979, 123, 112, true, true
2391, 325, 5293, 984, 124, 108, true, true
2401, 327, 5294, 985, 125, 110, true, true
2456, 331, 5295, 986, 126, 113, true, true
2476, 332, 5295, 984, 125, 113, true, true
2496, 334, 5295, 983, 125, 115, true, true
2503, 335, 5296, 984, 126, 114, true, true
2545, 339, 5296, 979, 124, 116, true, true
2573, 342, 5306, 986, 123, 114, true, true
2579, 343, 5336, 1004, 124, 113, true, true
2588, 345, 5336, 1002, 123, 115, true, true
2597, 346, 5339, 1002, 122, 115, true, true
2625, 347, 5394, 866, 121, 113, true, true
2661, 350, 5394, 865, 121, 116, true, true
2672, 351, 5399, 854, 121, 115, true, true
2682, 352, 5400, 855, 122, 113, true, true
2708, 353, 5400, 854, 122, 114, true, true
2720, 354, 5403, 854, 122, 114, true, true
2784, 359, 5405, 856, 123, 117, true, true
2857, 365, 5406, 855, 124, 117, true, true
2886, 369, 5406, 854, 124, 119, true, true
2928, 372, 5406, 853, 124, 122, true, true
2940, 373, 5407, 853, 124, 121, true, true
2947, 375, 5409, 850, 124, 122, true, true
2969, 377, 5410, 851, 125, 121, true, true
2991, 379, 5411, 852, 126, 122, true, true
3006, 380, 5411, 851, 125, 123, true, true
3026, 382, 5415, 847, 126, 124, true, true
3071, 384, 5416, 847, 127, 125, true, true
3122, 388, 5417, 846, 126, 126, true, true
3131, 390, 5418, 847, 127, 128, true, true
3146, 393, 5419, 848, 128, 129, true, true
3167, 395, 5420, 849, 129, 128, true, true
3174, 396, 5421, 850, 130, 127, true, true
3207, 398, 5421, 846, 130, 128, true, true
3213, 399, 5422, 846, 130, 127, true, true
3236, 401, 5423, 847, 131, 125, true, true
3246, 402, 5443, 840, 132, 125, true, true
3285, 405, 5443, 839, 132, 128, true, true
3307, 408, 5444, 840, 133, 127, true, true
3319, 410, 5445, 841, 134, 126, true, true
3338, 412, 5449, 844, 135, 127, true, true
3367, 414, 5449, 843, 134, 129, true, true
3399, 415, 5449, 842, 134, 130, true, true
3417, 416, 5449, 841, 133, 130, true, true
3648, 419, 5450, 830, 133, 130, true, true
3662, 420, 5450, 829, 133, 130, true, true
3671, 421, 5450, 828, 132, 132, true, true
3691, 422, 5450, 827, 132, 133, true, true
3795, 427, 5450, 826, 132, 134, true, true
3802, 428, 5454, 829, 132, 133, true, true
3841, 429, 5454, 827, 132, 133, true, true
3923, 435, 5455, 828, 133, 139, true, true
3930, 436, 5457, 829, 133, 139, true, true
3956, 438, 5457, 828, 133, 140, true, true
3962, 439, 5460, 827, 133, 138, true, true
3981, 442, 5482, 830, 134, 140, true, true
3990, 443, 5483, 831, 135, 140, true, true
3996, 444, 5484, 832, 136, 140, true, true
4051, 449, 5484, 817, 135, 146, true, true
4060, 450, 5488, 821, 136, 145, true, true
4071, 451, 5489, 822, 137, 144, true, true
4108, 453, 5489, 821, 137, 145, true, true
4154, 456, 5490, 822, 138, 144, true, true
4266, 458, 5494, 821, 139, 146, true, true
4274, 459, 5508, 830, 138, 145, true, true
4281, 460, 5509, 828, 139, 144, true, true
4328, 463, 5514, 833, 140, 145, true, true
4352, 465, 5514, 831, 139, 146, true, true
4361, 466, 5517, 833, 140, 145, true, true
4377, 467, 5517, 832, 139, 146, true, true
4415, 470, 5517, 831, 138, 147, true, true
4468, 473, 5517, 825, 138, 148, true, true
4542, 478, 5519, 827, 139, 150, true, true
4591, 479, 5519, 826, 138, 151, true, true
4617, 481, 5519, 825, 137, 153, true, true
4709, 489, 5519, 824, 137, 158, true, true
4716, 490, 5520, 825, 138, 158, true, true
4742, 491, 5525, 830, 139, 154, true, true
4784, 493, 5525, 829, 139, 155, true, true
4806, 497, 5526, 830, 140, 154, true, true
4842, 499, 5526, 828, 139, 155, true, true
4873, 501, 5526, 825, 138, 156, true, true
4923, 504, 5526, 821, 137, 159, true, true
4931, 505, 5528, 823, 138, 159, true, true
4988, 507, 5533, 802, 139, 161, true, true
5113, 511, 5533, 800, 139, 162, true, true
5143, 512, 5542, 788, 140, 161, true, true
5234, 517, 5571, 813, 140, 163, true, true
5249, 518, 5571, 809, 140, 163, true, true
5259, 519, 5574, 792, 140, 163, true, true
5341, 523, 5574, 791, 140, 166, true, true
5358, 524, 5582, 796, 141, 164, true, true
5397, 525, 5582, 794, 141, 164, true, true
5433, 526, 5582, 793, 140, 165, true, true
5442, 528, 5583, 793, 141, 167, true, true
5455, 529, 5587, 796, 142, 165, true, true
5465, 530, 5588, 796, 142, 165, true, true
5493, 532, 5589, 796, 143, 163, true, true
5512, 533, 5591, 797, 143, 162, true, true
5547, 535, 5596, 802, 144, 160, true, true
5577, 537, 5600, 794, 145, 158, true, true
5622, 539, 5602, 794, 145, 158, true, true
5687, 541, 5602, 792, 145, 159, true, true
5760, 545, 5609, 798, 146, 161, true, true
5773, 546, 5611, 800, 147, 157, true, true
5810, 549, 5611, 798, 146, 158, true, true
5823, 550, 5613, 800, 147, 154, true, true
5879, 551, 5613, 798, 147, 154, true, true
6527, 552, 5626, 801, 147, 153, true, true
7273, 553, 5626, 799, 146, 153, true, true
7290, 554, 5626, 798, 145, 154, true, true
7322, 556, 5627, 799, 146, 153, true, true
7331, 557, 5628, 800, 147, 150, true, true
7410, 562, 5641, 811, 147, 151, true, true
7418, 563, 5642, 812, 148, 149, true, true
7466, 566, 5645, 806, 147, 148, true, true
7509, 569, 5645, 805, 146, 151, true, true
7525, 570, 5656, 816, 147, 148, true, true
7662, 578, 5656, 815, 147, 154, true, true
7673, 579, 5659, 815, 147, 153, true, true
7719, 580, 5659, 798, 147, 153, true, true
7842, 585, 5660, 798, 148, 156, true, true
7918, 589, 5662, 800, 149, 156, true, true
8573, 593, 5667, 801, 149, 159, true, true
8602, 595, 5668, 798, 149, 155, true, true
8643, 598, 5668, 797, 148, 157, true, true
8681, 600, 5668, 789, 148, 157, true, true
8690, 601, 5670, 791, 149, 155, true, true
8723, 603, 5672, 793, 150, 155, true, true
8800, 606, 5683, 803, 151, 156, true, true
8892, 609, 5688, 806, 152, 155, true, true
8916, 610, 5689, 802, 152, 154, true, true
9043, 615, 5690, 803, 153, 154, true, true
9127, 618, 5690, 802, 153, 154, true, true
9182, 620, 5693, 805, 154, 150, true, true
9334, 625, 5694, 806, 155, 149, true, true
9371, 627, 5694, 804, 153, 151, true, true
9418, 630, 5694, 799, 152, 153, true, true
9450, 632, 5695, 786, 153, 153, true, true
9475, 633, 5696, 784, 153, 153, true, true
9510, 634, 5696, 783, 153, 153, true, true
9639, 639, 5697, 781, 154, 155, true, true
9830, 647, 5697, 780, 153, 157, true, true
9865, 648, 5697, 752, 152, 157, true, true
9879, 649, 5698, 753, 153, 156, true, true
9988, 652, 5698, 752, 153, 157, true, true
9998, 653, 5699, 752, 154, 157, true, true
10012, 654, 5700, 753, 155, 154, true, true
10094, 658, 5700, 752, 154, 156, true, true
10113, 659, 5702, 752, 154, 156, true, true
10131, 660, 5707, 753, 155, 156, true, true
10157, 661, 5709, 755, 156, 156, true, true
10215, 664, 5709, 754, 155, 156, true, true
10231, 665, 5709, 753, 154, 156, true, true
10240, 666, 5710, 750, 154, 153, true, true
10343, 669, 5710, 748, 153, 155, true, true
10398, 672, 5711, 749, 154, 154, true, true
10446, 674, 5713, 750, 155, 153, true, true
10576, 681, 5721, 756, 155, 156, true, true
10696, 686, 5722, 753, 155, 156, true, true
10793, 688, 5723, 754, 156, 155, true, true
10828, 689, 5723, 753, 155, 155, true, true
10910, 692, 5723, 752, 155, 157, true, true
10971, 694, 5723, 751, 155, 158, true, true
11021, 696, 5723, 749, 154, 159, true, true
11041, 698, 5724, 749, 155, 158, true, true
11064, 699, 5724, 747, 154, 158, true, true
11179, 708, 5724, 746, 153, 164, true, true
11230, 712, 5724, 742, 152, 166, true, true
11294, 714, 5724, 741, 152, 167, true, true
11328, 717, 5724, 740, 152, 168, true, true
11345, 718, 5724, 739, 151, 168, true, true
11432, 721, 5724, 737, 150, 169, true, true
11479, 722, 5725, 737, 150, 167, true, true
11887, 733, 5746, 744, 151, 172, true, true
11970, 738, 5748, 746, 152, 174, true, true
12027, 740, 5755, 737, 153, 172, true, true
12084, 742, 5756, 738, 154, 171, true, true
12120, 743, 5756, 735, 153, 172, true, true
12133, 744, 5761, 739, 154, 171, true, true
12221, 747, 5761, 737, 153, 172, true, true
12238, 748, 5764, 740, 154, 170, true, true
12254, 749, 5765, 736, 155, 170, true, true
12361, 751, 5765, 732, 155, 170, true, true
12407, 753, 5765, 731, 154, 170, true, true
12453, 755, 5766, 732, 155, 169, true, true
12496, 757, 5771, 734, 154, 167, true, true
12546, 759, 5773, 734, 154, 165, true, true
12779, 764, 5774, 726, 155, 167, true, true
12788, 765, 5776, 727, 155, 165, true, true
12951, 774, 5776, 726, 155, 170, true, true
12980, 775, 5777, 725, 154, 169, true, true
13024, 777, 5777, 724, 153, 170, true, true
13043, 778, 5778, 724, 153, 167, true, true
13053, 779, 5780, 720, 153, 166, true, true
13088, 781, 5786, 712, 154, 164, true, true
13099, 782, 5789, 711, 153, 162, true, true
13232, 786, 5789, 709, 152, 163, true, true
13409, 792, 5789, 708, 152, 165, true, true
13436, 793, 5789, 707, 151, 166, true, true
13540, 798, 5789, 706, 150, 170, true, true
13604, 804, 5790, 707, 151, 171, true, true
13628, 806, 5792, 709, 152, 170, true, true
13638, 807, 5793, 710, 153, 169, true, true
13901, 814, 5793, 709, 152, 171, true, true
14067, 822, 5794, 689, 153, 174, true, true
14094, 823, 5794, 688, 152, 174, true, true
14105, 825, 5794, 687, 152, 175, true, true
14121, 826, 5794, 686, 152, 175, true, true
14157, 830, 5796, 687, 153, 174, true, true
14322, 838, 5798, 675, 154, 174, true, true
14359, 839, 5798, 674, 153, 174, true, true
14381, 841, 5802, 678, 154, 174, true, true
14426, 842, 5802, 674, 153, 175, true, true
14478, 844, 5803, 675, 154, 174, true, true
14547, 846, 5806, 678, 155, 175, true, true
14719, 852, 5806, 677, 154, 177, true, true
14925, 859, 5806, 674, 154, 179, true, true
14939, 860, 5807, 660, 155, 178, true, true
14968, 861, 5807, 659, 154, 179, true, true
15081, 864, 5808, 660, 155, 178, true, true
15104, 865, 5811, 660, 156, 177, true, true
15121, 866, 5811, 659, 156, 177, true, true
15136, 867, 5812, 660, 157, 176, true, true
15207, 870, 5813, 661, 158, 176, true, true
15224, 871, 5814, 660, 159, 175, true, true
15310, 875, 5814, 650, 158, 176, true, true
15428, 881, 5815, 651, 159, 173, true, true
15446, 882, 5815, 650, 158, 173, true, true
15459, 883, 5827, 653, 158, 172, true, true
15481, 884, 5828, 652, 158, 171, true, true
15506, 885, 5851, 650, 156, 168, true, true
15523, 886, 5853, 652, 157, 168, true, true
15539, 887, 5858, 650, 158, 167, true, true
15668, 893, 5859, 651, 159, 168, true, true
15688, 894, 5860, 652, 160, 167, true, true
15708, 895, 5860, 651, 159, 168, true, true
15800, 897, 5861, 652, 160, 168, true, true
15812, 898, 5862, 653, 161, 167, true, true
15935, 904, 5862, 652, 161, 167, true, true
15946, 905, 5865, 653, 162, 163, true, true
16008, 907, 5865, 651, 161, 163, true, true
16062, 909, 5865, 650, 160, 163, true, true
16206, 914, 5865, 649, 160, 165, true, true
16224, 915, 5870, 653, 160, 163, true, true
16348, 916, 5871, 651, 160, 163, true, true
16589, 921, 5872, 646, 161, 165, true, true
16614, 922, 5874, 648, 162, 165, true, true
16826, 928, 5874, 647, 162, 167, true, true
16874, 929, 5874, 646, 161, 167, true, true
16992, 934, 5877, 649, 162, 165, true, true
17032, 935, 5877, 648, 161, 165, true, true
17341, 944, 5877, 647, 160, 169, true, true
17403, 945, 5877, 646, 159, 169, true, true
17622, 949, 5878, 647, 160, 166, true, true
17673, 950, 5879, 648, 161, 164, true, true
17757, 954, 5881, 650, 162, 164, true, true
17768, 955, 5882, 650, 162, 163, true, true
17859, 957, 5884, 639, 163, 161, true, true
17874, 960, 5885, 640, 164, 162, true, true
17891, 961, 5885, 639, 163, 163, true, true
17995, 964, 5886, 639, 163, 162, true, true
18072, 967, 5890, 641, 164, 158, true, true
18084, 968, 5891, 642, 165, 156, true, true
18283, 975, 5896, 642, 166, 158, true, true
18463, 980, 5896, 641, 165, 160, true, true
18529, 982, 5896, 639, 164, 161, true, true
18573, 983, 5897, 639, 165, 161, true, true
18646, 989, 5897, 638, 165, 163, true, true
18709, 991, 5897, 637, 164, 163, true, true
18741, 992, 5897, 636, 164, 163, true, true
18755, 993, 5898, 637, 165, 162, true, true
18769, 995, 5898, 636, 165, 162, true, true
18860, 999, 5898, 634, 165, 164, true, true
18980, 1003, 5899, 635, 166, 163, true, true
19045, 1005, 5900, 633, 167, 163, true, true
19061, 1006, 5901, 634, 168, 162, true, true
19143, 1010, 5913, 643, 169, 160, true, true
19183, 1012, 5919, 641, 170, 156, true, true
19191, 1014, 5921, 630, 170, 156, true, true
19236, 1016, 5922, 631, 171, 155, true, true
19735, 1026, 5923, 632, 172, 155, true, true
20058, 1030, 5923, 631, 171, 157, true, true
20154, 1034, 5923, 626, 171, 158, true, true
20312, 1039, 5923, 624, 170, 161, true, true
20336, 1040, 5923, 623, 169, 161, true, true
20558, 1045, 5923, 616, 168, 163, true, true
20744, 1052, 5926, 608, 169, 162, true, true
20787, 1054, 5927, 609, 170, 162, true, true
20804, 1055, 5928, 610, 171, 160, true, true
20963, 1060, 5929, 611, 172, 155, true, true
21012, 1061, 5929, 610, 171, 155, true, true
21130, 1066, 5932, 612, 171, 155, true, true
21407, 1076, 5933, 610, 171, 154, true, true
21423, 1077, 5935, 612, 172, 154, true, true
21463, 1078, 5935, 611, 172, 154, true, true
21565, 1083, 5935, 609, 171, 156, true, true
21616, 1085, 5935, 608, 170, 157, true, true
21705, 1089, 5936, 609, 171, 156, true, true
21738, 1091, 5936, 608, 171, 156, true, true
21750, 1092, 5936, 607, 170, 157, true, true
22318, 1107, 5937, 608, 171, 158, true, true
22632, 1118, 5939, 609, 171, 159, true, true
22847, 1124, 5939, 608, 170, 162, true, true
22887, 1126, 5940, 609, 171, 162, true, true
23094, 1134, 5941, 597, 170, 167, true, true
23164, 1136, 5942, 598, 171, 166, true, true
23420, 1142, 5942, 597, 171, 166, true, true
23458, 1143, 5942, 594, 170, 166, true, true
23578, 1146, 5942, 591, 170, 167, true, true
23600, 1147, 5942, 589, 168, 168, true, true
23693, 1150, 5942, 588, 167, 168, true, true
23718, 1151, 5942, 586, 166, 168, true, true
23779, 1152, 5942, 585, 166, 169, true, true
24008, 1161, 5942, 584, 165, 171, true, true
24157, 1165, 5942, 582, 164, 171, true, true
24194, 1166, 5942, 580, 163, 172, true, true
24359, 1169, 5942, 577, 162, 173, true, true
24719, 1179, 5945, 578, 163, 173, true, true
24761, 1180, 5946, 577, 164, 172, true, true
24828, 1184, 5947, 577, 165, 171, true, true
24925, 1188, 5948, 578, 166, 170, true, true
24996, 1190, 5948, 571, 166, 171, true, true
25087, 1193, 5949, 572, 167, 168, true, true
25098, 1194, 5981, 603, 168, 166, true, true
25468, 1203, 5981, 602, 167, 168, true, true
25493, 1206, 5982, 603, 168, 167, true, true
25511, 1207, 5983, 604, 169, 165, true, true
25582, 1209, 5984, 605, 170, 164, true, true
25604, 1211, 5987, 607, 171, 163, true, true
25704, 1213, 5987, 606, 171, 163, true, true
26024, 1220, 5987, 604, 170, 166, true, true
26170, 1222, 5987, 603, 169, 166, true, true
26301, 1225, 5988, 604, 170, 167, true, true
26410, 1227, 5991, 607, 171, 166, true, true
26562, 1230, 5991, 605, 171, 167, true, true
26864, 1235, 5991, 604, 170, 169, true, true
27100, 1241, 5992, 605, 171, 169, true, true
27470, 1251, 5993, 604, 172, 171, true, true
27588, 1256, 5993, 592, 172, 173, true, true
27642, 1258, 5994, 592, 172, 174, true, true
27740, 1262, 6004, 589, 171, 172, true, true
27955, 1266, 6004, 586, 171, 175, true, true
28016, 1269, 6006, 588, 172, 172, true, true
28132, 1273, 6008, 590, 173, 172, true, true
28462, 1284, 6009, 590, 174, 171, true, true
28833, 1298, 6009, 589, 173, 177, true, true
29037, 1306, 6010, 590, 174, 177, true, true
29339, 1312, 6010, 589, 173, 178, true, true
29379, 1314, 6013, 558, 174, 177, true, true
29494, 1317, 6013, 556, 173, 178, true, true
29532, 1319, 6015, 556, 174, 176, true, true
29632, 1322, 6015, 555, 173, 177, true, true
29910, 1333, 6016, 556, 174, 176, true, true
30178, 1337, 6016, 555, 173, 177, true, true
30220, 1339, 6018, 552, 174, 176, true, true
30300, 1343, 6018, 550, 174, 178, true, true
30380, 1349, 6023, 555, 175, 177, true, true
30532, 1353, 6025, 557, 176, 177, true, true
30663, 1358, 6026, 558, 177, 175, true, true
30905, 1365, 6026, 554, 176, 176, true, true
30950, 1367, 6027, 555, 177, 176, true, true
31216, 1374, 6028, 556, 178, 178, true, true
31366, 1379, 6031, 555, 179, 177, true, true
31449, 1382, 6031, 552, 178, 179, true, true
31583, 1389, 6031, 550, 177, 181, true, true
31600, 1390, 6037, 553, 178, 180, true, true
31957, 1401, 6039, 553, 179, 175, true, true
32037, 1405, 6041, 555, 180, 171, true, true
32190, 1409, 6046, 542, 181, 173, true, true
32254, 1411, 6046, 540, 181, 174, true, true
32274, 1413, 6048, 540, 182, 174, true, true
32287, 1414, 6058, 531, 181, 171, true, true
32322, 1416, 6058, 530, 180, 171, true, true
32397, 1419, 6060, 532, 181, 172, true, true
32528, 1422, 6061, 533, 182, 172, true, true
32742, 1427, 6061, 532, 182, 173, true, true
32769, 1428, 6061, 531, 182, 173, true, true
33220, 1443, 6061, 530, 182, 173, true, true
33330, 1448, 6061, 529, 182, 173, true, true
33403, 1451, 6062, 530, 183, 174, true, true
33574, 1457, 6063, 531, 184, 174, true, true
33686, 1462, 6065, 532, 184, 174, true, true
33707, 1463, 6080, 547, 185, 173, true, true
33737, 1464, 6082, 549, 186, 172, true, true
34127, 1473, 6082, 548, 186, 177, true, true
34175, 1476, 6082, 545, 185, 177, true, true
34284, 1481, 6082, 544, 184, 179, true, true
34360, 1485, 6089, 546, 184, 179, true, true
34518, 1489, 6089, 542, 183, 180, true, true
34659, 1494, 6162, 611, 184, 179, true, true
34679, 1495, 6163, 612, 185, 178, true, true
34701, 1497, 6163, 611, 184, 178, true, true
35465, 1515, 6164, 612, 185, 181, true, true
35603, 1521, 6164, 611, 184, 183, true, true
35707, 1524, 6166, 611, 185, 181, true, true
35772, 1526, 6168, 610, 186, 180, true, true
35972, 1531, 6168, 609, 186, 181, true, true
36332, 1539, 6170, 610, 186, 183, true, true
36366, 1542, 6170, 609, 185, 184, true, true
36387, 1543, 6170, 608, 184, 184, true, true
36582, 1550, 6208, 638, 184, 182, true, true
36600, 1551, 6209, 639, 185, 176, true, true
36980, 1564, 6211, 641, 186, 176, true, true
37244, 1568, 6214, 644, 187, 177, true, true
37475, 1574, 6215, 643, 188, 177, true, true
37691, 1581, 6215, 642, 187, 177, true, true
37767, 1584, 6227, 654, 188, 176, true, true
37816, 1586, 6228, 655, 189, 175, true, true
37831, 1587, 6229, 656, 190, 172, true, true
37887, 1589, 6232, 657, 190, 170, true, true
38012, 1592, 6234, 659, 191, 169, true, true
38196, 1598, 6234, 657, 191, 169, true, true
38533, 1610, 6234, 656, 190, 170, true, true
38548, 1611, 6236, 657, 191, 168, true, true
38568, 1612, 6239, 644, 190, 167, true, true
38708, 1617, 6239, 643, 189, 168, true, true
38879, 1622, 6241, 645, 190, 167, true, true
39161, 1630, 6241, 643, 190, 168, true, true
39217, 1634, 6242, 644, 191, 168, true, true
39676, 1648, 6242, 643, 191, 174, true, true
39821, 1653, 6243, 644, 192, 175, true, true
39863, 1655, 6249, 650, 193, 172, true, true
39942, 1656, 6249, 649, 192, 172, true, true
40044, 1659, 6249, 648, 192, 172, true, true
40180, 1662, 6249, 644, 191, 173, true, true
40368, 1668, 6249, 643, 191, 174, true, true
40630, 1679, 6250, 642, 191, 175, true, true
40709, 1681, 6250, 641, 190, 176, true, true
40743, 1682, 6250, 640, 189, 176, true, true
40767, 1684, 6251, 641, 190, 175, true, true
41005, 1689, 6257, 646, 191, 175, true, true
41040, 1691, 6258, 647, 192, 174, true, true
41070, 1693, 6259, 647, 193, 173, true, true
41146, 1697, 6259, 646, 193, 173, true, true
41558, 1713, 6259, 644, 192, 175, true, true
41773, 1720, 6259, 642, 192, 178, true, true
41784, 1721, 6260, 643, 193, 176, true, true
41975, 1727, 6260, 639, 192, 178, true, true
42270, 1734, 6264, 633, 193, 178, true, true
42347, 1736, 6265, 634, 194, 175, true, true
42413, 1739, 6265, 632, 193, 175, true, true
42863, 1754, 6274, 641, 194, 177, true, true
43040, 1760, 6275, 639, 195, 178, true, true
43279, 1771, 6276, 640, 196, 179, true, true
43325, 1772, 6276, 639, 195, 179, true, true
43424, 1774, 6276, 638, 194, 179, true, true
43633, 1781, 6277, 638, 194, 179, true, true
43680, 1784, 6277, 636, 193, 179, true, true
43832, 1789, 6278, 637, 194, 179, true, true
43929, 1791, 6279, 638, 195, 178, true, true
44319, 1800, 6279, 626, 194, 181, true, true
44380, 1803, 6279, 625, 193, 182, true, true
44529, 1810, 6280, 626, 194, 182, true, true
44632, 1813, 6280, 624, 194, 182, true, true
45061, 1823, 6281, 625, 195, 182, true, true
45251, 1830, 6282, 626, 196, 180, true, true
45349, 1832, 6282, 625, 195, 180, true, true
45373, 1833, 6283, 626, 196, 179, true, true
45432, 1835, 6284, 627, 197, 178, true, true
45580, 1840, 6285, 627, 197, 176, true, true
45701, 1844, 6287, 624, 198, 175, true, true
45728, 1845, 6287, 623, 197, 176, true, true
45809, 1849, 6288, 618, 197, 175, true, true
46458, 1868, 6288, 617, 196, 178, true, true
47167, 1882, 6288, 616, 195, 184, true, true
47224, 1885, 6289, 616, 196, 182, true, true
47280, 1886, 6289, 614, 196, 183, true, true
47994, 1908, 6289, 613, 195, 186, true, true
48243, 1919, 6290, 614, 196, 187, true, true
48339, 1922, 6291, 612, 197, 185, true, true
48561, 1930, 6291, 610, 197, 186, true, true
48660, 1934, 6291, 609, 196, 187, true, true
48792, 1938, 6291, 608, 195, 187, true, true
48836, 1939, 6291, 607, 194, 187, true, true
48922, 1940, 6298, 613, 195, 185, true, true
48946, 1941, 6299, 614, 196, 184, true, true
49759, 1960, 6299, 613, 195, 187, true, true
49892, 1964, 6300, 613, 196, 188, true, true
49905, 1965, 6301, 614, 197, 187, true, true
50040, 1968, 6301, 613, 196, 187, true, true
50394, 1978, 6302, 613, 196, 188, true, true
50488, 1981, 6302, 612, 195, 189, true, true
50807, 1988, 6302, 610, 194, 191, true, true
51002, 1993, 6303, 611, 195, 186, true, true
51063, 1996, 6303, 610, 194, 186, true, true
51112, 1997, 6303, 609, 193, 186, true, true
51526, 2008, 6304, 610, 194, 186, true, true
51675, 2013, 6304, 608, 193, 188, true, true
51999, 2027, 6312, 615, 193, 188, true, true
52064, 2029, 6313, 616, 194, 187, true, true
52082, 2030, 6314, 617, 195, 185, true, true
52210, 2032, 6315, 618, 196, 184, true, true
52450, 2038, 6316, 619, 197, 183, true, true
52466, 2039, 6317, 620, 198, 182, true, true
52644, 2047, 6318, 620, 199, 181, true, true
52853, 2054, 6318, 619, 198, 181, true, true
52909, 2056, 6318, 618, 197, 181, true, true
53576, 2072, 6319, 619, 198, 179, true, true
53612, 2074, 6320, 619, 199, 177, true, true
53650, 2075, 6320, 618, 198, 178, true, true
54355, 2088, 6321, 619, 199, 178, true, true
54453, 2090, 6321, 618, 198, 178, true, true
54483, 2091, 6327, 624, 199, 177, true, true
54582, 2093, 6327, 623, 198, 177, true, true
54776, 2100, 6328, 623, 199, 179, true, true
54934, 2105, 6329, 622, 200, 179, true, true
55006, 2109, 6332, 624, 200, 179, true, true
55281, 2118, 6332, 622, 199, 181, true, true
55574, 2128, 6334, 624, 200, 182, true, true
55947, 2142, 6335, 625, 201, 184, true, true
56050, 2145, 6336, 626, 202, 182, true, true
56806, 2167, 6337, 626, 202, 183, true, true
57059, 2173, 6337, 624, 201, 183, true, true
57315, 2177, 6337, 623, 200, 183, true, true
57521, 2184, 6338, 624, 201, 182, true, true
57540, 2185, 6339, 623, 201, 182, true, true
57613, 2188, 6340, 623, 202, 182, true, true
57829, 2194, 6341, 624, 203, 181, true, true
58142, 2202, 6342, 625, 204, 182, true, true
58204, 2203, 6342, 624, 203, 182, true, true
58776, 2227, 6342, 623, 202, 187, true, true
58909, 2230, 6342, 612, 201, 188, true, true
59287, 2242, 6342, 610, 200, 190, true, true
59695, 2250, 6342, 609, 199, 192, true, true
59734, 2252, 6343, 608, 200, 188, true, true
60017, 2258, 6344, 602, 201, 185, true, true
60042, 2260, 6346, 604, 202, 182, true, true
60074, 2261, 6346, 603, 201, 182, true, true
60116, 2262, 6346, 602, 200, 183, true, true
60248, 2265, 6346, 601, 199, 184, true, true
60260, 2266, 6347, 600, 199, 179, true, true
60500, 2275, 6347, 599, 198, 179, true, true
61081, 2293, 6348, 600, 199, 176, true, true
61259, 2296, 6348, 598, 198, 176, true, true
61441, 2303, 6349, 599, 199, 175, true, true
61631, 2309, 6349, 598, 198, 176, true, true
61873, 2316, 6349, 597, 197, 176, true, true
62132, 2323, 6349, 596, 196, 179, true, true
62357, 2332, 6349, 595, 196, 181, true, true
62448, 2335, 6349, 594, 195, 181, true, true
62880, 2347, 6350, 595, 196, 181, true, true
63117, 2354, 6356, 601, 197, 178, true, true
63481, 2366, 6356, 599, 196, 179, true, true
63529, 2367, 6356, 598, 195, 179, true, true
63687, 2371, 6356, 568, 195, 179, true, true
63893, 2377, 6356, 567, 194, 179, true, true
64380, 2397, 6356, 566, 193, 182, true, true
64393, 2398, 6358, 568, 194, 177, true, true
64485, 2401, 6358, 567, 193, 177, true, true
64620, 2406, 6358, 565, 192, 177, true, true
64731, 2409, 6358, 564, 191, 177, true, true
64924, 2413, 6359, 562, 190, 177, true, true
64956, 2414, 6359, 561, 189, 178, true, true
65127, 2420, 6359, 560, 188, 179, true, true
65344, 2428, 6359, 559, 188, 179, true, true
65361, 2430, 6359, 558, 187, 179, true, true
65608, 2438, 6360, 559, 188, 180, true, true
65620, 2439, 6363, 562, 189, 177, true, true
65915, 2445, 6363, 561, 189, 178, true, true
66072, 2448, 6367, 565, 190, 177, true, true
66465, 2459, 6367, 564, 189, 178, true, true
66710, 2468, 6371, 562, 190, 179, true, true
66726, 2470, 6372, 563, 191, 178, true, true
66770, 2471, 6372, 562, 190, 178, true, true
67468, 2488, 6373, 562, 191, 179, true, true
67771, 2497, 6373, 561, 190, 184, true, true
67807, 2498, 6373, 560, 189, 184, true, true
67846, 2499, 6373, 559, 188, 184, true, true
68027, 2504, 6373, 558, 188, 185, true, true
68120, 2508, 6373, 557, 188, 186, true, true
68140, 2509, 6373, 556, 187, 187, true, true
68195, 2513, 6374, 557, 188, 183, true, true
68258, 2515, 6375, 558, 189, 182, true, true
68550, 2519, 6375, 552, 188, 182, true, true
68793, 2525, 6406, 581, 187, 181, true, true
68894, 2527, 6406, 580, 186, 181, true, true
68998, 2529, 6408, 579, 187, 178, true, true
69186, 2532, 6409, 580, 188, 177, true, true
69624, 2540, 6410, 578, 188, 175, true, true
70164, 2553, 6410, 577, 187, 177, true, true
71007, 2574, 6410, 576, 186, 183, true, true
71168, 2581, 6411, 577, 187, 182, true, true
71254, 2583, 6411, 576, 187, 183, true, true
71281, 2584, 6412, 577, 188, 181, true, true
71491, 2591, 6413, 578, 189, 181, true, true
71877, 2599, 6421, 582, 190, 182, true, true
72459, 2610, 6422, 583, 191, 183, true, true
73446, 2630, 6424, 565, 192, 186, true, true
73655, 2639, 6429, 570, 193, 186, true, true
73841, 2642, 6429, 569, 192, 186, true, true
74310, 2652, 6429, 568, 191, 188, true, true
74697, 2664, 6430, 569, 192, 189, true, true
75025, 2672, 6432, 570, 192, 187, true, true
75232, 2680, 6433, 570, 193, 187, true, true
75327, 2683, 6449, 576, 194, 186, true, true
75529, 2688, 6449, 575, 194, 186, true, true
76070, 2704, 6450, 574, 195, 189, true, true
77296, 2734, 6450, 573, 194, 193, true, true
77423, 2736, 6450, 571, 193, 194, true, true
77584, 2740, 6450, 569, 192, 194, true, true
77991, 2748, 6456, 575, 193, 193, true, true
78963, 2777, 6456, 574, 192, 194, true, true
79027, 2779, 6456, 573, 191, 194, true, true
79255, 2784, 6457, 573, 192, 193, true, true
79491, 2787, 6457, 571, 192, 193, true, true
80198, 2804, 6458, 572, 193, 190, true, true
80371, 2809, 6458, 571, 192, 190, true, true
80620, 2815, 6460, 573, 193, 190, true, true
80643, 2816, 6467, 576, 194, 185, true, true
80660, 2817, 6467, 575, 193, 185, true, true
80716, 2819, 6468, 576, 194, 182, true, true
80899, 2824, 6468, 571, 192, 183, true, true
80991, 2827, 6469, 571, 193, 178, true, true
81373, 2838, 6470, 572, 194, 177, true, true
81507, 2842, 6471, 573, 195, 177, true, true
81669, 2847, 6471, 572, 195, 177, true, true
81688, 2854, 6472, 573, 196, 175, true, true
82223, 2865, 6472, 572, 195, 177, true, true
82970, 2878, 6472, 571, 194, 179, true, true
83557, 2896, 6472, 570, 193, 181, true, true
83791, 2898, 6474, 567, 193, 180, true, true
83916, 2901, 6475, 568, 194, 177, true, true
83952, 2902, 6476, 569, 195, 176, true, true
84146, 2906, 6477, 570, 196, 174, true, true
84521, 2914, 6477, 567, 195, 175, true, true
85128, 2929, 6485, 558, 196, 174, true, true
85234, 2933, 6485, 557, 195, 175, true, true
85272, 2934, 6485, 556, 195, 175, true, true
86144, 2954, 6485, 555, 194, 176, true, true
86276, 2957, 6485, 554, 194, 176, true, true
86949, 2977, 6485, 552, 193, 179, true, true
87056, 2982, 6486, 551, 194, 179, true, true
88047, 2992, 6486, 542, 194, 179, true, true
88145, 2994, 6486, 534, 193, 179, true, true
88375, 2999, 6487, 535, 194, 178, true, true
88466, 3001, 6487, 534, 193, 178, true, true
88831, 3015, 6488, 534, 193, 178, true, true
88999, 3019, 6489, 534, 193, 176, true, true
89021, 3020, 6490, 534, 193, 174, true, true
89578, 3033, 6491, 535, 194, 172, true, true
89719, 3037, 6492, 536, 195, 168, true, true
90598, 3055, 6492, 534, 194, 171, true, true
90735, 3059, 6493, 535, 195, 170, true, true
90797, 3060, 6493, 534, 194, 170, true, true
91183, 3069, 6493, 533, 194, 170, true, true
91206, 3070, 6494, 534, 195, 169, true, true
91658, 3078, 6495, 535, 196, 169, true, true
92353, 3090, 6495, 534, 195, 171, true, true
92931, 3103, 6495, 531, 194, 173, true, true
93339, 3116, 6496, 531, 195, 173, true, true
93661, 3129, 6497, 532, 196, 172, true, true
93696, 3130, 6497, 531, 195, 172, true, true
93787, 3134, 6497, 530, 194, 172, true, true
95168, 3165, 6497, 529, 193, 174, true, true
95706, 3180, 6497, 525, 193, 176, true, true
95951, 3187, 6497, 524, 192, 176, true, true
97168, 3218, 6497, 523, 191, 177, true, true
97201, 3219, 6497, 521, 190, 177, true, true
97654, 3232, 6499, 523, 191, 175, true, true
99392, 3274, 6501, 522, 192, 179, true, true
99756, 3282, 6502, 523, 193, 178, true, true
99850, 3285, 6504, 519, 193, 177, true, true
99873, 3286, 6505, 520, 194, 174, true, true
99954, 3287, 6505, 519, 193, 174, true, true
100174, 3293, 6506, 514, 192, 170, true, true
100202, 3294, 6508, 515, 192, 168, true, true
100743, 3304, 6509, 516, 193, 163, true, true
100799, 3305, 6509, 515, 192, 163, true, true
100826, 3306, 6515, 520, 192, 163, true, true
101746, 3323, 6516, 515, 193, 163, true, true
102136, 3331, 6516, 514, 192, 163, true, true
102225, 3333, 6516, 513, 191, 163, true, true
102679, 3342, 6517, 514, 192, 161, true, true
103292, 3354, 6518, 514, 192, 159, true, true
103517, 3358, 6518, 513, 191, 159, true, true
103540, 3359, 6518, 512, 190, 159, true, true
104558, 3377, 6523, 506, 190, 158, true, true
106230, 3415, 6523, 504, 190, 163, true, true
107091, 3430, 6523, 503, 189, 165, true, true
107507, 3437, 6523, 502, 188, 165, true, true
107639, 3440, 6523, 500, 187, 165, true, true
108444, 3460, 6523, 499, 186, 166, true, true
109389, 3480, 6523, 498, 185, 168, true, true
109481, 3483, 6523, 497, 185, 169, true, true
110438, 3507, 6523, 496, 184, 170, true, true
110658, 3513, 6526, 498, 184, 169, true, true
110710, 3515, 6528, 500, 185, 168, true, true
111415, 3532, 6529, 501, 186, 170, true, true
111545, 3536, 6529, 500, 185, 171, true, true
112351, 3557, 6530, 501, 186, 174, true, true
113304, 3578, 6531, 502, 187, 174, true, true
113555, 3585, 6543, 510, 188, 175, true, true
113605, 3586, 6543, 509, 187, 175, true, true
113891, 3594, 6544, 507, 187, 174, true, true
114040, 3600, 6544, 506, 186, 174, true, true
114482, 3604, 6545, 507, 187, 174, true, true
114949, 3610, 6546, 508, 188, 173, true, true
115298, 3619, 6547, 509, 189, 171, true, true
115491, 3626, 6547, 508, 188, 172, true, true
115622, 3628, 6547, 507, 187, 172, true, true
116289, 3639, 6548, 508, 188, 170, true, true
117096, 3652, 6550, 510, 189, 170, true, true
117270, 3655, 6551, 511, 190, 167, true, true
117456, 3660, 6552, 512, 191, 168, true, true
118356, 3677, 6552, 510, 190, 170, true, true
118889, 3689, 6552, 509, 190, 172, true, true
119360, 3698, 6553, 510, 191, 169, true, true
119382, 3699, 6555, 512, 192, 166, true, true
120050, 3710, 6562, 517, 193, 165, true, true
120159, 3713, 6562, 516, 192, 165, true, true
121096, 3739, 6565, 518, 193, 168, true, true
121199, 3742, 6566, 519, 194, 167, true, true
121232, 3743, 6566, 518, 193, 167, true, true
121305, 3745, 6567, 519, 194, 167, true, true
121527, 3749, 6568, 520, 195, 165, true, true
122489, 3771, 6570, 521, 196, 163, true, true
123139, 3783, 6571, 517, 197, 160, true, true
123504, 3790, 6572, 518, 198, 159, true, true
124566, 3815, 6572, 517, 197, 160, true, true
124766, 3823, 6573, 516, 197, 161, true, true
124893, 3828, 6573, 515, 196, 162, true, true
125028, 3831, 6573, 514, 195, 162, true, true
125641, 3841, 6573, 513, 194, 165, true, true
126156, 3854, 6574, 514, 195, 166, true, true
126657, 3865, 6577, 517, 196, 163, true, true
127476, 3883, 6577, 516, 195, 166, true, true
128161, 3900, 6577, 512, 193, 167, true, true
128823, 3914, 6577, 511, 192, 169, true, true
129254, 3922, 6577, 510, 192, 171, true, true
129440, 3925, 6586, 509, 192, 170, true, true
129565, 3928, 6587, 509, 193, 169, true, true
130003, 3940, 6588, 510, 194, 169, true, true
130136, 3944, 6589, 509, 193, 168, true, true
131055, 3948, 6589, 507, 192, 168, true, true
132304, 3964, 6589, 506, 191, 168, true, true
132551, 3966, 6589, 504, 190, 168, true, true
133335, 3980, 6590, 505, 191, 170, true, true
134339, 4003, 6590, 501, 191, 171, true, true
134412, 4004, 6590, 500, 190, 171, true, true
134838, 4009, 6592, 502, 191, 170, true, true
135364, 4021, 6594, 504, 192, 169, true, true
135639, 4025, 6596, 506, 193, 169, true, true
135795, 4028, 6597, 507, 194, 167, true, true
136089, 4033, 6597, 499, 194, 168, true, true
136483, 4043, 6597, 497, 193, 169, true, true
136676, 4049, 6598, 498, 194, 167, true, true
137639, 4065, 6598, 497, 193, 169, true, true
137724, 4067, 6598, 496, 192, 169, true, true
140084, 4118, 6599, 497, 193, 170, true, true
140584, 4128, 6599, 495, 193, 170, true, true
141996, 4157, 6599, 494, 192, 172, true, true
142129, 4159, 6599, 493, 192, 172, true, true
142407, 4165, 6599, 490, 191, 172, true, true
142796, 4172, 6601, 484, 192, 171, true, true
144067, 4196, 6601, 483, 191, 172, true, true
144534, 4208, 6603, 485, 192, 170, true, true
145586, 4228, 6603, 484, 191, 171, true, true
145670, 4230, 6604, 485, 192, 170, true, true
146049, 4238, 6604, 478, 191, 171, true, true
146267, 4241, 6606, 480, 192, 169, true, true
147214, 4268, 6607, 481, 193, 168, true, true
147472, 4272, 6610, 484, 194, 167, true, true
147775, 4277, 6611, 485, 195, 165, true, true
149069, 4300, 6612, 486, 196, 162, true, true
149467, 4307, 6613, 487, 197, 161, true, true
150437, 4319, 6613, 484, 194, 164, true, true
152215, 4358, 6614, 485, 195, 167, true, true
152614, 4364, 6614, 484, 194, 167, true, true
153033, 4370, 6616, 481, 194, 166, true, true
153289, 4376, 6618, 482, 195, 165, true, true
154232, 4396, 6618, 481, 194, 166, true, true
154448, 4400, 6618, 480, 193, 167, true, true
156113, 4433, 6620, 482, 194, 163, true, true
156881, 4450, 6620, 481, 193, 163, true, true
156995, 4453, 6621, 481, 194, 162, true, true
157694, 4465, 6622, 481, 195, 158, true, true
157799, 4467, 6622, 480, 194, 158, true, true
158636, 4483, 6622, 478, 193, 159, true, true
159277, 4496, 6622, 476, 192, 159, true, true
159751, 4507, 6622, 475, 191, 160, true, true
160111, 4515, 6623, 476, 192, 155, true, true
160746, 4526, 6624, 476, 193, 156, true, true
162388, 4563, 6624, 475, 192, 160, true, true
163510, 4585, 6626, 477, 193, 154, true, true
165109, 4617, 6626, 476, 192, 161, true, true
165972, 4634, 6627, 477, 193, 159, true, true
166342, 4643, 6629, 476, 193, 160, true, true
166524, 4645, 6629, 475, 193, 160, true, true
167218, 4660, 6629, 464, 192, 160, true, true
168298, 4683, 6629, 463, 191, 162, true, true
170043, 4710, 6630, 464, 192, 163, true, true
171024, 4734, 6630, 463, 191, 165, true, true
171297, 4738, 6630, 462, 190, 165, true, true
171781, 4746, 6630, 453, 190, 165, true, true
173304, 4780, 6631, 454, 191, 169, true, true
173745, 4789, 6631, 453, 190, 170, true, true
174773, 4809, 6631, 452, 189, 172, true, true
175182, 4820, 6634, 454, 189, 170, true, true
175701, 4828, 6635, 455, 190, 167, true, true
177538, 4862, 6636, 456, 191, 166, true, true
177784, 4868, 6636, 455, 190, 166, true, true
177989, 4872, 6639, 457, 190, 164, true, true
178915, 4887, 6639, 456, 190, 164, true, true
180324, 4919, 6651, 465, 191, 165, true, true
180596, 4922, 6652, 466, 192, 163, true, true
181919, 4944, 6653, 467, 193, 162, true, true
182404, 4956, 6653, 466, 192, 163, true, true
183335, 4977, 6654, 467, 193, 161, true, true
183745, 4986, 6655, 468, 194, 159, true, true
183837, 4988, 6655, 467, 193, 159, true, true
184025, 4991, 6655, 466, 193, 160, true, true
184151, 4993, 6655, 465, 192, 161, true, true
184978, 5004, 6656, 462, 193, 162, true, true
185206, 5010, 6656, 461, 192, 162, true, true
185866, 5023, 6656, 453, 191, 162, true, true
185887, 5025, 6658, 455, 192, 160, true, true
186813, 5045, 6658, 454, 191, 160, true, true
190094, 5106, 6659, 455, 192, 160, true, true
190169, 5108, 6662, 456, 192, 156, true, true
190973, 5124, 6662, 454, 191, 157, true, true
191071, 5126, 6664, 456, 192, 156, true, true
191776, 5127, 6664, 455, 192, 156, true, true
192138, 5136, 6668, 453, 190, 153, true, true
192341, 5140, 6669, 442, 190, 151, true, true
192483, 5145, 6670, 443, 191, 149, true, true
193430, 5164, 6670, 442, 190, 150, true, true
194342, 5179, 6670, 441, 189, 150, true, true
195200, 5192, 6671, 442, 190, 150, true, true
195628, 5201, 6671, 441, 189, 151, true, true
197004, 5229, 6671, 439, 188, 154, true, true
197417, 5238, 6671, 438, 188, 154, true, true
197520, 5241, 6672, 439, 189, 151, true, true
197626, 5243, 6678, 434, 188, 147, true, true
197971, 5250, 6678, 433, 187, 147, true, true
198433, 5259, 6679, 434, 188, 147, true, true
198874, 5272, 6680, 435, 189, 145, true, true
199005, 5275, 6680, 433, 189, 145, true, true
200319, 5304, 6680, 432, 189, 147, true, true
200682, 5313, 6680, 431, 188, 150, true, true
201062, 5321, 6680, 430, 187, 152, true, true
201334, 5330, 6683, 432, 188, 151, true, true
202193, 5348, 6683, 429, 187, 153, true, true
203840, 5378, 6683, 428, 186, 155, true, true
204256, 5388, 6683, 427, 185, 156, true, true
204759, 5399, 6683, 425, 185, 157, true, true
204989, 5404, 6683, 424, 184, 157, true, true
205237, 5409, 6685, 425, 184, 156, true, true
205770, 5420, 6685, 424, 184, 156, true, true
208956, 5472, 6687, 426, 185, 156, true, true
213228, 5544, 6687, 425, 184, 160, true, true
213857, 5559, 6691, 425, 185, 155, true, true
215095, 5590, 6694, 428, 186, 157, true, true
215158, 5592, 6694, 427, 185, 157, true, true
216682, 5620, 6694, 426, 184, 159, true, true
217015, 5627, 6694, 425, 183, 160, true, true
218903, 5674, 6694, 422, 182, 160, true, true
219213, 5680, 6695, 422, 182, 159, true, true
219845, 5693, 6695, 421, 181, 159, true, true
220573, 5710, 6695, 420, 180, 159, true, true
221603, 5728, 6695, 419, 179, 161, true, true
222329, 5745, 6696, 420, 180, 162, true, true
222689, 5754, 6697, 420, 181, 161, true, true
223320, 5769, 6698, 421, 182, 157, true, true
223592, 5775, 6698, 420, 181, 157, true, true
226665, 5829, 6698, 419, 180, 157, true, true
228704, 5861, 6699, 420, 181, 156, true, true
228863, 5867, 6699, 419, 180, 156, true, true
229821, 5892, 6700, 420, 181, 157, true, true
230073, 5904, 6700, 419, 180, 158, true, true
234128, 5997, 6700, 418, 179, 163, true, true
234630, 6007, 6703, 413, 180, 162, true, true
237402, 6071, 6716, 426, 181, 168, true, true
238749, 6110, 6716, 424, 180, 170, true, true
240162, 6142, 6716, 423, 179, 173, true, true
240270, 6145, 6716, 422, 178, 174, true, true
241791, 6182, 6716, 420, 177, 175, true, true
242178, 6192, 6716, 418, 176, 175, true, true
242354, 6197, 6716, 416, 174, 175, true, true
242912, 6213, 6717, 417, 175, 175, true, true
243810, 6237, 6717, 416, 174, 178, true, true
243839, 6238, 6743, 439, 174, 177, true, true
246760, 6317, 6744, 440, 175, 180, true, true
247621, 6345, 6745, 441, 176, 180, true, true
248070, 6356, 6746, 442, 177, 181, true, true
249390, 6392, 6746, 441, 176, 181, true, true
249714, 6404, 6746, 440, 175, 182, true, true
251241, 6443, 6746, 439, 174, 184, true, true
251319, 6446, 6748, 440, 175, 183, true, true
251819, 6455, 6748, 439, 174, 183, true, true
252185, 6465, 6748, 437, 173, 183, true, true
252275, 6469, 6749, 438, 174, 182, true, true
253342, 6497, 6750, 438, 174, 181, true, true
253780, 6507, 6751, 439, 175, 181, true, true
254340, 6520, 6752, 440, 176, 178, true, true
255591, 6556, 6752, 439, 175, 178, true, true
257202, 6596, 6752, 437, 174, 180, true, true
257239, 6597, 6752, 436, 173, 180, true, true
257823, 6612, 6756, 438, 173, 179, true, true
258626, 6629, 6756, 437, 173, 181, true, true
262647, 6727, 6756, 436, 173, 189, true, true
263482, 6751, 6756, 435, 173, 192, true, true
264347, 6770, 6756, 433, 172, 192, true, true
264910, 6784, 6757, 434, 173, 192, true, true
264967, 6785, 6757, 433, 172, 192, true, true
265266, 6792, 6758, 434, 173, 192, true, true
265341, 6794, 6759, 435, 174, 191, true, true
265657, 6803, 6759, 434, 174, 191, true, true
265696, 6804, 6759, 433, 173, 191, true, true
267677, 6847, 6760, 433, 173, 191, true, true
268004, 6855, 6760, 431, 172, 192, true, true
269657, 6888, 6764, 432, 170, 193, true, true
270914, 6918, 6764, 428, 169, 194, true, true
271760, 6938, 6764, 427, 168, 198, true, true
272618, 6960, 6771, 434, 169, 195, true, true
272646, 6961, 6773, 435, 169, 194, true, true
273110, 6970, 6775, 433, 170, 193, true, true
274652, 7006, 6775, 432, 169, 195, true, true
275663, 7027, 6775, 431, 168, 196, true, true
276168, 7042, 6777, 433, 169, 195, true, true
276498, 7051, 6782, 427, 169, 193, true, true
276748, 7057, 6782, 426, 168, 193, true, true
277584, 7071, 6785, 425, 168, 191, true, true
278040, 7080, 6785, 424, 167, 192, true, true
278198, 7083, 6785, 422, 167, 192, true, true
278904, 7101, 6787, 424, 168, 188, true, true
280429, 7134, 6787, 423, 167, 191, true, true
281330, 7149, 6791, 426, 167, 187, true, true
281609, 7157, 6791, 424, 166, 187, true, true
282144, 7169, 6792, 425, 167, 183, true, true
285584, 7251, 6793, 421, 167, 186, true, true
288955, 7290, 6795, 423, 168, 185, true, true
289895, 7312, 6795, 422, 168, 186, true, true
290120, 7319, 6795, 421, 167, 186, true, true
291287, 7350, 6796, 422, 168, 184, true, true
291592, 7357, 6796, 421, 167, 184, true, true
293153, 7384, 6796, 420, 166, 184, true, true
293872, 7403, 6796, 419, 166, 185, true, true
293949, 7405, 6796, 418, 165, 185, true, true
294313, 7412, 6796, 417, 164, 185, true, true
296009, 7441, 6797, 418, 165, 183, true, true
296183, 7444, 6798, 419, 166, 181, true, true
296253, 7446, 6802, 423, 167, 180, true, true
296819, 7457, 6803, 424, 168, 180, true, true
298268, 7488, 6803, 423, 167, 184, true, true
298839, 7501, 6806, 426, 168, 182, true, true
299746, 7519, 6806, 425, 167, 182, true, true
300272, 7527, 6806, 424, 166, 183, true, true
301647, 7563, 6806, 408, 165, 184, true, true
301862, 7568, 6806, 407, 164, 184, true, true
301895, 7569, 6806, 406, 163, 184, true, true
303139, 7596, 6806, 403, 162, 185, true, true
304278, 7626, 6814, 410, 162, 185, true, true
304738, 7636, 6815, 411, 163, 184, true, true
305486, 7654, 6815, 410, 162, 185, true, true
305842, 7664, 6816, 411, 163, 182, true, true
306101, 7667, 6816, 410, 162, 182, true, true
306462, 7671, 6816, 409, 161, 182, true, true
307068, 7679, 6816, 408, 160, 182, true, true
307154, 7682, 6817, 409, 161, 179, true, true
307397, 7685, 6817, 407, 160, 179, true, true
307633, 7689, 6817, 405, 160, 179, true, true
307822, 7692, 6818, 406, 161, 178, true, true
308533, 7715, 6818, 405, 160, 180, true, true
308737, 7722, 6824, 411, 161, 179, true, true
308806, 7724, 6824, 410, 160, 179, true, true
309645, 7740, 6825, 410, 160, 179, true, true
309886, 7746, 6826, 411, 161, 176, true, true
311466, 7779, 6826, 410, 160, 179, true, true
313024, 7820, 6827, 411, 161, 174, true, true
313309, 7826, 6827, 410, 160, 174, true, true
313620, 7832, 6827, 409, 159, 174, true, true
314004, 7843, 6828, 410, 160, 173, true, true
314978, 7865, 6828, 408, 159, 173, true, true
316288, 7881, 6828, 406, 158, 173, true, true
317069, 7898, 6828, 405, 157, 176, true, true
319195, 7936, 6830, 406, 157, 173, true, true
320181, 7956, 6831, 407, 158, 172, true, true
322886, 8000, 6831, 405, 157, 174, true, true
323533, 8015, 6831, 404, 156, 175, true, true
324829, 8045, 6831, 403, 156, 177, true, true
328806, 8124, 6831, 402, 155, 178, true, true
331194, 8174, 6831, 401, 155, 183, true, true
331498, 8180, 6833, 403, 156, 182, true, true
332763, 8205, 6833, 402, 155, 185, true, true
335731, 8258, 6835, 404, 156, 185, true, true
337905, 8303, 6835, 402, 155, 189, true, true
338864, 8327, 6835, 401, 154, 189, true, true
339662, 8342, 6837, 403, 155, 186, true, true
341246, 8369, 6838, 400, 155, 185, true, true
342480, 8394, 6872, 398, 154, 187, true, true
343149, 8410, 6887, 411, 155, 186, true, true
343591, 8420, 6887, 410, 154, 186, true, true
344721, 8443, 6889, 412, 155, 184, true, true
346000, 8467, 6890, 413, 156, 181, true, true
347289, 8492, 6890, 412, 155, 183, true, true
348178, 8509, 6890, 370, 154, 183, true, true
349784, 8543, 6890, 364, 153, 184, true, true
350690, 8560, 6891, 365, 154, 183, true, true
352257, 8600, 6892, 366, 155, 183, true, true
352597, 8607, 6893, 367, 156, 181, true, true
353374, 8625, 6894, 368, 157, 180, true, true
353626, 8632, 6894, 367, 156, 180, true, true
353917, 8638, 6894, 364, 155, 180, true, true
354155, 8647, 6894, 363, 155, 181, true, true
356719, 8687, 6896, 364, 155, 180, true, true
356989, 8691, 6897, 365, 156, 179, true, true
357238, 8694, 6901, 369, 157, 178, true, true
359904, 8750, 6901, 365, 156, 183, true, true
361553, 8790, 6906, 370, 157, 180, true, true
361795, 8793, 6907, 371, 158, 179, true, true
362392, 8809, 6908, 372, 159, 179, true, true
363324, 8827, 6909, 373, 160, 178, true, true
367424, 8909, 6909, 371, 159, 182, true, true
372170, 8999, 6911, 373, 160, 181, true, true
372432, 9005, 6911, 371, 159, 181, true, true
373111, 9018, 6911, 370, 158, 181, true, true
373754, 9035, 6911, 367, 156, 182, true, true
375466, 9077, 6913, 369, 157, 182, true, true
375722, 9080, 6915, 371, 158, 181, true, true
378504, 9120, 6918, 374, 159, 183, true, true
378677, 9125, 6918, 373, 158, 183, true, true
381078, 9177, 6918, 372, 158, 186, true, true
381183, 9179, 6918, 371, 157, 186, true, true
381631, 9188, 6918, 370, 156, 187, true, true
381855, 9192, 6919, 371, 157, 187, true, true
382105, 9197, 6920, 372, 158, 185, true, true
382280, 9200, 6920, 370, 157, 185, true, true
383198, 9213, 6922, 372, 158, 181, true, true
384047, 9230, 6922, 369, 157, 181, true, true
386626, 9273, 6923, 370, 158, 181, true, true
386998, 9281, 6923, 369, 157, 181, true, true
387272, 9287, 6923, 368, 156, 182, true, true
388757, 9325, 6924, 368, 156, 180, true, true
388850, 9328, 6950, 393, 157, 178, true, true
391589, 9385, 6951, 393, 158, 181, true, true
392088, 9394, 6951, 392, 157, 182, true, true
393654, 9426, 6952, 389, 157, 182, true, true
394268, 9437, 6954, 391, 158, 180, true, true
394594, 9442, 6954, 390, 157, 180, true, true
395246, 9455, 6954, 389, 156, 181, true, true
396885, 9482, 6954, 388, 156, 182, true, true
398124, 9504, 6955, 389, 157, 181, true, true
398515, 9513, 6955, 388, 156, 181, true, true
398704, 9519, 6957, 390, 157, 180, true, true
399891, 9546, 6957, 387, 156, 180, true, true
401102, 9574, 6958, 388, 157, 175, true, true
402042, 9591, 6958, 387, 157, 175, true, true
402067, 9592, 6958, 386, 156, 175, true, true
402144, 9594, 6958, 385, 155, 175, true, true
403518, 9618, 6958, 384, 154, 176, true, true
404049, 9625, 6958, 378, 153, 176, true, true
408412, 9710, 6958, 377, 152, 177, true, true
409444, 9730, 6958, 376, 151, 178, true, true
414012, 9815, 6958, 375, 150, 183, true, true
414493, 9827, 6961, 373, 151, 183, true, true
414580, 9830, 6961, 372, 150, 183, true, true
414633, 9832, 6962, 373, 151, 182, true, true
416094, 9867, 6962, 372, 150, 184, true, true
417580, 9896, 6963, 373, 151, 180, true, true
419133, 9925, 6965, 375, 152, 179, true, true
419792, 9940, 6965, 374, 151, 180, true, true
421797, 9978, 6966, 375, 152, 180, true, true
422152, 9985, 6968, 377, 153, 172, true, true
422394, 9992, 6968, 376, 152, 172, true, true
422816, 10005, 6969, 377, 153, 171, true, true
430606, 10169, 6970, 378, 154, 173, true, true
433091, 10214, 6973, 381, 155, 171, true, true
433729, 10225, 6973, 380, 155, 171, true, true
436762, 10301, 6974, 381, 156, 174, true, true
440297, 10376, 6976, 383, 157, 176, true, true
441537, 10402, 6976, 382, 156, 177, true, true
441570, 10403, 6976, 381, 156, 177, true, true
442410, 10416, 6976, 379, 155, 179, true, true
443523, 10436, 6978, 373, 154, 178, true, true
446975, 10515, 6979, 374, 155, 180, true, true
448670, 10552, 6979, 373, 154, 181, true, true
449230, 10569, 6979, 372, 153, 181, true, true
449422, 10575, 6980, 373, 154, 180, true, true
449566, 10578, 6980, 372, 153, 181, true, true
450605, 10610, 6980, 371, 152, 184, true, true
450707, 10614, 6981, 372, 153, 182, true, true
450733, 10615, 6995, 385, 154, 181, true, true
451610, 10629, 6996, 386, 155, 180, true, true
452007, 10639, 6997, 387, 156, 179, true, true
452892, 10658, 6998, 388, 157, 179, true, true
454021, 10681, 6998, 387, 156, 179, true, true
455035, 10703, 6999, 388, 157, 175, true, true
455389, 10710, 6999, 387, 156, 176, true, true
456923, 10739, 7000, 387, 157, 176, true, true
458558, 10774, 7000, 385, 156, 177, true, true
458911, 10784, 7001, 386, 157, 176, true, true
460868, 10815, 7001, 385, 156, 176, true, true
463515, 10887, 7002, 386, 157, 170, true, true
465815, 10928, 7002, 385, 157, 170, true, true
466874, 10950, 7002, 384, 156, 170, true, true
467018, 10954, 7002, 380, 156, 170, true, true
468061, 10974, 7002, 377, 156, 170, true, true
473516, 11083, 7004, 379, 157, 170, true, true
475632, 11125, 7004, 378, 157, 172, true, true
477586, 11161, 7004, 377, 156, 173, true, true
480252, 11216, 7006, 379, 157, 174, true, true
481223, 11239, 7007, 380, 158, 175, true, true
481348, 11242, 7007, 379, 157, 175, true, true
481562, 11248, 7011, 382, 158, 173, true, true
485640, 11331, 7011, 381, 157, 177, true, true
490260, 11421, 7012, 381, 157, 179, true, true
491239, 11443, 7013, 382, 158, 176, true, true
493200, 11485, 7013, 378, 156, 177, true, true
493667, 11491, 7013, 374, 155, 177, true, true
503813, 11695, 7014, 375, 156, 185, true, true
505547, 11720, 7022, 383, 157, 185, true, true
506947, 11749, 7023, 384, 158, 184, true, true
508260, 11781, 7025, 386, 159, 181, true, true
508594, 11790, 7025, 385, 158, 181, true, true
514213, 11879, 7027, 387, 159, 183, true, true
516819, 11930, 7027, 386, 158, 185, true, true
518594, 11962, 7028, 387, 159, 184, true, true
520014, 11992, 7028, 385, 159, 184, true, true
521724, 12025, 7029, 386, 160, 183, true, true
522744, 12036, 7029, 385, 159, 183, true, true
523177, 12046, 7029, 384, 158, 183, true, true
524849, 12077, 7030, 385, 159, 184, true, true
524924, 12079, 7030, 384, 159, 184, true, true
527927, 12150, 7031, 385, 160, 182, true, true
530451, 12204, 7032, 385, 160, 183, true, true
531611, 12233, 7033, 386, 161, 182, true, true
534733, 12290, 7232, 563, 161, 183, true, true
538432, 12361, 7233, 564, 162, 185, true, true
539335, 12379, 7233, 563, 161, 185, true, true
540936, 12412, 7234, 561, 161, 184, true, true
542412, 12445, 7234, 560, 160, 184, true, true
543186, 12447, 7234, 559, 159, 184, true, true
543364, 12450, 7234, 558, 158, 185, true, true
543551, 12453, 7235, 559, 159, 184, true, true
544118, 12465, 7236, 548, 160, 183, true, true
548279, 12543, 7239, 550, 160, 182, true, true
549390, 12558, 7239, 549, 159, 182, true, true
550558, 12579, 7239, 548, 158, 183, true, true
554387, 12644, 7239, 547, 157, 188, true, true
556833, 12688, 7239, 546, 156, 188, true, true
557630, 12704, 7240, 546, 156, 186, true, true
557698, 12706, 7240, 543, 155, 186, true, true
558996, 12729, 7240, 540, 154, 186, true, true
565066, 12823, 7241, 541, 155, 186, true, true
565726, 12838, 7242, 542, 156, 185, true, true
567912, 12874, 7242, 540, 155, 186, true, true
571909, 12958, 7243, 541, 156, 187, true, true
572697, 12975, 7243, 540, 155, 188, true, true
573708, 12997, 7244, 541, 156, 187, true, true
574586, 13015, 7244, 540, 155, 187, true, true
575147, 13025, 7244, 538, 155, 187, true, true
580581, 13150, 7247, 541, 156, 186, true, true
581427, 13168, 7247, 540, 155, 187, true, true
585832, 13249, 7248, 541, 156, 188, true, true
586890, 13273, 7249, 542, 157, 187, true, true
587035, 13277, 7249, 541, 156, 187, true, true
587699, 13291, 7250, 542, 157, 187, true, true
588216, 13302, 7252, 544, 158, 181, true, true
591981, 13358, 7253, 545, 159, 182, true, true
594564, 13391, 7253, 544, 159, 183, true, true
595540, 13403, 7254, 545, 160, 181, true, true
595996, 13409, 7255, 546, 161, 179, true, true
599329, 13455, 7255, 545, 161, 180, true, true
602022, 13483, 7255, 544, 160, 181, true, true
608159, 13581, 7255, 543, 159, 184, true, true
608352, 13587, 7255, 542, 158, 184, true, true
610874, 13643, 7256, 542, 159, 184, true, true
613029, 13689, 7259, 542, 160, 185, true, true
613588, 13698, 7260, 543, 161, 184, true, true
615655, 13743, 7261, 544, 162, 184, true, true
618049, 13789, 7261, 543, 161, 185, true, true
620478, 13841, 7262, 544, 162, 188, true, true
622104, 13868, 7262, 543, 161, 188, true, true
622196, 13870, 7262, 542, 160, 188, true, true
627937, 13975, 7262, 541, 160, 193, true, true
632523, 14051, 7263, 542, 161, 189, true, true
632842, 14057, 7310, 451, 162, 188, true, true
638836, 14154, 7312, 453, 163, 189, true, true
640280, 14183, 7318, 459, 164, 184, true, true
640612, 14187, 7318, 458, 163, 184, true, true
641585, 14206, 7318, 457, 163, 185, true, true
642451, 14227, 7321, 457, 163, 184, true, true
644578, 14262, 7322, 458, 164, 185, true, true
647334, 14315, 7322, 457, 164, 187, true, true
648227, 14335, 7322, 456, 163, 189, true, true
650524, 14369, 7323, 457, 164, 188, true, true
657157, 14481, 7325, 459, 165, 192, true, true
657256, 14483, 7329, 461, 165, 188, true, true
660587, 14544, 7329, 460, 164, 189, true, true
661167, 14553, 7329, 459, 163, 189, true, true
663628, 14596, 7329, 458, 162, 192, true, true
669124, 14694, 7329, 457, 161, 193, true, true
669593, 14704, 7329, 456, 160, 193, true, true
674732, 14800, 7330, 457, 161, 193, true, true
679302, 14895, 7330, 456, 160, 194, true, true
680415, 14916, 7330, 455, 159, 194, true, true
681330, 14933, 7331, 454, 159, 194, true, true
682472, 14954, 7331, 453, 158, 195, true, true
683454, 14968, 7331, 452, 158, 195, true, true
687770, 15042, 7331, 451, 158, 196, true, true
690760, 15101, 7333, 453, 159, 199, true, true
696125, 15211, 7333, 447, 159, 200, true, true
699124, 15256, 7334, 445, 158, 199, true, true
702026, 15299, 7334, 444, 157, 199, true, true
706613, 15386, 7335, 445, 158, 198, true, true
708109, 15416, 7335, 444, 157, 201, true, true
709146, 15437, 7335, 441, 156, 202, true, true
713868, 15538, 7335, 440, 155, 204, true, true
714626, 15554, 7337, 442, 156, 203, true, true
718925, 15639, 7337, 441, 155, 206, true, true
725190, 15766, 7338, 442, 156, 209, true, true
725741, 15779, 7339, 443, 157, 208, true, true
729619, 15866, 7340, 443, 158, 209, true, true
732377, 15920, 7340, 442, 157, 210, true, true
734619, 15966, 7340, 440, 156, 212, true, true
736354, 15997, 7340, 438, 155, 212, true, true
737743, 16030, 7343, 441, 156, 209, true, true
737991, 16036, 7343, 440, 155, 209, true, true
739592, 16067, 7345, 441, 155, 210, true, true
743256, 16145, 7345, 440, 154, 211, true, true
745494, 16186, 7345, 439, 153, 213, true, true
749337, 16255, 7347, 440, 154, 215, true, true
750217, 16272, 7347, 439, 153, 215, true, true
752571, 16313, 7348, 440, 154, 214, true, true
754818, 16364, 7348, 439, 153, 217, true, true
755100, 16370, 7349, 440, 154, 213, true, true
756327, 16394, 7350, 441, 155, 211, true, true
756946, 16404, 7350, 440, 154, 211, true, true
758560, 16435, 7350, 439, 153, 211, true, true
764877, 16546, 7351, 440, 154, 211, true, true
765783, 16565, 7353, 434, 154, 207, true, true
768533, 16617, 7353, 433, 153, 207, true, true
773718, 16713, 7353, 432, 152, 209, true, true
775116, 16746, 7354, 432, 152, 209, true, true
776325, 16775, 7355, 433, 153, 209, true, true
777004, 16788, 7356, 434, 154, 206, true, true
780411, 16853, 7358, 436, 155, 207, true, true
785035, 16945, 7359, 434, 155, 210, true, true
789955, 17050, 7359, 429, 155, 211, true, true
794854, 17150, 7360, 430, 156, 206, true, true
794969, 17154, 7360, 429, 155, 206, true, true
801462, 17294, 7362, 431, 156, 205, true, true
804492, 17355, 7363, 432, 157, 204, true, true
807413, 17411, 7364, 432, 157, 204, true, true
807997, 17423, 7365, 433, 158, 202, true, true
810696, 17492, 7370, 438, 159, 202, true, true
814077, 17574, 7373, 441, 160, 204, true, true
816009, 17611, 7375, 443, 161, 204, true, true
816489, 17621, 7376, 444, 162, 201, true, true
817429, 17641, 7376, 443, 162, 203, true, true
820554, 17725, 7377, 443, 163, 205, true, true
821762, 17755, 7378, 444, 164, 199, true, true
824787, 17815, 7382, 448, 165, 198, true, true
824919, 17818, 7383, 449, 166, 191, true, true
834258, 18021, 7383, 448, 166, 194, true, true
836558, 18062, 7390, 451, 167, 194, true, true
843908, 18207, 7390, 450, 166, 201, true, true
844869, 18229, 7391, 451, 167, 201, true, true
848981, 18308, 7391, 448, 167, 203, true, true
851289, 18370, 7392, 449, 168, 205, true, true
851641, 18378, 7393, 450, 169, 203, true, true
858282, 18542, 7394, 450, 170, 209, true, true
860190, 18590, 7395, 451, 171, 208, true, true
863158, 18669, 7396, 452, 172, 209, true, true
864302, 18696, 7396, 451, 171, 210, true, true
864331, 18698, 7396, 450, 170, 211, true, true
866605, 18758, 7396, 449, 169, 211, true, true
867295, 18775, 7399, 452, 170, 210, true, true
867817, 18798, 7400, 453, 171, 208, true, true
871967, 18898, 7407, 455, 172, 206, true, true
874785, 18963, 7408, 456, 173, 206, true, true
875405, 18980, 7409, 457, 174, 200, true, true
880777, 19101, 7409, 456, 173, 202, true, true
884581, 19196, 7409, 453, 172, 202, true, true
885178, 19208, 7409, 452, 171, 202, true, true
890646, 19338, 7410, 453, 172, 203, true, true
891584, 19359, 7410, 451, 171, 203, true, true
894264, 19433, 7410, 450, 170, 203, true, true
895027, 19455, 7410, 446, 169, 204, true, true
896740, 19501, 7412, 448, 170, 203, true, true
896817, 19503, 7414, 450, 171, 202, true, true
897130, 19514, 7415, 451, 172, 201, true, true
897198, 19516, 7415, 450, 171, 201, true, true
899248, 19561, 7415, 449, 170, 201, true, true
899917, 19570, 7415, 448, 170, 201, true, true
902042, 19632, 7418, 451, 171, 200, true, true
903488, 19671, 7418, 450, 170, 200, true, true
904586, 19696, 7418, 448, 169, 200, true, true
905921, 19732, 7418, 446, 168, 200, true, true
906250, 19741, 7419, 447, 169, 198, true, true
906642, 19752, 7420, 446, 169, 196, true, true
907020, 19764, 7420, 445, 168, 197, true, true
907337, 19770, 7420, 442, 167, 197, true, true
907471, 19775, 7421, 441, 168, 195, true, true
909397, 19826, 7421, 440, 167, 195, true, true
910750, 19860, 7421, 439, 166, 195, true, true
911706, 19882, 7422, 439, 167, 194, true, true
912869, 19912, 7422, 438, 166, 195, true, true
914236, 19945, 7428, 442, 166, 195, true, true
920837, 20111, 7429, 443, 167, 195, true, true
922098, 20137, 7431, 445, 168, 192, true, true
932356, 20367, 7431, 444, 167, 202, true, true
934452, 20418, 7431, 443, 166, 202, true, true
934597, 20423, 7431, 441, 166, 202, true, true
936903, 20468, 7431, 439, 165, 202, true, true
937509, 20481, 7432, 440, 166, 201, true, true
943418, 20605, 7434, 442, 167, 195, true, true
947499, 20704, 7437, 445, 168, 195, true, true
949784, 20747, 7437, 443, 167, 195, true, true
949959, 20751, 7438, 444, 168, 190, true, true
951598, 20788, 7439, 445, 169, 187, true, true
952861, 20816, 7440, 446, 170, 186, true, true
953136, 20821, 7441, 434, 171, 186, true, true
956799, 20910, 7441, 432, 170, 189, true, true
960628, 20993, 7443, 433, 170, 189, true, true
967423, 21155, 7443, 430, 170, 192, true, true
972366, 21257, 7443, 429, 169, 194, true, true
978676, 21372, 7443, 428, 168, 195, true, true
980683, 21410, 7444, 429, 169, 188, true, true
981655, 21435, 7444, 428, 168, 188, true, true
986042, 21533, 7445, 428, 168, 187, true, true
992953, 21690, 7445, 427, 167, 191, true, true
994472, 21723, 7445, 425, 166, 191, true, true
1007334, 22031, 7446, 425, 167, 197, true, true
1016033, 22209, 7446, 424, 166, 200, true, true
1016535, 22224, 7447, 425, 167, 198, true, true
1017231, 22249, 7447, 420, 165, 198, true, true
1020008, 22322, 7448, 421, 166, 198, true, true
1021811, 22372, 7448, 420, 165, 198, true, true
1025011, 22444, 7521, 426, 166, 197, true, true
1025617, 22462, 7522, 427, 167, 193, true, true
1025699, 22464, 7523, 428, 168, 190, true, true
1030761, 22599, 7529, 419, 166, 191, true, true
1030828, 22601, 7529, 416, 165, 191, true, true
1033561, 22671, 7530, 417, 166, 192, true, true
1037355, 22772, 7531, 418, 167, 193, true, true
1043840, 22931, 7532, 419, 168, 193, true, true
1043961, 22935, 7532, 418, 167, 193, true, true
1044167, 22942, 7532, 417, 166, 193, true, true
1048795, 23080, 7532, 416, 165, 193, true, true
1050654, 23131, 7533, 417, 166, 193, true, true
1050934, 23139, 7533, 416, 165, 193, true, true
1052615, 23187, 7534, 417, 166, 190, true, true
1057278, 23304, 7535, 412, 167, 191, true, true
1059017, 23341, 7535, 410, 166, 192, true, true
1059842, 23363, 7535, 408, 165, 193, true, true
1062112, 23426, 7535, 407, 164, 195, true, true
1065811, 23516, 7539, 411, 165, 195, true, true
1066973, 23537, 7540, 412, 166, 189, true, true
1070019, 23616, 7541, 413, 167, 187, true, true
1070812, 23639, 7542, 414, 168, 185, true, true
1073814, 23719, 7550, 421, 168, 186, true, true
1075938, 23769, 7550, 420, 167, 186, true, true
1080761, 23892, 7551, 421, 168, 182, true, true
1085387, 24002, 7553, 423, 169, 175, true, true
1087099, 24044, 7553, 422, 168, 175, true, true
1091138, 24130, 7553, 421, 167, 177, true, true
1091581, 24140, 7554, 421, 167, 174, true, true
1097264, 24265, 7556, 423, 168, 177, true, true
1101037, 24355, 7557, 424, 169, 172, true, true
1105611, 24453, 7557, 423, 168, 172, true, true
1106301, 24470, 7558, 424, 169, 171, true, true
1108532, 24528, 7558, 422, 168, 173, true, true
1109299, 24549, 7558, 421, 167, 173, true, true
1111020, 24588, 7560, 423, 168, 172, true, true
1114094, 24656, 7561, 424, 169, 172, true, true
1121102, 24814, 7562, 425, 170, 173, true, true
1129150, 25000, 7563, 426, 171, 174, true, true
1131682, 25067, 7564, 426, 171, 173, true, true
1133923, 25117, 7565, 427, 172, 172, true, true
1134746, 25130, 7565, 426, 171, 172, true, true
1137138, 25187, 7565, 422, 170, 172, true, true
1138076, 25214, 7566, 422, 170, 168, true, true
1139122, 25246, 7566, 421, 169, 168, true, true
1139346, 25253, 7567, 422, 170, 167, true, true
1144998, 25383, 7567, 420, 169, 169, true, true
1148851, 25481, 7569, 422, 170, 172, true, true
1151311, 25540, 7569, 421, 169, 172, true, true
1152257, 25566, 7569, 420, 168, 172, true, true
1156147, 25655, 7569, 419, 168, 174, true, true
1160239, 25752, 7569, 418, 167, 175, true, true
1164155, 25855, 7572, 421, 168, 175, true, true
1165551, 25878, 7573, 422, 169, 172, true, true
1167210, 25924, 7573, 421, 168, 173, true, true
1173619, 26062, 7574, 422, 169, 176, true, true
1179683, 26218, 7574, 420, 169, 178, true, true
1181066, 26258, 7574, 419, 168, 180, true, true
1182703, 26309, 7574, 418, 167, 181, true, true
1185203, 26370, 7590, 398, 168, 179, true, true
1189222, 26473, 7594, 402, 169, 178, true, true
1192828, 26535, 7595, 403, 170, 178, true, true
1194922, 26582, 7597, 405, 171, 178, true, true
1199084, 26686, 7597, 404, 170, 178, true, true
1199592, 26696, 7597, 403, 169, 178, true, true
1201886, 26758, 7598, 404, 170, 175, true, true
1204686, 26810, 7598, 403, 169, 175, true, true
1204864, 26818, 7599, 404, 170, 173, true, true
1208627, 26893, 7599, 403, 169, 173, true, true
1213350, 27018, 7600, 404, 170, 172, true, true
1214387, 27048, 7600, 403, 169, 172, true, true
1222082, 27217, 7600, 402, 168, 175, true, true
1224034, 27268, 7600, 401, 167, 176, true, true
1225824, 27321, 7600, 399, 165, 178, true, true
1226502, 27341, 7602, 401, 166, 177, true, true
1226995, 27351, 7602, 400, 166, 177, true, true
1227370, 27362, 7602, 399, 165, 177, true, true
1230402, 27435, 7603, 400, 166, 175, true, true
1235178, 27530, 7604, 398, 167, 176, true, true
1237426, 27592, 7605, 399, 168, 171, true, true
1238840, 27632, 7606, 400, 169, 171, true, true
1239870, 27652, 7606, 399, 168, 172, true, true
1250804, 27933, 7607, 400, 169, 175, true, true
1251219, 27945, 7608, 401, 170, 173, true, true
1255487, 28053, 7608, 400, 169, 173, true, true
1258473, 28120, 7613, 405, 170, 172, true, true
1262386, 28219, 7614, 406, 171, 174, true, true
1263648, 28253, 7614, 404, 170, 174, true, true
1267277, 28328, 7615, 405, 171, 174, true, true
1269605, 28376, 7616, 406, 172, 171, true, true
1273146, 28456, 7617, 407, 173, 170, true, true
1275970, 28531, 7618, 408, 174, 171, true, true
1278476, 28596, 7620, 410, 175, 171, true, true
1280676, 28639, 7621, 410, 175, 171, true, true
1281840, 28662, 7621, 409, 174, 173, true, true
1287068, 28785, 7641, 428, 175, 173, true, true
1289549, 28846, 7641, 427, 174, 174, true, true
1291092, 28886, 7643, 426, 175, 173, true, true
1292173, 28916, 7643, 424, 174, 173, true, true
1296176, 29016, 7643, 423, 173, 176, true, true
1299810, 29112, 7644, 424, 174, 174, true, true
1301962, 29177, 7648, 428, 175, 171, true, true
1311136, 29414, 7649, 429, 176, 173, true, true
1320686, 29653, 7650, 430, 177, 176, true, true
1327015, 29820, 7650, 428, 176, 179, true, true
1328905, 29861, 7650, 425, 175, 179, true, true
1333008, 29965, 7651, 425, 175, 176, true, true
1338449, 30093, 7651, 420, 175, 177, true, true
1338787, 30102, 7656, 425, 176, 176, true, true
1342323, 30182, 7656, 424, 175, 178, true, true
1345218, 30259, 7656, 423, 174, 180, true, true
1347573, 30318, 7656, 422, 173, 180, true, true
1349705, 30369, 7656, 421, 172, 181, true, true
1350996, 30397, 7656, 420, 172, 181, true, true
1352774, 30446, 7657, 421, 173, 180, true, true
1359878, 30611, 7657, 420, 172, 181, true, true
1363020, 30688, 7658, 421, 173, 182, true, true
1367885, 30799, 7659, 422, 174, 184, true, true
1368300, 30807, 7660, 417, 175, 183, true, true
1368856, 30819, 7704, 415, 176, 182, true, true
1369477, 30835, 7704, 414, 175, 182, true, true
1373943, 30942, 7704, 413, 174, 183, true, true
1374220, 30948, 7704, 412, 173, 183, true, true
1377812, 31030, 7704, 411, 172, 183, true, true
1379692, 31057, 7704, 407, 171, 183, true, true
1380235, 31073, 7705, 408, 172, 181, true, true
1388070, 31239, 7706, 407, 171, 184, true, true
1389101, 31264, 7708, 409, 172, 180, true, true
1393253, 31356, 7710, 411, 173, 179, true, true
1394608, 31370, 7711, 412, 174, 174, true, true
1402383, 31543, 7713, 391, 173, 175, true, true
1406716, 31647, 7713, 390, 172, 178, true, true
1408403, 31687, 7714, 391, 173, 171, true, true
1410485, 31740, 7715, 392, 174, 167, true, true
1411773, 31769, 7715, 391, 173, 167, true, true
1424672, 32062, 7715, 390, 172, 174, true, true
1425490, 32080, 7715, 389, 171, 174, true, true
1426188, 32097, 7715, 388, 170, 174, true, true
1426756, 32113, 7716, 389, 171, 174, true, true
1429853, 32181, 7716, 384, 171, 174, true, true
1434982, 32300, 7716, 383, 170, 174, true, true
1436881, 32342, 7716, 382, 169, 174, true, true
1439515, 32410, 7716, 381, 168, 175, true, true
1442090, 32478, 7716, 380, 167, 175, true, true
1442739, 32492, 7717, 381, 168, 175, true, true
1444419, 32540, 7717, 380, 167, 176, true, true
1446877, 32605, 7717, 379, 166, 176, true, true
1449710, 32668, 7717, 378, 165, 177, true, true
1449933, 32673, 7717, 377, 164, 177, true, true
1452288, 32721, 7722, 382, 165, 176, true, true
1469822, 33105, 7723, 383, 166, 176, true, true
1472813, 33166, 7723, 382, 165, 176, true, true
1476946, 33261, 7725, 368, 164, 177, true, true
1479454, 33319, 7725, 367, 163, 178, true, true
1487079, 33507, 7726, 368, 164, 179, true, true
1487879, 33523, 7726, 367, 163, 179, true, true
1491814, 33613, 7727, 368, 164, 178, true, true
1501077, 33822, 7730, 371, 165, 176, true, true
1502973, 33849, 7730, 370, 164, 176, true, true
1503142, 33854, 7731, 371, 165, 174, true, true
1509709, 34010, 7732, 372, 166, 173, true, true
1516082, 34168, 7732, 371, 165, 174, true, true
1522692, 34313, 7734, 373, 166, 173, true, true
1527026, 34414, 7734, 372, 165, 176, true, true
1528607, 34444, 7734, 370, 164, 176, true, true
1531164, 34495, 7734, 369, 163, 176, true, true
1533428, 34550, 7735, 369, 163, 176, true, true
1536878, 34641, 7735, 368, 162, 176, true, true
1537221, 34654, 7736, 369, 163, 175, true, true
1540693, 34749, 7736, 368, 162, 178, true, true
1556825, 35103, 7770, 402, 163, 184, true, true
1557284, 35115, 7771, 403, 164, 184, true, true
1558040, 35129, 7772, 404, 165, 183, true, true
1558129, 35134, 7773, 405, 166, 179, true, true
1564411, 35275, 7773, 404, 165, 180, true, true
1566165, 35315, 7774, 405, 166, 180, true, true
1567957, 35344, 7774, 404, 165, 180, true, true
1598556, 35994, 7774, 403, 164, 187, true, true
1603772, 36111, 7774, 402, 163, 190, true, true
1606525, 36176, 7775, 403, 164, 189, true, true
1607317, 36189, 7776, 404, 165, 183, true, true
1609996, 36263, 7777, 405, 166, 182, true, true
1610874, 36284, 7777, 403, 165, 183, true, true
1612515, 36318, 7778, 404, 166, 181, true, true
1613954, 36343, 7779, 405, 167, 180, true, true
1618431, 36424, 7780, 406, 168, 180, true, true
1626001, 36588, 7780, 401, 167, 182, true, true
1631434, 36709, 7780, 400, 166, 182, true, true
1632315, 36729, 7780, 399, 165, 182, true, true
1633984, 36771, 7782, 401, 166, 181, true, true
1634517, 36786, 7782, 399, 165, 181, true, true
1635153, 36802, 7782, 398, 164, 181, true, true
1637368, 36860, 7783, 399, 165, 178, true, true
1642662, 36969, 7784, 400, 166, 177, true, true
1646475, 37058, 7784, 399, 166, 178, true, true
1653414, 37215, 7786, 401, 167, 179, true, true
1654103, 37235, 7787, 402, 168, 178, true, true
1659822, 37364, 7787, 401, 167, 179, true, true
1660895, 37393, 7788, 402, 168, 177, true, true
1679915, 37799, 7788, 401, 168, 179, true, true
1681650, 37831, 7788, 399, 167, 179, true, true
1684635, 37887, 7792, 403, 168, 177, true, true
1694320, 38095, 7792, 400, 167, 180, true, true
1713415, 38462, 7794, 402, 168, 179, true, true
1718810, 38531, 7799, 406, 169, 177, true, true
1765100, 39137, 7799, 405, 169, 187, true, true
1765748, 39146, 7799, 404, 168, 188, true, true
1769180, 39196, 7799, 403, 168, 188, true, true
1815412, 39810, 7799, 402, 167, 195, true, true
1817361, 39836, 7799, 401, 166, 195, true, true
1820211, 39879, 7801, 403, 167, 193, true, true
1823089, 39922, 7803, 405, 168, 192, true, true
1833644, 40050, 7803, 404, 167, 192, true, true
1854729, 40324, 7803, 403, 166, 194, true, true
1860906, 40404, 7803, 401, 166, 194, true, true
1864097, 40446, 7804, 402, 167, 193, true, true
1868024, 40503, 7804, 398, 167, 193, true, true
1869552, 40525, 7806, 400, 168, 193, true, true
1870384, 40535, 7807, 401, 169, 192, true, true
1871736, 40553, 7807, 400, 168, 192, true, true
1880538, 40655, 7807, 399, 167, 193, true, true
1882393, 40679, 7808, 400, 168, 192, true, true
1989451, 41180, 7808, 399, 167, 199, true, true
2002402, 41343, 7808, 398, 167, 199, true, true
2003754, 41361, 7810, 400, 168, 193, true, true
2027872, 41633, 7810, 399, 167, 195, true, true
2028364, 41638, 7810, 398, 166, 195, true, true
2033808, 41718, 7811, 399, 167, 192, true, true
2036032, 41745, 7811, 398, 167, 192, true, true
2040393, 41794, 7811, 397, 166, 193, true, true
2047184, 41870, 7811, 396, 166, 193, true, true
2071255, 42148, 7811, 395, 165, 197, true, true
2078761, 42234, 7812, 396, 166, 196, true, true
2081884, 42274, 7814, 395, 166, 195, true, true
2088199, 42361, 7814, 394, 165, 195, true, true
2100013, 42513, 7815, 395, 166, 193, true, true
2114164, 42688, 7815, 394, 166, 193, true, true
2148336, 43073, 7816, 395, 167, 196, true, true
2152506, 43126, 7817, 396, 168, 195, true, true
2159028, 43207, 7817, 395, 168, 197, true, true
2163257, 43261, 7818, 396, 169, 196, true, true
2170285, 43352, 7818, 395, 168, 198, true, true
2201052, 43700, 7819, 396, 169, 197, true, true
2235147, 44135, 7819, 394, 168, 201, true, true
2239968, 44252, 7819, 393, 167, 203, true, true
2244731, 44368, 7819, 392, 166, 203, true, true
2250240, 44509, 7820, 391, 166, 205, true, true
2253264, 44568, 7821, 392, 167, 204, true, true
2263974, 44833, 7821, 391, 166, 205, true, true
2276333, 45105, 7821, 390, 165, 205, true, true
2277041, 45121, 7823, 392, 166, 204, true, true
2278053, 45142, 7824, 393, 167, 201, true, true
2285766, 45329, 7825, 394, 168, 200, true, true
2291277, 45455, 7826, 395, 169, 197, true, true
2293263, 45499, 7835, 404, 170, 196, true, true
2304001, 45748, 7835, 403, 169, 198, true, true
2304750, 45762, 7836, 404, 170, 195, true, true
2306385, 45796, 7837, 405, 171, 191, true, true
2308824, 45838, 7839, 405, 171, 189, true, true
2315366, 45965, 7839, 404, 170, 191, true, true
2319429, 46041, 7839, 403, 169, 191, true, true
2327379, 46252, 7850, 412, 170, 191, true, true
2327566, 46257, 7851, 413, 171, 190, true, true
2341356, 46489, 7852, 414, 172, 189, true, true
2343824, 46527, 7852, 413, 171, 189, true, true
2350685, 46632, 7853, 414, 172, 187, true, true
2354215, 46695, 7853, 413, 171, 187, true, true
2361281, 46830, 7853, 412, 170, 187, true, true
2362854, 46857, 7854, 413, 171, 186, true, true
2373878, 47046, 7855, 414, 172, 185, true, true
2378747, 47163, 7855, 413, 171, 185, true, true
2380423, 47205, 7858, 416, 172, 183, true, true
2390417, 47428, 7859, 416, 173, 181, true, true
2431674, 48343, 7861, 418, 174, 187, true, true
2438771, 48518, 7862, 419, 175, 186, true, true
2438960, 48523, 7863, 420, 176, 183, true, true
2439046, 48526, 7864, 421, 177, 181, true, true
2443423, 48625, 7864, 420, 176, 181, true, true
2460675, 49010, 7864, 418, 175, 182, true, true
2461602, 49037, 7865, 419, 176, 182, true, true
2464042, 49104, 7866, 420, 177, 181, true, true
2465057, 49125, 7867, 421, 178, 179, true, true
2467923, 49191, 7868, 422, 179, 178, true, true
2479682, 49470, 7868, 421, 178, 179, true, true
2481571, 49515, 7869, 422, 179, 178, true, true
2499324, 49929, 7870, 422, 179, 181, true, true
2499393, 49930, 7870, 421, 178, 181, true, true
2500916, 49971, 7870, 420, 177, 182, true, true
2513600, 50275, 7870, 419, 176, 185, true, true
2524495, 50546, 7875, 413, 177, 187, true, true
2524923, 50557, 7875, 411, 176, 187, true, true
2535803, 50798, 7876, 412, 177, 188, true, true
2546418, 51064, 7876, 411, 176, 189, true, true
2551240, 51174, 7877, 411, 176, 188, true, true
2551736, 51186, 7877, 410, 175, 188, true, true
2561058, 51410, 7878, 411, 176, 187, true, true
2571062, 51635, 7879, 412, 177, 188, true, true
2577056, 51773, 7880, 413, 178, 190, true, true
2587530, 52011, 7882, 415, 179, 190, true, true
2587857, 52021, 7890, 421, 179, 189, true, true
2588490, 52042, 7893, 419, 180, 188, true, true
2591847, 52127, 7894, 420, 181, 187, true, true
2605534, 52463, 7895, 421, 182, 187, true, true
2607928, 52526, 7897, 423, 183, 186, true, true
2621239, 52825, 7897, 421, 182, 190, true, true
2624676, 52894, 7897, 420, 181, 190, true, true
2629347, 53007, 7898, 421, 182, 189, true, true
2629707, 53015, 7898, 419, 181, 189, true, true
2633494, 53100, 7898, 418, 180, 189, true, true
2635374, 53142, 7898, 417, 179, 189, true, true
2666420, 53911, 7898, 415, 178, 195, true, true
2669753, 53998, 7898, 414, 177, 197, true, true
2675416, 54149, 7901, 417, 178, 197, true, true
2684241, 54349, 7902, 418, 179, 198, true, true
2686397, 54410, 7903, 419, 180, 198, true, true
2688661, 54458, 7903, 417, 179, 198, true, true
2692356, 54565, 7903, 416, 178, 198, true, true
2696444, 54670, 7918, 405, 178, 198, true, true
2704095, 54860, 7921, 404, 176, 197, true, true
2706675, 54931, 7924, 407, 177, 192, true, true
2711661, 55046, 7925, 408, 178, 191, true, true
2721943, 55304, 7927, 409, 179, 193, true, true
2723389, 55333, 7929, 411, 180, 191, true, true
2725707, 55391, 7929, 410, 179, 191, true, true
2735842, 55661, 7949, 427, 179, 190, true, true
2744354, 55879, 7949, 425, 178, 191, true, true
2755762, 56161, 7949, 420, 177, 193, true, true
2760909, 56292, 7949, 419, 176, 193, true, true
2764981, 56395, 7950, 420, 177, 193, true, true
2771692, 56583, 7951, 421, 178, 192, true, true
2786077, 56921, 7952, 422, 179, 191, true, true
2790359, 57023, 7952, 421, 178, 192, true, true
2795779, 57147, 7953, 422, 179, 190, true, true
2796371, 57158, 7953, 421, 179, 190, true, true
2799758, 57247, 7953, 420, 179, 190, true, true
2802342, 57302, 7953, 419, 179, 190, true, true
2803231, 57319, 7955, 421, 180, 189, true, true
2811097, 57510, 7955, 420, 179, 190, true, true
2815836, 57630, 7955, 419, 178, 190, true, true
2817778, 57671, 7955, 418, 177, 191, true, true
2825857, 57877, 7960, 421, 176, 191, true, true
2826228, 57888, 7960, 420, 175, 191, true, true
2830499, 57988, 7961, 421, 176, 189, true, true
2835368, 58103, 7961, 420, 175, 190, true, true
2836692, 58140, 7963, 422, 176, 186, true, true
2856068, 58634, 7964, 419, 177, 188, true, true
2873201, 59051, 7964, 418, 176, 191, true, true
2874230, 59075, 7965, 419, 177, 187, true, true
2875468, 59116, 7965, 417, 176, 188, true, true
2875966, 59130, 7966, 418, 177, 183, true, true
2880533, 59224, 7966, 416, 177, 183, true, true
2889990, 59447, 7971, 406, 178, 182, true, true
2908017, 59848, 7972, 407, 179, 183, true, true
2910267, 59899, 7973, 408, 180, 182, true, true
2912339, 59944, 7974, 408, 180, 178, true, true
2914538, 60004, 7974, 407, 179, 178, true, true
2920819, 60149, 7974, 406, 178, 179, true, true
2924803, 60246, 7976, 408, 179, 178, true, true
2925231, 60255, 7991, 408, 178, 177, true, true
2930449, 60386, 7991, 407, 177, 178, true, true
2934210, 60472, 7993, 409, 178, 178, true, true
2944030, 60707, 7993, 406, 177, 179, true, true
2963332, 61154, 8002, 415, 178, 179, true, true
2966910, 61250, 8003, 416, 179, 179, true, true
2967329, 61260, 8004, 417, 180, 177, true, true
2980089, 61556, 8004, 416, 179, 178, true, true
2980670, 61576, 8005, 417, 180, 176, true, true
2989236, 61768, 8005, 416, 179, 178, true, true
3014254, 62357, 8006, 417, 180, 178, true, true
3014959, 62374, 8006, 416, 180, 178, true, true
3017421, 62432, 8011, 421, 181, 177, true, true
3018690, 62460, 8014, 423, 182, 175, true, true
3023176, 62569, 8014, 422, 181, 175, true, true
3037071, 62894, 8014, 421, 180, 175, true, true
3039515, 62967, 8015, 422, 181, 175, true, true
3045081, 63108, 8015, 420, 180, 175, true, true
3052831, 63271, 8015, 419, 180, 176, true, true
3053502, 63288, 8016, 420, 181, 174, true, true
3062945, 63542, 8017, 421, 182, 172, true, true
3063658, 63557, 8017, 419, 181, 172, true, true
3063991, 63567, 8025, 427, 182, 170, true, true
3064327, 63576, 8026, 428, 183, 169, true, true
3075900, 63824, 8026, 427, 183, 170, true, true
3083350, 64019, 8028, 429, 184, 171, true, true
3086035, 64069, 8045, 436, 185, 166, true, true
3090347, 64174, 8045, 435, 184, 166, true, true
3091405, 64199, 8045, 434, 183, 166, true, true
3092294, 64216, 8045, 432, 182, 166, true, true
3115135, 64752, 8046, 431, 183, 167, true, true
3124977, 64997, 8046, 429, 182, 168, true, true
3126338, 65029, 8046, 428, 181, 168, true, true
3138858, 65312, 8047, 429, 182, 166, true, true
3141086, 65367, 8048, 430, 183, 159, true, true
3142110, 65385, 8049, 430, 184, 157, true, true
3143933, 65434, 8052, 431, 184, 154, true, true
3144762, 65457, 8056, 435, 185, 155, true, true
3170662, 66056, 8056, 433, 184, 156, true, true
3171904, 66087, 8057, 434, 185, 153, true, true
3172036, 66090, 8057, 433, 184, 153, true, true
3172622, 66107, 8058, 434, 185, 152, true, true
3182596, 66339, 8058, 433, 184, 152, true, true
3183624, 66368, 8058, 432, 183, 153, true, true
3185646, 66421, 8058, 431, 182, 154, true, true
3188748, 66490, 8058, 430, 181, 154, true, true
3195792, 66636, 8060, 432, 182, 153, true, true
3196470, 66652, 8060, 431, 182, 153, true, true
3210290, 66962, 8063, 434, 183, 151, true, true
3210403, 66965, 8064, 435, 184, 149, true, true
3241806, 67715, 8064, 434, 183, 155, true, true
3242907, 67742, 8064, 433, 183, 155, true, true
3283659, 68667, 8065, 434, 184, 156, true, true
3284842, 68693, 8065, 433, 183, 156, true, true
3288499, 68783, 8066, 433, 184, 156, true, true
3300705, 69042, 8074, 441, 185, 154, true, true
3316644, 69421, 8076, 443, 186, 154, true, true
3327917, 69689, 8076, 442, 185, 154, true, true
3338059, 69920, 8078, 444, 186, 149, true, true
3341622, 70009, 8079, 445, 187, 147, true, true
3343316, 70047, 8080, 446, 188, 145, true, true
3344381, 70073, 8080, 445, 187, 145, true, true
3346037, 70115, 8080, 444, 186, 145, true, true
3361240, 70458, 8081, 445, 187, 145, true, true
3365488, 70565, 8082, 446, 188, 144, true, true
3368121, 70618, 8082, 445, 187, 144, true, true
3371261, 70695, 8082, 444, 186, 144, true, true
3381311, 70924, 8082, 443, 186, 144, true, true
3382838, 70966, 8082, 442, 185, 144, true, true
3387015, 71049, 8087, 446, 185, 142, true, true
3388648, 71096, 8087, 444, 184, 143, true, true
3394930, 71235, 8087, 443, 184, 143, true, true
3406906, 71512, 8087, 442, 183, 145, true, true
3431714, 72046, 8090, 444, 183, 148, true, true
3434823, 72120, 8090, 443, 182, 149, true, true
3437865, 72186, 8090, 442, 181, 149, true, true
3454351, 72557, 8091, 441, 181, 149, true, true
3464086, 72779, 8091, 440, 181, 149, true, true
3486213, 73268, 8091, 439, 180, 150, true, true
3491809, 73402, 8091, 438, 179, 150, true, true
3503805, 73675, 8091, 437, 178, 150, true, true
3508454, 73785, 8091, 436, 177, 151, true, true
3514324, 73916, 8091, 435, 176, 151, true, true
3522820, 74112, 8091, 432, 175, 153, true, true
3531581, 74317, 8092, 433, 176, 152, true, true
3534883, 74396, 8092, 432, 175, 152, true, true
3535257, 74406, 8097, 435, 176, 151, true, true
3547436, 74689, 8097, 430, 175, 153, true, true
3568272, 75210, 8098, 430, 176, 152, true, true
3578208, 75448, 8098, 429, 175, 153, true, true
3593217, 75805, 8098, 428, 174, 153, true, true
3593832, 75822, 8098, 427, 173, 153, true, true
3606931, 76150, 8098, 426, 172, 155, true, true
3616076, 76348, 8100, 428, 173, 151, true, true
3618732, 76408, 8100, 426, 172, 151, true, true
3651479, 77152, 8101, 426, 172, 152, true, true
3654913, 77239, 8105, 430, 173, 151, true, true
3663941, 77444, 8105, 429, 172, 152, true, true
3674326, 77683, 8105, 428, 171, 152, true, true
3685513, 77941, 8106, 429, 172, 148, true, true
3691320, 78079, 8108, 427, 173, 147, true, true
3694643, 78154, 8108, 426, 172, 148, true, true
3700395, 78292, 8108, 424, 171, 148, true, true
3705386, 78404, 8109, 425, 172, 147, true, true
3720563, 78754, 8110, 426, 173, 144, true, true
3720733, 78758, 8110, 425, 172, 144, true, true
3734769, 79079, 8113, 426, 172, 143, true, true
3736569, 79114, 8113, 425, 171, 143, true, true
3742078, 79227, 8113, 423, 170, 143, true, true
3745300, 79296, 8113, 422, 169, 144, true, true
3769324, 79843, 8114, 423, 170, 141, true, true
3797387, 80462, 8114, 422, 169, 147, true, true
3803949, 80617, 8115, 416, 170, 147, true, true
3821542, 81021, 8116, 417, 171, 144, true, true
3826070, 81122, 8116, 416, 170, 145, true, true
3840478, 81471, 8124, 413, 171, 142, true, true
3846655, 81595, 8125, 414, 172, 142, true, true
3856500, 81820, 8126, 415, 173, 141, true, true
3857005, 81837, 8127, 416, 174, 140, true, true
3862514, 81975, 8128, 417, 175, 140, true, true
3882215, 82402, 8128, 416, 174, 143, true, true
3904506, 82958, 8130, 418, 175, 143, true, true
3908790, 83067, 8130, 416, 173, 143, true, true
3915513, 83213, 8130, 415, 172, 144, true, true
3921393, 83367, 8134, 419, 173, 143, true, true
3938578, 83777, 8135, 420, 174, 143, true, true
3940236, 83828, 8135, 419, 173, 143, true, true
3943801, 83921, 8135, 417, 172, 143, true, true
3946400, 83988, 8135, 416, 171, 143, true, true
3949775, 84059, 8135, 415, 170, 143, true, true
3950480, 84075, 8135, 413, 169, 143, true, true
4015382, 85523, 8136, 414, 170, 148, true, true
4020039, 85625, 8138, 416, 171, 146, true, true
4038689, 86050, 8139, 415, 172, 148, true, true
4049049, 86305, 8140, 416, 173, 144, true, true
4061921, 86607, 8140, 415, 172, 144, true, true
4062093, 86610, 8141, 416, 173, 143, true, true
4063328, 86635, 8141, 415, 173, 143, true, true
4091476, 87294, 8141, 414, 172, 145, true, true
4091829, 87304, 8141, 413, 171, 145, true, true
4112651, 87785, 8141, 412, 170, 146, true, true
4156054, 88771, 8146, 417, 171, 145, true, true
4158773, 88833, 8151, 410, 171, 145, true, true
4158867, 88835, 8151, 409, 170, 145, true, true
4234262, 90552, 8151, 408, 169, 150, true, true
4236675, 90606, 8151, 407, 168, 150, true, true
4241782, 90723, 8152, 408, 169, 146, true, true
4248400, 90890, 8153, 407, 168, 144, true, true
4257984, 91114, 8153, 406, 167, 145, true, true
4260769, 91180, 8154, 407, 168, 144, true, true
4266797, 91314, 8154, 405, 167, 144, true, true
4289738, 91848, 8154, 404, 166, 145, true, true
4330612, 92793, 8154, 403, 166, 147, true, true
4331024, 92807, 8155, 404, 167, 146, true, true
4345810, 93151, 8155, 403, 166, 146, true, true
4357731, 93432, 8155, 402, 166, 147, true, true
4421322, 94799, 8156, 402, 166, 150, true, true
4428266, 94920, 8157, 403, 167, 145, true, true
4454157, 95404, 8159, 403, 167, 143, true, true
4455817, 95435, 8159, 401, 166, 143, true, true
4457795, 95471, 8160, 402, 167, 141, true, true
4466341, 95618, 8160, 401, 166, 141, true, true
4473016, 95732, 8160, 400, 166, 141, true, true
4484890, 95929, 8160, 399, 165, 141, true, true
4500755, 96222, 8160, 398, 165, 142, true, true
4529362, 96716, 8164, 402, 166, 143, true, true
4540647, 96917, 8164, 401, 165, 144, true, true
4573700, 97492, 8164, 400, 164, 145, true, true
4595302, 97870, 8164, 399, 163, 148, true, true
4616002, 98200, 8164, 398, 162, 150, true, true
4651091, 98791, 8166, 398, 162, 149, true, true
4675414, 99250, 8167, 399, 163, 146, true, true
4687188, 99461, 8167, 398, 162, 146, true, true
4688692, 99488, 8167, 396, 161, 146, true, true
4695801, 99620, 8169, 397, 161, 144, true, true
4698426, 99662, 8169, 396, 161, 144, true, true
4702383, 99732, 8169, 395, 160, 144, true, true
4704132, 99765, 8170, 396, 161, 143, true, true
4713589, 99937, 8170, 395, 160, 144, true, true
4718548, 100022, 8170, 393, 159, 144, true, true
4725136, 100139, 8175, 398, 160, 144, true, true
4735717, 100324, 8175, 397, 159, 145, true, true
4756673, 100682, 8175, 396, 158, 145, true, true
4777889, 101042, 8176, 397, 159, 146, true, true
4780750, 101083, 8176, 396, 158, 146, true, true
4785425, 101152, 8176, 395, 157, 147, true, true
4802187, 101413, 8176, 394, 156, 148, true, true
4816544, 101654, 8176, 393, 155, 149, true, true
4816653, 101658, 8177, 387, 156, 147, true, true
4892182, 102924, 8178, 388, 157, 150, true, true
4911452, 103272, 8178, 387, 157, 152, true, true
4927555, 103536, 8179, 388, 158, 152, true, true
4934956, 103676, 8180, 388, 158, 153, true, true
4957476, 104066, 8182, 390, 159, 155, true, true
4957718, 104070, 8182, 389, 158, 155, true, true
4982213, 104480, 8182, 388, 158, 156, true, true
5004980, 104882, 8182, 386, 157, 157, true, true
5012225, 105009, 8182, 382, 157, 157, true, true
5012455, 105017, 8183, 383, 158, 156, true, true
5022057, 105186, 8186, 385, 159, 155, true, true
5027037, 105264, 8187, 384, 159, 154, true, true
5047393, 105594, 8188, 385, 160, 150, true, true
5063809, 105865, 8188, 384, 159, 150, true, true
5105523, 106587, 8189, 375, 160, 152, true, true
5124605, 106920, 8189, 374, 159, 154, true, true
5136187, 107120, 8192, 377, 160, 153, true, true
5137840, 107152, 8193, 378, 161, 152, true, true
5147362, 107305, 8200, 376, 162, 149, true, true
5157545, 107459, 8200, 375, 161, 149, true, true
5160020, 107488, 8200, 374, 160, 149, true, true
5170755, 107636, 8201, 375, 161, 149, true, true
5188798, 107919, 8201, 374, 160, 152, true, true
5189145, 107926, 8201, 372, 159, 152, true, true
5192496, 107962, 8203, 366, 160, 151, true, true
5196164, 108017, 8205, 368, 161, 147, true, true
5208765, 108260, 8206, 369, 162, 146, true, true
5227551, 108648, 8207, 370, 163, 143, true, true
5229438, 108696, 8207, 369, 162, 143, true, true
5233542, 108788, 8210, 371, 162, 142, true, true
5257623, 109353, 8210, 364, 161, 142, true, true
5275842, 109756, 8211, 365, 162, 142, true, true
5293030, 110135, 8211, 363, 161, 142, true, true
5296873, 110226, 8211, 360, 160, 142, true, true
5364881, 111709, 8211, 359, 159, 147, true, true
5367599, 111769, 8211, 357, 158, 148, true, true
5378998, 112005, 8211, 356, 157, 148, true, true
5387849, 112224, 8212, 357, 158, 144, true, true
5389523, 112261, 8212, 356, 157, 144, true, true
5417641, 112916, 8212, 355, 156, 145, true, true
5466939, 114021, 8213, 356, 157, 146, true, true
5492823, 114606, 8214, 357, 158, 146, true, true
5524662, 115354, 8214, 356, 157, 149, true, true
5529396, 115460, 8215, 357, 158, 148, true, true
5552937, 116013, 8217, 359, 159, 146, true, true
5566814, 116337, 8218, 360, 160, 147, true, true
5571198, 116456, 8218, 355, 159, 147, true, true
5582813, 116723, 8218, 352, 158, 148, true, true
5594814, 116966, 8218, 351, 158, 148, true, true
5616302, 117443, 8218, 350, 158, 150, true, true
5628666, 117717, 8218, 349, 157, 150, true, true
5643438, 118057, 8221, 351, 157, 148, true, true
5657297, 118384, 8221, 350, 156, 149, true, true
5672013, 118703, 8226, 354, 157, 147, true, true
5685533, 119056, 8227, 355, 158, 147, true, true
5698376, 119352, 8228, 356, 159, 145, true, true
5704625, 119505, 8229, 356, 159, 144, true, true
5712502, 119685, 8230, 357, 160, 145, true, true
5730188, 120140, 8231, 358, 161, 145, true, true
5738931, 120319, 8231, 355, 160, 146, true, true
5748035, 120540, 8231, 354, 159, 146, true, true
5748880, 120567, 8231, 352, 158, 146, true, true
5763432, 120927, 8231, 351, 157, 147, true, true
5770707, 121085, 8232, 352, 158, 144, true, true
5800976, 121765, 8232, 351, 157, 145, true, true
5819222, 122190, 8232, 349, 156, 146, true, true
5823011, 122285, 8232, 347, 155, 147, true, true
5827048, 122365, 8232, 346, 154, 147, true, true
5862224, 123216, 8233, 347, 155, 149, true, true
5866135, 123313, 8234, 344, 153, 147, true, true
5910559, 124389, 8243, 353, 154, 145, true, true
5918829, 124607, 8244, 354, 155, 142, true, true
6007488, 126787, 8244, 353, 154, 148, true, true
6010080, 126840, 8244, 350, 154, 148, true, true
6022747, 127145, 8245, 349, 155, 148, true, true
6024902, 127195, 8248, 352, 156, 144, true, true
6030219, 127308, 8248, 351, 155, 144, true, true
6047412, 127765, 8249, 352, 156, 143, true, true
6083023, 128689, 8250, 353, 157, 141, true, true
6090599, 128863, 8251, 354, 158, 139, true, true
6093897, 128960, 8256, 359, 159, 138, true, true
6116930, 129544, 8260, 362, 159, 135, true, true
6117450, 129557, 8260, 361, 158, 135, true, true
6170141, 130912, 8260, 360, 157, 137, true, true
6190515, 131444, 8260, 359, 156, 139, true, true
6199428, 131680, 8260, 358, 155, 139, true, true
6208241, 131913, 8268, 366, 156, 140, true, true
6226108, 132379, 8268, 365, 155, 142, true, true
6237123, 132688, 8269, 365, 156, 141, true, true
6239932, 132758, 8269, 364, 155, 141, true, true
6266802, 133471, 8269, 357, 154, 143, true, true
6277530, 133747, 8269, 353, 153, 143, true, true
6286324, 133992, 8270, 354, 154, 142, true, true
6312426, 134691, 8270, 353, 153, 145, true, true
6326287, 135053, 8271, 354, 154, 144, true, true
6339128, 135408, 8272, 355, 155, 145, true, true
6368565, 136178, 8281, 364, 156, 143, true, true
6377554, 136402, 8282, 365, 157, 142, true, true
6387765, 136650, 8282, 362, 156, 144, true, true
6443416, 138167, 8287, 367, 157, 144, true, true
6452878, 138411, 8287, 365, 156, 146, true, true
6458820, 138579, 8288, 366, 157, 145, true, true
6460207, 138619, 8288, 365, 156, 145, true, true
6483605, 139243, 8288, 364, 155, 145, true, true
6519923, 140254, 8289, 365, 156, 146, true, true
6591013, 142178, 8290, 366, 157, 148, true, true
6605529, 142569, 8290, 365, 156, 150, true, true
6607953, 142638, 8290, 364, 155, 150, true, true
6611654, 142753, 8297, 371, 156, 152, true, true
6635755, 143448, 8297, 370, 156, 154, true, true
6641425, 143612, 8299, 372, 157, 153, true, true
6662601, 144236, 8299, 371, 156, 153, true, true
6680184, 144715, 8299, 370, 156, 153, true, true
6684977, 144864, 8300, 371, 157, 151, true, true
6738127, 146332, 8305, 368, 158, 153, true, true
6778322, 147468, 8306, 368, 158, 150, true, true
6797013, 147992, 8306, 366, 158, 153, true, true
6799347, 148067, 8306, 365, 157, 153, true, true
6826785, 148878, 8306, 364, 156, 155, true, true
6834485, 149115, 8306, 363, 155, 155, true, true
6866082, 150009, 8306, 362, 154, 155, true, true
6876280, 150292, 8306, 361, 153, 155, true, true
6881916, 150445, 8306, 360, 153, 156, true, true
6928280, 151803, 8309, 363, 154, 155, true, true
6942716, 152201, 8310, 364, 155, 152, true, true
6957756, 152621, 8310, 361, 154, 153, true, true
6965238, 152851, 8310, 360, 153, 153, true, true
6971517, 153061, 8311, 361, 154, 152, true, true
6979791, 153302, 8313, 363, 155, 151, true, true
6980167, 153312, 8313, 362, 154, 151, true, true
6998328, 153805, 8314, 358, 154, 151, true, true
7066887, 155771, 8314, 356, 153, 156, true, true
7082899, 156268, 8314, 354, 152, 158, true, true
7121008, 157437, 8315, 355, 153, 158, true, true
7133297, 157792, 8315, 354, 152, 158, true, true
7141286, 158059, 8316, 355, 153, 158, true, true
7143493, 158132, 8317, 352, 154, 158, true, true
7155240, 158484, 8317, 351, 154, 158, true, true
7175911, 159124, 8318, 352, 155, 155, true, true
7217422, 160378, 8319, 353, 156, 155, true, true
7223837, 160570, 8320, 354, 157, 153, true, true
7228657, 160680, 8320, 347, 156, 153, true, true
7229192, 160703, 8323, 345, 156, 152, true, true
7284312, 162421, 8324, 346, 157, 153, true, true
7286709, 162503, 8324, 345, 156, 154, true, true
7290578, 162600, 8327, 348, 157, 154, true, true
7304509, 163041, 8331, 351, 158, 152, true, true
7319276, 163502, 8332, 352, 159, 152, true, true
7324620, 163675, 8332, 350, 159, 154, true, true
7330695, 163853, 8332, 349, 158, 154, true, true
7333149, 163925, 8332, 348, 157, 154, true, true
7338413, 164093, 8333, 349, 158, 153, true, true
7341914, 164175, 8334, 350, 159, 151, true, true
7347338, 164352, 8334, 349, 159, 151, true, true
7367677, 164965, 8335, 350, 160, 154, true, true
7370074, 165040, 8335, 349, 159, 154, true, true
7381320, 165382, 8335, 348, 159, 154, true, true
7388876, 165600, 8337, 340, 159, 152, true, true
7393378, 165743, 8337, 339, 158, 152, true, true
7406264, 166165, 8338, 339, 158, 150, true, true
7430536, 166899, 8338, 338, 157, 150, true, true
7444662, 167331, 8338, 335, 157, 150, true, true
7476673, 168322, 8344, 341, 158, 151, true, true
7499276, 169009, 8344, 340, 157, 152, true, true
7511175, 169350, 8347, 340, 157, 151, true, true
7552255, 170709, 8352, 345, 158, 151, true, true
7555741, 170825, 8355, 343, 158, 149, true, true
7555860, 170830, 8356, 344, 159, 145, true, true
7560694, 170970, 8357, 345, 160, 141, true, true
7577886, 171494, 8357, 344, 159, 141, true, true
7583680, 171681, 8357, 342, 158, 142, true, true
7585156, 171725, 8357, 341, 157, 142, true, true
7589786, 171869, 8357, 340, 156, 142, true, true
7621329, 172862, 8357, 339, 155, 144, true, true
7655516, 173859, 8358, 340, 156, 143, true, true
7665263, 174149, 8358, 339, 155, 144, true, true
7674237, 174439, 8358, 338, 154, 144, true, true
7698448, 175224, 8359, 339, 155, 145, true, true
7717577, 175817, 8359, 336, 155, 146, true, true
7736847, 176434, 8360, 337, 156, 142, true, true
7745039, 176678, 8360, 333, 155, 142, true, true
7748072, 176779, 8360, 327, 155, 143, true, true
7776569, 177659, 8361, 328, 156, 145, true, true
7779676, 177755, 8361, 327, 156, 145, true, true
7786077, 177943, 8362, 328, 157, 144, true, true
7826092, 179210, 8363, 329, 158, 144, true, true
7904333, 181610, 8363, 328, 158, 147, true, true
7920812, 182151, 8364, 329, 159, 145, true, true
7927098, 182350, 8364, 328, 158, 145, true, true
7939316, 182762, 8364, 327, 157, 147, true, true
7944035, 182909, 8366, 329, 158, 146, true, true
7950482, 183122, 8366, 328, 157, 146, true, true
7980894, 184069, 8366, 327, 156, 149, true, true
8019473, 185318, 8366, 326, 155, 152, true, true
8019787, 185327, 8372, 331, 155, 151, true, true
8055134, 186431, 8372, 330, 154, 153, true, true
8108778, 188123, 8372, 328, 154, 154, true, true
8131976, 188883, 8372, 327, 153, 155, true, true
8134011, 188948, 8377, 332, 154, 154, true, true
8145106, 189306, 8378, 333, 155, 150, true, true
8153658, 189575, 8378, 332, 154, 150, true, true
8182123, 190471, 8378, 331, 153, 153, true, true
8195023, 190875, 8380, 332, 153, 152, true, true
8224271, 191887, 8381, 333, 154, 153, true, true
8232525, 192175, 8381, 314, 154, 154, true, true
8248340, 192707, 8381, 313, 153, 154, true, true
8263610, 193187, 8381, 312, 152, 154, true, true
8267045, 193301, 8381, 311, 151, 154, true, true
8275862, 193596, 8389, 315, 152, 153, true, true
8299192, 194307, 8391, 317, 153, 152, true, true
8321159, 195048, 8392, 318, 154, 150, true, true
8332028, 195402, 8393, 319, 155, 149, true, true
8353088, 196071, 8396, 322, 156, 147, true, true
8357679, 196228, 8397, 321, 157, 146, true, true
8406287, 197794, 8397, 320, 156, 148, true, true
8443456, 199025, 8397, 319, 155, 148, true, true
8479125, 200182, 8399, 321, 156, 148, true, true
8488354, 200536, 8401, 323, 157, 148, true, true
8517734, 201528, 8404, 326, 158, 147, true, true
8523094, 201670, 8404, 325, 157, 147, true, true
8553879, 202748, 8404, 324, 156, 148, true, true
8562885, 203060, 8407, 327, 157, 147, true, true
8575224, 203497, 8408, 328, 158, 147, true, true
8618179, 205057, 8409, 329, 159, 147, true, true
8623497, 205251, 8409, 324, 158, 147, true, true
8627460, 205387, 8411, 319, 159, 146, true, true
8632403, 205560, 8412, 320, 160, 145, true, true
8645873, 206036, 8412, 319, 159, 146, true, true
8683328, 207344, 8414, 314, 160, 142, true, true
8683345, 207345, 8416, 316, 161, 141, true, true
8689168, 207534, 8416, 315, 160, 141, true, true
8702016, 207958, 8417, 316, 161, 140, true, true
8704049, 208016, 8417, 315, 160, 140, true, true
8720180, 208610, 8418, 316, 161, 139, true, true
8744347, 209486, 8418, 315, 160, 139, true, true
8770185, 210380, 8418, 312, 159, 139, true, true
8804182, 211593, 8418, 310, 159, 141, true, true
8819452, 212201, 8418, 308, 158, 142, true, true
8840613, 212977, 8419, 309, 159, 140, true, true
8843142, 213071, 8419, 308, 159, 140, true, true
8854330, 213485, 8419, 307, 158, 141, true, true
8855870, 213543, 8421, 308, 158, 140, true, true
8879300, 214440, 8430, 317, 159, 141, true, true
8898890, 215139, 8430, 316, 158, 143, true, true
8900081, 215182, 8431, 317, 159, 140, true, true
8905558, 215406, 8432, 318, 160, 138, true, true
8907610, 215484, 8432, 317, 159, 138, true, true
8912271, 215663, 8434, 317, 160, 137, true, true
9004268, 219106, 8434, 313, 160, 140, true, true
9007038, 219233, 8435, 314, 161, 140, true, true
9045156, 220669, 8436, 315, 162, 140, true, true
9057782, 221130, 8436, 314, 161, 140, true, true
9078817, 221949, 8436, 313, 160, 142, true, true
9081201, 222031, 8436, 312, 159, 142, true, true
9169872, 225480, 8439, 315, 160, 140, true, true
9174583, 225656, 8439, 314, 159, 140, true, true
9188003, 226194, 8441, 316, 160, 139, true, true
9189507, 226248, 8442, 316, 160, 138, true, true
9231124, 227848, 8442, 314, 159, 139, true, true
9251905, 228610, 8442, 313, 158, 139, true, true
9273570, 229409, 8442, 312, 157, 140, true, true
9282366, 229770, 8445, 315, 158, 137, true, true
9314563, 231022, 8447, 317, 159, 137, true, true
9355247, 232553, 8447, 316, 158, 138, true, true
9369484, 233123, 8447, 314, 157, 138, true, true
9449235, 236009, 8448, 315, 158, 139, true, true
9517430, 238730, 8448, 314, 158, 144, true, true
9525164, 239027, 8448, 312, 157, 145, true, true
9539206, 239576, 8449, 310, 157, 142, true, true
9540459, 239635, 8450, 309, 158, 140, true, true
9541461, 239677, 8450, 307, 158, 140, true, true
9565246, 240596, 8450, 306, 157, 141, true, true
9587528, 241498, 8453, 309, 158, 142, true, true
9609378, 242331, 8453, 308, 157, 144, true, true
9640469, 243604, 8453, 306, 156, 144, true, true
9661343, 244407, 8454, 305, 156, 143, true, true
9682779, 245222, 8456, 307, 157, 142, true, true
9697553, 245819, 8457, 308, 158, 142, true, true
9707402, 246211, 8458, 309, 159, 141, true, true
9707563, 246217, 8459, 310, 160, 140, true, true
9755477, 248135, 8460, 311, 161, 141, true, true
9797739, 249814, 8460, 310, 161, 142, true, true
9805398, 250145, 8461, 311, 162, 140, true, true
9813006, 250454, 8462, 311, 162, 138, true, true
9838838, 251490, 8462, 310, 161, 139, true, true
9861390, 252459, 8462, 308, 159, 142, true, true
9882631, 253346, 8462, 307, 158, 143, true, true
9894785, 253824, 8462, 306, 157, 145, true, true
9951471, 256090, 8462, 305, 156, 149, true, true
10012752, 258573, 8462, 304, 155, 149, true, true
10049514, 260043, 8462, 302, 154, 152, true, true
10063918, 260664, 8464, 298, 155, 150, true, true
10092551, 261811, 8465, 299, 156, 150, true, true
10097625, 261955, 8466, 300, 157, 148, true, true
10098217, 261978, 8467, 299, 158, 147, true, true
10143412, 263732, 8468, 300, 159, 149, true, true
10149420, 264003, 8468, 298, 158, 150, true, true
10154552, 264215, 8468, 293, 157, 151, true, true
10163992, 264571, 8469, 293, 157, 146, true, true
10190659, 265611, 8469, 292, 156, 149, true, true
10213988, 266531, 8469, 291, 155, 149, true, true
10249667, 267857, 8469, 290, 154, 151, true, true
10253410, 268018, 8472, 293, 155, 142, true, true
10280432, 269084, 8512, 325, 155, 142, true, true
10301863, 269918, 8514, 327, 156, 143, true, true
10312021, 270304, 8516, 329, 157, 141, true, true
10347541, 271705, 8516, 327, 156, 142, true, true
10371410, 272640, 8517, 328, 157, 138, true, true
10381480, 273061, 8520, 331, 158, 135, true, true
10385822, 273229, 8520, 330, 158, 135, true, true
10445668, 275539, 8520, 329, 157, 137, true, true
10467184, 276437, 8521, 330, 158, 136, true, true
10476149, 276784, 8521, 329, 157, 136, true, true
10559174, 279787, 8521, 328, 156, 140, true, true
10610782, 281315, 8521, 327, 155, 141, true, true
10671270, 283188, 8521, 326, 154, 144, true, true
10679525, 283433, 8522, 326, 154, 143, true, true
10679746, 283439, 8522, 323, 153, 143, true, true
10713092, 284445, 8523, 324, 154, 143, true, true
10727908, 284876, 8524, 325, 155, 142, true, true
10742053, 285318, 8525, 326, 156, 140, true, true
10744954, 285419, 8529, 330, 157, 138, true, true
10752595, 285615, 8529, 329, 156, 140, true, true
10758507, 285806, 8529, 316, 155, 140, true, true
10759246, 285828, 8532, 317, 156, 139, true, true
10903893, 290148, 8535, 320, 157, 142, true, true
10915018, 290499, 8537, 321, 158, 140, true, true
10929188, 290926, 8538, 317, 159, 137, true, true
11058339, 294842, 8538, 316, 158, 142, true, true
11060027, 294899, 8538, 315, 157, 142, true, true
11079680, 295468, 8538, 312, 156, 142, true, true
11092075, 295823, 8539, 313, 157, 139, true, true
11109708, 296363, 8539, 312, 156, 140, true, true
11120079, 296690, 8542, 314, 157, 139, true, true
11131529, 297014, 8542, 311, 156, 139, true, true
11237457, 300065, 8542, 310, 155, 141, true, true
11264309, 300868, 8543, 311, 156, 139, true, true
11277570, 301286, 8543, 310, 155, 141, true, true
11279315, 301340, 8543, 305, 154, 141, true, true
11295272, 301801, 8543, 302, 153, 143, true, true
11386110, 304644, 8544, 303, 154, 145, true, true
11409864, 305581, 8544, 302, 153, 147, true, true
11416314, 305821, 8544, 301, 152, 147, true, true
11447182, 307049, 8544, 300, 151, 151, true, true
11461364, 307631, 8544, 299, 150, 151, true, true
11469424, 307963, 8545, 300, 151, 149, true, true
11474011, 308119, 8545, 299, 150, 149, true, true
11507635, 309392, 8545, 298, 149, 151, true, true
11552671, 311040, 8545, 297, 148, 151, true, true
11558075, 311255, 8545, 288, 148, 153, true, true
11567657, 311656, 8547, 289, 149, 151, true, true
11570998, 311784, 8547, 288, 149, 151, true, true
11585937, 312362, 8555, 296, 150, 151, true, true
11586522, 312384, 8555, 295, 149, 151, true, true
11595960, 312764, 8555, 294, 148, 151, true, true
11618335, 313621, 8555, 293, 148, 151, true, true
11640844, 314426, 8556, 294, 149, 150, true, true
11676578, 315777, 8557, 295, 150, 149, true, true
11703056, 316750, 8557, 294, 149, 151, true, true
11774235, 319510, 8558, 295, 150, 153, true, true
11799744, 320420, 8558, 294, 149, 154, true, true
11806592, 320683, 8558, 293, 148, 154, true, true
11814327, 321000, 8558, 292, 147, 154, true, true
11834568, 321745, 8558, 291, 146, 154, true, true
11836905, 321815, 8558, 290, 145, 154, true, true
11843368, 322067, 8558, 289, 144, 155, true, true
11844781, 322115, 8558, 288, 143, 155, true, true
11881240, 323502, 8559, 289, 144, 154, true, true
11913387, 324679, 8559, 288, 143, 155, true, true
11918401, 324867, 8559, 287, 142, 155, true, true
11923375, 325065, 8559, 286, 141, 155, true, true
11930736, 325353, 8559, 284, 140, 155, true, true
11938651, 325605, 8559, 283, 139, 155, true, true
11974145, 326946, 8559, 281, 138, 156, true, true
11982224, 327263, 8579, 301, 139, 154, true, true
11984185, 327346, 8579, 300, 138, 154, true, true
12026190, 328929, 8579, 299, 137, 156, true, true
12044971, 329632, 8580, 300, 138, 154, true, true
12046218, 329679, 8580, 299, 137, 154, true, true
12151724, 333623, 8580, 298, 136, 157, true, true
12235242, 336824, 8582, 292, 136, 158, true, true
12273920, 338300, 8583, 293, 137, 155, true, true
12300415, 339316, 8583, 292, 136, 155, true, true
12326588, 340342, 8585, 294, 137, 153, true, true
12351821, 341252, 8586, 295, 138, 150, true, true
12381734, 342361, 8586, 294, 138, 150, true, true
12390767, 342678, 8586, 293, 137, 150, true, true
12444278, 344820, 8586, 285, 136, 152, true, true
12496842, 346913, 8587, 286, 137, 154, true, true
12524356, 347968, 8604, 302, 138, 153, true, true
12556007, 349198, 8605, 303, 139, 152, true, true
12593877, 350638, 8605, 302, 138, 152, true, true
12662559, 353377, 8605, 301, 137, 154, true, true
12671666, 353757, 8605, 300, 136, 154, true, true
12683264, 354165, 8608, 301, 137, 154, true, true
12689224, 354399, 8610, 302, 137, 153, true, true
12695594, 354653, 8610, 301, 137, 153, true, true
12701500, 354889, 8610, 300, 137, 153, true, true
12740423, 356407, 8614, 300, 138, 153, true, true
12784890, 358144, 8614, 299, 137, 154, true, true
12814784, 359307, 8615, 300, 138, 154, true, true
12845000, 360461, 8615, 284, 138, 157, true, true
12940564, 364160, 8615, 283, 137, 163, true, true
12967726, 365131, 8616, 284, 138, 162, true, true
12973852, 365367, 8618, 286, 139, 162, true, true
12996022, 366250, 8619, 287, 140, 160, true, true
13027181, 367422, 8620, 288, 141, 156, true, true
13031160, 367574, 8621, 289, 142, 155, true, true
13084995, 369622, 8621, 287, 141, 157, true, true
13090824, 369872, 8622, 288, 142, 154, true, true
13127431, 371293, 8624, 290, 143, 155, true, true
13137945, 371704, 8624, 289, 142, 155, true, true
13192714, 373787, 8624, 288, 141, 155, true, true
13212690, 374523, 8624, 287, 140, 155, true, true
13277995, 376925, 8624, 286, 139, 156, true, true
13296929, 377639, 8625, 287, 140, 155, true, true
13320489, 378573, 8626, 288, 141, 153, true, true
13347515, 379665, 8626, 284, 139, 156, true, true
13360499, 380091, 8626, 283, 138, 157, true, true
13363683, 380217, 8626, 282, 137, 157, true, true
13403458, 381766, 8627, 283, 138, 156, true, true
13409764, 382006, 8627, 282, 137, 156, true, true
13426150, 382640, 8628, 283, 138, 151, true, true
13433224, 382898, 8628, 280, 137, 152, true, true
13610941, 389735, 8629, 281, 138, 154, true, true
13694102, 392866, 8633, 285, 139, 156, true, true
13747240, 394932, 8633, 284, 138, 158, true, true
13852100, 399045, 8633, 280, 137, 161, true, true
13872355, 399839, 8633, 279, 136, 162, true, true
13885836, 400372, 8633, 278, 135, 162, true, true
13954029, 402995, 8633, 277, 134, 164, true, true
13979791, 404022, 8634, 278, 135, 162, true, true
14023639, 405671, 8635, 279, 136, 162, true, true
14037542, 406205, 8635, 278, 135, 162, true, true
14053137, 406839, 8635, 276, 134, 162, true, true
14117006, 409196, 8635, 275, 133, 165, true, true
14156049, 410741, 8637, 277, 134, 165, true, true
14174426, 411432, 8639, 279, 135, 164, true, true
14203437, 412572, 8639, 278, 134, 165, true, true
14290393, 415989, 8639, 277, 133, 169, true, true
14363911, 418948, 8639, 276, 132, 172, true, true
14434803, 421850, 8639, 273, 131, 176, true, true
14437331, 421943, 8640, 274, 132, 173, true, true
14453199, 422567, 8641, 275, 133, 172, true, true
14473053, 423368, 8642, 276, 134, 172, true, true
14573989, 427392, 8644, 278, 135, 174, true, true
14586468, 427904, 8644, 277, 134, 175, true, true
14611068, 428868, 8645, 277, 134, 174, true, true
14618637, 429140, 8646, 278, 135, 171, true, true
14668723, 431116, 8646, 277, 134, 173, true, true
14803945, 436552, 8647, 278, 135, 175, true, true
14830493, 437651, 8651, 282, 136, 172, true, true
14840045, 438029, 8652, 283, 137, 169, true, true
14848734, 438352, 8659, 288, 138, 168, true, true
14853426, 438547, 8660, 289, 139, 167, true, true
14940382, 442121, 8660, 288, 138, 170, true, true
14965110, 443120, 8660, 284, 137, 170, true, true
14970853, 443359, 8662, 286, 138, 168, true, true
14982348, 443836, 8662, 285, 137, 169, true, true
15069084, 447288, 8662, 284, 136, 171, true, true
15093783, 448299, 8662, 283, 135, 172, true, true
15172085, 451500, 8666, 287, 136, 167, true, true
15211421, 453167, 8667, 288, 137, 162, true, true
15331591, 458007, 8667, 287, 136, 166, true, true
15420579, 461677, 8668, 288, 137, 166, true, true
15507843, 465262, 8668, 286, 136, 169, true, true
15541628, 466643, 8669, 287, 137, 168, true, true
15620097, 469862, 8669, 285, 137, 171, true, true
15637939, 470584, 8670, 286, 138, 171, true, true
15688600, 472650, 8670, 285, 137, 172, true, true
15702817, 473215, 8670, 284, 136, 172, true, true
15711092, 473548, 8671, 285, 137, 169, true, true
15718301, 473866, 8672, 285, 137, 169, true, true
15774416, 476153, 8672, 284, 136, 169, true, true
15784475, 476517, 8673, 285, 137, 167, true, true
15817112, 477800, 8673, 284, 136, 167, true, true
15898723, 481155, 8674, 285, 137, 167, true, true
15920621, 482062, 8676, 287, 138, 164, true, true
15920922, 482075, 8676, 286, 137, 164, true, true
15957007, 483532, 8676, 285, 136, 165, true, true
15962879, 483789, 8676, 281, 135, 165, true, true
15977008, 484359, 8676, 280, 134, 165, true, true
16150498, 491312, 8679, 283, 135, 172, true, true
16179364, 492497, 8680, 284, 136, 168, true, true
16186448, 492777, 8681, 285, 137, 167, true, true
16303918, 497594, 8681, 284, 136, 171, true, true
16306671, 497715, 8681, 283, 135, 171, true, true
16308755, 497795, 8682, 284, 136, 168, true, true
16425034, 502423, 8682, 283, 135, 170, true, true
16447312, 503340, 8683, 284, 136, 169, true, true
16473498, 504366, 8683, 283, 135, 169, true, true
16485319, 504855, 8684, 284, 136, 161, true, true
16527756, 506511, 8684, 283, 135, 162, true, true
16578412, 508605, 8684, 282, 134, 162, true, true
16590874, 509081, 8684, 280, 133, 162, true, true
16606162, 509690, 8685, 281, 134, 160, true, true
16662022, 511878, 8685, 280, 133, 161, true, true
16702072, 513417, 8685, 277, 132, 162, true, true
16763721, 515837, 8685, 276, 131, 163, true, true
16773628, 516245, 8685, 275, 130, 163, true, true
16804084, 517492, 8686, 276, 131, 161, true, true
16818951, 518128, 8688, 278, 132, 160, true, true
16827974, 518468, 8688, 270, 131, 160, true, true
16834623, 518738, 8690, 265, 132, 155, true, true
16918393, 522099, 8691, 266, 133, 152, true, true
16933672, 522727, 8691, 265, 133, 153, true, true
16959282, 523755, 8691, 264, 132, 153, true, true
16978963, 524566, 8692, 265, 133, 148, true, true
16986665, 524844, 8694, 267, 134, 146, true, true
17046888, 527131, 8694, 266, 133, 146, true, true
17056671, 527490, 8694, 265, 132, 146, true, true
17075367, 528210, 8695, 266, 133, 146, true, true
17125016, 530132, 8696, 267, 134, 145, true, true
17138464, 530652, 8696, 265, 133, 145, true, true
17151114, 531156, 8696, 261, 132, 145, true, true
17194783, 532779, 8696, 260, 131, 146, true, true
17218103, 533738, 8696, 259, 130, 147, true, true
17252236, 535063, 8696, 257, 129, 148, true, true
17266539, 535603, 8697, 258, 130, 148, true, true
17304180, 537081, 8698, 259, 131, 147, true, true
17330046, 538051, 8699, 260, 132, 147, true, true
17352332, 538916, 8699, 259, 131, 147, true, true
17362820, 539305, 8699, 256, 131, 147, true, true
17367484, 539493, 8699, 255, 130, 147, true, true
17601615, 548429, 8700, 256, 131, 148, true, true
17703493, 552322, 8701, 257, 132, 148, true, true
17737171, 553590, 8701, 254, 130, 148, true, true
17738646, 553649, 8701, 252, 130, 148, true, true
17748116, 554034, 8702, 252, 130, 145, true, true
17828010, 557179, 8702, 251, 129, 147, true, true
17976770, 562979, 8703, 252, 130, 147, true, true
18026266, 564829, 8704, 253, 131, 148, true, true
18061444, 566206, 8705, 253, 131, 147, true, true
18081194, 566966, 8705, 252, 130, 148, true, true
18094842, 567517, 8706, 253, 131, 147, true, true
18187582, 571023, 8707, 254, 132, 143, true, true
18190444, 571144, 8707, 252, 131, 143, true, true
18230023, 572740, 8707, 251, 130, 144, true, true
18230277, 572749, 8708, 252, 131, 143, true, true
18258374, 573820, 8708, 251, 130, 143, true, true
18346772, 577286, 8708, 250, 129, 144, true, true
18363365, 577914, 8710, 252, 130, 139, true, true
18413863, 579858, 8713, 250, 131, 138, true, true
18416690, 579962, 8713, 249, 130, 138, true, true
18561442, 585542, 8718, 249, 131, 139, true, true
18583743, 586348, 8718, 248, 130, 140, true, true
18624704, 587872, 8719, 249, 131, 139, true, true
18664488, 589429, 8719, 248, 131, 139, true, true
18700845, 590791, 8719, 247, 130, 140, true, true
18715990, 591380, 8720, 248, 131, 140, true, true
18728366, 591837, 8721, 249, 132, 139, true, true
18774355, 593553, 8721, 248, 131, 140, true, true
18828067, 595628, 8723, 250, 132, 138, true, true
18833647, 595830, 8724, 251, 133, 136, true, true
18959483, 600495, 8724, 250, 132, 138, true, true
19000902, 602012, 8725, 251, 133, 136, true, true
19004764, 602124, 8725, 248, 132, 136, true, true
19005719, 602138, 8725, 247, 131, 136, true, true
19035154, 603292, 8729, 251, 132, 134, true, true
19036226, 603332, 8730, 252, 133, 132, true, true
19053369, 603982, 8730, 251, 132, 134, true, true
19067077, 604479, 8732, 253, 133, 132, true, true
19117955, 606396, 8732, 252, 132, 133, true, true
19164636, 608201, 8732, 251, 131, 134, true, true
19184836, 608926, 8737, 256, 132, 131, true, true
19207159, 609701, 8738, 256, 132, 130, true, true
19225432, 610420, 8744, 251, 132, 129, true, true
19280683, 612489, 8745, 252, 133, 130, true, true
19284207, 612642, 8745, 251, 132, 131, true, true
19296945, 613120, 8748, 235, 132, 130, true, true
19396687, 616751, 8748, 234, 131, 133, true, true
19547871, 622294, 8749, 235, 132, 133, true, true
19549476, 622353, 8750, 236, 133, 130, true, true
19554400, 622547, 8750, 235, 132, 130, true, true
19555673, 622600, 8751, 236, 133, 128, true, true
19788383, 631638, 8751, 235, 132, 131, true, true
19793565, 631857, 8751, 234, 131, 132, true, true
19862881, 634620, 8751, 233, 130, 132, true, true
20013937, 640647, 8752, 234, 131, 132, true, true
20023433, 641043, 8752, 233, 130, 132, true, true
20049705, 642026, 8752, 232, 129, 132, true, true
20099354, 644016, 8753, 233, 130, 132, true, true
20327131, 653346, 8754, 234, 131, 136, true, true
20348952, 654290, 8756, 236, 132, 134, true, true
20357684, 654645, 8756, 235, 131, 134, true, true
20375546, 655412, 8758, 237, 132, 133, true, true
20421234, 657319, 8758, 236, 131, 134, true, true
20553245, 663009, 8758, 235, 130, 135, true, true
20565054, 663545, 8759, 236, 131, 133, true, true
20621189, 665900, 8763, 222, 131, 131, true, true
20666926, 667773, 8763, 221, 130, 131, true, true
20734092, 670602, 8763, 220, 129, 132, true, true
20837853, 674813, 8763, 219, 128, 137, true, true
21185420, 689288, 8763, 218, 128, 143, true, true
21186250, 689315, 8765, 218, 128, 142, true, true
21226481, 690976, 8765, 217, 127, 142, true, true
21233907, 691289, 8766, 218, 128, 142, true, true
21273907, 693035, 8766, 216, 128, 142, true, true
21414723, 698883, 8766, 214, 126, 144, true, true
21493686, 702178, 8767, 215, 127, 138, true, true
21582814, 705867, 8780, 227, 127, 138, true, true
21620287, 707465, 8780, 222, 126, 139, true, true
21633557, 708049, 8780, 221, 125, 140, true, true
21724209, 711914, 8780, 220, 124, 141, true, true
21831966, 716542, 8780, 218, 123, 143, true, true
21887547, 718945, 8780, 217, 122, 143, true, true
21899856, 719484, 8781, 218, 123, 142, true, true
21918583, 720271, 8783, 220, 124, 138, true, true
21933954, 720955, 8784, 221, 125, 137, true, true
21946397, 721479, 8784, 220, 124, 137, true, true
21971752, 722544, 8784, 219, 123, 137, true, true
22078145, 727134, 8784, 218, 123, 138, true, true
22081150, 727272, 8784, 217, 122, 138, true, true
22159572, 730650, 8784, 215, 122, 138, true, true
22239113, 734054, 8785, 216, 123, 138, true, true
22315983, 737253, 8785, 215, 122, 140, true, true
22341231, 738276, 8785, 213, 121, 143, true, true
22382675, 739994, 8786, 214, 122, 142, true, true
22382771, 739997, 8786, 209, 120, 142, true, true
22432255, 742053, 8786, 208, 119, 144, true, true
22677773, 752364, 8787, 208, 120, 142, true, true
22811224, 758037, 8787, 206, 119, 146, true, true
22824019, 758577, 8787, 198, 118, 147, true, true
22836242, 759133, 8788, 199, 119, 142, true, true
22860298, 760163, 8788, 198, 118, 144, true, true
23042543, 768077, 8789, 199, 119, 143, true, true
23090291, 770075, 8790, 199, 120, 142, true, true
23333951, 780802, 8790, 198, 119, 147, true, true
23364563, 782127, 8790, 197, 118, 147, true, true
23370044, 782371, 8794, 200, 119, 146, true, true
23465943, 786473, 8794, 199, 118, 146, true, true
23556201, 790220, 8794, 197, 117, 148, true, true
23620475, 792970, 8795, 198, 118, 147, true, true
23655721, 794422, 8796, 199, 119, 146, true, true
23713781, 796872, 8796, 198, 118, 147, true, true
23717174, 797003, 8800, 202, 119, 146, true, true
23811557, 801139, 8800, 201, 118, 147, true, true
23836665, 802120, 8802, 203, 119, 147, true, true
24197955, 817652, 8807, 196, 120, 149, true, true
24201484, 817814, 8813, 201, 121, 147, true, true
24203766, 817907, 8814, 202, 122, 145, true, true
24218280, 818534, 8815, 203, 123, 142, true, true
24286480, 821536, 8816, 204, 124, 141, true, true
24330660, 823407, 8816, 203, 123, 142, true, true
24441193, 828081, 8817, 204, 124, 143, true, true
24456864, 828746, 8817, 203, 123, 143, true, true
24481689, 829759, 8817, 202, 122, 143, true, true
24482513, 829795, 8818, 203, 123, 140, true, true
24542621, 832380, 8818, 197, 122, 142, true, true
24703968, 839299, 8818, 196, 121, 149, true, true
24775851, 842359, 8822, 200, 122, 148, true, true
24845757, 845257, 8822, 199, 121, 149, true, true
24857492, 845729, 8866, 243, 122, 147, true, true
24910604, 848037, 8866, 242, 121, 148, true, true
24949457, 849701, 8868, 244, 122, 145, true, true
24975974, 850837, 8868, 243, 121, 145, true, true
24994617, 851610, 8868, 242, 120, 145, true, true
25091408, 855695, 8870, 244, 121, 145, true, true
25221205, 861144, 8871, 245, 122, 146, true, true
25238701, 861920, 8872, 246, 123, 144, true, true
25239406, 861949, 8872, 244, 122, 144, true, true
25254585, 862538, 8872, 243, 121, 144, true, true
25318781, 865126, 8872, 242, 121, 145, true, true
25455119, 870769, 8873, 243, 122, 142, true, true
25467662, 871299, 8874, 243, 123, 141, true, true
25509087, 872986, 8875, 244, 124, 139, true, true
25554691, 874848, 8877, 246, 125, 131, true, true
25736991, 882417, 8877, 245, 124, 136, true, true
25754534, 883142, 8878, 246, 125, 136, true, true
25876636, 888159, 8881, 249, 126, 136, true, true
25981548, 892532, 8881, 247, 125, 137, true, true
26017102, 893995, 8881, 246, 125, 138, true, true
26023162, 894245, 8881, 243, 124, 138, true, true
26033719, 894685, 8888, 250, 125, 136, true, true
26176726, 900530, 8889, 251, 126, 130, true, true
26327406, 906695, 8890, 252, 127, 128, true, true
26369212, 908397, 8891, 252, 127, 126, true, true
26394985, 909448, 8891, 250, 126, 126, true, true
26766408, 924652, 8891, 249, 125, 133, true, true
26782542, 925369, 8891, 248, 124, 133, true, true
26904005, 930318, 8892, 249, 125, 133, true, true
26906441, 930420, 8892, 248, 124, 133, true, true
27015553, 934798, 8892, 246, 123, 133, true, true
27020350, 934991, 8892, 245, 122, 133, true, true
27387253, 950124, 8892, 244, 121, 138, true, true
27584051, 958299, 8892, 243, 120, 138, true, true
27603738, 959079, 8892, 242, 120, 138, true, true
27651803, 961134, 8892, 241, 120, 138, true, true
27746277, 965163, 8893, 242, 121, 137, true, true
27767245, 966096, 8893, 241, 120, 138, true, true
27959347, 974093, 8893, 240, 119, 139, true, true
27979943, 974950, 8893, 239, 118, 139, true, true
28038477, 977355, 8893, 238, 118, 140, true, true
28084886, 979262, 8894, 239, 119, 139, true, true
28110918, 980333, 8895, 240, 120, 136, true, true
28112513, 980410, 8899, 244, 121, 135, true, true
28155148, 982168, 8899, 243, 120, 135, true, true
28214778, 984558, 8899, 241, 119, 137, true, true
28319444, 988664, 8900, 242, 120, 136, true, true
28328140, 989006, 8901, 243, 121, 135, true, true
28331768, 989164, 8902, 243, 121, 134, true, true
28399902, 991902, 8906, 247, 122, 134, true, true
28532962, 997432, 8908, 249, 123, 133, true, true
28699613, 1004359, 8908, 248, 122, 134, true, true
28822683, 1009520, 8909, 249, 123, 130, true, true
29120123, 1021960, 8909, 248, 122, 132, true, true
29144771, 1023015, 8909, 245, 121, 132, true, true
29151502, 1023278, 8909, 244, 120, 132, true, true
29157370, 1023537, 8909, 241, 119, 132, true, true
29339035, 1030935, 8910, 242, 120, 133, true, true
29660302, 1044671, 8911, 243, 121, 132, true, true
29677045, 1045373, 8911, 242, 120, 132, true, true
29897857, 1055041, 8911, 240, 118, 139, true, true
29909456, 1055575, 8911, 239, 117, 140, true, true
29967771, 1058061, 8912, 240, 118, 137, true, true
30078807, 1062872, 8913, 241, 119, 135, true, true
30224876, 1069427, 8913, 240, 118, 135, true, true
30349146, 1074990, 8914, 241, 119, 134, true, true
30361927, 1075544, 8915, 237, 120, 132, true, true
30480802, 1080817, 8915, 236, 119, 132, true, true
30589749, 1085691, 8915, 235, 118, 132, true, true
30703663, 1090649, 8915, 233, 117, 135, true, true
30858215, 1097440, 8915, 232, 116, 138, true, true
31220102, 1112868, 8916, 232, 116, 141, true, true
31344233, 1118349, 8917, 233, 117, 139, true, true
31465761, 1123545, 8917, 230, 116, 144, true, true
31531145, 1126488, 8918, 231, 117, 143, true, true
31554511, 1127552, 8922, 235, 118, 140, true, true
31558253, 1127678, 8923, 236, 119, 139, true, true
31563273, 1127888, 8924, 237, 120, 136, true, true
31623679, 1130526, 8925, 238, 121, 137, true, true
31703314, 1133874, 8926, 239, 122, 130, true, true
31741431, 1135489, 8926, 237, 121, 130, true, true
31785015, 1137290, 8926, 234, 121, 132, true, true
31794955, 1137671, 8926, 230, 120, 133, true, true
31850816, 1140039, 8928, 226, 119, 133, true, true
31906980, 1142313, 8929, 227, 120, 131, true, true
32061532, 1149091, 8930, 228, 121, 130, true, true
32233809, 1156446, 8930, 227, 120, 130, true, true
32284505, 1158640, 8930, 226, 119, 130, true, true
32392753, 1163179, 8930, 224, 117, 132, true, true
32530058, 1169025, 8931, 222, 118, 132, true, true
32836197, 1182406, 8931, 221, 117, 133, true, true
32836226, 1182407, 8931, 220, 117, 133, true, true
32937873, 1186895, 8932, 221, 118, 134, true, true
33139231, 1195743, 8932, 220, 117, 134, true, true
33233548, 1199919, 8934, 222, 118, 132, true, true
33369954, 1205960, 8935, 222, 118, 133, true, true
33370973, 1206005, 8935, 221, 117, 133, true, true
33394207, 1207050, 8942, 228, 118, 132, true, true
33511676, 1212299, 8943, 228, 118, 132, true, true
33604417, 1216394, 8946, 231, 119, 129, true, true
33721454, 1221801, 8947, 230, 119, 128, true, true
33794227, 1225082, 8947, 229, 118, 129, true, true
33904043, 1230349, 8947, 228, 117, 130, true, true
33924359, 1231296, 8948, 229, 118, 129, true, true
33962493, 1233084, 8948, 228, 117, 130, true, true
34030054, 1236092, 8949, 229, 118, 125, true, true
34230425, 1245295, 8949, 228, 117, 127, true, true
34266886, 1247052, 8950, 229, 118, 126, true, true
34310927, 1249090, 8950, 228, 118, 127, true, true
34558767, 1260595, 8950, 227, 117, 128, true, true
34593412, 1262222, 8951, 228, 118, 125, true, true
34624866, 1263680, 8952, 229, 119, 123, true, true
34688371, 1266434, 8952, 224, 118, 123, true, true
34778096, 1270575, 8952, 223, 117, 124, true, true
34825292, 1272672, 8954, 225, 118, 124, true, true
34843323, 1273417, 8954, 224, 117, 124, true, true
35163980, 1288152, 8955, 225, 118, 125, true, true
35188808, 1289332, 8955, 224, 117, 126, true, true
35248129, 1291980, 8956, 225, 118, 124, true, true
35366717, 1297408, 8957, 226, 119, 120, true, true
35512523, 1304091, 8958, 227, 120, 118, true, true
35585900, 1307286, 8958, 226, 119, 120, true, true
35677018, 1311407, 8958, 225, 118, 121, true, true
35712702, 1313098, 8959, 224, 117, 115, true, true
35868209, 1320252, 8960, 225, 118, 116, true, true
36218974, 1336570, 8960, 224, 117, 119, true, true
36228665, 1337041, 8961, 225, 118, 118, true, true
36353813, 1342850, 8962, 226, 119, 117, true, true
36385458, 1344358, 8963, 227, 120, 113, true, true
36405768, 1345293, 8963, 225, 119, 113, true, true
36459131, 1347638, 8963, 224, 119, 113, true, true
36577295, 1352995, 8963, 223, 118, 113, true, true
36665402, 1357009, 8963, 216, 117, 114, true, true
36978786, 1370771, 8963, 172, 116, 117, true, true
37244166, 1382534, 8964, 173, 117, 118, true, true
37277447, 1384048, 8964, 172, 116, 118, true, true
37355626, 1387599, 8965, 173, 117, 116, true, true
37456189, 1392117, 8965, 172, 116, 117, true, true
37726738, 1404411, 8966, 172, 116, 116, true, true
37796032, 1407436, 8966, 171, 115, 116, true, true
37976929, 1415907, 8966, 170, 114, 117, true, true
38023720, 1418113, 8966, 169, 113, 117, true, true
38025639, 1418209, 8966, 168, 112, 117, true, true
38175475, 1424849, 8966, 167, 111, 118, true, true
38181446, 1425121, 8967, 168, 112, 116, true, true
38261846, 1428763, 8967, 165, 109, 116, true, true
38680210, 1447784, 8968, 166, 110, 114, true, true
39000623, 1462747, 8968, 165, 109, 117, true, true
39042377, 1464611, 8968, 164, 108, 117, true, true
39211524, 1472399, 8969, 165, 109, 114, true, true
39215315, 1472547, 8969, 164, 108, 114, true, true
39269549, 1475062, 8969, 163, 107, 116, true, true
39393363, 1480591, 8969, 162, 106, 117, true, true
39690529, 1494474, 8969, 161, 105, 121, true, true
39986774, 1508457, 8970, 162, 106, 123, true, true
40024633, 1510283, 8971, 163, 107, 122, true, true
40103144, 1513946, 8972, 164, 108, 120, true, true
40132778, 1515242, 8976, 168, 109, 119, true, true
40209171, 1518741, 8976, 167, 108, 121, true, true
40285072, 1522477, 8976, 166, 107, 122, true, true
40342537, 1525266, 8976, 165, 106, 122, true, true
40408920, 1528423, 8977, 166, 107, 120, true, true
40877242, 1550317, 8978, 167, 108, 120, true, true
40899542, 1551356, 8978, 166, 107, 120, true, true
40913230, 1552021, 8979, 167, 108, 119, true, true
41247937, 1567325, 8979, 165, 107, 121, true, true
41434636, 1576004, 8979, 164, 106, 123, true, true
41497438, 1578806, 8979, 163, 105, 123, true, true
41655451, 1586115, 8979, 162, 105, 123, true, true
41749861, 1590414, 8980, 163, 106, 123, true, true
42011598, 1602710, 8980, 161, 104, 124, true, true
42150872, 1609150, 8981, 162, 105, 127, true, true
42180177, 1610517, 8982, 163, 106, 125, true, true
42426397, 1621862, 8984, 165, 107, 124, true, true
42468581, 1623826, 8985, 166, 108, 123, true, true
43131904, 1653880, 8986, 167, 109, 125, true, true
43279296, 1660600, 8987, 168, 110, 126, true, true
43426404, 1667491, 8987, 164, 109, 126, true, true
43501153, 1670953, 8987, 163, 108, 126, true, true
43512194, 1671468, 8988, 164, 109, 123, true, true
43514514, 1671562, 8990, 166, 110, 122, true, true
43537287, 1672655, 8991, 167, 111, 121, true, true
43917088, 1689918, 8991, 166, 111, 123, true, true
43953655, 1691617, 8991, 165, 110, 123, true, true
44016002, 1694550, 8993, 167, 111, 121, true, true
44251160, 1705455, 8994, 168, 112, 124, true, true
44511072, 1717641, 8994, 167, 111, 126, true, true
44519346, 1718047, 8994, 166, 111, 126, true, true
44642442, 1723757, 8995, 167, 112, 127, true, true
44757573, 1729004, 8995, 164, 111, 128, true, true
44942760, 1737723, 8995, 163, 110, 128, true, true
45265994, 1753085, 8996, 164, 111, 129, true, true
45309744, 1755129, 8997, 165, 112, 127, true, true
45358592, 1757410, 8998, 166, 113, 127, true, true
45410791, 1759757, 8999, 166, 113, 125, true, true
45430448, 1760662, 8999, 165, 112, 125, true, true
45444840, 1761345, 9000, 166, 113, 122, true, true
45524532, 1764927, 9001, 167, 114, 122, true, true
45533222, 1765308, 9001, 166, 113, 122, true, true
45636544, 1770112, 9001, 165, 112, 123, true, true
45876177, 1780936, 9004, 168, 113, 124, true, true
45959948, 1784598, 9004, 167, 112, 124, true, true
45999280, 1786391, 9007, 170, 113, 122, true, true
46420043, 1805432, 9009, 172, 114, 121, true, true
46434424, 1806124, 9017, 180, 115, 120, true, true
46461290, 1807368, 9018, 180, 115, 118, true, true
46555295, 1811598, 9018, 178, 114, 118, true, true
46764972, 1821093, 9019, 179, 115, 116, true, true
46863308, 1825730, 9021, 178, 115, 113, true, true
46922226, 1828396, 9021, 177, 114, 113, true, true
47040614, 1833714, 9021, 174, 113, 113, true, true
47176274, 1839828, 9021, 172, 113, 113, true, true
47235214, 1842488, 9021, 171, 112, 113, true, true
47235793, 1842512, 9022, 172, 113, 112, true, true
47633715, 1860168, 9023, 173, 114, 110, true, true
48034063, 1878226, 9024, 174, 115, 110, true, true
48177517, 1884644, 9025, 175, 116, 106, true, true
48455799, 1896963, 9026, 176, 117, 108, true, true
48668141, 1906467, 9026, 175, 116, 109, true, true
49216546, 1931109, 9026, 174, 115, 111, true, true
49346706, 1936944, 9027, 175, 116, 110, true, true
49994122, 1966286, 9027, 174, 115, 115, true, true
50032232, 1967994, 9027, 173, 114, 115, true, true
50039166, 1968305, 9028, 174, 115, 114, true, true
50319159, 1981225, 9029, 175, 116, 112, true, true
50633967, 1995893, 9029, 174, 115, 115, true, true
50927166, 2009493, 9029, 170, 114, 117, true, true
51186057, 2021808, 9030, 171, 115, 115, true, true
51316333, 2028012, 9030, 170, 114, 117, true, true
51631077, 2042861, 9030, 169, 113, 119, true, true
51639825, 2043267, 9030, 168, 112, 119, true, true
52097293, 2065010, 9030, 167, 111, 121, true, true
52169785, 2068416, 9030, 165, 110, 123, true, true
52224521, 2070891, 9032, 167, 111, 122, true, true
52556754, 2086244, 9033, 168, 112, 120, true, true
52564920, 2086620, 9033, 165, 111, 120, true, true
52619770, 2089094, 9034, 166, 112, 120, true, true
52673877, 2091524, 9035, 167, 113, 119, true, true
52772476, 2096009, 9035, 166, 112, 119, true, true
52824075, 2098251, 9036, 167, 113, 115, true, true
52933614, 2103158, 9036, 166, 112, 115, true, true
52962135, 2104469, 9037, 167, 113, 114, true, true
52971880, 2104908, 9037, 166, 112, 115, true, true
53031093, 2107415, 9038, 167, 113, 114, true, true
53249944, 2116854, 9040, 169, 114, 112, true, true
54072136, 2153397, 9040, 168, 113, 116, true, true
54148639, 2156844, 9040, 167, 112, 117, true, true
54497170, 2172442, 9040, 166, 111, 117, true, true
54714340, 2182001, 9040, 165, 110, 119, true, true
54954784, 2192814, 9041, 166, 111, 119, true, true
55133091, 2200777, 9042, 167, 112, 116, true, true
56013365, 2239594, 9044, 169, 113, 114, true, true
56018794, 2239865, 9044, 168, 112, 114, true, true
56019246, 2239890, 9046, 170, 113, 113, true, true
56468173, 2259750, 9055, 179, 114, 113, true, true
56498252, 2261139, 9057, 181, 115, 109, true, true
56629347, 2267005, 9057, 180, 114, 111, true, true
56755296, 2272798, 9057, 178, 113, 111, true, true
56786875, 2274177, 9057, 177, 112, 111, true, true
56801378, 2274862, 9058, 176, 112, 110, true, true
56851654, 2277190, 9058, 174, 111, 110, true, true
57337069, 2299292, 9058, 173, 110, 110, true, true
57504996, 2306917, 9058, 172, 109, 111, true, true
57590388, 2310631, 9058, 171, 108, 111, true, true
57794647, 2319898, 9059, 172, 109, 110, true, true
57934926, 2326180, 9059, 171, 108, 110, true, true
58070788, 2332279, 9063, 175, 109, 109, true, true
58658762, 2358810, 9063, 172, 109, 114, true, true
58745347, 2362829, 9064, 173, 110, 113, true, true
58891545, 2369401, 9066, 175, 111, 113, true, true
59577026, 2400198, 9067, 176, 112, 112, true, true
59706688, 2406037, 9067, 174, 111, 112, true, true
59880288, 2413878, 9067, 173, 110, 112, true, true
59964466, 2417642, 9068, 174, 111, 112, true, true
60603490, 2447112, 9072, 177, 112, 113, true, true
60752111, 2453977, 9072, 176, 111, 115, true, true
61027369, 2466810, 9073, 177, 112, 114, true, true
61705673, 2498014, 9074, 178, 113, 116, true, true
61968396, 2510371, 9076, 180, 114, 116, true, true
62514267, 2535900, 9078, 182, 115, 111, true, true
62672396, 2543417, 9079, 183, 116, 109, true, true
62808815, 2550055, 9079, 182, 115, 109, true, true
62865290, 2552776, 9079, 181, 114, 109, true, true
63107392, 2564337, 9079, 180, 113, 109, true, true
63222042, 2569755, 9080, 181, 114, 108, true, true
63386099, 2577407, 9080, 180, 113, 109, true, true
63521106, 2583702, 9081, 181, 114, 106, true, true
63671308, 2590719, 9081, 180, 113, 108, true, true
63951723, 2604031, 9083, 182, 114, 112, true, true
64051439, 2608811, 9083, 181, 114, 112, true, true
64064699, 2609455, 9084, 182, 115, 111, true, true
64898765, 2649088, 9085, 183, 116, 114, true, true
65319451, 2668962, 9085, 182, 115, 115, true, true
65406786, 2673178, 9085, 181, 114, 115, true, true
65573216, 2681211, 9085, 180, 113, 117, true, true
66147135, 2708302, 9086, 181, 114, 117, true, true
66178651, 2709808, 9086, 179, 113, 117, true, true
66484353, 2724472, 9086, 178, 112, 118, true, true
66550399, 2727701, 9086, 177, 111, 119, true, true
66646496, 2732244, 9087, 172, 111, 117, true, true
66809038, 2739969, 9087, 171, 110, 117, true, true
66847131, 2741815, 9087, 170, 109, 117, true, true
67266762, 2761541, 9087, 168, 108, 118, true, true
67271663, 2761775, 9087, 166, 107, 118, true, true
67458757, 2770501, 9088, 167, 108, 118, true, true
67605552, 2777481, 9088, 166, 107, 118, true, true
67801704, 2786485, 9088, 165, 106, 119, true, true
68370393, 2812922, 9088, 164, 105, 120, true, true
68652750, 2826286, 9088, 160, 104, 120, true, true
69003816, 2842658, 9090, 162, 105, 118, true, true
69339377, 2858494, 9091, 163, 106, 117, true, true
69487881, 2865693, 9092, 164, 107, 116, true, true
69546390, 2868348, 9093, 165, 108, 116, true, true
70281487, 2903233, 9094, 166, 109, 115, true, true
70656003, 2921016, 9095, 166, 109, 113, true, true
70711722, 2923555, 9097, 168, 110, 112, true, true
70975850, 2935795, 9097, 167, 109, 113, true, true
71256637, 2949117, 9097, 166, 108, 113, true, true
71280556, 2950275, 9098, 167, 109, 112, true, true
71329254, 2952584, 9098, 166, 108, 113, true, true
71631202, 2966891, 9098, 165, 107, 113, true, true
71636150, 2967084, 9099, 166, 108, 109, true, true
71688294, 2969481, 9099, 165, 107, 109, true, true
72075814, 2987601, 9099, 164, 106, 111, true, true
72296768, 2997780, 9099, 163, 105, 111, true, true
72301978, 2998008, 9100, 164, 106, 110, true, true
72732208, 3017519, 9101, 165, 107, 111, true, true
72752973, 3018453, 9103, 166, 107, 107, true, true
73136683, 3036304, 9107, 170, 108, 106, true, true
73271288, 3042487, 9108, 171, 109, 102, true, true
74217285, 3086679, 9109, 172, 110, 106, true, true
74744634, 3110929, 9111, 174, 111, 108, true, true
74954835, 3120474, 9113, 176, 112, 105, true, true
75443476, 3143527, 9113, 175, 111, 105, true, true
75455406, 3144089, 9114, 176, 112, 103, true, true
75476986, 3145067, 9115, 177, 113, 102, true, true
76078291, 3172865, 9115, 176, 112, 103, true, true
76675940, 3201482, 9115, 175, 111, 106, true, true
76863695, 3210164, 9116, 176, 112, 106, true, true
76972467, 3215152, 9117, 177, 113, 105, true, true
76987035, 3215865, 9118, 174, 113, 100, true, true
77020779, 3217487, 9119, 175, 114, 99, true, true
77315014, 3231074, 9120, 175, 114, 98, true, true
77448001, 3237143, 9120, 174, 113, 98, true, true
77741781, 3250474, 9120, 173, 112, 98, true, true
77755928, 3251165, 9120, 172, 111, 98, true, true
78718656, 3295158, 9120, 171, 110, 102, true, true
78884153, 3302835, 9121, 172, 111, 102, true, true
79053073, 3310535, 9122, 173, 112, 100, true, true
79096976, 3312542, 9123, 174, 113, 98, true, true
79905519, 3349650, 9124, 175, 114, 98, true, true
80925029, 3397138, 9125, 176, 115, 96, true, true
81011142, 3401115, 9126, 177, 116, 96, true, true
81038386, 3402366, 9129, 180, 117, 95, true, true
81193671, 3409506, 9129, 179, 116, 96, true, true
81531784, 3425155, 9130, 180, 117, 95, true, true
82008468, 3447170, 9130, 179, 116, 95, true, true
82240336, 3457938, 9130, 178, 115, 95, true, true
82979581, 3492540, 9130, 177, 114, 99, true, true
83216603, 3503773, 9131, 178, 115, 98, true, true
83448708, 3514633, 9131, 177, 115, 98, true, true
83503542, 3517243, 9131, 176, 114, 98, true, true
83624692, 3522918, 9131, 175, 113, 99, true, true
83752665, 3529056, 9131, 174, 112, 100, true, true
83829496, 3532753, 9132, 175, 113, 98, true, true
84139888, 3547400, 9132, 174, 112, 99, true, true
84394103, 3559486, 9133, 175, 113, 98, true, true
85024803, 3589268, 9133, 174, 112, 98, true, true
85391692, 3606701, 9133, 172, 111, 98, true, true
85543045, 3613859, 9133, 171, 110, 98, true, true
85683814, 3620597, 9133, 166, 109, 98, true, true
87509186, 3707550, 9133, 164, 108, 104, true, true
88077729, 3734800, 9133, 163, 107, 105, true, true
88227692, 3741880, 9134, 164, 108, 105, true, true
88841427, 3770927, 9135, 165, 109, 106, true, true
88928323, 3774920, 9135, 164, 108, 107, true, true
88943336, 3775658, 9136, 164, 109, 106, true, true
89290038, 3792044, 9138, 166, 110, 106, true, true
89497359, 3801859, 9138, 164, 109, 107, true, true
90082129, 3830087, 9139, 165, 110, 106, true, true
90130399, 3832360, 9139, 163, 109, 106, true, true
90512711, 3850655, 9139, 162, 108, 106, true, true
90859573, 3866975, 9139, 157, 108, 109, true, true
91684476, 3904975, 9141, 159, 109, 112, true, true
91704722, 3905877, 9142, 160, 110, 111, true, true
92169630, 3927245, 9143, 161, 111, 109, true, true
92179322, 3927647, 9144, 162, 112, 108, true, true
92572507, 3945753, 9144, 161, 111, 108, true, true
92804250, 3956448, 9144, 159, 110, 108, true, true
93059885, 3968269, 9144, 158, 109, 108, true, true
93489103, 3988457, 9146, 160, 110, 107, true, true
93510007, 3989460, 9147, 159, 110, 104, true, true
93816474, 4004080, 9148, 160, 111, 100, true, true
93872966, 4006807, 9148, 159, 110, 100, true, true
93984001, 4012005, 9148, 158, 109, 100, true, true
94831783, 4051396, 9148, 157, 108, 101, true, true
95250145, 4071148, 9149, 158, 109, 99, true, true
95546993, 4085444, 9149, 157, 108, 99, true, true
95743267, 4094862, 9150, 158, 109, 97, true, true
96474018, 4130955, 9150, 156, 108, 98, true, true
96550331, 4134939, 9150, 155, 107, 98, true, true
96603592, 4137672, 9150, 154, 106, 98, true, true
96618144, 4138419, 9150, 153, 105, 98, true, true
96679122, 4141516, 9150, 152, 104, 98, true, true
97058292, 4160127, 9151, 153, 105, 100, true, true
97362713, 4175137, 9151, 152, 104, 100, true, true
97414621, 4177739, 9152, 153, 105, 98, true, true
97443464, 4179265, 9152, 151, 104, 99, true, true
97983750, 4206408, 9153, 152, 105, 97, true, true
98033933, 4209000, 9156, 155, 106, 96, true, true
99077688, 4262601, 9157, 156, 107, 94, true, true
99717174, 4295222, 9157, 155, 106, 95, false, true
99742736, 4296574, 9158, 156, 107, 90, false, true
100029230, 4311345, 9159, 157, 108, 88, false, true
100803929, 4351185, 9159, 156, 107, 88, false, true
101054390, 4363939, 9160, 157, 108, 87, false, true
101428337, 4383259, 9161, 158, 109, 84, false, true
102718057, 4449394, 9161, 157, 108, 84, false, true
102854227, 4456300, 9162, 158, 109, 83, false, true
103221828, 4475238, 9162, 157, 109, 83, false, true
103580175, 4494213, 9162, 153, 108, 83, false, true
104195590, 4525859, 9164, 155, 109, 81, false, true
104253620, 4528852, 9164, 153, 108, 81, false, true
105343452, 4587848, 9164, 152, 107, 81, false, true
107313903, 4698085, 9164, 151, 106, 81, false, true
107483625, 4707644, 9166, 152, 106, 78, false, true
107925085, 4732637, 9166, 151, 105, 78, false, true
109692621, 4833504, 9169, 154, 106, 72, false, true
109800429, 4839671, 9172, 157, 107, 70, false, true
110022495, 4852503, 9172, 156, 106, 70, false, true
110329982, 4869918, 9173, 157, 107, 69, false, true
110863088, 4900230, 9173, 156, 106, 69, false, true
110880260, 4901176, 9173, 155, 105, 69, false, true
110883417, 4901375, 9174, 156, 106, 67, false, true
111237383, 4921182, 9174, 155, 105, 67, false, true
111627442, 4943264, 9174, 151, 104, 67, false, true
112068469, 4967658, 9174, 150, 103, 67, false, true
112836904, 5010146, 9175, 151, 104, 65, false, true
113121291, 5026032, 9175, 149, 103, 65, false, true
113660776, 5056230, 9175, 148, 102, 65, false, true
115283096, 5146833, 9175, 146, 101, 65, false, true
115636383, 5166546, 9177, 148, 102, 64, false, true
115744468, 5172625, 9179, 150, 103, 63, false, true
115766621, 5173830, 9180, 151, 104, 60, false, true
116060225, 5189857, 9180, 148, 103, 60, false, true
116163561, 5195705, 9180, 147, 102, 60, false, true
116225270, 5199153, 9182, 149, 103, 59, false, true
116247959, 5200403, 9183, 150, 104, 58, false, true
116277814, 5202086, 9184, 151, 105, 56, false, true
116501486, 5214174, 9184, 150, 105, 56, false, true
116640945, 5221812, 9184, 149, 104, 56, false, true
116645891, 5222081, 9185, 149, 105, 55, false, true
116765661, 5228564, 9185, 148, 105, 55, false, true
117442614, 5263220, 9187, 150, 106, 54, false, true
117454754, 5263818, 9188, 151, 107, 53, false, true
117856705, 5282832, 9189, 152, 108, 52, false, true
118259673, 5302054, 9190, 153, 109, 51, false, true
119205273, 5351787, 9190, 152, 108, 51, false, true
120042172, 5397830, 9190, 151, 107, 51, false, true
120625154, 5430350, 9191, 152, 108, 50, false, true
121592668, 5483900, 9192, 153, 109, 49, false, true
123008929, 5563868, 9192, 152, 108, 49, false, true
123095424, 5568834, 9194, 154, 109, 48, false, true
124067489, 5624103, 9194, 153, 108, 48, false, true
124082526, 5625094, 9194, 152, 107, 48, false, true
124643182, 5657362, 9194, 151, 106, 48, false, true
125686361, 5717195, 9194, 150, 105, 48, false, true
126126387, 5742697, 9194, 148, 105, 48, false, true
127203010, 5805253, 9194, 147, 104, 48, false, true
127509505, 5822543, 9194, 146, 103, 48, false, true
128207864, 5862215, 9195, 146, 104, 47, false, true
130058826, 5971155, 9195, 145, 103, 47, false, true
130493926, 5997322, 9196, 146, 104, 46, false, true
131143640, 6037409, 9203, 153, 105, 45, false, true
131549351, 6063132, 9203, 152, 104, 45, false, true
131944525, 6087756, 9206, 155, 105, 44, false, true
132103138, 6097529, 9206, 153, 104, 44, false, true
132308451, 6109992, 9208, 155, 105, 43, false, true
132383252, 6114619, 9208, 154, 104, 43, false, true
132385757, 6114741, 9209, 155, 105, 42, false, true
132963364, 6149012, 9209, 154, 104, 42, false, true
133281732, 6167953, 9209, 151, 102, 42, false, true
133494306, 6180678, 9211, 153, 103, 41, false, true
133631930, 6188611, 9212, 154, 104, 40, false, true
134170381, 6220652, 9213, 154, 104, 39, false, true
135846327, 6320317, 9213, 152, 103, 39, false, true
136090942, 6334799, 9213, 151, 102, 39, false, true
136832201, 6379113, 9214, 152, 103, 37, false, true
136996032, 6388857, 9216, 154, 104, 35, false, true
137004115, 6389329, 9217, 155, 105, 34, false, true
137392684, 6412166, 9218, 156, 106, 32, false, true
138039481, 6450868, 9218, 155, 105, 32, false, true
138167226, 6458536, 9219, 156, 106, 31, false, true
140021218, 6570861, 9219, 155, 105, 31, false, true
140258478, 6585595, 9220, 156, 106, 30, false, true
140355970, 6591519, 9221, 157, 107, 28, false, true
140388099, 6593460, 9222, 158, 108, 27, false, true
140432652, 6596162, 9223, 159, 109, 26, false, true
141866280, 6682678, 9225, 159, 109, 25, false, true
141925899, 6686380, 9225, 158, 108, 25, false, true
142743943, 6734881, 9226, 159, 109, 21, false, true
143071591, 6754111, 9226, 158, 108, 21, false, true
143354710, 6770675, 9226, 157, 107, 21, false, true
143812862, 6798094, 9227, 158, 108, 20, false, true
143950446, 6806187, 9227, 157, 107, 20, false, true
145879150, 6922475, 9227, 156, 106, 20, false, true
146227005, 6943971, 9228, 157, 107, 19, false, true
146398914, 6954555, 9230, 159, 108, 18, false, true
146453234, 6957597, 9230, 158, 107, 18, false, true
146599401, 6966315, 9230, 157, 106, 18, false, true
146743245, 6974681, 9231, 158, 107, 17, false, true
147851428, 7040096, 9233, 160, 108, 16, false, true
147976500, 7047604, 9233, 157, 107, 16, false, true
148283367, 7065683, 9233, 156, 106, 16, false, true
150215727, 7182736, 9233, 155, 105, 16, false, true
150454856, 7197331, 9233, 151, 103, 16, false, true
150673755, 7210547, 9233, 150, 102, 16, false, true
151511431, 7261899, 9233, 149, 101, 16, false, true
151607287, 7267843, 9233, 148, 100, 16, false, true
152261431, 7307402, 9244, 159, 101, 15, false, true
153653466, 7392234, 9244, 158, 100, 15, false, true
153991820, 7412514, 9245, 159, 101, 14, false, true
154972477, 7471664, 9245, 158, 100, 14, false, true
155422699, 7499017, 9247, 160, 101, 13, false, true
156099488, 7539217, 9247, 159, 100, 13, false, true
156176591, 7543945, 9248, 160, 101, 12, false, true
156473367, 7561543, 9249, 160, 102, 11, false, true
156719215, 7576206, 9249, 159, 101, 11, false, true
157243822, 7607110, 9250, 160, 102, 10, false, true
157700789, 7634798, 9250, 159, 101, 10, false, true
159024638, 7714650, 9251, 160, 102, 9, false, true
159047625, 7716133, 9252, 161, 103, 8, false, true
159147677, 7721972, 9252, 160, 102, 8, false, true
159510332, 7743919, 9252, 159, 102, 8, false, true
159542466, 7745764, 9252, 158, 101, 8, false, true
160066453, 7777506, 9252, 157, 100, 8, false, true
160422339, 7798848, 9253, 155, 100, 7, false, true
165853708, 8134486, 9254, 155, 100, 6, false, true
167235908, 8223579, 9254, 153, 99, 6, false, true
168559625, 8309723, 9255, 154, 100, 5, false, true
168616142, 8313482, 9257, 156, 101, 4, false, true
168628015, 8314249, 9258, 157, 102, 3, false, true
169271283, 8357003, 9259, 158, 103, 2, false, true
169498408, 8372589, 9259, 157, 102, 2, false, true
169845611, 8395416, 9259, 156, 101, 2, false, true
169894761, 8398741, 9262, 159, 102, 1, false, true
170394192, 8431937, 9262, 158, 101, 1, false, true
171903679, 8529966, 9264, 160, 102, 0, false, true
