time, #execs, #covered, #singletons, #sglt_clusts, #foundnew, done, update?
22, 1, 34, 34, 1, 1, true, true
23, 2, 35, 1, 1, 2, true, true
25, 3, 1166, 1132, 2, 3, true, true
26, 4, 1427, 603, 3, 3, true, true
27, 5, 1465, 520, 4, 4, true, true
28, 6, 1833, 796, 4, 5, true, true
29, 7, 1878, 814, 5, 6, true, true
30, 9, 1895, 815, 6, 8, true, true
30, 10, 1928, 795, 7, 9, true, true
31, 11, 1946, 798, 8, 10, true, true
32, 12, 1950, 796, 9, 10, true, true
33, 13, 1993, 815, 10, 11, true, true
34, 14, 2062, 838, 11, 11, true, true
35, 15, 2099, 823, 12, 12, true, true
38, 16, 2370, 880, 13, 13, true, true
41, 18, 2495, 848, 14, 16, true, true
42, 19, 2519, 846, 15, 16, true, true
43, 20, 2544, 834, 16, 16, true, true
44, 21, 2610, 839, 17, 17, true, true
45, 22, 2613, 795, 18, 17, true, true
46, 23, 2629, 810, 19, 18, true, true
47, 25, 2638, 815, 20, 21, true, true
48, 26, 2654, 830, 21, 21, true, true
50, 28, 2656, 822, 22, 24, true, true
51, 29, 2908, 949, 23, 25, true, true
52, 30, 2917, 928, 24, 26, true, true
53, 31, 2958, 951, 25, 27, true, true
55, 32, 3133, 1078, 26, 27, true, true
56, 33, 3141, 1053, 27, 27, true, true
57, 34, 3221, 972, 28, 28, true, true
59, 35, 3223, 970, 29, 29, true, true
60, 36, 3228, 964, 30, 29, true, true
62, 37, 3246, 975, 31, 30, true, true
63, 40, 3248, 974, 32, 33, true, true
64, 41, 3248, 973, 32, 33, true, true
66, 42, 3279, 996, 33, 33, true, true
68, 43, 3279, 986, 32, 33, true, true
69, 45, 3282, 979, 33, 35, true, true
70, 46, 3287, 984, 34, 36, true, true
72, 47, 3296, 895, 35, 37, true, true
73, 48, 3399, 901, 35, 36, true, true
75, 49, 3408, 880, 35, 37, true, true
77, 50, 3409, 867, 35, 38, true, true
78, 51, 3410, 868, 36, 39, true, true
80, 52, 3414, 848, 37, 39, true, true
81, 53, 3416, 850, 38, 38, true, true
82, 54, 3431, 861, 39, 39, true, true
84, 55, 3460, 848, 39, 40, true, true
85, 56, 3484, 868, 40, 40, true, true
87, 57, 3487, 867, 41, 40, true, true
88, 58, 3537, 914, 42, 41, true, true
90, 59, 3540, 901, 42, 42, true, true
91, 60, 3541, 899, 43, 42, true, true
93, 61, 3563, 919, 43, 41, true, true
94, 62, 3564, 907, 44, 42, true, true
96, 63, 3570, 900, 45, 43, true, true
98, 65, 3575, 886, 46, 45, true, true
100, 67, 3582, 877, 47, 47, true, true
102, 68, 3583, 857, 48, 48, true, true
104, 69, 3596, 870, 49, 48, true, true
105, 70, 3597, 871, 50, 49, true, true
107, 71, 3600, 868, 50, 48, true, true
109, 73, 3612, 868, 51, 49, true, true
110, 74, 3619, 870, 52, 50, true, true
113, 75, 3619, 863, 52, 51, true, true
115, 76, 3673, 829, 53, 51, true, true
117, 77, 3674, 830, 54, 51, true, true
119, 78, 3680, 823, 54, 50, true, true
122, 79, 3680, 822, 54, 51, true, true
136, 83, 3686, 805, 55, 57, true, true
142, 87, 3688, 800, 56, 63, true, true
144, 88, 3816, 908, 56, 63, true, true
147, 90, 3818, 908, 57, 65, true, true
150, 91, 3822, 911, 57, 65, true, true
152, 92, 3842, 859, 58, 64, true, true
154, 93, 3859, 826, 59, 65, true, true
156, 94, 3864, 830, 60, 66, true, true
162, 95, 3864, 827, 60, 67, true, true
164, 97, 3865, 827, 61, 69, true, true
167, 98, 3869, 828, 62, 70, true, true
171, 99, 3898, 836, 63, 70, true, true
174, 100, 3902, 831, 63, 69, true, true
178, 101, 3904, 832, 64, 68, true, true
182, 102, 3911, 821, 65, 68, true, true
186, 104, 3913, 815, 66, 68, true, true
189, 107, 3914, 815, 66, 70, true, true
192, 108, 3918, 819, 67, 71, true, true
194, 109, 3924, 822, 68, 72, true, true
198, 110, 3928, 819, 69, 73, true, true
201, 111, 3930, 821, 70, 74, true, true
212, 114, 3932, 812, 71, 76, true, true
218, 115, 3932, 811, 70, 76, true, true
223, 116, 3937, 807, 71, 76, true, true
226, 117, 3939, 809, 72, 76, true, true
228, 118, 3947, 808, 73, 76, true, true
232, 119, 3951, 807, 74, 77, true, true
237, 120, 3952, 806, 75, 78, true, true
242, 121, 3963, 813, 76, 78, true, true
248, 122, 3964, 804, 77, 79, true, true
253, 123, 3964, 803, 77, 81, true, true
257, 124, 3969, 800, 77, 80, true, true
266, 125, 3969, 781, 76, 81, true, true
269, 126, 3973, 778, 77, 81, true, true
271, 127, 3977, 775, 78, 81, true, true
274, 128, 3980, 756, 78, 81, true, true
277, 129, 3983, 757, 78, 82, true, true
288, 131, 3983, 756, 78, 85, true, true
306, 132, 4000, 752, 78, 85, true, true
309, 133, 4001, 753, 79, 85, true, true
311, 134, 4002, 752, 80, 85, true, true
314, 135, 4016, 765, 81, 84, true, true
318, 136, 4030, 761, 82, 84, true, true
323, 138, 4030, 758, 82, 87, true, true
327, 139, 4032, 754, 83, 87, true, true
329, 140, 4062, 772, 83, 88, true, true
337, 141, 4062, 763, 83, 89, true, true
359, 144, 4067, 760, 84, 90, true, true
363, 145, 4069, 761, 85, 90, true, true
368, 147, 4073, 760, 85, 93, true, true
377, 148, 4075, 753, 86, 92, true, true
382, 149, 4075, 751, 85, 94, true, true
383, 150, 4075, 750, 84, 96, true, true
387, 151, 4076, 742, 83, 95, true, true
399, 152, 4076, 741, 82, 97, true, true
408, 154, 4077, 742, 83, 99, true, true
413, 157, 4085, 746, 84, 101, true, true
430, 160, 4142, 671, 84, 101, true, true
438, 161, 4146, 674, 85, 101, true, true
443, 162, 4148, 676, 86, 101, true, true
450, 163, 4148, 674, 85, 103, true, true
455, 164, 4149, 674, 86, 102, true, true
459, 165, 4290, 787, 86, 102, true, true
464, 166, 4305, 791, 87, 102, true, true
468, 167, 4306, 792, 88, 103, true, true
501, 168, 4321, 798, 89, 104, true, true
506, 169, 4323, 799, 90, 104, true, true
512, 170, 4325, 801, 91, 104, true, true
519, 171, 4326, 801, 92, 103, true, true
523, 172, 4328, 802, 93, 103, true, true
536, 174, 4328, 800, 93, 104, true, true
541, 175, 4329, 799, 94, 105, true, true
547, 176, 4330, 799, 94, 106, true, true
552, 177, 4394, 770, 94, 105, true, true
558, 179, 4395, 771, 95, 107, true, true
562, 180, 4396, 772, 96, 107, true, true
567, 181, 4398, 772, 97, 107, true, true
586, 185, 4400, 773, 97, 110, true, true
595, 186, 4400, 772, 96, 111, true, true
600, 187, 4436, 806, 97, 111, true, true
611, 188, 4438, 803, 97, 112, true, true
617, 189, 4448, 808, 98, 112, true, true
642, 190, 4448, 799, 98, 113, true, true
649, 191, 4465, 810, 99, 112, true, true
654, 192, 4517, 840, 100, 111, true, true
662, 194, 4521, 832, 101, 112, true, true
669, 195, 4525, 835, 101, 104, true, true
676, 196, 4533, 835, 102, 104, true, true
689, 197, 4533, 833, 102, 104, true, true
723, 201, 4535, 835, 103, 103, true, true
736, 202, 4535, 833, 102, 103, true, true
740, 203, 4571, 845, 103, 104, true, true
747, 204, 4581, 835, 102, 104, true, true
756, 205, 4581, 834, 102, 105, true, true
764, 206, 4600, 852, 102, 103, true, true
793, 211, 4613, 815, 103, 107, true, true
802, 212, 4614, 816, 104, 106, true, true
827, 214, 4618, 820, 105, 106, true, true
833, 215, 4619, 819, 105, 105, true, true
839, 216, 4623, 820, 106, 105, true, true
845, 217, 4625, 822, 107, 103, true, true
852, 218, 4625, 819, 107, 105, true, true
860, 219, 4636, 828, 107, 103, true, true
878, 221, 4636, 827, 106, 106, true, true
883, 222, 4637, 811, 106, 106, true, true
890, 223, 4638, 809, 107, 106, true, true
903, 225, 4643, 807, 106, 106, true, true
908, 227, 4644, 805, 106, 107, true, true
932, 232, 4656, 805, 106, 109, true, true
939, 233, 4657, 806, 107, 110, true, true
947, 234, 4659, 805, 108, 108, true, true
952, 235, 4706, 802, 107, 108, true, true
970, 237, 4707, 803, 108, 111, true, true
975, 238, 4710, 802, 109, 111, true, true
987, 239, 4710, 799, 108, 111, true, true
995, 240, 4714, 800, 109, 110, true, true
1000, 241, 4734, 820, 110, 110, true, true
1012, 243, 4738, 822, 111, 111, true, true
1027, 244, 4738, 817, 111, 112, true, true
1033, 245, 4739, 817, 112, 112, true, true
1038, 246, 4760, 787, 113, 108, true, true
1057, 249, 4765, 791, 114, 109, true, true
1088, 252, 4771, 793, 115, 112, true, true
1094, 253, 4776, 793, 116, 111, true, true
1100, 254, 4777, 794, 117, 109, true, true
1106, 256, 4779, 795, 117, 109, true, true
1139, 257, 4779, 791, 117, 110, true, true
1149, 258, 4780, 792, 118, 107, true, true
1156, 259, 4782, 792, 119, 105, true, true
1164, 260, 4782, 791, 119, 106, true, true
1172, 262, 4783, 791, 120, 104, true, true
1211, 264, 4785, 791, 120, 106, true, true
1223, 265, 4785, 790, 119, 107, true, true
1229, 266, 4786, 787, 119, 106, true, true
1267, 269, 4787, 785, 120, 106, true, true
1297, 271, 4788, 786, 121, 104, true, true
1303, 272, 4790, 787, 121, 99, true, true
1312, 273, 4791, 786, 122, 100, true, true
1323, 274, 4791, 781, 122, 100, true, true
1341, 275, 4791, 780, 122, 102, true, true
1427, 280, 4792, 780, 123, 106, true, true
1465, 282, 4792, 779, 123, 109, true, true
1517, 286, 4811, 781, 123, 108, true, true
1525, 287, 4811, 771, 123, 108, true, true
1537, 289, 4813, 773, 124, 109, true, true
1553, 290, 4814, 774, 125, 106, true, true
1562, 291, 4838, 776, 125, 105, true, true
1576, 292, 4839, 775, 126, 104, true, true
1582, 293, 4839, 774, 126, 105, true, true
1603, 294, 4965, 819, 122, 104, true, true
1641, 296, 4965, 818, 122, 105, true, true
1649, 297, 4968, 817, 122, 104, true, true
1656, 298, 4968, 815, 121, 105, true, true
1665, 299, 4970, 813, 121, 103, true, true
1678, 300, 4970, 812, 121, 105, true, true
1702, 302, 4982, 818, 121, 105, true, true
1710, 303, 4987, 823, 122, 104, true, true
1721, 304, 4989, 821, 122, 104, true, true
1759, 306, 4989, 820, 122, 105, true, true
1770, 307, 5018, 837, 122, 105, true, true
1786, 308, 5018, 835, 122, 105, true, true
1792, 309, 5019, 836, 123, 105, true, true
1812, 310, 5036, 835, 124, 105, true, true
1872, 314, 5038, 837, 125, 107, true, true
1888, 315, 5038, 832, 124, 107, true, true
1951, 318, 5049, 838, 124, 109, true, true
1963, 319, 5050, 839, 125, 109, true, true
1973, 321, 5054, 842, 126, 108, true, true
2017, 323, 5067, 789, 126, 106, true, true
2056, 325, 5076, 770, 126, 106, true, true
2077, 326, 5076, 769, 126, 108, true, true
2109, 328, 5078, 771, 127, 109, true, true
2175, 332, 5079, 768, 128, 109, true, true
2186, 333, 5083, 772, 129, 108, true, true
2204, 334, 5084, 772, 130, 106, true, true
2268, 336, 5084, 770, 130, 108, true, true
2279, 337, 5085, 771, 131, 105, true, true
2328, 339, 5089, 768, 131, 106, true, true
2380, 342, 5089, 765, 131, 108, true, true
2407, 345, 5091, 766, 131, 107, true, true
2435, 349, 5091, 763, 130, 109, true, true
2458, 351, 5092, 762, 131, 109, true, true
2466, 352, 5093, 762, 131, 110, true, true
2470, 353, 5097, 764, 130, 109, true, true
2502, 355, 5106, 767, 130, 109, true, true
2528, 357, 5108, 763, 130, 109, true, true
2545, 358, 5108, 758, 129, 110, true, true
2571, 360, 5108, 757, 128, 112, true, true
2583, 362, 5111, 748, 127, 111, true, true
2627, 367, 5112, 746, 128, 111, true, true
2637, 368, 5116, 714, 128, 111, true, true
2653, 369, 5116, 713, 127, 112, true, true
2671, 370, 5116, 712, 126, 113, true, true
2697, 371, 5116, 711, 126, 114, true, true
2708, 372, 5117, 710, 127, 114, true, true
2719, 373, 5120, 694, 128, 114, true, true
2735, 374, 5120, 693, 127, 115, true, true
2746, 375, 5120, 692, 127, 115, true, true
2754, 376, 5125, 691, 128, 114, true, true
2788, 378, 5128, 692, 129, 113, true, true
2854, 382, 5128, 690, 128, 116, true, true
2867, 383, 5128, 688, 127, 116, true, true
2909, 385, 5128, 685, 127, 117, true, true
2921, 386, 5137, 694, 128, 116, true, true
2951, 388, 5137, 692, 127, 117, true, true
2976, 389, 5137, 691, 127, 117, true, true
3066, 395, 5137, 689, 127, 123, true, true
3218, 406, 5168, 686, 127, 124, true, true
3245, 407, 5168, 679, 126, 125, true, true
3278, 408, 5168, 677, 126, 126, true, true
3293, 410, 5174, 664, 127, 125, true, true
3416, 417, 5174, 663, 127, 128, true, true
3453, 419, 5174, 661, 127, 129, true, true
3470, 420, 5174, 658, 126, 129, true, true
3541, 424, 5174, 654, 123, 132, true, true
3593, 427, 5175, 654, 123, 134, true, true
3624, 429, 5175, 653, 122, 135, true, true
3707, 435, 5180, 658, 123, 137, true, true
3723, 436, 5186, 663, 124, 135, true, true
3795, 437, 5187, 639, 125, 134, true, true
3821, 439, 5187, 637, 124, 135, true, true
3836, 440, 5187, 636, 124, 137, true, true
3849, 441, 5187, 635, 124, 139, true, true
3857, 442, 5189, 635, 125, 139, true, true
3874, 443, 5189, 634, 125, 140, true, true
3898, 445, 5191, 632, 125, 139, true, true
3974, 449, 5191, 631, 124, 141, true, true
4023, 452, 5196, 634, 125, 140, true, true
4064, 455, 5208, 642, 126, 142, true, true
4164, 461, 5208, 641, 126, 147, true, true
4201, 464, 5209, 638, 127, 148, true, true
4212, 465, 5210, 639, 128, 148, true, true
4229, 466, 5210, 637, 126, 148, true, true
4280, 469, 5211, 638, 127, 150, true, true
4313, 471, 5216, 642, 128, 151, true, true
4326, 472, 5217, 642, 129, 150, true, true
4359, 473, 5217, 630, 128, 151, true, true
4372, 474, 5217, 626, 128, 152, true, true
4379, 475, 5222, 629, 129, 151, true, true
4431, 479, 5223, 630, 130, 153, true, true
4489, 482, 5230, 612, 131, 153, true, true
4498, 484, 5232, 611, 132, 154, true, true
4505, 485, 5236, 615, 133, 154, true, true
4512, 486, 5237, 616, 134, 152, true, true
4534, 487, 5237, 615, 133, 153, true, true
4541, 488, 5238, 616, 134, 152, true, true
4562, 490, 5243, 621, 135, 151, true, true
4606, 493, 5244, 621, 135, 150, true, true
4634, 494, 5244, 600, 135, 150, true, true
4680, 496, 5245, 600, 135, 149, true, true
4708, 497, 5245, 588, 135, 149, true, true
4829, 501, 5245, 584, 135, 154, true, true
4841, 502, 5246, 585, 136, 153, true, true
4874, 503, 5246, 570, 135, 153, true, true
4890, 504, 5249, 562, 136, 152, true, true
4903, 505, 5252, 565, 137, 153, true, true
4982, 508, 5252, 562, 137, 153, true, true
4999, 509, 5255, 565, 138, 153, true, true
5023, 510, 5259, 566, 139, 151, true, true
5081, 511, 5259, 564, 137, 151, true, true
5136, 513, 5259, 563, 136, 153, true, true
5211, 516, 5259, 562, 136, 153, true, true
5226, 517, 5259, 561, 135, 154, true, true
5287, 520, 5260, 562, 136, 154, true, true
5399, 525, 5262, 564, 137, 156, true, true
5512, 528, 5262, 562, 137, 158, true, true
5547, 530, 5266, 564, 138, 154, true, true
5572, 532, 5277, 570, 138, 151, true, true
5591, 534, 5289, 580, 138, 150, true, true
5612, 535, 5289, 579, 138, 150, true, true
5656, 537, 5290, 574, 139, 149, true, true
5703, 539, 5290, 573, 138, 151, true, true
5743, 540, 5290, 552, 137, 153, true, true
5825, 545, 5291, 551, 136, 153, true, true
5856, 546, 5293, 546, 137, 153, true, true
5873, 549, 5309, 555, 138, 154, true, true
5892, 550, 5310, 552, 139, 153, true, true
5904, 552, 5311, 553, 140, 152, true, true
5955, 555, 5312, 554, 141, 151, true, true
6031, 558, 5312, 551, 140, 153, true, true
6066, 560, 5313, 546, 141, 154, true, true
6095, 561, 5315, 545, 141, 153, true, true
6147, 562, 5315, 544, 141, 153, true, true
6200, 564, 5317, 546, 142, 151, true, true
6308, 569, 5317, 545, 141, 155, true, true
6344, 571, 5318, 546, 142, 152, true, true
6375, 575, 5337, 552, 143, 154, true, true
6445, 578, 5411, 585, 141, 151, true, true
6510, 582, 5412, 586, 142, 149, true, true
6538, 585, 5413, 587, 143, 149, true, true
6561, 587, 5414, 588, 144, 149, true, true
6569, 588, 5414, 587, 144, 150, true, true
6625, 591, 5415, 584, 143, 152, true, true
6672, 595, 5416, 585, 144, 150, true, true
6699, 598, 5417, 586, 145, 149, true, true
6749, 599, 5417, 549, 144, 150, true, true
6855, 602, 5418, 548, 144, 149, true, true
6992, 608, 5418, 547, 143, 151, true, true
7020, 610, 5442, 569, 144, 153, true, true
7051, 613, 5443, 569, 145, 151, true, true
7082, 614, 5443, 567, 143, 151, true, true
7193, 618, 5449, 572, 144, 152, true, true
7212, 620, 5449, 561, 143, 155, true, true
7276, 623, 5450, 562, 144, 154, true, true
7338, 626, 5450, 560, 144, 159, true, true
7403, 631, 5452, 562, 145, 161, true, true
7453, 633, 5452, 560, 145, 162, true, true
7461, 634, 5456, 558, 145, 160, true, true
7497, 638, 5457, 558, 146, 160, true, true
7508, 639, 5496, 577, 146, 158, true, true
7624, 644, 5496, 575, 144, 163, true, true
7680, 646, 5496, 574, 143, 164, true, true
7700, 647, 5496, 573, 142, 164, true, true
7765, 650, 5510, 554, 141, 162, true, true
7778, 651, 5511, 555, 142, 161, true, true
7790, 652, 5512, 556, 143, 159, true, true
7803, 653, 5513, 556, 143, 158, true, true
7845, 655, 5514, 557, 144, 158, true, true
7856, 656, 5516, 549, 142, 158, true, true
7878, 657, 5516, 548, 142, 159, true, true
7941, 660, 5517, 549, 143, 160, true, true
8007, 664, 5517, 545, 143, 162, true, true
8079, 668, 5518, 534, 143, 164, true, true
8146, 670, 5519, 534, 144, 165, true, true
8172, 672, 5520, 535, 145, 166, true, true
8205, 675, 5521, 534, 145, 167, true, true
8258, 678, 5525, 536, 146, 167, true, true
8277, 679, 5526, 536, 146, 166, true, true
8287, 681, 5529, 539, 147, 165, true, true
8356, 686, 5530, 539, 148, 167, true, true
8454, 690, 5531, 539, 148, 165, true, true
8512, 692, 5531, 538, 147, 165, true, true
8718, 698, 5531, 534, 147, 169, true, true
8772, 701, 5532, 535, 148, 166, true, true
8818, 703, 5536, 538, 149, 165, true, true
8835, 704, 5536, 537, 148, 165, true, true
8911, 708, 5536, 536, 148, 165, true, true
8943, 709, 5537, 535, 148, 165, true, true
8985, 711, 5537, 534, 147, 166, true, true
9622, 712, 5549, 541, 147, 164, true, true
10411, 715, 5550, 542, 148, 161, true, true
10454, 717, 5553, 526, 149, 161, true, true
10482, 719, 5570, 526, 150, 160, true, true
10539, 721, 5570, 524, 149, 160, true, true
10657, 728, 5570, 523, 148, 164, true, true
10735, 733, 5572, 525, 149, 165, true, true
10829, 737, 5576, 528, 150, 165, true, true
10910, 740, 5578, 529, 151, 165, true, true
10997, 742, 5583, 534, 152, 167, true, true
11059, 744, 5584, 534, 152, 164, true, true
11076, 746, 5585, 535, 153, 164, true, true
11088, 747, 5591, 541, 154, 161, true, true
11323, 758, 5592, 542, 155, 166, true, true
11355, 760, 5593, 541, 156, 165, true, true
11415, 763, 5594, 542, 157, 163, true, true
11575, 770, 5594, 540, 157, 164, true, true
11662, 775, 5597, 543, 158, 163, true, true
11988, 779, 5598, 543, 159, 163, true, true
12153, 785, 5600, 545, 160, 162, true, true
12168, 786, 5605, 549, 161, 161, true, true
12266, 789, 5606, 550, 162, 164, true, true
12278, 790, 5607, 551, 163, 160, true, true
12304, 793, 5607, 550, 163, 161, true, true
12324, 795, 5607, 549, 162, 162, true, true
12400, 798, 5607, 547, 160, 163, true, true
12414, 799, 5608, 548, 161, 162, true, true
12474, 800, 5609, 548, 162, 161, true, true
12494, 801, 5610, 547, 163, 161, true, true
12563, 803, 5613, 550, 164, 159, true, true
12689, 808, 5614, 551, 165, 160, true, true
12849, 813, 5614, 541, 165, 162, true, true
12899, 814, 5614, 540, 165, 163, true, true
12952, 816, 5615, 541, 166, 164, true, true
13178, 823, 5615, 540, 165, 166, true, true
13264, 826, 5616, 541, 166, 166, true, true
13331, 828, 5616, 540, 166, 166, true, true
13653, 842, 5618, 542, 167, 169, true, true
13680, 844, 5620, 540, 167, 167, true, true
13696, 845, 5623, 543, 168, 167, true, true
13789, 849, 5629, 547, 168, 167, true, true
13833, 851, 5630, 547, 168, 168, true, true
13868, 853, 5630, 545, 167, 169, true, true
13900, 854, 5630, 544, 166, 170, true, true
13912, 855, 5632, 546, 167, 169, true, true
14094, 864, 5632, 544, 166, 171, true, true
14449, 870, 5632, 543, 166, 174, true, true
14459, 871, 5636, 547, 167, 173, true, true
14542, 877, 5638, 549, 168, 177, true, true
14614, 880, 5641, 551, 168, 179, true, true
14626, 881, 5642, 547, 169, 177, true, true
14635, 882, 5643, 547, 169, 175, true, true
14658, 883, 5644, 542, 170, 175, true, true
14700, 886, 5644, 540, 170, 175, true, true
14839, 894, 5645, 540, 170, 175, true, true
14933, 897, 5645, 539, 170, 177, true, true
14973, 898, 5645, 538, 170, 177, true, true
15155, 904, 5656, 539, 169, 178, true, true
15214, 906, 5656, 538, 168, 178, true, true
15254, 907, 5656, 537, 167, 178, true, true
15312, 909, 5656, 536, 166, 178, true, true
15417, 915, 5675, 527, 167, 177, true, true
15432, 916, 5676, 528, 168, 176, true, true
15447, 917, 5677, 529, 169, 172, true, true
15500, 919, 5677, 527, 168, 173, true, true
15562, 921, 5679, 529, 169, 173, true, true
15599, 924, 5683, 533, 170, 173, true, true
15644, 927, 5684, 534, 171, 171, true, true
15703, 929, 5685, 535, 172, 169, true, true
15833, 933, 5685, 534, 171, 170, true, true
15871, 936, 5686, 535, 172, 168, true, true
16009, 943, 5686, 534, 171, 171, true, true
16015, 945, 5688, 535, 172, 170, true, true
16076, 948, 5688, 533, 172, 170, true, true
16156, 951, 5688, 530, 170, 171, true, true
16268, 955, 5688, 529, 170, 173, true, true
16288, 956, 5699, 540, 171, 173, true, true
16299, 957, 5700, 541, 172, 171, true, true
16731, 965, 5708, 542, 173, 175, true, true
16795, 968, 5709, 543, 174, 174, true, true
16821, 969, 5709, 542, 173, 175, true, true
16931, 974, 5710, 543, 174, 175, true, true
16944, 975, 5712, 543, 175, 174, true, true
17235, 986, 5712, 542, 174, 175, true, true
17410, 995, 5715, 545, 175, 178, true, true
17424, 996, 5726, 554, 174, 177, true, true
17467, 998, 5727, 554, 174, 177, true, true
17477, 999, 5730, 556, 174, 175, true, true
17488, 1001, 5731, 556, 175, 174, true, true
17505, 1003, 5735, 559, 176, 172, true, true
17650, 1008, 5735, 558, 175, 173, true, true
17668, 1009, 5738, 557, 176, 173, true, true
17678, 1010, 5739, 558, 177, 171, true, true
18471, 1017, 5739, 549, 177, 174, true, true
19150, 1018, 5742, 552, 178, 173, true, true
19198, 1020, 5744, 554, 179, 172, true, true
19619, 1038, 5744, 552, 179, 179, true, true
19688, 1040, 5744, 551, 179, 180, true, true
19838, 1047, 5746, 544, 179, 182, true, true
19957, 1053, 5746, 543, 178, 182, true, true
19969, 1055, 5747, 544, 179, 181, true, true
20266, 1064, 5767, 558, 179, 182, true, true
20312, 1067, 5767, 557, 178, 182, true, true
20491, 1075, 5767, 554, 176, 185, true, true
20538, 1076, 5767, 552, 175, 185, true, true
20569, 1078, 5768, 553, 176, 183, true, true
20600, 1079, 5768, 552, 175, 183, true, true
20623, 1080, 5768, 549, 174, 183, true, true
20668, 1081, 5768, 544, 173, 183, true, true
20990, 1085, 5771, 542, 174, 182, true, true
21299, 1092, 5777, 545, 175, 183, true, true
21347, 1093, 5779, 547, 176, 182, true, true
21935, 1106, 5779, 544, 175, 185, true, true
22114, 1112, 5780, 545, 176, 184, true, true
22175, 1116, 5782, 547, 177, 184, true, true
22199, 1117, 5782, 546, 176, 184, true, true
22220, 1118, 5784, 548, 177, 184, true, true
22227, 1119, 5796, 558, 176, 183, true, true
22378, 1127, 5796, 557, 175, 184, true, true
22413, 1129, 5798, 556, 174, 184, true, true
22533, 1133, 5803, 560, 174, 184, true, true
22560, 1134, 5803, 559, 173, 185, true, true
22572, 1135, 5806, 561, 173, 184, true, true
23003, 1147, 5806, 560, 172, 190, true, true
23079, 1150, 5809, 562, 173, 190, true, true
23116, 1151, 5810, 563, 174, 190, true, true
23289, 1156, 5812, 562, 174, 191, true, true
23400, 1159, 5812, 559, 173, 191, true, true
23426, 1161, 5815, 562, 174, 186, true, true
23692, 1173, 5816, 563, 175, 188, true, true
23708, 1175, 5817, 564, 176, 187, true, true
23776, 1178, 5818, 565, 177, 186, true, true
23792, 1179, 5820, 567, 178, 183, true, true
23806, 1180, 5820, 566, 177, 183, true, true
23939, 1185, 5821, 566, 178, 179, true, true
24169, 1188, 5821, 522, 178, 181, true, true
24189, 1191, 5821, 520, 176, 182, true, true
24254, 1194, 5821, 516, 175, 183, true, true
24269, 1196, 5823, 517, 176, 181, true, true
24327, 1198, 5823, 516, 175, 182, true, true
24406, 1200, 5825, 518, 176, 180, true, true
24487, 1205, 5827, 512, 177, 181, true, true
24559, 1209, 5827, 510, 175, 181, true, true
24808, 1216, 5827, 509, 174, 184, true, true
24901, 1218, 5827, 508, 173, 184, true, true
24925, 1219, 5827, 507, 172, 184, true, true
24942, 1220, 5827, 489, 172, 184, true, true
25084, 1223, 5827, 488, 172, 184, true, true
25195, 1225, 5827, 487, 172, 184, true, true
25429, 1233, 5828, 488, 173, 182, true, true
25520, 1237, 5829, 489, 174, 180, true, true
25543, 1238, 5830, 487, 174, 178, true, true
25561, 1239, 5832, 483, 175, 177, true, true
25598, 1241, 5832, 482, 175, 177, true, true
25690, 1244, 5832, 481, 174, 177, true, true
25766, 1247, 5833, 481, 175, 178, true, true
25788, 1248, 5834, 482, 176, 179, true, true
25848, 1251, 5836, 482, 176, 179, true, true
25873, 1252, 5836, 481, 176, 179, true, true
25909, 1253, 5837, 482, 177, 177, true, true
26242, 1259, 5839, 482, 178, 179, true, true
26246, 1261, 5840, 483, 179, 179, true, true
26304, 1262, 5840, 482, 178, 179, true, true
26374, 1264, 5840, 481, 177, 180, true, true
26419, 1266, 5841, 482, 178, 179, true, true
26438, 1267, 5854, 475, 179, 179, true, true
26451, 1269, 5880, 473, 180, 177, true, true
26566, 1273, 5881, 474, 181, 179, true, true
26667, 1276, 5881, 473, 180, 180, true, true
26724, 1277, 5881, 467, 179, 180, true, true
26817, 1281, 5882, 464, 180, 179, true, true
26878, 1284, 5884, 466, 181, 177, true, true
26935, 1286, 5884, 465, 180, 177, true, true
26973, 1288, 5886, 467, 181, 177, true, true
27033, 1290, 5887, 467, 182, 177, true, true
27322, 1301, 5887, 466, 181, 178, true, true
27356, 1302, 5887, 465, 181, 178, true, true
27443, 1304, 5887, 463, 181, 179, true, true
27577, 1310, 5887, 462, 180, 182, true, true
27591, 1312, 5889, 464, 181, 180, true, true
27612, 1313, 5889, 463, 181, 180, true, true
27698, 1316, 5892, 459, 181, 181, true, true
27809, 1319, 5892, 458, 180, 184, true, true
27857, 1321, 5892, 457, 180, 184, true, true
28522, 1322, 5892, 456, 180, 186, true, true
28568, 1323, 5893, 456, 181, 185, true, true
28673, 1327, 5893, 455, 180, 187, true, true
28810, 1329, 5893, 449, 180, 188, true, true
28852, 1330, 5894, 450, 181, 187, true, true
28996, 1335, 5894, 448, 180, 188, true, true
29097, 1338, 5894, 447, 180, 189, true, true
29132, 1340, 5894, 446, 179, 189, true, true
29219, 1342, 5896, 448, 180, 187, true, true
29233, 1343, 5899, 451, 181, 183, true, true
29608, 1355, 5900, 448, 180, 185, true, true
29708, 1362, 5901, 449, 181, 185, true, true
29722, 1363, 5902, 450, 182, 184, true, true
29790, 1365, 5902, 449, 181, 184, true, true
29851, 1367, 5902, 448, 180, 186, true, true
29920, 1369, 5903, 449, 181, 187, true, true
30087, 1374, 5905, 450, 182, 186, true, true
30584, 1390, 5909, 450, 181, 183, true, true
30608, 1391, 5915, 452, 181, 183, true, true
30697, 1395, 5916, 453, 182, 182, true, true
31498, 1418, 5923, 460, 183, 182, true, true
31614, 1422, 5924, 461, 184, 182, true, true
31708, 1424, 5925, 461, 185, 181, true, true
31777, 1426, 5928, 464, 186, 179, true, true
32000, 1432, 5928, 462, 185, 179, true, true
32105, 1434, 5929, 463, 186, 176, true, true
32206, 1436, 5931, 465, 187, 176, true, true
32225, 1437, 5932, 466, 188, 175, true, true
32483, 1445, 5933, 465, 188, 175, true, true
32596, 1447, 5933, 463, 187, 175, true, true
32702, 1451, 5939, 458, 188, 174, true, true
32724, 1452, 5950, 467, 189, 173, true, true
32979, 1461, 5951, 468, 190, 176, true, true
33026, 1463, 5952, 467, 190, 174, true, true
33097, 1465, 5952, 466, 189, 174, true, true
33231, 1470, 5953, 467, 190, 176, true, true
33278, 1471, 5953, 465, 190, 176, true, true
33408, 1474, 5954, 466, 191, 177, true, true
33531, 1477, 5955, 467, 192, 177, true, true
33667, 1482, 5955, 466, 191, 178, true, true
33701, 1483, 5957, 467, 192, 177, true, true
33721, 1484, 5958, 468, 193, 176, true, true
33868, 1489, 5959, 468, 193, 175, true, true
34029, 1495, 5959, 467, 193, 175, true, true
34071, 1497, 5968, 471, 194, 169, true, true
34084, 1498, 5969, 472, 195, 167, true, true
34304, 1507, 5970, 473, 196, 166, true, true
34484, 1512, 5971, 474, 197, 165, true, true
34641, 1514, 5971, 467, 196, 165, true, true
35012, 1522, 5971, 466, 195, 166, true, true
35085, 1525, 5971, 465, 194, 166, true, true
35161, 1527, 5971, 463, 193, 166, true, true
35213, 1529, 5990, 482, 194, 164, true, true
35845, 1543, 5990, 481, 193, 169, true, true
36094, 1551, 5990, 480, 192, 171, true, true
36245, 1554, 5990, 477, 191, 171, true, true
36288, 1555, 5990, 476, 190, 171, true, true
36844, 1570, 5990, 475, 190, 175, true, true
37074, 1575, 5991, 476, 191, 173, true, true
37094, 1576, 5992, 477, 192, 171, true, true
37191, 1578, 5994, 477, 193, 170, true, true
37250, 1580, 5995, 478, 194, 170, true, true
37283, 1582, 5995, 475, 192, 171, true, true
37607, 1593, 5995, 473, 192, 171, true, true
37628, 1594, 6003, 467, 193, 168, true, true
37790, 1602, 6003, 466, 192, 169, true, true
37805, 1603, 6004, 467, 193, 168, true, true
38052, 1612, 6004, 466, 192, 172, true, true
38263, 1618, 6004, 465, 191, 174, true, true
38290, 1619, 6004, 464, 191, 174, true, true
38624, 1628, 6004, 462, 190, 176, true, true
38673, 1630, 6006, 460, 190, 177, true, true
38700, 1631, 6006, 458, 189, 177, true, true
38710, 1633, 6012, 463, 190, 177, true, true
38723, 1634, 6013, 464, 191, 176, true, true
39144, 1647, 6015, 465, 192, 180, true, true
39162, 1648, 6016, 466, 193, 178, true, true
39210, 1649, 6016, 463, 192, 178, true, true
39648, 1656, 6016, 461, 191, 183, true, true
39666, 1657, 6017, 462, 192, 181, true, true
39855, 1665, 6018, 462, 193, 184, true, true
40900, 1690, 6019, 461, 194, 187, true, true
41423, 1699, 6020, 461, 194, 188, true, true
41452, 1700, 6021, 462, 195, 188, true, true
41522, 1703, 6025, 443, 195, 187, true, true
41676, 1708, 6026, 444, 196, 189, true, true
42140, 1722, 6027, 445, 197, 190, true, true
42342, 1728, 6027, 441, 196, 193, true, true
42391, 1729, 6027, 440, 195, 193, true, true
42430, 1730, 6027, 438, 194, 193, true, true
42624, 1734, 6027, 437, 193, 193, true, true
42765, 1739, 6027, 436, 193, 195, true, true
42923, 1744, 6041, 445, 194, 195, true, true
42978, 1745, 6041, 444, 193, 195, true, true
43080, 1747, 6042, 443, 194, 195, true, true
43223, 1751, 6042, 442, 193, 195, true, true
43360, 1756, 6042, 439, 192, 197, true, true
43384, 1757, 6042, 437, 191, 197, true, true
43425, 1759, 6043, 437, 191, 195, true, true
43507, 1761, 6045, 438, 191, 195, true, true
43659, 1765, 6051, 441, 191, 194, true, true
44244, 1783, 6052, 442, 192, 196, true, true
44426, 1789, 6053, 443, 193, 194, true, true
44720, 1798, 6054, 443, 194, 194, true, true
44865, 1802, 6055, 438, 195, 195, true, true
44900, 1803, 6055, 437, 195, 195, true, true
44993, 1806, 6058, 439, 195, 194, true, true
45241, 1812, 6058, 438, 195, 195, true, true
45440, 1819, 6058, 437, 194, 198, true, true
45558, 1822, 6058, 434, 194, 198, true, true
45933, 1830, 6059, 434, 194, 199, true, true
45994, 1834, 6059, 427, 193, 199, true, true
46047, 1836, 6062, 430, 194, 199, true, true
46105, 1837, 6062, 429, 193, 199, true, true
46237, 1842, 6062, 428, 192, 200, true, true
46704, 1855, 6064, 429, 193, 200, true, true
47039, 1863, 6064, 428, 192, 202, true, true
47396, 1872, 6064, 424, 191, 203, true, true
47609, 1878, 6065, 425, 192, 202, true, true
47742, 1882, 6066, 423, 191, 201, true, true
48139, 1898, 6066, 422, 190, 203, true, true
48206, 1900, 6066, 421, 189, 203, true, true
48417, 1908, 6068, 423, 190, 201, true, true
48477, 1910, 6069, 424, 191, 202, true, true
48505, 1911, 6069, 423, 190, 202, true, true
48633, 1914, 6070, 424, 191, 197, true, true
48713, 1918, 6070, 423, 190, 197, true, true
48841, 1922, 6071, 421, 190, 194, true, true
48987, 1928, 6073, 422, 191, 193, true, true
49121, 1931, 6073, 420, 190, 193, true, true
49307, 1935, 6079, 424, 190, 192, true, true
49385, 1938, 6080, 424, 191, 190, true, true
49625, 1943, 6081, 421, 192, 189, true, true
49885, 1950, 6082, 422, 193, 188, true, true
50458, 1964, 6082, 421, 192, 192, true, true
50593, 1968, 6082, 420, 192, 194, true, true
50788, 1973, 6087, 424, 193, 193, true, true
50808, 1974, 6088, 424, 193, 192, true, true
51246, 1984, 6090, 426, 194, 194, true, true
51290, 1986, 6132, 465, 195, 194, true, true
52515, 2017, 6132, 462, 195, 200, true, true
52579, 2019, 6133, 463, 196, 196, true, true
52697, 2024, 6133, 461, 195, 197, true, true
52739, 2025, 6133, 460, 194, 197, true, true
52836, 2029, 6134, 461, 195, 197, true, true
52968, 2033, 6134, 460, 194, 201, true, true
53246, 2042, 6135, 461, 195, 199, true, true
53331, 2044, 6136, 462, 196, 197, true, true
53694, 2053, 6137, 463, 197, 197, true, true
53930, 2062, 6138, 463, 197, 197, true, true
54004, 2065, 6138, 462, 196, 197, true, true
54196, 2071, 6138, 460, 195, 197, true, true
54322, 2074, 6140, 456, 195, 197, true, true
54535, 2080, 6144, 458, 195, 195, true, true
55646, 2088, 6146, 460, 196, 193, true, true
55666, 2089, 6147, 460, 196, 192, true, true
55762, 2091, 6147, 458, 196, 192, true, true
55842, 2093, 6148, 455, 197, 189, true, true
56360, 2103, 6148, 450, 196, 190, true, true
56668, 2111, 6149, 450, 197, 188, true, true
56814, 2114, 6150, 451, 198, 186, true, true
57631, 2135, 6150, 450, 198, 188, true, true
57685, 2138, 6151, 451, 199, 187, true, true
58184, 2150, 6151, 450, 198, 189, true, true
58575, 2159, 6151, 449, 197, 189, true, true
58909, 2167, 6151, 446, 197, 191, true, true
59030, 2169, 6151, 444, 197, 193, true, true
59098, 2171, 6152, 445, 198, 192, true, true
59137, 2172, 6152, 444, 197, 192, true, true
59271, 2175, 6152, 443, 197, 192, true, true
59331, 2176, 6152, 442, 196, 192, true, true
59451, 2178, 6155, 445, 197, 191, true, true
59683, 2183, 6157, 446, 197, 192, true, true
60000, 2192, 6239, 505, 197, 193, true, true
60367, 2203, 6240, 505, 197, 196, true, true
60526, 2209, 6240, 504, 196, 196, true, true
60681, 2212, 6240, 503, 195, 196, true, true
61001, 2219, 6240, 502, 194, 197, true, true
61159, 2223, 6240, 501, 193, 199, true, true
61919, 2235, 6242, 503, 194, 191, true, true
61977, 2236, 6242, 502, 193, 191, true, true
62559, 2244, 6242, 493, 192, 192, true, true
62808, 2253, 6274, 467, 193, 189, true, true
63164, 2258, 6275, 468, 194, 188, true, true
63256, 2260, 6275, 467, 193, 188, true, true
63339, 2264, 6276, 468, 194, 187, true, true
63764, 2276, 6278, 459, 195, 186, true, true
63805, 2278, 6278, 454, 194, 186, true, true
63956, 2283, 6278, 453, 193, 186, true, true
64025, 2285, 6278, 451, 193, 186, true, true
64230, 2291, 6279, 452, 194, 187, true, true
64259, 2292, 6279, 451, 193, 187, true, true
64426, 2295, 6280, 448, 193, 186, true, true
64551, 2300, 6280, 447, 192, 188, true, true
64996, 2310, 6281, 448, 193, 187, true, true
65108, 2312, 6284, 450, 194, 184, true, true
65878, 2331, 6284, 449, 193, 187, true, true
65934, 2333, 6291, 455, 194, 185, true, true
66239, 2340, 6292, 456, 195, 182, true, true
66487, 2344, 6295, 457, 195, 181, true, true
66549, 2347, 6295, 455, 193, 181, true, true
67369, 2369, 6295, 454, 193, 185, true, true
67529, 2374, 6295, 453, 192, 186, true, true
67597, 2376, 6297, 454, 192, 181, true, true
67715, 2380, 6301, 458, 193, 180, true, true
67908, 2386, 6302, 459, 194, 178, true, true
68217, 2392, 6303, 460, 195, 177, true, true
68388, 2395, 6303, 458, 194, 177, true, true
68848, 2406, 6304, 459, 195, 179, true, true
69167, 2416, 6304, 456, 194, 181, true, true
69289, 2421, 6313, 462, 195, 182, true, true
69609, 2429, 6313, 461, 195, 182, true, true
69708, 2431, 6315, 461, 196, 182, true, true
70281, 2445, 6315, 459, 195, 182, true, true
71814, 2492, 6316, 460, 196, 186, true, true
71834, 2493, 6316, 459, 196, 186, true, true
71885, 2496, 6318, 460, 197, 185, true, true
72368, 2508, 6321, 463, 198, 184, true, true
72518, 2512, 6322, 464, 199, 183, true, true
72777, 2517, 6323, 463, 199, 181, true, true
72898, 2520, 6323, 462, 198, 181, true, true
72934, 2522, 6323, 461, 197, 181, true, true
73106, 2526, 6324, 462, 198, 180, true, true
73416, 2533, 6325, 461, 198, 180, true, true
73454, 2536, 6325, 460, 197, 180, true, true
73548, 2539, 6397, 532, 198, 179, true, true
73577, 2540, 6397, 531, 197, 180, true, true
73600, 2541, 6399, 533, 198, 179, true, true
73656, 2543, 6403, 537, 199, 173, true, true
73673, 2544, 6404, 538, 200, 171, true, true
73964, 2551, 6404, 537, 199, 173, true, true
74227, 2558, 6404, 536, 199, 173, true, true
75077, 2576, 6405, 537, 200, 174, true, true
75090, 2577, 6408, 540, 201, 173, true, true
75280, 2581, 6410, 541, 202, 174, true, true
76548, 2612, 6411, 542, 203, 175, true, true
76705, 2617, 6412, 543, 204, 174, true, true
77342, 2629, 6413, 544, 205, 173, true, true
77528, 2634, 6414, 545, 206, 171, true, true
77591, 2636, 6417, 546, 207, 170, true, true
77772, 2638, 6417, 541, 206, 171, true, true
77843, 2639, 6417, 539, 205, 171, true, true
78061, 2643, 6417, 538, 204, 172, true, true
79106, 2654, 6417, 536, 203, 173, true, true
79128, 2655, 6417, 535, 203, 173, true, true
79322, 2662, 6417, 534, 202, 174, true, true
79381, 2663, 6417, 532, 200, 174, true, true
79576, 2667, 6417, 531, 200, 174, true, true
79782, 2674, 6417, 530, 199, 174, true, true
80242, 2692, 6421, 525, 199, 177, true, true
80265, 2693, 6422, 525, 199, 176, true, true
80816, 2710, 6422, 523, 198, 177, true, true
81397, 2724, 6422, 522, 197, 179, true, true
81738, 2734, 6422, 521, 197, 180, true, true
81813, 2737, 6423, 522, 198, 179, true, true
82440, 2751, 6423, 521, 197, 183, true, true
83190, 2763, 6425, 523, 198, 185, true, true
83290, 2766, 6426, 524, 199, 184, true, true
83434, 2771, 6428, 526, 200, 182, true, true
83791, 2781, 6429, 527, 201, 178, true, true
84863, 2807, 6430, 528, 202, 180, true, true
85481, 2823, 6430, 527, 201, 184, true, true
85976, 2835, 6430, 526, 200, 185, true, true
86054, 2837, 6430, 525, 199, 185, true, true
86654, 2852, 6430, 524, 198, 187, true, true
87287, 2869, 6430, 523, 197, 187, true, true
87627, 2877, 6430, 522, 196, 188, true, true
87998, 2888, 6430, 521, 195, 190, true, true
88056, 2889, 6431, 522, 196, 190, true, true
88288, 2894, 6431, 520, 195, 191, true, true
89229, 2913, 6431, 519, 194, 193, true, true
89483, 2917, 6431, 515, 193, 193, true, true
89764, 2922, 6431, 512, 192, 196, true, true
90349, 2936, 6432, 513, 193, 196, true, true
90484, 2938, 6433, 514, 194, 195, true, true
90804, 2945, 6434, 515, 195, 193, true, true
90907, 2948, 6435, 516, 196, 193, true, true
90942, 2949, 6437, 516, 197, 192, true, true
90991, 2950, 6437, 515, 196, 192, true, true
91379, 2962, 6439, 517, 197, 191, true, true
91784, 2972, 6439, 516, 196, 192, true, true
91976, 2977, 6444, 519, 196, 191, true, true
92127, 2980, 6444, 518, 195, 191, true, true
92743, 2999, 6444, 517, 195, 193, true, true
92976, 3004, 6445, 518, 196, 191, true, true
93169, 3007, 6445, 516, 195, 193, true, true
93537, 3018, 6446, 517, 196, 195, true, true
93794, 3025, 6446, 516, 196, 198, true, true
93884, 3029, 6447, 517, 197, 194, true, true
94069, 3035, 6447, 516, 196, 196, true, true
95529, 3066, 6447, 515, 195, 200, true, true
95728, 3068, 6448, 515, 195, 199, true, true
96250, 3082, 6450, 517, 196, 192, true, true
96573, 3090, 6452, 519, 197, 192, true, true
97171, 3100, 6452, 514, 196, 195, true, true
97388, 3106, 6452, 513, 196, 195, true, true
98244, 3126, 6453, 514, 197, 194, true, true
98767, 3139, 6454, 515, 198, 193, true, true
98782, 3140, 6455, 516, 199, 190, true, true
99622, 3158, 6456, 517, 200, 188, true, true
99802, 3162, 6458, 519, 201, 189, true, true
100201, 3169, 6458, 518, 200, 189, true, true
101399, 3194, 6459, 519, 201, 191, true, true
102080, 3210, 6459, 518, 201, 193, true, true
102134, 3211, 6459, 517, 200, 193, true, true
102157, 3212, 6460, 518, 201, 191, true, true
102859, 3220, 6461, 516, 201, 190, true, true
102894, 3221, 6462, 517, 202, 189, true, true
103045, 3225, 6464, 519, 203, 188, true, true
103343, 3229, 6465, 520, 204, 188, true, true
103849, 3239, 6465, 518, 203, 190, true, true
104072, 3246, 6467, 517, 203, 188, true, true
104192, 3250, 6468, 518, 204, 185, true, true
104508, 3259, 6468, 517, 204, 185, true, true
104543, 3260, 6468, 516, 203, 185, true, true
106211, 3269, 6470, 513, 203, 184, true, true
106256, 3272, 6470, 512, 203, 185, true, true
106275, 3275, 6472, 514, 204, 184, true, true
106469, 3282, 6473, 515, 205, 185, true, true
106487, 3284, 6474, 516, 206, 183, true, true
106553, 3286, 6475, 517, 207, 182, true, true
106612, 3288, 6475, 516, 206, 182, true, true
106843, 3291, 6475, 515, 205, 182, true, true
107122, 3296, 6475, 514, 204, 182, true, true
107232, 3300, 6476, 515, 205, 180, true, true
107302, 3302, 6478, 513, 205, 178, true, true
107638, 3307, 6479, 514, 206, 174, true, true
107794, 3310, 6479, 512, 205, 174, true, true
108019, 3314, 6479, 511, 204, 175, true, true
108044, 3315, 6508, 528, 204, 174, true, true
108061, 3316, 6509, 529, 205, 171, true, true
108215, 3323, 6511, 531, 206, 172, true, true
108233, 3325, 6512, 529, 207, 166, true, true
108362, 3328, 6512, 528, 206, 167, true, true
108585, 3336, 6515, 523, 207, 166, true, true
108659, 3338, 6528, 536, 208, 163, true, true
109608, 3358, 6528, 535, 207, 165, true, true
109895, 3364, 6528, 534, 206, 166, true, true
109950, 3365, 6528, 533, 205, 166, true, true
110255, 3372, 6529, 534, 206, 165, true, true
111475, 3400, 6531, 531, 205, 166, true, true
111814, 3408, 6534, 533, 205, 166, true, true
111860, 3409, 6534, 532, 204, 166, true, true
111999, 3411, 6535, 533, 205, 165, true, true
112044, 3412, 6535, 532, 204, 166, true, true
112292, 3419, 6536, 533, 205, 164, true, true
112382, 3422, 6541, 535, 206, 163, true, true
112483, 3424, 6542, 533, 205, 161, true, true
113112, 3437, 6542, 532, 204, 162, true, true
113907, 3450, 6542, 531, 203, 162, true, true
113943, 3451, 6543, 532, 204, 157, true, true
114891, 3473, 6544, 533, 205, 159, true, true
114932, 3474, 6547, 536, 206, 155, true, true
114981, 3477, 6547, 534, 205, 155, true, true
115786, 3491, 6555, 542, 206, 155, true, true
116484, 3510, 6556, 543, 207, 157, true, true
116962, 3519, 6556, 542, 207, 158, true, true
117052, 3521, 6556, 541, 206, 158, true, true
118273, 3544, 6556, 540, 205, 160, true, true
118333, 3546, 6557, 538, 205, 160, true, true
119142, 3558, 6557, 536, 204, 162, true, true
119499, 3566, 6557, 535, 203, 162, true, true
120756, 3594, 6583, 561, 204, 162, true, true
120919, 3597, 6583, 560, 203, 164, true, true
121676, 3614, 6583, 559, 202, 165, true, true
121937, 3618, 6583, 558, 201, 165, true, true
122317, 3625, 6584, 537, 202, 164, true, true
123056, 3636, 6585, 537, 202, 164, true, true
123130, 3638, 6585, 536, 201, 166, true, true
123611, 3648, 6836, 769, 202, 166, true, true
123713, 3649, 6836, 768, 201, 166, true, true
124757, 3670, 6836, 767, 200, 167, true, true
124933, 3675, 6839, 770, 201, 164, true, true
125372, 3688, 6839, 769, 200, 164, true, true
125968, 3702, 6840, 770, 201, 162, true, true
126935, 3710, 6840, 769, 200, 162, true, true
126980, 3711, 6841, 769, 201, 160, true, true
127038, 3712, 6843, 771, 202, 158, true, true
127368, 3719, 6843, 770, 202, 159, true, true
127487, 3722, 6843, 767, 201, 159, true, true
127673, 3729, 6843, 766, 200, 160, true, true
128899, 3753, 6844, 767, 201, 162, true, true
128999, 3756, 6845, 768, 202, 159, true, true
129628, 3769, 6848, 771, 203, 155, true, true
130876, 3793, 6848, 768, 201, 156, true, true
132065, 3818, 6849, 769, 202, 158, true, true
132667, 3830, 6849, 768, 202, 159, true, true
134703, 3869, 6849, 765, 201, 163, true, true
135453, 3887, 6849, 764, 200, 164, true, true
136498, 3907, 6850, 765, 201, 164, true, true
136665, 3910, 6850, 764, 200, 164, true, true
136957, 3915, 6850, 763, 199, 164, true, true
137489, 3928, 6850, 761, 198, 166, true, true
137575, 3930, 6860, 769, 199, 166, true, true
137910, 3933, 6861, 770, 200, 166, true, true
138180, 3946, 6862, 771, 201, 167, true, true
139119, 3968, 6862, 770, 200, 168, true, true
139440, 3973, 6862, 768, 199, 168, true, true
140641, 3994, 6862, 766, 198, 170, true, true
141340, 4008, 6862, 753, 197, 171, true, true
141860, 4022, 6862, 752, 197, 171, true, true
142063, 4029, 6862, 751, 196, 171, true, true
142690, 4041, 6864, 753, 197, 170, true, true
143062, 4047, 6864, 751, 196, 170, true, true
143185, 4051, 6865, 751, 196, 168, true, true
143710, 4061, 6865, 750, 195, 170, true, true
144980, 4088, 6865, 749, 195, 171, true, true
145081, 4090, 6869, 753, 196, 169, true, true
147118, 4128, 6869, 752, 195, 175, true, true
147659, 4139, 6869, 751, 194, 176, true, true
148293, 4157, 6870, 752, 195, 174, true, true
149000, 4174, 6871, 753, 196, 177, true, true
150747, 4183, 6871, 752, 195, 178, true, true
150982, 4189, 6871, 751, 195, 180, true, true
152079, 4217, 6871, 749, 195, 181, true, true
152386, 4224, 6871, 748, 194, 183, true, true
152731, 4237, 6872, 746, 195, 184, true, true
152774, 4238, 6873, 747, 196, 183, true, true
155294, 4282, 6875, 748, 196, 184, true, true
155358, 4284, 6876, 749, 197, 183, true, true
155982, 4296, 6876, 748, 196, 183, true, true
157159, 4316, 6876, 747, 196, 184, true, true
157631, 4325, 6877, 748, 197, 183, true, true
157820, 4329, 6878, 749, 198, 181, true, true
158091, 4336, 6879, 749, 198, 180, true, true
158115, 4337, 6880, 750, 199, 179, true, true
159552, 4366, 6882, 752, 200, 177, true, true
161034, 4391, 6883, 753, 201, 177, true, true
161829, 4405, 6888, 757, 201, 177, true, true
161876, 4406, 6889, 751, 202, 176, true, true
162989, 4429, 6890, 752, 203, 168, true, true
163408, 4440, 6891, 753, 204, 166, true, true
163428, 4443, 6891, 752, 203, 166, true, true
163685, 4448, 6891, 746, 202, 166, true, true
164342, 4466, 6891, 744, 201, 166, true, true
165347, 4488, 6892, 745, 202, 167, true, true
165833, 4499, 6892, 743, 201, 168, true, true
166328, 4510, 6895, 746, 202, 167, true, true
169260, 4571, 6895, 745, 201, 173, true, true
169734, 4581, 6899, 749, 202, 173, true, true
170238, 4593, 6899, 748, 201, 173, true, true
170256, 4594, 6903, 739, 200, 172, true, true
170358, 4598, 6913, 743, 201, 171, true, true
171761, 4637, 6916, 739, 200, 172, true, true
172634, 4655, 6916, 738, 199, 172, true, true
174792, 4701, 6916, 737, 198, 177, true, true
174958, 4705, 6916, 734, 198, 177, true, true
175646, 4716, 6916, 733, 197, 177, true, true
176108, 4728, 6916, 731, 197, 178, true, true
176998, 4746, 6920, 734, 198, 176, true, true
177141, 4750, 6921, 735, 199, 175, true, true
178477, 4780, 6921, 734, 198, 175, true, true
178988, 4794, 6923, 735, 199, 173, true, true
179069, 4796, 6926, 738, 200, 172, true, true
179733, 4812, 6926, 737, 199, 174, true, true
179771, 4813, 6956, 766, 200, 168, true, true
180097, 4820, 6957, 767, 201, 168, true, true
181369, 4841, 6957, 766, 200, 168, true, true
182513, 4861, 6957, 764, 199, 168, true, true
184356, 4894, 6958, 765, 200, 174, true, true
185125, 4911, 6958, 764, 199, 176, true, true
186461, 4936, 6958, 763, 199, 177, true, true
187499, 4958, 6958, 762, 198, 180, true, true
187974, 4967, 6958, 761, 197, 180, true, true
188869, 4983, 6958, 760, 196, 182, true, true
192670, 5060, 6993, 791, 196, 186, true, true
193989, 5091, 6994, 783, 195, 188, true, true
194223, 5098, 6995, 784, 196, 187, true, true
195121, 5118, 6995, 755, 196, 187, true, true
195452, 5127, 6996, 756, 197, 185, true, true
195871, 5138, 6997, 757, 198, 184, true, true
196566, 5152, 6998, 757, 199, 181, true, true
196730, 5155, 6998, 756, 198, 181, true, true
196852, 5159, 6999, 757, 199, 180, true, true
196939, 5162, 6999, 756, 198, 180, true, true
197108, 5166, 6999, 752, 197, 181, true, true
197178, 5168, 6999, 750, 196, 181, true, true
197427, 5174, 6999, 749, 195, 182, true, true
198156, 5188, 6999, 748, 194, 183, true, true
200421, 5235, 6999, 747, 193, 185, true, true
200551, 5239, 7001, 749, 194, 178, true, true
202070, 5276, 7001, 748, 193, 179, true, true
202210, 5279, 7001, 747, 192, 179, true, true
202968, 5294, 7001, 745, 191, 183, true, true
203839, 5315, 7001, 744, 190, 186, true, true
204306, 5321, 7001, 743, 189, 186, true, true
205028, 5336, 7001, 742, 188, 188, true, true
205503, 5346, 7001, 741, 187, 191, true, true
205662, 5349, 7003, 738, 185, 190, true, true
206040, 5355, 7003, 737, 184, 190, true, true
206196, 5359, 7005, 739, 185, 188, true, true
208406, 5410, 7005, 738, 185, 190, true, true
208765, 5422, 7007, 740, 186, 188, true, true
211032, 5465, 7008, 741, 187, 190, true, true
211440, 5473, 7008, 739, 186, 193, true, true
211599, 5476, 7008, 738, 185, 193, true, true
211943, 5482, 7009, 739, 186, 192, true, true
212280, 5490, 7010, 739, 186, 190, true, true
212787, 5501, 7012, 741, 187, 188, true, true
213061, 5506, 7013, 741, 187, 186, true, true
213177, 5508, 7014, 739, 186, 185, true, true
214963, 5552, 7014, 734, 185, 189, true, true
215971, 5574, 7014, 733, 185, 190, true, true
216194, 5578, 7015, 734, 186, 188, true, true
216297, 5582, 7016, 734, 187, 186, true, true
216638, 5589, 7016, 662, 186, 186, true, true
217831, 5615, 7017, 663, 187, 186, true, true
217910, 5617, 7017, 661, 185, 186, true, true
218215, 5623, 7017, 659, 184, 187, true, true
218257, 5624, 7017, 658, 184, 187, true, true
219327, 5645, 7019, 660, 185, 186, true, true
220302, 5660, 7020, 661, 186, 186, true, true
221505, 5686, 7021, 662, 187, 183, true, true
222826, 5722, 7021, 658, 186, 185, true, true
224004, 5750, 7021, 657, 185, 187, true, true
224120, 5752, 7022, 658, 186, 184, true, true
224337, 5758, 7023, 659, 187, 179, true, true
225071, 5776, 7024, 660, 188, 178, true, true
225150, 5778, 7026, 662, 189, 177, true, true
225402, 5786, 7026, 661, 188, 177, true, true
226377, 5810, 7026, 658, 187, 177, true, true
226486, 5812, 7026, 654, 186, 177, true, true
227537, 5835, 7026, 652, 185, 180, true, true
227925, 5844, 7027, 653, 186, 179, true, true
228902, 5872, 7027, 652, 186, 179, true, true
229809, 5892, 7029, 654, 187, 178, true, true
229932, 5895, 7029, 653, 187, 178, true, true
230894, 5920, 7029, 651, 186, 183, true, true
232106, 5947, 7029, 650, 185, 184, true, true
232300, 5953, 7029, 649, 184, 185, true, true
233055, 5964, 7029, 648, 183, 186, true, true
234144, 5987, 7029, 647, 182, 186, true, true
234606, 5997, 7031, 644, 183, 181, true, true
235146, 6009, 7032, 645, 184, 181, true, true
235241, 6012, 7033, 645, 185, 180, true, true
235675, 6024, 7038, 650, 186, 179, true, true
236332, 6038, 7039, 651, 187, 178, true, true
236976, 6053, 7042, 654, 188, 178, true, true
237650, 6070, 7043, 655, 189, 175, true, true
238052, 6081, 7043, 654, 188, 175, true, true
238335, 6089, 7043, 653, 187, 175, true, true
238666, 6096, 7043, 652, 186, 175, true, true
238892, 6100, 7043, 651, 185, 175, true, true
239557, 6114, 7044, 652, 186, 177, true, true
240185, 6126, 7045, 653, 187, 175, true, true
240276, 6128, 7045, 652, 186, 175, true, true
241831, 6156, 7045, 650, 185, 175, true, true
242741, 6175, 7046, 650, 186, 177, true, true
243135, 6182, 7048, 652, 187, 176, true, true
243724, 6197, 7048, 651, 186, 177, true, true
246295, 6252, 7048, 650, 186, 182, true, true
246873, 6266, 7048, 649, 185, 183, true, true
247329, 6274, 7048, 648, 184, 183, true, true
247823, 6287, 7048, 647, 183, 183, true, true
248298, 6300, 7048, 646, 182, 183, true, true
249118, 6317, 7049, 646, 182, 182, true, true
249141, 6318, 7049, 645, 181, 182, true, true
249732, 6332, 7049, 644, 180, 184, true, true
250558, 6351, 7050, 642, 179, 183, true, true
251164, 6365, 7050, 640, 179, 185, true, true
251522, 6371, 7050, 639, 178, 185, true, true
251770, 6373, 7050, 638, 177, 186, true, true
253335, 6409, 7050, 632, 176, 188, true, true
253559, 6414, 7051, 629, 176, 188, true, true
253620, 6415, 7051, 628, 175, 188, true, true
254829, 6446, 7051, 627, 174, 189, true, true
254858, 6447, 7051, 626, 173, 189, true, true
255205, 6455, 7051, 625, 172, 190, true, true
256186, 6475, 7057, 631, 173, 189, true, true
257184, 6493, 7058, 632, 174, 188, true, true
259228, 6539, 7059, 633, 175, 190, true, true
260052, 6557, 7059, 632, 174, 191, true, true
260179, 6559, 7061, 633, 174, 188, true, true
261171, 6577, 7061, 632, 173, 189, true, true
262306, 6609, 7061, 631, 173, 192, true, true
262433, 6610, 7061, 630, 172, 192, true, true
263636, 6630, 7061, 629, 171, 193, true, true
263905, 6638, 7064, 631, 171, 192, true, true
264668, 6654, 7072, 637, 171, 192, true, true
265990, 6686, 7073, 637, 171, 190, true, true
266144, 6690, 7074, 638, 172, 188, true, true
268513, 6745, 7074, 637, 171, 190, true, true
269071, 6762, 7075, 638, 172, 191, true, true
270547, 6802, 7076, 639, 173, 194, true, true
270767, 6806, 7076, 638, 172, 194, true, true
273101, 6856, 7076, 637, 171, 197, true, true
275607, 6904, 7077, 638, 172, 198, true, true
275910, 6908, 7077, 637, 171, 198, true, true
276057, 6912, 7077, 636, 170, 198, true, true
276094, 6913, 7078, 637, 171, 192, true, true
276113, 6914, 7079, 638, 172, 190, true, true
278065, 6964, 7080, 639, 173, 193, true, true
278187, 6969, 7080, 638, 172, 193, true, true
278667, 6982, 7081, 639, 173, 192, true, true
278761, 6984, 7083, 636, 174, 191, true, true
279577, 7003, 7085, 638, 175, 191, true, true
280163, 7015, 7086, 639, 176, 191, true, true
281338, 7034, 7087, 639, 176, 190, true, true
282794, 7064, 7087, 638, 175, 192, true, true
283830, 7086, 7088, 637, 174, 191, true, true
284038, 7090, 7090, 639, 175, 189, true, true
284708, 7106, 7091, 639, 176, 189, true, true
289222, 7191, 7091, 637, 174, 192, true, true
289256, 7192, 7091, 636, 173, 192, true, true
290532, 7226, 7091, 635, 172, 195, true, true
292031, 7264, 7092, 635, 173, 194, true, true
292541, 7275, 7104, 646, 174, 192, true, true
292561, 7276, 7105, 646, 174, 190, true, true
293797, 7303, 7105, 644, 173, 193, true, true
293858, 7305, 7105, 642, 172, 193, true, true
294010, 7309, 7106, 643, 173, 192, true, true
297706, 7409, 7106, 642, 172, 201, true, true
298743, 7432, 7107, 641, 172, 202, true, true
299828, 7460, 7107, 640, 171, 204, true, true
299858, 7461, 7112, 645, 172, 203, true, true
300305, 7474, 7113, 646, 173, 200, true, true
302285, 7523, 7114, 647, 174, 200, true, true
304893, 7584, 7115, 648, 175, 206, true, true
305240, 7591, 7178, 484, 176, 205, true, true
307085, 7633, 7179, 485, 177, 205, true, true
308900, 7670, 7179, 484, 176, 208, true, true
309127, 7674, 7179, 483, 176, 208, true, true
309600, 7683, 7184, 488, 177, 207, true, true
309982, 7693, 7184, 487, 176, 207, true, true
310217, 7698, 7184, 486, 175, 207, true, true
311754, 7725, 7184, 485, 174, 208, true, true
312189, 7734, 7184, 483, 173, 209, true, true
313341, 7758, 7186, 485, 174, 211, true, true
313690, 7764, 7186, 484, 173, 211, true, true
314447, 7783, 7187, 485, 174, 209, true, true
317357, 7837, 7188, 486, 175, 206, true, true
318857, 7856, 7189, 487, 176, 203, true, true
318892, 7857, 7189, 486, 175, 203, true, true
319042, 7862, 7190, 487, 176, 201, true, true
319187, 7865, 7193, 489, 176, 200, true, true
320070, 7886, 7196, 492, 177, 198, true, true
321122, 7910, 7198, 494, 178, 199, true, true
323168, 7948, 7199, 495, 179, 199, true, true
323851, 7970, 7201, 497, 180, 197, true, true
324731, 7996, 7202, 498, 181, 197, true, true
330056, 8112, 7203, 498, 182, 205, true, true
330423, 8119, 7204, 498, 183, 200, true, true
332642, 8153, 7204, 497, 183, 206, true, true
333112, 8162, 7206, 492, 184, 204, true, true
334435, 8194, 7207, 493, 185, 203, true, true
336483, 8231, 7207, 492, 184, 205, true, true
337373, 8245, 7207, 491, 183, 206, true, true
337623, 8252, 7208, 492, 184, 202, true, true
339476, 8288, 7209, 492, 184, 201, true, true
341539, 8335, 7209, 491, 183, 205, true, true
341832, 8339, 7209, 490, 182, 205, true, true
342097, 8346, 7210, 491, 183, 205, true, true
342901, 8363, 7210, 489, 182, 206, true, true
344421, 8395, 7210, 487, 181, 207, true, true
346774, 8438, 7210, 486, 180, 207, true, true
347425, 8454, 7211, 480, 180, 203, true, true
348489, 8474, 7216, 475, 181, 199, true, true
351299, 8516, 7216, 474, 180, 200, true, true
353100, 8553, 7240, 437, 181, 201, true, true
356866, 8621, 7241, 438, 182, 204, true, true
357862, 8644, 7242, 438, 182, 203, true, true
359976, 8690, 7244, 440, 183, 204, true, true
361566, 8720, 7245, 441, 184, 203, true, true
361886, 8731, 7247, 443, 185, 202, true, true
363342, 8759, 7256, 440, 186, 201, true, true
364332, 8779, 7256, 424, 185, 202, true, true
364711, 8789, 7256, 423, 184, 204, true, true
366744, 8829, 7256, 422, 184, 206, true, true
367701, 8846, 7258, 424, 185, 205, true, true
368393, 8860, 7260, 426, 186, 206, true, true
368956, 8873, 7262, 428, 187, 205, true, true
369186, 8878, 7262, 426, 186, 205, true, true
371834, 8934, 7265, 429, 187, 205, true, true
372134, 8942, 7265, 427, 186, 205, true, true
373069, 8963, 7265, 422, 185, 206, true, true
373970, 8983, 7266, 423, 186, 208, true, true
375234, 9009, 7266, 422, 185, 208, true, true
376046, 9022, 7267, 423, 186, 204, true, true
376103, 9023, 7267, 422, 185, 204, true, true
377825, 9064, 7280, 434, 185, 205, true, true
378077, 9068, 7284, 438, 186, 201, true, true
378193, 9071, 7284, 437, 186, 201, true, true
378423, 9077, 7284, 436, 185, 201, true, true
379767, 9111, 7284, 435, 184, 202, true, true
382257, 9154, 7285, 436, 185, 195, true, true
386082, 9236, 7289, 440, 186, 196, true, true
386614, 9246, 7298, 434, 186, 196, true, true
386653, 9247, 7298, 433, 185, 196, true, true
390352, 9310, 7298, 431, 184, 196, true, true
391304, 9327, 7298, 430, 184, 197, true, true
392344, 9348, 7301, 433, 185, 189, true, true
393684, 9376, 7302, 433, 185, 189, true, true
394188, 9389, 7302, 428, 184, 189, true, true
394264, 9391, 7303, 429, 185, 186, true, true
396014, 9426, 7303, 428, 184, 189, true, true
396670, 9440, 7306, 431, 185, 189, true, true
404697, 9609, 7308, 433, 186, 193, true, true
404941, 9616, 7309, 434, 187, 192, true, true
405352, 9627, 7310, 435, 188, 191, true, true
409629, 9728, 7311, 436, 189, 190, true, true
409675, 9729, 7311, 435, 188, 190, true, true
409944, 9736, 7311, 434, 187, 190, true, true
410162, 9743, 7314, 436, 188, 189, true, true
410221, 9745, 7314, 435, 188, 189, true, true
410957, 9761, 7315, 436, 189, 188, true, true
411329, 9768, 7316, 437, 190, 184, true, true
412368, 9789, 7317, 438, 191, 182, true, true
412778, 9802, 7317, 437, 190, 184, true, true
413614, 9819, 7317, 436, 189, 184, true, true
414028, 9830, 7318, 437, 190, 182, true, true
415964, 9874, 7319, 438, 191, 177, true, true
417058, 9898, 7320, 438, 191, 177, true, true
417122, 9900, 7320, 437, 190, 177, true, true
419851, 9956, 7321, 438, 191, 177, true, true
419903, 9958, 7323, 440, 192, 176, true, true
420674, 9978, 7323, 439, 191, 177, true, true
423640, 10052, 7323, 429, 191, 178, true, true
424286, 10067, 7323, 426, 190, 179, true, true
424472, 10069, 7323, 425, 189, 179, true, true
424697, 10074, 7324, 426, 190, 178, true, true
425752, 10101, 7324, 424, 189, 178, true, true
427922, 10153, 7324, 423, 188, 179, true, true
428111, 10157, 7324, 421, 187, 179, true, true
429907, 10191, 7325, 422, 188, 178, true, true
430639, 10203, 7325, 420, 186, 178, true, true
431235, 10215, 7325, 419, 185, 178, true, true
432978, 10242, 7327, 421, 186, 178, true, true
435331, 10290, 7327, 416, 184, 178, true, true
436692, 10326, 7335, 423, 184, 177, true, true
437314, 10342, 7335, 422, 183, 177, true, true
438346, 10365, 7336, 423, 184, 174, true, true
439212, 10382, 7336, 422, 183, 175, true, true
440041, 10396, 7336, 420, 182, 175, true, true
441020, 10417, 7336, 418, 181, 175, true, true
441685, 10433, 7339, 419, 182, 174, true, true
443141, 10465, 7339, 418, 181, 175, true, true
445296, 10513, 7339, 417, 180, 178, true, true
447153, 10545, 7339, 416, 179, 178, true, true
448319, 10566, 7339, 411, 178, 179, true, true
448609, 10573, 7339, 410, 177, 179, true, true
450610, 10603, 7339, 409, 176, 179, true, true
450935, 10610, 7340, 410, 177, 178, true, true
452991, 10647, 7341, 411, 178, 180, true, true
453516, 10660, 7342, 412, 179, 179, true, true
455201, 10690, 7342, 410, 179, 182, true, true
455479, 10694, 7344, 409, 180, 180, true, true
456601, 10725, 7345, 410, 181, 180, true, true
461042, 10812, 7345, 408, 180, 182, true, true
462924, 10845, 7346, 409, 181, 180, true, true
465628, 10900, 7347, 410, 182, 179, true, true
466702, 10922, 7347, 409, 181, 179, true, true
467586, 10936, 7347, 408, 180, 179, true, true
467719, 10938, 7347, 407, 179, 179, true, true
469814, 10983, 7347, 406, 178, 180, true, true
472473, 11034, 7348, 406, 179, 179, true, true
474918, 11089, 7348, 405, 178, 181, true, true
475058, 11093, 7349, 406, 179, 181, true, true
475799, 11109, 7350, 407, 180, 181, true, true
480276, 11190, 7351, 408, 181, 183, true, true
482816, 11244, 7351, 406, 179, 184, true, true
485390, 11291, 7352, 407, 180, 184, true, true
485427, 11292, 7352, 406, 180, 184, true, true
489014, 11373, 7352, 405, 179, 186, true, true
490805, 11413, 7352, 404, 178, 187, true, true
493574, 11462, 7352, 403, 177, 189, true, true
493793, 11470, 7354, 405, 178, 187, true, true
497641, 11545, 7354, 404, 177, 188, true, true
502522, 11649, 7355, 405, 178, 187, true, true
502858, 11655, 7356, 406, 179, 184, true, true
503261, 11663, 7358, 408, 180, 183, true, true
506794, 11742, 7358, 407, 179, 184, true, true
508132, 11770, 7358, 406, 178, 185, true, true
510021, 11809, 7358, 404, 177, 188, true, true
510160, 11812, 7358, 403, 177, 188, true, true
510624, 11822, 7359, 402, 178, 187, true, true
510970, 11829, 7360, 403, 179, 186, true, true
513021, 11866, 7361, 404, 180, 187, true, true
515109, 11907, 7364, 407, 181, 183, true, true
520331, 12016, 7364, 406, 180, 185, true, true
521035, 12028, 7365, 407, 181, 184, true, true
525396, 12112, 7367, 408, 181, 185, true, true
529918, 12205, 7372, 413, 182, 185, true, true
531101, 12226, 7373, 414, 183, 186, true, true
535209, 12318, 7375, 415, 184, 186, true, true
538723, 12391, 7376, 416, 185, 186, true, true
539433, 12403, 7376, 415, 184, 186, true, true
540808, 12419, 7379, 409, 185, 181, true, true
543364, 12472, 7383, 412, 186, 179, true, true
544626, 12494, 7386, 415, 187, 179, true, true
545186, 12505, 7386, 414, 186, 179, true, true
551145, 12644, 7394, 409, 187, 183, true, true
552157, 12664, 7394, 408, 186, 184, true, true
552448, 12670, 7394, 407, 185, 184, true, true
554600, 12719, 7395, 408, 186, 184, true, true
555933, 12754, 7395, 401, 185, 184, true, true
556436, 12767, 7395, 400, 184, 185, true, true
557570, 12799, 7396, 401, 185, 183, true, true
558640, 12820, 7397, 402, 186, 182, true, true
560444, 12859, 7398, 403, 187, 181, true, true
561856, 12898, 7398, 402, 186, 183, true, true
562015, 12902, 7401, 405, 187, 181, true, true
562564, 12917, 7401, 404, 186, 181, true, true
562691, 12921, 7401, 403, 186, 181, true, true
564456, 12963, 7402, 404, 187, 178, true, true
566157, 13006, 7403, 405, 188, 178, true, true
566287, 13009, 7404, 406, 189, 177, true, true
567043, 13028, 7405, 407, 190, 176, true, true
569159, 13076, 7405, 406, 189, 177, true, true
569433, 13082, 7406, 406, 189, 176, true, true
572443, 13149, 7407, 407, 190, 177, true, true
574105, 13186, 7407, 406, 189, 179, true, true
580963, 13313, 7408, 407, 190, 181, true, true
584336, 13360, 7408, 406, 189, 184, true, true
586034, 13381, 7408, 405, 188, 185, true, true
586498, 13388, 7409, 406, 189, 184, true, true
586828, 13394, 7411, 402, 189, 182, true, true
592807, 13507, 7412, 403, 190, 182, true, true
593396, 13516, 7412, 402, 190, 182, true, true
593477, 13518, 7413, 403, 191, 181, true, true
594677, 13543, 7414, 403, 191, 181, true, true
594816, 13545, 7416, 398, 191, 180, true, true
595638, 13559, 7420, 402, 192, 175, true, true
595801, 13563, 7421, 403, 193, 173, true, true
596398, 13572, 7421, 401, 192, 173, true, true
597440, 13590, 7421, 400, 191, 173, true, true
601553, 13672, 7421, 398, 190, 174, true, true
602025, 13683, 7422, 399, 191, 173, true, true
602677, 13693, 7422, 398, 191, 173, true, true
603361, 13708, 7422, 397, 190, 173, true, true
603905, 13719, 7423, 398, 191, 168, true, true
607277, 13789, 7423, 396, 190, 169, true, true
610343, 13857, 7424, 397, 191, 167, true, true
610803, 13868, 7424, 396, 190, 167, true, true
611520, 13878, 7424, 395, 189, 168, true, true
612279, 13891, 7425, 396, 190, 167, true, true
613346, 13907, 7425, 394, 189, 168, true, true
613547, 13912, 7426, 393, 190, 167, true, true
616133, 13962, 7426, 391, 190, 167, true, true
617225, 13982, 7427, 391, 190, 165, true, true
618481, 14013, 7429, 393, 191, 158, true, true
621510, 14073, 7429, 391, 190, 158, true, true
622523, 14095, 7433, 395, 191, 158, true, true
627598, 14193, 7433, 393, 191, 160, true, true
633919, 14292, 7433, 391, 190, 162, true, true
634696, 14309, 7433, 388, 189, 163, true, true
641401, 14440, 7441, 396, 190, 164, true, true
646180, 14526, 7442, 397, 191, 165, true, true
646403, 14533, 7444, 399, 192, 164, true, true
648629, 14579, 7445, 400, 193, 165, true, true
649437, 14596, 7445, 398, 192, 167, true, true
651754, 14641, 7445, 397, 192, 168, true, true
651882, 14645, 7446, 398, 193, 166, true, true
653828, 14680, 7447, 398, 194, 167, true, true
654499, 14694, 7447, 397, 193, 167, true, true
656237, 14733, 7448, 398, 194, 167, true, true
658219, 14768, 7452, 398, 194, 162, true, true
659330, 14790, 7452, 397, 193, 162, true, true
660195, 14809, 7452, 396, 192, 163, true, true
660654, 14817, 7453, 397, 193, 160, true, true
661991, 14843, 7456, 400, 194, 159, true, true
664272, 14881, 7464, 407, 194, 159, true, true
666374, 14920, 7465, 408, 195, 159, true, true
669610, 14985, 7465, 406, 194, 160, true, true
672531, 15049, 7466, 407, 195, 161, true, true
674108, 15077, 7466, 406, 194, 161, true, true
676932, 15133, 7466, 405, 193, 162, true, true
677236, 15141, 7467, 406, 194, 160, true, true
677299, 15143, 7468, 406, 194, 154, true, true
678200, 15159, 7468, 405, 193, 154, true, true
684288, 15264, 7468, 404, 192, 157, true, true
686089, 15293, 7468, 403, 191, 157, true, true
687691, 15316, 7469, 404, 192, 156, true, true
695411, 15460, 7470, 405, 193, 157, true, true
696032, 15473, 7470, 404, 193, 157, true, true
696534, 15485, 7471, 405, 194, 155, true, true
696650, 15488, 7473, 406, 194, 152, true, true
697711, 15502, 7480, 413, 195, 151, true, true
701082, 15556, 7481, 414, 196, 146, true, true
708119, 15692, 7481, 413, 195, 149, true, true
710339, 15732, 7481, 412, 194, 151, true, true
713717, 15800, 7482, 413, 195, 151, true, true
714393, 15809, 7483, 412, 196, 151, true, true
716401, 15843, 7484, 413, 197, 150, true, true
717358, 15860, 7485, 412, 197, 151, true, true
717991, 15870, 7485, 392, 197, 152, true, true
723805, 15990, 7485, 389, 196, 153, true, true
725629, 16022, 7485, 388, 195, 153, true, true
729849, 16078, 7486, 389, 196, 150, true, true
731383, 16108, 7487, 389, 197, 149, true, true
731398, 16109, 7488, 390, 198, 147, true, true
732159, 16125, 7489, 390, 198, 145, true, true
735357, 16195, 7489, 389, 197, 146, true, true
736725, 16221, 7490, 390, 198, 144, true, true
736743, 16223, 7491, 383, 198, 142, true, true
737943, 16247, 7491, 382, 198, 142, true, true
737973, 16249, 7492, 382, 198, 140, true, true
738369, 16262, 7492, 381, 197, 140, true, true
738405, 16263, 7495, 382, 197, 139, true, true
740637, 16303, 7498, 384, 197, 139, true, true
745582, 16397, 7499, 385, 198, 139, true, true
751655, 16510, 7500, 386, 199, 140, true, true
756662, 16604, 7501, 387, 200, 139, true, true
759202, 16645, 7501, 384, 199, 140, true, true
759685, 16655, 7501, 383, 198, 140, true, true
761592, 16689, 7501, 379, 197, 140, true, true
778668, 17013, 7501, 375, 197, 142, true, true
782794, 17081, 7501, 374, 196, 144, true, true
785941, 17151, 7502, 374, 196, 144, true, true
786829, 17171, 7502, 373, 195, 144, true, true
787533, 17185, 7502, 372, 194, 144, true, true
787660, 17188, 7502, 370, 193, 144, true, true
789816, 17230, 7504, 371, 193, 142, true, true
791818, 17249, 7504, 370, 192, 143, true, true
794217, 17297, 7504, 369, 191, 143, true, true
794265, 17298, 7504, 367, 191, 143, true, true
795569, 17332, 7505, 368, 192, 142, true, true
804842, 17510, 7505, 367, 191, 146, true, true
808167, 17569, 7506, 368, 192, 146, true, true
810644, 17617, 7506, 367, 191, 147, true, true
812035, 17644, 7506, 366, 190, 147, true, true
813069, 17666, 7508, 368, 191, 146, true, true
814292, 17691, 7508, 367, 190, 146, true, true
815713, 17713, 7509, 368, 191, 145, true, true
815936, 17719, 7509, 366, 190, 145, true, true
816189, 17723, 7520, 373, 188, 143, true, true
819095, 17784, 7528, 371, 189, 141, true, true
825284, 17895, 7528, 370, 188, 143, true, true
826895, 17921, 7528, 369, 187, 143, true, true
827314, 17930, 7528, 368, 186, 143, true, true
828429, 17951, 7533, 359, 185, 142, true, true
828891, 17960, 7533, 355, 184, 142, true, true
833356, 18052, 7534, 356, 185, 143, true, true
839848, 18193, 7534, 355, 184, 145, true, true
843534, 18267, 7534, 354, 183, 146, true, true
844435, 18283, 7535, 355, 184, 145, true, true
849565, 18382, 7535, 354, 183, 149, true, true
852503, 18442, 7535, 353, 182, 149, true, true
853764, 18472, 7535, 351, 182, 150, true, true
857127, 18549, 7535, 350, 181, 152, true, true
864121, 18712, 7536, 351, 182, 152, true, true
867345, 18776, 7536, 349, 181, 152, true, true
867666, 18786, 7536, 348, 180, 153, true, true
868032, 18796, 7537, 349, 181, 152, true, true
868640, 18810, 7537, 348, 180, 152, true, true
869333, 18827, 7537, 347, 179, 153, true, true
869785, 18840, 7539, 349, 180, 152, true, true
872094, 18891, 7540, 350, 181, 151, true, true
872283, 18896, 7541, 351, 182, 150, true, true
872445, 18899, 7542, 352, 183, 150, true, true
875700, 18979, 7543, 353, 184, 151, true, true
880030, 19063, 7543, 352, 183, 152, true, true
881034, 19080, 7543, 351, 182, 153, true, true
884164, 19130, 7543, 350, 181, 154, true, true
886076, 19168, 7543, 349, 181, 156, true, true
889325, 19241, 7544, 350, 182, 154, true, true
889784, 19248, 7549, 355, 183, 152, true, true
890423, 19262, 7549, 354, 182, 152, true, true
900905, 19475, 7549, 352, 181, 156, true, true
903212, 19531, 7549, 351, 181, 157, true, true
905663, 19582, 7550, 352, 182, 159, true, true
906129, 19593, 7550, 350, 181, 159, true, true
909327, 19665, 7550, 347, 180, 160, true, true
912850, 19750, 7550, 346, 179, 162, true, true
913051, 19754, 7551, 347, 180, 160, true, true
921895, 19943, 7551, 345, 179, 163, true, true
923890, 19981, 7551, 343, 178, 164, true, true
929262, 20081, 7551, 342, 177, 166, true, true
930695, 20116, 7552, 343, 178, 165, true, true
939247, 20295, 7555, 346, 179, 168, true, true
941069, 20333, 7562, 353, 180, 167, true, true
941177, 20335, 7562, 352, 179, 167, true, true
941698, 20349, 7562, 351, 178, 167, true, true
946178, 20443, 7562, 350, 177, 168, true, true
948855, 20495, 7562, 349, 176, 168, true, true
949440, 20512, 7562, 348, 175, 169, true, true
949942, 20521, 7562, 347, 175, 169, true, true
957743, 20674, 7562, 346, 174, 172, true, true
965432, 20866, 7563, 345, 173, 174, true, true
968631, 20928, 7566, 348, 174, 174, true, true
970608, 20970, 7576, 357, 175, 171, true, true
970852, 20977, 7577, 358, 176, 164, true, true
971466, 20990, 7578, 359, 177, 164, true, true
976938, 21111, 7578, 358, 176, 166, true, true
983817, 21242, 7578, 350, 175, 168, true, true
984208, 21250, 7578, 349, 175, 168, true, true
989197, 21354, 7579, 350, 176, 159, true, true
989461, 21361, 7579, 349, 175, 160, true, true
989735, 21366, 7580, 350, 176, 156, true, true
991178, 21402, 7580, 349, 176, 157, true, true
992922, 21451, 7580, 348, 175, 157, true, true
993386, 21459, 7585, 353, 176, 156, true, true
1001004, 21655, 7585, 352, 175, 159, true, true
1001788, 21679, 7585, 351, 174, 160, true, true
1010825, 21908, 7611, 374, 175, 160, true, true
1014643, 22011, 7612, 375, 176, 160, true, true
1018097, 22100, 7613, 376, 177, 156, true, true
1018984, 22125, 7613, 375, 176, 157, true, true
1021589, 22179, 7615, 377, 177, 155, true, true
1022509, 22207, 7617, 379, 178, 153, true, true
1023549, 22232, 7617, 377, 177, 153, true, true
1024904, 22266, 7618, 378, 178, 152, true, true
1025255, 22275, 7619, 379, 179, 151, true, true
1028011, 22353, 7619, 378, 179, 153, true, true
1029919, 22401, 7619, 377, 178, 153, true, true
1033429, 22486, 7622, 380, 179, 152, true, true
1035947, 22538, 7623, 381, 180, 151, true, true
1036698, 22559, 7623, 380, 179, 151, true, true
1038786, 22607, 7624, 381, 180, 151, true, true
1044310, 22722, 7626, 383, 181, 149, true, true
1052709, 22915, 7626, 382, 180, 149, true, true
1052787, 22917, 7626, 381, 179, 149, true, true
1053462, 22935, 7627, 379, 179, 148, true, true
1056118, 22986, 7629, 381, 180, 147, true, true
1060088, 23074, 7629, 379, 179, 150, true, true
1076697, 23461, 7629, 378, 178, 155, true, true
1079411, 23530, 7631, 379, 179, 154, true, true
1081576, 23578, 7631, 378, 178, 155, true, true
1082147, 23593, 7631, 377, 177, 155, true, true
1086351, 23683, 7632, 378, 178, 154, true, true
1087998, 23720, 7632, 377, 177, 154, true, true
1095194, 23861, 7633, 378, 178, 154, true, true
1095434, 23866, 7633, 377, 177, 154, true, true
1103327, 24049, 7634, 378, 178, 154, true, true
1104332, 24076, 7635, 379, 179, 153, true, true
1109822, 24208, 7635, 377, 178, 154, true, true
1113510, 24304, 7640, 382, 179, 153, true, true
1116596, 24379, 7642, 384, 180, 152, true, true
1118456, 24422, 7642, 379, 180, 153, true, true
1119207, 24446, 7642, 378, 179, 153, true, true
1119566, 24456, 7642, 376, 178, 153, true, true
1122219, 24525, 7643, 376, 178, 152, true, true
1123160, 24542, 7646, 379, 179, 152, true, true
1129812, 24690, 7646, 378, 178, 155, true, true
1139361, 24901, 7647, 379, 179, 157, true, true
1139922, 24914, 7647, 378, 179, 157, true, true
1141136, 24944, 7651, 382, 180, 158, true, true
1141434, 24953, 7652, 383, 181, 154, true, true
1144582, 25035, 7652, 382, 181, 156, true, true
1145883, 25062, 7652, 381, 180, 156, true, true
1148152, 25117, 7652, 380, 179, 158, true, true
1151672, 25192, 7652, 375, 178, 159, true, true
1153644, 25225, 7653, 376, 179, 158, true, true
1155624, 25276, 7654, 377, 180, 156, true, true
1157199, 25318, 7655, 378, 181, 155, true, true
1162308, 25426, 7656, 379, 182, 155, true, true
1165821, 25509, 7657, 380, 183, 157, true, true
1173620, 25677, 7661, 384, 184, 158, true, true
1175559, 25723, 7661, 383, 183, 158, true, true
1176854, 25755, 7661, 380, 182, 158, true, true
1177481, 25770, 7661, 378, 181, 160, true, true
1187869, 25991, 7662, 379, 182, 160, true, true
1195462, 26150, 7662, 378, 181, 162, true, true
1196724, 26187, 7663, 379, 182, 161, true, true
1199322, 26263, 7664, 380, 183, 159, true, true
1200325, 26286, 7664, 379, 182, 159, true, true
1200361, 26287, 7665, 380, 183, 156, true, true
1201517, 26312, 7665, 379, 182, 156, true, true
1203162, 26355, 7667, 381, 183, 155, true, true
1207306, 26453, 7668, 382, 184, 155, true, true
1209111, 26487, 7671, 385, 185, 153, true, true
1211940, 26545, 7672, 386, 186, 153, true, true
1213200, 26575, 7672, 385, 185, 153, true, true
1217140, 26658, 7672, 384, 184, 156, true, true
1218415, 26681, 7676, 388, 185, 155, true, true
1225336, 26836, 7677, 389, 186, 155, true, true
1225760, 26847, 7677, 388, 185, 155, true, true
1229558, 26931, 7677, 385, 184, 155, true, true
1235076, 27051, 7677, 381, 182, 156, true, true
1239894, 27153, 7677, 380, 181, 156, true, true
1243502, 27264, 7678, 381, 182, 157, true, true
1245064, 27299, 7678, 380, 181, 157, true, true
1254522, 27524, 7678, 379, 180, 158, true, true
1255343, 27548, 7678, 378, 180, 158, true, true
1259525, 27648, 7679, 379, 181, 160, true, true
1261872, 27712, 7680, 380, 182, 160, true, true
1262974, 27744, 7681, 381, 183, 158, true, true
1264217, 27768, 7681, 380, 182, 158, true, true
1264891, 27784, 7684, 374, 182, 157, true, true
1272580, 27969, 7684, 372, 181, 162, true, true
1274219, 28017, 7685, 373, 182, 160, true, true
1280250, 28157, 7685, 372, 181, 161, true, true
1289239, 28363, 7685, 370, 180, 163, true, true
1296930, 28555, 7685, 369, 179, 167, true, true
1297310, 28564, 7686, 370, 180, 166, true, true
1298790, 28600, 7686, 369, 180, 167, true, true
1298819, 28601, 7687, 370, 181, 165, true, true
1299476, 28618, 7687, 366, 180, 165, true, true
1300487, 28644, 7687, 365, 179, 166, true, true
1302374, 28699, 7688, 361, 179, 166, true, true
1307174, 28816, 7689, 362, 180, 166, true, true
1308924, 28849, 7691, 364, 181, 166, true, true
1313722, 28976, 7706, 379, 182, 167, true, true
1314888, 29012, 7706, 378, 182, 167, true, true
1321533, 29153, 7711, 372, 182, 167, true, true
1321915, 29165, 7712, 373, 183, 164, true, true
1321934, 29166, 7713, 374, 184, 163, true, true
1328516, 29320, 7714, 375, 185, 161, true, true
1331174, 29389, 7714, 374, 184, 162, true, true
1333615, 29453, 7714, 372, 183, 162, true, true
1333814, 29457, 7714, 371, 182, 163, true, true
1334966, 29485, 7714, 370, 182, 163, true, true
1345204, 29714, 7715, 371, 183, 164, true, true
1347320, 29760, 7715, 370, 182, 164, true, true
1355584, 29970, 7716, 371, 183, 166, true, true
1356068, 29983, 7716, 370, 182, 166, true, true
1368840, 30240, 7716, 369, 181, 170, true, true
1369103, 30246, 7717, 370, 182, 169, true, true
1373712, 30350, 7719, 372, 183, 169, true, true
1379735, 30454, 7719, 371, 182, 170, true, true
1388053, 30655, 7721, 373, 183, 172, true, true
1388940, 30669, 7722, 374, 184, 171, true, true
1389801, 30691, 7722, 372, 183, 171, true, true
1398959, 30901, 7722, 365, 182, 173, true, true
1405052, 31054, 7722, 364, 181, 177, true, true
1409323, 31168, 7723, 365, 182, 175, true, true
1411171, 31223, 7724, 366, 183, 173, true, true
1414291, 31279, 7724, 364, 182, 174, true, true
1416453, 31328, 7724, 363, 181, 174, true, true
1416535, 31330, 7724, 362, 180, 174, true, true
1419338, 31396, 7724, 361, 180, 174, true, true
1419494, 31400, 7724, 360, 179, 174, true, true
1420327, 31418, 7725, 361, 180, 173, true, true
1420366, 31419, 7726, 362, 181, 171, true, true
1429997, 31613, 7727, 361, 182, 164, true, true
1432887, 31693, 7731, 365, 183, 163, true, true
1433757, 31715, 7732, 366, 184, 161, true, true
1434575, 31737, 7732, 365, 183, 161, true, true
1434597, 31738, 7733, 366, 184, 160, true, true
1438570, 31840, 7734, 367, 185, 159, true, true
1440303, 31875, 7734, 366, 184, 159, true, true
1443652, 31931, 7734, 365, 184, 161, true, true
1460501, 32334, 7734, 364, 183, 164, true, true
1470495, 32582, 7742, 370, 184, 163, true, true
1475176, 32673, 7742, 369, 183, 163, true, true
1487437, 32980, 7742, 368, 182, 165, true, true
1490269, 33043, 7742, 364, 181, 167, true, true
1490474, 33049, 7742, 363, 180, 167, true, true
1497637, 33210, 7746, 367, 181, 167, true, true
1500618, 33287, 7746, 365, 181, 167, true, true
1504018, 33381, 7746, 364, 180, 169, true, true
1529531, 33984, 7747, 365, 181, 170, true, true
1535698, 34129, 7748, 365, 181, 171, true, true
1542025, 34294, 7748, 364, 180, 172, true, true
1546310, 34401, 7749, 365, 181, 172, true, true
1549000, 34463, 7750, 366, 182, 170, true, true
1554529, 34600, 7750, 365, 181, 171, true, true
1554995, 34611, 7750, 363, 180, 171, true, true
1557763, 34673, 7750, 362, 179, 171, true, true
1558792, 34702, 7750, 361, 178, 172, true, true
1568095, 34921, 7750, 360, 177, 174, true, true
1569203, 34942, 7750, 359, 176, 175, true, true
1570712, 34976, 7751, 360, 177, 173, true, true
1572665, 35018, 7751, 359, 176, 173, true, true
1573556, 35042, 7751, 358, 175, 175, true, true
1574909, 35075, 7752, 359, 176, 173, true, true
1577756, 35159, 7752, 356, 176, 173, true, true
1580051, 35212, 7752, 355, 175, 173, true, true
1583912, 35302, 7752, 350, 175, 175, true, true
1589074, 35435, 7752, 349, 174, 176, true, true
1591260, 35490, 7754, 351, 175, 174, true, true
1598005, 35659, 7755, 352, 176, 176, true, true
1602463, 35786, 7756, 352, 176, 177, true, true
1611574, 35980, 7756, 350, 175, 178, true, true
1614596, 36054, 7756, 349, 174, 178, true, true
1615676, 36088, 7769, 362, 175, 177, true, true
1621397, 36213, 7770, 363, 176, 178, true, true
1621693, 36223, 7776, 369, 177, 174, true, true
1631144, 36474, 7777, 370, 178, 175, true, true
1636052, 36589, 7777, 367, 177, 177, true, true
1636930, 36613, 7777, 366, 176, 177, true, true
1640218, 36698, 7781, 359, 177, 174, true, true
1650210, 36933, 7783, 360, 177, 174, true, true
1650627, 36945, 7783, 359, 176, 174, true, true
1653343, 37013, 7784, 360, 177, 172, true, true
1659414, 37162, 7784, 358, 177, 172, true, true
1660214, 37186, 7786, 359, 177, 170, true, true
1671890, 37452, 7786, 358, 176, 171, true, true
1676018, 37557, 7786, 357, 175, 171, true, true
1676317, 37569, 7787, 358, 176, 168, true, true
1678529, 37624, 7789, 358, 175, 165, true, true
1685268, 37788, 7789, 357, 174, 168, true, true
1685447, 37795, 7789, 353, 173, 168, true, true
1686757, 37831, 7790, 354, 174, 167, true, true
1698589, 38059, 7791, 355, 175, 166, true, true
1704955, 38149, 7795, 357, 175, 161, true, true
1713104, 38251, 7796, 358, 176, 159, true, true
1722361, 38378, 7796, 357, 175, 161, true, true
1734882, 38539, 7797, 358, 176, 161, true, true
1741523, 38615, 7798, 359, 177, 162, true, true
1748597, 38710, 7798, 356, 176, 162, true, true
1752379, 38755, 7799, 356, 176, 161, true, true
1754691, 38787, 7804, 361, 177, 160, true, true
1769589, 38982, 7804, 359, 176, 161, true, true
1776023, 39067, 7804, 357, 175, 162, true, true
1777611, 39090, 7805, 358, 176, 160, true, true
1780393, 39129, 7806, 359, 177, 159, true, true
1795476, 39306, 7806, 358, 176, 160, true, true
1798310, 39346, 7806, 357, 175, 160, true, true
1805516, 39451, 7811, 356, 176, 160, true, true
1805757, 39454, 7811, 355, 175, 160, true, true
1811579, 39534, 7812, 356, 176, 159, true, true
1815671, 39584, 7812, 355, 175, 159, true, true
1826504, 39751, 7814, 357, 176, 158, true, true
1834386, 39853, 7814, 354, 175, 158, true, true
1839047, 39920, 7817, 356, 175, 158, true, true
1845797, 40015, 7818, 357, 176, 157, true, true
1868700, 40262, 7819, 358, 177, 158, true, true
1881534, 40437, 7819, 357, 176, 158, true, true
1991011, 41002, 7820, 358, 177, 161, true, true
1998673, 41081, 7820, 356, 176, 162, true, true
2009940, 41225, 7821, 356, 176, 161, true, true
2034143, 41532, 7821, 355, 175, 161, true, true
2037596, 41576, 7822, 356, 176, 159, true, true
2060319, 41861, 7824, 358, 177, 164, true, true
2062653, 41890, 7824, 357, 176, 164, true, true
2074101, 42017, 7827, 360, 177, 162, true, true
2091788, 42235, 7828, 361, 178, 158, true, true
2097430, 42301, 7828, 360, 177, 159, true, true
2103105, 42379, 7828, 354, 176, 160, true, true
2119045, 42567, 7828, 353, 175, 161, true, true
2130916, 42710, 7829, 354, 176, 163, true, true
2136414, 42785, 7830, 355, 177, 162, true, true
2154114, 43002, 7830, 353, 176, 162, true, true
2158938, 43073, 7833, 356, 177, 160, true, true
2162617, 43120, 7833, 355, 176, 160, true, true
2173301, 43245, 7836, 358, 177, 161, true, true
2174767, 43262, 7837, 359, 178, 160, true, true
2179107, 43315, 7838, 360, 179, 159, true, true
2195490, 43508, 7839, 361, 180, 159, true, true
2225374, 43974, 7840, 362, 181, 162, true, true
2230200, 44097, 7841, 363, 182, 160, true, true
2230229, 44098, 7859, 375, 182, 159, true, true
2234400, 44211, 7860, 370, 183, 161, true, true
2237584, 44300, 7860, 368, 182, 162, true, true
2237708, 44303, 7860, 367, 181, 162, true, true
2243779, 44457, 7860, 364, 180, 165, true, true
2250072, 44627, 7861, 365, 181, 164, true, true
2253957, 44700, 7862, 366, 182, 160, true, true
2257147, 44782, 7862, 360, 181, 160, true, true
2258733, 44816, 7862, 359, 180, 160, true, true
2261830, 44877, 7876, 360, 180, 155, true, true
2264030, 44924, 7876, 357, 179, 155, true, true
2269557, 45046, 7876, 354, 177, 155, true, true
2275978, 45207, 7879, 357, 178, 155, true, true
2282120, 45362, 7880, 358, 179, 152, true, true
2292224, 45628, 7880, 357, 178, 156, true, true
2308964, 46029, 7881, 358, 179, 156, true, true
2311093, 46072, 7881, 356, 179, 156, true, true
2312925, 46117, 7896, 371, 180, 154, true, true
2324225, 46385, 7896, 369, 178, 154, true, true
2325334, 46402, 7896, 368, 177, 154, true, true
2326366, 46425, 7898, 355, 177, 152, true, true
2357574, 46989, 7902, 357, 178, 151, true, true
2378582, 47467, 7903, 358, 179, 157, true, true
2378783, 47471, 7905, 360, 180, 156, true, true
2397240, 47913, 7905, 359, 179, 161, true, true
2402230, 48039, 7905, 358, 178, 161, true, true
2414646, 48360, 7906, 359, 179, 159, true, true
2420185, 48501, 7906, 358, 178, 160, true, true
2431314, 48790, 7907, 359, 179, 160, true, true
2437737, 48950, 7907, 358, 178, 160, true, true
2443562, 49080, 7908, 359, 179, 160, true, true
2443701, 49086, 7909, 360, 180, 153, true, true
2448742, 49214, 7910, 361, 181, 153, true, true
2449375, 49233, 7910, 360, 180, 153, true, true
2452450, 49308, 7910, 358, 179, 153, true, true
2464026, 49575, 7911, 359, 180, 154, true, true
2466516, 49645, 7912, 360, 181, 150, true, true
2470353, 49746, 7912, 359, 180, 152, true, true
2472420, 49787, 7914, 361, 181, 151, true, true
2475368, 49855, 7914, 360, 180, 151, true, true
2478689, 49940, 7916, 361, 180, 148, true, true
2478876, 49946, 7918, 362, 180, 147, true, true
2484397, 50098, 7918, 358, 180, 147, true, true
2487773, 50178, 7918, 357, 179, 148, true, true
2491484, 50257, 7918, 356, 178, 148, true, true
2493481, 50307, 7918, 354, 178, 148, true, true
2509641, 50697, 7922, 355, 178, 146, true, true
2516418, 50868, 7924, 357, 179, 145, true, true
2518341, 50905, 7925, 357, 179, 144, true, true
2521620, 50988, 7925, 353, 179, 145, true, true
2529967, 51178, 7925, 351, 179, 147, true, true
2530680, 51196, 7925, 350, 178, 147, true, true
2543796, 51518, 7929, 354, 179, 149, true, true
2543836, 51519, 7929, 352, 177, 149, true, true
2546024, 51579, 7937, 360, 178, 149, true, true
2548294, 51643, 7937, 355, 177, 149, true, true
2555490, 51797, 7937, 354, 176, 149, true, true
2571128, 52194, 7937, 352, 175, 154, true, true
2575416, 52320, 7937, 351, 174, 154, true, true
2576483, 52346, 7938, 352, 175, 153, true, true
2581196, 52463, 7939, 353, 176, 151, true, true
2584859, 52551, 7939, 352, 176, 151, true, true
2592230, 52692, 7939, 351, 175, 154, true, true
2598014, 52831, 7939, 350, 174, 155, true, true
2600119, 52868, 7941, 348, 174, 155, true, true
2605032, 52983, 7941, 347, 173, 156, true, true
2616286, 53261, 7942, 348, 174, 155, true, true
2616913, 53273, 7942, 347, 173, 156, true, true
2624538, 53466, 7942, 345, 172, 156, true, true
2626471, 53518, 7945, 348, 173, 155, true, true
2638584, 53810, 7945, 345, 173, 160, true, true
2643082, 53903, 7946, 346, 174, 159, true, true
2643688, 53922, 7946, 345, 173, 159, true, true
2649729, 54076, 7946, 344, 172, 160, true, true
2662446, 54393, 7947, 345, 173, 158, true, true
2665651, 54481, 7948, 346, 174, 157, true, true
2689844, 55116, 7948, 345, 173, 163, true, true
2690619, 55137, 7949, 346, 174, 160, true, true
2701081, 55396, 7949, 345, 173, 163, true, true
2712739, 55680, 7949, 344, 172, 164, true, true
2713765, 55709, 7951, 346, 173, 163, true, true
2713924, 55713, 7951, 345, 173, 163, true, true
2719525, 55856, 7951, 343, 172, 163, true, true
2721609, 55912, 7957, 345, 173, 162, true, true
2736455, 56270, 7959, 347, 174, 162, true, true
2741569, 56383, 7963, 350, 175, 161, true, true
2747316, 56534, 7963, 349, 174, 162, true, true
2757007, 56770, 7963, 348, 174, 163, true, true
2758401, 56806, 7963, 335, 174, 163, true, true
2762944, 56919, 7965, 336, 174, 163, true, true
2769235, 57078, 7965, 335, 173, 165, true, true
2773189, 57187, 7965, 334, 172, 165, true, true
2773446, 57194, 7965, 331, 171, 165, true, true
2777584, 57274, 7966, 330, 172, 163, true, true
2779360, 57326, 7969, 333, 173, 163, true, true
2786662, 57497, 7970, 333, 174, 161, true, true
2793535, 57663, 7970, 332, 173, 162, true, true
2800767, 57848, 7971, 333, 174, 160, true, true
2813894, 58181, 7972, 330, 175, 160, true, true
2830213, 58535, 7972, 329, 174, 162, true, true
2837435, 58694, 7974, 331, 175, 158, true, true
2846042, 58912, 7975, 332, 176, 155, true, true
2848812, 58976, 7976, 331, 176, 154, true, true
2859042, 59241, 7976, 329, 175, 154, true, true
2866543, 59407, 7980, 333, 176, 154, true, true
2873174, 59578, 7985, 325, 176, 153, true, true
2878676, 59700, 7985, 324, 176, 153, true, true
2881140, 59750, 7986, 325, 177, 152, true, true
2887192, 59920, 7986, 324, 176, 152, true, true
2889359, 59971, 7987, 325, 177, 149, true, true
2898407, 60190, 7988, 325, 178, 149, true, true
2905144, 60336, 7988, 323, 177, 150, true, true
2913534, 60540, 7988, 322, 176, 150, true, true
2914930, 60567, 7989, 323, 177, 145, true, true
2917406, 60618, 7990, 324, 178, 144, true, true
2921809, 60728, 7991, 325, 179, 144, true, true
2930588, 60917, 7992, 326, 180, 144, true, true
2945330, 61272, 7992, 325, 179, 144, true, true
2951767, 61438, 7993, 326, 180, 144, true, true
2953536, 61479, 7993, 325, 180, 145, true, true
2968878, 61855, 7997, 323, 179, 145, true, true
2969137, 61860, 7998, 324, 180, 144, true, true
2969394, 61866, 7998, 323, 179, 144, true, true
2984359, 62222, 7998, 321, 178, 146, true, true
2996285, 62504, 7998, 320, 177, 148, true, true
3004686, 62716, 7998, 319, 176, 148, true, true
3013305, 62941, 7998, 318, 175, 150, true, true
3016859, 63024, 7998, 317, 174, 152, true, true
3047488, 63802, 7999, 318, 175, 155, true, true
3061263, 64154, 7999, 316, 175, 158, true, true
3080340, 64640, 8000, 317, 176, 160, true, true
3091325, 64893, 8000, 316, 175, 162, true, true
3093568, 64946, 8000, 315, 174, 162, true, true
3098839, 65083, 8001, 316, 175, 162, true, true
3113180, 65462, 8001, 315, 174, 165, true, true
3123987, 65752, 8001, 314, 173, 165, true, true
3128622, 65880, 8001, 313, 172, 165, true, true
3135612, 66071, 8001, 312, 171, 165, true, true
3143098, 66248, 8002, 313, 172, 165, true, true
3150305, 66420, 8002, 312, 171, 166, true, true
3157647, 66626, 8003, 312, 172, 161, true, true
3160568, 66699, 8004, 313, 173, 160, true, true
3167462, 66865, 8004, 312, 172, 162, true, true
3190967, 67417, 8004, 311, 171, 167, true, true
3209308, 67913, 8004, 310, 170, 169, true, true
3217817, 68116, 8005, 311, 171, 167, true, true
3219725, 68166, 8006, 312, 172, 160, true, true
3221456, 68206, 8006, 311, 171, 160, true, true
3233291, 68498, 8006, 310, 170, 162, true, true
3236394, 68584, 8006, 309, 169, 164, true, true
3241128, 68693, 8006, 306, 168, 164, true, true
3253347, 68970, 8006, 305, 167, 168, true, true
3260207, 69129, 8006, 304, 166, 169, true, true
3261208, 69150, 8006, 303, 165, 169, true, true
3270386, 69376, 8007, 304, 166, 168, true, true
3285842, 69776, 8007, 303, 165, 169, true, true
3289781, 69855, 8007, 302, 164, 169, true, true
3290423, 69868, 8007, 301, 163, 169, true, true
3293551, 69947, 8008, 302, 164, 166, true, true
3297927, 70056, 8008, 301, 163, 166, true, true
3298768, 70080, 8008, 300, 162, 166, true, true
3316334, 70479, 8009, 301, 163, 165, true, true
3322913, 70646, 8010, 301, 164, 161, true, true
3335233, 70965, 8015, 304, 164, 159, true, true
3335869, 70983, 8016, 305, 165, 156, true, true
3345197, 71214, 8018, 302, 165, 157, true, true
3357857, 71527, 8018, 301, 164, 158, true, true
3359753, 71569, 8018, 300, 163, 158, true, true
3363820, 71656, 8018, 299, 162, 159, true, true
3382066, 72122, 8018, 298, 161, 161, true, true
3386429, 72223, 8018, 296, 160, 161, true, true
3389801, 72314, 8018, 295, 160, 161, true, true
3416455, 72991, 8022, 299, 161, 168, true, true
3418686, 73050, 8023, 300, 162, 163, true, true
3429877, 73303, 8025, 302, 163, 163, true, true
3450459, 73833, 8033, 308, 164, 164, true, true
3461329, 74096, 8033, 307, 163, 165, true, true
3479755, 74563, 8034, 308, 164, 166, true, true
3487921, 74762, 8034, 307, 163, 167, true, true
3492981, 74900, 8034, 306, 163, 168, true, true
3499111, 75059, 8034, 305, 162, 169, true, true
3507032, 75262, 8034, 304, 161, 169, true, true
3508705, 75310, 8034, 303, 160, 169, true, true
3516864, 75518, 8034, 302, 160, 169, true, true
3519357, 75580, 8034, 301, 159, 169, true, true
3529934, 75859, 8034, 300, 159, 169, true, true
3534697, 75990, 8034, 299, 158, 169, true, true
3563080, 76685, 8035, 300, 159, 163, true, true
3564023, 76704, 8035, 299, 158, 163, true, true
3567028, 76776, 8038, 302, 159, 162, true, true
3573635, 76959, 8038, 301, 159, 163, true, true
3578725, 77079, 8039, 302, 160, 162, true, true
3579482, 77099, 8040, 303, 161, 161, true, true
3591217, 77383, 8040, 302, 160, 162, true, true
3592020, 77400, 8040, 301, 159, 162, true, true
3595912, 77488, 8049, 310, 160, 158, true, true
3604727, 77704, 8051, 312, 161, 158, true, true
3632756, 78425, 8053, 314, 162, 158, true, true
3639424, 78604, 8053, 311, 161, 159, true, true
3649085, 78867, 8053, 310, 160, 162, true, true
3649635, 78881, 8053, 309, 159, 162, true, true
3653260, 78966, 8053, 305, 159, 162, true, true
3671069, 79396, 8053, 301, 159, 165, true, true
3685666, 79770, 8054, 302, 160, 160, true, true
3700451, 80169, 8054, 300, 159, 162, true, true
3705203, 80313, 8055, 301, 160, 161, true, true
3712017, 80494, 8056, 302, 161, 159, true, true
3744611, 81310, 8057, 303, 162, 161, true, true
3753111, 81544, 8057, 302, 161, 162, true, true
3774038, 82047, 8059, 304, 162, 163, true, true
3813816, 83071, 8059, 303, 161, 166, true, true
3817662, 83169, 8060, 304, 162, 166, true, true
3818873, 83204, 8060, 303, 161, 166, true, true
3822610, 83286, 8061, 304, 162, 163, true, true
3835925, 83638, 8065, 306, 162, 163, true, true
3836642, 83658, 8065, 305, 161, 163, true, true
3842980, 83820, 8067, 306, 162, 159, true, true
3843182, 83825, 8067, 298, 161, 159, true, true
3854974, 84112, 8070, 301, 162, 159, true, true
3857665, 84172, 8071, 302, 163, 157, true, true
3872446, 84560, 8071, 301, 163, 157, true, true
3898890, 85206, 8072, 302, 164, 156, true, true
3900772, 85253, 8072, 301, 163, 156, true, true
3907188, 85403, 8074, 303, 164, 155, true, true
3921233, 85755, 8074, 302, 163, 156, true, true
3929130, 85940, 8074, 301, 163, 156, true, true
3954308, 86574, 8074, 300, 162, 159, true, true
3968942, 86960, 8074, 299, 161, 159, true, true
3969261, 86965, 8075, 300, 162, 155, true, true
3973123, 87055, 8075, 295, 161, 157, true, true
3990469, 87471, 8075, 294, 160, 158, true, true
3994959, 87591, 8076, 295, 161, 155, true, true
4015329, 88103, 8076, 294, 160, 156, true, true
4016255, 88129, 8076, 293, 159, 156, true, true
4027597, 88384, 8076, 292, 158, 156, true, true
4034813, 88547, 8077, 293, 159, 156, true, true
4038822, 88642, 8078, 294, 160, 155, true, true
4042527, 88726, 8092, 307, 161, 154, true, true
4042602, 88729, 8092, 306, 160, 154, true, true
4093092, 89990, 8092, 305, 159, 157, true, true
4097894, 90134, 8093, 306, 160, 156, true, true
4105497, 90308, 8093, 305, 160, 156, true, true
4129074, 90843, 8094, 306, 161, 157, true, true
4129240, 90848, 8097, 307, 162, 156, true, true
4131569, 90899, 8097, 306, 161, 157, true, true
4139436, 91104, 8097, 305, 160, 157, true, true
4156408, 91559, 8097, 304, 159, 159, true, true
4161182, 91679, 8097, 303, 158, 160, true, true
4163238, 91731, 8097, 302, 157, 160, true, true
4177420, 92063, 8097, 301, 156, 161, true, true
4195423, 92528, 8097, 300, 155, 161, true, true
4206691, 92817, 8097, 299, 154, 163, true, true
4208660, 92857, 8098, 300, 155, 163, true, true
4213465, 92961, 8128, 329, 155, 162, true, true
4231897, 93413, 8128, 328, 154, 165, true, true
4232755, 93439, 8128, 327, 153, 166, true, true
4251164, 93882, 8128, 326, 152, 166, true, true
4256656, 94041, 8128, 325, 151, 166, true, true
4261635, 94163, 8128, 324, 150, 166, true, true
4263899, 94223, 8129, 325, 151, 166, true, true
4271820, 94421, 8130, 300, 152, 165, true, true
4284979, 94741, 8132, 302, 153, 165, true, true
4286962, 94787, 8132, 300, 152, 165, true, true
4320937, 95601, 8134, 302, 153, 165, true, true
4327213, 95747, 8135, 301, 154, 164, true, true
4327498, 95752, 8135, 300, 154, 164, true, true
4351142, 96341, 8135, 299, 153, 165, true, true
4360943, 96578, 8136, 300, 154, 163, true, true
4378180, 96990, 8137, 301, 155, 163, true, true
4382738, 97104, 8137, 300, 154, 163, true, true
4394584, 97336, 8138, 301, 155, 162, true, true
4433947, 98035, 8138, 300, 154, 164, true, true
4448096, 98306, 8139, 301, 155, 164, true, true
4467204, 98676, 8139, 300, 154, 164, true, true
4482437, 98971, 8140, 301, 155, 164, true, true
4491799, 99142, 8141, 302, 156, 164, true, true
4504794, 99380, 8143, 304, 157, 166, true, true
4530998, 99865, 8148, 301, 157, 165, true, true
4555368, 100332, 8148, 300, 156, 167, true, true
4620916, 101531, 8148, 299, 156, 171, true, true
4661082, 102291, 8149, 300, 157, 168, true, true
4676177, 102578, 8150, 301, 158, 167, true, true
4714191, 103293, 8150, 295, 157, 167, true, true
4738055, 103753, 8150, 294, 156, 169, true, true
4761362, 104184, 8150, 292, 155, 171, true, true
4765558, 104264, 8151, 293, 156, 167, true, true
4792558, 104773, 8152, 294, 157, 167, true, true
4792925, 104780, 8152, 292, 156, 167, true, true
4811211, 105150, 8152, 291, 155, 167, true, true
4816177, 105252, 8153, 292, 156, 163, true, true
4817398, 105276, 8153, 289, 155, 163, true, true
4823566, 105405, 8153, 288, 154, 163, true, true
4838399, 105677, 8153, 287, 153, 165, true, true
4852570, 105946, 8153, 286, 152, 166, true, true
4883330, 106525, 8159, 292, 153, 167, true, true
4906600, 106969, 8159, 291, 152, 168, true, true
4920992, 107253, 8159, 290, 151, 168, true, true
4926837, 107370, 8159, 289, 150, 169, true, true
4933926, 107517, 8159, 288, 150, 170, true, true
4949085, 107790, 8160, 288, 151, 171, true, true
4960681, 108008, 8160, 285, 150, 173, true, true
4968658, 108161, 8160, 284, 149, 174, true, true
4985527, 108460, 8161, 285, 150, 175, true, true
5001570, 108771, 8162, 286, 151, 175, true, true
5022254, 109169, 8163, 287, 152, 170, true, true
5026367, 109252, 8164, 288, 153, 168, true, true
5050318, 109707, 8166, 290, 154, 169, true, true
5070350, 110101, 8167, 291, 155, 168, true, true
5073389, 110154, 8167, 290, 154, 168, true, true
5082175, 110330, 8167, 289, 153, 169, true, true
5087458, 110436, 8168, 290, 154, 167, true, true
5096366, 110601, 8168, 289, 153, 167, true, true
5101631, 110690, 8169, 290, 154, 162, true, true
5104487, 110742, 8170, 291, 155, 157, true, true
5118035, 111009, 8170, 290, 154, 157, true, true
5139310, 111416, 8171, 291, 155, 156, true, true
5155626, 111659, 8171, 290, 154, 156, true, true
5165497, 111830, 8171, 289, 153, 156, true, true
5186646, 112221, 8172, 290, 154, 157, true, true
5196524, 112446, 8174, 285, 155, 156, true, true
5221223, 113045, 8174, 284, 154, 158, true, true
5229739, 113249, 8174, 283, 153, 158, true, true
5236326, 113410, 8184, 293, 154, 156, true, true
5247692, 113681, 8184, 292, 153, 156, true, true
5259647, 113970, 8185, 293, 154, 155, true, true
5260790, 114001, 8186, 289, 154, 154, true, true
5287073, 114629, 8186, 288, 153, 155, true, true
5290634, 114716, 8186, 286, 152, 155, true, true
5302376, 115002, 8187, 287, 153, 155, true, true
5317801, 115401, 8187, 286, 152, 155, true, true
5337607, 115867, 8187, 285, 151, 156, true, true
5342940, 115991, 8190, 284, 149, 154, true, true
5366581, 116547, 8190, 281, 149, 156, true, true
5375963, 116789, 8207, 297, 150, 156, true, true
5392896, 117239, 8207, 295, 149, 156, true, true
5397788, 117355, 8207, 294, 148, 157, true, true
5404178, 117516, 8207, 293, 147, 157, true, true
5412335, 117719, 8207, 292, 146, 157, true, true
5421714, 117935, 8217, 298, 147, 157, true, true
5450092, 118620, 8217, 297, 146, 159, true, true
5454014, 118717, 8217, 295, 145, 159, true, true
5545820, 120898, 8217, 293, 144, 163, true, true
5574566, 121586, 8217, 292, 143, 164, true, true
5576762, 121625, 8217, 291, 142, 165, true, true
5615196, 122574, 8218, 292, 143, 164, true, true
5622539, 122770, 8218, 291, 142, 164, true, true
5629828, 122955, 8219, 292, 143, 163, true, true
5632180, 123016, 8219, 290, 142, 163, true, true
5657442, 123702, 8221, 292, 143, 161, true, true
5657864, 123716, 8222, 293, 144, 158, true, true
5662546, 123843, 8223, 294, 145, 153, true, true
5687424, 124451, 8224, 295, 146, 149, true, true
5691527, 124545, 8224, 294, 145, 150, true, true
5700485, 124796, 8224, 293, 144, 152, true, true
5702227, 124839, 8224, 290, 143, 152, true, true
5708204, 124989, 8225, 291, 144, 151, true, true
5722188, 125355, 8225, 290, 143, 151, true, true
5733922, 125663, 8226, 291, 144, 148, true, true
5736745, 125726, 8228, 293, 145, 146, true, true
5743415, 125898, 8229, 294, 146, 144, true, true
5759715, 126312, 8230, 295, 147, 145, true, true
5769516, 126565, 8230, 294, 146, 145, true, true
5771033, 126598, 8231, 295, 147, 143, true, true
5787452, 127020, 8231, 294, 146, 143, true, true
5813487, 127681, 8231, 293, 145, 144, true, true
5825349, 128002, 8232, 294, 146, 144, true, true
5858753, 128815, 8232, 293, 145, 146, true, true
5860821, 128862, 8233, 294, 146, 145, true, true
5861765, 128883, 8234, 295, 147, 144, true, true
5890225, 129593, 8235, 296, 148, 144, true, true
5911310, 130107, 8237, 298, 149, 144, true, true
5915838, 130218, 8240, 300, 149, 143, true, true
5917009, 130237, 8240, 298, 148, 143, true, true
5936090, 130683, 8240, 295, 147, 144, true, true
5978739, 131792, 8240, 274, 147, 147, true, true
5989325, 132047, 8240, 267, 146, 149, true, true
5997849, 132270, 8241, 259, 147, 149, true, true
6017203, 132776, 8241, 258, 146, 149, true, true
6043909, 133475, 8241, 257, 145, 151, true, true
6044774, 133496, 8242, 258, 146, 150, true, true
6045385, 133510, 8242, 257, 145, 150, true, true
6053502, 133727, 8249, 259, 145, 148, true, true
6057349, 133822, 8249, 258, 144, 148, true, true
6069661, 134127, 8249, 257, 143, 148, true, true
6085308, 134515, 8251, 259, 144, 148, true, true
6094845, 134763, 8251, 258, 143, 148, true, true
6100395, 134919, 8252, 259, 144, 148, true, true
6108037, 135100, 8252, 258, 143, 150, true, true
6120531, 135398, 8253, 258, 143, 150, true, true
6123549, 135479, 8253, 257, 142, 150, true, true
6170776, 136730, 8254, 258, 143, 150, true, true
6184857, 137072, 8254, 257, 142, 151, true, true
6187245, 137122, 8254, 255, 141, 151, true, true
6202399, 137490, 8255, 256, 142, 149, true, true
6214555, 137800, 8255, 255, 141, 149, true, true
6218615, 137901, 8256, 256, 142, 148, true, true
6226275, 138067, 8257, 257, 143, 148, true, true
6281467, 139424, 8258, 258, 144, 153, true, true
6297063, 139831, 8259, 258, 144, 153, true, true
6305941, 140036, 8259, 257, 143, 153, true, true
6379767, 141953, 8259, 256, 142, 154, true, true
6382480, 142028, 8260, 257, 143, 149, true, true
6398864, 142469, 8260, 256, 142, 150, true, true
6415367, 142915, 8261, 257, 143, 149, true, true
6429233, 143284, 8262, 255, 144, 145, true, true
6442563, 143623, 8262, 254, 143, 146, true, true
6447922, 143766, 8262, 253, 142, 146, true, true
6503108, 145176, 8263, 254, 143, 149, true, true
6511482, 145383, 8263, 253, 142, 150, true, true
6512436, 145405, 8263, 252, 141, 150, true, true
6516703, 145529, 8264, 253, 142, 149, true, true
6540476, 146166, 8266, 254, 143, 146, true, true
6541380, 146190, 8266, 252, 142, 146, true, true
6548684, 146389, 8267, 253, 143, 144, true, true
6551745, 146469, 8267, 251, 142, 144, true, true
6581691, 147221, 8268, 252, 143, 146, true, true
6600738, 147698, 8268, 251, 142, 148, true, true
6605874, 147825, 8270, 253, 143, 147, true, true
6614611, 148062, 8270, 252, 142, 148, true, true
6644660, 148849, 8270, 251, 141, 149, true, true
6669710, 149465, 8270, 250, 140, 149, true, true
6672773, 149549, 8272, 252, 141, 149, true, true
6767657, 152080, 8272, 251, 140, 154, true, true
6771134, 152177, 8277, 248, 141, 152, true, true
6831957, 153819, 8277, 247, 140, 160, true, true
6864694, 154653, 8278, 248, 141, 160, true, true
6869708, 154785, 8278, 247, 140, 160, true, true
6869871, 154789, 8278, 243, 139, 160, true, true
6940297, 156709, 8279, 244, 140, 162, true, true
6971272, 157571, 8279, 243, 139, 165, true, true
6971799, 157587, 8280, 244, 140, 160, true, true
6974581, 157670, 8282, 246, 141, 159, true, true
6994509, 158231, 8282, 245, 140, 161, true, true
7018851, 158945, 8282, 244, 139, 162, true, true
7060690, 160106, 8283, 245, 140, 163, true, true
7088652, 160922, 8283, 244, 140, 164, true, true
7092208, 161017, 8283, 242, 139, 164, true, true
7107812, 161446, 8283, 241, 138, 164, true, true
7120617, 161784, 8284, 242, 139, 163, true, true
7136116, 162243, 8285, 243, 140, 163, true, true
7158011, 162880, 8285, 242, 139, 166, true, true
7161385, 162968, 8286, 243, 140, 161, true, true
7170775, 163197, 8287, 244, 141, 160, true, true
7176801, 163366, 8287, 243, 140, 160, true, true
7177732, 163393, 8288, 244, 141, 159, true, true
7187306, 163678, 8288, 243, 140, 161, true, true
7197441, 163964, 8289, 244, 141, 159, true, true
7219106, 164571, 8289, 240, 140, 163, true, true
7264846, 165903, 8289, 239, 139, 166, true, true
7267664, 165993, 8291, 241, 140, 164, true, true
7268613, 166022, 8292, 242, 141, 160, true, true
7287146, 166521, 8292, 241, 140, 163, true, true
7343334, 168114, 8294, 243, 141, 165, true, true
7368500, 168840, 8294, 242, 140, 167, true, true
7389955, 169465, 8294, 241, 140, 167, true, true
7392882, 169545, 8294, 240, 139, 167, true, true
7427642, 170523, 8294, 239, 138, 170, true, true
7474413, 171897, 8295, 240, 139, 170, true, true
7517856, 173133, 8295, 239, 138, 171, true, true
7549527, 174041, 8295, 238, 137, 172, true, true
7551576, 174105, 8297, 240, 138, 171, true, true
7564235, 174464, 8298, 241, 139, 167, true, true
7589593, 175208, 8305, 248, 140, 167, true, true
7606029, 175651, 8305, 247, 139, 167, true, true
7626494, 176270, 8305, 244, 138, 171, true, true
7660392, 177277, 8306, 245, 139, 171, true, true
7661948, 177324, 8307, 246, 140, 169, true, true
7673855, 177679, 8307, 245, 139, 170, true, true
7679262, 177848, 8307, 244, 138, 170, true, true
7696963, 178414, 8309, 246, 139, 168, true, true
7765701, 180512, 8309, 245, 138, 171, true, true
7784895, 181108, 8309, 244, 137, 174, true, true
7794192, 181403, 8309, 243, 137, 174, true, true
7806458, 181783, 8322, 251, 137, 172, true, true
7845408, 182968, 8323, 250, 137, 172, true, true
7846060, 182989, 8324, 251, 138, 171, true, true
7869147, 183717, 8324, 250, 137, 171, true, true
7924062, 185373, 8324, 249, 136, 173, true, true
7933743, 185667, 8325, 250, 137, 171, true, true
7954285, 186314, 8327, 252, 138, 170, true, true
7954699, 186324, 8328, 253, 139, 168, true, true
7973417, 186863, 8329, 254, 140, 165, true, true
8040321, 188998, 8329, 253, 139, 169, true, true
8048909, 189277, 8334, 258, 140, 167, true, true
8063564, 189753, 8335, 259, 141, 165, true, true
8072983, 190019, 8335, 258, 140, 165, true, true
8094161, 190688, 8336, 259, 141, 163, true, true
8169426, 193184, 8336, 258, 140, 168, true, true
8170735, 193229, 8337, 259, 141, 167, true, true
8175702, 193363, 8337, 258, 141, 167, true, true
8187128, 193718, 8339, 259, 142, 166, true, true
8224333, 194924, 8339, 257, 140, 167, true, true
8227383, 195034, 8340, 256, 141, 166, true, true
8236872, 195342, 8340, 255, 140, 168, true, true
8304846, 197522, 8342, 257, 141, 169, true, true
8329349, 198310, 8343, 258, 142, 170, true, true
8330154, 198340, 8343, 257, 141, 170, true, true
8332919, 198428, 8343, 255, 140, 170, true, true
8340586, 198693, 8343, 254, 139, 171, true, true
8379007, 199952, 8343, 251, 137, 174, true, true
8398354, 200589, 8344, 252, 138, 175, true, true
8402436, 200734, 8344, 251, 137, 175, true, true
8410277, 201003, 8344, 250, 136, 175, true, true
8437765, 201878, 8344, 249, 135, 177, true, true
8472065, 202982, 8345, 250, 136, 176, true, true
8514199, 204379, 8345, 247, 135, 179, true, true
8525852, 204755, 8347, 246, 134, 178, true, true
8528507, 204840, 8348, 247, 135, 174, true, true
8585396, 206720, 8348, 245, 135, 179, true, true
8604189, 207317, 8350, 247, 136, 178, true, true
8625015, 207991, 8351, 248, 137, 177, true, true
8632964, 208228, 8351, 247, 136, 177, true, true
8645329, 208624, 8352, 248, 137, 175, true, true
8654242, 208914, 8353, 249, 138, 175, true, true
8669909, 209435, 8353, 246, 137, 177, true, true
8720639, 211104, 8353, 244, 136, 177, true, true
8726774, 211321, 8354, 245, 137, 176, true, true
8735709, 211624, 8354, 244, 136, 176, true, true
8762702, 212507, 8357, 247, 137, 174, true, true
8766764, 212655, 8359, 244, 137, 172, true, true
8774469, 212916, 8359, 243, 136, 173, true, true
8802371, 213832, 8360, 244, 137, 170, true, true
8824114, 214543, 8360, 243, 136, 171, true, true
8832246, 214816, 8362, 241, 136, 169, true, true
8848988, 215377, 8364, 243, 137, 168, true, true
8860405, 215789, 8364, 242, 136, 168, true, true
8865637, 215960, 8364, 241, 136, 168, true, true
8873785, 216234, 8364, 239, 135, 168, true, true
8885702, 216644, 8370, 245, 136, 168, true, true
8899072, 217110, 8370, 244, 135, 168, true, true
8961742, 219267, 8370, 243, 135, 171, true, true
8965207, 219394, 8372, 245, 136, 169, true, true
8989453, 220244, 8372, 244, 135, 171, true, true
8992314, 220355, 8372, 243, 134, 171, true, true
9103276, 224245, 8373, 244, 135, 175, true, true
9104026, 224278, 8374, 245, 136, 174, true, true
9108204, 224447, 8374, 244, 135, 174, true, true
9118353, 224787, 8377, 247, 136, 169, true, true
9135304, 225414, 8377, 245, 135, 169, true, true
9229207, 228932, 8377, 244, 134, 172, true, true
9235201, 229157, 8377, 243, 134, 172, true, true
9246553, 229580, 8379, 243, 135, 170, true, true
9316998, 232324, 8380, 244, 136, 171, true, true
9317578, 232345, 8381, 245, 137, 170, true, true
9342011, 233330, 8381, 244, 136, 171, true, true
9394988, 235440, 8381, 243, 135, 173, true, true
9412511, 236162, 8387, 249, 136, 170, true, true
9452855, 237793, 8390, 242, 136, 170, true, true
9468169, 238399, 8392, 244, 137, 169, true, true
9476704, 238729, 8392, 243, 136, 170, true, true
9507877, 240016, 8393, 244, 137, 171, true, true
9513717, 240252, 8393, 243, 136, 172, true, true
9559152, 242080, 8398, 248, 137, 172, true, true
9587093, 243182, 8400, 249, 137, 171, true, true
9598462, 243654, 8400, 248, 136, 171, true, true
9607299, 244002, 8400, 247, 136, 171, true, true
9613468, 244255, 8405, 252, 137, 169, true, true
9720480, 248598, 8405, 251, 136, 175, true, true
9727871, 248920, 8405, 250, 135, 175, true, true
9736814, 249290, 8406, 251, 136, 174, true, true
9742129, 249512, 8407, 251, 136, 170, true, true
9785087, 251277, 8412, 256, 137, 168, true, true
9813077, 252458, 8412, 255, 136, 169, true, true
9814736, 252536, 8413, 256, 137, 166, true, true
9878074, 255248, 8413, 255, 136, 168, true, true
9890293, 255797, 8414, 243, 136, 169, true, true
9897981, 256124, 8415, 244, 137, 167, true, true
9917966, 256945, 8415, 243, 136, 170, true, true
9936671, 257725, 8420, 248, 137, 167, true, true
9938686, 257821, 8420, 247, 136, 167, true, true
9945065, 258032, 8421, 247, 137, 166, true, true
9968666, 259044, 8421, 245, 136, 166, true, true
9997230, 260246, 8421, 244, 135, 167, true, true
10019862, 261245, 8422, 245, 136, 167, true, true
10044415, 262267, 8422, 243, 135, 168, true, true
10053229, 262645, 8423, 243, 135, 167, true, true
10079401, 263751, 8423, 242, 134, 167, true, true
10098961, 264524, 8448, 267, 135, 164, true, true
10138261, 266093, 8448, 266, 134, 167, true, true
10151139, 266610, 8448, 265, 133, 168, true, true
10208503, 268991, 8449, 266, 134, 169, true, true
10214118, 269247, 8449, 262, 133, 169, true, true
10221728, 269565, 8463, 273, 134, 168, true, true
10233992, 270049, 8463, 270, 132, 170, true, true
10241669, 270342, 8464, 271, 133, 167, true, true
10243505, 270415, 8464, 270, 132, 167, true, true
10253657, 270869, 8464, 268, 131, 168, true, true
10268710, 271509, 8465, 269, 132, 167, true, true
10292886, 272503, 8466, 270, 133, 168, true, true
10293329, 272520, 8466, 265, 132, 168, true, true
10328830, 274057, 8467, 266, 133, 166, true, true
10371602, 275829, 8468, 267, 134, 164, true, true
10388092, 276529, 8468, 266, 134, 165, true, true
10391919, 276697, 8472, 269, 135, 164, true, true
10402186, 277145, 8473, 270, 136, 163, true, true
10403315, 277193, 8474, 271, 137, 161, true, true
10420770, 277911, 8475, 272, 138, 160, true, true
10428141, 278216, 8476, 273, 139, 155, true, true
10432301, 278383, 8476, 272, 138, 155, true, true
10447268, 278969, 8477, 272, 138, 155, true, true
10549233, 282840, 8481, 276, 139, 160, true, true
10633953, 285534, 8481, 275, 138, 164, true, true
10671597, 286760, 8482, 276, 139, 163, true, true
10698084, 287667, 8494, 287, 140, 162, true, true
10709460, 288039, 8494, 283, 139, 162, true, true
10789168, 290610, 8495, 283, 140, 163, true, true
10829661, 291915, 8495, 282, 139, 163, true, true
10849391, 292556, 8496, 283, 140, 163, true, true
10864325, 293055, 8497, 283, 140, 156, true, true
10893605, 293981, 8553, 339, 141, 155, true, true
10896591, 294076, 8553, 338, 140, 155, true, true
10921844, 294902, 8553, 337, 139, 158, true, true
10928622, 295126, 8554, 337, 139, 157, true, true
10938299, 295416, 8556, 339, 140, 157, true, true
10953120, 295928, 8556, 338, 139, 158, true, true
10993146, 297183, 8557, 339, 140, 156, true, true
11047407, 298939, 8557, 327, 140, 157, true, true
11167465, 302951, 8558, 328, 141, 160, true, true
11175838, 303202, 8559, 329, 142, 159, true, true
11220990, 304595, 8559, 328, 142, 160, true, true
11221731, 304629, 8561, 330, 143, 159, true, true
11245082, 305332, 8561, 329, 143, 160, true, true
11246120, 305373, 8561, 328, 142, 160, true, true
11249860, 305488, 8574, 335, 143, 159, true, true
11251196, 305539, 8576, 336, 144, 158, true, true
11257604, 305739, 8577, 337, 145, 157, true, true
11272278, 306201, 8577, 336, 144, 157, true, true
11303024, 307153, 8578, 337, 145, 159, true, true
11306219, 307235, 8586, 345, 146, 158, true, true
11346480, 308372, 8590, 349, 147, 154, true, true
11351104, 308569, 8590, 348, 146, 154, true, true
11391915, 310214, 8591, 349, 147, 148, true, true
11451623, 312694, 8592, 346, 148, 148, true, true
11459970, 313041, 8592, 345, 147, 148, true, true
11462734, 313156, 8592, 344, 146, 148, true, true
11468278, 313355, 8592, 343, 145, 148, true, true
11477493, 313738, 8592, 339, 144, 148, true, true
11478028, 313759, 8593, 340, 145, 146, true, true
11488777, 314177, 8597, 344, 146, 145, true, true
11532023, 315995, 8598, 343, 146, 148, true, true
11575058, 317782, 8599, 344, 147, 147, true, true
11595558, 318572, 8599, 343, 146, 147, true, true
11610892, 319207, 8600, 344, 147, 146, true, true
11625669, 319797, 8601, 345, 148, 143, true, true
11667818, 321536, 8603, 345, 149, 142, true, true
11684595, 322248, 8603, 344, 148, 142, true, true
11720891, 323693, 8603, 343, 148, 145, true, true
11727607, 323966, 8603, 337, 147, 145, true, true
11741788, 324496, 8604, 338, 148, 144, true, true
11765078, 325419, 8604, 337, 147, 144, true, true
11766544, 325474, 8614, 337, 147, 143, true, true
11772580, 325692, 8615, 338, 148, 141, true, true
11782264, 326084, 8615, 337, 147, 141, true, true
11803774, 326921, 8616, 338, 148, 141, true, true
11813774, 327324, 8616, 337, 147, 143, true, true
11833724, 328086, 8619, 340, 148, 134, true, true
11847997, 328600, 8622, 343, 149, 134, true, true
11848189, 328610, 8622, 342, 148, 134, true, true
11854845, 328863, 8624, 344, 149, 133, true, true
11904736, 330816, 8625, 345, 150, 134, true, true
11917750, 331329, 8626, 346, 151, 133, true, true
11942285, 332300, 8627, 347, 152, 132, true, true
11952776, 332729, 8629, 349, 153, 131, true, true
11958835, 332981, 8630, 347, 153, 130, true, true
11969783, 333407, 8630, 346, 152, 130, true, true
11972998, 333542, 8630, 345, 151, 130, true, true
11988291, 334174, 8631, 346, 152, 126, true, true
11998961, 334611, 8631, 341, 151, 126, true, true
12015256, 335294, 8631, 339, 150, 126, true, true
12016524, 335345, 8631, 338, 149, 126, true, true
12053362, 336793, 8632, 339, 150, 123, true, true
12067404, 337332, 8632, 337, 149, 123, true, true
12126985, 339663, 8633, 338, 150, 123, true, true
12130567, 339811, 8634, 337, 150, 123, true, true
12139670, 340174, 8640, 343, 151, 122, true, true
12205111, 342690, 8640, 342, 151, 122, true, true
12242750, 344136, 8640, 340, 149, 125, true, true
12339596, 347793, 8641, 341, 150, 123, true, true
12437990, 351614, 8646, 346, 151, 124, true, true
12438765, 351646, 8646, 345, 150, 124, true, true
12442582, 351822, 8647, 346, 151, 124, true, true
12473522, 352994, 8647, 345, 150, 124, true, true
12527276, 354990, 8648, 346, 151, 123, true, true
12555531, 356058, 8651, 348, 152, 122, true, true
12570893, 356674, 8652, 349, 153, 123, true, true
12590598, 357420, 8654, 350, 153, 121, true, true
12602109, 357876, 8654, 346, 153, 121, true, true
12687346, 361183, 8654, 343, 152, 122, true, true
12688518, 361233, 8654, 342, 151, 122, true, true
12710867, 362079, 8655, 343, 152, 121, true, true
12730059, 362862, 8655, 339, 150, 122, true, true
12769545, 364393, 8655, 338, 149, 125, true, true
12779792, 364782, 8658, 339, 149, 122, true, true
12803282, 365686, 8659, 340, 150, 123, true, true
12858067, 367813, 8659, 339, 150, 124, true, true
12922550, 370352, 8659, 338, 149, 124, true, true
12981070, 372604, 8659, 337, 148, 125, true, true
12997056, 373201, 8660, 338, 149, 121, true, true
13033284, 374676, 8660, 337, 148, 121, true, true
13065418, 375920, 8660, 336, 147, 122, true, true
13085036, 376625, 8661, 337, 148, 121, true, true
13089302, 376789, 8661, 336, 147, 121, true, true
13108169, 377504, 8678, 341, 148, 121, true, true
13118362, 377877, 8679, 342, 149, 121, true, true
13140954, 378742, 8679, 341, 148, 122, true, true
13140985, 378743, 8679, 340, 147, 122, true, true
13142339, 378795, 8679, 339, 146, 122, true, true
13181401, 380284, 8679, 338, 145, 123, true, true
13187546, 380504, 8679, 336, 144, 124, true, true
13259362, 383221, 8679, 335, 143, 125, true, true
13281459, 384052, 8679, 334, 142, 125, true, true
13358277, 387020, 8679, 333, 141, 131, true, true
13364641, 387268, 8679, 331, 140, 131, true, true
13378878, 387778, 8679, 328, 139, 133, true, true
13446822, 390348, 8679, 327, 138, 138, true, true
13454519, 390662, 8680, 328, 139, 138, true, true
13461464, 390924, 8680, 327, 138, 138, true, true
13592828, 395930, 8687, 332, 137, 143, true, true
13595322, 396030, 8687, 329, 136, 143, true, true
13606430, 396449, 8687, 324, 135, 143, true, true
13618076, 396900, 8688, 325, 136, 139, true, true
13632551, 397436, 8688, 323, 135, 139, true, true
13632663, 397441, 8690, 324, 135, 137, true, true
13641206, 397791, 8690, 323, 134, 137, true, true
13655691, 398311, 8690, 322, 133, 138, true, true
13705935, 400090, 8691, 323, 134, 139, true, true
13719395, 400609, 8692, 324, 135, 138, true, true
13728401, 400927, 8693, 323, 135, 136, true, true
13735094, 401155, 8694, 321, 135, 135, true, true
13761752, 402133, 8695, 322, 136, 136, true, true
13768870, 402418, 8695, 319, 135, 137, true, true
13885596, 406708, 8696, 320, 136, 131, true, true
13977344, 410155, 8697, 321, 137, 131, true, true
14022435, 411814, 8697, 320, 136, 131, true, true
14034838, 412273, 8701, 322, 137, 130, true, true
14087391, 414194, 8703, 324, 138, 130, true, true
14162394, 417044, 8707, 325, 139, 126, true, true
14197135, 418350, 8708, 321, 140, 124, true, true
14236326, 419838, 8708, 320, 139, 124, true, true
14312008, 422711, 8708, 319, 138, 126, true, true
14338553, 423741, 8708, 317, 137, 126, true, true
14386137, 425541, 8711, 320, 138, 121, true, true
14440139, 427569, 8712, 321, 139, 121, true, true
14443864, 427719, 8712, 320, 138, 121, true, true
14481824, 429112, 8712, 315, 137, 121, true, true
14531530, 431030, 8712, 314, 136, 123, true, true
14542825, 431461, 8712, 313, 135, 123, true, true
14575709, 432709, 8712, 312, 134, 123, true, true
14665322, 436153, 8712, 311, 133, 124, true, true
14678027, 436639, 8712, 310, 132, 124, true, true
14690587, 437124, 8712, 309, 132, 124, true, true
14746724, 439256, 8712, 308, 131, 125, true, true
14864474, 443852, 8713, 309, 132, 127, true, true
14866671, 443934, 8715, 311, 133, 123, true, true
14877204, 444309, 8716, 312, 134, 122, true, true
15019287, 449749, 8716, 311, 133, 127, true, true
15053063, 451078, 8716, 310, 132, 128, true, true
15080411, 452073, 8716, 309, 131, 129, true, true
15104289, 452943, 8717, 310, 132, 129, true, true
15104767, 452969, 8722, 315, 133, 128, true, true
15179452, 455790, 8722, 314, 132, 133, true, true
15215202, 457144, 8722, 311, 131, 135, true, true
15338693, 461884, 8723, 312, 132, 133, true, true
15351086, 462336, 8723, 311, 131, 133, true, true
15372982, 463162, 8724, 312, 132, 131, true, true
15462731, 466564, 8725, 313, 133, 131, true, true
15487931, 467474, 8725, 312, 132, 132, true, true
15585378, 471169, 8726, 313, 133, 133, true, true
15701675, 475584, 8726, 300, 132, 135, true, true
15758062, 477744, 8726, 299, 131, 137, true, true
15810841, 479864, 8727, 300, 132, 138, true, true
15838804, 480925, 8727, 299, 131, 138, true, true
16070236, 489870, 8727, 294, 130, 142, true, true
16107617, 491269, 8728, 295, 131, 138, true, true
16131373, 492167, 8728, 294, 130, 138, true, true
16174805, 493819, 8729, 295, 131, 138, true, true
16237900, 496275, 8730, 296, 132, 138, true, true
16326161, 499727, 8731, 296, 132, 138, true, true
16339097, 500234, 8732, 297, 133, 136, true, true
16564545, 509051, 8733, 298, 134, 142, true, true
16668766, 513190, 8733, 297, 133, 142, true, true
16717635, 515094, 8733, 296, 132, 143, true, true
16918789, 523064, 8734, 297, 133, 146, true, true
17028860, 527631, 8735, 298, 134, 147, true, true
17065569, 529190, 8736, 299, 135, 144, true, true
17065801, 529196, 8736, 298, 134, 144, true, true
17138702, 532130, 8743, 305, 135, 146, true, true
17142299, 532280, 8746, 307, 136, 145, true, true
17214902, 535189, 8747, 308, 137, 147, true, true
17229787, 535810, 8748, 308, 138, 146, true, true
17271543, 537509, 8749, 308, 138, 144, true, true
17274619, 537635, 8750, 309, 139, 143, true, true
17331928, 539922, 8757, 312, 139, 143, true, true
17332050, 539927, 8758, 313, 140, 141, true, true
17368712, 541414, 8759, 314, 141, 140, true, true
17424131, 543601, 8760, 315, 142, 142, true, true
17432916, 543972, 8760, 314, 141, 142, true, true
17440841, 544304, 8761, 315, 142, 140, true, true
17564499, 549351, 8763, 317, 143, 139, true, true
17627634, 551901, 8764, 318, 144, 139, true, true
17783192, 558346, 8765, 319, 145, 145, true, true
17852410, 561272, 8766, 320, 146, 145, true, true
17853604, 561324, 8766, 318, 144, 145, true, true
17917674, 563898, 8766, 317, 143, 147, true, true
17997337, 567133, 8766, 314, 142, 149, true, true
18061361, 569780, 8767, 315, 143, 149, true, true
18085326, 570731, 8768, 316, 144, 143, true, true
18091241, 570967, 8769, 317, 145, 141, true, true
18095360, 571132, 8769, 316, 144, 141, true, true
18228764, 576437, 8770, 317, 145, 139, true, true
18252886, 577419, 8770, 316, 144, 139, true, true
18322756, 580177, 8770, 315, 143, 139, true, true
18503358, 587467, 8770, 314, 142, 141, true, true
18523596, 588265, 8770, 312, 142, 141, true, true
18539070, 588891, 8771, 313, 143, 140, true, true
18596482, 591164, 8772, 312, 143, 137, true, true
18650262, 593379, 8774, 314, 144, 137, true, true
18803707, 599731, 8774, 313, 143, 138, true, true
18855568, 601858, 8774, 312, 142, 139, true, true
18857695, 601942, 8774, 311, 141, 139, true, true
18933826, 605014, 8774, 310, 140, 142, true, true
18947382, 605534, 8774, 309, 139, 142, true, true
19002929, 607785, 8775, 310, 140, 140, true, true
19041995, 609400, 8776, 311, 141, 137, true, true
19117661, 612659, 8777, 312, 142, 137, true, true
19147655, 613949, 8785, 320, 143, 136, true, true
19149146, 614011, 8786, 321, 144, 134, true, true
19189434, 615674, 8787, 322, 145, 133, true, true
19267095, 619023, 8787, 321, 144, 134, true, true
19281515, 619634, 8787, 320, 143, 135, true, true
19289868, 619965, 8787, 319, 143, 135, true, true
19307411, 620609, 8788, 320, 144, 132, true, true
19314042, 620874, 8788, 319, 144, 132, true, true
19350318, 622398, 8788, 318, 143, 132, true, true
19395510, 624257, 8789, 319, 144, 131, true, true
19498492, 628535, 8790, 320, 145, 127, true, true
19543296, 630439, 8790, 318, 144, 128, true, true
19571226, 631519, 8796, 324, 145, 126, true, true
19664283, 635475, 8797, 325, 146, 124, true, true
19712530, 637568, 8797, 324, 145, 126, true, true
19742642, 638884, 8797, 319, 143, 126, true, true
19747988, 639116, 8797, 318, 142, 126, true, true
19802476, 641473, 8797, 303, 141, 128, true, true
19905580, 646053, 8798, 304, 142, 124, true, true
19928084, 647064, 8798, 302, 141, 125, true, true
20026458, 651278, 8798, 301, 140, 127, true, true
20060261, 652781, 8800, 303, 141, 126, true, true
20089811, 654025, 8800, 302, 140, 127, true, true
20099933, 654460, 8800, 301, 139, 127, true, true
20236497, 660680, 8800, 300, 138, 131, true, true
20244066, 661022, 8800, 299, 137, 131, true, true
20268048, 662096, 8800, 298, 136, 131, true, true
20313458, 664213, 8801, 294, 136, 131, true, true
20385792, 667575, 8801, 293, 135, 131, true, true
20442783, 670185, 8801, 292, 134, 133, true, true
20492324, 672546, 8801, 290, 133, 135, true, true
20541656, 674878, 8801, 288, 132, 137, true, true
20594722, 677276, 8802, 289, 133, 137, true, true
20639589, 679390, 8802, 288, 132, 138, true, true
20816806, 687822, 8803, 289, 133, 144, true, true
20825470, 688231, 8803, 288, 132, 144, true, true
20843777, 689115, 8803, 232, 131, 144, true, true
20852288, 689511, 8803, 231, 131, 144, true, true
20890380, 691252, 8803, 230, 130, 145, true, true
21031708, 697725, 8803, 226, 129, 146, true, true
21154170, 703431, 8803, 225, 128, 149, true, true
21266963, 708767, 8804, 226, 129, 150, true, true
21304821, 710621, 8805, 227, 130, 143, true, true
21344640, 712435, 8806, 228, 131, 141, true, true
21346546, 712525, 8808, 229, 131, 136, true, true
21485758, 718909, 8808, 227, 130, 137, true, true
21518881, 720413, 8808, 226, 130, 137, true, true
21610814, 724600, 8809, 227, 131, 135, true, true
21655737, 726753, 8809, 226, 130, 137, true, true
21664263, 727167, 8809, 225, 129, 137, true, true
21666297, 727263, 8809, 224, 128, 137, true, true
21699016, 728750, 8810, 225, 129, 134, true, true
21750455, 731229, 8811, 225, 129, 134, true, true
21758441, 731597, 8812, 226, 130, 133, true, true
22029333, 744273, 8813, 227, 131, 135, true, true
22084295, 746920, 8813, 226, 130, 140, true, true
22148711, 749850, 8814, 227, 131, 141, true, true
22168805, 750714, 8814, 226, 130, 141, true, true
22192819, 751891, 8815, 227, 131, 141, true, true
22252579, 754820, 8815, 226, 130, 142, true, true
22258147, 755066, 8816, 227, 131, 141, true, true
22264482, 755361, 8824, 226, 130, 139, true, true
22299339, 756931, 8825, 227, 131, 140, true, true
22326304, 758205, 8825, 226, 130, 142, true, true
22329317, 758367, 8826, 227, 131, 140, true, true
22435209, 763297, 8826, 226, 130, 141, true, true
22542530, 768460, 8826, 225, 129, 145, true, true
22572375, 769849, 8830, 228, 129, 142, true, true
22573053, 769882, 8830, 227, 128, 142, true, true
22623448, 772247, 8832, 229, 129, 142, true, true
22626305, 772385, 8833, 230, 130, 141, true, true
22633803, 772752, 8834, 231, 131, 140, true, true
22650982, 773586, 8835, 229, 131, 139, true, true
22674525, 774669, 8835, 227, 129, 139, true, true
22721578, 776891, 8836, 228, 130, 137, true, true
22766013, 778938, 8844, 236, 131, 136, true, true
22797492, 780350, 8844, 235, 130, 137, true, true
22802488, 780591, 8846, 237, 131, 134, true, true
22812169, 781011, 8847, 238, 132, 128, true, true
22835183, 782083, 8847, 237, 131, 128, true, true
22933563, 786594, 8847, 236, 130, 130, true, true
22969660, 788212, 8847, 235, 129, 130, true, true
22983381, 788824, 8847, 234, 128, 130, true, true
23024539, 790747, 8847, 233, 127, 130, true, true
23038492, 791387, 8847, 232, 126, 131, true, true
23147517, 796464, 8847, 231, 125, 132, true, true
23211394, 799425, 8849, 232, 125, 131, true, true
23272890, 802436, 8850, 233, 126, 130, true, true
23294962, 803502, 8851, 234, 127, 130, true, true
23310733, 804278, 8851, 233, 126, 130, true, true
23314924, 804476, 8852, 234, 127, 126, true, true
23385371, 807926, 8863, 245, 128, 126, true, true
23679320, 821653, 8863, 244, 127, 131, true, true
23751726, 825152, 8864, 244, 127, 129, true, true
23782791, 826624, 8867, 247, 128, 128, true, true
23805733, 827737, 8867, 245, 127, 128, true, true
23872926, 830892, 8868, 245, 127, 128, true, true
24092039, 840984, 8869, 246, 128, 129, true, true
24153509, 843938, 8869, 241, 127, 130, true, true
24344850, 852909, 8875, 235, 126, 132, true, true
24405725, 855775, 8875, 221, 125, 132, true, true
24510321, 860671, 8875, 217, 124, 134, true, true
24523127, 861254, 8875, 216, 123, 134, true, true
24536847, 861873, 8876, 217, 124, 131, true, true
24729043, 870790, 8876, 216, 123, 136, true, true
24755158, 872084, 8876, 215, 122, 136, true, true
24823285, 875280, 8876, 214, 121, 136, true, true
24988020, 883003, 8877, 215, 122, 137, true, true
25028179, 884910, 8877, 214, 121, 137, true, true
25059860, 886411, 8877, 213, 120, 137, true, true
25084083, 887530, 8878, 214, 121, 136, true, true
25145767, 890428, 8878, 213, 120, 136, true, true
25236161, 894734, 8878, 207, 119, 138, true, true
25271971, 896437, 8879, 204, 120, 137, true, true
25286203, 897108, 8880, 205, 121, 133, true, true
25359473, 900643, 8881, 206, 122, 134, true, true
25431054, 903954, 8883, 208, 123, 133, true, true
25466374, 905671, 8884, 209, 124, 132, true, true
25474647, 906008, 8884, 208, 123, 132, true, true
25576786, 910565, 8885, 209, 124, 131, true, true
25578712, 910650, 8886, 210, 125, 130, true, true
25579499, 910698, 8887, 211, 126, 127, true, true
25599710, 911635, 8887, 210, 125, 127, true, true
25627741, 912921, 8887, 209, 124, 127, true, true
25755005, 918835, 8887, 208, 123, 128, true, true
25895869, 925285, 8887, 207, 122, 131, true, true
26074526, 933561, 8888, 208, 123, 128, true, true
26119448, 935708, 8888, 207, 122, 129, true, true
26145483, 936903, 8888, 206, 121, 129, true, true
26243575, 941488, 8889, 207, 122, 129, true, true
26304122, 944252, 8890, 208, 123, 131, true, true
26423871, 949751, 8891, 209, 124, 131, true, true
26502924, 953360, 8891, 208, 123, 131, true, true
26523271, 954238, 8892, 209, 124, 122, true, true
26545443, 955265, 8892, 208, 123, 122, true, true
26603468, 957912, 8892, 207, 122, 122, true, true
26726901, 963707, 8892, 206, 121, 124, true, true
26761344, 965300, 8892, 204, 120, 125, true, true
26903532, 971770, 8892, 203, 119, 127, true, true
27032606, 977676, 8892, 202, 118, 127, true, true
27075429, 979620, 8892, 201, 117, 129, true, true
27077156, 979700, 8892, 200, 116, 129, true, true
27137752, 982457, 8892, 199, 115, 130, true, true
27186804, 984774, 8893, 200, 116, 129, true, true
27189515, 984908, 8893, 199, 115, 129, true, true
27275740, 988744, 8893, 197, 114, 132, true, true
27338461, 991500, 8894, 198, 115, 131, true, true
27384586, 993639, 8894, 196, 114, 132, true, true
27393412, 994046, 8894, 195, 113, 133, true, true
27459198, 996813, 8894, 193, 112, 133, true, true
27628932, 1004478, 8895, 193, 112, 132, true, true
27652725, 1005531, 8897, 193, 113, 130, true, true
27755377, 1010135, 8897, 192, 113, 132, true, true
27873641, 1015273, 8898, 193, 114, 132, true, true
27915156, 1017052, 8901, 196, 115, 130, true, true
27932166, 1017766, 8903, 198, 116, 131, true, true
28170030, 1028112, 8903, 197, 115, 132, true, true
28267907, 1032252, 8904, 198, 116, 130, true, true
28300541, 1033626, 8905, 199, 117, 129, true, true
28506294, 1042387, 8905, 197, 116, 131, true, true
28506524, 1042397, 8906, 197, 116, 128, true, true
28904454, 1059240, 8906, 196, 115, 130, true, true
28999526, 1063465, 8907, 197, 116, 130, true, true
29033545, 1064951, 8910, 200, 117, 129, true, true
29040389, 1065236, 8910, 199, 116, 129, true, true
29244741, 1073878, 8911, 199, 117, 131, true, true
29312210, 1076846, 8912, 200, 118, 130, true, true
29474318, 1083950, 8912, 198, 118, 130, true, true
29520419, 1086047, 8913, 199, 119, 127, true, true
29838961, 1100617, 8913, 198, 118, 130, true, true
29947812, 1105559, 8914, 199, 119, 130, true, true
29954461, 1105865, 8914, 198, 118, 130, true, true
29986306, 1107351, 8914, 197, 118, 130, true, true
30050444, 1110198, 8919, 197, 119, 125, true, true
30081373, 1111664, 8920, 198, 120, 123, true, true
30189369, 1116496, 8921, 199, 121, 122, true, true
30196529, 1116801, 8921, 198, 120, 122, true, true
30239549, 1118611, 8921, 196, 119, 123, true, true
30257077, 1119453, 8923, 198, 120, 122, true, true
30418239, 1126762, 8924, 199, 121, 122, true, true
30421424, 1126917, 8924, 194, 120, 123, true, true
30496183, 1130059, 8924, 193, 119, 124, true, true
30498523, 1130140, 8924, 192, 118, 124, true, true
30530822, 1131553, 8925, 193, 119, 123, true, true
30713577, 1139001, 8927, 194, 119, 121, true, true
30923373, 1148009, 8927, 193, 118, 124, true, true
31391109, 1168250, 8928, 194, 119, 122, true, true
31469437, 1171677, 8929, 195, 120, 119, true, true
31610825, 1177703, 8930, 196, 121, 118, true, true
31938616, 1191912, 8933, 199, 122, 122, true, true
32115238, 1199664, 8935, 200, 123, 122, true, true
32150005, 1201224, 8935, 199, 122, 123, true, true
32236788, 1204985, 8936, 200, 123, 122, true, true
32277269, 1206814, 8938, 202, 124, 121, true, true
32506171, 1216866, 8938, 201, 123, 122, true, true
32856256, 1232181, 8939, 202, 124, 115, true, true
33011679, 1239113, 8940, 203, 125, 118, true, true
33472373, 1260304, 8940, 202, 124, 123, true, true
33573404, 1264980, 8941, 203, 125, 123, true, true
33722849, 1271789, 8941, 199, 125, 124, true, true
33789571, 1274971, 8942, 200, 126, 124, true, true
33872694, 1278905, 8943, 201, 127, 122, true, true
33969371, 1283600, 8943, 200, 126, 122, true, true
34017169, 1285816, 8943, 199, 125, 123, true, true
34066898, 1288114, 8943, 198, 124, 124, true, true
34235212, 1296033, 8948, 203, 125, 124, true, true
34326190, 1300435, 8949, 204, 126, 125, true, true
34393941, 1303668, 8949, 203, 125, 125, true, true
34457268, 1306618, 8949, 202, 124, 125, true, true
34526179, 1309825, 8951, 204, 125, 120, true, true
34541675, 1310531, 8952, 205, 126, 116, true, true
34656015, 1316050, 8952, 204, 125, 118, true, true
34831033, 1324356, 8952, 203, 124, 120, true, true
34878086, 1326446, 8952, 202, 123, 120, true, true
34907806, 1327900, 8952, 201, 122, 120, true, true
35111473, 1337290, 8953, 202, 123, 120, true, true
35142665, 1338731, 8953, 201, 122, 120, true, true
35208255, 1341754, 8953, 200, 121, 121, true, true
35369263, 1349324, 8953, 199, 120, 122, true, true
35440554, 1352664, 8953, 198, 119, 122, true, true
35450844, 1353157, 8954, 199, 120, 119, true, true
35465399, 1353849, 8955, 199, 120, 119, true, true
35504864, 1355655, 8955, 198, 119, 120, true, true
35506846, 1355743, 8956, 199, 120, 115, true, true
35530876, 1356865, 8956, 198, 119, 115, true, true
35642549, 1361983, 8957, 199, 120, 110, true, true
35706555, 1364883, 8958, 200, 121, 110, true, true
35804478, 1369213, 8959, 201, 122, 109, true, true
35867886, 1372033, 8964, 201, 123, 108, true, true
35868142, 1372045, 8964, 200, 122, 108, true, true
35936547, 1375190, 8966, 202, 123, 106, true, true
36036945, 1379825, 8967, 203, 124, 103, true, true
36127501, 1384017, 8968, 204, 125, 100, true, true
36389669, 1395906, 8968, 196, 124, 102, true, true
36568842, 1404083, 8968, 195, 124, 103, true, true
36784319, 1413582, 8968, 194, 123, 104, true, true
37144035, 1429861, 8969, 195, 124, 101, true, true
37502359, 1446561, 8969, 194, 123, 103, true, true
37585879, 1450378, 8970, 195, 124, 100, true, true
37588777, 1450514, 8970, 194, 123, 100, true, true
37755955, 1458285, 8972, 191, 124, 100, true, true
37906609, 1465363, 8972, 189, 124, 101, true, true
38171925, 1477693, 8980, 197, 125, 99, true, true
38251195, 1481359, 8980, 196, 124, 99, true, true
38298546, 1483501, 8980, 195, 123, 99, true, true
38448839, 1490469, 8980, 193, 122, 100, true, true
38450423, 1490539, 8981, 194, 123, 99, true, true
38493409, 1492447, 8982, 194, 124, 97, true, true
38522140, 1493714, 8982, 192, 123, 98, true, true
38845328, 1508769, 8983, 193, 124, 97, true, true
38926328, 1512666, 8984, 194, 125, 96, true, true
38944039, 1513360, 8985, 195, 126, 95, true, true
39027591, 1517289, 8986, 196, 127, 94, true, true
39034844, 1517647, 8986, 195, 126, 94, true, true
39235687, 1527010, 8987, 196, 127, 94, true, true
39358621, 1532614, 8987, 195, 126, 94, true, true
39399807, 1534590, 8987, 194, 125, 94, true, true
39591111, 1543449, 8987, 192, 125, 97, true, true
39902987, 1558432, 8987, 191, 125, 98, true, true
40130540, 1569512, 8991, 195, 126, 98, true, true
40138314, 1569892, 8992, 196, 127, 96, true, true
40520559, 1588533, 8992, 195, 126, 102, true, true
40535358, 1589252, 8992, 194, 125, 102, true, true
40599289, 1592263, 8992, 193, 124, 102, true, true
40676903, 1596026, 8992, 192, 123, 102, true, true
40878751, 1606057, 8996, 196, 124, 98, true, true
41007902, 1612476, 8996, 195, 123, 100, true, true
41170614, 1620698, 8997, 196, 124, 101, true, true
41251900, 1624716, 8998, 197, 125, 101, true, true
41799326, 1651898, 8998, 196, 124, 102, true, true
42117770, 1667951, 8999, 197, 125, 102, true, true
42252419, 1674534, 8999, 196, 124, 105, true, true
42453053, 1684435, 8999, 194, 124, 105, true, true
42618982, 1692474, 9000, 195, 125, 104, true, true
42732021, 1697916, 9001, 190, 126, 103, true, true
42763742, 1699428, 9002, 191, 127, 102, true, true
42834217, 1702783, 9003, 192, 128, 100, true, true
43153167, 1718054, 9004, 193, 129, 102, true, true
43412550, 1730545, 9004, 191, 128, 103, true, true
43448416, 1732381, 9005, 192, 129, 102, true, true
43565552, 1738137, 9005, 191, 128, 104, true, true
43653365, 1742259, 9005, 190, 127, 105, true, true
44136801, 1765669, 9007, 191, 127, 109, true, true
44500318, 1783512, 9007, 189, 127, 112, true, true
44739850, 1795474, 9007, 188, 126, 114, true, true
44967864, 1807018, 9008, 189, 127, 113, true, true
45514539, 1834814, 9009, 190, 128, 115, true, true
45725504, 1845693, 9009, 180, 127, 116, true, true
45894491, 1854263, 9009, 179, 126, 116, true, true
46145104, 1866873, 9009, 178, 125, 119, true, true
46174959, 1868485, 9009, 177, 124, 119, true, true
46232463, 1871377, 9010, 178, 125, 118, true, true
46472053, 1883571, 9011, 179, 126, 118, true, true
46518805, 1885778, 9011, 178, 125, 118, true, true
46556225, 1887645, 9011, 177, 124, 118, true, true
46595350, 1889597, 9011, 176, 123, 118, true, true
46956158, 1907671, 9013, 178, 124, 118, true, true
47095293, 1914684, 9013, 177, 123, 120, true, true
47149505, 1917435, 9018, 182, 124, 120, true, true
47335849, 1927132, 9021, 185, 125, 119, true, true
47360152, 1928282, 9022, 186, 126, 117, true, true
47449384, 1932755, 9023, 187, 127, 115, true, true
47953197, 1958723, 9023, 186, 126, 118, true, true
47989575, 1960630, 9024, 187, 127, 114, true, true
48052424, 1963832, 9024, 186, 126, 115, true, true
48219618, 1972439, 9024, 182, 126, 117, true, true
48251276, 1974029, 9026, 184, 127, 116, true, true
48492651, 1986680, 9026, 181, 126, 119, true, true
48685002, 1996703, 9027, 182, 127, 119, true, true
48988903, 2012627, 9028, 183, 128, 119, true, true
49224082, 2025041, 9029, 184, 129, 116, true, true
49363342, 2032249, 9029, 183, 128, 116, true, true
49366793, 2032433, 9029, 182, 128, 116, true, true
49401501, 2034243, 9029, 181, 127, 116, true, true
49528733, 2040724, 9029, 179, 126, 116, true, true
49576708, 2043235, 9032, 182, 127, 115, true, true
49665493, 2047771, 9032, 181, 126, 115, true, true
49974690, 2063413, 9032, 176, 125, 118, true, true
50081251, 2068845, 9033, 177, 126, 115, true, true
50127174, 2071290, 9033, 176, 125, 115, true, true
50160689, 2072978, 9033, 175, 124, 115, true, true
50277601, 2078908, 9033, 174, 123, 115, true, true
50948869, 2113118, 9034, 175, 124, 119, true, true
51156042, 2123733, 9035, 176, 125, 119, true, true
51329970, 2132670, 9036, 177, 126, 119, true, true
51542852, 2143508, 9036, 176, 125, 119, true, true
51589407, 2145864, 9036, 175, 124, 119, true, true
52202839, 2177184, 9036, 174, 123, 123, true, true
52365640, 2185560, 9036, 173, 122, 123, true, true
52460906, 2190491, 9036, 172, 121, 123, true, true
52502704, 2192634, 9038, 174, 122, 119, true, true
52715252, 2203555, 9039, 175, 123, 118, true, true
52926368, 2214281, 9039, 174, 122, 118, true, true
53216125, 2229022, 9039, 173, 121, 120, true, true
53503318, 2244052, 9039, 172, 120, 121, true, true
53690499, 2253590, 9040, 173, 121, 120, true, true
53708509, 2254490, 9040, 172, 120, 120, true, true
53816348, 2260011, 9040, 171, 119, 120, true, true
53896489, 2264267, 9040, 170, 118, 120, true, true
53929836, 2266005, 9041, 171, 119, 119, true, true
53962422, 2267718, 9041, 170, 118, 119, true, true
53991183, 2269303, 9041, 169, 117, 120, true, true
54326459, 2286499, 9042, 170, 118, 116, true, true
54333273, 2286849, 9043, 169, 119, 115, true, true
54420459, 2291251, 9043, 168, 119, 116, true, true
54691694, 2304869, 9044, 168, 120, 118, true, true
54730433, 2306816, 9044, 167, 119, 118, true, true
54933218, 2317138, 9044, 166, 118, 118, true, true
55189894, 2329863, 9044, 165, 117, 121, true, true
55476799, 2344049, 9044, 164, 116, 124, true, true
55535851, 2346943, 9044, 156, 115, 124, true, true
55596187, 2349975, 9045, 157, 116, 121, true, true
55629862, 2351568, 9045, 156, 115, 121, true, true
55865963, 2363249, 9047, 158, 116, 120, true, true
56005332, 2370182, 9048, 159, 117, 119, true, true
56087715, 2374081, 9048, 158, 116, 119, true, true
56130975, 2376152, 9048, 157, 115, 119, true, true
56226131, 2380764, 9050, 159, 116, 117, true, true
56549694, 2396373, 9051, 160, 117, 118, true, true
56641335, 2400908, 9051, 159, 116, 118, true, true
56661076, 2401826, 9051, 158, 115, 118, true, true
56729510, 2405132, 9052, 158, 116, 116, true, true
57106492, 2423458, 9053, 158, 116, 112, true, true
57455298, 2440294, 9053, 156, 115, 112, true, true
57819618, 2457922, 9054, 157, 116, 112, true, true
58036290, 2468503, 9054, 156, 115, 112, true, true
58072149, 2470163, 9055, 157, 116, 111, true, true
58270284, 2479587, 9055, 156, 115, 111, true, true
58420699, 2486708, 9055, 154, 113, 112, true, true
58480751, 2489600, 9055, 153, 112, 112, true, true
58627047, 2496696, 9056, 154, 113, 110, true, true
58740286, 2502209, 9056, 153, 112, 111, true, true
59048289, 2516565, 9056, 152, 112, 114, true, true
59298914, 2528244, 9057, 153, 113, 111, true, true
59569585, 2540791, 9057, 151, 112, 113, true, true
59747919, 2549060, 9059, 153, 113, 112, true, true
60249198, 2572609, 9061, 155, 114, 112, true, true
60462667, 2582740, 9064, 157, 114, 111, true, true
60554289, 2587178, 9064, 156, 113, 112, true, true
60712573, 2594443, 9064, 155, 112, 112, true, true
60733043, 2595420, 9064, 151, 111, 112, true, true
60807265, 2598848, 9065, 152, 112, 111, true, true
61287318, 2621233, 9070, 157, 113, 110, true, true
61291873, 2621430, 9071, 158, 114, 107, true, true
61325254, 2622967, 9071, 157, 113, 107, true, true
61531746, 2632833, 9072, 158, 114, 101, true, true
61968810, 2653213, 9072, 157, 113, 103, true, true
62113109, 2660134, 9072, 156, 112, 104, true, true
62291161, 2668419, 9072, 154, 111, 106, true, true
62578848, 2682045, 9073, 153, 111, 103, true, true
62785209, 2691961, 9073, 152, 110, 104, true, true
63114587, 2707587, 9078, 157, 111, 104, true, true
63270482, 2715091, 9078, 156, 110, 105, true, true
63296660, 2716338, 9078, 155, 110, 105, true, true
63521391, 2726977, 9081, 158, 111, 104, true, true
63614785, 2731458, 9081, 157, 110, 105, true, true
63749182, 2737912, 9081, 156, 109, 105, true, true
64130164, 2756740, 9081, 155, 108, 105, true, true
64506137, 2774913, 9083, 157, 109, 107, true, true
64809789, 2789629, 9083, 156, 108, 110, true, true
65007930, 2799489, 9084, 157, 109, 109, true, true
65940816, 2844963, 9084, 156, 108, 115, true, true
66196551, 2857573, 9084, 155, 107, 115, true, true
66211570, 2858284, 9084, 153, 106, 115, true, true
66230827, 2859209, 9084, 152, 105, 115, true, true
66799540, 2886739, 9084, 151, 104, 117, true, true
66890098, 2891193, 9085, 152, 105, 116, true, true
67634549, 2926820, 9085, 151, 104, 117, true, true
67830408, 2936329, 9086, 152, 105, 112, true, true
67925582, 2940987, 9086, 151, 104, 112, true, true
67972305, 2943189, 9087, 152, 105, 111, true, true
68120590, 2950238, 9087, 151, 104, 111, true, true
68257547, 2956651, 9087, 150, 103, 113, true, true
68851139, 2985238, 9088, 151, 104, 114, true, true
69189550, 3001866, 9088, 150, 103, 116, true, true
69573151, 3020423, 9088, 149, 102, 117, true, true
69586533, 3021098, 9090, 151, 103, 116, true, true
70079002, 3045287, 9090, 150, 102, 118, true, true
70598452, 3071290, 9091, 151, 103, 118, true, true
70743565, 3078605, 9091, 150, 102, 119, true, true
70802630, 3081380, 9092, 151, 103, 118, true, true
70870191, 3084704, 9092, 150, 102, 118, true, true
71962349, 3138348, 9093, 151, 103, 118, true, true
72035352, 3141947, 9093, 150, 102, 118, true, true
72039517, 3142128, 9099, 149, 98, 116, true, true
72052751, 3142779, 9099, 148, 97, 116, true, true
72316507, 3155771, 9099, 147, 96, 117, true, true
72479336, 3163611, 9101, 149, 97, 117, true, true
72535714, 3166388, 9102, 150, 98, 114, true, true
73525194, 3214557, 9102, 149, 97, 118, true, true
73585767, 3217523, 9106, 153, 98, 116, true, true
73650802, 3220844, 9107, 154, 99, 115, true, true
73803895, 3228393, 9110, 157, 100, 115, true, true
73813655, 3228915, 9110, 156, 99, 115, true, true
73887921, 3232574, 9110, 155, 98, 116, true, true
74121755, 3243769, 9110, 154, 97, 117, true, true
75142351, 3292615, 9110, 153, 96, 120, true, true
75493070, 3309715, 9112, 155, 97, 121, true, true
75683751, 3318804, 9112, 154, 96, 122, true, true
76113817, 3339379, 9113, 153, 96, 121, true, true
76160308, 3341534, 9114, 154, 97, 116, true, true
76297530, 3348019, 9114, 153, 96, 116, true, true
76431066, 3354497, 9114, 152, 95, 117, true, true
77198345, 3390542, 9115, 153, 96, 111, true, true
77673792, 3412857, 9115, 150, 94, 113, true, true
77785201, 3418188, 9115, 149, 93, 114, true, true
78583063, 3456495, 9115, 148, 92, 115, true, true
78620987, 3458309, 9115, 137, 91, 115, true, true
78831329, 3468411, 9116, 138, 92, 114, true, true
78868546, 3470185, 9117, 139, 93, 110, true, true
79654916, 3508031, 9117, 138, 92, 110, true, true
80107746, 3529835, 9119, 140, 93, 110, true, true
80114967, 3530184, 9119, 139, 92, 110, true, true
80205767, 3534512, 9119, 138, 91, 111, true, true
80592276, 3552538, 9119, 137, 90, 114, true, true
80778293, 3561412, 9121, 139, 91, 113, true, true
81135848, 3578116, 9123, 141, 92, 112, true, true
81304890, 3585799, 9124, 142, 93, 111, true, true
81679375, 3603500, 9125, 143, 94, 109, true, true
82056293, 3620791, 9128, 146, 95, 108, true, true
82159562, 3625634, 9128, 145, 94, 108, true, true
82397894, 3636379, 9129, 146, 95, 106, true, true
82803946, 3655219, 9131, 147, 95, 103, true, true
83263771, 3676652, 9131, 146, 94, 104, true, true
83652369, 3694469, 9131, 144, 93, 106, true, true
84032750, 3711903, 9131, 143, 92, 106, true, true
84084596, 3714258, 9131, 141, 91, 106, true, true
85678716, 3787424, 9131, 139, 90, 112, true, true
85776749, 3792029, 9131, 138, 89, 113, true, true
86111054, 3807631, 9131, 137, 88, 114, true, true
86671249, 3833275, 9131, 135, 87, 117, true, true
87083308, 3851826, 9131, 134, 86, 119, true, true
87445926, 3868107, 9131, 133, 85, 120, true, true
87459117, 3868749, 9133, 135, 86, 119, true, true
87953232, 3891120, 9133, 134, 85, 122, true, true
88272870, 3905549, 9137, 138, 86, 120, true, true
89039606, 3940455, 9138, 136, 86, 121, true, true
89385169, 3956094, 9139, 137, 87, 117, true, true
89417669, 3957604, 9140, 138, 88, 112, true, true
89520584, 3962273, 9140, 135, 88, 112, true, true
89845106, 3977114, 9141, 135, 88, 109, true, true
90114650, 3989579, 9141, 134, 87, 109, true, true
90671348, 4014885, 9141, 133, 86, 109, true, true
90680035, 4015275, 9142, 133, 86, 107, true, true
91728995, 4061056, 9142, 132, 85, 108, true, true
92610527, 4100370, 9142, 131, 84, 111, true, true
92907788, 4113659, 9144, 133, 85, 111, true, true
93213367, 4127279, 9144, 132, 84, 113, true, true
93873876, 4157891, 9144, 127, 83, 115, true, true
93960606, 4161997, 9144, 126, 82, 115, true, true
93993033, 4163473, 9145, 127, 83, 114, true, true
94009163, 4164163, 9146, 128, 84, 112, true, true
94130602, 4169644, 9147, 129, 85, 112, true, true
94169625, 4171397, 9149, 130, 86, 111, true, true
94287229, 4176633, 9150, 131, 87, 110, true, true
94357613, 4179695, 9150, 129, 86, 110, true, true
94691671, 4194867, 9150, 128, 85, 110, true, true
94701500, 4195277, 9150, 125, 84, 110, true, true
95050657, 4210609, 9151, 124, 85, 109, true, true
95391653, 4226047, 9151, 123, 84, 109, false, true
95536766, 4232360, 9152, 124, 85, 108, false, true
95688113, 4238943, 9153, 125, 86, 104, false, true
95869203, 4246828, 9153, 124, 85, 104, false, true
97011618, 4300089, 9153, 123, 84, 104, false, true
97146557, 4306522, 9155, 125, 85, 103, false, true
97187589, 4308398, 9156, 126, 86, 101, false, true
97200235, 4308993, 9157, 127, 87, 100, false, true
97353323, 4316096, 9157, 126, 86, 100, false, true
98874986, 4387124, 9159, 128, 87, 99, false, true
99113475, 4398129, 9160, 128, 88, 96, false, true
99176257, 4401048, 9160, 127, 87, 96, false, true
99471045, 4414582, 9160, 126, 86, 96, false, true
100609224, 4468115, 9160, 125, 85, 96, false, true
100852168, 4479612, 9161, 126, 86, 95, false, true
102055469, 4536067, 9162, 127, 87, 94, false, true
102682781, 4566767, 9171, 136, 88, 93, false, true
102922244, 4578459, 9171, 135, 87, 93, false, true
103084419, 4586436, 9172, 136, 88, 92, false, true
103102112, 4587272, 9172, 135, 87, 92, false, true
104386416, 4649387, 9172, 134, 86, 92, false, true
104525715, 4656416, 9172, 133, 85, 92, false, true
104572029, 4658802, 9173, 134, 86, 90, false, true
104803160, 4670463, 9173, 133, 85, 90, false, true
104865774, 4673543, 9173, 132, 84, 90, false, true
105461663, 4703357, 9173, 131, 83, 90, false, true
106773992, 4770909, 9173, 129, 82, 90, false, true
107112803, 4787997, 9174, 130, 83, 85, false, true
107462840, 4806476, 9174, 129, 82, 85, false, true
108007214, 4835188, 9178, 132, 82, 84, false, true
108155589, 4843129, 9179, 133, 83, 83, false, true
109247429, 4900243, 9181, 135, 84, 82, false, true
111047675, 4995122, 9182, 136, 85, 81, false, true
111172082, 5001968, 9182, 135, 84, 81, false, true
111305853, 5009160, 9182, 134, 83, 81, false, true
111557090, 5022561, 9182, 133, 82, 81, false, true
112274330, 5061405, 9183, 134, 83, 79, false, true
112366517, 5066381, 9185, 135, 84, 78, false, true
113303989, 5117427, 9187, 136, 84, 76, false, true
114343289, 5173725, 9188, 137, 85, 73, false, true
114613884, 5188640, 9188, 135, 84, 73, false, true
115574723, 5240483, 9189, 136, 85, 71, false, true
116099304, 5269194, 9189, 134, 84, 71, false, true
116206446, 5275210, 9190, 135, 85, 70, false, true
117006698, 5318299, 9191, 136, 86, 64, false, true
117228055, 5329441, 9195, 140, 87, 63, false, true
117343175, 5334991, 9195, 139, 86, 63, false, true
118282532, 5380991, 9195, 138, 85, 63, false, true
118891611, 5413664, 9196, 139, 86, 62, false, true
119022846, 5420885, 9196, 138, 85, 62, false, true
119659667, 5457003, 9199, 141, 86, 61, false, true
120702198, 5515906, 9201, 143, 87, 58, false, true
121008014, 5533230, 9201, 142, 87, 58, false, true
121066074, 5536369, 9202, 143, 88, 57, false, true
121426930, 5556736, 9202, 142, 87, 57, false, true
121434962, 5557245, 9204, 144, 88, 55, false, true
122296955, 5605368, 9204, 140, 87, 55, false, true
122321848, 5606808, 9205, 141, 88, 54, false, true
122355913, 5608747, 9205, 136, 87, 54, false, true
122952679, 5642209, 9205, 135, 86, 54, false, true
123203190, 5655911, 9206, 136, 87, 53, false, true
123380444, 5665481, 9206, 135, 86, 53, false, true
123704910, 5683242, 9208, 136, 87, 52, false, true
124064267, 5702890, 9208, 133, 86, 52, false, true
124399562, 5721088, 9209, 134, 87, 51, false, true
124959210, 5752094, 9209, 133, 86, 51, false, true
125542733, 5783722, 9211, 135, 87, 50, false, true
126926046, 5859551, 9211, 133, 86, 50, false, true
127067829, 5867457, 9212, 134, 87, 48, false, true
127735232, 5904409, 9212, 133, 86, 48, false, true
127875917, 5912382, 9213, 134, 87, 46, false, true
128479371, 5946109, 9215, 136, 88, 45, false, true
128578383, 5951756, 9216, 137, 89, 44, false, true
129474521, 6001277, 9218, 139, 90, 43, false, true
129638104, 6010115, 9219, 140, 91, 42, false, true
130125245, 6036604, 9219, 139, 90, 42, false, true
130453288, 6054632, 9219, 137, 89, 42, false, true
130672584, 6066862, 9219, 136, 88, 42, false, true
131733617, 6125240, 9220, 137, 89, 41, false, true
131743914, 6125813, 9220, 136, 88, 41, false, true
132193698, 6150091, 9220, 135, 87, 41, false, true
132390614, 6160943, 9222, 137, 88, 40, false, true
132599827, 6172362, 9222, 136, 87, 40, false, true
133562295, 6225387, 9222, 135, 86, 40, false, true
135811785, 6350061, 9222, 134, 85, 40, false, true
136194654, 6371757, 9224, 136, 86, 39, false, true
136539430, 6391075, 9226, 138, 87, 37, false, true
137082137, 6421361, 9226, 137, 86, 37, false, true
137124011, 6423526, 9227, 138, 87, 36, false, true
137638721, 6452466, 9227, 136, 86, 36, false, true
137901993, 6467343, 9228, 137, 87, 35, false, true
139014570, 6530574, 9229, 138, 88, 32, false, true
139281762, 6545491, 9229, 136, 87, 32, false, true
139662853, 6566889, 9230, 137, 88, 31, false, true
140178369, 6595802, 9231, 138, 89, 30, false, true
140606582, 6619654, 9231, 137, 88, 30, false, true
140669712, 6623153, 9231, 136, 87, 30, false, true
142313700, 6715110, 9233, 137, 88, 28, false, true
143410908, 6778055, 9233, 135, 87, 28, false, true
143630030, 6790870, 9233, 134, 86, 28, false, true
143632662, 6791042, 9234, 135, 87, 27, false, true
144423574, 6835269, 9235, 136, 88, 26, false, true
144762401, 6854178, 9235, 135, 87, 26, false, true
145632676, 6902805, 9236, 135, 88, 25, false, true
146070618, 6927303, 9237, 136, 89, 23, false, true
146187954, 6934030, 9237, 135, 88, 23, false, true
146940975, 6976595, 9237, 133, 87, 23, false, true
147667564, 7016803, 9238, 134, 88, 22, false, true
148515943, 7064645, 9238, 133, 87, 22, false, true
148755600, 7078346, 9242, 137, 88, 21, false, true
148821576, 7082012, 9242, 136, 88, 21, false, true
149019291, 7093187, 9243, 137, 89, 20, false, true
152237902, 7276299, 9243, 136, 88, 20, false, true
153576836, 7354506, 9243, 135, 87, 20, false, true
153674913, 7360174, 9243, 134, 86, 20, false, true
154976490, 7436207, 9246, 137, 87, 19, false, true
155390579, 7460415, 9247, 138, 88, 16, false, true
155403914, 7461215, 9248, 139, 89, 15, false, true
155464580, 7464813, 9249, 140, 90, 14, false, true
156147410, 7504488, 9249, 139, 89, 14, false, true
156613075, 7530993, 9252, 142, 90, 13, false, true
157152109, 7561924, 9252, 141, 89, 13, false, true
157796277, 7598753, 9255, 143, 90, 12, false, true
157984228, 7609467, 9255, 142, 89, 12, false, true
158041083, 7612685, 9255, 141, 88, 12, false, true
158734360, 7652347, 9256, 142, 89, 11, false, true
159034178, 7669620, 9257, 140, 89, 10, false, true
160028064, 7726458, 9258, 141, 90, 9, false, true
160337387, 7744138, 9258, 140, 89, 9, false, true
160492166, 7753104, 9259, 141, 90, 8, false, true
162333298, 7860679, 9260, 142, 91, 7, false, true
162646926, 7879046, 9260, 141, 90, 7, false, true
163042259, 7902097, 9260, 140, 89, 7, false, true
164157469, 7967980, 9260, 139, 88, 7, false, true
165196330, 8029844, 9261, 140, 89, 6, false, true
166583849, 8113033, 9262, 141, 90, 5, false, true
167068548, 8142255, 9263, 142, 91, 4, false, true
167554292, 8171358, 9263, 141, 90, 4, false, true
167681487, 8178890, 9264, 142, 91, 3, false, true
168170056, 8207696, 9266, 144, 92, 2, false, true
168361066, 8219002, 9266, 143, 91, 2, false, true
168688147, 8238222, 9267, 144, 92, 1, false, true
169234209, 8269913, 9267, 143, 91, 1, false, true
170345478, 8335272, 9267, 142, 90, 1, false, true
171324612, 8394214, 9269, 142, 90, 0, false, true
