time, #execs, #covered, #singletons, #sglt_clusts, #foundnew, done, update?
17, 1, 840, 840, 1, 1, true, true
17, 2, 845, 816, 2, 2, true, true
18, 3, 1073, 354, 3, 3, true, true
19, 4, 1152, 406, 4, 4, true, true
19, 5, 1276, 474, 5, 5, true, true
20, 6, 1330, 491, 6, 6, true, true
21, 7, 1339, 482, 7, 6, true, true
21, 8, 1341, 464, 8, 7, true, true
22, 9, 1372, 470, 9, 8, true, true
23, 10, 1376, 472, 10, 9, true, true
24, 11, 1433, 499, 11, 10, true, true
25, 12, 1469, 499, 12, 11, true, true
26, 13, 2059, 994, 13, 12, true, true
27, 14, 2059, 988, 12, 12, true, true
29, 15, 2115, 655, 13, 12, true, true
30, 16, 2119, 654, 14, 13, true, true
32, 17, 2181, 695, 15, 14, true, true
33, 18, 2188, 670, 16, 15, true, true
34, 19, 2378, 775, 17, 16, true, true
36, 20, 2387, 771, 18, 16, true, true
37, 21, 2416, 793, 19, 17, true, true
38, 22, 2419, 789, 20, 18, true, true
40, 23, 2420, 788, 21, 18, true, true
41, 24, 2460, 825, 21, 19, true, true
43, 25, 2461, 821, 22, 20, true, true
51, 26, 3193, 1249, 23, 21, true, true
54, 29, 3196, 1242, 24, 24, true, true
55, 30, 3196, 1241, 24, 25, true, true
56, 31, 3256, 1244, 25, 25, true, true
58, 32, 3257, 1243, 26, 25, true, true
59, 33, 3316, 1209, 27, 26, true, true
61, 34, 3324, 1214, 28, 27, true, true
62, 35, 3343, 1229, 29, 28, true, true
64, 36, 3345, 1230, 29, 28, true, true
65, 37, 3348, 1226, 30, 29, true, true
66, 38, 3350, 1223, 31, 30, true, true
68, 39, 3367, 981, 32, 31, true, true
70, 41, 3375, 982, 33, 34, true, true
72, 42, 3595, 975, 34, 34, true, true
74, 43, 3601, 957, 35, 35, true, true
76, 44, 3607, 946, 36, 36, true, true
77, 46, 3608, 945, 37, 37, true, true
79, 47, 3610, 945, 38, 38, true, true
80, 48, 3611, 930, 39, 39, true, true
82, 49, 3623, 924, 40, 40, true, true
84, 50, 3664, 949, 41, 41, true, true
86, 51, 3666, 951, 42, 42, true, true
88, 52, 3704, 944, 43, 42, true, true
93, 55, 3713, 945, 41, 47, true, true
94, 56, 3723, 928, 42, 47, true, true
98, 58, 3729, 911, 43, 50, true, true
100, 59, 3733, 907, 44, 50, true, true
102, 61, 3817, 911, 44, 52, true, true
108, 63, 3846, 909, 45, 55, true, true
114, 65, 3847, 910, 46, 56, true, true
116, 66, 3851, 913, 47, 56, true, true
119, 67, 3856, 915, 48, 57, true, true
121, 68, 3881, 889, 49, 58, true, true
124, 69, 3906, 892, 50, 57, true, true
125, 70, 3914, 887, 51, 57, true, true
127, 71, 3921, 884, 52, 57, true, true
129, 72, 3936, 898, 53, 56, true, true
130, 73, 3950, 882, 54, 57, true, true
132, 74, 3955, 887, 55, 58, true, true
134, 75, 3956, 888, 56, 59, true, true
136, 76, 3965, 887, 57, 57, true, true
137, 77, 3966, 883, 58, 57, true, true
139, 78, 3967, 871, 59, 56, true, true
141, 79, 4088, 972, 59, 56, true, true
145, 80, 4090, 974, 60, 57, true, true
147, 81, 4142, 1011, 59, 58, true, true
149, 82, 4167, 1013, 60, 59, true, true
153, 84, 4172, 1009, 61, 61, true, true
156, 85, 4175, 1012, 62, 60, true, true
159, 86, 4178, 1005, 63, 60, true, true
162, 87, 4184, 1009, 64, 60, true, true
165, 88, 4186, 998, 65, 61, true, true
170, 90, 4186, 995, 65, 64, true, true
178, 92, 4188, 997, 66, 63, true, true
182, 93, 4211, 980, 67, 63, true, true
185, 94, 4212, 974, 68, 64, true, true
188, 95, 4213, 975, 69, 64, true, true
193, 96, 4213, 973, 69, 64, true, true
196, 97, 4214, 973, 70, 64, true, true
200, 98, 4363, 1021, 69, 64, true, true
206, 99, 4381, 944, 69, 62, true, true
210, 100, 4388, 938, 69, 62, true, true
213, 101, 4391, 938, 70, 62, true, true
216, 102, 4397, 935, 71, 63, true, true
226, 103, 4397, 917, 71, 65, true, true
232, 104, 4397, 916, 71, 67, true, true
235, 105, 4403, 920, 72, 68, true, true
238, 106, 4405, 921, 73, 68, true, true
241, 107, 4408, 918, 74, 69, true, true
245, 108, 4422, 919, 75, 68, true, true
248, 109, 4422, 917, 75, 69, true, true
251, 110, 4423, 918, 76, 69, true, true
258, 112, 4423, 916, 76, 73, true, true
262, 113, 4423, 905, 76, 74, true, true
267, 114, 4431, 906, 76, 74, true, true
269, 116, 4435, 903, 77, 75, true, true
274, 117, 4438, 904, 78, 76, true, true
278, 119, 4444, 889, 78, 76, true, true
288, 121, 4553, 879, 79, 74, true, true
294, 122, 4578, 896, 79, 74, true, true
300, 123, 4578, 894, 79, 74, true, true
302, 124, 4581, 897, 80, 75, true, true
308, 125, 4582, 898, 81, 74, true, true
321, 126, 4694, 827, 82, 73, true, true
334, 128, 4698, 820, 83, 74, true, true
356, 129, 4698, 818, 82, 75, true, true
366, 130, 4699, 785, 83, 75, true, true
392, 133, 4699, 779, 83, 79, true, true
399, 134, 4714, 767, 84, 79, true, true
408, 135, 4714, 766, 83, 80, true, true
413, 136, 4718, 768, 84, 80, true, true
417, 137, 4722, 766, 84, 80, true, true
422, 138, 4726, 768, 85, 80, true, true
427, 140, 4801, 820, 86, 79, true, true
431, 141, 4805, 821, 86, 79, true, true
439, 142, 4805, 820, 86, 81, true, true
453, 144, 4805, 818, 85, 83, true, true
462, 145, 4806, 812, 85, 82, true, true
467, 146, 4810, 816, 86, 81, true, true
473, 147, 4820, 825, 87, 81, true, true
481, 148, 4820, 824, 86, 82, true, true
485, 149, 4823, 823, 87, 82, true, true
493, 150, 4824, 824, 88, 82, true, true
541, 157, 4853, 830, 88, 94, true, true
548, 159, 4855, 832, 89, 93, true, true
554, 160, 4859, 835, 90, 91, true, true
563, 161, 4860, 836, 91, 91, true, true
592, 162, 4861, 837, 92, 90, true, true
599, 163, 4864, 822, 93, 90, true, true
602, 164, 4870, 823, 93, 90, true, true
609, 165, 4871, 824, 94, 89, true, true
619, 166, 4871, 823, 93, 91, true, true
627, 168, 4880, 830, 94, 92, true, true
633, 169, 4900, 847, 95, 92, true, true
639, 170, 4906, 850, 96, 90, true, true
644, 172, 4907, 850, 96, 91, true, true
649, 173, 4911, 853, 97, 91, true, true
654, 174, 4912, 848, 97, 92, true, true
659, 175, 4937, 840, 97, 91, true, true
663, 176, 4953, 827, 98, 92, true, true
666, 177, 4959, 833, 99, 92, true, true
673, 178, 4962, 829, 100, 92, true, true
682, 180, 4963, 830, 101, 93, true, true
691, 181, 4963, 828, 100, 94, true, true
697, 183, 4968, 818, 101, 93, true, true
704, 184, 4969, 817, 102, 92, true, true
720, 186, 4970, 817, 103, 93, true, true
728, 187, 4971, 817, 104, 93, true, true
733, 188, 4973, 816, 105, 92, true, true
781, 193, 4973, 814, 104, 98, true, true
788, 194, 4973, 811, 103, 100, true, true
793, 195, 4976, 811, 104, 100, true, true
800, 196, 4993, 817, 105, 100, true, true
809, 197, 4993, 816, 104, 101, true, true
818, 198, 4993, 815, 104, 102, true, true
829, 200, 4995, 816, 105, 102, true, true
836, 202, 5000, 820, 106, 102, true, true
845, 203, 5001, 813, 107, 101, true, true
852, 204, 5002, 814, 108, 102, true, true
857, 205, 5004, 813, 109, 99, true, true
869, 206, 5004, 805, 108, 100, true, true
877, 207, 5007, 800, 108, 101, true, true
880, 208, 5008, 800, 108, 100, true, true
885, 209, 5042, 779, 108, 98, true, true
888, 210, 5055, 791, 109, 99, true, true
899, 211, 5055, 787, 108, 100, true, true
929, 212, 5056, 786, 108, 100, true, true
953, 214, 5063, 787, 109, 100, true, true
959, 215, 5070, 786, 109, 99, true, true
983, 218, 5072, 788, 110, 104, true, true
1001, 219, 5074, 787, 111, 104, true, true
1012, 220, 5079, 791, 112, 104, true, true
1019, 221, 5080, 792, 113, 104, true, true
1026, 222, 5081, 790, 113, 103, true, true
1033, 223, 5087, 789, 114, 101, true, true
1041, 224, 5096, 796, 114, 100, true, true
1047, 225, 5097, 797, 115, 100, true, true
1065, 228, 5098, 796, 116, 104, true, true
1075, 229, 5098, 795, 116, 105, true, true
1080, 230, 5100, 796, 117, 104, true, true
1088, 232, 5106, 795, 118, 104, true, true
1101, 233, 5106, 794, 117, 105, true, true
1107, 234, 5108, 796, 118, 103, true, true
1114, 235, 5143, 829, 119, 103, true, true
1172, 242, 5184, 849, 119, 110, true, true
1188, 244, 5186, 851, 120, 111, true, true
1196, 247, 5186, 850, 120, 111, true, true
1202, 248, 5186, 848, 119, 112, true, true
1233, 252, 5186, 837, 119, 117, true, true
1242, 253, 5247, 887, 120, 118, true, true
1256, 255, 5247, 884, 120, 120, true, true
1262, 256, 5249, 884, 121, 120, true, true
1280, 257, 5250, 883, 122, 120, true, true
1312, 259, 5262, 851, 123, 122, true, true
1327, 261, 5263, 852, 124, 123, true, true
1334, 263, 5268, 853, 124, 122, true, true
1341, 264, 5282, 857, 125, 120, true, true
1365, 266, 5282, 856, 125, 123, true, true
1377, 267, 5283, 857, 126, 122, true, true
1385, 269, 5284, 857, 127, 122, true, true
1409, 272, 5285, 858, 128, 123, true, true
1418, 273, 5289, 862, 129, 122, true, true
1460, 275, 5290, 853, 130, 123, true, true
1486, 280, 5307, 867, 130, 121, true, true
1498, 282, 5313, 867, 131, 121, true, true
1504, 283, 5314, 865, 132, 122, true, true
1514, 284, 5314, 863, 132, 122, true, true
1520, 285, 5325, 859, 133, 122, true, true
1585, 290, 5325, 850, 132, 125, true, true
1618, 292, 5325, 846, 132, 126, true, true
1645, 294, 5330, 841, 132, 127, true, true
1666, 295, 5334, 843, 133, 125, true, true
1674, 297, 5336, 843, 133, 125, true, true
1697, 299, 5336, 842, 133, 126, true, true
1708, 301, 5348, 847, 133, 126, true, true
1727, 302, 5351, 846, 134, 124, true, true
1738, 303, 5352, 845, 135, 124, true, true
1748, 304, 5354, 842, 136, 124, true, true
1758, 305, 5355, 840, 137, 122, true, true
1771, 306, 5356, 836, 138, 122, true, true
1780, 307, 5357, 837, 139, 120, true, true
1800, 308, 5358, 833, 140, 120, true, true
1831, 310, 5358, 831, 139, 122, true, true
1841, 311, 5364, 837, 140, 122, true, true
1851, 312, 5366, 839, 141, 122, true, true
1875, 313, 5366, 835, 139, 122, true, true
1927, 319, 5368, 837, 140, 119, true, true
1937, 320, 5370, 832, 141, 120, true, true
1973, 323, 5370, 830, 140, 121, true, true
2004, 325, 5371, 815, 140, 121, true, true
2014, 328, 5372, 816, 141, 120, true, true
2022, 329, 5373, 814, 142, 119, true, true
2030, 331, 5374, 807, 142, 120, true, true
2058, 332, 5376, 760, 143, 120, true, true
2070, 333, 5378, 761, 143, 119, true, true
2105, 336, 5391, 767, 141, 118, true, true
2143, 339, 5392, 767, 142, 117, true, true
2163, 340, 5392, 766, 142, 119, true, true
2174, 341, 5393, 762, 143, 120, true, true
2184, 343, 5394, 762, 143, 118, true, true
2192, 344, 5396, 760, 144, 118, true, true
2204, 345, 5396, 758, 143, 119, true, true
2224, 347, 5396, 757, 142, 120, true, true
2283, 351, 5396, 756, 141, 122, true, true
2322, 352, 5396, 755, 141, 122, true, true
2334, 353, 5397, 756, 142, 123, true, true
2371, 355, 5401, 760, 143, 122, true, true
2424, 357, 5401, 759, 143, 123, true, true
2445, 358, 5402, 756, 144, 123, true, true
2458, 360, 5403, 754, 143, 124, true, true
2534, 362, 5404, 755, 144, 124, true, true
2583, 363, 5404, 753, 143, 124, true, true
2610, 364, 5404, 751, 142, 124, true, true
2729, 369, 5406, 753, 143, 125, true, true
2757, 370, 5406, 751, 143, 126, true, true
2789, 372, 5409, 751, 143, 125, true, true
2814, 374, 5410, 751, 143, 125, true, true
2843, 375, 5410, 745, 142, 125, true, true
2903, 378, 5411, 742, 142, 128, true, true
2983, 382, 5412, 743, 143, 128, true, true
2990, 383, 5416, 743, 144, 129, true, true
3002, 384, 5418, 745, 145, 128, true, true
3022, 385, 5418, 744, 145, 128, true, true
3037, 386, 5418, 743, 145, 128, true, true
3051, 387, 5420, 729, 146, 127, true, true
3060, 388, 5420, 728, 145, 129, true, true
3087, 390, 5421, 729, 146, 127, true, true
3100, 391, 5422, 729, 147, 127, true, true
3134, 392, 5422, 728, 146, 128, true, true
3150, 394, 5425, 730, 147, 127, true, true
3158, 395, 5427, 732, 148, 127, true, true
3179, 397, 5427, 730, 148, 130, true, true
3208, 399, 5431, 732, 148, 129, true, true
3253, 401, 5431, 714, 147, 130, true, true
3281, 403, 5432, 715, 148, 129, true, true
3333, 407, 5434, 713, 149, 132, true, true
3347, 408, 5435, 713, 150, 131, true, true
3360, 410, 5437, 713, 151, 130, true, true
3383, 411, 5438, 713, 152, 130, true, true
3403, 413, 5439, 714, 153, 129, true, true
3427, 414, 5444, 704, 154, 127, true, true
3455, 415, 5444, 703, 154, 128, true, true
3483, 417, 5446, 705, 155, 127, true, true
3511, 419, 5447, 706, 156, 126, true, true
3525, 420, 5447, 705, 156, 127, true, true
3536, 421, 5464, 705, 157, 128, true, true
3576, 423, 5464, 703, 157, 129, true, true
3682, 427, 5465, 703, 157, 130, true, true
3751, 429, 5465, 702, 156, 130, true, true
3778, 431, 5468, 704, 157, 130, true, true
3798, 432, 5469, 699, 157, 127, true, true
3811, 433, 5470, 700, 158, 125, true, true
3820, 434, 5483, 712, 158, 126, true, true
3828, 435, 5486, 715, 159, 126, true, true
3842, 436, 5488, 715, 158, 123, true, true
3859, 437, 5488, 714, 157, 124, true, true
3867, 438, 5492, 717, 158, 124, true, true
3931, 440, 5514, 664, 155, 124, true, true
3940, 441, 5515, 663, 156, 123, true, true
4001, 445, 5515, 662, 155, 125, true, true
4036, 448, 5515, 661, 154, 128, true, true
4052, 449, 5520, 666, 155, 127, true, true
4073, 451, 5521, 667, 156, 128, true, true
4109, 453, 5521, 666, 155, 129, true, true
4126, 454, 5522, 663, 156, 128, true, true
4137, 455, 5528, 640, 156, 127, true, true
4159, 458, 5529, 641, 157, 129, true, true
4193, 461, 5541, 651, 157, 128, true, true
4230, 465, 5542, 652, 158, 129, true, true
4334, 472, 5542, 651, 157, 132, true, true
4384, 475, 5542, 648, 157, 133, true, true
4417, 476, 5542, 647, 157, 134, true, true
4421, 477, 5543, 648, 158, 132, true, true
4426, 479, 5589, 691, 159, 132, true, true
4459, 480, 5589, 690, 158, 132, true, true
4501, 482, 5594, 695, 159, 133, true, true
4513, 483, 5595, 696, 160, 132, true, true
4525, 484, 5597, 693, 161, 133, true, true
4565, 486, 5598, 694, 162, 131, true, true
4590, 488, 5599, 695, 163, 130, true, true
4797, 496, 5599, 694, 162, 132, true, true
4825, 499, 5600, 694, 163, 130, true, true
4896, 502, 5605, 683, 163, 130, true, true
4925, 504, 5606, 684, 164, 130, true, true
4936, 505, 5607, 683, 164, 129, true, true
4967, 506, 5607, 681, 164, 129, true, true
4992, 507, 5613, 685, 165, 129, true, true
5007, 510, 5614, 686, 166, 132, true, true
5046, 512, 5620, 691, 166, 129, true, true
5091, 514, 5624, 695, 167, 128, true, true
5105, 515, 5625, 694, 167, 128, true, true
5148, 516, 5627, 683, 167, 127, true, true
5301, 520, 5628, 669, 167, 126, true, true
5338, 522, 5628, 667, 166, 127, true, true
5352, 524, 5630, 668, 167, 127, true, true
5381, 525, 5630, 667, 166, 127, true, true
5420, 527, 5631, 667, 167, 127, true, true
5460, 529, 5661, 697, 168, 127, true, true
5472, 530, 5668, 685, 169, 125, true, true
5490, 531, 5668, 684, 168, 125, true, true
5504, 532, 5670, 682, 169, 125, true, true
5619, 536, 5670, 681, 169, 128, true, true
5632, 537, 5671, 681, 170, 127, true, true
5663, 538, 5671, 680, 170, 127, true, true
5692, 540, 5672, 681, 171, 125, true, true
5726, 541, 5673, 682, 172, 124, true, true
5760, 543, 5673, 680, 170, 126, true, true
5784, 544, 5673, 679, 169, 127, true, true
5816, 548, 5675, 671, 170, 127, true, true
5847, 550, 5676, 671, 170, 126, true, true
5857, 551, 5677, 671, 170, 125, true, true
5930, 555, 5677, 670, 169, 128, true, true
6069, 563, 5679, 672, 170, 130, true, true
6085, 565, 5680, 673, 171, 131, true, true
6097, 566, 5687, 678, 171, 129, true, true
6127, 567, 5687, 677, 170, 129, true, true
6158, 568, 5687, 676, 169, 129, true, true
6205, 570, 5692, 671, 169, 129, true, true
6226, 571, 5692, 669, 168, 130, true, true
6327, 575, 5692, 668, 167, 135, true, true
6337, 576, 5693, 669, 168, 136, true, true
6364, 577, 5693, 668, 167, 137, true, true
6435, 580, 5697, 672, 168, 136, true, true
6478, 583, 5697, 670, 167, 139, true, true
6487, 584, 5705, 678, 168, 136, true, true
6514, 585, 5706, 673, 169, 135, true, true
6523, 586, 5707, 674, 170, 134, true, true
6660, 591, 5707, 673, 169, 137, true, true
6668, 592, 5709, 674, 169, 136, true, true
6767, 596, 5710, 674, 170, 135, true, true
6881, 602, 5710, 673, 170, 139, true, true
6928, 605, 5712, 675, 171, 137, true, true
6960, 607, 5713, 671, 172, 136, true, true
7013, 610, 5720, 667, 173, 137, true, true
7053, 612, 5721, 668, 174, 137, true, true
7066, 615, 5722, 664, 174, 135, true, true
7115, 618, 5722, 660, 171, 136, true, true
7174, 621, 5723, 643, 172, 136, true, true
7209, 623, 5723, 625, 170, 137, true, true
7428, 628, 5723, 624, 169, 138, true, true
7529, 636, 5732, 628, 170, 140, true, true
7627, 638, 5740, 623, 170, 139, true, true
7653, 639, 5740, 622, 170, 140, true, true
7666, 640, 5741, 623, 171, 140, true, true
7707, 641, 5741, 622, 170, 140, true, true
7752, 642, 5741, 618, 170, 140, true, true
7913, 647, 5742, 619, 171, 142, true, true
8028, 651, 5742, 616, 170, 142, true, true
8139, 658, 5742, 615, 169, 147, true, true
8212, 661, 5742, 614, 168, 148, true, true
8239, 662, 5742, 611, 167, 149, true, true
8268, 663, 5742, 608, 165, 150, true, true
8297, 664, 5742, 607, 164, 150, true, true
8373, 668, 5742, 605, 163, 151, true, true
8404, 671, 5743, 606, 164, 152, true, true
8439, 672, 5743, 605, 164, 152, true, true
8481, 673, 5743, 599, 164, 153, true, true
8531, 679, 5744, 599, 165, 153, true, true
8541, 680, 5745, 600, 166, 151, true, true
8563, 681, 5746, 600, 166, 150, true, true
8579, 682, 5746, 597, 166, 150, true, true
8665, 687, 5747, 598, 167, 150, true, true
8890, 689, 5755, 597, 167, 149, true, true
8967, 693, 5755, 595, 166, 150, true, true
9079, 697, 5763, 596, 166, 149, true, true
9163, 701, 5766, 597, 167, 150, true, true
9217, 705, 5766, 596, 167, 153, true, true
9226, 706, 5768, 597, 168, 150, true, true
9440, 713, 5768, 596, 168, 150, true, true
9455, 714, 5768, 595, 167, 151, true, true
9480, 716, 5768, 593, 167, 152, true, true
9561, 719, 5768, 592, 166, 154, true, true
9595, 720, 5768, 591, 166, 154, true, true
9683, 725, 5768, 590, 165, 158, true, true
9738, 728, 5768, 589, 164, 160, true, true
9795, 730, 5773, 593, 165, 157, true, true
9976, 734, 5776, 591, 165, 158, true, true
10004, 735, 5776, 590, 164, 159, true, true
10142, 738, 5776, 588, 164, 160, true, true
10182, 740, 5777, 589, 165, 159, true, true
10210, 741, 5777, 588, 164, 159, true, true
10225, 742, 5778, 587, 164, 158, true, true
10247, 745, 5778, 579, 162, 162, true, true
10306, 746, 5778, 577, 162, 162, true, true
10423, 752, 5779, 578, 163, 164, true, true
10439, 753, 5779, 577, 163, 164, true, true
10476, 754, 5783, 578, 164, 163, true, true
10485, 755, 5784, 579, 165, 162, true, true
10782, 764, 5801, 592, 166, 163, true, true
10807, 765, 5801, 591, 165, 163, true, true
10832, 766, 5801, 589, 164, 164, true, true
10882, 768, 5802, 586, 164, 165, true, true
10949, 773, 5802, 585, 163, 167, true, true
10984, 775, 5809, 590, 164, 167, true, true
11001, 776, 5814, 595, 165, 166, true, true
11067, 780, 5815, 596, 166, 168, true, true
11081, 781, 5990, 759, 165, 167, true, true
11212, 784, 5990, 756, 164, 170, true, true
11215, 785, 5991, 757, 165, 165, true, true
11410, 793, 5992, 758, 166, 163, true, true
11422, 794, 5992, 757, 165, 163, true, true
11507, 798, 5993, 758, 166, 164, true, true
11570, 801, 5994, 752, 167, 165, true, true
11598, 804, 5994, 751, 167, 165, true, true
11624, 805, 5999, 747, 167, 163, true, true
11687, 808, 6000, 748, 168, 164, true, true
11699, 809, 6017, 755, 169, 163, true, true
11724, 810, 6017, 754, 169, 163, true, true
11762, 812, 6018, 752, 170, 163, true, true
11783, 813, 6018, 750, 170, 163, true, true
11830, 815, 6018, 749, 170, 163, true, true
11941, 819, 6018, 748, 169, 163, true, true
12003, 822, 6018, 747, 168, 163, true, true
12078, 824, 6018, 745, 168, 163, true, true
12335, 830, 6020, 737, 167, 164, true, true
12520, 837, 6020, 736, 167, 168, true, true
12550, 839, 6022, 738, 168, 167, true, true
12607, 841, 6025, 740, 169, 162, true, true
12619, 842, 6026, 739, 169, 161, true, true
12775, 849, 6026, 737, 169, 166, true, true
12817, 851, 6031, 741, 169, 164, true, true
12845, 852, 6031, 739, 168, 164, true, true
12987, 860, 6031, 738, 167, 167, true, true
13064, 864, 6031, 737, 167, 169, true, true
13116, 867, 6032, 738, 168, 167, true, true
13125, 868, 6034, 740, 169, 166, true, true
13160, 869, 6034, 739, 169, 167, true, true
13169, 870, 6038, 743, 170, 164, true, true
13250, 871, 6038, 741, 169, 164, true, true
13316, 872, 6038, 738, 168, 165, true, true
13510, 876, 6040, 736, 169, 166, true, true
13529, 877, 6054, 749, 170, 164, true, true
13556, 878, 6056, 751, 171, 163, true, true
13754, 884, 6056, 750, 170, 168, true, true
13821, 887, 6064, 753, 171, 168, true, true
13851, 889, 6064, 752, 170, 169, true, true
13864, 890, 6064, 748, 170, 170, true, true
13876, 891, 6066, 749, 171, 166, true, true
13932, 894, 6067, 750, 172, 167, true, true
14147, 901, 6070, 753, 173, 167, true, true
14197, 902, 6070, 752, 172, 167, true, true
14240, 903, 6070, 748, 172, 168, true, true
14349, 907, 6070, 746, 172, 171, true, true
14449, 911, 6072, 748, 173, 169, true, true
14481, 913, 6079, 749, 174, 166, true, true
14491, 914, 6080, 750, 175, 165, true, true
14523, 916, 6106, 776, 176, 164, true, true
14547, 917, 6107, 774, 176, 163, true, true
14635, 921, 6107, 771, 176, 164, true, true
14664, 923, 6107, 766, 176, 164, true, true
14710, 924, 6107, 764, 176, 164, true, true
14875, 930, 6110, 767, 177, 164, true, true
14980, 934, 6110, 766, 176, 164, true, true
15000, 935, 6112, 768, 177, 164, true, true
15041, 936, 6112, 767, 176, 165, true, true
15122, 938, 6114, 769, 177, 164, true, true
15373, 944, 6114, 768, 176, 167, true, true
15536, 948, 6121, 774, 176, 167, true, true
15665, 951, 6121, 773, 176, 168, true, true
15697, 952, 6121, 772, 176, 169, true, true
15766, 955, 6122, 773, 177, 169, true, true
15918, 962, 6123, 774, 178, 172, true, true
15944, 963, 6124, 775, 179, 172, true, true
16044, 965, 6124, 774, 178, 172, true, true
16080, 967, 6125, 773, 178, 171, true, true
16108, 968, 6127, 772, 179, 169, true, true
16410, 979, 6127, 771, 179, 169, true, true
16521, 982, 6127, 769, 178, 169, true, true
16595, 986, 6127, 768, 178, 170, true, true
16624, 987, 6127, 767, 177, 171, true, true
16663, 988, 6127, 766, 177, 171, true, true
16772, 992, 6128, 767, 178, 170, true, true
16913, 997, 6131, 770, 179, 171, true, true
16993, 999, 6131, 769, 178, 172, true, true
17300, 1007, 6131, 767, 178, 175, true, true
17330, 1008, 6132, 768, 179, 175, true, true
17454, 1014, 6132, 767, 178, 178, true, true
17468, 1016, 6133, 737, 177, 178, true, true
17523, 1018, 6144, 747, 178, 178, true, true
17543, 1019, 6145, 748, 179, 176, true, true
17589, 1022, 6146, 748, 180, 175, true, true
17789, 1029, 6148, 746, 180, 174, true, true
18291, 1044, 6148, 738, 179, 182, true, true
18358, 1047, 6148, 737, 179, 183, true, true
18744, 1052, 6148, 733, 179, 186, true, true
18780, 1053, 6161, 744, 178, 185, true, true
18942, 1057, 6162, 745, 179, 183, true, true
19156, 1064, 6163, 745, 180, 184, true, true
19302, 1068, 6163, 744, 180, 186, true, true
19334, 1070, 6163, 727, 179, 188, true, true
19528, 1077, 6194, 738, 178, 188, true, true
19542, 1079, 6195, 739, 179, 186, true, true
19661, 1083, 6203, 746, 180, 184, true, true
19748, 1086, 6207, 747, 180, 185, true, true
19819, 1090, 6208, 747, 181, 183, true, true
19970, 1096, 6210, 748, 182, 180, true, true
20183, 1102, 6210, 747, 181, 182, true, true
20332, 1107, 6214, 750, 182, 182, true, true
20349, 1108, 6215, 750, 182, 181, true, true
20613, 1121, 6218, 752, 183, 183, true, true
20624, 1122, 6219, 753, 184, 181, true, true
20680, 1125, 6221, 754, 184, 178, true, true
20713, 1126, 6221, 753, 183, 178, true, true
20725, 1127, 6222, 754, 184, 178, true, true
20744, 1128, 6223, 755, 185, 177, true, true
20852, 1131, 6224, 756, 186, 175, true, true
20943, 1137, 6226, 758, 187, 174, true, true
21041, 1141, 6228, 728, 186, 173, true, true
21053, 1143, 6228, 727, 186, 173, true, true
21108, 1145, 6228, 725, 186, 174, true, true
21115, 1146, 6229, 725, 186, 172, true, true
21142, 1147, 6230, 723, 186, 171, true, true
21204, 1151, 6231, 723, 186, 171, true, true
21224, 1152, 6232, 724, 187, 169, true, true
21286, 1154, 6235, 725, 188, 169, true, true
21496, 1161, 6236, 726, 189, 170, true, true
21521, 1162, 6238, 726, 190, 168, true, true
21605, 1165, 6240, 727, 190, 166, true, true
21805, 1171, 6240, 725, 190, 167, true, true
21964, 1174, 6242, 727, 191, 166, true, true
22050, 1177, 6242, 726, 190, 169, true, true
22103, 1179, 6242, 724, 189, 170, true, true
22200, 1182, 6244, 724, 189, 170, true, true
22489, 1192, 6245, 725, 190, 172, true, true
22537, 1193, 6246, 726, 191, 170, true, true
22632, 1196, 6246, 723, 190, 170, true, true
22645, 1197, 6252, 727, 191, 169, true, true
22663, 1199, 6253, 728, 192, 167, true, true
22926, 1208, 6253, 727, 192, 169, true, true
23134, 1215, 6254, 728, 193, 171, true, true
23353, 1217, 6254, 726, 192, 173, true, true
23420, 1219, 6258, 727, 192, 172, true, true
23658, 1223, 6258, 726, 191, 172, true, true
24052, 1233, 6258, 724, 191, 172, true, true
24204, 1238, 6258, 723, 190, 176, true, true
24291, 1241, 6258, 720, 189, 176, true, true
24333, 1244, 6267, 727, 190, 176, true, true
24560, 1250, 6267, 725, 188, 177, true, true
24577, 1251, 6268, 726, 189, 176, true, true
24710, 1258, 6268, 725, 188, 177, true, true
24950, 1265, 6268, 724, 187, 183, true, true
25139, 1274, 6276, 725, 186, 182, true, true
25220, 1276, 6276, 724, 185, 182, true, true
25234, 1277, 6277, 725, 186, 181, true, true
25288, 1279, 6279, 727, 187, 178, true, true
25479, 1285, 6281, 729, 188, 177, true, true
25515, 1287, 6282, 730, 189, 177, true, true
25692, 1294, 6282, 729, 189, 178, true, true
25762, 1296, 6282, 728, 188, 178, true, true
25918, 1301, 6282, 727, 187, 180, true, true
25981, 1302, 6282, 726, 187, 180, true, true
26080, 1305, 6285, 725, 188, 180, true, true
26179, 1308, 6286, 726, 189, 180, true, true
26269, 1311, 6287, 724, 189, 181, true, true
26305, 1312, 6290, 727, 190, 178, true, true
26317, 1313, 6293, 730, 191, 170, true, true
26394, 1317, 6295, 732, 192, 168, true, true
26499, 1323, 6295, 731, 192, 169, true, true
26558, 1325, 6296, 732, 193, 165, true, true
26782, 1333, 6296, 729, 192, 169, true, true
26859, 1335, 6296, 727, 191, 170, true, true
26910, 1337, 6296, 726, 190, 170, true, true
27339, 1346, 6296, 724, 189, 170, true, true
27658, 1357, 6297, 720, 190, 171, true, true
27793, 1358, 6297, 719, 190, 171, true, true
27826, 1359, 6297, 718, 189, 171, true, true
27895, 1362, 6298, 719, 190, 169, true, true
27960, 1365, 6298, 718, 189, 172, true, true
27972, 1366, 6299, 719, 190, 169, true, true
28331, 1376, 6299, 716, 190, 171, true, true
28382, 1377, 6299, 715, 190, 171, true, true
28540, 1381, 6301, 717, 191, 172, true, true
29081, 1395, 6302, 718, 192, 172, true, true
29223, 1401, 6303, 718, 192, 171, true, true
29246, 1402, 6303, 717, 191, 171, true, true
29261, 1403, 6305, 718, 191, 170, true, true
29315, 1406, 6305, 717, 190, 173, true, true
29381, 1408, 6306, 718, 191, 172, true, true
29780, 1420, 6306, 714, 191, 175, true, true
29894, 1427, 6307, 715, 192, 172, true, true
29950, 1430, 6308, 715, 193, 172, true, true
30118, 1434, 6309, 716, 194, 173, true, true
30192, 1436, 6310, 715, 195, 171, true, true
30251, 1439, 6310, 714, 194, 171, true, true
30398, 1443, 6312, 716, 195, 171, true, true
30435, 1445, 6313, 717, 196, 168, true, true
30537, 1448, 6313, 716, 195, 169, true, true
30601, 1450, 6325, 727, 195, 169, true, true
30693, 1453, 6326, 728, 196, 167, true, true
30972, 1466, 6334, 735, 197, 167, true, true
30995, 1467, 6337, 738, 198, 163, true, true
31022, 1468, 6337, 737, 198, 164, true, true
31093, 1470, 6337, 735, 197, 164, true, true
31160, 1473, 6339, 736, 197, 164, true, true
31417, 1480, 6340, 736, 198, 161, true, true
31630, 1488, 6341, 734, 198, 163, true, true
31675, 1489, 6341, 720, 197, 163, true, true
31702, 1490, 6341, 718, 196, 164, true, true
31829, 1494, 6342, 719, 197, 161, true, true
32080, 1501, 6342, 718, 197, 164, true, true
32133, 1503, 6347, 723, 198, 160, true, true
32701, 1518, 6347, 722, 197, 164, true, true
32818, 1521, 6347, 720, 196, 164, true, true
32899, 1522, 6347, 716, 195, 164, true, true
33087, 1526, 6347, 715, 194, 164, true, true
33196, 1531, 6348, 716, 195, 164, true, true
33278, 1534, 6351, 718, 196, 162, true, true
33318, 1536, 6351, 717, 195, 162, true, true
33411, 1541, 6352, 718, 196, 162, true, true
33448, 1542, 6354, 720, 197, 161, true, true
33590, 1545, 6354, 719, 197, 162, true, true
33695, 1548, 6354, 718, 196, 162, true, true
33780, 1551, 6357, 720, 197, 161, true, true
33845, 1554, 6357, 719, 196, 161, true, true
34000, 1557, 6359, 721, 197, 160, true, true
34043, 1560, 6360, 722, 198, 161, true, true
34118, 1563, 6361, 723, 199, 161, true, true
34204, 1565, 6362, 724, 200, 160, true, true
34322, 1568, 6362, 723, 199, 160, true, true
34528, 1575, 6362, 719, 199, 162, true, true
35124, 1589, 6363, 720, 200, 163, true, true
35410, 1598, 6364, 721, 201, 163, true, true
35564, 1601, 6364, 720, 200, 164, true, true
35986, 1615, 6366, 722, 201, 165, true, true
36257, 1622, 6367, 723, 202, 164, true, true
37377, 1653, 6367, 722, 201, 170, true, true
37649, 1658, 6367, 721, 200, 170, true, true
37665, 1659, 6368, 722, 201, 167, true, true
37897, 1662, 6369, 723, 202, 165, true, true
37922, 1664, 6371, 725, 203, 163, true, true
37983, 1667, 6371, 722, 202, 163, true, true
38069, 1669, 6371, 721, 201, 163, true, true
38133, 1671, 6379, 729, 202, 163, true, true
38597, 1685, 6379, 728, 201, 165, true, true
38628, 1686, 6379, 726, 201, 165, true, true
38849, 1695, 6379, 720, 200, 165, true, true
38920, 1697, 6380, 721, 201, 163, true, true
39021, 1699, 6380, 719, 200, 163, true, true
39121, 1701, 6380, 717, 199, 163, true, true
39717, 1717, 6380, 716, 198, 166, true, true
39852, 1720, 6380, 715, 197, 167, true, true
39860, 1721, 6385, 719, 198, 165, true, true
39924, 1723, 6387, 720, 198, 163, true, true
40070, 1727, 6387, 715, 198, 164, true, true
40399, 1738, 6389, 717, 199, 167, true, true
40606, 1744, 6390, 717, 199, 159, true, true
40702, 1748, 6390, 715, 198, 159, true, true
40729, 1749, 6390, 714, 197, 160, true, true
40792, 1752, 6391, 715, 198, 159, true, true
41005, 1759, 6391, 714, 197, 159, true, true
41024, 1760, 6392, 715, 198, 158, true, true
41071, 1763, 6393, 716, 199, 153, true, true
41084, 1764, 6393, 715, 198, 153, true, true
41152, 1766, 6393, 714, 198, 153, true, true
41183, 1767, 6394, 715, 199, 151, true, true
41544, 1777, 6396, 717, 200, 155, true, true
41592, 1779, 6396, 715, 199, 155, true, true
41832, 1786, 6397, 713, 199, 156, true, true
41919, 1788, 6403, 717, 200, 157, true, true
41944, 1790, 6403, 716, 199, 158, true, true
42109, 1793, 6403, 715, 198, 158, true, true
42159, 1794, 6403, 712, 197, 158, true, true
42537, 1806, 6405, 714, 198, 158, true, true
42609, 1809, 6422, 701, 199, 157, true, true
42646, 1811, 6423, 701, 200, 152, true, true
43031, 1821, 6424, 702, 201, 151, true, true
43408, 1833, 6424, 701, 200, 152, true, true
43431, 1834, 6424, 700, 199, 153, true, true
43561, 1836, 6424, 699, 198, 153, true, true
44449, 1862, 6424, 698, 197, 158, true, true
44667, 1870, 6424, 697, 196, 162, true, true
44748, 1875, 6429, 702, 197, 159, true, true
44859, 1879, 6431, 704, 198, 158, true, true
44878, 1880, 6432, 703, 198, 156, true, true
45000, 1885, 6433, 702, 199, 156, true, true
45211, 1891, 6433, 700, 198, 156, true, true
45493, 1899, 6434, 701, 199, 157, true, true
45591, 1904, 6435, 701, 200, 156, true, true
46230, 1905, 6436, 694, 201, 155, true, true
46991, 1908, 6436, 693, 200, 157, true, true
47488, 1913, 6437, 690, 201, 156, true, true
47518, 1914, 6437, 689, 200, 156, true, true
47598, 1916, 6438, 690, 201, 155, true, true
47694, 1918, 6438, 689, 200, 155, true, true
47767, 1920, 6439, 690, 201, 154, true, true
47898, 1925, 6440, 690, 202, 153, true, true
48479, 1942, 6440, 689, 202, 155, true, true
49688, 1964, 6440, 688, 202, 159, true, true
49707, 1965, 6441, 688, 202, 156, true, true
50183, 1978, 6441, 687, 202, 160, true, true
50305, 1982, 6441, 686, 201, 160, true, true
50570, 1993, 6441, 685, 201, 165, true, true
50658, 1997, 6441, 684, 200, 166, true, true
50794, 2000, 6441, 682, 200, 167, true, true
51051, 2007, 6442, 682, 200, 166, true, true
51254, 2013, 6449, 689, 201, 163, true, true
51304, 2014, 6449, 688, 200, 163, true, true
51400, 2016, 6449, 687, 199, 164, true, true
51708, 2025, 6450, 688, 200, 164, true, true
51763, 2028, 6451, 689, 201, 163, true, true
51778, 2029, 6452, 690, 202, 160, true, true
52548, 2054, 6452, 689, 201, 166, true, true
52936, 2064, 6452, 688, 200, 168, true, true
52953, 2066, 6453, 688, 200, 166, true, true
53037, 2069, 6453, 687, 199, 166, true, true
53088, 2072, 6455, 689, 200, 165, true, true
53119, 2073, 6455, 688, 199, 165, true, true
53228, 2077, 6455, 687, 198, 166, true, true
53550, 2086, 6455, 675, 198, 168, true, true
53787, 2092, 6455, 674, 197, 170, true, true
53950, 2096, 6455, 673, 196, 172, true, true
54227, 2102, 6456, 674, 197, 170, true, true
55236, 2111, 6458, 676, 198, 170, true, true
55374, 2114, 6458, 675, 198, 171, true, true
55397, 2115, 6459, 670, 198, 171, true, true
55555, 2118, 6459, 669, 197, 171, true, true
55668, 2120, 6459, 668, 196, 171, true, true
55851, 2124, 6459, 667, 195, 171, true, true
55881, 2125, 6459, 666, 194, 172, true, true
55953, 2127, 6460, 667, 195, 171, true, true
56082, 2131, 6460, 666, 194, 172, true, true
56317, 2138, 6460, 665, 193, 172, true, true
56410, 2140, 6461, 641, 194, 171, true, true
56570, 2146, 6462, 642, 195, 172, true, true
57049, 2162, 6462, 641, 195, 176, true, true
57211, 2168, 6462, 640, 195, 177, true, true
57870, 2186, 6466, 630, 195, 175, true, true
58243, 2195, 6466, 629, 194, 177, true, true
58492, 2203, 6466, 628, 193, 177, true, true
58686, 2210, 6476, 636, 193, 177, true, true
58931, 2216, 6476, 634, 193, 177, true, true
59063, 2219, 6476, 633, 192, 178, true, true
59168, 2222, 6476, 631, 191, 178, true, true
59639, 2234, 6480, 634, 191, 178, true, true
60127, 2243, 6480, 633, 190, 178, true, true
60157, 2244, 6482, 634, 191, 174, true, true
60251, 2246, 6482, 633, 190, 174, true, true
60522, 2253, 6483, 633, 190, 171, true, true
60819, 2260, 6483, 631, 189, 171, true, true
62275, 2285, 6483, 630, 188, 173, true, true
62348, 2287, 6485, 632, 189, 174, true, true
62849, 2297, 6486, 633, 190, 174, true, true
63261, 2307, 6486, 627, 189, 175, true, true
63322, 2309, 6488, 628, 190, 173, true, true
63390, 2311, 6489, 628, 190, 172, true, true
64218, 2328, 6489, 627, 190, 176, true, true
64537, 2337, 6489, 626, 189, 178, true, true
64941, 2351, 6489, 625, 188, 178, true, true
65087, 2354, 6489, 624, 187, 178, true, true
65154, 2355, 6489, 623, 186, 179, true, true
65190, 2356, 6490, 624, 187, 178, true, true
65302, 2361, 6492, 626, 188, 177, true, true
65521, 2367, 6493, 627, 189, 175, true, true
65766, 2372, 6493, 626, 188, 176, true, true
65950, 2378, 6493, 619, 188, 179, true, true
65953, 2379, 6494, 620, 189, 175, true, true
66978, 2401, 6495, 621, 190, 176, true, true
67004, 2402, 6496, 622, 191, 174, true, true
67673, 2421, 6496, 621, 191, 175, true, true
67709, 2424, 6497, 621, 191, 171, true, true
67952, 2430, 6497, 620, 190, 172, true, true
68017, 2432, 6498, 620, 190, 171, true, true
68119, 2434, 6498, 619, 189, 172, true, true
68790, 2451, 6498, 618, 188, 176, true, true
69304, 2469, 6499, 619, 189, 177, true, true
69419, 2473, 6500, 620, 190, 175, true, true
69626, 2475, 6500, 619, 189, 176, true, true
70134, 2488, 6501, 620, 190, 173, true, true
70169, 2490, 6501, 619, 189, 173, true, true
70332, 2496, 6501, 617, 188, 174, true, true
70404, 2499, 6501, 615, 187, 175, true, true
70917, 2512, 6503, 617, 188, 179, true, true
70992, 2514, 6503, 614, 187, 180, true, true
71358, 2522, 6504, 615, 188, 179, true, true
71410, 2524, 6508, 619, 189, 176, true, true
71523, 2527, 6510, 618, 188, 174, true, true
71538, 2528, 6511, 619, 189, 172, true, true
71585, 2529, 6511, 618, 189, 172, true, true
71923, 2540, 6512, 619, 190, 169, true, true
72393, 2553, 6515, 622, 191, 170, true, true
72604, 2560, 6515, 621, 190, 170, true, true
73049, 2572, 6516, 622, 191, 169, true, true
73117, 2573, 6516, 621, 190, 169, true, true
73217, 2574, 6516, 620, 189, 169, true, true
73430, 2578, 6516, 619, 189, 169, true, true
73699, 2585, 6517, 619, 190, 167, true, true
74237, 2601, 6518, 617, 191, 166, true, true
74558, 2609, 6525, 624, 192, 166, true, true
74596, 2610, 6525, 623, 191, 168, true, true
74696, 2613, 6527, 623, 192, 168, true, true
74882, 2619, 6528, 624, 193, 167, true, true
75187, 2627, 6529, 625, 194, 166, true, true
75464, 2637, 6530, 626, 195, 164, true, true
75813, 2648, 6530, 625, 194, 165, true, true
75904, 2652, 6530, 624, 193, 166, true, true
76322, 2660, 6531, 625, 194, 166, true, true
76749, 2669, 6532, 626, 195, 167, true, true
77494, 2695, 6534, 618, 195, 174, true, true
77992, 2712, 6537, 621, 196, 177, true, true
78417, 2724, 6537, 620, 195, 178, true, true
78525, 2729, 6537, 613, 193, 178, true, true
78554, 2730, 6537, 612, 192, 179, true, true
78572, 2731, 6537, 611, 191, 179, true, true
78954, 2739, 6537, 609, 190, 181, true, true
78988, 2740, 6539, 600, 190, 179, true, true
79560, 2752, 6543, 604, 191, 179, true, true
79692, 2757, 6544, 605, 192, 176, true, true
79756, 2758, 6544, 602, 191, 176, true, true
79802, 2759, 6544, 598, 190, 176, true, true
79923, 2763, 6545, 599, 191, 175, true, true
80156, 2771, 6546, 600, 192, 175, true, true
80504, 2780, 6546, 599, 191, 175, true, true
80881, 2789, 6546, 598, 190, 178, true, true
81424, 2807, 6547, 597, 191, 176, true, true
81474, 2809, 6559, 608, 192, 175, true, true
81566, 2811, 6560, 609, 193, 172, true, true
81584, 2813, 6561, 610, 194, 171, true, true
82202, 2834, 6588, 630, 193, 171, true, true
82488, 2840, 6588, 629, 192, 172, true, true
82535, 2841, 6588, 628, 192, 172, true, true
82798, 2851, 6590, 629, 193, 170, true, true
83073, 2859, 6590, 628, 192, 170, true, true
83174, 2861, 6590, 627, 191, 170, true, true
84149, 2880, 6590, 626, 190, 172, true, true
84897, 2895, 6591, 620, 191, 173, true, true
85012, 2898, 6591, 618, 190, 173, true, true
85904, 2928, 6592, 619, 191, 174, true, true
85953, 2931, 6595, 621, 191, 172, true, true
86539, 2946, 6597, 623, 192, 173, true, true
87242, 2970, 6598, 622, 192, 173, true, true
87300, 2973, 6599, 623, 193, 170, true, true
87860, 2993, 6601, 625, 194, 172, true, true
88030, 2998, 6617, 631, 194, 172, true, true
88398, 3009, 6618, 632, 195, 171, true, true
89187, 3029, 6618, 631, 194, 171, true, true
89503, 3037, 6618, 629, 193, 171, true, true
90553, 3061, 6623, 634, 194, 174, true, true
91212, 3078, 6626, 637, 195, 174, true, true
91302, 3084, 6626, 636, 195, 175, true, true
92256, 3118, 6627, 637, 196, 174, true, true
92268, 3119, 6627, 636, 195, 174, true, true
92368, 3121, 6627, 635, 194, 175, true, true
92469, 3126, 6627, 634, 193, 176, true, true
92523, 3128, 6627, 631, 192, 176, true, true
93036, 3146, 6629, 626, 193, 177, true, true
93310, 3152, 6629, 622, 192, 177, true, true
93360, 3153, 6630, 623, 193, 175, true, true
94473, 3181, 6630, 620, 192, 178, true, true
94680, 3186, 6633, 623, 193, 176, true, true
95322, 3194, 6633, 622, 192, 177, true, true
95881, 3207, 6633, 620, 191, 177, true, true
96203, 3215, 6633, 619, 190, 177, true, true
96402, 3220, 6634, 620, 191, 172, true, true
96586, 3224, 6635, 621, 192, 170, true, true
96744, 3227, 6635, 620, 191, 170, true, true
97107, 3235, 6636, 621, 192, 167, true, true
97207, 3237, 6639, 622, 193, 166, true, true
97909, 3256, 6639, 621, 192, 166, true, true
97969, 3257, 6639, 620, 191, 166, true, true
98185, 3261, 6639, 614, 190, 167, true, true
98340, 3266, 6640, 615, 191, 165, true, true
98386, 3267, 6640, 614, 191, 165, true, true
98537, 3270, 6641, 615, 192, 164, true, true
99057, 3278, 6641, 613, 191, 165, true, true
99645, 3293, 6641, 612, 190, 168, true, true
99853, 3299, 6643, 614, 191, 167, true, true
99871, 3300, 6644, 613, 192, 166, true, true
100774, 3318, 6644, 612, 192, 166, true, true
101351, 3332, 6644, 611, 191, 166, true, true
101649, 3339, 6644, 610, 191, 166, true, true
101796, 3343, 6644, 607, 189, 166, true, true
102846, 3368, 6644, 606, 188, 169, true, true
102990, 3376, 6644, 605, 187, 170, true, true
104415, 3406, 6644, 604, 186, 173, true, true
104430, 3407, 6645, 605, 187, 169, true, true
104971, 3421, 6646, 606, 188, 164, true, true
105292, 3427, 6646, 604, 187, 164, true, true
105601, 3437, 6646, 603, 186, 165, true, true
106423, 3453, 6646, 602, 185, 166, true, true
106724, 3460, 6646, 601, 184, 166, true, true
106797, 3463, 6646, 599, 183, 166, true, true
106857, 3466, 6646, 598, 182, 166, true, true
108200, 3497, 6652, 604, 183, 166, true, true
110122, 3535, 6654, 606, 184, 165, true, true
110522, 3541, 6654, 605, 183, 166, true, true
110716, 3547, 6654, 604, 182, 167, true, true
111105, 3554, 6666, 606, 182, 165, true, true
111362, 3559, 6666, 604, 181, 165, true, true
111572, 3563, 6667, 605, 182, 166, true, true
111844, 3567, 6667, 604, 181, 167, true, true
112174, 3573, 6667, 603, 181, 167, true, true
112269, 3574, 6667, 602, 180, 167, true, true
112325, 3576, 6667, 600, 179, 167, true, true
112344, 3577, 6668, 601, 180, 166, true, true
113058, 3596, 6669, 602, 181, 166, true, true
114022, 3619, 6669, 587, 181, 168, true, true
114184, 3622, 6669, 585, 179, 168, true, true
114961, 3641, 6669, 584, 178, 169, true, true
115420, 3648, 6669, 583, 178, 171, true, true
115917, 3657, 6670, 584, 179, 171, true, true
116684, 3668, 6670, 583, 178, 171, true, true
116804, 3671, 6670, 582, 178, 171, true, true
117037, 3679, 6670, 581, 178, 172, true, true
117160, 3681, 6670, 580, 178, 172, true, true
117447, 3687, 6673, 583, 179, 171, true, true
117549, 3689, 6673, 582, 178, 171, true, true
118068, 3698, 6673, 577, 177, 171, true, true
118450, 3705, 6674, 577, 178, 169, true, true
119449, 3726, 6674, 576, 177, 171, true, true
119648, 3729, 6675, 577, 178, 169, true, true
119700, 3730, 6675, 576, 177, 170, true, true
119721, 3731, 6680, 581, 178, 163, true, true
120147, 3740, 6680, 571, 177, 163, true, true
120344, 3746, 6683, 555, 178, 161, true, true
120709, 3756, 6683, 554, 177, 162, true, true
121839, 3778, 6683, 553, 176, 164, true, true
122308, 3787, 6688, 552, 177, 164, true, true
122450, 3790, 6690, 553, 177, 163, true, true
124036, 3811, 6692, 555, 178, 164, true, true
124152, 3813, 6692, 554, 177, 164, true, true
125121, 3830, 6692, 545, 176, 166, true, true
125583, 3840, 6693, 544, 176, 164, true, true
125799, 3844, 6694, 545, 177, 162, true, true
126393, 3863, 6697, 548, 178, 164, true, true
127045, 3881, 6698, 549, 179, 164, true, true
127919, 3903, 6698, 548, 178, 166, true, true
128344, 3913, 6699, 547, 178, 165, true, true
128580, 3921, 6700, 548, 179, 164, true, true
128740, 3925, 6700, 547, 179, 164, true, true
128962, 3928, 6700, 546, 178, 166, true, true
129132, 3931, 6700, 545, 177, 167, true, true
129274, 3936, 6701, 546, 178, 165, true, true
129621, 3946, 6704, 548, 179, 165, true, true
129933, 3951, 6704, 547, 178, 166, true, true
130020, 3954, 6704, 543, 178, 167, true, true
130750, 3971, 6705, 542, 178, 165, true, true
130810, 3973, 6706, 542, 179, 164, true, true
131106, 3978, 6706, 541, 178, 165, true, true
131470, 3987, 6715, 550, 179, 164, true, true
131948, 3998, 6716, 551, 180, 163, true, true
133066, 4023, 6716, 549, 178, 167, true, true
133412, 4029, 6717, 550, 179, 165, true, true
133960, 4042, 6718, 551, 180, 163, true, true
134281, 4048, 6719, 552, 181, 159, true, true
135225, 4070, 6722, 555, 182, 161, true, true
135398, 4073, 6722, 554, 181, 162, true, true
135480, 4075, 6722, 552, 179, 162, true, true
135695, 4080, 6722, 550, 178, 163, true, true
135770, 4083, 6723, 551, 179, 162, true, true
136321, 4096, 6723, 550, 178, 163, true, true
139346, 4141, 6723, 549, 177, 166, true, true
140027, 4152, 6723, 548, 177, 167, true, true
140470, 4162, 6725, 550, 178, 166, true, true
140547, 4164, 6727, 552, 179, 164, true, true
140734, 4174, 6728, 553, 180, 163, true, true
140754, 4176, 6729, 554, 181, 159, true, true
141130, 4187, 6729, 552, 180, 159, true, true
141147, 4188, 6730, 553, 181, 158, true, true
143271, 4236, 6730, 548, 180, 162, true, true
143914, 4249, 6734, 552, 181, 162, true, true
145735, 4283, 6735, 552, 181, 159, true, true
146566, 4301, 6735, 551, 180, 162, true, true
146652, 4302, 6735, 548, 179, 162, true, true
147182, 4314, 6737, 550, 180, 161, true, true
147369, 4318, 6738, 551, 181, 160, true, true
148996, 4353, 6738, 550, 180, 162, true, true
149610, 4366, 6738, 549, 179, 162, true, true
149972, 4372, 6738, 548, 178, 163, true, true
150228, 4381, 6738, 547, 177, 163, true, true
150582, 4387, 6738, 546, 176, 164, true, true
150739, 4389, 6739, 547, 177, 162, true, true
151969, 4410, 6739, 546, 177, 163, true, true
152000, 4411, 6739, 545, 176, 163, true, true
152519, 4418, 6740, 543, 176, 162, true, true
153680, 4436, 6742, 545, 177, 160, true, true
154375, 4449, 6744, 547, 178, 160, true, true
154954, 4460, 6747, 550, 179, 160, true, true
156536, 4490, 6747, 549, 178, 162, true, true
157296, 4507, 6747, 548, 177, 163, true, true
158620, 4534, 6749, 549, 178, 160, true, true
158791, 4538, 6750, 549, 178, 159, true, true
159256, 4548, 6750, 548, 177, 159, true, true
159544, 4555, 6750, 547, 176, 159, true, true
159859, 4563, 6750, 541, 175, 159, true, true
160284, 4571, 6750, 540, 174, 159, true, true
160387, 4574, 6751, 541, 175, 159, true, true
161402, 4592, 6752, 541, 175, 158, true, true
162349, 4614, 6753, 542, 176, 157, true, true
162778, 4626, 6754, 543, 177, 158, true, true
163404, 4642, 6755, 544, 178, 158, true, true
163444, 4643, 6756, 540, 179, 157, true, true
163593, 4648, 6757, 540, 179, 156, true, true
164949, 4667, 6758, 539, 178, 155, true, true
166984, 4710, 6759, 540, 179, 159, true, true
167161, 4712, 6759, 538, 178, 159, true, true
168052, 4725, 6759, 536, 177, 160, true, true
168941, 4741, 6761, 536, 176, 162, true, true
169032, 4746, 6762, 536, 177, 161, true, true
169568, 4754, 6762, 535, 176, 162, true, true
169590, 4755, 6763, 535, 177, 160, true, true
171609, 4796, 6763, 534, 176, 164, true, true
172741, 4825, 6764, 535, 177, 165, true, true
173242, 4836, 6764, 534, 176, 168, true, true
173932, 4850, 6764, 532, 175, 168, true, true
174229, 4855, 6766, 534, 176, 167, true, true
175228, 4865, 6766, 532, 175, 167, true, true
175276, 4866, 6767, 531, 175, 165, true, true
175426, 4869, 6768, 532, 176, 164, true, true
175765, 4876, 6768, 531, 176, 164, true, true
175943, 4880, 6769, 532, 177, 163, true, true
176841, 4899, 6769, 531, 176, 163, true, true
177063, 4907, 6769, 530, 175, 163, true, true
177502, 4920, 6769, 529, 174, 164, true, true
179776, 4962, 6769, 528, 174, 167, true, true
180149, 4968, 6771, 530, 175, 165, true, true
180946, 4985, 6771, 529, 175, 165, true, true
181323, 4993, 6771, 528, 174, 165, true, true
181724, 5001, 6771, 527, 173, 166, true, true
182125, 5013, 6771, 526, 172, 167, true, true
182613, 5019, 6771, 524, 171, 167, true, true
182886, 5023, 6773, 526, 172, 162, true, true
182965, 5025, 6773, 525, 171, 162, true, true
183713, 5038, 6774, 526, 172, 162, true, true
186535, 5087, 6774, 524, 172, 166, true, true
188353, 5128, 6775, 525, 173, 167, true, true
188808, 5138, 6775, 524, 172, 167, true, true
189939, 5164, 6777, 526, 173, 165, true, true
191669, 5173, 6779, 528, 174, 164, true, true
193654, 5219, 6779, 527, 173, 166, true, true
193838, 5225, 6783, 531, 174, 165, true, true
193973, 5228, 6786, 533, 175, 164, true, true
195367, 5261, 6786, 532, 174, 165, true, true
195584, 5265, 6786, 531, 173, 165, true, true
196743, 5291, 6786, 530, 172, 165, true, true
197227, 5301, 6786, 529, 171, 166, true, true
197479, 5307, 6800, 535, 170, 165, true, true
198412, 5324, 6801, 534, 169, 158, true, true
198984, 5331, 6802, 535, 170, 158, true, true
199523, 5339, 6803, 536, 171, 157, true, true
199772, 5344, 6803, 535, 170, 157, true, true
199850, 5345, 6845, 577, 171, 157, true, true
200401, 5354, 6845, 576, 171, 159, true, true
200439, 5355, 6847, 578, 172, 158, true, true
200467, 5356, 6848, 578, 172, 156, true, true
200675, 5361, 6850, 579, 172, 155, true, true
201397, 5373, 6853, 582, 173, 154, true, true
202535, 5398, 6854, 583, 174, 152, true, true
202805, 5403, 6854, 582, 174, 152, true, true
202927, 5408, 6855, 583, 175, 150, true, true
203320, 5416, 6855, 582, 174, 150, true, true
203450, 5420, 6857, 583, 175, 148, true, true
204520, 5444, 6857, 582, 175, 148, true, true
204695, 5446, 6857, 581, 174, 148, true, true
205381, 5459, 6857, 579, 173, 149, true, true
205928, 5471, 6857, 578, 172, 149, true, true
206441, 5487, 6858, 579, 173, 150, true, true
208037, 5519, 6858, 578, 172, 153, true, true
211031, 5567, 6858, 577, 171, 156, true, true
211100, 5569, 6859, 578, 172, 155, true, true
212385, 5597, 6859, 577, 171, 155, true, true
213513, 5623, 6859, 576, 170, 157, true, true
214162, 5634, 6862, 578, 171, 156, true, true
214206, 5635, 6862, 575, 170, 156, true, true
215244, 5650, 6863, 576, 171, 152, true, true
216758, 5677, 6864, 577, 172, 152, true, true
217013, 5683, 6865, 578, 173, 151, true, true
218723, 5724, 6866, 579, 174, 151, true, true
219530, 5747, 6866, 578, 173, 152, true, true
220586, 5768, 6867, 579, 174, 154, true, true
220794, 5773, 6876, 586, 174, 153, true, true
222519, 5808, 6876, 585, 173, 154, true, true
222840, 5812, 6876, 584, 172, 155, true, true
224315, 5844, 6876, 583, 171, 156, true, true
224878, 5860, 6876, 581, 170, 157, true, true
225523, 5876, 6877, 582, 171, 155, true, true
225570, 5878, 6878, 583, 172, 154, true, true
226417, 5894, 6878, 582, 171, 154, true, true
226769, 5902, 6878, 581, 171, 155, true, true
227527, 5919, 6879, 581, 172, 156, true, true
227954, 5926, 6879, 578, 171, 156, true, true
228057, 5929, 6879, 577, 170, 156, true, true
229398, 5950, 6880, 578, 171, 154, true, true
229772, 5955, 6880, 577, 170, 155, true, true
231512, 5986, 6880, 576, 169, 155, true, true
231907, 5992, 6884, 580, 170, 155, true, true
233590, 6029, 6884, 579, 169, 157, true, true
234970, 6056, 6884, 577, 168, 158, true, true
236968, 6110, 6887, 567, 169, 161, true, true
237775, 6121, 6889, 569, 170, 160, true, true
237792, 6122, 6904, 582, 170, 158, true, true
237945, 6126, 6904, 581, 169, 161, true, true
237970, 6127, 6906, 583, 170, 160, true, true
238192, 6134, 6907, 584, 171, 158, true, true
238620, 6146, 6908, 578, 172, 157, true, true
239035, 6157, 6908, 577, 171, 158, true, true
240343, 6188, 6909, 578, 172, 158, true, true
240538, 6192, 6909, 576, 171, 158, true, true
243484, 6251, 6910, 574, 170, 160, true, true
243878, 6258, 6912, 576, 171, 159, true, true
246382, 6313, 6913, 577, 172, 160, true, true
247278, 6335, 6913, 576, 172, 161, true, true
247442, 6338, 6915, 578, 173, 160, true, true
248535, 6366, 6915, 577, 172, 164, true, true
249207, 6384, 6916, 578, 173, 163, true, true
251229, 6421, 6916, 573, 172, 164, true, true
252487, 6448, 6916, 571, 172, 164, true, true
253546, 6471, 6916, 569, 171, 166, true, true
255879, 6521, 6919, 571, 172, 166, true, true
257166, 6547, 6919, 570, 171, 168, true, true
258106, 6560, 6919, 569, 170, 168, true, true
258826, 6576, 6919, 565, 170, 171, true, true
259515, 6591, 6919, 564, 169, 172, true, true
259836, 6597, 6921, 566, 170, 172, true, true
261225, 6629, 6921, 565, 169, 176, true, true
263994, 6681, 6921, 564, 168, 178, true, true
264995, 6702, 6921, 563, 167, 178, true, true
265782, 6718, 6926, 555, 167, 178, true, true
266068, 6724, 6927, 556, 168, 176, true, true
267649, 6757, 6927, 555, 167, 178, true, true
269965, 6804, 6927, 554, 166, 180, true, true
270324, 6809, 6928, 555, 167, 179, true, true
270848, 6815, 6928, 554, 166, 179, true, true
272004, 6841, 6930, 556, 167, 180, true, true
275173, 6907, 6930, 553, 166, 185, true, true
275703, 6918, 6930, 551, 165, 185, true, true
278126, 6970, 6931, 551, 165, 183, true, true
283195, 7053, 6931, 550, 164, 185, true, true
283728, 7065, 6932, 551, 165, 179, true, true
284231, 7076, 6932, 550, 164, 179, true, true
284406, 7080, 6932, 549, 163, 180, true, true
284694, 7089, 6935, 552, 164, 179, true, true
286295, 7121, 6936, 553, 165, 174, true, true
286652, 7131, 6936, 552, 164, 174, true, true
287881, 7159, 6938, 554, 165, 174, true, true
288531, 7171, 6939, 555, 166, 172, true, true
290598, 7206, 6942, 553, 167, 173, true, true
291062, 7214, 7052, 497, 167, 172, true, true
291930, 7234, 7052, 496, 166, 172, true, true
292617, 7253, 7052, 495, 165, 172, true, true
294250, 7291, 7053, 496, 166, 172, true, true
294462, 7295, 7053, 495, 165, 172, true, true
294551, 7297, 7070, 512, 166, 171, true, true
294693, 7302, 7079, 520, 166, 169, true, true
297760, 7358, 7082, 523, 167, 168, true, true
298320, 7374, 7082, 519, 166, 168, true, true
299871, 7409, 7082, 517, 164, 169, true, true
300793, 7431, 7082, 516, 163, 169, true, true
301978, 7459, 7084, 518, 164, 166, true, true
303992, 7506, 7085, 519, 165, 168, true, true
304444, 7518, 7085, 517, 164, 168, true, true
304915, 7532, 7085, 516, 163, 170, true, true
305079, 7535, 7085, 515, 162, 171, true, true
305212, 7537, 7087, 517, 163, 170, true, true
306213, 7562, 7088, 518, 164, 168, true, true
307457, 7600, 7089, 519, 165, 169, true, true
307764, 7608, 7089, 518, 164, 169, true, true
309541, 7649, 7090, 517, 164, 169, true, true
309714, 7655, 7090, 516, 164, 170, true, true
310290, 7665, 7091, 517, 165, 169, true, true
312299, 7701, 7091, 512, 165, 171, true, true
312718, 7711, 7092, 512, 166, 169, true, true
312968, 7716, 7094, 514, 167, 168, true, true
313724, 7719, 7094, 513, 166, 168, true, true
315612, 7761, 7095, 513, 167, 167, true, true
315801, 7765, 7095, 512, 166, 167, true, true
317405, 7787, 7095, 511, 165, 167, true, true
318117, 7799, 7095, 510, 164, 168, true, true
319680, 7827, 7096, 511, 165, 168, true, true
321023, 7855, 7096, 510, 164, 170, true, true
321041, 7856, 7097, 511, 165, 169, true, true
321200, 7860, 7098, 512, 166, 165, true, true
322324, 7889, 7111, 525, 167, 166, true, true
322652, 7898, 7112, 526, 168, 165, true, true
322920, 7905, 7113, 527, 169, 163, true, true
324745, 7915, 7114, 528, 170, 164, true, true
326946, 7947, 7117, 531, 171, 163, true, true
328920, 7989, 7119, 533, 172, 161, true, true
330591, 8030, 7119, 532, 171, 162, true, true
330926, 8037, 7120, 533, 172, 162, true, true
333867, 8096, 7120, 532, 171, 165, true, true
334184, 8102, 7120, 531, 170, 165, true, true
334432, 8108, 7120, 530, 169, 165, true, true
335204, 8124, 7121, 530, 169, 165, true, true
335616, 8135, 7122, 531, 170, 164, true, true
336048, 8146, 7123, 532, 171, 164, true, true
336567, 8158, 7123, 531, 170, 165, true, true
337315, 8170, 7123, 530, 169, 165, true, true
337969, 8186, 7124, 531, 170, 162, true, true
339791, 8231, 7124, 530, 169, 164, true, true
341507, 8260, 7127, 531, 170, 166, true, true
342633, 8283, 7127, 530, 169, 168, true, true
343105, 8295, 7127, 529, 168, 168, true, true
344089, 8319, 7129, 531, 169, 168, true, true
345389, 8350, 7129, 530, 168, 170, true, true
348853, 8411, 7129, 527, 167, 174, true, true
349039, 8414, 7129, 526, 166, 175, true, true
349256, 8418, 7129, 525, 165, 175, true, true
349341, 8419, 7130, 526, 166, 174, true, true
351036, 8458, 7130, 525, 165, 177, true, true
351322, 8465, 7131, 526, 166, 175, true, true
351827, 8479, 7132, 527, 167, 175, true, true
352044, 8485, 7132, 526, 166, 175, true, true
353538, 8516, 7132, 525, 165, 177, true, true
358539, 8575, 7133, 526, 166, 178, true, true
358712, 8579, 7133, 523, 165, 178, true, true
359297, 8590, 7134, 524, 166, 176, true, true
359696, 8598, 7135, 525, 167, 176, true, true
363865, 8661, 7135, 523, 166, 177, true, true
366402, 8702, 7145, 533, 167, 177, true, true
367793, 8736, 7146, 534, 168, 175, true, true
368598, 8752, 7146, 533, 167, 175, true, true
370649, 8795, 7148, 533, 168, 175, true, true
372141, 8833, 7149, 534, 169, 177, true, true
372664, 8844, 7150, 535, 170, 176, true, true
374187, 8869, 7150, 534, 169, 177, true, true
375556, 8897, 7150, 533, 168, 177, true, true
375916, 8905, 7153, 536, 169, 175, true, true
376723, 8922, 7153, 535, 168, 176, true, true
377515, 8942, 7154, 536, 169, 174, true, true
378326, 8959, 7295, 621, 170, 174, true, true
382051, 9026, 7296, 622, 171, 177, true, true
388790, 9165, 7296, 621, 170, 179, true, true
389861, 9191, 7297, 621, 170, 178, true, true
390607, 9206, 7297, 619, 169, 178, true, true
390887, 9215, 7299, 621, 170, 175, true, true
391140, 9222, 7300, 621, 171, 175, true, true
391848, 9241, 7301, 621, 171, 174, true, true
392018, 9246, 7302, 622, 172, 173, true, true
393462, 9277, 7303, 623, 173, 174, true, true
393618, 9280, 7303, 617, 172, 174, true, true
393941, 9289, 7305, 619, 173, 173, true, true
397800, 9362, 7308, 622, 174, 173, true, true
397889, 9364, 7310, 624, 175, 167, true, true
398386, 9374, 7311, 625, 176, 165, true, true
398803, 9387, 7313, 627, 177, 164, true, true
399607, 9406, 7315, 629, 178, 161, true, true
400413, 9426, 7315, 627, 177, 161, true, true
402552, 9470, 7316, 628, 178, 162, true, true
402630, 9472, 7318, 630, 179, 161, true, true
403359, 9484, 7318, 629, 178, 161, true, true
403868, 9496, 7319, 630, 179, 157, true, true
405471, 9528, 7323, 634, 180, 156, true, true
406130, 9542, 7330, 631, 180, 155, true, true
406510, 9547, 7330, 629, 179, 155, true, true
406763, 9554, 7331, 630, 180, 153, true, true
410470, 9633, 7332, 631, 181, 151, true, true
410560, 9636, 7333, 632, 182, 149, true, true
411122, 9651, 7334, 633, 183, 145, true, true
411395, 9658, 7334, 632, 182, 145, true, true
411808, 9670, 7334, 631, 181, 145, true, true
414238, 9733, 7335, 632, 182, 145, true, true
417326, 9786, 7335, 631, 181, 149, true, true
417568, 9793, 7335, 630, 180, 149, true, true
417891, 9803, 7335, 629, 179, 150, true, true
418332, 9815, 7335, 628, 178, 151, true, true
418538, 9818, 7335, 627, 177, 151, true, true
419671, 9845, 7335, 626, 176, 151, true, true
420468, 9864, 7336, 618, 177, 150, true, true
420893, 9873, 7337, 619, 178, 150, true, true
423068, 9926, 7337, 618, 177, 152, true, true
427095, 10018, 7338, 619, 178, 151, true, true
428183, 10045, 7339, 620, 179, 149, true, true
429171, 10056, 7339, 612, 178, 149, true, true
431254, 10117, 7339, 611, 177, 150, true, true
432411, 10145, 7339, 609, 176, 150, true, true
433167, 10166, 7339, 608, 175, 150, true, true
433455, 10173, 7340, 609, 176, 148, true, true
435346, 10217, 7340, 608, 175, 150, true, true
437435, 10253, 7341, 608, 175, 148, true, true
438777, 10278, 7341, 607, 174, 148, true, true
440393, 10319, 7341, 606, 173, 150, true, true
440470, 10321, 7343, 608, 174, 149, true, true
443726, 10408, 7345, 610, 175, 147, true, true
443855, 10411, 7345, 609, 174, 147, true, true
447594, 10490, 7347, 603, 175, 147, true, true
449303, 10524, 7347, 602, 174, 147, true, true
450658, 10546, 7347, 601, 173, 149, true, true
451742, 10569, 7347, 599, 172, 149, true, true
452880, 10595, 7347, 598, 172, 152, true, true
454106, 10616, 7347, 589, 172, 153, true, true
457465, 10689, 7348, 590, 173, 153, true, true
457895, 10700, 7349, 591, 174, 151, true, true
458048, 10705, 7351, 593, 175, 148, true, true
459009, 10721, 7351, 592, 174, 148, true, true
459833, 10736, 7351, 591, 173, 148, true, true
462495, 10784, 7353, 593, 174, 148, true, true
468401, 10903, 7354, 594, 175, 150, true, true
470623, 10959, 7358, 593, 176, 149, true, true
471101, 10969, 7359, 594, 177, 147, true, true
471793, 10988, 7361, 596, 178, 146, true, true
472160, 10996, 7364, 599, 179, 145, true, true
473144, 11015, 7364, 598, 178, 145, true, true
473193, 11016, 7367, 589, 178, 144, true, true
476020, 11081, 7371, 588, 179, 145, true, true
476111, 11084, 7372, 589, 180, 144, true, true
476767, 11098, 7372, 588, 180, 145, true, true
482895, 11231, 7373, 589, 181, 148, true, true
483116, 11234, 7373, 588, 180, 148, true, true
484056, 11256, 7373, 587, 179, 149, true, true
484675, 11266, 7373, 586, 178, 149, true, true
486621, 11306, 7373, 585, 177, 152, true, true
490997, 11396, 7376, 585, 175, 154, true, true
494482, 11464, 7376, 584, 174, 155, true, true
495569, 11487, 7376, 583, 173, 155, true, true
495779, 11491, 7377, 583, 173, 154, true, true
496731, 11512, 7379, 585, 174, 152, true, true
497217, 11528, 7382, 588, 175, 150, true, true
497308, 11531, 7383, 588, 175, 141, true, true
497616, 11534, 7383, 587, 174, 141, true, true
498055, 11548, 7384, 587, 174, 140, true, true
501855, 11623, 7386, 589, 175, 138, true, true
506050, 11700, 7386, 587, 174, 139, true, true
511774, 11800, 7386, 586, 173, 140, true, true
512288, 11812, 7387, 587, 174, 138, true, true
513473, 11837, 7387, 585, 173, 138, true, true
516827, 11910, 7389, 587, 174, 139, true, true
518525, 11940, 7389, 586, 173, 139, true, true
520740, 11985, 7389, 585, 172, 139, true, true
523192, 12035, 7399, 595, 173, 137, true, true
527133, 12110, 7400, 596, 174, 138, true, true
528927, 12144, 7401, 597, 175, 138, true, true
529747, 12162, 7402, 598, 176, 136, true, true
531152, 12194, 7402, 597, 176, 138, true, true
533159, 12234, 7402, 596, 175, 140, true, true
533483, 12246, 7404, 598, 176, 137, true, true
533605, 12247, 7404, 597, 175, 137, true, true
534287, 12259, 7404, 596, 174, 137, true, true
534768, 12270, 7404, 589, 173, 137, true, true
536496, 12307, 7420, 598, 174, 137, true, true
536609, 12308, 7420, 597, 174, 137, true, true
538404, 12348, 7421, 598, 175, 136, true, true
542024, 12413, 7421, 596, 174, 140, true, true
544873, 12476, 7423, 597, 175, 140, true, true
546365, 12505, 7423, 596, 174, 141, true, true
547355, 12525, 7423, 594, 173, 141, true, true
552030, 12623, 7427, 598, 174, 139, true, true
552881, 12643, 7427, 597, 173, 140, true, true
555762, 12703, 7427, 596, 172, 141, true, true
556830, 12724, 7427, 595, 171, 141, true, true
556943, 12727, 7427, 594, 170, 141, true, true
565889, 12924, 7429, 596, 171, 145, true, true
565959, 12925, 7429, 593, 169, 145, true, true
569270, 12988, 7431, 595, 170, 144, true, true
572914, 13071, 7431, 594, 170, 146, true, true
573285, 13081, 7432, 595, 171, 144, true, true
574804, 13123, 7434, 595, 172, 143, true, true
574979, 13128, 7437, 598, 173, 142, true, true
575030, 13130, 7439, 600, 174, 141, true, true
577605, 13184, 7440, 601, 175, 141, true, true
578214, 13193, 7441, 602, 176, 139, true, true
578312, 13195, 7443, 604, 177, 138, true, true
578622, 13207, 7447, 607, 178, 136, true, true
578915, 13216, 7448, 608, 179, 135, true, true
579274, 13227, 7448, 607, 178, 135, true, true
589085, 13409, 7448, 605, 178, 138, true, true
589230, 13411, 7448, 603, 177, 138, true, true
590944, 13434, 7448, 602, 176, 140, true, true
592709, 13463, 7452, 606, 177, 137, true, true
601831, 13597, 7453, 607, 178, 139, true, true
605222, 13666, 7454, 605, 177, 139, true, true
606600, 13694, 7454, 603, 176, 139, true, true
607936, 13728, 7454, 602, 175, 139, true, true
608076, 13730, 7455, 599, 175, 138, true, true
608327, 13737, 7456, 600, 176, 135, true, true
613685, 13841, 7456, 599, 175, 138, true, true
615603, 13883, 7456, 598, 175, 138, true, true
617474, 13913, 7456, 596, 175, 140, true, true
618660, 13935, 7456, 595, 174, 140, true, true
623198, 14033, 7457, 596, 175, 140, true, true
623849, 14049, 7458, 597, 176, 136, true, true
629631, 14159, 7459, 598, 177, 140, true, true
633797, 14235, 7459, 597, 176, 140, true, true
636373, 14286, 7459, 596, 175, 140, true, true
637994, 14329, 7459, 594, 174, 140, true, true
639191, 14344, 7466, 593, 173, 139, true, true
639580, 14354, 7467, 593, 174, 139, true, true
641628, 14387, 7467, 592, 173, 140, true, true
642438, 14406, 7467, 591, 172, 141, true, true
654583, 14640, 7468, 592, 173, 150, true, true
659620, 14740, 7468, 591, 172, 151, true, true
660781, 14765, 7468, 590, 171, 151, true, true
661291, 14775, 7468, 588, 170, 151, true, true
662805, 14809, 7469, 589, 171, 151, true, true
666128, 14868, 7469, 586, 170, 154, true, true
666679, 14877, 7469, 585, 169, 155, true, true
669071, 14930, 7469, 583, 168, 157, true, true
669997, 14950, 7469, 582, 167, 157, true, true
673722, 14995, 7470, 581, 168, 156, true, true
675405, 15032, 7470, 580, 168, 156, true, true
676353, 15053, 7471, 581, 169, 153, true, true
676915, 15066, 7472, 582, 170, 152, true, true
681817, 15152, 7473, 582, 170, 152, true, true
685986, 15253, 7474, 583, 171, 153, true, true
686042, 15254, 7474, 582, 170, 153, true, true
689029, 15294, 7474, 581, 169, 156, true, true
689405, 15301, 7474, 577, 168, 157, true, true
691419, 15337, 7474, 576, 167, 157, true, true
691679, 15344, 7474, 574, 166, 157, true, true
696873, 15439, 7475, 573, 167, 155, true, true
703199, 15577, 7477, 574, 167, 155, true, true
704724, 15600, 7478, 575, 168, 153, true, true
709896, 15707, 7478, 565, 167, 157, true, true
712936, 15758, 7479, 566, 168, 156, true, true
713567, 15771, 7480, 567, 169, 155, true, true
713723, 15774, 7480, 565, 168, 155, true, true
714318, 15785, 7480, 563, 167, 155, true, true
716071, 15827, 7483, 564, 168, 154, true, true
718415, 15879, 7483, 563, 167, 154, true, true
720843, 15919, 7483, 562, 166, 156, true, true
723194, 15964, 7483, 561, 166, 157, true, true
727888, 16054, 7483, 560, 165, 160, true, true
728303, 16064, 7484, 561, 166, 158, true, true
729821, 16096, 7484, 560, 165, 158, true, true
731825, 16139, 7484, 559, 164, 159, true, true
732625, 16158, 7490, 551, 165, 160, true, true
732844, 16162, 7490, 550, 164, 160, true, true
733383, 16168, 7490, 549, 163, 160, true, true
737625, 16245, 7491, 549, 164, 156, true, true
738919, 16269, 7493, 551, 165, 156, true, true
739000, 16272, 7493, 547, 164, 156, true, true
741115, 16311, 7493, 546, 164, 157, true, true
741181, 16312, 7493, 543, 162, 157, true, true
748500, 16456, 7494, 544, 163, 161, true, true
748562, 16457, 7494, 542, 162, 161, true, true
748895, 16463, 7495, 543, 163, 160, true, true
750503, 16497, 7496, 544, 164, 159, true, true
750979, 16509, 7496, 543, 163, 159, true, true
752190, 16533, 7496, 542, 162, 160, true, true
756041, 16614, 7497, 543, 163, 160, true, true
760013, 16689, 7499, 545, 164, 162, true, true
761594, 16726, 7499, 544, 163, 163, true, true
761870, 16733, 7499, 543, 163, 163, true, true
761896, 16734, 7505, 549, 164, 162, true, true
764768, 16791, 7506, 550, 165, 161, true, true
767196, 16844, 7506, 549, 164, 164, true, true
767361, 16850, 7506, 547, 163, 164, true, true
770161, 16903, 7510, 551, 164, 164, true, true
771611, 16933, 7511, 552, 165, 161, true, true
776116, 17011, 7514, 555, 166, 159, true, true
776282, 17014, 7516, 557, 167, 158, true, true
784225, 17189, 7522, 563, 168, 160, true, true
791766, 17352, 7522, 560, 167, 162, true, true
791839, 17354, 7523, 560, 168, 161, true, true
794449, 17419, 7525, 562, 169, 163, true, true
794760, 17426, 7526, 563, 170, 161, true, true
799713, 17513, 7526, 562, 169, 162, true, true
804238, 17597, 7526, 561, 168, 167, true, true
805979, 17634, 7526, 559, 167, 167, true, true
806117, 17638, 7526, 558, 166, 167, true, true
808472, 17702, 7526, 557, 165, 167, true, true
809488, 17727, 7526, 556, 164, 168, true, true
813701, 17829, 7527, 557, 165, 164, true, true
817270, 17900, 7527, 556, 164, 165, true, true
820118, 17966, 7528, 552, 164, 165, true, true
822470, 18013, 7532, 547, 164, 165, true, true
823585, 18038, 7534, 548, 164, 161, true, true
825300, 18080, 7535, 549, 165, 160, true, true
825959, 18091, 7535, 548, 164, 161, true, true
829296, 18169, 7535, 547, 163, 164, true, true
829954, 18182, 7536, 548, 164, 162, true, true
831379, 18209, 7536, 546, 163, 164, true, true
841575, 18436, 7541, 551, 164, 167, true, true
845051, 18520, 7542, 551, 165, 165, true, true
847535, 18577, 7542, 549, 164, 166, true, true
858427, 18831, 7542, 548, 163, 171, true, true
860544, 18887, 7543, 549, 164, 170, true, true
861261, 18908, 7543, 548, 163, 171, true, true
861629, 18919, 7543, 547, 162, 171, true, true
865842, 19003, 7543, 543, 161, 173, true, true
873492, 19141, 7543, 541, 161, 175, true, true
877026, 19232, 7543, 540, 160, 178, true, true
881858, 19358, 7543, 539, 159, 181, true, true
884876, 19421, 7547, 501, 159, 180, true, true
885754, 19446, 7554, 508, 160, 179, true, true
887209, 19488, 7554, 506, 160, 179, true, true
888805, 19537, 7555, 507, 161, 179, true, true
888863, 19539, 7556, 508, 162, 178, true, true
890807, 19588, 7558, 510, 163, 176, true, true
891858, 19612, 7559, 511, 164, 174, true, true
899722, 19793, 7559, 510, 163, 176, true, true
900957, 19826, 7559, 509, 162, 176, true, true
908290, 19992, 7560, 509, 162, 181, true, true
916274, 20194, 7561, 510, 163, 183, true, true
919522, 20278, 7561, 495, 163, 185, true, true
922754, 20347, 7562, 496, 164, 185, true, true
922870, 20349, 7563, 495, 165, 184, true, true
928777, 20492, 7563, 494, 164, 186, true, true
939693, 20758, 7564, 495, 165, 184, true, true
942416, 20810, 7565, 496, 166, 184, true, true
945262, 20876, 7565, 495, 165, 186, true, true
947306, 20931, 7565, 494, 165, 187, true, true
948255, 20947, 7565, 493, 164, 187, true, true
953360, 21068, 7566, 494, 165, 189, true, true
953822, 21073, 7568, 496, 166, 186, true, true
957241, 21165, 7569, 497, 167, 188, true, true
957634, 21181, 7570, 498, 168, 186, true, true
959606, 21223, 7571, 490, 169, 186, true, true
963312, 21318, 7580, 497, 170, 185, true, true
964661, 21358, 7581, 498, 171, 183, true, true
965902, 21398, 7581, 496, 170, 184, true, true
969859, 21505, 7583, 495, 171, 181, true, true
973032, 21569, 7584, 496, 172, 181, true, true
973086, 21571, 7589, 501, 173, 180, true, true
973120, 21572, 7589, 500, 172, 180, true, true
976285, 21649, 7589, 499, 171, 181, true, true
982113, 21783, 7590, 500, 172, 180, true, true
986038, 21870, 7590, 499, 172, 183, true, true
991740, 22034, 7590, 498, 171, 184, true, true
992024, 22044, 7590, 497, 170, 184, true, true
993054, 22077, 7593, 500, 171, 183, true, true
994981, 22133, 7594, 501, 172, 184, true, true
996465, 22174, 7594, 500, 171, 184, true, true
999735, 22282, 7595, 501, 172, 186, true, true
1001967, 22333, 7595, 500, 171, 187, true, true
1002722, 22355, 7597, 502, 172, 185, true, true
1002894, 22359, 7598, 503, 173, 181, true, true
1003115, 22364, 7598, 502, 172, 181, true, true
1009897, 22486, 7598, 501, 171, 181, true, true
1011762, 22546, 7600, 503, 172, 180, true, true
1012679, 22577, 7601, 504, 173, 179, true, true
1012731, 22579, 7601, 502, 172, 179, true, true
1013764, 22601, 7602, 503, 173, 174, true, true
1016819, 22665, 7602, 502, 172, 176, true, true
1019681, 22730, 7603, 503, 173, 173, true, true
1027718, 22922, 7605, 505, 174, 176, true, true
1029599, 22976, 7605, 502, 173, 177, true, true
1047591, 23456, 7605, 501, 172, 187, true, true
1053692, 23613, 7606, 502, 173, 186, true, true
1059203, 23732, 7606, 501, 172, 189, true, true
1061194, 23791, 7607, 502, 173, 188, true, true
1068442, 23986, 7607, 500, 172, 191, true, true
1069765, 24020, 7607, 499, 171, 192, true, true
1073359, 24128, 7608, 500, 172, 193, true, true
1073505, 24132, 7609, 499, 172, 192, true, true
1076812, 24232, 7610, 500, 173, 190, true, true
1081649, 24350, 7611, 501, 174, 192, true, true
1081688, 24351, 7611, 500, 173, 192, true, true
1081726, 24353, 7612, 500, 173, 190, true, true
1082477, 24380, 7612, 499, 172, 190, true, true
1082954, 24392, 7613, 500, 173, 188, true, true
1084633, 24444, 7614, 501, 174, 187, true, true
1086517, 24489, 7614, 498, 173, 187, true, true
1087326, 24511, 7614, 497, 173, 187, true, true
1089695, 24583, 7618, 501, 174, 186, true, true
1094860, 24714, 7618, 493, 174, 187, true, true
1095296, 24728, 7626, 501, 175, 186, true, true
1098166, 24784, 7632, 505, 176, 183, true, true
1099510, 24819, 7633, 506, 177, 182, true, true
1104155, 24942, 7634, 507, 178, 182, true, true
1105436, 24973, 7635, 507, 179, 180, true, true
1121827, 25392, 7635, 506, 178, 191, true, true
1124942, 25470, 7636, 507, 179, 190, true, true
1134249, 25721, 7669, 478, 180, 190, true, true
1135745, 25762, 7669, 477, 179, 190, true, true
1135939, 25766, 7670, 452, 179, 189, true, true
1139812, 25878, 7671, 453, 180, 189, true, true
1145032, 26016, 7671, 452, 179, 192, true, true
1145268, 26022, 7672, 453, 180, 190, true, true
1146379, 26053, 7672, 452, 179, 191, true, true
1154773, 26228, 7672, 451, 178, 192, true, true
1158831, 26334, 7672, 450, 177, 194, true, true
1161078, 26388, 7672, 449, 176, 195, true, true
1169518, 26590, 7673, 450, 177, 194, true, true
1175729, 26767, 7675, 451, 178, 194, true, true
1176582, 26793, 7675, 450, 177, 194, true, true
1177700, 26827, 7676, 451, 178, 192, true, true
1178570, 26861, 7678, 453, 179, 190, true, true
1180492, 26886, 7678, 452, 178, 191, true, true
1182727, 26949, 7679, 453, 179, 191, true, true
1185672, 27010, 7679, 451, 179, 192, true, true
1191947, 27171, 7685, 457, 180, 193, true, true
1193074, 27193, 7687, 455, 180, 191, true, true
1195362, 27260, 7687, 454, 179, 194, true, true
1195593, 27267, 7688, 454, 179, 193, true, true
1202190, 27435, 7688, 453, 178, 195, true, true
1208006, 27570, 7689, 454, 179, 190, true, true
1208694, 27589, 7690, 455, 180, 189, true, true
1215201, 27793, 7691, 456, 181, 192, true, true
1219201, 27868, 7691, 455, 180, 194, true, true
1222482, 27948, 7691, 454, 179, 196, true, true
1228064, 28100, 7692, 455, 180, 196, true, true
1228512, 28111, 7694, 457, 181, 190, true, true
1228921, 28122, 7694, 456, 180, 190, true, true
1231362, 28186, 7694, 455, 179, 190, true, true
1231929, 28200, 7695, 456, 180, 190, true, true
1232802, 28220, 7696, 457, 181, 189, true, true
1241184, 28464, 7696, 456, 180, 191, true, true
1248925, 28680, 7697, 457, 181, 195, true, true
1249495, 28697, 7698, 458, 182, 194, true, true
1250489, 28726, 7698, 456, 181, 194, true, true
1251953, 28763, 7698, 455, 180, 194, true, true
1254046, 28825, 7699, 456, 181, 195, true, true
1254282, 28836, 7700, 457, 182, 195, true, true
1254711, 28844, 7700, 456, 182, 195, true, true
1255969, 28874, 7700, 454, 182, 195, true, true
1259805, 28970, 7700, 453, 181, 196, true, true
1264034, 29082, 7701, 454, 182, 195, true, true
1265336, 29118, 7702, 455, 183, 195, true, true
1266110, 29142, 7703, 456, 184, 190, true, true
1266192, 29144, 7704, 456, 184, 188, true, true
1269770, 29214, 7704, 454, 183, 188, true, true
1277499, 29430, 7704, 453, 182, 190, true, true
1283856, 29594, 7704, 451, 181, 194, true, true
1285132, 29627, 7704, 450, 180, 194, true, true
1285982, 29648, 7710, 372, 180, 194, true, true
1286064, 29651, 7711, 373, 181, 190, true, true
1289288, 29726, 7724, 378, 179, 189, true, true
1290098, 29754, 7724, 377, 178, 189, true, true
1290260, 29759, 7725, 378, 179, 185, true, true
1290800, 29776, 7725, 376, 178, 185, true, true
1304505, 30126, 7726, 377, 179, 185, true, true
1306415, 30187, 7726, 376, 178, 185, true, true
1309420, 30280, 7726, 375, 178, 185, true, true
1312934, 30363, 7726, 374, 177, 185, true, true
1318008, 30510, 7728, 376, 178, 188, true, true
1318661, 30523, 7729, 377, 179, 184, true, true
1319025, 30535, 7733, 374, 179, 183, true, true
1329996, 30841, 7733, 371, 178, 188, true, true
1333192, 30912, 7733, 370, 177, 188, true, true
1341589, 31114, 7733, 369, 176, 188, true, true
1343576, 31171, 7733, 367, 175, 188, true, true
1345484, 31219, 7735, 368, 175, 183, true, true
1346598, 31250, 7735, 367, 174, 183, true, true
1347633, 31276, 7735, 366, 173, 184, true, true
1347996, 31286, 7736, 367, 174, 183, true, true
1353884, 31435, 7736, 365, 173, 185, true, true
1360948, 31611, 7736, 364, 172, 186, true, true
1367904, 31777, 7736, 363, 171, 187, true, true
1368614, 31794, 7736, 361, 170, 187, true, true
1371272, 31870, 7736, 360, 169, 187, true, true
1379606, 32097, 7745, 369, 170, 189, true, true
1379760, 32101, 7746, 370, 171, 188, true, true
1384261, 32217, 7746, 369, 170, 190, true, true
1386915, 32286, 7747, 369, 171, 189, true, true
1387075, 32290, 7747, 368, 170, 189, true, true
1390468, 32374, 7747, 367, 170, 190, true, true
1396716, 32508, 7748, 368, 171, 190, true, true
1400270, 32603, 7749, 369, 172, 190, true, true
1401017, 32628, 7750, 370, 173, 188, true, true
1402643, 32680, 7751, 371, 174, 179, true, true
1409799, 32850, 7752, 372, 175, 178, true, true
1410467, 32869, 7753, 372, 176, 177, true, true
1413888, 32953, 7753, 371, 175, 178, true, true
1414803, 32980, 7753, 370, 174, 178, true, true
1415626, 32998, 7753, 369, 173, 178, true, true
1417783, 33056, 7753, 368, 172, 178, true, true
1419573, 33110, 7753, 367, 171, 179, true, true
1424475, 33236, 7755, 369, 172, 177, true, true
1428857, 33352, 7755, 367, 172, 178, true, true
1429353, 33366, 7756, 368, 173, 175, true, true
1430008, 33385, 7764, 372, 171, 173, true, true
1437492, 33572, 7764, 370, 170, 177, true, true
1438325, 33599, 7766, 372, 171, 176, true, true
1441427, 33682, 7766, 371, 170, 176, true, true
1442251, 33708, 7767, 372, 171, 172, true, true
1447485, 33853, 7767, 371, 170, 173, true, true
1448407, 33887, 7767, 369, 168, 173, true, true
1452534, 33982, 7767, 368, 167, 174, true, true
1460623, 34210, 7767, 367, 166, 175, true, true
1463603, 34282, 7768, 368, 167, 176, true, true
1465158, 34327, 7768, 366, 166, 176, true, true
1476276, 34608, 7768, 365, 165, 176, true, true
1479190, 34689, 7768, 364, 165, 177, true, true
1485438, 34838, 7768, 363, 164, 178, true, true
1488089, 34917, 7769, 364, 165, 175, true, true
1494187, 35075, 7769, 363, 165, 177, true, true
1494302, 35080, 7771, 365, 166, 173, true, true
1496034, 35125, 7772, 366, 167, 170, true, true
1505992, 35407, 7773, 367, 168, 168, true, true
1525167, 35918, 7773, 366, 167, 174, true, true
1525254, 35920, 7782, 359, 168, 173, true, true
1526500, 35947, 7782, 357, 167, 173, true, true
1526942, 35959, 7782, 355, 167, 173, true, true
1528959, 36003, 7783, 356, 168, 169, true, true
1535481, 36207, 7783, 355, 167, 170, true, true
1540392, 36319, 7784, 354, 168, 167, true, true
1542107, 36366, 7789, 359, 169, 165, true, true
1547490, 36487, 7789, 358, 168, 165, true, true
1554001, 36668, 7790, 359, 169, 165, true, true
1554257, 36676, 7791, 360, 170, 161, true, true
1556083, 36724, 7818, 369, 171, 159, true, true
1556583, 36740, 7818, 364, 169, 159, true, true
1566282, 37002, 7818, 362, 168, 163, true, true
1567387, 37028, 7820, 364, 169, 161, true, true
1569412, 37088, 7820, 363, 168, 162, true, true
1575575, 37211, 7823, 362, 168, 161, true, true
1579952, 37331, 7824, 363, 169, 158, true, true
1590196, 37593, 7824, 362, 168, 160, true, true
1598374, 37803, 7825, 363, 169, 159, true, true
1602338, 37902, 7826, 364, 170, 157, true, true
1602394, 37903, 7827, 365, 171, 156, true, true
1607808, 38035, 7827, 364, 170, 158, true, true
1608683, 38055, 7828, 365, 171, 157, true, true
1616575, 38264, 7828, 364, 170, 157, true, true
1616639, 38265, 7828, 362, 169, 157, true, true
1618536, 38314, 7828, 360, 169, 157, true, true
1624514, 38446, 7828, 359, 169, 159, true, true
1624708, 38456, 7828, 358, 168, 159, true, true
1625662, 38479, 7828, 357, 167, 159, true, true
1633980, 38686, 7829, 358, 168, 159, true, true
1634179, 38690, 7829, 357, 167, 159, true, true
1635644, 38723, 7829, 356, 167, 159, true, true
1644974, 38966, 7829, 355, 166, 163, true, true
1653146, 39163, 7831, 357, 167, 160, true, true
1657844, 39255, 7832, 358, 168, 159, true, true
1658237, 39269, 7835, 361, 169, 158, true, true
1674142, 39687, 7835, 360, 168, 159, true, true
1674807, 39706, 7835, 359, 167, 160, true, true
1676171, 39739, 7835, 358, 167, 160, true, true
1683809, 39912, 7838, 361, 168, 161, true, true
1685112, 39947, 7838, 359, 167, 161, true, true
1685832, 39965, 7843, 364, 168, 160, true, true
1686191, 39976, 7844, 365, 169, 158, true, true
1686215, 39977, 7845, 366, 170, 156, true, true
1689389, 40056, 7845, 363, 169, 157, true, true
1692012, 40124, 7845, 362, 168, 158, true, true
1699195, 40292, 7845, 361, 167, 162, true, true
1701372, 40347, 7845, 360, 166, 163, true, true
1705859, 40408, 7846, 361, 167, 161, true, true
1706180, 40413, 7847, 360, 168, 160, true, true
1718728, 40579, 7847, 359, 167, 160, true, true
1724318, 40670, 7848, 360, 168, 159, true, true
1727133, 40699, 7848, 358, 167, 160, true, true
1745973, 40973, 7848, 357, 166, 160, true, true
1756880, 41122, 7848, 356, 165, 161, true, true
1757107, 41124, 7848, 355, 164, 161, true, true
1760674, 41160, 7849, 356, 165, 158, true, true
1763714, 41196, 7849, 355, 164, 158, true, true
1791977, 41586, 7850, 356, 165, 160, true, true
1798253, 41668, 7850, 355, 164, 160, true, true
1801320, 41694, 7865, 370, 165, 159, true, true
1812642, 41845, 7865, 369, 164, 161, true, true
1818440, 41926, 7866, 370, 165, 162, true, true
1821333, 41965, 7877, 372, 166, 161, true, true
1844749, 42271, 7877, 371, 165, 163, true, true
1846566, 42296, 7877, 370, 164, 164, true, true
1849325, 42330, 7877, 369, 163, 164, true, true
1856946, 42425, 7880, 371, 164, 160, true, true
1860453, 42471, 7880, 370, 163, 160, true, true
1860947, 42481, 7881, 371, 164, 158, true, true
1874351, 42653, 7881, 370, 164, 158, true, true
1888579, 42842, 7881, 369, 164, 161, true, true
1891868, 42892, 7881, 368, 163, 161, true, true
1905556, 43053, 7881, 367, 162, 161, true, true
1995796, 43342, 7882, 368, 163, 162, true, true
2001046, 43405, 7882, 362, 162, 163, true, true
2014954, 43558, 7883, 361, 163, 161, true, true
2017111, 43584, 7884, 362, 164, 159, true, true
2026254, 43699, 7885, 363, 165, 156, true, true
2027624, 43716, 7886, 363, 165, 155, true, true
2060147, 44121, 7887, 364, 166, 157, true, true
2066502, 44180, 7887, 363, 165, 158, true, true
2073895, 44262, 7888, 364, 166, 157, true, true
2095368, 44525, 7889, 365, 167, 159, true, true
2095867, 44534, 7895, 371, 168, 158, true, true
2101098, 44607, 7895, 370, 167, 158, true, true
2108886, 44699, 7895, 369, 166, 159, true, true
2131250, 44986, 7897, 370, 166, 158, true, true
2150227, 45222, 7898, 371, 167, 156, true, true
2156042, 45296, 7898, 370, 167, 156, true, true
2171338, 45483, 7899, 371, 168, 160, true, true
2180199, 45608, 7900, 372, 169, 159, true, true
2181120, 45620, 7901, 373, 170, 158, true, true
2188254, 45721, 7903, 375, 171, 156, true, true
2199764, 45862, 7904, 376, 172, 157, true, true
2200966, 45869, 7904, 374, 171, 157, true, true
2209286, 45972, 7905, 375, 172, 154, true, true
2229044, 46271, 7906, 376, 173, 154, true, true
2230152, 46283, 7906, 374, 172, 154, true, true
2232411, 46340, 7907, 375, 173, 152, true, true
2235301, 46414, 7909, 377, 174, 151, true, true
2238195, 46488, 7909, 376, 173, 151, true, true
2246451, 46698, 7933, 378, 171, 151, true, true
2249608, 46760, 7934, 379, 172, 149, true, true
2253281, 46848, 7935, 380, 173, 147, true, true
2259613, 46992, 7935, 376, 172, 148, true, true
2272806, 47320, 7936, 377, 173, 150, true, true
2273961, 47347, 7937, 378, 174, 146, true, true
2280046, 47496, 7938, 374, 175, 147, true, true
2288083, 47689, 7938, 372, 174, 147, true, true
2289528, 47717, 7939, 373, 175, 143, true, true
2300712, 47959, 7941, 368, 176, 144, true, true
2304252, 48037, 7942, 369, 177, 143, true, true
2307326, 48115, 7942, 368, 176, 143, true, true
2307844, 48129, 7943, 369, 177, 142, true, true
2308984, 48151, 7945, 371, 178, 140, true, true
2326380, 48520, 7945, 370, 177, 140, true, true
2326647, 48524, 7945, 369, 176, 140, true, true
2335638, 48679, 7947, 371, 177, 141, true, true
2335833, 48685, 7962, 373, 178, 140, true, true
2336624, 48696, 7962, 370, 178, 140, true, true
2365879, 49202, 7963, 370, 179, 142, true, true
2366619, 49224, 7963, 369, 178, 143, true, true
2383544, 49599, 7963, 368, 177, 145, true, true
2388377, 49702, 7963, 367, 176, 145, true, true
2388844, 49710, 7964, 368, 177, 144, true, true
2409822, 50217, 7964, 367, 176, 150, true, true
2413467, 50312, 7971, 373, 177, 150, true, true
2414145, 50322, 7971, 372, 177, 150, true, true
2417094, 50402, 7972, 372, 177, 147, true, true
2418966, 50448, 7972, 371, 176, 147, true, true
2425513, 50617, 7972, 369, 175, 149, true, true
2428675, 50699, 7973, 370, 176, 147, true, true
2428946, 50705, 7973, 369, 175, 147, true, true
2430434, 50743, 7974, 370, 176, 145, true, true
2430490, 50744, 7974, 367, 176, 145, true, true
2435418, 50851, 7974, 366, 175, 146, true, true
2444242, 51061, 7974, 365, 174, 148, true, true
2444724, 51074, 7974, 359, 173, 148, true, true
2450225, 51192, 7974, 358, 172, 149, true, true
2461115, 51427, 7974, 357, 171, 150, true, true
2467508, 51564, 7974, 356, 170, 151, true, true
2468021, 51573, 7974, 355, 169, 151, true, true
2473428, 51704, 7980, 361, 170, 151, true, true
2474470, 51726, 7980, 360, 169, 151, true, true
2475529, 51750, 7980, 355, 168, 151, true, true
2477669, 51798, 7981, 356, 169, 149, true, true
2482232, 51898, 7987, 361, 169, 146, true, true
2485747, 51979, 7993, 361, 169, 143, true, true
2490485, 52092, 7994, 362, 170, 141, true, true
2495217, 52204, 7995, 363, 171, 136, true, true
2505778, 52457, 7995, 361, 170, 138, true, true
2507339, 52495, 7995, 360, 169, 138, true, true
2511716, 52601, 7995, 359, 168, 138, true, true
2517007, 52717, 7997, 361, 169, 137, true, true
2521061, 52781, 7997, 360, 168, 137, true, true
2522795, 52823, 7998, 361, 169, 137, true, true
2532426, 53037, 7998, 358, 168, 138, true, true
2543398, 53271, 7999, 358, 168, 139, true, true
2562901, 53707, 8000, 359, 169, 141, true, true
2567534, 53820, 8002, 360, 169, 140, true, true
2576646, 54013, 8003, 361, 170, 138, true, true
2580413, 54101, 8003, 359, 169, 138, true, true
2580712, 54110, 8003, 358, 169, 138, true, true
2586213, 54234, 8003, 357, 168, 140, true, true
2587100, 54249, 8003, 356, 167, 140, true, true
2587164, 54250, 8003, 355, 166, 140, true, true
2593876, 54397, 8004, 356, 167, 139, true, true
2595575, 54438, 8004, 352, 165, 139, true, true
2598200, 54485, 8004, 351, 164, 139, true, true
2602342, 54569, 8005, 352, 165, 138, true, true
2602971, 54584, 8015, 356, 166, 135, true, true
2610594, 54759, 8015, 355, 165, 137, true, true
2631150, 55181, 8015, 354, 164, 140, true, true
2637901, 55324, 8017, 356, 165, 139, true, true
2638714, 55344, 8017, 355, 164, 139, true, true
2650659, 55589, 8022, 360, 165, 139, true, true
2657701, 55720, 8022, 359, 164, 139, true, true
2658120, 55728, 8041, 372, 164, 138, true, true
2664707, 55871, 8041, 371, 163, 140, true, true
2666842, 55915, 8041, 370, 162, 141, true, true
2689536, 56376, 8041, 367, 162, 144, true, true
2694833, 56496, 8041, 365, 161, 145, true, true
2704179, 56702, 8042, 366, 162, 144, true, true
2715048, 56933, 8043, 367, 163, 142, true, true
2718009, 56988, 8043, 366, 162, 144, true, true
2719874, 57031, 8044, 367, 163, 143, true, true
2723678, 57112, 8045, 367, 164, 142, true, true
2740050, 57427, 8045, 366, 163, 145, true, true
2746055, 57586, 8046, 367, 164, 147, true, true
2762446, 57937, 8047, 368, 165, 146, true, true
2785978, 58454, 8048, 369, 166, 146, true, true
2808009, 58903, 8049, 370, 167, 144, true, true
2811968, 59005, 8049, 369, 166, 144, true, true
2824984, 59296, 8053, 373, 167, 138, true, true
2840848, 59687, 8054, 374, 168, 138, true, true
2850417, 59905, 8054, 373, 167, 139, true, true
2909588, 61184, 8058, 377, 168, 143, true, true
2913898, 61287, 8059, 378, 169, 143, true, true
2918775, 61397, 8059, 377, 168, 143, true, true
2925758, 61563, 8059, 375, 167, 143, true, true
2930350, 61670, 8064, 380, 168, 143, true, true
2943566, 62009, 8064, 379, 167, 147, true, true
2964704, 62539, 8093, 400, 168, 150, true, true
2965677, 62559, 8093, 399, 168, 150, true, true
2970003, 62678, 8093, 398, 167, 150, true, true
2972273, 62728, 8093, 397, 166, 150, true, true
3005780, 63536, 8094, 398, 167, 151, true, true
3021496, 63906, 8095, 399, 168, 152, true, true
3021728, 63913, 8097, 401, 169, 147, true, true
3035081, 64222, 8098, 402, 170, 149, true, true
3038117, 64300, 8098, 400, 169, 149, true, true
3052289, 64655, 8098, 398, 168, 149, true, true
3054064, 64697, 8098, 397, 168, 149, true, true
3057253, 64774, 8104, 399, 169, 148, true, true
3063902, 64933, 8105, 400, 170, 142, true, true
3067548, 65024, 8108, 400, 171, 140, true, true
3095267, 65706, 8108, 399, 170, 145, true, true
3101325, 65862, 8109, 400, 171, 144, true, true
3104779, 65939, 8109, 399, 170, 144, true, true
3106240, 65970, 8109, 398, 169, 144, true, true
3112531, 66130, 8109, 397, 168, 147, true, true
3129346, 66508, 8109, 396, 167, 148, true, true
3133499, 66598, 8109, 395, 166, 148, true, true
3141529, 66778, 8109, 390, 165, 148, true, true
3144911, 66839, 8110, 391, 166, 147, true, true
3148474, 66934, 8111, 392, 167, 147, true, true
3152133, 67034, 8112, 393, 168, 146, true, true
3167372, 67397, 8112, 392, 167, 149, true, true
3168899, 67435, 8112, 391, 166, 149, true, true
3191204, 67946, 8113, 392, 167, 157, true, true
3196801, 68072, 8113, 387, 167, 158, true, true
3212606, 68470, 8115, 386, 168, 156, true, true
3227269, 68809, 8115, 384, 167, 156, true, true
3242475, 69171, 8115, 383, 166, 156, true, true
3250548, 69353, 8115, 382, 165, 156, true, true
3257572, 69534, 8115, 381, 164, 156, true, true
3272392, 69883, 8116, 378, 164, 154, true, true
3275829, 69964, 8117, 379, 165, 152, true, true
3325017, 71163, 8118, 380, 166, 152, true, true
3331819, 71335, 8119, 381, 167, 152, true, true
3332182, 71345, 8120, 382, 168, 151, true, true
3343685, 71611, 8121, 383, 169, 152, true, true
3371153, 72321, 8121, 382, 168, 155, true, true
3381600, 72548, 8130, 391, 169, 155, true, true
3417123, 73457, 8130, 390, 168, 157, true, true
3437144, 73938, 8130, 387, 166, 159, true, true
3444428, 74124, 8131, 388, 167, 157, true, true
3450043, 74278, 8132, 388, 168, 158, true, true
3462839, 74611, 8132, 387, 167, 160, true, true
3464902, 74662, 8132, 385, 166, 160, true, true
3466245, 74690, 8132, 384, 165, 160, true, true
3472548, 74860, 8132, 383, 164, 160, true, true
3472776, 74865, 8133, 384, 165, 159, true, true
3518684, 75978, 8133, 383, 164, 162, true, true
3547984, 76672, 8133, 378, 164, 165, true, true
3551357, 76765, 8134, 379, 165, 163, true, true
3564146, 77085, 8135, 372, 166, 159, true, true
3573297, 77332, 8135, 368, 165, 160, true, true
3580034, 77513, 8138, 371, 166, 163, true, true
3581033, 77544, 8139, 372, 167, 161, true, true
3581620, 77556, 8139, 371, 166, 161, true, true
3582358, 77575, 8139, 370, 165, 161, true, true
3599027, 77977, 8140, 371, 166, 163, true, true
3637926, 78951, 8141, 372, 167, 165, true, true
3650135, 79280, 8141, 371, 166, 166, true, true
3651578, 79326, 8141, 370, 165, 166, true, true
3653344, 79378, 8144, 368, 166, 165, true, true
3685400, 80193, 8144, 367, 165, 167, true, true
3689505, 80303, 8144, 366, 164, 167, true, true
3694159, 80425, 8145, 367, 165, 167, true, true
3695488, 80464, 8145, 366, 164, 167, true, true
3701753, 80647, 8145, 364, 162, 167, true, true
3706043, 80745, 8145, 363, 161, 167, true, true
3738548, 81614, 8145, 362, 160, 169, true, true
3742731, 81736, 8145, 361, 159, 170, true, true
3755243, 82081, 8146, 362, 160, 169, true, true
3772360, 82522, 8149, 363, 160, 173, true, true
3783682, 82817, 8150, 362, 161, 174, true, true
3790695, 83000, 8151, 363, 162, 174, true, true
3791420, 83013, 8151, 362, 161, 174, true, true
3807596, 83429, 8151, 361, 161, 174, true, true
3816898, 83655, 8153, 363, 162, 173, true, true
3822042, 83797, 8154, 364, 163, 172, true, true
3822808, 83821, 8157, 367, 164, 171, true, true
3824741, 83877, 8158, 368, 165, 169, true, true
3830884, 84011, 8158, 365, 164, 171, true, true
3845880, 84415, 8158, 363, 163, 173, true, true
3848292, 84475, 8161, 366, 164, 171, true, true
3851577, 84543, 8162, 367, 165, 169, true, true
3856590, 84664, 8164, 369, 166, 167, true, true
3883358, 85394, 8164, 368, 165, 169, true, true
3888349, 85528, 8165, 369, 166, 169, true, true
3924532, 86474, 8165, 368, 165, 173, true, true
3925494, 86493, 8165, 367, 164, 173, true, true
3949150, 87105, 8165, 366, 163, 174, true, true
3971430, 87714, 8165, 365, 162, 175, true, true
3972883, 87758, 8165, 364, 161, 175, true, true
3981106, 87971, 8166, 360, 162, 175, true, true
3991292, 88255, 8166, 358, 161, 175, true, true
3997771, 88420, 8166, 356, 160, 176, true, true
4015834, 88896, 8166, 355, 159, 176, true, true
4032599, 89347, 8166, 354, 158, 178, true, true
4033923, 89378, 8167, 355, 159, 176, true, true
4035781, 89424, 8167, 354, 158, 176, true, true
4036034, 89430, 8167, 352, 157, 176, true, true
4040212, 89543, 8168, 353, 158, 172, true, true
4053611, 89918, 8170, 355, 159, 171, true, true
4055718, 89959, 8171, 356, 160, 170, true, true
4063266, 90160, 8171, 355, 159, 171, true, true
4065133, 90208, 8171, 354, 158, 171, true, true
4091374, 90896, 8172, 355, 159, 170, true, true
4091516, 90899, 8174, 348, 158, 166, true, true
4091780, 90908, 8175, 349, 159, 160, true, true
4092960, 90939, 8176, 350, 160, 160, true, true
4113366, 91498, 8177, 351, 161, 161, true, true
4118058, 91628, 8177, 350, 160, 162, true, true
4133221, 92029, 8177, 349, 159, 163, true, true
4139283, 92162, 8177, 348, 158, 163, true, true
4141938, 92226, 8197, 366, 159, 161, true, true
4150161, 92455, 8198, 357, 159, 160, true, true
4157420, 92609, 8201, 359, 160, 158, true, true
4158690, 92647, 8201, 358, 159, 158, true, true
4173574, 93032, 8202, 359, 160, 156, true, true
4179535, 93194, 8202, 358, 159, 156, true, true
4181893, 93269, 8202, 357, 158, 157, true, true
4209958, 93981, 8203, 358, 159, 158, true, true
4211245, 94014, 8203, 357, 158, 158, true, true
4211356, 94016, 8204, 358, 159, 157, true, true
4215160, 94122, 8206, 360, 160, 156, true, true
4241886, 94809, 8207, 361, 161, 156, true, true
4243969, 94865, 8210, 364, 162, 155, true, true
4256094, 95196, 8210, 363, 161, 157, true, true
4266599, 95470, 8216, 369, 162, 157, true, true
4271899, 95611, 8216, 368, 161, 157, true, true
4284170, 95912, 8217, 369, 162, 156, true, true
4285461, 95942, 8217, 363, 161, 157, true, true
4325812, 97070, 8220, 365, 161, 157, true, true
4327597, 97114, 8220, 364, 160, 157, true, true
4332924, 97255, 8221, 365, 161, 156, true, true
4344972, 97568, 8222, 366, 162, 155, true, true
4364385, 98072, 8222, 365, 161, 155, true, true
4377945, 98428, 8235, 368, 162, 152, true, true
4385757, 98641, 8235, 362, 161, 152, true, true
4389122, 98728, 8236, 363, 162, 151, true, true
4429190, 99550, 8236, 362, 161, 155, true, true
4432980, 99631, 8236, 361, 160, 155, true, true
4436499, 99709, 8236, 359, 160, 155, true, true
4442284, 99828, 8236, 358, 159, 155, true, true
4450994, 99994, 8238, 360, 160, 153, true, true
4458388, 100134, 8238, 359, 159, 154, true, true
4466759, 100291, 8239, 360, 160, 153, true, true
4467598, 100310, 8239, 359, 159, 153, true, true
4506755, 101082, 8239, 358, 158, 157, true, true
4514121, 101230, 8241, 360, 159, 154, true, true
4529454, 101555, 8242, 361, 160, 151, true, true
4542767, 101831, 8243, 356, 159, 151, true, true
4555946, 102086, 8248, 360, 160, 151, true, true
4559837, 102175, 8248, 358, 159, 152, true, true
4573533, 102463, 8249, 359, 160, 149, true, true
4601995, 103037, 8251, 361, 161, 152, true, true
4677883, 104625, 8251, 360, 160, 156, true, true
4693357, 104968, 8251, 359, 160, 157, true, true
4708949, 105330, 8251, 358, 159, 159, true, true
4719561, 105565, 8252, 359, 160, 160, true, true
4728743, 105756, 8253, 360, 161, 159, true, true
4763197, 106495, 8254, 361, 162, 161, true, true
4773980, 106747, 8255, 357, 163, 159, true, true
4776447, 106798, 8255, 356, 162, 159, true, true
4780096, 106887, 8258, 359, 163, 155, true, true
4789033, 107072, 8258, 358, 162, 155, true, true
4806444, 107448, 8274, 369, 161, 151, true, true
4824508, 107821, 8275, 370, 162, 150, true, true
4844963, 108261, 8275, 369, 162, 152, true, true
4847289, 108303, 8278, 372, 163, 151, true, true
4859824, 108588, 8279, 373, 164, 150, true, true
4882450, 109082, 8279, 372, 164, 151, true, true
4887230, 109196, 8280, 371, 164, 149, true, true
4913270, 109806, 8280, 370, 163, 153, true, true
4917070, 109898, 8283, 373, 164, 153, true, true
4925163, 110072, 8283, 372, 163, 153, true, true
4966228, 111010, 8284, 373, 164, 155, true, true
4992939, 111649, 8285, 374, 165, 154, true, true
4994772, 111684, 8285, 373, 164, 155, true, true
4998099, 111770, 8286, 374, 165, 154, true, true
5008372, 112026, 8287, 375, 166, 153, true, true
5024580, 112380, 8288, 376, 167, 151, true, true
5060472, 113239, 8288, 373, 166, 153, true, true
5089981, 113941, 8289, 372, 166, 152, true, true
5096548, 114106, 8291, 373, 167, 151, true, true
5098702, 114161, 8292, 374, 168, 150, true, true
5105872, 114324, 8292, 373, 167, 151, true, true
5107136, 114356, 8292, 372, 166, 151, true, true
5113162, 114500, 8292, 371, 165, 153, true, true
5116712, 114586, 8293, 368, 166, 154, true, true
5118785, 114637, 8294, 369, 167, 148, true, true
5135835, 115027, 8296, 371, 168, 148, true, true
5137557, 115062, 8296, 370, 167, 148, true, true
5138536, 115082, 8296, 369, 166, 148, true, true
5142183, 115168, 8296, 368, 165, 148, true, true
5177965, 115926, 8304, 376, 166, 152, true, true
5281424, 118965, 8305, 375, 167, 164, true, true
5297734, 119460, 8305, 374, 166, 166, true, true
5301653, 119582, 8305, 373, 165, 166, true, true
5317259, 120073, 8306, 374, 166, 161, true, true
5318312, 120104, 8306, 373, 165, 161, true, true
5329912, 120495, 8306, 370, 164, 163, true, true
5337419, 120725, 8306, 369, 164, 164, true, true
5337682, 120732, 8306, 368, 163, 164, true, true
5338243, 120747, 8306, 367, 163, 164, true, true
5342002, 120864, 8306, 366, 162, 165, true, true
5354893, 121254, 8307, 367, 163, 163, true, true
5360671, 121418, 8308, 368, 164, 157, true, true
5374817, 121810, 8308, 367, 163, 157, true, true
5382209, 122006, 8308, 366, 162, 157, true, true
5392018, 122294, 8308, 365, 161, 158, true, true
5399428, 122501, 8308, 364, 160, 159, true, true
5401863, 122565, 8308, 363, 159, 159, true, true
5427603, 123333, 8309, 364, 160, 159, true, true
5445946, 123913, 8309, 363, 159, 159, true, true
5447581, 123960, 8309, 362, 158, 159, true, true
5452173, 124115, 8309, 360, 158, 159, true, true
5470161, 124629, 8309, 358, 156, 161, true, true
5473737, 124739, 8309, 345, 156, 161, true, true
5477568, 124836, 8310, 336, 157, 161, true, true
5512494, 125881, 8311, 337, 158, 161, true, true
5542021, 126761, 8312, 338, 159, 163, true, true
5563167, 127370, 8312, 335, 158, 164, true, true
5568166, 127538, 8312, 334, 157, 164, true, true
5579750, 127839, 8314, 335, 158, 161, true, true
5582753, 127938, 8314, 334, 157, 161, true, true
5585334, 128005, 8315, 335, 158, 160, true, true
5596292, 128334, 8315, 334, 157, 162, true, true
5633602, 129417, 8315, 323, 156, 166, true, true
5665949, 130342, 8316, 324, 157, 165, true, true
5672961, 130552, 8317, 325, 158, 163, true, true
5690479, 131089, 8317, 324, 157, 165, true, true
5691341, 131107, 8323, 330, 158, 163, true, true
5709522, 131683, 8323, 329, 157, 165, true, true
5723138, 132106, 8324, 330, 158, 163, true, true
5724482, 132157, 8325, 331, 159, 162, true, true
5751364, 132983, 8327, 333, 160, 164, true, true
5777377, 133815, 8328, 334, 161, 166, true, true
5778939, 133856, 8329, 335, 162, 164, true, true
5783966, 134022, 8329, 334, 161, 164, true, true
5794194, 134343, 8331, 336, 162, 162, true, true
5796699, 134427, 8331, 333, 161, 162, true, true
5798479, 134479, 8331, 332, 160, 162, true, true
5815419, 135014, 8331, 331, 159, 166, true, true
5818041, 135089, 8333, 333, 160, 164, true, true
5830019, 135501, 8334, 333, 161, 163, true, true
5832158, 135562, 8334, 332, 160, 163, true, true
5839711, 135811, 8335, 333, 161, 162, true, true
5841588, 135871, 8336, 334, 162, 160, true, true
5841687, 135874, 8337, 333, 162, 158, true, true
5843044, 135924, 8339, 335, 163, 157, true, true
5852450, 136196, 8339, 334, 162, 157, true, true
5856331, 136325, 8347, 342, 163, 156, true, true
5868848, 136722, 8347, 341, 162, 157, true, true
5946291, 139068, 8347, 340, 162, 160, true, true
5974585, 139980, 8347, 339, 161, 161, true, true
6044220, 142115, 8347, 338, 160, 169, true, true
6057497, 142554, 8347, 337, 159, 170, true, true
6073429, 143083, 8348, 338, 160, 170, true, true
6082766, 143372, 8349, 339, 161, 162, true, true
6084285, 143419, 8349, 332, 160, 162, true, true
6086581, 143483, 8349, 331, 159, 162, true, true
6095186, 143771, 8349, 330, 158, 163, true, true
6095281, 143774, 8349, 329, 157, 163, true, true
6107167, 144138, 8349, 327, 156, 163, true, true
6126773, 144743, 8350, 328, 157, 164, true, true
6148028, 145411, 8350, 327, 156, 164, true, true
6174106, 146215, 8350, 326, 155, 164, true, true
6199087, 147004, 8351, 327, 156, 161, true, true
6205848, 147223, 8351, 326, 155, 163, true, true
6206444, 147243, 8352, 327, 156, 161, true, true
6241792, 148352, 8353, 328, 157, 162, true, true
6257244, 148827, 8353, 327, 156, 164, true, true
6278124, 149524, 8353, 326, 155, 165, true, true
6339527, 151518, 8358, 331, 156, 169, true, true
6348418, 151798, 8358, 329, 155, 169, true, true
6350031, 151848, 8358, 328, 154, 169, true, true
6378368, 152755, 8358, 327, 153, 174, true, true
6384220, 152947, 8358, 326, 152, 174, true, true
6392561, 153175, 8359, 326, 153, 171, true, true
6428223, 154288, 8361, 326, 153, 173, true, true
6456586, 155162, 8361, 325, 152, 175, true, true
6493801, 156427, 8362, 326, 153, 174, true, true
6500532, 156648, 8362, 325, 152, 175, true, true
6506762, 156853, 8362, 324, 152, 176, true, true
6510315, 156980, 8362, 323, 151, 177, true, true
6510727, 156997, 8364, 324, 151, 175, true, true
6527344, 157518, 8366, 326, 152, 176, true, true
6529814, 157599, 8368, 327, 153, 175, true, true
6533266, 157710, 8368, 312, 152, 176, true, true
6548236, 158200, 8368, 311, 151, 178, true, true
6548563, 158213, 8368, 307, 150, 178, true, true
6576606, 159115, 8368, 306, 149, 180, true, true
6603171, 159915, 8369, 307, 150, 178, true, true
6603810, 159941, 8370, 308, 151, 175, true, true
6626693, 160652, 8371, 309, 152, 173, true, true
6629874, 160771, 8372, 310, 153, 173, true, true
6646272, 161273, 8372, 307, 152, 176, true, true
6669906, 162063, 8372, 305, 152, 177, true, true
6682750, 162496, 8372, 304, 151, 178, true, true
6689010, 162696, 8372, 285, 151, 178, true, true
6710172, 163379, 8373, 284, 151, 176, true, true
6733177, 164184, 8376, 287, 152, 176, true, true
6741204, 164442, 8376, 286, 151, 177, true, true
6743811, 164523, 8377, 287, 152, 175, true, true
6744256, 164540, 8377, 283, 152, 175, true, true
6747002, 164634, 8379, 285, 153, 170, true, true
6751804, 164799, 8379, 284, 152, 171, true, true
6762199, 165095, 8380, 285, 153, 170, true, true
6796082, 166206, 8380, 284, 152, 173, true, true
6812921, 166772, 8380, 283, 151, 173, true, true
6847144, 167906, 8381, 284, 152, 176, true, true
6859628, 168326, 8381, 283, 151, 176, true, true
6869895, 168675, 8382, 284, 152, 176, true, true
6874605, 168824, 8383, 285, 153, 176, true, true
6881080, 169034, 8383, 284, 152, 177, true, true
6903275, 169769, 8383, 283, 151, 177, true, true
6926398, 170549, 8384, 283, 151, 176, true, true
6953024, 171430, 8385, 282, 152, 177, true, true
6959341, 171651, 8385, 281, 152, 179, true, true
7015794, 173568, 8385, 280, 151, 183, true, true
7033662, 174178, 8386, 281, 152, 184, true, true
7065727, 175266, 8388, 282, 152, 180, true, true
7076870, 175642, 8388, 281, 151, 181, true, true
7103394, 176558, 8390, 283, 152, 177, true, true
7109457, 176784, 8390, 282, 151, 177, true, true
7156341, 178330, 8390, 281, 150, 178, true, true
7164886, 178587, 8392, 283, 151, 177, true, true
7172731, 178865, 8394, 283, 150, 178, true, true
7204031, 180031, 8394, 282, 149, 180, true, true
7208624, 180193, 8394, 281, 148, 182, true, true
7229464, 180965, 8395, 282, 149, 178, true, true
7230288, 180986, 8395, 278, 148, 178, true, true
7253010, 181851, 8395, 277, 148, 181, true, true
7267427, 182382, 8396, 278, 149, 179, true, true
7279198, 182825, 8396, 276, 148, 179, true, true
7283702, 182991, 8396, 275, 147, 179, true, true
7409159, 187758, 8397, 276, 148, 191, true, true
7419104, 188149, 8397, 275, 147, 191, true, true
7425922, 188418, 8398, 276, 148, 190, true, true
7465283, 189979, 8399, 277, 149, 190, true, true
7480527, 190592, 8399, 276, 148, 191, true, true
7480817, 190602, 8399, 274, 147, 191, true, true
7501898, 191376, 8399, 273, 146, 191, true, true
7502529, 191394, 8400, 274, 147, 189, true, true
7515676, 191882, 8401, 275, 148, 188, true, true
7561641, 193641, 8401, 274, 147, 191, true, true
7561816, 193648, 8403, 276, 148, 191, true, true
7572238, 194067, 8404, 275, 148, 189, true, true
7578264, 194312, 8424, 291, 148, 188, true, true
7578623, 194327, 8424, 290, 147, 188, true, true
7626503, 196245, 8426, 292, 148, 192, true, true
7638521, 196712, 8426, 291, 147, 193, true, true
7655017, 197379, 8427, 292, 148, 191, true, true
7663695, 197717, 8428, 292, 149, 192, true, true
7664038, 197737, 8429, 293, 150, 190, true, true
7667521, 197860, 8429, 292, 150, 190, true, true
7671235, 198026, 8430, 293, 151, 189, true, true
7744855, 200954, 8430, 292, 150, 194, true, true
7744990, 200962, 8431, 293, 151, 193, true, true
7748089, 201070, 8431, 292, 150, 193, true, true
7758624, 201466, 8431, 291, 149, 194, true, true
7767961, 201815, 8432, 291, 149, 194, true, true
7799053, 203021, 8433, 291, 149, 194, true, true
7805413, 203311, 8435, 293, 150, 191, true, true
7823189, 203930, 8436, 287, 151, 190, true, true
7828907, 204173, 8437, 288, 152, 188, true, true
7831485, 204265, 8437, 287, 151, 188, true, true
7863539, 205548, 8439, 289, 152, 183, true, true
7875379, 206036, 8441, 291, 153, 182, true, true
7879991, 206215, 8445, 295, 154, 179, true, true
7886122, 206461, 8449, 298, 155, 178, true, true
7919631, 207781, 8449, 297, 154, 181, true, true
7952184, 209060, 8452, 300, 155, 178, true, true
7965458, 209569, 8454, 301, 155, 176, true, true
7980664, 210166, 8457, 304, 156, 174, true, true
8000205, 210927, 8458, 305, 157, 177, true, true
8003314, 211043, 8458, 304, 156, 177, true, true
8003678, 211057, 8458, 303, 155, 177, true, true
8019751, 211688, 8460, 305, 156, 177, true, true
8021655, 211771, 8462, 303, 156, 174, true, true
8025634, 211902, 8464, 305, 157, 172, true, true
8050217, 212808, 8464, 304, 156, 175, true, true
8051855, 212878, 8465, 305, 157, 173, true, true
8126132, 215749, 8465, 304, 156, 179, true, true
8136873, 216187, 8466, 305, 157, 180, true, true
8145617, 216519, 8467, 306, 158, 180, true, true
8147141, 216587, 8467, 305, 157, 180, true, true
8160882, 217119, 8468, 306, 158, 179, true, true
8163562, 217232, 8470, 308, 159, 175, true, true
8180516, 217925, 8470, 307, 158, 176, true, true
8197953, 218600, 8471, 308, 159, 175, true, true
8205344, 218880, 8471, 307, 159, 175, true, true
8216272, 219303, 8472, 308, 160, 172, true, true
8226822, 219703, 8473, 307, 160, 170, true, true
8238951, 220190, 8473, 305, 159, 170, true, true
8259426, 220936, 8473, 303, 159, 171, true, true
8261451, 221020, 8473, 299, 158, 171, true, true
8277172, 221624, 8481, 307, 159, 169, true, true
8281350, 221796, 8481, 306, 158, 169, true, true
8334215, 223830, 8482, 307, 159, 164, true, true
8349079, 224424, 8483, 308, 160, 163, true, true
8374071, 225425, 8483, 307, 159, 165, true, true
8399442, 226409, 8483, 306, 158, 167, true, true
8461191, 228732, 8484, 307, 159, 168, true, true
8462781, 228811, 8485, 308, 160, 166, true, true
8469963, 229084, 8486, 309, 161, 165, true, true
8471889, 229169, 8487, 309, 161, 162, true, true
8492049, 229986, 8487, 307, 160, 164, true, true
8501238, 230365, 8488, 308, 161, 162, true, true
8511293, 230791, 8488, 307, 160, 162, true, true
8521196, 231187, 8488, 306, 160, 162, true, true
8522304, 231239, 8489, 307, 161, 157, true, true
8530328, 231570, 8489, 306, 160, 157, true, true
8532673, 231645, 8490, 307, 161, 152, true, true
8540051, 231943, 8490, 306, 161, 153, true, true
8546339, 232195, 8490, 303, 161, 153, true, true
8579569, 233495, 8490, 302, 160, 155, true, true
8595115, 234104, 8491, 303, 161, 154, true, true
8610521, 234704, 8492, 303, 162, 152, true, true
8642688, 235904, 8492, 301, 161, 155, true, true
8664476, 236762, 8492, 299, 160, 155, true, true
8688202, 237668, 8493, 300, 161, 155, true, true
8690895, 237764, 8493, 299, 160, 155, true, true
8698205, 238040, 8495, 301, 161, 154, true, true
8707610, 238418, 8495, 300, 160, 154, true, true
8713747, 238639, 8495, 299, 160, 155, true, true
8728952, 239179, 8495, 298, 159, 155, true, true
8767645, 240633, 8495, 297, 158, 157, true, true
8771023, 240769, 8495, 296, 157, 157, true, true
8789444, 241450, 8506, 305, 156, 154, true, true
8791508, 241531, 8506, 304, 155, 154, true, true
8876108, 244748, 8507, 305, 156, 156, true, true
8888288, 245193, 8508, 306, 157, 155, true, true
8893351, 245393, 8508, 305, 156, 155, true, true
8898733, 245588, 8509, 306, 157, 154, true, true
8911495, 246081, 8512, 306, 157, 150, true, true
8950266, 247490, 8512, 304, 156, 152, true, true
8977207, 248545, 8512, 303, 155, 154, true, true
8991541, 249103, 8514, 301, 155, 153, true, true
9004886, 249657, 8515, 301, 155, 152, true, true
9008418, 249811, 8517, 303, 156, 151, true, true
9019925, 250246, 8525, 311, 157, 150, true, true
9063201, 251891, 8525, 308, 156, 152, true, true
9123150, 254229, 8525, 305, 155, 153, true, true
9132372, 254549, 8531, 311, 156, 151, true, true
9171833, 256155, 8538, 316, 156, 153, true, true
9179493, 256438, 8543, 321, 157, 151, true, true
9185400, 256680, 8544, 322, 158, 150, true, true
9200562, 257294, 8544, 321, 157, 151, true, true
9203035, 257352, 8544, 320, 156, 151, true, true
9219179, 257984, 8544, 319, 155, 151, true, true
9230587, 258433, 8544, 318, 155, 153, true, true
9236887, 258667, 8544, 317, 154, 153, true, true
9269383, 259874, 8544, 316, 153, 154, true, true
9303332, 261195, 8545, 316, 154, 153, true, true
9329279, 262175, 8545, 315, 154, 153, true, true
9341309, 262659, 8550, 320, 155, 151, true, true
9351060, 263015, 8551, 321, 156, 145, true, true
9358920, 263304, 8551, 320, 155, 145, true, true
9373062, 263890, 8551, 319, 154, 145, true, true
9385217, 264356, 8551, 318, 153, 146, true, true
9399739, 264902, 8552, 319, 154, 140, true, true
9446655, 266722, 8553, 320, 155, 139, true, true
9451871, 266900, 8555, 322, 156, 139, true, true
9465709, 267332, 8555, 321, 155, 139, true, true
9487456, 268099, 8555, 318, 153, 140, true, true
9523322, 269437, 8556, 319, 154, 134, true, true
9524340, 269476, 8556, 318, 153, 134, true, true
9558412, 270761, 8556, 316, 152, 135, true, true
9578968, 271596, 8556, 315, 151, 136, true, true
9611562, 272890, 8557, 316, 152, 136, true, true
9622035, 273256, 8557, 315, 151, 137, true, true
9634933, 273753, 8557, 314, 150, 138, true, true
9667718, 275055, 8557, 313, 149, 139, true, true
9756831, 278350, 8557, 312, 148, 146, true, true
9766759, 278747, 8561, 308, 149, 144, true, true
9837646, 281451, 8566, 305, 150, 146, true, true
9843748, 281685, 8569, 308, 151, 145, true, true
9870234, 282701, 8569, 302, 150, 145, true, true
9879436, 283045, 8569, 301, 149, 145, true, true
9909891, 284244, 8570, 302, 150, 145, true, true
9966185, 286433, 8571, 303, 151, 145, true, true
9972565, 286680, 8572, 304, 152, 141, true, true
9976183, 286792, 8572, 303, 151, 141, true, true
9982342, 287032, 8573, 303, 151, 140, true, true
10030052, 288862, 8573, 302, 151, 142, true, true
10035882, 289080, 8573, 301, 150, 142, true, true
10141242, 292943, 8573, 300, 149, 146, true, true
10156268, 293465, 8573, 299, 148, 147, true, true
10176983, 294271, 8574, 284, 147, 147, true, true
10181265, 294429, 8575, 285, 148, 144, true, true
10205289, 295354, 8575, 284, 147, 144, true, true
10215564, 295764, 8575, 283, 146, 144, true, true
10245703, 296923, 8575, 282, 145, 145, true, true
10255850, 297335, 8576, 283, 146, 145, true, true
10279600, 298253, 8576, 282, 145, 145, true, true
10336981, 300464, 8577, 283, 146, 142, true, true
10350126, 300980, 8578, 283, 146, 141, true, true
10426098, 303817, 8579, 284, 147, 142, true, true
10438929, 304304, 8580, 285, 148, 141, true, true
10449988, 304682, 8580, 284, 147, 142, true, true
10468105, 305357, 8581, 285, 148, 136, true, true
10497230, 306404, 8581, 284, 148, 137, true, true
10525401, 307395, 8581, 281, 148, 137, true, true
10534968, 307673, 8583, 283, 149, 136, true, true
10551278, 308153, 8583, 282, 148, 136, true, true
10643663, 310834, 8583, 281, 148, 138, true, true
10644310, 310854, 8583, 280, 147, 138, true, true
10727630, 313233, 8597, 287, 147, 140, true, true
10748224, 313809, 8602, 292, 148, 139, true, true
10789481, 314950, 8604, 286, 149, 137, true, true
10799650, 315249, 8609, 291, 150, 136, true, true
10822331, 315893, 8611, 293, 151, 137, true, true
10831215, 316132, 8611, 292, 150, 137, true, true
10975939, 320294, 8611, 291, 149, 141, true, true
10989841, 320706, 8611, 290, 148, 141, true, true
11032359, 321910, 8612, 291, 149, 141, true, true
11043684, 322220, 8613, 292, 150, 140, true, true
11062881, 322785, 8613, 287, 149, 141, true, true
11070026, 322999, 8613, 286, 149, 141, true, true
11084006, 323394, 8613, 285, 148, 142, true, true
11127182, 324536, 8613, 284, 147, 142, true, true
11210498, 326910, 8615, 286, 148, 142, true, true
11237102, 327714, 8615, 273, 147, 142, true, true
11248616, 328030, 8617, 275, 148, 140, true, true
11294683, 329390, 8618, 276, 149, 141, true, true
11353576, 331028, 8619, 277, 150, 140, true, true
11356454, 331122, 8619, 275, 149, 141, true, true
11369209, 331588, 8619, 274, 148, 143, true, true
11377809, 331856, 8620, 274, 149, 142, true, true
11389342, 332263, 8620, 273, 148, 142, true, true
11426767, 333695, 8620, 272, 147, 143, true, true
11443215, 334310, 8621, 273, 148, 142, true, true
11462289, 335017, 8622, 274, 149, 141, true, true
11463521, 335065, 8622, 273, 148, 141, true, true
11465167, 335135, 8622, 272, 147, 141, true, true
11481210, 335744, 8622, 271, 147, 141, true, true
11507632, 336749, 8622, 270, 146, 142, true, true
11514579, 337030, 8622, 262, 145, 142, true, true
11540881, 338033, 8622, 261, 144, 142, true, true
11584534, 339644, 8622, 260, 143, 144, true, true
11630944, 341397, 8624, 262, 144, 143, true, true
11650950, 342204, 8624, 261, 143, 143, true, true
11673076, 343037, 8624, 256, 142, 145, true, true
11679882, 343285, 8625, 255, 142, 144, true, true
11699816, 344003, 8646, 273, 143, 146, true, true
11709029, 344274, 8646, 272, 142, 146, true, true
11718950, 344633, 8646, 271, 141, 146, true, true
11719486, 344655, 8647, 272, 142, 145, true, true
11730980, 345063, 8648, 273, 143, 144, true, true
11795357, 347405, 8651, 276, 144, 142, true, true
11805408, 347781, 8651, 273, 143, 143, true, true
11824449, 348498, 8655, 277, 144, 140, true, true
11843201, 349181, 8655, 276, 143, 140, true, true
11848662, 349393, 8655, 274, 143, 141, true, true
11849065, 349409, 8656, 275, 144, 134, true, true
11863795, 349899, 8656, 274, 143, 134, true, true
11875207, 350292, 8656, 273, 142, 134, true, true
11888296, 350727, 8656, 272, 141, 134, true, true
12030458, 355895, 8656, 270, 140, 142, true, true
12038893, 356184, 8656, 269, 139, 142, true, true
12106763, 358670, 8656, 268, 138, 142, true, true
12146540, 360021, 8669, 280, 139, 143, true, true
12154131, 360298, 8670, 281, 140, 143, true, true
12215404, 362614, 8671, 282, 141, 143, true, true
12227816, 363062, 8675, 286, 142, 141, true, true
12260973, 364243, 8675, 285, 141, 143, true, true
12348086, 367342, 8675, 284, 140, 145, true, true
12371580, 368175, 8675, 283, 140, 145, true, true
12379997, 368491, 8676, 284, 141, 140, true, true
12427356, 370202, 8676, 283, 141, 140, true, true
12442657, 370786, 8677, 284, 142, 136, true, true
12460383, 371426, 8678, 285, 143, 135, true, true
12478091, 372050, 8678, 284, 143, 136, true, true
12499062, 372778, 8679, 285, 144, 135, true, true
12521913, 373538, 8679, 284, 143, 136, true, true
12546453, 374411, 8679, 283, 142, 137, true, true
12571890, 375292, 8680, 284, 143, 135, true, true
12607782, 376574, 8681, 283, 143, 133, true, true
12646828, 377958, 8682, 283, 143, 132, true, true
12709720, 380126, 8682, 282, 142, 134, true, true
12738119, 381138, 8682, 281, 142, 134, true, true
12839778, 384690, 8682, 280, 141, 137, true, true
12847383, 384967, 8682, 279, 141, 138, true, true
12891987, 386550, 8683, 280, 142, 137, true, true
12905751, 387038, 8684, 281, 143, 137, true, true
12913395, 387296, 8684, 280, 142, 137, true, true
12947636, 388508, 8684, 279, 141, 137, true, true
12958034, 388881, 8684, 278, 140, 137, true, true
12967748, 389234, 8684, 277, 139, 138, true, true
12982087, 389744, 8684, 274, 138, 138, true, true
13067176, 392706, 8684, 273, 137, 140, true, true
13176203, 396487, 8686, 275, 138, 138, true, true
13256260, 399367, 8686, 274, 137, 139, true, true
13265922, 399727, 8686, 273, 136, 139, true, true
13270896, 399901, 8687, 274, 137, 138, true, true
13274580, 400013, 8688, 275, 138, 137, true, true
13284814, 400379, 8688, 274, 137, 137, true, true
13412497, 404836, 8688, 272, 136, 141, true, true
13670325, 414072, 8689, 273, 137, 147, true, true
13674130, 414183, 8690, 272, 138, 144, true, true
13704336, 415290, 8690, 271, 137, 145, true, true
13767212, 417580, 8691, 272, 138, 147, true, true
13850425, 420672, 8692, 273, 139, 149, true, true
13854645, 420841, 8693, 274, 140, 148, true, true
13861673, 421117, 8693, 273, 139, 148, true, true
13889371, 422144, 8694, 274, 140, 147, true, true
13921310, 423314, 8694, 273, 139, 148, true, true
13969102, 425091, 8694, 272, 138, 150, true, true
13988398, 425829, 8694, 271, 137, 151, true, true
14021585, 427031, 8694, 270, 136, 151, true, true
14035924, 427571, 8694, 269, 135, 152, true, true
14038890, 427669, 8694, 268, 134, 153, true, true
14046501, 427938, 8694, 264, 133, 153, true, true
14059560, 428404, 8695, 265, 134, 152, true, true
14073166, 428870, 8696, 266, 135, 151, true, true
14155015, 431845, 8696, 265, 134, 152, true, true
14175171, 432583, 8696, 264, 133, 152, true, true
14252286, 435418, 8697, 265, 134, 152, true, true
14259168, 435643, 8697, 264, 134, 152, true, true
14363787, 439468, 8697, 263, 133, 153, true, true
14426551, 441817, 8698, 264, 134, 146, true, true
14457603, 443005, 8698, 263, 133, 146, true, true
14511935, 445081, 8698, 262, 132, 149, true, true
14518150, 445335, 8699, 263, 133, 146, true, true
14536541, 446036, 8700, 264, 134, 145, true, true
14554943, 446722, 8700, 263, 133, 145, true, true
14640707, 449997, 8702, 263, 134, 147, true, true
14657220, 450613, 8706, 264, 134, 145, true, true
14711212, 452572, 8706, 261, 132, 148, true, true
14766651, 454623, 8706, 260, 131, 151, true, true
14770160, 454759, 8707, 260, 131, 148, true, true
14817302, 456511, 8707, 259, 130, 148, true, true
14855580, 457953, 8707, 257, 129, 148, true, true
15014119, 463815, 8708, 258, 130, 148, true, true
15054974, 465327, 8710, 260, 131, 145, true, true
15104653, 467286, 8712, 262, 132, 143, true, true
15130097, 468223, 8712, 261, 131, 143, true, true
15168860, 469761, 8713, 262, 132, 144, true, true
15215588, 471482, 8713, 258, 132, 146, true, true
15286214, 474209, 8714, 259, 133, 145, true, true
15332065, 476027, 8714, 258, 132, 146, true, true
15356052, 476910, 8715, 259, 133, 144, true, true
15419027, 479394, 8715, 257, 132, 149, true, true
15459325, 480943, 8715, 255, 131, 150, true, true
15506340, 482821, 8715, 254, 130, 155, true, true
15528907, 483734, 8715, 253, 129, 155, true, true
15548142, 484462, 8716, 254, 130, 155, true, true
15616615, 487127, 8717, 255, 131, 155, true, true
15639731, 487965, 8717, 254, 130, 156, true, true
15723034, 491156, 8717, 253, 129, 157, true, true
15756167, 492456, 8717, 251, 128, 157, true, true
15773922, 493160, 8717, 249, 126, 157, true, true
15824972, 495096, 8717, 248, 125, 157, true, true
15910918, 498378, 8718, 249, 126, 156, true, true
15920521, 498782, 8719, 250, 127, 154, true, true
15938561, 499472, 8719, 245, 126, 155, true, true
15965368, 500515, 8720, 246, 127, 155, true, true
15977319, 500994, 8721, 247, 128, 154, true, true
16011641, 502289, 8721, 246, 127, 157, true, true
16078138, 504927, 8723, 248, 128, 159, true, true
16198456, 509526, 8724, 249, 129, 158, true, true
16225582, 510563, 8727, 251, 130, 156, true, true
16238516, 511081, 8728, 252, 131, 154, true, true
16262436, 512008, 8728, 250, 130, 154, true, true
16305370, 513644, 8728, 249, 129, 154, true, true
16325269, 514425, 8729, 250, 130, 150, true, true
16368756, 516158, 8734, 254, 131, 149, true, true
16376719, 516454, 8734, 253, 130, 149, true, true
16382549, 516672, 8734, 252, 130, 149, true, true
16533558, 522666, 8734, 251, 129, 150, true, true
16623529, 526169, 8734, 249, 128, 150, true, true
16705061, 529489, 8734, 248, 127, 154, true, true
16800317, 533467, 8735, 248, 127, 154, true, true
16837912, 535031, 8736, 249, 128, 153, true, true
16870572, 536321, 8738, 250, 129, 153, true, true
16878277, 536641, 8740, 252, 130, 152, true, true
17019716, 542592, 8740, 250, 129, 155, true, true
17061204, 544189, 8740, 249, 128, 155, true, true
17061909, 544213, 8743, 250, 128, 154, true, true
17108931, 546157, 8744, 251, 129, 152, true, true
17126836, 546959, 8744, 250, 128, 152, true, true
17149732, 547905, 8744, 249, 127, 152, true, true
17226065, 550842, 8746, 251, 128, 149, true, true
17226119, 550844, 8746, 250, 127, 149, true, true
17233420, 551131, 8748, 252, 128, 148, true, true
17244340, 551546, 8748, 251, 128, 149, true, true
17277325, 552838, 8748, 250, 127, 149, true, true
17395434, 557527, 8749, 251, 128, 149, true, true
17407120, 558003, 8750, 252, 129, 148, true, true
17418334, 558467, 8750, 251, 128, 148, true, true
17433891, 559064, 8750, 249, 127, 149, true, true
17554776, 563999, 8750, 248, 126, 151, true, true
17714803, 570561, 8750, 247, 125, 155, true, true
17800749, 574087, 8750, 245, 124, 156, true, true
17809854, 574496, 8751, 246, 125, 155, true, true
17836202, 575580, 8751, 228, 124, 155, true, true
17857248, 576465, 8751, 227, 123, 155, true, true
17900749, 578191, 8752, 228, 124, 154, true, true
17924334, 579178, 8752, 227, 123, 154, true, true
17947518, 580146, 8753, 228, 124, 153, true, true
18064788, 584887, 8757, 221, 125, 154, true, true
18111193, 586680, 8759, 223, 126, 155, true, true
18130301, 587467, 8760, 224, 127, 154, true, true
18136981, 587726, 8761, 224, 127, 152, true, true
18238936, 591697, 8762, 224, 127, 152, true, true
18295280, 594016, 8762, 222, 126, 152, true, true
18320743, 594961, 8762, 221, 125, 152, true, true
18527107, 603187, 8763, 222, 126, 155, true, true
18592078, 605925, 8763, 221, 126, 158, true, true
18623387, 607211, 8763, 220, 125, 158, true, true
18649512, 608283, 8765, 222, 126, 156, true, true
18650489, 608326, 8766, 223, 127, 155, true, true
18744705, 612219, 8766, 222, 126, 158, true, true
18755158, 612634, 8766, 221, 126, 158, true, true
18826990, 615604, 8766, 219, 125, 159, true, true
18851671, 616611, 8767, 220, 126, 157, true, true
18954967, 620810, 8768, 221, 127, 156, true, true
18981168, 621831, 8768, 220, 127, 156, true, true
18988770, 622137, 8770, 222, 128, 155, true, true
19037375, 624132, 8771, 223, 129, 153, true, true
19070878, 625460, 8771, 218, 129, 153, true, true
19105687, 626853, 8772, 219, 130, 151, true, true
19113498, 627184, 8773, 220, 131, 147, true, true
19114138, 627209, 8773, 219, 130, 147, true, true
19173985, 629579, 8773, 218, 129, 149, true, true
19197764, 630547, 8774, 218, 130, 142, true, true
19215730, 631261, 8775, 218, 131, 140, true, true
19291536, 634310, 8775, 217, 130, 141, true, true
19292501, 634336, 8776, 217, 130, 140, true, true
19410312, 639008, 8777, 218, 131, 138, true, true
19430161, 639760, 8782, 223, 132, 137, true, true
19516842, 643237, 8785, 226, 133, 137, true, true
19569286, 645403, 8787, 226, 133, 135, true, true
19587168, 646092, 8788, 227, 134, 135, true, true
19705052, 650800, 8789, 227, 134, 136, true, true
19779735, 653881, 8789, 226, 133, 136, true, true
19837994, 656438, 8791, 228, 134, 134, true, true
19843291, 656623, 8791, 227, 133, 134, true, true
19950125, 661128, 8791, 226, 132, 137, true, true
19974084, 662179, 8792, 227, 133, 136, true, true
19994667, 662961, 8793, 228, 134, 135, true, true
20036628, 664766, 8793, 227, 133, 135, true, true
20059785, 665703, 8797, 231, 134, 133, true, true
20094164, 667223, 8797, 229, 133, 133, true, true
20131284, 668828, 8797, 228, 132, 134, true, true
20152881, 669781, 8797, 227, 131, 134, true, true
20214330, 672347, 8797, 226, 130, 136, true, true
20311605, 676608, 8798, 227, 131, 138, true, true
20316380, 676829, 8801, 230, 132, 137, true, true
20491568, 684439, 8802, 231, 133, 138, true, true
20499412, 684778, 8802, 229, 132, 138, true, true
20542692, 686600, 8802, 228, 131, 138, true, true
20547663, 686807, 8805, 231, 132, 136, true, true
20795824, 697698, 8805, 230, 131, 142, true, true
20813407, 698456, 8805, 229, 130, 142, true, true
20910070, 702889, 8805, 228, 129, 146, true, true
20947499, 704523, 8806, 229, 130, 144, true, true
20961173, 705160, 8806, 228, 129, 144, true, true
21034859, 708388, 8809, 231, 130, 145, true, true
21095618, 711041, 8811, 233, 131, 143, true, true
21097652, 711150, 8812, 234, 132, 141, true, true
21105243, 711523, 8812, 232, 131, 141, true, true
21266873, 718657, 8813, 233, 132, 144, true, true
21268627, 718746, 8813, 232, 131, 144, true, true
21288246, 719624, 8813, 227, 130, 145, true, true
21298033, 720090, 8814, 228, 131, 144, true, true
21321144, 721076, 8815, 229, 132, 143, true, true
21435953, 726199, 8815, 228, 131, 144, true, true
21492381, 728655, 8815, 227, 130, 144, true, true
21559922, 731599, 8815, 225, 128, 145, true, true
21586291, 732736, 8815, 223, 127, 146, true, true
21831830, 743652, 8816, 224, 128, 148, true, true
21857633, 744865, 8818, 226, 129, 145, true, true
21889672, 746367, 8818, 221, 127, 145, true, true
21943059, 748729, 8819, 222, 128, 144, true, true
21969096, 749953, 8819, 221, 127, 144, true, true
22168873, 759045, 8819, 220, 126, 147, true, true
22184529, 759779, 8826, 224, 127, 146, true, true
22186678, 759857, 8827, 225, 128, 145, true, true
22257633, 763019, 8828, 226, 129, 143, true, true
22281945, 764096, 8829, 227, 130, 142, true, true
22392769, 769049, 8830, 227, 130, 143, true, true
22394418, 769122, 8830, 226, 129, 143, true, true
22412001, 769898, 8830, 224, 128, 143, true, true
22475024, 772697, 8830, 223, 127, 144, true, true
22507813, 774034, 8831, 223, 127, 139, true, true
22545747, 775665, 8831, 222, 126, 140, true, true
22600128, 778163, 8832, 223, 127, 138, true, true
22645799, 780259, 8833, 224, 128, 138, true, true
22875540, 790616, 8833, 223, 127, 143, true, true
22929950, 793070, 8833, 222, 126, 144, true, true
23034257, 797629, 8833, 220, 125, 146, true, true
23174674, 804229, 8833, 219, 124, 149, true, true
23407347, 814817, 8833, 218, 123, 152, true, true
23419069, 815323, 8833, 216, 122, 152, true, true
23458060, 817100, 8833, 215, 121, 152, true, true
23502864, 819124, 8834, 216, 122, 151, true, true
23512686, 819540, 8835, 217, 123, 149, true, true
23516170, 819686, 8837, 219, 124, 143, true, true
23567174, 821868, 8837, 218, 124, 143, true, true
23727134, 828782, 8845, 226, 125, 144, true, true
23776853, 830984, 8846, 227, 126, 144, true, true
23814232, 832598, 8846, 226, 125, 144, true, true
23817053, 832713, 8847, 227, 126, 138, true, true
23893453, 835949, 8847, 225, 125, 138, true, true
23919394, 837112, 8848, 226, 126, 139, true, true
23919884, 837134, 8849, 227, 127, 138, true, true
23930296, 837548, 8849, 226, 126, 138, true, true
23944835, 838185, 8853, 230, 127, 137, true, true
23996978, 840407, 8856, 233, 128, 132, true, true
24025371, 841647, 8858, 235, 129, 131, true, true
24107289, 845194, 8876, 252, 129, 127, true, true
24157528, 847385, 8879, 253, 129, 127, true, true
24247451, 851265, 8879, 252, 128, 131, true, true
24324776, 854605, 8880, 253, 129, 132, true, true
24340271, 855291, 8880, 252, 128, 132, true, true
24376869, 856879, 8880, 251, 127, 134, true, true
24680830, 870365, 8880, 250, 126, 140, true, true
24955634, 882669, 8880, 249, 125, 142, true, true
25019539, 885540, 8880, 248, 124, 142, true, true
25089247, 888738, 8881, 248, 125, 141, true, true
25246394, 895827, 8881, 247, 124, 144, true, true
25287422, 897709, 8883, 247, 125, 142, true, true
25323642, 899351, 8883, 246, 124, 143, true, true
25375371, 901737, 8884, 247, 125, 144, true, true
25421471, 903818, 8885, 247, 125, 144, true, true
25485268, 906739, 8885, 246, 124, 146, true, true
25528792, 908659, 8886, 247, 125, 145, true, true
25543034, 909281, 8886, 244, 124, 146, true, true
25545001, 909391, 8887, 245, 125, 144, true, true
25754533, 918865, 8887, 244, 124, 148, true, true
25846085, 922861, 8888, 245, 125, 146, true, true
25958372, 927864, 8888, 244, 124, 149, true, true
25983452, 929007, 8889, 245, 125, 148, true, true
25991256, 929359, 8889, 244, 124, 148, true, true
26176740, 937806, 8895, 249, 125, 148, true, true
26212829, 939415, 8896, 250, 126, 148, true, true
26261971, 941560, 8897, 251, 127, 147, true, true
26265768, 941716, 8900, 254, 128, 143, true, true
26373040, 946434, 8900, 253, 127, 144, true, true
26433882, 949044, 8900, 252, 126, 144, true, true
26591636, 956096, 8901, 253, 127, 145, true, true
26599245, 956395, 8902, 254, 128, 139, true, true
26634003, 957986, 8903, 255, 129, 128, true, true
26644760, 958476, 8903, 254, 128, 128, true, true
26644818, 958479, 8903, 253, 127, 128, true, true
26657018, 959019, 8904, 254, 128, 125, true, true
26741559, 962718, 8904, 239, 128, 126, true, true
26745463, 962895, 8904, 235, 127, 126, true, true
26796572, 965110, 8905, 236, 128, 123, true, true
26803455, 965389, 8906, 237, 129, 122, true, true
26807971, 965584, 8906, 236, 128, 122, true, true
27004623, 973966, 8906, 235, 127, 125, true, true
27020103, 974636, 8908, 237, 128, 124, true, true
27084740, 977434, 8909, 238, 129, 121, true, true
27154558, 980504, 8909, 235, 129, 121, true, true
27349914, 988930, 8909, 234, 128, 123, true, true
27648036, 1002006, 8911, 236, 129, 123, true, true
27662887, 1002652, 8912, 237, 130, 122, true, true
27704307, 1004418, 8912, 229, 129, 123, true, true
27714276, 1004856, 8913, 230, 130, 122, true, true
27742666, 1006069, 8913, 229, 129, 122, true, true
27812178, 1009147, 8913, 228, 128, 122, true, true
28065428, 1020295, 8913, 227, 127, 124, true, true
28102609, 1021851, 8914, 228, 128, 123, true, true
28163704, 1024492, 8914, 227, 127, 126, true, true
28366915, 1033568, 8914, 226, 126, 130, true, true
28584453, 1043509, 8914, 225, 125, 133, true, true
28796183, 1053029, 8914, 222, 124, 134, true, true
28801522, 1053288, 8915, 223, 125, 131, true, true
29009959, 1062849, 8915, 222, 124, 132, true, true
29058513, 1065006, 8916, 223, 125, 127, true, true
29225486, 1072485, 8918, 225, 126, 123, true, true
29268334, 1074434, 8919, 225, 127, 122, true, true
29479124, 1083900, 8919, 224, 126, 123, true, true
29602834, 1089486, 8919, 223, 125, 126, true, true
29823026, 1099472, 8920, 224, 126, 123, true, true
29839990, 1100222, 8924, 228, 127, 122, true, true
30036924, 1109349, 8927, 231, 128, 125, true, true
30042988, 1109628, 8927, 226, 127, 125, true, true
30118456, 1113193, 8928, 227, 128, 122, true, true
30205409, 1117272, 8929, 228, 129, 121, true, true
30344202, 1123776, 8929, 227, 128, 122, true, true
30348456, 1123983, 8929, 226, 127, 122, true, true
30442504, 1128430, 8930, 227, 128, 118, true, true
30519837, 1131948, 8930, 226, 127, 118, true, true
30559136, 1133715, 8931, 227, 128, 117, true, true
30619440, 1136384, 8931, 222, 128, 118, true, true
30680141, 1139128, 8932, 223, 129, 117, true, true
30804452, 1144849, 8932, 222, 128, 120, true, true
31253655, 1164903, 8932, 221, 128, 123, true, true
31354992, 1169425, 8934, 223, 129, 120, true, true
31373286, 1170275, 8936, 223, 129, 119, true, true
31382176, 1170656, 8937, 224, 130, 118, true, true
31447111, 1173528, 8937, 223, 129, 118, true, true
31882793, 1193245, 8937, 221, 128, 119, true, true
31935584, 1195616, 8937, 218, 127, 119, true, true
31970413, 1197198, 8938, 219, 128, 119, true, true
31999925, 1198551, 8938, 218, 128, 119, true, true
32169949, 1206131, 8942, 217, 129, 118, true, true
32201588, 1207544, 8942, 216, 128, 119, true, true
32223374, 1208560, 8943, 217, 129, 116, true, true
32440275, 1218404, 8944, 218, 130, 114, true, true
32449409, 1218779, 8947, 221, 131, 113, true, true
32531203, 1222406, 8948, 222, 132, 110, true, true
32695246, 1229706, 8949, 223, 133, 109, true, true
32755139, 1232310, 8949, 222, 132, 109, true, true
32755962, 1232340, 8956, 229, 133, 108, true, true
32796654, 1234219, 8956, 225, 132, 108, true, true
32853021, 1236698, 8956, 224, 132, 108, true, true
33151172, 1250097, 8956, 222, 131, 110, true, true
33338293, 1258595, 8956, 220, 130, 111, true, true
33385117, 1260718, 8956, 219, 129, 112, true, true
33410891, 1261899, 8956, 218, 128, 112, true, true
33541933, 1267781, 8956, 217, 128, 113, true, true
33738319, 1276892, 8956, 213, 128, 114, true, true
33834357, 1281464, 8959, 216, 129, 114, true, true
33982636, 1288386, 8960, 217, 130, 115, true, true
33991225, 1288808, 8961, 218, 131, 114, true, true
34038790, 1290966, 8962, 219, 132, 113, true, true
34080527, 1292984, 8963, 220, 133, 110, true, true
34441663, 1310127, 8963, 219, 132, 114, true, true
34525810, 1314077, 8963, 217, 131, 116, true, true
34679801, 1321439, 8964, 217, 131, 117, true, true
34841874, 1329145, 8964, 216, 130, 118, true, true
34859488, 1330019, 8964, 215, 130, 118, true, true
34948191, 1334269, 8964, 214, 129, 118, true, true
34994739, 1336495, 8965, 215, 130, 117, true, true
35155442, 1344008, 8966, 216, 131, 118, true, true
35169886, 1344636, 8967, 217, 132, 112, true, true
35171881, 1344717, 8968, 218, 133, 111, true, true
35323193, 1351792, 8968, 216, 132, 111, true, true
35348259, 1353016, 8969, 217, 133, 110, true, true
35445148, 1357446, 8973, 221, 134, 108, true, true
35451734, 1357763, 8973, 220, 133, 108, true, true
35557632, 1362837, 8973, 219, 132, 109, true, true
35616112, 1365537, 8973, 218, 131, 110, true, true
35790256, 1373449, 8973, 217, 131, 110, true, true
35940979, 1380702, 8974, 218, 132, 109, true, true
36046664, 1385849, 8976, 219, 132, 107, true, true
36050692, 1386008, 8976, 218, 131, 107, true, true
36100454, 1388336, 8977, 219, 132, 104, true, true
36223747, 1394208, 8977, 218, 131, 106, true, true
36258237, 1395908, 8977, 217, 130, 106, true, true
36320921, 1398842, 8977, 215, 130, 106, true, true
36347960, 1400024, 8982, 219, 131, 103, true, true
36392243, 1402109, 8982, 218, 130, 103, true, true
36394857, 1402243, 8983, 218, 130, 102, true, true
36436591, 1404160, 8984, 219, 131, 100, true, true
36690573, 1415595, 8985, 220, 132, 99, true, true
36874970, 1424074, 8987, 210, 132, 100, true, true
36904135, 1425420, 8987, 209, 131, 101, true, true
36981038, 1429043, 8987, 208, 130, 101, true, true
37004765, 1430164, 8988, 209, 131, 98, true, true
37124623, 1435427, 8988, 207, 130, 100, true, true
37172156, 1437579, 8988, 206, 129, 100, true, true
37225118, 1439926, 8988, 205, 128, 101, true, true
37484638, 1452098, 8989, 206, 129, 101, true, true
37493973, 1452529, 8989, 204, 129, 101, true, true
37746013, 1464374, 8992, 207, 130, 103, true, true
37859125, 1469699, 8993, 208, 131, 104, true, true
38236882, 1487140, 8994, 208, 132, 105, true, true
38807754, 1514062, 8995, 209, 133, 110, true, true
38820258, 1514595, 8995, 204, 132, 110, true, true
39216476, 1533282, 8998, 207, 133, 111, true, true
39400887, 1542167, 8998, 206, 132, 113, true, true
39727262, 1558055, 8998, 205, 131, 114, true, true
39932861, 1568088, 9000, 207, 132, 112, true, true
40051687, 1573954, 9000, 206, 131, 113, true, true
40149822, 1578821, 9000, 205, 130, 113, true, true
40154526, 1579069, 9001, 206, 131, 112, true, true
40295452, 1585718, 9003, 208, 132, 112, true, true
40518489, 1596156, 9003, 207, 131, 114, true, true
40584942, 1599282, 9004, 208, 132, 111, true, true
40762524, 1607655, 9004, 205, 131, 111, true, true
40968111, 1617243, 9004, 203, 130, 112, true, true
41507358, 1642261, 9004, 202, 129, 115, true, true
41695169, 1651169, 9005, 203, 130, 112, true, true
41822537, 1657209, 9006, 204, 131, 114, true, true
42081631, 1669702, 9006, 203, 130, 116, true, true
42144490, 1672738, 9008, 200, 130, 113, true, true
42167869, 1673866, 9008, 199, 129, 113, true, true
42170858, 1673985, 9008, 198, 128, 113, true, true
42547122, 1692481, 9008, 197, 128, 117, true, true
42549464, 1692604, 9009, 198, 129, 116, true, true
42667912, 1698326, 9010, 199, 130, 109, true, true
42762080, 1702530, 9010, 198, 129, 109, true, true
42813769, 1704934, 9012, 200, 130, 108, true, true
42879005, 1707886, 9012, 199, 129, 108, true, true
42888458, 1708345, 9012, 198, 128, 108, true, true
42936514, 1710666, 9013, 199, 129, 104, true, true
43089059, 1718071, 9013, 197, 129, 104, true, true
43100056, 1718616, 9013, 196, 128, 104, true, true
43252865, 1725775, 9015, 198, 129, 103, true, true
43252911, 1725776, 9015, 197, 128, 103, true, true
43439142, 1734403, 9015, 196, 127, 103, true, true
43464219, 1735491, 9015, 195, 126, 103, true, true
43497659, 1737052, 9016, 196, 127, 98, true, true
43544219, 1739240, 9022, 201, 127, 90, true, true
43555153, 1739759, 9022, 200, 126, 90, true, true
43954471, 1757955, 9022, 199, 125, 93, true, true
44007386, 1760392, 9023, 199, 125, 93, true, true
44009175, 1760469, 9024, 199, 125, 92, true, true
44274808, 1772573, 9024, 198, 125, 96, true, true
44283998, 1773017, 9024, 197, 124, 96, true, true
44620146, 1788259, 9025, 198, 125, 96, true, true
44915753, 1801542, 9025, 197, 124, 96, true, true
44945720, 1802916, 9026, 198, 125, 95, true, true
45014606, 1806132, 9027, 199, 126, 92, true, true
45124682, 1811131, 9028, 200, 127, 92, true, true
45264783, 1817462, 9028, 199, 126, 92, true, true
45525557, 1829188, 9028, 198, 125, 93, true, true
45672954, 1835837, 9028, 197, 124, 94, true, true
45698379, 1836925, 9028, 196, 123, 94, true, true
46040752, 1852268, 9028, 195, 122, 96, true, true
46477443, 1872263, 9030, 197, 123, 100, true, true
47002448, 1896389, 9030, 196, 122, 105, true, true
47222565, 1906431, 9030, 195, 121, 105, true, true
47501959, 1919536, 9030, 193, 120, 106, true, true
47675161, 1927699, 9031, 194, 121, 105, true, true
47681983, 1928016, 9034, 197, 122, 102, true, true
47690618, 1928384, 9034, 196, 121, 102, true, true
47829863, 1935038, 9034, 195, 120, 102, true, true
47985863, 1942400, 9034, 194, 119, 103, true, true
48014379, 1943759, 9037, 196, 120, 98, true, true
48410340, 1962198, 9037, 195, 119, 100, true, true
48570315, 1969846, 9038, 196, 120, 99, true, true
48741334, 1978115, 9038, 195, 119, 100, true, true
49197707, 1999660, 9039, 196, 120, 100, true, true
49344061, 2006563, 9040, 197, 121, 100, true, true
49682231, 2022795, 9042, 199, 122, 98, true, true
50133168, 2044690, 9043, 200, 123, 100, true, true
50136623, 2044854, 9049, 206, 124, 99, true, true
50374987, 2056454, 9049, 205, 123, 99, true, true
50475069, 2061221, 9049, 204, 122, 99, true, true
50563639, 2065337, 9049, 202, 121, 100, true, true
50697327, 2071741, 9050, 203, 122, 100, true, true
50752352, 2074321, 9050, 202, 121, 100, true, true
50767010, 2074996, 9052, 204, 122, 96, true, true
50959017, 2084084, 9053, 205, 123, 95, true, true
51081075, 2089927, 9053, 201, 123, 95, true, true
51251567, 2097983, 9053, 199, 122, 96, true, true
51428893, 2106224, 9053, 198, 121, 98, true, true
52401003, 2151739, 9054, 199, 122, 101, true, true
52804658, 2170475, 9055, 200, 123, 102, true, true
52823175, 2171323, 9057, 202, 124, 101, true, true
53062090, 2182705, 9057, 201, 123, 102, true, true
53121581, 2185551, 9057, 200, 122, 102, true, true
53253675, 2191640, 9058, 201, 123, 101, true, true
53685013, 2211933, 9059, 202, 124, 101, true, true
53705187, 2212829, 9060, 203, 125, 98, true, true
53876803, 2220857, 9061, 204, 126, 98, true, true
53899538, 2221925, 9062, 203, 127, 96, true, true
54321936, 2241645, 9064, 205, 128, 93, true, true
54792573, 2263637, 9064, 198, 127, 93, true, true
54906517, 2269110, 9064, 197, 126, 93, true, true
55117689, 2279112, 9064, 196, 125, 96, true, true
55117911, 2279122, 9071, 203, 126, 94, true, true
55233352, 2284548, 9071, 201, 125, 96, true, true
55534550, 2298812, 9071, 200, 124, 97, true, true
55548537, 2299496, 9071, 199, 123, 97, true, true
55573176, 2300612, 9072, 200, 124, 95, true, true
56180474, 2328905, 9072, 199, 123, 100, true, true
56259021, 2332580, 9074, 200, 124, 99, true, true
56437840, 2340840, 9075, 195, 125, 93, true, true
56882358, 2361842, 9075, 194, 124, 97, true, true
57536412, 2392595, 9076, 195, 125, 100, true, true
58530551, 2440042, 9078, 197, 126, 104, true, true
59293560, 2477712, 9078, 196, 125, 107, true, true
59467782, 2486399, 9079, 197, 126, 108, true, true
59518096, 2488940, 9079, 196, 125, 108, true, true
59878459, 2506586, 9080, 197, 126, 106, true, true
59935421, 2509391, 9080, 196, 125, 106, true, true
60170737, 2521140, 9083, 198, 125, 106, true, true
60794510, 2552542, 9083, 197, 124, 111, true, true
60964832, 2561246, 9086, 200, 125, 109, true, true
61192640, 2572352, 9088, 202, 126, 110, true, true
61216706, 2573600, 9088, 200, 125, 110, true, true
61264944, 2576011, 9088, 198, 124, 111, true, true
61487219, 2586970, 9088, 197, 123, 111, true, true
61596877, 2592413, 9088, 194, 122, 113, true, true
61640794, 2594572, 9088, 192, 121, 113, true, true
61692956, 2597156, 9089, 193, 122, 109, true, true
61737070, 2599311, 9089, 191, 121, 109, true, true
61888511, 2606673, 9089, 190, 120, 111, true, true
62248621, 2624189, 9091, 192, 121, 110, true, true
62318060, 2627516, 9091, 191, 120, 110, true, true
62466852, 2634472, 9091, 189, 119, 112, true, true
62492416, 2635661, 9092, 189, 120, 111, true, true
63249074, 2672615, 9092, 188, 119, 111, true, true
63324149, 2676223, 9094, 190, 120, 110, true, true
63833264, 2700908, 9094, 186, 119, 116, true, true
63956737, 2707032, 9094, 184, 118, 116, true, true
64270181, 2722840, 9094, 183, 118, 117, true, true
64311548, 2724969, 9094, 182, 117, 117, true, true
64455249, 2732164, 9094, 181, 116, 118, true, true
64458605, 2732342, 9094, 180, 115, 118, true, true
64711743, 2744881, 9094, 179, 114, 120, true, true
64966587, 2757535, 9094, 178, 113, 121, true, true
65459607, 2782170, 9095, 179, 114, 123, true, true
65929590, 2806478, 9097, 181, 115, 123, true, true
66317589, 2826349, 9098, 182, 116, 122, true, true
66463844, 2834131, 9099, 183, 117, 121, true, true
66737830, 2848706, 9100, 184, 118, 122, true, true
66976122, 2861400, 9101, 185, 119, 122, true, true
67072682, 2866444, 9101, 183, 118, 124, true, true
67204186, 2873230, 9101, 182, 117, 124, true, true
67244530, 2875336, 9102, 183, 118, 123, true, true
67484268, 2887612, 9102, 182, 117, 125, true, true
67661637, 2896897, 9102, 179, 115, 126, true, true
67897787, 2909186, 9102, 178, 114, 127, true, true
68090055, 2919238, 9104, 180, 115, 128, true, true
68204485, 2925214, 9107, 183, 116, 128, true, true
68393510, 2935261, 9108, 184, 117, 127, true, true
68570867, 2944597, 9109, 185, 118, 124, true, true
68621321, 2947272, 9109, 184, 117, 124, true, true
69275682, 2981315, 9109, 182, 116, 125, true, true
69353088, 2985329, 9110, 183, 117, 124, true, true
69400162, 2987671, 9110, 182, 116, 124, true, true
69612009, 2998684, 9110, 181, 115, 124, true, true
69648123, 3000526, 9110, 180, 114, 125, true, true
69679930, 3002125, 9121, 191, 115, 123, true, true
70034249, 3020110, 9122, 192, 116, 122, true, true
70064733, 3021608, 9125, 195, 117, 117, true, true
70128122, 3024936, 9125, 194, 116, 117, true, true
70433128, 3040283, 9125, 193, 115, 118, true, true
70516721, 3044552, 9126, 194, 116, 117, true, true
70572357, 3047269, 9127, 195, 117, 116, true, true
70840881, 3060385, 9128, 196, 118, 115, true, true
71570595, 3096809, 9130, 195, 118, 117, true, true
71824693, 3109340, 9130, 194, 117, 117, true, true
71971234, 3116567, 9130, 192, 116, 117, true, true
72907897, 3163338, 9132, 194, 117, 118, true, true
73146742, 3175601, 9133, 195, 118, 108, true, true
73228455, 3179739, 9133, 194, 117, 108, true, true
73413369, 3188906, 9133, 193, 116, 108, true, true
73616671, 3199266, 9133, 192, 115, 109, true, true
73755376, 3206204, 9133, 191, 114, 110, true, true
74453463, 3240788, 9134, 190, 114, 111, true, true
74928539, 3264650, 9134, 189, 113, 113, true, true
74991023, 3267724, 9134, 187, 112, 113, true, true
75777484, 3306968, 9134, 186, 112, 116, true, true
75777636, 3306976, 9134, 185, 112, 116, true, true
76037771, 3319855, 9134, 184, 111, 116, true, true
76234562, 3329784, 9135, 185, 112, 115, true, true
76330866, 3334822, 9137, 185, 112, 113, true, true
77084539, 3372264, 9138, 186, 113, 111, true, true
77129095, 3374534, 9138, 185, 112, 111, true, true
78435924, 3440271, 9138, 184, 111, 115, true, true
78444067, 3440727, 9138, 179, 110, 115, true, true
79347501, 3488407, 9139, 180, 111, 118, true, true
79788002, 3512474, 9140, 181, 112, 120, true, true
79828896, 3514714, 9141, 182, 113, 118, true, true
79930380, 3520385, 9142, 183, 114, 116, true, true
80053525, 3526903, 9143, 184, 115, 112, true, true
80237150, 3536576, 9144, 185, 116, 109, true, true
80335520, 3541809, 9146, 182, 116, 105, true, true
80826052, 3568292, 9147, 183, 117, 108, true, true
82412823, 3653510, 9147, 182, 116, 114, true, true
82739359, 3671430, 9147, 181, 115, 116, true, true
82894945, 3680059, 9147, 179, 114, 117, true, true
83082661, 3690504, 9147, 178, 113, 117, true, true
83124583, 3692838, 9147, 176, 112, 117, true, true
83347511, 3704868, 9147, 175, 111, 118, true, true
83416942, 3708672, 9147, 174, 110, 118, true, true
83690719, 3723245, 9147, 173, 109, 120, true, true
83912977, 3735179, 9151, 177, 110, 121, true, true
83993808, 3739559, 9151, 176, 109, 121, true, true
83999089, 3739801, 9151, 175, 108, 121, true, true
84040935, 3741938, 9152, 176, 109, 118, true, true
84080494, 3744031, 9152, 175, 108, 118, true, true
84428484, 3762222, 9153, 176, 109, 118, true, true
84693608, 3775884, 9154, 177, 110, 118, true, true
84909850, 3786943, 9156, 175, 109, 113, true, true
85449686, 3814505, 9157, 176, 110, 112, true, true
85942440, 3840096, 9157, 174, 109, 115, true, true
86815300, 3885157, 9158, 172, 109, 117, true, true
87119063, 3900847, 9158, 171, 108, 117, true, true
88330931, 3962762, 9158, 170, 107, 119, true, true
88545223, 3973523, 9159, 171, 108, 118, true, true
89431553, 4019002, 9159, 170, 107, 121, true, true
89588458, 4026842, 9160, 171, 108, 116, true, true
89642829, 4029753, 9161, 172, 109, 115, true, true
89921168, 4044298, 9161, 171, 108, 115, true, true
90004264, 4048623, 9161, 168, 107, 115, true, true
90266391, 4062136, 9162, 169, 108, 113, true, true
91522535, 4125472, 9162, 168, 107, 118, true, true
91758907, 4137263, 9163, 169, 108, 117, true, true
92807788, 4191752, 9164, 170, 109, 117, true, true
92937224, 4198663, 9165, 171, 110, 115, true, true
92988370, 4201347, 9166, 172, 111, 113, true, true
93433561, 4224780, 9166, 171, 110, 115, true, true
94019525, 4256019, 9168, 173, 111, 109, true, true
94446950, 4278866, 9171, 174, 111, 110, true, true
94801125, 4297517, 9171, 173, 111, 111, true, true
95027181, 4309595, 9171, 172, 110, 111, true, true
95115226, 4314142, 9171, 171, 109, 111, true, true
95364332, 4327383, 9172, 172, 110, 110, true, true
96711769, 4401562, 9173, 173, 111, 107, false, true
97028657, 4419823, 9173, 162, 110, 107, false, true
97183207, 4428420, 9173, 161, 109, 107, false, true
97438460, 4443129, 9173, 160, 109, 107, false, true
97842744, 4466381, 9173, 159, 108, 107, false, true
98928239, 4529132, 9173, 157, 107, 107, false, true
99156649, 4542316, 9173, 156, 106, 107, false, true
99243386, 4547303, 9174, 157, 107, 105, false, true
99350947, 4553485, 9175, 158, 108, 103, false, true
99435417, 4558340, 9175, 156, 108, 103, false, true
99561112, 4565565, 9177, 158, 109, 102, false, true
100409129, 4614314, 9177, 157, 108, 102, false, true
100507301, 4620241, 9178, 158, 109, 100, false, true
100669943, 4629626, 9178, 157, 108, 100, false, true
101031216, 4650717, 9179, 158, 109, 99, false, true
101488771, 4676738, 9180, 159, 110, 97, false, true
101585190, 4682287, 9181, 160, 111, 93, false, true
101736963, 4691233, 9181, 159, 110, 93, false, true
102199298, 4717736, 9181, 158, 109, 93, false, true
102416622, 4730166, 9183, 160, 110, 92, false, true
102567357, 4738686, 9183, 158, 109, 92, false, true
102704027, 4746619, 9183, 157, 108, 92, false, true
102763563, 4749920, 9183, 156, 107, 92, false, true
103344072, 4782488, 9183, 155, 106, 92, false, true
103531049, 4793111, 9184, 156, 107, 91, false, true
103555677, 4794420, 9185, 157, 108, 87, false, true
103625863, 4798344, 9186, 158, 109, 85, false, true
103975732, 4817312, 9186, 156, 108, 85, false, true
104180967, 4828374, 9187, 157, 109, 83, false, true
104672463, 4854991, 9187, 156, 108, 83, false, true
104800954, 4862368, 9187, 155, 107, 83, false, true
105136880, 4880736, 9187, 154, 106, 83, false, true
106028209, 4929999, 9187, 153, 105, 83, false, true
106522923, 4957514, 9187, 152, 104, 83, false, true
106632011, 4963463, 9189, 154, 105, 82, false, true
106878877, 4977137, 9189, 152, 104, 82, false, true
106944875, 4980720, 9190, 153, 105, 81, false, true
107968115, 5038185, 9191, 154, 106, 77, false, true
108102377, 5045638, 9191, 153, 105, 77, false, true
108265915, 5054787, 9191, 151, 104, 77, false, true
108294086, 5056303, 9191, 150, 103, 77, false, true
108597317, 5073341, 9191, 144, 102, 77, false, true
108959739, 5093286, 9191, 143, 101, 77, false, true
109158593, 5103902, 9193, 145, 102, 74, false, true
109553871, 5125332, 9194, 146, 103, 72, false, true
109856969, 5142012, 9196, 148, 104, 71, false, true
110005681, 5150163, 9196, 147, 103, 71, false, true
110478820, 5176207, 9197, 148, 104, 70, false, true
111126095, 5212357, 9198, 149, 105, 66, false, true
111136487, 5212947, 9203, 153, 106, 65, false, true
111230661, 5218135, 9203, 152, 105, 65, false, true
111307050, 5222418, 9204, 153, 106, 63, false, true
112006229, 5260711, 9206, 155, 107, 62, false, true
112074456, 5264371, 9207, 156, 108, 61, false, true
112300848, 5276658, 9207, 155, 107, 61, false, true
112756981, 5301906, 9207, 154, 107, 61, false, true
113670039, 5352343, 9207, 153, 106, 61, false, true
114041764, 5372817, 9207, 148, 105, 61, false, true
114053304, 5373477, 9207, 147, 104, 61, false, true
114116546, 5376900, 9207, 146, 103, 61, false, true
114277633, 5385734, 9207, 145, 102, 61, false, true
115053451, 5427666, 9209, 147, 103, 60, false, true
115200643, 5435387, 9209, 146, 102, 60, false, true
115698161, 5461706, 9209, 145, 101, 60, false, true
115815164, 5467788, 9213, 149, 102, 59, false, true
116693776, 5514768, 9214, 150, 103, 55, false, true
116744683, 5517445, 9215, 151, 104, 54, false, true
117016848, 5531579, 9215, 150, 103, 54, false, true
117185410, 5539783, 9215, 149, 102, 54, false, true
117549802, 5557325, 9215, 147, 101, 54, false, true
117935750, 5575380, 9216, 148, 102, 53, false, true
119010209, 5629348, 9216, 147, 101, 53, false, true
119140365, 5636550, 9217, 148, 102, 52, false, true
119468873, 5653909, 9217, 147, 101, 52, false, true
119755076, 5669182, 9219, 149, 102, 51, false, true
120843807, 5727706, 9219, 147, 101, 51, false, true
120933484, 5732480, 9222, 150, 102, 49, false, true
122594382, 5823000, 9223, 149, 102, 48, false, true
122733220, 5830530, 9226, 151, 102, 47, false, true
122843970, 5836658, 9226, 150, 101, 47, false, true
123075052, 5849305, 9230, 154, 102, 46, false, true
123689914, 5883611, 9230, 153, 101, 46, false, true
124883746, 5950151, 9230, 152, 100, 46, false, true
125785294, 6000459, 9230, 151, 99, 46, false, true
127107026, 6075572, 9231, 152, 100, 41, false, true
127708565, 6110778, 9232, 153, 101, 39, false, true
127986545, 6126933, 9233, 154, 102, 38, false, true
128727336, 6169805, 9234, 154, 102, 37, false, true
128801887, 6173992, 9235, 155, 103, 35, false, true
130007308, 6244675, 9236, 155, 103, 34, false, true
130031987, 6246177, 9236, 154, 102, 34, false, true
130167709, 6254026, 9238, 156, 103, 33, false, true
130792571, 6290164, 9238, 155, 102, 33, false, true
130926521, 6297621, 9241, 158, 103, 32, false, true
131810088, 6347974, 9242, 159, 104, 31, false, true
132323430, 6377931, 9244, 161, 105, 30, false, true
133118409, 6424329, 9244, 160, 104, 30, false, true
133445569, 6443776, 9244, 159, 103, 30, false, true
133998344, 6475602, 9246, 161, 104, 29, false, true
134292537, 6492547, 9246, 160, 103, 29, false, true
134543398, 6506728, 9246, 159, 102, 29, false, true
135117524, 6539666, 9246, 158, 101, 29, false, true
135718943, 6574360, 9246, 157, 100, 29, false, true
139775731, 6810895, 9246, 156, 99, 29, false, true
139931006, 6819766, 9246, 155, 98, 29, false, true
140264413, 6839858, 9247, 156, 99, 27, false, true
140416725, 6848890, 9248, 157, 100, 25, false, true
140715045, 6866603, 9249, 158, 101, 23, false, true
141123832, 6890300, 9251, 160, 102, 22, false, true
141753119, 6927128, 9261, 170, 103, 21, false, true
142167684, 6951272, 9263, 172, 104, 20, false, true
142815983, 6988862, 9265, 174, 105, 19, false, true
143026282, 7001117, 9266, 175, 106, 17, false, true
143715506, 7041044, 9266, 174, 105, 17, false, true
144421255, 7082314, 9266, 173, 104, 17, false, true
144620774, 7094341, 9266, 170, 103, 17, false, true
144739589, 7101449, 9266, 169, 102, 17, false, true
144807414, 7105427, 9266, 168, 101, 17, false, true
145231694, 7129605, 9267, 168, 101, 16, false, true
146860528, 7222661, 9267, 167, 100, 16, false, true
147062576, 7234081, 9267, 166, 99, 16, false, true
147689985, 7270189, 9268, 167, 100, 15, false, true
148107184, 7293489, 9268, 166, 99, 15, false, true
148710199, 7327554, 9269, 167, 100, 13, false, true
148787471, 7332028, 9270, 168, 101, 11, false, true
150829639, 7448610, 9270, 167, 100, 11, false, true
150897853, 7452588, 9271, 168, 101, 10, false, true
151981552, 7515700, 9271, 167, 100, 10, false, true
154062187, 7640611, 9273, 169, 101, 9, false, true
154192177, 7648518, 9273, 168, 100, 9, false, true
154472165, 7665153, 9273, 167, 99, 9, false, true
155005693, 7696776, 9273, 166, 98, 9, false, true
155388749, 7719844, 9273, 165, 97, 9, false, true
155527539, 7728272, 9273, 163, 96, 9, false, true
156182434, 7766810, 9274, 164, 97, 8, false, true
156674374, 7795887, 9274, 163, 96, 8, false, true
156810792, 7803916, 9274, 162, 95, 8, false, true
157300583, 7833031, 9274, 161, 94, 8, false, true
160284662, 8006524, 9274, 160, 93, 8, false, true
160820323, 8037975, 9274, 159, 92, 8, false, true
162891352, 8162677, 9274, 158, 91, 8, false, true
162915562, 8164106, 9275, 159, 92, 7, false, true
163614523, 8206322, 9276, 160, 93, 6, false, true
163887732, 8222416, 9277, 161, 94, 5, false, true
163960175, 8226874, 9277, 159, 94, 5, false, true
165370745, 8310512, 9279, 161, 95, 4, false, true
166755707, 8392692, 9279, 160, 94, 4, false, true
167272968, 8423925, 9279, 159, 93, 4, false, true
167589138, 8442855, 9280, 160, 94, 3, false, true
167841508, 8457595, 9281, 161, 95, 2, false, true
169343481, 8546662, 9283, 163, 96, 1, false, true
169495736, 8555958, 9283, 162, 95, 1, false, true
169963533, 8583687, 9284, 163, 96, 0, false, true
171051060, 8648119, 9284, 162, 95, 0, false, true
