time, #execs, #covered, #singletons, #sglt_clusts, #foundnew, done, update?
11, 1, 1499, 1499, 1, 1, true, true
12, 2, 1646, 281, 2, 2, true, true
13, 3, 1683, 302, 3, 3, true, true
14, 4, 1689, 308, 4, 3, true, true
14, 5, 1697, 295, 5, 4, true, true
15, 6, 1697, 289, 4, 5, true, true
16, 7, 2349, 888, 5, 6, true, true
17, 8, 2406, 882, 6, 5, true, true
18, 9, 2443, 904, 7, 6, true, true
19, 10, 2625, 1020, 8, 7, true, true
20, 12, 2653, 1017, 9, 10, true, true
21, 13, 2733, 1056, 9, 11, true, true
22, 14, 2753, 1037, 10, 12, true, true
23, 16, 2753, 1034, 10, 16, true, true
24, 17, 2764, 1035, 11, 16, true, true
26, 18, 2996, 1078, 12, 17, true, true
27, 19, 2997, 1073, 13, 17, true, true
28, 20, 2998, 1074, 14, 17, true, true
29, 21, 3006, 1070, 15, 17, true, true
30, 22, 3014, 1075, 16, 16, true, true
31, 23, 3131, 1066, 17, 17, true, true
32, 24, 3137, 1060, 18, 18, true, true
34, 25, 3137, 1059, 18, 19, true, true
39, 26, 3138, 1049, 19, 18, true, true
40, 27, 3168, 1050, 20, 19, true, true
42, 28, 3173, 1055, 21, 20, true, true
44, 29, 3176, 1049, 22, 21, true, true
45, 30, 3178, 1044, 23, 22, true, true
46, 31, 3180, 1043, 24, 23, true, true
47, 32, 3229, 1023, 25, 23, true, true
49, 34, 3257, 1049, 26, 26, true, true
50, 35, 3303, 998, 27, 27, true, true
51, 36, 3305, 997, 28, 27, true, true
53, 38, 3378, 1029, 29, 29, true, true
54, 39, 3445, 924, 29, 30, true, true
56, 42, 3450, 918, 30, 34, true, true
57, 43, 3455, 923, 31, 35, true, true
59, 45, 3477, 910, 32, 37, true, true
61, 46, 3494, 921, 33, 38, true, true
62, 47, 3497, 920, 34, 39, true, true
64, 48, 3522, 940, 35, 40, true, true
66, 49, 3531, 931, 36, 41, true, true
69, 53, 3533, 921, 36, 47, true, true
70, 54, 3536, 896, 37, 46, true, true
73, 55, 3541, 892, 37, 47, true, true
75, 56, 3546, 874, 38, 47, true, true
78, 57, 3666, 701, 39, 48, true, true
111, 58, 4250, 1045, 39, 47, true, true
114, 59, 4256, 1044, 39, 47, true, true
117, 60, 4263, 1041, 40, 47, true, true
122, 61, 4267, 1036, 41, 47, true, true
125, 62, 4272, 1012, 42, 46, true, true
129, 63, 4272, 1006, 41, 47, true, true
133, 65, 4283, 1016, 42, 49, true, true
136, 66, 4291, 1011, 43, 50, true, true
139, 67, 4300, 1011, 44, 51, true, true
142, 68, 4307, 1014, 45, 51, true, true
148, 69, 4317, 1007, 46, 52, true, true
152, 70, 4323, 1011, 47, 53, true, true
156, 72, 4329, 995, 48, 55, true, true
158, 73, 4332, 998, 49, 56, true, true
162, 75, 4352, 983, 50, 57, true, true
168, 77, 4356, 972, 51, 60, true, true
171, 78, 4363, 977, 52, 61, true, true
173, 79, 4370, 982, 53, 61, true, true
177, 80, 4371, 980, 54, 59, true, true
180, 82, 4373, 982, 55, 61, true, true
184, 83, 4422, 953, 56, 61, true, true
189, 84, 4422, 934, 56, 62, true, true
195, 85, 4424, 929, 57, 62, true, true
198, 86, 4446, 906, 58, 61, true, true
204, 87, 4447, 907, 59, 61, true, true
208, 88, 4452, 903, 59, 62, true, true
211, 89, 4462, 912, 60, 62, true, true
225, 91, 4477, 926, 61, 64, true, true
229, 92, 4487, 933, 62, 63, true, true
232, 93, 4490, 921, 61, 63, true, true
236, 94, 4493, 924, 62, 62, true, true
247, 96, 4495, 925, 63, 64, true, true
251, 97, 4498, 916, 64, 64, true, true
255, 98, 4499, 915, 65, 64, true, true
262, 99, 4500, 916, 66, 63, true, true
266, 100, 4502, 918, 67, 63, true, true
269, 101, 4508, 923, 68, 62, true, true
272, 102, 4517, 926, 68, 63, true, true
276, 103, 4519, 927, 69, 64, true, true
278, 104, 4575, 959, 70, 65, true, true
284, 105, 4580, 958, 71, 65, true, true
288, 106, 4644, 1007, 72, 65, true, true
307, 108, 4644, 1006, 72, 69, true, true
309, 109, 4658, 1016, 73, 69, true, true
314, 110, 4661, 1019, 74, 69, true, true
316, 111, 4672, 1028, 75, 69, true, true
325, 112, 4673, 1029, 76, 69, true, true
329, 113, 4674, 1029, 77, 70, true, true
333, 114, 4677, 1032, 78, 70, true, true
339, 115, 4680, 1028, 78, 69, true, true
343, 117, 4682, 1028, 78, 71, true, true
348, 119, 4685, 1031, 79, 74, true, true
362, 121, 4686, 1028, 80, 76, true, true
368, 125, 4688, 1028, 81, 77, true, true
378, 127, 4689, 1023, 82, 77, true, true
388, 129, 4689, 1018, 82, 80, true, true
395, 130, 4690, 1018, 82, 79, true, true
401, 131, 4691, 1019, 83, 80, true, true
413, 132, 4691, 1018, 83, 80, true, true
418, 133, 4691, 1017, 83, 81, true, true
422, 134, 4692, 1018, 84, 81, true, true
428, 136, 4717, 1015, 85, 82, true, true
434, 137, 4719, 1016, 85, 80, true, true
448, 138, 4719, 1014, 84, 81, true, true
451, 139, 4757, 1011, 85, 79, true, true
466, 140, 4759, 1008, 85, 78, true, true
473, 141, 4759, 1007, 84, 80, true, true
486, 143, 4760, 1008, 85, 83, true, true
490, 144, 4763, 1006, 86, 82, true, true
494, 145, 4780, 999, 87, 83, true, true
507, 146, 4781, 1000, 88, 81, true, true
514, 147, 4782, 1001, 89, 81, true, true
518, 148, 4791, 1006, 89, 80, true, true
522, 150, 4792, 1007, 90, 82, true, true
526, 151, 4792, 1006, 89, 83, true, true
529, 152, 4800, 982, 89, 83, true, true
541, 153, 4802, 977, 89, 83, true, true
546, 154, 4803, 977, 90, 84, true, true
550, 155, 4808, 980, 91, 83, true, true
553, 156, 4809, 981, 92, 82, true, true
607, 157, 4816, 963, 92, 83, true, true
651, 159, 4816, 954, 92, 84, true, true
670, 161, 4816, 951, 92, 86, true, true
692, 162, 4881, 761, 92, 84, true, true
697, 163, 4881, 752, 91, 86, true, true
707, 164, 4881, 751, 91, 87, true, true
713, 166, 4882, 752, 92, 87, true, true
716, 167, 4940, 808, 93, 88, true, true
740, 170, 4940, 805, 91, 93, true, true
747, 172, 4946, 811, 92, 95, true, true
763, 174, 4947, 811, 93, 94, true, true
768, 175, 4958, 812, 94, 95, true, true
773, 176, 4960, 810, 94, 95, true, true
776, 177, 4964, 813, 94, 96, true, true
789, 178, 4964, 811, 93, 96, true, true
793, 179, 4990, 798, 93, 94, true, true
803, 181, 4991, 798, 94, 94, true, true
807, 182, 5091, 885, 94, 94, true, true
819, 184, 5092, 885, 95, 96, true, true
825, 185, 5104, 893, 95, 94, true, true
894, 189, 5104, 892, 95, 100, true, true
921, 191, 5105, 890, 96, 100, true, true
927, 192, 5114, 898, 97, 100, true, true
943, 194, 5150, 889, 96, 100, true, true
966, 196, 5150, 888, 96, 103, true, true
971, 197, 5150, 887, 95, 103, true, true
977, 200, 5153, 889, 96, 102, true, true
995, 203, 5154, 890, 97, 102, true, true
999, 204, 5156, 888, 98, 101, true, true
1003, 205, 5157, 889, 99, 98, true, true
1037, 207, 5164, 883, 99, 101, true, true
1045, 208, 5177, 890, 100, 102, true, true
1059, 210, 5178, 891, 101, 101, true, true
1074, 211, 5178, 886, 101, 103, true, true
1123, 214, 5182, 890, 102, 103, true, true
1133, 215, 5182, 883, 102, 104, true, true
1144, 216, 5183, 884, 103, 103, true, true
1152, 217, 5184, 882, 104, 102, true, true
1160, 219, 5185, 883, 105, 103, true, true
1171, 222, 5189, 886, 106, 106, true, true
1188, 223, 5189, 885, 106, 107, true, true
1194, 225, 5190, 885, 107, 108, true, true
1209, 227, 5201, 896, 108, 109, true, true
1232, 229, 5206, 899, 108, 109, true, true
1244, 230, 5210, 887, 109, 107, true, true
1254, 231, 5210, 885, 108, 108, true, true
1265, 233, 5212, 887, 109, 108, true, true
1272, 234, 5216, 891, 110, 107, true, true
1278, 235, 5217, 892, 111, 108, true, true
1283, 236, 5218, 890, 111, 108, true, true
1289, 237, 5223, 889, 112, 108, true, true
1311, 239, 5223, 881, 112, 110, true, true
1318, 240, 5224, 882, 113, 110, true, true
1324, 241, 5227, 884, 114, 110, true, true
1338, 243, 5227, 881, 113, 111, true, true
1366, 247, 5228, 873, 114, 116, true, true
1377, 248, 5229, 869, 115, 116, true, true
1389, 249, 5229, 868, 114, 118, true, true
1405, 252, 5230, 867, 115, 120, true, true
1417, 253, 5230, 866, 114, 121, true, true
1423, 254, 5238, 871, 115, 118, true, true
2018, 255, 5255, 868, 116, 118, true, true
2033, 256, 5270, 882, 117, 117, true, true
2040, 257, 5271, 881, 118, 116, true, true
2045, 259, 5301, 897, 119, 118, true, true
2063, 261, 5302, 898, 120, 117, true, true
2070, 262, 5304, 842, 120, 117, true, true
2103, 266, 5320, 852, 121, 119, true, true
2117, 267, 5320, 850, 119, 119, true, true
2126, 268, 5321, 851, 120, 117, true, true
2135, 271, 5326, 854, 121, 114, true, true
2143, 272, 5326, 853, 121, 115, true, true
2158, 273, 5326, 852, 120, 116, true, true
2179, 276, 5327, 851, 121, 119, true, true
2187, 277, 5334, 843, 121, 118, true, true
2195, 278, 5338, 847, 122, 119, true, true
2241, 280, 5338, 846, 122, 121, true, true
2253, 281, 5339, 845, 123, 120, true, true
2266, 282, 5339, 843, 123, 120, true, true
2280, 283, 5342, 844, 123, 120, true, true
2291, 284, 5343, 844, 124, 119, true, true
2299, 285, 5344, 845, 125, 118, true, true
2317, 286, 5346, 834, 126, 117, true, true
2360, 287, 5346, 833, 125, 117, true, true
2400, 289, 5346, 832, 124, 120, true, true
2430, 290, 5346, 830, 124, 121, true, true
2442, 292, 5348, 829, 125, 121, true, true
2470, 293, 5348, 818, 125, 123, true, true
2486, 294, 5354, 751, 123, 120, true, true
2521, 296, 5354, 750, 123, 123, true, true
2536, 297, 5354, 748, 122, 124, true, true
2546, 298, 5358, 747, 123, 125, true, true
2551, 299, 5358, 744, 123, 126, true, true
2561, 301, 5365, 737, 123, 128, true, true
2588, 304, 5366, 738, 124, 127, true, true
2621, 305, 5366, 737, 124, 128, true, true
2643, 306, 5369, 740, 125, 127, true, true
2687, 308, 5371, 742, 126, 126, true, true
2719, 309, 5372, 742, 126, 125, true, true
2746, 310, 5372, 740, 126, 127, true, true
2801, 312, 5372, 739, 126, 130, true, true
2808, 313, 5373, 739, 126, 126, true, true
2818, 314, 5373, 737, 126, 127, true, true
2844, 316, 5374, 738, 127, 127, true, true
2883, 319, 5378, 729, 128, 130, true, true
2925, 322, 5379, 729, 128, 131, true, true
2946, 324, 5379, 728, 127, 132, true, true
2967, 326, 5395, 742, 128, 132, true, true
2974, 327, 5395, 741, 127, 134, true, true
3016, 331, 5395, 740, 126, 137, true, true
3027, 332, 5396, 741, 127, 136, true, true
3038, 333, 5401, 730, 127, 135, true, true
3072, 335, 5402, 728, 127, 136, true, true
3083, 336, 5406, 731, 128, 135, true, true
3119, 338, 5407, 724, 128, 135, true, true
3131, 339, 5411, 724, 129, 134, true, true
3141, 340, 5412, 725, 130, 133, true, true
3166, 341, 5412, 724, 129, 133, true, true
3190, 342, 5412, 723, 128, 135, true, true
3220, 344, 5416, 726, 129, 135, true, true
3268, 346, 5416, 723, 129, 137, true, true
3325, 349, 5418, 725, 130, 138, true, true
3355, 351, 5419, 726, 131, 137, true, true
3378, 353, 5422, 728, 132, 137, true, true
3389, 354, 5427, 732, 133, 137, true, true
3411, 355, 5427, 730, 132, 138, true, true
3438, 359, 5431, 734, 133, 139, true, true
3500, 363, 5431, 733, 132, 141, true, true
3584, 364, 5431, 713, 132, 141, true, true
3606, 366, 5434, 715, 133, 142, true, true
3614, 367, 5436, 717, 134, 140, true, true
3623, 368, 5452, 729, 134, 140, true, true
3643, 371, 5452, 728, 133, 143, true, true
3662, 372, 5452, 726, 132, 143, true, true
3692, 374, 5456, 726, 132, 143, true, true
3729, 376, 5456, 725, 131, 144, true, true
3756, 378, 5492, 743, 132, 145, true, true
3770, 379, 5492, 742, 132, 145, true, true
3799, 380, 5494, 724, 133, 146, true, true
3860, 383, 5495, 723, 134, 148, true, true
3871, 384, 5496, 724, 135, 146, true, true
3902, 385, 5496, 720, 135, 148, true, true
3916, 388, 5509, 728, 136, 148, true, true
3938, 389, 5509, 726, 135, 149, true, true
3959, 390, 5512, 721, 135, 148, true, true
4001, 391, 5513, 721, 136, 145, true, true
4035, 392, 5513, 719, 135, 145, true, true
4070, 394, 5513, 718, 135, 146, true, true
4215, 397, 5514, 716, 135, 145, true, true
4227, 398, 5515, 716, 135, 144, true, true
4294, 404, 5516, 717, 136, 145, true, true
4334, 406, 5519, 718, 136, 141, true, true
4359, 407, 5519, 717, 135, 141, true, true
4422, 410, 5520, 718, 136, 142, true, true
4430, 411, 5521, 719, 137, 142, true, true
4471, 414, 5523, 721, 138, 142, true, true
4497, 415, 5523, 720, 138, 143, true, true
4516, 416, 5523, 719, 138, 143, true, true
4535, 417, 5523, 718, 138, 143, true, true
4611, 421, 5524, 718, 138, 141, true, true
4635, 422, 5524, 717, 137, 141, true, true
4644, 423, 5525, 717, 138, 140, true, true
4646, 424, 5526, 718, 139, 139, true, true
4706, 427, 5526, 717, 138, 139, true, true
4776, 431, 5526, 705, 138, 141, true, true
4809, 435, 5532, 706, 139, 143, true, true
4839, 437, 5532, 705, 139, 144, true, true
4848, 438, 5534, 707, 140, 144, true, true
4858, 440, 5535, 707, 140, 144, true, true
4875, 442, 5537, 709, 141, 143, true, true
4900, 444, 5538, 710, 142, 145, true, true
4925, 446, 5542, 707, 142, 145, true, true
4970, 449, 5543, 706, 142, 144, true, true
4983, 450, 5553, 694, 141, 142, true, true
5032, 452, 5553, 693, 141, 144, true, true
5042, 453, 5554, 685, 142, 144, true, true
5053, 454, 5556, 686, 142, 142, true, true
5089, 458, 5558, 686, 143, 142, true, true
5135, 461, 5558, 685, 143, 145, true, true
5189, 463, 5558, 683, 142, 146, true, true
5259, 467, 5559, 683, 142, 147, true, true
5361, 468, 5559, 651, 141, 148, true, true
5375, 469, 5560, 648, 142, 147, true, true
5423, 470, 5560, 646, 141, 147, true, true
5435, 471, 5561, 647, 142, 147, true, true
5452, 472, 5563, 648, 143, 147, true, true
5486, 474, 5564, 649, 144, 145, true, true
5499, 476, 5566, 650, 145, 145, true, true
5516, 477, 5568, 652, 146, 143, true, true
5546, 479, 5570, 649, 147, 142, true, true
5604, 481, 5577, 637, 147, 142, true, true
5641, 483, 5577, 633, 145, 143, true, true
5658, 487, 5577, 632, 145, 143, true, true
5669, 488, 5579, 634, 146, 143, true, true
5681, 489, 5580, 635, 147, 141, true, true
5696, 490, 5580, 634, 146, 142, true, true
5709, 491, 5585, 638, 147, 141, true, true
5732, 492, 5586, 638, 147, 140, true, true
5788, 496, 5590, 642, 148, 140, true, true
5804, 497, 5592, 643, 149, 139, true, true
5815, 498, 5592, 642, 149, 141, true, true
5848, 500, 5593, 642, 150, 140, true, true
5861, 501, 5593, 638, 149, 142, true, true
5876, 502, 5594, 639, 150, 141, true, true
5903, 504, 5595, 640, 151, 140, true, true
5932, 506, 5595, 639, 150, 141, true, true
5988, 509, 5596, 640, 151, 141, true, true
6150, 516, 5597, 641, 152, 136, true, true
6161, 517, 5598, 637, 152, 135, true, true
6194, 518, 5598, 636, 152, 135, true, true
6204, 520, 5599, 637, 153, 136, true, true
6216, 521, 5603, 640, 154, 135, true, true
6286, 522, 5603, 639, 154, 135, true, true
6346, 524, 5603, 638, 153, 135, true, true
6355, 525, 5604, 639, 154, 135, true, true
6508, 530, 5605, 640, 155, 137, true, true
6542, 532, 5606, 638, 156, 136, true, true
6655, 538, 5611, 642, 157, 137, true, true
6704, 540, 5611, 641, 156, 139, true, true
6735, 541, 5611, 640, 156, 140, true, true
6765, 542, 5611, 639, 155, 140, true, true
6797, 544, 5612, 639, 155, 139, true, true
6826, 545, 5612, 638, 155, 139, true, true
6862, 546, 5613, 639, 156, 138, true, true
6896, 549, 5618, 642, 156, 139, true, true
6921, 550, 5620, 644, 157, 139, true, true
6944, 552, 5620, 642, 157, 141, true, true
6954, 553, 5622, 643, 158, 140, true, true
7000, 555, 5623, 641, 159, 139, true, true
7014, 556, 5625, 642, 159, 138, true, true
7023, 557, 5626, 642, 159, 138, true, true
7035, 560, 5628, 636, 160, 138, true, true
7047, 561, 5632, 640, 161, 137, true, true
7075, 562, 5632, 638, 161, 137, true, true
7101, 563, 5632, 637, 160, 138, true, true
7124, 564, 5632, 636, 159, 138, true, true
7207, 567, 5632, 635, 159, 142, true, true
7351, 572, 5632, 631, 159, 145, true, true
7447, 575, 5633, 631, 160, 142, true, true
7463, 577, 5639, 637, 161, 139, true, true
7476, 578, 5641, 639, 162, 135, true, true
7549, 580, 5645, 642, 162, 135, true, true
7606, 581, 5645, 641, 161, 136, true, true
7630, 582, 5647, 642, 161, 136, true, true
7752, 584, 5647, 634, 161, 138, true, true
7803, 586, 5650, 637, 162, 139, true, true
7906, 588, 5650, 636, 162, 140, true, true
7924, 589, 5650, 635, 161, 140, true, true
8024, 591, 5650, 634, 160, 142, true, true
8036, 592, 5656, 629, 160, 140, true, true
8061, 593, 5656, 627, 159, 141, true, true
8100, 595, 5697, 650, 159, 141, true, true
8107, 596, 5702, 653, 160, 141, true, true
8167, 598, 5703, 652, 160, 140, true, true
8264, 600, 5703, 649, 160, 141, true, true
8295, 601, 5704, 650, 161, 139, true, true
8322, 602, 5704, 649, 161, 139, true, true
8524, 608, 5704, 648, 160, 142, true, true
8564, 610, 5704, 647, 160, 142, true, true
8580, 611, 5705, 644, 160, 139, true, true
8655, 614, 5711, 644, 161, 138, true, true
8683, 615, 5711, 643, 161, 138, true, true
8805, 620, 5712, 643, 162, 140, true, true
8859, 621, 5713, 644, 163, 139, true, true
8873, 622, 5715, 640, 163, 138, true, true
8889, 623, 5717, 641, 164, 133, true, true
8916, 625, 5722, 645, 164, 133, true, true
8952, 626, 5722, 644, 163, 133, true, true
8990, 627, 5724, 645, 164, 131, true, true
9042, 629, 5724, 644, 163, 132, true, true
9088, 630, 5724, 639, 162, 132, true, true
9137, 632, 5726, 630, 162, 132, true, true
9146, 633, 5727, 626, 162, 131, true, true
9188, 635, 5729, 627, 163, 129, true, true
9221, 636, 5729, 625, 162, 130, true, true
9252, 637, 5745, 626, 161, 129, true, true
9296, 639, 5745, 619, 160, 131, true, true
9416, 644, 5746, 620, 161, 134, true, true
9437, 645, 5746, 619, 160, 134, true, true
9482, 646, 5746, 618, 159, 135, true, true
9599, 652, 5746, 616, 158, 140, true, true
9630, 654, 5747, 617, 159, 139, true, true
9696, 657, 5747, 616, 159, 139, true, true
9752, 660, 5750, 618, 160, 138, true, true
9784, 661, 5750, 616, 159, 138, true, true
9801, 662, 5751, 616, 159, 138, true, true
9818, 663, 5752, 617, 160, 138, true, true
9976, 668, 5752, 616, 159, 141, true, true
10036, 669, 5753, 617, 160, 141, true, true
10172, 670, 5753, 616, 160, 141, true, true
10233, 672, 5753, 613, 159, 141, true, true
10287, 674, 5753, 612, 159, 141, true, true
10478, 683, 5756, 615, 160, 145, true, true
10498, 684, 5764, 620, 161, 144, true, true
10590, 687, 5764, 619, 160, 145, true, true
10687, 692, 5766, 621, 161, 145, true, true
10708, 693, 5769, 621, 162, 144, true, true
10754, 695, 5772, 622, 163, 142, true, true
10826, 697, 5772, 621, 163, 143, true, true
11030, 704, 5773, 620, 163, 143, true, true
11111, 707, 5774, 621, 164, 145, true, true
11191, 710, 5776, 616, 164, 143, true, true
11262, 712, 5776, 615, 163, 143, true, true
11274, 713, 5778, 617, 164, 142, true, true
11285, 714, 5779, 617, 164, 141, true, true
11324, 718, 5780, 618, 165, 142, true, true
11569, 732, 5781, 619, 166, 149, true, true
11604, 733, 5782, 620, 167, 148, true, true
11629, 735, 5782, 619, 166, 149, true, true
11674, 737, 5794, 624, 167, 148, true, true
11685, 738, 5795, 625, 168, 147, true, true
11818, 742, 5795, 614, 167, 148, true, true
11949, 748, 5797, 604, 168, 150, true, true
12057, 751, 5797, 589, 167, 151, true, true
12166, 755, 5799, 589, 167, 150, true, true
12220, 756, 5800, 590, 168, 148, true, true
12331, 759, 5801, 591, 169, 151, true, true
12396, 760, 5801, 590, 168, 151, true, true
12403, 761, 5802, 591, 169, 148, true, true
12651, 769, 5803, 588, 167, 150, true, true
12690, 770, 5803, 587, 166, 150, true, true
12771, 774, 5803, 586, 166, 153, true, true
12789, 775, 5804, 586, 166, 151, true, true
12852, 776, 5804, 583, 165, 151, true, true
12894, 778, 5806, 585, 166, 148, true, true
13139, 787, 5807, 579, 166, 150, true, true
13306, 797, 5808, 579, 167, 152, true, true
13488, 804, 5808, 578, 167, 156, true, true
13532, 806, 5810, 580, 168, 156, true, true
13736, 815, 5811, 580, 168, 160, true, true
13752, 816, 5812, 581, 169, 160, true, true
13833, 819, 5816, 585, 170, 159, true, true
13849, 820, 5818, 584, 171, 159, true, true
13867, 821, 5819, 583, 171, 158, true, true
13883, 822, 5820, 584, 172, 156, true, true
13917, 823, 5820, 583, 171, 156, true, true
14470, 846, 5821, 583, 171, 160, true, true
14754, 855, 5821, 580, 171, 163, true, true
15017, 860, 5822, 581, 172, 163, true, true
15139, 865, 5822, 580, 171, 165, true, true
15162, 866, 5822, 578, 171, 165, true, true
15183, 867, 5822, 577, 170, 165, true, true
15221, 868, 5822, 576, 169, 166, true, true
15245, 869, 5822, 575, 168, 166, true, true
15249, 870, 5822, 574, 167, 167, true, true
15350, 874, 5824, 568, 168, 167, true, true
15372, 875, 5825, 569, 169, 167, true, true
15407, 878, 5826, 570, 170, 166, true, true
15447, 881, 5834, 577, 171, 163, true, true
15460, 882, 5836, 577, 171, 162, true, true
15530, 885, 5837, 576, 171, 162, true, true
15552, 887, 5837, 574, 170, 162, true, true
15611, 889, 5837, 573, 170, 163, true, true
15637, 890, 5837, 572, 170, 164, true, true
15685, 892, 5838, 572, 171, 164, true, true
15804, 895, 5838, 571, 171, 164, true, true
15851, 896, 5838, 569, 170, 165, true, true
15932, 899, 5838, 568, 170, 165, true, true
16015, 902, 5838, 566, 170, 167, true, true
16086, 904, 5840, 568, 171, 162, true, true
16195, 906, 5848, 570, 170, 158, true, true
16678, 919, 5848, 569, 169, 161, true, true
16689, 920, 5849, 568, 170, 159, true, true
16700, 921, 5850, 568, 170, 158, true, true
16816, 925, 5850, 559, 170, 159, true, true
16834, 926, 5850, 558, 169, 159, true, true
16933, 931, 5851, 554, 169, 158, true, true
17045, 934, 5851, 553, 169, 159, true, true
17284, 942, 5853, 553, 170, 159, true, true
17374, 944, 5854, 554, 171, 158, true, true
17407, 945, 5854, 553, 170, 158, true, true
17498, 950, 5856, 553, 169, 159, true, true
17519, 951, 5857, 553, 170, 158, true, true
17911, 965, 5868, 562, 170, 158, true, true
18102, 972, 5868, 561, 169, 160, true, true
18412, 976, 5870, 551, 169, 160, true, true
18437, 977, 5870, 550, 168, 161, true, true
18761, 989, 5871, 551, 169, 166, true, true
18780, 990, 5872, 551, 170, 163, true, true
18856, 993, 5876, 555, 171, 162, true, true
18916, 996, 5876, 554, 171, 163, true, true
18977, 999, 5877, 555, 172, 163, true, true
19007, 1001, 5877, 553, 172, 163, true, true
19018, 1002, 5878, 554, 173, 162, true, true
19055, 1004, 5879, 555, 174, 162, true, true
19116, 1007, 5879, 553, 173, 164, true, true
19236, 1011, 5880, 554, 174, 164, true, true
19283, 1013, 5880, 553, 173, 166, true, true
19319, 1016, 5881, 553, 173, 165, true, true
19400, 1018, 5881, 552, 172, 165, true, true
19456, 1020, 5881, 551, 171, 166, true, true
19521, 1023, 5881, 547, 170, 168, true, true
19591, 1028, 5883, 549, 171, 168, true, true
19812, 1037, 5885, 551, 172, 167, true, true
19910, 1040, 5886, 552, 173, 169, true, true
19914, 1041, 5886, 551, 172, 169, true, true
20050, 1046, 5886, 550, 171, 170, true, true
20102, 1048, 5886, 549, 170, 170, true, true
20169, 1050, 5887, 550, 171, 168, true, true
20212, 1052, 5889, 550, 170, 167, true, true
20296, 1056, 5889, 549, 169, 167, true, true
20323, 1057, 5889, 548, 168, 168, true, true
20404, 1060, 5895, 545, 169, 168, true, true
20564, 1067, 5922, 563, 170, 166, true, true
20636, 1071, 5922, 562, 169, 167, true, true
20785, 1075, 5923, 563, 170, 169, true, true
20833, 1078, 5924, 564, 171, 170, true, true
20901, 1080, 5928, 568, 172, 169, true, true
20944, 1082, 5928, 567, 172, 172, true, true
21145, 1093, 5929, 567, 172, 172, true, true
21266, 1096, 5959, 597, 173, 173, true, true
21283, 1097, 5960, 598, 174, 168, true, true
21289, 1099, 5963, 601, 175, 167, true, true
21405, 1102, 5984, 611, 176, 169, true, true
21500, 1104, 5984, 610, 176, 169, true, true
21732, 1112, 5985, 600, 177, 171, true, true
21736, 1113, 5987, 599, 177, 170, true, true
21832, 1118, 5987, 598, 176, 174, true, true
21949, 1122, 5987, 597, 176, 175, true, true
22241, 1130, 5987, 596, 175, 180, true, true
22252, 1131, 5989, 589, 176, 180, true, true
22271, 1132, 5990, 590, 177, 180, true, true
22289, 1133, 5991, 591, 178, 180, true, true
22389, 1135, 5991, 585, 177, 180, true, true
22597, 1142, 5992, 585, 177, 183, true, true
22616, 1143, 5993, 586, 178, 182, true, true
22885, 1155, 5993, 585, 177, 187, true, true
23072, 1161, 5994, 586, 178, 187, true, true
23145, 1164, 6000, 589, 178, 187, true, true
23241, 1167, 6000, 588, 178, 187, true, true
23252, 1168, 6002, 590, 179, 186, true, true
23329, 1171, 6003, 591, 180, 186, true, true
23343, 1172, 6018, 605, 181, 185, true, true
23381, 1173, 6018, 604, 181, 185, true, true
23433, 1174, 6018, 595, 180, 185, true, true
23607, 1182, 6018, 594, 180, 187, true, true
23697, 1185, 6021, 592, 181, 184, true, true
23783, 1187, 6022, 593, 182, 183, true, true
23845, 1192, 6025, 594, 182, 181, true, true
23901, 1194, 6035, 602, 182, 177, true, true
24018, 1200, 6036, 603, 183, 175, true, true
24058, 1201, 6036, 602, 183, 175, true, true
24174, 1204, 6036, 601, 182, 177, true, true
24319, 1210, 6037, 602, 183, 178, true, true
24379, 1212, 6038, 603, 184, 177, true, true
24473, 1216, 6039, 604, 185, 179, true, true
24508, 1217, 6039, 603, 185, 179, true, true
24585, 1219, 6039, 597, 184, 180, true, true
24662, 1221, 6039, 596, 183, 182, true, true
24724, 1224, 6040, 597, 184, 182, true, true
24938, 1231, 6043, 600, 185, 185, true, true
24965, 1234, 6044, 601, 186, 185, true, true
25038, 1239, 6049, 604, 187, 183, true, true
25086, 1241, 6051, 605, 187, 180, true, true
25184, 1243, 6051, 604, 186, 180, true, true
25388, 1247, 6051, 603, 185, 181, true, true
25418, 1248, 6051, 601, 184, 181, true, true
25661, 1256, 6053, 603, 185, 182, true, true
25810, 1262, 6056, 601, 186, 183, true, true
26015, 1271, 6057, 602, 187, 181, true, true
26056, 1272, 6057, 599, 186, 182, true, true
26145, 1277, 6057, 598, 185, 184, true, true
26189, 1278, 6059, 600, 186, 181, true, true
26278, 1280, 6059, 599, 185, 181, true, true
26525, 1282, 6059, 597, 184, 182, true, true
26566, 1284, 6060, 597, 184, 181, true, true
26578, 1285, 6060, 596, 184, 182, true, true
26596, 1286, 6065, 583, 184, 177, true, true
26700, 1291, 6066, 584, 185, 177, true, true
26759, 1293, 6066, 583, 184, 177, true, true
26799, 1296, 6068, 585, 185, 176, true, true
26811, 1297, 6084, 567, 185, 175, true, true
26860, 1299, 6085, 568, 186, 173, true, true
26886, 1300, 6085, 567, 185, 173, true, true
27011, 1305, 6085, 566, 185, 175, true, true
27111, 1310, 6085, 565, 184, 175, true, true
27503, 1316, 6085, 561, 183, 178, true, true
27778, 1324, 6086, 562, 184, 177, true, true
27803, 1326, 6088, 560, 183, 176, true, true
27897, 1329, 6095, 567, 184, 177, true, true
27921, 1330, 6095, 566, 183, 177, true, true
28044, 1336, 6111, 581, 183, 176, true, true
28069, 1338, 6111, 580, 182, 176, true, true
28322, 1349, 6113, 579, 183, 179, true, true
28357, 1350, 6113, 578, 182, 179, true, true
28572, 1358, 6113, 568, 181, 180, true, true
28608, 1359, 6113, 566, 180, 180, true, true
28733, 1363, 6120, 573, 181, 175, true, true
29084, 1373, 6121, 574, 182, 174, true, true
29229, 1379, 6122, 575, 183, 174, true, true
29484, 1383, 6123, 576, 184, 173, true, true
29773, 1393, 6123, 573, 183, 177, true, true
29825, 1394, 6123, 572, 182, 177, true, true
29956, 1399, 6124, 573, 183, 177, true, true
30536, 1412, 6124, 572, 182, 179, true, true
30572, 1414, 6124, 570, 181, 179, true, true
30929, 1424, 6124, 569, 180, 182, true, true
31006, 1428, 6124, 568, 179, 183, true, true
31122, 1433, 6126, 570, 180, 184, true, true
31315, 1438, 6127, 571, 181, 182, true, true
31335, 1439, 6128, 572, 182, 180, true, true
31780, 1452, 6128, 571, 181, 184, true, true
31804, 1453, 6129, 571, 182, 183, true, true
31830, 1454, 6129, 570, 181, 183, true, true
31931, 1457, 6130, 571, 182, 181, true, true
31952, 1458, 6131, 567, 183, 180, true, true
32032, 1461, 6132, 568, 184, 179, true, true
32178, 1467, 6133, 569, 185, 179, true, true
32384, 1475, 6134, 570, 186, 178, true, true
32414, 1476, 6134, 569, 185, 178, true, true
32449, 1477, 6136, 569, 185, 177, true, true
32925, 1492, 6138, 571, 186, 178, true, true
33047, 1497, 6139, 572, 187, 177, true, true
33131, 1500, 6139, 570, 186, 179, true, true
33426, 1507, 6139, 567, 185, 180, true, true
33493, 1510, 6139, 566, 184, 180, true, true
33602, 1513, 6139, 558, 184, 180, true, true
33614, 1514, 6140, 558, 184, 180, true, true
33825, 1518, 6140, 557, 183, 180, true, true
33932, 1521, 6142, 559, 184, 179, true, true
33984, 1523, 6143, 559, 184, 177, true, true
34108, 1527, 6144, 560, 185, 175, true, true
34300, 1532, 6146, 560, 185, 174, true, true
34503, 1542, 6147, 561, 186, 173, true, true
34663, 1547, 6153, 567, 187, 174, true, true
35179, 1563, 6154, 568, 188, 175, true, true
35256, 1566, 6163, 576, 189, 175, true, true
35340, 1573, 6164, 577, 190, 177, true, true
35493, 1577, 6164, 576, 189, 177, true, true
35925, 1588, 6165, 577, 190, 177, true, true
35945, 1589, 6166, 578, 191, 175, true, true
36034, 1592, 6167, 579, 192, 176, true, true
36096, 1595, 6168, 580, 193, 176, true, true
36370, 1603, 6169, 581, 194, 177, true, true
36419, 1605, 6170, 582, 195, 176, true, true
36455, 1607, 6184, 596, 196, 175, true, true
36549, 1611, 6187, 597, 196, 174, true, true
36640, 1614, 6187, 596, 195, 174, true, true
36688, 1616, 6187, 595, 194, 174, true, true
36760, 1618, 6187, 594, 193, 174, true, true
36824, 1620, 6189, 595, 194, 174, true, true
37078, 1621, 6189, 594, 193, 175, true, true
37114, 1622, 6189, 593, 193, 175, true, true
37263, 1627, 6190, 594, 194, 174, true, true
37339, 1629, 6190, 593, 193, 174, true, true
37394, 1631, 6197, 597, 194, 172, true, true
37644, 1640, 6198, 596, 194, 170, true, true
37878, 1645, 6198, 595, 193, 170, true, true
38098, 1653, 6198, 594, 192, 171, true, true
38118, 1654, 6200, 596, 193, 168, true, true
38325, 1661, 6200, 595, 193, 168, true, true
38388, 1663, 6201, 592, 194, 167, true, true
38560, 1669, 6203, 582, 194, 167, true, true
38807, 1678, 6205, 584, 195, 169, true, true
38857, 1683, 6206, 585, 196, 169, true, true
39282, 1692, 6207, 586, 197, 168, true, true
39344, 1695, 6207, 585, 196, 169, true, true
39455, 1698, 6208, 586, 197, 168, true, true
39701, 1705, 6208, 585, 196, 168, true, true
39780, 1707, 6208, 584, 196, 168, true, true
40004, 1715, 6212, 588, 197, 167, true, true
40256, 1721, 6212, 587, 196, 167, true, true
40352, 1724, 6213, 587, 197, 167, true, true
40662, 1731, 6213, 586, 196, 171, true, true
40849, 1737, 6213, 584, 195, 173, true, true
40914, 1739, 6213, 583, 194, 174, true, true
40992, 1741, 6213, 582, 193, 174, true, true
41058, 1744, 6218, 584, 192, 171, true, true
41746, 1766, 6224, 590, 193, 172, true, true
41762, 1767, 6224, 589, 192, 172, true, true
41856, 1770, 6224, 587, 191, 172, true, true
42063, 1778, 6227, 590, 192, 171, true, true
42104, 1780, 6228, 591, 193, 171, true, true
42415, 1792, 6231, 594, 194, 171, true, true
42567, 1799, 6232, 595, 195, 170, true, true
42657, 1802, 6233, 596, 196, 165, true, true
42867, 1806, 6233, 595, 195, 165, true, true
43369, 1818, 6233, 593, 194, 166, true, true
43388, 1819, 6233, 592, 193, 167, true, true
43538, 1823, 6237, 577, 193, 167, true, true
43900, 1831, 6237, 575, 192, 170, true, true
44021, 1833, 6238, 567, 193, 167, true, true
44173, 1837, 6238, 566, 192, 168, true, true
44497, 1849, 6239, 567, 193, 173, true, true
44922, 1865, 6239, 566, 192, 177, true, true
45341, 1879, 6240, 562, 193, 178, true, true
45470, 1882, 6240, 561, 193, 178, true, true
46125, 1898, 6242, 559, 192, 177, true, true
46168, 1899, 6242, 558, 192, 177, true, true
46191, 1900, 6525, 831, 193, 175, true, true
46497, 1909, 6525, 830, 193, 177, true, true
46574, 1910, 6525, 828, 192, 177, true, true
46604, 1911, 6525, 826, 191, 177, true, true
46642, 1914, 6525, 825, 190, 177, true, true
46820, 1917, 6525, 822, 189, 180, true, true
47128, 1926, 6527, 823, 190, 182, true, true
47582, 1933, 6528, 820, 190, 182, true, true
47701, 1937, 6528, 818, 189, 182, true, true
48112, 1950, 6529, 819, 190, 181, true, true
48164, 1952, 6530, 817, 191, 180, true, true
48198, 1953, 6530, 813, 190, 180, true, true
48244, 1956, 6530, 809, 188, 180, true, true
48336, 1959, 6530, 808, 187, 181, true, true
48580, 1967, 6530, 806, 187, 182, true, true
48672, 1972, 6530, 805, 186, 183, true, true
48692, 1973, 6547, 799, 185, 183, true, true
48778, 1975, 6547, 798, 185, 183, true, true
48849, 1976, 6547, 796, 185, 183, true, true
48921, 1979, 6547, 795, 185, 183, true, true
49127, 1984, 6548, 796, 186, 182, true, true
49294, 1989, 6549, 797, 187, 178, true, true
49627, 1998, 6549, 795, 187, 179, true, true
49718, 2002, 6549, 794, 186, 179, true, true
49764, 2006, 6549, 793, 185, 180, true, true
50097, 2014, 6549, 792, 184, 184, true, true
50160, 2017, 6551, 794, 185, 182, true, true
50397, 2024, 6553, 796, 186, 182, true, true
50459, 2026, 6554, 797, 187, 180, true, true
50637, 2030, 6554, 796, 186, 180, true, true
50913, 2039, 6554, 795, 186, 184, true, true
51060, 2042, 6554, 794, 185, 185, true, true
51135, 2044, 6564, 803, 185, 182, true, true
51164, 2045, 6564, 802, 184, 182, true, true
51322, 2050, 6564, 798, 184, 183, true, true
51711, 2059, 6564, 797, 183, 185, true, true
52340, 2075, 6565, 798, 184, 186, true, true
52500, 2077, 6565, 797, 183, 186, true, true
52634, 2080, 6565, 796, 183, 186, true, true
52728, 2083, 6565, 795, 182, 186, true, true
52979, 2089, 6565, 794, 182, 186, true, true
53017, 2090, 6565, 792, 181, 186, true, true
53228, 2096, 6565, 791, 180, 186, true, true
53282, 2098, 6567, 793, 181, 181, true, true
53303, 2100, 6568, 794, 182, 180, true, true
53819, 2113, 6569, 779, 183, 182, true, true
53877, 2115, 6572, 768, 184, 182, true, true
53985, 2117, 6572, 765, 184, 182, true, true
54486, 2125, 6572, 762, 183, 182, true, true
55053, 2135, 6575, 763, 183, 183, true, true
55277, 2141, 6575, 762, 182, 183, true, true
55316, 2142, 6575, 759, 182, 183, true, true
55351, 2143, 6575, 757, 181, 183, true, true
55575, 2149, 6578, 759, 182, 182, true, true
55591, 2150, 6579, 759, 183, 181, true, true
55710, 2155, 6580, 760, 184, 180, true, true
55768, 2160, 6580, 758, 183, 181, true, true
55786, 2161, 6581, 758, 184, 180, true, true
55820, 2162, 6596, 758, 183, 175, true, true
55834, 2163, 6597, 758, 184, 174, true, true
56151, 2172, 6598, 759, 185, 175, true, true
56465, 2176, 6598, 758, 185, 176, true, true
57122, 2189, 6599, 759, 186, 178, true, true
57484, 2199, 6601, 761, 187, 178, true, true
57607, 2200, 6602, 762, 188, 177, true, true
58302, 2210, 6604, 764, 189, 178, true, true
58559, 2215, 6605, 765, 190, 178, true, true
58585, 2216, 6606, 766, 191, 176, true, true
58828, 2227, 6606, 765, 190, 180, true, true
58848, 2228, 6609, 768, 191, 177, true, true
59240, 2235, 6610, 769, 192, 177, true, true
59265, 2236, 6611, 770, 193, 173, true, true
59552, 2242, 6611, 769, 192, 175, true, true
59641, 2244, 6611, 768, 191, 175, true, true
59720, 2245, 6611, 762, 190, 175, true, true
59841, 2247, 6615, 766, 191, 173, true, true
60021, 2250, 6615, 765, 191, 173, true, true
60104, 2252, 6616, 766, 192, 172, true, true
60391, 2257, 6616, 765, 191, 172, true, true
60601, 2263, 6617, 766, 192, 171, true, true
60654, 2266, 6617, 765, 191, 171, true, true
60967, 2274, 6617, 762, 190, 171, true, true
61078, 2278, 6617, 760, 189, 172, true, true
61177, 2281, 6621, 753, 189, 172, true, true
61845, 2301, 6622, 754, 190, 172, true, true
61887, 2302, 6622, 753, 189, 173, true, true
61912, 2304, 6623, 754, 190, 172, true, true
61997, 2306, 6623, 752, 189, 173, true, true
62058, 2308, 6624, 753, 190, 173, true, true
62086, 2309, 6624, 752, 189, 173, true, true
62268, 2317, 6626, 754, 190, 172, true, true
62532, 2324, 6626, 753, 189, 174, true, true
63105, 2337, 6627, 754, 190, 175, true, true
63229, 2342, 6627, 753, 189, 176, true, true
63780, 2354, 6628, 749, 190, 177, true, true
63875, 2357, 6628, 748, 189, 178, true, true
64002, 2361, 6629, 749, 190, 177, true, true
64172, 2366, 6629, 748, 189, 179, true, true
65695, 2405, 6630, 749, 190, 183, true, true
65710, 2406, 6632, 751, 191, 182, true, true
65922, 2412, 6633, 752, 192, 183, true, true
66048, 2415, 6633, 751, 191, 183, true, true
66069, 2417, 6634, 752, 192, 178, true, true
66182, 2420, 6634, 751, 192, 178, true, true
66887, 2425, 6636, 753, 193, 178, true, true
67188, 2431, 6637, 754, 194, 178, true, true
67231, 2432, 6637, 753, 193, 178, true, true
67475, 2437, 6638, 754, 194, 175, true, true
67708, 2442, 6638, 751, 193, 176, true, true
68239, 2453, 6640, 753, 194, 175, true, true
68396, 2456, 6640, 752, 193, 176, true, true
68417, 2457, 6641, 753, 194, 174, true, true
68579, 2464, 6641, 752, 193, 175, true, true
69202, 2475, 6641, 751, 193, 178, true, true
69903, 2494, 6641, 750, 192, 180, true, true
70561, 2510, 6642, 749, 192, 179, true, true
70687, 2514, 6642, 748, 191, 179, true, true
70970, 2519, 6644, 749, 192, 178, true, true
70993, 2520, 6645, 750, 193, 176, true, true
71834, 2543, 6646, 751, 194, 176, true, true
72041, 2548, 6646, 748, 193, 176, true, true
72289, 2553, 6647, 748, 194, 176, true, true
73056, 2569, 6648, 749, 195, 176, true, true
73174, 2571, 6648, 748, 194, 178, true, true
73225, 2573, 6649, 749, 195, 178, true, true
73670, 2584, 6649, 748, 195, 179, true, true
73964, 2592, 6649, 747, 194, 182, true, true
74349, 2601, 6649, 746, 193, 182, true, true
74478, 2603, 6650, 745, 192, 179, true, true
75540, 2623, 6650, 744, 191, 181, true, true
75718, 2626, 6651, 716, 192, 180, true, true
75939, 2632, 6653, 713, 193, 180, true, true
76424, 2642, 6654, 714, 194, 179, true, true
76816, 2650, 6654, 713, 193, 180, true, true
77170, 2658, 6669, 716, 194, 179, true, true
77602, 2668, 6669, 715, 193, 182, true, true
77811, 2673, 6669, 714, 192, 183, true, true
78042, 2680, 6669, 712, 192, 185, true, true
78226, 2682, 6669, 711, 191, 186, true, true
78298, 2684, 6670, 712, 192, 182, true, true
78338, 2685, 6670, 711, 191, 182, true, true
78820, 2697, 6671, 707, 189, 180, true, true
79673, 2703, 6671, 705, 188, 181, true, true
79903, 2707, 6673, 707, 189, 180, true, true
80367, 2720, 6673, 706, 188, 181, true, true
80635, 2728, 6673, 704, 186, 184, true, true
81676, 2738, 6673, 702, 185, 185, true, true
82528, 2757, 6673, 701, 184, 185, true, true
82662, 2761, 6673, 700, 183, 186, true, true
82961, 2768, 6674, 695, 184, 185, true, true
83189, 2774, 6674, 694, 183, 185, true, true
83573, 2785, 6682, 700, 184, 185, true, true
83612, 2786, 6683, 701, 185, 181, true, true
83759, 2790, 6684, 701, 186, 181, true, true
83983, 2797, 6684, 699, 184, 181, true, true
84241, 2802, 6684, 697, 184, 183, true, true
85525, 2822, 6686, 693, 185, 184, true, true
86008, 2835, 6686, 690, 184, 184, true, true
86029, 2837, 6687, 691, 185, 179, true, true
86159, 2841, 6693, 697, 186, 178, true, true
86299, 2843, 6694, 693, 187, 177, true, true
86746, 2854, 6695, 694, 188, 179, true, true
86942, 2859, 6695, 690, 187, 182, true, true
87051, 2863, 6695, 689, 186, 182, true, true
87584, 2879, 6696, 689, 187, 184, true, true
87857, 2887, 6696, 688, 186, 184, true, true
87963, 2892, 6698, 690, 187, 184, true, true
87995, 2893, 6698, 689, 187, 184, true, true
88216, 2900, 6699, 690, 188, 181, true, true
89439, 2924, 6699, 689, 187, 188, true, true
89586, 2929, 6699, 688, 187, 188, true, true
89662, 2932, 6699, 687, 186, 188, true, true
89739, 2934, 6702, 690, 187, 187, true, true
89829, 2938, 6702, 689, 187, 187, true, true
89854, 2939, 6702, 688, 186, 187, true, true
89971, 2942, 6703, 689, 187, 185, true, true
90401, 2951, 6703, 688, 187, 186, true, true
90783, 2963, 6704, 689, 188, 187, true, true
90824, 2964, 6706, 690, 188, 186, true, true
91357, 2981, 6707, 690, 189, 183, true, true
91637, 2988, 6707, 689, 189, 184, true, true
91743, 2991, 6707, 685, 188, 184, true, true
91925, 2995, 6708, 686, 189, 185, true, true
91992, 2997, 6709, 687, 190, 181, true, true
92149, 3004, 6711, 689, 191, 180, true, true
93137, 3028, 6712, 690, 192, 182, true, true
93639, 3037, 6712, 689, 192, 183, true, true
94236, 3049, 6713, 690, 193, 182, true, true
94807, 3066, 6713, 689, 192, 182, true, true
94886, 3069, 6713, 687, 192, 183, true, true
95176, 3074, 6713, 686, 191, 183, true, true
95573, 3085, 6714, 687, 192, 184, true, true
96484, 3109, 6715, 686, 193, 185, true, true
97224, 3121, 6715, 684, 191, 186, true, true
97246, 3122, 6717, 686, 192, 185, true, true
97563, 3129, 6717, 685, 191, 186, true, true
97766, 3133, 6717, 684, 190, 186, true, true
98329, 3144, 6718, 684, 190, 188, true, true
98349, 3145, 6719, 685, 191, 187, true, true
99814, 3168, 6719, 678, 190, 188, true, true
100235, 3177, 6721, 680, 191, 188, true, true
100336, 3180, 6722, 681, 192, 185, true, true
100433, 3184, 6722, 680, 191, 185, true, true
100681, 3189, 6722, 679, 190, 186, true, true
100980, 3195, 6723, 680, 191, 184, true, true
101706, 3209, 6723, 679, 190, 185, true, true
101816, 3212, 6726, 682, 191, 181, true, true
103346, 3240, 6727, 681, 191, 185, true, true
103432, 3242, 6727, 680, 190, 185, true, true
103559, 3245, 6728, 681, 191, 186, true, true
104225, 3256, 6728, 680, 190, 189, true, true
104381, 3262, 6729, 681, 191, 188, true, true
104699, 3270, 6730, 682, 192, 188, true, true
106708, 3303, 6730, 680, 191, 191, true, true
106977, 3309, 6730, 679, 191, 194, true, true
107822, 3324, 6730, 677, 190, 195, true, true
107965, 3327, 6732, 679, 191, 194, true, true
108076, 3329, 6732, 678, 190, 194, true, true
108215, 3332, 6734, 679, 190, 193, true, true
108478, 3337, 6734, 677, 190, 194, true, true
108671, 3342, 6735, 678, 191, 193, true, true
108883, 3346, 6736, 679, 192, 191, true, true
109042, 3349, 6736, 678, 191, 191, true, true
109104, 3350, 6736, 677, 190, 191, true, true
109570, 3355, 6736, 671, 189, 193, true, true
109834, 3362, 6737, 672, 190, 193, true, true
109924, 3364, 6737, 671, 190, 193, true, true
110335, 3374, 6737, 669, 189, 195, true, true
110646, 3379, 6737, 667, 188, 196, true, true
110921, 3385, 6737, 666, 187, 198, true, true
111077, 3388, 6737, 665, 186, 198, true, true
111099, 3389, 6738, 666, 187, 195, true, true
112276, 3414, 6738, 665, 186, 199, true, true
113429, 3443, 6738, 664, 185, 202, true, true
113457, 3444, 6738, 663, 184, 202, true, true
113728, 3452, 6740, 665, 185, 202, true, true
113772, 3453, 6740, 664, 184, 202, true, true
113929, 3456, 6742, 665, 185, 195, true, true
114003, 3458, 6744, 667, 186, 194, true, true
114490, 3467, 6744, 666, 185, 194, true, true
114704, 3473, 6745, 667, 186, 193, true, true
114859, 3476, 6747, 669, 187, 191, true, true
115285, 3489, 6750, 672, 188, 190, true, true
115745, 3499, 6750, 671, 187, 193, true, true
116239, 3508, 6750, 670, 186, 194, true, true
116288, 3509, 6750, 668, 185, 194, true, true
116360, 3511, 6751, 668, 185, 191, true, true
117383, 3526, 6751, 667, 184, 193, true, true
118683, 3550, 6751, 652, 184, 195, true, true
119521, 3565, 6751, 650, 184, 196, true, true
120282, 3580, 6752, 651, 185, 195, true, true
120502, 3583, 6753, 652, 186, 194, true, true
123523, 3626, 6753, 651, 185, 199, true, true
124103, 3638, 6754, 652, 186, 199, true, true
124173, 3640, 6756, 654, 187, 195, true, true
124349, 3643, 6759, 635, 188, 195, true, true
124571, 3649, 6760, 636, 189, 191, true, true
124592, 3650, 6761, 637, 190, 189, true, true
125156, 3660, 6761, 636, 189, 191, true, true
125579, 3668, 6761, 635, 188, 194, true, true
125662, 3669, 6761, 634, 187, 194, true, true
125887, 3674, 6761, 633, 186, 195, true, true
126588, 3687, 6761, 632, 186, 196, true, true
126705, 3690, 6762, 633, 187, 195, true, true
126962, 3694, 6764, 635, 188, 194, true, true
127113, 3696, 6766, 637, 189, 193, true, true
127640, 3704, 6766, 635, 188, 194, true, true
127676, 3705, 6767, 636, 189, 193, true, true
128143, 3714, 6768, 634, 190, 190, true, true
128390, 3720, 6771, 633, 190, 186, true, true
128524, 3725, 6772, 633, 191, 186, true, true
129461, 3738, 6773, 623, 189, 184, true, true
130246, 3756, 6773, 622, 188, 187, true, true
133465, 3816, 6775, 623, 189, 192, true, true
133530, 3817, 6775, 622, 188, 192, true, true
134101, 3829, 6776, 623, 189, 190, true, true
134222, 3831, 6776, 622, 188, 191, true, true
134480, 3834, 6776, 618, 187, 192, true, true
134839, 3844, 6780, 620, 186, 190, true, true
135128, 3850, 6781, 620, 186, 189, true, true
135189, 3851, 6781, 618, 185, 189, true, true
135426, 3855, 6781, 614, 184, 189, true, true
135655, 3860, 6781, 613, 184, 190, true, true
135752, 3862, 6781, 612, 183, 191, true, true
137191, 3891, 6781, 611, 182, 192, true, true
138687, 3922, 6781, 610, 182, 194, true, true
139522, 3942, 6783, 610, 183, 194, true, true
139747, 3946, 6784, 611, 184, 190, true, true
141355, 3977, 6786, 613, 185, 190, true, true
141786, 3985, 6791, 615, 185, 190, true, true
143203, 4012, 6792, 614, 185, 189, true, true
143482, 4021, 6793, 615, 186, 188, true, true
143532, 4022, 6796, 617, 186, 187, true, true
143638, 4024, 6797, 618, 187, 184, true, true
143765, 4026, 6797, 617, 187, 184, true, true
145898, 4062, 6798, 616, 188, 181, true, true
146024, 4066, 6800, 618, 189, 181, true, true
146040, 4067, 6805, 622, 189, 179, true, true
146755, 4076, 6805, 621, 188, 180, true, true
147254, 4082, 6807, 623, 189, 177, true, true
147999, 4097, 6807, 622, 188, 180, true, true
148073, 4098, 6807, 621, 187, 180, true, true
148399, 4106, 6808, 622, 188, 180, true, true
148809, 4117, 6809, 623, 189, 180, true, true
149477, 4130, 6809, 620, 188, 182, true, true
153678, 4203, 6809, 619, 187, 193, true, true
153832, 4206, 6809, 618, 186, 193, true, true
154675, 4224, 6810, 618, 186, 196, true, true
154891, 4229, 6812, 620, 187, 194, true, true
155979, 4258, 6813, 621, 188, 191, true, true
159022, 4317, 6814, 622, 189, 197, true, true
159412, 4323, 6814, 621, 188, 197, true, true
159556, 4327, 6819, 624, 188, 198, true, true
160507, 4342, 6821, 626, 189, 198, true, true
160718, 4346, 6828, 630, 189, 194, true, true
161489, 4363, 6830, 632, 190, 193, true, true
161966, 4370, 6830, 631, 189, 193, true, true
162783, 4384, 6830, 630, 188, 194, true, true
163398, 4403, 6831, 630, 188, 195, true, true
163787, 4415, 6831, 629, 187, 195, true, true
163985, 4420, 6831, 628, 186, 196, true, true
165196, 4447, 6832, 629, 187, 194, true, true
165479, 4453, 6833, 630, 188, 193, true, true
165851, 4464, 6834, 631, 189, 192, true, true
165973, 4468, 6834, 630, 188, 192, true, true
166129, 4472, 6836, 632, 189, 192, true, true
166405, 4478, 6836, 631, 188, 192, true, true
166486, 4483, 6840, 635, 189, 192, true, true
168376, 4518, 6846, 641, 190, 193, true, true
168703, 4525, 6848, 643, 191, 189, true, true
168824, 4527, 6848, 642, 190, 189, true, true
169064, 4530, 6848, 639, 190, 189, true, true
170219, 4554, 6849, 639, 190, 188, true, true
170695, 4562, 6849, 638, 189, 188, true, true
170979, 4569, 6849, 637, 189, 188, true, true
171261, 4573, 6849, 633, 188, 188, true, true
172005, 4584, 6849, 632, 187, 191, true, true
172252, 4589, 6849, 631, 186, 192, true, true
172269, 4590, 6850, 632, 187, 191, true, true
172928, 4603, 6851, 631, 186, 190, true, true
173310, 4613, 6852, 632, 187, 189, true, true
173509, 4619, 6853, 631, 186, 182, true, true
174334, 4636, 6853, 630, 185, 182, true, true
175213, 4648, 6854, 631, 186, 182, true, true
175358, 4651, 6854, 625, 185, 182, true, true
175893, 4663, 6854, 624, 184, 183, true, true
176356, 4674, 6854, 623, 183, 184, true, true
176901, 4682, 6856, 625, 184, 183, true, true
177543, 4692, 6858, 627, 185, 180, true, true
178404, 4705, 6859, 628, 186, 179, true, true
179302, 4725, 6859, 627, 185, 179, true, true
179374, 4726, 6859, 626, 184, 180, true, true
179815, 4735, 6859, 625, 183, 181, true, true
180712, 4752, 6859, 624, 182, 181, true, true
181162, 4760, 6859, 622, 181, 181, true, true
182569, 4795, 6859, 621, 180, 184, true, true
182761, 4798, 6859, 620, 179, 185, true, true
182792, 4799, 6860, 621, 180, 183, true, true
183289, 4809, 6860, 620, 179, 184, true, true
184190, 4823, 6864, 624, 180, 183, true, true
184233, 4824, 6865, 625, 181, 182, true, true
186054, 4846, 6865, 624, 180, 183, true, true
186203, 4850, 6866, 625, 181, 181, true, true
186321, 4853, 6866, 624, 180, 181, true, true
187732, 4880, 6867, 625, 181, 177, true, true
187941, 4884, 6867, 624, 180, 177, true, true
189270, 4906, 6867, 623, 179, 179, true, true
189356, 4909, 6867, 622, 178, 179, true, true
189740, 4920, 6867, 620, 177, 180, true, true
190712, 4941, 6867, 619, 177, 181, true, true
191048, 4947, 6868, 620, 178, 182, true, true
191377, 4953, 6868, 619, 177, 183, true, true
192874, 4979, 6870, 621, 178, 183, true, true
193787, 4991, 6872, 623, 179, 179, true, true
194094, 4996, 6872, 622, 178, 179, true, true
195544, 5032, 6872, 621, 177, 180, true, true
196013, 5041, 6873, 622, 178, 180, true, true
196389, 5051, 6873, 620, 176, 182, true, true
197149, 5058, 6873, 619, 175, 184, true, true
198984, 5097, 6874, 620, 176, 183, true, true
199014, 5098, 6875, 620, 176, 183, true, true
199091, 5100, 6875, 618, 176, 183, true, true
200295, 5125, 6876, 619, 177, 180, true, true
200912, 5137, 6876, 618, 176, 181, true, true
201007, 5140, 6878, 619, 176, 180, true, true
201316, 5146, 6880, 621, 177, 179, true, true
202463, 5167, 6881, 622, 178, 176, true, true
202575, 5170, 6882, 623, 179, 171, true, true
202957, 5177, 6883, 624, 180, 169, true, true
205145, 5210, 6883, 623, 179, 170, true, true
205542, 5217, 6883, 622, 179, 172, true, true
205855, 5222, 6883, 621, 178, 172, true, true
208886, 5275, 6884, 622, 179, 173, true, true
209288, 5286, 6886, 624, 180, 171, true, true
211026, 5318, 6897, 635, 181, 173, true, true
211385, 5327, 6897, 632, 180, 174, true, true
211725, 5335, 6898, 632, 181, 172, true, true
212173, 5344, 6898, 631, 180, 173, true, true
213121, 5364, 6899, 632, 181, 172, true, true
215179, 5396, 6900, 633, 182, 173, true, true
216010, 5411, 6900, 632, 181, 173, true, true
217464, 5438, 6902, 633, 181, 174, true, true
218351, 5451, 6902, 632, 180, 176, true, true
218511, 5455, 6903, 633, 181, 176, true, true
219448, 5476, 6903, 632, 180, 178, true, true
220075, 5488, 6903, 630, 179, 178, true, true
221961, 5521, 6903, 629, 179, 179, true, true
222185, 5525, 6903, 628, 178, 180, true, true
224513, 5568, 6911, 636, 179, 179, true, true
225106, 5580, 6912, 637, 180, 176, true, true
226195, 5597, 6913, 638, 181, 176, true, true
226387, 5601, 6915, 640, 182, 174, true, true
226996, 5616, 6915, 639, 181, 174, true, true
227256, 5623, 6916, 640, 182, 174, true, true
229641, 5665, 6916, 639, 181, 176, true, true
230610, 5690, 6916, 637, 180, 176, true, true
231003, 5696, 6917, 638, 181, 175, true, true
231087, 5698, 6919, 633, 181, 173, true, true
231224, 5702, 6919, 632, 180, 174, true, true
231363, 5706, 6919, 631, 179, 174, true, true
231476, 5711, 6920, 631, 179, 173, true, true
231660, 5716, 6940, 651, 180, 172, true, true
232287, 5735, 6940, 650, 179, 172, true, true
233127, 5756, 6963, 671, 179, 169, true, true
233948, 5782, 6963, 670, 178, 171, true, true
235093, 5804, 6965, 672, 179, 170, true, true
236249, 5827, 6965, 670, 178, 170, true, true
236300, 5829, 6966, 671, 179, 170, true, true
236325, 5830, 6967, 672, 180, 169, true, true
236430, 5834, 6967, 670, 178, 169, true, true
237108, 5848, 6967, 668, 177, 172, true, true
238886, 5885, 6967, 667, 176, 177, true, true
239659, 5904, 6973, 668, 175, 180, true, true
240359, 5920, 6974, 669, 176, 178, true, true
241915, 5958, 6974, 668, 175, 180, true, true
242222, 5966, 6974, 667, 174, 180, true, true
242766, 5976, 6974, 666, 173, 181, true, true
243210, 5988, 6975, 667, 174, 180, true, true
243241, 5989, 6978, 670, 175, 179, true, true
244711, 6024, 6978, 669, 174, 180, true, true
245226, 6038, 6979, 668, 174, 179, true, true
245879, 6056, 6979, 667, 174, 180, true, true
246318, 6066, 6980, 668, 175, 179, true, true
246785, 6077, 6980, 667, 174, 179, true, true
248572, 6122, 6980, 666, 173, 180, true, true
249094, 6137, 6986, 669, 173, 178, true, true
249284, 6143, 6986, 667, 172, 178, true, true
249601, 6149, 6986, 665, 171, 179, true, true
250432, 6171, 6986, 664, 170, 185, true, true
250600, 6175, 6986, 663, 169, 185, true, true
251201, 6182, 6986, 659, 168, 185, true, true
251661, 6192, 6986, 649, 167, 186, true, true
252776, 6220, 6986, 647, 166, 189, true, true
253714, 6243, 6986, 646, 165, 189, true, true
254087, 6249, 6986, 645, 164, 189, true, true
255192, 6280, 6988, 647, 165, 189, true, true
256027, 6302, 6989, 648, 166, 189, true, true
257145, 6328, 6989, 647, 165, 191, true, true
259485, 6376, 6990, 648, 166, 192, true, true
260325, 6394, 6991, 648, 166, 194, true, true
262958, 6439, 6991, 647, 165, 194, true, true
263452, 6450, 6994, 650, 166, 192, true, true
264527, 6473, 6994, 649, 165, 192, true, true
264927, 6474, 6996, 649, 165, 191, true, true
265454, 6485, 6996, 648, 164, 192, true, true
265498, 6486, 6996, 640, 163, 192, true, true
265746, 6493, 6996, 639, 162, 192, true, true
265964, 6498, 7001, 644, 163, 191, true, true
267417, 6524, 7001, 643, 162, 193, true, true
267573, 6526, 7002, 644, 163, 188, true, true
268130, 6536, 7002, 643, 163, 188, true, true
269219, 6558, 7003, 644, 164, 182, true, true
269266, 6559, 7008, 649, 165, 181, true, true
271398, 6601, 7009, 649, 165, 179, true, true
271555, 6610, 7010, 650, 166, 177, true, true
271721, 6613, 7012, 652, 167, 173, true, true
271813, 6615, 7012, 649, 167, 173, true, true
271948, 6620, 7013, 650, 168, 172, true, true
274337, 6659, 7014, 651, 169, 167, true, true
274996, 6673, 7015, 651, 170, 166, true, true
275066, 6675, 7016, 651, 170, 163, true, true
275557, 6686, 7017, 652, 171, 163, true, true
277995, 6731, 7018, 653, 172, 161, true, true
278799, 6746, 7018, 652, 171, 162, true, true
278888, 6748, 7019, 653, 172, 160, true, true
278986, 6751, 7020, 654, 173, 157, true, true
279587, 6763, 7022, 656, 174, 156, true, true
281524, 6794, 7024, 658, 175, 154, true, true
281635, 6797, 7024, 657, 174, 154, true, true
282201, 6810, 7025, 658, 175, 151, true, true
285258, 6862, 7025, 656, 174, 153, true, true
286485, 6882, 7025, 654, 173, 155, true, true
287767, 6901, 7046, 673, 174, 153, true, true
290387, 6951, 7047, 674, 175, 155, true, true
291269, 6969, 7047, 673, 174, 158, true, true
291689, 6979, 7047, 672, 174, 159, true, true
291770, 6981, 7047, 671, 173, 159, true, true
292664, 6987, 7048, 672, 174, 157, true, true
293169, 6996, 7049, 673, 175, 156, true, true
296469, 7048, 7049, 672, 174, 161, true, true
296525, 7049, 7049, 671, 173, 161, true, true
299352, 7119, 7051, 673, 174, 157, true, true
299935, 7128, 7051, 671, 173, 158, true, true
302275, 7169, 7053, 672, 173, 158, true, true
303012, 7183, 7053, 671, 172, 158, true, true
304093, 7208, 7054, 672, 173, 158, true, true
304162, 7210, 7054, 671, 172, 158, true, true
304322, 7213, 7055, 672, 173, 157, true, true
307319, 7285, 7055, 671, 172, 161, true, true
308227, 7304, 7057, 673, 173, 153, true, true
308922, 7322, 7057, 671, 172, 156, true, true
309425, 7332, 7067, 679, 172, 155, true, true
314076, 7433, 7067, 677, 172, 162, true, true
316465, 7479, 7069, 679, 173, 164, true, true
316603, 7482, 7070, 680, 174, 160, true, true
318508, 7518, 7070, 679, 173, 161, true, true
318930, 7524, 7070, 678, 172, 161, true, true
320809, 7563, 7071, 679, 173, 160, true, true
321464, 7576, 7071, 678, 173, 160, true, true
321649, 7579, 7071, 676, 172, 160, true, true
322767, 7605, 7072, 677, 173, 159, true, true
325811, 7665, 7073, 678, 174, 161, true, true
327784, 7701, 7073, 676, 174, 163, true, true
328955, 7724, 7073, 675, 173, 164, true, true
329095, 7729, 7074, 676, 174, 163, true, true
332846, 7808, 7074, 674, 173, 166, true, true
334743, 7852, 7074, 673, 173, 166, true, true
335077, 7858, 7074, 672, 172, 166, true, true
335766, 7874, 7074, 671, 171, 166, true, true
338040, 7931, 7075, 672, 172, 166, true, true
339362, 7945, 7075, 671, 171, 166, true, true
340800, 7968, 7076, 672, 172, 166, true, true
341551, 7983, 7076, 671, 172, 167, true, true
342591, 8010, 7078, 673, 173, 163, true, true
347128, 8094, 7080, 675, 174, 164, true, true
348200, 8113, 7080, 674, 173, 165, true, true
349097, 8131, 7089, 683, 174, 162, true, true
349534, 8140, 7089, 682, 173, 162, true, true
349770, 8143, 7092, 685, 174, 161, true, true
351695, 8185, 7094, 687, 175, 161, true, true
351922, 8188, 7094, 686, 174, 161, true, true
352655, 8203, 7095, 687, 175, 161, true, true
353814, 8217, 7095, 686, 174, 161, true, true
354541, 8232, 7096, 687, 175, 160, true, true
355436, 8250, 7097, 688, 176, 159, true, true
355901, 8258, 7097, 686, 175, 159, true, true
356184, 8265, 7098, 687, 176, 158, true, true
356223, 8267, 7099, 688, 177, 158, true, true
356643, 8278, 7099, 687, 176, 159, true, true
358801, 8321, 7099, 686, 175, 160, true, true
358956, 8324, 7104, 691, 176, 159, true, true
359941, 8344, 7105, 692, 177, 159, true, true
360053, 8346, 7106, 693, 178, 158, true, true
361001, 8365, 7109, 696, 179, 157, true, true
362738, 8401, 7111, 698, 180, 155, true, true
363597, 8419, 7112, 699, 181, 151, true, true
364205, 8432, 7113, 700, 182, 151, true, true
364273, 8434, 7114, 700, 183, 147, true, true
372892, 8556, 7114, 699, 182, 155, true, true
373528, 8567, 7115, 700, 183, 154, true, true
374762, 8592, 7116, 701, 184, 153, true, true
374872, 8595, 7117, 702, 185, 148, true, true
375971, 8622, 7118, 703, 186, 147, true, true
378143, 8669, 7119, 703, 186, 147, true, true
378232, 8673, 7119, 702, 185, 147, true, true
380860, 8726, 7124, 705, 185, 147, true, true
381591, 8743, 7124, 704, 184, 147, true, true
384177, 8801, 7126, 706, 185, 148, true, true
384391, 8804, 7126, 705, 184, 148, true, true
386743, 8848, 7126, 703, 183, 149, true, true
386994, 8853, 7126, 702, 182, 149, true, true
387599, 8862, 7126, 701, 181, 149, true, true
389824, 8904, 7126, 699, 181, 151, true, true
391597, 8944, 7129, 702, 182, 149, true, true
392125, 8957, 7130, 703, 183, 149, true, true
392870, 8969, 7130, 702, 182, 149, true, true
393155, 8974, 7130, 701, 181, 149, true, true
393326, 8979, 7130, 700, 180, 149, true, true
393653, 8989, 7130, 699, 179, 149, true, true
393792, 8992, 7131, 700, 180, 147, true, true
394356, 9007, 7131, 699, 179, 149, true, true
395490, 9031, 7131, 698, 178, 150, true, true
397341, 9067, 7136, 703, 179, 149, true, true
399134, 9098, 7136, 702, 178, 149, true, true
401982, 9154, 7137, 703, 179, 151, true, true
402006, 9155, 7138, 702, 179, 148, true, true
402636, 9166, 7139, 703, 180, 147, true, true
402921, 9170, 7140, 704, 181, 146, true, true
403330, 9181, 7143, 707, 182, 144, true, true
403473, 9184, 7143, 706, 181, 144, true, true
404621, 9208, 7143, 705, 180, 144, true, true
409482, 9298, 7143, 704, 179, 144, true, true
409773, 9306, 7143, 703, 179, 145, true, true
412016, 9360, 7143, 702, 178, 147, true, true
413945, 9408, 7145, 704, 179, 147, true, true
416639, 9464, 7146, 705, 180, 147, true, true
419614, 9493, 7146, 702, 179, 147, true, true
420980, 9532, 7146, 701, 178, 148, true, true
423223, 9587, 7147, 702, 179, 147, true, true
423330, 9591, 7147, 701, 178, 147, true, true
424465, 9625, 7148, 702, 179, 146, true, true
426198, 9666, 7148, 701, 178, 147, true, true
426859, 9680, 7149, 702, 179, 146, true, true
429890, 9758, 7149, 701, 178, 149, true, true
431519, 9790, 7149, 700, 177, 150, true, true
432819, 9822, 7150, 700, 178, 148, true, true
433447, 9845, 7150, 699, 178, 148, true, true
435219, 9888, 7151, 700, 179, 148, true, true
435247, 9889, 7152, 701, 180, 146, true, true
435943, 9906, 7152, 700, 179, 146, true, true
436203, 9917, 7152, 697, 178, 146, true, true
436683, 9931, 7152, 695, 177, 146, true, true
439048, 9976, 7152, 694, 176, 147, true, true
442127, 10037, 7155, 697, 177, 146, true, true
445541, 10095, 7155, 696, 176, 146, true, true
445753, 10099, 7155, 693, 175, 147, true, true
445943, 10103, 7156, 694, 176, 145, true, true
446312, 10109, 7161, 698, 177, 144, true, true
451418, 10219, 7161, 697, 177, 147, true, true
452970, 10256, 7179, 710, 177, 147, true, true
457092, 10345, 7179, 709, 176, 151, true, true
457737, 10362, 7182, 712, 177, 150, true, true
460552, 10426, 7183, 713, 178, 149, true, true
460744, 10429, 7183, 712, 177, 149, true, true
460888, 10431, 7183, 711, 176, 149, true, true
461488, 10449, 7185, 713, 177, 148, true, true
462628, 10470, 7188, 714, 178, 148, true, true
466460, 10556, 7189, 712, 177, 148, true, true
467746, 10583, 7229, 592, 177, 148, true, true
468532, 10598, 7230, 593, 178, 147, true, true
471067, 10654, 7251, 601, 179, 147, true, true
472397, 10683, 7252, 602, 180, 147, true, true
481185, 10838, 7253, 602, 181, 149, true, true
481271, 10842, 7253, 601, 180, 149, true, true
481550, 10849, 7253, 600, 179, 149, true, true
483510, 10883, 7253, 599, 178, 152, true, true
483794, 10890, 7253, 598, 177, 152, true, true
485144, 10925, 7254, 599, 178, 150, true, true
485419, 10930, 7254, 592, 177, 150, true, true
492439, 11044, 7255, 593, 178, 152, true, true
494238, 11075, 7255, 592, 177, 154, true, true
494374, 11078, 7256, 593, 178, 153, true, true
496606, 11130, 7263, 577, 179, 154, true, true
497075, 11142, 7264, 578, 180, 153, true, true
498164, 11166, 7264, 576, 179, 155, true, true
498652, 11176, 7264, 575, 178, 155, true, true
498946, 11180, 7265, 573, 179, 154, true, true
499830, 11200, 7265, 571, 178, 155, true, true
502439, 11254, 7265, 569, 177, 158, true, true
503456, 11275, 7266, 563, 178, 156, true, true
516831, 11551, 7268, 565, 179, 164, true, true
517311, 11563, 7269, 566, 180, 165, true, true
519718, 11609, 7269, 565, 179, 169, true, true
520350, 11621, 7269, 564, 178, 169, true, true
521944, 11656, 7269, 563, 178, 170, true, true
522861, 11680, 7270, 564, 179, 169, true, true
523617, 11694, 7271, 565, 180, 170, true, true
523704, 11696, 7272, 566, 181, 164, true, true
525694, 11729, 7272, 565, 180, 165, true, true
527970, 11776, 7279, 557, 181, 164, true, true
528083, 11779, 7279, 556, 180, 164, true, true
528337, 11784, 7279, 555, 179, 165, true, true
530420, 11830, 7279, 554, 178, 168, true, true
533841, 11896, 7279, 553, 177, 168, true, true
533874, 11898, 7280, 554, 178, 167, true, true
534258, 11906, 7280, 552, 176, 167, true, true
536047, 11940, 7281, 553, 177, 166, true, true
536791, 11956, 7281, 551, 176, 167, true, true
537671, 11977, 7281, 550, 175, 168, true, true
540650, 12035, 7281, 549, 174, 170, true, true
542526, 12076, 7281, 544, 173, 170, true, true
544494, 12110, 7281, 543, 172, 172, true, true
544858, 12121, 7281, 542, 171, 172, true, true
552064, 12283, 7281, 541, 170, 178, true, true
552507, 12291, 7296, 547, 169, 177, true, true
552858, 12297, 7296, 545, 168, 177, true, true
553421, 12306, 7297, 546, 169, 175, true, true
553893, 12314, 7297, 545, 168, 175, true, true
554281, 12324, 7298, 546, 169, 173, true, true
554543, 12330, 7298, 544, 168, 173, true, true
555064, 12337, 7298, 543, 167, 174, true, true
555141, 12340, 7299, 544, 168, 173, true, true
557104, 12384, 7301, 537, 168, 174, true, true
559545, 12434, 7301, 536, 167, 174, true, true
565629, 12563, 7302, 537, 168, 177, true, true
567723, 12606, 7303, 538, 169, 176, true, true
571345, 12696, 7305, 539, 169, 178, true, true
574215, 12770, 7312, 544, 170, 179, true, true
581051, 12935, 7312, 543, 169, 184, true, true
581867, 12951, 7312, 542, 168, 184, true, true
582088, 12957, 7312, 535, 167, 184, true, true
584955, 13023, 7313, 536, 168, 183, true, true
585708, 13035, 7313, 535, 167, 183, true, true
586779, 13050, 7313, 534, 166, 183, true, true
590723, 13107, 7313, 533, 165, 186, true, true
591846, 13109, 7313, 532, 164, 186, true, true
593111, 13131, 7313, 531, 163, 187, true, true
594989, 13166, 7314, 532, 164, 188, true, true
597872, 13216, 7314, 531, 163, 188, true, true
602908, 13320, 7314, 530, 162, 192, true, true
603508, 13333, 7314, 521, 161, 192, true, true
605139, 13369, 7328, 528, 160, 190, true, true
606631, 13401, 7330, 530, 161, 189, true, true
616522, 13625, 7331, 530, 162, 199, true, true
617203, 13642, 7331, 529, 161, 199, true, true
617445, 13650, 7332, 530, 162, 197, true, true
622191, 13757, 7333, 531, 163, 196, true, true
624946, 13815, 7335, 533, 164, 196, true, true
626617, 13850, 7337, 535, 165, 194, true, true
626811, 13854, 7337, 534, 164, 194, true, true
627573, 13868, 7337, 533, 163, 194, true, true
629576, 13912, 7338, 534, 164, 194, true, true
629621, 13913, 7338, 533, 163, 194, true, true
630105, 13923, 7341, 535, 164, 193, true, true
632336, 13977, 7344, 538, 165, 192, true, true
634167, 14022, 7346, 540, 166, 192, true, true
634423, 14029, 7352, 537, 167, 190, true, true
634512, 14032, 7353, 538, 168, 190, true, true
635828, 14060, 7354, 539, 169, 190, true, true
636807, 14083, 7355, 540, 170, 188, true, true
637764, 14106, 7355, 539, 169, 188, true, true
639532, 14146, 7357, 541, 170, 187, true, true
642568, 14207, 7360, 544, 171, 186, true, true
644238, 14235, 7361, 545, 172, 186, true, true
645149, 14251, 7361, 544, 171, 186, true, true
646607, 14283, 7362, 545, 172, 184, true, true
651756, 14397, 7364, 547, 173, 187, true, true
651872, 14401, 7365, 548, 174, 186, true, true
652164, 14409, 7366, 549, 175, 185, true, true
652943, 14431, 7366, 548, 174, 187, true, true
655432, 14483, 7366, 547, 173, 187, true, true
655688, 14490, 7368, 549, 174, 185, true, true
656749, 14516, 7368, 548, 173, 185, true, true
658696, 14554, 7368, 547, 173, 185, true, true
659274, 14566, 7369, 548, 174, 184, true, true
661617, 14616, 7371, 550, 175, 185, true, true
661799, 14621, 7373, 552, 176, 183, true, true
662628, 14641, 7374, 553, 177, 183, true, true
664235, 14668, 7416, 595, 178, 178, true, true
665363, 14687, 7416, 594, 177, 178, true, true
666334, 14711, 7416, 593, 176, 178, true, true
666366, 14712, 7418, 595, 177, 177, true, true
668364, 14755, 7418, 594, 176, 178, true, true
669252, 14771, 7419, 595, 177, 176, true, true
670894, 14806, 7419, 594, 176, 176, true, true
672061, 14833, 7420, 595, 177, 175, true, true
672854, 14850, 7421, 596, 178, 174, true, true
675976, 14920, 7422, 597, 179, 174, true, true
676062, 14922, 7423, 596, 178, 173, true, true
677254, 14947, 7424, 597, 179, 171, true, true
681096, 15015, 7424, 594, 178, 172, true, true
683180, 15052, 7424, 593, 177, 172, true, true
687217, 15133, 7424, 589, 176, 176, true, true
689744, 15184, 7430, 595, 177, 176, true, true
692656, 15254, 7431, 596, 178, 174, true, true
693095, 15265, 7437, 598, 179, 172, true, true
696041, 15328, 7437, 597, 179, 174, true, true
696497, 15338, 7437, 596, 178, 174, true, true
698429, 15364, 7437, 595, 177, 174, true, true
699260, 15381, 7438, 590, 177, 174, true, true
702801, 15447, 7440, 592, 178, 174, true, true
704443, 15475, 7441, 593, 179, 174, true, true
707121, 15531, 7441, 592, 178, 175, true, true
708239, 15552, 7442, 591, 179, 169, true, true
709497, 15576, 7442, 590, 178, 169, true, true
720360, 15781, 7442, 589, 177, 175, true, true
720781, 15794, 7442, 588, 176, 175, true, true
726645, 15926, 7442, 585, 175, 179, true, true
726744, 15927, 7442, 584, 174, 179, true, true
728013, 15949, 7442, 583, 174, 179, true, true
728734, 15960, 7442, 582, 173, 179, true, true
730912, 16001, 7443, 583, 174, 178, true, true
730949, 16002, 7444, 584, 175, 177, true, true
735278, 16092, 7445, 585, 176, 172, true, true
739186, 16171, 7445, 584, 175, 176, true, true
740753, 16198, 7445, 542, 174, 177, true, true
748424, 16338, 7445, 541, 173, 183, true, true
748891, 16351, 7446, 542, 174, 181, true, true
750402, 16379, 7446, 541, 173, 181, true, true
750686, 16382, 7447, 540, 173, 179, true, true
752299, 16406, 7447, 539, 172, 180, true, true
758312, 16531, 7448, 540, 173, 177, true, true
758777, 16542, 7449, 541, 174, 176, true, true
761735, 16599, 7449, 540, 173, 176, true, true
763516, 16627, 7449, 539, 172, 176, true, true
764393, 16651, 7459, 548, 172, 172, true, true
770336, 16786, 7459, 547, 171, 175, true, true
772582, 16832, 7459, 546, 170, 177, true, true
774591, 16878, 7460, 547, 171, 174, true, true
775324, 16890, 7460, 546, 170, 174, true, true
776562, 16920, 7460, 544, 169, 174, true, true
777061, 16932, 7463, 546, 169, 173, true, true
778799, 16975, 7464, 547, 170, 171, true, true
782445, 17057, 7464, 538, 170, 172, true, true
782773, 17064, 7464, 537, 169, 172, true, true
783006, 17069, 7465, 538, 170, 171, true, true
784812, 17112, 7466, 539, 171, 170, true, true
786375, 17141, 7466, 538, 170, 171, true, true
790282, 17222, 7467, 537, 170, 170, true, true
792025, 17252, 7468, 538, 171, 169, true, true
792172, 17255, 7484, 457, 172, 168, true, true
795512, 17329, 7495, 454, 173, 169, true, true
798029, 17379, 7496, 448, 173, 168, true, true
806393, 17542, 7497, 449, 174, 169, true, true
806995, 17553, 7497, 448, 173, 169, true, true
810836, 17644, 7497, 445, 172, 170, true, true
815538, 17749, 7497, 443, 171, 173, true, true
816857, 17779, 7497, 442, 170, 176, true, true
821310, 17890, 7498, 443, 171, 173, true, true
825247, 17972, 7498, 442, 170, 175, true, true
825756, 17982, 7499, 443, 171, 173, true, true
826089, 17987, 7500, 444, 172, 172, true, true
826106, 17988, 7500, 443, 171, 172, true, true
827490, 18020, 7501, 443, 171, 172, true, true
829686, 18067, 7501, 442, 170, 173, true, true
832344, 18137, 7501, 441, 169, 175, true, true
834880, 18199, 7501, 440, 168, 175, true, true
836500, 18238, 7502, 441, 169, 174, true, true
836870, 18247, 7506, 445, 170, 172, true, true
852161, 18609, 7506, 443, 169, 182, true, true
855535, 18662, 7508, 445, 170, 179, true, true
855931, 18673, 7508, 444, 169, 181, true, true
858394, 18738, 7509, 445, 170, 181, true, true
861405, 18817, 7509, 444, 169, 182, true, true
864709, 18900, 7509, 442, 168, 184, true, true
865329, 18912, 7509, 441, 167, 184, true, true
869609, 19010, 7510, 442, 168, 184, true, true
873275, 19095, 7510, 441, 167, 185, true, true
873893, 19115, 7511, 441, 168, 183, true, true
877982, 19223, 7511, 432, 168, 186, true, true
882498, 19317, 7520, 425, 168, 188, true, true
883006, 19326, 7520, 424, 167, 188, true, true
884650, 19362, 7521, 425, 168, 187, true, true
885664, 19383, 7523, 427, 169, 185, true, true
888836, 19472, 7524, 428, 170, 186, true, true
893059, 19584, 7524, 427, 170, 188, true, true
898836, 19724, 7525, 428, 171, 189, true, true
904514, 19873, 7526, 429, 172, 189, true, true
905507, 19892, 7526, 428, 171, 189, true, true
909909, 19993, 7526, 426, 169, 190, true, true
917503, 20191, 7527, 427, 170, 187, true, true
920411, 20257, 7527, 426, 169, 187, true, true
923427, 20316, 7527, 425, 168, 187, true, true
923837, 20327, 7528, 426, 169, 188, true, true
930103, 20475, 7528, 425, 168, 190, true, true
934348, 20568, 7528, 424, 167, 193, true, true
934847, 20580, 7568, 451, 167, 192, true, true
936917, 20632, 7568, 450, 166, 193, true, true
938634, 20667, 7568, 446, 165, 193, true, true
940768, 20711, 7569, 447, 166, 191, true, true
945400, 20817, 7573, 451, 167, 190, true, true
949460, 20906, 7576, 454, 168, 190, true, true
960602, 21127, 7577, 455, 169, 193, true, true
966374, 21288, 7577, 454, 168, 199, true, true
967418, 21315, 7578, 455, 169, 194, true, true
967573, 21319, 7579, 453, 170, 191, true, true
972001, 21432, 7579, 452, 170, 191, true, true
973746, 21471, 7593, 446, 171, 192, true, true
980805, 21630, 7593, 435, 170, 193, true, true
982085, 21659, 7593, 433, 169, 193, true, true
984515, 21707, 7593, 427, 168, 194, true, true
985747, 21730, 7600, 430, 169, 194, true, true
986403, 21746, 7601, 431, 170, 194, true, true
991315, 21846, 7601, 430, 170, 197, true, true
995897, 21961, 7603, 431, 170, 196, true, true
996034, 21964, 7603, 430, 169, 196, true, true
998070, 22002, 7604, 431, 170, 196, true, true
999596, 22045, 7618, 444, 170, 194, true, true
1000799, 22083, 7619, 442, 170, 194, true, true
1001459, 22093, 7619, 440, 169, 194, true, true
1001593, 22098, 7620, 441, 170, 193, true, true
1003312, 22133, 7621, 442, 171, 192, true, true
1006509, 22212, 7621, 441, 170, 194, true, true
1007421, 22241, 7622, 442, 171, 192, true, true
1010536, 22329, 7622, 441, 170, 193, true, true
1013498, 22400, 7624, 443, 171, 191, true, true
1014758, 22438, 7624, 442, 170, 192, true, true
1015650, 22461, 7624, 441, 169, 192, true, true
1016046, 22469, 7625, 442, 170, 191, true, true
1021774, 22617, 7633, 420, 171, 194, true, true
1022030, 22622, 7633, 419, 170, 194, true, true
1024429, 22661, 7634, 420, 171, 191, true, true
1028202, 22744, 7635, 421, 172, 191, true, true
1029541, 22786, 7636, 418, 172, 192, true, true
1031157, 22823, 7636, 417, 172, 195, true, true
1032352, 22854, 7637, 418, 173, 196, true, true
1034421, 22903, 7637, 415, 172, 196, true, true
1039924, 23036, 7639, 414, 173, 193, true, true
1040575, 23051, 7640, 415, 174, 193, true, true
1041129, 23069, 7640, 414, 173, 193, true, true
1042384, 23104, 7644, 418, 174, 192, true, true
1042897, 23112, 7644, 417, 173, 193, true, true
1044349, 23150, 7644, 415, 172, 195, true, true
1045117, 23167, 7644, 414, 171, 195, true, true
1045505, 23178, 7644, 413, 170, 195, true, true
1049670, 23256, 7645, 414, 171, 197, true, true
1052306, 23320, 7646, 415, 172, 193, true, true
1055384, 23386, 7647, 416, 173, 194, true, true
1055631, 23390, 7647, 415, 172, 194, true, true
1057704, 23450, 7647, 414, 171, 194, true, true
1058581, 23475, 7647, 413, 170, 194, true, true
1062564, 23576, 7648, 412, 170, 193, true, true
1062892, 23587, 7648, 411, 169, 193, true, true
1063701, 23603, 7649, 411, 169, 183, true, true
1067650, 23699, 7649, 410, 168, 184, true, true
1073702, 23852, 7651, 412, 169, 185, true, true
1076111, 23906, 7652, 413, 170, 182, true, true
1077436, 23940, 7653, 409, 170, 180, true, true
1078144, 23958, 7658, 414, 171, 180, true, true
1079599, 23997, 7664, 420, 172, 179, true, true
1088401, 24178, 7665, 420, 172, 180, true, true
1092449, 24279, 7666, 421, 173, 177, true, true
1092557, 24282, 7666, 419, 172, 177, true, true
1097661, 24417, 7666, 417, 171, 179, true, true
1098804, 24444, 7666, 411, 170, 181, true, true
1101785, 24492, 7666, 410, 169, 181, true, true
1103889, 24544, 7666, 408, 167, 181, true, true
1108800, 24669, 7667, 409, 168, 177, true, true
1111014, 24733, 7668, 410, 169, 176, true, true
1111464, 24746, 7668, 409, 168, 176, true, true
1119106, 24898, 7670, 411, 169, 176, true, true
1124270, 25026, 7671, 412, 170, 175, true, true
1125076, 25045, 7671, 411, 169, 176, true, true
1130382, 25165, 7671, 409, 169, 176, true, true
1130706, 25173, 7671, 408, 168, 176, true, true
1133480, 25244, 7673, 410, 169, 175, true, true
1135279, 25293, 7675, 412, 170, 170, true, true
1138185, 25367, 7677, 412, 171, 169, true, true
1140573, 25411, 7678, 413, 172, 164, true, true
1144670, 25503, 7678, 412, 171, 164, true, true
1151244, 25660, 7679, 413, 172, 163, true, true
1155342, 25766, 7679, 412, 171, 166, true, true
1157973, 25834, 7682, 415, 172, 162, true, true
1171374, 26135, 7683, 416, 173, 165, true, true
1173829, 26194, 7683, 414, 171, 166, true, true
1174436, 26212, 7683, 413, 170, 166, true, true
1176825, 26277, 7684, 414, 171, 163, true, true
1178043, 26309, 7690, 418, 172, 160, true, true
1183042, 26421, 7690, 416, 171, 160, true, true
1185564, 26483, 7690, 414, 169, 160, true, true
1188602, 26558, 7691, 415, 170, 159, true, true
1189318, 26575, 7691, 409, 169, 160, true, true
1194125, 26688, 7693, 410, 170, 160, true, true
1199888, 26830, 7700, 413, 171, 158, true, true
1202570, 26897, 7700, 412, 170, 160, true, true
1203625, 26921, 7701, 413, 171, 157, true, true
1203698, 26923, 7703, 414, 172, 156, true, true
1205600, 26973, 7704, 415, 173, 155, true, true
1208652, 27043, 7704, 413, 172, 155, true, true
1209565, 27067, 7704, 411, 171, 155, true, true
1209609, 27068, 7704, 410, 170, 155, true, true
1212625, 27137, 7704, 409, 169, 155, true, true
1214964, 27202, 7705, 410, 170, 153, true, true
1215307, 27209, 7706, 411, 171, 152, true, true
1230330, 27579, 7707, 412, 172, 156, true, true
1237347, 27753, 7707, 411, 171, 161, true, true
1237902, 27769, 7707, 409, 170, 161, true, true
1246309, 27991, 7708, 410, 171, 160, true, true
1247271, 28016, 7709, 411, 172, 157, true, true
1249164, 28064, 7712, 411, 173, 155, true, true
1250897, 28106, 7712, 409, 172, 156, true, true
1259764, 28322, 7714, 410, 172, 156, true, true
1265132, 28446, 7715, 411, 173, 155, true, true
1268377, 28526, 7715, 404, 170, 156, true, true
1272184, 28631, 7716, 405, 171, 155, true, true
1276594, 28738, 7717, 406, 172, 155, true, true
1279513, 28822, 7718, 407, 173, 152, true, true
1280161, 28837, 7718, 406, 172, 152, true, true
1294926, 29190, 7718, 404, 171, 154, true, true
1295534, 29209, 7719, 405, 172, 154, true, true
1296018, 29219, 7720, 406, 173, 151, true, true
1310913, 29572, 7720, 404, 172, 155, true, true
1314245, 29638, 7720, 403, 171, 155, true, true
1320210, 29766, 7722, 405, 172, 155, true, true
1329173, 29988, 7722, 399, 171, 156, true, true
1331213, 30044, 7722, 398, 171, 157, true, true
1337504, 30193, 7723, 397, 172, 158, true, true
1340047, 30272, 7726, 400, 173, 158, true, true
1350383, 30553, 7726, 399, 172, 162, true, true
1350442, 30556, 7726, 398, 172, 162, true, true
1351649, 30590, 7726, 397, 171, 162, true, true
1353414, 30647, 7729, 400, 172, 160, true, true
1356898, 30745, 7731, 402, 173, 159, true, true
1363467, 30875, 7732, 403, 174, 156, true, true
1365190, 30916, 7732, 401, 174, 156, true, true
1367471, 30969, 7732, 400, 173, 157, true, true
1375024, 31159, 7746, 411, 174, 158, true, true
1378748, 31229, 7749, 414, 175, 157, true, true
1380742, 31281, 7750, 414, 175, 156, true, true
1383125, 31343, 7750, 411, 175, 157, true, true
1383251, 31346, 7750, 410, 174, 157, true, true
1387862, 31461, 7750, 407, 174, 157, true, true
1388326, 31472, 7750, 406, 173, 157, true, true
1388974, 31491, 7751, 407, 174, 154, true, true
1397413, 31721, 7752, 408, 175, 156, true, true
1397724, 31732, 7753, 409, 176, 155, true, true
1408942, 32017, 7755, 408, 177, 157, true, true
1409554, 32035, 7755, 405, 176, 157, true, true
1409788, 32043, 7756, 406, 177, 155, true, true
1409902, 32046, 7758, 408, 178, 154, true, true
1416979, 32214, 7758, 407, 178, 157, true, true
1417034, 32215, 7759, 408, 179, 156, true, true
1418216, 32246, 7759, 407, 178, 157, true, true
1419152, 32268, 7760, 408, 179, 156, true, true
1421005, 32318, 7760, 407, 178, 158, true, true
1421799, 32339, 7760, 406, 177, 160, true, true
1422300, 32354, 7761, 407, 178, 159, true, true
1424731, 32414, 7761, 406, 177, 160, true, true
1427133, 32463, 7761, 403, 176, 160, true, true
1428198, 32493, 7761, 402, 175, 161, true, true
1428465, 32499, 7761, 400, 174, 161, true, true
1428816, 32512, 7762, 401, 175, 156, true, true
1439935, 32779, 7763, 402, 176, 159, true, true
1445812, 32910, 7763, 401, 175, 161, true, true
1446080, 32917, 7763, 398, 174, 162, true, true
1463220, 33351, 7764, 399, 175, 164, true, true
1469315, 33503, 7766, 401, 176, 165, true, true
1470120, 33522, 7767, 402, 177, 164, true, true
1473241, 33608, 7767, 401, 176, 164, true, true
1496713, 34179, 7768, 402, 177, 172, true, true
1499244, 34245, 7769, 403, 178, 170, true, true
1501180, 34295, 7770, 404, 179, 170, true, true
1504265, 34364, 7770, 402, 178, 171, true, true
1505927, 34407, 7770, 401, 177, 171, true, true
1514309, 34616, 7772, 399, 177, 173, true, true
1518451, 34730, 7772, 398, 177, 173, true, true
1523143, 34838, 7772, 396, 177, 173, true, true
1529934, 34990, 7773, 397, 178, 174, true, true
1531166, 35031, 7773, 396, 178, 174, true, true
1532317, 35060, 7773, 395, 178, 174, true, true
1542778, 35335, 7773, 393, 177, 179, true, true
1544685, 35381, 7773, 392, 176, 180, true, true
1545702, 35404, 7774, 393, 177, 178, true, true
1549694, 35503, 7774, 392, 177, 180, true, true
1551080, 35542, 7774, 391, 176, 180, true, true
1554534, 35632, 7778, 390, 176, 178, true, true
1560547, 35790, 7779, 391, 177, 180, true, true
1560939, 35798, 7779, 390, 176, 180, true, true
1566945, 35962, 7779, 389, 175, 184, true, true
1568217, 35995, 7780, 390, 176, 181, true, true
1569981, 36037, 7780, 389, 175, 181, true, true
1570981, 36063, 7783, 390, 174, 180, true, true
1577064, 36219, 7785, 392, 175, 183, true, true
1578466, 36259, 7785, 391, 174, 183, true, true
1595613, 36688, 7786, 392, 175, 185, true, true
1600893, 36811, 7787, 393, 176, 184, true, true
1606203, 36965, 7787, 390, 175, 185, true, true
1607370, 36999, 7788, 391, 176, 184, true, true
1607529, 37003, 7788, 390, 175, 184, true, true
1607766, 37009, 7789, 391, 176, 182, true, true
1608176, 37015, 7808, 409, 177, 181, true, true
1612212, 37098, 7808, 408, 176, 182, true, true
1617356, 37236, 7808, 407, 175, 182, true, true
1622137, 37331, 7850, 425, 175, 181, true, true
1622434, 37336, 7851, 426, 176, 180, true, true
1626298, 37424, 7851, 422, 175, 180, true, true
1633490, 37599, 7853, 424, 176, 176, true, true
1638401, 37726, 7853, 423, 175, 177, true, true
1643556, 37852, 7853, 421, 174, 178, true, true
1648897, 37958, 7853, 420, 173, 179, true, true
1650179, 37991, 7854, 421, 174, 176, true, true
1658147, 38204, 7854, 420, 173, 177, true, true
1670636, 38511, 7854, 419, 172, 180, true, true
1671018, 38523, 7866, 426, 173, 178, true, true
1674966, 38614, 7866, 425, 172, 178, true, true
1676532, 38656, 7867, 426, 173, 176, true, true
1684708, 38869, 7868, 427, 174, 175, true, true
1688181, 38957, 7870, 413, 175, 174, true, true
1689245, 38980, 7870, 412, 174, 174, true, true
1689259, 38981, 7871, 413, 175, 173, true, true
1689535, 38985, 7871, 412, 174, 173, true, true
1697403, 39182, 7872, 412, 175, 174, true, true
1712226, 39431, 7873, 412, 176, 173, true, true
1715924, 39481, 7874, 413, 177, 172, true, true
1716238, 39486, 7875, 414, 178, 171, true, true
1762985, 40091, 7875, 413, 177, 173, true, true
1806596, 40665, 7875, 410, 176, 179, true, true
1821663, 40843, 7875, 409, 175, 179, true, true
1835591, 41046, 7875, 408, 174, 181, true, true
1837431, 41065, 7876, 409, 175, 177, true, true
1841516, 41116, 7878, 411, 176, 175, true, true
1850301, 41233, 7878, 410, 175, 178, true, true
1864160, 41406, 7879, 411, 176, 177, true, true
1870851, 41500, 7881, 413, 177, 175, true, true
1881435, 41648, 7884, 416, 178, 175, true, true
1886679, 41708, 7884, 415, 177, 177, true, true
1899430, 41884, 7885, 416, 178, 179, true, true
1990645, 42171, 7886, 417, 179, 178, true, true
1999634, 42261, 7886, 416, 178, 178, true, true
2015913, 42442, 7886, 415, 177, 181, true, true
2016326, 42449, 7886, 414, 176, 181, true, true
2017062, 42461, 7886, 412, 175, 181, true, true
2017125, 42462, 7887, 413, 176, 180, true, true
2040225, 42741, 7887, 412, 175, 185, true, true
2056428, 42913, 7888, 413, 176, 186, true, true
2076557, 43143, 7888, 412, 175, 188, true, true
2077897, 43157, 7888, 411, 174, 188, true, true
2082842, 43208, 7888, 410, 174, 188, true, true
2093124, 43321, 7888, 409, 173, 189, true, true
2098953, 43393, 7889, 410, 174, 185, true, true
2100871, 43421, 7889, 407, 174, 185, true, true
2104896, 43465, 7891, 409, 175, 181, true, true
2112445, 43548, 7891, 407, 174, 182, true, true
2117927, 43618, 7894, 408, 175, 180, true, true
2120992, 43653, 7894, 406, 174, 180, true, true
2135591, 43815, 7895, 407, 175, 181, true, true
2143172, 43903, 7896, 408, 176, 182, true, true
2164000, 44136, 7896, 407, 175, 182, true, true
2187055, 44410, 7897, 407, 176, 177, true, true
2193465, 44485, 7898, 408, 177, 175, true, true
2204272, 44616, 7898, 407, 176, 176, true, true
2209534, 44690, 7899, 408, 177, 175, true, true
2211551, 44723, 7899, 407, 176, 176, true, true
2212905, 44734, 7899, 406, 175, 176, true, true
2220488, 44836, 7905, 399, 175, 176, true, true
2221696, 44851, 7905, 398, 174, 176, true, true
2230997, 44989, 7906, 399, 175, 175, true, true
2233228, 45040, 7906, 398, 174, 175, true, true
2233774, 45054, 7908, 400, 175, 173, true, true
2234250, 45068, 7908, 399, 174, 173, true, true
2241135, 45254, 7912, 401, 175, 173, true, true
2246383, 45373, 7912, 400, 174, 175, true, true
2250672, 45499, 7912, 399, 173, 175, true, true
2254129, 45580, 7912, 398, 172, 177, true, true
2254339, 45584, 7913, 399, 173, 174, true, true
2258308, 45674, 7914, 400, 174, 173, true, true
2259095, 45694, 7914, 399, 173, 173, true, true
2259686, 45708, 7915, 397, 173, 171, true, true
2274247, 46045, 7915, 396, 172, 176, true, true
2274774, 46057, 7915, 395, 171, 176, true, true
2275685, 46080, 7916, 396, 172, 173, true, true
2277988, 46142, 7917, 397, 173, 171, true, true
2281997, 46252, 7917, 395, 172, 171, true, true
2286759, 46368, 7917, 394, 171, 171, true, true
2288816, 46420, 7917, 393, 170, 171, true, true
2292497, 46500, 7917, 392, 169, 171, true, true
2296164, 46594, 7918, 393, 170, 171, true, true
2298862, 46657, 7919, 394, 171, 169, true, true
2303010, 46754, 7919, 393, 170, 169, true, true
2318638, 47101, 7932, 406, 171, 171, true, true
2323857, 47224, 7933, 407, 172, 172, true, true
2336419, 47457, 7933, 406, 171, 174, true, true
2364726, 47965, 7934, 407, 172, 181, true, true
2375126, 48181, 7935, 408, 173, 181, true, true
2382603, 48325, 7935, 407, 172, 182, true, true
2385128, 48367, 7948, 419, 173, 181, true, true
2390191, 48493, 7948, 418, 172, 181, true, true
2395980, 48634, 7955, 425, 173, 179, true, true
2405079, 48861, 7955, 423, 172, 181, true, true
2411349, 49028, 7955, 422, 171, 182, true, true
2413145, 49075, 7955, 421, 170, 183, true, true
2415757, 49144, 7956, 422, 171, 183, true, true
2437834, 49672, 7957, 423, 172, 181, true, true
2438438, 49689, 7958, 422, 173, 179, true, true
2441899, 49779, 7958, 414, 172, 179, true, true
2450027, 49959, 7959, 415, 173, 175, true, true
2455306, 50087, 7960, 416, 174, 172, true, true
2456423, 50116, 7960, 415, 173, 172, true, true
2466455, 50361, 7960, 414, 172, 176, true, true
2471675, 50495, 7964, 414, 173, 176, true, true
2476818, 50620, 7966, 413, 173, 176, true, true
2491235, 51009, 7966, 412, 172, 179, true, true
2505786, 51348, 7966, 411, 172, 179, true, true
2508545, 51422, 7967, 411, 172, 178, true, true
2512618, 51513, 7968, 411, 172, 176, true, true
2520621, 51707, 7968, 410, 171, 178, true, true
2525433, 51850, 7968, 409, 170, 179, true, true
2532964, 52013, 7968, 408, 169, 179, true, true
2537943, 52145, 7968, 407, 168, 182, true, true
2541433, 52238, 7969, 408, 169, 178, true, true
2541794, 52247, 7969, 396, 168, 178, true, true
2558612, 52656, 7969, 394, 168, 183, true, true
2576522, 53148, 7969, 393, 167, 184, true, true
2578518, 53201, 8007, 395, 167, 182, true, true
2599657, 53734, 8008, 395, 167, 181, true, true
2600437, 53754, 8009, 396, 168, 180, true, true
2612781, 54036, 8009, 395, 168, 180, true, true
2626795, 54390, 8011, 397, 169, 181, true, true
2629081, 54447, 8012, 398, 170, 181, true, true
2637518, 54665, 8015, 388, 170, 182, true, true
2641852, 54779, 8015, 386, 169, 182, true, true
2644758, 54858, 8015, 385, 168, 182, true, true
2651187, 55046, 8015, 380, 167, 186, true, true
2655485, 55144, 8016, 380, 167, 185, true, true
2658255, 55223, 8017, 375, 167, 186, true, true
2665976, 55424, 8018, 376, 168, 186, true, true
2668000, 55480, 8019, 374, 169, 186, true, true
2668490, 55489, 8020, 373, 169, 184, true, true
2673361, 55620, 8020, 372, 168, 185, true, true
2675644, 55671, 8021, 373, 169, 184, true, true
2688074, 55954, 8021, 372, 169, 185, true, true
2694029, 56113, 8021, 371, 168, 186, true, true
2697156, 56190, 8023, 373, 169, 185, true, true
2700924, 56287, 8023, 372, 168, 185, true, true
2705239, 56393, 8023, 370, 167, 185, true, true
2705734, 56406, 8033, 379, 167, 182, true, true
2716757, 56691, 8034, 376, 168, 181, true, true
2727896, 56978, 8035, 377, 169, 181, true, true
2750883, 57546, 8035, 376, 168, 183, true, true
2764443, 57894, 8035, 368, 167, 186, true, true
2766880, 57945, 8036, 369, 168, 186, true, true
2783755, 58418, 8037, 370, 169, 187, true, true
2785255, 58455, 8048, 374, 167, 183, true, true
2787442, 58508, 8049, 375, 168, 179, true, true
2797422, 58759, 8050, 376, 169, 181, true, true
2811287, 59092, 8050, 375, 169, 184, true, true
2823960, 59410, 8050, 374, 168, 184, true, true
2846021, 60000, 8051, 374, 168, 187, true, true
2850951, 60115, 8052, 375, 169, 187, true, true
2851150, 60121, 8052, 374, 168, 187, true, true
2858394, 60320, 8052, 372, 167, 188, true, true
2864958, 60472, 8057, 376, 167, 185, true, true
2865097, 60476, 8057, 375, 166, 185, true, true
2874073, 60698, 8057, 374, 165, 187, true, true
2887007, 61012, 8058, 375, 166, 190, true, true
2890096, 61094, 8060, 377, 167, 189, true, true
2890357, 61105, 8061, 378, 168, 187, true, true
2893315, 61183, 8061, 377, 167, 187, true, true
2898769, 61330, 8062, 378, 168, 183, true, true
2904381, 61467, 8064, 379, 168, 184, true, true
2908267, 61566, 8065, 380, 169, 184, true, true
2922700, 61935, 8065, 377, 168, 185, true, true
2927169, 62055, 8065, 376, 167, 185, true, true
2931498, 62145, 8065, 375, 166, 186, true, true
2945452, 62498, 8065, 373, 165, 188, true, true
2951487, 62670, 8068, 375, 165, 189, true, true
2964786, 63008, 8069, 374, 165, 189, true, true
2983067, 63442, 8069, 373, 164, 192, true, true
2989618, 63621, 8069, 372, 163, 195, true, true
2999996, 63873, 8070, 373, 164, 193, true, true
3010050, 64134, 8070, 372, 163, 195, true, true
3017226, 64298, 8076, 378, 164, 193, true, true
3019242, 64349, 8076, 377, 163, 193, true, true
3020736, 64396, 8076, 374, 162, 194, true, true
3022554, 64446, 8076, 373, 161, 194, true, true
3028791, 64578, 8077, 374, 162, 192, true, true
3030119, 64614, 8078, 375, 163, 190, true, true
3032548, 64674, 8079, 376, 164, 190, true, true
3035857, 64753, 8079, 375, 164, 190, true, true
3041659, 64886, 8079, 374, 163, 192, true, true
3043695, 64939, 8079, 373, 162, 192, true, true
3061545, 65386, 8080, 374, 163, 196, true, true
3066289, 65502, 8082, 375, 163, 193, true, true
3067855, 65541, 8082, 374, 162, 193, true, true
3069699, 65584, 8082, 373, 161, 193, true, true
3070914, 65612, 8082, 372, 161, 193, true, true
3074848, 65723, 8082, 371, 160, 193, true, true
3075268, 65736, 8084, 373, 161, 188, true, true
3079896, 65834, 8085, 374, 162, 187, true, true
3093835, 66182, 8086, 375, 163, 186, true, true
3102071, 66414, 8086, 372, 161, 187, true, true
3102400, 66422, 8086, 371, 160, 187, true, true
3110150, 66616, 8088, 373, 161, 187, true, true
3117846, 66810, 8088, 363, 160, 189, true, true
3120442, 66883, 8089, 364, 161, 189, true, true
3123079, 66952, 8089, 363, 160, 191, true, true
3137431, 67283, 8090, 364, 161, 189, true, true
3145243, 67459, 8090, 363, 160, 191, true, true
3149644, 67569, 8092, 365, 161, 191, true, true
3152883, 67631, 8092, 364, 160, 191, true, true
3160253, 67809, 8092, 363, 159, 192, true, true
3161335, 67833, 8094, 365, 160, 190, true, true
3165055, 67915, 8095, 366, 161, 189, true, true
3175673, 68161, 8095, 365, 160, 191, true, true
3175786, 68164, 8097, 366, 161, 190, true, true
3178203, 68226, 8097, 365, 160, 190, true, true
3181588, 68308, 8098, 364, 161, 190, true, true
3183569, 68353, 8100, 366, 162, 187, true, true
3192340, 68549, 8101, 365, 162, 185, true, true
3196230, 68628, 8102, 366, 163, 184, true, true
3201538, 68751, 8102, 365, 162, 184, true, true
3207236, 68886, 8104, 367, 163, 182, true, true
3209799, 68943, 8104, 366, 162, 182, true, true
3213325, 69034, 8104, 365, 161, 182, true, true
3219465, 69170, 8105, 365, 161, 181, true, true
3232397, 69445, 8105, 364, 160, 182, true, true
3247558, 69794, 8105, 363, 159, 185, true, true
3250292, 69854, 8106, 363, 159, 183, true, true
3252814, 69920, 8107, 364, 160, 181, true, true
3261371, 70102, 8107, 363, 159, 183, true, true
3262981, 70140, 8107, 362, 158, 183, true, true
3272019, 70348, 8109, 364, 159, 183, true, true
3273599, 70385, 8109, 363, 158, 183, true, true
3281503, 70565, 8118, 372, 159, 183, true, true
3284225, 70633, 8118, 371, 158, 184, true, true
3290002, 70760, 8119, 372, 159, 182, true, true
3313678, 71321, 8120, 371, 159, 184, true, true
3322214, 71510, 8121, 372, 160, 184, true, true
3324173, 71560, 8123, 351, 161, 182, true, true
3326163, 71614, 8124, 352, 162, 178, true, true
3326275, 71617, 8125, 353, 163, 175, true, true
3328580, 71674, 8126, 354, 164, 172, true, true
3337317, 71877, 8126, 353, 164, 175, true, true
3353878, 72226, 8128, 353, 165, 175, true, true
3356694, 72283, 8128, 351, 164, 175, true, true
3359964, 72359, 8128, 350, 164, 175, true, true
3361479, 72394, 8129, 351, 165, 174, true, true
3377827, 72768, 8130, 352, 166, 175, true, true
3383818, 72913, 8130, 350, 165, 177, true, true
3409344, 73514, 8135, 355, 166, 177, true, true
3425449, 73878, 8136, 356, 167, 176, true, true
3433015, 74060, 8137, 357, 168, 176, true, true
3466632, 74821, 8137, 349, 168, 177, true, true
3487528, 75259, 8137, 348, 167, 182, true, true
3495608, 75451, 8137, 347, 166, 184, true, true
3509699, 75797, 8137, 346, 165, 187, true, true
3512054, 75846, 8137, 345, 164, 187, true, true
3522816, 76098, 8137, 344, 163, 187, true, true
3543743, 76596, 8137, 343, 162, 191, true, true
3544002, 76601, 8137, 342, 161, 191, true, true
3544886, 76631, 8139, 342, 162, 190, true, true
3602651, 78082, 8139, 341, 161, 196, true, true
3607813, 78214, 8140, 342, 162, 194, true, true
3610570, 78281, 8140, 341, 161, 194, true, true
3641680, 79023, 8141, 342, 162, 195, true, true
3697493, 80360, 8141, 341, 161, 197, true, true
3700601, 80438, 8142, 342, 162, 195, true, true
3710338, 80684, 8143, 338, 162, 191, true, true
3733262, 81226, 8144, 338, 162, 191, true, true
3748476, 81603, 8144, 337, 161, 193, true, true
3758209, 81838, 8144, 336, 160, 194, true, true
3765769, 82027, 8147, 322, 161, 193, true, true
3771434, 82172, 8148, 323, 162, 192, true, true
3774441, 82251, 8148, 322, 161, 192, true, true
3775194, 82270, 8149, 322, 162, 188, true, true
3793608, 82701, 8149, 321, 161, 189, true, true
3816614, 83270, 8149, 320, 160, 189, true, true
3817540, 83294, 8150, 321, 161, 188, true, true
3818116, 83307, 8151, 321, 161, 187, true, true
3821016, 83382, 8151, 320, 160, 189, true, true
3826539, 83494, 8152, 320, 161, 188, true, true
3830158, 83568, 8153, 321, 162, 188, true, true
3869393, 84502, 8153, 320, 161, 193, true, true
3873465, 84601, 8154, 321, 162, 189, true, true
3878980, 84743, 8156, 323, 163, 188, true, true
3892480, 85056, 8157, 324, 164, 190, true, true
3894277, 85095, 8157, 323, 163, 190, true, true
3901454, 85255, 8157, 322, 162, 192, true, true
3906256, 85364, 8158, 323, 163, 191, true, true
3910441, 85445, 8158, 322, 162, 191, true, true
3912536, 85492, 8158, 321, 162, 191, true, true
3914555, 85545, 8158, 320, 161, 192, true, true
3915295, 85563, 8158, 319, 160, 192, true, true
3920230, 85667, 8158, 318, 160, 193, true, true
3924604, 85770, 8161, 321, 161, 191, true, true
3926953, 85822, 8164, 324, 162, 190, true, true
3931930, 85936, 8165, 325, 163, 186, true, true
3943851, 86226, 8165, 324, 162, 188, true, true
3946275, 86264, 8165, 323, 161, 188, true, true
3954760, 86474, 8166, 324, 162, 183, true, true
3961741, 86636, 8166, 323, 162, 183, true, true
3971663, 86874, 8166, 322, 161, 185, true, true
3997025, 87419, 8167, 323, 162, 184, true, true
4010337, 87703, 8167, 322, 161, 184, true, true
4010766, 87711, 8168, 323, 162, 183, true, true
4011630, 87733, 8169, 324, 163, 181, true, true
4069684, 88955, 8169, 323, 163, 184, true, true
4081236, 89229, 8171, 325, 164, 179, true, true
4083801, 89280, 8171, 324, 163, 181, true, true
4127429, 90354, 8172, 325, 164, 185, true, true
4132707, 90497, 8172, 324, 163, 185, true, true
4133305, 90514, 8172, 323, 162, 185, true, true
4133803, 90530, 8172, 321, 162, 185, true, true
4155944, 91029, 8172, 316, 161, 186, true, true
4158641, 91091, 8172, 315, 160, 186, true, true
4179313, 91594, 8173, 315, 161, 190, true, true
4183319, 91697, 8174, 316, 162, 189, true, true
4194012, 91964, 8175, 317, 163, 186, true, true
4196733, 92030, 8181, 319, 163, 185, true, true
4198440, 92061, 8181, 318, 162, 186, true, true
4240403, 93069, 8182, 318, 163, 187, true, true
4241125, 93083, 8182, 313, 162, 187, true, true
4287645, 94207, 8183, 314, 163, 184, true, true
4294662, 94387, 8183, 313, 162, 186, true, true
4301785, 94548, 8183, 312, 161, 186, true, true
4307341, 94673, 8184, 313, 162, 180, true, true
4324233, 95059, 8185, 308, 162, 180, true, true
4330286, 95195, 8191, 313, 162, 178, true, true
4333219, 95266, 8192, 314, 163, 176, true, true
4338008, 95400, 8192, 312, 163, 177, true, true
4354754, 95791, 8193, 313, 164, 174, true, true
4355203, 95800, 8196, 314, 165, 172, true, true
4356231, 95822, 8197, 314, 165, 171, true, true
4360864, 95940, 8198, 315, 166, 170, true, true
4378225, 96373, 8221, 329, 165, 172, true, true
4410100, 97025, 8221, 328, 164, 175, true, true
4412124, 97060, 8221, 327, 163, 175, true, true
4426105, 97321, 8221, 326, 162, 175, true, true
4460020, 97938, 8221, 324, 161, 177, true, true
4467294, 98074, 8222, 325, 162, 176, true, true
4472824, 98190, 8223, 326, 163, 172, true, true
4480539, 98324, 8223, 325, 162, 172, true, true
4513581, 98940, 8223, 324, 161, 173, true, true
4532283, 99289, 8223, 323, 160, 173, true, true
4572757, 100040, 8223, 320, 159, 174, true, true
4586508, 100296, 8225, 322, 160, 173, true, true
4588999, 100346, 8227, 324, 161, 172, true, true
4605289, 100638, 8227, 322, 160, 172, true, true
4615890, 100822, 8228, 322, 161, 169, true, true
4628627, 101022, 8230, 319, 161, 168, true, true
4637683, 101183, 8230, 318, 160, 168, true, true
4646083, 101293, 8231, 319, 161, 168, true, true
4650430, 101378, 8231, 318, 160, 169, true, true
4662986, 101602, 8231, 317, 159, 170, true, true
4663042, 101603, 8231, 316, 158, 170, true, true
4745706, 103106, 8232, 317, 159, 174, true, true
4765541, 103482, 8240, 325, 160, 171, true, true
4800520, 104102, 8241, 326, 161, 169, true, true
4809209, 104282, 8242, 326, 161, 167, true, true
4824532, 104538, 8242, 325, 160, 168, true, true
4836305, 104722, 8243, 326, 161, 166, true, true
4840649, 104801, 8245, 328, 162, 165, true, true
4847332, 104931, 8245, 326, 162, 166, true, true
4879338, 105536, 8246, 327, 163, 166, true, true
4929055, 106476, 8247, 328, 164, 170, true, true
4935762, 106610, 8248, 329, 165, 169, true, true
4991694, 107636, 8248, 325, 164, 171, true, true
4999869, 107781, 8248, 324, 163, 173, true, true
5013318, 108026, 8248, 323, 162, 174, true, true
5020170, 108163, 8248, 322, 161, 174, true, true
5028245, 108316, 8249, 323, 162, 173, true, true
5051613, 108738, 8249, 321, 162, 173, true, true
5057987, 108858, 8252, 324, 163, 172, true, true
5063630, 108956, 8252, 323, 162, 172, true, true
5108083, 109762, 8252, 322, 161, 174, true, true
5115579, 109902, 8252, 321, 160, 174, true, true
5116463, 109916, 8253, 322, 161, 172, true, true
5118092, 109946, 8253, 321, 160, 172, true, true
5128478, 110149, 8254, 321, 161, 172, true, true
5129892, 110174, 8255, 322, 162, 171, true, true
5137448, 110309, 8255, 316, 162, 171, true, true
5138000, 110319, 8257, 318, 163, 170, true, true
5154735, 110596, 8257, 314, 163, 172, true, true
5163999, 110746, 8258, 315, 164, 171, true, true
5172943, 110906, 8261, 308, 164, 170, true, true
5175529, 110952, 8261, 307, 163, 170, true, true
5188295, 111183, 8261, 305, 162, 170, true, true
5234170, 112225, 8261, 304, 161, 178, true, true
5275571, 113252, 8261, 301, 160, 181, true, true
5292909, 113703, 8263, 302, 160, 181, true, true
5306341, 114061, 8263, 300, 160, 182, true, true
5341067, 114876, 8263, 299, 159, 183, true, true
5348664, 115069, 8263, 298, 158, 183, true, true
5350287, 115110, 8264, 299, 159, 180, true, true
5352875, 115166, 8264, 298, 158, 180, true, true
5353223, 115177, 8264, 296, 157, 180, true, true
5359046, 115328, 8264, 294, 156, 181, true, true
5379658, 115813, 8264, 293, 155, 184, true, true
5381865, 115862, 8266, 295, 156, 183, true, true
5413201, 116600, 8266, 293, 154, 183, true, true
5417397, 116708, 8266, 291, 153, 184, true, true
5431020, 117042, 8271, 295, 153, 183, true, true
5432448, 117080, 8271, 294, 152, 183, true, true
5446764, 117426, 8271, 291, 151, 184, true, true
5449149, 117484, 8272, 292, 152, 181, true, true
5451107, 117531, 8272, 290, 151, 181, true, true
5451520, 117542, 8272, 287, 150, 181, true, true
5451714, 117548, 8275, 290, 151, 179, true, true
5456564, 117652, 8275, 289, 150, 180, true, true
5492479, 118437, 8275, 287, 149, 183, true, true
5550598, 119855, 8275, 286, 148, 184, true, true
5550816, 119859, 8275, 285, 147, 184, true, true
5564620, 120189, 8276, 286, 148, 184, true, true
5571443, 120350, 8277, 287, 149, 183, true, true
5585784, 120683, 8277, 286, 148, 184, true, true
5616191, 121413, 8278, 287, 149, 185, true, true
5633036, 121817, 8279, 288, 150, 186, true, true
5636019, 121894, 8279, 287, 149, 186, true, true
5668435, 122689, 8280, 288, 150, 185, true, true
5674678, 122837, 8281, 289, 151, 182, true, true
5678567, 122933, 8281, 288, 150, 183, true, true
5683726, 123061, 8282, 289, 151, 182, true, true
5713803, 123761, 8283, 290, 152, 180, true, true
5730198, 124194, 8283, 289, 151, 183, true, true
5744012, 124552, 8283, 287, 150, 183, true, true
5759887, 124950, 8284, 288, 151, 181, true, true
5764284, 125062, 8285, 287, 151, 178, true, true
5765866, 125097, 8286, 288, 152, 177, true, true
5774442, 125280, 8286, 287, 151, 177, true, true
5787816, 125598, 8286, 286, 150, 179, true, true
5791949, 125707, 8287, 287, 151, 179, true, true
5823537, 126480, 8288, 288, 152, 178, true, true
5832797, 126706, 8289, 289, 153, 178, true, true
5845978, 127017, 8290, 290, 154, 173, true, true
5847580, 127056, 8290, 288, 153, 173, true, true
5849454, 127095, 8290, 287, 152, 173, true, true
5850503, 127124, 8293, 287, 153, 169, true, true
5870125, 127627, 8293, 286, 152, 172, true, true
5894154, 128238, 8293, 284, 151, 174, true, true
5904142, 128489, 8293, 283, 150, 174, true, true
5915201, 128748, 8293, 271, 149, 176, true, true
5938328, 129346, 8293, 270, 148, 177, true, true
5950931, 129652, 8294, 271, 149, 175, true, true
5952569, 129695, 8297, 273, 149, 174, true, true
5961248, 129889, 8298, 274, 150, 169, true, true
5963660, 129954, 8302, 278, 151, 164, true, true
5979242, 130322, 8303, 279, 152, 163, true, true
5991296, 130620, 8303, 278, 151, 166, true, true
5995144, 130698, 8304, 279, 152, 163, true, true
6001118, 130842, 8304, 278, 151, 164, true, true
6034620, 131699, 8305, 279, 152, 165, true, true
6036942, 131748, 8306, 280, 153, 164, true, true
6049525, 132081, 8307, 281, 154, 163, true, true
6063974, 132455, 8307, 280, 153, 163, true, true
6089945, 133132, 8307, 279, 152, 167, true, true
6094008, 133242, 8307, 278, 151, 168, true, true
6105412, 133563, 8307, 277, 150, 169, true, true
6105867, 133576, 8324, 275, 150, 168, true, true
6113601, 133780, 8325, 276, 151, 167, true, true
6132976, 134302, 8325, 275, 150, 169, true, true
6134280, 134320, 8325, 274, 149, 169, true, true
6144150, 134605, 8325, 273, 148, 169, true, true
6156390, 134913, 8325, 272, 147, 169, true, true
6179545, 135532, 8325, 271, 146, 170, true, true
6193585, 135871, 8326, 272, 147, 168, true, true
6209796, 136309, 8327, 273, 148, 169, true, true
6217558, 136491, 8327, 268, 148, 169, true, true
6231463, 136868, 8327, 267, 147, 171, true, true
6252677, 137452, 8327, 266, 146, 174, true, true
6282743, 138251, 8327, 265, 145, 174, true, true
6292550, 138514, 8327, 264, 144, 175, true, true
6303769, 138812, 8328, 265, 145, 174, true, true
6323490, 139326, 8329, 262, 146, 172, true, true
6352977, 140104, 8329, 261, 146, 176, true, true
6390352, 141168, 8331, 263, 147, 175, true, true
6403304, 141548, 8332, 264, 148, 171, true, true
6448387, 142858, 8332, 263, 147, 172, true, true
6473168, 143565, 8333, 262, 148, 171, true, true
6473371, 143571, 8334, 263, 149, 169, true, true
6474650, 143605, 8334, 261, 148, 169, true, true
6481167, 143804, 8334, 260, 147, 169, true, true
6493245, 144164, 8334, 259, 146, 170, true, true
6499108, 144340, 8334, 258, 145, 170, true, true
6501684, 144416, 8334, 256, 144, 170, true, true
6517212, 144827, 8334, 255, 143, 174, true, true
6517775, 144842, 8336, 257, 144, 173, true, true
6542058, 145551, 8337, 258, 145, 172, true, true
6551497, 145801, 8337, 257, 144, 172, true, true
6575163, 146514, 8337, 256, 143, 172, true, true
6588871, 146880, 8337, 255, 142, 173, true, true
6597522, 147139, 8339, 257, 143, 173, true, true
6621758, 147857, 8340, 258, 144, 174, true, true
6624457, 147943, 8341, 259, 145, 174, true, true
6636218, 148271, 8344, 262, 146, 173, true, true
6674686, 149387, 8344, 261, 145, 173, true, true
6686504, 149755, 8344, 255, 145, 173, true, true
6701131, 150189, 8345, 256, 146, 172, true, true
6706873, 150358, 8347, 258, 147, 169, true, true
6709601, 150440, 8347, 257, 146, 169, true, true
6711595, 150505, 8349, 257, 146, 167, true, true
6713486, 150566, 8350, 258, 147, 163, true, true
6715178, 150618, 8351, 259, 148, 161, true, true
6715334, 150622, 8351, 258, 148, 161, true, true
6727420, 150960, 8352, 259, 149, 160, true, true
6734708, 151178, 8353, 260, 150, 152, true, true
6770129, 152168, 8353, 259, 149, 157, true, true
6785611, 152582, 8355, 261, 150, 158, true, true
6793368, 152815, 8355, 256, 149, 158, true, true
6817664, 153492, 8355, 255, 148, 159, true, true
6829936, 153870, 8356, 256, 149, 157, true, true
6843082, 154235, 8356, 254, 148, 157, true, true
6853345, 154508, 8357, 254, 148, 153, true, true
6854713, 154529, 8357, 252, 147, 153, true, true
6855374, 154549, 8358, 253, 148, 152, true, true
6910347, 156134, 8360, 255, 149, 157, true, true
6915980, 156285, 8360, 254, 148, 157, true, true
6917709, 156332, 8364, 258, 149, 156, true, true
6942719, 157011, 8377, 269, 150, 156, true, true
6971144, 157818, 8377, 268, 149, 157, true, true
6976017, 157954, 8377, 267, 148, 158, true, true
6995978, 158515, 8377, 266, 147, 159, true, true
7022261, 159254, 8377, 263, 146, 159, true, true
7093545, 161175, 8377, 262, 145, 167, true, true
7115349, 161805, 8380, 263, 145, 166, true, true
7116194, 161826, 8380, 262, 144, 166, true, true
7117342, 161857, 8384, 257, 145, 165, true, true
7150694, 162799, 8385, 258, 146, 167, true, true
7154646, 162926, 8385, 257, 145, 167, true, true
7195587, 164038, 8390, 259, 144, 166, true, true
7210075, 164467, 8390, 258, 143, 166, true, true
7218680, 164726, 8391, 259, 144, 160, true, true
7285192, 166621, 8391, 258, 143, 161, true, true
7287468, 166692, 8392, 258, 144, 159, true, true
7303979, 167130, 8392, 257, 144, 159, true, true
7325907, 167779, 8393, 258, 145, 158, true, true
7329828, 167884, 8395, 257, 145, 156, true, true
7337372, 168096, 8395, 256, 144, 157, true, true
7343576, 168283, 8398, 259, 145, 156, true, true
7344820, 168318, 8398, 258, 144, 156, true, true
7378478, 169280, 8398, 257, 143, 157, true, true
7390220, 169610, 8408, 266, 144, 155, true, true
7400507, 169915, 8408, 265, 143, 155, true, true
7405837, 170062, 8408, 264, 143, 155, true, true
7407861, 170106, 8412, 268, 144, 151, true, true
7439001, 171050, 8414, 269, 145, 148, true, true
7445431, 171252, 8415, 270, 146, 144, true, true
7469321, 171995, 8416, 271, 147, 144, true, true
7473731, 172128, 8416, 270, 146, 144, true, true
7510030, 173326, 8416, 268, 145, 145, true, true
7538383, 174168, 8416, 267, 145, 145, true, true
7539131, 174188, 8417, 266, 144, 144, true, true
7556068, 174714, 8417, 265, 143, 144, true, true
7613781, 176524, 8418, 266, 144, 143, true, true
7634000, 177102, 8420, 268, 145, 142, true, true
7641441, 177294, 8432, 273, 146, 142, true, true
7678177, 178468, 8433, 274, 147, 142, true, true
7678247, 178471, 8434, 275, 148, 141, true, true
7707183, 179345, 8434, 274, 148, 141, true, true
7736640, 180273, 8434, 273, 147, 143, true, true
7748578, 180624, 8434, 272, 146, 143, true, true
7778777, 181553, 8444, 279, 147, 143, true, true
7799215, 182204, 8444, 276, 146, 143, true, true
7809892, 182570, 8445, 276, 147, 142, true, true
7812660, 182665, 8449, 275, 147, 141, true, true
7826314, 183053, 8450, 276, 148, 140, true, true
7829452, 183150, 8451, 277, 149, 137, true, true
7858275, 184097, 8451, 276, 148, 137, true, true
7887868, 185029, 8451, 275, 147, 138, true, true
7917868, 185976, 8451, 273, 146, 139, true, true
7927739, 186285, 8452, 274, 147, 135, true, true
7939467, 186654, 8452, 273, 146, 135, true, true
7960826, 187387, 8452, 272, 145, 136, true, true
7995805, 188460, 8454, 274, 146, 136, true, true
8036436, 189781, 8457, 276, 146, 132, true, true
8109169, 192182, 8458, 277, 147, 136, true, true
8120979, 192586, 8459, 278, 148, 136, true, true
8122667, 192644, 8459, 277, 147, 136, true, true
8135258, 193054, 8459, 276, 146, 137, true, true
8148810, 193497, 8459, 275, 145, 138, true, true
8162758, 194017, 8460, 276, 146, 138, true, true
8217474, 195863, 8461, 277, 147, 135, true, true
8247425, 196891, 8461, 276, 146, 138, true, true
8272676, 197784, 8462, 277, 147, 137, true, true
8301668, 198812, 8462, 276, 146, 140, true, true
8326022, 199568, 8463, 277, 147, 142, true, true
8353121, 200492, 8463, 274, 146, 142, true, true
8362943, 200830, 8463, 272, 145, 143, true, true
8391006, 201826, 8463, 271, 144, 145, true, true
8409753, 202476, 8463, 270, 143, 146, true, true
8414896, 202658, 8463, 269, 142, 146, true, true
8438898, 203562, 8463, 268, 141, 147, true, true
8457588, 204253, 8465, 270, 142, 145, true, true
8464819, 204530, 8465, 269, 142, 145, true, true
8471281, 204714, 8465, 268, 142, 145, true, true
8486558, 205262, 8467, 270, 143, 143, true, true
8493329, 205510, 8468, 271, 144, 141, true, true
8531030, 206888, 8468, 270, 143, 142, true, true
8582611, 208699, 8468, 269, 142, 145, true, true
8592958, 209027, 8468, 268, 141, 146, true, true
8611103, 209624, 8468, 267, 140, 148, true, true
8624261, 210092, 8469, 268, 141, 148, true, true
8682248, 212170, 8470, 266, 141, 149, true, true
8697391, 212680, 8471, 267, 142, 147, true, true
8697901, 212703, 8471, 266, 141, 147, true, true
8701097, 212814, 8472, 267, 142, 143, true, true
8726705, 213718, 8473, 268, 143, 141, true, true
8773345, 215312, 8474, 267, 143, 142, true, true
8776912, 215446, 8477, 269, 144, 139, true, true
8792647, 215983, 8479, 271, 145, 137, true, true
8802061, 216335, 8480, 272, 146, 135, true, true
8864669, 218517, 8480, 263, 146, 140, true, true
8907478, 220011, 8481, 264, 147, 138, true, true
8912676, 220213, 8481, 263, 146, 139, true, true
8930199, 220853, 8485, 267, 147, 137, true, true
8936940, 221061, 8485, 266, 146, 137, true, true
8974569, 222414, 8490, 271, 147, 137, true, true
8994257, 223069, 8490, 270, 146, 139, true, true
9016154, 223808, 8492, 272, 147, 139, true, true
9019271, 223927, 8493, 273, 148, 138, true, true
9025806, 224157, 8494, 272, 148, 137, true, true
9030651, 224342, 8495, 273, 149, 136, true, true
9037826, 224616, 8497, 275, 150, 136, true, true
9043844, 224845, 8498, 275, 151, 135, true, true
9056912, 225323, 8498, 274, 151, 136, true, true
9072310, 225886, 8499, 275, 152, 136, true, true
9104098, 227016, 8500, 276, 153, 137, true, true
9159970, 229027, 8501, 275, 152, 138, true, true
9204776, 230584, 8501, 274, 151, 139, true, true
9220501, 231172, 8501, 271, 150, 140, true, true
9229185, 231475, 8502, 272, 151, 140, true, true
9235768, 231730, 8502, 271, 151, 141, true, true
9281961, 233347, 8503, 272, 152, 142, true, true
9291663, 233673, 8503, 270, 151, 142, true, true
9333581, 235110, 8506, 273, 152, 144, true, true
9339028, 235325, 8507, 273, 153, 142, true, true
9362605, 236215, 8508, 274, 154, 137, true, true
9364223, 236283, 8509, 269, 154, 136, true, true
9404543, 237769, 8509, 268, 153, 136, true, true
9458628, 239734, 8511, 268, 153, 140, true, true
9482485, 240633, 8515, 271, 153, 139, true, true
9523300, 242084, 8516, 272, 154, 139, true, true
9529479, 242330, 8517, 273, 155, 137, true, true
9540545, 242750, 8518, 272, 155, 135, true, true
9595561, 244826, 8518, 271, 154, 135, true, true
9614389, 245502, 8519, 272, 155, 134, true, true
9637371, 246329, 8519, 271, 154, 134, true, true
9676515, 247759, 8519, 270, 153, 135, true, true
9676656, 247765, 8519, 268, 153, 135, true, true
9687895, 248163, 8520, 269, 154, 134, true, true
9706637, 248876, 8520, 267, 153, 134, true, true
9732521, 249871, 8520, 266, 152, 134, true, true
9734850, 249968, 8521, 267, 153, 134, true, true
9780737, 251697, 8521, 266, 152, 139, true, true
9821469, 253264, 8521, 265, 151, 141, true, true
9849208, 254348, 8522, 266, 152, 141, true, true
9869155, 255159, 8522, 265, 151, 141, true, true
9881047, 255596, 8522, 263, 150, 141, true, true
9881183, 255600, 8523, 263, 150, 139, true, true
9892653, 256054, 8524, 262, 151, 139, true, true
9922696, 257205, 8525, 263, 152, 138, true, true
9923019, 257219, 8525, 262, 151, 138, true, true
9951523, 258264, 8526, 262, 151, 138, true, true
9969329, 258966, 8527, 263, 152, 134, true, true
10016559, 260760, 8528, 264, 153, 133, true, true
10051148, 262132, 8529, 265, 154, 132, true, true
10051765, 262161, 8529, 264, 153, 132, true, true
10077155, 263157, 8530, 265, 154, 131, true, true
10112136, 264458, 8530, 264, 153, 132, true, true
10124669, 264949, 8530, 262, 152, 132, true, true
10127112, 264996, 8530, 261, 151, 132, true, true
10128668, 265053, 8530, 260, 150, 132, true, true
10141730, 265564, 8531, 261, 151, 130, true, true
10153322, 265982, 8531, 260, 151, 131, true, true
10165929, 266433, 8550, 279, 152, 130, true, true
10206292, 267978, 8551, 280, 153, 127, true, true
10220848, 268524, 8552, 281, 154, 126, true, true
10273015, 270594, 8553, 281, 154, 125, true, true
10300528, 271679, 8554, 281, 154, 122, true, true
10300701, 271688, 8554, 280, 153, 122, true, true
10315262, 272228, 8555, 281, 154, 118, true, true
10340711, 273272, 8556, 282, 155, 116, true, true
10350454, 273651, 8557, 283, 156, 114, true, true
10364075, 274176, 8557, 280, 155, 114, true, true
10368684, 274343, 8558, 281, 156, 113, true, true
10371581, 274472, 8563, 286, 157, 112, true, true
10452703, 277582, 8563, 284, 156, 116, true, true
10477370, 278560, 8563, 283, 155, 117, true, true
10487709, 278950, 8564, 284, 156, 116, true, true
10488899, 279005, 8566, 286, 157, 114, true, true
10504064, 279662, 8569, 289, 158, 111, true, true
10513035, 279997, 8569, 288, 157, 111, true, true
10517478, 280158, 8571, 286, 157, 109, true, true
10521017, 280274, 8571, 285, 156, 109, true, true
10532124, 280616, 8571, 284, 155, 110, true, true
10545505, 281010, 8572, 285, 156, 108, true, true
10688441, 285210, 8572, 284, 155, 113, true, true
10736128, 286658, 8572, 283, 154, 116, true, true
10807765, 288687, 8572, 282, 153, 118, true, true
10819328, 289028, 8572, 278, 152, 118, true, true
10830543, 289354, 8572, 277, 151, 119, true, true
10830761, 289361, 8572, 276, 150, 119, true, true
10838304, 289562, 8574, 276, 151, 118, true, true
10854093, 290027, 8575, 277, 152, 115, true, true
10908968, 291607, 8575, 275, 152, 116, true, true
10950312, 292859, 8575, 274, 151, 119, true, true
10969260, 293424, 8577, 276, 152, 116, true, true
10989351, 294033, 8577, 275, 151, 117, true, true
11000788, 294352, 8579, 277, 152, 115, true, true
11015412, 294766, 8580, 278, 153, 113, true, true
11052400, 295843, 8580, 277, 152, 114, true, true
11183856, 299636, 8581, 278, 153, 116, true, true
11211727, 300506, 8582, 279, 154, 117, true, true
11258489, 301938, 8582, 278, 153, 117, true, true
11284050, 302731, 8582, 277, 152, 117, true, true
11287688, 302843, 8582, 276, 151, 117, true, true
11296739, 303106, 8582, 275, 151, 117, true, true
11309338, 303484, 8582, 274, 150, 117, true, true
11317808, 303677, 8586, 273, 150, 116, true, true
11363378, 305097, 8586, 272, 149, 116, true, true
11393661, 306313, 8587, 273, 150, 117, true, true
11429680, 307775, 8587, 271, 149, 121, true, true
11463598, 309123, 8588, 272, 150, 117, true, true
11473780, 309533, 8589, 268, 151, 115, true, true
11476291, 309647, 8589, 267, 150, 115, true, true
11484623, 309942, 8589, 266, 149, 115, true, true
11525615, 311587, 8591, 268, 150, 114, true, true
11527499, 311668, 8591, 267, 149, 114, true, true
11541983, 312259, 8591, 266, 148, 114, true, true
11557088, 312885, 8593, 267, 148, 113, true, true
11630144, 315901, 8593, 266, 147, 113, true, true
11640808, 316262, 8595, 266, 148, 113, true, true
11712919, 319206, 8596, 267, 149, 114, true, true
11715605, 319312, 8598, 268, 149, 113, true, true
11724910, 319666, 8598, 266, 148, 113, true, true
11774485, 321587, 8598, 265, 147, 114, true, true
11785646, 322050, 8598, 264, 146, 114, true, true
11827799, 323790, 8653, 318, 146, 115, true, true
11979058, 329875, 8654, 319, 147, 117, true, true
12024865, 331617, 8654, 318, 146, 119, true, true
12133681, 335962, 8655, 319, 147, 119, true, true
12171054, 337532, 8655, 317, 146, 123, true, true
12176322, 337766, 8656, 318, 147, 119, true, true
12245226, 340653, 8656, 317, 146, 119, true, true
12255449, 341093, 8657, 318, 147, 117, true, true
12256458, 341143, 8657, 317, 146, 117, true, true
12317180, 343700, 8657, 316, 145, 118, true, true
12378271, 346172, 8658, 317, 146, 119, true, true
12468602, 350012, 8658, 316, 145, 120, true, true
12529218, 352637, 8658, 315, 144, 121, true, true
12588698, 355222, 8659, 315, 144, 122, true, true
12588749, 355224, 8678, 333, 144, 119, true, true
12680707, 359217, 8679, 334, 145, 120, true, true
12686922, 359512, 8679, 333, 145, 120, true, true
12708737, 360456, 8679, 332, 144, 120, true, true
12752256, 362330, 8679, 330, 144, 121, true, true
12756508, 362496, 8680, 331, 145, 120, true, true
12816806, 365025, 8680, 329, 144, 122, true, true
12819403, 365136, 8680, 328, 143, 122, true, true
12821224, 365205, 8680, 327, 143, 122, true, true
12900030, 368668, 8680, 326, 142, 125, true, true
12971766, 371766, 8680, 324, 141, 126, true, true
13032510, 374268, 8681, 325, 142, 124, true, true
13059138, 375400, 8681, 324, 141, 126, true, true
13071810, 375908, 8682, 325, 142, 123, true, true
13193205, 381159, 8682, 324, 142, 127, true, true
13215227, 382094, 8682, 323, 141, 127, true, true
13227494, 382574, 8682, 322, 140, 127, true, true
13261101, 384066, 8682, 319, 139, 127, true, true
13275526, 384672, 8683, 320, 140, 124, true, true
13297856, 385699, 8694, 313, 141, 123, true, true
13327663, 386947, 8695, 314, 142, 122, true, true
13342005, 387595, 8696, 315, 143, 122, true, true
13344733, 387725, 8696, 314, 142, 122, true, true
13383425, 389426, 8697, 315, 143, 125, true, true
13457093, 392538, 8697, 313, 143, 125, true, true
13458419, 392586, 8698, 314, 144, 123, true, true
13483802, 393649, 8698, 305, 143, 124, true, true
13537622, 395927, 8700, 307, 144, 121, true, true
13545404, 396253, 8700, 306, 143, 122, true, true
13561558, 396939, 8701, 307, 144, 121, true, true
13587569, 398029, 8701, 306, 143, 122, true, true
13594466, 398335, 8701, 305, 142, 122, true, true
13597760, 398474, 8701, 304, 141, 122, true, true
13599133, 398533, 8702, 305, 142, 121, true, true
13678569, 402054, 8703, 306, 143, 122, true, true
13703571, 403030, 8704, 307, 144, 121, true, true
13722554, 403860, 8704, 306, 143, 123, true, true
13790996, 406625, 8704, 305, 142, 126, true, true
13884122, 410577, 8704, 304, 141, 128, true, true
13895545, 411092, 8704, 303, 141, 129, true, true
13921958, 412212, 8704, 302, 140, 131, true, true
13961606, 413896, 8705, 303, 141, 130, true, true
13985996, 414990, 8705, 302, 140, 130, true, true
14007442, 415913, 8705, 299, 139, 130, true, true
14050723, 417780, 8705, 298, 138, 133, true, true
14067943, 418475, 8705, 296, 137, 133, true, true
14076262, 418816, 8706, 297, 138, 130, true, true
14088858, 419295, 8707, 298, 139, 128, true, true
14132260, 421036, 8708, 298, 139, 127, true, true
14166806, 422574, 8709, 299, 140, 127, true, true
14221137, 424858, 8709, 298, 139, 127, true, true
14263741, 426607, 8709, 297, 138, 130, true, true
14270860, 426893, 8709, 296, 137, 130, true, true
14311153, 428566, 8711, 298, 138, 127, true, true
14336642, 429601, 8712, 299, 139, 127, true, true
14417090, 433080, 8712, 298, 138, 131, true, true
14454486, 434724, 8718, 303, 138, 131, true, true
14459511, 434932, 8719, 304, 139, 129, true, true
14487018, 436030, 8721, 306, 140, 128, true, true
14489582, 436134, 8722, 303, 141, 127, true, true
14568653, 439513, 8722, 302, 140, 128, true, true
14588630, 440302, 8723, 302, 140, 126, true, true
14591698, 440437, 8723, 301, 139, 126, true, true
14609847, 441209, 8731, 290, 139, 124, true, true
14650444, 442906, 8731, 289, 138, 125, true, true
14683580, 444282, 8731, 288, 137, 126, true, true
14702197, 444931, 8732, 289, 138, 126, true, true
14718774, 445626, 8732, 288, 137, 127, true, true
14827363, 450249, 8734, 290, 138, 124, true, true
14841786, 450864, 8735, 291, 139, 118, true, true
14859311, 451610, 8735, 289, 138, 118, true, true
14882365, 452648, 8735, 288, 137, 119, true, true
14888670, 452946, 8736, 289, 138, 117, true, true
14954294, 455641, 8737, 290, 139, 119, true, true
15000822, 457638, 8737, 288, 138, 121, true, true
15114159, 462346, 8737, 286, 137, 123, true, true
15143663, 463642, 8739, 288, 138, 121, true, true
15168450, 464689, 8740, 289, 139, 119, true, true
15179147, 465134, 8740, 288, 138, 119, true, true
15251293, 468150, 8740, 287, 137, 121, true, true
15264200, 468711, 8740, 286, 137, 121, true, true
15292681, 469893, 8740, 285, 136, 122, true, true
15299545, 470158, 8741, 286, 137, 121, true, true
15353094, 472297, 8742, 287, 138, 119, true, true
15353850, 472324, 8742, 286, 137, 119, true, true
15449590, 476338, 8742, 284, 136, 121, true, true
15455408, 476550, 8742, 283, 135, 121, true, true
15460177, 476755, 8743, 284, 136, 119, true, true
15464855, 476950, 8743, 280, 135, 119, true, true
15471702, 477248, 8743, 279, 134, 119, true, true
15488464, 477952, 8743, 277, 133, 120, true, true
15538102, 480046, 8747, 281, 134, 117, true, true
15604812, 482814, 8747, 280, 133, 118, true, true
15648697, 484547, 8747, 278, 132, 118, true, true
15798658, 490866, 8747, 276, 131, 125, true, true
15910527, 495564, 8747, 274, 130, 126, true, true
16025027, 500494, 8748, 275, 131, 127, true, true
16042075, 501184, 8748, 274, 130, 127, true, true
16050157, 501517, 8748, 273, 129, 127, true, true
16060991, 501957, 8748, 271, 128, 127, true, true
16078527, 502696, 8748, 267, 127, 127, true, true
16082852, 502865, 8748, 266, 126, 127, true, true
16169176, 506478, 8748, 265, 125, 133, true, true
16190386, 507405, 8749, 266, 126, 131, true, true
16210721, 508273, 8750, 267, 127, 128, true, true
16294329, 511666, 8753, 269, 128, 128, true, true
16365919, 514632, 8754, 270, 129, 128, true, true
16505124, 520513, 8754, 269, 128, 133, true, true
16546562, 522298, 8754, 268, 127, 133, true, true
16572007, 523368, 8754, 267, 126, 134, true, true
16685244, 528177, 8755, 268, 127, 137, true, true
16741486, 530587, 8755, 267, 126, 139, true, true
16759208, 531311, 8755, 266, 125, 139, true, true
16937287, 539038, 8755, 265, 124, 141, true, true
16938810, 539124, 8757, 266, 124, 140, true, true
17178994, 549925, 8757, 265, 123, 147, true, true
17260812, 553682, 8757, 261, 122, 148, true, true
17294131, 555142, 8757, 260, 121, 148, true, true
17321400, 556315, 8758, 261, 122, 142, true, true
17383989, 559120, 8759, 262, 123, 143, true, true
17404906, 560118, 8759, 261, 122, 143, true, true
17422373, 560923, 8760, 262, 123, 141, true, true
17438611, 561616, 8760, 261, 122, 141, true, true
17523832, 565676, 8761, 262, 123, 137, true, true
17573704, 567980, 8762, 263, 124, 135, true, true
17594688, 568894, 8762, 262, 123, 136, true, true
17611094, 569656, 8762, 261, 122, 136, true, true
17631103, 570546, 8764, 263, 123, 135, true, true
17638582, 570903, 8765, 264, 124, 133, true, true
17659553, 571907, 8770, 269, 125, 130, true, true
17704134, 573805, 8771, 270, 126, 126, true, true
17725525, 574772, 8771, 269, 125, 126, true, true
17758688, 576275, 8772, 270, 126, 127, true, true
17799421, 578096, 8774, 268, 125, 124, true, true
17828055, 579294, 8778, 272, 126, 122, true, true
17884385, 581826, 8778, 267, 125, 122, true, true
17899424, 582480, 8778, 266, 124, 123, true, true
17927189, 583726, 8778, 265, 123, 124, true, true
17940968, 584364, 8779, 266, 124, 121, true, true
17999100, 587055, 8780, 267, 125, 120, true, true
18116608, 592304, 8781, 268, 126, 118, true, true
18156850, 594050, 8781, 267, 125, 118, true, true
18215582, 596704, 8781, 266, 124, 121, true, true
18229387, 597300, 8785, 270, 125, 120, true, true
18286195, 599793, 8785, 269, 124, 123, true, true
18287696, 599860, 8786, 270, 125, 120, true, true
18346390, 602529, 8786, 269, 124, 124, true, true
18483252, 608726, 8786, 267, 123, 130, true, true
18540292, 611358, 8786, 266, 122, 130, true, true
18575059, 612925, 8786, 265, 121, 131, true, true
18631719, 615548, 8786, 264, 120, 131, true, true
18733845, 620298, 8786, 263, 119, 133, true, true
18833108, 624805, 8787, 263, 119, 132, true, true
18839670, 625122, 8787, 261, 118, 132, true, true
18969969, 631075, 8787, 260, 118, 134, true, true
18989812, 631956, 8787, 259, 117, 134, true, true
19020716, 633403, 8788, 260, 118, 128, true, true
19030915, 633918, 8789, 261, 119, 123, true, true
19103408, 637279, 8789, 260, 118, 124, true, true
19118893, 638028, 8790, 261, 119, 121, true, true
19119257, 638045, 8790, 258, 118, 121, true, true
19130104, 638577, 8793, 261, 119, 120, true, true
19227516, 643138, 8798, 265, 119, 119, true, true
19250079, 644170, 8799, 266, 120, 118, true, true
19261229, 644695, 8800, 266, 120, 119, true, true
19341938, 648361, 8800, 265, 119, 119, true, true
19382512, 650178, 8801, 266, 120, 117, true, true
19389075, 650459, 8801, 265, 119, 117, true, true
19455965, 653460, 8801, 264, 118, 117, true, true
19638110, 661898, 8804, 267, 119, 120, true, true
19653061, 662588, 8805, 268, 120, 119, true, true
19796113, 669322, 8805, 267, 119, 122, true, true
19830135, 670924, 8805, 266, 118, 122, true, true
19859649, 672289, 8805, 265, 117, 123, true, true
19870111, 672767, 8805, 264, 116, 123, true, true
19891307, 673733, 8805, 263, 115, 126, true, true
19895258, 673922, 8807, 265, 116, 122, true, true
20183900, 687401, 8807, 264, 115, 130, true, true
20244428, 690297, 8807, 261, 114, 132, true, true
20245213, 690330, 8808, 262, 115, 128, true, true
20262021, 691128, 8812, 266, 116, 126, true, true
20365284, 696028, 8812, 265, 115, 128, true, true
20563530, 705049, 8813, 266, 116, 130, true, true
20589158, 706185, 8814, 267, 117, 131, true, true
20594957, 706438, 8815, 268, 118, 128, true, true
20636760, 708437, 8818, 268, 119, 127, true, true
20770256, 714653, 8819, 269, 120, 123, true, true
20982079, 724447, 8819, 268, 119, 125, true, true
21090702, 729719, 8820, 269, 120, 123, true, true
21118590, 731014, 8827, 276, 121, 123, true, true
21129723, 731576, 8829, 278, 122, 120, true, true
21158701, 732911, 8829, 273, 121, 120, true, true
21270868, 738338, 8829, 272, 120, 120, true, true
21429375, 745992, 8829, 271, 119, 122, true, true
21501263, 749339, 8829, 270, 118, 122, true, true
21509587, 749696, 8830, 271, 119, 121, true, true
21554951, 751795, 8831, 272, 120, 121, true, true
21559667, 752024, 8831, 270, 119, 121, true, true
21645098, 756022, 8831, 262, 118, 122, true, true
21669063, 757141, 8831, 261, 117, 123, true, true
21739780, 760451, 8832, 262, 118, 122, true, true
21919339, 768996, 8832, 261, 117, 124, true, true
22094902, 777449, 8832, 260, 116, 127, true, true
22107165, 777995, 8832, 259, 115, 127, true, true
22111265, 778216, 8833, 260, 116, 126, true, true
22112985, 778300, 8834, 260, 117, 125, true, true
22254113, 785135, 8835, 261, 118, 124, true, true
22259458, 785335, 8835, 257, 117, 124, true, true
22329637, 788691, 8835, 256, 116, 125, true, true
22528475, 798036, 8836, 256, 116, 126, true, true
22561219, 799585, 8836, 255, 115, 126, true, true
22675938, 805150, 8836, 252, 115, 128, true, true
22682283, 805478, 8837, 253, 116, 127, true, true
22699714, 806378, 8839, 255, 117, 127, true, true
22706105, 806693, 8839, 252, 116, 128, true, true
22775724, 809869, 8840, 253, 117, 127, true, true
22811850, 811648, 8842, 255, 118, 125, true, true
22828041, 812470, 8843, 245, 119, 122, true, true
22875008, 814714, 8843, 244, 118, 123, true, true
22961646, 818866, 8844, 245, 119, 123, true, true
23010943, 821178, 8844, 241, 118, 123, true, true
23037037, 822481, 8845, 242, 119, 122, true, true
23079294, 824441, 8845, 241, 118, 122, true, true
23171062, 828752, 8845, 240, 118, 124, true, true
23191254, 829623, 8845, 239, 117, 124, true, true
23212049, 830574, 8845, 238, 116, 124, true, true
23240250, 831870, 8845, 236, 115, 125, true, true
23402516, 839533, 8846, 237, 116, 126, true, true
23406701, 839713, 8846, 236, 116, 126, true, true
23431780, 840790, 8847, 237, 117, 124, true, true
23489703, 843602, 8847, 234, 115, 124, true, true
23503678, 844267, 8852, 239, 116, 123, true, true
23576424, 847640, 8852, 238, 115, 125, true, true
23661164, 851494, 8853, 239, 116, 125, true, true
23815465, 858700, 8856, 239, 116, 127, true, true
23840260, 859918, 8864, 247, 117, 126, true, true
23878663, 861684, 8864, 246, 116, 126, true, true
23888306, 862092, 8864, 244, 115, 126, true, true
23903248, 862759, 8864, 243, 114, 126, true, true
24064572, 870222, 8865, 244, 115, 125, true, true
24104007, 872128, 8865, 242, 114, 127, true, true
24228438, 878116, 8866, 243, 115, 127, true, true
24391110, 885842, 8866, 242, 114, 129, true, true
24436406, 888050, 8866, 241, 113, 129, true, true
24447970, 888601, 8866, 240, 112, 129, true, true
24486777, 890433, 8867, 241, 113, 126, true, true
24601462, 895785, 8867, 240, 112, 130, true, true
24763103, 903765, 8867, 239, 111, 132, true, true
24782584, 904636, 8867, 238, 110, 132, true, true
24895961, 910054, 8868, 239, 111, 131, true, true
25015458, 915803, 8868, 238, 110, 132, true, true
25257015, 927802, 8869, 239, 111, 132, true, true
25480111, 938947, 8870, 240, 112, 137, true, true
25496872, 939811, 8870, 239, 111, 137, true, true
25573067, 943658, 8871, 240, 112, 136, true, true
25604732, 945256, 8872, 241, 113, 135, true, true
25656982, 947864, 8873, 240, 113, 134, true, true
25684141, 949201, 8873, 239, 112, 134, true, true
25800939, 954927, 8874, 240, 113, 134, true, true
25919517, 961126, 8875, 241, 114, 132, true, true
26023729, 966577, 8875, 240, 113, 133, true, true
26087768, 969889, 8876, 241, 114, 133, true, true
26123990, 971699, 8877, 242, 115, 133, true, true
26157897, 973452, 8877, 241, 114, 134, true, true
26178616, 974498, 8877, 240, 113, 135, true, true
26191098, 975155, 8877, 238, 112, 135, true, true
26240044, 977595, 8879, 240, 113, 134, true, true
26340521, 982692, 8879, 239, 112, 134, true, true
26372652, 984390, 8879, 238, 111, 134, true, true
26460886, 988812, 8881, 240, 112, 133, true, true
26591108, 995450, 8881, 239, 111, 134, true, true
26793707, 1005802, 8881, 238, 110, 142, true, true
26804134, 1006347, 8882, 239, 111, 139, true, true
26811929, 1006772, 8883, 239, 111, 138, true, true
26830012, 1007758, 8883, 236, 110, 139, true, true
26849405, 1008751, 8884, 237, 111, 138, true, true
26873812, 1010017, 8885, 237, 112, 133, true, true
27004508, 1016655, 8886, 238, 113, 134, true, true
27123239, 1022626, 8886, 237, 112, 135, true, true
27140884, 1023456, 8888, 239, 113, 135, true, true
27278772, 1030451, 8888, 238, 112, 138, true, true
27281680, 1030588, 8889, 239, 113, 137, true, true
27418916, 1037658, 8889, 238, 112, 138, true, true
27480105, 1040720, 8889, 237, 111, 138, true, true
27480350, 1040737, 8891, 239, 112, 137, true, true
27481500, 1040792, 8891, 238, 111, 137, true, true
27534932, 1043311, 8891, 237, 110, 137, true, true
27564805, 1044750, 8891, 236, 109, 137, true, true
27605967, 1046833, 8891, 235, 108, 139, true, true
27615638, 1047339, 8891, 234, 107, 139, true, true
27643633, 1048743, 8891, 233, 106, 140, true, true
27726520, 1052874, 8891, 232, 105, 142, true, true
27767864, 1054922, 8893, 234, 106, 141, true, true
27801610, 1056521, 8894, 235, 107, 138, true, true
27809058, 1056896, 8894, 234, 106, 138, true, true
27832697, 1057987, 8895, 235, 107, 139, true, true
27881510, 1060348, 8895, 234, 106, 140, true, true
27988336, 1065535, 8895, 233, 105, 142, true, true
28027481, 1067472, 8895, 232, 104, 144, true, true
28177189, 1074745, 8896, 233, 105, 142, true, true
28270689, 1079230, 8896, 232, 104, 142, true, true
28287110, 1080036, 8896, 231, 103, 142, true, true
28303271, 1080867, 8897, 232, 104, 141, true, true
28336225, 1082440, 8897, 231, 103, 141, true, true
28440865, 1087232, 8898, 232, 104, 142, true, true
28507551, 1090289, 8898, 231, 103, 144, true, true
28646234, 1096734, 8899, 232, 104, 143, true, true
28774847, 1102738, 8899, 231, 103, 146, true, true
29033728, 1114881, 8901, 233, 104, 142, true, true
29054803, 1115836, 8902, 234, 105, 136, true, true
29495057, 1136913, 8903, 235, 106, 142, true, true
29762977, 1150069, 8904, 236, 107, 146, true, true
29808331, 1152211, 8906, 238, 108, 144, true, true
29812762, 1152445, 8908, 240, 109, 142, true, true
29899769, 1156640, 8908, 239, 109, 142, true, true
30058165, 1164295, 8909, 240, 110, 138, true, true
30075937, 1165201, 8910, 240, 110, 137, true, true
30165598, 1169716, 8911, 241, 111, 138, true, true
30423674, 1182585, 8911, 238, 110, 139, true, true
30492989, 1186018, 8911, 237, 109, 139, true, true
30574200, 1190065, 8911, 236, 108, 139, true, true
30600158, 1191273, 8912, 236, 108, 138, true, true
30635559, 1193104, 8914, 238, 109, 139, true, true
30676090, 1195064, 8915, 239, 110, 138, true, true
30744659, 1198343, 8922, 246, 111, 140, true, true
30782195, 1200167, 8923, 241, 112, 137, true, true
30800141, 1200997, 8923, 239, 111, 138, true, true
30813891, 1201658, 8924, 240, 112, 137, true, true
30900730, 1205787, 8925, 241, 113, 136, true, true
31023448, 1211579, 8926, 240, 113, 135, true, true
31302043, 1225004, 8927, 241, 114, 134, true, true
31346920, 1227070, 8927, 240, 114, 134, true, true
31493471, 1234062, 8927, 195, 112, 135, true, true
31595319, 1238923, 8927, 194, 111, 136, true, true
31685588, 1243074, 8927, 193, 110, 136, true, true
31892836, 1252690, 8927, 188, 109, 136, true, true
32088412, 1262108, 8929, 188, 109, 136, true, true
32296282, 1272354, 8929, 187, 108, 137, true, true
32451315, 1279951, 8931, 189, 109, 137, true, true
32626932, 1288444, 8931, 188, 108, 139, true, true
32644541, 1289353, 8933, 190, 109, 138, true, true
33076517, 1310712, 8934, 191, 110, 138, true, true
33142514, 1314021, 8937, 194, 111, 137, true, true
33249179, 1319303, 8938, 194, 111, 137, true, true
33291007, 1321447, 8938, 193, 110, 137, true, true
33395489, 1326752, 8938, 192, 109, 139, true, true
33470521, 1330304, 8940, 194, 110, 137, true, true
33522491, 1332744, 8940, 193, 109, 137, true, true
33745674, 1343828, 8942, 195, 110, 135, true, true
33773687, 1345183, 8942, 194, 109, 135, true, true
33789145, 1345986, 8942, 193, 108, 136, true, true
33816243, 1347380, 8943, 194, 109, 135, true, true
33817405, 1347441, 8943, 192, 108, 135, true, true
33915699, 1352292, 8946, 195, 109, 133, true, true
33943700, 1353698, 8946, 194, 108, 133, true, true
34000284, 1356451, 8947, 195, 109, 130, true, true
34050207, 1358924, 8948, 196, 110, 127, true, true
34072850, 1360108, 8949, 194, 110, 126, true, true
34209040, 1366799, 8951, 196, 111, 121, true, true
34272121, 1369791, 8951, 195, 110, 121, true, true
34408368, 1376377, 8951, 193, 109, 123, true, true
34435699, 1377702, 8952, 194, 110, 121, true, true
34599091, 1385862, 8953, 195, 111, 120, true, true
34628656, 1387223, 8954, 196, 112, 117, true, true
34944800, 1402290, 8956, 198, 113, 123, true, true
35075649, 1408501, 8956, 193, 112, 124, true, true
35105065, 1409801, 8956, 192, 111, 124, true, true
35155077, 1412157, 8957, 193, 112, 123, true, true
35174922, 1413120, 8958, 193, 113, 121, true, true
35334874, 1420614, 8959, 194, 114, 123, true, true
35359018, 1421690, 8959, 193, 113, 123, true, true
35586899, 1432487, 8962, 196, 114, 123, true, true
35636897, 1434841, 8962, 195, 113, 124, true, true
35642593, 1435130, 8963, 196, 114, 123, true, true
36127832, 1458114, 8963, 195, 113, 127, true, true
36198771, 1461568, 8964, 196, 114, 125, true, true
36254854, 1464217, 8964, 195, 113, 125, true, true
36530575, 1477602, 8965, 196, 114, 124, true, true
36723158, 1486720, 8966, 193, 113, 124, true, true
37070969, 1503180, 8967, 194, 114, 119, true, true
37366686, 1517226, 8969, 196, 115, 120, true, true
37689812, 1533114, 8970, 197, 116, 124, true, true
37749830, 1536048, 8970, 195, 115, 124, true, true
37783288, 1537627, 8971, 196, 116, 121, true, true
37794269, 1538164, 8971, 195, 115, 121, true, true
37892833, 1542760, 8972, 196, 116, 122, true, true
38325094, 1563499, 8972, 195, 115, 123, true, true
38363997, 1565411, 8972, 194, 114, 123, true, true
38413446, 1567822, 8973, 195, 115, 122, true, true
38685721, 1581415, 8973, 194, 114, 123, true, true
39068599, 1600113, 8973, 193, 113, 125, true, true
39069910, 1600174, 8973, 192, 112, 125, true, true
39158367, 1604512, 8973, 187, 111, 125, true, true
39194427, 1606280, 8974, 188, 112, 123, true, true
39330508, 1612603, 8974, 186, 111, 124, true, true
39629881, 1627502, 8976, 188, 112, 125, true, true
39800623, 1636025, 8977, 189, 113, 127, true, true
40129576, 1652592, 8978, 190, 114, 126, true, true
40204169, 1656471, 8978, 188, 113, 127, true, true
40303799, 1661360, 8978, 187, 112, 128, true, true
40336539, 1663037, 8978, 186, 111, 128, true, true
40446655, 1668496, 8978, 185, 110, 132, true, true
40605915, 1676557, 8979, 186, 111, 130, true, true
40718320, 1682244, 8979, 182, 110, 132, true, true
40885705, 1690633, 8982, 184, 110, 133, true, true
40911390, 1691896, 8982, 181, 109, 133, true, true
41085442, 1700854, 8982, 180, 108, 133, true, true
41151774, 1704275, 8983, 180, 108, 131, true, true
41155512, 1704478, 8983, 179, 107, 131, true, true
41370971, 1715269, 8984, 179, 107, 130, true, true
41707285, 1731977, 8985, 180, 108, 130, true, true
41793437, 1736352, 8985, 179, 107, 131, true, true
41849635, 1739240, 8986, 178, 107, 128, true, true
41874725, 1740490, 8992, 184, 108, 123, true, true
41899238, 1741766, 8992, 183, 107, 123, true, true
42063518, 1750002, 8992, 182, 106, 123, true, true
42084986, 1751071, 8992, 171, 105, 124, true, true
42091223, 1751383, 8999, 178, 106, 122, true, true
42396347, 1766515, 9000, 179, 107, 121, true, true
42494935, 1771352, 9001, 180, 108, 121, true, true
42690962, 1780882, 9001, 174, 107, 121, true, true
42767880, 1784463, 9002, 175, 108, 117, true, true
42836775, 1787888, 9002, 173, 107, 117, true, true
43173476, 1804089, 9003, 174, 108, 118, true, true
43348665, 1812600, 9005, 176, 109, 116, true, true
43352357, 1812763, 9005, 175, 108, 116, true, true
43494576, 1819585, 9006, 176, 109, 115, true, true
43671250, 1827980, 9006, 175, 108, 116, true, true
43746965, 1831544, 9006, 174, 107, 117, true, true
43805769, 1834269, 9007, 175, 108, 115, true, true
43934757, 1840449, 9008, 176, 109, 112, true, true
44084826, 1847566, 9009, 177, 110, 112, true, true
44363427, 1860601, 9009, 175, 109, 112, true, true
44414192, 1863091, 9009, 174, 108, 112, true, true
44488995, 1866486, 9009, 171, 107, 112, true, true
44551435, 1869422, 9009, 161, 106, 112, true, true
44679573, 1875428, 9009, 160, 105, 113, true, true
44850297, 1883367, 9009, 159, 104, 114, true, true
45580431, 1917735, 9009, 158, 104, 118, true, true
45638790, 1920514, 9009, 150, 103, 118, true, true
45794828, 1927851, 9015, 156, 104, 119, true, true
45966753, 1935864, 9016, 157, 105, 117, true, true
46200117, 1946696, 9019, 160, 106, 106, true, true
46213119, 1947297, 9022, 161, 106, 103, true, true
46490997, 1960014, 9022, 160, 105, 106, true, true
47160511, 1991412, 9023, 161, 106, 107, true, true
47245825, 1995518, 9023, 160, 105, 108, true, true
47297701, 1997966, 9024, 161, 106, 107, true, true
47380231, 2001916, 9028, 164, 107, 107, true, true
47442623, 2004925, 9031, 162, 107, 107, true, true
47456717, 2005586, 9031, 161, 106, 107, true, true
47459883, 2005739, 9032, 162, 107, 105, true, true
47466883, 2006048, 9033, 163, 108, 104, true, true
47576873, 2011141, 9035, 165, 109, 104, true, true
47616093, 2012856, 9035, 164, 108, 104, true, true
47644600, 2014232, 9036, 165, 109, 100, true, true
47789784, 2020919, 9037, 166, 110, 100, true, true
47844569, 2023358, 9038, 167, 111, 98, true, true
47948428, 2028123, 9038, 163, 110, 98, true, true
48027384, 2031500, 9039, 164, 111, 95, true, true
48219308, 2040173, 9039, 163, 111, 97, true, true
48336911, 2045586, 9039, 162, 111, 97, true, true
48562463, 2056024, 9039, 161, 110, 97, true, true
48840984, 2068755, 9039, 160, 109, 97, true, true
48860984, 2069671, 9040, 161, 110, 95, true, true
49324783, 2090827, 9040, 160, 109, 97, true, true
49435057, 2095860, 9040, 159, 108, 97, true, true
49540211, 2100697, 9041, 160, 109, 96, true, true
49705305, 2108416, 9041, 159, 108, 96, true, true
49825904, 2114098, 9042, 160, 109, 96, true, true
49831319, 2114373, 9044, 162, 110, 95, true, true
49943194, 2119669, 9045, 163, 111, 92, true, true
50049165, 2124593, 9049, 167, 112, 91, true, true
50113062, 2127550, 9049, 166, 111, 91, true, true
50173850, 2130355, 9049, 164, 110, 91, true, true
50199397, 2131549, 9049, 163, 109, 91, true, true
50218551, 2132455, 9050, 164, 110, 86, true, true
50453867, 2143439, 9050, 163, 109, 88, true, true
50607884, 2150696, 9050, 162, 108, 88, true, true
51118846, 2174891, 9050, 161, 107, 89, true, true
51127430, 2175321, 9050, 160, 106, 89, true, true
51344732, 2185490, 9050, 159, 106, 90, true, true
51532391, 2194199, 9051, 160, 107, 89, true, true
51569525, 2195927, 9052, 161, 108, 88, true, true
51714964, 2202847, 9052, 159, 107, 88, true, true
52583287, 2243187, 9053, 157, 107, 88, true, true
52690012, 2248315, 9054, 158, 108, 87, true, true
53140313, 2269061, 9055, 159, 109, 88, true, true
53151188, 2269543, 9056, 159, 109, 84, true, true
53231895, 2273135, 9056, 158, 108, 86, true, true
53264514, 2274588, 9057, 159, 109, 85, true, true
53635789, 2291308, 9057, 158, 108, 87, true, true
53779470, 2297879, 9058, 158, 108, 87, true, true
54357824, 2324262, 9058, 156, 107, 89, true, true
54512304, 2331341, 9058, 155, 106, 89, true, true
54664083, 2338160, 9059, 154, 106, 86, true, true
54665376, 2338226, 9061, 156, 107, 82, true, true
54955274, 2351069, 9061, 154, 106, 82, true, true
55316695, 2367394, 9061, 151, 106, 84, true, true
55707432, 2385121, 9061, 150, 105, 85, true, true
55844033, 2391185, 9067, 155, 105, 82, true, true
55870394, 2392390, 9068, 156, 106, 81, true, true
55949575, 2396064, 9069, 157, 107, 82, true, true
57204129, 2455068, 9069, 156, 106, 86, true, true
58328957, 2508775, 9069, 155, 105, 90, true, true
58538310, 2518870, 9069, 154, 104, 90, true, true
58803675, 2531677, 9070, 155, 105, 90, true, true
59246795, 2552794, 9070, 148, 104, 94, true, true
59294274, 2555084, 9071, 149, 105, 93, true, true
59433446, 2561745, 9071, 146, 104, 93, true, true
59689917, 2573749, 9071, 145, 103, 94, true, true
59758202, 2576947, 9071, 144, 102, 94, true, true
59807768, 2579294, 9071, 143, 101, 94, true, true
60282135, 2601751, 9071, 142, 100, 100, true, true
60426817, 2608428, 9072, 143, 101, 99, true, true
60637349, 2618209, 9072, 142, 100, 99, true, true
60699699, 2621098, 9072, 141, 99, 99, true, true
61370852, 2652498, 9072, 140, 98, 101, true, true
61379460, 2652912, 9075, 143, 99, 99, true, true
61390464, 2653420, 9075, 142, 98, 99, true, true
61648040, 2665554, 9075, 141, 97, 100, true, true
61818481, 2673625, 9075, 140, 96, 100, true, true
61874649, 2676241, 9075, 139, 95, 101, true, true
62200055, 2691304, 9076, 140, 96, 101, true, true
62939786, 2726916, 9077, 141, 97, 104, true, true
62978151, 2728809, 9077, 140, 96, 104, true, true
63280989, 2743694, 9077, 139, 95, 104, true, true
63339963, 2746484, 9079, 141, 96, 103, true, true
63842594, 2770928, 9080, 142, 97, 101, true, true
63924723, 2775071, 9080, 140, 96, 101, true, true
63990333, 2778433, 9082, 142, 97, 99, true, true
64137611, 2785739, 9084, 144, 98, 98, true, true
64466116, 2801389, 9084, 141, 97, 99, true, true
64498576, 2802884, 9084, 139, 96, 100, true, true
64506475, 2803273, 9084, 138, 95, 100, true, true
64628737, 2809076, 9085, 139, 96, 99, true, true
64983218, 2825838, 9085, 133, 95, 100, true, true
65000097, 2826622, 9085, 132, 94, 100, true, true
65099215, 2831480, 9090, 137, 95, 98, true, true
65792697, 2865094, 9092, 139, 96, 100, true, true
66102670, 2880132, 9093, 140, 97, 102, true, true
66218351, 2885771, 9093, 139, 96, 102, true, true
66258871, 2887710, 9093, 138, 95, 102, true, true
67970019, 2971794, 9093, 137, 94, 109, true, true
68532990, 2999425, 9093, 136, 93, 112, true, true
68739351, 3009590, 9094, 137, 94, 111, true, true
68842721, 3014700, 9095, 138, 95, 110, true, true
69365158, 3039890, 9095, 137, 94, 113, true, true
69536377, 3048088, 9095, 135, 93, 114, true, true
69638657, 3053124, 9096, 136, 94, 112, true, true
69719487, 3056828, 9099, 139, 95, 111, true, true
70206675, 3080104, 9105, 145, 96, 110, true, true
70271870, 3083228, 9109, 147, 97, 108, true, true
70431371, 3090813, 9109, 146, 96, 109, true, true
70906549, 3113811, 9110, 147, 97, 107, true, true
71560273, 3145348, 9110, 146, 96, 108, true, true
72625006, 3197570, 9111, 147, 97, 111, true, true
73273767, 3229473, 9113, 148, 97, 113, true, true
73388948, 3235287, 9118, 153, 98, 112, true, true
73676800, 3249576, 9118, 152, 97, 113, true, true
73852613, 3258229, 9118, 151, 96, 113, true, true
74019600, 3266512, 9120, 153, 97, 112, true, true
74889445, 3309012, 9120, 152, 96, 115, true, true
75298596, 3329301, 9121, 153, 97, 113, true, true
75301840, 3329464, 9122, 154, 98, 110, true, true
75323624, 3330518, 9122, 153, 97, 110, true, true
75380685, 3333344, 9123, 154, 98, 107, true, true
75456828, 3336997, 9123, 153, 97, 107, true, true
75461164, 3337214, 9123, 152, 96, 107, true, true
75525671, 3340367, 9123, 151, 95, 108, true, true
75819205, 3354405, 9123, 150, 94, 110, true, true
75930605, 3359719, 9123, 149, 93, 110, true, true
76246312, 3375193, 9123, 148, 92, 110, true, true
77155753, 3420006, 9124, 149, 93, 112, true, true
77194457, 3421899, 9125, 150, 94, 111, true, true
77944968, 3458590, 9126, 151, 95, 113, true, true
78202261, 3471334, 9128, 153, 96, 112, true, true
78227463, 3472546, 9128, 152, 95, 112, true, true
78810287, 3500970, 9129, 153, 96, 114, true, true
79247191, 3522864, 9130, 154, 97, 113, true, true
80560223, 3589554, 9133, 157, 98, 113, true, true
80839775, 3603776, 9133, 156, 97, 114, true, true
81292433, 3626676, 9135, 156, 98, 112, true, true
81434680, 3633841, 9136, 157, 99, 110, true, true
81553282, 3639945, 9137, 158, 100, 109, true, true
81938517, 3659461, 9138, 159, 101, 108, true, true
82394660, 3682845, 9138, 158, 100, 109, true, true
82437030, 3684957, 9139, 159, 101, 104, true, true
83493309, 3740057, 9139, 157, 100, 109, true, true
83923187, 3762569, 9140, 158, 101, 108, true, true
84358221, 3785766, 9140, 156, 100, 111, true, true
84482752, 3792271, 9140, 155, 99, 112, true, true
84764942, 3807205, 9141, 156, 100, 111, true, true
84994192, 3819019, 9142, 157, 101, 107, true, true
85618953, 3851323, 9142, 156, 100, 108, true, true
85631664, 3852064, 9145, 159, 101, 107, true, true
85682859, 3854689, 9145, 158, 100, 108, true, true
85803069, 3860809, 9146, 157, 101, 109, true, true
85946212, 3868274, 9146, 155, 100, 109, true, true
86214799, 3881973, 9147, 156, 101, 109, true, true
86219463, 3882205, 9147, 155, 100, 109, true, true
86628638, 3902943, 9148, 156, 101, 108, true, true
86770124, 3909873, 9148, 155, 100, 109, true, true
86939094, 3918275, 9149, 156, 101, 108, true, true
87041184, 3923263, 9150, 156, 102, 109, true, true
87217969, 3931944, 9152, 158, 103, 108, true, true
87714139, 3955669, 9152, 157, 102, 108, true, true
87872161, 3963295, 9153, 158, 103, 107, true, true
88223021, 3980281, 9153, 155, 102, 107, true, true
88388613, 3988241, 9156, 158, 103, 106, true, true
88693576, 4002939, 9159, 160, 103, 105, true, true
89048013, 4020022, 9163, 164, 104, 104, true, true
89481927, 4041220, 9163, 163, 103, 105, true, true
89931725, 4064033, 9163, 162, 102, 106, true, true
90043147, 4069678, 9163, 161, 101, 107, true, true
90158191, 4075341, 9164, 162, 102, 106, true, true
91754023, 4154050, 9165, 163, 103, 107, true, true
91910589, 4161746, 9167, 165, 104, 108, true, true
92151762, 4173548, 9167, 164, 103, 110, true, true
94114928, 4273804, 9167, 163, 102, 116, true, true
94241247, 4280598, 9168, 164, 103, 116, true, true
94448901, 4291636, 9168, 161, 102, 117, true, true
94742938, 4307161, 9169, 162, 103, 116, true, true
95926534, 4369932, 9170, 163, 104, 118, true, true
98182030, 4504289, 9170, 162, 103, 121, false, true
98471020, 4521556, 9171, 163, 104, 111, false, true
98649296, 4532516, 9173, 165, 105, 109, false, true
98805966, 4541913, 9174, 166, 106, 108, false, true
98810669, 4542230, 9176, 168, 107, 107, false, true
99044410, 4555991, 9176, 167, 106, 107, false, true
99072254, 4557638, 9177, 168, 107, 106, false, true
99324691, 4572489, 9180, 171, 108, 103, false, true
99585271, 4588100, 9180, 170, 107, 103, false, true
99932670, 4608562, 9180, 168, 106, 103, false, true
100760978, 4657435, 9180, 167, 106, 103, false, true
100943931, 4668550, 9180, 161, 105, 103, false, true
101179599, 4682576, 9180, 159, 104, 103, false, true
101596372, 4707298, 9180, 158, 103, 103, false, true
101989303, 4730552, 9180, 157, 102, 103, false, true
102335310, 4751443, 9182, 159, 103, 102, false, true
102905188, 4785207, 9182, 158, 102, 102, false, true
102965383, 4788793, 9183, 159, 103, 99, false, true
102968767, 4788990, 9183, 158, 102, 99, false, true
103072596, 4795306, 9184, 159, 103, 98, false, true
104317688, 4869130, 9184, 156, 102, 98, false, true
104472338, 4878314, 9184, 155, 101, 98, false, true
105457487, 4939154, 9185, 154, 101, 97, false, true
105555151, 4945144, 9185, 153, 100, 97, false, true
106249299, 4987954, 9185, 152, 100, 97, false, true
106340205, 4993271, 9186, 153, 101, 96, false, true
106433417, 4998908, 9186, 152, 100, 96, false, true
107824425, 5082760, 9186, 151, 99, 96, false, true
107886360, 5086540, 9187, 152, 100, 94, false, true
107963822, 5091040, 9188, 153, 101, 93, false, true
108123680, 5100661, 9188, 148, 100, 93, false, true
108212393, 5106075, 9188, 147, 99, 93, false, true
108632161, 5130661, 9189, 148, 100, 92, false, true
109183580, 5163757, 9189, 147, 99, 92, false, true
109397111, 5176555, 9190, 148, 100, 91, false, true
109430015, 5178600, 9191, 149, 101, 90, false, true
109614055, 5189490, 9192, 150, 102, 89, false, true
109701260, 5194804, 9192, 149, 101, 89, false, true
109793083, 5200290, 9192, 148, 100, 89, false, true
109820089, 5201833, 9193, 149, 101, 88, false, true
110624678, 5248775, 9194, 150, 102, 86, false, true
110730939, 5255128, 9195, 151, 103, 82, false, true
111874057, 5321463, 9196, 152, 104, 80, false, true
112348462, 5350147, 9196, 151, 103, 80, false, true
112542272, 5361634, 9196, 149, 102, 80, false, true
112773473, 5375538, 9196, 147, 102, 80, false, true
112902022, 5383370, 9197, 148, 103, 79, false, true
113044490, 5391708, 9198, 149, 104, 75, false, true
113291285, 5406251, 9199, 150, 105, 74, false, true
113585504, 5423497, 9200, 151, 106, 68, false, true
113916345, 5442484, 9200, 150, 105, 68, false, true
114129926, 5454674, 9200, 149, 104, 68, false, true
114800105, 5493290, 9200, 148, 103, 68, false, true
115321570, 5522827, 9200, 147, 102, 68, false, true
116259216, 5576422, 9200, 146, 101, 68, false, true
116394591, 5584524, 9200, 145, 100, 68, false, true
116722248, 5603515, 9202, 147, 101, 66, false, true
116866037, 5611968, 9202, 145, 100, 66, false, true
117952299, 5670275, 9202, 142, 99, 66, false, true
118172031, 5681983, 9202, 141, 98, 66, false, true
118588679, 5705450, 9202, 140, 97, 66, false, true
118815194, 5718930, 9204, 142, 98, 65, false, true
119222035, 5743157, 9205, 143, 99, 63, false, true
120322608, 5809739, 9205, 139, 97, 63, false, true
120474443, 5818895, 9206, 140, 98, 62, false, true
121734834, 5895841, 9207, 141, 99, 60, false, true
121745407, 5896498, 9208, 142, 100, 58, false, true
122806273, 5960026, 9208, 138, 99, 58, false, true
123040965, 5974213, 9209, 139, 100, 55, false, true
123434062, 5997400, 9209, 138, 99, 55, false, true
124081768, 6035693, 9212, 141, 100, 54, false, true
124096821, 6036572, 9220, 149, 101, 53, false, true
124247396, 6045433, 9221, 150, 102, 51, false, true
125053853, 6092795, 9221, 149, 101, 51, false, true
125176075, 6099895, 9221, 148, 100, 51, false, true
125634380, 6126810, 9223, 150, 101, 49, false, true
126522135, 6179046, 9223, 149, 100, 49, false, true
127741209, 6252357, 9223, 147, 99, 49, false, true
128116543, 6274722, 9224, 148, 100, 48, false, true
128417532, 6292498, 9225, 149, 101, 46, false, true
128620990, 6304682, 9225, 147, 100, 46, false, true
128864030, 6318958, 9226, 148, 101, 44, false, true
129157583, 6336472, 9227, 149, 102, 43, false, true
129642261, 6364465, 9227, 148, 101, 43, false, true
130028314, 6386500, 9227, 147, 100, 43, false, true
130054871, 6388142, 9228, 145, 100, 42, false, true
130518505, 6414477, 9230, 147, 101, 41, false, true
130526830, 6414993, 9230, 146, 100, 41, false, true
130837019, 6432551, 9231, 147, 101, 39, false, true
131921039, 6494210, 9232, 148, 102, 38, false, true
133028489, 6557988, 9233, 149, 103, 36, false, true
133083373, 6561303, 9235, 151, 104, 35, false, true
135114148, 6677949, 9236, 152, 105, 34, false, true
135182340, 6682315, 9236, 151, 104, 34, false, true
135392669, 6695113, 9236, 150, 103, 34, false, true
135514604, 6702182, 9237, 151, 104, 33, false, true
136597116, 6765889, 9238, 151, 105, 32, false, true
136897229, 6783903, 9238, 150, 104, 32, false, true
137806445, 6838136, 9239, 151, 105, 31, false, true
138110896, 6856216, 9240, 151, 106, 30, false, true
138326450, 6869180, 9242, 153, 107, 25, false, true
138964351, 6906290, 9244, 154, 107, 24, false, true
140155709, 6977125, 9246, 156, 108, 23, false, true
140271484, 6983647, 9246, 154, 107, 23, false, true
140371936, 6989451, 9251, 159, 108, 22, false, true
141134955, 7033282, 9251, 158, 107, 22, false, true
141565166, 7058293, 9251, 157, 106, 22, false, true
143374676, 7164025, 9251, 156, 105, 22, false, true
143758614, 7185960, 9251, 154, 104, 22, false, true
144379234, 7221939, 9251, 153, 103, 22, false, true
145642987, 7295361, 9251, 152, 102, 22, false, true
146156085, 7325178, 9251, 151, 101, 22, false, true
146184319, 7326854, 9251, 150, 100, 22, false, true
146940870, 7371539, 9251, 149, 99, 22, false, true
147287030, 7392201, 9251, 147, 98, 22, false, true
147307566, 7393435, 9252, 148, 99, 21, false, true
147595037, 7410076, 9252, 147, 98, 21, false, true
148010506, 7433757, 9253, 148, 99, 20, false, true
148305868, 7450806, 9254, 149, 100, 19, false, true
148713325, 7473652, 9255, 150, 101, 18, false, true
150407792, 7570792, 9255, 149, 100, 18, false, true
151271577, 7620298, 9257, 151, 101, 17, false, true
151492554, 7632836, 9257, 148, 100, 17, false, true
152752421, 7705663, 9257, 146, 99, 17, false, true
152820826, 7709578, 9258, 147, 100, 16, false, true
152870914, 7712360, 9258, 146, 99, 16, false, true
153072276, 7723689, 9258, 145, 99, 16, false, true
153618602, 7755094, 9259, 146, 100, 15, false, true
153936687, 7773682, 9259, 145, 99, 15, false, true
155058150, 7839144, 9259, 144, 99, 15, false, true
155091537, 7841096, 9259, 140, 98, 15, false, true
155184708, 7846591, 9260, 141, 99, 14, false, true
155490621, 7864629, 9260, 139, 98, 14, false, true
156307135, 7913478, 9260, 138, 97, 14, false, true
158308293, 8036334, 9261, 139, 98, 13, false, true
158623888, 8055948, 9262, 140, 99, 12, false, true
158895492, 8072539, 9262, 139, 98, 12, false, true
159562404, 8113225, 9264, 141, 99, 11, false, true
159847779, 8130828, 9265, 142, 100, 10, false, true
162024121, 8265502, 9266, 143, 101, 9, false, true
162194336, 8275860, 9267, 144, 102, 6, false, true
162802987, 8312704, 9268, 145, 103, 5, false, true
162947326, 8321516, 9268, 143, 102, 5, false, true
163060304, 8328722, 9270, 145, 103, 4, false, true
163089749, 8330584, 9270, 144, 102, 4, false, true
163489665, 8354878, 9271, 145, 103, 3, false, true
163702873, 8367813, 9271, 144, 102, 3, false, true
164561816, 8419463, 9271, 143, 101, 3, false, true
164664721, 8425579, 9271, 142, 100, 3, false, true
164912025, 8440495, 9271, 141, 99, 3, false, true
166912586, 8558392, 9271, 140, 98, 3, false, true
166995064, 8563617, 9272, 141, 99, 2, false, true
168074985, 8627539, 9273, 142, 100, 1, false, true
170639535, 8780513, 9274, 143, 101, 0, false, true
170892693, 8795630, 9274, 140, 99, 0, false, true
