time, #execs, #covered, #singletons, #sglt_clusts, #foundnew, done, update?
36, 1, 699, 699, 1, 1, true, true
36, 2, 704, 675, 2, 2, true, true
37, 3, 1043, 420, 3, 3, true, true
39, 4, 1531, 631, 4, 3, true, true
39, 5, 1703, 747, 5, 4, true, true
40, 6, 1852, 884, 6, 5, true, true
41, 7, 1852, 879, 5, 7, true, true
42, 8, 1912, 840, 6, 8, true, true
43, 9, 1934, 737, 7, 9, true, true
43, 10, 1946, 716, 8, 10, true, true
48, 11, 2128, 840, 9, 11, true, true
50, 12, 2475, 874, 10, 12, true, true
51, 13, 2493, 863, 11, 13, true, true
54, 14, 3038, 1031, 12, 14, true, true
55, 15, 3052, 1034, 13, 15, true, true
56, 16, 3063, 1023, 13, 16, true, true
57, 17, 3078, 1033, 14, 17, true, true
59, 18, 3105, 1043, 15, 17, true, true
62, 19, 3136, 977, 16, 17, true, true
63, 20, 3143, 962, 17, 17, true, true
65, 21, 3146, 944, 18, 17, true, true
66, 22, 3154, 941, 19, 18, true, true
68, 23, 3156, 939, 20, 18, true, true
69, 24, 3227, 932, 21, 18, true, true
71, 25, 3242, 939, 22, 19, true, true
72, 26, 3256, 952, 23, 20, true, true
74, 27, 3270, 952, 24, 20, true, true
76, 28, 3299, 930, 25, 21, true, true
77, 29, 3321, 941, 26, 21, true, true
111, 30, 3323, 786, 27, 21, true, true
113, 31, 3326, 772, 28, 22, true, true
115, 32, 3328, 770, 29, 23, true, true
117, 33, 3356, 728, 30, 23, true, true
120, 34, 3659, 936, 31, 23, true, true
122, 36, 3724, 969, 32, 25, true, true
123, 37, 3727, 970, 33, 25, true, true
125, 40, 3741, 979, 34, 29, true, true
127, 41, 3742, 977, 35, 30, true, true
129, 42, 3742, 969, 35, 32, true, true
130, 43, 3745, 968, 36, 33, true, true
132, 44, 3748, 945, 37, 33, true, true
134, 45, 3752, 946, 38, 33, true, true
136, 47, 3752, 944, 38, 36, true, true
138, 48, 3760, 938, 39, 37, true, true
140, 49, 3852, 887, 40, 38, true, true
142, 50, 3857, 891, 41, 39, true, true
143, 51, 3869, 886, 41, 39, true, true
145, 52, 3874, 828, 42, 40, true, true
146, 53, 3875, 825, 43, 40, true, true
148, 55, 3881, 803, 44, 43, true, true
150, 56, 3894, 799, 45, 43, true, true
152, 57, 3894, 796, 44, 44, true, true
154, 59, 3895, 788, 45, 46, true, true
156, 61, 3898, 790, 46, 48, true, true
158, 62, 3899, 790, 47, 49, true, true
159, 63, 3966, 808, 48, 49, true, true
161, 64, 3968, 805, 49, 48, true, true
164, 65, 3976, 804, 50, 49, true, true
167, 66, 3976, 802, 50, 51, true, true
169, 67, 3981, 807, 51, 52, true, true
171, 69, 3997, 806, 52, 54, true, true
177, 71, 4003, 809, 53, 57, true, true
180, 72, 4022, 801, 54, 55, true, true
182, 73, 4030, 805, 55, 55, true, true
184, 74, 4070, 816, 55, 55, true, true
187, 75, 4079, 797, 55, 55, true, true
189, 76, 4114, 831, 56, 53, true, true
191, 77, 4176, 827, 57, 51, true, true
199, 79, 4182, 827, 58, 52, true, true
202, 80, 4186, 827, 58, 53, true, true
206, 81, 4190, 822, 59, 52, true, true
208, 82, 4192, 824, 60, 51, true, true
212, 83, 4196, 827, 61, 51, true, true
215, 84, 4199, 823, 62, 51, true, true
217, 85, 4201, 818, 63, 51, true, true
220, 86, 4214, 830, 64, 51, true, true
226, 88, 4215, 814, 65, 53, true, true
230, 89, 4216, 813, 66, 54, true, true
232, 91, 4227, 820, 67, 56, true, true
247, 92, 4487, 857, 66, 51, true, true
253, 93, 4489, 857, 67, 52, true, true
259, 95, 4496, 862, 68, 55, true, true
267, 96, 4496, 861, 68, 57, true, true
271, 97, 4510, 856, 68, 57, true, true
275, 98, 4511, 857, 69, 57, true, true
281, 99, 4511, 854, 69, 59, true, true
284, 100, 4515, 853, 70, 58, true, true
287, 101, 4516, 853, 71, 59, true, true
297, 103, 4519, 856, 72, 61, true, true
304, 104, 4521, 849, 72, 61, true, true
307, 105, 4525, 853, 73, 62, true, true
313, 107, 4526, 846, 74, 63, true, true
317, 108, 4526, 838, 72, 64, true, true
321, 109, 4527, 838, 73, 64, true, true
329, 110, 4527, 837, 73, 65, true, true
334, 111, 4528, 834, 74, 64, true, true
357, 113, 4528, 831, 74, 68, true, true
376, 114, 4528, 820, 74, 69, true, true
381, 116, 4529, 821, 75, 71, true, true
386, 117, 4531, 823, 76, 70, true, true
393, 118, 4537, 773, 76, 70, true, true
401, 119, 4539, 775, 77, 70, true, true
405, 121, 4543, 778, 78, 70, true, true
412, 122, 4544, 779, 79, 70, true, true
418, 123, 4545, 778, 80, 69, true, true
430, 125, 4547, 767, 81, 70, true, true
455, 126, 4547, 761, 81, 71, true, true
471, 129, 4551, 764, 82, 71, true, true
477, 130, 4553, 762, 83, 71, true, true
495, 131, 4553, 759, 82, 72, true, true
500, 132, 4554, 759, 82, 72, true, true
504, 133, 4561, 759, 83, 71, true, true
507, 134, 4564, 762, 84, 72, true, true
512, 135, 4564, 760, 83, 74, true, true
522, 136, 4564, 758, 83, 75, true, true
525, 137, 4566, 760, 84, 76, true, true
527, 138, 4571, 763, 85, 77, true, true
531, 139, 4600, 789, 85, 77, true, true
545, 140, 4600, 756, 85, 78, true, true
550, 141, 4604, 758, 86, 78, true, true
572, 144, 4638, 722, 86, 78, true, true
581, 146, 4655, 725, 87, 80, true, true
586, 147, 4662, 727, 87, 77, true, true
609, 148, 4662, 718, 87, 78, true, true
616, 150, 4664, 720, 88, 79, true, true
646, 156, 4720, 745, 89, 84, true, true
659, 157, 4720, 742, 89, 85, true, true
664, 158, 4721, 739, 89, 85, true, true
669, 159, 4723, 736, 90, 85, true, true
672, 160, 4725, 737, 91, 84, true, true
684, 164, 4730, 731, 91, 83, true, true
692, 165, 4730, 729, 90, 84, true, true
800, 168, 4770, 758, 91, 86, true, true
809, 169, 4770, 756, 91, 86, true, true
830, 171, 4794, 707, 92, 86, true, true
836, 173, 4808, 720, 93, 86, true, true
842, 175, 4808, 717, 93, 88, true, true
846, 176, 4809, 718, 94, 88, true, true
852, 177, 4809, 715, 94, 89, true, true
886, 180, 4809, 711, 94, 90, true, true
894, 181, 4823, 669, 95, 90, true, true
906, 182, 4823, 667, 94, 91, true, true
910, 183, 4825, 661, 93, 89, true, true
923, 184, 4825, 660, 92, 90, true, true
928, 185, 4825, 658, 91, 91, true, true
938, 186, 4826, 657, 92, 91, true, true
944, 187, 4829, 660, 93, 92, true, true
949, 188, 4830, 661, 94, 91, true, true
978, 189, 4836, 663, 95, 90, true, true
994, 190, 4836, 659, 95, 91, true, true
1003, 191, 4881, 666, 94, 85, true, true
1010, 192, 4888, 665, 95, 85, true, true
1034, 193, 4889, 665, 96, 84, true, true
1040, 194, 4890, 665, 97, 84, true, true
1050, 195, 4890, 663, 96, 86, true, true
1055, 196, 4892, 662, 97, 86, true, true
1064, 197, 4892, 657, 97, 87, true, true
1067, 198, 4893, 658, 98, 87, true, true
1072, 199, 4894, 659, 99, 87, true, true
1085, 201, 4904, 664, 100, 88, true, true
1094, 202, 4905, 663, 101, 86, true, true
1103, 203, 4905, 662, 100, 87, true, true
1112, 204, 4905, 659, 99, 87, true, true
1123, 205, 4905, 653, 99, 89, true, true
1128, 206, 4911, 659, 100, 89, true, true
1141, 208, 4917, 658, 99, 88, true, true
1153, 209, 4922, 650, 100, 88, true, true
1159, 210, 4923, 651, 101, 87, true, true
1167, 211, 4923, 650, 101, 87, true, true
1181, 214, 4940, 659, 101, 90, true, true
1187, 216, 4940, 656, 101, 92, true, true
1193, 217, 4940, 654, 100, 92, true, true
1219, 219, 4941, 653, 101, 93, true, true
1251, 223, 4945, 656, 102, 97, true, true
1264, 224, 4945, 652, 101, 98, true, true
1273, 225, 4950, 654, 102, 95, true, true
1277, 226, 4953, 655, 102, 95, true, true
1295, 229, 4957, 638, 103, 98, true, true
1302, 230, 4964, 631, 104, 99, true, true
1308, 231, 4965, 632, 105, 99, true, true
1313, 232, 4968, 634, 106, 97, true, true
1320, 233, 4972, 631, 107, 96, true, true
1326, 234, 5022, 677, 108, 96, true, true
1330, 235, 5023, 677, 109, 95, true, true
1344, 237, 5024, 677, 109, 94, true, true
1365, 240, 5024, 675, 109, 96, true, true
1367, 241, 5030, 674, 110, 96, true, true
1389, 243, 5043, 684, 111, 96, true, true
1422, 245, 5043, 682, 110, 96, true, true
1430, 246, 5046, 683, 111, 96, true, true
1445, 248, 5054, 683, 112, 96, true, true
1459, 249, 5054, 678, 111, 97, true, true
1465, 250, 5055, 679, 112, 97, true, true
1470, 251, 5067, 690, 112, 98, true, true
1488, 254, 5073, 693, 112, 97, true, true
1492, 255, 5076, 695, 112, 98, true, true
1536, 260, 5086, 703, 113, 99, true, true
1560, 262, 5086, 701, 113, 99, true, true
1580, 264, 5119, 720, 114, 98, true, true
1595, 266, 5121, 720, 114, 100, true, true
1602, 267, 5121, 719, 114, 101, true, true
1613, 268, 5125, 722, 115, 101, true, true
1619, 269, 5125, 719, 115, 103, true, true
1653, 272, 5130, 719, 112, 104, true, true
1659, 273, 5131, 720, 113, 104, true, true
1666, 274, 5136, 718, 114, 98, true, true
1707, 278, 5137, 719, 115, 97, true, true
1741, 281, 5138, 720, 116, 98, true, true
1771, 283, 5143, 722, 117, 100, true, true
1807, 288, 5143, 721, 117, 101, true, true
1833, 290, 5146, 720, 117, 100, true, true
1851, 291, 5146, 718, 117, 100, true, true
1869, 292, 5152, 705, 117, 100, true, true
1888, 294, 5152, 704, 117, 103, true, true
1915, 295, 5152, 703, 116, 105, true, true
1937, 297, 5153, 700, 116, 105, true, true
1988, 299, 5176, 641, 116, 104, true, true
2011, 300, 5176, 639, 116, 106, true, true
2019, 301, 5186, 649, 117, 106, true, true
2026, 302, 5189, 652, 118, 104, true, true
2034, 303, 5192, 648, 119, 104, true, true
2083, 306, 5192, 646, 119, 106, true, true
2104, 308, 5192, 642, 119, 108, true, true
2136, 310, 5194, 644, 120, 110, true, true
2150, 311, 5194, 643, 120, 111, true, true
2165, 313, 5194, 642, 120, 112, true, true
2172, 314, 5195, 643, 121, 111, true, true
2183, 315, 5195, 641, 120, 112, true, true
2206, 317, 5196, 642, 121, 112, true, true
2238, 319, 5196, 641, 120, 114, true, true
2271, 322, 5196, 636, 120, 116, true, true
2282, 323, 5219, 651, 121, 116, true, true
2359, 329, 5219, 647, 120, 119, true, true
2376, 330, 5219, 646, 119, 120, true, true
2397, 332, 5220, 646, 119, 120, true, true
2404, 333, 5221, 647, 120, 117, true, true
2470, 337, 5221, 646, 119, 119, true, true
2539, 344, 5222, 634, 120, 125, true, true
2582, 348, 5223, 635, 121, 127, true, true
2592, 349, 5224, 633, 121, 125, true, true
2632, 351, 5224, 632, 121, 128, true, true
2651, 352, 5227, 629, 122, 127, true, true
2669, 353, 5227, 627, 121, 129, true, true
2704, 354, 5227, 625, 120, 131, true, true
2744, 360, 5228, 626, 121, 135, true, true
2781, 362, 5228, 625, 120, 136, true, true
2799, 363, 5228, 624, 119, 136, true, true
2808, 364, 5229, 623, 120, 134, true, true
2861, 368, 5230, 620, 121, 134, true, true
2872, 370, 5235, 623, 122, 134, true, true
2939, 373, 5240, 627, 123, 135, true, true
2947, 374, 5240, 626, 122, 136, true, true
3012, 377, 5240, 624, 122, 139, true, true
3076, 379, 5240, 622, 121, 142, true, true
3092, 380, 5243, 622, 122, 141, true, true
3102, 382, 5245, 593, 123, 140, true, true
3115, 383, 5246, 594, 124, 139, true, true
3132, 386, 5246, 593, 123, 141, true, true
3147, 388, 5246, 592, 122, 141, true, true
3167, 390, 5247, 593, 123, 141, true, true
3175, 391, 5248, 594, 124, 142, true, true
3183, 393, 5249, 595, 125, 142, true, true
3198, 395, 5249, 594, 124, 144, true, true
3237, 397, 5255, 576, 124, 145, true, true
3259, 400, 5258, 579, 125, 146, true, true
3280, 401, 5260, 579, 126, 145, true, true
3352, 404, 5262, 581, 127, 146, true, true
3362, 405, 5263, 582, 128, 146, true, true
3389, 406, 5263, 581, 127, 147, true, true
3418, 407, 5263, 579, 126, 148, true, true
3427, 409, 5264, 580, 127, 146, true, true
3470, 411, 5264, 579, 126, 146, true, true
3478, 413, 5265, 579, 127, 144, true, true
3486, 415, 5267, 580, 128, 142, true, true
3528, 417, 5267, 578, 127, 143, true, true
3613, 423, 5268, 575, 128, 143, true, true
3628, 424, 5268, 572, 127, 143, true, true
3711, 428, 5268, 569, 125, 149, true, true
3723, 429, 5270, 571, 126, 144, true, true
3729, 430, 5271, 572, 127, 144, true, true
3792, 435, 5272, 571, 126, 147, true, true
3800, 436, 5277, 575, 126, 147, true, true
3818, 437, 5278, 576, 127, 146, true, true
3821, 440, 5279, 577, 128, 145, true, true
3829, 441, 5284, 582, 129, 146, true, true
3837, 443, 5285, 582, 130, 145, true, true
3844, 444, 5285, 579, 128, 145, true, true
3874, 446, 5285, 578, 127, 145, true, true
3902, 447, 5286, 578, 128, 144, true, true
3971, 452, 5289, 577, 129, 147, true, true
3981, 453, 5289, 576, 129, 148, true, true
3996, 454, 5290, 573, 130, 147, true, true
4018, 456, 5300, 562, 130, 149, true, true
4027, 457, 5302, 564, 131, 149, true, true
4058, 459, 5303, 565, 132, 150, true, true
4067, 460, 5304, 564, 132, 149, true, true
4090, 461, 5305, 561, 132, 148, true, true
4134, 464, 5307, 563, 133, 150, true, true
4187, 467, 5309, 565, 134, 150, true, true
4218, 469, 5310, 566, 135, 151, true, true
4273, 473, 5318, 548, 136, 155, true, true
4307, 474, 5318, 547, 136, 155, true, true
4354, 476, 5318, 544, 136, 155, true, true
4370, 477, 5320, 546, 137, 154, true, true
4409, 480, 5321, 543, 138, 153, true, true
4432, 482, 5323, 545, 139, 150, true, true
4467, 484, 5383, 599, 140, 150, true, true
4488, 485, 5383, 598, 139, 150, true, true
4498, 486, 5384, 598, 139, 149, true, true
4539, 491, 5384, 596, 138, 151, true, true
4560, 493, 5384, 595, 137, 153, true, true
4615, 494, 5384, 588, 137, 154, true, true
4678, 496, 5384, 570, 136, 157, true, true
4747, 498, 5384, 567, 134, 159, true, true
4756, 499, 5385, 566, 135, 158, true, true
4764, 500, 5390, 571, 136, 156, true, true
4776, 501, 5395, 571, 137, 156, true, true
4791, 502, 5395, 570, 136, 157, true, true
4915, 508, 5396, 571, 137, 160, true, true
4934, 509, 5396, 569, 137, 160, true, true
4957, 510, 5403, 574, 137, 160, true, true
5001, 512, 5416, 580, 138, 160, true, true
5011, 513, 5416, 575, 137, 161, true, true
5042, 514, 5416, 573, 137, 162, true, true
5159, 518, 5416, 571, 136, 165, true, true
5177, 520, 5416, 570, 135, 166, true, true
5279, 524, 5416, 569, 135, 167, true, true
5348, 528, 5416, 568, 135, 168, true, true
5371, 529, 5417, 568, 135, 167, true, true
5460, 532, 5420, 571, 136, 170, true, true
5486, 534, 5420, 570, 135, 171, true, true
5517, 535, 5421, 569, 135, 170, true, true
5534, 536, 5422, 569, 136, 169, true, true
5550, 537, 5423, 559, 137, 167, true, true
5590, 538, 5426, 558, 137, 166, true, true
5624, 539, 5427, 559, 138, 166, true, true
5636, 540, 5428, 560, 139, 164, true, true
5685, 543, 5441, 572, 139, 161, true, true
5709, 544, 5441, 570, 138, 161, true, true
5723, 545, 5441, 569, 137, 162, true, true
5774, 547, 5441, 565, 135, 163, true, true
5787, 548, 5442, 566, 136, 163, true, true
5873, 551, 5449, 565, 137, 153, true, true
5946, 556, 5449, 562, 136, 155, true, true
5954, 558, 5450, 563, 137, 151, true, true
6019, 561, 5452, 565, 138, 152, true, true
6032, 563, 5453, 566, 139, 152, true, true
6045, 564, 5453, 564, 138, 153, true, true
6222, 575, 5453, 563, 138, 158, true, true
6273, 577, 5453, 562, 137, 160, true, true
6314, 579, 5453, 560, 135, 160, true, true
6372, 583, 5453, 559, 135, 161, true, true
6392, 584, 5453, 558, 134, 162, true, true
6440, 587, 5461, 566, 135, 162, true, true
6464, 588, 5461, 561, 134, 162, true, true
6474, 589, 5464, 563, 135, 162, true, true
6490, 590, 5465, 564, 136, 161, true, true
6506, 592, 5471, 570, 137, 158, true, true
6556, 597, 5474, 572, 138, 158, true, true
6570, 599, 5474, 570, 137, 159, true, true
6580, 600, 5477, 573, 138, 158, true, true
6622, 602, 5478, 574, 139, 156, true, true
6699, 604, 5478, 573, 138, 158, true, true
6709, 605, 5479, 570, 138, 158, true, true
6892, 612, 5480, 566, 139, 161, true, true
6905, 613, 5481, 567, 140, 160, true, true
7002, 618, 5485, 571, 141, 160, true, true
7051, 620, 5485, 569, 139, 161, true, true
7078, 621, 5486, 565, 138, 159, true, true
7165, 624, 5486, 562, 137, 161, true, true
7193, 626, 5487, 563, 138, 158, true, true
7258, 629, 5491, 567, 139, 158, true, true
7342, 633, 5492, 568, 140, 157, true, true
7374, 634, 5493, 568, 140, 155, true, true
7418, 636, 5496, 569, 141, 154, true, true
7480, 638, 5497, 570, 142, 154, true, true
7490, 639, 5498, 569, 142, 153, true, true
7552, 640, 5498, 568, 142, 153, true, true
7605, 644, 5499, 566, 143, 152, true, true
7659, 645, 5502, 569, 144, 151, true, true
7767, 653, 5504, 570, 144, 148, true, true
7797, 655, 5505, 571, 145, 148, true, true
7822, 657, 5506, 570, 146, 150, true, true
7865, 658, 5506, 569, 146, 151, true, true
7878, 659, 5509, 570, 147, 149, true, true
7891, 661, 5509, 566, 146, 149, true, true
7989, 665, 5509, 565, 145, 151, true, true
8005, 666, 5510, 564, 145, 151, true, true
8116, 670, 5510, 563, 144, 153, true, true
8194, 674, 5511, 564, 145, 153, true, true
8206, 676, 5514, 565, 146, 150, true, true
8288, 681, 5514, 563, 146, 151, true, true
8300, 682, 5515, 560, 147, 150, true, true
8312, 683, 5525, 536, 148, 148, true, true
8320, 685, 5526, 537, 149, 147, true, true
8336, 686, 5528, 539, 150, 142, true, true
8361, 687, 5528, 538, 150, 143, true, true
8382, 688, 5529, 539, 151, 143, true, true
8486, 694, 5531, 541, 152, 144, true, true
8529, 696, 5531, 539, 151, 146, true, true
8565, 698, 5531, 538, 151, 148, true, true
8578, 700, 5540, 542, 150, 147, true, true
8592, 701, 5542, 543, 150, 147, true, true
8612, 702, 5543, 544, 151, 147, true, true
8673, 705, 5543, 542, 150, 149, true, true
8705, 706, 5543, 540, 149, 151, true, true
8774, 708, 5544, 540, 150, 152, true, true
8787, 709, 5544, 538, 148, 153, true, true
8795, 710, 5548, 538, 148, 152, true, true
8836, 715, 5551, 540, 148, 152, true, true
8847, 716, 5551, 539, 148, 153, true, true
8922, 720, 5552, 540, 149, 152, true, true
8937, 721, 5558, 546, 150, 152, true, true
8997, 723, 5558, 532, 150, 153, true, true
9107, 728, 5558, 531, 150, 155, true, true
9214, 733, 5561, 532, 150, 156, true, true
9221, 734, 5569, 529, 150, 155, true, true
9298, 739, 5570, 530, 151, 154, true, true
9345, 741, 5570, 528, 151, 154, true, true
9612, 753, 5573, 527, 151, 156, true, true
9628, 754, 5574, 528, 152, 155, true, true
9665, 756, 5575, 529, 153, 154, true, true
9703, 758, 5576, 530, 154, 152, true, true
9904, 772, 5577, 531, 155, 154, true, true
10071, 778, 5577, 528, 155, 157, true, true
10112, 779, 5577, 527, 154, 157, true, true
10172, 781, 5580, 527, 154, 156, true, true
10203, 782, 5580, 525, 154, 157, true, true
10240, 784, 5581, 526, 155, 157, true, true
10262, 786, 5582, 525, 155, 155, true, true
10296, 788, 5583, 526, 156, 155, true, true
10350, 791, 5589, 523, 157, 155, true, true
10417, 793, 5589, 521, 157, 155, true, true
10474, 795, 5591, 523, 158, 154, true, true
10619, 799, 5593, 525, 159, 154, true, true
10659, 801, 5596, 528, 160, 154, true, true
10766, 803, 5596, 526, 159, 156, true, true
10869, 808, 5607, 537, 160, 158, true, true
10912, 810, 5611, 496, 161, 156, true, true
10944, 811, 5611, 495, 160, 157, true, true
11024, 813, 5612, 496, 161, 154, true, true
11283, 821, 5612, 494, 160, 158, true, true
11791, 841, 5613, 494, 161, 164, true, true
11981, 849, 5613, 493, 160, 168, true, true
11996, 850, 5617, 496, 161, 167, true, true
12025, 852, 5617, 495, 160, 168, true, true
12054, 853, 5618, 494, 160, 167, true, true
12106, 855, 5619, 495, 161, 166, true, true
12114, 856, 5755, 604, 162, 165, true, true
12169, 859, 5756, 605, 163, 164, true, true
12187, 860, 5757, 606, 164, 163, true, true
12203, 861, 5759, 605, 164, 162, true, true
12264, 862, 5762, 606, 165, 162, true, true
12355, 864, 5762, 604, 164, 162, true, true
12621, 871, 5767, 606, 164, 157, true, true
12732, 876, 5769, 604, 165, 157, true, true
12753, 878, 5770, 604, 166, 158, true, true
12805, 881, 5771, 605, 167, 157, true, true
12824, 882, 5772, 606, 168, 156, true, true
13228, 895, 5773, 606, 169, 158, true, true
13250, 896, 5773, 605, 169, 158, true, true
13303, 898, 5774, 606, 170, 157, true, true
13317, 899, 5864, 676, 170, 157, true, true
13441, 902, 5864, 670, 169, 159, true, true
13578, 909, 5865, 668, 168, 159, true, true
13598, 911, 5867, 670, 169, 156, true, true
13622, 912, 5867, 668, 167, 156, true, true
13671, 914, 5869, 670, 168, 155, true, true
13693, 915, 5869, 669, 167, 155, true, true
13737, 917, 5870, 670, 168, 153, true, true
13894, 923, 5870, 666, 167, 154, true, true
13938, 924, 5870, 664, 167, 155, true, true
13948, 925, 5872, 666, 168, 154, true, true
14017, 926, 5872, 664, 167, 154, true, true
14064, 927, 5872, 663, 166, 155, true, true
14181, 931, 5872, 661, 164, 155, true, true
14194, 932, 5873, 662, 165, 155, true, true
14265, 936, 5875, 664, 166, 156, true, true
14404, 939, 5875, 663, 165, 158, true, true
14439, 940, 5875, 661, 164, 158, true, true
14476, 941, 5875, 660, 163, 158, true, true
14594, 943, 5875, 659, 163, 159, true, true
14611, 944, 5876, 660, 164, 154, true, true
14630, 945, 5876, 659, 163, 155, true, true
14797, 953, 5876, 655, 163, 157, true, true
14928, 958, 5876, 653, 162, 159, true, true
14974, 961, 5878, 655, 163, 158, true, true
15025, 964, 5878, 648, 163, 159, true, true
15062, 968, 5883, 653, 164, 160, true, true
15420, 977, 5886, 656, 165, 161, true, true
15481, 978, 5886, 654, 165, 162, true, true
15527, 981, 5886, 652, 164, 162, true, true
15586, 983, 5887, 653, 165, 161, true, true
15771, 992, 5888, 641, 166, 163, true, true
15796, 993, 5889, 642, 167, 161, true, true
15813, 994, 5890, 642, 167, 160, true, true
15984, 1001, 5890, 636, 167, 161, true, true
16088, 1006, 5894, 640, 168, 162, true, true
16112, 1007, 5896, 640, 169, 160, true, true
16183, 1011, 5897, 641, 170, 161, true, true
16335, 1015, 5897, 640, 170, 162, true, true
16472, 1020, 5898, 641, 171, 157, true, true
16544, 1023, 5900, 638, 172, 157, true, true
16610, 1026, 5900, 636, 171, 157, true, true
16622, 1027, 5901, 637, 172, 155, true, true
16705, 1030, 5901, 631, 171, 155, true, true
16791, 1033, 5901, 628, 170, 155, true, true
16855, 1036, 5902, 629, 171, 155, true, true
17480, 1059, 5903, 627, 172, 163, true, true
17497, 1060, 5904, 628, 173, 163, true, true
17567, 1062, 5904, 625, 172, 165, true, true
17677, 1068, 5904, 624, 171, 166, true, true
17871, 1077, 5904, 623, 170, 169, true, true
18172, 1086, 5910, 620, 168, 169, true, true
18299, 1092, 5911, 620, 168, 170, true, true
18408, 1096, 5912, 619, 169, 170, true, true
18695, 1106, 5914, 620, 170, 173, true, true
18716, 1107, 5916, 621, 171, 173, true, true
18942, 1115, 5916, 617, 170, 173, true, true
19062, 1118, 5917, 618, 171, 172, true, true
19138, 1120, 5918, 619, 172, 171, true, true
19220, 1122, 5919, 620, 173, 170, true, true
19326, 1126, 5920, 621, 174, 168, true, true
19347, 1128, 5922, 621, 174, 166, true, true
19438, 1131, 5922, 620, 173, 166, true, true
19454, 1133, 5968, 632, 173, 165, true, true
19570, 1137, 5968, 630, 171, 166, true, true
19624, 1139, 5969, 631, 172, 164, true, true
19782, 1142, 5969, 630, 171, 165, true, true
19864, 1144, 5969, 628, 171, 166, true, true
19902, 1145, 5969, 627, 170, 167, true, true
20056, 1152, 5969, 626, 169, 168, true, true
20077, 1153, 5970, 627, 170, 166, true, true
20110, 1154, 5972, 627, 171, 166, true, true
20297, 1161, 5972, 625, 171, 171, true, true
20532, 1167, 5973, 624, 171, 173, true, true
20611, 1169, 5981, 630, 172, 171, true, true
20713, 1172, 5984, 633, 173, 172, true, true
20953, 1177, 5988, 631, 174, 169, true, true
20993, 1178, 5989, 632, 175, 166, true, true
21301, 1190, 5989, 631, 174, 170, true, true
21326, 1191, 5990, 631, 174, 166, true, true
21438, 1194, 5990, 630, 173, 166, true, true
21450, 1195, 5991, 631, 174, 163, true, true
21546, 1200, 5992, 632, 175, 162, true, true
21657, 1205, 5993, 633, 176, 163, true, true
21697, 1206, 5994, 630, 176, 162, true, true
21754, 1209, 5999, 628, 177, 162, true, true
21849, 1212, 6001, 625, 177, 160, true, true
21867, 1213, 6003, 627, 178, 157, true, true
22192, 1220, 6009, 585, 178, 157, true, true
22352, 1224, 6009, 584, 177, 158, true, true
22429, 1227, 6009, 583, 176, 159, true, true
22491, 1230, 6011, 585, 177, 158, true, true
22882, 1236, 6011, 584, 177, 158, true, true
22927, 1238, 6013, 586, 178, 158, true, true
22999, 1243, 6014, 587, 179, 157, true, true
23126, 1247, 6014, 585, 178, 158, true, true
23328, 1252, 6014, 584, 177, 159, true, true
23360, 1253, 6014, 583, 177, 160, true, true
23383, 1254, 6014, 582, 177, 161, true, true
23395, 1255, 6015, 582, 178, 160, true, true
23646, 1263, 6015, 581, 177, 162, true, true
23731, 1268, 6015, 580, 176, 163, true, true
23883, 1275, 6016, 581, 177, 163, true, true
24201, 1285, 6017, 582, 178, 164, true, true
24530, 1296, 6018, 583, 179, 162, true, true
24620, 1302, 6018, 582, 179, 163, true, true
24716, 1307, 6022, 586, 180, 164, true, true
24732, 1308, 6023, 587, 181, 163, true, true
24853, 1311, 6026, 584, 181, 163, true, true
24885, 1312, 6028, 583, 182, 157, true, true
24901, 1313, 6030, 582, 183, 157, true, true
25000, 1316, 6032, 584, 184, 157, true, true
25046, 1317, 6032, 583, 184, 157, true, true
25178, 1323, 6035, 586, 185, 156, true, true
25248, 1325, 6035, 585, 184, 156, true, true
25348, 1328, 6035, 584, 183, 156, true, true
25428, 1331, 6035, 582, 183, 156, true, true
25485, 1334, 6036, 582, 184, 155, true, true
25505, 1335, 6040, 586, 185, 153, true, true
25935, 1348, 6042, 581, 185, 157, true, true
26374, 1367, 6043, 569, 186, 161, true, true
26435, 1369, 6043, 568, 185, 161, true, true
26471, 1370, 6043, 567, 184, 161, true, true
26531, 1374, 6044, 567, 185, 161, true, true
26547, 1376, 6045, 568, 186, 161, true, true
26672, 1381, 6045, 567, 185, 162, true, true
26879, 1388, 6047, 569, 186, 166, true, true
27044, 1391, 6047, 563, 185, 166, true, true
27064, 1392, 6057, 572, 185, 166, true, true
27180, 1395, 6057, 571, 184, 166, true, true
27207, 1396, 6059, 573, 185, 166, true, true
27336, 1399, 6059, 572, 185, 167, true, true
27348, 1400, 6061, 574, 186, 165, true, true
27408, 1402, 6062, 575, 187, 166, true, true
27507, 1405, 6062, 574, 186, 166, true, true
27555, 1407, 6063, 575, 187, 165, true, true
27677, 1411, 6064, 576, 188, 167, true, true
27728, 1412, 6065, 577, 189, 164, true, true
27826, 1416, 6066, 572, 189, 162, true, true
27876, 1418, 6067, 573, 190, 161, true, true
28214, 1430, 6068, 574, 191, 161, true, true
28228, 1431, 6070, 576, 192, 159, true, true
28540, 1442, 6070, 574, 191, 163, true, true
28671, 1447, 6071, 575, 192, 162, true, true
29034, 1461, 6071, 574, 192, 163, true, true
29092, 1463, 6073, 575, 193, 163, true, true
29161, 1465, 6076, 577, 193, 162, true, true
29392, 1474, 6076, 576, 192, 164, true, true
29523, 1483, 6079, 577, 193, 163, true, true
29767, 1493, 6081, 579, 194, 163, true, true
30036, 1500, 6089, 550, 195, 163, true, true
30546, 1516, 6089, 547, 195, 167, true, true
30743, 1519, 6089, 540, 194, 167, true, true
31180, 1535, 6089, 539, 193, 173, true, true
31360, 1539, 6090, 540, 194, 172, true, true
31447, 1542, 6091, 540, 194, 170, true, true
31529, 1545, 6091, 539, 193, 171, true, true
31674, 1550, 6092, 540, 194, 171, true, true
31755, 1553, 6093, 541, 195, 171, true, true
31786, 1554, 6093, 540, 195, 171, true, true
32041, 1559, 6093, 539, 194, 171, true, true
32066, 1560, 6095, 540, 194, 168, true, true
32092, 1561, 6095, 539, 193, 168, true, true
32130, 1564, 6097, 538, 192, 167, true, true
32202, 1568, 6097, 537, 191, 167, true, true
32256, 1569, 6097, 536, 190, 167, true, true
32281, 1570, 6098, 537, 191, 166, true, true
32623, 1582, 6098, 536, 190, 168, true, true
32673, 1583, 6098, 535, 189, 168, true, true
32844, 1586, 6098, 534, 188, 169, true, true
33080, 1596, 6099, 535, 189, 165, true, true
33165, 1601, 6100, 536, 190, 165, true, true
33181, 1604, 6101, 537, 191, 165, true, true
33228, 1606, 6101, 536, 191, 166, true, true
33433, 1615, 6110, 544, 192, 165, true, true
33447, 1616, 6111, 545, 193, 164, true, true
33477, 1617, 6112, 546, 194, 163, true, true
33543, 1621, 6114, 547, 194, 162, true, true
33669, 1630, 6115, 548, 195, 162, true, true
33686, 1631, 6115, 546, 194, 162, true, true
33711, 1635, 6117, 548, 195, 159, true, true
33976, 1642, 6121, 552, 196, 159, true, true
34289, 1650, 6121, 548, 195, 161, true, true
34437, 1655, 6122, 548, 195, 163, true, true
34520, 1657, 6124, 549, 196, 162, true, true
34647, 1662, 6125, 550, 197, 162, true, true
34847, 1669, 6130, 553, 197, 162, true, true
35177, 1680, 6131, 553, 198, 162, true, true
35637, 1691, 6132, 554, 199, 161, true, true
35775, 1693, 6132, 551, 198, 161, true, true
35834, 1695, 6132, 549, 197, 161, true, true
35908, 1696, 6132, 548, 196, 161, true, true
35945, 1697, 6132, 545, 195, 162, true, true
36211, 1704, 6133, 545, 195, 164, true, true
36236, 1706, 6134, 546, 196, 162, true, true
36403, 1712, 6134, 545, 195, 164, true, true
36717, 1719, 6136, 547, 196, 166, true, true
36768, 1723, 6137, 548, 197, 163, true, true
37209, 1731, 6137, 545, 196, 167, true, true
37254, 1733, 6137, 544, 195, 168, true, true
37394, 1736, 6137, 543, 194, 169, true, true
37498, 1739, 6137, 534, 194, 170, true, true
37705, 1745, 6138, 535, 195, 168, true, true
37781, 1748, 6140, 537, 196, 167, true, true
38008, 1754, 6140, 536, 196, 172, true, true
38023, 1755, 6143, 534, 195, 171, true, true
38186, 1761, 6143, 533, 194, 171, true, true
38370, 1764, 6143, 531, 194, 171, true, true
38401, 1765, 6143, 530, 193, 171, true, true
38716, 1772, 6143, 529, 192, 171, true, true
39175, 1785, 6143, 526, 191, 173, true, true
39567, 1798, 6143, 524, 190, 176, true, true
39707, 1803, 6143, 522, 189, 177, true, true
39926, 1810, 6147, 525, 190, 175, true, true
40336, 1821, 6148, 526, 191, 174, true, true
40384, 1822, 6148, 525, 190, 174, true, true
41126, 1835, 6148, 524, 189, 179, true, true
41339, 1842, 6150, 515, 188, 178, true, true
41577, 1848, 6150, 513, 187, 178, true, true
41774, 1854, 6152, 513, 188, 179, true, true
42239, 1863, 6155, 516, 189, 180, true, true
42292, 1865, 6155, 515, 188, 180, true, true
42357, 1866, 6155, 514, 187, 181, true, true
42553, 1871, 6155, 513, 186, 183, true, true
42597, 1874, 6155, 512, 185, 183, true, true
42636, 1876, 6178, 530, 185, 183, true, true
42840, 1883, 6179, 531, 186, 182, true, true
42944, 1886, 6179, 530, 185, 183, true, true
43099, 1890, 6179, 529, 185, 185, true, true
43268, 1902, 6179, 528, 184, 186, true, true
43378, 1906, 6179, 527, 183, 187, true, true
43423, 1907, 6179, 526, 182, 187, true, true
43601, 1913, 6180, 527, 183, 187, true, true
43875, 1922, 6181, 527, 184, 187, true, true
43956, 1925, 6189, 528, 185, 186, true, true
44174, 1934, 6190, 529, 186, 184, true, true
44245, 1936, 6196, 535, 187, 183, true, true
44404, 1943, 6196, 533, 186, 185, true, true
44448, 1944, 6196, 531, 185, 185, true, true
44560, 1946, 6198, 532, 185, 182, true, true
44893, 1952, 6198, 531, 184, 183, true, true
45053, 1955, 6198, 530, 183, 184, true, true
45357, 1968, 6199, 531, 184, 185, true, true
46298, 2001, 6200, 532, 185, 191, true, true
46377, 2003, 6200, 531, 184, 191, true, true
46393, 2004, 6201, 532, 185, 190, true, true
46630, 2011, 6202, 531, 185, 189, true, true
46803, 2017, 6203, 532, 186, 188, true, true
46831, 2018, 6203, 531, 185, 188, true, true
47218, 2027, 6204, 532, 186, 188, true, true
47361, 2031, 6204, 531, 185, 190, true, true
47556, 2037, 6204, 518, 184, 190, true, true
47651, 2039, 6205, 519, 185, 188, true, true
47757, 2044, 6206, 520, 186, 187, true, true
47842, 2047, 6206, 519, 185, 189, true, true
48719, 2070, 6207, 520, 186, 191, true, true
49010, 2080, 6208, 521, 187, 188, true, true
49053, 2082, 6210, 523, 188, 187, true, true
49071, 2083, 6212, 525, 189, 187, true, true
49114, 2084, 6212, 517, 188, 187, true, true
49156, 2087, 6212, 516, 187, 188, true, true
49246, 2088, 6212, 511, 187, 188, true, true
49993, 2108, 6212, 509, 186, 190, true, true
50126, 2112, 6212, 508, 186, 191, true, true
50260, 2118, 6212, 507, 186, 191, true, true
50480, 2124, 6213, 508, 187, 189, true, true
51275, 2143, 6213, 507, 186, 189, true, true
51306, 2144, 6215, 501, 186, 185, true, true
51329, 2145, 6216, 494, 186, 184, true, true
51481, 2148, 6216, 493, 185, 184, true, true
51928, 2160, 6216, 492, 185, 186, true, true
52186, 2168, 6217, 493, 186, 183, true, true
52262, 2169, 6217, 492, 186, 183, true, true
52522, 2178, 6219, 487, 187, 183, true, true
52677, 2184, 6220, 487, 187, 186, true, true
52727, 2186, 6266, 502, 186, 182, true, true
52987, 2194, 6267, 503, 187, 181, true, true
53337, 2205, 6269, 505, 188, 182, true, true
53518, 2213, 6269, 504, 188, 182, true, true
54093, 2233, 6270, 502, 188, 185, true, true
54262, 2238, 6270, 499, 187, 187, true, true
55060, 2264, 6270, 498, 187, 192, true, true
55104, 2266, 6271, 499, 188, 192, true, true
55224, 2273, 6272, 500, 189, 189, true, true
55441, 2280, 6273, 501, 190, 188, true, true
55567, 2284, 6273, 500, 190, 190, true, true
55593, 2285, 6274, 499, 190, 189, true, true
55679, 2289, 6274, 497, 189, 190, true, true
55727, 2291, 6274, 496, 188, 190, true, true
55930, 2301, 6275, 497, 189, 191, true, true
56203, 2308, 6278, 498, 189, 193, true, true
56338, 2312, 6278, 497, 188, 194, true, true
56411, 2314, 6279, 498, 189, 193, true, true
56476, 2316, 6281, 498, 188, 191, true, true
56538, 2320, 6281, 497, 187, 191, true, true
56900, 2330, 6281, 496, 186, 196, true, true
56914, 2332, 6282, 488, 186, 194, true, true
57089, 2336, 6282, 487, 185, 196, true, true
57239, 2340, 6283, 483, 186, 193, true, true
57331, 2342, 6284, 484, 187, 192, true, true
57551, 2349, 6284, 483, 186, 192, true, true
57575, 2351, 6284, 482, 185, 193, true, true
57985, 2364, 6284, 481, 184, 193, true, true
58186, 2371, 6293, 490, 185, 186, true, true
58294, 2374, 6308, 505, 186, 186, true, true
58726, 2387, 6308, 502, 185, 192, true, true
58915, 2394, 6309, 502, 185, 190, true, true
59191, 2403, 6321, 511, 184, 190, true, true
59399, 2410, 6323, 513, 185, 189, true, true
59529, 2414, 6325, 514, 186, 188, true, true
60366, 2429, 6325, 513, 186, 192, true, true
61116, 2440, 6326, 514, 187, 191, true, true
63176, 2475, 6327, 515, 188, 195, true, true
63260, 2479, 6328, 516, 189, 195, true, true
63336, 2483, 6334, 521, 190, 195, true, true
63630, 2492, 6334, 520, 189, 195, true, true
63772, 2496, 6336, 519, 190, 194, true, true
64082, 2505, 6337, 519, 190, 192, true, true
64244, 2508, 6338, 519, 191, 192, true, true
64437, 2512, 6338, 518, 190, 192, true, true
64642, 2516, 6338, 517, 189, 192, true, true
64804, 2520, 6338, 515, 189, 192, true, true
64938, 2524, 6338, 514, 189, 192, true, true
65299, 2536, 6338, 512, 188, 194, true, true
65477, 2541, 6339, 513, 189, 193, true, true
65601, 2548, 6340, 513, 190, 191, true, true
65751, 2554, 6341, 514, 191, 191, true, true
65950, 2559, 6350, 521, 191, 190, true, true
65980, 2561, 6350, 520, 190, 190, true, true
66091, 2563, 6350, 519, 190, 190, true, true
67127, 2590, 6350, 518, 190, 196, true, true
67226, 2593, 6351, 519, 191, 193, true, true
67338, 2596, 6351, 518, 191, 195, true, true
67812, 2609, 6352, 519, 192, 195, true, true
67996, 2611, 6352, 518, 191, 195, true, true
68398, 2621, 6352, 517, 190, 198, true, true
68731, 2631, 6354, 519, 191, 199, true, true
68907, 2636, 6354, 517, 190, 200, true, true
68980, 2638, 6354, 516, 189, 200, true, true
69010, 2639, 6354, 515, 188, 200, true, true
69557, 2654, 6354, 514, 187, 204, true, true
70264, 2673, 6354, 513, 186, 205, true, true
70297, 2674, 6355, 513, 187, 203, true, true
70625, 2685, 6357, 514, 187, 204, true, true
70721, 2689, 6358, 515, 188, 201, true, true
71046, 2701, 6360, 515, 188, 203, true, true
71125, 2703, 6361, 516, 189, 202, true, true
71460, 2712, 6362, 517, 190, 202, true, true
71646, 2717, 6363, 518, 191, 203, true, true
71854, 2724, 6363, 517, 190, 204, true, true
72268, 2734, 6366, 501, 191, 203, true, true
72870, 2747, 6367, 502, 192, 202, true, true
73079, 2752, 6368, 503, 193, 197, true, true
73503, 2757, 6370, 505, 194, 197, true, true
73618, 2759, 6370, 504, 193, 197, true, true
74450, 2764, 6372, 506, 194, 195, true, true
75091, 2765, 6372, 505, 193, 196, true, true
75200, 2770, 6373, 506, 194, 195, true, true
75216, 2771, 6374, 507, 195, 194, true, true
76048, 2791, 6377, 510, 196, 195, true, true
76082, 2793, 6377, 509, 195, 195, true, true
76111, 2794, 6380, 512, 196, 192, true, true
76306, 2801, 6385, 512, 196, 191, true, true
76356, 2804, 6385, 511, 195, 192, true, true
76676, 2817, 6386, 510, 196, 192, true, true
77299, 2836, 6386, 508, 196, 193, true, true
77825, 2854, 6386, 506, 196, 197, true, true
78164, 2864, 6386, 497, 195, 201, true, true
78453, 2875, 6387, 498, 196, 201, true, true
78484, 2876, 6392, 503, 197, 200, true, true
78595, 2880, 6393, 504, 198, 199, true, true
78642, 2881, 6393, 502, 198, 199, true, true
78917, 2887, 6393, 501, 197, 200, true, true
79002, 2889, 6393, 500, 197, 200, true, true
79281, 2895, 6393, 499, 196, 201, true, true
79498, 2901, 6393, 498, 195, 201, true, true
79651, 2907, 6393, 497, 194, 201, true, true
80154, 2925, 6394, 497, 195, 202, true, true
80883, 2941, 6429, 532, 196, 205, true, true
80958, 2943, 6432, 535, 197, 200, true, true
81234, 2951, 6432, 534, 197, 200, true, true
81423, 2957, 6433, 522, 197, 200, true, true
82493, 2984, 6434, 523, 198, 205, true, true
82623, 2988, 6435, 524, 199, 205, true, true
83043, 3002, 6436, 525, 200, 205, true, true
83330, 3007, 6437, 526, 201, 202, true, true
83496, 3012, 6438, 527, 202, 197, true, true
83644, 3014, 6438, 526, 201, 197, true, true
84167, 3030, 6438, 525, 200, 198, true, true
85064, 3049, 6438, 515, 198, 202, true, true
85387, 3059, 6439, 516, 199, 200, true, true
85536, 3062, 6439, 512, 198, 201, true, true
86422, 3069, 6439, 510, 197, 201, true, true
86916, 3082, 6440, 505, 198, 201, true, true
87087, 3089, 6441, 506, 199, 200, true, true
87268, 3097, 6450, 514, 199, 200, true, true
87454, 3103, 6450, 513, 198, 200, true, true
88679, 3141, 6450, 512, 197, 206, true, true
88840, 3142, 6450, 509, 196, 206, true, true
89738, 3168, 6451, 510, 197, 209, true, true
90886, 3193, 6451, 509, 196, 212, true, true
90981, 3196, 6451, 507, 195, 212, true, true
91408, 3207, 6451, 506, 194, 214, true, true
93456, 3250, 6460, 515, 195, 215, true, true
93561, 3253, 6462, 517, 196, 213, true, true
93729, 3257, 6462, 516, 195, 213, true, true
94029, 3266, 6463, 517, 196, 213, true, true
94290, 3273, 6465, 519, 197, 212, true, true
94745, 3284, 6465, 518, 197, 214, true, true
94769, 3285, 6466, 516, 196, 210, true, true
94782, 3286, 6467, 517, 197, 209, true, true
94979, 3293, 6467, 516, 197, 210, true, true
95318, 3302, 6468, 517, 198, 210, true, true
95482, 3306, 6468, 516, 197, 213, true, true
95523, 3307, 6468, 515, 196, 213, true, true
95549, 3308, 6473, 518, 197, 212, true, true
95696, 3311, 6474, 518, 197, 211, true, true
96029, 3322, 6476, 520, 198, 208, true, true
96077, 3324, 6476, 519, 197, 208, true, true
96167, 3327, 6479, 516, 197, 206, true, true
96209, 3328, 6479, 514, 196, 206, true, true
96657, 3339, 6479, 513, 196, 208, true, true
96716, 3340, 6479, 512, 195, 208, true, true
97928, 3364, 6479, 511, 194, 210, true, true
98313, 3368, 6479, 510, 194, 210, true, true
99299, 3394, 6483, 512, 194, 210, true, true
99393, 3398, 6483, 510, 193, 211, true, true
99732, 3406, 6486, 512, 194, 209, true, true
99757, 3407, 6487, 513, 195, 208, true, true
99778, 3408, 6490, 514, 195, 206, true, true
100079, 3414, 6491, 515, 196, 205, true, true
100178, 3416, 6491, 514, 195, 205, true, true
100451, 3422, 6491, 513, 194, 206, true, true
100707, 3429, 6493, 515, 195, 204, true, true
100872, 3433, 6494, 506, 195, 203, true, true
101050, 3441, 6495, 507, 196, 202, true, true
101257, 3448, 6495, 506, 195, 202, true, true
101291, 3450, 6496, 507, 196, 201, true, true
101345, 3451, 6496, 505, 195, 201, true, true
101565, 3457, 6496, 504, 194, 202, true, true
101911, 3465, 6497, 505, 195, 201, true, true
101964, 3467, 6498, 506, 196, 199, true, true
102509, 3475, 6499, 504, 197, 197, true, true
103285, 3498, 6499, 503, 196, 198, true, true
103409, 3499, 6499, 502, 195, 198, true, true
103554, 3504, 6505, 508, 196, 193, true, true
103570, 3506, 6506, 509, 197, 188, true, true
103588, 3507, 6507, 508, 198, 187, true, true
103602, 3508, 6508, 509, 199, 183, true, true
104245, 3524, 6508, 507, 198, 187, true, true
105031, 3536, 6508, 503, 197, 187, true, true
105305, 3542, 6508, 502, 196, 188, true, true
105673, 3550, 6509, 502, 197, 187, true, true
106255, 3561, 6509, 501, 197, 187, true, true
107121, 3584, 6512, 504, 198, 182, true, true
107338, 3590, 6512, 503, 197, 182, true, true
107415, 3594, 6514, 496, 198, 181, true, true
107524, 3597, 6516, 498, 199, 180, true, true
107994, 3608, 6517, 497, 200, 181, true, true
108756, 3629, 6517, 495, 199, 188, true, true
109805, 3652, 6517, 494, 198, 190, true, true
109998, 3654, 6519, 495, 199, 187, true, true
110139, 3658, 6522, 493, 199, 186, true, true
110427, 3666, 6522, 491, 199, 188, true, true
112308, 3699, 6523, 492, 200, 190, true, true
112388, 3703, 6524, 486, 200, 189, true, true
112589, 3709, 6524, 485, 199, 190, true, true
112612, 3710, 6525, 486, 200, 188, true, true
113290, 3732, 6526, 486, 201, 186, true, true
113334, 3733, 6526, 485, 200, 186, true, true
113460, 3737, 6527, 483, 201, 184, true, true
113715, 3745, 6527, 481, 200, 184, true, true
113875, 3750, 6528, 477, 201, 182, true, true
114132, 3758, 6528, 476, 200, 183, true, true
114161, 3759, 6529, 477, 201, 182, true, true
114512, 3770, 6530, 478, 202, 181, true, true
114745, 3778, 6531, 479, 203, 181, true, true
115795, 3804, 6531, 478, 202, 182, true, true
115810, 3806, 6532, 479, 203, 181, true, true
116134, 3819, 6534, 475, 203, 178, true, true
116715, 3833, 6534, 474, 202, 180, true, true
116772, 3835, 6534, 472, 202, 180, true, true
117291, 3847, 6534, 471, 201, 181, true, true
117901, 3858, 6534, 470, 200, 183, true, true
118752, 3875, 6535, 470, 200, 182, true, true
119076, 3883, 6535, 469, 200, 183, true, true
119807, 3899, 6536, 466, 201, 183, true, true
120112, 3907, 6536, 463, 199, 184, true, true
120319, 3913, 6536, 460, 197, 184, true, true
120744, 3920, 6550, 474, 198, 183, true, true
121694, 3939, 6550, 473, 197, 183, true, true
122486, 3943, 6551, 466, 197, 178, true, true
124312, 3959, 6551, 464, 195, 178, true, true
124731, 3966, 6551, 463, 194, 178, true, true
125724, 3980, 6551, 462, 193, 180, true, true
125865, 3984, 6552, 463, 194, 179, true, true
126003, 3987, 6554, 464, 195, 177, true, true
126321, 3993, 6554, 462, 194, 179, true, true
126706, 3999, 6554, 461, 193, 179, true, true
127022, 4008, 6554, 460, 192, 179, true, true
128511, 4053, 6555, 461, 193, 182, true, true
128843, 4062, 6556, 462, 194, 182, true, true
129070, 4068, 6556, 461, 194, 183, true, true
129656, 4083, 6556, 460, 193, 183, true, true
129928, 4090, 6557, 461, 194, 181, true, true
130047, 4094, 6558, 461, 194, 178, true, true
131042, 4123, 6559, 462, 195, 178, true, true
131463, 4134, 6560, 463, 196, 177, true, true
131553, 4136, 6561, 463, 196, 176, true, true
132051, 4146, 6561, 462, 195, 176, true, true
133210, 4166, 6561, 461, 194, 179, true, true
133694, 4174, 6561, 460, 193, 180, true, true
134060, 4181, 6563, 462, 194, 174, true, true
134281, 4185, 6563, 461, 194, 174, true, true
135402, 4208, 6564, 462, 195, 172, true, true
136387, 4224, 6565, 463, 196, 171, true, true
137908, 4248, 6565, 461, 195, 174, true, true
139975, 4297, 6565, 460, 194, 180, true, true
140486, 4308, 6566, 460, 194, 179, true, true
141131, 4323, 6569, 463, 195, 180, true, true
141524, 4331, 6572, 466, 196, 175, true, true
141702, 4335, 6574, 467, 196, 174, true, true
142136, 4346, 6574, 466, 195, 175, true, true
142350, 4352, 6575, 467, 196, 172, true, true
142418, 4354, 6576, 468, 197, 172, true, true
142563, 4358, 6576, 467, 196, 173, true, true
142713, 4362, 6577, 468, 197, 167, true, true
142849, 4365, 6577, 464, 196, 167, true, true
144456, 4400, 6577, 463, 195, 169, true, true
144814, 4410, 6577, 462, 194, 169, true, true
145795, 4434, 6579, 464, 195, 169, true, true
146238, 4444, 6579, 461, 194, 171, true, true
146468, 4449, 6579, 455, 193, 172, true, true
147650, 4473, 6579, 453, 193, 176, true, true
147722, 4475, 6599, 473, 194, 175, true, true
148555, 4492, 6601, 474, 194, 176, true, true
148770, 4495, 6601, 472, 193, 176, true, true
148933, 4498, 6603, 474, 194, 176, true, true
149339, 4507, 6603, 473, 193, 176, true, true
149518, 4512, 6604, 474, 194, 176, true, true
150299, 4530, 6604, 463, 194, 178, true, true
152244, 4566, 6604, 462, 194, 181, true, true
152384, 4568, 6604, 461, 193, 181, true, true
152904, 4576, 6604, 459, 192, 183, true, true
154267, 4601, 6605, 460, 193, 185, true, true
154757, 4609, 6605, 459, 192, 187, true, true
154821, 4610, 6605, 458, 191, 187, true, true
154960, 4614, 6605, 456, 191, 189, true, true
155276, 4623, 6606, 457, 192, 186, true, true
156025, 4646, 6607, 457, 192, 185, true, true
156122, 4648, 6608, 458, 193, 184, true, true
156175, 4649, 6609, 459, 194, 183, true, true
156236, 4651, 6611, 461, 195, 180, true, true
156300, 4652, 6611, 454, 195, 180, true, true
156424, 4655, 6615, 458, 196, 176, true, true
156785, 4665, 6615, 457, 195, 177, true, true
157646, 4683, 6615, 456, 194, 178, true, true
158392, 4699, 6616, 457, 195, 177, true, true
159745, 4726, 6616, 456, 194, 178, true, true
160781, 4748, 6618, 458, 195, 178, true, true
160830, 4749, 6618, 454, 194, 178, true, true
161106, 4757, 6619, 450, 194, 178, true, true
161159, 4760, 6620, 451, 195, 177, true, true
161871, 4772, 6622, 452, 196, 171, true, true
163572, 4804, 6622, 449, 195, 172, true, true
164035, 4814, 6622, 446, 194, 172, true, true
165294, 4835, 6634, 455, 194, 173, true, true
165378, 4837, 6635, 456, 195, 171, true, true
165556, 4841, 6635, 455, 194, 171, true, true
166696, 4863, 6636, 456, 195, 171, true, true
167510, 4875, 6636, 454, 194, 174, true, true
167969, 4884, 6637, 455, 195, 173, true, true
168120, 4888, 6637, 454, 194, 175, true, true
168178, 4889, 6637, 453, 193, 175, true, true
168974, 4900, 6637, 451, 193, 176, true, true
169076, 4903, 6638, 452, 194, 174, true, true
169837, 4914, 6638, 451, 193, 174, true, true
170238, 4923, 6643, 454, 194, 175, true, true
171239, 4945, 6643, 453, 193, 175, true, true
171576, 4952, 6643, 452, 192, 177, true, true
172023, 4965, 6644, 453, 193, 175, true, true
174558, 5015, 6645, 454, 194, 179, true, true
176231, 5052, 6645, 453, 193, 181, true, true
177451, 5074, 6645, 452, 192, 184, true, true
178741, 5100, 6645, 451, 191, 185, true, true
178875, 5103, 6646, 451, 191, 182, true, true
179491, 5115, 6651, 455, 192, 180, true, true
180833, 5142, 6654, 457, 193, 180, true, true
181036, 5146, 6655, 458, 194, 179, true, true
181283, 5150, 6655, 457, 193, 179, true, true
181365, 5152, 6658, 460, 194, 178, true, true
181568, 5156, 6658, 458, 192, 178, true, true
182055, 5164, 6658, 457, 191, 178, true, true
182090, 5165, 6658, 456, 190, 178, true, true
182925, 5178, 6664, 462, 191, 177, true, true
183682, 5187, 6665, 459, 192, 175, true, true
183845, 5191, 6666, 460, 193, 174, true, true
183951, 5194, 6666, 459, 192, 174, true, true
184518, 5202, 6667, 460, 193, 173, true, true
184899, 5209, 6695, 469, 194, 171, true, true
186192, 5229, 6698, 472, 195, 172, true, true
186253, 5230, 6714, 488, 196, 171, true, true
186823, 5243, 6715, 489, 197, 166, true, true
186958, 5248, 6716, 490, 198, 164, true, true
187516, 5259, 6716, 489, 197, 164, true, true
187895, 5272, 6718, 491, 198, 163, true, true
188161, 5278, 6718, 490, 197, 163, true, true
188630, 5286, 6720, 490, 198, 162, true, true
188695, 5290, 6721, 491, 199, 158, true, true
188965, 5297, 6721, 490, 199, 158, true, true
189046, 5298, 6722, 491, 200, 157, true, true
189794, 5314, 6722, 490, 199, 158, true, true
191458, 5346, 6722, 489, 198, 160, true, true
192033, 5358, 6733, 498, 198, 160, true, true
192377, 5365, 6734, 499, 199, 160, true, true
192397, 5366, 6736, 501, 200, 159, true, true
192595, 5375, 6766, 531, 201, 158, true, true
192839, 5379, 6766, 530, 200, 158, true, true
192997, 5385, 6767, 531, 201, 159, true, true
195719, 5428, 6767, 530, 200, 163, true, true
196071, 5433, 6767, 529, 199, 163, true, true
196412, 5442, 6768, 530, 200, 156, true, true
196649, 5449, 6769, 531, 201, 157, true, true
198660, 5484, 6769, 530, 200, 157, true, true
200130, 5507, 6769, 529, 199, 157, true, true
200485, 5517, 6769, 528, 199, 158, true, true
201499, 5529, 6769, 527, 198, 158, true, true
201587, 5533, 6770, 528, 199, 151, true, true
201971, 5539, 6770, 527, 198, 151, true, true
203036, 5561, 6771, 528, 199, 150, true, true
203514, 5573, 6771, 527, 198, 152, true, true
209527, 5684, 6772, 528, 199, 154, true, true
209625, 5686, 6772, 527, 198, 154, true, true
210646, 5707, 6772, 522, 198, 157, true, true
211201, 5716, 6774, 524, 199, 159, true, true
212461, 5740, 6774, 523, 198, 159, true, true
212582, 5742, 6775, 524, 199, 158, true, true
212943, 5748, 6775, 523, 198, 158, true, true
213055, 5751, 6775, 521, 197, 160, true, true
213818, 5767, 6775, 520, 196, 161, true, true
214004, 5771, 6775, 517, 195, 161, true, true
217487, 5821, 6775, 516, 194, 162, true, true
219598, 5863, 6777, 517, 195, 163, true, true
219628, 5864, 6778, 517, 196, 160, true, true
219903, 5872, 6778, 516, 195, 161, true, true
219930, 5875, 6778, 514, 193, 161, true, true
220289, 5882, 6779, 515, 194, 158, true, true
220358, 5884, 6780, 516, 195, 157, true, true
222206, 5920, 6782, 518, 196, 159, true, true
222362, 5925, 6783, 519, 197, 156, true, true
222502, 5929, 6783, 517, 196, 156, true, true
222750, 5935, 6783, 515, 195, 156, true, true
223410, 5951, 6784, 516, 196, 155, true, true
224547, 5972, 6785, 517, 197, 155, true, true
225140, 5980, 6785, 516, 196, 155, true, true
226247, 6000, 6785, 515, 195, 157, true, true
229196, 6050, 6786, 516, 196, 158, true, true
229968, 6070, 6786, 514, 196, 160, true, true
230026, 6071, 6786, 511, 194, 160, true, true
230330, 6079, 6787, 512, 195, 160, true, true
231248, 6094, 6787, 511, 194, 160, true, true
231387, 6097, 6787, 510, 193, 161, true, true
232040, 6109, 6788, 511, 194, 161, true, true
232800, 6119, 6788, 510, 193, 163, true, true
234067, 6142, 6791, 507, 193, 161, true, true
234173, 6143, 6791, 506, 192, 162, true, true
235523, 6171, 6791, 505, 191, 162, true, true
235882, 6182, 6803, 517, 192, 162, true, true
237644, 6210, 6804, 516, 191, 164, true, true
238433, 6221, 6804, 515, 190, 164, true, true
238946, 6229, 6806, 517, 191, 162, true, true
239226, 6238, 6807, 518, 192, 162, true, true
240354, 6255, 6807, 517, 191, 163, true, true
241412, 6273, 6809, 508, 191, 162, true, true
242986, 6300, 6810, 509, 192, 162, true, true
243287, 6305, 6814, 508, 193, 160, true, true
243954, 6316, 6816, 510, 194, 155, true, true
244582, 6329, 6817, 511, 195, 154, true, true
245164, 6341, 6817, 509, 194, 155, true, true
246230, 6364, 6818, 510, 195, 154, true, true
247301, 6384, 6818, 509, 194, 155, true, true
247774, 6393, 6818, 508, 193, 156, true, true
248170, 6399, 6820, 510, 194, 155, true, true
250405, 6440, 6821, 510, 194, 154, true, true
251146, 6457, 6822, 511, 195, 154, true, true
251340, 6461, 6822, 510, 194, 154, true, true
252419, 6481, 6822, 509, 193, 154, true, true
253743, 6502, 6822, 508, 193, 155, true, true
256500, 6561, 6823, 509, 194, 153, true, true
256553, 6565, 6825, 511, 195, 151, true, true
257185, 6580, 6825, 510, 195, 152, true, true
258179, 6596, 6826, 511, 196, 152, true, true
258429, 6601, 6826, 508, 196, 152, true, true
258499, 6605, 6827, 509, 197, 152, true, true
258558, 6606, 6848, 530, 198, 151, true, true
258652, 6609, 6855, 537, 199, 151, true, true
260992, 6657, 6855, 536, 199, 152, true, true
261016, 6658, 6860, 541, 200, 151, true, true
261139, 6660, 6860, 540, 199, 151, true, true
261472, 6666, 6860, 539, 198, 152, true, true
264092, 6711, 6860, 538, 197, 159, true, true
264136, 6712, 6860, 537, 196, 159, true, true
267077, 6763, 6860, 536, 196, 160, true, true
267903, 6779, 6860, 535, 195, 161, true, true
268722, 6801, 6861, 536, 196, 159, true, true
270539, 6834, 6861, 535, 195, 161, true, true
270567, 6835, 6862, 536, 196, 158, true, true
272105, 6870, 6862, 535, 195, 159, true, true
273322, 6898, 6862, 534, 194, 159, true, true
274244, 6915, 6863, 535, 195, 160, true, true
275050, 6933, 6863, 534, 194, 160, true, true
275311, 6938, 6863, 532, 193, 160, true, true
277520, 6985, 6863, 529, 192, 162, true, true
279878, 7013, 6863, 528, 191, 164, true, true
279987, 7017, 6863, 526, 190, 164, true, true
280288, 7022, 6867, 528, 191, 154, true, true
281797, 7043, 6867, 527, 190, 156, true, true
282242, 7048, 6869, 529, 191, 155, true, true
283665, 7076, 6869, 528, 190, 157, true, true
284822, 7101, 6869, 527, 189, 159, true, true
291280, 7213, 6872, 528, 189, 169, true, true
291384, 7215, 6873, 522, 189, 165, true, true
291504, 7218, 6873, 520, 188, 165, true, true
291592, 7220, 6873, 519, 187, 165, true, true
292103, 7229, 6882, 528, 188, 164, true, true
293057, 7246, 6884, 530, 189, 162, true, true
293094, 7247, 6884, 526, 189, 162, true, true
293786, 7260, 6884, 525, 188, 162, true, true
294139, 7266, 6884, 524, 187, 162, true, true
296023, 7299, 6885, 524, 188, 161, true, true
297855, 7330, 6886, 525, 189, 156, true, true
301038, 7392, 6886, 524, 188, 157, true, true
301209, 7396, 6886, 523, 187, 157, true, true
304234, 7448, 6886, 522, 186, 160, true, true
304813, 7459, 6889, 525, 187, 158, true, true
306969, 7501, 6890, 526, 188, 159, true, true
309425, 7544, 6891, 527, 189, 158, true, true
310493, 7565, 6891, 525, 188, 159, true, true
312282, 7600, 6892, 526, 189, 155, true, true
314998, 7650, 6893, 521, 187, 155, true, true
315160, 7653, 6893, 520, 187, 155, true, true
316559, 7682, 6893, 519, 186, 156, true, true
317837, 7707, 6893, 518, 185, 158, true, true
318198, 7716, 6893, 517, 184, 158, true, true
320550, 7761, 6893, 515, 184, 161, true, true
321274, 7781, 6893, 512, 182, 162, true, true
323704, 7835, 6894, 513, 183, 162, true, true
329470, 7951, 6894, 512, 182, 170, true, true
329540, 7953, 6895, 513, 183, 167, true, true
330232, 7965, 6895, 511, 183, 167, true, true
330682, 7976, 6896, 512, 184, 166, true, true
330891, 7981, 6897, 513, 185, 165, true, true
331004, 7982, 6897, 512, 184, 165, true, true
332305, 8021, 6897, 511, 183, 168, true, true
334677, 8067, 6897, 510, 182, 171, true, true
335678, 8094, 6906, 513, 183, 172, true, true
336260, 8103, 6908, 514, 184, 171, true, true
337232, 8121, 6909, 515, 185, 170, true, true
338046, 8135, 6909, 511, 184, 170, true, true
340429, 8179, 6909, 510, 183, 172, true, true
340553, 8181, 6909, 509, 182, 172, true, true
341712, 8209, 6909, 508, 181, 174, true, true
345307, 8259, 6912, 511, 182, 173, true, true
347616, 8303, 6912, 510, 181, 177, true, true
348503, 8325, 6912, 509, 180, 179, true, true
348626, 8327, 6915, 512, 181, 178, true, true
349674, 8347, 6916, 513, 182, 179, true, true
357040, 8493, 6916, 511, 182, 186, true, true
357227, 8497, 6916, 510, 181, 186, true, true
358496, 8526, 6917, 511, 182, 187, true, true
358530, 8527, 6918, 512, 183, 184, true, true
359586, 8547, 6918, 511, 182, 187, true, true
363814, 8617, 6919, 512, 183, 189, true, true
364101, 8624, 6920, 513, 184, 188, true, true
365636, 8661, 6920, 510, 182, 189, true, true
366557, 8681, 6920, 509, 181, 189, true, true
367619, 8704, 6920, 508, 180, 190, true, true
367824, 8708, 6921, 509, 181, 189, true, true
372233, 8788, 6922, 510, 182, 192, true, true
372788, 8799, 6923, 511, 183, 187, true, true
373990, 8829, 6923, 510, 183, 189, true, true
375584, 8855, 6923, 509, 182, 189, true, true
376331, 8869, 6924, 508, 182, 187, true, true
376803, 8877, 6927, 511, 183, 186, true, true
378205, 8909, 6928, 512, 184, 185, true, true
378516, 8916, 6928, 511, 183, 185, true, true
379230, 8935, 6928, 510, 182, 186, true, true
379996, 8946, 6930, 512, 183, 186, true, true
380274, 8950, 6930, 510, 181, 186, true, true
380459, 8953, 6932, 512, 182, 185, true, true
381522, 8972, 6937, 516, 182, 184, true, true
384537, 9035, 6942, 521, 183, 184, true, true
384774, 9041, 6942, 517, 182, 184, true, true
387766, 9095, 6942, 513, 180, 185, true, true
388186, 9105, 6944, 515, 181, 185, true, true
389047, 9127, 6945, 516, 182, 181, true, true
390077, 9144, 6946, 516, 182, 182, true, true
390518, 9152, 6946, 515, 181, 182, true, true
390828, 9154, 6946, 514, 180, 182, true, true
391119, 9160, 6946, 513, 179, 182, true, true
394210, 9211, 6947, 514, 180, 186, true, true
394835, 9225, 6947, 513, 179, 189, true, true
397763, 9281, 6947, 512, 178, 193, true, true
399356, 9314, 6948, 513, 179, 193, true, true
400421, 9331, 6948, 512, 178, 194, true, true
401214, 9343, 6948, 511, 177, 194, true, true
410289, 9507, 6953, 513, 176, 200, true, true
411396, 9537, 6953, 512, 175, 201, true, true
412019, 9550, 6954, 513, 176, 200, true, true
415622, 9636, 6962, 521, 177, 201, true, true
416726, 9657, 6962, 520, 176, 202, true, true
417700, 9679, 6962, 519, 175, 202, true, true
419774, 9728, 6963, 520, 176, 201, true, true
419824, 9729, 6963, 517, 175, 201, true, true
420256, 9739, 6964, 518, 176, 203, true, true
422049, 9769, 6966, 520, 177, 201, true, true
423888, 9799, 6967, 521, 178, 203, true, true
425033, 9830, 6968, 522, 179, 197, true, true
429479, 9936, 6968, 521, 178, 201, true, true
429717, 9941, 6968, 520, 177, 201, true, true
433251, 10018, 6968, 519, 176, 206, true, true
433278, 10019, 6969, 520, 177, 204, true, true
433339, 10020, 6969, 509, 177, 204, true, true
434955, 10043, 6970, 510, 178, 203, true, true
439475, 10128, 6971, 511, 179, 204, true, true
439641, 10133, 6972, 512, 180, 203, true, true
440191, 10150, 6972, 511, 179, 203, true, true
443813, 10231, 6972, 510, 178, 208, true, true
444124, 10237, 6972, 509, 177, 208, true, true
445763, 10284, 6973, 510, 178, 208, true, true
450592, 10391, 6973, 508, 177, 213, true, true
450762, 10395, 6974, 509, 178, 212, true, true
451904, 10421, 6974, 508, 177, 213, true, true
452929, 10446, 6982, 515, 177, 202, true, true
455217, 10519, 6984, 517, 178, 200, true, true
458390, 10598, 6984, 516, 177, 201, true, true
459958, 10632, 6985, 517, 178, 200, true, true
461354, 10654, 6985, 515, 177, 201, true, true
462249, 10671, 6985, 514, 176, 201, true, true
464120, 10714, 6985, 513, 175, 201, true, true
464465, 10722, 6985, 510, 174, 201, true, true
464518, 10724, 6985, 509, 173, 201, true, true
465930, 10762, 6985, 508, 172, 202, true, true
466060, 10767, 6986, 509, 173, 200, true, true
466455, 10775, 6988, 511, 174, 199, true, true
468907, 10827, 6989, 512, 175, 201, true, true
469807, 10848, 6990, 513, 176, 198, true, true
469875, 10850, 6992, 513, 177, 196, true, true
471726, 10888, 7240, 755, 178, 195, true, true
471769, 10889, 7241, 756, 179, 194, true, true
477571, 11019, 7242, 756, 180, 200, true, true
478382, 11034, 7242, 754, 178, 200, true, true
482501, 11134, 7243, 749, 179, 206, true, true
485387, 11194, 7243, 748, 178, 212, true, true
485963, 11206, 7244, 747, 179, 207, true, true
486238, 11211, 7284, 642, 179, 206, true, true
494702, 11353, 7289, 635, 180, 203, true, true
495544, 11372, 7289, 634, 180, 204, true, true
495680, 11377, 7290, 635, 181, 202, true, true
495770, 11380, 7291, 636, 182, 201, true, true
497101, 11409, 7292, 637, 183, 201, true, true
497522, 11417, 7292, 636, 182, 201, true, true
497828, 11424, 7292, 634, 181, 202, true, true
498209, 11431, 7292, 633, 180, 202, true, true
501368, 11498, 7296, 627, 180, 201, true, true
501427, 11499, 7297, 628, 181, 198, true, true
501721, 11505, 7298, 629, 182, 197, true, true
505186, 11583, 7299, 630, 183, 201, true, true
505359, 11584, 7299, 629, 182, 201, true, true
509580, 11645, 7299, 628, 181, 203, true, true
509714, 11649, 7300, 629, 182, 200, true, true
513112, 11733, 7300, 628, 181, 204, true, true
514682, 11771, 7303, 631, 182, 202, true, true
516041, 11797, 7303, 630, 181, 202, true, true
517991, 11840, 7304, 631, 182, 201, true, true
518124, 11843, 7304, 630, 182, 202, true, true
520750, 11892, 7305, 631, 183, 202, true, true
523903, 11961, 7305, 630, 182, 203, true, true
524269, 11972, 7305, 629, 181, 203, true, true
524540, 11980, 7305, 628, 181, 203, true, true
525133, 11995, 7305, 627, 180, 203, true, true
529129, 12087, 7305, 626, 179, 207, true, true
529450, 12095, 7306, 627, 180, 206, true, true
532156, 12156, 7307, 623, 180, 205, true, true
534028, 12203, 7307, 622, 179, 206, true, true
534979, 12220, 7310, 625, 180, 202, true, true
536963, 12268, 7310, 623, 179, 204, true, true
537561, 12285, 7311, 624, 180, 200, true, true
538434, 12306, 7311, 623, 179, 201, true, true
539679, 12337, 7311, 622, 178, 201, true, true
540473, 12356, 7312, 623, 179, 198, true, true
542099, 12389, 7313, 624, 180, 195, true, true
542302, 12392, 7313, 623, 180, 195, true, true
543552, 12418, 7313, 622, 179, 197, true, true
544725, 12443, 7316, 625, 180, 196, true, true
546146, 12473, 7317, 625, 180, 195, true, true
546247, 12474, 7317, 624, 179, 195, true, true
550979, 12548, 7317, 623, 178, 200, true, true
551804, 12565, 7317, 620, 177, 200, true, true
552459, 12586, 7317, 619, 176, 200, true, true
555342, 12663, 7318, 620, 177, 199, true, true
559019, 12732, 7318, 619, 176, 200, true, true
559347, 12739, 7318, 617, 175, 201, true, true
560970, 12776, 7320, 619, 176, 202, true, true
567554, 12887, 7321, 620, 177, 204, true, true
567711, 12891, 7321, 619, 176, 204, true, true
569712, 12934, 7321, 618, 175, 206, true, true
571921, 12983, 7322, 619, 176, 205, true, true
572982, 13004, 7322, 618, 176, 206, true, true
576186, 13070, 7322, 617, 175, 208, true, true
579803, 13150, 7326, 616, 176, 210, true, true
580462, 13167, 7327, 617, 177, 210, true, true
580905, 13176, 7327, 616, 176, 210, true, true
582087, 13207, 7327, 615, 175, 210, true, true
583647, 13242, 7328, 616, 176, 210, true, true
585719, 13288, 7328, 615, 175, 211, true, true
587542, 13329, 7328, 613, 173, 211, true, true
588739, 13359, 7330, 612, 173, 209, true, true
589116, 13369, 7330, 611, 173, 209, true, true
589223, 13372, 7332, 613, 174, 208, true, true
589367, 13375, 7333, 613, 174, 206, true, true
589580, 13381, 7333, 612, 173, 206, true, true
590292, 13399, 7333, 611, 172, 207, true, true
591043, 13414, 7333, 610, 171, 207, true, true
593180, 13459, 7333, 609, 170, 209, true, true
593715, 13475, 7373, 575, 170, 208, true, true
596626, 13544, 7373, 574, 169, 210, true, true
598969, 13612, 7374, 574, 169, 209, true, true
604026, 13718, 7374, 573, 168, 210, true, true
616590, 13956, 7379, 578, 169, 213, true, true
617054, 13967, 7380, 578, 169, 212, true, true
617385, 13976, 7380, 577, 168, 212, true, true
617574, 13978, 7380, 570, 167, 212, true, true
617740, 13983, 7380, 568, 166, 212, true, true
621345, 14046, 7381, 568, 166, 214, true, true
622907, 14051, 7381, 567, 165, 214, true, true
624574, 14086, 7381, 566, 164, 215, true, true
625004, 14097, 7381, 565, 164, 215, true, true
625696, 14118, 7381, 564, 163, 215, true, true
628861, 14192, 7381, 563, 162, 217, true, true
629358, 14204, 7387, 569, 163, 217, true, true
629391, 14205, 7388, 569, 163, 216, true, true
630141, 14219, 7388, 568, 162, 216, true, true
630536, 14228, 7388, 565, 161, 216, true, true
631052, 14241, 7390, 567, 162, 211, true, true
631207, 14247, 7391, 568, 163, 209, true, true
632358, 14267, 7392, 568, 164, 206, true, true
632500, 14269, 7394, 570, 165, 203, true, true
633976, 14303, 7395, 571, 166, 202, true, true
634210, 14308, 7395, 569, 165, 202, true, true
638307, 14374, 7396, 570, 166, 203, true, true
645292, 14533, 7396, 569, 165, 207, true, true
645426, 14536, 7398, 571, 166, 206, true, true
648846, 14608, 7398, 570, 165, 208, true, true
650950, 14650, 7399, 571, 166, 208, true, true
652173, 14675, 7400, 571, 166, 209, true, true
659525, 14839, 7401, 572, 167, 207, true, true
659897, 14844, 7402, 573, 168, 202, true, true
662108, 14890, 7403, 574, 169, 194, true, true
663396, 14924, 7405, 576, 170, 193, true, true
666251, 14988, 7407, 578, 171, 194, true, true
670602, 15085, 7411, 558, 172, 198, true, true
671125, 15092, 7411, 557, 171, 198, true, true
672593, 15124, 7415, 561, 172, 196, true, true
676143, 15194, 7415, 558, 171, 197, true, true
677606, 15225, 7416, 559, 172, 196, true, true
687017, 15408, 7417, 560, 173, 200, true, true
691151, 15486, 7417, 559, 172, 201, true, true
692450, 15512, 7418, 560, 173, 200, true, true
692607, 15516, 7418, 559, 172, 200, true, true
696132, 15579, 7427, 568, 173, 201, true, true
698512, 15631, 7427, 567, 172, 205, true, true
703255, 15737, 7427, 566, 171, 208, true, true
704374, 15755, 7428, 566, 171, 207, true, true
704729, 15760, 7428, 550, 169, 207, true, true
706192, 15785, 7434, 555, 170, 206, true, true
706678, 15796, 7435, 556, 171, 205, true, true
707012, 15798, 7436, 555, 171, 198, true, true
708223, 15825, 7437, 556, 172, 199, true, true
712189, 15896, 7446, 539, 172, 198, true, true
712359, 15899, 7446, 537, 171, 199, true, true
712722, 15909, 7446, 536, 170, 199, true, true
715613, 15974, 7446, 535, 170, 203, true, true
716812, 15996, 7450, 539, 171, 201, true, true
717646, 16017, 7451, 540, 172, 199, true, true
722509, 16108, 7452, 541, 173, 202, true, true
724004, 16144, 7453, 541, 173, 196, true, true
732134, 16271, 7454, 542, 174, 195, true, true
733364, 16293, 7454, 541, 174, 195, true, true
733641, 16299, 7454, 540, 173, 195, true, true
734496, 16320, 7454, 539, 172, 195, true, true
734910, 16329, 7454, 536, 172, 196, true, true
738572, 16394, 7454, 535, 171, 197, true, true
739074, 16404, 7454, 533, 170, 197, true, true
739553, 16411, 7454, 532, 169, 197, true, true
741680, 16450, 7454, 531, 168, 198, true, true
747177, 16559, 7480, 554, 168, 195, true, true
747807, 16569, 7480, 552, 168, 195, true, true
748121, 16582, 7485, 557, 169, 192, true, true
750791, 16646, 7485, 556, 168, 195, true, true
751772, 16667, 7495, 564, 169, 193, true, true
752102, 16675, 7496, 565, 170, 192, true, true
752667, 16685, 7497, 564, 171, 190, true, true
759796, 16815, 7497, 563, 170, 193, true, true
763089, 16887, 7497, 562, 169, 195, true, true
765017, 16931, 7497, 561, 168, 196, true, true
766496, 16966, 7497, 557, 167, 196, true, true
766775, 16973, 7498, 558, 168, 195, true, true
768834, 17010, 7499, 559, 169, 195, true, true
770365, 17042, 7500, 560, 170, 192, true, true
770717, 17048, 7500, 559, 169, 192, true, true
771877, 17071, 7500, 558, 168, 192, true, true
774954, 17119, 7501, 559, 169, 192, true, true
775052, 17123, 7502, 560, 170, 190, true, true
776630, 17157, 7503, 561, 171, 183, true, true
788304, 17392, 7507, 565, 172, 187, true, true
791248, 17440, 7509, 567, 173, 187, true, true
791929, 17453, 7510, 568, 174, 183, true, true
795746, 17533, 7513, 571, 175, 183, true, true
801368, 17654, 7513, 570, 174, 185, true, true
802017, 17670, 7513, 569, 173, 186, true, true
802983, 17692, 7513, 568, 172, 186, true, true
805426, 17733, 7513, 567, 171, 187, true, true
807624, 17779, 7513, 566, 170, 188, true, true
811902, 17877, 7514, 567, 171, 184, true, true
822248, 18062, 7515, 568, 172, 184, true, true
826011, 18153, 7515, 566, 171, 185, true, true
828116, 18199, 7516, 567, 172, 183, true, true
830787, 18259, 7522, 573, 173, 182, true, true
835571, 18336, 7522, 572, 172, 184, true, true
835657, 18339, 7522, 571, 171, 184, true, true
835772, 18342, 7522, 569, 169, 184, true, true
837120, 18389, 7523, 570, 170, 182, true, true
837328, 18392, 7523, 569, 169, 182, true, true
839846, 18446, 7525, 571, 170, 181, true, true
840091, 18450, 7526, 569, 171, 179, true, true
840242, 18453, 7526, 568, 171, 179, true, true
841916, 18491, 7527, 569, 172, 176, true, true
844304, 18542, 7528, 570, 173, 175, true, true
845783, 18584, 7528, 569, 172, 175, true, true
847568, 18617, 7528, 552, 172, 176, true, true
848773, 18639, 7528, 551, 171, 176, true, true
851493, 18706, 7528, 549, 170, 176, true, true
852729, 18733, 7532, 541, 170, 175, true, true
854448, 18776, 7532, 540, 169, 178, true, true
856673, 18825, 7539, 546, 170, 175, true, true
856841, 18829, 7540, 547, 171, 173, true, true
857908, 18854, 7540, 541, 171, 173, true, true
862804, 18945, 7541, 541, 172, 173, true, true
866830, 19049, 7541, 540, 171, 173, true, true
867126, 19054, 7541, 539, 170, 173, true, true
872300, 19156, 7542, 540, 171, 173, true, true
873248, 19188, 7542, 539, 170, 173, true, true
875107, 19231, 7542, 538, 169, 175, true, true
876763, 19262, 7542, 537, 168, 175, true, true
881107, 19377, 7542, 535, 167, 176, true, true
884613, 19461, 7542, 534, 167, 177, true, true
884988, 19469, 7553, 545, 168, 176, true, true
888194, 19542, 7554, 546, 169, 176, true, true
888944, 19559, 7554, 545, 168, 176, true, true
894814, 19700, 7554, 544, 167, 176, true, true
900862, 19839, 7556, 546, 168, 177, true, true
901175, 19847, 7556, 545, 167, 177, true, true
901740, 19864, 7556, 544, 166, 177, true, true
903214, 19906, 7556, 543, 165, 177, true, true
903392, 19911, 7557, 544, 166, 175, true, true
904305, 19941, 7560, 547, 167, 175, true, true
905486, 19976, 7570, 553, 168, 174, true, true
907342, 20016, 7571, 554, 169, 172, true, true
907586, 20023, 7572, 555, 170, 169, true, true
911057, 20103, 7574, 557, 171, 170, true, true
914806, 20151, 7574, 556, 170, 172, true, true
921989, 20321, 7574, 555, 169, 174, true, true
922211, 20327, 7575, 556, 170, 170, true, true
922804, 20344, 7575, 555, 169, 170, true, true
922854, 20348, 7575, 554, 168, 170, true, true
924455, 20373, 7575, 552, 167, 170, true, true
924469, 20374, 7576, 553, 168, 169, true, true
928209, 20467, 7576, 552, 167, 170, true, true
929330, 20504, 7577, 553, 168, 168, true, true
931950, 20562, 7577, 551, 168, 168, true, true
935295, 20626, 7577, 550, 167, 169, true, true
937440, 20667, 7577, 546, 166, 169, true, true
942263, 20768, 7620, 560, 167, 166, true, true
942580, 20776, 7621, 561, 168, 164, true, true
943604, 20794, 7622, 562, 169, 165, true, true
946216, 20850, 7622, 561, 168, 167, true, true
947553, 20885, 7623, 560, 169, 166, true, true
948097, 20898, 7623, 559, 168, 167, true, true
948438, 20904, 7629, 565, 169, 164, true, true
948623, 20908, 7629, 562, 168, 164, true, true
949949, 20931, 7629, 561, 167, 164, true, true
962403, 21160, 7630, 561, 167, 166, true, true
967986, 21276, 7635, 566, 168, 167, true, true
968959, 21300, 7635, 565, 167, 168, true, true
978004, 21473, 7636, 566, 168, 171, true, true
979113, 21498, 7636, 565, 167, 171, true, true
982512, 21561, 7638, 567, 168, 171, true, true
983330, 21575, 7638, 566, 167, 171, true, true
983421, 21577, 7638, 564, 166, 171, true, true
986628, 21649, 7645, 571, 167, 170, true, true
988696, 21691, 7646, 572, 168, 168, true, true
994625, 21823, 7646, 571, 167, 172, true, true
997943, 21883, 7648, 573, 168, 168, true, true
998395, 21894, 7650, 575, 169, 166, true, true
1002527, 21970, 7650, 574, 168, 167, true, true
1003124, 21982, 7650, 573, 167, 167, true, true
1005566, 22036, 7650, 572, 166, 170, true, true
1008657, 22105, 7656, 573, 166, 170, true, true
1010560, 22150, 7656, 572, 166, 170, true, true
1010932, 22158, 7656, 571, 165, 170, true, true
1012343, 22189, 7657, 569, 166, 169, true, true
1013263, 22213, 7659, 571, 167, 167, true, true
1016320, 22287, 7660, 572, 168, 167, true, true
1016868, 22297, 7661, 573, 169, 166, true, true
1017267, 22309, 7663, 575, 170, 165, true, true
1017528, 22321, 7664, 576, 171, 162, true, true
1018740, 22342, 7664, 575, 170, 162, true, true
1018970, 22347, 7664, 573, 169, 162, true, true
1019701, 22369, 7664, 572, 168, 162, true, true
1021646, 22427, 7665, 573, 169, 161, true, true
1031518, 22646, 7667, 575, 170, 164, true, true
1034605, 22728, 7668, 576, 171, 162, true, true
1035789, 22751, 7668, 573, 170, 163, true, true
1036987, 22771, 7668, 572, 169, 163, true, true
1037241, 22777, 7669, 573, 170, 160, true, true
1038494, 22801, 7669, 572, 169, 160, true, true
1040007, 22840, 7670, 573, 170, 156, true, true
1043806, 22921, 7670, 571, 169, 157, true, true
1045056, 22950, 7670, 569, 168, 157, true, true
1050912, 23089, 7671, 570, 169, 156, true, true
1051883, 23114, 7671, 569, 168, 157, true, true
1052930, 23128, 7672, 570, 169, 156, true, true
1055083, 23173, 7672, 569, 168, 156, true, true
1063546, 23360, 7673, 570, 169, 160, true, true
1063623, 23362, 7673, 568, 168, 160, true, true
1063952, 23371, 7673, 566, 167, 160, true, true
1065471, 23404, 7673, 564, 166, 160, true, true
1076272, 23636, 7674, 565, 167, 160, true, true
1081692, 23749, 7676, 567, 168, 161, true, true
1087767, 23858, 7677, 567, 168, 162, true, true
1094167, 23991, 7677, 546, 167, 164, true, true
1095631, 24025, 7678, 539, 168, 164, true, true
1096610, 24050, 7678, 537, 167, 165, true, true
1102395, 24175, 7679, 538, 168, 168, true, true
1105659, 24244, 7679, 537, 167, 170, true, true
1106160, 24259, 7679, 535, 167, 171, true, true
1111383, 24369, 7680, 536, 168, 171, true, true
1113663, 24426, 7680, 535, 167, 173, true, true
1114268, 24439, 7681, 536, 168, 166, true, true
1117077, 24513, 7682, 537, 169, 164, true, true
1117246, 24518, 7684, 539, 170, 161, true, true
1118402, 24537, 7684, 538, 170, 161, true, true
1121159, 24600, 7684, 537, 169, 161, true, true
1125647, 24694, 7685, 538, 170, 160, true, true
1128328, 24749, 7685, 537, 169, 160, true, true
1130096, 24798, 7686, 538, 170, 156, true, true
1131176, 24826, 7686, 537, 169, 156, true, true
1133478, 24878, 7686, 536, 169, 157, true, true
1136846, 24957, 7686, 535, 168, 160, true, true
1140537, 25030, 7720, 496, 169, 159, true, true
1146303, 25154, 7720, 495, 168, 160, true, true
1147542, 25178, 7720, 494, 167, 160, true, true
1149681, 25215, 7720, 493, 166, 161, true, true
1158917, 25374, 7737, 510, 167, 163, true, true
1160827, 25418, 7737, 509, 166, 164, true, true
1162746, 25466, 7740, 505, 167, 159, true, true
1163514, 25488, 7741, 506, 168, 153, true, true
1163941, 25496, 7741, 505, 167, 153, true, true
1164359, 25506, 7742, 506, 168, 152, true, true
1165641, 25529, 7742, 499, 168, 152, true, true
1170040, 25613, 7743, 500, 169, 153, true, true
1173984, 25696, 7744, 501, 170, 153, true, true
1181080, 25867, 7744, 497, 170, 155, true, true
1185545, 25961, 7744, 496, 169, 157, true, true
1186602, 25998, 7744, 495, 168, 158, true, true
1188604, 26035, 7745, 496, 169, 155, true, true
1195967, 26178, 7745, 495, 168, 158, true, true
1196824, 26199, 7745, 494, 167, 158, true, true
1208267, 26441, 7745, 487, 165, 162, true, true
1212941, 26538, 7745, 486, 164, 163, true, true
1225277, 26783, 7746, 487, 165, 162, true, true
1231978, 26882, 7747, 488, 166, 163, true, true
1233276, 26916, 7750, 491, 167, 162, true, true
1235157, 26968, 7750, 490, 166, 164, true, true
1237111, 27013, 7751, 491, 167, 162, true, true
1241776, 27120, 7751, 490, 166, 163, true, true
1244827, 27169, 7751, 489, 165, 163, true, true
1247390, 27236, 7752, 490, 166, 161, true, true
1263480, 27601, 7752, 487, 165, 163, true, true
1270965, 27774, 7752, 486, 164, 164, true, true
1275498, 27887, 7754, 488, 165, 163, true, true
1279880, 27994, 7754, 487, 165, 164, true, true
1282044, 28047, 7754, 486, 164, 165, true, true
1286658, 28136, 7756, 488, 165, 165, true, true
1291581, 28249, 7756, 487, 164, 168, true, true
1296420, 28363, 7758, 489, 165, 163, true, true
1297688, 28392, 7758, 488, 164, 166, true, true
1297823, 28395, 7759, 489, 165, 165, true, true
1303907, 28544, 7760, 490, 166, 165, true, true
1310939, 28696, 7761, 491, 167, 164, true, true
1311347, 28704, 7762, 491, 167, 163, true, true
1316474, 28843, 7762, 490, 166, 163, true, true
1316573, 28846, 7762, 489, 165, 163, true, true
1317390, 28866, 7763, 487, 166, 160, true, true
1323982, 29002, 7764, 488, 167, 160, true, true
1331526, 29189, 7764, 487, 166, 162, true, true
1334142, 29259, 7765, 488, 167, 160, true, true
1336216, 29305, 7774, 492, 165, 158, true, true
1349176, 29594, 7775, 493, 166, 160, true, true
1349234, 29595, 7776, 494, 167, 159, true, true
1350935, 29624, 7776, 493, 166, 159, true, true
1357077, 29762, 7776, 492, 165, 160, true, true
1360261, 29834, 7776, 491, 164, 160, true, true
1363398, 29904, 7777, 492, 165, 159, true, true
1367724, 30003, 7777, 491, 164, 162, true, true
1371082, 30071, 7777, 490, 163, 163, true, true
1371240, 30075, 7777, 488, 162, 163, true, true
1372252, 30094, 7778, 489, 163, 162, true, true
1374762, 30152, 7779, 490, 164, 159, true, true
1377710, 30207, 7779, 489, 163, 159, true, true
1378202, 30219, 7780, 490, 164, 158, true, true
1378911, 30238, 7781, 490, 165, 157, true, true
1379585, 30256, 7781, 489, 164, 157, true, true
1387701, 30447, 7783, 491, 165, 161, true, true
1387756, 30448, 7783, 490, 165, 161, true, true
1393033, 30556, 7783, 489, 164, 163, true, true
1397981, 30678, 7784, 490, 165, 164, true, true
1400154, 30726, 7785, 491, 166, 164, true, true
1401005, 30739, 7786, 492, 167, 163, true, true
1402598, 30776, 7787, 493, 168, 161, true, true
1402814, 30781, 7787, 492, 167, 161, true, true
1407197, 30861, 7787, 491, 166, 165, true, true
1412304, 30981, 7788, 492, 167, 162, true, true
1413270, 31005, 7788, 491, 166, 163, true, true
1415182, 31042, 7789, 491, 166, 161, true, true
1419750, 31135, 7791, 493, 167, 161, true, true
1420565, 31159, 7791, 492, 166, 161, true, true
1420818, 31166, 7791, 491, 166, 161, true, true
1422061, 31187, 7791, 490, 165, 161, true, true
1423829, 31226, 7791, 489, 165, 163, true, true
1426492, 31284, 7791, 487, 164, 164, true, true
1428639, 31330, 7792, 488, 165, 163, true, true
1430334, 31358, 7794, 490, 166, 161, true, true
1436747, 31483, 7794, 488, 165, 162, true, true
1438983, 31530, 7794, 487, 164, 162, true, true
1445762, 31686, 7794, 486, 163, 164, true, true
1450190, 31767, 7794, 484, 162, 164, true, true
1451155, 31798, 7795, 485, 163, 163, true, true
1452421, 31832, 7798, 488, 164, 161, true, true
1454476, 31888, 7798, 486, 163, 162, true, true
1455420, 31906, 7802, 490, 164, 161, true, true
1456233, 31920, 7803, 491, 165, 160, true, true
1461984, 32041, 7804, 492, 166, 159, true, true
1464111, 32090, 7804, 491, 165, 159, true, true
1471830, 32261, 7804, 490, 164, 160, true, true
1475320, 32327, 7804, 489, 163, 161, true, true
1484769, 32531, 7804, 484, 162, 164, true, true
1487072, 32581, 7804, 483, 161, 164, true, true
1488051, 32604, 7804, 482, 160, 165, true, true
1495150, 32746, 7806, 484, 161, 164, true, true
1500693, 32870, 7806, 483, 160, 164, true, true
1502496, 32909, 7806, 482, 159, 164, true, true
1503575, 32941, 7808, 484, 160, 162, true, true
1506930, 33020, 7808, 482, 159, 162, true, true
1510786, 33104, 7808, 477, 158, 162, true, true
1513212, 33155, 7810, 469, 159, 162, true, true
1514206, 33176, 7810, 467, 158, 163, true, true
1514733, 33187, 7810, 466, 157, 163, true, true
1515764, 33212, 7810, 465, 156, 163, true, true
1519022, 33288, 7811, 466, 157, 160, true, true
1519211, 33291, 7811, 465, 156, 160, true, true
1524983, 33450, 7811, 464, 155, 163, true, true
1526810, 33489, 7812, 465, 156, 161, true, true
1533109, 33589, 7812, 464, 155, 164, true, true
1534157, 33607, 7814, 466, 156, 160, true, true
1541027, 33752, 7815, 462, 156, 159, true, true
1541944, 33772, 7815, 461, 155, 159, true, true
1543161, 33800, 7815, 460, 154, 159, true, true
1551076, 33966, 7817, 462, 155, 157, true, true
1552310, 33995, 7820, 464, 155, 154, true, true
1560928, 34183, 7827, 471, 156, 154, true, true
1566039, 34318, 7827, 470, 155, 156, true, true
1573035, 34475, 7828, 470, 156, 156, true, true
1577026, 34555, 7828, 469, 155, 156, true, true
1578969, 34588, 7829, 470, 156, 155, true, true
1580600, 34633, 7830, 469, 157, 155, true, true
1583203, 34685, 7830, 468, 156, 155, true, true
1584295, 34710, 7830, 467, 155, 155, true, true
1589804, 34821, 7834, 471, 156, 154, true, true
1603017, 35087, 7835, 472, 157, 156, true, true
1603440, 35094, 7835, 471, 156, 156, true, true
1613425, 35317, 7835, 470, 155, 158, true, true
1615614, 35359, 7835, 469, 154, 159, true, true
1617802, 35404, 7836, 470, 155, 158, true, true
1653377, 36139, 7836, 469, 154, 165, true, true
1675136, 36592, 7836, 467, 154, 169, true, true
1675869, 36609, 7837, 468, 155, 166, true, true
1685720, 36836, 7843, 451, 156, 165, true, true
1701275, 37183, 7844, 450, 157, 168, true, true
1717936, 37488, 7862, 461, 157, 169, true, true
1718562, 37498, 7865, 462, 158, 168, true, true
1721964, 37540, 7866, 463, 159, 162, true, true
1742494, 37823, 7866, 461, 158, 167, true, true
1745438, 37859, 7867, 462, 159, 166, true, true
1756473, 37988, 7867, 461, 158, 166, true, true
1777614, 38206, 7870, 450, 159, 167, true, true
1778275, 38216, 7870, 449, 158, 168, true, true
1788255, 38315, 7870, 448, 157, 169, true, true
1795968, 38397, 7870, 446, 157, 171, true, true
1802335, 38462, 7870, 442, 157, 171, true, true
1848020, 39012, 7871, 443, 158, 172, true, true
1883635, 39462, 7872, 444, 159, 172, true, true
1896862, 39629, 7872, 443, 158, 172, true, true
1901369, 39678, 7872, 401, 157, 172, true, true
1907576, 39760, 7872, 400, 157, 172, true, true
1913277, 39834, 7872, 398, 156, 174, true, true
1931408, 40017, 7873, 399, 157, 174, true, true
1931647, 40022, 7874, 400, 158, 173, true, true
2007264, 40117, 7875, 401, 159, 173, true, true
2027573, 40339, 7888, 411, 160, 173, true, true
2030962, 40380, 7888, 409, 159, 173, true, true
2034975, 40428, 7888, 408, 159, 173, true, true
2067837, 40807, 7888, 407, 158, 174, true, true
2100005, 41159, 7889, 408, 159, 177, true, true
2101087, 41168, 7889, 405, 158, 177, true, true
2101696, 41174, 7889, 404, 157, 177, true, true
2132107, 41490, 7890, 405, 158, 180, true, true
2138238, 41561, 7892, 407, 159, 180, true, true
2138741, 41571, 7893, 408, 160, 179, true, true
2144701, 41639, 7894, 409, 161, 179, true, true
2165877, 41890, 7895, 410, 162, 176, true, true
2170375, 41944, 7895, 408, 161, 177, true, true
2195072, 42211, 7895, 407, 160, 178, true, true
2199314, 42263, 7895, 406, 159, 178, true, true
2206953, 42356, 7895, 405, 158, 179, true, true
2209747, 42391, 7895, 404, 157, 180, true, true
2209995, 42394, 7895, 403, 156, 180, true, true
2214387, 42444, 7895, 402, 155, 180, true, true
2223158, 42559, 7896, 403, 156, 174, true, true
2227434, 42608, 7897, 404, 157, 174, true, true
2228053, 42615, 7898, 405, 158, 171, true, true
2235944, 42739, 7898, 404, 157, 172, true, true
2247251, 42893, 7899, 404, 157, 171, true, true
2253118, 42991, 7899, 403, 156, 172, true, true
2257535, 43083, 7899, 400, 155, 173, true, true
2266305, 43288, 7899, 399, 154, 177, true, true
2268666, 43334, 7899, 398, 153, 177, true, true
2277287, 43549, 7900, 399, 154, 178, true, true
2281156, 43621, 7900, 398, 153, 180, true, true
2297377, 43996, 7901, 399, 154, 177, true, true
2297855, 44010, 7904, 402, 155, 176, true, true
2299082, 44044, 7904, 401, 154, 176, true, true
2299472, 44052, 7905, 402, 155, 174, true, true
2302022, 44116, 7906, 403, 156, 173, true, true
2302339, 44124, 7906, 402, 155, 173, true, true
2304979, 44180, 7906, 400, 155, 173, true, true
2318147, 44485, 7908, 402, 156, 172, true, true
2321590, 44565, 7909, 403, 157, 170, true, true
2341329, 45048, 7910, 397, 157, 173, true, true
2347778, 45186, 7911, 398, 158, 172, true, true
2348066, 45192, 7912, 399, 159, 171, true, true
2362479, 45463, 7912, 398, 158, 172, true, true
2376052, 45709, 7913, 399, 159, 170, true, true
2389699, 45959, 7913, 398, 158, 172, true, true
2393801, 46054, 7913, 397, 157, 172, true, true
2400659, 46214, 7913, 396, 156, 174, true, true
2414102, 46522, 7915, 398, 157, 175, true, true
2415145, 46543, 7915, 397, 156, 175, true, true
2417866, 46610, 7918, 400, 157, 174, true, true
2418707, 46630, 7918, 398, 156, 175, true, true
2422647, 46704, 7919, 399, 157, 173, true, true
2436891, 47053, 7919, 398, 156, 173, true, true
2454037, 47448, 7920, 399, 157, 175, true, true
2461698, 47636, 7921, 400, 158, 173, true, true
2464333, 47710, 7922, 401, 159, 170, true, true
2468874, 47823, 7922, 400, 158, 170, true, true
2473786, 47936, 7923, 401, 159, 172, true, true
2476670, 48023, 7924, 402, 160, 170, true, true
2485388, 48240, 7924, 401, 159, 171, true, true
2487623, 48298, 7924, 399, 158, 171, true, true
2489399, 48346, 7924, 398, 157, 171, true, true
2491122, 48380, 7925, 399, 158, 169, true, true
2491939, 48405, 7925, 398, 158, 169, true, true
2493927, 48458, 7925, 397, 157, 170, true, true
2500932, 48634, 7926, 398, 158, 170, true, true
2501166, 48646, 7927, 392, 159, 169, true, true
2501611, 48659, 7927, 391, 158, 169, true, true
2503348, 48702, 7927, 390, 158, 169, true, true
2505246, 48746, 7927, 388, 156, 169, true, true
2507737, 48810, 7928, 389, 157, 168, true, true
2540757, 49584, 7928, 387, 156, 169, true, true
2547066, 49738, 7929, 388, 157, 169, true, true
2552824, 49888, 7930, 388, 157, 170, true, true
2553031, 49894, 7931, 389, 158, 169, true, true
2566306, 50208, 7932, 390, 159, 171, true, true
2568304, 50258, 7932, 388, 158, 173, true, true
2573081, 50368, 7934, 390, 159, 171, true, true
2577686, 50510, 7935, 391, 160, 167, true, true
2580616, 50574, 7935, 390, 159, 167, true, true
2582407, 50617, 7936, 391, 160, 166, true, true
2585440, 50691, 7936, 389, 159, 167, true, true
2586594, 50724, 7943, 389, 159, 166, true, true
2590276, 50821, 7943, 388, 158, 168, true, true
2597179, 50946, 7944, 389, 159, 166, true, true
2599325, 50999, 7954, 391, 160, 166, true, true
2599711, 51009, 7955, 392, 161, 163, true, true
2602088, 51086, 7960, 397, 162, 162, true, true
2608903, 51249, 7961, 398, 163, 163, true, true
2612999, 51355, 7963, 399, 163, 161, true, true
2620933, 51538, 7963, 398, 162, 162, true, true
2630834, 51780, 7964, 399, 163, 162, true, true
2632731, 51825, 7964, 397, 162, 162, true, true
2636445, 51903, 7964, 396, 161, 164, true, true
2638002, 51940, 7965, 397, 162, 162, true, true
2647682, 52185, 7965, 394, 160, 164, true, true
2648709, 52212, 7965, 393, 159, 164, true, true
2652076, 52299, 7967, 393, 160, 163, true, true
2668959, 52696, 7968, 394, 161, 163, true, true
2674499, 52808, 7968, 393, 160, 167, true, true
2675072, 52822, 7969, 394, 161, 166, true, true
2690851, 53207, 7970, 395, 162, 167, true, true
2703126, 53485, 7971, 396, 163, 169, true, true
2707900, 53592, 7971, 395, 163, 169, true, true
2714956, 53743, 7972, 396, 164, 168, true, true
2721951, 53918, 7974, 398, 165, 164, true, true
2726944, 54042, 7974, 397, 165, 165, true, true
2749593, 54642, 7974, 395, 164, 168, true, true
2772970, 55191, 7974, 394, 163, 170, true, true
2784333, 55474, 7975, 395, 164, 171, true, true
2796775, 55790, 7976, 396, 165, 166, true, true
2806755, 56016, 7979, 398, 165, 163, true, true
2815964, 56201, 7980, 399, 166, 163, true, true
2816235, 56210, 7981, 392, 167, 161, true, true
2824278, 56408, 7981, 391, 166, 163, true, true
2825804, 56436, 8004, 398, 166, 162, true, true
2839580, 56749, 8004, 397, 165, 163, true, true
2840366, 56762, 8005, 398, 166, 160, true, true
2844869, 56882, 8005, 396, 165, 162, true, true
2848266, 56964, 8006, 379, 165, 162, true, true
2860097, 57245, 8008, 381, 166, 155, true, true
2888208, 57944, 8016, 389, 167, 156, true, true
2903289, 58298, 8016, 388, 167, 159, true, true
2910618, 58475, 8019, 387, 167, 157, true, true
2922126, 58760, 8019, 386, 166, 157, true, true
2926591, 58868, 8021, 388, 167, 157, true, true
2927246, 58881, 8022, 388, 168, 156, true, true
2927971, 58899, 8023, 388, 168, 154, true, true
2950267, 59435, 8023, 386, 167, 157, true, true
2966998, 59870, 8025, 388, 168, 160, true, true
2970316, 59965, 8026, 389, 169, 159, true, true
2970668, 59971, 8026, 388, 168, 159, true, true
2972973, 60026, 8026, 387, 167, 159, true, true
2994505, 60551, 8027, 388, 168, 159, true, true
3001981, 60723, 8027, 387, 167, 162, true, true
3002271, 60730, 8028, 388, 168, 160, true, true
3006204, 60852, 8029, 389, 169, 162, true, true
3008273, 60904, 8030, 390, 170, 158, true, true
3014755, 61092, 8031, 391, 171, 159, true, true
3016285, 61135, 8041, 401, 172, 158, true, true
3022122, 61269, 8046, 399, 172, 157, true, true
3030438, 61484, 8046, 398, 171, 158, true, true
3037534, 61635, 8054, 405, 171, 157, true, true
3039586, 61691, 8055, 406, 172, 151, true, true
3039794, 61700, 8056, 404, 173, 150, true, true
3047140, 61874, 8057, 405, 174, 148, true, true
3051649, 62002, 8057, 404, 173, 148, true, true
3059093, 62188, 8058, 405, 174, 148, true, true
3062013, 62245, 8058, 404, 173, 148, true, true
3062432, 62259, 8059, 405, 174, 146, true, true
3063314, 62284, 8059, 402, 173, 146, true, true
3069011, 62433, 8060, 403, 174, 145, true, true
3074234, 62551, 8060, 398, 173, 146, true, true
3074511, 62557, 8061, 399, 174, 139, true, true
3081784, 62739, 8061, 398, 173, 139, true, true
3105148, 63313, 8061, 397, 172, 143, true, true
3105914, 63335, 8062, 398, 173, 142, true, true
3106792, 63355, 8063, 399, 174, 140, true, true
3116851, 63607, 8063, 398, 173, 141, true, true
3131422, 63968, 8064, 399, 174, 145, true, true
3142404, 64254, 8064, 398, 173, 146, true, true
3146588, 64359, 8064, 396, 172, 147, true, true
3155273, 64590, 8068, 399, 173, 147, true, true
3156181, 64615, 8068, 398, 172, 147, true, true
3160203, 64707, 8068, 397, 171, 147, true, true
3163942, 64799, 8069, 398, 172, 145, true, true
3168296, 64908, 8069, 397, 171, 145, true, true
3170747, 64972, 8069, 396, 170, 146, true, true
3173577, 65047, 8069, 395, 169, 146, true, true
3178170, 65165, 8069, 394, 168, 146, true, true
3194119, 65555, 8069, 393, 167, 147, true, true
3236026, 66589, 8070, 394, 168, 153, true, true
3237357, 66628, 8071, 394, 169, 152, true, true
3239722, 66695, 8071, 393, 168, 153, true, true
3240066, 66703, 8072, 394, 169, 151, true, true
3254231, 67058, 8073, 395, 170, 152, true, true
3255804, 67097, 8074, 396, 171, 148, true, true
3278382, 67720, 8074, 395, 170, 148, true, true
3295724, 68196, 8074, 394, 169, 149, true, true
3306060, 68452, 8075, 395, 170, 148, true, true
3310301, 68583, 8076, 396, 171, 146, true, true
3312504, 68635, 8076, 395, 170, 146, true, true
3312775, 68639, 8076, 394, 169, 146, true, true
3319571, 68847, 8077, 395, 170, 143, true, true
3334533, 69264, 8077, 394, 169, 144, true, true
3358581, 69961, 8077, 392, 169, 146, true, true
3361211, 70036, 8080, 394, 169, 144, true, true
3373731, 70378, 8081, 395, 170, 141, true, true
3384720, 70660, 8083, 396, 170, 140, true, true
3385627, 70684, 8083, 395, 169, 140, true, true
3401369, 71104, 8083, 394, 168, 142, true, true
3402835, 71140, 8083, 393, 167, 142, true, true
3411651, 71371, 8084, 394, 168, 140, true, true
3434886, 71992, 8086, 396, 169, 142, true, true
3437006, 72058, 8086, 394, 168, 142, true, true
3452051, 72454, 8087, 395, 169, 143, true, true
3460900, 72683, 8087, 394, 168, 143, true, true
3466192, 72830, 8088, 395, 169, 142, true, true
3474040, 73038, 8088, 394, 169, 143, true, true
3478713, 73162, 8088, 393, 168, 143, true, true
3483542, 73275, 8092, 397, 169, 141, true, true
3493830, 73524, 8092, 396, 168, 142, true, true
3504167, 73796, 8092, 395, 167, 143, true, true
3506287, 73853, 8094, 397, 168, 141, true, true
3517218, 74121, 8094, 396, 167, 143, true, true
3523514, 74277, 8095, 397, 168, 141, true, true
3531383, 74459, 8095, 396, 167, 142, true, true
3543240, 74782, 8095, 395, 166, 143, true, true
3561205, 75253, 8096, 396, 167, 143, true, true
3562744, 75294, 8101, 395, 167, 142, true, true
3568261, 75440, 8105, 396, 165, 141, true, true
3573247, 75558, 8108, 399, 166, 142, true, true
3576952, 75652, 8109, 400, 167, 139, true, true
3577010, 75654, 8110, 401, 168, 138, true, true
3590473, 75980, 8110, 393, 166, 138, true, true
3591158, 75997, 8119, 402, 167, 136, true, true
3595853, 76114, 8119, 397, 167, 137, true, true
3599866, 76184, 8119, 396, 166, 137, true, true
3609082, 76430, 8120, 397, 167, 136, true, true
3612978, 76512, 8120, 396, 166, 136, true, true
3619973, 76690, 8121, 397, 167, 134, true, true
3656666, 77568, 8122, 398, 168, 135, true, true
3667404, 77846, 8125, 401, 169, 134, true, true
3679362, 78172, 8125, 398, 168, 134, true, true
3705943, 78826, 8126, 399, 169, 134, true, true
3715105, 79046, 8126, 398, 169, 135, true, true
3733754, 79524, 8128, 400, 170, 137, true, true
3735256, 79560, 8128, 398, 169, 137, true, true
3739238, 79658, 8128, 397, 168, 138, true, true
3761932, 80216, 8129, 398, 169, 137, true, true
3764796, 80283, 8129, 396, 169, 137, true, true
3775727, 80558, 8129, 395, 168, 139, true, true
3775844, 80563, 8129, 393, 167, 139, true, true
3799450, 81137, 8130, 394, 168, 141, true, true
3815423, 81579, 8130, 392, 167, 145, true, true
3817195, 81635, 8131, 393, 168, 144, true, true
3829625, 81976, 8134, 396, 169, 144, true, true
3838906, 82199, 8135, 397, 170, 140, true, true
3863820, 82816, 8135, 396, 169, 145, true, true
3863880, 82817, 8137, 392, 170, 144, true, true
3865317, 82848, 8137, 391, 170, 145, true, true
3872958, 83041, 8138, 392, 171, 143, true, true
3877436, 83173, 8138, 391, 170, 144, true, true
3897383, 83664, 8138, 390, 169, 145, true, true
3902546, 83809, 8139, 391, 170, 144, true, true
3914336, 84090, 8139, 385, 169, 146, true, true
3932736, 84528, 8140, 386, 170, 144, true, true
3935039, 84584, 8140, 385, 169, 144, true, true
3943856, 84820, 8140, 384, 168, 146, true, true
3959276, 85182, 8141, 384, 169, 145, true, true
3966546, 85370, 8142, 384, 169, 145, true, true
3981929, 85739, 8142, 383, 169, 146, true, true
3984142, 85801, 8142, 382, 169, 146, true, true
3985341, 85833, 8142, 381, 168, 146, true, true
3988729, 85922, 8143, 382, 169, 144, true, true
3995874, 86108, 8143, 381, 168, 144, true, true
4008123, 86383, 8143, 380, 167, 145, true, true
4008213, 86385, 8143, 378, 165, 145, true, true
4010703, 86454, 8143, 377, 164, 145, true, true
4012403, 86488, 8144, 378, 165, 144, true, true
4033776, 87018, 8145, 379, 166, 145, true, true
4034185, 87028, 8147, 377, 166, 142, true, true
4038801, 87142, 8148, 378, 167, 140, true, true
4039376, 87156, 8148, 375, 166, 140, true, true
4040540, 87191, 8167, 391, 166, 139, true, true
4057544, 87638, 8167, 388, 165, 143, true, true
4086630, 88374, 8174, 386, 166, 142, true, true
4091937, 88491, 8174, 385, 165, 143, true, true
4114330, 89062, 8174, 384, 164, 145, true, true
4123347, 89299, 8174, 383, 163, 145, true, true
4127478, 89402, 8175, 384, 164, 144, true, true
4163498, 90304, 8175, 383, 163, 145, true, true
4180419, 90733, 8177, 385, 164, 144, true, true
4238887, 92202, 8178, 385, 164, 153, true, true
4247159, 92412, 8178, 384, 163, 154, true, true
4255999, 92638, 8178, 383, 162, 155, true, true
4266700, 92871, 8178, 382, 162, 156, true, true
4281149, 93232, 8178, 381, 161, 158, true, true
4283926, 93299, 8178, 380, 160, 158, true, true
4323264, 94288, 8179, 381, 161, 160, true, true
4323588, 94297, 8180, 382, 162, 159, true, true
4394882, 96119, 8180, 381, 161, 166, true, true
4416224, 96662, 8180, 377, 160, 168, true, true
4427596, 96902, 8188, 385, 161, 166, true, true
4432437, 96999, 8189, 386, 162, 166, true, true
4455904, 97476, 8189, 380, 161, 167, true, true
4458764, 97534, 8189, 379, 160, 168, true, true
4496945, 98271, 8189, 377, 159, 168, true, true
4505738, 98445, 8189, 376, 158, 169, true, true
4522221, 98750, 8189, 373, 158, 169, true, true
4548543, 99257, 8189, 372, 157, 170, true, true
4562303, 99511, 8190, 373, 158, 169, true, true
4562786, 99520, 8191, 373, 159, 168, true, true
4569785, 99679, 8191, 372, 158, 168, true, true
4588006, 100015, 8191, 369, 158, 169, true, true
4598201, 100227, 8193, 371, 159, 169, true, true
4608261, 100421, 8193, 370, 158, 171, true, true
4612356, 100498, 8193, 369, 157, 172, true, true
4620156, 100660, 8194, 369, 157, 171, true, true
4631067, 100887, 8194, 368, 157, 172, true, true
4665807, 101519, 8195, 369, 158, 171, true, true
4666897, 101540, 8196, 370, 159, 170, true, true
4684163, 101884, 8196, 369, 158, 173, true, true
4688369, 101969, 8197, 370, 159, 170, true, true
4700764, 102197, 8198, 371, 160, 166, true, true
4715418, 102492, 8208, 380, 161, 163, true, true
4735721, 102899, 8209, 381, 162, 159, true, true
4757931, 103342, 8209, 380, 161, 159, true, true
4775367, 103686, 8210, 381, 162, 160, true, true
4793417, 104040, 8211, 382, 163, 158, true, true
4815917, 104510, 8212, 383, 164, 159, true, true
4827590, 104739, 8212, 382, 164, 161, true, true
4836006, 104913, 8213, 383, 165, 160, true, true
4868362, 105537, 8214, 384, 166, 161, true, true
4871766, 105601, 8214, 383, 166, 161, true, true
4872260, 105612, 8216, 385, 167, 159, true, true
4890104, 105972, 8217, 386, 168, 156, true, true
4916280, 106506, 8219, 388, 169, 154, true, true
4917405, 106539, 8219, 387, 168, 154, true, true
4946295, 107116, 8219, 386, 167, 155, true, true
4978907, 107781, 8219, 385, 166, 158, true, true
4986832, 107937, 8219, 384, 165, 158, true, true
4997744, 108157, 8220, 385, 166, 156, true, true
5001937, 108233, 8220, 384, 165, 156, true, true
5028935, 108780, 8221, 385, 166, 155, true, true
5041323, 109045, 8221, 383, 165, 156, true, true
5045594, 109128, 8221, 382, 164, 156, true, true
5065911, 109514, 8223, 384, 165, 154, true, true
5118413, 110567, 8223, 383, 164, 159, true, true
5119118, 110579, 8223, 382, 163, 159, true, true
5123801, 110670, 8224, 382, 163, 158, true, true
5124264, 110682, 8224, 381, 162, 158, true, true
5127362, 110741, 8225, 378, 163, 156, true, true
5196590, 112027, 8225, 375, 162, 158, true, true
5218802, 112489, 8226, 375, 163, 155, true, true
5227814, 112726, 8227, 376, 164, 152, true, true
5246321, 113225, 8227, 375, 163, 154, true, true
5256071, 113479, 8227, 373, 162, 155, true, true
5259403, 113578, 8227, 372, 161, 155, true, true
5262249, 113650, 8228, 373, 162, 155, true, true
5267413, 113765, 8228, 372, 161, 156, true, true
5272159, 113906, 8233, 374, 161, 153, true, true
5280533, 114115, 8233, 373, 160, 153, true, true
5331179, 115497, 8233, 372, 159, 156, true, true
5344484, 115877, 8233, 371, 158, 157, true, true
5358698, 116229, 8233, 370, 158, 157, true, true
5366962, 116466, 8233, 369, 157, 157, true, true
5372935, 116597, 8233, 368, 156, 158, true, true
5412911, 117636, 8233, 366, 155, 160, true, true
5420579, 117818, 8233, 364, 154, 160, true, true
5464861, 118988, 8233, 363, 153, 163, true, true
5474507, 119265, 8234, 364, 154, 160, true, true
5479583, 119406, 8234, 363, 153, 160, true, true
5488772, 119634, 8235, 363, 154, 158, true, true
5489148, 119646, 8235, 362, 153, 158, true, true
5497445, 119864, 8239, 348, 153, 157, true, true
5500625, 119956, 8239, 347, 152, 157, true, true
5512249, 120274, 8239, 346, 151, 157, true, true
5521170, 120536, 8241, 348, 152, 153, true, true
5524228, 120630, 8249, 355, 153, 150, true, true
5541677, 121124, 8249, 354, 152, 151, true, true
5546190, 121251, 8250, 355, 153, 150, true, true
5553318, 121430, 8250, 354, 152, 151, true, true
5558224, 121561, 8254, 352, 153, 152, true, true
5561753, 121661, 8255, 353, 154, 152, true, true
5563606, 121692, 8256, 354, 155, 150, true, true
5574099, 121980, 8256, 353, 154, 150, true, true
5581370, 122155, 8257, 353, 154, 150, true, true
5620250, 123168, 8258, 349, 155, 152, true, true
5624680, 123248, 8259, 350, 156, 151, true, true
5626797, 123310, 8259, 347, 155, 151, true, true
5657681, 124151, 8261, 349, 156, 151, true, true
5682528, 124822, 8261, 348, 155, 153, true, true
5692183, 125074, 8262, 349, 156, 151, true, true
5708818, 125555, 8265, 352, 157, 151, true, true
5712740, 125667, 8265, 351, 156, 151, true, true
5728429, 126060, 8265, 348, 156, 151, true, true
5728482, 126061, 8265, 347, 155, 151, true, true
5739609, 126381, 8266, 348, 156, 151, true, true
5748305, 126622, 8266, 347, 155, 151, true, true
5770087, 127241, 8266, 346, 154, 155, true, true
5773094, 127333, 8266, 345, 153, 156, true, true
5780043, 127533, 8266, 344, 152, 156, true, true
5780465, 127544, 8266, 343, 151, 156, true, true
5791180, 127856, 8266, 342, 151, 159, true, true
5795500, 127977, 8266, 337, 150, 159, true, true
5808911, 128337, 8266, 336, 149, 161, true, true
5809270, 128348, 8266, 333, 148, 162, true, true
5814125, 128486, 8266, 332, 147, 162, true, true
5816084, 128550, 8268, 334, 148, 161, true, true
5819241, 128634, 8268, 333, 147, 161, true, true
5822183, 128720, 8268, 332, 146, 161, true, true
5826297, 128834, 8269, 333, 147, 158, true, true
5862663, 129838, 8270, 334, 148, 158, true, true
5893099, 130667, 8270, 332, 147, 158, true, true
5897170, 130784, 8270, 331, 146, 158, true, true
5897539, 130796, 8270, 330, 145, 158, true, true
5912448, 131210, 8271, 331, 146, 156, true, true
5935864, 131911, 8272, 332, 147, 156, true, true
5945179, 132196, 8277, 337, 148, 151, true, true
5953347, 132391, 8277, 336, 147, 151, true, true
5959077, 132562, 8279, 336, 146, 149, true, true
5974506, 132989, 8295, 347, 147, 146, true, true
5986599, 133310, 8299, 351, 148, 143, true, true
5994915, 133560, 8299, 343, 147, 143, true, true
6010034, 133947, 8299, 342, 146, 146, true, true
6017611, 134155, 8300, 343, 147, 146, true, true
6098586, 136533, 8300, 342, 146, 155, true, true
6125559, 137288, 8300, 340, 145, 155, true, true
6144437, 137841, 8300, 339, 145, 155, true, true
6151001, 138032, 8300, 337, 144, 156, true, true
6194183, 139320, 8301, 338, 145, 157, true, true
6203552, 139557, 8301, 337, 144, 159, true, true
6230233, 140310, 8301, 336, 143, 162, true, true
6241349, 140623, 8301, 335, 143, 162, true, true
6281009, 141753, 8301, 334, 142, 166, true, true
6295879, 142212, 8301, 333, 141, 167, true, true
6308398, 142586, 8301, 332, 140, 168, true, true
6312057, 142710, 8301, 330, 139, 168, true, true
6318173, 142879, 8302, 331, 140, 167, true, true
6347090, 143712, 8303, 332, 141, 169, true, true
6366926, 144301, 8303, 331, 140, 170, true, true
6384959, 144792, 8303, 322, 139, 171, true, true
6390526, 144938, 8303, 316, 139, 171, true, true
6409526, 145498, 8303, 315, 138, 171, true, true
6426634, 146013, 8304, 316, 139, 169, true, true
6450605, 146715, 8304, 315, 138, 169, true, true
6472433, 147349, 8307, 314, 137, 173, true, true
6473533, 147384, 8307, 313, 137, 173, true, true
6483978, 147711, 8310, 316, 138, 172, true, true
6498232, 148139, 8313, 319, 139, 169, true, true
6506117, 148369, 8315, 319, 138, 167, true, true
6518109, 148740, 8319, 323, 139, 164, true, true
6564351, 150085, 8321, 325, 140, 162, true, true
6565306, 150112, 8323, 325, 141, 154, true, true
6586479, 150735, 8324, 325, 141, 149, true, true
6593017, 150934, 8324, 322, 141, 149, true, true
6594815, 150977, 8329, 327, 142, 147, true, true
6595131, 150985, 8330, 328, 143, 146, true, true
6621148, 151759, 8330, 327, 142, 149, true, true
6636126, 152219, 8331, 328, 143, 148, true, true
6647449, 152581, 8332, 329, 144, 147, true, true
6652252, 152739, 8332, 328, 143, 147, true, true
6673222, 153412, 8333, 329, 144, 145, true, true
6685722, 153798, 8333, 328, 143, 147, true, true
6702574, 154294, 8334, 329, 144, 146, true, true
6702817, 154302, 8334, 327, 144, 146, true, true
6753141, 155898, 8334, 326, 143, 150, true, true
6771225, 156481, 8334, 325, 142, 151, true, true
6776402, 156662, 8334, 324, 141, 151, true, true
6782606, 156862, 8334, 323, 140, 151, true, true
6784200, 156920, 8334, 316, 140, 151, true, true
6818858, 157973, 8334, 315, 139, 153, true, true
6826543, 158217, 8334, 314, 138, 154, true, true
6839909, 158610, 8336, 301, 139, 153, true, true
6857962, 159168, 8336, 299, 138, 155, true, true
6891308, 160153, 8338, 301, 139, 154, true, true
6906572, 160659, 8339, 302, 140, 155, true, true
6920305, 161064, 8340, 303, 141, 155, true, true
6931277, 161404, 8340, 299, 140, 155, true, true
6934841, 161524, 8340, 298, 139, 155, true, true
6939496, 161675, 8340, 297, 138, 155, true, true
6946757, 161922, 8340, 296, 137, 157, true, true
6958516, 162267, 8340, 295, 136, 159, true, true
6974704, 162770, 8341, 296, 137, 161, true, true
6976724, 162818, 8342, 297, 138, 160, true, true
6983575, 163043, 8343, 298, 139, 159, true, true
7008607, 163829, 8343, 293, 138, 159, true, true
7053268, 165210, 8345, 295, 139, 160, true, true
7055067, 165265, 8345, 294, 138, 160, true, true
7055201, 165271, 8345, 291, 137, 160, true, true
7062409, 165500, 8346, 292, 138, 159, true, true
7069443, 165688, 8347, 293, 139, 158, true, true
7080186, 166001, 8347, 292, 139, 158, true, true
7084412, 166140, 8349, 294, 140, 155, true, true
7090216, 166309, 8349, 293, 139, 155, true, true
7095453, 166457, 8349, 292, 138, 155, true, true
7096870, 166499, 8349, 291, 137, 155, true, true
7113756, 167006, 8350, 292, 138, 155, true, true
7135280, 167626, 8351, 293, 139, 153, true, true
7143316, 167874, 8351, 292, 138, 153, true, true
7185381, 169177, 8351, 291, 137, 156, true, true
7194195, 169466, 8351, 290, 136, 157, true, true
7223291, 170419, 8352, 291, 137, 158, true, true
7223549, 170428, 8353, 292, 138, 156, true, true
7227967, 170558, 8354, 293, 139, 153, true, true
7256189, 171442, 8355, 294, 140, 152, true, true
7258371, 171511, 8355, 293, 139, 152, true, true
7275992, 172045, 8355, 292, 139, 152, true, true
7292105, 172546, 8356, 293, 140, 153, true, true
7314195, 173293, 8357, 293, 141, 153, true, true
7314617, 173314, 8357, 290, 140, 154, true, true
7352117, 174552, 8358, 291, 141, 157, true, true
7357838, 174744, 8359, 292, 142, 154, true, true
7362708, 174916, 8359, 290, 141, 154, true, true
7364376, 174970, 8360, 289, 142, 152, true, true
7428640, 176979, 8375, 298, 142, 154, true, true
7430114, 177042, 8376, 299, 143, 153, true, true
7430195, 177044, 8376, 298, 142, 153, true, true
7504340, 179545, 8376, 297, 142, 154, true, true
7524755, 180204, 8376, 296, 141, 155, true, true
7595081, 182615, 8376, 295, 140, 156, true, true
7597774, 182681, 8377, 296, 141, 156, true, true
7600741, 182775, 8377, 295, 140, 156, true, true
7608162, 183043, 8377, 294, 140, 156, true, true
7610618, 183136, 8378, 295, 141, 154, true, true
7614829, 183277, 8379, 294, 141, 151, true, true
7649011, 184370, 8379, 293, 140, 154, true, true
7660018, 184725, 8380, 294, 141, 151, true, true
7670542, 185019, 8381, 295, 142, 149, true, true
7682898, 185377, 8381, 294, 141, 150, true, true
7694085, 185742, 8382, 295, 142, 149, true, true
7712804, 186306, 8382, 294, 141, 151, true, true
7720411, 186554, 8382, 291, 140, 152, true, true
7727402, 186746, 8390, 296, 140, 149, true, true
7756291, 187703, 8391, 297, 141, 150, true, true
7763211, 187937, 8394, 299, 142, 149, true, true
7794698, 189043, 8395, 300, 143, 151, true, true
7796836, 189112, 8395, 299, 143, 151, true, true
7811191, 189615, 8395, 298, 142, 152, true, true
7814108, 189720, 8398, 300, 142, 151, true, true
7819947, 189920, 8398, 299, 142, 152, true, true
7829393, 190220, 8398, 297, 141, 153, true, true
7847325, 190825, 8399, 298, 142, 155, true, true
7879716, 191892, 8399, 296, 141, 157, true, true
7895354, 192419, 8416, 312, 141, 155, true, true
7909163, 192840, 8416, 311, 140, 155, true, true
7915943, 193059, 8417, 312, 141, 154, true, true
7955651, 194353, 8418, 313, 142, 156, true, true
7974907, 194958, 8419, 313, 143, 155, true, true
7980250, 195133, 8419, 312, 142, 155, true, true
7995544, 195631, 8419, 309, 142, 155, true, true
8021974, 196470, 8419, 308, 141, 156, true, true
8025845, 196607, 8419, 307, 140, 156, true, true
8032429, 196816, 8419, 306, 139, 157, true, true
8073424, 198184, 8419, 305, 138, 159, true, true
8098817, 199033, 8419, 304, 137, 160, true, true
8137809, 200303, 8422, 306, 138, 162, true, true
8142970, 200469, 8423, 307, 139, 160, true, true
8151363, 200782, 8423, 306, 138, 160, true, true
8167909, 201328, 8424, 307, 139, 159, true, true
8222041, 203220, 8427, 310, 140, 159, true, true
8232909, 203574, 8427, 308, 139, 159, true, true
8234235, 203622, 8441, 320, 140, 158, true, true
8263589, 204656, 8441, 318, 139, 160, true, true
8333231, 207136, 8441, 317, 138, 162, true, true
8333265, 207137, 8441, 316, 137, 162, true, true
8334104, 207173, 8441, 314, 136, 163, true, true
8350260, 207773, 8443, 316, 137, 163, true, true
8357931, 208027, 8443, 315, 136, 163, true, true
8364588, 208276, 8444, 316, 137, 162, true, true
8369710, 208407, 8444, 315, 136, 162, true, true
8383698, 208896, 8444, 314, 135, 163, true, true
8395697, 209305, 8445, 315, 136, 162, true, true
8395746, 209306, 8450, 320, 137, 161, true, true
8446811, 211068, 8452, 308, 138, 157, true, true
8457734, 211433, 8453, 309, 139, 157, true, true
8460033, 211521, 8453, 308, 138, 157, true, true
8492161, 212647, 8453, 304, 136, 161, true, true
8497299, 212834, 8454, 305, 137, 158, true, true
8526383, 213861, 8455, 306, 138, 158, true, true
8549863, 214654, 8455, 305, 137, 160, true, true
8576584, 215540, 8458, 287, 137, 160, true, true
8633277, 217487, 8458, 286, 136, 161, true, true
8643708, 217868, 8459, 287, 137, 161, true, true
8669102, 218761, 8460, 285, 138, 161, true, true
8671902, 218872, 8460, 284, 137, 161, true, true
8672239, 218882, 8460, 283, 136, 161, true, true
8678546, 219099, 8460, 282, 136, 161, true, true
8679244, 219124, 8462, 284, 137, 158, true, true
8680755, 219183, 8462, 283, 137, 158, true, true
8684405, 219274, 8464, 285, 138, 157, true, true
8721651, 220535, 8464, 284, 137, 160, true, true
8772675, 222272, 8468, 273, 138, 162, true, true
8810786, 223604, 8469, 274, 139, 164, true, true
8844661, 224814, 8474, 279, 140, 169, true, true
8865937, 225585, 8475, 280, 141, 168, true, true
8897380, 226704, 8476, 281, 142, 168, true, true
8914630, 227282, 8480, 285, 143, 165, true, true
8917676, 227398, 8481, 285, 143, 161, true, true
8968761, 229210, 8482, 286, 144, 165, true, true
9004460, 230437, 8483, 285, 145, 165, true, true
9038771, 231674, 8483, 284, 144, 168, true, true
9067760, 232711, 8483, 279, 144, 170, true, true
9096734, 233727, 8484, 280, 145, 168, true, true
9123659, 234680, 8484, 279, 144, 168, true, true
9181713, 236736, 8489, 284, 145, 168, true, true
9188549, 236986, 8491, 286, 146, 166, true, true
9190083, 237034, 8492, 287, 147, 164, true, true
9216568, 237922, 8492, 286, 146, 164, true, true
9310375, 241280, 8492, 285, 145, 166, true, true
9329050, 241980, 8493, 286, 146, 165, true, true
9352724, 242805, 8493, 285, 145, 165, true, true
9357625, 242989, 8494, 286, 146, 162, true, true
9387401, 244116, 8494, 285, 145, 162, true, true
9436333, 245954, 8495, 286, 146, 158, true, true
9444850, 246279, 8495, 285, 145, 159, true, true
9463456, 246994, 8497, 287, 146, 157, true, true
9473864, 247383, 8498, 288, 147, 155, true, true
9521844, 249213, 8498, 286, 145, 160, true, true
9526855, 249431, 8498, 285, 144, 160, true, true
9575245, 251163, 8498, 284, 143, 163, true, true
9631586, 253295, 8499, 285, 144, 162, true, true
9633796, 253368, 8499, 284, 143, 162, true, true
9652578, 254060, 8501, 282, 143, 160, true, true
9668855, 254639, 8502, 282, 144, 154, true, true
9688393, 255421, 8503, 283, 145, 151, true, true
9693311, 255606, 8504, 284, 146, 150, true, true
9721717, 256629, 8505, 285, 147, 150, true, true
9722437, 256656, 8505, 284, 146, 150, true, true
9723487, 256696, 8505, 282, 145, 150, true, true
9759638, 258024, 8506, 283, 146, 149, true, true
9764071, 258212, 8506, 281, 145, 149, true, true
9768032, 258369, 8507, 282, 146, 147, true, true
9783544, 258988, 8509, 284, 147, 146, true, true
9874555, 262440, 8511, 286, 148, 146, true, true
9957018, 265808, 8511, 285, 147, 149, true, true
9991645, 267197, 8512, 286, 148, 151, true, true
10000912, 267561, 8512, 285, 147, 152, true, true
10001614, 267593, 8512, 283, 147, 152, true, true
10003214, 267656, 8512, 282, 146, 152, true, true
10012901, 268037, 8512, 281, 145, 152, true, true
10039925, 269113, 8514, 282, 145, 151, true, true
10046171, 269353, 8515, 283, 146, 150, true, true
10050215, 269527, 8516, 284, 147, 148, true, true
10075978, 270545, 8517, 285, 148, 150, true, true
10087224, 270968, 8521, 289, 149, 147, true, true
10112676, 271928, 8522, 290, 150, 147, true, true
10141627, 273002, 8522, 289, 149, 147, true, true
10212530, 275744, 8522, 288, 148, 153, true, true
10225542, 276252, 8523, 289, 149, 152, true, true
10246392, 277064, 8523, 288, 148, 153, true, true
10248312, 277140, 8523, 287, 147, 153, true, true
10258609, 277547, 8524, 288, 148, 151, true, true
10271081, 278037, 8524, 282, 146, 151, true, true
10288029, 278656, 8525, 283, 147, 149, true, true
10311314, 279553, 8525, 282, 146, 150, true, true
10357451, 281322, 8526, 283, 147, 152, true, true
10370296, 281813, 8527, 284, 148, 151, true, true
10376759, 282070, 8527, 283, 147, 151, true, true
10383608, 282304, 8528, 284, 148, 150, true, true
10445107, 284559, 8529, 285, 149, 150, true, true
10477522, 285808, 8530, 286, 150, 148, true, true
10489560, 286290, 8531, 287, 151, 146, true, true
10525331, 287674, 8554, 298, 151, 148, true, true
10568143, 289070, 8573, 316, 151, 147, true, true
10636430, 291121, 8582, 309, 152, 147, true, true
10726331, 293744, 8584, 307, 153, 148, true, true
10726746, 293754, 8585, 308, 154, 147, true, true
10751333, 294489, 8585, 307, 153, 147, true, true
10754130, 294564, 8585, 306, 152, 147, true, true
10758920, 294698, 8585, 305, 151, 147, true, true
10802175, 295895, 8585, 302, 151, 149, true, true
10841116, 297065, 8585, 300, 150, 152, true, true
10920240, 299438, 8587, 302, 151, 156, true, true
10938119, 299933, 8588, 303, 152, 154, true, true
10946682, 300172, 8588, 302, 151, 154, true, true
11023779, 302383, 8588, 301, 150, 154, true, true
11026073, 302455, 8588, 300, 149, 154, true, true
11056559, 303346, 8588, 299, 148, 155, true, true
11085359, 304189, 8588, 298, 147, 155, true, true
11191603, 307212, 8589, 299, 148, 152, true, true
11194330, 307295, 8591, 296, 149, 149, true, true
11203007, 307568, 8591, 294, 148, 149, true, true
11210270, 307767, 8591, 293, 147, 150, true, true
11254709, 309025, 8592, 294, 148, 150, true, true
11262698, 309264, 8592, 293, 147, 150, true, true
11277287, 309695, 8592, 292, 146, 150, true, true
11304284, 310483, 8592, 291, 145, 150, true, true
11365185, 312120, 8592, 290, 144, 150, true, true
11398757, 313230, 8592, 289, 143, 151, true, true
11463633, 315703, 8592, 287, 142, 154, true, true
11471176, 315987, 8596, 291, 143, 151, true, true
11521904, 317981, 8597, 292, 144, 152, true, true
11527521, 318193, 8598, 292, 144, 152, true, true
11554842, 319241, 8599, 293, 145, 151, true, true
11594071, 320760, 8599, 292, 144, 155, true, true
11626671, 321986, 8599, 291, 143, 156, true, true
11626727, 321987, 8599, 290, 142, 156, true, true
11671020, 323722, 8600, 291, 143, 160, true, true
11677942, 324001, 8601, 292, 144, 159, true, true
11691120, 324528, 8601, 291, 143, 160, true, true
11715473, 325449, 8606, 296, 144, 160, true, true
11806690, 328981, 8608, 298, 145, 161, true, true
11911949, 333210, 8609, 299, 146, 164, true, true
11919985, 333555, 8609, 298, 145, 164, true, true
11987498, 336370, 8611, 300, 146, 165, true, true
12003685, 336975, 8611, 299, 145, 167, true, true
12023146, 337811, 8611, 290, 145, 169, true, true
12043460, 338578, 8613, 292, 146, 167, true, true
12092852, 340542, 8613, 290, 145, 170, true, true
12122908, 341789, 8613, 289, 144, 170, true, true
12133215, 342213, 8613, 288, 143, 172, true, true
12170835, 343758, 8613, 287, 143, 174, true, true
12182143, 344211, 8613, 284, 142, 176, true, true
12191992, 344601, 8613, 281, 141, 177, true, true
12205421, 345091, 8613, 280, 140, 177, true, true
12214542, 345465, 8614, 281, 141, 177, true, true
12261491, 347350, 8615, 282, 142, 176, true, true
12262927, 347405, 8618, 282, 142, 175, true, true
12265232, 347497, 8622, 285, 142, 174, true, true
12269639, 347685, 8622, 284, 141, 174, true, true
12281888, 348184, 8622, 283, 140, 174, true, true
12400543, 352967, 8624, 285, 141, 178, true, true
12401151, 352993, 8624, 284, 140, 178, true, true
12409447, 353370, 8624, 283, 139, 178, true, true
12425274, 353991, 8626, 285, 140, 175, true, true
12480147, 356195, 8627, 286, 141, 175, true, true
12561906, 359550, 8627, 285, 140, 178, true, true
12651011, 363099, 8627, 284, 139, 178, true, true
12683305, 364500, 8627, 283, 138, 179, true, true
12693874, 364957, 8627, 282, 137, 179, true, true
12701327, 365258, 8628, 283, 138, 179, true, true
12734221, 366617, 8628, 282, 137, 184, true, true
12756795, 367560, 8629, 283, 138, 184, true, true
12781288, 368622, 8629, 282, 137, 184, true, true
12829330, 370511, 8631, 284, 138, 185, true, true
12849869, 371368, 8631, 282, 137, 185, true, true
12858598, 371715, 8632, 283, 138, 184, true, true
12875838, 372431, 8644, 275, 139, 184, true, true
12889941, 373009, 8645, 276, 140, 183, true, true
12919187, 374169, 8646, 277, 141, 180, true, true
12956511, 375683, 8647, 278, 142, 178, true, true
12980885, 376663, 8647, 277, 141, 179, true, true
13001373, 377516, 8649, 279, 142, 177, true, true
13034243, 378888, 8650, 280, 143, 173, true, true
13049710, 379499, 8650, 278, 142, 173, true, true
13058052, 379856, 8651, 279, 143, 166, true, true
13094760, 381389, 8652, 280, 144, 167, true, true
13095310, 381418, 8652, 278, 143, 167, true, true
13096171, 381450, 8653, 279, 144, 166, true, true
13139040, 383200, 8655, 278, 145, 167, true, true
13171552, 384554, 8655, 277, 144, 170, true, true
13184991, 385139, 8655, 276, 143, 171, true, true
13232845, 387141, 8658, 279, 144, 167, true, true
13242761, 387539, 8659, 280, 145, 166, true, true
13265405, 388459, 8672, 292, 146, 165, true, true
13310866, 390380, 8672, 291, 145, 167, true, true
13360633, 392433, 8716, 322, 145, 168, true, true
13386462, 393506, 8716, 317, 144, 170, true, true
13400453, 394156, 8716, 314, 143, 170, true, true
13407041, 394394, 8716, 313, 142, 171, true, true
13451957, 396295, 8717, 314, 143, 170, true, true
13505715, 398549, 8717, 312, 142, 172, true, true
13644850, 404370, 8717, 309, 141, 175, true, true
13660208, 404983, 8717, 308, 140, 175, true, true
13693998, 406347, 8719, 310, 141, 175, true, true
13756210, 408929, 8720, 311, 142, 177, true, true
13759129, 409033, 8720, 309, 141, 177, true, true
13804926, 410963, 8720, 305, 140, 181, true, true
13864522, 413525, 8721, 306, 141, 181, true, true
13892877, 414695, 8722, 307, 142, 179, true, true
13954713, 417346, 8723, 308, 143, 181, true, true
13988515, 418733, 8724, 309, 144, 178, true, true
14005310, 419426, 8729, 306, 144, 177, true, true
14021302, 420140, 8729, 302, 143, 178, true, true
14024264, 420274, 8729, 301, 142, 178, true, true
14052849, 421517, 8729, 300, 141, 180, true, true
14126154, 424718, 8729, 299, 140, 185, true, true
14133176, 425000, 8729, 298, 139, 185, true, true
14133269, 425006, 8729, 297, 138, 185, true, true
14186878, 427295, 8729, 296, 137, 191, true, true
14210954, 428320, 8730, 297, 138, 184, true, true
14224921, 428945, 8731, 298, 139, 182, true, true
14225530, 428974, 8731, 297, 138, 182, true, true
14306096, 432416, 8732, 298, 139, 186, true, true
14373204, 435273, 8733, 299, 140, 188, true, true
14461419, 439144, 8734, 300, 141, 188, true, true
14461503, 439147, 8735, 301, 142, 187, true, true
14467746, 439427, 8736, 302, 143, 184, true, true
14519185, 441654, 8736, 301, 142, 184, true, true
14558202, 443365, 8736, 300, 141, 187, true, true
14587876, 444553, 8741, 305, 142, 189, true, true
14597074, 444917, 8742, 306, 143, 188, true, true
14659089, 447651, 8743, 307, 144, 187, true, true
14667793, 448012, 8743, 306, 143, 188, true, true
14674110, 448271, 8744, 307, 144, 182, true, true
14685538, 448749, 8745, 302, 145, 180, true, true
14694021, 449128, 8745, 301, 144, 180, true, true
14736282, 450925, 8748, 304, 145, 181, true, true
14768407, 452249, 8749, 305, 146, 180, true, true
14804540, 453703, 8750, 306, 147, 181, true, true
14867193, 456305, 8750, 305, 146, 183, true, true
14870008, 456442, 8752, 306, 146, 179, true, true
14871690, 456509, 8752, 305, 145, 179, true, true
14886218, 457129, 8752, 304, 144, 179, true, true
14893151, 457434, 8753, 305, 145, 175, true, true
14906701, 458040, 8753, 304, 144, 175, true, true
14916470, 458450, 8754, 305, 145, 174, true, true
14943174, 459570, 8755, 305, 145, 173, true, true
14964106, 460436, 8755, 304, 144, 174, true, true
15003272, 462069, 8756, 305, 145, 173, true, true
15052485, 464053, 8756, 304, 144, 173, true, true
15054499, 464133, 8756, 303, 143, 173, true, true
15073979, 464913, 8757, 304, 144, 172, true, true
15116119, 466617, 8767, 314, 145, 172, true, true
15213568, 470640, 8767, 313, 144, 175, true, true
15268817, 472921, 8768, 314, 145, 176, true, true
15363755, 476810, 8768, 311, 144, 179, true, true
15473924, 481329, 8769, 308, 144, 181, true, true
15480941, 481617, 8772, 310, 145, 179, true, true
15508313, 482787, 8773, 311, 146, 178, true, true
15513529, 482983, 8773, 310, 145, 178, true, true
15522480, 483359, 8774, 311, 146, 176, true, true
15651301, 488510, 8776, 313, 147, 172, true, true
15679300, 489586, 8776, 312, 147, 172, true, true
15686268, 489866, 8777, 313, 148, 171, true, true
15695992, 490303, 8784, 320, 149, 170, true, true
15712869, 490984, 8785, 321, 150, 165, true, true
15741842, 492155, 8785, 317, 149, 165, true, true
15826945, 495578, 8785, 316, 148, 169, true, true
15843854, 496244, 8785, 315, 147, 169, true, true
15879017, 497646, 8785, 314, 146, 169, true, true
15889111, 498036, 8786, 315, 147, 168, true, true
15891424, 498094, 8786, 313, 146, 168, true, true
15918318, 499202, 8787, 314, 147, 168, true, true
15955918, 500696, 8787, 312, 146, 169, true, true
15956517, 500719, 8792, 316, 147, 168, true, true
15977445, 501508, 8792, 315, 146, 169, true, true
16091021, 505872, 8793, 316, 147, 170, true, true
16115209, 506805, 8793, 315, 146, 171, true, true
16126144, 507270, 8794, 316, 147, 170, true, true
16126564, 507291, 8795, 317, 148, 167, true, true
16259308, 512674, 8795, 315, 148, 169, true, true
16320110, 515172, 8796, 316, 149, 164, true, true
16420210, 519351, 8796, 314, 148, 164, true, true
16552586, 524771, 8797, 315, 149, 165, true, true
16568527, 525463, 8798, 316, 150, 164, true, true
16576151, 525777, 8799, 317, 151, 163, true, true
16719990, 531562, 8799, 316, 151, 167, true, true
16749559, 532709, 8799, 315, 150, 168, true, true
16773392, 533665, 8799, 314, 149, 169, true, true
16790124, 534334, 8800, 312, 148, 168, true, true
16796972, 534599, 8800, 311, 147, 168, true, true
16803827, 534885, 8800, 308, 145, 168, true, true
16837425, 536254, 8800, 307, 144, 168, true, true
16951976, 540838, 8801, 308, 145, 168, true, true
16997741, 542669, 8802, 309, 146, 167, true, true
16998096, 542687, 8802, 308, 145, 167, true, true
17019434, 543541, 8802, 307, 144, 167, true, true
17154281, 548595, 8802, 305, 143, 170, true, true
17167968, 549094, 8804, 307, 144, 169, true, true
17173511, 549296, 8804, 305, 142, 169, true, true
17191203, 549977, 8804, 304, 141, 169, true, true
17275635, 553295, 8807, 307, 142, 168, true, true
17321910, 555159, 8807, 306, 141, 169, true, true
17377431, 557431, 8808, 306, 141, 165, true, true
17422892, 559249, 8809, 307, 142, 159, true, true
17423735, 559281, 8809, 306, 141, 159, true, true
17488469, 561871, 8810, 307, 142, 156, true, true
17500386, 562372, 8811, 307, 143, 152, true, true
17501747, 562404, 8811, 306, 142, 152, true, true
17518184, 562998, 8812, 307, 143, 151, true, true
17525601, 563305, 8814, 308, 143, 150, true, true
17604477, 566410, 8814, 305, 142, 151, true, true
17699240, 570148, 8814, 304, 141, 153, true, true
17792742, 573936, 8815, 305, 142, 153, true, true
17794778, 574007, 8816, 306, 143, 152, true, true
17810746, 574617, 8816, 305, 142, 153, true, true
17827720, 575282, 8816, 304, 141, 153, true, true
17840445, 575788, 8816, 303, 140, 154, true, true
17916993, 578811, 8816, 300, 139, 154, true, true
17941045, 579760, 8816, 299, 138, 155, true, true
18070760, 584872, 8817, 287, 138, 157, true, true
18096872, 585883, 8822, 292, 139, 156, true, true
18105573, 586226, 8822, 291, 138, 156, true, true
18197371, 589842, 8823, 292, 139, 157, true, true
18204767, 590106, 8824, 293, 140, 155, true, true
18230037, 591118, 8824, 291, 139, 155, true, true
18269655, 592652, 8824, 289, 139, 155, true, true
18272916, 592795, 8826, 291, 140, 153, true, true
18276043, 592919, 8827, 292, 141, 142, true, true
18316987, 594400, 8828, 293, 142, 141, true, true
18349124, 595620, 8829, 294, 143, 139, true, true
18384430, 596996, 8830, 295, 144, 139, true, true
18387384, 597120, 8830, 294, 143, 139, true, true
18599658, 605175, 8831, 295, 144, 140, true, true
19083851, 624261, 8831, 294, 143, 144, true, true
19134354, 626356, 8831, 292, 142, 145, true, true
19190137, 628655, 8833, 292, 141, 145, true, true
19190822, 628685, 8834, 292, 142, 143, true, true
19231278, 630391, 8834, 291, 141, 144, true, true
19254849, 631292, 8834, 290, 140, 144, true, true
19328515, 634198, 8835, 291, 141, 143, true, true
19344518, 634847, 8836, 292, 142, 140, true, true
19364405, 635648, 8836, 291, 141, 140, true, true
19379772, 636231, 8837, 292, 142, 137, true, true
19451547, 639148, 8838, 293, 143, 135, true, true
19464351, 639623, 8838, 291, 141, 135, true, true
19466440, 639725, 8838, 290, 140, 135, true, true
19468970, 639835, 8838, 289, 139, 135, true, true
19522164, 641966, 8838, 288, 138, 135, true, true
19575929, 644046, 8840, 290, 139, 134, true, true
19614880, 645535, 8840, 288, 138, 136, true, true
19623511, 645864, 8841, 289, 139, 135, true, true
19633355, 646284, 8841, 288, 138, 135, true, true
19729722, 650123, 8841, 287, 137, 138, true, true
19911028, 657475, 8841, 284, 136, 140, true, true
19915792, 657639, 8841, 283, 135, 140, true, true
19963100, 659644, 8841, 282, 134, 140, true, true
20005315, 661348, 8841, 281, 133, 140, true, true
20044264, 662764, 8842, 282, 134, 139, true, true
20101710, 664961, 8843, 283, 135, 138, true, true
20165307, 667579, 8843, 282, 134, 138, true, true
20295793, 672924, 8844, 283, 135, 132, true, true
20298276, 673035, 8846, 285, 136, 131, true, true
20337563, 674660, 8846, 284, 135, 131, true, true
20412365, 677724, 8846, 283, 134, 131, true, true
20564684, 683981, 8863, 296, 134, 130, true, true
20641115, 687191, 8864, 297, 135, 128, true, true
20661326, 688023, 8864, 296, 134, 129, true, true
20665994, 688231, 8865, 297, 135, 124, true, true
20689070, 689176, 8865, 296, 134, 124, true, true
20726601, 690665, 8865, 295, 133, 124, true, true
20760865, 691983, 8866, 296, 134, 121, true, true
20814354, 694082, 8867, 297, 135, 118, true, true
20968116, 700543, 8868, 298, 136, 121, true, true
20993503, 701536, 8868, 292, 135, 121, true, true
21003357, 701954, 8869, 291, 136, 120, true, true
21035422, 703264, 8869, 290, 135, 121, true, true
21078454, 705060, 8870, 290, 135, 117, true, true
21090969, 705533, 8871, 291, 136, 113, true, true
21194419, 709682, 8878, 296, 136, 113, true, true
21199983, 709906, 8878, 295, 135, 113, true, true
21239078, 711395, 8878, 293, 134, 113, true, true
21283092, 713160, 8878, 292, 133, 114, true, true
21316437, 714525, 8878, 290, 132, 114, true, true
21415334, 718614, 8879, 291, 133, 112, true, true
21702633, 730233, 8879, 289, 133, 116, true, true
21752554, 732260, 8880, 290, 134, 116, true, true
21756195, 732383, 8880, 289, 133, 116, true, true
21770897, 732965, 8881, 290, 134, 114, true, true
21776833, 733230, 8881, 288, 134, 114, true, true
21814211, 734717, 8881, 287, 133, 114, true, true
21829084, 735255, 8881, 286, 133, 115, true, true
21901203, 738147, 8882, 287, 134, 113, true, true
22214812, 750679, 8882, 286, 133, 118, true, true
22268798, 752880, 8882, 285, 132, 119, true, true
22492494, 762133, 8882, 284, 131, 121, true, true
22495184, 762214, 8882, 283, 130, 121, true, true
22584179, 766023, 8883, 284, 131, 119, true, true
22621899, 767616, 8887, 288, 132, 117, true, true
22644000, 768530, 8887, 287, 131, 117, true, true
22684147, 770234, 8887, 286, 130, 118, true, true
22836565, 776635, 8887, 285, 129, 123, true, true
22856531, 777455, 8887, 284, 128, 123, true, true
22888871, 778784, 8887, 283, 127, 123, true, true
22941123, 780929, 8887, 278, 126, 124, true, true
23015685, 784099, 8889, 280, 127, 123, true, true
23023207, 784404, 8889, 279, 126, 123, true, true
23039523, 785105, 8889, 278, 125, 123, true, true
23125488, 788630, 8890, 279, 126, 123, true, true
23198554, 791603, 8890, 276, 125, 124, true, true
23236778, 793205, 8891, 277, 126, 123, true, true
23665645, 811038, 8891, 275, 124, 128, true, true
23728330, 813608, 8891, 274, 123, 130, true, true
23757697, 814828, 8891, 273, 122, 130, true, true
23818795, 817328, 8892, 274, 123, 131, true, true
23911322, 821265, 8892, 273, 122, 132, true, true
23930229, 822058, 8892, 271, 121, 132, true, true
24003866, 825113, 8893, 272, 122, 130, true, true
24085307, 828359, 8893, 271, 121, 130, true, true
24107238, 829281, 8894, 272, 122, 129, true, true
24172649, 831966, 8895, 273, 123, 130, true, true
24173329, 832003, 8896, 274, 124, 129, true, true
24344151, 839044, 8896, 273, 123, 130, true, true
24417504, 842103, 8897, 274, 124, 127, true, true
24432774, 842721, 8898, 271, 125, 124, true, true
24448127, 843350, 8900, 273, 126, 123, true, true
24463882, 844021, 8900, 272, 125, 123, true, true
24498479, 845499, 8901, 273, 126, 122, true, true
24551843, 847786, 8901, 272, 125, 123, true, true
24628419, 850858, 8902, 273, 126, 121, true, true
24636342, 851185, 8903, 274, 127, 120, true, true
24645166, 851529, 8905, 276, 128, 119, true, true
24661261, 852169, 8905, 275, 127, 119, true, true
24663055, 852250, 8906, 276, 128, 118, true, true
24686052, 853220, 8906, 275, 127, 118, true, true
24718472, 854565, 8906, 274, 126, 118, true, true
24821582, 858989, 8907, 275, 127, 117, true, true
24875644, 861175, 8907, 274, 126, 117, true, true
24918498, 862936, 8908, 275, 127, 115, true, true
24922166, 863093, 8908, 274, 126, 115, true, true
24982165, 865524, 8908, 273, 125, 115, true, true
25035154, 867718, 8909, 274, 126, 111, true, true
25112313, 870834, 8909, 268, 125, 111, true, true
25129497, 871558, 8909, 267, 124, 112, true, true
25282377, 877658, 8910, 268, 125, 111, true, true
25416508, 883003, 8910, 267, 124, 113, true, true
25517240, 886934, 8911, 268, 125, 117, true, true
25556808, 888508, 8912, 269, 126, 115, true, true
25565037, 888832, 8913, 270, 127, 114, true, true
25647881, 892119, 8914, 271, 128, 114, true, true
25703270, 894441, 8915, 272, 129, 114, true, true
25729627, 895555, 8915, 271, 128, 114, true, true
25844400, 900203, 8915, 270, 127, 115, true, true
25935731, 903835, 8916, 271, 128, 115, true, true
25978695, 905573, 8917, 272, 129, 111, true, true
25981956, 905718, 8917, 271, 128, 111, true, true
26081614, 909843, 8918, 272, 129, 112, true, true
26093870, 910334, 8919, 273, 130, 105, true, true
26102286, 910665, 8919, 270, 129, 105, true, true
26137497, 912042, 8919, 269, 128, 105, true, true
26253830, 916754, 8919, 268, 127, 107, true, true
26340298, 920201, 8919, 267, 126, 108, true, true
26429945, 924024, 8919, 266, 125, 109, true, true
26442535, 924492, 8919, 222, 124, 109, true, true
26540090, 928439, 8919, 221, 123, 111, true, true
26780206, 938271, 8919, 220, 122, 112, true, true
26837407, 940655, 8920, 220, 122, 109, true, true
26989104, 946854, 8923, 223, 123, 108, true, true
27191291, 954964, 8925, 225, 124, 102, true, true
27193119, 955044, 8926, 226, 125, 101, true, true
27232078, 956651, 8926, 225, 124, 102, true, true
27637726, 973536, 8926, 224, 123, 107, true, true
27722753, 976995, 8928, 226, 124, 107, true, true
27915347, 985105, 8939, 236, 125, 105, true, true
27918708, 985242, 8940, 237, 126, 104, true, true
28001317, 988749, 8941, 238, 127, 103, true, true
28300415, 1001500, 8941, 237, 127, 106, true, true
28305773, 1001730, 8941, 235, 126, 106, true, true
28561256, 1012839, 8942, 236, 127, 107, true, true
28615024, 1015303, 8942, 235, 126, 107, true, true
28761402, 1021744, 8945, 237, 126, 106, true, true
29218909, 1042045, 8947, 239, 127, 111, true, true
29309114, 1046041, 8948, 240, 128, 109, true, true
29449841, 1052233, 8949, 241, 129, 111, true, true
29469863, 1053175, 8950, 242, 130, 109, true, true
29557056, 1057048, 8950, 241, 130, 110, true, true
29727918, 1064616, 8950, 240, 129, 111, true, true
29820694, 1068823, 8950, 239, 128, 111, true, true
29934134, 1074012, 8957, 246, 129, 111, true, true
29972756, 1075760, 8957, 245, 128, 111, true, true
30020830, 1077898, 8957, 244, 127, 112, true, true
30081159, 1080697, 8957, 243, 126, 112, true, true
30108943, 1081982, 8958, 244, 127, 111, true, true
30267946, 1089305, 8959, 245, 128, 110, true, true
30301679, 1090982, 8959, 244, 127, 110, true, true
30302467, 1091014, 8961, 245, 127, 108, true, true
30528621, 1101316, 8961, 244, 126, 110, true, true
30542160, 1101948, 8961, 243, 125, 110, true, true
30636719, 1106208, 8963, 243, 126, 107, true, true
30641727, 1106442, 8963, 238, 126, 107, true, true
30692617, 1108658, 8963, 237, 125, 108, true, true
30802291, 1113735, 8963, 235, 124, 109, true, true
30803124, 1113775, 8963, 234, 123, 109, true, true
30914191, 1118674, 8964, 229, 124, 109, true, true
31163649, 1129529, 8965, 230, 125, 107, true, true
31245299, 1133122, 8966, 231, 126, 108, true, true
31317858, 1136298, 8966, 230, 125, 109, true, true
31471780, 1143162, 8966, 227, 124, 110, true, true
31560274, 1147168, 8966, 226, 123, 111, true, true
31588886, 1148402, 8967, 227, 124, 108, true, true
31847398, 1160184, 8968, 228, 125, 104, true, true
31950035, 1164862, 8969, 229, 126, 103, true, true
32016405, 1167982, 8969, 228, 125, 103, true, true
32042543, 1169074, 8969, 227, 124, 103, true, true
32150367, 1173905, 8970, 228, 125, 104, true, true
32222344, 1177280, 8971, 229, 126, 104, true, true
32285158, 1180145, 8972, 230, 127, 101, true, true
32412325, 1186045, 8972, 228, 125, 102, true, true
32438589, 1187254, 8972, 227, 124, 102, true, true
32552530, 1192460, 8973, 228, 125, 101, true, true
32573236, 1193490, 8973, 227, 124, 102, true, true
32748084, 1201694, 8973, 223, 123, 104, true, true
32791938, 1203703, 8973, 222, 122, 105, true, true
32858326, 1206802, 8973, 221, 121, 105, true, true
32918318, 1209551, 8974, 222, 122, 103, true, true
33105646, 1218053, 8974, 221, 121, 104, true, true
33404990, 1231524, 8974, 220, 120, 104, true, true
33890111, 1253588, 8975, 221, 121, 107, true, true
33961180, 1256939, 8976, 222, 122, 106, true, true
34313345, 1273249, 8977, 223, 123, 104, true, true
34635489, 1288559, 8977, 222, 122, 107, true, true
34653215, 1289419, 8977, 220, 121, 107, true, true
34695318, 1291499, 8977, 210, 120, 107, true, true
34728448, 1293052, 8977, 208, 119, 107, true, true
34786889, 1295900, 8977, 197, 118, 107, true, true
34827827, 1297868, 8977, 196, 117, 107, true, true
34892545, 1300967, 8977, 195, 116, 107, true, true
35011842, 1306695, 8977, 194, 115, 110, true, true
35021466, 1307136, 8981, 198, 116, 105, true, true
35203374, 1315919, 8981, 193, 115, 106, true, true
35352287, 1323115, 8981, 191, 114, 108, true, true
35426651, 1326785, 8981, 190, 113, 109, true, true
35469763, 1328887, 8981, 189, 112, 110, true, true
36078366, 1358785, 8981, 188, 111, 119, true, true
36125690, 1361190, 8983, 190, 112, 118, true, true
36232905, 1366444, 8984, 191, 113, 118, true, true
36249422, 1367300, 8985, 192, 114, 117, true, true
36344937, 1372069, 8985, 191, 113, 118, true, true
36383531, 1373894, 8987, 193, 114, 116, true, true
36426750, 1376034, 8988, 194, 115, 116, true, true
36506210, 1379971, 8988, 193, 114, 116, true, true
36683671, 1388636, 8989, 194, 115, 112, true, true
36743007, 1391586, 8990, 195, 116, 108, true, true
36907946, 1399554, 8991, 196, 117, 108, true, true
37040745, 1406016, 8991, 195, 116, 110, true, true
37099592, 1408961, 8991, 194, 115, 110, true, true
37425754, 1425259, 8991, 193, 114, 117, true, true
37487849, 1428407, 8991, 191, 113, 118, true, true
37644778, 1436145, 8991, 189, 112, 119, true, true
37722150, 1440078, 8992, 190, 113, 120, true, true
37726997, 1440327, 8992, 189, 112, 120, true, true
37770964, 1442565, 8993, 190, 113, 115, true, true
37921226, 1449998, 8995, 192, 114, 116, true, true
38055989, 1456687, 8996, 193, 115, 117, true, true
38163376, 1461897, 8997, 194, 116, 116, true, true
38648120, 1486549, 8997, 193, 115, 121, true, true
38887096, 1498711, 8997, 191, 115, 124, true, true
38888042, 1498761, 8997, 189, 114, 124, true, true
38930065, 1500779, 8997, 188, 113, 124, true, true
39014595, 1505052, 8997, 186, 112, 124, true, true
39237488, 1516384, 8997, 185, 111, 126, true, true
39300770, 1519557, 8997, 182, 111, 126, true, true
39335302, 1521331, 8997, 181, 110, 126, true, true
39512191, 1529804, 8997, 180, 110, 127, true, true
39695304, 1539094, 8998, 181, 111, 127, true, true
39785250, 1543630, 8999, 182, 112, 124, true, true
39792561, 1543987, 9000, 183, 113, 122, true, true
39903500, 1549597, 9000, 182, 112, 123, true, true
40205905, 1564595, 9000, 181, 111, 127, true, true
40426970, 1575770, 9002, 183, 112, 123, true, true
40484751, 1578814, 9003, 183, 112, 120, true, true
40698383, 1589852, 9003, 182, 111, 121, true, true
40768885, 1593542, 9004, 183, 112, 116, true, true
40903530, 1600553, 9005, 184, 113, 114, true, true
41094915, 1610468, 9006, 185, 114, 114, true, true
41233900, 1617615, 9007, 186, 115, 111, true, true
41243634, 1618078, 9007, 185, 114, 111, true, true
41310491, 1621181, 9007, 184, 113, 111, true, true
41329620, 1622152, 9007, 183, 112, 111, true, true
41366051, 1623814, 9007, 182, 111, 112, true, true
41418909, 1626464, 9008, 183, 112, 111, true, true
41577694, 1634291, 9008, 182, 112, 112, true, true
41698128, 1640259, 9008, 181, 111, 112, true, true
41709419, 1640837, 9010, 183, 112, 111, true, true
42083702, 1659460, 9012, 185, 113, 109, true, true
42197447, 1665345, 9012, 184, 112, 109, true, true
42218112, 1666415, 9012, 183, 111, 109, true, true
42542684, 1682607, 9012, 182, 111, 111, true, true
42664916, 1688597, 9015, 185, 112, 110, true, true
42769504, 1693637, 9015, 184, 111, 110, true, true
42887182, 1699494, 9015, 183, 110, 111, true, true
43499299, 1730877, 9015, 182, 109, 113, true, true
43728987, 1742838, 9016, 183, 110, 111, true, true
44033272, 1758971, 9016, 181, 109, 113, true, true
44179780, 1766780, 9016, 180, 108, 114, true, true
44309328, 1773685, 9018, 180, 107, 114, true, true
44397995, 1778392, 9018, 179, 106, 116, true, true
44525193, 1785218, 9018, 178, 105, 116, true, true
44637940, 1791232, 9018, 177, 104, 117, true, true
44737218, 1796623, 9018, 176, 103, 117, true, true
45016991, 1811782, 9018, 175, 102, 118, true, true
45041282, 1813190, 9019, 176, 103, 117, true, true
45273318, 1825944, 9020, 177, 104, 116, true, true
45392821, 1832289, 9020, 176, 103, 116, true, true
45493768, 1837814, 9020, 175, 102, 116, true, true
45500409, 1838190, 9021, 175, 102, 115, true, true
45665948, 1847413, 9022, 176, 103, 112, true, true
45689435, 1848616, 9022, 175, 102, 113, true, true
45732867, 1850919, 9022, 172, 100, 113, true, true
45776146, 1853209, 9024, 174, 101, 112, true, true
45977951, 1864036, 9025, 175, 102, 111, true, true
46300350, 1881106, 9025, 174, 101, 113, true, true
46514000, 1892615, 9025, 173, 100, 115, true, true
46580435, 1895924, 9025, 172, 99, 115, true, true
46611575, 1897610, 9025, 171, 98, 115, true, true
46617695, 1897946, 9025, 170, 97, 115, true, true
46803529, 1907675, 9025, 169, 96, 118, true, true
46853326, 1910306, 9031, 171, 97, 116, true, true
46940050, 1914943, 9032, 172, 98, 115, true, true
46957144, 1915872, 9033, 173, 99, 114, true, true
47235044, 1930548, 9034, 174, 100, 113, true, true
47385711, 1938295, 9034, 173, 99, 114, true, true
47505514, 1944595, 9036, 175, 100, 111, true, true
47736026, 1956415, 9036, 174, 99, 111, true, true
48038011, 1972140, 9038, 174, 100, 108, true, true
48413674, 1991818, 9038, 173, 99, 111, true, true
48489677, 1995846, 9038, 172, 99, 112, true, true
48993201, 2022428, 9039, 173, 100, 113, true, true
49005691, 2023024, 9040, 174, 101, 110, true, true
49050639, 2025374, 9040, 172, 100, 111, true, true
49058680, 2025804, 9040, 171, 99, 111, true, true
49449211, 2045864, 9041, 172, 100, 110, true, true
49656997, 2056598, 9042, 173, 101, 109, true, true
49751943, 2061450, 9043, 174, 102, 107, true, true
50380684, 2093463, 9050, 181, 103, 111, true, true
50493807, 2099266, 9050, 180, 102, 111, true, true
50658088, 2107728, 9051, 181, 103, 111, true, true
51377086, 2144877, 9052, 182, 104, 116, true, true
51483262, 2150530, 9052, 181, 103, 117, true, true
51520537, 2152413, 9052, 180, 102, 117, true, true
51970703, 2176231, 9052, 179, 101, 118, true, true
52020470, 2178879, 9052, 178, 100, 119, true, true
52302486, 2193764, 9052, 176, 99, 121, true, true
52432967, 2200727, 9054, 177, 100, 120, true, true
52525361, 2205562, 9056, 179, 101, 118, true, true
52979158, 2229757, 9056, 178, 100, 121, true, true
53024679, 2232345, 9056, 177, 99, 123, true, true
53034763, 2232878, 9057, 178, 100, 122, true, true
53047854, 2233594, 9058, 179, 101, 121, true, true
53116946, 2237293, 9058, 178, 100, 121, true, true
53226251, 2243134, 9058, 176, 99, 122, true, true
53541536, 2259631, 9058, 175, 98, 124, true, true
53557842, 2260414, 9060, 177, 99, 123, true, true
53673207, 2266410, 9060, 176, 98, 123, true, true
53812008, 2273847, 9062, 178, 99, 121, true, true
53923849, 2279684, 9062, 177, 98, 123, true, true
54143800, 2290983, 9062, 176, 97, 124, true, true
54284517, 2298293, 9063, 175, 97, 120, true, true
54629653, 2316329, 9064, 176, 98, 118, true, true
54748799, 2322603, 9071, 183, 99, 117, true, true
54860358, 2328270, 9071, 181, 98, 117, true, true
55108068, 2341263, 9074, 184, 99, 117, true, true
55227154, 2347349, 9075, 185, 100, 116, true, true
55299029, 2351055, 9077, 182, 101, 113, true, true
55505683, 2361770, 9078, 183, 102, 107, true, true
55535188, 2363321, 9078, 182, 101, 107, true, true
55667376, 2370014, 9078, 181, 100, 110, true, true
55923750, 2383286, 9078, 178, 100, 112, true, true
56002627, 2387313, 9078, 177, 99, 112, true, true
56169024, 2395935, 9079, 178, 100, 112, true, true
56299938, 2402490, 9079, 177, 99, 113, true, true
56369395, 2406065, 9081, 177, 99, 111, true, true
56520227, 2413792, 9083, 179, 100, 108, true, true
56613444, 2418550, 9083, 178, 99, 108, true, true
56786329, 2427548, 9084, 179, 100, 109, true, true
57231717, 2450659, 9084, 177, 99, 112, true, true
57430602, 2460940, 9084, 176, 98, 113, true, true
57669179, 2473309, 9084, 174, 97, 114, true, true
57936285, 2487045, 9086, 176, 98, 112, true, true
58154429, 2498054, 9086, 175, 97, 112, true, true
58201596, 2500432, 9086, 174, 96, 113, true, true
58788335, 2530143, 9086, 171, 95, 114, true, true
58824357, 2531866, 9088, 173, 96, 113, true, true
58853233, 2533346, 9088, 171, 95, 113, true, true
59123195, 2546831, 9089, 172, 96, 112, true, true
59281629, 2554772, 9089, 170, 95, 113, true, true
59481799, 2564573, 9090, 171, 96, 111, true, true
59651832, 2573015, 9091, 172, 97, 109, true, true
60261037, 2603522, 9092, 173, 98, 111, true, true
60341030, 2607734, 9093, 174, 99, 109, true, true
60795639, 2631022, 9094, 175, 100, 109, true, true
61073877, 2645171, 9094, 174, 99, 109, true, true
61228088, 2653075, 9095, 175, 100, 107, true, true
61249446, 2654178, 9095, 174, 100, 108, true, true
61289326, 2656169, 9095, 173, 99, 108, true, true
61376005, 2660744, 9096, 174, 100, 104, true, true
61624708, 2673186, 9096, 173, 99, 104, true, true
61647488, 2674329, 9097, 174, 100, 102, true, true
61689403, 2676452, 9098, 175, 101, 101, true, true
61819577, 2682814, 9099, 176, 102, 100, true, true
61951770, 2689353, 9099, 169, 101, 100, true, true
62010831, 2692200, 9100, 170, 102, 99, true, true
62300222, 2706312, 9104, 174, 103, 98, true, true
62546018, 2718295, 9104, 173, 102, 98, true, true
62697628, 2725661, 9104, 172, 101, 100, true, true
62856927, 2733141, 9104, 171, 100, 102, true, true
63209980, 2750558, 9105, 172, 101, 101, true, true
63414058, 2760594, 9105, 171, 100, 101, true, true
64121763, 2795864, 9106, 172, 101, 106, true, true
64201274, 2799697, 9106, 171, 100, 106, true, true
64251951, 2802230, 9107, 171, 101, 103, true, true
64599082, 2819280, 9109, 173, 102, 101, true, true
64609091, 2819754, 9109, 171, 101, 101, true, true
64625171, 2820595, 9109, 170, 100, 101, true, true
64705965, 2824606, 9109, 169, 99, 101, true, true
64971527, 2837594, 9109, 168, 98, 101, true, true
65136414, 2845398, 9109, 167, 97, 103, true, true
65182516, 2847603, 9110, 168, 98, 101, true, true
65258335, 2851147, 9112, 170, 99, 99, true, true
65597613, 2867331, 9113, 171, 100, 100, true, true
65846496, 2879166, 9113, 170, 99, 101, true, true
65977317, 2885491, 9113, 169, 98, 101, true, true
66232677, 2897725, 9113, 167, 97, 102, true, true
66305556, 2901189, 9114, 164, 96, 102, true, true
66500027, 2910794, 9116, 163, 96, 99, true, true
66659663, 2918539, 9116, 162, 95, 99, true, true
66854176, 2927930, 9116, 161, 94, 99, true, true
67218340, 2945736, 9116, 160, 93, 102, true, true
67336002, 2951257, 9118, 161, 94, 101, true, true
67432547, 2955914, 9119, 162, 95, 98, true, true
67537356, 2960849, 9121, 164, 96, 99, true, true
67610666, 2964369, 9122, 165, 97, 98, true, true
67779043, 2972113, 9123, 166, 98, 97, true, true
67825804, 2974359, 9123, 165, 97, 97, true, true
68071813, 2985822, 9126, 168, 98, 94, true, true
68947793, 3026509, 9126, 160, 97, 96, true, true
68954144, 3026775, 9126, 159, 96, 96, true, true
69506390, 3052909, 9130, 163, 97, 96, true, true
69585738, 3056604, 9130, 162, 96, 97, true, true
69712460, 3062488, 9131, 163, 97, 93, true, true
69840734, 3068557, 9131, 161, 96, 93, true, true
70245037, 3087345, 9131, 160, 95, 93, true, true
70391888, 3094219, 9132, 161, 96, 95, true, true
70550101, 3101649, 9132, 158, 94, 96, true, true
70680651, 3107687, 9133, 159, 95, 95, true, true
71073492, 3125988, 9134, 160, 96, 96, true, true
71267651, 3135142, 9136, 162, 97, 96, true, true
71819809, 3160485, 9137, 163, 98, 95, true, true
72391109, 3187150, 9137, 162, 97, 98, true, true
72680125, 3200457, 9137, 161, 96, 98, true, true
72739807, 3203345, 9138, 162, 97, 95, true, true
73659440, 3246751, 9139, 163, 98, 97, true, true
73994329, 3262982, 9141, 165, 99, 95, true, true
74397455, 3282043, 9141, 164, 98, 97, true, true
74525583, 3288140, 9141, 163, 97, 97, true, true
75079518, 3314832, 9141, 161, 96, 99, true, true
75621156, 3340833, 9141, 160, 95, 99, true, true
76058503, 3361755, 9141, 159, 94, 100, true, true
76488344, 3382654, 9141, 158, 93, 102, true, true
76660649, 3391140, 9141, 157, 92, 103, true, true
77304843, 3422440, 9141, 156, 91, 107, true, true
77342509, 3424270, 9141, 155, 90, 107, true, true
77861419, 3449051, 9142, 156, 91, 107, true, true
79245023, 3515589, 9142, 154, 90, 107, true, true
79511522, 3528072, 9143, 155, 91, 106, true, true
79663538, 3535459, 9144, 156, 92, 105, true, true
79936428, 3548898, 9148, 160, 93, 100, true, true
80599120, 3580595, 9150, 162, 94, 99, true, true
82961684, 3696386, 9150, 160, 93, 104, true, true
83077958, 3702502, 9151, 161, 94, 102, true, true
83254279, 3711862, 9152, 162, 95, 98, true, true
83781449, 3738489, 9152, 159, 94, 99, true, true
83945107, 3746667, 9154, 161, 95, 96, true, true
84330375, 3766003, 9154, 157, 94, 96, true, true
84691245, 3784296, 9155, 158, 95, 95, true, true
85060753, 3803181, 9155, 155, 94, 95, true, true
86227753, 3863395, 9155, 153, 93, 96, true, true
87750434, 3940783, 9155, 151, 92, 103, true, true
88067433, 3956952, 9155, 150, 91, 103, true, true
88250417, 3966281, 9156, 151, 92, 102, true, true
88259442, 3966764, 9157, 152, 93, 100, true, true
88617440, 3984612, 9157, 150, 92, 100, true, true
89869556, 4048095, 9158, 151, 93, 102, true, true
90015603, 4055569, 9158, 149, 93, 103, true, true
90083752, 4059060, 9158, 148, 92, 104, true, true
90126514, 4061246, 9158, 147, 91, 104, true, true
90278957, 4069164, 9159, 148, 92, 102, true, true
90357576, 4073196, 9160, 148, 92, 101, true, true
90602682, 4085646, 9164, 152, 93, 99, true, true
90728877, 4091937, 9165, 153, 94, 98, true, true
91462299, 4127657, 9166, 154, 95, 98, true, true
91797191, 4144258, 9167, 155, 96, 98, true, true
92043692, 4156248, 9168, 156, 97, 99, true, true
92139367, 4160844, 9169, 157, 98, 98, true, true
92586316, 4182254, 9170, 158, 99, 99, true, true
92611411, 4183426, 9170, 157, 98, 99, true, true
93084758, 4205879, 9170, 156, 97, 100, true, true
93110824, 4207065, 9170, 153, 96, 100, true, true
93547727, 4228184, 9170, 151, 95, 102, true, true
94114300, 4255810, 9171, 152, 96, 99, true, true
94728334, 4285069, 9172, 153, 97, 98, true, true
94782405, 4287566, 9172, 152, 96, 98, true, true
95080159, 4301606, 9172, 151, 96, 98, true, true
95448618, 4319428, 9172, 150, 95, 98, true, true
96236340, 4357716, 9173, 151, 96, 97, true, true
96941693, 4394169, 9173, 150, 96, 97, true, true
97527410, 4425156, 9174, 151, 97, 94, true, true
97563184, 4427010, 9174, 149, 96, 94, true, true
97565680, 4427114, 9174, 148, 95, 94, true, true
97977590, 4448349, 9174, 147, 94, 95, true, true
98207279, 4460120, 9175, 148, 95, 94, true, true
98229931, 4461282, 9176, 149, 96, 91, true, true
98633053, 4481812, 9176, 148, 95, 91, true, true
98731881, 4486918, 9177, 149, 96, 89, true, true
98754836, 4488113, 9178, 150, 97, 87, true, true
99686095, 4536823, 9181, 153, 98, 86, false, true
99938330, 4550177, 9186, 158, 99, 83, false, true
100265536, 4567673, 9186, 153, 99, 83, false, true
100996381, 4606555, 9186, 149, 98, 83, false, true
101641572, 4640904, 9186, 148, 97, 83, false, true
102704826, 4697986, 9186, 147, 96, 83, false, true
103340911, 4732619, 9186, 146, 95, 83, false, true
103367756, 4733988, 9186, 142, 94, 83, false, true
103425655, 4737264, 9188, 144, 95, 82, false, true
103506424, 4741632, 9188, 143, 94, 82, false, true
103548913, 4743969, 9190, 145, 95, 81, false, true
104135114, 4775108, 9192, 147, 96, 76, false, true
104423450, 4790535, 9192, 145, 95, 76, false, true
104681880, 4804983, 9193, 146, 96, 74, false, true
105290207, 4839768, 9194, 147, 97, 72, false, true
105606955, 4857958, 9195, 148, 98, 70, false, true
105624932, 4858991, 9195, 145, 98, 70, false, true
105680294, 4862033, 9195, 144, 97, 70, false, true
105685930, 4862399, 9195, 143, 96, 70, false, true
106332630, 4898380, 9195, 142, 95, 70, false, true
106396180, 4901801, 9195, 141, 94, 70, false, true
106473559, 4905922, 9195, 140, 93, 70, false, true
106855014, 4927120, 9196, 141, 94, 67, false, true
108189287, 5000816, 9196, 139, 93, 67, false, true
108242042, 5003907, 9196, 135, 91, 67, false, true
109401451, 5068824, 9196, 134, 90, 67, false, true
109455103, 5071898, 9197, 135, 91, 66, false, true
109859473, 5094330, 9197, 134, 90, 66, false, true
110938942, 5155748, 9197, 133, 89, 66, false, true
111163174, 5168699, 9198, 134, 90, 65, false, true
111332866, 5178547, 9199, 135, 91, 64, false, true
112102808, 5221811, 9199, 134, 90, 64, false, true
112109164, 5222188, 9199, 129, 89, 64, false, true
112119615, 5222754, 9200, 130, 90, 62, false, true
113606892, 5307504, 9200, 129, 89, 62, false, true
115184579, 5399583, 9202, 131, 90, 61, false, true
115631865, 5425628, 9202, 130, 89, 61, false, true
115856126, 5438701, 9207, 135, 90, 60, false, true
115970872, 5445350, 9207, 130, 89, 60, false, true
116048559, 5449751, 9207, 129, 88, 60, false, true
116086750, 5451936, 9208, 130, 89, 59, false, true
116308716, 5465042, 9209, 131, 90, 58, false, true
116449778, 5473244, 9209, 130, 89, 58, false, true
116806084, 5493596, 9211, 132, 90, 57, false, true
117491958, 5530593, 9212, 133, 91, 56, false, true
117781415, 5545757, 9213, 134, 92, 55, false, true
117938844, 5553526, 9213, 133, 91, 55, false, true
118244121, 5568926, 9213, 132, 90, 55, false, true
118613285, 5588976, 9214, 133, 91, 54, false, true
120307006, 5687802, 9215, 134, 92, 53, false, true
120337845, 5689758, 9215, 133, 91, 53, false, true
120427215, 5695386, 9216, 134, 92, 52, false, true
120870591, 5722174, 9218, 136, 93, 51, false, true
120880494, 5722801, 9218, 135, 92, 51, false, true
121332920, 5749602, 9224, 141, 93, 50, false, true
122018842, 5791404, 9225, 142, 94, 49, false, true
123200282, 5863678, 9226, 143, 95, 47, false, true
124030540, 5914717, 9227, 144, 96, 46, false, true
124523316, 5945250, 9227, 142, 95, 46, false, true
125852092, 6030791, 9228, 143, 96, 45, false, true
126215971, 6053855, 9228, 142, 95, 45, false, true
126669536, 6083410, 9229, 143, 96, 44, false, true
128124381, 6177608, 9229, 142, 95, 44, false, true
128152360, 6179505, 9230, 143, 96, 39, false, true
128200325, 6182791, 9231, 144, 97, 37, false, true
128436130, 6198247, 9231, 142, 96, 37, false, true
129130724, 6243256, 9232, 143, 97, 36, false, true
129155938, 6244951, 9232, 142, 96, 36, false, true
129477540, 6266175, 9232, 141, 95, 36, false, true
129499573, 6267481, 9233, 142, 96, 34, false, true
130423427, 6328496, 9234, 142, 97, 33, false, true
130683462, 6345687, 9235, 143, 98, 32, false, true
130950174, 6362953, 9236, 144, 99, 30, false, true
131559477, 6401919, 9237, 145, 100, 29, false, true
132636570, 6472121, 9239, 147, 101, 28, false, true
132664946, 6474117, 9239, 146, 100, 28, false, true
132930427, 6491045, 9240, 147, 101, 27, false, true
133841412, 6548388, 9241, 148, 102, 26, false, true
134402058, 6584202, 9241, 147, 101, 26, false, true
135079439, 6627790, 9242, 148, 102, 24, false, true
137182412, 6763268, 9243, 149, 103, 23, false, true
137201649, 6764530, 9244, 149, 104, 22, false, true
137748682, 6799865, 9244, 148, 103, 22, false, true
137801797, 6803504, 9244, 147, 102, 22, false, true
137963829, 6813988, 9244, 146, 101, 22, false, true
138343098, 6837800, 9244, 145, 100, 22, false, true
139279483, 6897485, 9246, 147, 101, 21, false, true
142318525, 7093882, 9246, 146, 100, 21, false, true
142910251, 7132685, 9247, 146, 101, 20, false, true
143688928, 7182723, 9248, 147, 102, 19, false, true
144160118, 7212973, 9248, 146, 101, 19, false, true
144586875, 7240008, 9248, 145, 100, 19, false, true
144886040, 7259460, 9249, 146, 101, 18, false, true
145928674, 7325299, 9249, 142, 100, 18, false, true
146486361, 7360947, 9253, 146, 101, 17, false, true
146660178, 7372021, 9253, 142, 100, 17, false, true
147665986, 7434560, 9253, 141, 99, 17, false, true
148090549, 7461198, 9253, 140, 98, 17, false, true
148150062, 7464809, 9253, 139, 97, 17, false, true
148330120, 7475578, 9253, 136, 97, 17, false, true
149260039, 7532784, 9253, 135, 96, 17, false, true
150709759, 7623702, 9253, 134, 95, 17, false, true
150718783, 7624287, 9253, 133, 94, 17, false, true
152846566, 7757079, 9254, 134, 95, 16, false, true
153072384, 7771227, 9256, 136, 96, 14, false, true
153103389, 7773159, 9258, 138, 97, 13, false, true
153367671, 7789351, 9260, 140, 98, 12, false, true
153576996, 7802214, 9261, 141, 99, 11, false, true
153671173, 7807835, 9262, 142, 100, 10, false, true
154591791, 7863311, 9262, 141, 99, 10, false, true
157036534, 8015090, 9263, 142, 100, 9, false, true
157060104, 8016595, 9263, 141, 99, 9, false, true
157376498, 8036179, 9263, 140, 98, 9, false, true
158573982, 8110202, 9265, 142, 99, 8, false, true
158668607, 8116279, 9265, 141, 98, 8, false, true
158804385, 8124904, 9265, 140, 97, 8, false, true
158817818, 8125793, 9266, 141, 98, 7, false, true
159145402, 8146215, 9266, 140, 97, 7, false, true
160412596, 8227143, 9268, 142, 98, 6, false, true
161416716, 8291890, 9269, 142, 99, 5, false, true
161580469, 8302372, 9270, 143, 100, 4, false, true
161921218, 8324178, 9271, 144, 101, 3, false, true
162497374, 8361264, 9272, 145, 102, 2, false, true
162737729, 8376716, 9272, 144, 101, 2, false, true
163909021, 8452655, 9272, 143, 100, 2, false, true
164181369, 8470453, 9274, 145, 101, 1, false, true
164782716, 8509800, 9274, 144, 101, 1, false, true
165346002, 8546290, 9274, 142, 99, 1, false, true
170390706, 8879083, 9275, 143, 100, 0, false, true
