time, #execs, #covered, #singletons, #sglt_clusts, #foundnew, done, update?
36, 1, 847, 847, 1, 1, true, true
37, 2, 977, 362, 2, 2, true, true
38, 3, 1761, 1023, 3, 3, true, true
39, 4, 1896, 1093, 4, 4, true, true
40, 5, 2014, 1156, 5, 5, true, true
40, 6, 2056, 1150, 6, 6, true, true
42, 7, 2066, 1132, 7, 7, true, true
43, 8, 2204, 1052, 8, 8, true, true
44, 9, 2207, 1052, 9, 9, true, true
45, 10, 2309, 1066, 10, 10, true, true
47, 11, 2350, 1060, 11, 11, true, true
48, 12, 2353, 1061, 12, 9, true, true
49, 13, 2380, 1076, 13, 10, true, true
50, 14, 2430, 1116, 14, 10, true, true
51, 15, 2464, 1142, 15, 11, true, true
52, 16, 2464, 1139, 14, 12, true, true
53, 17, 2487, 1150, 15, 13, true, true
54, 18, 2515, 1120, 16, 14, true, true
55, 20, 2516, 1120, 17, 14, true, true
59, 21, 3034, 1110, 18, 14, true, true
60, 22, 3044, 1101, 19, 13, true, true
61, 23, 3045, 1100, 20, 14, true, true
76, 25, 3081, 999, 21, 14, true, true
79, 26, 3093, 1007, 22, 15, true, true
82, 27, 3103, 934, 23, 16, true, true
84, 29, 3123, 889, 24, 18, true, true
85, 30, 3123, 882, 23, 19, true, true
87, 32, 3130, 870, 24, 22, true, true
89, 33, 3132, 871, 25, 21, true, true
90, 35, 3197, 822, 26, 24, true, true
92, 36, 3205, 816, 27, 25, true, true
96, 40, 3205, 811, 27, 31, true, true
97, 41, 3214, 817, 28, 32, true, true
100, 43, 3214, 806, 28, 32, true, true
103, 44, 3214, 805, 28, 34, true, true
104, 45, 3246, 830, 29, 34, true, true
302, 46, 3282, 801, 30, 34, true, true
304, 47, 3286, 805, 31, 35, true, true
309, 48, 3286, 803, 31, 36, true, true
312, 49, 3315, 826, 31, 36, true, true
315, 50, 3327, 664, 32, 37, true, true
318, 51, 3341, 624, 33, 38, true, true
320, 52, 3343, 624, 34, 39, true, true
323, 53, 3393, 639, 35, 39, true, true
325, 54, 3394, 637, 35, 38, true, true
327, 55, 3434, 666, 36, 39, true, true
330, 56, 3436, 665, 37, 39, true, true
332, 57, 3459, 668, 37, 40, true, true
334, 59, 3461, 670, 38, 42, true, true
343, 61, 3464, 668, 39, 43, true, true
345, 62, 3466, 661, 40, 43, true, true
347, 63, 3601, 787, 41, 44, true, true
352, 64, 3609, 766, 42, 43, true, true
357, 66, 3615, 765, 43, 46, true, true
360, 67, 3632, 773, 44, 47, true, true
365, 68, 3651, 777, 45, 47, true, true
367, 69, 3657, 783, 46, 47, true, true
372, 70, 3706, 798, 47, 47, true, true
375, 71, 3707, 799, 48, 47, true, true
378, 72, 3729, 796, 48, 48, true, true
382, 73, 3730, 795, 49, 48, true, true
393, 76, 3752, 808, 50, 52, true, true
396, 77, 3768, 806, 50, 52, true, true
398, 78, 3795, 821, 51, 53, true, true
399, 79, 3798, 822, 52, 53, true, true
402, 80, 3799, 814, 53, 53, true, true
405, 81, 3799, 813, 52, 55, true, true
408, 82, 3802, 810, 53, 55, true, true
415, 87, 3802, 803, 53, 61, true, true
418, 88, 3803, 798, 54, 60, true, true
422, 90, 3834, 817, 55, 62, true, true
427, 92, 3837, 819, 56, 64, true, true
429, 93, 3838, 815, 56, 65, true, true
431, 94, 3840, 816, 57, 65, true, true
1064, 95, 3856, 809, 58, 66, true, true
1679, 98, 3858, 807, 58, 68, true, true
1685, 99, 3858, 804, 57, 70, true, true
1688, 100, 3861, 806, 58, 70, true, true
1690, 101, 3863, 806, 58, 69, true, true
1692, 102, 3866, 807, 59, 69, true, true
1694, 103, 3894, 819, 60, 69, true, true
1697, 104, 3895, 812, 61, 70, true, true
1700, 105, 3902, 818, 61, 71, true, true
1703, 106, 3912, 825, 62, 71, true, true
1706, 107, 3912, 822, 61, 71, true, true
1713, 109, 3915, 817, 61, 73, true, true
1714, 110, 3917, 819, 62, 73, true, true
1721, 112, 3956, 840, 63, 73, true, true
1724, 113, 3961, 837, 62, 73, true, true
1728, 114, 3966, 842, 63, 73, true, true
1733, 115, 3968, 838, 64, 73, true, true
1736, 116, 3969, 832, 64, 73, true, true
1741, 117, 3971, 829, 63, 72, true, true
1746, 119, 3977, 826, 64, 73, true, true
1753, 120, 3977, 825, 64, 74, true, true
1756, 121, 3983, 831, 65, 75, true, true
1759, 123, 3993, 841, 66, 75, true, true
1763, 125, 3996, 837, 65, 73, true, true
1774, 126, 4003, 828, 66, 74, true, true
1790, 129, 4010, 809, 67, 76, true, true
1795, 130, 4022, 792, 68, 74, true, true
1799, 131, 4022, 790, 68, 76, true, true
1802, 132, 4043, 808, 69, 76, true, true
1805, 133, 4070, 761, 70, 75, true, true
1808, 134, 4078, 764, 71, 75, true, true
1812, 135, 4232, 857, 72, 73, true, true
1815, 136, 4234, 859, 73, 73, true, true
1819, 138, 4238, 847, 74, 75, true, true
1822, 139, 4238, 846, 74, 76, true, true
1836, 142, 4239, 846, 75, 79, true, true
1842, 144, 4240, 847, 76, 81, true, true
1845, 146, 4241, 840, 77, 81, true, true
1851, 147, 4241, 839, 76, 82, true, true
1859, 148, 4242, 838, 76, 81, true, true
1863, 149, 4244, 840, 77, 77, true, true
1870, 151, 4250, 846, 78, 77, true, true
1873, 152, 4251, 845, 78, 75, true, true
1876, 153, 4256, 841, 78, 76, true, true
1881, 155, 4269, 852, 78, 79, true, true
1887, 156, 4273, 852, 79, 78, true, true
1891, 158, 4279, 858, 80, 78, true, true
1898, 159, 4279, 850, 80, 79, true, true
1906, 160, 4279, 847, 80, 80, true, true
1910, 161, 4281, 847, 81, 81, true, true
1914, 162, 4282, 845, 82, 81, true, true
1917, 163, 4283, 846, 83, 81, true, true
1933, 165, 4284, 846, 84, 83, true, true
1942, 167, 4285, 834, 84, 84, true, true
1957, 169, 4316, 815, 85, 84, true, true
1970, 170, 4316, 813, 84, 85, true, true
1989, 173, 4318, 810, 85, 87, true, true
1993, 174, 4365, 851, 86, 87, true, true
1996, 176, 4370, 856, 87, 88, true, true
2005, 177, 4370, 854, 87, 88, true, true
2018, 179, 4371, 852, 88, 88, true, true
2023, 180, 4372, 845, 89, 87, true, true
2041, 182, 4372, 844, 89, 88, true, true
2046, 183, 4374, 846, 90, 88, true, true
2051, 184, 4376, 846, 90, 88, true, true
2055, 185, 4378, 848, 91, 88, true, true
2060, 186, 4407, 843, 92, 86, true, true
2066, 187, 4411, 836, 91, 87, true, true
2070, 189, 4413, 838, 92, 90, true, true
2074, 190, 4427, 851, 93, 90, true, true
2085, 193, 4431, 848, 93, 92, true, true
2091, 194, 4431, 844, 92, 92, true, true
2108, 196, 4436, 838, 92, 93, true, true
2113, 197, 4439, 832, 93, 94, true, true
2118, 198, 4440, 825, 93, 93, true, true
2122, 199, 4441, 824, 94, 91, true, true
2134, 200, 4441, 822, 94, 91, true, true
2142, 201, 4460, 840, 95, 91, true, true
2151, 204, 4486, 781, 96, 93, true, true
2159, 205, 4516, 807, 97, 92, true, true
2189, 207, 4516, 806, 96, 95, true, true
2209, 209, 4517, 807, 97, 95, true, true
2216, 210, 4524, 813, 98, 93, true, true
2224, 211, 4532, 818, 99, 93, true, true
2241, 212, 4532, 817, 98, 94, true, true
2267, 215, 4532, 815, 97, 97, true, true
2273, 216, 4533, 815, 98, 97, true, true
2291, 217, 4533, 814, 97, 98, true, true
2296, 218, 4536, 817, 98, 97, true, true
2301, 219, 4537, 818, 99, 97, true, true
2324, 222, 4546, 819, 100, 97, true, true
2373, 229, 4546, 817, 100, 104, true, true
2392, 231, 4546, 816, 100, 105, true, true
2401, 232, 4550, 817, 101, 103, true, true
2410, 233, 4550, 816, 100, 105, true, true
2417, 234, 4556, 802, 101, 105, true, true
2423, 236, 4559, 805, 102, 106, true, true
2429, 238, 4563, 807, 102, 105, true, true
2452, 240, 4564, 804, 103, 104, true, true
2458, 241, 4567, 804, 103, 103, true, true
2465, 242, 4581, 801, 104, 104, true, true
2470, 243, 4582, 802, 105, 104, true, true
2478, 245, 4583, 798, 106, 104, true, true
2490, 250, 4583, 796, 106, 108, true, true
2497, 251, 4585, 794, 105, 107, true, true
2503, 252, 4587, 796, 106, 105, true, true
2523, 254, 4587, 795, 105, 107, true, true
2542, 255, 4587, 793, 105, 108, true, true
2552, 257, 4588, 790, 106, 108, true, true
2559, 258, 4595, 785, 106, 107, true, true
2595, 261, 4596, 773, 107, 107, true, true
2600, 262, 4597, 774, 108, 106, true, true
2606, 263, 4686, 836, 108, 103, true, true
2625, 265, 4686, 835, 108, 105, true, true
2642, 267, 4687, 834, 109, 103, true, true
2645, 268, 4722, 869, 110, 103, true, true
2654, 271, 4723, 870, 111, 105, true, true
2663, 273, 4727, 872, 112, 104, true, true
2674, 274, 4728, 867, 113, 104, true, true
2688, 276, 4732, 865, 113, 104, true, true
2706, 277, 4735, 868, 114, 103, true, true
2718, 279, 4748, 862, 113, 105, true, true
2728, 280, 4748, 861, 112, 105, true, true
2740, 281, 4748, 859, 112, 106, true, true
2748, 282, 4751, 862, 113, 106, true, true
2775, 285, 4758, 860, 114, 107, true, true
2785, 287, 4760, 860, 115, 106, true, true
2796, 288, 4762, 782, 116, 105, true, true
2807, 289, 4763, 783, 117, 103, true, true
2837, 292, 4763, 779, 116, 106, true, true
2853, 293, 4763, 778, 115, 108, true, true
2901, 298, 4763, 777, 114, 112, true, true
2915, 299, 4806, 810, 115, 112, true, true
2939, 305, 4808, 812, 116, 117, true, true
2968, 306, 4808, 810, 116, 118, true, true
2975, 307, 4810, 812, 117, 117, true, true
2983, 308, 4812, 812, 118, 117, true, true
2992, 309, 4817, 815, 117, 114, true, true
2999, 310, 4818, 815, 118, 114, true, true
3010, 311, 4818, 812, 117, 115, true, true
3020, 312, 4819, 813, 118, 114, true, true
3043, 313, 4819, 812, 118, 114, true, true
3083, 316, 4820, 812, 119, 116, true, true
3103, 317, 4820, 811, 118, 116, true, true
3108, 318, 4844, 802, 119, 115, true, true
3121, 319, 4846, 804, 120, 115, true, true
3142, 321, 4847, 804, 120, 117, true, true
3149, 322, 4849, 806, 121, 116, true, true
3172, 324, 4852, 808, 122, 115, true, true
3204, 326, 4853, 808, 123, 114, true, true
3234, 327, 4857, 790, 124, 112, true, true
3241, 328, 4857, 786, 124, 114, true, true
3262, 329, 4857, 785, 123, 114, true, true
3276, 330, 4858, 786, 124, 112, true, true
3321, 331, 4858, 785, 124, 112, true, true
3353, 332, 4858, 782, 124, 113, true, true
3378, 334, 4858, 779, 122, 113, true, true
3411, 337, 5245, 1130, 119, 114, true, true
3415, 338, 5327, 1129, 120, 114, true, true
3422, 339, 5330, 1130, 120, 112, true, true
3431, 341, 5343, 1124, 121, 112, true, true
3457, 343, 5385, 1137, 121, 111, true, true
3477, 346, 5385, 1136, 120, 115, true, true
3489, 347, 5387, 1137, 120, 112, true, true
3518, 349, 5387, 1136, 120, 114, true, true
3533, 350, 5394, 1142, 121, 113, true, true
3735, 352, 5394, 1128, 120, 113, true, true
3744, 355, 5396, 1126, 120, 114, true, true
3784, 357, 5399, 1120, 119, 114, true, true
3812, 359, 5399, 1119, 118, 115, true, true
3847, 363, 5473, 1064, 118, 114, true, true
3870, 365, 5473, 1062, 117, 116, true, true
3904, 367, 5473, 1059, 116, 116, true, true
3921, 368, 5473, 1058, 116, 117, true, true
3944, 370, 5477, 1061, 117, 117, true, true
3978, 373, 5481, 1065, 118, 117, true, true
3989, 374, 5484, 1063, 119, 117, true, true
3996, 375, 5485, 1063, 119, 117, true, true
4005, 376, 5489, 1063, 120, 117, true, true
4013, 377, 5492, 1066, 121, 116, true, true
4038, 378, 5493, 1067, 122, 114, true, true
4049, 380, 5493, 1063, 122, 117, true, true
4106, 382, 5495, 1061, 123, 115, true, true
4129, 383, 5495, 1060, 123, 116, true, true
4147, 384, 5496, 1055, 124, 114, true, true
4155, 385, 5497, 1053, 125, 114, true, true
4174, 386, 5497, 1052, 125, 115, true, true
4207, 389, 5498, 1050, 126, 117, true, true
4215, 391, 5501, 1050, 127, 116, true, true
4227, 393, 5502, 1051, 128, 116, true, true
4235, 394, 5504, 1050, 129, 115, true, true
4312, 398, 5504, 1049, 128, 118, true, true
4347, 401, 5507, 1052, 129, 117, true, true
4374, 404, 5507, 1050, 129, 118, true, true
4385, 405, 5507, 1049, 129, 120, true, true
4402, 406, 5507, 1047, 128, 121, true, true
4515, 411, 5507, 1046, 128, 125, true, true
4525, 412, 5510, 1049, 129, 124, true, true
4533, 414, 5535, 1072, 130, 122, true, true
4605, 418, 5546, 1082, 131, 122, true, true
4670, 422, 5549, 1082, 131, 122, true, true
4682, 423, 5550, 1082, 132, 122, true, true
4705, 425, 5554, 1082, 132, 122, true, true
4718, 426, 5554, 1081, 132, 123, true, true
4790, 430, 5567, 1069, 132, 123, true, true
4830, 431, 5567, 1068, 131, 123, true, true
4853, 432, 5569, 1070, 132, 124, true, true
4867, 433, 5570, 1071, 133, 123, true, true
4971, 436, 5570, 1070, 132, 125, true, true
5037, 439, 5570, 1069, 132, 128, true, true
5067, 440, 5570, 1066, 132, 128, true, true
5083, 441, 5574, 1060, 132, 127, true, true
5129, 445, 5574, 1055, 131, 130, true, true
5179, 447, 5574, 1052, 130, 131, true, true
5192, 448, 5575, 1050, 129, 130, true, true
5216, 450, 5581, 1056, 130, 131, true, true
5225, 452, 5582, 1055, 131, 132, true, true
5234, 453, 5582, 1050, 130, 132, true, true
5263, 456, 5584, 1052, 131, 131, true, true
5309, 459, 5584, 1050, 131, 132, true, true
5331, 460, 5584, 1049, 130, 133, true, true
5409, 465, 5589, 1054, 131, 132, true, true
5439, 466, 5594, 1042, 132, 130, true, true
5454, 467, 5595, 1042, 132, 129, true, true
5495, 469, 5596, 1043, 133, 128, true, true
5515, 470, 5596, 1042, 133, 128, true, true
5597, 474, 5631, 1055, 134, 129, true, true
5722, 480, 5631, 1039, 134, 133, true, true
5802, 484, 5632, 1040, 135, 134, true, true
5812, 486, 5634, 1039, 135, 136, true, true
5821, 489, 5636, 1041, 136, 136, true, true
5834, 490, 5636, 1040, 136, 137, true, true
5842, 491, 5638, 1042, 137, 134, true, true
5866, 492, 5638, 1041, 137, 134, true, true
5901, 493, 5646, 1046, 138, 133, true, true
5950, 497, 5652, 1052, 139, 136, true, true
5963, 498, 5653, 1053, 140, 136, true, true
6078, 504, 5653, 1052, 140, 139, true, true
6088, 506, 5654, 1053, 141, 140, true, true
6118, 508, 5655, 1054, 142, 138, true, true
6142, 509, 5655, 1053, 141, 139, true, true
6152, 510, 5656, 1054, 142, 138, true, true
6178, 511, 5656, 1052, 142, 138, true, true
6216, 512, 5657, 1053, 143, 138, true, true
6258, 514, 5660, 1056, 144, 135, true, true
6261, 515, 5660, 1055, 143, 135, true, true
6295, 517, 5669, 1062, 144, 135, true, true
6346, 519, 5669, 1061, 144, 137, true, true
6420, 524, 5669, 1060, 143, 138, true, true
6531, 529, 5669, 1059, 143, 143, true, true
6541, 530, 5671, 1060, 144, 142, true, true
6647, 534, 5672, 1061, 145, 143, true, true
6703, 536, 5673, 1058, 146, 144, true, true
6711, 537, 5674, 1058, 146, 144, true, true
6724, 539, 5675, 1059, 147, 143, true, true
6760, 542, 5675, 1058, 147, 146, true, true
6803, 544, 5675, 1057, 146, 147, true, true
6867, 546, 5676, 1057, 146, 147, true, true
6884, 547, 5677, 1057, 146, 147, true, true
6916, 548, 5677, 1044, 144, 147, true, true
6958, 549, 5677, 1041, 144, 147, true, true
7009, 552, 5678, 1036, 145, 148, true, true
7085, 556, 5697, 1032, 145, 148, true, true
7097, 557, 5710, 1044, 146, 147, true, true
7127, 558, 5711, 1042, 145, 147, true, true
7221, 564, 5712, 1043, 146, 150, true, true
7263, 567, 5713, 1040, 145, 149, true, true
7291, 569, 5713, 1039, 145, 151, true, true
7490, 580, 5713, 1038, 144, 156, true, true
7504, 582, 5714, 1036, 145, 155, true, true
7538, 583, 5714, 1035, 144, 155, true, true
7548, 584, 5714, 1034, 143, 155, true, true
7567, 585, 5714, 1030, 141, 157, true, true
7576, 586, 5715, 1030, 141, 156, true, true
7835, 587, 5727, 1040, 142, 157, true, true
7910, 589, 5728, 1041, 143, 157, true, true
7932, 590, 5728, 1036, 142, 159, true, true
7957, 591, 5731, 1024, 143, 158, true, true
8110, 598, 5731, 1023, 143, 160, true, true
8212, 603, 5732, 1023, 144, 165, true, true
8226, 604, 5734, 1025, 145, 163, true, true
8234, 605, 5737, 1021, 146, 160, true, true
8276, 607, 5738, 1022, 147, 159, true, true
8312, 609, 5739, 1023, 148, 158, true, true
8331, 610, 5739, 1020, 148, 158, true, true
8360, 612, 5740, 1020, 148, 158, true, true
8440, 616, 5741, 1018, 147, 160, true, true
8452, 617, 5742, 1019, 148, 159, true, true
8529, 620, 5745, 1021, 149, 162, true, true
8545, 621, 5746, 1021, 149, 161, true, true
8678, 627, 5751, 1021, 150, 161, true, true
8695, 628, 5751, 1016, 149, 162, true, true
8706, 629, 5752, 1017, 150, 162, true, true
8743, 631, 5755, 1020, 151, 162, true, true
8838, 634, 5755, 1018, 150, 164, true, true
8965, 637, 5757, 1020, 151, 164, true, true
8977, 639, 5759, 1019, 152, 161, true, true
9008, 641, 5791, 1013, 152, 161, true, true
9050, 643, 5792, 1013, 152, 161, true, true
9279, 656, 5797, 1017, 153, 165, true, true
9588, 663, 5797, 1015, 151, 168, true, true
9782, 669, 5797, 989, 151, 169, true, true
9819, 670, 5797, 988, 150, 169, true, true
9904, 674, 5798, 989, 151, 168, true, true
9921, 676, 5800, 991, 152, 165, true, true
9962, 678, 5810, 983, 153, 165, true, true
9984, 679, 5810, 981, 152, 165, true, true
10024, 681, 5810, 980, 151, 168, true, true
10057, 682, 5810, 977, 150, 168, true, true
10110, 686, 5814, 981, 151, 170, true, true
10132, 687, 5814, 980, 150, 171, true, true
10174, 689, 5827, 980, 151, 170, true, true
10206, 690, 5827, 979, 150, 170, true, true
10272, 694, 5828, 979, 151, 172, true, true
10292, 695, 5828, 978, 150, 172, true, true
10318, 697, 5829, 979, 151, 171, true, true
10502, 709, 5830, 980, 152, 174, true, true
10513, 710, 5832, 978, 153, 173, true, true
10531, 712, 5832, 974, 151, 174, true, true
10542, 713, 5833, 974, 151, 172, true, true
10577, 717, 5833, 973, 151, 173, true, true
10710, 720, 5833, 955, 151, 175, true, true
10786, 721, 5833, 951, 149, 175, true, true
10896, 725, 5835, 947, 149, 174, true, true
11006, 728, 5836, 946, 149, 174, true, true
11098, 730, 5837, 947, 150, 174, true, true
11277, 735, 5838, 948, 151, 175, true, true
11430, 738, 5914, 935, 148, 172, true, true
11554, 743, 5915, 935, 149, 175, true, true
11657, 747, 5932, 900, 149, 173, true, true
11675, 748, 5933, 901, 150, 173, true, true
11704, 749, 5935, 898, 150, 172, true, true
11775, 751, 5935, 897, 150, 173, true, true
11780, 752, 5939, 898, 150, 171, true, true
11805, 753, 5941, 889, 150, 170, true, true
11893, 756, 5941, 888, 150, 171, true, true
11908, 757, 5941, 882, 149, 173, true, true
11918, 758, 5944, 885, 150, 172, true, true
11929, 759, 5945, 886, 151, 171, true, true
12027, 763, 5945, 884, 150, 173, true, true
12034, 765, 5946, 884, 150, 174, true, true
12075, 766, 5946, 883, 150, 174, true, true
12144, 769, 5946, 882, 149, 176, true, true
12220, 772, 5946, 880, 149, 176, true, true
12320, 776, 5946, 878, 148, 178, true, true
12375, 778, 5948, 874, 149, 178, true, true
12476, 781, 5948, 867, 148, 178, true, true
12560, 784, 5950, 867, 147, 177, true, true
12624, 788, 5950, 863, 146, 180, true, true
12633, 789, 5955, 867, 146, 174, true, true
12678, 791, 5960, 872, 147, 175, true, true
12690, 792, 5961, 873, 148, 174, true, true
12849, 796, 5961, 872, 148, 175, true, true
12925, 798, 5961, 862, 148, 176, true, true
13039, 804, 5962, 862, 148, 176, true, true
13158, 808, 5962, 860, 147, 176, true, true
13168, 809, 5963, 861, 148, 174, true, true
13191, 811, 5964, 862, 149, 172, true, true
13230, 813, 5966, 864, 150, 173, true, true
13346, 817, 5966, 851, 150, 174, true, true
13384, 818, 5973, 858, 151, 174, true, true
13402, 819, 5974, 859, 152, 171, true, true
13495, 822, 5975, 860, 153, 169, true, true
13542, 823, 5975, 859, 152, 169, true, true
13562, 824, 5976, 860, 153, 165, true, true
13807, 833, 5977, 860, 153, 168, true, true
14103, 844, 5978, 861, 154, 166, true, true
14170, 846, 5979, 862, 155, 165, true, true
14193, 847, 5979, 860, 154, 166, true, true
14355, 851, 5980, 861, 155, 165, true, true
14415, 853, 5980, 860, 154, 167, true, true
14442, 854, 5985, 861, 155, 163, true, true
14683, 864, 5985, 860, 154, 167, true, true
14745, 867, 5987, 856, 154, 167, true, true
14827, 870, 5987, 855, 153, 168, true, true
14877, 873, 5989, 848, 152, 167, true, true
14888, 874, 5996, 854, 152, 166, true, true
14915, 875, 5997, 825, 152, 165, true, true
15003, 880, 5997, 823, 152, 165, true, true
15118, 882, 5997, 822, 151, 165, true, true
15132, 883, 5998, 823, 152, 164, true, true
15149, 884, 5999, 824, 153, 164, true, true
15197, 885, 5999, 823, 152, 164, true, true
15317, 890, 5999, 822, 151, 166, true, true
15376, 892, 6001, 824, 152, 167, true, true
15459, 895, 6001, 823, 151, 168, true, true
15502, 897, 6002, 823, 152, 165, true, true
15514, 898, 6003, 824, 153, 162, true, true
15711, 902, 6003, 823, 153, 165, true, true
15722, 903, 6003, 822, 152, 165, true, true
15839, 908, 6003, 821, 152, 168, true, true
15934, 913, 6005, 823, 153, 168, true, true
16069, 919, 6007, 824, 154, 166, true, true
16166, 926, 6008, 825, 155, 169, true, true
16304, 931, 6008, 824, 154, 172, true, true
16551, 941, 6009, 825, 155, 170, true, true
16853, 948, 6011, 827, 156, 172, true, true
16916, 950, 6011, 826, 156, 172, true, true
16935, 951, 6011, 820, 155, 173, true, true
16996, 953, 6014, 823, 156, 170, true, true
17136, 959, 6019, 828, 157, 172, true, true
17308, 963, 6051, 860, 158, 172, true, true
17434, 966, 6052, 861, 159, 172, true, true
17499, 968, 6053, 862, 160, 172, true, true
17531, 969, 6055, 860, 158, 171, true, true
17550, 971, 6056, 860, 159, 171, true, true
17586, 972, 6057, 861, 160, 168, true, true
17632, 973, 6057, 860, 159, 169, true, true
17668, 974, 6057, 859, 159, 169, true, true
17848, 977, 6057, 858, 158, 170, true, true
18014, 982, 6057, 853, 157, 175, true, true
18120, 987, 6057, 852, 157, 179, true, true
18190, 989, 6058, 853, 158, 176, true, true
18220, 990, 6058, 850, 158, 176, true, true
18322, 994, 6063, 855, 159, 175, true, true
18365, 996, 6067, 857, 160, 173, true, true
18380, 997, 6069, 859, 161, 172, true, true
18553, 1004, 6075, 865, 162, 175, true, true
18624, 1008, 6076, 865, 163, 176, true, true
18694, 1011, 6076, 864, 162, 179, true, true
18706, 1012, 6077, 861, 162, 177, true, true
18811, 1017, 6079, 862, 162, 179, true, true
19004, 1024, 6079, 860, 161, 181, true, true
19122, 1028, 6080, 860, 162, 183, true, true
19227, 1034, 6083, 862, 162, 186, true, true
19239, 1035, 6084, 863, 163, 184, true, true
19251, 1037, 6087, 866, 164, 184, true, true
19430, 1044, 6087, 865, 164, 186, true, true
19461, 1045, 6087, 864, 164, 187, true, true
19692, 1051, 6087, 862, 162, 191, true, true
19727, 1052, 6087, 856, 162, 191, true, true
19772, 1053, 6088, 840, 162, 190, true, true
19907, 1057, 6090, 838, 161, 187, true, true
20078, 1062, 6090, 832, 160, 188, true, true
20089, 1064, 6091, 830, 160, 186, true, true
20280, 1070, 6091, 829, 159, 188, true, true
20294, 1071, 6091, 828, 158, 188, true, true
20303, 1073, 6097, 821, 159, 187, true, true
20430, 1081, 6098, 822, 160, 191, true, true
20438, 1082, 6101, 825, 161, 189, true, true
20524, 1084, 6102, 825, 162, 189, true, true
20581, 1086, 6103, 826, 163, 187, true, true
20764, 1091, 6105, 823, 162, 188, true, true
20819, 1093, 6106, 824, 163, 187, true, true
20833, 1094, 6107, 825, 164, 187, true, true
21023, 1102, 6108, 826, 165, 187, true, true
21034, 1103, 6128, 842, 166, 187, true, true
21054, 1104, 6129, 842, 166, 185, true, true
21112, 1105, 6129, 841, 165, 185, true, true
21126, 1106, 6149, 832, 164, 183, true, true
21145, 1108, 6150, 833, 165, 182, true, true
21225, 1111, 6150, 831, 164, 183, true, true
21273, 1115, 6152, 833, 165, 184, true, true
21419, 1119, 6152, 832, 164, 184, true, true
21442, 1120, 6171, 844, 165, 182, true, true
21512, 1123, 6174, 844, 165, 181, true, true
22023, 1137, 6175, 837, 166, 182, true, true
22081, 1139, 6175, 835, 165, 184, true, true
22113, 1141, 6177, 837, 166, 181, true, true
22198, 1145, 6177, 836, 166, 183, true, true
22346, 1148, 6177, 833, 165, 185, true, true
22367, 1149, 6178, 834, 166, 184, true, true
22552, 1154, 6178, 833, 165, 185, true, true
22786, 1160, 6178, 831, 165, 187, true, true
22852, 1163, 6182, 835, 166, 185, true, true
23015, 1169, 6185, 836, 166, 180, true, true
23026, 1170, 6186, 837, 167, 176, true, true
23057, 1173, 6186, 835, 166, 176, true, true
23068, 1174, 6191, 837, 167, 175, true, true
23182, 1176, 6191, 835, 167, 176, true, true
23213, 1177, 6200, 844, 168, 176, true, true
23314, 1179, 6200, 842, 167, 176, true, true
23340, 1180, 6202, 843, 168, 173, true, true
23531, 1185, 6203, 844, 169, 173, true, true
23871, 1193, 6203, 841, 169, 175, true, true
24065, 1197, 6207, 845, 170, 174, true, true
24174, 1201, 6218, 851, 171, 174, true, true
24264, 1203, 6218, 850, 170, 174, true, true
24282, 1204, 6221, 853, 171, 173, true, true
24309, 1205, 6221, 852, 170, 173, true, true
24329, 1206, 6221, 851, 170, 173, true, true
24500, 1211, 6221, 850, 169, 175, true, true
24672, 1221, 6221, 836, 169, 177, true, true
24806, 1226, 6221, 835, 168, 178, true, true
24828, 1228, 6222, 836, 169, 178, true, true
24844, 1229, 6224, 838, 170, 177, true, true
24897, 1232, 6225, 839, 171, 175, true, true
24944, 1233, 6225, 838, 170, 175, true, true
25008, 1236, 6225, 833, 168, 177, true, true
25033, 1237, 6225, 832, 167, 178, true, true
25048, 1238, 6227, 826, 167, 176, true, true
25074, 1239, 6227, 825, 166, 176, true, true
25404, 1249, 6229, 827, 167, 174, true, true
25565, 1255, 6230, 827, 167, 176, true, true
25607, 1257, 6233, 830, 168, 176, true, true
25632, 1258, 6233, 829, 168, 176, true, true
25925, 1268, 6233, 828, 167, 181, true, true
25937, 1269, 6234, 828, 167, 179, true, true
26242, 1276, 6234, 824, 167, 182, true, true
26279, 1277, 6234, 819, 166, 182, true, true
26372, 1279, 6235, 820, 167, 177, true, true
26421, 1281, 6235, 819, 166, 177, true, true
26434, 1282, 6236, 820, 167, 174, true, true
26785, 1293, 6236, 819, 166, 180, true, true
26988, 1300, 6236, 814, 165, 181, true, true
27049, 1302, 6236, 813, 164, 182, true, true
27153, 1306, 6237, 814, 165, 180, true, true
27194, 1308, 6239, 816, 166, 180, true, true
27441, 1317, 6239, 815, 165, 182, true, true
27452, 1318, 6247, 823, 166, 181, true, true
27627, 1322, 6250, 826, 167, 181, true, true
27720, 1325, 6281, 856, 168, 180, true, true
27845, 1329, 6284, 859, 169, 180, true, true
28459, 1350, 6285, 860, 170, 184, true, true
28617, 1355, 6288, 863, 171, 182, true, true
28689, 1357, 6288, 862, 170, 183, true, true
28735, 1359, 6289, 863, 171, 183, true, true
28750, 1360, 6289, 862, 170, 184, true, true
28776, 1361, 6289, 861, 169, 184, true, true
29065, 1371, 6289, 860, 168, 187, true, true
29112, 1373, 6290, 861, 169, 186, true, true
29315, 1381, 6290, 859, 169, 188, true, true
29377, 1383, 6291, 860, 170, 186, true, true
29398, 1384, 6292, 861, 171, 184, true, true
29561, 1390, 6292, 860, 171, 185, true, true
29630, 1392, 6293, 861, 172, 182, true, true
29874, 1397, 6296, 864, 173, 183, true, true
30032, 1400, 6296, 863, 172, 183, true, true
30233, 1405, 6296, 861, 171, 184, true, true
30382, 1410, 6297, 861, 171, 183, true, true
30765, 1422, 6297, 860, 170, 186, true, true
30834, 1428, 6302, 859, 170, 184, true, true
31191, 1435, 6302, 851, 169, 184, true, true
31230, 1436, 6302, 850, 168, 184, true, true
31765, 1455, 6302, 848, 168, 187, true, true
31903, 1460, 6302, 846, 167, 188, true, true
32013, 1463, 6302, 845, 166, 189, true, true
32123, 1465, 6302, 844, 166, 190, true, true
32152, 1466, 6307, 849, 167, 190, true, true
32448, 1475, 6309, 851, 168, 190, true, true
32671, 1476, 6318, 860, 169, 189, true, true
32820, 1482, 6320, 860, 169, 189, true, true
32858, 1483, 6320, 852, 168, 189, true, true
32898, 1484, 6320, 851, 167, 189, true, true
32967, 1486, 6328, 859, 168, 187, true, true
33137, 1494, 6329, 860, 169, 187, true, true
33160, 1495, 6330, 861, 170, 186, true, true
33303, 1500, 6331, 862, 171, 187, true, true
33739, 1513, 6358, 860, 172, 188, true, true
33882, 1519, 6358, 859, 172, 189, true, true
33944, 1522, 6358, 849, 171, 189, true, true
34064, 1526, 6358, 848, 170, 190, true, true
34078, 1528, 6362, 852, 171, 192, true, true
34215, 1533, 6362, 851, 170, 192, true, true
34299, 1536, 6363, 852, 171, 192, true, true
34653, 1545, 6363, 850, 169, 193, true, true
34701, 1547, 6364, 851, 170, 189, true, true
35010, 1555, 6365, 852, 171, 190, true, true
35026, 1556, 6366, 853, 172, 188, true, true
35489, 1572, 6366, 852, 171, 192, true, true
35549, 1574, 6366, 849, 170, 192, true, true
35869, 1577, 6366, 846, 170, 192, true, true
35959, 1580, 6366, 843, 169, 192, true, true
36023, 1582, 6367, 844, 170, 191, true, true
36202, 1589, 6367, 843, 170, 191, true, true
36369, 1594, 6369, 843, 170, 189, true, true
36510, 1598, 6369, 840, 170, 191, true, true
36795, 1608, 6369, 838, 169, 193, true, true
37136, 1623, 6372, 841, 170, 196, true, true
37152, 1624, 6374, 834, 170, 195, true, true
37311, 1631, 6375, 835, 171, 196, true, true
37415, 1635, 6377, 837, 172, 195, true, true
37428, 1636, 6378, 838, 173, 192, true, true
37823, 1650, 6379, 839, 174, 193, true, true
37885, 1652, 6385, 845, 175, 191, true, true
37978, 1654, 6385, 844, 174, 191, true, true
38057, 1656, 6385, 839, 173, 191, true, true
38135, 1660, 6385, 838, 172, 191, true, true
38362, 1665, 6385, 837, 171, 192, true, true
38452, 1669, 6385, 836, 170, 193, true, true
38463, 1670, 6386, 837, 171, 191, true, true
38521, 1672, 6386, 836, 171, 191, true, true
38867, 1685, 6386, 835, 171, 195, true, true
38932, 1686, 6386, 834, 170, 195, true, true
38970, 1687, 6389, 837, 171, 193, true, true
39181, 1694, 6394, 841, 172, 194, true, true
39613, 1704, 6394, 839, 172, 194, true, true
39686, 1706, 6394, 837, 171, 194, true, true
39716, 1709, 6394, 834, 170, 195, true, true
39957, 1716, 6394, 833, 169, 197, true, true
40135, 1720, 6395, 833, 170, 197, true, true
40308, 1725, 6396, 834, 171, 196, true, true
40598, 1733, 6397, 835, 172, 197, true, true
40835, 1739, 6398, 833, 173, 195, true, true
40922, 1741, 6398, 832, 172, 195, true, true
40967, 1743, 6407, 833, 173, 192, true, true
41367, 1754, 6407, 832, 173, 195, true, true
42126, 1768, 6407, 831, 172, 198, true, true
42341, 1772, 6408, 830, 173, 197, true, true
42527, 1777, 6409, 831, 174, 192, true, true
42588, 1781, 6410, 832, 175, 192, true, true
42600, 1782, 6413, 832, 176, 189, true, true
42790, 1788, 6414, 831, 176, 191, true, true
42894, 1791, 6416, 833, 177, 188, true, true
42983, 1793, 6416, 832, 176, 189, true, true
43067, 1798, 6417, 833, 177, 186, true, true
43118, 1800, 6417, 832, 176, 187, true, true
43238, 1804, 6418, 833, 177, 187, true, true
43398, 1809, 6419, 833, 177, 187, true, true
43535, 1812, 6424, 837, 178, 187, true, true
43641, 1818, 6430, 838, 179, 188, true, true
43764, 1823, 6430, 836, 179, 189, true, true
44018, 1834, 6431, 836, 180, 193, true, true
44224, 1841, 6431, 835, 180, 194, true, true
44281, 1842, 6433, 837, 181, 194, true, true
44334, 1845, 6434, 838, 182, 193, true, true
44400, 1848, 6435, 839, 183, 191, true, true
44555, 1850, 6435, 838, 183, 191, true, true
44685, 1853, 6435, 837, 182, 192, true, true
44705, 1854, 6436, 838, 183, 189, true, true
45102, 1860, 6437, 839, 184, 187, true, true
45384, 1866, 6437, 838, 184, 189, true, true
45996, 1886, 6437, 837, 184, 193, true, true
46045, 1887, 6438, 837, 185, 191, true, true
46420, 1894, 6439, 838, 186, 190, true, true
46637, 1901, 6441, 840, 187, 186, true, true
46666, 1903, 6441, 839, 186, 187, true, true
46965, 1912, 6441, 838, 185, 187, true, true
47056, 1914, 6441, 837, 184, 189, true, true
47079, 1915, 6441, 836, 183, 189, true, true
47295, 1921, 6442, 837, 184, 188, true, true
47524, 1928, 6442, 836, 183, 189, true, true
47717, 1934, 6442, 834, 182, 190, true, true
47788, 1940, 6443, 835, 183, 190, true, true
47983, 1946, 6444, 836, 184, 188, true, true
48249, 1954, 6444, 835, 183, 188, true, true
48260, 1955, 6445, 836, 184, 186, true, true
48322, 1956, 6445, 835, 183, 186, true, true
48395, 1957, 6445, 833, 181, 186, true, true
48446, 1958, 6445, 827, 180, 186, true, true
48666, 1962, 6445, 812, 180, 187, true, true
48679, 1963, 6446, 813, 181, 186, true, true
48819, 1967, 6450, 810, 182, 183, true, true
48890, 1970, 6450, 809, 182, 183, true, true
48989, 1971, 6456, 814, 183, 182, true, true
49032, 1972, 6457, 812, 183, 181, true, true
49160, 1975, 6458, 813, 184, 180, true, true
49540, 1987, 6458, 812, 183, 186, true, true
49618, 1989, 6467, 821, 184, 183, true, true
49770, 1995, 6467, 820, 183, 185, true, true
50238, 2004, 6467, 819, 182, 187, true, true
50363, 2007, 6467, 815, 180, 187, true, true
50434, 2008, 6468, 816, 181, 186, true, true
50749, 2019, 6469, 817, 182, 187, true, true
50816, 2021, 6475, 804, 183, 186, true, true
50832, 2022, 6476, 804, 184, 185, true, true
51028, 2026, 6476, 803, 183, 185, true, true
51146, 2029, 6476, 801, 182, 186, true, true
51194, 2030, 6479, 804, 183, 180, true, true
51284, 2033, 6480, 805, 184, 178, true, true
51452, 2040, 6481, 806, 185, 174, true, true
51619, 2045, 6481, 805, 184, 175, true, true
51649, 2046, 6481, 804, 183, 175, true, true
51751, 2049, 6481, 799, 183, 175, true, true
51798, 2052, 6483, 801, 184, 172, true, true
51849, 2054, 6483, 800, 184, 172, true, true
51999, 2058, 6484, 800, 184, 173, true, true
52184, 2063, 6484, 799, 183, 174, true, true
52269, 2065, 6484, 795, 182, 174, true, true
52286, 2066, 6485, 793, 183, 174, true, true
52430, 2072, 6487, 795, 184, 171, true, true
52843, 2083, 6488, 795, 185, 173, true, true
52931, 2089, 6488, 794, 184, 173, true, true
53098, 2094, 6488, 792, 183, 173, true, true
53241, 2097, 6488, 791, 182, 173, true, true
53259, 2098, 6489, 783, 182, 172, true, true
54068, 2122, 6491, 784, 182, 173, true, true
54503, 2137, 6491, 783, 181, 175, true, true
54768, 2147, 6492, 784, 182, 176, true, true
54982, 2152, 6494, 786, 183, 176, true, true
55065, 2156, 6494, 785, 183, 177, true, true
55088, 2157, 6494, 783, 182, 177, true, true
55322, 2165, 6497, 786, 183, 176, true, true
55582, 2171, 6497, 785, 183, 178, true, true
55597, 2173, 6498, 785, 183, 177, true, true
55684, 2175, 6498, 771, 183, 177, true, true
55751, 2177, 6498, 770, 182, 177, true, true
56352, 2193, 6504, 772, 181, 176, true, true
57003, 2205, 6505, 773, 182, 174, true, true
57876, 2222, 6506, 774, 183, 173, true, true
58105, 2226, 6507, 775, 184, 172, true, true
58585, 2242, 6507, 771, 183, 176, true, true
58712, 2246, 6508, 771, 183, 175, true, true
59208, 2257, 6508, 770, 183, 176, true, true
59228, 2258, 6511, 772, 183, 176, true, true
59873, 2273, 6512, 773, 184, 176, true, true
60027, 2277, 6515, 776, 185, 174, true, true
60062, 2278, 6531, 790, 185, 172, true, true
60487, 2286, 6531, 787, 185, 174, true, true
60513, 2289, 6532, 788, 186, 171, true, true
60586, 2291, 6532, 787, 186, 171, true, true
60737, 2295, 6532, 779, 186, 172, true, true
60879, 2301, 6532, 777, 186, 172, true, true
61360, 2316, 6532, 775, 185, 178, true, true
61381, 2318, 6533, 774, 185, 176, true, true
61393, 2319, 6541, 782, 186, 173, true, true
61467, 2321, 6542, 783, 187, 172, true, true
61529, 2323, 6542, 782, 186, 172, true, true
61628, 2327, 6542, 781, 185, 172, true, true
61668, 2328, 6542, 780, 184, 172, true, true
62209, 2348, 6542, 778, 182, 173, true, true
62565, 2357, 6542, 776, 181, 175, true, true
62862, 2368, 6542, 775, 180, 175, true, true
63273, 2380, 6542, 765, 180, 179, true, true
63433, 2384, 6543, 766, 181, 178, true, true
63691, 2393, 6546, 769, 182, 179, true, true
63764, 2395, 6547, 770, 183, 177, true, true
64359, 2414, 6548, 771, 184, 179, true, true
64906, 2423, 6548, 770, 184, 179, true, true
64924, 2424, 6548, 769, 183, 179, true, true
65528, 2440, 6548, 768, 182, 182, true, true
65691, 2444, 6549, 765, 182, 182, true, true
66083, 2460, 6549, 764, 181, 188, true, true
66102, 2461, 6549, 763, 180, 189, true, true
66293, 2471, 6549, 762, 179, 190, true, true
66471, 2474, 6549, 756, 179, 190, true, true
66601, 2478, 6549, 754, 179, 190, true, true
66743, 2482, 6549, 751, 179, 190, true, true
67634, 2500, 6550, 752, 180, 191, true, true
67650, 2501, 6550, 751, 179, 191, true, true
67687, 2503, 6570, 764, 180, 190, true, true
68088, 2515, 6570, 762, 179, 193, true, true
68178, 2517, 6572, 762, 179, 192, true, true
68193, 2518, 6573, 762, 180, 190, true, true
68465, 2526, 6574, 763, 181, 190, true, true
68500, 2527, 6574, 756, 180, 190, true, true
68708, 2532, 6576, 758, 181, 187, true, true
69139, 2546, 6576, 757, 180, 188, true, true
69247, 2549, 6577, 757, 181, 187, true, true
70381, 2577, 6578, 757, 181, 189, true, true
70536, 2580, 6579, 757, 181, 190, true, true
70982, 2589, 6668, 595, 182, 192, true, true
71217, 2595, 6668, 593, 182, 193, true, true
71662, 2610, 6668, 592, 181, 195, true, true
71753, 2613, 6670, 594, 182, 195, true, true
72509, 2634, 6670, 593, 182, 202, true, true
72651, 2637, 6671, 593, 183, 200, true, true
72992, 2649, 6672, 593, 183, 202, true, true
73141, 2655, 6673, 594, 184, 201, true, true
73327, 2661, 6673, 593, 184, 201, true, true
73548, 2667, 6673, 592, 183, 203, true, true
73683, 2674, 6673, 591, 182, 203, true, true
73723, 2675, 6673, 590, 181, 203, true, true
74011, 2681, 6673, 589, 180, 204, true, true
74253, 2686, 6681, 596, 181, 203, true, true
74352, 2688, 6688, 592, 181, 199, true, true
74434, 2690, 6688, 591, 180, 199, true, true
74870, 2702, 6688, 590, 179, 199, true, true
75254, 2710, 6689, 584, 179, 199, true, true
75267, 2711, 6691, 586, 180, 198, true, true
75391, 2715, 6692, 587, 181, 198, true, true
75453, 2718, 6692, 586, 180, 199, true, true
75521, 2720, 6692, 584, 180, 199, true, true
76217, 2733, 6693, 585, 181, 198, true, true
76444, 2740, 6702, 582, 180, 198, true, true
76462, 2741, 6706, 586, 181, 197, true, true
76867, 2755, 6706, 585, 180, 200, true, true
76906, 2756, 6706, 584, 179, 200, true, true
76981, 2758, 6706, 583, 178, 200, true, true
76996, 2759, 6707, 584, 179, 197, true, true
77261, 2766, 6707, 576, 179, 198, true, true
77543, 2773, 6707, 574, 179, 198, true, true
77757, 2778, 6708, 575, 180, 197, true, true
78038, 2785, 6752, 588, 180, 196, true, true
78411, 2794, 6752, 587, 179, 197, true, true
78519, 2796, 6752, 585, 179, 197, true, true
79371, 2811, 6752, 584, 178, 199, true, true
80247, 2828, 6754, 586, 179, 197, true, true
80379, 2832, 6754, 585, 178, 198, true, true
80498, 2836, 6755, 586, 179, 198, true, true
81380, 2864, 6755, 585, 178, 202, true, true
81895, 2879, 6755, 584, 177, 203, true, true
82738, 2899, 6756, 585, 178, 205, true, true
83103, 2907, 6756, 584, 177, 205, true, true
83377, 2914, 6756, 580, 176, 207, true, true
83754, 2922, 6757, 581, 177, 209, true, true
84130, 2928, 6757, 579, 176, 212, true, true
84188, 2931, 6759, 581, 177, 210, true, true
84262, 2933, 6759, 578, 177, 210, true, true
84532, 2943, 6762, 581, 178, 209, true, true
84971, 2956, 6762, 580, 177, 211, true, true
85031, 2961, 6763, 581, 178, 211, true, true
85999, 2984, 6764, 582, 179, 212, true, true
86206, 2989, 6765, 576, 179, 213, true, true
86471, 2995, 6775, 586, 180, 213, true, true
86731, 2998, 6775, 585, 179, 214, true, true
86788, 3000, 6776, 586, 180, 211, true, true
87037, 3008, 6781, 585, 181, 208, true, true
87216, 3013, 6784, 573, 182, 203, true, true
87591, 3020, 6785, 574, 183, 199, true, true
87881, 3029, 6785, 570, 181, 200, true, true
88585, 3047, 6794, 576, 182, 200, true, true
88816, 3053, 6794, 570, 182, 201, true, true
88946, 3055, 6794, 568, 181, 203, true, true
88966, 3056, 6796, 570, 182, 202, true, true
89570, 3072, 6797, 571, 183, 203, true, true
90107, 3085, 6801, 574, 183, 199, true, true
90468, 3095, 6802, 575, 184, 200, true, true
90501, 3096, 6802, 574, 184, 200, true, true
90608, 3101, 6802, 573, 184, 202, true, true
90721, 3104, 6802, 570, 184, 203, true, true
91368, 3117, 6802, 568, 184, 205, true, true
92420, 3140, 6802, 567, 184, 209, true, true
92474, 3141, 6802, 566, 183, 209, true, true
93875, 3179, 6803, 567, 184, 209, true, true
93961, 3182, 6804, 568, 185, 208, true, true
94428, 3192, 6804, 566, 185, 209, true, true
94729, 3196, 6804, 554, 185, 209, true, true
94828, 3198, 6804, 553, 184, 209, true, true
95054, 3204, 6805, 553, 185, 208, true, true
95144, 3207, 6805, 552, 184, 208, true, true
95289, 3212, 6805, 551, 183, 210, true, true
95523, 3217, 6805, 549, 182, 211, true, true
95743, 3222, 6807, 551, 183, 211, true, true
96040, 3228, 6807, 550, 182, 211, true, true
96341, 3234, 6810, 553, 183, 210, true, true
96372, 3235, 6850, 589, 184, 209, true, true
96706, 3243, 6851, 588, 184, 208, true, true
96780, 3245, 6851, 587, 183, 208, true, true
96950, 3249, 6851, 586, 182, 210, true, true
97202, 3257, 6852, 587, 183, 209, true, true
97370, 3262, 6856, 591, 184, 208, true, true
97873, 3275, 6857, 592, 185, 209, true, true
97912, 3277, 6857, 590, 184, 209, true, true
97996, 3279, 6860, 592, 184, 208, true, true
98084, 3281, 6861, 593, 185, 206, true, true
98725, 3300, 6861, 591, 184, 210, true, true
98842, 3302, 6861, 588, 183, 210, true, true
99174, 3310, 6861, 586, 182, 213, true, true
99749, 3322, 6861, 585, 181, 213, true, true
100438, 3335, 6861, 584, 181, 214, true, true
100572, 3338, 6864, 587, 182, 214, true, true
101462, 3355, 6865, 588, 183, 216, true, true
101989, 3369, 6866, 589, 184, 217, true, true
102389, 3378, 6870, 591, 184, 216, true, true
102619, 3381, 6871, 592, 185, 215, true, true
104169, 3415, 6871, 590, 184, 220, true, true
104431, 3423, 6872, 591, 185, 219, true, true
104827, 3432, 6872, 590, 185, 220, true, true
105159, 3440, 6872, 585, 183, 221, true, true
106411, 3461, 6872, 583, 182, 225, true, true
106431, 3463, 6873, 583, 183, 224, true, true
106483, 3466, 6875, 585, 184, 222, true, true
107875, 3495, 6876, 586, 185, 220, true, true
108167, 3501, 6878, 588, 186, 219, true, true
108545, 3507, 6893, 592, 187, 218, true, true
108841, 3516, 6895, 574, 188, 216, true, true
108948, 3518, 6895, 573, 187, 216, true, true
109666, 3534, 6895, 572, 186, 220, true, true
110576, 3557, 6895, 571, 185, 221, true, true
110767, 3563, 6896, 571, 186, 218, true, true
110919, 3569, 6896, 568, 185, 218, true, true
111108, 3574, 6896, 566, 184, 218, true, true
111139, 3575, 6896, 564, 183, 218, true, true
111457, 3584, 6897, 565, 184, 217, true, true
111814, 3597, 6898, 566, 185, 216, true, true
111921, 3601, 6907, 575, 186, 215, true, true
112254, 3609, 6907, 574, 186, 216, true, true
112308, 3610, 6908, 575, 187, 215, true, true
113016, 3624, 6909, 576, 188, 213, true, true
113145, 3628, 6911, 578, 189, 214, true, true
113241, 3629, 6915, 578, 189, 210, true, true
113359, 3638, 6915, 577, 188, 211, true, true
114044, 3651, 6915, 576, 187, 212, true, true
114144, 3653, 6916, 577, 188, 211, true, true
114579, 3659, 6916, 571, 188, 211, true, true
114636, 3661, 6916, 569, 188, 211, true, true
114817, 3665, 6917, 569, 189, 211, true, true
114892, 3667, 6917, 568, 188, 211, true, true
114929, 3669, 6918, 568, 189, 205, true, true
115671, 3687, 6920, 570, 190, 204, true, true
115948, 3695, 6920, 569, 189, 206, true, true
117274, 3721, 6920, 568, 188, 209, true, true
117553, 3726, 6921, 569, 189, 208, true, true
118004, 3737, 6921, 568, 188, 211, true, true
118934, 3758, 6922, 566, 188, 210, true, true
119352, 3767, 6922, 565, 187, 210, true, true
119455, 3769, 6923, 564, 187, 210, true, true
119510, 3770, 6924, 565, 188, 208, true, true
119878, 3778, 6924, 564, 187, 208, true, true
120262, 3782, 6924, 563, 187, 208, true, true
121418, 3802, 6924, 562, 187, 209, true, true
122567, 3825, 6931, 569, 188, 210, true, true
123154, 3836, 6931, 568, 187, 210, true, true
123319, 3839, 6931, 567, 186, 210, true, true
123878, 3848, 6931, 566, 185, 210, true, true
124139, 3852, 6931, 565, 184, 210, true, true
124565, 3859, 6932, 566, 185, 209, true, true
125247, 3877, 6932, 565, 184, 211, true, true
125358, 3879, 6936, 569, 185, 208, true, true
125533, 3884, 6940, 573, 186, 208, true, true
125752, 3889, 6940, 571, 185, 210, true, true
126897, 3920, 6943, 569, 186, 210, true, true
128981, 3961, 6943, 568, 185, 212, true, true
129107, 3965, 6944, 569, 186, 211, true, true
129356, 3972, 6945, 570, 187, 211, true, true
129384, 3973, 6946, 571, 188, 210, true, true
129745, 3980, 6950, 575, 189, 209, true, true
130060, 3987, 6951, 576, 190, 207, true, true
130656, 3998, 6952, 577, 191, 203, true, true
131145, 4006, 6952, 576, 190, 203, true, true
131597, 4019, 6952, 573, 190, 206, true, true
132016, 4027, 6952, 572, 189, 207, true, true
132041, 4028, 6953, 573, 190, 205, true, true
132645, 4038, 6954, 574, 191, 206, true, true
134713, 4054, 6954, 573, 190, 207, true, true
135096, 4064, 6954, 572, 189, 208, true, true
135890, 4081, 6955, 573, 190, 208, true, true
136466, 4094, 6955, 571, 190, 208, true, true
136899, 4105, 6955, 570, 190, 209, true, true
137263, 4110, 6956, 571, 191, 209, true, true
137962, 4125, 6956, 570, 190, 210, true, true
138169, 4131, 6956, 563, 189, 210, true, true
138582, 4141, 6957, 563, 189, 208, true, true
138693, 4144, 6957, 562, 188, 208, true, true
138810, 4146, 6958, 553, 188, 205, true, true
139767, 4163, 6958, 552, 187, 208, true, true
139805, 4164, 6959, 553, 188, 207, true, true
142423, 4219, 6966, 556, 187, 207, true, true
143489, 4241, 6966, 552, 186, 211, true, true
144761, 4269, 6967, 553, 187, 213, true, true
144864, 4271, 6968, 554, 188, 212, true, true
145478, 4284, 6968, 550, 187, 212, true, true
145520, 4285, 6968, 549, 186, 212, true, true
145685, 4290, 6989, 566, 187, 212, true, true
146412, 4303, 6991, 568, 188, 210, true, true
146826, 4308, 6991, 567, 187, 210, true, true
147604, 4325, 6991, 566, 186, 213, true, true
147758, 4328, 6991, 563, 186, 213, true, true
148189, 4333, 6992, 564, 187, 212, true, true
148212, 4334, 6993, 564, 187, 211, true, true
148318, 4335, 6993, 563, 186, 211, true, true
149761, 4365, 6993, 562, 185, 216, true, true
150621, 4384, 6994, 562, 185, 218, true, true
152760, 4419, 6994, 558, 184, 221, true, true
153482, 4438, 6995, 559, 185, 221, true, true
153986, 4450, 6996, 560, 186, 220, true, true
154503, 4460, 6997, 561, 187, 221, true, true
154771, 4467, 6997, 560, 186, 222, true, true
154835, 4469, 6998, 561, 187, 220, true, true
155141, 4476, 7000, 563, 188, 219, true, true
156749, 4508, 7009, 567, 189, 219, true, true
157045, 4515, 7009, 566, 188, 219, true, true
157359, 4524, 7010, 567, 189, 217, true, true
157603, 4528, 7011, 567, 190, 216, true, true
157667, 4529, 7011, 566, 190, 216, true, true
157785, 4535, 7016, 571, 191, 218, true, true
157839, 4536, 7016, 570, 190, 218, true, true
159179, 4563, 7016, 568, 189, 220, true, true
160186, 4583, 7018, 570, 190, 219, true, true
161382, 4603, 7018, 569, 189, 220, true, true
161470, 4608, 7019, 570, 190, 219, true, true
162107, 4615, 7020, 571, 191, 216, true, true
162754, 4624, 7022, 573, 192, 217, true, true
162804, 4625, 7025, 576, 193, 215, true, true
164166, 4657, 7026, 577, 194, 214, true, true
164803, 4668, 7026, 576, 193, 214, true, true
165046, 4674, 7026, 575, 192, 214, true, true
166541, 4706, 7027, 575, 192, 212, true, true
167133, 4714, 7027, 574, 192, 212, true, true
168691, 4737, 7028, 575, 193, 212, true, true
168857, 4740, 7028, 573, 192, 212, true, true
169022, 4743, 7028, 572, 191, 212, true, true
169325, 4748, 7028, 571, 190, 213, true, true
169387, 4750, 7030, 573, 191, 212, true, true
169812, 4758, 7030, 572, 190, 214, true, true
170857, 4776, 7030, 571, 190, 215, true, true
170980, 4779, 7031, 572, 191, 215, true, true
171528, 4795, 7043, 583, 191, 215, true, true
172102, 4808, 7044, 584, 192, 214, true, true
172334, 4813, 7044, 583, 191, 214, true, true
173837, 4841, 7044, 582, 190, 218, true, true
174772, 4857, 7044, 581, 189, 220, true, true
175611, 4876, 7044, 580, 188, 221, true, true
175657, 4877, 7048, 584, 189, 216, true, true
176226, 4883, 7051, 587, 190, 214, true, true
176500, 4891, 7052, 586, 191, 212, true, true
176519, 4892, 7052, 585, 190, 212, true, true
176576, 4894, 7053, 585, 191, 211, true, true
176842, 4901, 7055, 587, 192, 208, true, true
177002, 4905, 7058, 588, 192, 207, true, true
177159, 4908, 7058, 586, 191, 207, true, true
178048, 4927, 7058, 584, 190, 208, true, true
179455, 4953, 7058, 583, 189, 209, true, true
180932, 4974, 7058, 582, 189, 210, true, true
183477, 5008, 7058, 581, 189, 212, true, true
183726, 5012, 7060, 583, 190, 210, true, true
184291, 5022, 7061, 584, 191, 208, true, true
184954, 5034, 7061, 583, 190, 208, true, true
185658, 5052, 7062, 584, 191, 206, true, true
188977, 5126, 7062, 583, 191, 211, true, true
189408, 5133, 7064, 585, 192, 209, true, true
190072, 5146, 7068, 586, 193, 207, true, true
190721, 5158, 7075, 585, 192, 207, true, true
191061, 5166, 7077, 587, 193, 207, true, true
191252, 5170, 7077, 585, 192, 207, true, true
191568, 5175, 7077, 584, 191, 207, true, true
192374, 5190, 7077, 581, 190, 210, true, true
192613, 5194, 7077, 580, 189, 211, true, true
192892, 5199, 7078, 581, 190, 210, true, true
193168, 5205, 7080, 583, 191, 209, true, true
193859, 5223, 7081, 584, 192, 209, true, true
194435, 5233, 7081, 542, 191, 210, true, true
194501, 5235, 7081, 541, 190, 210, true, true
194635, 5238, 7084, 544, 191, 209, true, true
195854, 5256, 7084, 543, 190, 210, true, true
195910, 5258, 7085, 543, 190, 209, true, true
196094, 5260, 7090, 468, 191, 208, true, true
196269, 5266, 7091, 469, 192, 204, true, true
197100, 5282, 7092, 470, 193, 202, true, true
197571, 5291, 7092, 469, 192, 202, true, true
198186, 5304, 7094, 471, 193, 202, true, true
198769, 5314, 7094, 470, 192, 202, true, true
199358, 5323, 7095, 471, 193, 202, true, true
199526, 5326, 7097, 460, 192, 201, true, true
199694, 5328, 7097, 459, 191, 202, true, true
201618, 5362, 7098, 459, 191, 200, true, true
203838, 5407, 7099, 460, 192, 203, true, true
206077, 5454, 7100, 461, 193, 204, true, true
206330, 5457, 7101, 462, 194, 201, true, true
206708, 5464, 7101, 460, 194, 203, true, true
207111, 5472, 7101, 459, 193, 204, true, true
207670, 5480, 7101, 458, 192, 204, true, true
207931, 5486, 7102, 459, 193, 202, true, true
208847, 5503, 7102, 458, 192, 203, true, true
209838, 5523, 7102, 456, 191, 203, true, true
210293, 5531, 7102, 455, 190, 203, true, true
211611, 5555, 7102, 454, 189, 203, true, true
211990, 5564, 7102, 453, 188, 204, true, true
212247, 5570, 7103, 454, 189, 204, true, true
212932, 5583, 7107, 458, 190, 192, true, true
214239, 5607, 7107, 457, 189, 193, true, true
215696, 5634, 7107, 456, 188, 194, true, true
217019, 5661, 7108, 456, 188, 193, true, true
217314, 5665, 7113, 445, 188, 192, true, true
217546, 5672, 7114, 446, 189, 191, true, true
219221, 5711, 7115, 447, 190, 192, true, true
219291, 5713, 7116, 440, 191, 191, true, true
221152, 5758, 7117, 441, 192, 191, true, true
221862, 5767, 7118, 440, 193, 190, true, true
222067, 5771, 7119, 441, 194, 189, true, true
222234, 5774, 7119, 440, 193, 189, true, true
222443, 5778, 7119, 438, 192, 189, true, true
224954, 5826, 7121, 440, 193, 193, true, true
225202, 5829, 7121, 439, 192, 193, true, true
226529, 5849, 7122, 440, 193, 194, true, true
226590, 5850, 7122, 438, 193, 195, true, true
228476, 5880, 7124, 440, 194, 193, true, true
229382, 5894, 7124, 439, 193, 195, true, true
230256, 5916, 7124, 438, 193, 197, true, true
230291, 5917, 7126, 440, 194, 195, true, true
230420, 5918, 7127, 440, 194, 194, true, true
231260, 5933, 7127, 439, 193, 195, true, true
231326, 5935, 7128, 439, 194, 194, true, true
231398, 5937, 7128, 437, 192, 194, true, true
233842, 5973, 7130, 439, 193, 196, true, true
234066, 5978, 7131, 440, 194, 195, true, true
234684, 5990, 7135, 442, 195, 195, true, true
234754, 5991, 7135, 437, 194, 195, true, true
236514, 6023, 7135, 436, 194, 197, true, true
237100, 6030, 7136, 437, 195, 198, true, true
238394, 6055, 7136, 430, 194, 199, true, true
238823, 6064, 7137, 431, 195, 197, true, true
240116, 6089, 7139, 433, 196, 196, true, true
240351, 6095, 7140, 434, 197, 196, true, true
240622, 6100, 7140, 433, 197, 196, true, true
241003, 6107, 7142, 435, 198, 193, true, true
241038, 6109, 7143, 436, 199, 192, true, true
241581, 6119, 7143, 435, 199, 194, true, true
241908, 6126, 7143, 434, 199, 196, true, true
242216, 6135, 7143, 433, 198, 196, true, true
244382, 6176, 7143, 432, 197, 196, true, true
244973, 6186, 7144, 433, 198, 194, true, true
245326, 6195, 7148, 436, 198, 192, true, true
245493, 6199, 7148, 435, 198, 193, true, true
247166, 6230, 7149, 436, 199, 192, true, true
247802, 6239, 7149, 434, 198, 193, true, true
248018, 6242, 7150, 435, 199, 192, true, true
248494, 6246, 7150, 434, 199, 193, true, true
248760, 6251, 7183, 463, 200, 190, true, true
249410, 6259, 7183, 462, 199, 190, true, true
250116, 6272, 7183, 461, 198, 190, true, true
250333, 6276, 7183, 460, 197, 190, true, true
251688, 6305, 7183, 454, 196, 191, true, true
251912, 6308, 7183, 453, 195, 191, true, true
252397, 6321, 7183, 443, 194, 192, true, true
252711, 6329, 7184, 444, 195, 190, true, true
253406, 6346, 7185, 444, 196, 187, true, true
254200, 6367, 7187, 446, 197, 187, true, true
256649, 6423, 7190, 449, 198, 186, true, true
256793, 6427, 7191, 450, 199, 185, true, true
256927, 6431, 7191, 449, 198, 185, true, true
257413, 6444, 7193, 451, 199, 182, true, true
257550, 6446, 7193, 447, 199, 182, true, true
258850, 6476, 7195, 446, 197, 181, true, true
259039, 6480, 7203, 449, 198, 180, true, true
259636, 6493, 7203, 448, 197, 180, true, true
259739, 6495, 7204, 448, 198, 173, true, true
260306, 6506, 7204, 447, 197, 174, true, true
261960, 6538, 7204, 446, 196, 175, true, true
262311, 6545, 7206, 448, 197, 173, true, true
262582, 6550, 7209, 451, 198, 171, true, true
264222, 6575, 7210, 452, 199, 169, true, true
264827, 6586, 7210, 451, 198, 169, true, true
264920, 6589, 7210, 449, 198, 171, true, true
265576, 6605, 7210, 448, 197, 172, true, true
265739, 6608, 7210, 447, 196, 173, true, true
265769, 6609, 7210, 445, 195, 173, true, true
266173, 6615, 7215, 447, 195, 173, true, true
266206, 6616, 7215, 444, 194, 173, true, true
267547, 6650, 7216, 445, 195, 176, true, true
268743, 6674, 7216, 443, 194, 176, true, true
270206, 6702, 7216, 442, 193, 176, true, true
271439, 6725, 7216, 441, 193, 177, true, true
272026, 6738, 7217, 442, 194, 175, true, true
272776, 6753, 7217, 440, 194, 176, true, true
273110, 6757, 7217, 439, 193, 176, true, true
273976, 6774, 7218, 439, 193, 176, true, true
275672, 6798, 7223, 444, 194, 177, true, true
276369, 6800, 7224, 445, 195, 172, true, true
277608, 6827, 7225, 446, 196, 169, true, true
278648, 6848, 7226, 447, 197, 167, true, true
279231, 6858, 7226, 446, 196, 168, true, true
279610, 6865, 7226, 445, 195, 168, true, true
280284, 6879, 7227, 446, 196, 167, true, true
280458, 6884, 7228, 447, 197, 164, true, true
280479, 6885, 7236, 454, 197, 163, true, true
281363, 6902, 7236, 453, 196, 165, true, true
283147, 6945, 7237, 454, 197, 165, true, true
284156, 6972, 7237, 453, 196, 165, true, true
287787, 7034, 7237, 451, 195, 168, true, true
287984, 7039, 7238, 451, 195, 167, true, true
289316, 7062, 7242, 454, 195, 162, true, true
289781, 7067, 7242, 448, 192, 162, true, true
291235, 7091, 7242, 447, 191, 163, true, true
293852, 7142, 7242, 445, 190, 166, true, true
295603, 7172, 7242, 444, 190, 166, true, true
297331, 7204, 7242, 443, 189, 167, true, true
297813, 7212, 7242, 442, 188, 167, true, true
298315, 7223, 7243, 443, 189, 166, true, true
299792, 7250, 7244, 444, 190, 166, true, true
300606, 7267, 7244, 443, 189, 167, true, true
300774, 7269, 7249, 448, 190, 166, true, true
302073, 7290, 7249, 447, 189, 166, true, true
303677, 7323, 7250, 448, 190, 164, true, true
303730, 7324, 7250, 447, 189, 164, true, true
304524, 7339, 7251, 448, 190, 162, true, true
306674, 7383, 7252, 449, 191, 166, true, true
306724, 7384, 7254, 451, 192, 160, true, true
306807, 7385, 7254, 450, 191, 160, true, true
307793, 7395, 7254, 449, 190, 160, true, true
310239, 7429, 7254, 448, 190, 161, true, true
310415, 7432, 7257, 451, 191, 158, true, true
310526, 7433, 7258, 452, 192, 156, true, true
311691, 7454, 7259, 452, 192, 152, true, true
311795, 7456, 7259, 450, 191, 152, true, true
312622, 7468, 7259, 449, 191, 154, true, true
313589, 7480, 7259, 448, 191, 154, true, true
314790, 7500, 7259, 447, 191, 154, true, true
315161, 7507, 7259, 445, 190, 154, true, true
316666, 7532, 7259, 443, 190, 154, true, true
316802, 7535, 7267, 451, 191, 152, true, true
318360, 7568, 7269, 452, 192, 150, true, true
320433, 7607, 7269, 451, 191, 150, true, true
321749, 7634, 7270, 452, 192, 150, true, true
325268, 7705, 7270, 451, 191, 154, true, true
325293, 7707, 7271, 452, 192, 153, true, true
326392, 7734, 7273, 454, 193, 151, true, true
328024, 7769, 7273, 452, 192, 153, true, true
331221, 7836, 7275, 454, 193, 151, true, true
332043, 7854, 7275, 453, 192, 151, true, true
332550, 7865, 7275, 452, 191, 151, true, true
332965, 7875, 7288, 465, 192, 150, true, true
336312, 7935, 7289, 463, 190, 151, true, true
337853, 7961, 7289, 462, 189, 152, true, true
340159, 8002, 7289, 461, 189, 153, true, true
340909, 8013, 7290, 462, 190, 151, true, true
341146, 8017, 7290, 459, 190, 151, true, true
341251, 8019, 7291, 460, 191, 147, true, true
341436, 8023, 7293, 462, 192, 146, true, true
343019, 8048, 7294, 463, 193, 145, true, true
343271, 8053, 7294, 462, 192, 145, true, true
345035, 8082, 7296, 464, 193, 144, true, true
347021, 8110, 7297, 465, 194, 145, true, true
347631, 8123, 7297, 464, 194, 146, true, true
349039, 8150, 7297, 463, 193, 147, true, true
353563, 8214, 7297, 462, 192, 150, true, true
355237, 8249, 7297, 459, 190, 151, true, true
356520, 8279, 7297, 458, 189, 153, true, true
358088, 8306, 7298, 459, 190, 153, true, true
359518, 8323, 7298, 458, 190, 153, true, true
361295, 8351, 7298, 457, 189, 153, true, true
363142, 8389, 7298, 456, 188, 154, true, true
364252, 8414, 7298, 455, 187, 154, true, true
364603, 8421, 7299, 455, 187, 154, true, true
366192, 8448, 7299, 454, 186, 156, true, true
366670, 8457, 7299, 453, 185, 156, true, true
367506, 8469, 7299, 452, 184, 156, true, true
367797, 8474, 7299, 450, 183, 156, true, true
368479, 8487, 7299, 446, 181, 157, true, true
370189, 8516, 7299, 445, 180, 157, true, true
373353, 8572, 7299, 444, 179, 159, true, true
373448, 8574, 7300, 425, 179, 157, true, true
375053, 8604, 7301, 426, 180, 157, true, true
375970, 8620, 7301, 425, 180, 159, true, true
376553, 8635, 7301, 423, 179, 159, true, true
377551, 8657, 7301, 422, 178, 161, true, true
379138, 8679, 7304, 418, 179, 160, true, true
380218, 8694, 7312, 426, 180, 159, true, true
380894, 8704, 7314, 428, 181, 156, true, true
381661, 8721, 7337, 442, 181, 155, true, true
382408, 8736, 7338, 440, 182, 154, true, true
383640, 8756, 7338, 439, 181, 155, true, true
384649, 8774, 7339, 440, 182, 155, true, true
385360, 8784, 7339, 439, 181, 155, true, true
385696, 8789, 7339, 438, 180, 156, true, true
386687, 8806, 7340, 439, 181, 155, true, true
388998, 8844, 7340, 437, 179, 158, true, true
389594, 8849, 7340, 436, 178, 158, true, true
390306, 8860, 7340, 434, 177, 158, true, true
391396, 8876, 7340, 433, 176, 160, true, true
393307, 8903, 7340, 431, 175, 162, true, true
393343, 8904, 7342, 431, 175, 158, true, true
395363, 8927, 7343, 432, 176, 157, true, true
396801, 8952, 7344, 432, 176, 157, true, true
398848, 8986, 7344, 431, 175, 158, true, true
399270, 8991, 7354, 440, 175, 153, true, true
399909, 9000, 7354, 438, 174, 153, true, true
402685, 9050, 7355, 439, 175, 154, true, true
403196, 9059, 7357, 440, 175, 152, true, true
403894, 9069, 7357, 439, 174, 153, true, true
404162, 9075, 7357, 438, 173, 153, true, true
409818, 9177, 7357, 436, 172, 158, true, true
411917, 9217, 7357, 435, 171, 159, true, true
412978, 9235, 7357, 425, 170, 160, true, true
414863, 9264, 7357, 424, 170, 160, true, true
418566, 9306, 7357, 423, 169, 162, true, true
424311, 9431, 7357, 421, 169, 167, true, true
426346, 9466, 7357, 419, 168, 168, true, true
427378, 9486, 7357, 417, 167, 170, true, true
427728, 9493, 7359, 419, 168, 167, true, true
428111, 9501, 7360, 420, 169, 165, true, true
430775, 9550, 7362, 422, 170, 166, true, true
431439, 9570, 7364, 424, 171, 165, true, true
432895, 9606, 7365, 425, 172, 164, true, true
433998, 9621, 7365, 424, 172, 164, true, true
435243, 9645, 7366, 425, 173, 163, true, true
436794, 9674, 7436, 487, 174, 163, true, true
437071, 9680, 7440, 491, 175, 163, true, true
438078, 9698, 7449, 500, 176, 163, true, true
438387, 9709, 7450, 500, 177, 162, true, true
439363, 9728, 7450, 499, 176, 163, true, true
439476, 9730, 7451, 500, 177, 161, true, true
439565, 9732, 7451, 499, 176, 161, true, true
441186, 9761, 7451, 498, 176, 161, true, true
442065, 9782, 7452, 499, 177, 163, true, true
442844, 9801, 7453, 500, 178, 162, true, true
442995, 9804, 7453, 499, 177, 162, true, true
443714, 9822, 7453, 496, 176, 162, true, true
444995, 9842, 7454, 497, 177, 161, true, true
447270, 9889, 7454, 496, 176, 165, true, true
448546, 9916, 7454, 495, 176, 169, true, true
451451, 9977, 7454, 493, 175, 169, true, true
452047, 9992, 7458, 496, 176, 167, true, true
457744, 10110, 7459, 497, 177, 164, true, true
458576, 10127, 7459, 496, 177, 165, true, true
460581, 10161, 7459, 495, 176, 167, true, true
461696, 10182, 7459, 493, 175, 167, true, true
462172, 10190, 7459, 492, 174, 167, true, true
466483, 10251, 7459, 490, 173, 170, true, true
468850, 10301, 7460, 491, 174, 169, true, true
469236, 10307, 7460, 490, 173, 169, true, true
469768, 10321, 7461, 491, 174, 166, true, true
472226, 10377, 7462, 492, 175, 165, true, true
472249, 10378, 7463, 493, 176, 164, true, true
472572, 10383, 7463, 491, 175, 164, true, true
476117, 10448, 7464, 492, 176, 161, true, true
476758, 10459, 7464, 491, 176, 161, true, true
480975, 10542, 7464, 490, 175, 164, true, true
487115, 10656, 7465, 489, 175, 163, true, true
492225, 10743, 7478, 480, 175, 163, true, true
495169, 10778, 7479, 481, 176, 161, true, true
499965, 10826, 7482, 484, 177, 161, true, true
503258, 10882, 7482, 483, 176, 164, true, true
504760, 10915, 7483, 482, 176, 160, true, true
505067, 10920, 7484, 483, 177, 157, true, true
505415, 10930, 7485, 484, 178, 156, true, true
509019, 11003, 7486, 485, 179, 156, true, true
515809, 11139, 7486, 484, 178, 158, true, true
515983, 11142, 7487, 485, 179, 157, true, true
522449, 11268, 7488, 486, 180, 161, true, true
528110, 11375, 7488, 485, 179, 166, true, true
528665, 11388, 7488, 484, 178, 167, true, true
530645, 11396, 7488, 483, 177, 167, true, true
531153, 11405, 7488, 482, 176, 167, true, true
533714, 11450, 7488, 480, 175, 167, true, true
537031, 11507, 7489, 481, 176, 169, true, true
539023, 11552, 7489, 480, 175, 169, true, true
540346, 11577, 7489, 479, 174, 169, true, true
541296, 11597, 7489, 478, 174, 170, true, true
542436, 11621, 7490, 479, 175, 171, true, true
542627, 11625, 7491, 480, 176, 169, true, true
543152, 11638, 7492, 480, 177, 168, true, true
545346, 11675, 7492, 479, 177, 170, true, true
546076, 11693, 7500, 484, 178, 167, true, true
546104, 11694, 7501, 485, 179, 165, true, true
546444, 11699, 7502, 486, 180, 164, true, true
547042, 11713, 7503, 487, 181, 162, true, true
550989, 11782, 7510, 492, 182, 162, true, true
552250, 11804, 7510, 491, 181, 164, true, true
554545, 11852, 7510, 490, 180, 164, true, true
556142, 11886, 7517, 495, 179, 163, true, true
558329, 11930, 7518, 496, 180, 162, true, true
558802, 11940, 7521, 498, 181, 160, true, true
560678, 11970, 7523, 500, 182, 158, true, true
560953, 11980, 7524, 501, 183, 157, true, true
564570, 12053, 7524, 500, 182, 159, true, true
567084, 12102, 7525, 501, 183, 157, true, true
568659, 12133, 7525, 499, 182, 159, true, true
569875, 12154, 7526, 500, 183, 158, true, true
571536, 12187, 7527, 501, 184, 158, true, true
573433, 12227, 7528, 502, 185, 159, true, true
574520, 12246, 7529, 503, 186, 158, true, true
575010, 12252, 7529, 502, 185, 158, true, true
581822, 12375, 7530, 503, 186, 160, true, true
582150, 12383, 7530, 502, 185, 160, true, true
584275, 12425, 7533, 505, 186, 161, true, true
584484, 12428, 7534, 506, 187, 160, true, true
586738, 12476, 7534, 505, 186, 160, true, true
587156, 12485, 7535, 506, 187, 158, true, true
591273, 12576, 7535, 504, 186, 159, true, true
594121, 12638, 7536, 505, 187, 161, true, true
601848, 12797, 7537, 506, 188, 167, true, true
602707, 12809, 7540, 509, 189, 161, true, true
603048, 12816, 7541, 510, 190, 159, true, true
606986, 12904, 7541, 509, 189, 161, true, true
607651, 12916, 7541, 508, 189, 161, true, true
609887, 12953, 7541, 507, 188, 161, true, true
613569, 13011, 7542, 508, 189, 159, true, true
615579, 13041, 7542, 507, 188, 159, true, true
619394, 13104, 7542, 506, 187, 161, true, true
619845, 13113, 7542, 504, 186, 161, true, true
620773, 13127, 7542, 503, 185, 161, true, true
622008, 13150, 7542, 502, 184, 163, true, true
623205, 13173, 7542, 501, 183, 163, true, true
623282, 13176, 7543, 502, 184, 163, true, true
624751, 13202, 7547, 503, 185, 162, true, true
627274, 13233, 7548, 504, 186, 162, true, true
627755, 13245, 7549, 504, 186, 161, true, true
627878, 13250, 7549, 503, 185, 162, true, true
633603, 13376, 7549, 502, 184, 167, true, true
637380, 13451, 7549, 494, 183, 172, true, true
638777, 13487, 7550, 495, 184, 168, true, true
640234, 13517, 7551, 496, 185, 166, true, true
641529, 13533, 7551, 494, 184, 168, true, true
642262, 13549, 7552, 495, 185, 166, true, true
643609, 13574, 7554, 497, 186, 165, true, true
643987, 13583, 7554, 496, 185, 165, true, true
647628, 13640, 7554, 495, 185, 165, true, true
651190, 13711, 7554, 494, 185, 168, true, true
654315, 13784, 7563, 503, 186, 166, true, true
655373, 13799, 7564, 493, 187, 166, true, true
658024, 13847, 7564, 492, 186, 168, true, true
658335, 13855, 7565, 493, 187, 164, true, true
663271, 13953, 7566, 494, 188, 166, true, true
665344, 13991, 7569, 497, 189, 163, true, true
668041, 14046, 7569, 496, 188, 166, true, true
677713, 14251, 7571, 497, 188, 166, true, true
677732, 14252, 7572, 498, 189, 164, true, true
678740, 14273, 7573, 499, 190, 162, true, true
690789, 14521, 7574, 500, 191, 164, true, true
698299, 14680, 7575, 501, 192, 165, true, true
698475, 14683, 7578, 504, 193, 164, true, true
699780, 14710, 7578, 503, 192, 165, true, true
700356, 14719, 7585, 508, 192, 164, true, true
701512, 14740, 7585, 506, 192, 164, true, true
701796, 14746, 7585, 505, 191, 164, true, true
702080, 14754, 7589, 509, 192, 161, true, true
707405, 14865, 7589, 508, 192, 163, true, true
710395, 14928, 7590, 509, 193, 163, true, true
714214, 15017, 7590, 508, 193, 163, true, true
721521, 15180, 7590, 507, 192, 165, true, true
722088, 15194, 7590, 506, 191, 165, true, true
724597, 15252, 7590, 505, 190, 166, true, true
726156, 15287, 7590, 502, 189, 166, true, true
729540, 15363, 7590, 501, 188, 166, true, true
729674, 15366, 7590, 500, 187, 166, true, true
729950, 15370, 7591, 501, 188, 164, true, true
733306, 15448, 7592, 502, 189, 162, true, true
735266, 15485, 7592, 501, 188, 163, true, true
736251, 15505, 7592, 497, 186, 164, true, true
738484, 15555, 7592, 495, 184, 166, true, true
739928, 15586, 7592, 493, 183, 166, true, true
742615, 15643, 7594, 495, 184, 165, true, true
743409, 15659, 7596, 497, 185, 164, true, true
748613, 15762, 7598, 498, 186, 165, true, true
751053, 15813, 7600, 500, 187, 163, true, true
751731, 15832, 7602, 502, 188, 162, true, true
754155, 15888, 7604, 504, 189, 162, true, true
758840, 15981, 7605, 505, 190, 157, true, true
764025, 16078, 7606, 502, 191, 161, true, true
764648, 16091, 7606, 500, 191, 162, true, true
766907, 16138, 7607, 501, 192, 160, true, true
768503, 16174, 7609, 502, 192, 160, true, true
769999, 16193, 7609, 501, 191, 161, true, true
773470, 16266, 7609, 500, 190, 163, true, true
776210, 16317, 7609, 499, 190, 164, true, true
776884, 16329, 7610, 499, 190, 163, true, true
780368, 16394, 7611, 500, 191, 163, true, true
781553, 16423, 7612, 501, 192, 162, true, true
782677, 16444, 7615, 504, 193, 160, true, true
786491, 16530, 7615, 503, 192, 160, true, true
788771, 16568, 7615, 502, 191, 161, true, true
790858, 16599, 7615, 501, 190, 161, true, true
801463, 16839, 7616, 501, 191, 164, true, true
802417, 16859, 7618, 497, 192, 164, true, true
803642, 16887, 7620, 498, 193, 161, true, true
806398, 16954, 7620, 497, 192, 162, true, true
807423, 16974, 7621, 498, 193, 161, true, true
811694, 17086, 7622, 499, 194, 160, true, true
817548, 17205, 7623, 500, 195, 159, true, true
817712, 17210, 7623, 499, 194, 159, true, true
817839, 17214, 7624, 500, 195, 155, true, true
820955, 17271, 7625, 501, 196, 157, true, true
821783, 17283, 7625, 500, 195, 157, true, true
823034, 17312, 7626, 501, 196, 154, true, true
827483, 17414, 7626, 498, 195, 155, true, true
830770, 17492, 7626, 497, 194, 155, true, true
831014, 17499, 7626, 496, 193, 155, true, true
834394, 17575, 7627, 497, 194, 156, true, true
835402, 17606, 7627, 496, 193, 156, true, true
837097, 17647, 7628, 497, 194, 156, true, true
837736, 17663, 7629, 496, 195, 155, true, true
838810, 17687, 7629, 495, 194, 156, true, true
839403, 17704, 7629, 494, 194, 157, true, true
840763, 17744, 7630, 495, 195, 157, true, true
841072, 17754, 7630, 492, 194, 157, true, true
842859, 17798, 7630, 490, 193, 158, true, true
847481, 17887, 7630, 487, 192, 159, true, true
847818, 17894, 7631, 488, 193, 158, true, true
847950, 17901, 7631, 487, 192, 158, true, true
850194, 17958, 7633, 489, 193, 158, true, true
854241, 18075, 7633, 488, 192, 158, true, true
854863, 18092, 7633, 487, 192, 158, true, true
856422, 18127, 7633, 486, 191, 160, true, true
858031, 18178, 7633, 483, 191, 160, true, true
858738, 18189, 7633, 480, 190, 162, true, true
860966, 18244, 7638, 483, 191, 161, true, true
862370, 18288, 7638, 482, 190, 161, true, true
862789, 18298, 7639, 481, 191, 160, true, true
864666, 18336, 7641, 482, 192, 159, true, true
865203, 18347, 7641, 480, 191, 159, true, true
865466, 18356, 7642, 481, 192, 158, true, true
869495, 18455, 7642, 480, 191, 162, true, true
874248, 18579, 7643, 481, 192, 159, true, true
875631, 18611, 7644, 481, 192, 157, true, true
877383, 18657, 7644, 477, 191, 159, true, true
879362, 18702, 7644, 476, 190, 159, true, true
882555, 18782, 7644, 475, 189, 163, true, true
882817, 18789, 7663, 482, 190, 163, true, true
885296, 18842, 7663, 481, 189, 165, true, true
885397, 18844, 7665, 483, 190, 162, true, true
887809, 18908, 7666, 484, 191, 163, true, true
888867, 18935, 7666, 483, 190, 163, true, true
889410, 18948, 7667, 484, 191, 162, true, true
893387, 19036, 7669, 486, 192, 161, true, true
902249, 19296, 7670, 487, 193, 170, true, true
902696, 19307, 7670, 485, 193, 170, true, true
904004, 19335, 7670, 484, 192, 170, true, true
904319, 19345, 7670, 483, 191, 170, true, true
904789, 19360, 7671, 484, 192, 166, true, true
905652, 19382, 7672, 485, 193, 164, true, true
907384, 19419, 7673, 486, 194, 165, true, true
912030, 19539, 7673, 485, 193, 165, true, true
912340, 19545, 7673, 484, 192, 165, true, true
912362, 19547, 7677, 488, 193, 164, true, true
912912, 19558, 7683, 493, 193, 162, true, true
913125, 19561, 7683, 492, 192, 162, true, true
921253, 19728, 7684, 491, 191, 165, true, true
922299, 19757, 7688, 495, 192, 164, true, true
922486, 19760, 7689, 496, 193, 160, true, true
922967, 19772, 7690, 496, 194, 159, true, true
923193, 19781, 7691, 497, 195, 158, true, true
923448, 19789, 7691, 496, 194, 158, true, true
923967, 19802, 7692, 497, 195, 157, true, true
924211, 19811, 7693, 498, 196, 149, true, true
931851, 20007, 7693, 497, 195, 155, true, true
935659, 20106, 7693, 495, 195, 157, true, true
940113, 20228, 7694, 496, 196, 159, true, true
942319, 20285, 7695, 497, 197, 157, true, true
942612, 20290, 7696, 494, 198, 155, true, true
947690, 20397, 7696, 492, 197, 156, true, true
950490, 20468, 7696, 490, 196, 156, true, true
950690, 20475, 7697, 491, 197, 155, true, true
954679, 20565, 7697, 490, 196, 156, true, true
956519, 20606, 7697, 489, 195, 156, true, true
959422, 20664, 7701, 479, 195, 156, true, true
959994, 20678, 7702, 480, 196, 155, true, true
968645, 20872, 7702, 479, 195, 157, true, true
972822, 20960, 7702, 478, 195, 158, true, true
972851, 20961, 7707, 481, 196, 157, true, true
973538, 20980, 7707, 480, 195, 157, true, true
976650, 21065, 7707, 479, 194, 157, true, true
984624, 21261, 7707, 478, 193, 162, true, true
984850, 21267, 7707, 470, 192, 162, true, true
985146, 21273, 7707, 469, 191, 162, true, true
985876, 21290, 7707, 468, 190, 162, true, true
985991, 21292, 7708, 469, 191, 161, true, true
990540, 21407, 7708, 468, 190, 164, true, true
991349, 21432, 7709, 469, 191, 162, true, true
999682, 21606, 7709, 468, 190, 164, true, true
1001114, 21641, 7710, 469, 191, 163, true, true
1003052, 21683, 7710, 468, 191, 163, true, true
1003987, 21707, 7711, 469, 192, 163, true, true
1007475, 21782, 7711, 465, 191, 163, true, true
1012220, 21882, 7714, 468, 192, 164, true, true
1017544, 22019, 7715, 469, 193, 163, true, true
1023735, 22172, 7715, 468, 192, 165, true, true
1029017, 22332, 7716, 469, 193, 165, true, true
1031322, 22391, 7716, 463, 192, 166, true, true
1031673, 22404, 7716, 457, 189, 166, true, true
1034169, 22474, 7721, 452, 190, 166, true, true
1037828, 22566, 7721, 447, 190, 167, true, true
1038681, 22590, 7722, 448, 191, 166, true, true
1040419, 22635, 7723, 445, 191, 164, true, true
1043765, 22724, 7723, 444, 190, 166, true, true
1043926, 22728, 7723, 442, 190, 166, true, true
1045456, 22755, 7723, 441, 189, 166, true, true
1052835, 22922, 7724, 442, 190, 167, true, true
1055609, 22992, 7724, 440, 190, 167, true, true
1055908, 23000, 7724, 439, 189, 168, true, true
1060982, 23130, 7724, 438, 188, 169, true, true
1063584, 23192, 7724, 437, 187, 170, true, true
1065183, 23230, 7724, 436, 186, 172, true, true
1065678, 23242, 7726, 437, 187, 171, true, true
1067330, 23286, 7726, 436, 186, 172, true, true
1069528, 23335, 7732, 442, 187, 171, true, true
1071650, 23362, 7732, 437, 186, 171, true, true
1076365, 23488, 7733, 437, 186, 169, true, true
1079984, 23574, 7734, 438, 187, 169, true, true
1081086, 23593, 7735, 439, 188, 168, true, true
1084747, 23670, 7735, 436, 188, 168, true, true
1086671, 23712, 7735, 435, 187, 169, true, true
1089864, 23799, 7736, 436, 188, 169, true, true
1093618, 23879, 7736, 435, 187, 169, true, true
1098646, 24004, 7737, 436, 188, 167, true, true
1100915, 24061, 7738, 437, 189, 163, true, true
1106323, 24205, 7740, 439, 190, 164, true, true
1106573, 24213, 7740, 438, 189, 164, true, true
1111487, 24350, 7740, 437, 188, 166, true, true
1115010, 24437, 7741, 438, 189, 165, true, true
1119254, 24547, 7741, 436, 189, 166, true, true
1123685, 24662, 7741, 435, 188, 169, true, true
1127872, 24770, 7755, 439, 188, 167, true, true
1139300, 25035, 7756, 440, 189, 172, true, true
1145151, 25199, 7756, 439, 189, 175, true, true
1146334, 25226, 7757, 440, 190, 172, true, true
1148368, 25282, 7758, 441, 191, 172, true, true
1148503, 25286, 7758, 439, 190, 172, true, true
1151727, 25369, 7758, 436, 189, 173, true, true
1153388, 25416, 7760, 438, 190, 169, true, true
1154153, 25440, 7761, 439, 191, 168, true, true
1157908, 25528, 7762, 440, 192, 166, true, true
1159860, 25577, 7762, 439, 192, 166, true, true
1160788, 25602, 7762, 438, 191, 166, true, true
1164222, 25684, 7764, 440, 192, 166, true, true
1164831, 25695, 7765, 440, 193, 165, true, true
1168226, 25771, 7765, 439, 192, 169, true, true
1186324, 26170, 7766, 440, 193, 173, true, true
1187162, 26192, 7766, 438, 192, 173, true, true
1187269, 26193, 7766, 437, 191, 173, true, true
1189825, 26255, 7766, 436, 190, 174, true, true
1190300, 26268, 7768, 438, 191, 174, true, true
1193235, 26350, 7769, 439, 192, 169, true, true
1195721, 26413, 7769, 438, 191, 169, true, true
1196941, 26445, 7769, 434, 190, 170, true, true
1203777, 26611, 7769, 432, 189, 173, true, true
1205541, 26663, 7769, 431, 188, 173, true, true
1207745, 26719, 7770, 432, 189, 171, true, true
1209477, 26767, 7771, 431, 189, 170, true, true
1209737, 26775, 7772, 432, 190, 169, true, true
1211294, 26821, 7774, 431, 191, 168, true, true
1213797, 26880, 7776, 433, 192, 166, true, true
1214497, 26900, 7776, 432, 191, 166, true, true
1215690, 26929, 7776, 431, 190, 167, true, true
1220412, 27060, 7777, 432, 191, 167, true, true
1220467, 27062, 7779, 431, 192, 166, true, true
1221109, 27078, 7781, 433, 193, 163, true, true
1221248, 27082, 7782, 434, 194, 163, true, true
1231734, 27350, 7783, 435, 195, 164, true, true
1233406, 27387, 7783, 434, 194, 164, true, true
1234119, 27406, 7783, 432, 193, 164, true, true
1238769, 27523, 7783, 431, 192, 165, true, true
1245143, 27656, 7783, 430, 191, 166, true, true
1245274, 27659, 7783, 429, 190, 166, true, true
1247174, 27704, 7785, 431, 191, 166, true, true
1252182, 27826, 7787, 433, 192, 164, true, true
1252630, 27841, 7787, 432, 191, 164, true, true
1254245, 27869, 7788, 433, 192, 162, true, true
1256358, 27922, 7791, 430, 192, 161, true, true
1259719, 28018, 7791, 429, 191, 166, true, true
1260993, 28046, 7791, 426, 191, 166, true, true
1261545, 28062, 7792, 427, 192, 160, true, true
1266572, 28188, 7793, 428, 193, 161, true, true
1267502, 28215, 7793, 427, 192, 161, true, true
1272460, 28347, 7794, 428, 193, 161, true, true
1273335, 28370, 7794, 427, 192, 161, true, true
1278827, 28484, 7794, 426, 191, 162, true, true
1281346, 28543, 7794, 425, 190, 162, true, true
1282620, 28577, 7794, 424, 189, 163, true, true
1285888, 28656, 7794, 423, 188, 166, true, true
1288410, 28720, 7797, 426, 189, 166, true, true
1298815, 28988, 7798, 427, 190, 165, true, true
1301591, 29051, 7799, 428, 191, 163, true, true
1307566, 29200, 7799, 427, 190, 164, true, true
1315132, 29391, 7800, 428, 191, 165, true, true
1316463, 29425, 7800, 427, 190, 166, true, true
1322067, 29538, 7800, 424, 190, 170, true, true
1325321, 29627, 7800, 423, 189, 170, true, true
1326020, 29645, 7800, 422, 188, 171, true, true
1326624, 29659, 7800, 421, 187, 171, true, true
1328221, 29700, 7802, 423, 188, 170, true, true
1334907, 29854, 7802, 422, 187, 172, true, true
1354202, 30305, 7803, 423, 188, 172, true, true
1361591, 30494, 7804, 423, 188, 170, true, true
1373854, 30775, 7804, 422, 187, 173, true, true
1374000, 30780, 7806, 424, 188, 169, true, true
1380417, 30938, 7807, 424, 188, 168, true, true
1382449, 30995, 7807, 423, 187, 168, true, true
1384184, 31032, 7807, 422, 186, 168, true, true
1390520, 31183, 7809, 424, 187, 166, true, true
1391858, 31223, 7809, 421, 186, 166, true, true
1394975, 31305, 7809, 420, 186, 166, true, true
1398368, 31388, 7809, 419, 185, 167, true, true
1400545, 31452, 7809, 418, 184, 169, true, true
1402593, 31505, 7810, 419, 185, 169, true, true
1403258, 31524, 7814, 423, 186, 168, true, true
1410618, 31704, 7814, 422, 185, 170, true, true
1411071, 31719, 7814, 421, 184, 170, true, true
1412701, 31762, 7814, 420, 183, 170, true, true
1420553, 31942, 7814, 419, 182, 170, true, true
1428975, 32147, 7815, 420, 183, 166, true, true
1429010, 32149, 7818, 422, 183, 164, true, true
1430052, 32174, 7818, 420, 182, 165, true, true
1436207, 32318, 7818, 419, 181, 167, true, true
1437306, 32351, 7819, 420, 182, 167, true, true
1440467, 32448, 7819, 419, 181, 167, true, true
1443517, 32498, 7819, 418, 180, 169, true, true
1449301, 32593, 7820, 419, 181, 168, true, true
1449927, 32611, 7820, 418, 180, 168, true, true
1451295, 32644, 7820, 417, 179, 168, true, true
1453299, 32689, 7821, 418, 180, 167, true, true
1453572, 32694, 7822, 419, 181, 167, true, true
1460847, 32872, 7826, 423, 182, 170, true, true
1461140, 32878, 7827, 424, 183, 168, true, true
1461282, 32883, 7827, 420, 182, 168, true, true
1470846, 33120, 7827, 419, 181, 171, true, true
1487317, 33506, 7827, 418, 180, 176, true, true
1488380, 33529, 7827, 417, 179, 176, true, true
1489707, 33564, 7827, 415, 178, 176, true, true
1495677, 33717, 7828, 416, 179, 175, true, true
1501952, 33879, 7828, 415, 179, 176, true, true
1510584, 34079, 7829, 416, 180, 174, true, true
1513892, 34146, 7829, 414, 179, 175, true, true
1516255, 34199, 7830, 415, 180, 173, true, true
1518164, 34245, 7830, 414, 179, 174, true, true
1519974, 34295, 7831, 415, 180, 173, true, true
1526697, 34455, 7837, 421, 181, 174, true, true
1527186, 34467, 7837, 419, 180, 174, true, true
1528446, 34491, 7848, 430, 181, 173, true, true
1529243, 34513, 7848, 429, 180, 173, true, true
1533298, 34612, 7848, 428, 179, 174, true, true
1534327, 34631, 7849, 429, 180, 172, true, true
1535688, 34667, 7849, 427, 179, 172, true, true
1550456, 35018, 7849, 426, 178, 173, true, true
1555504, 35136, 7851, 428, 179, 173, true, true
1562435, 35279, 7852, 429, 180, 173, true, true
1565843, 35357, 7852, 428, 179, 173, true, true
1566464, 35377, 7853, 428, 179, 171, true, true
1568030, 35423, 7853, 427, 178, 171, true, true
1569836, 35472, 7853, 426, 177, 171, true, true
1573310, 35553, 7854, 427, 178, 172, true, true
1579116, 35687, 7855, 428, 179, 171, true, true
1580226, 35712, 7855, 427, 178, 171, true, true
1582204, 35756, 7855, 426, 177, 171, true, true
1589760, 35906, 7862, 430, 178, 170, true, true
1603918, 36205, 7862, 429, 177, 172, true, true
1605826, 36244, 7862, 428, 176, 172, true, true
1611029, 36370, 7863, 428, 177, 171, true, true
1619459, 36547, 7863, 427, 176, 172, true, true
1622343, 36627, 7863, 426, 175, 172, true, true
1627429, 36754, 7863, 425, 174, 173, true, true
1628219, 36777, 7864, 426, 175, 168, true, true
1629590, 36810, 7866, 428, 176, 166, true, true
1633467, 36899, 7868, 430, 177, 168, true, true
1642069, 37110, 7869, 431, 178, 167, true, true
1646997, 37231, 7870, 432, 179, 167, true, true
1649493, 37280, 7873, 434, 179, 166, true, true
1655746, 37426, 7873, 433, 178, 167, true, true
1657181, 37454, 7875, 435, 179, 166, true, true
1657879, 37467, 7876, 436, 180, 164, true, true
1658556, 37486, 7879, 438, 181, 163, true, true
1661006, 37544, 7879, 434, 180, 163, true, true
1661998, 37571, 7880, 435, 181, 160, true, true
1665573, 37653, 7881, 436, 182, 157, true, true
1667092, 37683, 7882, 437, 183, 154, true, true
1669357, 37712, 7884, 436, 183, 153, true, true
1672289, 37772, 7899, 451, 184, 151, true, true
1677309, 37887, 7901, 453, 185, 150, true, true
1677395, 37889, 7902, 453, 185, 149, true, true
1680076, 37959, 7902, 452, 184, 150, true, true
1686907, 38132, 7903, 451, 185, 149, true, true
1688474, 38170, 7903, 450, 184, 151, true, true
1690125, 38202, 7903, 449, 183, 151, true, true
1693640, 38287, 7904, 450, 184, 151, true, true
1698064, 38374, 7904, 449, 183, 152, true, true
1698815, 38385, 7904, 448, 182, 152, true, true
1704229, 38508, 7905, 449, 183, 153, true, true
1705780, 38544, 7905, 448, 182, 154, true, true
1710746, 38659, 7905, 447, 181, 156, true, true
1715087, 38754, 7905, 446, 180, 157, true, true
1716038, 38776, 7905, 445, 179, 157, true, true
1716523, 38789, 7906, 446, 180, 156, true, true
1718398, 38841, 7906, 445, 179, 156, true, true
1738243, 39146, 7907, 446, 180, 156, true, true
1746201, 39246, 7907, 445, 179, 159, true, true
1750885, 39302, 7908, 446, 180, 154, true, true
1751164, 39304, 7909, 447, 181, 150, true, true
1787563, 39774, 7920, 450, 182, 149, true, true
1789440, 39802, 7921, 451, 183, 146, true, true
1795572, 39875, 7921, 450, 182, 146, true, true
1800331, 39943, 7923, 451, 183, 145, true, true
1803638, 39990, 7923, 449, 181, 146, true, true
1830811, 40317, 7925, 451, 182, 148, true, true
1833635, 40353, 7926, 451, 183, 147, true, true
1835371, 40376, 7927, 452, 184, 146, true, true
1860366, 40713, 7928, 453, 185, 148, true, true
1884280, 41025, 7929, 454, 186, 148, true, true
2006321, 41711, 7930, 455, 187, 150, true, true
2009564, 41751, 7930, 454, 186, 151, true, true
2014647, 41819, 7930, 453, 185, 152, true, true
2043342, 42165, 7930, 451, 184, 154, true, true
2055733, 42318, 7931, 452, 185, 153, true, true
2067668, 42467, 7931, 443, 184, 153, true, true
2068647, 42479, 7932, 444, 185, 153, true, true
2075578, 42560, 7932, 441, 184, 153, true, true
2082974, 42658, 7932, 440, 183, 153, true, true
2086028, 42687, 7933, 441, 184, 152, true, true
2095017, 42801, 7934, 442, 185, 149, true, true
2111514, 42999, 7934, 441, 184, 150, true, true
2120594, 43113, 7934, 437, 184, 151, true, true
2141714, 43388, 7941, 443, 184, 151, true, true
2156915, 43575, 7941, 442, 183, 154, true, true
2170899, 43752, 7941, 441, 182, 155, true, true
2175107, 43800, 7941, 440, 181, 155, true, true
2195753, 44057, 7944, 442, 181, 156, true, true
2209680, 44223, 7944, 441, 180, 156, true, true
2217967, 44327, 7944, 439, 179, 158, true, true
2221378, 44379, 7944, 438, 178, 159, true, true
2233873, 44553, 7945, 439, 179, 159, true, true
2233910, 44554, 7947, 441, 180, 158, true, true
2244340, 44708, 7947, 439, 179, 159, true, true
2253336, 44826, 7947, 438, 178, 160, true, true
2253924, 44840, 7947, 437, 177, 160, true, true
2262213, 45027, 7947, 432, 177, 160, true, true
2269961, 45213, 7948, 433, 178, 157, true, true
2275262, 45330, 7949, 434, 179, 148, true, true
2277856, 45372, 7949, 433, 178, 148, true, true
2285616, 45562, 7950, 434, 179, 150, true, true
2290056, 45660, 7952, 436, 180, 150, true, true
2300937, 45917, 7952, 435, 179, 155, true, true
2303925, 45987, 7955, 432, 180, 154, true, true
2304425, 46004, 7956, 433, 181, 152, true, true
2308561, 46105, 7956, 432, 180, 153, true, true
2317333, 46315, 7957, 433, 181, 155, true, true
2320561, 46392, 7959, 435, 182, 155, true, true
2324344, 46492, 7960, 436, 183, 155, true, true
2345603, 47003, 7964, 439, 183, 156, true, true
2373694, 47551, 7965, 440, 184, 154, true, true
2374058, 47556, 7966, 441, 185, 153, true, true
2374729, 47566, 7966, 440, 184, 153, true, true
2384237, 47742, 7966, 439, 183, 154, true, true
2387193, 47795, 7966, 438, 182, 154, true, true
2397775, 48030, 7966, 437, 181, 154, true, true
2406438, 48227, 7966, 435, 180, 155, true, true
2418103, 48511, 7966, 434, 179, 155, true, true
2421918, 48611, 7966, 433, 178, 158, true, true
2431224, 48871, 7966, 431, 178, 158, true, true
2433023, 48913, 7967, 432, 179, 151, true, true
2442974, 49187, 7967, 429, 179, 154, true, true
2445038, 49232, 7967, 428, 178, 154, true, true
2447026, 49281, 7968, 428, 178, 153, true, true
2449009, 49326, 7977, 435, 178, 151, true, true
2464009, 49673, 7979, 435, 178, 151, true, true
2464794, 49691, 7981, 434, 178, 152, true, true
2466416, 49732, 7981, 433, 177, 152, true, true
2468210, 49772, 7981, 431, 176, 152, true, true
2473288, 49907, 7983, 428, 177, 153, true, true
2479192, 50034, 7992, 437, 178, 154, true, true
2481346, 50089, 7993, 438, 179, 149, true, true
2484682, 50165, 7993, 437, 178, 151, true, true
2484989, 50171, 7993, 436, 177, 151, true, true
2497081, 50479, 7995, 438, 178, 152, true, true
2513959, 50912, 7995, 435, 177, 153, true, true
2526527, 51214, 7996, 434, 177, 152, true, true
2535835, 51453, 7996, 433, 176, 154, true, true
2537482, 51482, 7996, 432, 175, 154, true, true
2538930, 51520, 7997, 433, 176, 152, true, true
2539509, 51534, 7998, 434, 177, 151, true, true
2542796, 51611, 7998, 433, 177, 151, true, true
2558448, 51939, 8002, 434, 177, 153, true, true
2561197, 52005, 8005, 435, 177, 153, true, true
2581335, 52473, 8005, 434, 176, 153, true, true
2583254, 52514, 8006, 435, 177, 152, true, true
2595228, 52806, 8006, 434, 176, 153, true, true
2601698, 52963, 8008, 430, 177, 153, true, true
2608876, 53132, 8008, 429, 176, 153, true, true
2619801, 53404, 8008, 428, 175, 154, true, true
2628178, 53617, 8009, 429, 176, 152, true, true
2637635, 53852, 8033, 452, 177, 148, true, true
2638366, 53871, 8033, 451, 176, 149, true, true
2640573, 53912, 8034, 441, 177, 148, true, true
2651210, 54159, 8035, 442, 178, 148, true, true
2653392, 54213, 8035, 441, 177, 148, true, true
2653654, 54221, 8038, 441, 177, 147, true, true
2656702, 54310, 8038, 439, 176, 148, true, true
2671245, 54673, 8038, 438, 175, 149, true, true
2684284, 54953, 8038, 437, 174, 150, true, true
2693223, 55175, 8039, 438, 175, 147, true, true
2697026, 55257, 8039, 437, 174, 148, true, true
2701856, 55373, 8040, 438, 175, 149, true, true
2704189, 55430, 8041, 439, 176, 148, true, true
2718940, 55781, 8041, 438, 176, 151, true, true
2721737, 55852, 8042, 439, 177, 150, true, true
2721967, 55858, 8043, 440, 178, 149, true, true
2733969, 56174, 8045, 442, 179, 146, true, true
2740052, 56338, 8045, 440, 178, 147, true, true
2746521, 56480, 8046, 441, 179, 146, true, true
2749470, 56565, 8047, 442, 180, 146, true, true
2753663, 56685, 8047, 440, 179, 146, true, true
2754731, 56714, 8047, 439, 178, 146, true, true
2756079, 56740, 8047, 438, 177, 146, true, true
2775025, 57209, 8048, 439, 178, 149, true, true
2775989, 57234, 8053, 444, 179, 148, true, true
2777502, 57275, 8054, 445, 180, 147, true, true
2779571, 57329, 8059, 450, 181, 145, true, true
2784994, 57468, 8059, 435, 180, 146, true, true
2807349, 58011, 8060, 436, 181, 148, true, true
2814308, 58205, 8061, 437, 182, 146, true, true
2821698, 58393, 8061, 436, 181, 146, true, true
2824192, 58463, 8061, 435, 180, 146, true, true
2824977, 58477, 8061, 433, 179, 146, true, true
2833252, 58662, 8062, 434, 180, 145, true, true
2840287, 58832, 8062, 432, 180, 147, true, true
2842010, 58877, 8062, 431, 179, 147, true, true
2846233, 58969, 8064, 433, 180, 146, true, true
2849688, 59064, 8065, 432, 181, 145, true, true
2857716, 59269, 8065, 431, 180, 146, true, true
2869895, 59569, 8067, 433, 181, 142, true, true
2873636, 59668, 8074, 420, 182, 144, true, true
2881119, 59846, 8074, 418, 181, 144, true, true
2882992, 59894, 8074, 417, 180, 144, true, true
2895068, 60213, 8074, 416, 179, 147, true, true
2909206, 60571, 8075, 416, 180, 147, true, true
2921863, 60890, 8075, 415, 179, 150, true, true
2922601, 60909, 8076, 416, 180, 148, true, true
2930620, 61124, 8095, 435, 181, 147, true, true
2940806, 61376, 8096, 436, 182, 147, true, true
2942987, 61447, 8098, 438, 183, 146, true, true
2978103, 62328, 8098, 437, 182, 150, true, true
2990155, 62614, 8099, 438, 183, 148, true, true
2998596, 62824, 8099, 437, 182, 150, true, true
3002512, 62918, 8100, 438, 183, 148, true, true
3011546, 63123, 8100, 437, 182, 150, true, true
3034089, 63692, 8100, 435, 181, 151, true, true
3058590, 64343, 8100, 432, 181, 153, true, true
3063055, 64464, 8110, 430, 180, 151, true, true
3064270, 64498, 8111, 431, 181, 149, true, true
3070438, 64661, 8113, 433, 182, 147, true, true
3081492, 64939, 8114, 434, 183, 147, true, true
3083138, 64991, 8115, 435, 184, 146, true, true
3088733, 65130, 8115, 431, 183, 147, true, true
3096995, 65342, 8115, 430, 182, 149, true, true
3098417, 65383, 8115, 429, 181, 149, true, true
3104345, 65542, 8115, 428, 180, 150, true, true
3104384, 65544, 8116, 429, 181, 148, true, true
3106183, 65576, 8117, 430, 182, 146, true, true
3108724, 65641, 8117, 429, 181, 146, true, true
3115865, 65801, 8117, 428, 181, 146, true, true
3119894, 65902, 8120, 431, 182, 145, true, true
3120984, 65923, 8121, 432, 183, 137, true, true
3128753, 66102, 8121, 430, 182, 141, true, true
3136604, 66312, 8121, 424, 181, 143, true, true
3141152, 66435, 8122, 425, 182, 142, true, true
3147864, 66607, 8123, 424, 181, 141, true, true
3149858, 66654, 8123, 423, 180, 141, true, true
3158303, 66868, 8124, 424, 181, 142, true, true
3190504, 67628, 8124, 422, 180, 145, true, true
3202943, 67945, 8125, 423, 181, 143, true, true
3209631, 68118, 8126, 424, 182, 139, true, true
3213686, 68231, 8129, 427, 183, 138, true, true
3224732, 68480, 8129, 420, 182, 140, true, true
3225603, 68506, 8129, 419, 181, 140, true, true
3239791, 68830, 8129, 418, 181, 142, true, true
3249576, 69081, 8130, 414, 181, 142, true, true
3297351, 70251, 8131, 408, 181, 145, true, true
3300266, 70321, 8131, 406, 180, 145, true, true
3300748, 70337, 8132, 407, 181, 143, true, true
3311006, 70600, 8132, 406, 180, 146, true, true
3313779, 70664, 8132, 405, 179, 147, true, true
3327628, 71007, 8132, 404, 178, 147, true, true
3335215, 71178, 8133, 405, 179, 147, true, true
3346056, 71457, 8133, 404, 178, 150, true, true
3369954, 72091, 8134, 405, 179, 151, true, true
3386573, 72515, 8134, 404, 178, 153, true, true
3416623, 73288, 8134, 403, 177, 155, true, true
3430652, 73666, 8135, 404, 178, 156, true, true
3445980, 74069, 8135, 403, 177, 158, true, true
3453810, 74277, 8135, 399, 177, 158, true, true
3475889, 74877, 8136, 400, 178, 156, true, true
3511728, 75861, 8137, 401, 179, 157, true, true
3514927, 75942, 8137, 400, 178, 158, true, true
3516895, 75989, 8137, 399, 177, 158, true, true
3525114, 76220, 8139, 401, 178, 156, true, true
3526838, 76270, 8141, 403, 179, 155, true, true
3528417, 76317, 8141, 402, 179, 155, true, true
3530981, 76405, 8141, 401, 178, 155, true, true
3536833, 76571, 8142, 400, 178, 153, true, true
3549003, 76926, 8142, 399, 178, 155, true, true
3553435, 77059, 8143, 400, 179, 153, true, true
3555318, 77099, 8143, 398, 178, 153, true, true
3555478, 77106, 8143, 397, 177, 153, true, true
3567133, 77432, 8144, 398, 178, 153, true, true
3596764, 78262, 8144, 395, 178, 154, true, true
3601882, 78404, 8146, 397, 179, 154, true, true
3603541, 78459, 8147, 398, 180, 152, true, true
3611572, 78695, 8154, 405, 181, 154, true, true
3640157, 79486, 8155, 406, 182, 158, true, true
3645931, 79650, 8155, 405, 181, 160, true, true
3649265, 79741, 8155, 404, 181, 160, true, true
3650982, 79797, 8155, 403, 180, 160, true, true
3654618, 79905, 8165, 409, 180, 160, true, true
3665350, 80204, 8166, 410, 181, 158, true, true
3668750, 80307, 8166, 408, 180, 158, true, true
3673768, 80461, 8167, 409, 181, 158, true, true
3699970, 81188, 8167, 408, 180, 160, true, true
3704046, 81314, 8168, 409, 181, 159, true, true
3726185, 81900, 8168, 407, 179, 162, true, true
3741923, 82348, 8168, 405, 178, 164, true, true
3774080, 83194, 8168, 404, 177, 168, true, true
3780828, 83386, 8168, 403, 177, 169, true, true
3782515, 83437, 8168, 401, 176, 169, true, true
3787442, 83570, 8169, 402, 177, 167, true, true
3788798, 83604, 8169, 401, 176, 167, true, true
3807784, 84099, 8170, 402, 177, 167, true, true
3811226, 84185, 8170, 401, 177, 167, true, true
3812041, 84213, 8170, 400, 176, 167, true, true
3841410, 84942, 8172, 402, 177, 171, true, true
3847217, 85125, 8172, 401, 176, 172, true, true
3854431, 85319, 8172, 399, 176, 173, true, true
3877034, 85977, 8172, 398, 175, 174, true, true
3886426, 86217, 8172, 397, 174, 174, true, true
3892278, 86393, 8174, 398, 174, 175, true, true
3900493, 86604, 8178, 402, 175, 175, true, true
3917831, 87080, 8179, 403, 176, 174, true, true
3918135, 87089, 8179, 402, 175, 174, true, true
3922354, 87221, 8179, 401, 174, 174, true, true
3927691, 87363, 8179, 400, 173, 174, true, true
3939958, 87714, 8179, 399, 172, 175, true, true
3973775, 88636, 8179, 398, 171, 180, true, true
3975616, 88682, 8180, 399, 172, 179, true, true
3997533, 89294, 8181, 400, 173, 183, true, true
4001742, 89413, 8181, 399, 172, 183, true, true
4008630, 89606, 8182, 400, 173, 182, true, true
4008920, 89615, 8182, 399, 172, 182, true, true
4025571, 90083, 8182, 398, 171, 184, true, true
4030427, 90213, 8183, 399, 172, 183, true, true
4033916, 90314, 8183, 398, 171, 184, true, true
4035334, 90353, 8183, 397, 170, 184, true, true
4037173, 90388, 8183, 396, 169, 184, true, true
4054015, 90800, 8186, 398, 169, 181, true, true
4059788, 90974, 8187, 399, 170, 179, true, true
4060017, 90979, 8187, 397, 169, 179, true, true
4062923, 91058, 8187, 396, 168, 179, true, true
4068038, 91193, 8187, 395, 167, 179, true, true
4074033, 91338, 8189, 397, 168, 176, true, true
4075779, 91378, 8189, 396, 167, 176, true, true
4087490, 91699, 8190, 397, 168, 171, true, true
4088729, 91725, 8190, 395, 167, 171, true, true
4089837, 91746, 8190, 394, 166, 171, true, true
4100390, 92013, 8190, 393, 165, 172, true, true
4117512, 92478, 8190, 392, 165, 173, true, true
4117549, 92479, 8190, 391, 164, 173, true, true
4118026, 92496, 8190, 390, 163, 173, true, true
4122309, 92617, 8193, 393, 164, 172, true, true
4124123, 92663, 8194, 394, 165, 171, true, true
4133646, 92895, 8194, 393, 164, 171, true, true
4141856, 93125, 8194, 392, 163, 171, true, true
4161398, 93623, 8195, 393, 164, 171, true, true
4162413, 93656, 8195, 392, 163, 171, true, true
4170664, 93868, 8198, 395, 164, 166, true, true
4206967, 94802, 8199, 396, 165, 167, true, true
4215920, 95036, 8199, 395, 164, 168, true, true
4224086, 95262, 8202, 398, 165, 167, true, true
4265369, 96326, 8204, 400, 166, 168, true, true
4269229, 96416, 8204, 399, 165, 168, true, true
4291931, 97059, 8204, 398, 164, 170, true, true
4294527, 97120, 8206, 399, 164, 162, true, true
4322928, 97869, 8206, 397, 163, 166, true, true
4324292, 97906, 8207, 398, 164, 163, true, true
4324349, 97908, 8207, 397, 163, 163, true, true
4338515, 98292, 8208, 398, 164, 162, true, true
4375988, 99329, 8209, 399, 165, 168, true, true
4376816, 99352, 8210, 399, 165, 164, true, true
4392767, 99808, 8210, 398, 164, 164, true, true
4399385, 99942, 8212, 400, 165, 163, true, true
4400837, 99987, 8213, 397, 165, 163, true, true
4409982, 100240, 8214, 398, 166, 163, true, true
4410341, 100247, 8215, 396, 166, 162, true, true
4419244, 100435, 8215, 395, 165, 162, true, true
4443850, 100951, 8216, 396, 166, 162, true, true
4490859, 101930, 8216, 394, 165, 166, true, true
4528219, 102696, 8217, 395, 166, 167, true, true
4577298, 103736, 8222, 400, 167, 167, true, true
4580975, 103810, 8223, 401, 168, 165, true, true
4584979, 103883, 8223, 398, 167, 165, true, true
4592280, 104055, 8223, 397, 166, 165, true, true
4644587, 105129, 8224, 398, 167, 168, true, true
4645130, 105140, 8224, 397, 166, 168, true, true
4683963, 105903, 8225, 398, 167, 169, true, true
4707443, 106387, 8226, 399, 168, 168, true, true
4749148, 107276, 8227, 400, 169, 169, true, true
4756863, 107449, 8227, 398, 168, 170, true, true
4769628, 107729, 8228, 399, 169, 170, true, true
4774925, 107824, 8228, 398, 168, 170, true, true
4784198, 108033, 8229, 399, 169, 168, true, true
4811377, 108599, 8229, 397, 168, 169, true, true
4829395, 109002, 8229, 396, 167, 170, true, true
4861664, 109684, 8229, 395, 166, 171, true, true
4896785, 110423, 8230, 396, 167, 172, true, true
4901890, 110532, 8231, 397, 168, 167, true, true
4919769, 110876, 8232, 398, 169, 166, true, true
4931761, 111152, 8232, 397, 168, 168, true, true
4941009, 111360, 8232, 396, 167, 168, true, true
4950054, 111535, 8233, 397, 168, 164, true, true
4964508, 111845, 8252, 416, 169, 163, true, true
4983136, 112232, 8252, 415, 168, 164, true, true
5000969, 112623, 8252, 414, 167, 166, true, true
5004725, 112705, 8253, 415, 168, 165, true, true
5013335, 112894, 8253, 414, 167, 165, true, true
5021896, 113060, 8254, 415, 168, 163, true, true
5050229, 113680, 8255, 416, 169, 162, true, true
5052520, 113731, 8255, 415, 168, 162, true, true
5064657, 114001, 8256, 416, 169, 160, true, true
5064912, 114007, 8270, 423, 169, 159, true, true
5101763, 114816, 8270, 422, 168, 163, true, true
5101820, 114817, 8270, 420, 167, 163, true, true
5113948, 115090, 8270, 419, 166, 163, true, true
5120992, 115245, 8272, 421, 167, 162, true, true
5176287, 116462, 8272, 420, 166, 167, true, true
5186728, 116660, 8272, 419, 165, 168, true, true
5188306, 116692, 8272, 413, 164, 168, true, true
5203417, 117022, 8272, 411, 163, 169, true, true
5206890, 117108, 8273, 412, 164, 166, true, true
5218514, 117374, 8273, 411, 163, 166, true, true
5221253, 117449, 8274, 412, 164, 165, true, true
5228151, 117648, 8275, 413, 165, 164, true, true
5235410, 117873, 8275, 412, 164, 165, true, true
5243527, 118131, 8275, 411, 163, 166, true, true
5251735, 118358, 8275, 410, 162, 167, true, true
5253870, 118409, 8275, 409, 161, 167, true, true
5259006, 118548, 8275, 408, 160, 167, true, true
5281229, 119217, 8275, 404, 159, 167, true, true
5282759, 119258, 8279, 406, 160, 166, true, true
5317241, 120315, 8281, 408, 161, 166, true, true
5317479, 120324, 8282, 409, 162, 164, true, true
5353871, 121461, 8284, 411, 163, 168, true, true
5354378, 121479, 8284, 410, 162, 168, true, true
5354809, 121497, 8285, 411, 163, 167, true, true
5364362, 121744, 8285, 410, 162, 167, true, true
5398324, 122743, 8285, 409, 161, 169, true, true
5405911, 122969, 8287, 410, 161, 168, true, true
5409315, 123088, 8288, 411, 162, 166, true, true
5416769, 123332, 8288, 410, 161, 167, true, true
5431819, 123787, 8288, 409, 160, 167, true, true
5450615, 124323, 8289, 410, 161, 166, true, true
5478122, 125171, 8289, 409, 160, 167, true, true
5491062, 125584, 8291, 411, 161, 168, true, true
5503823, 125966, 8291, 410, 160, 171, true, true
5528988, 126735, 8292, 411, 161, 172, true, true
5552893, 127431, 8293, 412, 162, 172, true, true
5565858, 127829, 8294, 412, 162, 172, true, true
5634254, 129828, 8295, 413, 163, 171, true, true
5642101, 130073, 8295, 412, 162, 171, true, true
5652068, 130375, 8296, 411, 163, 171, true, true
5658582, 130572, 8296, 410, 162, 171, true, true
5690001, 131577, 8296, 409, 162, 174, true, true
5704187, 132062, 8296, 408, 161, 176, true, true
5707953, 132171, 8298, 410, 162, 171, true, true
5708898, 132203, 8299, 411, 163, 170, true, true
5709235, 132214, 8300, 412, 164, 169, true, true
5710372, 132249, 8302, 413, 165, 166, true, true
5723062, 132648, 8302, 411, 164, 166, true, true
5726799, 132780, 8302, 410, 163, 166, true, true
5729604, 132861, 8303, 411, 164, 165, true, true
5752941, 133646, 8304, 412, 165, 165, true, true
5753879, 133677, 8304, 411, 164, 165, true, true
5755352, 133720, 8305, 410, 164, 164, true, true
5761106, 133892, 8305, 409, 163, 164, true, true
5763536, 133973, 8306, 410, 164, 163, true, true
5805012, 135305, 8306, 408, 163, 168, true, true
5820169, 135763, 8306, 407, 162, 169, true, true
5827124, 135982, 8308, 340, 162, 168, true, true
5845370, 136580, 8308, 339, 161, 169, true, true
5850833, 136769, 8316, 347, 162, 166, true, true
5869436, 137377, 8317, 348, 163, 164, true, true
5881063, 137759, 8318, 333, 163, 164, true, true
5905049, 138567, 8319, 334, 164, 166, true, true
5953282, 140210, 8320, 335, 165, 169, true, true
5957729, 140367, 8321, 336, 166, 166, true, true
5973462, 140898, 8321, 335, 165, 167, true, true
5975438, 140972, 8321, 330, 164, 167, true, true
5976280, 141004, 8321, 329, 163, 167, true, true
5983595, 141257, 8322, 330, 164, 167, true, true
6017094, 142314, 8322, 329, 163, 170, true, true
6024811, 142532, 8323, 330, 164, 166, true, true
6028521, 142653, 8324, 331, 165, 155, true, true
6033604, 142808, 8324, 326, 164, 155, true, true
6042902, 143110, 8325, 327, 165, 156, true, true
6083519, 144396, 8326, 328, 166, 155, true, true
6107331, 145095, 8327, 329, 167, 152, true, true
6122817, 145624, 8327, 328, 166, 153, true, true
6130984, 145916, 8327, 327, 165, 154, true, true
6159335, 146816, 8327, 326, 164, 158, true, true
6163656, 146965, 8327, 325, 163, 159, true, true
6179404, 147498, 8329, 327, 164, 161, true, true
6242941, 149613, 8329, 325, 163, 165, true, true
6252979, 149915, 8329, 323, 162, 165, true, true
6255411, 149989, 8329, 322, 161, 166, true, true
6264140, 150285, 8329, 321, 160, 168, true, true
6270404, 150489, 8329, 320, 159, 169, true, true
6299476, 151441, 8329, 316, 158, 172, true, true
6302524, 151539, 8330, 317, 159, 171, true, true
6310755, 151807, 8331, 317, 159, 171, true, true
6317246, 152030, 8331, 316, 158, 171, true, true
6341668, 152814, 8332, 317, 159, 169, true, true
6341935, 152820, 8333, 315, 159, 168, true, true
6356945, 153336, 8334, 316, 160, 169, true, true
6364531, 153599, 8334, 315, 159, 170, true, true
6388924, 154376, 8335, 316, 160, 167, true, true
6391786, 154473, 8335, 315, 159, 167, true, true
6409205, 155038, 8335, 314, 159, 168, true, true
6412772, 155148, 8337, 316, 160, 167, true, true
6452936, 156422, 8337, 315, 159, 173, true, true
6453974, 156459, 8337, 310, 159, 173, true, true
6461891, 156721, 8339, 311, 159, 172, true, true
6475676, 157181, 8339, 309, 158, 172, true, true
6476946, 157229, 8340, 310, 159, 170, true, true
6477688, 157258, 8342, 299, 159, 168, true, true
6494892, 157821, 8344, 301, 160, 166, true, true
6507213, 158205, 8344, 298, 159, 166, true, true
6517117, 158525, 8345, 298, 160, 167, true, true
6536141, 159150, 8345, 297, 159, 168, true, true
6537944, 159204, 8346, 298, 160, 167, true, true
6552379, 159688, 8347, 299, 161, 163, true, true
6554881, 159768, 8347, 298, 160, 164, true, true
6562921, 160035, 8353, 304, 161, 163, true, true
6577542, 160532, 8353, 303, 160, 164, true, true
6586959, 160819, 8353, 302, 159, 164, true, true
6609630, 161586, 8355, 304, 160, 162, true, true
6619449, 161909, 8355, 303, 159, 163, true, true
6640291, 162587, 8358, 306, 160, 162, true, true
6656354, 163105, 8359, 296, 160, 161, true, true
6666169, 163419, 8382, 315, 160, 157, true, true
6690389, 164220, 8383, 316, 161, 158, true, true
6735891, 165730, 8384, 317, 162, 159, true, true
6762105, 166576, 8384, 314, 161, 160, true, true
6764581, 166649, 8385, 315, 162, 158, true, true
6793369, 167561, 8386, 316, 163, 158, true, true
6810301, 168162, 8389, 319, 164, 158, true, true
6812327, 168227, 8389, 318, 163, 158, true, true
6820057, 168473, 8389, 316, 162, 158, true, true
6830371, 168846, 8389, 315, 161, 159, true, true
6837358, 169030, 8390, 316, 162, 157, true, true
6839805, 169116, 8391, 317, 163, 156, true, true
6844141, 169244, 8392, 312, 164, 155, true, true
6849299, 169408, 8393, 313, 165, 154, true, true
6850418, 169450, 8393, 312, 164, 154, true, true
6874028, 170194, 8394, 313, 165, 149, true, true
6878852, 170343, 8395, 314, 166, 144, true, true
6910675, 171391, 8403, 322, 167, 143, true, true
6947339, 172513, 8404, 323, 168, 141, true, true
6951300, 172648, 8405, 324, 169, 138, true, true
6962257, 173005, 8405, 323, 168, 139, true, true
6969694, 173248, 8405, 322, 167, 139, true, true
6971022, 173295, 8406, 323, 168, 134, true, true
7035455, 175397, 8422, 337, 168, 134, true, true
7043188, 175672, 8423, 338, 169, 134, true, true
7072227, 176628, 8424, 339, 170, 132, true, true
7096617, 177467, 8424, 338, 169, 133, true, true
7099574, 177563, 8432, 337, 170, 132, true, true
7150942, 179373, 8432, 336, 169, 135, true, true
7161195, 179757, 8432, 335, 168, 135, true, true
7170527, 180076, 8435, 338, 169, 131, true, true
7176127, 180263, 8435, 337, 168, 131, true, true
7185075, 180571, 8436, 336, 169, 131, true, true
7293598, 184573, 8436, 335, 168, 135, true, true
7294915, 184626, 8436, 334, 168, 135, true, true
7299762, 184795, 8436, 333, 168, 135, true, true
7304963, 185010, 8436, 332, 167, 135, true, true
7347373, 186678, 8436, 331, 166, 138, true, true
7350887, 186761, 8436, 329, 165, 138, true, true
7353195, 186843, 8436, 328, 164, 140, true, true
7361707, 187126, 8437, 329, 165, 140, true, true
7418877, 189292, 8437, 327, 165, 145, true, true
7425675, 189541, 8438, 328, 166, 143, true, true
7430222, 189707, 8438, 321, 166, 143, true, true
7437952, 190013, 8438, 320, 165, 144, true, true
7455332, 190669, 8440, 322, 166, 143, true, true
7455573, 190682, 8441, 323, 167, 140, true, true
7460744, 190872, 8441, 322, 166, 141, true, true
7474066, 191389, 8441, 321, 165, 142, true, true
7478275, 191573, 8442, 322, 166, 141, true, true
7487867, 191928, 8442, 321, 165, 142, true, true
7499528, 192359, 8442, 320, 165, 143, true, true
7501290, 192415, 8442, 319, 164, 143, true, true
7524658, 193337, 8442, 318, 163, 145, true, true
7526282, 193391, 8442, 316, 162, 145, true, true
7566839, 194959, 8444, 318, 163, 144, true, true
7568122, 195012, 8444, 313, 163, 144, true, true
7569697, 195058, 8444, 310, 162, 144, true, true
7575424, 195281, 8445, 309, 163, 143, true, true
7606033, 196432, 8445, 308, 163, 144, true, true
7611765, 196631, 8446, 307, 163, 144, true, true
7614195, 196720, 8446, 306, 162, 144, true, true
7619064, 196877, 8446, 304, 161, 144, true, true
7632299, 197407, 8446, 302, 160, 145, true, true
7641258, 197699, 8446, 301, 159, 147, true, true
7645751, 197855, 8447, 302, 160, 147, true, true
7655975, 198245, 8448, 303, 161, 146, true, true
7663901, 198556, 8448, 302, 160, 146, true, true
7701318, 199954, 8448, 289, 160, 149, true, true
7726913, 200884, 8449, 290, 161, 148, true, true
7765542, 202360, 8449, 289, 160, 152, true, true
7770105, 202506, 8449, 288, 159, 152, true, true
7771972, 202586, 8450, 288, 159, 149, true, true
7782968, 202992, 8450, 287, 158, 149, true, true
7806981, 203903, 8450, 286, 157, 151, true, true
7818187, 204322, 8450, 285, 156, 151, true, true
7846195, 205338, 8451, 286, 157, 146, true, true
7899838, 207307, 8451, 285, 156, 149, true, true
7946863, 209010, 8452, 286, 157, 152, true, true
7950808, 209152, 8453, 287, 158, 152, true, true
7954013, 209278, 8457, 291, 159, 151, true, true
7975492, 210069, 8457, 290, 158, 152, true, true
7979729, 210224, 8457, 284, 157, 152, true, true
8006503, 211144, 8458, 285, 158, 152, true, true
8008593, 211225, 8459, 284, 158, 151, true, true
8017392, 211556, 8460, 285, 159, 150, true, true
8053270, 212834, 8461, 286, 160, 152, true, true
8053620, 212853, 8462, 287, 161, 149, true, true
8062603, 213157, 8462, 286, 160, 149, true, true
8104532, 214657, 8462, 285, 159, 152, true, true
8104947, 214674, 8463, 286, 160, 151, true, true
8116751, 215105, 8463, 285, 159, 152, true, true
8119902, 215224, 8464, 286, 160, 150, true, true
8142607, 216016, 8464, 285, 159, 150, true, true
8163811, 216798, 8465, 285, 159, 150, true, true
8169870, 217011, 8465, 284, 158, 150, true, true
8187312, 217642, 8465, 283, 157, 152, true, true
8210212, 218453, 8465, 282, 156, 152, true, true
8212963, 218550, 8465, 280, 155, 152, true, true
8234199, 219300, 8465, 279, 154, 152, true, true
8236815, 219389, 8466, 280, 155, 151, true, true
8251705, 219926, 8469, 283, 156, 150, true, true
8255787, 220078, 8469, 282, 155, 150, true, true
8287484, 221132, 8469, 281, 154, 152, true, true
8311954, 222002, 8470, 282, 155, 150, true, true
8317316, 222219, 8471, 283, 156, 151, true, true
8377624, 224449, 8473, 284, 156, 155, true, true
8382968, 224657, 8475, 286, 157, 154, true, true
8394255, 225063, 8475, 285, 156, 155, true, true
8420079, 225977, 8476, 286, 157, 153, true, true
8432418, 226446, 8476, 282, 156, 154, true, true
8434380, 226507, 8476, 281, 155, 154, true, true
8444594, 226850, 8476, 280, 154, 154, true, true
8446578, 226912, 8477, 281, 155, 153, true, true
8464981, 227621, 8482, 286, 156, 152, true, true
8490775, 228489, 8482, 284, 156, 154, true, true
8491084, 228503, 8484, 286, 157, 153, true, true
8497521, 228688, 8489, 291, 158, 150, true, true
8519418, 229457, 8489, 290, 157, 152, true, true
8535476, 230021, 8489, 289, 156, 154, true, true
8559305, 230850, 8490, 290, 157, 153, true, true
8594578, 232107, 8490, 289, 156, 155, true, true
8612043, 232769, 8493, 292, 157, 149, true, true
8620178, 233046, 8493, 273, 156, 149, true, true
8622801, 233148, 8493, 272, 155, 150, true, true
8646122, 233966, 8494, 273, 156, 147, true, true
8648819, 234073, 8494, 272, 156, 147, true, true
8707751, 236154, 8494, 270, 156, 150, true, true
8722234, 236662, 8495, 271, 157, 148, true, true
8783121, 238828, 8495, 270, 156, 149, true, true
8815133, 239970, 8495, 269, 155, 151, true, true
8837611, 240778, 8495, 268, 154, 152, true, true
8852096, 241311, 8495, 265, 153, 153, true, true
8858087, 241530, 8497, 254, 153, 152, true, true
8874805, 242170, 8500, 257, 154, 152, true, true
8880075, 242373, 8501, 258, 155, 150, true, true
8987344, 246208, 8501, 257, 154, 157, true, true
9026741, 247689, 8502, 258, 155, 156, true, true
9104523, 250569, 8502, 257, 154, 159, true, true
9114736, 250950, 8502, 256, 153, 160, true, true
9128405, 251500, 8505, 258, 154, 158, true, true
9128902, 251521, 8505, 257, 153, 158, true, true
9134166, 251715, 8506, 258, 154, 157, true, true
9161809, 252730, 8506, 257, 153, 160, true, true
9195591, 253986, 8508, 259, 154, 160, true, true
9238299, 255570, 8509, 260, 155, 159, true, true
9306979, 258093, 8509, 259, 154, 163, true, true
9308136, 258137, 8509, 258, 153, 163, true, true
9365133, 260200, 8509, 257, 152, 166, true, true
9369093, 260362, 8509, 256, 151, 166, true, true
9370053, 260393, 8509, 255, 150, 166, true, true
9429117, 262599, 8510, 256, 151, 167, true, true
9431770, 262681, 8511, 257, 152, 165, true, true
9456136, 263590, 8512, 258, 153, 162, true, true
9461262, 263774, 8520, 266, 154, 159, true, true
9471130, 264142, 8520, 265, 153, 159, true, true
9524132, 266178, 8521, 266, 154, 154, true, true
9530388, 266428, 8521, 265, 153, 154, true, true
9577026, 268191, 8521, 264, 152, 157, true, true
9587512, 268617, 8522, 265, 153, 155, true, true
9601250, 269118, 8522, 263, 152, 156, true, true
9604412, 269231, 8522, 262, 151, 156, true, true
9646075, 270832, 8522, 261, 150, 157, true, true
9648157, 270922, 8524, 263, 151, 156, true, true
9703691, 272974, 8528, 266, 151, 157, true, true
9769769, 275431, 8528, 264, 150, 157, true, true
9798238, 276447, 8528, 257, 149, 159, true, true
9815486, 277074, 8533, 262, 150, 159, true, true
9843141, 278106, 8534, 262, 151, 161, true, true
9865431, 278952, 8538, 266, 152, 161, true, true
9868918, 279093, 8539, 267, 153, 159, true, true
9869289, 279105, 8541, 267, 153, 157, true, true
9962340, 282469, 8542, 268, 154, 158, true, true
9981508, 283213, 8542, 267, 153, 159, true, true
9987986, 283482, 8544, 269, 154, 153, true, true
9994279, 283724, 8544, 268, 154, 153, true, true
10014658, 284468, 8545, 269, 155, 150, true, true
10059133, 286216, 8545, 268, 155, 152, true, true
10183753, 290993, 8546, 269, 156, 157, true, true
10191386, 291249, 8546, 268, 155, 157, true, true
10197967, 291503, 8549, 264, 155, 152, true, true
10207835, 291930, 8550, 264, 155, 151, true, true
10217009, 292279, 8552, 266, 156, 149, true, true
10233020, 292942, 8553, 267, 157, 145, true, true
10234851, 293010, 8558, 272, 158, 141, true, true
10260774, 293988, 8558, 271, 157, 141, true, true
10271117, 294394, 8559, 269, 156, 138, true, true
10279052, 294699, 8559, 268, 155, 138, true, true
10308183, 295772, 8559, 265, 154, 140, true, true
10316132, 296048, 8559, 264, 153, 140, true, true
10326070, 296460, 8559, 263, 152, 141, true, true
10335060, 296776, 8559, 262, 151, 142, true, true
10343831, 297113, 8559, 261, 150, 142, true, true
10382850, 298556, 8559, 260, 149, 144, true, true
10420626, 299911, 8560, 261, 150, 144, true, true
10432945, 300377, 8560, 256, 149, 144, true, true
10462657, 301545, 8561, 257, 150, 143, true, true
10493139, 302720, 8562, 258, 151, 142, true, true
10494081, 302755, 8563, 259, 152, 140, true, true
10512014, 303402, 8563, 258, 152, 141, true, true
10519671, 303693, 8563, 257, 151, 141, true, true
10532511, 304143, 8563, 252, 150, 141, true, true
10601424, 306299, 8563, 251, 149, 144, true, true
10618504, 306759, 8585, 265, 149, 145, true, true
10663661, 308051, 8585, 264, 148, 146, true, true
10707938, 309321, 8586, 264, 149, 148, true, true
10707987, 309322, 8586, 263, 148, 148, true, true
10718657, 309634, 8586, 262, 147, 148, true, true
10729083, 309927, 8586, 261, 146, 149, true, true
10761875, 310902, 8587, 262, 147, 143, true, true
10762230, 310911, 8588, 263, 148, 140, true, true
10808155, 312169, 8589, 264, 149, 139, true, true
10828812, 312781, 8589, 263, 148, 141, true, true
10911067, 315125, 8590, 264, 149, 145, true, true
10968092, 316768, 8591, 262, 148, 147, true, true
11055386, 319222, 8591, 261, 147, 149, true, true
11079746, 319975, 8591, 260, 146, 149, true, true
11090782, 320288, 8593, 261, 146, 148, true, true
11194442, 323339, 8596, 264, 147, 149, true, true
11210671, 323839, 8596, 263, 147, 149, true, true
11308493, 326748, 8597, 262, 148, 153, true, true
11322379, 327167, 8605, 269, 148, 151, true, true
11326602, 327280, 8605, 268, 147, 151, true, true
11333303, 327484, 8605, 266, 147, 151, true, true
11355184, 328043, 8605, 265, 146, 153, true, true
11363202, 328293, 8605, 263, 144, 153, true, true
11421813, 330349, 8605, 262, 143, 154, true, true
11492427, 333032, 8606, 263, 144, 155, true, true
11502532, 333425, 8606, 261, 143, 156, true, true
11529828, 334562, 8607, 262, 144, 155, true, true
11571618, 336162, 8608, 263, 145, 152, true, true
11597427, 337065, 8608, 262, 144, 154, true, true
11734582, 342574, 8608, 261, 143, 164, true, true
11795866, 345070, 8610, 263, 144, 164, true, true
11807787, 345525, 8610, 262, 143, 164, true, true
11812823, 345744, 8611, 263, 144, 163, true, true
11884703, 348619, 8612, 264, 145, 162, true, true
11885869, 348674, 8612, 263, 144, 162, true, true
12019698, 354047, 8612, 262, 143, 166, true, true
12027923, 354354, 8612, 261, 142, 166, true, true
12038065, 354744, 8613, 262, 143, 163, true, true
12058126, 355559, 8613, 261, 142, 164, true, true
12064159, 355785, 8613, 260, 141, 164, true, true
12074290, 356219, 8614, 261, 142, 163, true, true
12125825, 358300, 8615, 262, 143, 166, true, true
12193278, 361095, 8616, 263, 144, 169, true, true
12197916, 361285, 8617, 264, 145, 168, true, true
12198539, 361302, 8618, 265, 146, 167, true, true
12258856, 363652, 8618, 264, 145, 169, true, true
12282412, 364635, 8619, 265, 146, 167, true, true
12344931, 367187, 8619, 264, 145, 168, true, true
12424612, 370360, 8619, 263, 144, 168, true, true
12462770, 371926, 8623, 267, 145, 169, true, true
12489557, 372911, 8624, 265, 146, 169, true, true
12508670, 373670, 8624, 263, 145, 170, true, true
12598149, 377285, 8625, 264, 146, 171, true, true
12623961, 378320, 8625, 256, 145, 171, true, true
12634974, 378754, 8625, 255, 144, 171, true, true
12644796, 379171, 8625, 254, 143, 171, true, true
12682750, 380735, 8625, 252, 142, 173, true, true
12685036, 380829, 8625, 251, 141, 173, true, true
12704183, 381597, 8625, 250, 140, 173, true, true
12719501, 382174, 8626, 251, 141, 168, true, true
12839789, 387096, 8628, 253, 142, 169, true, true
12876561, 388519, 8629, 252, 142, 170, true, true
12879389, 388635, 8630, 253, 143, 168, true, true
12983458, 392935, 8631, 254, 144, 170, true, true
13014237, 394147, 8631, 253, 143, 171, true, true
13032588, 394877, 8634, 256, 144, 168, true, true
13041693, 395306, 8654, 270, 144, 167, true, true
13046005, 395488, 8655, 271, 145, 166, true, true
13055170, 395888, 8656, 272, 146, 165, true, true
13133979, 399097, 8657, 273, 147, 165, true, true
13140216, 399361, 8658, 273, 147, 165, true, true
13152217, 399836, 8659, 274, 148, 161, true, true
13156882, 400046, 8659, 270, 147, 161, true, true
13157670, 400078, 8663, 272, 147, 159, true, true
13216017, 402617, 8664, 273, 148, 159, true, true
13228925, 403141, 8664, 271, 147, 159, true, true
13233536, 403340, 8665, 272, 148, 158, true, true
13238831, 403557, 8665, 271, 147, 158, true, true
13261240, 404431, 8666, 272, 148, 157, true, true
13287009, 405479, 8666, 271, 147, 157, true, true
13300841, 406061, 8666, 263, 146, 157, true, true
13324209, 407000, 8666, 262, 145, 157, true, true
13475007, 413249, 8666, 260, 144, 164, true, true
13488242, 413809, 8667, 261, 145, 162, true, true
13497943, 414223, 8667, 260, 144, 162, true, true
13507439, 414642, 8667, 255, 143, 162, true, true
13519369, 415121, 8667, 254, 142, 162, true, true
13528418, 415494, 8668, 255, 143, 159, true, true
13534797, 415767, 8669, 256, 144, 158, true, true
13551553, 416471, 8677, 262, 144, 156, true, true
13592860, 418140, 8678, 263, 145, 156, true, true
13612912, 418934, 8678, 259, 145, 156, true, true
13633056, 419744, 8678, 258, 144, 156, true, true
13656070, 420662, 8679, 259, 145, 156, true, true
13718587, 423177, 8680, 260, 146, 157, true, true
13720481, 423253, 8680, 259, 145, 157, true, true
13733886, 423772, 8680, 258, 144, 157, true, true
13734358, 423790, 8681, 259, 145, 153, true, true
13815336, 427080, 8682, 260, 146, 156, true, true
13827356, 427581, 8683, 261, 147, 153, true, true
13867904, 429197, 8684, 262, 148, 154, true, true
13871250, 429353, 8684, 261, 147, 155, true, true
13958457, 432951, 8685, 260, 147, 154, true, true
13977141, 433703, 8685, 259, 146, 154, true, true
13986665, 434103, 8685, 258, 145, 154, true, true
13992619, 434349, 8686, 259, 146, 153, true, true
14043119, 436503, 8686, 258, 145, 156, true, true
14101629, 438840, 8686, 257, 144, 157, true, true
14160127, 441273, 8686, 256, 143, 157, true, true
14233723, 444364, 8688, 258, 144, 157, true, true
14255956, 445316, 8688, 257, 144, 157, true, true
14270127, 445923, 8688, 256, 143, 158, true, true
14271452, 445974, 8689, 257, 144, 156, true, true
14282482, 446443, 8689, 255, 142, 157, true, true
14310596, 447577, 8694, 260, 143, 155, true, true
14346848, 449028, 8694, 259, 143, 157, true, true
14371427, 450051, 8704, 268, 144, 154, true, true
14377823, 450304, 8704, 267, 143, 154, true, true
14394862, 450971, 8704, 266, 142, 154, true, true
14423862, 452098, 8705, 267, 143, 156, true, true
14488868, 454842, 8705, 266, 142, 157, true, true
14504101, 455455, 8705, 265, 141, 157, true, true
14524515, 456304, 8705, 263, 140, 158, true, true
14575699, 458482, 8705, 262, 139, 160, true, true
14577431, 458556, 8706, 263, 140, 159, true, true
14592377, 459158, 8706, 262, 139, 159, true, true
14594940, 459274, 8707, 262, 140, 158, true, true
14622134, 460359, 8707, 261, 139, 160, true, true
14676802, 462586, 8708, 262, 140, 159, true, true
14713688, 464151, 8709, 263, 141, 158, true, true
14718460, 464344, 8709, 262, 140, 158, true, true
14726231, 464663, 8714, 266, 140, 157, true, true
14733976, 464960, 8714, 265, 139, 157, true, true
14747741, 465525, 8714, 264, 138, 157, true, true
14764454, 466184, 8715, 265, 139, 152, true, true
14794921, 467509, 8715, 264, 139, 152, true, true
14831392, 468990, 8715, 263, 138, 152, true, true
14863734, 470218, 8722, 270, 139, 150, true, true
14876025, 470691, 8722, 265, 138, 150, true, true
14901524, 471737, 8723, 266, 139, 148, true, true
14934810, 473000, 8723, 265, 138, 148, true, true
15005630, 475836, 8725, 267, 139, 151, true, true
15034425, 476972, 8725, 264, 138, 152, true, true
15089210, 479193, 8728, 267, 139, 152, true, true
15141794, 481263, 8728, 257, 138, 155, true, true
15159525, 481981, 8728, 256, 137, 156, true, true
15173572, 482542, 8728, 255, 136, 156, true, true
15195790, 483412, 8730, 257, 137, 155, true, true
15233730, 484932, 8730, 256, 136, 157, true, true
15241366, 485235, 8732, 258, 137, 154, true, true
15326545, 488732, 8732, 257, 136, 162, true, true
15351415, 489644, 8733, 258, 137, 161, true, true
15404972, 491745, 8735, 260, 138, 158, true, true
15411290, 491973, 8735, 259, 137, 158, true, true
15495842, 495173, 8736, 260, 138, 158, true, true
15524362, 496326, 8736, 259, 137, 159, true, true
15568612, 497974, 8736, 258, 136, 159, true, true
15581082, 498441, 8737, 259, 137, 158, true, true
15637214, 500523, 8737, 255, 137, 158, true, true
15654894, 501217, 8738, 256, 138, 160, true, true
15763178, 505434, 8738, 255, 137, 160, true, true
15812560, 507354, 8738, 253, 136, 161, true, true
15839142, 508374, 8740, 253, 137, 158, true, true
16055577, 516961, 8740, 250, 136, 165, true, true
16185215, 522160, 8740, 249, 135, 168, true, true
16244950, 524568, 8741, 249, 135, 168, true, true
16300229, 526761, 8742, 250, 136, 167, true, true
16325445, 527763, 8742, 247, 135, 167, true, true
16365191, 529348, 8742, 246, 135, 169, true, true
16533946, 535963, 8745, 247, 135, 165, true, true
16576201, 537622, 8745, 246, 134, 165, true, true
16628225, 539682, 8745, 245, 133, 166, true, true
16640036, 540200, 8746, 246, 134, 164, true, true
16699052, 542542, 8746, 244, 133, 167, true, true
16764720, 545152, 8746, 243, 132, 169, true, true
16916030, 551282, 8747, 244, 133, 171, true, true
16927882, 551785, 8747, 243, 132, 172, true, true
16928079, 551795, 8748, 244, 133, 171, true, true
16934073, 552049, 8748, 243, 132, 171, true, true
16969140, 553453, 8749, 244, 133, 169, true, true
16982714, 554006, 8750, 244, 133, 169, true, true
17000345, 554729, 8750, 243, 132, 169, true, true
17018612, 555454, 8750, 242, 131, 169, true, true
17029978, 555882, 8751, 243, 132, 166, true, true
17030712, 555911, 8752, 244, 133, 165, true, true
17059786, 557080, 8764, 253, 134, 161, true, true
17097331, 558586, 8764, 252, 133, 161, true, true
17131203, 559986, 8764, 250, 132, 162, true, true
17134271, 560106, 8764, 249, 131, 162, true, true
17177585, 561859, 8764, 248, 130, 163, true, true
17270466, 565424, 8765, 249, 131, 160, true, true
17309378, 566846, 8767, 248, 132, 159, true, true
17370355, 569289, 8769, 250, 133, 158, true, true
17422756, 571421, 8770, 251, 134, 154, true, true
17473654, 573389, 8771, 252, 135, 147, true, true
17511543, 574836, 8789, 268, 135, 145, true, true
17550140, 576347, 8789, 267, 134, 146, true, true
17552722, 576442, 8791, 268, 134, 145, true, true
17559806, 576717, 8791, 266, 133, 145, true, true
17626808, 579287, 8794, 269, 134, 145, true, true
17873598, 588752, 8794, 268, 133, 150, true, true
17897361, 589618, 8794, 267, 132, 150, true, true
17937146, 591212, 8794, 266, 131, 150, true, true
18016931, 594288, 8795, 267, 132, 150, true, true
18130464, 598888, 8796, 268, 133, 151, true, true
18300332, 605593, 8797, 268, 134, 153, true, true
18391415, 609364, 8798, 269, 135, 152, true, true
18428789, 610968, 8799, 270, 136, 151, true, true
18446695, 611669, 8805, 276, 137, 149, true, true
18468841, 612610, 8806, 277, 138, 147, true, true
18484968, 613222, 8806, 276, 137, 148, true, true
18517373, 614545, 8806, 275, 136, 149, true, true
18560645, 616264, 8807, 276, 137, 148, true, true
18613817, 618377, 8808, 277, 138, 147, true, true
18616981, 618515, 8809, 277, 138, 144, true, true
18638133, 619358, 8809, 276, 137, 144, true, true
18720103, 622715, 8809, 272, 136, 147, true, true
18723644, 622828, 8810, 273, 137, 144, true, true
18755599, 624118, 8810, 272, 136, 146, true, true
18783035, 625252, 8810, 271, 135, 146, true, true
18801366, 625979, 8811, 271, 135, 144, true, true
18807256, 626229, 8812, 272, 136, 143, true, true
18808789, 626300, 8812, 271, 135, 143, true, true
18838443, 627504, 8813, 271, 135, 140, true, true
18867159, 628671, 8813, 270, 134, 140, true, true
18947563, 631805, 8814, 271, 135, 140, true, true
18986403, 633299, 8815, 272, 136, 136, true, true
19108837, 638253, 8816, 273, 137, 137, true, true
19210202, 642281, 8817, 273, 138, 137, true, true
19285249, 645298, 8818, 274, 139, 136, true, true
19382546, 649269, 8822, 278, 140, 136, true, true
19399622, 649967, 8823, 279, 141, 133, true, true
19419422, 650741, 8823, 278, 140, 134, true, true
19440112, 651582, 8825, 279, 140, 129, true, true
19462650, 652498, 8825, 269, 140, 129, true, true
19526124, 655045, 8826, 270, 141, 125, true, true
19526659, 655070, 8827, 271, 142, 123, true, true
19547879, 655882, 8827, 269, 142, 123, true, true
19566018, 656648, 8828, 270, 143, 122, true, true
19707291, 662416, 8829, 271, 144, 117, true, true
19801332, 666231, 8829, 270, 143, 118, true, true
19932119, 671770, 8830, 271, 144, 120, true, true
19967071, 673244, 8830, 269, 143, 122, true, true
19967793, 673279, 8830, 268, 142, 123, true, true
19990989, 674236, 8831, 269, 143, 120, true, true
19991961, 674275, 8831, 267, 141, 120, true, true
20062723, 677199, 8832, 268, 142, 121, true, true
20092254, 678395, 8832, 267, 141, 122, true, true
20141948, 680388, 8832, 231, 139, 122, true, true
20159620, 681099, 8832, 229, 138, 122, true, true
20163541, 681243, 8833, 230, 139, 111, true, true
20174403, 681688, 8835, 232, 140, 110, true, true
20233682, 684239, 8835, 231, 140, 110, true, true
20301242, 686988, 8837, 231, 141, 109, true, true
20572495, 697900, 8839, 231, 141, 113, true, true
20626596, 700090, 8841, 233, 142, 111, true, true
20649390, 700949, 8841, 231, 141, 113, true, true
20732623, 704236, 8843, 233, 142, 113, true, true
20869422, 709664, 8843, 231, 141, 117, true, true
20967066, 713671, 8844, 232, 142, 117, true, true
20993553, 714771, 8844, 231, 141, 117, true, true
21001760, 715074, 8845, 232, 142, 115, true, true
21071925, 717892, 8845, 227, 142, 117, true, true
21104834, 719236, 8845, 226, 141, 118, true, true
21160851, 721569, 8845, 225, 140, 118, true, true
21291753, 726715, 8845, 224, 139, 118, true, true
21386745, 730475, 8845, 223, 138, 122, true, true
21392050, 730678, 8846, 224, 139, 121, true, true
21593828, 738852, 8846, 221, 138, 123, true, true
21658478, 741402, 8846, 220, 137, 124, true, true
21669186, 741875, 8847, 221, 138, 121, true, true
21677683, 742186, 8848, 222, 139, 120, true, true
21775592, 746188, 8849, 218, 140, 119, true, true
21805870, 747376, 8849, 217, 139, 119, true, true
21880518, 750323, 8849, 215, 138, 119, true, true
21937950, 752497, 8849, 214, 137, 120, true, true
22113339, 759545, 8849, 213, 136, 121, true, true
22125936, 760084, 8850, 214, 137, 120, true, true
22362158, 769668, 8851, 215, 138, 125, true, true
22378606, 770338, 8852, 216, 139, 124, true, true
22482508, 774426, 8853, 217, 140, 122, true, true
22531869, 776395, 8855, 219, 141, 121, true, true
22572445, 778031, 8855, 218, 140, 123, true, true
22657590, 781320, 8856, 215, 140, 121, true, true
22802377, 787038, 8856, 213, 139, 123, true, true
23073371, 797802, 8857, 214, 140, 126, true, true
23089720, 798449, 8857, 212, 139, 126, true, true
23241220, 804607, 8858, 213, 140, 125, true, true
23498571, 815322, 8858, 212, 139, 130, true, true
23502454, 815485, 8858, 211, 138, 130, true, true
23502945, 815507, 8859, 212, 139, 129, true, true
23518124, 816133, 8860, 213, 140, 128, true, true
23595550, 819381, 8860, 210, 139, 129, true, true
23613556, 820194, 8868, 213, 138, 129, true, true
23902088, 832098, 8868, 212, 137, 129, true, true
23941856, 833749, 8868, 211, 136, 130, true, true
23969887, 834892, 8875, 217, 137, 124, true, true
24035779, 837728, 8875, 216, 136, 124, true, true
24090477, 840050, 8875, 215, 135, 124, true, true
24140764, 842141, 8875, 214, 135, 126, true, true
24199524, 844618, 8875, 213, 134, 126, true, true
24295129, 848672, 8875, 212, 133, 126, true, true
24347958, 850946, 8875, 202, 133, 128, true, true
24355500, 851287, 8875, 201, 132, 128, true, true
24376849, 852168, 8877, 202, 132, 127, true, true
24406031, 853368, 8877, 200, 131, 127, true, true
24484796, 856757, 8877, 199, 130, 128, true, true
24521553, 858307, 8877, 198, 129, 128, true, true
24524617, 858415, 8879, 200, 130, 126, true, true
24538303, 858999, 8879, 198, 129, 126, true, true
24566171, 860197, 8880, 199, 130, 122, true, true
24596850, 861447, 8880, 198, 129, 124, true, true
24689571, 865362, 8880, 196, 128, 125, true, true
24770219, 868743, 8880, 194, 127, 126, true, true
24835931, 871494, 8881, 195, 128, 124, true, true
24872981, 873090, 8884, 198, 129, 123, true, true
25068434, 881179, 8884, 197, 128, 124, true, true
25083185, 881791, 8884, 196, 127, 124, true, true
25322093, 891538, 8884, 195, 126, 125, true, true
25455719, 897327, 8884, 194, 125, 126, true, true
25486195, 898683, 8884, 185, 124, 127, true, true
25500671, 899280, 8884, 184, 123, 127, true, true
25597328, 903416, 8884, 182, 121, 129, true, true
25611737, 904023, 8885, 183, 122, 128, true, true
25701319, 907792, 8885, 182, 121, 128, true, true
25719665, 908564, 8887, 184, 122, 125, true, true
25832568, 913479, 8887, 183, 121, 125, true, true
25844049, 913977, 8888, 184, 122, 123, true, true
25887160, 915794, 8889, 185, 123, 122, true, true
25891845, 915994, 8889, 184, 122, 122, true, true
25960846, 918831, 8891, 186, 123, 120, true, true
25991422, 920145, 8891, 185, 122, 120, true, true
26157729, 927369, 8891, 184, 122, 121, true, true
26175288, 928143, 8892, 185, 123, 119, true, true
26301722, 933725, 8892, 184, 122, 121, true, true
26606416, 947602, 8892, 183, 121, 122, true, true
26657642, 949908, 8892, 182, 120, 122, true, true
26677276, 950809, 8893, 183, 121, 121, true, true
26679482, 950890, 8894, 184, 122, 116, true, true
26736153, 953414, 8894, 183, 121, 116, true, true
26791919, 955843, 8894, 182, 120, 117, true, true
26858536, 958834, 8894, 181, 119, 117, true, true
26864472, 959094, 8894, 179, 118, 117, true, true
26910177, 961025, 8895, 180, 119, 116, true, true
26958405, 963137, 8896, 181, 120, 114, true, true
27150198, 971656, 8896, 180, 120, 117, true, true
27180711, 972990, 8896, 178, 118, 118, true, true
27195401, 973591, 8896, 177, 117, 118, true, true
27237629, 975515, 8897, 178, 118, 117, true, true
27241924, 975694, 8901, 181, 118, 116, true, true
27381708, 981845, 8902, 182, 119, 115, true, true
27570993, 990352, 8902, 181, 118, 119, true, true
27830019, 1001781, 8902, 180, 117, 120, true, true
27837143, 1002095, 8903, 181, 118, 119, true, true
27905135, 1005005, 8903, 179, 117, 121, true, true
28067418, 1012395, 8903, 176, 116, 123, true, true
28075735, 1012792, 8907, 173, 116, 122, true, true
28174810, 1017280, 8907, 172, 115, 122, true, true
28270494, 1021623, 8908, 173, 116, 120, true, true
28290857, 1022472, 8908, 165, 115, 121, true, true
28308413, 1023252, 8909, 166, 116, 120, true, true
28357287, 1025398, 8910, 167, 117, 119, true, true
28439198, 1028957, 8910, 166, 116, 120, true, true
28482085, 1030769, 8911, 167, 117, 113, true, true
28686421, 1039513, 8911, 166, 116, 115, true, true
28725709, 1041220, 8911, 165, 115, 115, true, true
28727554, 1041305, 8912, 166, 116, 112, true, true
28998665, 1052995, 8913, 167, 117, 115, true, true
29115597, 1058134, 8913, 166, 116, 118, true, true
29119163, 1058298, 8914, 167, 117, 115, true, true
29120244, 1058349, 8914, 166, 116, 115, true, true
29223115, 1062735, 8918, 170, 117, 114, true, true
29302284, 1066357, 8918, 168, 116, 115, true, true
29341410, 1067942, 8920, 166, 117, 116, true, true
29556304, 1077095, 8920, 161, 117, 117, true, true
29712065, 1083809, 8921, 162, 118, 112, true, true
29774284, 1086463, 8921, 160, 117, 114, true, true
29856347, 1090110, 8922, 161, 118, 114, true, true
29865667, 1090525, 8922, 158, 116, 114, true, true
30008842, 1096574, 8923, 159, 117, 116, true, true
30042686, 1097976, 8924, 160, 118, 114, true, true
30044318, 1098050, 8924, 159, 117, 114, true, true
30045123, 1098078, 8924, 158, 116, 114, true, true
30076354, 1099373, 8924, 157, 115, 114, true, true
30162764, 1102985, 8924, 156, 114, 116, true, true
30239450, 1106331, 8924, 154, 113, 116, true, true
30242456, 1106465, 8924, 153, 112, 116, true, true
30455532, 1115506, 8924, 152, 111, 117, true, true
30494837, 1117177, 8925, 153, 112, 116, true, true
30758540, 1128597, 8925, 152, 111, 119, true, true
31000856, 1138938, 8926, 153, 112, 118, true, true
31110558, 1143661, 8926, 152, 111, 120, true, true
31211099, 1147863, 8926, 151, 110, 120, true, true
31443679, 1157781, 8926, 150, 109, 121, true, true
31482103, 1159480, 8927, 151, 110, 119, true, true
31608689, 1165001, 8927, 150, 109, 121, true, true
31614834, 1165268, 8927, 149, 108, 121, true, true
31656563, 1167000, 8927, 145, 107, 122, true, true
31691811, 1168511, 8929, 147, 108, 121, true, true
31728740, 1170128, 8929, 146, 107, 121, true, true
31772214, 1171967, 8930, 147, 108, 120, true, true
32161902, 1188344, 8931, 148, 109, 120, true, true
32258071, 1192469, 8932, 149, 110, 120, true, true
32269771, 1192974, 8939, 156, 111, 119, true, true
32414238, 1199179, 8940, 157, 112, 120, true, true
32787421, 1215143, 8942, 159, 113, 122, true, true
32787964, 1215167, 8942, 158, 112, 122, true, true
32863971, 1218487, 8943, 159, 113, 120, true, true
33034946, 1225656, 8944, 160, 114, 117, true, true
33085723, 1227878, 8944, 159, 113, 118, true, true
33231929, 1234149, 8944, 158, 112, 118, true, true
33372959, 1240097, 8944, 156, 111, 119, true, true
33419917, 1242119, 8944, 155, 110, 119, true, true
33421098, 1242172, 8948, 159, 111, 117, true, true
33542710, 1247537, 8948, 158, 110, 118, true, true
33640564, 1251591, 8948, 157, 109, 120, true, true
33813166, 1259365, 8948, 156, 108, 121, true, true
34019180, 1268691, 8949, 157, 109, 120, true, true
34071267, 1270977, 8950, 158, 110, 118, true, true
34316277, 1281896, 8951, 159, 111, 120, true, true
34618511, 1295501, 8951, 158, 110, 122, true, true
34668370, 1297764, 8951, 157, 109, 122, true, true
34701028, 1299264, 8951, 155, 108, 123, true, true
34858248, 1306210, 8951, 152, 107, 123, true, true
35200094, 1321819, 8951, 151, 106, 127, true, true
35294849, 1326275, 8952, 152, 107, 126, true, true
35595767, 1340128, 8954, 154, 108, 128, true, true
35622073, 1341367, 8957, 157, 109, 127, true, true
35651295, 1342727, 8957, 156, 108, 127, true, true
35684731, 1344308, 8958, 157, 109, 126, true, true
35819677, 1350589, 8958, 156, 108, 126, true, true
35820696, 1350641, 8958, 155, 107, 126, true, true
35821998, 1350708, 8958, 154, 106, 126, true, true
35926546, 1355564, 8958, 153, 105, 126, true, true
35996392, 1358922, 8958, 152, 104, 126, true, true
36088992, 1363236, 8959, 153, 105, 126, true, true
36237961, 1370097, 8959, 152, 104, 126, true, true
36387721, 1377054, 8959, 151, 103, 127, true, true
36580165, 1386160, 8959, 150, 103, 131, true, true
36706802, 1391925, 8961, 152, 104, 131, true, true
36722966, 1392708, 8962, 153, 105, 130, true, true
36776799, 1395245, 8964, 155, 106, 130, true, true
36916792, 1401681, 8964, 154, 105, 132, true, true
36918813, 1401773, 8964, 153, 104, 132, true, true
36969476, 1404013, 8965, 154, 105, 130, true, true
36978678, 1404417, 8966, 151, 105, 128, true, true
37088883, 1409296, 8966, 150, 104, 129, true, true
37142770, 1411763, 8967, 151, 105, 126, true, true
37156137, 1412375, 8983, 167, 106, 124, true, true
37159963, 1412545, 8984, 167, 107, 123, true, true
37179302, 1413420, 8984, 166, 106, 123, true, true
37453256, 1425839, 8985, 167, 107, 123, true, true
37556093, 1430585, 8986, 168, 108, 122, true, true
37710109, 1437497, 8987, 169, 109, 122, true, true
38178425, 1458636, 8987, 168, 108, 123, true, true
38194798, 1459438, 8987, 166, 107, 123, true, true
38203536, 1459839, 8990, 169, 108, 121, true, true
38220018, 1460633, 8991, 169, 109, 120, true, true
38235271, 1461352, 8992, 170, 110, 118, true, true
38298562, 1464297, 8992, 169, 109, 118, true, true
38643746, 1480007, 8992, 168, 108, 119, true, true
38719894, 1483388, 8992, 167, 107, 119, true, true
39153053, 1503563, 8992, 166, 106, 120, true, true
39527370, 1521304, 8993, 167, 107, 117, true, true
39555648, 1522691, 8998, 171, 107, 114, true, true
39565794, 1523167, 8998, 170, 106, 114, true, true
39623350, 1525935, 8998, 168, 105, 115, true, true
39851285, 1536686, 8999, 169, 106, 117, true, true
39871798, 1537630, 9000, 170, 107, 116, true, true
39961767, 1541852, 9001, 171, 108, 115, true, true
40088292, 1547749, 9001, 170, 107, 117, true, true
40251641, 1555415, 9002, 171, 108, 110, true, true
40256380, 1555628, 9002, 170, 107, 110, true, true
40337729, 1559354, 9002, 169, 106, 110, true, true
40421447, 1563334, 9002, 167, 105, 110, true, true
40468188, 1565511, 9002, 166, 104, 110, true, true
40721550, 1577130, 9002, 165, 103, 112, true, true
40787534, 1580075, 9002, 164, 102, 113, true, true
40825134, 1581676, 9004, 166, 103, 111, true, true
40869359, 1583651, 9004, 165, 102, 111, true, true
40901773, 1585084, 9005, 166, 103, 110, true, true
40959459, 1587713, 9006, 167, 104, 109, true, true
41010615, 1590029, 9006, 166, 103, 110, true, true
41416768, 1608777, 9007, 167, 104, 114, true, true
41505452, 1612763, 9008, 168, 105, 113, true, true
41539524, 1614313, 9008, 167, 104, 113, true, true
41787664, 1625444, 9009, 168, 105, 111, true, true
41815913, 1626658, 9010, 169, 106, 110, true, true
42079713, 1638606, 9011, 170, 107, 110, true, true
42096182, 1639389, 9014, 173, 108, 109, true, true
42107347, 1639922, 9019, 178, 109, 108, true, true
42630622, 1663429, 9019, 177, 108, 112, true, true
42655861, 1664519, 9019, 176, 107, 112, true, true
42961070, 1677760, 9019, 175, 106, 118, true, true
43037183, 1681121, 9020, 174, 105, 114, true, true
43367271, 1695621, 9020, 173, 104, 116, true, true
43432458, 1698468, 9021, 174, 105, 110, true, true
43640865, 1707817, 9021, 173, 104, 114, true, true
43656439, 1708524, 9022, 174, 105, 112, true, true
43935615, 1721051, 9023, 175, 106, 110, true, true
43968263, 1722571, 9023, 174, 105, 110, true, true
44192068, 1732788, 9023, 173, 104, 110, true, true
44707331, 1756052, 9028, 178, 105, 111, true, true
44951643, 1767401, 9029, 179, 106, 112, true, true
45143040, 1776214, 9029, 176, 105, 112, true, true
45368895, 1786459, 9030, 177, 106, 112, true, true
45774301, 1804924, 9032, 179, 107, 114, true, true
45788594, 1805585, 9033, 180, 108, 111, true, true
46140691, 1821941, 9033, 179, 107, 116, true, true
46474322, 1837740, 9033, 178, 107, 117, true, true
46637245, 1845523, 9034, 179, 108, 115, true, true
46968932, 1860971, 9034, 178, 107, 115, true, true
46975408, 1861211, 9035, 179, 108, 113, true, true
47293384, 1875907, 9035, 177, 107, 113, true, true
47832889, 1901256, 9035, 176, 106, 115, true, true
47834791, 1901350, 9035, 175, 105, 115, true, true
47960654, 1907343, 9036, 176, 106, 119, true, true
48019295, 1910051, 9036, 175, 105, 119, true, true
48232100, 1920203, 9037, 176, 106, 115, true, true
48561413, 1935885, 9038, 176, 106, 119, true, true
48604744, 1937993, 9039, 177, 107, 116, true, true
48751424, 1944873, 9040, 178, 108, 116, true, true
48892459, 1951642, 9040, 177, 108, 116, true, true
49169661, 1965059, 9041, 178, 109, 112, true, true
49432845, 1977697, 9043, 180, 110, 113, true, true
49450345, 1978541, 9043, 179, 109, 113, true, true
49526423, 1982130, 9043, 176, 108, 113, true, true
49550356, 1983217, 9043, 175, 107, 113, true, true
50004416, 2004826, 9044, 176, 108, 114, true, true
50040072, 2006465, 9044, 175, 107, 114, true, true
50160589, 2012144, 9044, 174, 106, 117, true, true
50301659, 2018756, 9046, 176, 107, 116, true, true
50839161, 2044139, 9047, 177, 108, 116, true, true
50842889, 2044330, 9047, 175, 107, 116, true, true
50921013, 2048164, 9048, 176, 108, 116, true, true
51000784, 2051981, 9049, 177, 109, 114, true, true
51253031, 2064155, 9049, 176, 108, 117, true, true
51431599, 2072723, 9050, 177, 109, 110, true, true
51667065, 2084079, 9052, 179, 110, 108, true, true
51789594, 2090166, 9053, 180, 111, 108, true, true
51860690, 2093531, 9053, 178, 109, 108, true, true
52001248, 2100238, 9053, 177, 108, 109, true, true
52112339, 2105540, 9054, 178, 109, 107, true, true
52156899, 2107621, 9054, 177, 108, 108, true, true
52172169, 2108358, 9056, 179, 109, 106, true, true
52281084, 2113491, 9057, 180, 110, 104, true, true
52331686, 2115928, 9057, 177, 110, 104, true, true
52366470, 2117597, 9057, 176, 109, 105, true, true
52576242, 2127246, 9061, 180, 110, 106, true, true
52725961, 2134130, 9061, 179, 110, 106, true, true
52726173, 2134144, 9062, 180, 111, 105, true, true
52754547, 2135459, 9062, 179, 110, 105, true, true
52998319, 2146509, 9062, 178, 109, 106, true, true
53020804, 2147559, 9062, 177, 108, 106, true, true
53311784, 2161098, 9063, 178, 109, 106, true, true
53477629, 2168873, 9063, 177, 108, 106, true, true
53503036, 2170097, 9063, 176, 107, 106, true, true
53761440, 2181835, 9063, 175, 106, 108, true, true
53878261, 2187334, 9063, 174, 105, 108, true, true
53960487, 2191132, 9064, 175, 106, 107, true, true
53991435, 2192568, 9065, 176, 107, 106, true, true
54133847, 2199145, 9066, 177, 108, 106, true, true
54152673, 2200025, 9066, 176, 108, 106, true, true
54303188, 2206859, 9066, 175, 107, 106, true, true
54671787, 2223719, 9067, 176, 108, 106, true, true
54941712, 2236263, 9068, 177, 109, 104, true, true
55022930, 2240053, 9070, 179, 110, 101, true, true
55054342, 2241489, 9072, 181, 111, 101, true, true
55323241, 2253991, 9072, 180, 110, 101, true, true
55417496, 2258206, 9072, 179, 109, 103, true, true
55748601, 2273188, 9072, 178, 109, 104, true, true
55915316, 2280814, 9073, 179, 110, 104, true, true
55984611, 2284051, 9073, 178, 109, 105, true, true
56315664, 2299240, 9074, 179, 110, 104, true, true
56500047, 2307696, 9074, 178, 109, 105, true, true
56596997, 2312082, 9074, 177, 108, 105, true, true
56977476, 2329407, 9074, 176, 107, 106, true, true
56988395, 2329942, 9074, 175, 106, 106, true, true
57668936, 2361318, 9074, 170, 106, 114, true, true
57770279, 2365982, 9075, 171, 107, 115, true, true
57801106, 2367444, 9075, 170, 106, 115, true, true
57842298, 2369338, 9075, 169, 105, 115, true, true
58303016, 2390657, 9076, 170, 106, 116, true, true
58537249, 2401395, 9079, 173, 107, 117, true, true
58874249, 2416921, 9079, 171, 106, 118, true, true
59309305, 2436858, 9079, 170, 105, 121, true, true
59953939, 2466653, 9079, 169, 104, 122, true, true
60240895, 2479975, 9079, 168, 103, 125, true, true
60449590, 2489897, 9081, 170, 104, 123, true, true
60594503, 2496590, 9082, 171, 105, 122, true, true
60681102, 2500619, 9082, 170, 104, 123, true, true
60874102, 2509525, 9082, 168, 103, 123, true, true
61038888, 2517171, 9082, 167, 102, 123, true, true
61155312, 2522534, 9082, 166, 101, 124, true, true
61241968, 2526454, 9083, 166, 101, 124, true, true
61480462, 2537603, 9084, 167, 102, 125, true, true
61509825, 2538897, 9084, 166, 101, 125, true, true
61561600, 2541288, 9084, 164, 100, 125, true, true
61770374, 2551050, 9086, 166, 101, 125, true, true
61851593, 2554752, 9088, 168, 102, 124, true, true
61943980, 2558957, 9089, 169, 103, 122, true, true
62125754, 2567099, 9090, 170, 104, 121, true, true
62537858, 2585769, 9090, 169, 103, 123, true, true
62644820, 2590605, 9090, 168, 102, 123, true, true
62800555, 2597740, 9091, 169, 103, 122, true, true
63363459, 2623158, 9092, 170, 104, 122, true, true
63689632, 2637925, 9093, 171, 105, 119, true, true
63876493, 2646392, 9094, 172, 106, 115, true, true
63989196, 2651412, 9094, 170, 105, 115, true, true
64239247, 2662767, 9095, 171, 106, 113, true, true
64536166, 2676305, 9095, 170, 105, 114, true, true
64553377, 2677068, 9097, 172, 106, 112, true, true
66158139, 2750993, 9098, 172, 106, 113, true, true
66279537, 2756603, 9099, 173, 107, 112, true, true
66288504, 2756959, 9099, 172, 106, 112, true, true
66402281, 2762247, 9100, 173, 107, 111, true, true
66507404, 2767222, 9101, 174, 108, 110, true, true
66626337, 2772785, 9101, 173, 107, 110, true, true
67008360, 2790457, 9103, 175, 108, 107, true, true
67038520, 2791851, 9103, 174, 108, 107, true, true
67080022, 2793770, 9103, 173, 107, 107, true, true
67187673, 2798638, 9107, 177, 108, 106, true, true
67439944, 2810133, 9107, 176, 107, 107, true, true
67488340, 2812382, 9107, 175, 106, 107, true, true
67676939, 2820977, 9108, 176, 107, 106, true, true
68598725, 2864128, 9109, 177, 108, 109, true, true
68954200, 2880985, 9110, 178, 109, 109, true, true
70341641, 2947210, 9111, 179, 110, 109, true, true
70671122, 2963100, 9111, 172, 109, 111, true, true
72492177, 3052456, 9113, 174, 110, 122, true, true
72851878, 3070410, 9114, 175, 111, 123, true, true
73189021, 3087252, 9115, 176, 112, 121, true, true
73400245, 3097940, 9115, 175, 111, 121, true, true
73461476, 3100972, 9116, 176, 112, 115, true, true
74114646, 3134402, 9118, 176, 113, 114, true, true
74243260, 3141239, 9118, 169, 112, 118, true, true
74337261, 3145938, 9120, 171, 113, 117, true, true
74569799, 3157644, 9120, 169, 111, 117, true, true
75023514, 3180753, 9121, 170, 112, 119, true, true
75101038, 3184817, 9122, 171, 113, 116, true, true
75567640, 3209144, 9122, 170, 112, 117, true, true
75679914, 3214823, 9123, 171, 113, 114, true, true
76428232, 3254190, 9123, 169, 112, 117, true, true
76542281, 3260379, 9123, 167, 111, 118, true, true
77089179, 3288588, 9124, 168, 112, 116, true, true
77454222, 3307742, 9125, 169, 113, 119, true, true
77479329, 3309059, 9127, 170, 113, 117, true, true
77951120, 3333158, 9129, 172, 114, 115, true, true
77961376, 3333727, 9130, 173, 115, 114, true, true
78224644, 3347365, 9131, 174, 116, 112, true, true
78250186, 3348606, 9131, 173, 115, 112, true, true
78567641, 3364799, 9132, 174, 116, 107, true, true
78585696, 3365709, 9132, 173, 115, 107, true, true
78592673, 3366060, 9133, 174, 116, 106, true, true
79047121, 3389305, 9133, 173, 115, 108, true, true
79310633, 3402810, 9134, 174, 116, 107, true, true
79393608, 3407143, 9134, 173, 115, 107, true, true
79444154, 3409672, 9134, 171, 114, 107, true, true
79877391, 3431880, 9134, 170, 113, 108, true, true
80717320, 3474528, 9135, 171, 114, 106, true, true
80847634, 3481160, 9135, 170, 113, 107, true, true
81804068, 3529840, 9136, 171, 114, 110, true, true
82954333, 3588580, 9137, 172, 115, 112, true, true
83142420, 3598534, 9140, 175, 116, 113, true, true
83352985, 3609319, 9140, 173, 114, 113, true, true
83652981, 3624692, 9140, 172, 113, 114, true, true
83943584, 3639688, 9140, 171, 112, 114, true, true
84596831, 3672769, 9140, 170, 111, 116, true, true
84992137, 3692726, 9140, 167, 111, 117, true, true
85319055, 3709586, 9140, 165, 110, 118, true, true
85856076, 3736903, 9140, 164, 109, 120, true, true
86328049, 3761077, 9140, 163, 108, 124, true, true
86397700, 3764673, 9140, 162, 107, 124, true, true
86706401, 3780049, 9143, 165, 108, 122, true, true
86781950, 3783696, 9143, 164, 107, 122, true, true
86865322, 3787757, 9143, 163, 106, 122, true, true
87273563, 3807399, 9145, 165, 107, 121, true, true
87308166, 3809127, 9145, 163, 106, 121, true, true
87391135, 3813061, 9145, 162, 105, 121, true, true
87397328, 3813389, 9146, 163, 106, 120, true, true
87765491, 3831022, 9147, 164, 107, 120, true, true
87793221, 3832319, 9150, 166, 107, 118, true, true
88132868, 3848672, 9151, 167, 108, 111, true, true
88156710, 3849801, 9151, 165, 108, 111, true, true
88236521, 3853456, 9151, 164, 107, 111, true, true
88600862, 3870729, 9152, 165, 108, 111, true, true
88629388, 3871998, 9152, 163, 107, 111, true, true
88835290, 3881684, 9153, 164, 108, 110, true, true
88999394, 3889553, 9153, 163, 107, 112, true, true
89318394, 3904583, 9153, 162, 106, 114, true, true
89959299, 3934474, 9153, 160, 105, 116, true, true
90219700, 3946964, 9155, 162, 106, 115, true, true
90399709, 3955426, 9155, 161, 105, 115, true, true
90640997, 3966839, 9157, 163, 106, 114, true, true
91236593, 3994186, 9158, 164, 107, 111, true, true
91659171, 4013996, 9159, 164, 108, 111, true, true
91787184, 4020144, 9159, 163, 108, 113, true, true
93358853, 4094310, 9159, 160, 107, 118, true, true
93637768, 4107798, 9159, 159, 106, 119, true, true
93809815, 4116177, 9162, 162, 107, 118, true, true
94138014, 4132204, 9162, 161, 106, 119, true, true
94150285, 4132811, 9162, 159, 105, 119, true, true
95048125, 4175901, 9162, 158, 104, 123, true, true
95401028, 4193571, 9162, 157, 103, 124, true, true
95766598, 4211291, 9163, 158, 104, 123, true, true
95974546, 4221621, 9166, 160, 104, 121, true, true
96178502, 4232205, 9166, 159, 103, 121, true, true
96216418, 4234109, 9167, 160, 104, 118, true, true
96252317, 4236084, 9167, 159, 103, 118, true, true
96515263, 4250000, 9168, 160, 104, 115, true, true
97292666, 4291741, 9173, 165, 105, 115, false, true
97737756, 4316009, 9174, 166, 106, 114, false, true
97967982, 4328802, 9174, 165, 105, 114, false, true
98001141, 4330638, 9174, 164, 104, 114, false, true
98428061, 4353794, 9175, 165, 105, 112, false, true
98579611, 4362081, 9176, 166, 106, 108, false, true
99026503, 4386206, 9176, 165, 105, 108, false, true
100020866, 4442276, 9177, 166, 106, 107, false, true
100184857, 4451709, 9180, 168, 106, 103, false, true
100311715, 4458975, 9180, 167, 106, 103, false, true
100703399, 4480988, 9180, 166, 106, 103, false, true
101247792, 4511882, 9181, 167, 107, 102, false, true
101431844, 4522270, 9181, 166, 106, 102, false, true
102248706, 4568000, 9181, 164, 105, 102, false, true
102275746, 4569524, 9181, 162, 105, 102, false, true
102727158, 4595081, 9182, 163, 106, 101, false, true
103857335, 4660259, 9182, 162, 105, 101, false, true
104282919, 4684648, 9182, 161, 104, 101, false, true
104314500, 4686342, 9182, 160, 103, 101, false, true
104343065, 4687921, 9183, 161, 104, 100, false, true
104369857, 4689440, 9190, 168, 105, 96, false, true
104394940, 4690810, 9191, 169, 106, 93, false, true
104758103, 4711740, 9192, 170, 107, 89, false, true
104994708, 4725844, 9192, 169, 106, 89, false, true
105037276, 4728292, 9193, 170, 107, 88, false, true
105056590, 4729453, 9193, 169, 106, 88, false, true
105342191, 4746417, 9193, 168, 105, 88, false, true
106078699, 4789601, 9193, 167, 104, 88, false, true
106251779, 4799541, 9194, 168, 105, 85, false, true
106739203, 4828253, 9194, 167, 104, 85, false, true
106765503, 4829757, 9194, 166, 103, 85, false, true
106813646, 4832592, 9194, 162, 102, 85, false, true
106876052, 4836191, 9195, 163, 103, 83, false, true
106877375, 4836266, 9196, 164, 104, 82, false, true
108504606, 4928183, 9197, 165, 105, 78, false, true
108713411, 4940109, 9197, 162, 104, 78, false, true
108995665, 4956571, 9198, 162, 105, 77, false, true
109715823, 4997201, 9198, 160, 104, 77, false, true
109840411, 5004423, 9198, 159, 103, 77, false, true
110520379, 5042953, 9199, 160, 104, 76, false, true
110522825, 5043112, 9199, 158, 103, 76, false, true
110856902, 5062293, 9201, 160, 104, 73, false, true
111017817, 5071325, 9201, 159, 103, 73, false, true
111083538, 5075088, 9201, 158, 102, 73, false, true
111318737, 5088801, 9201, 156, 101, 73, false, true
111514710, 5100140, 9201, 155, 100, 73, false, true
112117359, 5134607, 9201, 154, 99, 73, false, true
112244656, 5142021, 9203, 156, 100, 72, false, true
113729651, 5227942, 9203, 155, 99, 72, false, true
114774452, 5290282, 9204, 156, 100, 69, false, true
115011953, 5303961, 9204, 155, 99, 69, false, true
115911403, 5355772, 9204, 154, 98, 69, false, true
118162292, 5481198, 9204, 153, 97, 69, false, true
118248629, 5485781, 9204, 152, 96, 69, false, true
118506282, 5499989, 9205, 153, 97, 68, false, true
119931399, 5586316, 9205, 152, 96, 68, false, true
120819237, 5642034, 9205, 151, 95, 68, false, true
121114539, 5660752, 9205, 150, 94, 68, false, true
121722299, 5698862, 9206, 151, 95, 67, false, true
122150387, 5725430, 9207, 151, 96, 66, false, true
122394965, 5741058, 9211, 154, 96, 65, false, true
122430366, 5743226, 9212, 155, 97, 64, false, true
122559965, 5751447, 9214, 157, 98, 62, false, true
122994685, 5778640, 9214, 156, 97, 62, false, true
123715973, 5823116, 9215, 157, 98, 61, false, true
124016963, 5841240, 9217, 159, 99, 60, false, true
124113094, 5846878, 9217, 158, 98, 60, false, true
124730003, 5883436, 9217, 157, 97, 60, false, true
124960679, 5897494, 9219, 159, 98, 59, false, true
126660128, 6000122, 9221, 161, 99, 58, false, true
126858090, 6011640, 9221, 160, 98, 58, false, true
126986496, 6019413, 9221, 159, 97, 58, false, true
126992622, 6019761, 9221, 158, 96, 58, false, true
127700498, 6061820, 9222, 159, 97, 56, false, true
127709356, 6062311, 9223, 158, 97, 55, false, true
127790864, 6067168, 9223, 156, 96, 55, false, true
128014918, 6080216, 9225, 158, 97, 53, false, true
128140696, 6087486, 9226, 159, 98, 52, false, true
128170579, 6089155, 9226, 158, 97, 52, false, true
128283774, 6095427, 9227, 159, 98, 50, false, true
128289280, 6095738, 9229, 161, 99, 49, false, true
128665430, 6116284, 9230, 162, 100, 48, false, true
128832317, 6125382, 9230, 160, 99, 48, false, true
129188898, 6144887, 9230, 159, 98, 48, false, true
129204231, 6145661, 9232, 161, 99, 46, false, true
129374469, 6154900, 9232, 160, 98, 46, false, true
131150838, 6250649, 9232, 159, 97, 46, false, true
131555323, 6272777, 9233, 160, 98, 45, false, true
131558173, 6272946, 9234, 161, 99, 43, false, true
131563426, 6273219, 9234, 160, 98, 43, false, true
131563818, 6273242, 9234, 159, 97, 43, false, true
131727761, 6282154, 9237, 162, 98, 40, false, true
132550848, 6326661, 9237, 160, 97, 40, false, true
132798122, 6340167, 9239, 162, 98, 38, false, true
133036692, 6352881, 9240, 163, 99, 37, false, true
134683233, 6440802, 9241, 164, 100, 36, false, true
135351585, 6476928, 9242, 165, 101, 35, false, true
136008676, 6512266, 9243, 166, 102, 33, false, true
137017549, 6566965, 9244, 167, 103, 31, false, true
137604044, 6598897, 9245, 168, 104, 30, false, true
138290673, 6636196, 9246, 169, 105, 29, false, true
139126742, 6682219, 9246, 168, 104, 29, false, true
140447684, 6755386, 9246, 167, 103, 29, false, true
140775772, 6773523, 9246, 165, 102, 29, false, true
142348198, 6861986, 9248, 167, 103, 28, false, true
143050470, 6901363, 9253, 172, 104, 27, false, true
144064756, 6958574, 9253, 170, 103, 27, false, true
144437178, 6979949, 9254, 171, 104, 26, false, true
145325992, 7030021, 9255, 172, 105, 25, false, true
145424153, 7035436, 9255, 171, 104, 25, false, true
145613122, 7045762, 9255, 168, 103, 25, false, true
145668412, 7048935, 9256, 169, 104, 24, false, true
145757846, 7053926, 9256, 166, 103, 24, false, true
147140319, 7130830, 9256, 165, 103, 24, false, true
147923279, 7173814, 9256, 163, 101, 24, false, true
148050498, 7180635, 9257, 164, 102, 22, false, true
148095921, 7182958, 9257, 162, 101, 22, false, true
148623319, 7211458, 9257, 161, 100, 22, false, true
149301365, 7248071, 9258, 162, 101, 21, false, true
149420213, 7254373, 9258, 161, 100, 21, false, true
150169493, 7294740, 9259, 162, 101, 20, false, true
150180068, 7295314, 9260, 163, 102, 19, false, true
151479860, 7365605, 9260, 162, 101, 19, false, true
152205526, 7404474, 9260, 161, 100, 19, false, true
153464039, 7473394, 9261, 162, 101, 18, false, true
153598945, 7480813, 9262, 163, 102, 17, false, true
154187962, 7512759, 9262, 162, 101, 17, false, true
154208154, 7513729, 9262, 161, 100, 17, false, true
155603292, 7589839, 9263, 162, 101, 14, false, true
156485238, 7637920, 9264, 163, 102, 13, false, true
158746685, 7766761, 9264, 162, 101, 13, false, true
158894137, 7775374, 9264, 161, 100, 13, false, true
159131703, 7789239, 9265, 162, 101, 11, false, true
159282719, 7798101, 9265, 160, 100, 11, false, true
159519417, 7811858, 9265, 159, 99, 11, false, true
160262294, 7854588, 9267, 161, 100, 10, false, true
161965483, 7952755, 9267, 160, 99, 10, false, true
162523531, 7985101, 9269, 162, 100, 9, false, true
162621722, 7990667, 9269, 161, 99, 9, false, true
162966857, 8010769, 9269, 160, 98, 9, false, true
163298969, 8029458, 9270, 161, 99, 7, false, true
163398620, 8034966, 9270, 160, 98, 7, false, true
163556426, 8043852, 9271, 161, 99, 6, false, true
164107140, 8075531, 9272, 162, 100, 5, false, true
164536618, 8099894, 9273, 163, 101, 4, false, true
165405420, 8148521, 9273, 162, 100, 4, false, true
165615224, 8160479, 9274, 163, 101, 3, false, true
165736774, 8167175, 9274, 157, 100, 3, false, true
166415310, 8204578, 9275, 158, 101, 2, false, true
166430900, 8205467, 9275, 157, 100, 2, false, true
167473182, 8263437, 9277, 159, 101, 1, false, true
167981801, 8292033, 9278, 160, 102, 0, false, true
168090100, 8297826, 9278, 159, 101, 0, false, true
168197613, 8303799, 9278, 158, 100, 0, false, true
170119287, 8409921, 9278, 156, 99, 0, false, true
170595045, 8437006, 9278, 155, 98, 0, false, true
171833081, 8505423, 9278, 153, 97, 0, false, true
