time, #execs, #covered, #singletons, #sglt_clusts, #foundnew, done, update?
12, 1, 719, 719, 1, 1, true, true
12, 2, 784, 152, 2, 2, true, true
13, 3, 864, 167, 3, 3, true, true
14, 4, 1064, 321, 4, 4, true, true
14, 5, 1079, 307, 5, 5, true, true
15, 6, 1183, 383, 6, 6, true, true
15, 7, 1233, 368, 7, 7, true, true
16, 8, 1567, 590, 8, 8, true, true
16, 9, 1571, 592, 9, 8, true, true
17, 10, 1821, 636, 10, 9, true, true
18, 11, 1828, 641, 11, 9, true, true
19, 12, 1874, 676, 12, 9, true, true
19, 13, 1875, 673, 12, 10, true, true
20, 14, 2002, 795, 13, 11, true, true
21, 15, 2006, 777, 14, 12, true, true
22, 16, 2068, 712, 15, 12, true, true
24, 18, 2077, 717, 16, 15, true, true
25, 19, 2120, 719, 17, 15, true, true
26, 20, 2261, 768, 18, 16, true, true
28, 21, 2281, 538, 19, 17, true, true
29, 22, 2281, 534, 19, 19, true, true
31, 24, 2309, 545, 20, 22, true, true
32, 25, 2326, 551, 21, 23, true, true
33, 26, 2327, 545, 22, 24, true, true
34, 27, 2517, 688, 23, 24, true, true
35, 28, 2688, 750, 24, 24, true, true
37, 29, 2872, 771, 25, 24, true, true
38, 30, 2896, 749, 26, 25, true, true
39, 31, 2905, 751, 27, 25, true, true
41, 33, 2913, 748, 28, 27, true, true
43, 34, 2923, 750, 29, 26, true, true
44, 35, 2923, 748, 29, 28, true, true
46, 36, 2932, 735, 30, 29, true, true
48, 38, 2933, 735, 31, 31, true, true
50, 39, 2981, 714, 32, 32, true, true
51, 40, 2995, 714, 33, 33, true, true
53, 41, 2997, 715, 34, 34, true, true
65, 42, 3069, 665, 35, 35, true, true
67, 43, 3074, 668, 36, 35, true, true
71, 44, 3075, 667, 36, 36, true, true
73, 45, 3076, 668, 37, 37, true, true
76, 46, 3081, 665, 38, 38, true, true
78, 47, 3099, 681, 39, 38, true, true
81, 48, 3100, 669, 39, 39, true, true
82, 49, 3119, 685, 40, 38, true, true
85, 50, 3137, 688, 41, 38, true, true
87, 51, 3138, 688, 42, 39, true, true
91, 52, 3523, 959, 43, 40, true, true
94, 54, 3526, 960, 44, 42, true, true
96, 55, 3532, 954, 45, 43, true, true
98, 57, 3566, 831, 46, 44, true, true
104, 59, 3568, 833, 47, 47, true, true
107, 60, 3584, 815, 48, 47, true, true
110, 61, 3588, 791, 49, 46, true, true
112, 62, 3594, 796, 49, 45, true, true
114, 63, 3603, 801, 50, 45, true, true
116, 64, 3607, 803, 51, 45, true, true
119, 66, 3613, 807, 52, 46, true, true
124, 68, 3613, 806, 52, 48, true, true
127, 69, 3621, 803, 53, 48, true, true
152, 70, 3633, 802, 54, 49, true, true
156, 71, 3638, 802, 55, 50, true, true
160, 72, 3639, 801, 56, 49, true, true
162, 73, 3770, 886, 55, 49, true, true
166, 74, 3781, 863, 56, 49, true, true
174, 76, 3906, 939, 56, 51, true, true
178, 77, 3907, 937, 57, 52, true, true
181, 78, 3908, 930, 58, 53, true, true
183, 79, 3909, 930, 58, 54, true, true
185, 80, 3948, 892, 59, 54, true, true
190, 81, 3949, 892, 60, 54, true, true
193, 82, 3951, 890, 61, 55, true, true
195, 83, 3963, 885, 61, 56, true, true
199, 84, 3982, 897, 62, 56, true, true
206, 85, 3982, 896, 61, 58, true, true
208, 86, 3984, 892, 62, 59, true, true
212, 87, 3993, 897, 63, 59, true, true
214, 88, 4008, 892, 64, 59, true, true
225, 90, 4009, 893, 65, 61, true, true
228, 91, 4018, 883, 66, 61, true, true
231, 92, 4022, 886, 67, 61, true, true
234, 93, 4027, 890, 67, 61, true, true
241, 94, 4027, 889, 67, 62, true, true
244, 95, 4028, 888, 68, 63, true, true
247, 96, 4029, 884, 69, 63, true, true
259, 101, 4032, 885, 70, 66, true, true
263, 102, 4070, 880, 71, 67, true, true
266, 103, 4071, 871, 72, 68, true, true
268, 104, 4073, 873, 73, 68, true, true
271, 105, 4084, 876, 73, 68, true, true
277, 107, 4086, 877, 74, 70, true, true
281, 108, 4090, 874, 74, 69, true, true
287, 109, 4091, 871, 74, 68, true, true
291, 110, 4092, 871, 74, 68, true, true
295, 111, 4094, 873, 75, 67, true, true
298, 112, 4098, 875, 75, 68, true, true
307, 115, 4132, 899, 76, 70, true, true
312, 116, 4134, 895, 75, 71, true, true
318, 117, 4136, 897, 76, 71, true, true
322, 118, 4137, 897, 76, 72, true, true
325, 119, 4143, 897, 77, 73, true, true
338, 122, 4146, 896, 78, 75, true, true
350, 124, 4148, 898, 79, 76, true, true
364, 126, 4158, 888, 80, 77, true, true
378, 128, 4170, 889, 80, 79, true, true
395, 129, 4170, 888, 79, 80, true, true
399, 130, 4199, 834, 79, 79, true, true
402, 132, 4246, 858, 79, 80, true, true
417, 135, 4249, 860, 80, 85, true, true
423, 136, 4260, 870, 81, 86, true, true
427, 137, 4262, 872, 82, 86, true, true
437, 139, 4264, 873, 83, 87, true, true
441, 140, 4268, 874, 84, 88, true, true
453, 141, 4268, 873, 83, 90, true, true
457, 142, 4270, 875, 84, 91, true, true
465, 143, 4270, 874, 83, 93, true, true
471, 144, 4270, 869, 83, 93, true, true
481, 148, 4274, 859, 84, 97, true, true
489, 150, 4280, 863, 85, 96, true, true
493, 152, 4294, 863, 85, 97, true, true
496, 153, 4298, 860, 86, 97, true, true
500, 154, 4299, 860, 87, 98, true, true
503, 155, 4301, 859, 88, 98, true, true
507, 156, 4306, 859, 89, 98, true, true
513, 157, 4310, 831, 90, 98, true, true
517, 158, 4311, 825, 91, 98, true, true
529, 160, 4366, 862, 92, 97, true, true
533, 162, 4367, 861, 92, 97, true, true
539, 163, 4367, 860, 91, 98, true, true
542, 164, 4373, 839, 92, 99, true, true
547, 165, 4393, 827, 93, 99, true, true
557, 168, 4394, 828, 94, 102, true, true
559, 169, 4395, 829, 95, 102, true, true
564, 170, 4406, 816, 95, 101, true, true
571, 171, 4407, 814, 95, 100, true, true
575, 172, 4409, 811, 96, 101, true, true
579, 173, 4410, 812, 97, 99, true, true
591, 174, 4410, 811, 96, 100, true, true
601, 176, 4410, 804, 95, 104, true, true
619, 177, 4410, 801, 95, 106, true, true
629, 178, 4411, 793, 96, 107, true, true
638, 179, 4419, 785, 96, 106, true, true
646, 180, 4420, 783, 97, 106, true, true
667, 182, 4422, 743, 98, 107, true, true
683, 184, 4424, 742, 98, 109, true, true
691, 185, 4430, 747, 99, 110, true, true
729, 187, 4441, 755, 100, 108, true, true
744, 189, 4551, 850, 101, 111, true, true
755, 190, 4555, 853, 102, 110, true, true
765, 191, 4556, 850, 102, 110, true, true
787, 194, 4613, 884, 103, 111, true, true
794, 195, 4615, 886, 104, 111, true, true
802, 198, 4624, 882, 105, 114, true, true
807, 199, 4636, 859, 106, 114, true, true
812, 201, 4637, 860, 107, 115, true, true
817, 202, 4639, 860, 107, 113, true, true
822, 203, 4640, 860, 107, 113, true, true
829, 204, 4640, 859, 106, 113, true, true
841, 205, 4640, 850, 106, 114, true, true
851, 206, 4665, 870, 107, 114, true, true
856, 208, 4667, 862, 108, 115, true, true
867, 209, 4667, 860, 108, 116, true, true
873, 210, 4668, 860, 108, 116, true, true
890, 211, 4668, 853, 108, 116, true, true
902, 212, 4669, 854, 109, 115, true, true
910, 213, 4671, 851, 110, 115, true, true
922, 215, 4671, 850, 109, 116, true, true
933, 217, 4671, 849, 109, 117, true, true
947, 218, 4671, 847, 109, 117, true, true
962, 219, 4692, 865, 110, 115, true, true
979, 220, 4692, 861, 110, 116, true, true
987, 221, 4725, 870, 111, 117, true, true
995, 222, 4726, 870, 112, 117, true, true
1013, 224, 4729, 850, 113, 118, true, true
1019, 225, 4735, 853, 114, 118, true, true
1035, 226, 4735, 851, 114, 118, true, true
1041, 228, 4736, 851, 114, 118, true, true
1062, 231, 4745, 860, 115, 120, true, true
1072, 232, 4750, 863, 116, 120, true, true
1078, 233, 4781, 883, 117, 120, true, true
1097, 235, 4788, 886, 117, 121, true, true
1103, 236, 4789, 886, 118, 121, true, true
1122, 237, 4791, 878, 119, 120, true, true
1158, 238, 5032, 866, 115, 115, true, true
1178, 239, 5032, 865, 114, 116, true, true
1186, 240, 5064, 795, 112, 115, true, true
1208, 243, 5065, 796, 113, 118, true, true
1234, 245, 5065, 795, 112, 119, true, true
1253, 248, 5068, 798, 113, 120, true, true
1266, 249, 5070, 794, 113, 119, true, true
1301, 252, 5085, 806, 114, 118, true, true
1308, 253, 5086, 805, 114, 118, true, true
1317, 254, 5087, 801, 114, 116, true, true
1330, 255, 5088, 802, 115, 114, true, true
1352, 257, 5093, 797, 115, 112, true, true
1401, 263, 5095, 799, 116, 113, true, true
1408, 264, 5105, 801, 116, 112, true, true
1430, 266, 5114, 810, 117, 113, true, true
1438, 267, 5116, 812, 118, 112, true, true
1447, 268, 5117, 812, 119, 113, true, true
1453, 269, 5121, 814, 120, 112, true, true
1466, 270, 5122, 815, 121, 113, true, true
1474, 271, 5124, 817, 122, 112, true, true
1486, 272, 5124, 814, 122, 112, true, true
1492, 273, 5125, 815, 123, 112, true, true
1497, 275, 5127, 812, 124, 112, true, true
1513, 276, 5127, 811, 124, 113, true, true
1518, 277, 5129, 812, 125, 112, true, true
1530, 278, 5129, 810, 124, 113, true, true
1536, 279, 5135, 812, 125, 112, true, true
1542, 280, 5136, 807, 126, 112, true, true
1619, 281, 5136, 796, 125, 114, true, true
1646, 283, 5137, 796, 126, 113, true, true
1652, 284, 5138, 797, 127, 113, true, true
1659, 285, 5139, 795, 128, 113, true, true
1704, 289, 5140, 795, 129, 112, true, true
1711, 290, 5140, 793, 128, 112, true, true
1736, 292, 5140, 791, 127, 114, true, true
1751, 293, 5141, 775, 127, 115, true, true
1759, 294, 5142, 776, 128, 114, true, true
1766, 295, 5143, 777, 129, 114, true, true
1771, 296, 5144, 778, 130, 114, true, true
1806, 300, 5144, 776, 129, 115, true, true
1822, 301, 5144, 773, 129, 115, true, true
1825, 302, 5144, 772, 128, 117, true, true
1834, 303, 5165, 737, 129, 114, true, true
1841, 305, 5169, 731, 130, 115, true, true
1874, 307, 5169, 730, 129, 116, true, true
1882, 308, 5170, 731, 130, 116, true, true
1896, 310, 5170, 729, 129, 118, true, true
1906, 311, 5170, 727, 127, 118, true, true
1912, 313, 5203, 708, 127, 119, true, true
1952, 316, 5203, 705, 126, 121, true, true
2010, 319, 5203, 701, 126, 124, true, true
2027, 321, 5204, 695, 127, 127, true, true
2055, 325, 5205, 695, 128, 129, true, true
2081, 327, 5206, 692, 127, 127, true, true
2088, 328, 5211, 694, 128, 127, true, true
2118, 330, 5212, 695, 129, 126, true, true
2132, 332, 5212, 694, 129, 129, true, true
2144, 333, 5213, 687, 129, 128, true, true
2154, 334, 5215, 689, 130, 126, true, true
2227, 337, 5215, 683, 130, 129, true, true
2257, 340, 5215, 682, 129, 132, true, true
2268, 342, 5216, 683, 130, 127, true, true
2315, 344, 5217, 683, 130, 127, true, true
2324, 345, 5219, 682, 131, 127, true, true
2331, 346, 5222, 682, 131, 127, true, true
2482, 347, 5224, 684, 132, 127, true, true
2496, 349, 5225, 683, 133, 128, true, true
2540, 351, 5231, 685, 134, 130, true, true
2555, 352, 5249, 700, 135, 129, true, true
2596, 353, 5250, 697, 136, 129, true, true
2607, 354, 5251, 698, 137, 128, true, true
2620, 355, 5251, 696, 136, 128, true, true
2652, 356, 5252, 697, 137, 126, true, true
2662, 357, 5253, 694, 138, 125, true, true
2670, 359, 5257, 690, 139, 125, true, true
2701, 361, 5259, 690, 139, 126, true, true
2737, 363, 5259, 689, 138, 127, true, true
2757, 364, 5261, 690, 139, 127, true, true
2785, 365, 5262, 688, 140, 125, true, true
2820, 367, 5262, 687, 139, 126, true, true
2841, 368, 5266, 691, 140, 125, true, true
2852, 369, 5269, 692, 141, 126, true, true
2890, 371, 5271, 694, 142, 126, true, true
2920, 374, 5278, 685, 143, 126, true, true
2973, 375, 5278, 684, 142, 128, true, true
2981, 376, 5278, 683, 141, 128, true, true
2990, 377, 5278, 682, 140, 129, true, true
3003, 378, 5289, 664, 140, 128, true, true
3065, 383, 5289, 663, 140, 131, true, true
3112, 386, 5346, 680, 141, 132, true, true
3163, 389, 5347, 677, 142, 133, true, true
3224, 392, 5347, 672, 142, 134, true, true
3232, 393, 5348, 673, 143, 134, true, true
3239, 394, 5349, 674, 144, 133, true, true
3285, 398, 5350, 675, 145, 135, true, true
3316, 401, 5354, 678, 146, 134, true, true
3325, 402, 5356, 679, 147, 129, true, true
3352, 405, 5363, 686, 148, 131, true, true
3380, 407, 5363, 685, 147, 132, true, true
3442, 410, 5363, 679, 146, 134, true, true
3474, 412, 5367, 678, 146, 133, true, true
3489, 413, 5367, 677, 146, 133, true, true
3493, 414, 5368, 677, 147, 131, true, true
3515, 416, 5369, 677, 147, 132, true, true
3521, 417, 5378, 679, 147, 132, true, true
3538, 420, 5378, 676, 147, 133, true, true
3567, 424, 5378, 675, 146, 137, true, true
3595, 426, 5379, 674, 147, 139, true, true
3655, 430, 5381, 676, 148, 139, true, true
3691, 431, 5381, 675, 148, 139, true, true
3707, 434, 5381, 673, 147, 143, true, true
3725, 437, 5383, 674, 147, 144, true, true
3737, 438, 5384, 675, 148, 141, true, true
3774, 440, 5388, 678, 149, 139, true, true
3784, 441, 5389, 679, 150, 138, true, true
3793, 442, 5390, 679, 151, 136, true, true
3812, 444, 5395, 677, 151, 136, true, true
3820, 445, 5397, 679, 152, 134, true, true
3872, 447, 5401, 680, 153, 135, true, true
3898, 448, 5401, 679, 153, 136, true, true
3910, 449, 5401, 675, 151, 137, true, true
3968, 455, 5403, 673, 151, 138, true, true
3978, 457, 5404, 674, 152, 139, true, true
4007, 461, 5404, 671, 151, 143, true, true
4016, 462, 5409, 676, 152, 142, true, true
4049, 463, 5409, 674, 152, 143, true, true
4185, 466, 5410, 674, 153, 142, true, true
4200, 469, 5411, 675, 154, 144, true, true
4221, 470, 5413, 676, 154, 143, true, true
4234, 471, 5430, 692, 155, 143, true, true
4277, 473, 5431, 693, 156, 142, true, true
4307, 475, 5431, 688, 153, 143, true, true
4357, 478, 5433, 689, 154, 143, true, true
4382, 481, 5434, 690, 155, 144, true, true
4390, 483, 5435, 691, 156, 143, true, true
4408, 484, 5435, 690, 156, 145, true, true
4437, 486, 5443, 694, 157, 145, true, true
4465, 487, 5443, 693, 156, 146, true, true
4540, 490, 5454, 700, 157, 145, true, true
4682, 495, 5454, 698, 156, 146, true, true
4694, 496, 5455, 695, 156, 145, true, true
4715, 497, 5455, 694, 155, 146, true, true
4726, 498, 5457, 696, 156, 144, true, true
4835, 502, 5459, 698, 157, 143, true, true
4875, 503, 5459, 697, 156, 143, true, true
4916, 505, 5459, 696, 156, 144, true, true
4955, 507, 5459, 695, 155, 145, true, true
5013, 509, 5459, 693, 155, 146, true, true
5039, 511, 5462, 685, 156, 145, true, true
5104, 515, 5462, 684, 155, 147, true, true
5118, 517, 5462, 683, 154, 147, true, true
5123, 518, 5463, 682, 154, 143, true, true
5136, 519, 5465, 684, 155, 141, true, true
5212, 522, 5467, 669, 155, 139, true, true
5269, 524, 5467, 668, 154, 140, true, true
5323, 526, 5467, 663, 152, 140, true, true
5443, 531, 5467, 653, 152, 141, true, true
5452, 532, 5468, 654, 153, 140, true, true
5480, 533, 5468, 653, 152, 141, true, true
5527, 535, 5469, 653, 153, 139, true, true
5535, 536, 5470, 648, 153, 137, true, true
5548, 537, 5472, 649, 153, 137, true, true
5557, 539, 5474, 651, 154, 137, true, true
5566, 540, 5477, 648, 154, 137, true, true
5630, 542, 5477, 647, 154, 138, true, true
5723, 545, 5481, 634, 155, 137, true, true
5748, 546, 5481, 633, 155, 137, true, true
5767, 547, 5481, 632, 154, 139, true, true
5834, 549, 5481, 623, 154, 139, true, true
5895, 552, 5481, 621, 154, 140, true, true
5908, 553, 5486, 625, 155, 137, true, true
5943, 555, 5486, 623, 154, 137, true, true
5990, 557, 5486, 622, 153, 138, true, true
6059, 560, 5486, 621, 153, 138, true, true
6078, 561, 5487, 621, 153, 137, true, true
6092, 562, 5492, 623, 154, 137, true, true
6130, 564, 5496, 624, 154, 136, true, true
6164, 567, 5513, 627, 155, 136, true, true
6208, 569, 5532, 641, 155, 136, true, true
6233, 570, 5532, 640, 154, 136, true, true
6277, 572, 5532, 639, 153, 137, true, true
6288, 574, 5534, 635, 154, 136, true, true
6299, 576, 5536, 637, 155, 136, true, true
6413, 581, 5536, 636, 154, 139, true, true
6456, 583, 5538, 638, 155, 140, true, true
6479, 585, 5538, 637, 155, 141, true, true
6490, 586, 5539, 637, 156, 141, true, true
6525, 587, 5539, 636, 156, 141, true, true
6538, 588, 5541, 636, 156, 138, true, true
6584, 590, 5542, 637, 157, 137, true, true
6609, 591, 5542, 636, 157, 137, true, true
6645, 592, 5542, 635, 156, 138, true, true
6729, 596, 5543, 636, 157, 139, true, true
6827, 598, 5543, 635, 157, 139, true, true
6957, 602, 5543, 634, 157, 140, true, true
6968, 603, 5544, 635, 158, 140, true, true
7013, 604, 5544, 634, 157, 140, true, true
7034, 605, 5544, 633, 156, 140, true, true
7089, 608, 5545, 631, 157, 139, true, true
7115, 610, 5572, 648, 156, 139, true, true
7137, 611, 5577, 649, 157, 136, true, true
7190, 615, 5578, 649, 157, 135, true, true
7241, 617, 5580, 651, 158, 131, true, true
7274, 619, 5580, 648, 156, 131, true, true
7349, 623, 5581, 649, 157, 135, true, true
7359, 624, 5582, 650, 158, 136, true, true
7433, 630, 5583, 647, 159, 139, true, true
7577, 635, 5585, 645, 158, 139, true, true
7593, 636, 5588, 646, 158, 139, true, true
7612, 638, 5601, 650, 158, 139, true, true
7650, 639, 5602, 646, 158, 138, true, true
7674, 640, 5602, 645, 157, 138, true, true
7689, 641, 5603, 642, 158, 136, true, true
7702, 642, 5605, 644, 159, 134, true, true
7809, 647, 5606, 645, 160, 134, true, true
7873, 649, 5607, 646, 161, 133, true, true
8064, 656, 5608, 647, 162, 135, true, true
8250, 662, 5609, 646, 163, 136, true, true
8334, 664, 5609, 641, 162, 137, true, true
8418, 667, 5609, 640, 161, 137, true, true
8518, 671, 5609, 639, 160, 139, true, true
8611, 673, 5609, 635, 159, 140, true, true
8634, 674, 5611, 633, 159, 139, true, true
8642, 676, 5612, 634, 160, 138, true, true
8654, 677, 5613, 635, 161, 137, true, true
8689, 678, 5613, 634, 161, 137, true, true
8733, 679, 5613, 628, 161, 138, true, true
8830, 682, 5613, 627, 160, 138, true, true
8911, 686, 5618, 608, 161, 140, true, true
9013, 689, 5618, 606, 160, 141, true, true
9025, 690, 5619, 602, 161, 139, true, true
9116, 692, 5619, 600, 160, 140, true, true
9142, 693, 5631, 611, 160, 140, true, true
9157, 694, 5664, 643, 161, 136, true, true
9200, 695, 5694, 673, 162, 135, true, true
9249, 697, 5695, 674, 163, 135, true, true
9270, 698, 5695, 673, 163, 135, true, true
9282, 699, 5696, 672, 163, 135, true, true
9300, 700, 5697, 672, 164, 134, true, true
9326, 702, 5697, 671, 164, 134, true, true
9380, 705, 5702, 674, 164, 136, true, true
9411, 707, 5702, 672, 163, 136, true, true
9677, 721, 5702, 670, 162, 141, true, true
9686, 722, 5705, 670, 163, 139, true, true
9696, 724, 5707, 672, 164, 138, true, true
9778, 728, 5708, 673, 165, 139, true, true
9853, 731, 5709, 673, 165, 140, true, true
9891, 735, 5710, 674, 166, 141, true, true
9952, 737, 5711, 675, 167, 140, true, true
9964, 738, 5712, 676, 168, 139, true, true
9998, 741, 5732, 688, 169, 139, true, true
10117, 748, 5737, 691, 169, 140, true, true
10141, 749, 5746, 693, 170, 138, true, true
10195, 750, 5747, 694, 171, 137, true, true
10260, 754, 5748, 695, 172, 137, true, true
10385, 757, 5748, 694, 172, 140, true, true
10443, 758, 5748, 693, 171, 140, true, true
10490, 760, 5748, 692, 171, 140, true, true
10605, 762, 5753, 697, 172, 135, true, true
10696, 766, 5754, 698, 173, 135, true, true
10706, 767, 5755, 697, 174, 134, true, true
10718, 768, 5756, 698, 175, 130, true, true
11061, 776, 5757, 689, 176, 131, true, true
11077, 777, 5758, 690, 177, 130, true, true
11087, 778, 5760, 692, 178, 129, true, true
11157, 780, 5760, 691, 177, 130, true, true
11258, 786, 5761, 692, 178, 129, true, true
11350, 791, 5763, 692, 179, 130, true, true
11378, 792, 5763, 685, 177, 130, true, true
11438, 794, 5764, 685, 177, 129, true, true
11536, 797, 5764, 683, 176, 131, true, true
11639, 801, 5766, 685, 177, 131, true, true
11712, 805, 5766, 684, 177, 131, true, true
11739, 806, 5767, 685, 178, 130, true, true
11751, 807, 5769, 687, 179, 129, true, true
11851, 810, 5777, 695, 180, 127, true, true
11907, 812, 5780, 696, 181, 126, true, true
12063, 816, 5780, 693, 180, 126, true, true
12085, 817, 5780, 692, 179, 126, true, true
12100, 818, 5781, 690, 179, 125, true, true
12173, 821, 5783, 684, 179, 125, true, true
12304, 825, 5783, 683, 178, 126, true, true
12339, 827, 5784, 683, 178, 125, true, true
12378, 829, 5788, 687, 179, 121, true, true
12409, 831, 5791, 690, 180, 121, true, true
12615, 840, 5791, 688, 179, 126, true, true
12622, 841, 5793, 686, 179, 125, true, true
12686, 844, 5793, 684, 178, 127, true, true
12698, 845, 5795, 685, 179, 125, true, true
12740, 846, 5797, 687, 180, 124, true, true
12885, 848, 5797, 655, 180, 125, true, true
12899, 849, 5799, 656, 181, 124, true, true
12916, 850, 5802, 657, 181, 123, true, true
12944, 851, 5802, 654, 180, 123, true, true
13069, 859, 5804, 653, 179, 127, true, true
13166, 862, 5804, 652, 178, 127, true, true
13183, 863, 5805, 652, 179, 124, true, true
13203, 864, 5810, 655, 178, 123, true, true
13223, 865, 5810, 654, 177, 124, true, true
13245, 866, 5810, 653, 177, 124, true, true
13283, 869, 5820, 663, 178, 124, true, true
13451, 879, 5820, 662, 177, 126, true, true
13494, 880, 5820, 661, 176, 126, true, true
13789, 892, 5823, 663, 177, 130, true, true
13888, 895, 5824, 664, 178, 130, true, true
13944, 897, 5824, 663, 178, 131, true, true
14231, 908, 5828, 666, 179, 133, true, true
14262, 909, 5828, 665, 178, 133, true, true
14306, 911, 5831, 668, 179, 130, true, true
14369, 913, 5878, 699, 180, 130, true, true
14457, 917, 5879, 699, 181, 130, true, true
14521, 920, 5880, 700, 182, 130, true, true
14553, 921, 5880, 699, 181, 131, true, true
14569, 922, 5881, 700, 182, 128, true, true
14698, 926, 5881, 697, 181, 130, true, true
14841, 934, 5881, 696, 181, 133, true, true
14860, 935, 5882, 696, 181, 131, true, true
14893, 937, 5883, 697, 182, 127, true, true
14969, 942, 5884, 696, 183, 125, true, true
15200, 950, 5888, 700, 184, 127, true, true
15212, 951, 5889, 701, 185, 125, true, true
15550, 959, 5889, 700, 184, 128, true, true
15596, 960, 5889, 698, 183, 128, true, true
15705, 967, 5889, 697, 182, 133, true, true
15730, 968, 5889, 696, 182, 134, true, true
15832, 973, 5891, 697, 182, 133, true, true
15990, 979, 5897, 701, 183, 131, true, true
16031, 981, 5917, 719, 184, 131, true, true
16061, 983, 5917, 718, 183, 133, true, true
16248, 988, 5917, 716, 181, 133, true, true
16394, 994, 5917, 715, 180, 136, true, true
16556, 999, 5917, 711, 179, 138, true, true
16638, 1001, 5917, 710, 179, 139, true, true
16675, 1002, 5917, 709, 178, 139, true, true
16977, 1013, 5921, 703, 178, 140, true, true
17024, 1015, 5922, 701, 179, 139, true, true
17410, 1028, 5922, 695, 178, 144, true, true
17432, 1030, 5923, 696, 179, 143, true, true
17730, 1041, 5926, 699, 180, 145, true, true
17811, 1047, 5930, 676, 181, 144, true, true
17900, 1050, 5930, 675, 180, 144, true, true
18114, 1057, 5930, 674, 179, 146, true, true
18283, 1065, 5936, 672, 180, 148, true, true
18389, 1070, 5936, 671, 180, 148, true, true
18402, 1071, 5937, 672, 181, 146, true, true
18432, 1072, 5937, 671, 180, 148, true, true
18472, 1074, 5937, 670, 179, 150, true, true
18557, 1076, 5938, 670, 179, 145, true, true
18579, 1077, 5938, 667, 179, 145, true, true
18709, 1081, 5939, 663, 180, 144, true, true
18762, 1083, 5939, 662, 179, 144, true, true
18966, 1094, 5939, 661, 179, 148, true, true
19195, 1099, 5939, 660, 178, 151, true, true
19652, 1114, 5941, 654, 177, 151, true, true
19802, 1119, 5941, 653, 177, 153, true, true
19870, 1121, 5941, 650, 176, 153, true, true
19929, 1123, 5941, 648, 176, 154, true, true
20195, 1131, 5943, 650, 177, 156, true, true
20306, 1134, 5943, 649, 176, 159, true, true
20333, 1136, 5948, 650, 175, 156, true, true
20486, 1142, 5948, 649, 174, 158, true, true
20687, 1148, 5948, 643, 173, 159, true, true
20765, 1151, 5966, 648, 174, 159, true, true
20936, 1153, 5967, 648, 175, 160, true, true
20949, 1154, 5968, 649, 176, 159, true, true
20971, 1155, 5968, 648, 175, 159, true, true
21789, 1163, 5971, 650, 176, 159, true, true
21870, 1166, 5973, 648, 175, 159, true, true
21902, 1167, 5974, 648, 176, 156, true, true
21986, 1172, 5975, 649, 177, 159, true, true
22328, 1183, 5976, 650, 178, 159, true, true
22496, 1190, 5977, 651, 179, 158, true, true
22518, 1191, 5977, 649, 177, 158, true, true
22580, 1195, 5977, 648, 176, 158, true, true
22758, 1200, 5977, 647, 175, 158, true, true
22787, 1201, 5977, 646, 174, 159, true, true
22866, 1206, 5981, 650, 175, 162, true, true
23033, 1212, 5981, 647, 175, 166, true, true
23201, 1218, 5981, 646, 174, 167, true, true
23401, 1230, 5982, 646, 174, 168, true, true
23464, 1232, 5982, 645, 173, 169, true, true
23615, 1240, 5982, 644, 172, 172, true, true
23774, 1244, 5982, 643, 171, 172, true, true
23828, 1245, 5982, 642, 170, 172, true, true
23848, 1246, 5983, 643, 171, 166, true, true
23871, 1247, 5985, 644, 172, 165, true, true
23891, 1248, 5986, 645, 173, 164, true, true
24113, 1254, 5986, 643, 173, 165, true, true
24149, 1255, 5986, 642, 173, 165, true, true
24182, 1256, 5987, 642, 173, 164, true, true
24288, 1259, 5987, 641, 172, 165, true, true
24650, 1269, 5988, 642, 173, 166, true, true
24667, 1270, 5995, 649, 174, 165, true, true
24683, 1271, 5995, 648, 174, 165, true, true
24712, 1272, 5995, 647, 173, 165, true, true
24735, 1274, 5997, 649, 174, 164, true, true
24887, 1278, 5997, 646, 174, 164, true, true
25080, 1285, 5997, 645, 173, 164, true, true
25094, 1286, 5998, 645, 173, 163, true, true
25125, 1288, 6004, 647, 171, 163, true, true
25180, 1290, 6009, 652, 172, 159, true, true
25408, 1296, 6009, 648, 172, 159, true, true
25513, 1299, 6013, 646, 172, 160, true, true
25623, 1305, 6014, 643, 173, 160, true, true
25765, 1310, 6014, 642, 172, 160, true, true
25974, 1319, 6020, 645, 173, 159, true, true
26128, 1326, 6021, 646, 174, 159, true, true
26397, 1337, 6023, 648, 175, 161, true, true
26483, 1342, 6025, 649, 175, 162, true, true
26551, 1345, 6026, 647, 175, 161, true, true
26644, 1347, 6027, 648, 176, 159, true, true
26697, 1348, 6027, 641, 175, 159, true, true
26882, 1356, 6027, 640, 175, 161, true, true
26941, 1358, 6029, 642, 176, 160, true, true
27072, 1362, 6029, 641, 175, 161, true, true
27176, 1365, 6032, 642, 175, 160, true, true
27193, 1366, 6038, 636, 176, 159, true, true
27209, 1367, 6043, 624, 177, 158, true, true
27245, 1368, 6043, 623, 176, 158, true, true
27278, 1372, 6044, 624, 177, 157, true, true
27365, 1376, 6044, 623, 176, 158, true, true
27659, 1386, 6045, 624, 177, 162, true, true
27783, 1391, 6045, 616, 177, 163, true, true
28033, 1397, 6045, 614, 176, 166, true, true
28446, 1405, 6046, 615, 177, 164, true, true
28463, 1406, 6047, 615, 178, 163, true, true
28649, 1409, 6048, 616, 179, 160, true, true
28956, 1416, 6049, 616, 179, 158, true, true
29021, 1418, 6050, 617, 180, 157, true, true
29103, 1420, 6050, 615, 178, 158, true, true
29262, 1422, 6050, 612, 177, 158, true, true
29340, 1425, 6067, 624, 178, 157, true, true
29547, 1431, 6068, 625, 179, 156, true, true
29914, 1440, 6068, 624, 178, 157, true, true
30018, 1442, 6068, 623, 177, 158, true, true
30127, 1445, 6068, 622, 176, 158, true, true
30228, 1453, 6069, 620, 177, 157, true, true
30296, 1456, 6089, 633, 176, 156, true, true
30590, 1459, 6089, 632, 175, 158, true, true
30620, 1460, 6092, 630, 175, 151, true, true
30829, 1465, 6092, 629, 175, 153, true, true
30979, 1469, 6098, 635, 176, 152, true, true
31119, 1473, 6098, 633, 175, 154, true, true
31180, 1475, 6098, 630, 173, 156, true, true
31246, 1477, 6098, 629, 173, 157, true, true
31293, 1479, 6099, 630, 174, 157, true, true
31399, 1484, 6099, 628, 173, 158, true, true
31441, 1486, 6099, 627, 172, 158, true, true
31665, 1495, 6100, 628, 173, 160, true, true
31708, 1497, 6100, 627, 172, 160, true, true
31809, 1501, 6100, 626, 171, 160, true, true
31917, 1505, 6100, 625, 170, 163, true, true
31992, 1509, 6100, 624, 170, 163, true, true
32055, 1511, 6102, 626, 171, 162, true, true
32187, 1514, 6102, 625, 171, 163, true, true
32551, 1526, 6102, 624, 171, 166, true, true
32604, 1528, 6102, 623, 170, 167, true, true
33018, 1539, 6102, 619, 170, 173, true, true
33202, 1545, 6103, 620, 171, 172, true, true
33444, 1553, 6103, 619, 170, 175, true, true
33655, 1558, 6106, 621, 171, 175, true, true
33699, 1559, 6106, 620, 170, 175, true, true
33760, 1562, 6106, 619, 169, 177, true, true
34327, 1575, 6106, 618, 168, 178, true, true
34814, 1591, 6106, 617, 167, 180, true, true
34849, 1593, 6107, 618, 168, 180, true, true
34961, 1596, 6107, 616, 166, 180, true, true
35181, 1604, 6107, 614, 165, 184, true, true
35468, 1615, 6107, 613, 165, 186, true, true
35653, 1621, 6109, 615, 166, 186, true, true
36038, 1633, 6109, 614, 165, 190, true, true
36337, 1639, 6110, 615, 166, 186, true, true
36381, 1640, 6110, 614, 165, 186, true, true
36643, 1646, 6110, 613, 164, 191, true, true
36670, 1647, 6110, 612, 163, 192, true, true
36923, 1654, 6110, 611, 162, 193, true, true
37105, 1660, 6112, 613, 163, 192, true, true
37444, 1671, 6114, 615, 164, 192, true, true
37492, 1672, 6114, 614, 163, 192, true, true
37597, 1675, 6115, 613, 163, 191, true, true
37670, 1677, 6116, 614, 164, 190, true, true
37686, 1678, 6117, 615, 165, 189, true, true
37809, 1682, 6117, 614, 164, 189, true, true
37862, 1684, 6118, 615, 165, 187, true, true
38004, 1688, 6121, 596, 164, 189, true, true
38141, 1693, 6130, 604, 165, 187, true, true
38184, 1694, 6130, 603, 165, 187, true, true
38271, 1697, 6130, 601, 164, 190, true, true
38393, 1703, 6130, 600, 164, 191, true, true
38799, 1712, 6131, 596, 165, 191, true, true
38937, 1718, 6131, 595, 164, 191, true, true
39153, 1727, 6131, 594, 163, 194, true, true
39237, 1730, 6133, 586, 164, 194, true, true
39308, 1733, 6133, 584, 163, 195, true, true
39386, 1738, 6136, 581, 164, 192, true, true
39676, 1746, 6137, 579, 164, 189, true, true
39814, 1750, 6137, 578, 164, 191, true, true
40334, 1765, 6137, 576, 163, 195, true, true
40490, 1769, 6138, 571, 163, 196, true, true
41237, 1773, 6138, 566, 162, 197, true, true
41284, 1774, 6138, 564, 161, 197, true, true
41394, 1777, 6138, 563, 160, 199, true, true
41511, 1782, 6139, 564, 161, 201, true, true
41588, 1788, 6140, 565, 162, 197, true, true
41737, 1794, 6141, 566, 163, 196, true, true
41813, 1797, 6143, 567, 163, 192, true, true
41944, 1802, 6144, 565, 164, 191, true, true
41975, 1803, 6144, 564, 164, 192, true, true
42150, 1809, 6144, 563, 163, 194, true, true
42172, 1810, 6144, 562, 162, 195, true, true
42591, 1823, 6144, 561, 162, 197, true, true
42863, 1830, 6145, 537, 163, 199, true, true
43202, 1841, 6147, 539, 164, 199, true, true
43269, 1843, 6147, 519, 163, 200, true, true
43449, 1850, 6149, 521, 164, 199, true, true
43520, 1853, 6150, 521, 164, 198, true, true
43838, 1863, 6151, 522, 165, 197, true, true
43877, 1865, 6151, 521, 164, 197, true, true
44469, 1880, 6151, 520, 164, 198, true, true
44582, 1883, 6152, 521, 165, 196, true, true
44647, 1886, 6153, 522, 166, 195, true, true
44715, 1888, 6153, 520, 165, 195, true, true
44734, 1890, 6153, 519, 164, 195, true, true
44857, 1893, 6154, 520, 165, 193, true, true
44883, 1894, 6155, 520, 165, 192, true, true
44988, 1899, 6156, 521, 166, 190, true, true
45434, 1907, 6156, 520, 165, 190, true, true
45751, 1914, 6157, 521, 166, 186, true, true
46150, 1923, 6157, 502, 166, 186, true, true
46208, 1925, 6157, 501, 165, 186, true, true
46226, 1926, 6157, 500, 164, 186, true, true
46278, 1928, 6157, 499, 163, 186, true, true
46396, 1933, 6158, 500, 164, 186, true, true
46475, 1935, 6167, 505, 165, 187, true, true
46535, 1937, 6168, 505, 166, 185, true, true
47202, 1962, 6168, 500, 164, 192, true, true
47322, 1965, 6168, 498, 163, 194, true, true
47345, 1966, 6169, 498, 163, 191, true, true
47424, 1968, 6169, 496, 162, 192, true, true
47641, 1977, 6172, 499, 163, 193, true, true
47815, 1983, 6173, 500, 164, 195, true, true
47960, 1987, 6175, 502, 165, 194, true, true
48008, 1989, 6176, 503, 166, 193, true, true
48280, 1992, 6176, 502, 165, 193, true, true
48511, 1998, 6176, 501, 164, 193, true, true
48600, 2002, 6178, 501, 163, 190, true, true
48822, 2009, 6179, 501, 164, 189, true, true
49249, 2020, 6179, 500, 164, 191, true, true
49463, 2027, 6179, 498, 163, 191, true, true
49776, 2035, 6179, 497, 162, 193, true, true
49929, 2040, 6180, 497, 163, 195, true, true
50190, 2050, 6181, 498, 164, 194, true, true
50254, 2051, 6181, 497, 163, 194, true, true
50430, 2055, 6182, 498, 164, 194, true, true
50579, 2059, 6184, 500, 165, 193, true, true
51106, 2070, 6188, 499, 166, 190, true, true
51472, 2081, 6197, 505, 166, 189, true, true
51858, 2089, 6197, 498, 166, 191, true, true
52153, 2100, 6197, 497, 166, 192, true, true
52449, 2108, 6199, 499, 167, 190, true, true
52632, 2115, 6199, 498, 166, 192, true, true
52838, 2121, 6199, 497, 165, 193, true, true
53004, 2125, 6200, 498, 166, 192, true, true
53165, 2130, 6201, 499, 167, 193, true, true
53396, 2138, 6201, 497, 166, 194, true, true
53531, 2143, 6203, 499, 167, 194, true, true
53564, 2144, 6205, 501, 168, 193, true, true
53679, 2148, 6420, 695, 169, 194, true, true
54083, 2163, 6420, 687, 169, 198, true, true
54211, 2168, 6421, 688, 170, 197, true, true
54415, 2175, 6422, 684, 171, 195, true, true
54439, 2176, 6422, 680, 170, 195, true, true
54521, 2177, 6423, 681, 171, 194, true, true
54890, 2189, 6427, 678, 172, 195, true, true
54981, 2193, 6427, 677, 171, 196, true, true
55056, 2196, 6428, 677, 171, 195, true, true
55144, 2201, 6429, 677, 172, 194, true, true
55164, 2202, 6430, 678, 173, 191, true, true
55352, 2208, 6430, 677, 172, 193, true, true
56450, 2231, 6430, 675, 171, 198, true, true
56514, 2234, 6432, 677, 172, 195, true, true
56536, 2236, 6432, 676, 171, 195, true, true
56924, 2246, 6441, 684, 172, 196, true, true
57112, 2252, 6441, 683, 171, 196, true, true
57258, 2257, 6442, 680, 170, 195, true, true
57467, 2264, 6443, 681, 171, 194, true, true
57566, 2267, 6446, 683, 172, 194, true, true
57580, 2268, 6454, 691, 173, 192, true, true
57673, 2271, 6455, 691, 173, 191, true, true
57791, 2276, 6455, 689, 173, 192, true, true
58347, 2290, 6456, 689, 174, 194, true, true
58775, 2299, 6457, 690, 175, 195, true, true
58948, 2303, 6458, 687, 175, 194, true, true
59045, 2306, 6459, 688, 176, 192, true, true
59082, 2307, 6461, 690, 177, 191, true, true
59727, 2322, 6461, 689, 176, 193, true, true
59778, 2324, 6462, 690, 177, 192, true, true
60094, 2332, 6462, 688, 176, 193, true, true
60300, 2338, 6464, 689, 176, 194, true, true
60352, 2340, 6466, 691, 177, 193, true, true
60369, 2341, 6467, 691, 177, 190, true, true
62821, 2388, 6467, 690, 176, 197, true, true
63451, 2402, 6468, 691, 177, 195, true, true
63602, 2407, 6469, 692, 178, 194, true, true
63631, 2409, 6469, 691, 177, 194, true, true
63733, 2412, 6470, 692, 178, 193, true, true
63753, 2413, 6470, 691, 178, 195, true, true
63982, 2418, 6472, 693, 179, 193, true, true
64081, 2420, 6473, 694, 180, 189, true, true
64561, 2434, 6473, 693, 179, 192, true, true
64801, 2441, 6474, 694, 180, 191, true, true
65163, 2451, 6475, 695, 181, 193, true, true
65214, 2452, 6475, 694, 180, 194, true, true
65480, 2460, 6475, 693, 179, 194, true, true
65536, 2462, 6480, 697, 180, 193, true, true
65815, 2468, 6482, 697, 180, 192, true, true
65875, 2470, 6483, 698, 181, 189, true, true
66080, 2474, 6483, 696, 181, 190, true, true
66870, 2495, 6483, 695, 180, 195, true, true
67504, 2513, 6485, 697, 181, 197, true, true
67649, 2519, 6486, 695, 182, 196, true, true
67676, 2520, 6488, 697, 183, 195, true, true
68115, 2535, 6490, 699, 184, 194, true, true
69190, 2545, 6492, 693, 185, 197, true, true
70252, 2567, 6492, 692, 184, 202, true, true
70634, 2583, 6492, 691, 183, 208, true, true
70994, 2596, 6493, 692, 184, 208, true, true
71009, 2597, 6495, 693, 184, 207, true, true
71303, 2604, 6495, 692, 184, 210, true, true
71473, 2606, 6495, 689, 183, 211, true, true
72844, 2646, 6496, 690, 184, 214, true, true
73284, 2660, 6497, 690, 184, 213, true, true
73787, 2672, 6499, 692, 185, 213, true, true
73824, 2674, 6508, 701, 186, 212, true, true
74102, 2678, 6508, 699, 186, 212, true, true
74249, 2681, 6508, 698, 185, 212, true, true
74368, 2685, 6510, 699, 185, 212, true, true
75377, 2711, 6510, 698, 184, 216, true, true
75490, 2715, 6512, 700, 185, 214, true, true
75542, 2721, 6514, 700, 185, 213, true, true
76092, 2737, 6514, 699, 184, 214, true, true
76264, 2741, 6514, 697, 183, 214, true, true
76442, 2748, 6515, 698, 184, 209, true, true
76786, 2759, 6517, 698, 184, 210, true, true
76819, 2760, 6517, 697, 183, 210, true, true
76849, 2763, 6517, 691, 183, 211, true, true
77153, 2773, 6518, 691, 183, 210, true, true
77621, 2785, 6518, 690, 182, 212, true, true
77639, 2786, 6519, 691, 183, 211, true, true
77774, 2788, 6519, 689, 182, 211, true, true
77884, 2791, 6519, 687, 181, 212, true, true
77966, 2793, 6519, 685, 180, 212, true, true
78134, 2798, 6519, 684, 179, 212, true, true
78224, 2799, 6519, 683, 179, 212, true, true
78388, 2803, 6521, 685, 180, 212, true, true
78613, 2808, 6521, 684, 179, 212, true, true
78762, 2813, 6523, 686, 180, 213, true, true
79051, 2819, 6524, 687, 181, 216, true, true
79513, 2829, 6524, 684, 180, 217, true, true
79664, 2832, 6524, 683, 179, 217, true, true
79882, 2838, 6525, 684, 180, 217, true, true
80476, 2855, 6525, 683, 180, 221, true, true
80780, 2863, 6526, 684, 181, 220, true, true
81215, 2874, 6526, 678, 180, 221, true, true
81431, 2881, 6526, 677, 179, 221, true, true
82801, 2921, 6526, 675, 178, 228, true, true
83285, 2935, 6526, 673, 177, 229, true, true
83503, 2939, 6527, 674, 178, 229, true, true
83682, 2942, 6531, 678, 179, 226, true, true
83842, 2947, 6531, 677, 178, 226, true, true
83980, 2951, 6532, 678, 179, 222, true, true
84095, 2957, 6533, 679, 180, 221, true, true
85497, 2985, 6533, 675, 179, 226, true, true
85727, 2990, 6533, 674, 178, 227, true, true
86287, 3004, 6536, 677, 179, 222, true, true
86397, 3009, 6536, 676, 178, 223, true, true
86817, 3020, 6537, 677, 179, 223, true, true
86916, 3024, 6537, 675, 179, 225, true, true
87359, 3034, 6542, 668, 180, 225, true, true
87989, 3050, 6543, 669, 181, 224, true, true
87992, 3051, 6543, 668, 180, 224, true, true
88441, 3067, 6546, 671, 181, 224, true, true
88517, 3070, 6548, 673, 182, 221, true, true
88791, 3077, 6549, 671, 182, 220, true, true
89361, 3088, 6549, 669, 182, 221, true, true
89491, 3091, 6551, 670, 182, 218, true, true
89914, 3100, 6552, 671, 183, 219, true, true
90075, 3104, 6553, 672, 184, 218, true, true
90518, 3119, 6555, 673, 185, 219, true, true
90706, 3124, 6565, 683, 186, 216, true, true
91385, 3136, 6566, 679, 186, 215, true, true
91835, 3149, 6566, 677, 185, 215, true, true
91966, 3153, 6566, 676, 184, 218, true, true
93434, 3186, 6568, 678, 185, 221, true, true
93816, 3197, 6569, 676, 185, 219, true, true
94110, 3206, 6571, 677, 185, 218, true, true
94175, 3208, 6576, 677, 185, 218, true, true
94521, 3220, 6577, 678, 186, 219, true, true
94542, 3221, 6587, 688, 187, 218, true, true
95103, 3236, 6589, 690, 188, 216, true, true
95477, 3245, 6593, 692, 189, 212, true, true
95815, 3255, 6594, 693, 190, 212, true, true
95838, 3256, 6594, 692, 189, 212, true, true
95867, 3259, 6594, 691, 188, 213, true, true
96911, 3281, 6595, 692, 189, 215, true, true
96995, 3282, 6595, 690, 188, 215, true, true
97046, 3284, 6596, 686, 188, 215, true, true
97129, 3286, 6597, 685, 189, 215, true, true
97235, 3288, 6599, 687, 190, 213, true, true
97633, 3298, 6600, 688, 191, 214, true, true
98070, 3309, 6601, 689, 192, 211, true, true
98309, 3317, 6601, 688, 192, 212, true, true
98355, 3319, 6602, 689, 193, 211, true, true
98877, 3335, 6605, 692, 194, 213, true, true
99083, 3341, 6607, 694, 195, 210, true, true
99948, 3360, 6607, 692, 194, 211, true, true
100217, 3369, 6607, 690, 193, 212, true, true
100239, 3370, 6608, 691, 194, 207, true, true
100262, 3371, 6612, 695, 195, 206, true, true
100398, 3375, 6613, 696, 196, 204, true, true
100535, 3379, 6615, 698, 197, 204, true, true
101157, 3393, 6616, 698, 197, 206, true, true
101213, 3394, 6616, 697, 196, 206, true, true
102089, 3413, 6621, 702, 197, 206, true, true
103222, 3447, 6624, 704, 198, 209, true, true
103674, 3459, 6625, 705, 199, 210, true, true
103883, 3465, 6625, 704, 198, 211, true, true
104737, 3488, 6625, 703, 197, 212, true, true
104890, 3491, 6625, 702, 196, 212, true, true
105003, 3494, 6627, 703, 196, 211, true, true
105044, 3495, 6628, 702, 197, 209, true, true
105469, 3505, 6629, 703, 198, 206, true, true
105495, 3506, 6629, 702, 197, 206, true, true
105628, 3511, 6630, 703, 198, 205, true, true
105689, 3512, 6630, 701, 197, 206, true, true
106580, 3536, 6647, 711, 197, 209, true, true
107094, 3549, 6650, 690, 197, 209, true, true
107238, 3552, 6650, 689, 197, 210, true, true
107384, 3557, 6652, 691, 198, 209, true, true
107486, 3560, 6652, 690, 197, 209, true, true
107927, 3571, 6653, 691, 198, 203, true, true
108061, 3574, 6653, 690, 197, 203, true, true
108134, 3576, 6654, 691, 198, 199, true, true
108244, 3578, 6654, 690, 197, 199, true, true
108293, 3579, 6654, 689, 196, 199, true, true
108396, 3583, 6656, 691, 197, 198, true, true
108675, 3590, 6656, 690, 196, 198, true, true
108929, 3593, 6656, 689, 195, 198, true, true
109500, 3606, 6657, 689, 195, 200, true, true
109624, 3609, 6657, 687, 194, 200, true, true
109854, 3617, 6658, 672, 192, 201, true, true
110091, 3626, 6660, 674, 193, 197, true, true
110806, 3646, 6661, 675, 194, 196, true, true
110929, 3648, 6662, 676, 195, 195, true, true
110991, 3649, 6662, 675, 194, 195, true, true
111300, 3660, 6663, 676, 195, 195, true, true
111885, 3679, 6663, 675, 194, 198, true, true
112021, 3682, 6663, 674, 193, 198, true, true
112127, 3684, 6666, 677, 194, 195, true, true
112842, 3700, 6696, 497, 195, 196, true, true
113439, 3710, 6696, 495, 194, 198, true, true
113770, 3720, 6696, 493, 192, 198, true, true
114666, 3742, 6696, 492, 191, 200, true, true
114755, 3745, 6697, 464, 192, 198, true, true
115540, 3764, 6697, 463, 191, 200, true, true
115747, 3767, 6697, 462, 191, 200, true, true
116216, 3773, 6697, 461, 190, 200, true, true
116808, 3791, 6697, 460, 189, 200, true, true
116843, 3792, 6698, 461, 190, 198, true, true
116937, 3795, 6698, 460, 189, 199, true, true
119191, 3859, 6698, 457, 189, 207, true, true
119471, 3866, 6699, 457, 189, 204, true, true
119615, 3870, 6703, 459, 190, 204, true, true
119842, 3875, 6703, 458, 189, 204, true, true
119884, 3876, 6703, 455, 188, 204, true, true
119926, 3877, 6703, 454, 187, 204, true, true
120801, 3894, 6704, 455, 188, 202, true, true
121665, 3911, 6704, 452, 186, 203, true, true
122171, 3927, 6704, 451, 185, 203, true, true
122655, 3938, 6709, 456, 186, 201, true, true
122932, 3945, 6710, 457, 187, 201, true, true
123292, 3956, 6711, 458, 188, 200, true, true
123554, 3966, 6712, 459, 189, 199, true, true
124495, 3985, 6712, 458, 188, 204, true, true
124992, 3997, 6713, 458, 188, 205, true, true
125256, 4002, 6714, 459, 189, 202, true, true
126511, 4033, 6715, 460, 190, 205, true, true
127675, 4062, 6716, 461, 191, 208, true, true
128788, 4070, 6717, 460, 191, 207, true, true
128855, 4072, 6719, 462, 192, 202, true, true
128894, 4073, 6719, 461, 191, 202, true, true
129069, 4078, 6719, 460, 190, 202, true, true
129142, 4080, 6719, 459, 189, 202, true, true
129198, 4082, 6720, 460, 190, 195, true, true
130626, 4121, 6720, 459, 189, 199, true, true
131419, 4141, 6723, 460, 189, 193, true, true
132444, 4167, 6724, 461, 190, 196, true, true
132944, 4178, 6724, 460, 189, 197, true, true
133314, 4191, 6724, 459, 189, 197, true, true
133821, 4203, 6724, 458, 188, 198, true, true
134046, 4207, 6724, 457, 187, 198, true, true
134422, 4216, 6728, 461, 188, 197, true, true
134516, 4218, 6730, 463, 189, 196, true, true
134568, 4220, 6731, 464, 190, 194, true, true
135349, 4242, 6731, 463, 189, 195, true, true
135415, 4244, 6732, 463, 190, 194, true, true
135727, 4254, 6733, 464, 191, 192, true, true
135782, 4255, 6733, 463, 190, 192, true, true
135812, 4256, 6739, 466, 190, 191, true, true
136412, 4270, 6741, 467, 190, 192, true, true
136876, 4284, 6742, 468, 191, 191, true, true
136973, 4287, 6745, 471, 192, 188, true, true
137222, 4295, 6746, 472, 193, 183, true, true
137358, 4298, 6747, 473, 194, 182, true, true
137490, 4302, 6750, 476, 195, 182, true, true
137608, 4307, 6751, 474, 195, 181, true, true
137843, 4313, 6757, 480, 196, 178, true, true
139188, 4355, 6757, 479, 195, 182, true, true
139380, 4360, 6759, 481, 196, 181, true, true
139564, 4364, 6759, 478, 195, 181, true, true
139664, 4369, 6760, 479, 196, 180, true, true
139876, 4374, 6760, 477, 196, 181, true, true
141081, 4409, 6761, 477, 197, 182, true, true
141279, 4413, 6761, 475, 197, 182, true, true
141850, 4429, 6761, 474, 196, 184, true, true
142018, 4434, 6762, 475, 197, 180, true, true
142304, 4443, 6764, 476, 197, 179, true, true
142486, 4449, 6766, 478, 198, 174, true, true
142717, 4456, 6767, 477, 197, 174, true, true
143853, 4482, 6767, 476, 196, 174, true, true
146111, 4525, 6767, 475, 196, 177, true, true
146619, 4541, 6768, 475, 196, 176, true, true
146849, 4547, 6774, 481, 197, 175, true, true
147683, 4566, 6774, 480, 196, 175, true, true
147731, 4567, 6774, 479, 195, 175, true, true
147842, 4570, 6774, 478, 195, 177, true, true
148424, 4589, 6774, 477, 194, 182, true, true
148520, 4592, 6774, 474, 193, 182, true, true
150416, 4622, 6776, 475, 194, 181, true, true
151272, 4648, 6777, 471, 195, 184, true, true
151531, 4654, 6777, 465, 194, 184, true, true
151702, 4660, 6777, 464, 193, 185, true, true
152044, 4670, 6777, 463, 192, 186, true, true
152066, 4671, 6779, 465, 193, 184, true, true
153592, 4707, 6780, 466, 194, 187, true, true
154187, 4719, 6781, 467, 195, 188, true, true
154772, 4732, 6784, 470, 196, 187, true, true
155274, 4741, 6786, 472, 197, 187, true, true
156486, 4771, 6787, 473, 198, 187, true, true
156529, 4772, 6787, 472, 197, 187, true, true
156966, 4781, 6788, 473, 198, 185, true, true
157145, 4785, 6789, 474, 199, 181, true, true
159031, 4820, 6789, 473, 198, 185, true, true
159263, 4825, 6793, 477, 199, 183, true, true
159783, 4840, 6795, 476, 200, 182, true, true
159869, 4844, 6795, 475, 200, 182, true, true
160126, 4850, 6795, 473, 199, 182, true, true
160282, 4854, 6795, 467, 199, 182, true, true
160477, 4860, 6796, 468, 200, 180, true, true
162023, 4886, 6805, 471, 200, 182, true, true
162054, 4887, 6805, 470, 199, 183, true, true
162196, 4892, 6807, 472, 200, 183, true, true
162789, 4904, 6808, 471, 200, 180, true, true
164189, 4937, 6808, 470, 199, 184, true, true
164404, 4946, 6808, 469, 199, 184, true, true
164453, 4948, 6809, 469, 200, 183, true, true
164868, 4959, 6810, 470, 201, 183, true, true
164969, 4962, 6810, 469, 201, 183, true, true
165696, 4983, 6815, 474, 202, 182, true, true
165847, 4988, 6816, 475, 203, 181, true, true
166274, 5000, 6816, 474, 202, 183, true, true
166363, 5002, 6816, 469, 202, 183, true, true
167036, 5022, 6859, 512, 203, 181, true, true
168251, 5053, 6859, 511, 202, 184, true, true
169708, 5085, 6860, 505, 201, 183, true, true
169939, 5090, 6860, 504, 200, 183, true, true
170071, 5093, 6861, 505, 201, 182, true, true
170246, 5099, 6861, 504, 200, 182, true, true
170637, 5104, 6862, 504, 200, 181, true, true
171011, 5114, 6863, 504, 200, 181, true, true
171615, 5124, 6863, 500, 199, 181, true, true
172194, 5133, 6863, 498, 198, 182, true, true
172405, 5139, 6864, 496, 199, 181, true, true
172444, 5141, 6864, 495, 198, 181, true, true
172660, 5147, 6865, 490, 198, 180, true, true
172763, 5150, 6866, 490, 198, 178, true, true
173433, 5165, 6916, 532, 197, 177, true, true
174026, 5178, 6916, 513, 197, 179, true, true
174657, 5199, 6919, 516, 198, 178, true, true
174721, 5201, 6921, 516, 199, 175, true, true
174922, 5207, 6922, 517, 200, 173, true, true
175155, 5212, 6922, 514, 198, 174, true, true
175667, 5223, 6923, 515, 199, 175, true, true
177174, 5252, 6923, 514, 198, 177, true, true
177221, 5254, 6923, 511, 197, 177, true, true
178577, 5284, 6924, 507, 198, 175, true, true
179285, 5298, 6924, 506, 198, 176, true, true
180081, 5315, 6925, 507, 199, 177, true, true
180127, 5316, 6935, 505, 199, 176, true, true
180190, 5317, 6935, 504, 198, 176, true, true
180894, 5332, 6935, 494, 197, 178, true, true
182987, 5367, 6935, 493, 196, 182, true, true
183050, 5368, 6935, 492, 195, 182, true, true
184024, 5390, 6935, 491, 194, 186, true, true
184132, 5393, 6937, 493, 195, 185, true, true
184662, 5406, 6939, 495, 196, 180, true, true
185187, 5416, 6940, 496, 197, 177, true, true
186427, 5444, 6940, 495, 196, 183, true, true
187124, 5463, 6940, 491, 195, 184, true, true
188898, 5506, 6941, 489, 195, 182, true, true
189209, 5514, 6941, 487, 195, 182, true, true
189482, 5522, 6942, 488, 196, 182, true, true
190312, 5536, 6943, 489, 197, 182, true, true
190499, 5541, 6943, 486, 195, 184, true, true
193800, 5617, 6943, 485, 194, 186, true, true
194235, 5628, 6944, 485, 194, 186, true, true
194425, 5632, 6944, 443, 193, 186, true, true
195113, 5646, 6944, 442, 192, 187, true, true
195136, 5647, 6944, 439, 191, 187, true, true
197790, 5695, 6946, 438, 190, 191, true, true
198080, 5700, 6948, 440, 191, 190, true, true
198481, 5706, 6948, 439, 191, 190, true, true
201004, 5748, 6953, 443, 191, 190, true, true
201699, 5765, 6953, 442, 190, 192, true, true
202648, 5787, 6956, 445, 191, 185, true, true
203537, 5805, 6957, 446, 192, 185, true, true
204319, 5829, 6957, 445, 191, 186, true, true
204361, 5830, 6962, 450, 192, 185, true, true
206164, 5871, 6963, 451, 193, 184, true, true
208427, 5933, 6968, 452, 194, 184, true, true
209086, 5951, 6968, 451, 193, 187, true, true
209372, 5956, 6968, 450, 192, 187, true, true
209584, 5961, 6969, 451, 193, 186, true, true
210219, 5976, 6969, 450, 192, 186, true, true
212020, 6015, 6969, 447, 192, 189, true, true
212314, 6020, 6969, 445, 191, 189, true, true
213457, 6047, 6969, 444, 190, 189, true, true
213519, 6048, 6969, 442, 189, 189, true, true
214749, 6080, 6970, 443, 190, 188, true, true
214992, 6088, 6971, 444, 191, 187, true, true
215853, 6110, 6972, 445, 192, 187, true, true
217979, 6160, 6980, 452, 193, 191, true, true
219122, 6187, 6980, 444, 192, 191, true, true
219454, 6195, 6980, 443, 191, 191, true, true
219488, 6196, 6983, 445, 191, 180, true, true
224517, 6300, 6983, 444, 191, 182, true, true
224579, 6301, 6983, 442, 191, 182, true, true
224603, 6302, 6984, 443, 192, 181, true, true
224970, 6311, 6984, 442, 191, 182, true, true
225619, 6326, 6986, 444, 192, 183, true, true
226406, 6340, 6986, 443, 191, 183, true, true
229040, 6402, 6987, 444, 192, 187, true, true
229588, 6414, 6990, 447, 193, 183, true, true
230314, 6429, 6990, 446, 192, 183, true, true
232533, 6471, 6990, 433, 191, 184, true, true
233293, 6487, 6991, 433, 191, 185, true, true
233363, 6488, 6992, 434, 192, 183, true, true
233988, 6502, 6993, 434, 192, 182, true, true
234440, 6515, 6993, 432, 192, 182, true, true
235314, 6534, 6993, 431, 191, 182, true, true
235349, 6535, 6993, 430, 190, 182, true, true
236772, 6568, 7002, 436, 191, 179, true, true
236927, 6571, 7002, 435, 191, 180, true, true
237189, 6577, 7003, 436, 192, 177, true, true
237290, 6581, 7011, 444, 193, 176, true, true
241898, 6695, 7011, 443, 193, 185, true, true
242260, 6703, 7011, 442, 192, 185, true, true
243560, 6734, 7013, 443, 193, 187, true, true
244605, 6766, 7014, 443, 193, 182, true, true
244693, 6768, 7015, 439, 193, 181, true, true
244849, 6771, 7016, 440, 194, 180, true, true
245165, 6777, 7016, 438, 193, 181, true, true
246332, 6809, 7016, 437, 192, 182, true, true
247159, 6832, 7016, 434, 191, 184, true, true
247939, 6856, 7017, 434, 191, 182, true, true
249338, 6882, 7017, 433, 190, 182, true, true
250291, 6900, 7017, 431, 189, 183, true, true
250738, 6911, 7020, 434, 190, 182, true, true
250957, 6916, 7020, 433, 189, 182, true, true
251108, 6920, 7020, 431, 189, 182, true, true
254754, 6980, 7020, 430, 188, 183, true, true
255870, 7005, 7020, 429, 187, 184, true, true
256169, 7013, 7020, 428, 186, 184, true, true
257108, 7037, 7022, 429, 187, 181, true, true
257402, 7043, 7023, 430, 188, 180, true, true
257704, 7050, 7025, 432, 189, 179, true, true
257974, 7056, 7025, 429, 187, 179, true, true
259041, 7083, 7025, 428, 186, 180, true, true
259366, 7091, 7025, 427, 185, 180, true, true
261791, 7154, 7025, 426, 184, 183, true, true
262902, 7176, 7025, 424, 183, 185, true, true
264041, 7200, 7025, 423, 183, 186, true, true
264474, 7209, 7026, 421, 183, 186, true, true
265519, 7231, 7026, 420, 182, 188, true, true
266177, 7239, 7026, 419, 181, 189, true, true
266975, 7255, 7026, 418, 180, 190, true, true
267255, 7264, 7026, 417, 179, 190, true, true
269775, 7334, 7033, 424, 180, 197, true, true
269801, 7335, 7035, 426, 181, 195, true, true
270903, 7355, 7035, 425, 181, 195, true, true
271506, 7365, 7036, 421, 182, 196, true, true
272459, 7388, 7038, 422, 183, 195, true, true
273185, 7398, 7040, 424, 184, 194, true, true
276906, 7496, 7041, 424, 184, 197, true, true
277654, 7510, 7041, 423, 183, 198, true, true
277945, 7517, 7041, 421, 182, 199, true, true
280410, 7585, 7041, 420, 181, 207, true, true
281309, 7605, 7041, 418, 179, 208, true, true
282393, 7639, 7041, 416, 178, 210, true, true
282674, 7647, 7041, 414, 177, 210, true, true
282832, 7651, 7042, 415, 178, 208, true, true
284489, 7681, 7042, 414, 177, 211, true, true
284553, 7683, 7062, 434, 178, 209, true, true
285191, 7701, 7069, 441, 179, 206, true, true
285403, 7706, 7070, 442, 180, 204, true, true
289221, 7793, 7070, 441, 179, 208, true, true
289339, 7797, 7070, 440, 178, 208, true, true
290658, 7837, 7070, 439, 177, 210, true, true
292483, 7886, 7071, 440, 178, 213, true, true
294832, 7944, 7072, 441, 179, 216, true, true
294934, 7949, 7072, 439, 178, 216, true, true
294957, 7950, 7073, 440, 179, 214, true, true
296798, 7991, 7073, 439, 178, 216, true, true
298045, 8021, 7073, 437, 176, 220, true, true
298051, 8022, 7076, 439, 176, 220, true, true
298490, 8034, 7076, 438, 176, 221, true, true
298624, 8038, 7076, 435, 176, 221, true, true
298908, 8046, 7077, 436, 177, 219, true, true
299871, 8069, 7077, 435, 176, 221, true, true
300235, 8077, 7078, 435, 177, 220, true, true
300298, 8079, 7079, 436, 178, 217, true, true
300331, 8080, 7080, 436, 179, 215, true, true
301234, 8098, 7081, 437, 180, 213, true, true
301880, 8114, 7082, 438, 181, 208, true, true
305454, 8191, 7082, 409, 181, 212, true, true
305844, 8201, 7083, 410, 182, 208, true, true
306138, 8207, 7085, 412, 183, 207, true, true
308742, 8267, 7087, 412, 184, 208, true, true
309379, 8277, 7088, 413, 185, 206, true, true
309697, 8286, 7090, 415, 186, 205, true, true
309759, 8287, 7092, 417, 187, 203, true, true
310333, 8302, 7092, 416, 186, 204, true, true
311374, 8325, 7093, 416, 186, 204, true, true
312480, 8354, 7094, 416, 186, 199, true, true
316277, 8446, 7094, 414, 185, 206, true, true
316493, 8451, 7094, 413, 185, 206, true, true
318302, 8482, 7095, 413, 186, 207, true, true
319787, 8518, 7095, 412, 186, 207, true, true
320490, 8537, 7096, 413, 187, 207, true, true
325250, 8664, 7097, 414, 188, 206, true, true
325666, 8675, 7097, 413, 187, 206, true, true
328356, 8745, 7097, 412, 187, 208, true, true
328419, 8747, 7098, 413, 188, 207, true, true
330707, 8811, 7098, 412, 187, 210, true, true
331436, 8831, 7098, 406, 187, 210, true, true
331629, 8836, 7099, 406, 188, 208, true, true
332050, 8849, 7099, 404, 187, 208, true, true
332172, 8852, 7099, 403, 186, 208, true, true
332488, 8864, 7099, 402, 185, 210, true, true
334259, 8903, 7101, 404, 186, 206, true, true
334366, 8906, 7101, 403, 185, 206, true, true
334608, 8913, 7101, 401, 184, 206, true, true
335636, 8935, 7101, 399, 183, 206, true, true
336646, 8963, 7101, 398, 182, 208, true, true
336894, 8969, 7102, 399, 183, 207, true, true
337401, 8977, 7102, 398, 182, 208, true, true
344323, 9136, 7105, 400, 183, 214, true, true
345383, 9164, 7105, 392, 181, 215, true, true
345479, 9169, 7106, 393, 182, 214, true, true
345509, 9170, 7107, 394, 183, 211, true, true
345602, 9173, 7108, 395, 184, 209, true, true
347571, 9223, 7110, 396, 184, 209, true, true
347858, 9231, 7112, 397, 185, 203, true, true
348353, 9248, 7114, 399, 186, 197, true, true
348526, 9253, 7114, 398, 185, 197, true, true
348628, 9257, 7116, 400, 186, 196, true, true
349230, 9274, 7121, 404, 187, 198, true, true
351201, 9316, 7122, 405, 188, 199, true, true
351879, 9331, 7122, 403, 187, 200, true, true
352539, 9348, 7124, 405, 188, 201, true, true
353249, 9366, 7124, 404, 187, 202, true, true
355284, 9406, 7125, 405, 188, 206, true, true
356331, 9430, 7126, 406, 189, 207, true, true
356759, 9444, 7130, 409, 190, 207, true, true
356810, 9445, 7132, 411, 191, 202, true, true
359243, 9507, 7132, 409, 190, 205, true, true
359354, 9510, 7201, 464, 189, 205, true, true
360804, 9548, 7201, 463, 188, 206, true, true
363621, 9618, 7201, 462, 188, 209, true, true
363947, 9626, 7202, 463, 189, 208, true, true
363966, 9627, 7202, 462, 188, 208, true, true
366032, 9665, 7203, 461, 188, 209, true, true
366916, 9680, 7203, 460, 187, 209, true, true
369742, 9742, 7204, 460, 188, 197, true, true
370413, 9759, 7205, 461, 189, 196, true, true
370822, 9771, 7205, 460, 188, 196, true, true
372397, 9818, 7209, 459, 189, 196, true, true
373568, 9852, 7210, 455, 189, 195, true, true
373686, 9856, 7210, 454, 188, 195, true, true
373773, 9860, 7211, 455, 189, 193, true, true
374577, 9887, 7211, 454, 189, 194, true, true
374914, 9898, 7214, 455, 189, 189, true, true
377473, 9957, 7241, 437, 190, 191, true, true
377504, 9958, 7245, 441, 191, 190, true, true
377623, 9962, 7245, 439, 189, 190, true, true
379310, 9999, 7245, 438, 188, 192, true, true
380026, 10015, 7262, 455, 189, 192, true, true
381826, 10051, 7264, 456, 190, 192, true, true
382476, 10065, 7266, 458, 191, 189, true, true
384452, 10119, 7268, 459, 192, 187, true, true
386151, 10165, 7268, 458, 191, 188, true, true
388251, 10209, 7268, 457, 190, 189, true, true
390725, 10257, 7269, 458, 191, 187, true, true
393699, 10332, 7269, 455, 190, 189, true, true
393757, 10334, 7270, 453, 190, 188, true, true
395128, 10368, 7270, 452, 189, 189, true, true
396334, 10398, 7270, 450, 188, 189, true, true
396897, 10413, 7271, 451, 189, 188, true, true
397344, 10423, 7272, 451, 190, 187, true, true
397566, 10428, 7272, 447, 189, 187, true, true
397716, 10432, 7273, 448, 190, 185, true, true
397964, 10439, 7273, 447, 189, 185, true, true
398176, 10443, 7273, 446, 188, 185, true, true
398666, 10459, 7275, 448, 189, 184, true, true
398922, 10467, 7277, 450, 190, 183, true, true
400813, 10502, 7277, 449, 189, 183, true, true
402190, 10536, 7277, 448, 188, 185, true, true
402619, 10550, 7278, 448, 189, 184, true, true
403878, 10576, 7278, 447, 188, 185, true, true
405297, 10610, 7279, 448, 189, 183, true, true
405343, 10614, 7281, 450, 190, 180, true, true
405908, 10631, 7281, 449, 189, 181, true, true
406383, 10647, 7281, 447, 188, 182, true, true
406469, 10650, 7281, 446, 187, 182, true, true
407141, 10665, 7282, 445, 188, 181, true, true
407593, 10676, 7282, 444, 187, 182, true, true
407868, 10684, 7282, 441, 186, 182, true, true
409954, 10729, 7283, 441, 186, 179, true, true
410361, 10739, 7283, 440, 185, 179, true, true
411068, 10753, 7283, 439, 184, 179, true, true
411145, 10755, 7283, 438, 183, 179, true, true
411658, 10770, 7285, 440, 184, 179, true, true
413304, 10810, 7285, 439, 183, 182, true, true
413373, 10812, 7286, 440, 184, 178, true, true
414506, 10843, 7287, 441, 185, 177, true, true
415125, 10859, 7289, 443, 186, 177, true, true
415586, 10872, 7289, 442, 185, 178, true, true
415751, 10875, 7289, 441, 185, 178, true, true
415969, 10881, 7291, 441, 185, 177, true, true
416021, 10885, 7292, 442, 186, 176, true, true
416732, 10902, 7293, 443, 187, 174, true, true
419918, 10973, 7293, 442, 186, 178, true, true
420416, 10994, 7294, 442, 186, 176, true, true
422084, 11031, 7294, 441, 185, 177, true, true
422227, 11034, 7294, 440, 184, 177, true, true
422308, 11037, 7295, 441, 185, 176, true, true
422761, 11048, 7295, 440, 184, 176, true, true
423811, 11078, 7295, 438, 183, 178, true, true
425290, 11120, 7296, 439, 184, 178, true, true
429786, 11219, 7296, 438, 183, 178, true, true
431024, 11238, 7296, 437, 182, 179, true, true
433378, 11285, 7297, 438, 183, 180, true, true
433880, 11302, 7299, 440, 184, 181, true, true
433938, 11303, 7299, 439, 183, 181, true, true
434075, 11307, 7299, 438, 182, 181, true, true
435195, 11332, 7300, 439, 183, 181, true, true
436268, 11358, 7301, 440, 184, 180, true, true
436712, 11366, 7301, 437, 184, 180, true, true
437258, 11380, 7301, 435, 183, 180, true, true
438614, 11412, 7301, 434, 182, 181, true, true
441902, 11493, 7302, 435, 183, 185, true, true
442075, 11499, 7303, 436, 184, 185, true, true
442599, 11513, 7304, 437, 185, 185, true, true
443765, 11534, 7304, 436, 185, 185, true, true
444649, 11556, 7305, 437, 186, 184, true, true
445825, 11588, 7306, 438, 187, 182, true, true
449113, 11672, 7306, 437, 186, 185, true, true
449406, 11681, 7306, 436, 185, 185, true, true
450480, 11709, 7307, 437, 186, 186, true, true
451054, 11722, 7307, 433, 186, 187, true, true
452377, 11756, 7307, 431, 185, 189, true, true
457270, 11869, 7307, 429, 183, 195, true, true
457676, 11877, 7307, 428, 183, 195, true, true
457758, 11881, 7308, 429, 184, 194, true, true
458141, 11885, 7308, 427, 183, 194, true, true
461207, 11957, 7309, 425, 181, 192, true, true
462122, 11981, 7310, 424, 182, 191, true, true
462707, 11990, 7310, 423, 181, 191, true, true
470216, 12161, 7311, 423, 181, 196, true, true
472883, 12228, 7311, 421, 180, 199, true, true
474582, 12268, 7312, 421, 180, 197, true, true
476521, 12313, 7313, 422, 181, 197, true, true
476848, 12318, 7313, 421, 180, 197, true, true
484139, 12485, 7313, 420, 179, 204, true, true
486004, 12540, 7314, 421, 180, 202, true, true
486721, 12558, 7314, 413, 179, 202, true, true
488565, 12604, 7315, 414, 180, 199, true, true
489141, 12618, 7317, 416, 181, 198, true, true
489402, 12626, 7319, 418, 182, 198, true, true
489691, 12633, 7328, 404, 182, 197, true, true
493571, 12721, 7328, 403, 181, 201, true, true
494253, 12738, 7329, 404, 182, 201, true, true
498482, 12818, 7331, 406, 183, 201, true, true
500694, 12871, 7331, 405, 182, 203, true, true
500932, 12876, 7331, 404, 181, 203, true, true
502599, 12917, 7331, 402, 180, 204, true, true
504254, 12953, 7332, 402, 180, 202, true, true
504302, 12954, 7335, 402, 179, 200, true, true
508530, 13050, 7335, 401, 178, 205, true, true
512792, 13138, 7336, 402, 179, 207, true, true
514047, 13173, 7336, 386, 177, 207, true, true
514089, 13175, 7339, 389, 178, 206, true, true
515717, 13210, 7339, 388, 177, 206, true, true
515803, 13212, 7341, 390, 178, 205, true, true
515939, 13216, 7341, 389, 177, 205, true, true
518214, 13281, 7343, 391, 178, 205, true, true
518388, 13285, 7344, 392, 179, 204, true, true
521113, 13355, 7344, 391, 178, 207, true, true
521476, 13366, 7344, 390, 178, 207, true, true
523736, 13420, 7344, 389, 178, 208, true, true
525721, 13463, 7345, 390, 179, 207, true, true
528036, 13519, 7345, 389, 178, 210, true, true
529152, 13547, 7346, 390, 179, 205, true, true
529320, 13552, 7346, 389, 178, 206, true, true
530819, 13582, 7346, 388, 177, 206, true, true
535133, 13660, 7346, 387, 176, 209, true, true
541067, 13791, 7347, 388, 177, 213, true, true
547119, 13930, 7348, 389, 178, 219, true, true
549677, 13983, 7348, 388, 177, 219, true, true
556923, 14137, 7349, 389, 178, 221, true, true
559918, 14207, 7350, 389, 178, 220, true, true
561366, 14238, 7350, 388, 177, 221, true, true
562607, 14270, 7352, 390, 178, 219, true, true
564684, 14321, 7352, 389, 177, 220, true, true
565774, 14355, 7352, 388, 176, 220, true, true
568247, 14411, 7357, 393, 177, 219, true, true
569964, 14451, 7357, 392, 176, 219, true, true
570736, 14472, 7357, 391, 175, 219, true, true
572160, 14503, 7357, 389, 174, 220, true, true
572494, 14510, 7358, 390, 175, 215, true, true
573372, 14532, 7359, 391, 176, 214, true, true
573797, 14541, 7362, 394, 177, 211, true, true
574405, 14551, 7362, 392, 176, 212, true, true
574999, 14567, 7363, 393, 177, 210, true, true
577560, 14622, 7364, 394, 178, 212, true, true
578236, 14639, 7364, 392, 177, 212, true, true
578348, 14643, 7364, 391, 176, 212, true, true
579025, 14662, 7365, 392, 177, 208, true, true
581584, 14718, 7374, 399, 177, 203, true, true
581904, 14726, 7374, 398, 176, 203, true, true
582169, 14732, 7375, 399, 177, 201, true, true
583479, 14766, 7377, 401, 178, 200, true, true
586708, 14836, 7378, 402, 179, 198, true, true
588825, 14885, 7379, 403, 180, 196, true, true
589707, 14909, 7379, 402, 179, 197, true, true
594320, 15018, 7380, 403, 180, 201, true, true
595343, 15040, 7381, 403, 181, 195, true, true
596956, 15086, 7382, 403, 182, 195, true, true
597099, 15088, 7382, 401, 181, 195, true, true
598106, 15106, 7383, 399, 181, 194, true, true
598334, 15110, 7383, 398, 180, 194, true, true
600245, 15155, 7383, 397, 179, 194, true, true
601079, 15170, 7384, 396, 180, 196, true, true
604042, 15236, 7384, 395, 180, 196, true, true
604570, 15249, 7385, 396, 181, 191, true, true
608047, 15326, 7385, 391, 180, 194, true, true
608241, 15330, 7385, 390, 179, 194, true, true
613646, 15439, 7385, 389, 178, 197, true, true
616419, 15490, 7386, 390, 179, 200, true, true
618191, 15532, 7389, 389, 179, 198, true, true
620208, 15573, 7389, 388, 178, 198, true, true
622218, 15609, 7390, 389, 179, 197, true, true
625904, 15686, 7391, 390, 180, 199, true, true
625939, 15687, 7391, 389, 179, 199, true, true
629239, 15764, 7391, 388, 178, 202, true, true
630127, 15786, 7392, 388, 179, 201, true, true
633440, 15869, 7393, 389, 180, 203, true, true
633670, 15873, 7393, 387, 180, 203, true, true
634036, 15885, 7395, 388, 180, 202, true, true
634857, 15910, 7395, 385, 179, 202, true, true
634948, 15912, 7396, 386, 180, 199, true, true
637533, 15971, 7396, 385, 180, 201, true, true
639579, 16010, 7398, 387, 181, 201, true, true
640597, 16040, 7398, 386, 180, 201, true, true
641593, 16066, 7398, 383, 179, 202, true, true
646372, 16164, 7398, 381, 178, 203, true, true
648971, 16214, 7399, 382, 179, 200, true, true
652173, 16293, 7402, 385, 180, 200, true, true
653948, 16342, 7414, 396, 181, 199, true, true
655531, 16376, 7414, 394, 180, 201, true, true
658758, 16434, 7415, 395, 181, 199, true, true
661530, 16504, 7418, 398, 182, 196, true, true
661948, 16513, 7418, 397, 181, 196, true, true
664073, 16559, 7419, 398, 182, 195, true, true
671103, 16718, 7419, 397, 181, 197, true, true
673868, 16786, 7419, 396, 181, 198, true, true
674452, 16802, 7420, 397, 182, 197, true, true
676140, 16838, 7421, 398, 183, 196, true, true
677966, 16877, 7421, 397, 182, 198, true, true
680580, 16943, 7422, 398, 183, 199, true, true
685714, 17066, 7422, 397, 182, 203, true, true
696033, 17274, 7422, 396, 181, 211, true, true
696299, 17281, 7423, 397, 182, 210, true, true
696842, 17297, 7424, 392, 180, 209, true, true
698972, 17334, 7424, 391, 179, 211, true, true
702753, 17425, 7424, 390, 178, 211, true, true
707989, 17551, 7425, 391, 179, 214, true, true
709054, 17580, 7426, 392, 180, 214, true, true
711745, 17644, 7426, 391, 179, 214, true, true
714897, 17720, 7427, 391, 179, 213, true, true
721701, 17895, 7428, 392, 180, 212, true, true
722746, 17922, 7428, 391, 179, 212, true, true
723996, 17953, 7428, 390, 178, 213, true, true
725623, 17997, 7428, 387, 176, 214, true, true
725692, 17999, 7429, 388, 177, 212, true, true
726220, 18015, 7429, 387, 176, 213, true, true
726260, 18016, 7429, 386, 175, 213, true, true
726886, 18029, 7429, 385, 174, 213, true, true
737494, 18264, 7429, 384, 173, 218, true, true
739902, 18319, 7444, 394, 173, 218, true, true
742305, 18366, 7444, 393, 172, 219, true, true
748489, 18516, 7445, 394, 173, 218, true, true
750192, 18540, 7446, 395, 174, 218, true, true
750987, 18559, 7446, 394, 173, 218, true, true
751847, 18578, 7446, 393, 172, 218, true, true
754343, 18633, 7447, 394, 173, 216, true, true
756320, 18673, 7448, 395, 174, 214, true, true
756414, 18676, 7450, 396, 175, 213, true, true
756838, 18683, 7450, 387, 174, 213, true, true
759308, 18743, 7452, 389, 175, 212, true, true
759447, 18747, 7452, 388, 174, 212, true, true
759611, 18752, 7452, 387, 173, 212, true, true
759818, 18760, 7452, 386, 172, 212, true, true
760135, 18769, 7453, 386, 172, 210, true, true
760424, 18777, 7454, 387, 173, 208, true, true
763272, 18844, 7454, 386, 172, 209, true, true
764824, 18882, 7455, 387, 173, 201, true, true
767773, 18947, 7455, 386, 172, 201, true, true
767975, 18952, 7457, 388, 173, 200, true, true
770687, 19017, 7459, 390, 174, 200, true, true
773132, 19086, 7463, 394, 175, 200, true, true
774080, 19105, 7463, 385, 175, 201, true, true
774759, 19117, 7464, 384, 176, 198, true, true
776374, 19152, 7464, 383, 175, 200, true, true
777465, 19174, 7464, 381, 174, 200, true, true
778399, 19195, 7464, 380, 173, 202, true, true
779416, 19216, 7467, 383, 174, 201, true, true
781276, 19256, 7467, 382, 173, 201, true, true
782396, 19278, 7468, 383, 174, 200, true, true
787001, 19371, 7469, 384, 175, 199, true, true
790316, 19440, 7470, 385, 176, 197, true, true
796866, 19554, 7472, 387, 177, 199, true, true
796905, 19555, 7473, 387, 177, 196, true, true
802059, 19655, 7474, 386, 178, 192, true, true
806922, 19741, 7475, 387, 179, 191, true, true
807681, 19756, 7475, 383, 178, 191, true, true
809790, 19791, 7476, 384, 179, 190, true, true
811513, 19823, 7481, 389, 180, 189, true, true
812851, 19849, 7481, 388, 179, 189, true, true
816727, 19908, 7490, 396, 179, 189, true, true
825138, 20020, 7490, 395, 178, 192, true, true
825971, 20038, 7491, 393, 179, 190, true, true
827178, 20054, 7491, 391, 178, 190, true, true
838058, 20217, 7492, 392, 179, 190, true, true
846421, 20355, 7493, 393, 180, 191, true, true
859139, 20591, 7493, 392, 179, 197, true, true
864811, 20679, 7494, 388, 179, 197, true, true
871587, 20807, 7494, 387, 178, 201, true, true
871849, 20811, 7494, 386, 177, 201, true, true
873404, 20836, 7494, 383, 176, 202, true, true
877654, 20920, 7495, 384, 177, 203, true, true
883623, 21009, 7495, 383, 176, 204, true, true
884539, 21024, 7495, 381, 175, 204, true, true
891321, 21131, 7495, 380, 174, 205, true, true
893553, 21175, 7501, 386, 175, 204, true, true
893737, 21181, 7501, 385, 174, 204, true, true
897357, 21245, 7502, 385, 174, 205, true, true
899767, 21284, 7503, 386, 175, 204, true, true
903926, 21350, 7505, 388, 176, 202, true, true
906379, 21395, 7505, 387, 175, 202, true, true
913381, 21527, 7506, 387, 176, 202, true, true
915449, 21562, 7506, 385, 175, 203, true, true
915669, 21566, 7506, 384, 174, 203, true, true
916863, 21584, 7506, 383, 173, 205, true, true
917287, 21588, 7506, 382, 172, 205, true, true
918601, 21614, 7506, 380, 170, 207, true, true
920654, 21643, 7506, 378, 169, 210, true, true
924736, 21721, 7507, 378, 170, 210, true, true
926885, 21763, 7508, 379, 171, 208, true, true
927544, 21774, 7510, 381, 172, 207, true, true
930223, 21826, 7515, 386, 173, 206, true, true
937525, 21946, 7517, 388, 174, 206, true, true
937934, 21952, 7518, 389, 175, 199, true, true
950568, 22200, 7519, 390, 176, 203, true, true
965207, 22474, 7519, 389, 175, 209, true, true
970121, 22549, 7519, 388, 174, 212, true, true
970415, 22555, 7527, 395, 175, 210, true, true
974987, 22636, 7528, 396, 176, 210, true, true
988613, 22899, 7529, 397, 177, 213, true, true
991548, 22951, 7529, 396, 176, 214, true, true
992124, 22964, 7529, 395, 175, 215, true, true
993447, 22993, 7531, 397, 176, 214, true, true
994914, 23021, 7532, 398, 177, 206, true, true
1002953, 23166, 7534, 400, 178, 207, true, true
1005389, 23208, 7535, 401, 179, 205, true, true
1007632, 23248, 7535, 400, 178, 205, true, true
1014906, 23393, 7537, 402, 179, 208, true, true
1018347, 23439, 7537, 401, 178, 208, true, true
1022440, 23507, 7538, 398, 179, 210, true, true
1025196, 23561, 7539, 399, 180, 211, true, true
1029302, 23649, 7540, 400, 181, 211, true, true
1031109, 23680, 7548, 395, 182, 211, true, true
1033800, 23725, 7551, 398, 183, 213, true, true
1035991, 23761, 7551, 397, 182, 213, true, true
1039073, 23811, 7551, 394, 181, 214, true, true
1042068, 23863, 7551, 393, 180, 215, true, true
1049265, 23995, 7552, 394, 181, 219, true, true
1051510, 24030, 7554, 396, 182, 220, true, true
1053202, 24064, 7556, 398, 183, 218, true, true
1053496, 24069, 7556, 397, 182, 219, true, true
1055663, 24108, 7562, 402, 183, 218, true, true
1057756, 24145, 7562, 401, 182, 218, true, true
1062084, 24238, 7563, 402, 183, 217, true, true
1063432, 24266, 7564, 403, 184, 212, true, true
1066860, 24329, 7565, 403, 184, 213, true, true
1071350, 24404, 7565, 402, 183, 214, true, true
1071873, 24413, 7567, 403, 183, 213, true, true
1075250, 24472, 7567, 400, 182, 213, true, true
1076830, 24504, 7568, 401, 183, 211, true, true
1081965, 24606, 7569, 402, 184, 209, true, true
1083067, 24624, 7569, 401, 183, 209, true, true
1086175, 24649, 7574, 405, 183, 207, true, true
1088855, 24693, 7575, 406, 184, 206, true, true
1090972, 24731, 7576, 407, 185, 204, true, true
1095882, 24811, 7580, 410, 186, 204, true, true
1098874, 24873, 7580, 408, 185, 205, true, true
1102317, 24931, 7589, 415, 186, 205, true, true
1113852, 25140, 7589, 414, 185, 207, true, true
1117878, 25216, 7590, 415, 186, 207, true, true
1122509, 25284, 7590, 414, 185, 208, true, true
1125024, 25325, 7590, 413, 184, 208, true, true
1128431, 25375, 7593, 409, 184, 207, true, true
1130245, 25410, 7594, 410, 185, 206, true, true
1133653, 25458, 7596, 401, 186, 204, true, true
1134977, 25486, 7597, 402, 187, 202, true, true
1143404, 25624, 7597, 400, 187, 204, true, true
1145722, 25668, 7597, 399, 186, 204, true, true
1153932, 25827, 7598, 397, 187, 207, true, true
1160081, 25934, 7601, 400, 188, 206, true, true
1161431, 25957, 7607, 406, 189, 204, true, true
1161563, 25960, 7607, 405, 188, 205, true, true
1167342, 26068, 7610, 408, 189, 204, true, true
1174052, 26195, 7614, 406, 189, 204, true, true
1182139, 26348, 7614, 405, 188, 206, true, true
1189103, 26470, 7614, 404, 187, 208, true, true
1195099, 26592, 7614, 403, 186, 208, true, true
1199509, 26682, 7615, 404, 187, 207, true, true
1203730, 26767, 7616, 405, 188, 207, true, true
1205836, 26804, 7616, 404, 187, 207, true, true
1208891, 26867, 7617, 405, 188, 206, true, true
1209696, 26879, 7617, 404, 187, 206, true, true
1212800, 26937, 7617, 403, 186, 206, true, true
1214199, 26945, 7617, 402, 185, 206, true, true
1215824, 26972, 7618, 402, 185, 202, true, true
1215878, 26976, 7619, 403, 186, 201, true, true
1222009, 27095, 7619, 402, 185, 205, true, true
1225913, 27174, 7620, 403, 186, 201, true, true
1226512, 27184, 7620, 402, 185, 201, true, true
1232563, 27294, 7625, 407, 186, 200, true, true
1235245, 27342, 7626, 407, 187, 198, true, true
1238361, 27393, 7627, 408, 188, 196, true, true
1239931, 27421, 7627, 406, 187, 196, true, true
1242093, 27451, 7627, 405, 186, 197, true, true
1248392, 27564, 7628, 406, 187, 198, true, true
1256057, 27689, 7629, 407, 188, 197, true, true
1257167, 27704, 7632, 410, 189, 196, true, true
1258676, 27737, 7635, 412, 190, 194, true, true
1258930, 27741, 7635, 411, 189, 195, true, true
1260340, 27758, 7636, 412, 190, 193, true, true
1265135, 27845, 7640, 412, 191, 195, true, true
1272049, 27971, 7640, 409, 190, 198, true, true
1278113, 28074, 7641, 410, 191, 196, true, true
1281896, 28126, 7642, 411, 192, 192, true, true
1283424, 28151, 7644, 413, 193, 191, true, true
1286118, 28199, 7644, 412, 192, 191, true, true
1298940, 28431, 7645, 413, 193, 192, true, true
1309816, 28624, 7647, 415, 194, 189, true, true
1313929, 28705, 7647, 414, 194, 190, true, true
1314820, 28718, 7647, 413, 193, 190, true, true
1317290, 28762, 7647, 412, 193, 190, true, true
1332732, 29007, 7647, 411, 193, 195, true, true
1332973, 29010, 7647, 410, 192, 195, true, true
1341122, 29143, 7648, 411, 193, 196, true, true
1342912, 29180, 7648, 409, 192, 196, true, true
1343522, 29189, 7686, 446, 193, 194, true, true
1350620, 29300, 7687, 447, 194, 193, true, true
1356575, 29410, 7688, 448, 195, 192, true, true
1357557, 29426, 7690, 450, 196, 191, true, true
1357721, 29429, 7690, 449, 195, 191, true, true
1358707, 29446, 7690, 448, 194, 191, true, true
1363768, 29528, 7690, 447, 193, 191, true, true
1371771, 29676, 7691, 448, 194, 192, true, true
1380471, 29820, 7691, 439, 194, 192, true, true
1382927, 29852, 7692, 440, 195, 190, true, true
1384156, 29876, 7692, 439, 195, 191, true, true
1395957, 30095, 7695, 442, 196, 194, true, true
1408861, 30319, 7696, 443, 197, 194, true, true
1409779, 30335, 7696, 441, 196, 194, true, true
1426202, 30619, 7697, 442, 197, 195, true, true
1427023, 30633, 7697, 413, 197, 195, true, true
1436691, 30789, 7697, 412, 196, 198, true, true
1436900, 30795, 7752, 431, 195, 197, true, true
1437722, 30816, 7767, 434, 195, 197, true, true
1445567, 30935, 7767, 430, 194, 199, true, true
1446440, 30951, 7767, 429, 193, 199, true, true
1447447, 30967, 7770, 430, 194, 196, true, true
1447779, 30971, 7770, 429, 193, 196, true, true
1463051, 31221, 7778, 436, 193, 197, true, true
1465290, 31266, 7779, 437, 194, 196, true, true
1471131, 31359, 7779, 436, 193, 196, true, true
1475368, 31443, 7780, 437, 194, 196, true, true
1476474, 31469, 7780, 436, 193, 196, true, true
1483398, 31600, 7781, 437, 194, 196, true, true
1487527, 31664, 7781, 436, 193, 197, true, true
1488193, 31676, 7784, 439, 194, 195, true, true
1491392, 31733, 7786, 441, 195, 190, true, true
1501657, 31909, 7787, 442, 196, 188, true, true
1502025, 31917, 7788, 443, 197, 187, true, true
1513528, 32112, 7789, 444, 198, 187, true, true
1522883, 32275, 7789, 443, 197, 189, true, true
1533406, 32464, 7790, 444, 198, 191, true, true
1538626, 32555, 7790, 442, 197, 192, true, true
1546969, 32703, 7794, 442, 198, 192, true, true
1548319, 32720, 7794, 440, 196, 192, true, true
1553798, 32803, 7795, 441, 197, 192, true, true
1556864, 32849, 7799, 445, 198, 191, true, true
1557976, 32863, 7799, 443, 197, 192, true, true
1562006, 32930, 7799, 441, 196, 193, true, true
1572905, 33112, 7801, 443, 197, 191, true, true
1580527, 33245, 7801, 442, 196, 192, true, true
1603583, 33677, 7801, 440, 195, 199, true, true
1603910, 33688, 7802, 441, 196, 198, true, true
1607333, 33760, 7802, 440, 195, 199, true, true
1612999, 33882, 7802, 439, 194, 200, true, true
1614689, 33921, 7802, 438, 193, 200, true, true
1617932, 34004, 7804, 438, 194, 199, true, true
1622343, 34104, 7804, 437, 193, 201, true, true
1622797, 34114, 7805, 437, 193, 200, true, true
1623837, 34140, 7806, 438, 194, 199, true, true
1624070, 34146, 7807, 439, 195, 197, true, true
1625894, 34194, 7809, 440, 195, 196, true, true
1628995, 34258, 7811, 442, 196, 189, true, true
1629577, 34271, 7811, 441, 196, 189, true, true
1633107, 34366, 7812, 442, 197, 186, true, true
1634949, 34400, 7812, 441, 196, 187, true, true
1637627, 34462, 7813, 442, 197, 184, true, true
1638080, 34476, 7813, 438, 197, 184, true, true
1643140, 34595, 7813, 437, 196, 186, true, true
1643541, 34604, 7815, 439, 197, 184, true, true
1655648, 34865, 7816, 440, 198, 185, true, true
1655957, 34874, 7816, 437, 198, 185, true, true
1657291, 34897, 7817, 438, 199, 180, true, true
1661947, 35008, 7817, 437, 198, 182, true, true
1667992, 35136, 7817, 436, 197, 183, true, true
1668185, 35141, 7817, 435, 196, 183, true, true
1675384, 35322, 7817, 434, 195, 184, true, true
1677885, 35378, 7817, 433, 194, 184, true, true
1682670, 35486, 7817, 432, 193, 184, true, true
1698955, 35890, 7818, 433, 194, 184, true, true
1701073, 35936, 7819, 434, 195, 182, true, true
1704253, 36020, 7820, 435, 196, 179, true, true
1706733, 36071, 7821, 436, 197, 178, true, true
1710314, 36158, 7821, 435, 196, 178, true, true
1712956, 36215, 7821, 434, 195, 180, true, true
1715058, 36265, 7823, 436, 196, 178, true, true
1721759, 36414, 7825, 435, 194, 176, true, true
1733876, 36691, 7825, 434, 193, 178, true, true
1740163, 36810, 7825, 433, 192, 178, true, true
1743651, 36885, 7828, 429, 193, 177, true, true
1745745, 36929, 7828, 428, 192, 177, true, true
1747634, 36962, 7848, 444, 193, 176, true, true
1747853, 36968, 7848, 442, 192, 176, true, true
1756948, 37171, 7848, 439, 191, 179, true, true
1766136, 37399, 7848, 438, 191, 182, true, true
1779095, 37712, 7849, 438, 192, 183, true, true
1780194, 37735, 7850, 439, 193, 181, true, true
1781287, 37759, 7850, 437, 192, 181, true, true
1782337, 37778, 7850, 429, 191, 181, true, true
1789186, 37928, 7851, 430, 192, 180, true, true
1794789, 38061, 7851, 429, 191, 180, true, true
1816817, 38546, 7851, 428, 190, 188, true, true
1820192, 38635, 7851, 427, 189, 190, true, true
1820231, 38636, 7851, 426, 188, 190, true, true
1821905, 38675, 7852, 427, 189, 189, true, true
1823750, 38705, 7853, 428, 190, 188, true, true
1825884, 38749, 7854, 429, 191, 189, true, true
1828445, 38808, 7854, 428, 190, 189, true, true
1832187, 38882, 7859, 427, 188, 189, true, true
1832423, 38889, 7859, 426, 187, 189, true, true
1835665, 38959, 7860, 427, 188, 188, true, true
1837238, 38989, 7862, 429, 189, 185, true, true
1842897, 39106, 7862, 428, 188, 185, true, true
1843298, 39113, 7862, 427, 187, 185, true, true
1843511, 39119, 7863, 428, 188, 181, true, true
1853529, 39351, 7864, 429, 189, 178, true, true
1857208, 39441, 7866, 431, 190, 177, true, true
1858194, 39467, 7866, 430, 189, 177, true, true
1862661, 39560, 7866, 426, 188, 178, true, true
1868994, 39702, 7866, 425, 187, 178, true, true
1870449, 39733, 7866, 424, 186, 178, true, true
1872282, 39785, 7866, 423, 185, 178, true, true
1874438, 39828, 7866, 421, 183, 178, true, true
1877680, 39892, 7869, 424, 184, 174, true, true
1889834, 40161, 7869, 423, 183, 176, true, true
1895457, 40283, 7869, 422, 182, 176, true, true
1897209, 40323, 7869, 421, 181, 176, true, true
1902943, 40466, 7876, 428, 182, 175, true, true
1913569, 40679, 7877, 429, 183, 176, true, true
1915533, 40723, 7877, 428, 182, 176, true, true
1916050, 40733, 7878, 429, 183, 174, true, true
1919371, 40803, 7886, 437, 184, 173, true, true
1927604, 40988, 7887, 438, 185, 172, true, true
1933038, 41105, 7888, 439, 186, 171, true, true
1933655, 41111, 7888, 438, 185, 171, true, true
1939031, 41230, 7888, 436, 184, 171, true, true
1944529, 41345, 7888, 435, 183, 171, true, true
1946832, 41395, 7888, 434, 182, 171, true, true
1948766, 41427, 7888, 433, 182, 171, true, true
1955607, 41567, 7888, 432, 181, 171, true, true
1965634, 41786, 7889, 431, 182, 173, true, true
1965989, 41794, 7889, 430, 181, 173, true, true
1968177, 41839, 7889, 429, 180, 173, true, true
1975655, 41975, 7892, 432, 181, 170, true, true
1983175, 42118, 7893, 433, 182, 168, true, true
1988704, 42240, 7893, 432, 181, 169, true, true
1991944, 42316, 7893, 430, 180, 170, true, true
1997492, 42422, 7895, 427, 181, 169, true, true
1997534, 42423, 7895, 426, 180, 169, true, true
1997813, 42431, 7897, 428, 181, 166, true, true
1999022, 42452, 7897, 427, 180, 167, true, true
2022691, 42959, 7897, 426, 179, 169, true, true
2027649, 43081, 7898, 427, 180, 170, true, true
2030240, 43136, 7901, 430, 181, 165, true, true
2031158, 43161, 7902, 431, 182, 163, true, true
2032135, 43182, 7903, 432, 183, 161, true, true
2032776, 43194, 7904, 433, 184, 160, true, true
2034860, 43235, 7905, 434, 185, 158, true, true
2035034, 43239, 7906, 435, 186, 156, true, true
2039077, 43332, 7906, 434, 185, 156, true, true
2043318, 43419, 7906, 433, 184, 157, true, true
2066245, 43922, 7906, 432, 183, 164, true, true
2067088, 43940, 7906, 431, 182, 164, true, true
2069485, 43988, 7906, 430, 181, 166, true, true
2071963, 44048, 7906, 429, 180, 166, true, true
2072024, 44050, 7906, 428, 179, 166, true, true
2074316, 44099, 7907, 429, 180, 165, true, true
2075232, 44114, 7908, 430, 181, 163, true, true
2092694, 44496, 7908, 429, 180, 165, true, true
2095849, 44565, 7909, 430, 181, 163, true, true
2096632, 44583, 7909, 429, 181, 163, true, true
2099056, 44638, 7910, 430, 182, 161, true, true
2101506, 44696, 7910, 429, 181, 163, true, true
2105663, 44790, 7910, 426, 180, 163, true, true
2107095, 44821, 7911, 427, 181, 161, true, true
2108677, 44844, 7912, 428, 182, 160, true, true
2113624, 44951, 7914, 410, 182, 158, true, true
2117624, 45033, 7916, 401, 183, 157, true, true
2119102, 45064, 7927, 410, 184, 155, true, true
2127470, 45235, 7927, 409, 183, 157, true, true
2135531, 45399, 7947, 429, 184, 156, true, true
2141756, 45529, 7948, 428, 183, 156, true, true
2158395, 45877, 7950, 430, 184, 155, true, true
2164433, 45988, 7950, 429, 183, 155, true, true
2170722, 46112, 7952, 431, 184, 154, true, true
2174891, 46209, 7954, 431, 185, 154, true, true
2174951, 46211, 7955, 432, 186, 149, true, true
2183244, 46390, 7955, 430, 185, 153, true, true
2188325, 46503, 7955, 429, 184, 153, true, true
2189376, 46526, 7955, 427, 183, 153, true, true
2189649, 46532, 7955, 426, 182, 153, true, true
2190276, 46544, 7956, 427, 183, 152, true, true
2210954, 46986, 7956, 426, 182, 156, true, true
2214578, 47065, 7957, 425, 182, 154, true, true
2222116, 47205, 7957, 423, 181, 154, true, true
2228103, 47303, 7957, 422, 180, 157, true, true
2230991, 47362, 7958, 421, 180, 156, true, true
2232855, 47407, 7959, 422, 181, 154, true, true
2233721, 47425, 7959, 417, 180, 154, true, true
2245490, 47683, 7970, 412, 180, 156, true, true
2248320, 47748, 7970, 411, 179, 156, true, true
2250605, 47789, 7971, 412, 180, 151, true, true
2255670, 47903, 7972, 413, 181, 147, true, true
2259100, 47972, 7974, 415, 182, 142, true, true
2260953, 48023, 7977, 418, 183, 141, true, true
2262330, 48059, 7977, 415, 182, 141, true, true
2265962, 48125, 7977, 413, 180, 141, true, true
2266809, 48133, 7977, 412, 179, 141, true, true
2280594, 48421, 7978, 413, 180, 138, true, true
2282815, 48478, 7980, 414, 181, 137, true, true
2284176, 48513, 7980, 413, 180, 137, true, true
2287243, 48585, 7981, 414, 181, 137, true, true
2288525, 48616, 7982, 415, 182, 136, true, true
2297101, 48799, 7983, 413, 182, 136, true, true
2300295, 48868, 7983, 412, 181, 136, true, true
2321841, 49324, 7983, 409, 180, 139, true, true
2329184, 49479, 7984, 409, 180, 139, true, true
2329496, 49484, 7984, 408, 179, 139, true, true
2340098, 49735, 7984, 407, 178, 140, true, true
2343517, 49813, 7985, 408, 179, 139, true, true
2343643, 49817, 7985, 407, 178, 139, true, true
2346873, 49895, 7985, 405, 178, 141, true, true
2357279, 50113, 7986, 406, 179, 141, true, true
2365839, 50291, 7986, 397, 178, 142, true, true
2366611, 50304, 7989, 400, 179, 140, true, true
2367814, 50329, 7989, 399, 178, 141, true, true
2368621, 50349, 7989, 397, 176, 141, true, true
2370707, 50382, 7989, 396, 175, 141, true, true
2375718, 50491, 7989, 395, 174, 141, true, true
2382850, 50638, 7989, 394, 173, 141, true, true
2400048, 51001, 7990, 395, 174, 139, true, true
2407050, 51151, 7996, 397, 175, 135, true, true
2417748, 51389, 7997, 398, 176, 133, true, true
2417886, 51392, 7997, 397, 176, 133, true, true
2419796, 51434, 7997, 391, 175, 134, true, true
2428199, 51603, 8001, 395, 176, 135, true, true
2430797, 51658, 8006, 400, 177, 134, true, true
2449032, 52031, 8013, 407, 178, 137, true, true
2449638, 52039, 8014, 408, 179, 136, true, true
2459436, 52221, 8014, 407, 178, 136, true, true
2463694, 52321, 8015, 408, 179, 135, true, true
2485639, 52746, 8016, 409, 180, 133, true, true
2486473, 52764, 8016, 407, 179, 133, true, true
2491111, 52860, 8016, 406, 178, 133, true, true
2509582, 53222, 8016, 405, 177, 136, true, true
2519756, 53452, 8016, 394, 176, 137, true, true
2544278, 53954, 8016, 393, 175, 139, true, true
2546871, 54013, 8017, 394, 176, 138, true, true
2548322, 54045, 8017, 393, 175, 138, true, true
2548409, 54048, 8018, 394, 176, 136, true, true
2555585, 54188, 8019, 395, 177, 137, true, true
2562726, 54336, 8019, 394, 176, 137, true, true
2581236, 54690, 8020, 395, 177, 136, true, true
2588107, 54835, 8020, 392, 176, 137, true, true
2590401, 54887, 8021, 391, 177, 137, true, true
2591001, 54897, 8021, 390, 176, 137, true, true
2595574, 54985, 8021, 388, 175, 137, true, true
2596080, 54996, 8021, 387, 174, 137, true, true
2597540, 55028, 8021, 385, 174, 137, true, true
2601276, 55112, 8021, 384, 173, 137, true, true
2614259, 55409, 8021, 383, 172, 140, true, true
2621149, 55559, 8022, 384, 173, 140, true, true
2621656, 55568, 8024, 386, 174, 139, true, true
2629369, 55740, 8024, 385, 173, 139, true, true
2630876, 55765, 8025, 386, 174, 137, true, true
2641696, 55981, 8025, 385, 173, 137, true, true
2642283, 55993, 8025, 384, 172, 137, true, true
2651012, 56178, 8028, 387, 173, 137, true, true
2668869, 56575, 8028, 384, 173, 138, true, true
2672028, 56632, 8029, 385, 174, 138, true, true
2715172, 57477, 8029, 384, 173, 141, true, true
2721511, 57608, 8029, 383, 172, 141, true, true
2722589, 57631, 8029, 381, 171, 141, true, true
2724713, 57669, 8029, 380, 171, 141, true, true
2730366, 57773, 8031, 381, 172, 140, true, true
2762997, 58465, 8031, 380, 171, 141, true, true
2765010, 58508, 8032, 381, 172, 140, true, true
2768455, 58589, 8032, 379, 171, 140, true, true
2783236, 58868, 8032, 377, 170, 141, true, true
2786593, 58931, 8032, 376, 169, 141, true, true
2793604, 59081, 8052, 394, 168, 140, true, true
2796941, 59145, 8054, 395, 169, 139, true, true
2802531, 59261, 8055, 396, 170, 140, true, true
2805796, 59336, 8055, 395, 169, 140, true, true
2826157, 59759, 8056, 396, 170, 140, true, true
2827524, 59786, 8057, 396, 171, 138, true, true
2842339, 60085, 8058, 397, 172, 139, true, true
2860352, 60481, 8060, 399, 173, 139, true, true
2861129, 60499, 8060, 398, 173, 139, true, true
2863882, 60558, 8060, 397, 173, 139, true, true
2868658, 60643, 8060, 396, 173, 139, true, true
2877154, 60806, 8060, 395, 172, 140, true, true
2878933, 60853, 8061, 395, 173, 139, true, true
2882143, 60919, 8062, 396, 174, 139, true, true
2888120, 61047, 8062, 395, 173, 139, true, true
2901899, 61334, 8063, 395, 173, 139, true, true
2903370, 61363, 8064, 394, 174, 138, true, true
2913202, 61571, 8064, 393, 174, 140, true, true
2914572, 61595, 8064, 392, 173, 140, true, true
2922364, 61740, 8064, 390, 172, 140, true, true
2925724, 61804, 8067, 393, 173, 139, true, true
2932526, 61919, 8069, 395, 174, 138, true, true
2932968, 61929, 8069, 394, 173, 138, true, true
2935252, 61978, 8070, 395, 174, 137, true, true
2949942, 62256, 8073, 397, 174, 135, true, true
2950808, 62276, 8074, 398, 175, 134, true, true
2958989, 62456, 8075, 399, 176, 135, true, true
2973070, 62724, 8076, 400, 177, 133, true, true
3026679, 63825, 8076, 398, 177, 142, true, true
3034241, 63995, 8077, 399, 178, 137, true, true
3037969, 64077, 8081, 403, 179, 135, true, true
3044220, 64208, 8081, 402, 178, 136, true, true
3049622, 64323, 8084, 403, 177, 131, true, true
3052745, 64390, 8084, 402, 176, 131, true, true
3066924, 64672, 8086, 404, 177, 130, true, true
3076579, 64869, 8086, 403, 176, 131, true, true
3078325, 64904, 8087, 404, 177, 129, true, true
3088675, 65103, 8091, 408, 178, 129, true, true
3089978, 65132, 8091, 407, 178, 129, true, true
3093666, 65205, 8091, 406, 177, 130, true, true
3099134, 65286, 8091, 405, 176, 130, true, true
3119501, 65703, 8092, 406, 177, 132, true, true
3123708, 65786, 8093, 407, 178, 129, true, true
3130288, 65901, 8093, 406, 178, 129, true, true
3142949, 66144, 8093, 405, 178, 130, true, true
3157513, 66460, 8093, 404, 177, 130, true, true
3159675, 66505, 8093, 403, 176, 130, true, true
3176419, 66848, 8097, 387, 176, 132, true, true
3181865, 66956, 8097, 385, 175, 132, true, true
3188381, 67083, 8099, 387, 176, 129, true, true
3191558, 67150, 8099, 386, 175, 129, true, true
3196065, 67253, 8099, 385, 174, 129, true, true
3196166, 67254, 8116, 402, 175, 127, true, true
3203873, 67404, 8117, 403, 176, 127, true, true
3217885, 67666, 8124, 404, 174, 122, true, true
3242534, 68147, 8129, 409, 175, 119, true, true
3244323, 68184, 8130, 410, 176, 118, true, true
3285482, 68999, 8133, 413, 177, 116, true, true
3299346, 69302, 8133, 412, 176, 116, true, true
3315939, 69635, 8139, 407, 176, 118, true, true
3317461, 69667, 8139, 405, 175, 118, true, true
3328805, 69899, 8139, 404, 174, 119, true, true
3333975, 70011, 8140, 405, 175, 117, true, true
3349920, 70335, 8145, 410, 176, 116, true, true
3382750, 71030, 8145, 408, 175, 119, true, true
3390572, 71183, 8146, 409, 176, 119, true, true
3390782, 71187, 8146, 408, 175, 119, true, true
3448631, 72343, 8147, 409, 176, 122, true, true
3450265, 72376, 8147, 407, 175, 122, true, true
3453667, 72455, 8148, 408, 176, 121, true, true
3467365, 72756, 8148, 407, 175, 122, true, true
3473732, 72868, 8149, 408, 176, 120, true, true
3483016, 73063, 8149, 407, 175, 121, true, true
3490895, 73225, 8149, 406, 175, 121, true, true
3516262, 73744, 8149, 404, 174, 123, true, true
3530649, 74035, 8150, 405, 175, 124, true, true
3534279, 74107, 8150, 404, 174, 124, true, true
3537756, 74181, 8150, 403, 173, 124, true, true
3545084, 74344, 8150, 388, 173, 126, true, true
3552202, 74486, 8152, 390, 174, 124, true, true
3594636, 75356, 8152, 389, 173, 128, true, true
3634519, 76200, 8153, 390, 174, 126, true, true
3640978, 76345, 8153, 389, 173, 126, true, true
3644182, 76413, 8153, 388, 173, 126, true, true
3651165, 76553, 8154, 389, 174, 125, true, true
3655072, 76623, 8155, 390, 175, 124, true, true
3664495, 76834, 8155, 389, 174, 127, true, true
3671953, 76991, 8159, 392, 174, 125, true, true
3693828, 77424, 8161, 390, 174, 124, true, true
3696399, 77477, 8161, 389, 174, 125, true, true
3731306, 78248, 8161, 388, 173, 128, true, true
3747528, 78601, 8164, 389, 174, 128, true, true
3779878, 79281, 8164, 385, 173, 132, true, true
3801091, 79716, 8167, 387, 174, 134, true, true
3807016, 79849, 8169, 389, 175, 133, true, true
3808900, 79888, 8171, 391, 176, 131, true, true
3816169, 80055, 8171, 390, 175, 131, true, true
3858765, 81019, 8172, 391, 176, 131, true, true
3860640, 81064, 8173, 392, 177, 129, true, true
3902615, 81980, 8173, 390, 175, 131, true, true
3961625, 83340, 8174, 391, 176, 134, true, true
3972805, 83576, 8174, 390, 175, 135, true, true
3986297, 83883, 8174, 389, 174, 135, true, true
4010859, 84461, 8180, 395, 175, 134, true, true
4017650, 84614, 8182, 390, 175, 133, true, true
4025441, 84799, 8182, 389, 174, 136, true, true
4035021, 84985, 8182, 386, 173, 136, true, true
4080573, 86038, 8182, 385, 172, 144, true, true
4085453, 86155, 8197, 400, 173, 143, true, true
4091502, 86295, 8199, 402, 174, 142, true, true
4110700, 86733, 8200, 403, 175, 142, true, true
4118287, 86911, 8200, 402, 174, 143, true, true
4125097, 87064, 8200, 401, 173, 143, true, true
4126633, 87093, 8217, 416, 173, 143, true, true
4136252, 87333, 8225, 418, 174, 142, true, true
4149748, 87656, 8225, 417, 174, 142, true, true
4162290, 87926, 8225, 416, 173, 144, true, true
4180625, 88342, 8226, 417, 174, 146, true, true
4206303, 88960, 8228, 417, 173, 146, true, true
4219952, 89285, 8228, 416, 172, 146, true, true
4222379, 89326, 8228, 411, 171, 146, true, true
4257649, 90181, 8228, 404, 170, 151, true, true
4263973, 90327, 8230, 406, 171, 150, true, true
4267299, 90410, 8230, 405, 170, 150, true, true
4277242, 90661, 8231, 405, 170, 152, true, true
4285984, 90870, 8231, 402, 169, 152, true, true
4295234, 91111, 8231, 401, 168, 152, true, true
4297836, 91181, 8232, 402, 169, 150, true, true
4338494, 92163, 8232, 401, 168, 151, true, true
4343606, 92294, 8232, 396, 167, 151, true, true
4348622, 92416, 8234, 397, 168, 150, true, true
4352539, 92508, 8236, 399, 169, 147, true, true
4352830, 92518, 8237, 400, 170, 146, true, true
4354674, 92569, 8237, 399, 170, 147, true, true
4359507, 92692, 8241, 403, 171, 146, true, true
4378993, 93171, 8241, 400, 170, 146, true, true
4380899, 93219, 8244, 402, 170, 145, true, true
4410476, 93947, 8245, 403, 171, 145, true, true
4414972, 94069, 8247, 405, 172, 146, true, true
4434371, 94557, 8247, 404, 171, 146, true, true
4434419, 94559, 8248, 405, 172, 145, true, true
4458202, 95160, 8251, 408, 173, 146, true, true
4463603, 95300, 8252, 409, 174, 142, true, true
4480775, 95729, 8252, 406, 173, 142, true, true
4490475, 95968, 8252, 405, 172, 144, true, true
4533372, 97169, 8252, 404, 171, 145, true, true
4541288, 97374, 8252, 403, 170, 146, true, true
4557943, 97824, 8253, 404, 171, 145, true, true
4584842, 98581, 8253, 403, 171, 148, true, true
4598374, 98957, 8254, 404, 172, 145, true, true
4610748, 99293, 8255, 405, 173, 143, true, true
4624367, 99642, 8256, 406, 174, 142, true, true
4628329, 99739, 8256, 404, 173, 143, true, true
4635906, 99940, 8256, 402, 172, 145, true, true
4658633, 100561, 8257, 403, 173, 145, true, true
4662621, 100655, 8258, 402, 174, 143, true, true
4712534, 102036, 8259, 403, 175, 149, true, true
4742911, 102853, 8259, 401, 173, 153, true, true
4749480, 103049, 8260, 402, 174, 151, true, true
4750229, 103071, 8260, 401, 173, 151, true, true
4761086, 103398, 8261, 402, 174, 148, true, true
4772494, 103744, 8261, 401, 173, 150, true, true
4776318, 103864, 8262, 402, 174, 145, true, true
4780694, 103994, 8263, 403, 175, 145, true, true
4850817, 106035, 8263, 401, 174, 149, true, true
4855612, 106159, 8265, 393, 174, 148, true, true
4858671, 106248, 8265, 392, 173, 148, true, true
4883519, 106970, 8265, 391, 172, 148, true, true
4885124, 107024, 8265, 387, 172, 148, true, true
4896470, 107343, 8265, 385, 171, 149, true, true
4911162, 107761, 8265, 384, 170, 151, true, true
4925351, 108148, 8265, 381, 169, 151, true, true
4929507, 108267, 8265, 380, 168, 151, true, true
4933098, 108374, 8266, 381, 169, 150, true, true
4975851, 109663, 8266, 380, 168, 151, true, true
4977629, 109721, 8266, 379, 167, 151, true, true
4996208, 110282, 8266, 378, 167, 153, true, true
5010765, 110712, 8267, 378, 167, 152, true, true
5055740, 112124, 8267, 377, 166, 155, true, true
5062307, 112325, 8268, 378, 167, 154, true, true
5063786, 112376, 8270, 380, 168, 149, true, true
5066955, 112472, 8270, 377, 167, 149, true, true
5091074, 113228, 8271, 377, 167, 150, true, true
5096036, 113379, 8271, 372, 166, 151, true, true
5097428, 113426, 8271, 371, 165, 151, true, true
5105376, 113671, 8272, 372, 166, 153, true, true
5119605, 114118, 8273, 373, 167, 150, true, true
5157587, 115229, 8273, 372, 166, 152, true, true
5161305, 115363, 8274, 365, 166, 147, true, true
5182636, 115991, 8274, 364, 165, 147, true, true
5193899, 116325, 8274, 363, 164, 148, true, true
5239491, 117788, 8274, 359, 163, 151, true, true
5250607, 118151, 8275, 360, 164, 151, true, true
5255045, 118299, 8275, 359, 163, 152, true, true
5279296, 119116, 8275, 358, 162, 156, true, true
5286764, 119353, 8276, 358, 162, 153, true, true
5300674, 119810, 8295, 377, 163, 151, true, true
5303918, 119933, 8296, 378, 164, 151, true, true
5314143, 120266, 8296, 377, 163, 152, true, true
5333707, 120929, 8296, 376, 162, 153, true, true
5348655, 121443, 8296, 375, 161, 153, true, true
5350358, 121490, 8296, 374, 160, 153, true, true
5357076, 121697, 8296, 371, 159, 153, true, true
5358829, 121761, 8296, 370, 158, 153, true, true
5364661, 121977, 8296, 369, 157, 154, true, true
5374563, 122331, 8296, 367, 156, 156, true, true
5375506, 122363, 8299, 361, 156, 154, true, true
5377711, 122450, 8299, 360, 155, 155, true, true
5387353, 122786, 8322, 381, 154, 155, true, true
5394043, 123001, 8323, 382, 155, 151, true, true
5408345, 123464, 8323, 381, 154, 153, true, true
5423904, 123991, 8323, 380, 153, 155, true, true
5433845, 124351, 8327, 384, 154, 156, true, true
5441351, 124583, 8328, 385, 155, 156, true, true
5444752, 124698, 8328, 384, 154, 156, true, true
5468555, 125558, 8331, 387, 155, 156, true, true
5469957, 125600, 8331, 386, 155, 156, true, true
5471230, 125623, 8331, 385, 154, 156, true, true
5474972, 125744, 8332, 386, 155, 156, true, true
5476229, 125796, 8332, 384, 154, 156, true, true
5479379, 125898, 8332, 378, 154, 156, true, true
5514353, 127158, 8332, 377, 153, 160, true, true
5524105, 127504, 8334, 379, 154, 159, true, true
5544965, 128198, 8336, 381, 155, 161, true, true
5552596, 128475, 8337, 382, 156, 154, true, true
5581830, 129485, 8338, 383, 157, 153, true, true
5596702, 130006, 8338, 382, 156, 154, true, true
5597731, 130045, 8338, 381, 155, 154, true, true
5605057, 130301, 8339, 382, 156, 153, true, true
5614327, 130640, 8340, 383, 157, 154, true, true
5621751, 130891, 8340, 381, 156, 154, true, true
5624922, 131013, 8341, 382, 157, 150, true, true
5660260, 132252, 8342, 382, 157, 149, true, true
5685422, 133148, 8342, 381, 156, 151, true, true
5688057, 133224, 8343, 382, 157, 150, true, true
5697388, 133551, 8343, 381, 156, 150, true, true
5710875, 134076, 8343, 380, 155, 153, true, true
5714174, 134172, 8343, 379, 154, 153, true, true
5725740, 134603, 8344, 380, 155, 152, true, true
5733806, 134938, 8345, 380, 155, 151, true, true
5736132, 135030, 8345, 379, 155, 151, true, true
5746950, 135420, 8345, 378, 154, 152, true, true
5844794, 139107, 8347, 380, 155, 162, true, true
5844979, 139113, 8358, 389, 155, 161, true, true
5848175, 139242, 8358, 388, 154, 161, true, true
5852562, 139414, 8358, 387, 154, 161, true, true
5873907, 140231, 8358, 386, 153, 162, true, true
5885899, 140685, 8359, 387, 154, 165, true, true
5897088, 141110, 8360, 388, 155, 166, true, true
5899905, 141225, 8360, 387, 154, 166, true, true
5908411, 141557, 8360, 385, 153, 166, true, true
5928156, 142341, 8361, 386, 154, 164, true, true
5928859, 142363, 8361, 385, 154, 165, true, true
5932988, 142529, 8361, 384, 153, 165, true, true
5962739, 143728, 8362, 385, 154, 164, true, true
5967085, 143902, 8363, 386, 155, 162, true, true
5998000, 145101, 8363, 365, 155, 164, true, true
6005671, 145425, 8372, 358, 155, 163, true, true
6007865, 145513, 8372, 357, 155, 163, true, true
6038567, 146740, 8372, 355, 154, 167, true, true
6041676, 146840, 8373, 356, 155, 166, true, true
6071420, 148023, 8373, 355, 155, 173, true, true
6079767, 148373, 8373, 351, 154, 174, true, true
6093336, 148908, 8374, 352, 155, 174, true, true
6106561, 149412, 8374, 351, 154, 175, true, true
6106731, 149420, 8384, 348, 154, 173, true, true
6114729, 149744, 8390, 354, 155, 170, true, true
6117764, 149872, 8390, 351, 154, 170, true, true
6128732, 150270, 8390, 350, 153, 170, true, true
6137421, 150589, 8391, 349, 153, 170, true, true
6152404, 151168, 8391, 346, 152, 172, true, true
6153123, 151196, 8392, 347, 153, 170, true, true
6177553, 152122, 8392, 343, 152, 176, true, true
6179184, 152181, 8393, 344, 153, 175, true, true
6207163, 153275, 8393, 343, 152, 178, true, true
6207990, 153315, 8394, 344, 153, 176, true, true
6208517, 153335, 8395, 345, 154, 175, true, true
6229834, 154191, 8396, 346, 155, 175, true, true
6242729, 154732, 8396, 345, 154, 175, true, true
6245899, 154876, 8397, 346, 155, 175, true, true
6254200, 155204, 8397, 345, 154, 177, true, true
6255732, 155272, 8397, 344, 153, 177, true, true
6266920, 155716, 8398, 345, 154, 177, true, true
6268487, 155776, 8406, 346, 154, 176, true, true
6281413, 156298, 8407, 346, 154, 174, true, true
6285134, 156437, 8407, 345, 154, 175, true, true
6296515, 156914, 8408, 346, 155, 175, true, true
6311603, 157508, 8408, 345, 154, 178, true, true
6312626, 157553, 8409, 346, 155, 173, true, true
6313284, 157577, 8410, 347, 156, 166, true, true
6323387, 157976, 8411, 348, 157, 165, true, true
6337559, 158525, 8411, 345, 156, 165, true, true
6345044, 158808, 8411, 344, 155, 165, true, true
6345295, 158814, 8411, 340, 155, 165, true, true
6349600, 158981, 8413, 342, 156, 162, true, true
6350581, 159022, 8413, 341, 155, 162, true, true
6356111, 159250, 8414, 342, 156, 161, true, true
6415800, 161650, 8414, 341, 155, 164, true, true
6440361, 162656, 8414, 340, 154, 169, true, true
6462562, 163548, 8415, 339, 154, 170, true, true
6474098, 163982, 8415, 338, 153, 172, true, true
6509969, 165373, 8415, 337, 152, 174, true, true
6510679, 165400, 8416, 338, 153, 173, true, true
6524580, 165911, 8416, 336, 152, 174, true, true
6541010, 166552, 8417, 335, 153, 171, true, true
6545366, 166735, 8418, 336, 154, 169, true, true
6606591, 169113, 8418, 335, 154, 173, true, true
6611293, 169263, 8419, 336, 155, 172, true, true
6617753, 169550, 8420, 337, 156, 171, true, true
6638321, 170401, 8421, 338, 157, 168, true, true
6645517, 170682, 8421, 337, 156, 168, true, true
6649589, 170852, 8421, 336, 155, 169, true, true
6651823, 170947, 8422, 337, 156, 168, true, true
6654262, 171039, 8423, 338, 157, 166, true, true
6659067, 171200, 8423, 337, 156, 166, true, true
6671846, 171703, 8423, 336, 155, 167, true, true
6673846, 171788, 8423, 335, 154, 167, true, true
6674217, 171805, 8424, 336, 155, 166, true, true
6681192, 172048, 8424, 335, 154, 167, true, true
6684970, 172188, 8424, 334, 153, 167, true, true
6697797, 172684, 8424, 333, 152, 168, true, true
6702580, 172892, 8425, 332, 153, 165, true, true
6722786, 173688, 8425, 331, 152, 166, true, true
6734707, 174169, 8426, 332, 153, 165, true, true
6745261, 174595, 8426, 328, 152, 166, true, true
6774023, 175702, 8426, 322, 151, 169, true, true
6788554, 176262, 8426, 321, 150, 169, true, true
6790863, 176364, 8427, 320, 150, 168, true, true
6797090, 176627, 8427, 319, 149, 168, true, true
6802577, 176844, 8428, 320, 150, 166, true, true
6806543, 176993, 8428, 318, 149, 166, true, true
6818862, 177429, 8440, 324, 149, 163, true, true
6855009, 178806, 8440, 322, 148, 165, true, true
6886397, 180053, 8441, 323, 149, 167, true, true
6891228, 180234, 8441, 322, 148, 168, true, true
6913084, 181073, 8442, 323, 149, 168, true, true
6914971, 181149, 8443, 322, 149, 164, true, true
7011292, 184006, 8443, 321, 149, 168, true, true
7019316, 184266, 8443, 306, 148, 168, true, true
7027141, 184505, 8443, 302, 147, 168, true, true
7044986, 185050, 8444, 303, 148, 170, true, true
7077347, 186015, 8444, 302, 147, 171, true, true
7097773, 186664, 8445, 303, 148, 170, true, true
7117580, 187274, 8449, 307, 149, 171, true, true
7138266, 187937, 8450, 308, 150, 170, true, true
7180256, 189162, 8450, 306, 149, 171, true, true
7183830, 189257, 8453, 309, 150, 167, true, true
7216062, 190257, 8453, 308, 149, 169, true, true
7258473, 191494, 8454, 309, 150, 170, true, true
7259720, 191541, 8456, 311, 151, 169, true, true
7272336, 191932, 8456, 310, 150, 169, true, true
7276167, 192055, 8456, 309, 149, 169, true, true
7284279, 192319, 8460, 312, 150, 165, true, true
7360880, 194523, 8461, 313, 151, 170, true, true
7374998, 194964, 8461, 312, 150, 172, true, true
7422249, 196483, 8462, 313, 151, 171, true, true
7424823, 196561, 8462, 312, 150, 171, true, true
7515975, 199380, 8463, 313, 151, 169, true, true
7522342, 199551, 8464, 314, 152, 168, true, true
7527411, 199718, 8464, 313, 151, 170, true, true
7553121, 200542, 8464, 310, 150, 171, true, true
7592795, 201758, 8464, 309, 149, 174, true, true
7608993, 202249, 8464, 308, 148, 174, true, true
7613163, 202378, 8465, 308, 149, 172, true, true
7614627, 202425, 8465, 307, 148, 172, true, true
7623812, 202682, 8466, 307, 148, 169, true, true
7632966, 202963, 8467, 307, 149, 168, true, true
7633954, 202990, 8467, 305, 149, 169, true, true
7650322, 203482, 8468, 306, 150, 166, true, true
7656648, 203684, 8468, 305, 149, 167, true, true
7686159, 204550, 8468, 304, 148, 167, true, true
7693853, 204728, 8470, 306, 149, 157, true, true
7695801, 204788, 8470, 305, 148, 157, true, true
7703994, 205033, 8470, 304, 147, 157, true, true
7726055, 205623, 8470, 303, 146, 158, true, true
7755626, 206497, 8470, 301, 145, 159, true, true
7763440, 206804, 8470, 299, 144, 159, true, true
7775713, 207294, 8470, 280, 143, 159, true, true
7783310, 207608, 8472, 276, 141, 159, true, true
7783931, 207632, 8472, 275, 140, 159, true, true
7791555, 207916, 8474, 277, 141, 156, true, true
7821741, 209074, 8474, 275, 140, 156, true, true
7830782, 209419, 8477, 278, 141, 155, true, true
7894487, 211875, 8478, 279, 142, 156, true, true
7923006, 212943, 8478, 278, 141, 157, true, true
7966632, 214650, 8480, 280, 142, 157, true, true
7967842, 214685, 8480, 279, 141, 157, true, true
7976997, 215017, 8481, 280, 142, 158, true, true
8059060, 218306, 8481, 279, 141, 161, true, true
8067376, 218615, 8481, 278, 140, 162, true, true
8079951, 219051, 8481, 277, 139, 162, true, true
8097098, 219742, 8482, 278, 140, 161, true, true
8150617, 221831, 8482, 276, 139, 162, true, true
8154174, 221971, 8483, 277, 140, 159, true, true
8157095, 222092, 8484, 278, 141, 158, true, true
8177237, 222892, 8484, 277, 140, 158, true, true
8237991, 225206, 8484, 276, 139, 159, true, true
8250151, 225701, 8484, 275, 138, 160, true, true
8263296, 226220, 8485, 276, 139, 157, true, true
8268553, 226437, 8486, 277, 140, 152, true, true
8274017, 226648, 8489, 280, 141, 151, true, true
8285839, 227086, 8497, 288, 142, 148, true, true
8286681, 227115, 8499, 290, 143, 147, true, true
8288642, 227169, 8499, 289, 142, 148, true, true
8289068, 227188, 8499, 288, 141, 148, true, true
8299560, 227592, 8499, 286, 140, 149, true, true
8304628, 227789, 8500, 287, 141, 147, true, true
8304673, 227791, 8501, 288, 142, 140, true, true
8317747, 228302, 8501, 287, 141, 141, true, true
8320245, 228399, 8501, 286, 140, 141, true, true
8426703, 232468, 8502, 287, 141, 146, true, true
8475766, 234348, 8502, 286, 140, 149, true, true
8476693, 234389, 8515, 299, 141, 148, true, true
8521222, 236094, 8515, 298, 140, 148, true, true
8527487, 236310, 8515, 297, 139, 149, true, true
8556811, 237432, 8516, 297, 140, 148, true, true
8559576, 237547, 8517, 298, 141, 144, true, true
8560575, 237590, 8517, 296, 140, 144, true, true
8614005, 239652, 8517, 295, 139, 146, true, true
8664689, 241628, 8518, 296, 140, 145, true, true
8687949, 242523, 8518, 295, 139, 145, true, true
8726077, 244091, 8518, 294, 138, 147, true, true
8735195, 244456, 8518, 292, 137, 148, true, true
8741060, 244681, 8518, 291, 136, 149, true, true
8742467, 244739, 8519, 290, 137, 145, true, true
8757387, 245318, 8520, 291, 138, 144, true, true
8804629, 247189, 8522, 293, 139, 142, true, true
8808715, 247355, 8523, 294, 140, 141, true, true
8838466, 248541, 8525, 296, 141, 141, true, true
8847560, 248896, 8526, 297, 142, 140, true, true
8867211, 249662, 8526, 295, 141, 142, true, true
8869590, 249751, 8526, 293, 140, 142, true, true
8880351, 250176, 8526, 292, 139, 143, true, true
8923973, 251894, 8527, 293, 140, 145, true, true
8929624, 252124, 8527, 292, 139, 145, true, true
8942700, 252641, 8532, 297, 140, 144, true, true
8959693, 253316, 8537, 302, 141, 143, true, true
8980488, 254163, 8537, 301, 140, 144, true, true
8991551, 254575, 8537, 300, 139, 145, true, true
9013328, 255445, 8538, 301, 140, 143, true, true
9015603, 255525, 8540, 303, 141, 142, true, true
9020376, 255737, 8540, 302, 140, 142, true, true
9024102, 255862, 8540, 301, 140, 143, true, true
9026992, 255974, 8544, 305, 141, 139, true, true
9057357, 257066, 8544, 304, 140, 139, true, true
9059447, 257152, 8545, 305, 141, 137, true, true
9152502, 260770, 8545, 304, 140, 141, true, true
9154529, 260833, 8547, 304, 141, 139, true, true
9225072, 263586, 8547, 303, 140, 142, true, true
9248071, 264472, 8547, 302, 139, 143, true, true
9278272, 265702, 8547, 301, 139, 145, true, true
9322538, 267501, 8547, 299, 139, 146, true, true
9324115, 267561, 8547, 298, 138, 146, true, true
9331006, 267836, 8548, 299, 139, 145, true, true
9360959, 269010, 8548, 298, 138, 145, true, true
9367508, 269286, 8548, 296, 137, 146, true, true
9375266, 269584, 8549, 297, 138, 144, true, true
9396354, 270426, 8549, 296, 137, 145, true, true
9412475, 271046, 8550, 297, 138, 143, true, true
9415370, 271173, 8551, 298, 139, 141, true, true
9447425, 272393, 8553, 300, 140, 140, true, true
9456239, 272738, 8553, 299, 139, 140, true, true
9461162, 272929, 8553, 297, 138, 140, true, true
9462078, 272964, 8553, 294, 138, 140, true, true
9481316, 273732, 8554, 295, 139, 139, true, true
9501580, 274539, 8555, 295, 140, 137, true, true
9505582, 274705, 8555, 294, 139, 137, true, true
9530646, 275708, 8556, 295, 140, 131, true, true
9532365, 275773, 8557, 296, 141, 130, true, true
9549610, 276425, 8557, 295, 140, 131, true, true
9555447, 276633, 8557, 294, 139, 131, true, true
9592052, 277883, 8557, 292, 138, 133, true, true
9594630, 278002, 8559, 294, 139, 132, true, true
9613829, 278709, 8559, 289, 138, 134, true, true
9654106, 280179, 8559, 287, 137, 134, true, true
9663159, 280516, 8560, 288, 138, 132, true, true
9669732, 280797, 8560, 287, 137, 132, true, true
9673171, 280924, 8561, 287, 138, 129, true, true
9688753, 281501, 8562, 288, 139, 128, true, true
9698007, 281846, 8562, 287, 138, 128, true, true
9718528, 282598, 8562, 286, 137, 128, true, true
9745356, 283542, 8562, 285, 136, 129, true, true
9775538, 284724, 8564, 287, 137, 129, true, true
9784494, 285068, 8564, 286, 136, 129, true, true
9905839, 289569, 8565, 287, 137, 133, true, true
9940208, 290804, 8565, 286, 136, 134, true, true
9948707, 291139, 8566, 271, 136, 133, true, true
9948994, 291149, 8567, 272, 137, 132, true, true
9964454, 291697, 8572, 271, 138, 131, true, true
10008430, 293290, 8573, 272, 139, 131, true, true
10019013, 293718, 8574, 273, 140, 130, true, true
10043810, 294628, 8582, 281, 141, 130, true, true
10048977, 294835, 8583, 282, 142, 129, true, true
10079754, 295954, 8584, 282, 142, 125, true, true
10131161, 297799, 8584, 281, 141, 125, true, true
10148771, 298430, 8586, 283, 142, 124, true, true
10206658, 300534, 8586, 282, 141, 126, true, true
10207716, 300576, 8590, 286, 142, 125, true, true
10227552, 301304, 8590, 285, 141, 125, true, true
10248996, 302116, 8590, 284, 141, 126, true, true
10269301, 302915, 8590, 283, 140, 127, true, true
10269678, 302931, 8591, 284, 141, 124, true, true
10270385, 302955, 8591, 283, 140, 124, true, true
10273120, 303055, 8592, 284, 141, 122, true, true
10292118, 303784, 8594, 286, 142, 119, true, true
10325554, 305028, 8595, 286, 143, 116, true, true
10347853, 305786, 8595, 285, 142, 117, true, true
10400473, 307803, 8596, 286, 143, 116, true, true
10435227, 309062, 8596, 282, 142, 117, true, true
10469284, 310249, 8597, 283, 143, 115, true, true
10498494, 311411, 8598, 283, 144, 114, true, true
10562874, 313780, 8598, 281, 143, 114, true, true
10579765, 314395, 8599, 282, 144, 113, true, true
10583610, 314545, 8600, 283, 145, 110, true, true
10725968, 319902, 8600, 282, 144, 120, true, true
10736317, 320323, 8601, 283, 145, 119, true, true
10798576, 322756, 8602, 284, 146, 121, true, true
10805849, 323063, 8609, 288, 147, 120, true, true
10816692, 323507, 8609, 287, 146, 121, true, true
10840106, 324423, 8609, 285, 145, 122, true, true
10860724, 325196, 8609, 284, 144, 122, true, true
10886697, 326187, 8611, 286, 145, 122, true, true
10890565, 326331, 8614, 289, 146, 119, true, true
10917271, 327346, 8615, 282, 145, 119, true, true
10920454, 327470, 8616, 283, 146, 115, true, true
10936495, 328064, 8617, 284, 147, 115, true, true
11004128, 330631, 8618, 285, 148, 114, true, true
11011646, 330925, 8619, 286, 149, 111, true, true
11099780, 334308, 8619, 285, 148, 117, true, true
11130310, 335506, 8619, 284, 148, 117, true, true
11148324, 336132, 8620, 285, 149, 113, true, true
11238049, 339531, 8621, 286, 150, 113, true, true
11276796, 340990, 8621, 285, 149, 114, true, true
11294823, 341676, 8622, 286, 150, 114, true, true
11297430, 341782, 8623, 286, 150, 111, true, true
11325659, 342916, 8626, 289, 151, 107, true, true
11354453, 344062, 8626, 287, 149, 109, true, true
11355843, 344111, 8626, 286, 148, 109, true, true
11380400, 345053, 8626, 285, 147, 109, true, true
11483881, 349044, 8626, 284, 146, 113, true, true
11492790, 349400, 8626, 282, 145, 114, true, true
11495387, 349499, 8626, 281, 144, 114, true, true
11504302, 349843, 8627, 282, 145, 112, true, true
11544880, 351346, 8628, 283, 146, 111, true, true
11640223, 355213, 8628, 282, 145, 112, true, true
11642692, 355277, 8685, 339, 146, 112, true, true
11701135, 357634, 8686, 340, 147, 114, true, true
11735648, 358993, 8686, 339, 146, 114, true, true
11780829, 360753, 8686, 338, 145, 117, true, true
11842888, 363217, 8686, 337, 144, 117, true, true
11889227, 365134, 8686, 336, 143, 118, true, true
11974169, 368472, 8686, 335, 142, 120, true, true
12001622, 369560, 8687, 336, 143, 116, true, true
12009746, 369909, 8687, 335, 142, 118, true, true
12039642, 371123, 8688, 336, 143, 118, true, true
12073358, 372533, 8689, 337, 144, 119, true, true
12101098, 373676, 8689, 336, 143, 119, true, true
12116227, 374287, 8690, 337, 144, 118, true, true
12179259, 376743, 8690, 336, 143, 120, true, true
12213288, 377962, 8693, 339, 144, 119, true, true
12228067, 378557, 8693, 338, 143, 119, true, true
12235883, 378868, 8693, 336, 142, 119, true, true
12264340, 379961, 8693, 335, 141, 120, true, true
12300038, 381360, 8694, 336, 142, 118, true, true
12330484, 382531, 8695, 337, 143, 116, true, true
12333956, 382672, 8695, 334, 142, 116, true, true
12336462, 382777, 8695, 327, 141, 116, true, true
12340930, 382917, 8695, 326, 140, 116, true, true
12377388, 384311, 8695, 325, 139, 117, true, true
12389875, 384810, 8695, 324, 138, 118, true, true
12402211, 385291, 8695, 323, 137, 118, true, true
12436685, 386602, 8698, 326, 138, 120, true, true
12492679, 388739, 8700, 326, 138, 121, true, true
12493792, 388785, 8700, 325, 137, 121, true, true
12508247, 389346, 8700, 324, 136, 121, true, true
12511971, 389478, 8700, 321, 135, 121, true, true
12561080, 391361, 8700, 320, 134, 122, true, true
12570038, 391716, 8700, 317, 133, 122, true, true
12607761, 393146, 8700, 316, 132, 123, true, true
12615907, 393471, 8700, 314, 131, 123, true, true
12618031, 393540, 8700, 313, 130, 123, true, true
12654866, 394919, 8700, 311, 129, 123, true, true
12700868, 396690, 8700, 310, 128, 124, true, true
12764810, 399143, 8700, 309, 127, 127, true, true
12771774, 399376, 8702, 311, 128, 125, true, true
12858070, 402611, 8702, 307, 127, 126, true, true
12866627, 402941, 8702, 306, 126, 127, true, true
12876692, 403338, 8702, 305, 125, 127, true, true
12922693, 405084, 8702, 303, 124, 128, true, true
12999457, 407963, 8702, 302, 123, 132, true, true
13057533, 410271, 8702, 300, 122, 133, true, true
13098513, 411947, 8703, 301, 123, 132, true, true
13177479, 415128, 8705, 303, 124, 131, true, true
13181897, 415325, 8707, 305, 125, 130, true, true
13211210, 416491, 8707, 303, 124, 130, true, true
13363613, 422578, 8707, 301, 123, 133, true, true
13387392, 423471, 8710, 304, 124, 127, true, true
13461833, 426472, 8710, 303, 123, 128, true, true
13486911, 427526, 8711, 304, 124, 127, true, true
13495522, 427844, 8711, 303, 123, 127, true, true
13536701, 429447, 8712, 304, 124, 127, true, true
13568443, 430750, 8712, 303, 123, 127, true, true
13604544, 432194, 8713, 303, 124, 126, true, true
13709968, 436478, 8715, 305, 125, 126, true, true
13720481, 436824, 8715, 304, 124, 126, true, true
13739520, 437576, 8715, 303, 123, 126, true, true
13793509, 439672, 8715, 302, 122, 129, true, true
13913371, 444528, 8715, 301, 121, 132, true, true
14039143, 449673, 8716, 302, 122, 130, true, true
14044650, 449845, 8716, 301, 121, 130, true, true
14155009, 454420, 8716, 300, 120, 135, true, true
14162185, 454741, 8722, 303, 120, 133, true, true
14199350, 456282, 8722, 302, 120, 133, true, true
14320462, 461365, 8722, 301, 119, 137, true, true
14349578, 462590, 8722, 300, 118, 137, true, true
14449869, 466667, 8723, 300, 119, 137, true, true
14591947, 472473, 8723, 299, 118, 144, true, true
14641566, 474638, 8726, 302, 119, 142, true, true
14689453, 476777, 8727, 303, 120, 141, true, true
14837864, 482925, 8727, 302, 119, 143, true, true
14862149, 483950, 8727, 300, 117, 145, true, true
14908558, 485893, 8727, 299, 116, 146, true, true
14913740, 486105, 8727, 298, 115, 146, true, true
14941528, 487174, 8727, 297, 114, 146, true, true
14988839, 489167, 8728, 298, 115, 146, true, true
15013675, 490180, 8728, 285, 114, 146, true, true
15085775, 493283, 8729, 284, 115, 147, true, true
15134806, 495386, 8730, 282, 116, 146, true, true
15207750, 498560, 8731, 283, 117, 145, true, true
15248203, 500328, 8731, 282, 116, 145, true, true
15283497, 501874, 8731, 280, 115, 145, true, true
15308659, 502973, 8732, 281, 116, 142, true, true
15376951, 505911, 8733, 282, 117, 141, true, true
15386684, 506303, 8734, 283, 118, 140, true, true
15404314, 507146, 8734, 282, 117, 140, true, true
15443480, 508843, 8737, 285, 118, 138, true, true
15508122, 511697, 8738, 286, 119, 138, true, true
15581629, 514962, 8739, 287, 120, 140, true, true
15590290, 515326, 8742, 290, 121, 138, true, true
15653153, 518053, 8742, 289, 120, 138, true, true
15780690, 523566, 8742, 288, 119, 139, true, true
15834792, 525962, 8742, 287, 118, 143, true, true
15848187, 526495, 8743, 288, 119, 142, true, true
15849033, 526528, 8744, 289, 120, 140, true, true
15873381, 527585, 8745, 290, 121, 139, true, true
15957621, 531166, 8747, 292, 122, 136, true, true
15957948, 531182, 8748, 293, 123, 135, true, true
16001131, 533040, 8748, 292, 122, 136, true, true
16081182, 536705, 8748, 291, 121, 138, true, true
16156605, 540090, 8748, 290, 120, 140, true, true
16181994, 541209, 8748, 287, 119, 140, true, true
16191713, 541685, 8748, 286, 118, 140, true, true
16211465, 542608, 8752, 290, 119, 139, true, true
16300590, 546789, 8752, 289, 119, 141, true, true
16393636, 551340, 8759, 296, 120, 145, true, true
16406963, 551950, 8760, 297, 121, 142, true, true
16439529, 553481, 8761, 298, 122, 141, true, true
16467331, 554781, 8762, 299, 123, 139, true, true
16496347, 556158, 8765, 302, 124, 136, true, true
16693479, 565521, 8766, 303, 125, 139, true, true
16698317, 565751, 8766, 297, 124, 139, true, true
16736962, 567740, 8766, 296, 123, 139, true, true
16737198, 567760, 8766, 295, 122, 139, true, true
16739704, 567854, 8766, 294, 121, 139, true, true
16763905, 568991, 8766, 293, 120, 141, true, true
16770636, 569298, 8766, 290, 119, 141, true, true
16774371, 569439, 8766, 287, 118, 141, true, true
16795035, 570437, 8766, 286, 117, 142, true, true
16804518, 570937, 8767, 287, 118, 141, true, true
16831798, 572302, 8768, 288, 119, 139, true, true
16888840, 574897, 8768, 287, 118, 140, true, true
16907106, 575779, 8768, 286, 118, 140, true, true
17095725, 584726, 8769, 287, 119, 144, true, true
17186001, 588906, 8770, 287, 119, 144, true, true
17371967, 597816, 8771, 288, 120, 151, true, true
17500099, 603963, 8772, 289, 121, 150, true, true
17514398, 604715, 8773, 290, 122, 149, true, true
17556635, 606795, 8773, 289, 121, 149, true, true
17630656, 610676, 8773, 288, 120, 151, true, true
17632834, 610794, 8774, 289, 121, 148, true, true
17714090, 614961, 8775, 290, 122, 145, true, true
17768050, 617574, 8776, 291, 123, 145, true, true
17780715, 618235, 8776, 290, 122, 145, true, true
17912495, 624940, 8776, 286, 121, 147, true, true
17996818, 629219, 8778, 288, 122, 146, true, true
18001680, 629455, 8778, 287, 121, 146, true, true
18025048, 630620, 8779, 288, 122, 145, true, true
18074891, 633189, 8781, 290, 123, 145, true, true
18106186, 634850, 8782, 290, 124, 142, true, true
18171013, 638202, 8784, 292, 125, 140, true, true
18175208, 638418, 8784, 291, 124, 140, true, true
18178640, 638554, 8784, 290, 123, 140, true, true
18182645, 638747, 8785, 291, 124, 137, true, true
18187990, 639017, 8786, 292, 125, 135, true, true
18201948, 639724, 8786, 291, 124, 135, true, true
18203301, 639784, 8787, 292, 125, 134, true, true
18244843, 641722, 8787, 290, 124, 134, true, true
18290478, 643924, 8788, 291, 125, 133, true, true
18319503, 645189, 8789, 292, 126, 135, true, true
18352956, 646870, 8789, 291, 125, 135, true, true
18430956, 650553, 8789, 290, 124, 136, true, true
18446946, 651343, 8794, 286, 124, 133, true, true
18450212, 651497, 8794, 281, 123, 133, true, true
18458351, 651884, 8794, 280, 122, 133, true, true
18492772, 653587, 8794, 279, 121, 134, true, true
18523177, 655032, 8795, 280, 122, 134, true, true
18607408, 659091, 8796, 281, 123, 133, true, true
18692331, 663056, 8797, 282, 124, 134, true, true
18712505, 664043, 8797, 281, 124, 135, true, true
18720732, 664392, 8797, 280, 123, 135, true, true
18722784, 664511, 8798, 281, 124, 133, true, true
18745134, 665576, 8799, 282, 125, 133, true, true
18759992, 666325, 8799, 281, 124, 133, true, true
18881898, 672000, 8799, 280, 123, 133, true, true
18909683, 673282, 8799, 279, 122, 133, true, true
18912393, 673430, 8799, 278, 121, 134, true, true
18956049, 675512, 8800, 279, 122, 133, true, true
19066567, 680746, 8801, 280, 123, 135, true, true
19101472, 682383, 8801, 279, 122, 135, true, true
19145707, 684549, 8803, 281, 123, 130, true, true
19180053, 686171, 8805, 283, 124, 129, true, true
19366666, 694825, 8806, 284, 125, 130, true, true
19376422, 695292, 8806, 283, 124, 130, true, true
19400252, 696397, 8806, 282, 124, 130, true, true
19428261, 697677, 8807, 281, 124, 128, true, true
19438611, 698120, 8808, 282, 125, 125, true, true
19466799, 699416, 8809, 281, 125, 125, true, true
19483670, 700213, 8817, 289, 126, 124, true, true
19662601, 708573, 8819, 291, 127, 126, true, true
19702818, 710498, 8820, 292, 128, 126, true, true
19709143, 710795, 8821, 293, 129, 125, true, true
19723481, 711446, 8821, 291, 129, 125, true, true
19766583, 713453, 8821, 289, 128, 125, true, true
19798807, 714937, 8822, 290, 129, 124, true, true
19898806, 719602, 8823, 291, 130, 124, true, true
19898909, 719606, 8823, 289, 129, 124, true, true
19926029, 720781, 8823, 288, 128, 126, true, true
19927576, 720857, 8824, 289, 129, 124, true, true
20020374, 725043, 8824, 288, 128, 126, true, true
20128172, 730012, 8824, 287, 127, 126, true, true
20175248, 732122, 8824, 286, 126, 126, true, true
20286230, 737265, 8826, 288, 127, 123, true, true
20291374, 737518, 8826, 287, 126, 124, true, true
20327851, 739230, 8826, 286, 125, 124, true, true
20337289, 739625, 8826, 285, 124, 124, true, true
20346774, 740099, 8832, 291, 125, 123, true, true
20403612, 742675, 8843, 297, 126, 125, true, true
20418661, 743353, 8843, 296, 125, 125, true, true
20433019, 744038, 8844, 297, 126, 118, true, true
20453451, 744913, 8844, 294, 125, 118, true, true
20483336, 746321, 8844, 293, 124, 118, true, true
20588107, 751016, 8847, 294, 124, 118, true, true
20604922, 751735, 8848, 295, 125, 117, true, true
20786084, 759868, 8848, 294, 124, 118, true, true
20881941, 764251, 8848, 293, 123, 119, true, true
20918906, 765918, 8849, 294, 124, 117, true, true
21043255, 771806, 8850, 295, 125, 119, true, true
21044318, 771847, 8850, 294, 124, 119, true, true
21088124, 773892, 8852, 296, 125, 118, true, true
21103175, 774564, 8852, 295, 124, 118, true, true
21136312, 776105, 8853, 296, 125, 119, true, true
21138414, 776211, 8853, 290, 125, 119, true, true
21202979, 779102, 8853, 289, 124, 120, true, true
21335118, 785308, 8854, 290, 125, 120, true, true
21492532, 792470, 8854, 289, 124, 125, true, true
21504324, 793057, 8855, 290, 125, 124, true, true
21523684, 793969, 8855, 289, 124, 124, true, true
21534929, 794506, 8856, 290, 125, 121, true, true
21541588, 794800, 8857, 291, 126, 116, true, true
21566625, 795993, 8858, 292, 127, 115, true, true
21609301, 798069, 8858, 291, 126, 115, true, true
21759366, 804853, 8859, 292, 127, 114, true, true
21765548, 805166, 8859, 290, 126, 114, true, true
21770050, 805380, 8861, 292, 127, 113, true, true
21876198, 810273, 8861, 291, 126, 121, true, true
21979256, 815044, 8862, 292, 127, 118, true, true
21992221, 815639, 8862, 291, 126, 119, true, true
22066422, 819040, 8863, 292, 127, 119, true, true
22190937, 824969, 8863, 291, 126, 119, true, true
22360283, 832816, 8863, 290, 125, 126, true, true
22407211, 835099, 8863, 288, 124, 126, true, true
22448587, 836996, 8863, 287, 123, 126, true, true
22824802, 854495, 8863, 286, 122, 131, true, true
22889520, 857499, 8863, 285, 121, 131, true, true
22946270, 860247, 8863, 281, 120, 133, true, true
22949452, 860358, 8863, 280, 119, 133, true, true
23006537, 862981, 8864, 281, 120, 133, true, true
23024329, 863833, 8865, 282, 121, 132, true, true
23277461, 875839, 8865, 281, 120, 136, true, true
23301906, 876970, 8865, 279, 119, 136, true, true
23328904, 878246, 8865, 277, 117, 136, true, true
23368958, 880132, 8866, 278, 118, 135, true, true
23378140, 880566, 8866, 277, 117, 135, true, true
23423600, 882702, 8866, 276, 116, 136, true, true
23559520, 888828, 8866, 274, 115, 137, true, true
23563703, 889030, 8866, 273, 114, 137, true, true
23662201, 893749, 8866, 272, 113, 141, true, true
23860071, 902635, 8866, 269, 112, 145, true, true
23885264, 903764, 8866, 268, 112, 145, true, true
23949200, 906766, 8867, 269, 113, 144, true, true
24128569, 915042, 8867, 268, 112, 150, true, true
24142152, 915664, 8872, 273, 113, 150, true, true
24195428, 918218, 8874, 275, 114, 147, true, true
24201532, 918504, 8875, 276, 115, 146, true, true
24392222, 927100, 8876, 277, 116, 146, true, true
24408178, 927826, 8877, 278, 117, 145, true, true
24478275, 930987, 8877, 276, 116, 145, true, true
24481264, 931134, 8877, 274, 115, 145, true, true
24556138, 934541, 8877, 273, 114, 147, true, true
24580515, 935674, 8877, 271, 113, 147, true, true
24593914, 936262, 8878, 272, 114, 144, true, true
24626956, 937746, 8879, 273, 115, 142, true, true
24692974, 940673, 8880, 274, 116, 139, true, true
24701533, 941089, 8881, 274, 116, 139, true, true
24722800, 942038, 8881, 273, 115, 139, true, true
24818566, 946264, 8881, 270, 114, 142, true, true
24974867, 953065, 8883, 267, 115, 143, true, true
25065642, 957040, 8883, 264, 114, 143, true, true
25212918, 963460, 8883, 263, 114, 143, true, true
25286090, 966635, 8883, 262, 113, 144, true, true
25305972, 967526, 8884, 263, 114, 142, true, true
25399718, 971676, 8886, 265, 115, 142, true, true
25517647, 976837, 8888, 266, 115, 136, true, true
25632789, 981942, 8888, 265, 114, 136, true, true
25636005, 982086, 8888, 264, 113, 136, true, true
25933829, 995112, 8889, 265, 114, 135, true, true
26359783, 1014267, 8889, 263, 113, 137, true, true
26451684, 1018476, 8890, 264, 114, 137, true, true
26475284, 1019531, 8890, 263, 113, 138, true, true
26494018, 1020367, 8891, 264, 114, 139, true, true
26506374, 1020949, 8891, 263, 113, 139, true, true
26531916, 1022089, 8891, 250, 113, 139, true, true
26615994, 1025729, 8893, 252, 114, 138, true, true
26660127, 1027687, 8893, 250, 113, 138, true, true
26693776, 1029191, 8893, 249, 112, 138, true, true
26752747, 1031791, 8893, 248, 111, 139, true, true
26882802, 1037547, 8893, 247, 110, 142, true, true
26986861, 1042185, 8894, 248, 111, 140, true, true
27116873, 1047821, 8895, 246, 112, 140, true, true
27141956, 1048831, 8897, 248, 113, 139, true, true
27173051, 1050118, 8898, 249, 114, 138, true, true
27198659, 1051247, 8910, 254, 115, 137, true, true
27222781, 1052176, 8910, 253, 114, 137, true, true
27346764, 1057375, 8910, 252, 114, 140, true, true
27397887, 1059505, 8910, 251, 113, 141, true, true
27450682, 1061655, 8910, 250, 112, 141, true, true
27485590, 1063091, 8912, 251, 113, 139, true, true
27557742, 1066118, 8912, 250, 113, 140, true, true
27604661, 1068126, 8913, 251, 114, 139, true, true
27759768, 1074680, 8913, 250, 113, 140, true, true
27824587, 1077329, 8913, 249, 112, 140, true, true
27941174, 1082205, 8913, 248, 112, 140, true, true
28062587, 1087240, 8913, 247, 111, 143, true, true
28178776, 1092138, 8914, 248, 112, 144, true, true
28179347, 1092166, 8915, 248, 112, 143, true, true
28223216, 1093954, 8915, 247, 111, 144, true, true
28269385, 1095781, 8915, 246, 110, 146, true, true
28411356, 1101660, 8916, 247, 111, 145, true, true
28430531, 1102441, 8916, 246, 110, 145, true, true
28441884, 1102953, 8917, 247, 111, 143, true, true
28481171, 1104486, 8917, 246, 110, 144, true, true
28562339, 1107868, 8922, 251, 111, 144, true, true
28572679, 1108295, 8923, 252, 112, 142, true, true
28595286, 1109200, 8923, 251, 111, 142, true, true
28652709, 1111625, 8923, 250, 110, 142, true, true
28830974, 1118842, 8923, 248, 109, 142, true, true
28874252, 1120628, 8925, 250, 110, 138, true, true
28903614, 1121836, 8925, 249, 109, 138, true, true
29067227, 1128595, 8926, 250, 110, 135, true, true
29241431, 1135739, 8927, 251, 111, 134, true, true
29255926, 1136331, 8928, 252, 112, 133, true, true
29334527, 1139601, 8928, 244, 112, 134, true, true
29518459, 1147421, 8928, 241, 111, 136, true, true
29555064, 1148926, 8931, 244, 112, 131, true, true
29619789, 1151614, 8931, 243, 111, 132, true, true
29621229, 1151681, 8941, 253, 112, 130, true, true
29638086, 1152389, 8942, 254, 113, 127, true, true
29740361, 1156703, 8943, 255, 114, 128, true, true
29745172, 1156916, 8943, 211, 113, 128, true, true
29937185, 1165059, 8943, 210, 112, 130, true, true
29946526, 1165447, 8944, 211, 113, 129, true, true
30112716, 1172353, 8945, 212, 114, 130, true, true
30138537, 1173411, 8945, 211, 113, 130, true, true
30234088, 1177450, 8945, 209, 112, 131, true, true
30365683, 1182925, 8945, 208, 111, 132, true, true
30406843, 1184629, 8945, 206, 110, 132, true, true
30452630, 1186453, 8946, 207, 111, 131, true, true
30472552, 1187292, 8947, 208, 112, 130, true, true
30589044, 1192058, 8948, 208, 112, 132, true, true
30660879, 1195008, 8949, 209, 113, 130, true, true
30811166, 1201142, 8949, 208, 112, 131, true, true
30921181, 1205565, 8950, 199, 112, 131, true, true
31212953, 1217460, 8951, 200, 113, 133, true, true
31358084, 1223279, 8951, 193, 112, 135, true, true
31554642, 1231343, 8951, 192, 111, 138, true, true
31806206, 1241707, 8951, 191, 110, 140, true, true
31871175, 1244345, 8951, 183, 110, 141, true, true
31880364, 1244691, 8951, 182, 109, 141, true, true
32127534, 1254739, 8952, 183, 110, 140, true, true
32146964, 1255485, 8957, 188, 111, 138, true, true
32175961, 1256698, 8957, 186, 110, 138, true, true
32340861, 1263407, 8958, 187, 111, 139, true, true
32405850, 1265961, 8959, 188, 112, 137, true, true
32938158, 1287949, 8960, 189, 113, 144, true, true
33214564, 1299655, 8963, 192, 114, 141, true, true
33326368, 1304418, 8963, 191, 113, 144, true, true
33386093, 1307010, 8963, 190, 112, 145, true, true
33449112, 1309669, 8963, 189, 111, 145, true, true
33455829, 1309978, 8963, 188, 110, 145, true, true
33815200, 1325691, 8964, 189, 111, 144, true, true
33833886, 1326399, 8966, 191, 112, 145, true, true
33880315, 1328519, 8966, 190, 111, 145, true, true
34284884, 1346633, 8967, 191, 112, 144, true, true
34348692, 1349523, 8969, 193, 113, 141, true, true
34538985, 1358012, 8969, 192, 112, 144, true, true
34598985, 1360609, 8971, 194, 113, 141, true, true
34608759, 1361045, 8972, 195, 114, 139, true, true
34609303, 1361074, 8972, 193, 113, 139, true, true
34867803, 1372420, 8972, 192, 112, 139, true, true
34884918, 1373213, 8973, 193, 113, 138, true, true
35609461, 1405506, 8974, 194, 114, 141, true, true
35731096, 1411098, 8975, 195, 115, 134, true, true
35761691, 1412431, 8977, 197, 116, 133, true, true
35850521, 1416355, 8977, 196, 115, 135, true, true
35910499, 1418926, 8977, 195, 114, 136, true, true
35913881, 1419092, 8978, 196, 115, 134, true, true
36284155, 1435873, 8979, 197, 116, 130, true, true
36395069, 1440956, 8979, 196, 115, 130, true, true
36435432, 1442864, 8979, 195, 114, 130, true, true
36458878, 1443943, 8980, 196, 115, 128, true, true
36464695, 1444217, 8980, 195, 114, 128, true, true
36941413, 1466035, 8980, 193, 113, 130, true, true
37030070, 1470113, 8981, 194, 114, 131, true, true
37282077, 1481721, 8981, 191, 113, 132, true, true
37330747, 1483976, 8982, 192, 114, 132, true, true
37567130, 1495212, 8983, 193, 115, 132, true, true
37832413, 1507857, 8983, 192, 114, 134, true, true
38204131, 1525812, 8983, 191, 113, 134, true, true
38348157, 1532698, 8983, 190, 112, 135, true, true
38412298, 1535788, 8984, 191, 113, 132, true, true
38514546, 1540642, 8984, 190, 112, 133, true, true
38701262, 1549399, 8984, 189, 111, 134, true, true
38773127, 1552873, 8985, 190, 112, 132, true, true
39022041, 1564729, 8986, 191, 113, 133, true, true
39127122, 1569538, 8986, 190, 112, 134, true, true
39173344, 1571576, 8986, 188, 111, 134, true, true
39429694, 1583493, 8986, 187, 110, 135, true, true
39434354, 1583724, 8986, 184, 109, 135, true, true
39682182, 1595358, 8986, 183, 108, 139, true, true
39745574, 1598398, 8986, 182, 107, 140, true, true
39789285, 1600467, 8987, 183, 108, 138, true, true
39832192, 1602478, 8987, 182, 107, 138, true, true
40097376, 1614941, 8988, 183, 108, 137, true, true
40110113, 1615585, 8988, 182, 107, 137, true, true
40122327, 1616185, 8988, 181, 106, 137, true, true
40196601, 1619618, 8989, 182, 107, 136, true, true
40202553, 1619867, 8989, 180, 106, 136, true, true
40216844, 1620531, 8989, 179, 105, 136, true, true
40402605, 1629310, 8989, 178, 104, 138, true, true
40438822, 1630943, 8990, 178, 105, 137, true, true
40845474, 1649971, 8991, 177, 105, 133, true, true
40860010, 1650687, 8992, 178, 106, 126, true, true
40876789, 1651508, 8994, 179, 106, 125, true, true
40882135, 1651751, 8994, 178, 105, 125, true, true
41024113, 1658301, 8994, 177, 104, 126, true, true
41100271, 1661885, 8995, 178, 105, 126, true, true
41171746, 1665000, 8996, 179, 106, 126, true, true
41566189, 1683172, 8997, 180, 107, 125, true, true
41669213, 1687731, 8997, 179, 106, 125, true, true
42313636, 1716474, 9000, 175, 106, 125, true, true
42449444, 1722588, 9000, 174, 105, 126, true, true
42834736, 1740436, 9001, 175, 106, 128, true, true
42896120, 1743217, 9003, 177, 107, 128, true, true
43351118, 1763576, 9004, 178, 108, 129, true, true
43805895, 1784721, 9005, 179, 109, 128, true, true
43834315, 1785969, 9006, 180, 110, 127, true, true
43843689, 1786412, 9006, 179, 109, 127, true, true
43866225, 1787435, 9006, 178, 108, 127, true, true
43928706, 1790267, 9007, 179, 109, 125, true, true
43959955, 1791755, 9008, 180, 110, 121, true, true
44123435, 1799222, 9009, 179, 110, 123, true, true
44236188, 1804435, 9010, 180, 111, 121, true, true
44529949, 1817754, 9011, 181, 112, 120, true, true
44747265, 1827765, 9012, 182, 113, 119, true, true
44749040, 1827844, 9012, 180, 112, 119, true, true
44793234, 1829750, 9013, 181, 113, 118, true, true
44804108, 1830238, 9013, 180, 112, 118, true, true
45567285, 1865191, 9015, 182, 113, 119, true, true
45838051, 1877817, 9015, 181, 113, 119, true, true
45917352, 1881447, 9017, 183, 114, 117, true, true
46023341, 1886420, 9017, 182, 113, 117, true, true
46038874, 1887133, 9017, 181, 112, 117, true, true
46135635, 1891663, 9019, 183, 113, 115, true, true
46312567, 1899894, 9021, 185, 114, 113, true, true
46334753, 1900945, 9022, 186, 115, 112, true, true
47010589, 1932257, 9022, 185, 114, 117, true, true
47046202, 1933940, 9023, 186, 115, 117, true, true
47069064, 1934986, 9023, 185, 114, 117, true, true
47124007, 1937541, 9023, 184, 113, 117, true, true
47436674, 1951950, 9023, 183, 112, 119, true, true
47443735, 1952291, 9023, 182, 111, 119, true, true
47601397, 1959611, 9023, 181, 110, 119, true, true
47619466, 1960459, 9023, 180, 110, 119, true, true
48407912, 1997437, 9024, 181, 111, 123, true, true
48619593, 2007213, 9025, 182, 112, 122, true, true
48773823, 2014318, 9025, 181, 111, 123, true, true
49110348, 2030122, 9027, 183, 112, 122, true, true
49311135, 2039611, 9028, 184, 113, 120, true, true
49378221, 2042790, 9028, 183, 112, 121, true, true
49789767, 2062038, 9028, 175, 111, 123, true, true
49799006, 2062468, 9030, 177, 112, 121, true, true
49924378, 2068421, 9030, 176, 111, 122, true, true
50326262, 2087174, 9030, 175, 110, 125, true, true
50527310, 2096509, 9030, 174, 109, 125, true, true
50613773, 2100593, 9030, 173, 108, 126, true, true
50678965, 2103649, 9030, 172, 107, 126, true, true
50776828, 2108245, 9030, 171, 106, 127, true, true
50803259, 2109496, 9031, 172, 107, 122, true, true
50968386, 2117271, 9033, 174, 108, 120, true, true
51154340, 2126029, 9034, 175, 109, 119, true, true
51485578, 2141737, 9036, 174, 109, 118, true, true
51779872, 2155335, 9036, 173, 108, 120, true, true
52011331, 2166317, 9036, 171, 107, 122, true, true
52162390, 2173419, 9037, 172, 108, 121, true, true
52165125, 2173570, 9037, 171, 107, 121, true, true
52277127, 2178859, 9037, 170, 106, 122, true, true
52385206, 2183931, 9038, 170, 106, 121, true, true
52431734, 2186209, 9038, 169, 105, 121, true, true
52476300, 2188317, 9043, 174, 106, 119, true, true
52524023, 2190595, 9044, 173, 106, 118, true, true
52659226, 2196951, 9044, 171, 105, 119, true, true
52709392, 2199255, 9045, 172, 106, 115, true, true
52749010, 2201160, 9046, 173, 107, 114, true, true
52907721, 2208790, 9054, 181, 108, 113, true, true
52949946, 2210645, 9055, 182, 109, 112, true, true
53481270, 2236641, 9055, 181, 108, 115, true, true
54094903, 2266676, 9055, 180, 107, 121, true, true
54337078, 2278418, 9056, 181, 108, 121, true, true
54454842, 2284218, 9056, 180, 107, 123, true, true
54609243, 2291756, 9062, 186, 108, 122, true, true
54668794, 2294755, 9063, 187, 109, 122, true, true
54744998, 2298553, 9064, 188, 110, 123, true, true
54883665, 2305227, 9064, 187, 109, 123, true, true
55140719, 2318088, 9064, 184, 108, 123, true, true
55246533, 2323529, 9064, 180, 106, 123, true, true
55385009, 2330477, 9068, 184, 107, 123, true, true
55633161, 2342705, 9069, 185, 108, 122, true, true
55711659, 2346657, 9069, 179, 107, 122, true, true
55752607, 2348703, 9071, 181, 108, 121, true, true
55799643, 2351145, 9071, 180, 107, 121, true, true
55899084, 2356134, 9073, 182, 108, 119, true, true
55980328, 2360035, 9073, 181, 107, 119, true, true
56322429, 2376851, 9074, 182, 108, 120, true, true
56438617, 2382561, 9075, 183, 109, 120, true, true
56439593, 2382602, 9075, 182, 108, 120, true, true
56554182, 2388255, 9075, 177, 107, 122, true, true
56790575, 2399691, 9076, 178, 108, 120, true, true
56886693, 2404378, 9076, 176, 107, 120, true, true
56920398, 2406045, 9077, 177, 108, 114, true, true
56969666, 2408462, 9077, 176, 107, 114, true, true
57073377, 2413482, 9078, 177, 108, 113, true, true
57345836, 2426594, 9079, 178, 109, 110, true, true
57402518, 2429325, 9079, 167, 108, 111, true, true
57420489, 2430216, 9081, 168, 109, 109, true, true
57622258, 2439891, 9083, 170, 110, 108, true, true
57635337, 2440538, 9084, 171, 111, 104, true, true
57923160, 2454115, 9085, 172, 112, 102, true, true
57960145, 2455918, 9085, 171, 111, 102, true, true
58198689, 2467277, 9089, 175, 112, 101, true, true
58379810, 2475743, 9089, 173, 111, 102, true, true
58597556, 2485945, 9091, 175, 112, 101, true, true
58861934, 2498255, 9091, 172, 111, 103, true, true
58873050, 2498819, 9092, 173, 112, 99, true, true
58922589, 2501140, 9092, 172, 111, 99, true, true
59375103, 2522419, 9092, 171, 110, 101, true, true
59383045, 2522804, 9094, 173, 111, 100, true, true
59557063, 2530945, 9096, 174, 111, 99, true, true
59648428, 2535365, 9096, 173, 110, 100, true, true
59896019, 2546989, 9096, 171, 110, 101, true, true
60061694, 2554941, 9096, 170, 109, 103, true, true
60101177, 2556863, 9096, 169, 108, 103, true, true
60130514, 2558328, 9098, 168, 108, 101, true, true
60155386, 2559499, 9099, 169, 109, 100, true, true
60263939, 2564467, 9100, 170, 110, 99, true, true
60366262, 2569231, 9101, 171, 111, 95, true, true
60440990, 2572768, 9101, 170, 110, 95, true, true
61047327, 2600287, 9101, 169, 109, 98, true, true
61121391, 2603654, 9101, 168, 108, 98, true, true
61237042, 2608951, 9101, 166, 107, 98, true, true
61491211, 2620569, 9101, 165, 107, 98, true, true
61841217, 2636026, 9101, 161, 106, 100, true, true
62009593, 2643660, 9101, 160, 105, 100, true, true
62044026, 2645306, 9101, 159, 104, 100, true, true
62184360, 2651693, 9102, 160, 105, 100, true, true
62702432, 2674872, 9106, 164, 106, 100, true, true
63456114, 2708961, 9107, 165, 107, 103, true, true
64289152, 2746933, 9107, 162, 106, 107, true, true
64371225, 2750770, 9108, 163, 107, 106, true, true
64867252, 2773925, 9109, 164, 108, 106, true, true
65213189, 2789775, 9111, 166, 109, 107, true, true
65891593, 2820808, 9112, 167, 110, 108, true, true
65998376, 2825749, 9112, 166, 109, 108, true, true
66124663, 2831458, 9112, 165, 108, 109, true, true
66153676, 2832780, 9113, 166, 109, 104, true, true
66711950, 2858178, 9113, 165, 108, 107, true, true
66753026, 2860123, 9113, 163, 108, 107, true, true
66886144, 2866166, 9113, 162, 107, 107, true, true
67064233, 2874361, 9113, 161, 106, 107, true, true
67490053, 2893797, 9113, 160, 105, 109, true, true
67541877, 2896202, 9113, 159, 104, 109, true, true
67586277, 2898275, 9119, 165, 105, 105, true, true
68039381, 2918815, 9119, 164, 104, 107, true, true
68370635, 2933903, 9120, 165, 105, 105, true, true
68476991, 2938847, 9122, 167, 106, 101, true, true
69092656, 2966888, 9122, 166, 105, 105, true, true
69157211, 2969793, 9124, 168, 106, 105, true, true
69264290, 2974457, 9125, 169, 107, 105, true, true
69872482, 3002067, 9126, 169, 108, 103, true, true
71172895, 3060895, 9126, 167, 107, 107, true, true
71277484, 3065509, 9126, 166, 106, 108, true, true
71288476, 3066002, 9126, 165, 105, 108, true, true
71333612, 3068009, 9127, 166, 106, 107, true, true
71987399, 3097387, 9127, 161, 105, 109, true, true
72624155, 3126278, 9129, 160, 104, 111, true, true
72718010, 3130520, 9130, 161, 105, 111, true, true
73392893, 3161068, 9131, 162, 106, 112, true, true
73545863, 3167799, 9133, 164, 107, 108, true, true
73959872, 3186512, 9134, 165, 108, 106, true, true
74048011, 3190516, 9135, 166, 109, 105, true, true
74137639, 3194559, 9135, 165, 108, 105, true, true
74724977, 3221097, 9135, 163, 107, 111, true, true
74733584, 3221494, 9135, 162, 106, 111, true, true
75425899, 3253590, 9135, 161, 105, 112, true, true
75473053, 3255810, 9137, 163, 106, 111, true, true
75931790, 3277088, 9138, 164, 107, 110, true, true
76434136, 3300948, 9138, 163, 106, 111, true, true
76685899, 3312892, 9139, 164, 107, 110, true, true
76824785, 3319369, 9139, 159, 106, 110, true, true
76931091, 3324307, 9141, 161, 107, 107, true, true
77346262, 3344080, 9141, 160, 106, 107, true, true
78052758, 3377285, 9142, 161, 107, 111, true, true
78284844, 3388250, 9142, 160, 106, 111, true, true
78709967, 3408259, 9143, 161, 107, 109, true, true
78996739, 3421539, 9145, 163, 108, 107, true, true
79434085, 3441952, 9148, 166, 109, 107, true, true
79645831, 3452001, 9148, 165, 108, 109, true, true
79777778, 3458148, 9148, 163, 107, 109, true, true
79991088, 3467886, 9153, 168, 108, 108, true, true
80306740, 3482462, 9154, 169, 109, 104, true, true
80503672, 3491402, 9154, 167, 108, 104, true, true
81128891, 3519905, 9155, 168, 109, 102, true, true
82596784, 3587180, 9156, 169, 110, 101, true, true
83046044, 3608468, 9156, 168, 109, 104, true, true
84068621, 3655365, 9156, 167, 108, 107, true, true
84745406, 3686740, 9156, 166, 107, 107, true, true
85050663, 3700852, 9156, 161, 106, 108, true, true
85153599, 3705650, 9159, 164, 107, 107, true, true
85658588, 3728625, 9159, 163, 106, 107, true, true
87624306, 3821246, 9160, 164, 107, 112, true, true
87881733, 3833382, 9161, 165, 108, 111, true, true
87906317, 3834552, 9165, 169, 109, 109, true, true
88171887, 3846854, 9167, 171, 110, 108, true, true
88509649, 3862591, 9168, 172, 111, 111, true, true
88615478, 3867703, 9168, 171, 110, 111, true, true
88781141, 3875536, 9169, 172, 111, 109, true, true
89386417, 3903782, 9173, 176, 112, 111, true, true
89851298, 3925722, 9173, 171, 110, 111, true, true
90179742, 3941515, 9174, 172, 111, 110, true, true
90635436, 3963475, 9175, 173, 112, 108, true, true
90639050, 3963618, 9176, 174, 113, 107, true, true
90816622, 3971969, 9176, 173, 112, 108, true, true
90983880, 3979651, 9176, 172, 111, 108, true, true
91797417, 4018259, 9177, 173, 112, 107, true, true
92867988, 4070967, 9177, 169, 111, 110, true, true
93130350, 4084828, 9178, 170, 112, 109, true, true
93149327, 4085794, 9183, 175, 113, 107, true, true
94198595, 4140885, 9183, 174, 112, 108, true, true
94739848, 4168571, 9184, 175, 113, 107, true, true
95463380, 4206327, 9184, 174, 112, 109, true, true
95577323, 4212379, 9185, 175, 113, 101, true, true
96978584, 4287385, 9185, 174, 112, 107, true, true
98209181, 4354485, 9185, 173, 111, 111, true, true
99415150, 4422898, 9185, 172, 110, 112, false, true
99731385, 4441014, 9185, 171, 109, 112, false, true
99745799, 4441883, 9185, 169, 108, 112, false, true
100041529, 4458701, 9185, 168, 107, 112, false, true
100044532, 4458893, 9185, 167, 106, 112, false, true
100711092, 4495964, 9185, 160, 104, 112, false, true
100922272, 4507694, 9185, 159, 103, 112, false, true
100947883, 4509227, 9185, 158, 102, 112, false, true
100961677, 4510120, 9187, 160, 103, 111, false, true
101244880, 4526105, 9188, 161, 104, 109, false, true
101619073, 4546993, 9188, 160, 103, 109, false, true
101743657, 4554054, 9189, 161, 104, 108, false, true
101986413, 4567550, 9189, 160, 103, 108, false, true
102004449, 4568499, 9189, 159, 102, 108, false, true
102077194, 4572587, 9189, 157, 101, 108, false, true
102251580, 4582296, 9189, 155, 100, 108, false, true
102473173, 4594540, 9189, 154, 99, 108, false, true
103292900, 4640297, 9189, 153, 98, 108, false, true
103497370, 4651884, 9189, 152, 98, 108, false, true
105036350, 4740012, 9190, 153, 99, 107, false, true
105139709, 4746171, 9190, 152, 98, 107, false, true
105419503, 4762477, 9192, 154, 99, 106, false, true
105615446, 4773945, 9193, 155, 100, 102, false, true
106438576, 4822420, 9193, 151, 99, 102, false, true
106513864, 4826796, 9195, 153, 100, 99, false, true
106721411, 4839192, 9196, 154, 101, 98, false, true
106974579, 4854055, 9196, 152, 100, 98, false, true
107777351, 4902416, 9196, 151, 99, 98, false, true
108282044, 4933372, 9197, 152, 100, 97, false, true
108399428, 4940456, 9198, 153, 101, 93, false, true
109349636, 4999505, 9198, 152, 100, 93, false, true
109641548, 5017760, 9199, 153, 101, 92, false, true
109754652, 5024923, 9199, 152, 100, 92, false, true
110276142, 5057591, 9199, 151, 99, 92, false, true
110416764, 5066718, 9200, 152, 100, 91, false, true
111065814, 5107356, 9201, 153, 101, 90, false, true
111098380, 5109340, 9204, 156, 102, 89, false, true
111922197, 5160946, 9205, 157, 103, 87, false, true
111962827, 5163524, 9205, 156, 103, 87, false, true
112073922, 5170321, 9210, 161, 104, 82, false, true
112160527, 5175503, 9211, 160, 104, 79, false, true
112160721, 5175514, 9211, 159, 103, 79, false, true
112641831, 5205563, 9211, 158, 102, 79, false, true
113387153, 5251836, 9211, 157, 101, 79, false, true
113655897, 5267057, 9212, 158, 102, 78, false, true
114202971, 5297087, 9212, 157, 101, 78, false, true
114937397, 5339859, 9212, 156, 100, 78, false, true
115087921, 5349449, 9213, 157, 101, 75, false, true
115599202, 5382294, 9214, 158, 102, 74, false, true
115799788, 5395062, 9215, 159, 103, 73, false, true
116112589, 5414943, 9216, 160, 104, 71, false, true
116133397, 5416244, 9216, 159, 103, 71, false, true
116314671, 5427615, 9216, 158, 102, 71, false, true
116381915, 5431745, 9217, 159, 103, 66, false, true
116512383, 5439581, 9217, 158, 102, 66, false, true
116635891, 5447205, 9217, 156, 101, 66, false, true
117203399, 5481933, 9217, 155, 100, 66, false, true
117559599, 5503743, 9217, 154, 99, 66, false, true
117885861, 5524145, 9217, 153, 99, 66, false, true
118233079, 5545495, 9218, 153, 99, 64, false, true
118438412, 5558496, 9219, 154, 100, 63, false, true
118443974, 5558831, 9219, 153, 99, 63, false, true
118648844, 5571148, 9219, 152, 98, 63, false, true
118849610, 5583330, 9219, 151, 97, 63, false, true
119344504, 5612613, 9221, 153, 98, 61, false, true
119358082, 5613362, 9222, 154, 99, 60, false, true
120145820, 5660719, 9223, 155, 100, 59, false, true
120270002, 5668136, 9223, 154, 99, 59, false, true
120413444, 5676726, 9223, 153, 98, 59, false, true
120753874, 5697016, 9223, 152, 97, 59, false, true
121180702, 5722421, 9223, 151, 96, 59, false, true
122170708, 5781398, 9224, 151, 97, 58, false, true
122497887, 5801325, 9225, 152, 98, 57, false, true
123063127, 5836336, 9226, 153, 99, 55, false, true
123796800, 5881215, 9228, 155, 100, 54, false, true
124072783, 5897917, 9228, 154, 99, 54, false, true
124080956, 5898409, 9228, 149, 98, 54, false, true
124190858, 5904989, 9229, 149, 98, 53, false, true
124760105, 5938836, 9229, 147, 96, 53, false, true
124912391, 5948137, 9229, 146, 95, 53, false, true
125807841, 6002191, 9229, 145, 94, 53, false, true
126869292, 6066097, 9229, 144, 93, 53, false, true
126999809, 6074047, 9229, 143, 92, 53, false, true
127466337, 6101903, 9229, 142, 91, 53, false, true
127881177, 6126634, 9230, 143, 92, 52, false, true
128108003, 6140122, 9232, 145, 93, 51, false, true
128383536, 6156872, 9236, 149, 94, 50, false, true
129163808, 6203283, 9238, 150, 95, 49, false, true
129319025, 6212628, 9239, 151, 96, 48, false, true
130063709, 6257262, 9240, 152, 97, 47, false, true
130667703, 6293472, 9241, 153, 98, 45, false, true
130772567, 6299750, 9243, 154, 98, 44, false, true
130943474, 6309613, 9244, 155, 99, 43, false, true
131228151, 6326527, 9244, 151, 98, 43, false, true
131602049, 6348475, 9244, 149, 97, 43, false, true
132123706, 6379014, 9244, 148, 96, 43, false, true
132573054, 6405544, 9245, 149, 97, 42, false, true
132611084, 6407786, 9245, 148, 96, 42, false, true
132864781, 6422786, 9245, 147, 95, 42, false, true
133593890, 6465390, 9245, 146, 94, 42, false, true
134275463, 6505831, 9246, 147, 95, 40, false, true
135360651, 6570171, 9247, 148, 96, 38, false, true
136060551, 6611543, 9247, 146, 95, 38, false, true
136627342, 6644919, 9248, 147, 96, 37, false, true
137377878, 6689552, 9248, 146, 95, 37, false, true
137464283, 6694755, 9250, 148, 96, 36, false, true
137885258, 6720338, 9250, 147, 95, 36, false, true
138033606, 6729116, 9252, 149, 96, 35, false, true
138145542, 6735676, 9254, 151, 97, 33, false, true
139047531, 6788983, 9254, 147, 96, 33, false, true
139385524, 6808808, 9256, 148, 96, 30, false, true
140848427, 6895074, 9257, 149, 97, 29, false, true
140867784, 6896224, 9258, 150, 98, 28, false, true
142536190, 6995722, 9259, 151, 99, 27, false, true
142766802, 7009837, 9259, 150, 98, 27, false, true
142787779, 7011083, 9260, 151, 99, 26, false, true
143594111, 7060105, 9260, 147, 98, 26, false, true
144490015, 7113203, 9260, 146, 97, 26, false, true
145930529, 7198145, 9260, 145, 97, 26, false, true
146084623, 7207334, 9260, 144, 96, 26, false, true
146085164, 7207367, 9261, 145, 97, 25, false, true
146153752, 7211227, 9261, 142, 96, 25, false, true
146370412, 7224189, 9261, 141, 95, 25, false, true
146899179, 7255406, 9261, 140, 94, 25, false, true
146915647, 7256340, 9261, 139, 93, 25, false, true
147718969, 7302445, 9262, 140, 94, 24, false, true
147775958, 7305665, 9263, 141, 95, 23, false, true
149393205, 7397848, 9263, 140, 94, 23, false, true
150806244, 7479913, 9268, 145, 95, 22, false, true
151049857, 7493906, 9268, 143, 94, 22, false, true
151968511, 7547474, 9270, 145, 95, 21, false, true
152320341, 7567718, 9271, 146, 96, 20, false, true
152617041, 7584644, 9272, 147, 97, 19, false, true
152733370, 7591207, 9272, 146, 96, 19, false, true
154601938, 7695559, 9274, 146, 96, 18, false, true
154925888, 7713981, 9276, 148, 97, 16, false, true
154959604, 7715847, 9277, 148, 98, 15, false, true
155254246, 7732600, 9277, 147, 97, 15, false, true
155698677, 7757915, 9277, 146, 96, 15, false, true
155870489, 7767740, 9277, 145, 95, 15, false, true
156219093, 7787248, 9278, 146, 96, 14, false, true
156275717, 7790323, 9281, 149, 97, 13, false, true
156310479, 7792296, 9281, 148, 96, 13, false, true
158054485, 7889223, 9281, 147, 95, 13, false, true
159988451, 7999140, 9282, 148, 96, 12, false, true
160205252, 8011740, 9283, 149, 97, 11, false, true
160225962, 8012864, 9283, 148, 96, 11, false, true
161305381, 8074018, 9284, 149, 97, 10, false, true
161532916, 8086705, 9285, 150, 98, 9, false, true
162026303, 8114655, 9286, 150, 99, 8, false, true
163135223, 8177723, 9286, 149, 98, 8, false, true
163176201, 8180136, 9287, 150, 99, 7, false, true
165669844, 8322780, 9287, 149, 98, 7, false, true
167316725, 8417982, 9288, 150, 99, 6, false, true
167641495, 8436229, 9289, 151, 100, 5, false, true
167772759, 8443720, 9289, 149, 99, 5, false, true
168247371, 8470764, 9290, 150, 100, 4, false, true
168537866, 8487082, 9291, 151, 101, 3, false, true
170163823, 8594471, 9291, 150, 100, 3, false, true
171037894, 8660312, 9292, 151, 101, 2, false, true
171172790, 8670625, 9294, 153, 102, 1, false, true
171733177, 8710540, 9294, 151, 101, 1, false, true
171756979, 8712199, 9294, 150, 100, 1, false, true
172122290, 8738879, 9295, 151, 101, 0, false, true
