time, #execs, #covered, #singletons, #sglt_clusts, #foundnew, done, update?
15, 1, 996, 996, 1, 1, true, true
16, 2, 1131, 499, 2, 2, true, true
18, 3, 1212, 460, 3, 3, true, true
18, 4, 1274, 472, 4, 4, true, true
19, 5, 1383, 565, 5, 5, true, true
21, 6, 1786, 694, 6, 6, true, true
21, 7, 1805, 693, 7, 7, true, true
22, 8, 1810, 698, 8, 6, true, true
23, 9, 1823, 709, 9, 7, true, true
23, 10, 1824, 706, 10, 8, true, true
24, 11, 1824, 705, 9, 10, true, true
25, 12, 1843, 677, 10, 11, true, true
32, 14, 2885, 1505, 11, 13, true, true
34, 15, 2927, 1501, 12, 14, true, true
35, 16, 2936, 1498, 13, 15, true, true
36, 17, 2940, 1488, 14, 16, true, true
38, 18, 2966, 1474, 15, 17, true, true
39, 19, 2973, 1405, 16, 18, true, true
40, 20, 2984, 1402, 17, 17, true, true
41, 21, 3067, 1222, 18, 18, true, true
42, 22, 3115, 1229, 19, 19, true, true
45, 23, 3119, 1220, 20, 20, true, true
47, 24, 3134, 1192, 21, 21, true, true
48, 25, 3141, 1185, 22, 21, true, true
50, 26, 3297, 1279, 23, 22, true, true
52, 28, 3309, 1282, 24, 23, true, true
53, 29, 3323, 1292, 25, 24, true, true
55, 30, 3325, 1289, 26, 24, true, true
57, 31, 3326, 1288, 27, 24, true, true
58, 32, 3338, 1247, 28, 24, true, true
60, 33, 3341, 1245, 28, 25, true, true
61, 34, 3359, 1256, 29, 26, true, true
63, 35, 3378, 1251, 30, 26, true, true
65, 36, 3380, 1251, 31, 27, true, true
97, 37, 3485, 1128, 30, 28, true, true
101, 38, 3486, 1129, 31, 27, true, true
103, 41, 3506, 1120, 32, 32, true, true
105, 42, 3508, 1118, 32, 32, true, true
107, 43, 3519, 1103, 33, 31, true, true
109, 44, 3527, 1060, 32, 31, true, true
111, 45, 3534, 1048, 32, 30, true, true
112, 46, 3535, 1049, 33, 30, true, true
115, 47, 3535, 1048, 33, 30, true, true
117, 48, 3537, 1050, 34, 29, true, true
121, 50, 3568, 1069, 35, 31, true, true
123, 51, 3679, 1155, 36, 31, true, true
125, 52, 3743, 1121, 37, 32, true, true
126, 53, 3745, 1121, 38, 33, true, true
129, 55, 3745, 1120, 38, 37, true, true
131, 56, 3754, 1121, 39, 36, true, true
134, 57, 3754, 1120, 39, 38, true, true
135, 58, 3759, 1122, 40, 37, true, true
137, 59, 3766, 1116, 40, 36, true, true
139, 61, 3769, 1109, 41, 38, true, true
143, 62, 3769, 1092, 41, 40, true, true
144, 64, 3773, 1092, 42, 43, true, true
145, 65, 3774, 1092, 43, 43, true, true
147, 66, 3776, 1094, 44, 43, true, true
723, 67, 3788, 999, 45, 43, true, true
727, 68, 3795, 1001, 46, 44, true, true
729, 69, 3799, 1000, 46, 44, true, true
733, 71, 3813, 1010, 47, 46, true, true
735, 72, 3881, 1019, 48, 47, true, true
738, 73, 3882, 1012, 49, 47, true, true
741, 74, 3886, 1008, 50, 46, true, true
743, 77, 3896, 1018, 51, 49, true, true
745, 78, 3902, 1010, 52, 49, true, true
749, 79, 3903, 998, 53, 50, true, true
751, 80, 3905, 998, 54, 50, true, true
755, 81, 3905, 997, 54, 51, true, true
757, 82, 3908, 996, 55, 52, true, true
763, 83, 3911, 976, 56, 53, true, true
768, 84, 3911, 975, 55, 54, true, true
773, 85, 3911, 973, 55, 56, true, true
777, 86, 3911, 972, 55, 56, true, true
786, 88, 3911, 968, 54, 56, true, true
791, 90, 3956, 919, 53, 58, true, true
793, 91, 3975, 925, 54, 55, true, true
795, 95, 3977, 927, 55, 61, true, true
799, 97, 4023, 930, 56, 62, true, true
803, 99, 4039, 931, 57, 61, true, true
805, 100, 4048, 934, 58, 60, true, true
807, 102, 4048, 932, 58, 64, true, true
809, 103, 4061, 925, 59, 65, true, true
812, 104, 4180, 1026, 60, 64, true, true
814, 105, 4180, 1025, 60, 66, true, true
816, 106, 4181, 1026, 61, 66, true, true
822, 108, 4181, 1023, 61, 69, true, true
824, 109, 4184, 1023, 62, 69, true, true
828, 110, 4198, 1034, 63, 70, true, true
832, 112, 4199, 1032, 64, 72, true, true
835, 113, 4211, 1023, 64, 71, true, true
837, 114, 4214, 1017, 65, 72, true, true
840, 119, 4216, 1013, 66, 77, true, true
842, 120, 4232, 1008, 67, 78, true, true
845, 122, 4262, 1032, 67, 81, true, true
848, 123, 4320, 1025, 68, 81, true, true
853, 124, 4328, 998, 69, 81, true, true
857, 125, 4330, 995, 70, 82, true, true
861, 126, 4331, 994, 70, 82, true, true
865, 127, 4331, 993, 69, 83, true, true
868, 128, 4336, 978, 70, 82, true, true
875, 129, 4336, 976, 69, 82, true, true
878, 130, 4339, 977, 70, 83, true, true
881, 131, 4341, 979, 71, 83, true, true
891, 134, 4342, 969, 72, 85, true, true
895, 135, 4344, 971, 73, 86, true, true
902, 136, 4345, 945, 73, 87, true, true
907, 138, 4372, 965, 74, 88, true, true
912, 139, 4373, 965, 74, 89, true, true
916, 140, 4381, 968, 75, 88, true, true
920, 142, 4393, 941, 75, 88, true, true
926, 143, 4394, 942, 76, 87, true, true
931, 144, 4396, 922, 77, 86, true, true
936, 145, 4398, 916, 77, 87, true, true
941, 146, 4485, 978, 77, 87, true, true
953, 147, 4485, 977, 76, 88, true, true
960, 148, 4485, 971, 76, 90, true, true
969, 149, 4485, 970, 75, 91, true, true
982, 150, 4485, 968, 74, 91, true, true
996, 151, 4505, 975, 75, 90, true, true
1016, 152, 4536, 949, 76, 89, true, true
1034, 154, 4538, 950, 77, 90, true, true
1050, 155, 4542, 950, 77, 86, true, true
1060, 156, 4543, 951, 78, 86, true, true
1067, 157, 4598, 975, 79, 86, true, true
1073, 158, 4599, 976, 80, 86, true, true
1079, 159, 4602, 969, 81, 86, true, true
1083, 161, 4638, 992, 82, 88, true, true
1094, 162, 4638, 987, 81, 90, true, true
1105, 164, 4640, 987, 82, 90, true, true
1116, 165, 4640, 985, 80, 90, true, true
1120, 166, 4641, 986, 81, 91, true, true
1124, 167, 4642, 985, 82, 91, true, true
1130, 169, 4644, 987, 83, 92, true, true
1135, 170, 4645, 988, 84, 92, true, true
1163, 173, 4645, 987, 84, 92, true, true
1191, 175, 4645, 986, 84, 94, true, true
1221, 177, 4646, 982, 85, 95, true, true
1232, 179, 4650, 986, 86, 96, true, true
1251, 181, 4651, 987, 87, 97, true, true
1262, 182, 4660, 970, 87, 97, true, true
1276, 183, 4660, 969, 86, 98, true, true
1915, 184, 4667, 948, 87, 97, true, true
1924, 185, 4669, 949, 88, 97, true, true
1932, 186, 4678, 958, 89, 96, true, true
1945, 187, 4679, 958, 90, 97, true, true
1960, 188, 4680, 955, 91, 97, true, true
1978, 190, 4682, 953, 92, 98, true, true
1991, 192, 4710, 962, 93, 98, true, true
1997, 193, 4712, 963, 94, 98, true, true
2050, 201, 4714, 965, 95, 103, true, true
2057, 202, 4718, 968, 96, 103, true, true
2071, 203, 4720, 963, 97, 103, true, true
2077, 204, 4736, 976, 97, 102, true, true
2089, 205, 4737, 973, 97, 103, true, true
2095, 206, 4745, 978, 98, 101, true, true
2110, 207, 4745, 973, 98, 102, true, true
2123, 209, 4775, 984, 99, 103, true, true
2128, 210, 4776, 985, 100, 103, true, true
2143, 212, 4778, 987, 101, 102, true, true
2149, 213, 4844, 1006, 102, 101, true, true
2155, 214, 4859, 1010, 103, 100, true, true
2177, 216, 4983, 904, 102, 99, true, true
2180, 217, 4984, 905, 103, 97, true, true
2202, 219, 4992, 907, 103, 99, true, true
2208, 220, 4993, 907, 104, 97, true, true
2219, 221, 4993, 906, 104, 97, true, true
2225, 222, 4996, 909, 105, 96, true, true
2244, 224, 4999, 910, 106, 96, true, true
2250, 225, 5002, 899, 106, 96, true, true
2256, 227, 5003, 891, 107, 96, true, true
2264, 228, 5017, 887, 108, 97, true, true
2271, 230, 5017, 882, 108, 99, true, true
2281, 231, 5022, 884, 109, 99, true, true
2327, 235, 5023, 885, 110, 99, true, true
2334, 237, 5027, 889, 111, 99, true, true
2344, 238, 5058, 877, 112, 100, true, true
2352, 239, 5060, 878, 113, 99, true, true
2358, 240, 5062, 879, 113, 99, true, true
2369, 241, 5062, 876, 113, 100, true, true
2373, 242, 5063, 877, 114, 98, true, true
2379, 243, 5085, 881, 115, 97, true, true
2400, 245, 5088, 876, 116, 97, true, true
2431, 248, 5088, 875, 115, 99, true, true
2438, 249, 5089, 875, 116, 99, true, true
2453, 252, 5093, 878, 117, 101, true, true
2494, 255, 5099, 881, 118, 104, true, true
2502, 256, 5100, 880, 119, 104, true, true
2522, 257, 5100, 879, 118, 104, true, true
2557, 259, 5100, 878, 118, 106, true, true
2571, 260, 5101, 879, 119, 106, true, true
2581, 261, 5101, 878, 118, 106, true, true
2629, 263, 5101, 876, 116, 108, true, true
2665, 265, 5103, 878, 117, 109, true, true
2717, 269, 5103, 877, 117, 114, true, true
2744, 270, 5105, 878, 118, 113, true, true
2754, 271, 5110, 882, 119, 113, true, true
2772, 272, 5111, 880, 120, 113, true, true
2791, 273, 5111, 877, 119, 113, true, true
2801, 275, 5115, 873, 120, 114, true, true
2836, 277, 5115, 872, 119, 116, true, true
2844, 278, 5117, 874, 120, 117, true, true
2877, 281, 5118, 873, 121, 118, true, true
2887, 282, 5121, 876, 122, 117, true, true
2952, 283, 5122, 869, 122, 116, true, true
2978, 286, 5122, 866, 121, 118, true, true
2996, 287, 5122, 864, 120, 118, true, true
3019, 288, 5122, 857, 119, 118, true, true
3037, 289, 5124, 848, 120, 117, true, true
3041, 290, 5125, 848, 120, 117, true, true
3061, 291, 5126, 841, 121, 115, true, true
3068, 292, 5127, 842, 122, 116, true, true
3076, 293, 5131, 845, 123, 117, true, true
3086, 295, 5136, 847, 124, 117, true, true
3092, 296, 5138, 849, 125, 113, true, true
3108, 298, 5138, 844, 125, 115, true, true
3116, 302, 5146, 852, 126, 113, true, true
3132, 305, 5147, 852, 126, 113, true, true
3141, 306, 5150, 854, 127, 109, true, true
3172, 308, 5150, 853, 127, 110, true, true
3213, 311, 5150, 852, 126, 111, true, true
3235, 312, 5150, 851, 125, 111, true, true
3246, 313, 5153, 854, 126, 111, true, true
3261, 314, 5154, 854, 126, 111, true, true
3280, 315, 5154, 853, 126, 112, true, true
3327, 317, 5157, 838, 127, 112, true, true
3377, 320, 5163, 822, 127, 113, true, true
3380, 321, 5164, 823, 128, 112, true, true
3392, 322, 5164, 821, 127, 112, true, true
3399, 323, 5168, 824, 128, 113, true, true
3440, 328, 5170, 826, 129, 115, true, true
3473, 330, 5170, 822, 127, 118, true, true
3477, 331, 5172, 797, 127, 116, true, true
3484, 332, 5175, 796, 128, 115, true, true
3493, 333, 5176, 797, 129, 114, true, true
3525, 336, 5178, 799, 130, 116, true, true
3550, 337, 5178, 798, 129, 117, true, true
3558, 338, 5179, 799, 130, 116, true, true
3567, 339, 5179, 797, 130, 117, true, true
3734, 349, 5180, 798, 131, 122, true, true
3759, 351, 5186, 794, 132, 123, true, true
3772, 352, 5187, 794, 132, 123, true, true
3776, 353, 5197, 803, 133, 123, true, true
3788, 354, 5198, 802, 133, 121, true, true
3804, 355, 5198, 801, 133, 122, true, true
3835, 357, 5199, 802, 134, 123, true, true
3857, 359, 5200, 803, 135, 126, true, true
3883, 361, 5200, 802, 134, 128, true, true
3897, 362, 5203, 792, 135, 129, true, true
3922, 363, 5203, 790, 134, 129, true, true
3952, 364, 5205, 792, 135, 127, true, true
3964, 366, 5206, 791, 135, 127, true, true
3997, 368, 5206, 790, 134, 128, true, true
4016, 369, 5209, 793, 135, 128, true, true
4029, 370, 5210, 793, 135, 122, true, true
4078, 373, 5211, 794, 136, 121, true, true
4099, 375, 5216, 797, 137, 122, true, true
4113, 377, 5220, 795, 138, 123, true, true
4132, 378, 5220, 794, 138, 125, true, true
4140, 380, 5221, 794, 139, 124, true, true
4156, 383, 5221, 791, 138, 126, true, true
4182, 385, 5222, 791, 139, 124, true, true
4255, 390, 5222, 790, 139, 127, true, true
4298, 392, 5222, 789, 138, 128, true, true
4308, 394, 5223, 790, 139, 128, true, true
4314, 395, 5224, 784, 139, 127, true, true
4367, 398, 5224, 783, 138, 129, true, true
4376, 399, 5224, 781, 136, 130, true, true
4412, 402, 5225, 774, 137, 130, true, true
4420, 403, 5230, 771, 138, 127, true, true
4460, 406, 5231, 772, 139, 127, true, true
4478, 407, 5231, 770, 139, 128, true, true
4519, 409, 5250, 779, 139, 130, true, true
4533, 410, 5252, 737, 140, 130, true, true
4541, 411, 5254, 739, 141, 130, true, true
4594, 413, 5255, 740, 142, 131, true, true
4628, 415, 5255, 739, 141, 133, true, true
4659, 417, 5256, 737, 142, 132, true, true
4689, 419, 5257, 735, 143, 131, true, true
4729, 423, 5257, 733, 142, 134, true, true
4769, 427, 5258, 731, 142, 137, true, true
4781, 429, 5292, 717, 142, 138, true, true
4889, 435, 5296, 719, 142, 141, true, true
4915, 437, 5306, 729, 143, 141, true, true
4934, 438, 5306, 725, 140, 141, true, true
4944, 439, 5307, 719, 140, 140, true, true
5020, 446, 5308, 720, 141, 144, true, true
5081, 449, 5308, 719, 140, 146, true, true
5113, 454, 5309, 718, 141, 149, true, true
5125, 455, 5309, 716, 139, 150, true, true
5134, 456, 5310, 714, 140, 149, true, true
5148, 458, 5312, 716, 141, 145, true, true
5167, 459, 5312, 715, 141, 145, true, true
5183, 460, 5317, 720, 142, 144, true, true
5202, 461, 5318, 719, 143, 143, true, true
5211, 462, 5319, 720, 144, 143, true, true
5232, 463, 5331, 676, 145, 141, true, true
5298, 469, 5331, 674, 145, 145, true, true
5330, 470, 5331, 673, 145, 145, true, true
5338, 471, 5332, 674, 146, 143, true, true
5382, 475, 5334, 676, 147, 143, true, true
5435, 478, 5334, 675, 147, 144, true, true
5464, 479, 5334, 674, 146, 144, true, true
5478, 480, 5335, 673, 145, 142, true, true
5513, 482, 5337, 674, 145, 142, true, true
5605, 489, 5343, 676, 146, 146, true, true
5671, 491, 5343, 675, 145, 147, true, true
5687, 492, 5354, 684, 146, 146, true, true
5740, 495, 5355, 681, 147, 146, true, true
5798, 498, 5356, 678, 147, 146, true, true
5819, 499, 5356, 677, 147, 146, true, true
5839, 502, 5358, 679, 148, 144, true, true
5893, 506, 5388, 702, 149, 143, true, true
5904, 507, 5388, 701, 148, 144, true, true
5919, 508, 5389, 702, 149, 144, true, true
5931, 509, 5390, 703, 150, 144, true, true
5962, 511, 5391, 704, 151, 144, true, true
6008, 515, 5391, 695, 151, 146, true, true
6018, 516, 5394, 695, 152, 144, true, true
6025, 517, 5402, 703, 153, 143, true, true
6043, 518, 5402, 702, 152, 143, true, true
6198, 522, 5402, 664, 152, 145, true, true
6226, 524, 5402, 663, 151, 145, true, true
6285, 528, 5415, 676, 152, 144, true, true
6326, 530, 5417, 677, 153, 144, true, true
6335, 531, 5418, 677, 154, 143, true, true
6345, 532, 5419, 678, 155, 143, true, true
6391, 534, 5419, 675, 154, 143, true, true
6400, 535, 5420, 675, 155, 142, true, true
6409, 536, 5421, 674, 156, 140, true, true
6447, 539, 5422, 671, 156, 140, true, true
6470, 541, 5423, 672, 157, 140, true, true
6516, 544, 5427, 646, 158, 139, true, true
6529, 547, 5428, 647, 159, 141, true, true
6576, 549, 5428, 633, 159, 142, true, true
6605, 551, 5429, 633, 160, 142, true, true
6660, 553, 5429, 620, 159, 143, true, true
6709, 554, 5429, 618, 159, 144, true, true
6732, 555, 5429, 616, 157, 144, true, true
6744, 556, 5430, 617, 158, 144, true, true
6753, 557, 5445, 584, 159, 144, true, true
6782, 560, 5447, 586, 160, 141, true, true
6813, 561, 5447, 582, 159, 142, true, true
6899, 568, 5447, 581, 159, 149, true, true
6964, 572, 5448, 582, 160, 151, true, true
7032, 579, 5450, 584, 161, 151, true, true
7103, 582, 5454, 585, 159, 153, true, true
7132, 583, 5457, 588, 160, 153, true, true
7142, 584, 5461, 592, 161, 152, true, true
7153, 585, 5462, 591, 162, 151, true, true
7185, 586, 5462, 578, 162, 151, true, true
7198, 587, 5465, 581, 163, 151, true, true
7437, 589, 5465, 580, 162, 151, true, true
7516, 594, 5466, 581, 163, 153, true, true
7537, 595, 5467, 578, 164, 151, true, true
7642, 599, 5467, 577, 163, 155, true, true
7654, 601, 5470, 576, 164, 154, true, true
7662, 602, 5471, 577, 165, 152, true, true
7697, 604, 5480, 584, 166, 150, true, true
7722, 606, 5480, 582, 165, 151, true, true
7745, 607, 5480, 581, 164, 151, true, true
7919, 616, 5482, 581, 165, 154, true, true
7985, 619, 5482, 580, 164, 156, true, true
8060, 626, 5484, 580, 164, 156, true, true
8085, 627, 5484, 579, 163, 157, true, true
8130, 629, 5487, 581, 164, 155, true, true
8177, 631, 5487, 579, 163, 155, true, true
8210, 633, 5488, 580, 164, 153, true, true
8236, 634, 5488, 577, 163, 154, true, true
8283, 636, 5489, 578, 164, 153, true, true
8298, 638, 5492, 580, 165, 153, true, true
8354, 641, 5492, 577, 164, 154, true, true
8374, 642, 5492, 575, 163, 155, true, true
8442, 645, 5493, 575, 164, 153, true, true
8460, 646, 5494, 576, 165, 152, true, true
8476, 647, 5494, 575, 164, 153, true, true
8514, 648, 5496, 567, 165, 153, true, true
8553, 649, 5497, 567, 165, 152, true, true
8703, 657, 5498, 568, 166, 154, true, true
8739, 659, 5500, 561, 167, 153, true, true
8794, 664, 5500, 560, 166, 155, true, true
8799, 665, 5571, 599, 165, 155, true, true
8804, 667, 5571, 598, 164, 157, true, true
8860, 669, 5572, 599, 165, 155, true, true
8903, 671, 5572, 598, 164, 155, true, true
8935, 672, 5577, 599, 165, 153, true, true
8950, 673, 5578, 600, 166, 152, true, true
9038, 676, 5579, 601, 167, 149, true, true
9080, 678, 5583, 593, 168, 150, true, true
9147, 681, 5583, 589, 167, 151, true, true
9287, 686, 5583, 588, 167, 154, true, true
9344, 689, 5584, 589, 168, 153, true, true
9380, 691, 5595, 598, 169, 152, true, true
9404, 692, 5604, 603, 170, 151, true, true
9463, 694, 5604, 602, 169, 152, true, true
9488, 695, 5605, 602, 169, 151, true, true
9499, 696, 5606, 603, 170, 150, true, true
9550, 699, 5612, 606, 171, 147, true, true
9571, 700, 5612, 604, 170, 147, true, true
9643, 704, 5617, 598, 171, 147, true, true
9731, 709, 5617, 594, 170, 149, true, true
9758, 711, 5620, 586, 171, 149, true, true
9795, 712, 5620, 585, 170, 150, true, true
9817, 713, 5620, 584, 169, 150, true, true
9876, 715, 5621, 570, 169, 149, true, true
9885, 716, 5623, 569, 170, 147, true, true
9894, 717, 5624, 570, 171, 147, true, true
9920, 718, 5633, 579, 172, 148, true, true
9925, 719, 5635, 581, 173, 145, true, true
9939, 720, 5637, 567, 174, 142, true, true
10012, 723, 5670, 596, 174, 142, true, true
10022, 724, 5672, 586, 175, 141, true, true
10102, 729, 5673, 586, 176, 140, true, true
10179, 734, 5673, 585, 175, 143, true, true
10255, 737, 5673, 584, 174, 143, true, true
10264, 738, 5675, 585, 175, 141, true, true
10343, 742, 5685, 586, 176, 142, true, true
10379, 744, 5686, 585, 176, 139, true, true
10440, 747, 5686, 584, 175, 143, true, true
10501, 749, 5689, 587, 176, 142, true, true
10525, 750, 5692, 589, 177, 140, true, true
10540, 753, 5693, 588, 178, 139, true, true
10565, 754, 5693, 585, 178, 140, true, true
10586, 755, 5693, 583, 178, 141, true, true
10596, 756, 5694, 584, 179, 140, true, true
10622, 759, 5694, 583, 178, 141, true, true
10677, 762, 5694, 582, 177, 142, true, true
10717, 763, 5694, 581, 176, 143, true, true
10957, 769, 5694, 569, 175, 146, true, true
11000, 771, 5696, 571, 176, 145, true, true
11018, 772, 5696, 570, 175, 145, true, true
11053, 775, 5697, 571, 176, 143, true, true
11226, 782, 5698, 572, 177, 143, true, true
11274, 784, 5698, 571, 176, 145, true, true
11485, 790, 5712, 566, 177, 145, true, true
11497, 791, 5713, 567, 178, 145, true, true
11614, 795, 5713, 563, 177, 148, true, true
11692, 798, 5716, 559, 178, 149, true, true
11724, 800, 5716, 558, 177, 150, true, true
11768, 802, 5717, 559, 178, 150, true, true
11881, 808, 5717, 557, 177, 150, true, true
12034, 814, 5718, 557, 178, 150, true, true
12065, 815, 5720, 548, 179, 148, true, true
12078, 816, 5724, 552, 180, 148, true, true
12104, 817, 5726, 554, 181, 147, true, true
12120, 819, 5729, 557, 182, 146, true, true
12173, 821, 5729, 555, 182, 146, true, true
12211, 822, 5729, 554, 182, 146, true, true
12224, 823, 5730, 555, 183, 145, true, true
12243, 825, 5732, 557, 184, 144, true, true
12267, 826, 5732, 556, 183, 144, true, true
12275, 827, 5738, 560, 183, 142, true, true
12309, 828, 5738, 559, 182, 143, true, true
12383, 830, 5738, 555, 180, 144, true, true
12725, 842, 5738, 554, 179, 150, true, true
12748, 843, 5739, 555, 180, 148, true, true
13018, 845, 5747, 561, 181, 150, true, true
13064, 846, 5747, 560, 181, 150, true, true
13114, 847, 5747, 543, 181, 151, true, true
13139, 848, 5748, 541, 181, 150, true, true
13158, 849, 5749, 542, 182, 148, true, true
13186, 850, 5766, 550, 183, 146, true, true
13205, 851, 5769, 551, 182, 145, true, true
13321, 855, 5769, 550, 181, 148, true, true
13388, 857, 5769, 546, 180, 148, true, true
13493, 861, 5772, 539, 181, 148, true, true
13512, 862, 5774, 541, 182, 148, true, true
13544, 864, 5774, 539, 181, 149, true, true
13629, 867, 5777, 540, 181, 150, true, true
13640, 868, 5778, 538, 182, 149, true, true
13722, 874, 5779, 539, 183, 150, true, true
13847, 879, 5780, 539, 184, 150, true, true
13928, 881, 5783, 541, 185, 150, true, true
14044, 884, 5784, 542, 186, 150, true, true
14092, 886, 5784, 541, 185, 151, true, true
14124, 887, 5786, 540, 185, 151, true, true
14501, 898, 5786, 539, 184, 157, true, true
14531, 899, 5786, 538, 183, 157, true, true
14559, 900, 5788, 535, 182, 156, true, true
14607, 901, 5788, 533, 181, 156, true, true
14656, 902, 5788, 532, 180, 156, true, true
14705, 905, 5788, 531, 179, 158, true, true
14750, 907, 5791, 534, 180, 157, true, true
14922, 914, 5791, 528, 179, 160, true, true
15170, 924, 5792, 529, 180, 163, true, true
15255, 925, 5792, 528, 179, 164, true, true
15314, 927, 5792, 526, 178, 164, true, true
15368, 930, 5804, 535, 178, 161, true, true
15454, 933, 5806, 537, 179, 160, true, true
15608, 939, 5806, 536, 179, 160, true, true
15921, 950, 5807, 533, 180, 163, true, true
15963, 951, 5807, 532, 180, 163, true, true
16097, 955, 5808, 533, 181, 161, true, true
16352, 964, 5814, 537, 182, 161, true, true
16404, 968, 5815, 538, 183, 158, true, true
16413, 969, 5834, 546, 183, 154, true, true
16571, 975, 5836, 543, 181, 157, true, true
16605, 976, 5836, 542, 181, 158, true, true
16678, 978, 5836, 541, 180, 158, true, true
16950, 988, 5836, 540, 180, 158, true, true
17361, 1000, 5836, 539, 179, 161, true, true
17431, 1002, 5836, 536, 179, 162, true, true
17476, 1003, 5836, 534, 179, 163, true, true
17860, 1014, 5837, 534, 179, 164, true, true
17899, 1015, 5839, 536, 180, 164, true, true
17995, 1018, 5839, 535, 179, 165, true, true
18159, 1024, 5851, 533, 180, 164, true, true
18240, 1026, 5851, 531, 179, 166, true, true
18333, 1030, 5851, 530, 178, 166, true, true
18401, 1034, 5855, 530, 178, 166, true, true
18552, 1042, 5856, 531, 179, 170, true, true
18606, 1044, 5856, 529, 178, 171, true, true
18725, 1048, 5856, 528, 177, 172, true, true
18759, 1049, 5856, 524, 176, 172, true, true
18780, 1050, 5857, 524, 176, 170, true, true
18998, 1060, 5857, 523, 175, 172, true, true
19111, 1064, 5859, 525, 176, 172, true, true
19236, 1070, 5859, 524, 175, 175, true, true
19242, 1071, 5863, 528, 176, 171, true, true
19336, 1074, 5863, 527, 175, 172, true, true
19518, 1082, 5866, 525, 176, 172, true, true
19606, 1084, 5866, 524, 175, 173, true, true
19832, 1092, 5869, 527, 176, 174, true, true
19847, 1093, 5870, 528, 177, 173, true, true
19867, 1095, 5872, 529, 177, 171, true, true
20043, 1102, 5873, 530, 178, 174, true, true
20098, 1104, 5873, 529, 177, 175, true, true
20162, 1108, 5875, 528, 178, 174, true, true
20223, 1111, 5875, 527, 177, 174, true, true
20238, 1112, 5881, 533, 178, 171, true, true
20261, 1113, 5882, 534, 179, 170, true, true
20402, 1119, 5882, 533, 178, 173, true, true
20478, 1122, 5884, 535, 179, 168, true, true
20606, 1127, 5888, 527, 178, 168, true, true
20722, 1131, 5888, 525, 177, 169, true, true
20750, 1132, 5920, 556, 177, 168, true, true
20788, 1133, 5920, 555, 177, 169, true, true
20869, 1134, 5930, 545, 176, 167, true, true
20955, 1139, 5930, 542, 175, 169, true, true
21071, 1143, 5932, 544, 176, 166, true, true
21202, 1147, 5932, 542, 175, 168, true, true
21332, 1152, 5932, 541, 174, 171, true, true
21367, 1153, 5933, 542, 175, 170, true, true
21389, 1155, 5935, 544, 176, 169, true, true
21654, 1162, 5937, 546, 177, 169, true, true
21836, 1170, 5937, 545, 176, 172, true, true
21877, 1173, 5938, 546, 177, 171, true, true
22122, 1181, 5938, 545, 176, 173, true, true
22180, 1183, 5939, 540, 177, 171, true, true
22249, 1186, 5940, 541, 178, 171, true, true
22409, 1191, 5940, 538, 177, 172, true, true
22507, 1193, 5940, 537, 177, 173, true, true
22531, 1194, 5941, 538, 178, 173, true, true
22621, 1198, 5941, 537, 178, 174, true, true
22633, 1199, 5942, 538, 179, 173, true, true
22743, 1202, 5943, 539, 180, 172, true, true
22891, 1206, 5943, 537, 179, 172, true, true
22933, 1207, 5943, 536, 178, 172, true, true
23023, 1209, 5944, 537, 179, 171, true, true
23565, 1224, 5944, 536, 178, 174, true, true
23581, 1225, 5945, 537, 179, 173, true, true
23754, 1228, 5945, 536, 179, 174, true, true
23797, 1229, 5947, 538, 180, 171, true, true
23843, 1230, 5947, 537, 179, 171, true, true
23901, 1231, 6021, 610, 180, 170, true, true
23950, 1232, 6021, 609, 179, 171, true, true
24016, 1234, 6024, 609, 180, 171, true, true
24072, 1235, 6024, 607, 179, 171, true, true
24150, 1238, 6025, 608, 180, 170, true, true
24467, 1248, 6025, 607, 179, 173, true, true
24498, 1249, 6026, 607, 180, 173, true, true
24528, 1253, 6029, 607, 180, 171, true, true
24700, 1260, 6029, 606, 180, 173, true, true
24965, 1268, 6030, 604, 180, 174, true, true
25138, 1274, 6035, 608, 181, 174, true, true
25168, 1275, 6035, 607, 180, 174, true, true
25314, 1282, 6037, 609, 181, 175, true, true
25539, 1293, 6038, 608, 182, 178, true, true
25592, 1295, 6038, 607, 182, 179, true, true
25605, 1296, 6039, 608, 183, 176, true, true
25689, 1301, 6040, 605, 184, 176, true, true
25721, 1302, 6040, 604, 183, 177, true, true
25742, 1303, 6042, 606, 184, 177, true, true
25988, 1311, 6042, 605, 183, 180, true, true
26028, 1314, 6043, 606, 184, 178, true, true
26106, 1317, 6044, 603, 185, 177, true, true
26338, 1324, 6045, 604, 186, 177, true, true
26478, 1328, 6045, 602, 186, 180, true, true
26490, 1329, 6046, 603, 187, 179, true, true
26502, 1330, 6048, 605, 188, 176, true, true
26513, 1331, 6049, 606, 189, 174, true, true
27303, 1355, 6053, 610, 190, 177, true, true
27499, 1361, 6054, 611, 191, 174, true, true
27586, 1365, 6056, 612, 192, 173, true, true
27687, 1368, 6056, 611, 191, 173, true, true
27949, 1377, 6056, 610, 190, 175, true, true
28055, 1381, 6056, 609, 189, 175, true, true
28187, 1386, 6056, 608, 188, 178, true, true
28266, 1388, 6056, 606, 187, 179, true, true
28348, 1390, 6058, 606, 188, 178, true, true
28416, 1392, 6059, 607, 189, 177, true, true
28525, 1396, 6061, 609, 190, 176, true, true
28715, 1403, 6061, 608, 189, 176, true, true
28776, 1405, 6061, 607, 188, 178, true, true
28891, 1409, 6062, 607, 189, 176, true, true
28936, 1410, 6062, 605, 189, 177, true, true
29201, 1419, 6068, 610, 189, 178, true, true
29326, 1421, 6068, 608, 188, 178, true, true
29374, 1424, 6069, 605, 188, 176, true, true
29719, 1433, 6083, 614, 189, 179, true, true
29751, 1434, 6085, 616, 190, 176, true, true
29767, 1435, 6085, 614, 189, 176, true, true
29791, 1436, 6085, 609, 187, 176, true, true
29980, 1440, 6085, 602, 186, 178, true, true
30137, 1445, 6086, 603, 187, 175, true, true
30548, 1460, 6089, 606, 188, 182, true, true
30618, 1462, 6091, 607, 189, 181, true, true
30705, 1464, 6091, 606, 189, 183, true, true
30931, 1467, 6091, 605, 188, 184, true, true
31063, 1469, 6091, 604, 187, 184, true, true
31543, 1482, 6094, 606, 188, 189, true, true
31577, 1483, 6095, 606, 189, 189, true, true
31808, 1490, 6095, 605, 188, 191, true, true
31827, 1491, 6096, 606, 189, 189, true, true
31898, 1492, 6097, 606, 189, 188, true, true
31924, 1493, 6099, 608, 190, 187, true, true
32239, 1501, 6102, 610, 190, 186, true, true
32328, 1506, 6102, 609, 190, 188, true, true
32380, 1508, 6103, 610, 191, 187, true, true
32458, 1510, 6106, 613, 192, 184, true, true
32681, 1517, 6106, 612, 191, 185, true, true
32960, 1524, 6106, 610, 190, 188, true, true
32973, 1525, 6107, 609, 191, 183, true, true
33035, 1529, 6107, 608, 190, 185, true, true
33116, 1532, 6108, 609, 191, 183, true, true
33187, 1535, 6109, 610, 192, 181, true, true
33271, 1537, 6110, 610, 192, 181, true, true
33357, 1544, 6110, 609, 191, 183, true, true
33672, 1559, 6110, 607, 190, 191, true, true
33835, 1565, 6112, 609, 191, 192, true, true
33940, 1567, 6112, 608, 191, 192, true, true
34109, 1576, 6113, 609, 192, 192, true, true
34315, 1585, 6116, 610, 193, 192, true, true
34332, 1586, 6117, 611, 194, 190, true, true
34419, 1588, 6139, 629, 194, 187, true, true
34501, 1591, 6139, 628, 193, 188, true, true
34526, 1592, 6139, 627, 193, 188, true, true
34563, 1593, 6139, 624, 192, 188, true, true
34590, 1594, 6139, 623, 192, 188, true, true
34612, 1595, 6140, 621, 191, 187, true, true
34757, 1600, 6142, 623, 192, 186, true, true
34774, 1601, 6148, 622, 193, 181, true, true
34872, 1604, 6149, 623, 194, 180, true, true
35568, 1625, 6152, 626, 195, 186, true, true
35782, 1631, 6153, 627, 196, 186, true, true
35957, 1634, 6153, 626, 196, 187, true, true
36588, 1652, 6153, 625, 195, 191, true, true
36698, 1656, 6155, 626, 196, 191, true, true
36780, 1660, 6157, 627, 197, 191, true, true
37106, 1670, 6159, 629, 198, 191, true, true
37120, 1671, 6189, 631, 198, 190, true, true
37182, 1673, 6200, 633, 199, 190, true, true
37281, 1676, 6200, 632, 198, 190, true, true
37394, 1680, 6201, 633, 199, 189, true, true
37608, 1687, 6205, 637, 200, 191, true, true
37626, 1688, 6205, 636, 199, 191, true, true
37639, 1689, 6206, 633, 199, 190, true, true
37709, 1693, 6206, 632, 198, 190, true, true
37851, 1698, 6207, 632, 199, 187, true, true
37923, 1700, 6207, 631, 198, 189, true, true
38028, 1704, 6208, 632, 199, 185, true, true
38126, 1707, 6210, 634, 200, 180, true, true
38138, 1709, 6213, 636, 201, 179, true, true
38315, 1715, 6213, 635, 200, 180, true, true
38523, 1724, 6214, 635, 200, 183, true, true
38536, 1725, 6216, 637, 201, 182, true, true
38665, 1731, 6217, 637, 201, 182, true, true
38693, 1732, 6219, 639, 202, 182, true, true
38910, 1740, 6219, 637, 201, 183, true, true
38967, 1741, 6219, 607, 201, 183, true, true
39545, 1753, 6220, 608, 202, 187, true, true
39628, 1758, 6226, 607, 201, 186, true, true
39679, 1761, 6227, 608, 202, 183, true, true
39883, 1768, 6227, 607, 202, 185, true, true
40110, 1772, 6228, 596, 203, 185, true, true
40138, 1773, 6233, 601, 204, 184, true, true
40201, 1774, 6233, 598, 204, 184, true, true
40243, 1775, 6235, 600, 205, 179, true, true
40263, 1776, 6236, 601, 206, 177, true, true
40449, 1780, 6239, 604, 207, 177, true, true
40785, 1786, 6239, 603, 206, 177, true, true
40854, 1788, 6240, 604, 207, 176, true, true
41011, 1793, 6240, 603, 207, 176, true, true
41093, 1795, 6240, 602, 206, 176, true, true
41500, 1805, 6242, 604, 207, 177, true, true
41728, 1810, 6242, 603, 207, 177, true, true
41782, 1811, 6242, 602, 206, 177, true, true
42081, 1816, 6242, 601, 205, 178, true, true
42384, 1821, 6242, 599, 204, 181, true, true
42414, 1822, 6242, 597, 203, 182, true, true
42438, 1823, 6243, 598, 204, 181, true, true
42456, 1824, 6244, 599, 205, 180, true, true
42668, 1830, 6245, 600, 206, 180, true, true
42681, 1831, 6246, 601, 207, 179, true, true
42722, 1832, 6246, 599, 206, 180, true, true
42758, 1833, 6246, 598, 205, 180, true, true
42834, 1836, 6246, 597, 204, 180, true, true
42856, 1837, 6247, 597, 205, 178, true, true
42974, 1841, 6248, 598, 206, 177, true, true
43210, 1846, 6248, 597, 205, 177, true, true
43456, 1853, 6248, 595, 204, 178, true, true
43590, 1858, 6248, 594, 204, 179, true, true
43934, 1867, 6248, 592, 204, 180, true, true
44304, 1879, 6279, 621, 205, 183, true, true
44483, 1883, 6279, 620, 204, 184, true, true
44604, 1886, 6279, 619, 203, 184, true, true
44661, 1889, 6281, 606, 204, 183, true, true
44890, 1897, 6281, 605, 204, 185, true, true
45095, 1904, 6283, 606, 204, 184, true, true
45168, 1906, 6283, 604, 204, 185, true, true
45253, 1907, 6284, 604, 204, 183, true, true
45762, 1922, 6284, 601, 203, 186, true, true
46589, 1943, 6285, 602, 204, 189, true, true
46690, 1946, 6286, 603, 205, 188, true, true
46737, 1947, 6286, 602, 204, 188, true, true
46864, 1951, 6286, 596, 203, 191, true, true
46895, 1952, 6286, 593, 203, 191, true, true
46996, 1956, 6286, 592, 203, 192, true, true
48125, 1981, 6287, 593, 204, 194, true, true
48571, 1992, 6288, 594, 205, 194, true, true
48636, 1993, 6288, 593, 205, 194, true, true
48832, 2001, 6288, 592, 204, 195, true, true
48903, 2003, 6291, 578, 205, 193, true, true
49011, 2007, 6292, 579, 206, 192, true, true
49167, 2012, 6292, 577, 205, 194, true, true
49273, 2015, 6293, 578, 206, 191, true, true
49497, 2022, 6294, 579, 207, 192, true, true
49857, 2031, 6295, 580, 208, 192, true, true
50482, 2049, 6295, 579, 207, 193, true, true
50547, 2052, 6298, 582, 208, 192, true, true
50871, 2064, 6298, 581, 207, 194, true, true
50958, 2067, 6298, 580, 206, 195, true, true
51045, 2070, 6298, 579, 205, 195, true, true
51077, 2071, 6298, 578, 205, 195, true, true
51182, 2074, 6298, 577, 204, 195, true, true
51336, 2078, 6298, 576, 203, 196, true, true
51453, 2081, 6298, 574, 202, 197, true, true
51514, 2083, 6299, 575, 203, 197, true, true
51655, 2088, 6302, 578, 204, 194, true, true
52490, 2113, 6302, 577, 204, 198, true, true
53139, 2127, 6303, 577, 204, 199, true, true
53164, 2129, 6304, 576, 204, 193, true, true
53235, 2131, 6305, 577, 205, 190, true, true
53287, 2132, 6306, 578, 206, 189, true, true
54125, 2147, 6306, 576, 205, 192, true, true
54555, 2156, 6306, 575, 204, 194, true, true
54734, 2162, 6307, 576, 205, 193, true, true
54926, 2166, 6307, 575, 204, 194, true, true
54967, 2167, 6307, 574, 203, 195, true, true
55278, 2175, 6329, 588, 204, 196, true, true
55354, 2177, 6329, 587, 203, 196, true, true
55619, 2181, 6329, 586, 202, 196, true, true
55699, 2183, 6333, 590, 203, 195, true, true
56087, 2192, 6343, 595, 204, 194, true, true
56147, 2193, 6343, 594, 203, 194, true, true
56404, 2200, 6344, 595, 204, 193, true, true
56507, 2203, 6345, 595, 205, 192, true, true
56528, 2207, 6348, 597, 205, 192, true, true
56558, 2208, 6348, 596, 204, 193, true, true
56725, 2211, 6348, 595, 204, 193, true, true
57596, 2229, 6348, 594, 203, 195, true, true
57902, 2236, 6349, 595, 204, 193, true, true
58583, 2246, 6350, 591, 205, 191, true, true
58722, 2248, 6350, 585, 205, 191, true, true
59083, 2256, 6351, 585, 206, 191, true, true
59539, 2265, 6351, 582, 206, 194, true, true
59656, 2268, 6351, 581, 205, 195, true, true
59783, 2272, 6352, 578, 205, 194, true, true
59813, 2273, 6352, 577, 204, 194, true, true
60548, 2291, 6352, 576, 204, 194, true, true
60729, 2295, 6353, 577, 205, 190, true, true
60903, 2300, 6362, 583, 204, 187, true, true
61024, 2303, 6365, 586, 205, 185, true, true
61159, 2307, 6366, 587, 206, 179, true, true
61353, 2312, 6367, 587, 206, 176, true, true
61559, 2317, 6367, 586, 205, 176, true, true
61994, 2327, 6368, 586, 206, 174, true, true
62369, 2335, 6368, 585, 206, 175, true, true
62399, 2336, 6368, 584, 205, 175, true, true
62649, 2342, 6368, 581, 204, 175, true, true
63000, 2349, 6368, 580, 203, 175, true, true
63163, 2353, 6369, 581, 204, 174, true, true
63279, 2356, 6369, 579, 203, 174, true, true
63410, 2358, 6369, 577, 201, 175, true, true
63679, 2371, 6370, 578, 202, 176, true, true
64260, 2386, 6370, 577, 201, 176, true, true
64599, 2391, 6370, 576, 201, 176, true, true
64616, 2392, 6371, 577, 202, 174, true, true
64918, 2398, 6371, 576, 201, 176, true, true
66787, 2432, 6371, 575, 200, 180, true, true
67007, 2437, 6371, 574, 199, 182, true, true
67056, 2438, 6371, 573, 198, 182, true, true
67362, 2443, 6371, 572, 197, 182, true, true
67758, 2452, 6371, 571, 196, 183, true, true
68087, 2462, 6372, 572, 197, 183, true, true
68289, 2468, 6372, 571, 196, 183, true, true
68838, 2483, 6374, 573, 197, 184, true, true
68997, 2485, 6375, 574, 198, 183, true, true
69245, 2494, 6375, 571, 197, 183, true, true
69364, 2498, 6375, 565, 197, 183, true, true
69745, 2510, 6376, 566, 198, 182, true, true
70297, 2522, 6377, 567, 199, 180, true, true
70365, 2523, 6377, 566, 198, 180, true, true
70463, 2525, 6378, 567, 199, 178, true, true
71149, 2537, 6378, 566, 198, 180, true, true
71660, 2547, 6378, 565, 197, 180, true, true
72115, 2552, 6378, 564, 196, 180, true, true
72209, 2556, 6379, 561, 196, 179, true, true
72910, 2578, 6391, 571, 196, 181, true, true
72994, 2580, 6391, 570, 195, 181, true, true
73025, 2581, 6391, 569, 194, 181, true, true
73332, 2588, 6391, 567, 193, 182, true, true
73749, 2597, 6393, 567, 194, 181, true, true
74069, 2604, 6394, 568, 195, 179, true, true
74143, 2605, 6394, 567, 194, 179, true, true
74185, 2607, 6399, 567, 194, 178, true, true
74831, 2620, 6399, 565, 193, 181, true, true
75113, 2629, 6399, 564, 192, 181, true, true
75243, 2632, 6399, 563, 191, 181, true, true
75949, 2644, 6400, 564, 192, 183, true, true
76275, 2654, 6401, 564, 192, 182, true, true
76323, 2655, 6402, 565, 193, 181, true, true
76582, 2661, 6403, 565, 194, 176, true, true
76908, 2667, 6404, 564, 195, 176, true, true
77000, 2670, 6405, 564, 196, 175, true, true
77699, 2681, 6405, 559, 195, 176, true, true
77902, 2685, 6406, 560, 196, 176, true, true
79821, 2725, 6406, 559, 195, 182, true, true
81077, 2751, 6408, 561, 196, 182, true, true
81614, 2764, 6409, 562, 197, 182, true, true
82000, 2771, 6410, 563, 198, 184, true, true
82099, 2774, 6411, 564, 199, 184, true, true
82573, 2787, 6412, 564, 200, 184, true, true
83432, 2807, 6415, 566, 201, 183, true, true
83510, 2810, 6424, 563, 202, 179, true, true
83789, 2819, 6424, 562, 201, 179, true, true
84544, 2821, 6424, 560, 200, 179, true, true
85295, 2824, 6425, 561, 201, 176, true, true
85346, 2825, 6425, 560, 200, 177, true, true
85818, 2836, 6425, 558, 199, 181, true, true
86332, 2849, 6426, 559, 200, 180, true, true
87268, 2866, 6426, 557, 199, 183, true, true
87551, 2873, 6427, 558, 200, 182, true, true
87565, 2874, 6429, 559, 201, 179, true, true
88375, 2891, 6431, 561, 202, 179, true, true
88580, 2895, 6431, 560, 201, 179, true, true
88610, 2896, 6431, 559, 200, 179, true, true
88990, 2904, 6431, 558, 199, 180, true, true
89235, 2908, 6431, 557, 198, 181, true, true
89345, 2911, 6434, 560, 199, 181, true, true
89581, 2917, 6434, 558, 199, 185, true, true
89822, 2925, 6434, 557, 198, 187, true, true
89893, 2927, 6435, 558, 199, 187, true, true
90151, 2932, 6436, 559, 200, 186, true, true
90547, 2941, 6436, 558, 199, 188, true, true
90589, 2942, 6436, 551, 197, 188, true, true
90696, 2944, 6442, 556, 198, 186, true, true
91121, 2951, 6442, 552, 198, 187, true, true
91576, 2963, 6443, 550, 199, 185, true, true
91694, 2966, 6443, 549, 198, 185, true, true
91781, 2968, 6443, 547, 197, 185, true, true
91824, 2970, 6446, 549, 197, 182, true, true
91992, 2973, 6446, 545, 195, 182, true, true
92221, 2979, 6447, 546, 196, 177, true, true
93018, 2992, 6447, 545, 196, 178, true, true
93209, 2997, 6448, 546, 197, 176, true, true
93610, 3006, 6448, 545, 196, 178, true, true
94973, 3031, 6449, 546, 197, 183, true, true
95617, 3041, 6449, 545, 196, 183, true, true
95743, 3043, 6449, 544, 196, 183, true, true
95948, 3047, 6450, 545, 197, 180, true, true
95979, 3048, 6451, 542, 196, 179, true, true
96380, 3053, 6451, 541, 196, 180, true, true
96881, 3065, 6451, 540, 195, 182, true, true
97258, 3074, 6452, 541, 196, 181, true, true
97309, 3075, 6452, 540, 195, 181, true, true
97490, 3079, 6452, 539, 194, 181, true, true
97570, 3081, 6452, 538, 193, 182, true, true
97924, 3090, 6453, 539, 194, 182, true, true
98026, 3094, 6454, 540, 195, 180, true, true
98047, 3095, 6455, 539, 195, 177, true, true
98579, 3106, 6456, 537, 194, 177, true, true
98690, 3111, 6458, 538, 195, 176, true, true
98991, 3117, 6458, 537, 194, 176, true, true
99100, 3121, 6458, 535, 192, 176, true, true
99124, 3122, 6459, 536, 193, 175, true, true
99291, 3127, 6462, 539, 194, 170, true, true
100039, 3140, 6465, 542, 195, 172, true, true
100666, 3154, 6467, 544, 196, 175, true, true
100932, 3159, 6467, 543, 196, 175, true, true
100964, 3160, 6467, 542, 195, 175, true, true
102028, 3176, 6467, 538, 194, 175, true, true
102212, 3179, 6469, 519, 192, 174, true, true
102390, 3182, 6469, 518, 192, 174, true, true
102786, 3190, 6469, 510, 192, 175, true, true
103897, 3213, 6469, 509, 191, 177, true, true
104119, 3218, 6470, 510, 192, 176, true, true
105393, 3243, 6471, 507, 193, 182, true, true
105540, 3247, 6471, 499, 193, 182, true, true
106160, 3261, 6471, 498, 192, 182, true, true
106280, 3265, 6472, 499, 193, 180, true, true
106910, 3277, 6473, 500, 194, 179, true, true
107263, 3287, 6475, 502, 195, 180, true, true
107866, 3298, 6475, 501, 194, 181, true, true
109137, 3318, 6477, 503, 195, 180, true, true
109469, 3327, 6477, 502, 195, 180, true, true
109602, 3330, 6481, 500, 196, 179, true, true
109766, 3335, 6481, 499, 195, 180, true, true
109937, 3338, 6481, 496, 193, 180, true, true
110323, 3345, 6482, 496, 194, 183, true, true
110845, 3355, 6482, 495, 193, 185, true, true
111149, 3361, 6487, 500, 194, 186, true, true
112519, 3388, 6490, 503, 195, 186, true, true
112672, 3391, 6490, 502, 194, 186, true, true
112981, 3398, 6491, 503, 195, 184, true, true
113075, 3400, 6491, 502, 194, 184, true, true
113654, 3414, 6491, 501, 193, 187, true, true
113787, 3417, 6491, 500, 192, 187, true, true
114222, 3428, 6499, 487, 193, 188, true, true
114247, 3431, 6500, 488, 194, 186, true, true
114311, 3432, 6501, 489, 195, 183, true, true
114338, 3433, 6502, 490, 196, 182, true, true
114613, 3440, 6509, 497, 197, 181, true, true
115795, 3463, 6510, 498, 198, 180, true, true
116287, 3471, 6510, 496, 197, 181, true, true
116337, 3472, 6511, 497, 198, 179, true, true
116646, 3477, 6511, 495, 197, 180, true, true
117512, 3495, 6511, 494, 196, 182, true, true
117820, 3499, 6511, 493, 196, 182, true, true
117935, 3503, 6512, 493, 197, 181, true, true
118297, 3508, 6512, 492, 197, 181, true, true
118856, 3520, 6514, 493, 198, 179, true, true
119237, 3530, 6516, 494, 199, 177, true, true
119700, 3541, 6517, 495, 200, 175, true, true
120828, 3566, 6517, 494, 199, 178, true, true
121359, 3575, 6517, 493, 198, 178, true, true
121738, 3579, 6517, 492, 197, 178, true, true
122546, 3594, 6518, 493, 198, 178, true, true
123121, 3604, 6518, 485, 197, 180, true, true
123960, 3624, 6519, 483, 198, 183, true, true
124548, 3637, 6525, 488, 199, 181, true, true
124845, 3643, 6525, 487, 198, 181, true, true
125214, 3650, 6525, 486, 197, 182, true, true
125728, 3663, 6525, 485, 197, 184, true, true
126155, 3675, 6525, 484, 196, 185, true, true
126404, 3679, 6527, 486, 197, 184, true, true
126511, 3682, 6527, 483, 196, 184, true, true
127374, 3704, 6528, 484, 197, 185, true, true
127803, 3712, 6529, 485, 198, 184, true, true
128092, 3718, 6529, 484, 197, 184, true, true
129028, 3737, 6530, 484, 197, 184, true, true
129069, 3738, 6533, 487, 198, 184, true, true
129086, 3739, 6534, 488, 199, 180, true, true
129371, 3743, 6534, 487, 198, 180, true, true
130166, 3759, 6534, 485, 196, 183, true, true
131352, 3784, 6535, 486, 197, 183, true, true
131730, 3789, 6536, 487, 198, 183, true, true
132666, 3810, 6536, 486, 198, 185, true, true
133635, 3829, 6536, 485, 198, 187, true, true
133792, 3835, 6563, 512, 199, 186, true, true
134135, 3839, 6563, 511, 198, 188, true, true
134523, 3847, 6563, 510, 198, 189, true, true
136071, 3883, 6564, 511, 199, 187, true, true
136223, 3886, 6564, 510, 198, 188, true, true
136415, 3888, 6564, 509, 197, 188, true, true
136732, 3898, 6564, 508, 196, 188, true, true
136766, 3900, 6564, 507, 195, 188, true, true
137136, 3910, 6565, 506, 195, 186, true, true
139182, 3941, 6566, 507, 196, 186, true, true
139664, 3949, 6568, 508, 196, 186, true, true
139906, 3953, 6570, 510, 197, 179, true, true
141239, 3974, 6570, 509, 196, 183, true, true
141391, 3978, 6570, 508, 195, 183, true, true
141557, 3982, 6571, 508, 195, 180, true, true
142099, 3992, 6571, 507, 194, 180, true, true
142451, 4002, 6579, 515, 195, 178, true, true
143275, 4018, 6581, 517, 196, 176, true, true
143771, 4028, 6581, 516, 195, 177, true, true
143788, 4029, 6582, 517, 196, 175, true, true
144159, 4037, 6583, 517, 196, 174, true, true
144475, 4043, 6584, 518, 197, 172, true, true
144840, 4050, 6584, 517, 197, 172, true, true
145569, 4065, 6584, 516, 196, 173, true, true
146288, 4077, 6584, 515, 195, 174, true, true
148118, 4109, 6584, 507, 194, 174, true, true
148373, 4112, 6585, 508, 195, 173, true, true
149005, 4120, 6585, 507, 195, 175, true, true
149042, 4122, 6602, 522, 196, 174, true, true
149686, 4132, 6602, 521, 195, 174, true, true
150189, 4139, 6602, 519, 195, 174, true, true
151219, 4157, 6603, 520, 196, 176, true, true
151531, 4164, 6605, 522, 197, 175, true, true
151644, 4167, 6605, 520, 196, 176, true, true
151674, 4168, 6606, 521, 197, 175, true, true
151878, 4173, 6606, 518, 197, 176, true, true
151898, 4174, 6607, 519, 198, 175, true, true
152160, 4180, 6608, 520, 199, 176, true, true
152715, 4189, 6609, 521, 200, 176, true, true
152984, 4194, 6610, 522, 201, 175, true, true
154689, 4227, 6624, 520, 202, 177, true, true
155148, 4237, 6624, 519, 201, 177, true, true
155748, 4250, 6625, 520, 202, 178, true, true
157342, 4275, 6625, 519, 201, 181, true, true
157760, 4283, 6636, 529, 202, 178, true, true
158584, 4298, 6636, 528, 201, 179, true, true
159003, 4308, 6636, 520, 200, 180, true, true
159407, 4319, 6636, 519, 199, 181, true, true
160047, 4330, 6637, 520, 200, 181, true, true
160404, 4334, 6637, 516, 199, 182, true, true
160490, 4336, 6638, 515, 199, 180, true, true
161004, 4348, 6638, 514, 198, 180, true, true
163683, 4376, 6639, 515, 199, 181, true, true
163800, 4379, 6640, 516, 200, 178, true, true
164836, 4398, 6641, 517, 201, 177, true, true
165522, 4414, 6641, 513, 200, 177, true, true
165543, 4415, 6648, 520, 201, 174, true, true
166282, 4434, 6648, 519, 200, 174, true, true
166972, 4443, 6648, 516, 199, 174, true, true
168637, 4479, 6648, 515, 199, 176, true, true
169306, 4492, 6648, 514, 198, 176, true, true
170131, 4507, 6648, 512, 197, 177, true, true
170899, 4522, 6648, 511, 196, 181, true, true
170962, 4523, 6656, 511, 194, 180, true, true
171455, 4531, 6656, 510, 193, 180, true, true
171519, 4532, 6657, 511, 194, 179, true, true
172258, 4547, 6657, 510, 193, 180, true, true
174826, 4601, 6658, 511, 194, 181, true, true
175240, 4607, 6660, 512, 195, 180, true, true
175686, 4617, 6662, 514, 196, 176, true, true
177106, 4641, 6663, 515, 197, 174, true, true
177873, 4660, 6663, 513, 197, 176, true, true
180592, 4713, 6663, 511, 196, 178, true, true
180767, 4718, 6664, 512, 197, 174, true, true
181125, 4725, 6664, 511, 196, 174, true, true
181453, 4731, 6665, 512, 197, 174, true, true
184632, 4793, 6665, 510, 196, 178, true, true
184923, 4800, 6667, 512, 197, 177, true, true
184970, 4801, 6668, 513, 198, 176, true, true
185586, 4818, 6668, 512, 197, 176, true, true
185966, 4828, 6668, 511, 196, 177, true, true
186278, 4835, 6668, 509, 195, 177, true, true
186565, 4840, 6668, 508, 195, 178, true, true
187711, 4869, 6668, 507, 194, 182, true, true
188986, 4891, 6669, 507, 194, 182, true, true
191233, 4942, 6670, 508, 195, 187, true, true
191522, 4952, 6990, 817, 196, 186, true, true
193795, 5000, 6992, 815, 196, 187, true, true
194079, 5007, 6992, 813, 196, 187, true, true
194252, 5011, 6992, 812, 195, 189, true, true
194588, 5019, 6992, 811, 194, 189, true, true
194886, 5027, 6993, 812, 195, 188, true, true
195488, 5041, 6993, 811, 194, 188, true, true
195801, 5047, 6995, 813, 195, 187, true, true
198382, 5105, 6995, 803, 194, 189, true, true
198869, 5119, 6996, 804, 195, 181, true, true
199074, 5125, 6997, 805, 196, 179, true, true
200319, 5146, 6997, 803, 194, 182, true, true
200356, 5147, 6998, 795, 195, 181, true, true
200677, 5154, 7000, 797, 196, 180, true, true
201517, 5173, 7000, 796, 196, 181, true, true
201756, 5177, 7000, 794, 195, 181, true, true
203416, 5211, 7003, 796, 195, 183, true, true
203751, 5218, 7004, 796, 196, 179, true, true
205786, 5269, 7005, 797, 197, 180, true, true
205981, 5272, 7008, 796, 197, 179, true, true
206137, 5275, 7009, 797, 198, 179, true, true
206937, 5294, 7009, 796, 197, 181, true, true
207053, 5298, 7063, 805, 196, 180, true, true
208615, 5334, 7064, 805, 196, 179, true, true
209621, 5358, 7064, 803, 195, 182, true, true
210024, 5370, 7066, 805, 196, 182, true, true
210852, 5392, 7066, 801, 195, 183, true, true
210932, 5394, 7066, 800, 194, 183, true, true
210979, 5397, 7067, 801, 195, 182, true, true
211342, 5404, 7068, 802, 196, 179, true, true
213977, 5460, 7068, 801, 195, 184, true, true
215080, 5482, 7070, 802, 196, 183, true, true
216038, 5497, 7070, 801, 195, 183, true, true
216805, 5517, 7070, 800, 194, 184, true, true
217138, 5528, 7071, 795, 194, 185, true, true
217209, 5530, 7071, 794, 193, 186, true, true
217384, 5535, 7072, 795, 194, 185, true, true
217500, 5541, 7072, 794, 193, 185, true, true
217605, 5543, 7072, 793, 192, 186, true, true
218511, 5561, 7073, 786, 193, 186, true, true
219736, 5597, 7073, 785, 192, 186, true, true
220162, 5605, 7075, 787, 193, 184, true, true
220208, 5606, 7075, 786, 193, 184, true, true
220628, 5614, 7075, 779, 193, 184, true, true
222563, 5650, 7076, 779, 193, 180, true, true
222908, 5656, 7077, 780, 194, 179, true, true
222964, 5658, 7077, 779, 193, 179, true, true
223408, 5667, 7077, 778, 192, 181, true, true
223521, 5671, 7079, 759, 193, 180, true, true
226049, 5717, 7081, 761, 194, 182, true, true
226115, 5719, 7081, 760, 194, 182, true, true
226444, 5727, 7084, 763, 195, 180, true, true
226853, 5733, 7086, 765, 196, 180, true, true
228816, 5771, 7086, 764, 195, 180, true, true
231227, 5812, 7087, 765, 196, 180, true, true
231452, 5818, 7087, 764, 195, 180, true, true
231578, 5820, 7087, 763, 194, 181, true, true
231691, 5823, 7088, 764, 195, 179, true, true
232263, 5834, 7097, 761, 195, 178, true, true
232292, 5835, 7098, 762, 196, 177, true, true
232970, 5847, 7099, 763, 197, 177, true, true
233311, 5853, 7100, 763, 198, 176, true, true
233436, 5855, 7100, 762, 198, 176, true, true
233865, 5865, 7100, 761, 197, 177, true, true
234412, 5881, 7101, 762, 198, 176, true, true
234550, 5885, 7102, 763, 199, 175, true, true
235634, 5909, 7102, 762, 198, 176, true, true
236325, 5920, 7103, 762, 199, 174, true, true
236460, 5922, 7103, 761, 198, 174, true, true
239168, 5971, 7103, 760, 197, 176, true, true
240609, 6001, 7104, 761, 198, 176, true, true
240846, 6006, 7104, 758, 197, 176, true, true
241248, 6015, 7105, 759, 198, 175, true, true
241333, 6017, 7105, 758, 197, 175, true, true
242104, 6030, 7106, 758, 198, 174, true, true
242853, 6041, 7107, 759, 199, 173, true, true
243435, 6052, 7108, 760, 200, 173, true, true
246280, 6098, 7109, 758, 201, 175, true, true
247082, 6115, 7111, 760, 202, 175, true, true
247409, 6123, 7111, 758, 202, 175, true, true
248189, 6142, 7117, 764, 203, 173, true, true
248700, 6153, 7117, 762, 203, 174, true, true
250794, 6200, 7118, 763, 204, 173, true, true
253151, 6243, 7118, 762, 203, 173, true, true
253465, 6251, 7118, 755, 202, 173, true, true
253939, 6262, 7118, 753, 201, 173, true, true
254858, 6277, 7118, 751, 199, 174, true, true
254940, 6279, 7119, 752, 200, 172, true, true
255118, 6283, 7121, 754, 201, 171, true, true
255239, 6284, 7122, 755, 202, 170, true, true
255386, 6288, 7123, 750, 202, 170, true, true
256243, 6306, 7124, 751, 203, 170, true, true
257467, 6336, 7124, 750, 202, 173, true, true
258710, 6367, 7124, 749, 201, 173, true, true
259127, 6376, 7125, 749, 202, 172, true, true
259978, 6398, 7126, 750, 203, 169, true, true
261291, 6421, 7126, 749, 202, 170, true, true
261821, 6433, 7126, 747, 201, 170, true, true
262192, 6442, 7127, 748, 202, 169, true, true
262421, 6449, 7127, 741, 202, 169, true, true
262882, 6457, 7127, 739, 201, 170, true, true
263006, 6459, 7128, 740, 202, 169, true, true
263158, 6463, 7128, 739, 201, 169, true, true
263682, 6477, 7128, 737, 201, 169, true, true
263973, 6484, 7128, 735, 200, 169, true, true
265790, 6525, 7129, 736, 201, 170, true, true
265946, 6530, 7129, 735, 200, 170, true, true
266106, 6532, 7129, 733, 199, 170, true, true
266356, 6538, 7129, 731, 197, 170, true, true
266483, 6540, 7129, 730, 196, 170, true, true
266602, 6543, 7132, 732, 197, 169, true, true
266730, 6547, 7132, 731, 197, 169, true, true
266875, 6550, 7132, 730, 197, 169, true, true
267278, 6558, 7133, 731, 198, 167, true, true
267581, 6566, 7135, 733, 199, 164, true, true
267922, 6571, 7135, 732, 198, 164, true, true
268071, 6577, 7137, 734, 199, 163, true, true
270078, 6610, 7137, 733, 199, 166, true, true
270140, 6612, 7138, 734, 200, 164, true, true
272444, 6668, 7138, 733, 199, 167, true, true
273029, 6677, 7139, 734, 200, 165, true, true
273198, 6679, 7140, 735, 201, 162, true, true
273462, 6684, 7144, 736, 201, 161, true, true
273684, 6689, 7144, 735, 200, 162, true, true
274324, 6704, 7144, 733, 199, 162, true, true
274969, 6709, 7144, 732, 198, 162, true, true
275437, 6719, 7144, 731, 197, 164, true, true
276170, 6737, 7144, 730, 196, 165, true, true
276690, 6746, 7145, 731, 197, 163, true, true
279173, 6797, 7145, 730, 196, 165, true, true
280168, 6813, 7145, 729, 195, 166, true, true
280440, 6819, 7145, 728, 194, 166, true, true
282440, 6855, 7146, 729, 195, 166, true, true
282993, 6866, 7146, 727, 194, 166, true, true
284285, 6889, 7147, 728, 195, 162, true, true
284548, 6896, 7150, 730, 195, 159, true, true
285333, 6915, 7150, 729, 194, 162, true, true
286889, 6945, 7150, 727, 192, 162, true, true
288411, 6975, 7150, 726, 191, 166, true, true
289360, 6987, 7150, 725, 190, 166, true, true
291353, 7028, 7151, 726, 191, 165, true, true
291391, 7029, 7151, 725, 190, 165, true, true
291952, 7042, 7151, 724, 189, 165, true, true
293995, 7091, 7152, 725, 190, 163, true, true
294224, 7095, 7152, 724, 189, 163, true, true
294255, 7096, 7155, 727, 190, 162, true, true
296035, 7133, 7155, 726, 190, 164, true, true
296091, 7134, 7155, 725, 189, 164, true, true
297058, 7150, 7155, 724, 188, 166, true, true
298311, 7179, 7155, 723, 187, 168, true, true
298341, 7180, 7156, 722, 187, 164, true, true
298616, 7186, 7156, 721, 186, 165, true, true
298995, 7192, 7156, 720, 185, 165, true, true
299371, 7198, 7157, 721, 186, 165, true, true
300137, 7211, 7157, 717, 185, 166, true, true
300682, 7221, 7160, 720, 186, 163, true, true
301616, 7227, 7162, 721, 187, 162, true, true
302356, 7242, 7163, 722, 188, 162, true, true
305080, 7287, 7163, 721, 187, 163, true, true
305531, 7297, 7164, 722, 188, 161, true, true
305687, 7301, 7176, 731, 189, 159, true, true
306362, 7316, 7176, 730, 188, 160, true, true
307662, 7342, 7214, 757, 187, 159, true, true
309123, 7374, 7215, 758, 188, 158, true, true
312433, 7446, 7215, 757, 188, 158, true, true
313029, 7451, 7215, 756, 187, 160, true, true
314052, 7466, 7217, 756, 187, 158, true, true
314649, 7475, 7218, 757, 188, 154, true, true
315410, 7489, 7218, 756, 187, 154, true, true
315433, 7491, 7219, 757, 188, 153, true, true
315744, 7497, 7219, 754, 188, 153, true, true
317553, 7530, 7219, 753, 187, 153, true, true
317682, 7533, 7226, 760, 188, 152, true, true
318319, 7547, 7226, 759, 187, 152, true, true
318639, 7551, 7227, 760, 188, 151, true, true
319498, 7563, 7227, 759, 187, 151, true, true
320254, 7577, 7228, 760, 188, 149, true, true
320699, 7586, 7228, 759, 187, 149, true, true
321265, 7593, 7228, 758, 186, 150, true, true
323309, 7630, 7229, 757, 186, 147, true, true
325505, 7668, 7229, 756, 185, 152, true, true
325648, 7672, 7232, 758, 185, 150, true, true
325691, 7673, 7234, 760, 186, 143, true, true
326763, 7687, 7235, 761, 187, 142, true, true
327387, 7698, 7236, 762, 188, 141, true, true
327531, 7703, 7238, 759, 189, 139, true, true
331160, 7771, 7238, 758, 188, 140, true, true
333993, 7824, 7238, 757, 187, 140, true, true
335483, 7853, 7238, 756, 186, 141, true, true
337682, 7883, 7238, 755, 185, 141, true, true
337748, 7884, 7240, 738, 186, 136, true, true
339014, 7909, 7241, 739, 187, 136, true, true
339114, 7911, 7242, 740, 188, 132, true, true
340221, 7931, 7242, 739, 188, 133, true, true
342332, 7963, 7242, 697, 187, 135, true, true
345508, 8023, 7242, 696, 186, 140, true, true
345907, 8031, 7242, 695, 186, 140, true, true
348327, 8076, 7242, 694, 185, 143, true, true
348904, 8086, 7243, 695, 186, 140, true, true
350338, 8110, 7243, 694, 186, 140, true, true
350636, 8113, 7243, 693, 185, 140, true, true
352034, 8138, 7245, 695, 186, 141, true, true
357383, 8222, 7245, 694, 185, 143, true, true
358224, 8237, 7246, 695, 186, 142, true, true
360971, 8289, 7246, 693, 185, 144, true, true
362812, 8332, 7246, 692, 185, 144, true, true
363132, 8338, 7259, 699, 185, 143, true, true
365784, 8392, 7259, 698, 184, 144, true, true
366773, 8413, 7259, 696, 183, 146, true, true
367583, 8426, 7259, 693, 182, 146, true, true
367657, 8428, 7260, 694, 183, 145, true, true
367924, 8434, 7260, 693, 183, 145, true, true
368491, 8448, 7262, 695, 184, 144, true, true
368814, 8456, 7262, 693, 182, 144, true, true
370142, 8490, 7263, 694, 183, 141, true, true
370391, 8496, 7263, 692, 182, 141, true, true
370461, 8498, 7266, 694, 182, 140, true, true
371068, 8507, 7267, 695, 183, 139, true, true
371151, 8508, 7267, 694, 182, 139, true, true
372125, 8527, 7273, 688, 182, 139, true, true
375490, 8600, 7274, 689, 183, 140, true, true
377211, 8644, 7274, 686, 182, 140, true, true
377764, 8655, 7274, 685, 181, 142, true, true
378321, 8669, 7274, 684, 180, 142, true, true
379786, 8699, 7275, 685, 181, 144, true, true
379877, 8701, 7276, 686, 182, 143, true, true
381075, 8725, 7276, 683, 181, 143, true, true
382016, 8751, 7276, 682, 180, 145, true, true
383712, 8786, 7278, 417, 181, 144, true, true
388414, 8900, 7291, 422, 182, 147, true, true
388551, 8903, 7291, 421, 181, 148, true, true
389161, 8917, 7291, 420, 180, 148, true, true
389484, 8927, 7294, 420, 181, 148, true, true
391859, 8968, 7294, 417, 180, 148, true, true
392267, 8977, 7294, 416, 179, 148, true, true
392868, 8989, 7297, 418, 179, 147, true, true
394136, 9017, 7298, 419, 180, 141, true, true
396134, 9064, 7298, 418, 179, 143, true, true
397355, 9088, 7298, 417, 178, 143, true, true
398525, 9107, 7298, 416, 177, 144, true, true
401507, 9162, 7300, 417, 177, 143, true, true
403953, 9208, 7300, 415, 176, 144, true, true
404697, 9224, 7301, 416, 177, 143, true, true
406456, 9266, 7301, 415, 176, 145, true, true
407688, 9292, 7302, 416, 177, 146, true, true
408100, 9303, 7303, 417, 178, 146, true, true
409404, 9326, 7303, 416, 177, 147, true, true
411402, 9366, 7303, 415, 176, 149, true, true
413298, 9398, 7303, 414, 176, 150, true, true
415008, 9427, 7303, 413, 175, 153, true, true
415257, 9431, 7303, 412, 174, 153, true, true
420400, 9539, 7304, 413, 175, 153, true, true
420988, 9556, 7305, 413, 175, 151, true, true
421109, 9560, 7306, 413, 176, 151, true, true
423463, 9598, 7313, 420, 177, 152, true, true
423630, 9600, 7313, 419, 176, 152, true, true
426466, 9654, 7314, 419, 176, 154, true, true
427753, 9681, 7314, 418, 175, 156, true, true
428586, 9701, 7314, 417, 174, 157, true, true
428753, 9702, 7316, 419, 175, 156, true, true
429989, 9723, 7319, 422, 176, 156, true, true
430388, 9729, 7319, 421, 175, 156, true, true
431910, 9757, 7319, 420, 174, 158, true, true
435589, 9817, 7320, 421, 175, 159, true, true
435779, 9822, 7320, 419, 173, 159, true, true
436326, 9837, 7321, 419, 173, 158, true, true
438431, 9882, 7321, 418, 172, 162, true, true
444007, 9982, 7322, 419, 173, 168, true, true
445791, 10020, 7322, 418, 172, 171, true, true
448314, 10055, 7322, 417, 172, 171, true, true
448772, 10063, 7322, 416, 171, 171, true, true
454031, 10177, 7323, 417, 172, 172, true, true
454732, 10189, 7323, 416, 171, 174, true, true
456875, 10221, 7325, 418, 172, 175, true, true
458553, 10248, 7326, 417, 173, 174, true, true
460277, 10281, 7326, 416, 172, 174, true, true
463535, 10341, 7327, 417, 173, 174, true, true
466840, 10403, 7337, 427, 174, 175, true, true
467349, 10413, 7341, 431, 175, 174, true, true
467627, 10420, 7341, 430, 175, 174, true, true
469262, 10458, 7342, 431, 176, 173, true, true
469363, 10460, 7365, 450, 177, 172, true, true
474366, 10546, 7366, 451, 178, 174, true, true
474731, 10556, 7366, 450, 177, 174, true, true
475373, 10568, 7367, 451, 178, 173, true, true
477225, 10599, 7367, 449, 177, 173, true, true
477428, 10603, 7382, 462, 177, 171, true, true
478473, 10620, 7383, 463, 178, 170, true, true
481260, 10666, 7383, 462, 177, 170, true, true
482177, 10681, 7389, 465, 177, 166, true, true
482690, 10690, 7389, 464, 176, 166, true, true
485181, 10733, 7389, 463, 176, 168, true, true
486322, 10757, 7389, 462, 175, 168, true, true
486801, 10766, 7392, 465, 176, 167, true, true
488480, 10801, 7394, 467, 177, 166, true, true
489275, 10813, 7394, 466, 176, 166, true, true
489605, 10819, 7401, 473, 177, 160, true, true
491391, 10849, 7404, 476, 178, 158, true, true
494863, 10902, 7404, 471, 178, 159, true, true
497319, 10944, 7404, 470, 177, 160, true, true
498476, 10961, 7405, 470, 177, 158, true, true
499175, 10971, 7405, 469, 176, 158, true, true
502753, 11038, 7405, 468, 175, 159, true, true
503259, 11051, 7406, 469, 176, 156, true, true
503623, 11059, 7406, 468, 175, 156, true, true
504753, 11086, 7407, 468, 175, 154, true, true
511026, 11198, 7408, 466, 175, 157, true, true
515600, 11275, 7408, 465, 174, 159, true, true
516185, 11285, 7410, 467, 175, 158, true, true
516395, 11288, 7410, 466, 174, 158, true, true
516520, 11291, 7410, 464, 173, 158, true, true
517979, 11317, 7410, 463, 172, 160, true, true
518000, 11318, 7411, 464, 173, 154, true, true
520389, 11359, 7411, 463, 172, 154, true, true
522475, 11409, 7412, 464, 173, 155, true, true
522838, 11417, 7417, 465, 173, 151, true, true
523871, 11440, 7421, 469, 174, 150, true, true
523992, 11443, 7422, 470, 175, 149, true, true
524927, 11461, 7424, 472, 176, 149, true, true
526144, 11477, 7424, 471, 175, 150, true, true
528912, 11536, 7424, 469, 174, 152, true, true
531354, 11583, 7425, 470, 175, 152, true, true
534621, 11651, 7425, 469, 174, 154, true, true
535088, 11662, 7425, 466, 173, 155, true, true
536430, 11693, 7429, 469, 174, 155, true, true
536918, 11704, 7430, 470, 175, 150, true, true
537883, 11723, 7431, 471, 176, 150, true, true
539522, 11759, 7433, 473, 177, 151, true, true
540292, 11771, 7433, 471, 176, 151, true, true
541245, 11792, 7433, 470, 175, 151, true, true
543700, 11834, 7434, 471, 176, 153, true, true
545007, 11850, 7435, 472, 177, 154, true, true
548236, 11877, 7435, 471, 176, 154, true, true
555545, 11985, 7436, 472, 177, 156, true, true
555691, 11987, 7437, 473, 178, 156, true, true
564890, 12150, 7438, 474, 179, 160, true, true
567630, 12197, 7439, 475, 180, 155, true, true
569867, 12239, 7439, 473, 179, 155, true, true
571276, 12266, 7439, 472, 178, 156, true, true
572230, 12290, 7441, 473, 178, 152, true, true
576078, 12365, 7441, 472, 177, 156, true, true
577976, 12397, 7441, 471, 176, 156, true, true
578132, 12400, 7441, 470, 175, 156, true, true
587535, 12534, 7441, 469, 174, 159, true, true
587823, 12539, 7442, 470, 175, 158, true, true
588811, 12558, 7443, 471, 176, 157, true, true
589639, 12573, 7443, 470, 175, 158, true, true
590945, 12596, 7443, 468, 174, 158, true, true
591194, 12601, 7443, 467, 174, 158, true, true
593393, 12641, 7443, 466, 173, 159, true, true
594735, 12668, 7443, 464, 172, 159, true, true
600082, 12772, 7443, 460, 171, 164, true, true
601905, 12807, 7443, 459, 170, 166, true, true
611143, 12969, 7443, 458, 169, 170, true, true
613634, 13017, 7443, 457, 168, 172, true, true
615617, 13059, 7443, 456, 167, 172, true, true
622019, 13167, 7444, 457, 168, 174, true, true
622408, 13174, 7445, 458, 169, 174, true, true
626725, 13269, 7445, 456, 168, 176, true, true
629856, 13321, 7445, 455, 167, 177, true, true
632286, 13369, 7445, 454, 166, 179, true, true
632405, 13371, 7445, 453, 165, 179, true, true
634119, 13399, 7445, 450, 164, 180, true, true
635815, 13433, 7445, 448, 163, 181, true, true
635880, 13435, 7446, 449, 164, 181, true, true
636490, 13443, 7447, 450, 165, 178, true, true
642409, 13554, 7447, 449, 164, 181, true, true
642647, 13561, 7451, 453, 165, 180, true, true
643888, 13583, 7452, 454, 166, 178, true, true
649404, 13653, 7453, 455, 167, 180, true, true
651744, 13695, 7454, 456, 168, 178, true, true
655273, 13757, 7455, 457, 169, 176, true, true
655619, 13764, 7455, 456, 168, 177, true, true
662772, 13908, 7455, 454, 168, 181, true, true
663746, 13927, 7463, 461, 168, 180, true, true
664496, 13943, 7463, 460, 167, 180, true, true
668674, 14021, 7463, 459, 166, 187, true, true
669224, 14035, 7464, 460, 167, 186, true, true
679890, 14248, 7465, 461, 168, 189, true, true
680258, 14257, 7465, 459, 167, 191, true, true
680994, 14269, 7466, 460, 168, 190, true, true
681092, 14272, 7467, 461, 169, 186, true, true
683854, 14319, 7467, 460, 169, 188, true, true
687614, 14391, 7468, 461, 170, 189, true, true
688098, 14403, 7468, 460, 169, 189, true, true
689828, 14446, 7468, 459, 168, 191, true, true
691454, 14476, 7468, 458, 167, 191, true, true
691531, 14477, 7468, 457, 167, 191, true, true
698773, 14620, 7470, 459, 168, 195, true, true
712109, 14901, 7470, 458, 167, 202, true, true
712129, 14902, 7472, 460, 168, 200, true, true
718694, 15024, 7472, 458, 167, 201, true, true
720282, 15055, 7472, 457, 166, 201, true, true
724546, 15143, 7472, 454, 165, 201, true, true
726132, 15176, 7472, 453, 164, 202, true, true
730195, 15271, 7472, 452, 163, 202, true, true
730435, 15277, 7474, 454, 164, 201, true, true
731816, 15309, 7474, 453, 163, 201, true, true
732015, 15312, 7474, 450, 162, 201, true, true
732824, 15335, 7477, 450, 162, 201, true, true
733634, 15353, 7484, 429, 163, 201, true, true
746966, 15673, 7484, 428, 162, 210, true, true
749712, 15740, 7484, 427, 161, 214, true, true
751497, 15774, 7485, 428, 162, 213, true, true
752048, 15784, 7487, 430, 163, 210, true, true
754212, 15822, 7487, 429, 162, 212, true, true
755506, 15847, 7488, 430, 163, 212, true, true
756809, 15882, 7489, 431, 164, 211, true, true
763217, 16012, 7490, 432, 165, 210, true, true
763409, 16016, 7491, 433, 166, 208, true, true
763944, 16030, 7493, 435, 167, 208, true, true
767912, 16134, 7494, 435, 167, 208, true, true
768331, 16145, 7494, 434, 166, 208, true, true
768805, 16149, 7495, 435, 167, 208, true, true
772326, 16233, 7496, 436, 168, 207, true, true
772833, 16246, 7497, 437, 169, 204, true, true
774259, 16288, 7497, 436, 168, 204, true, true
779813, 16407, 7498, 434, 169, 205, true, true
784478, 16518, 7498, 433, 168, 208, true, true
796647, 16805, 7499, 434, 169, 210, true, true
797106, 16815, 7500, 434, 170, 208, true, true
806202, 17043, 7501, 435, 171, 213, true, true
809322, 17121, 7502, 436, 172, 212, true, true
809872, 17136, 7503, 437, 173, 209, true, true
811196, 17174, 7509, 443, 174, 210, true, true
813489, 17240, 7509, 440, 173, 212, true, true
815253, 17285, 7509, 439, 172, 214, true, true
815747, 17299, 7511, 438, 171, 211, true, true
816632, 17322, 7511, 436, 170, 212, true, true
817736, 17350, 7511, 435, 169, 212, true, true
817952, 17355, 7511, 434, 169, 212, true, true
818261, 17364, 7512, 435, 170, 211, true, true
818693, 17375, 7513, 435, 170, 211, true, true
821973, 17456, 7513, 434, 169, 216, true, true
823841, 17501, 7514, 435, 170, 215, true, true
825235, 17537, 7514, 432, 170, 216, true, true
826257, 17569, 7514, 431, 169, 219, true, true
827360, 17606, 7515, 432, 170, 215, true, true
828445, 17637, 7515, 431, 169, 215, true, true
828904, 17651, 7515, 430, 168, 216, true, true
833490, 17783, 7515, 428, 167, 218, true, true
834156, 17803, 7516, 419, 167, 216, true, true
843111, 18045, 7518, 419, 167, 222, true, true
844037, 18070, 7519, 420, 168, 220, true, true
847932, 18177, 7519, 419, 167, 223, true, true
848841, 18207, 7520, 420, 168, 221, true, true
855526, 18413, 7524, 413, 169, 229, true, true
858304, 18500, 7525, 414, 170, 228, true, true
859513, 18523, 7525, 412, 169, 228, true, true
859838, 18533, 7526, 413, 170, 225, true, true
860389, 18550, 7526, 412, 169, 226, true, true
861667, 18589, 7527, 413, 170, 226, true, true
862360, 18608, 7528, 414, 171, 224, true, true
862753, 18627, 7528, 413, 170, 224, true, true
866499, 18732, 7529, 414, 171, 226, true, true
867108, 18751, 7530, 408, 171, 226, true, true
868785, 18797, 7531, 408, 172, 223, true, true
869987, 18830, 7532, 409, 173, 223, true, true
870336, 18840, 7532, 408, 172, 223, true, true
872348, 18891, 7532, 407, 171, 223, true, true
873986, 18936, 7532, 404, 170, 223, true, true
875541, 18981, 7533, 405, 171, 222, true, true
876637, 19018, 7533, 404, 170, 222, true, true
880749, 19136, 7534, 405, 171, 224, true, true
884593, 19229, 7534, 402, 170, 225, true, true
884911, 19240, 7535, 403, 171, 225, true, true
887161, 19286, 7536, 404, 172, 225, true, true
888049, 19305, 7536, 403, 171, 227, true, true
890042, 19354, 7537, 402, 171, 224, true, true
891031, 19381, 7539, 404, 172, 218, true, true
893662, 19441, 7543, 408, 173, 218, true, true
894859, 19464, 7544, 409, 174, 216, true, true
895696, 19487, 7544, 407, 173, 217, true, true
898518, 19549, 7545, 408, 174, 215, true, true
899451, 19567, 7545, 407, 174, 215, true, true
904663, 19692, 7545, 406, 173, 218, true, true
905544, 19713, 7545, 405, 172, 218, true, true
907615, 19761, 7546, 406, 173, 218, true, true
907911, 19770, 7546, 405, 172, 218, true, true
909357, 19806, 7548, 407, 173, 217, true, true
911439, 19856, 7549, 408, 174, 215, true, true
912489, 19873, 7552, 411, 175, 215, true, true
913589, 19898, 7554, 413, 176, 215, true, true
916879, 19985, 7562, 418, 175, 217, true, true
917305, 19996, 7563, 419, 176, 215, true, true
917841, 20016, 7564, 420, 177, 213, true, true
922291, 20113, 7564, 410, 176, 220, true, true
923675, 20140, 7566, 411, 176, 218, true, true
931748, 20342, 7566, 410, 175, 221, true, true
932432, 20359, 7568, 410, 176, 218, true, true
932905, 20372, 7570, 411, 176, 217, true, true
934405, 20417, 7570, 410, 175, 219, true, true
935039, 20433, 7571, 411, 176, 218, true, true
939222, 20531, 7571, 410, 175, 219, true, true
941161, 20580, 7571, 409, 174, 221, true, true
944874, 20666, 7575, 413, 175, 223, true, true
949191, 20767, 7577, 415, 176, 224, true, true
949319, 20770, 7577, 414, 175, 224, true, true
955508, 20894, 7585, 422, 176, 225, true, true
955847, 20902, 7585, 415, 175, 225, true, true
961386, 21042, 7585, 414, 174, 230, true, true
962111, 21059, 7586, 415, 175, 227, true, true
962119, 21060, 7588, 417, 176, 219, true, true
972148, 21328, 7588, 416, 175, 224, true, true
972856, 21343, 7589, 417, 176, 223, true, true
974477, 21384, 7589, 416, 175, 223, true, true
977014, 21452, 7589, 414, 174, 224, true, true
981416, 21587, 7590, 415, 175, 222, true, true
989086, 21803, 7591, 416, 176, 225, true, true
991878, 21877, 7591, 415, 175, 226, true, true
995428, 21960, 7593, 417, 176, 224, true, true
1002366, 22158, 7593, 414, 174, 227, true, true
1002591, 22163, 7593, 413, 173, 227, true, true
1005420, 22246, 7594, 414, 174, 229, true, true
1005599, 22249, 7601, 420, 175, 227, true, true
1005850, 22256, 7603, 422, 176, 223, true, true
1009228, 22345, 7607, 426, 177, 223, true, true
1011197, 22408, 7608, 427, 178, 223, true, true
1013138, 22465, 7608, 426, 177, 224, true, true
1013546, 22477, 7609, 427, 178, 223, true, true
1017655, 22585, 7611, 423, 179, 223, true, true
1022588, 22743, 7612, 423, 179, 223, true, true
1024091, 22784, 7612, 422, 178, 224, true, true
1027472, 22863, 7613, 422, 178, 224, true, true
1027767, 22871, 7613, 421, 177, 224, true, true
1031787, 22984, 7614, 422, 178, 222, true, true
1033739, 23049, 7614, 421, 177, 223, true, true
1037727, 23160, 7615, 422, 178, 222, true, true
1037906, 23164, 7620, 422, 179, 218, true, true
1039328, 23198, 7620, 421, 178, 219, true, true
1044751, 23351, 7621, 422, 179, 220, true, true
1047698, 23440, 7652, 436, 180, 216, true, true
1048491, 23467, 7657, 439, 181, 212, true, true
1048525, 23468, 7658, 439, 182, 210, true, true
1053684, 23623, 7659, 440, 183, 210, true, true
1054632, 23653, 7659, 439, 182, 210, true, true
1055203, 23675, 7661, 440, 183, 210, true, true
1055315, 23680, 7664, 442, 184, 209, true, true
1064872, 23918, 7665, 443, 185, 210, true, true
1067545, 23981, 7668, 446, 186, 211, true, true
1069312, 24031, 7669, 447, 187, 207, true, true
1075069, 24161, 7670, 446, 187, 208, true, true
1079538, 24299, 7670, 445, 186, 208, true, true
1080378, 24325, 7670, 444, 185, 209, true, true
1080681, 24331, 7673, 447, 186, 206, true, true
1081068, 24338, 7673, 446, 185, 206, true, true
1082600, 24369, 7673, 445, 184, 207, true, true
1088094, 24515, 7674, 446, 185, 208, true, true
1090775, 24587, 7674, 445, 184, 210, true, true
1091173, 24603, 7674, 443, 183, 210, true, true
1091835, 24623, 7674, 440, 182, 210, true, true
1092105, 24631, 7675, 441, 183, 209, true, true
1092481, 24643, 7675, 439, 182, 209, true, true
1093270, 24666, 7676, 440, 183, 207, true, true
1098783, 24815, 7678, 439, 183, 203, true, true
1104052, 24958, 7678, 438, 182, 206, true, true
1106494, 25029, 7680, 440, 183, 206, true, true
1110401, 25124, 7681, 441, 184, 200, true, true
1113351, 25209, 7681, 440, 183, 204, true, true
1118406, 25344, 7684, 443, 184, 205, true, true
1124090, 25500, 7684, 441, 183, 208, true, true
1124327, 25506, 7685, 440, 184, 206, true, true
1126073, 25561, 7685, 439, 183, 207, true, true
1128139, 25602, 7685, 438, 182, 207, true, true
1136287, 25827, 7687, 440, 183, 207, true, true
1136452, 25833, 7689, 442, 184, 206, true, true
1139769, 25930, 7690, 442, 185, 206, true, true
1143000, 26018, 7691, 442, 186, 207, true, true
1148199, 26140, 7692, 443, 187, 205, true, true
1149297, 26167, 7693, 444, 188, 204, true, true
1149438, 26174, 7693, 442, 187, 204, true, true
1151443, 26226, 7695, 444, 188, 203, true, true
1153868, 26287, 7695, 443, 187, 204, true, true
1155422, 26338, 7695, 442, 187, 204, true, true
1155597, 26345, 7697, 444, 188, 203, true, true
1156791, 26382, 7701, 447, 189, 202, true, true
1162299, 26530, 7701, 443, 189, 204, true, true
1162607, 26537, 7701, 442, 188, 204, true, true
1168926, 26683, 7702, 443, 189, 202, true, true
1169671, 26706, 7702, 442, 188, 202, true, true
1172749, 26793, 7704, 444, 189, 203, true, true
1173331, 26808, 7705, 445, 190, 201, true, true
1173386, 26809, 7705, 444, 189, 201, true, true
1177277, 26916, 7707, 446, 190, 205, true, true
1180640, 27014, 7709, 448, 191, 207, true, true
1181451, 27031, 7709, 447, 190, 207, true, true
1185572, 27117, 7709, 446, 189, 209, true, true
1186297, 27138, 7710, 447, 190, 207, true, true
1187775, 27180, 7710, 446, 189, 208, true, true
1190247, 27242, 7711, 441, 190, 207, true, true
1191979, 27284, 7714, 444, 191, 204, true, true
1193933, 27339, 7714, 443, 190, 205, true, true
1197198, 27430, 7716, 445, 191, 201, true, true
1198669, 27471, 7716, 442, 190, 201, true, true
1201513, 27542, 7717, 443, 191, 199, true, true
1203022, 27590, 7719, 445, 192, 194, true, true
1209269, 27766, 7719, 444, 192, 194, true, true
1216894, 27956, 7719, 443, 191, 196, true, true
1216974, 27958, 7719, 442, 190, 196, true, true
1217535, 27972, 7720, 443, 191, 194, true, true
1217577, 27975, 7722, 445, 192, 192, true, true
1217599, 27976, 7723, 446, 193, 190, true, true
1217627, 27977, 7723, 445, 193, 190, true, true
1223142, 28116, 7723, 444, 192, 192, true, true
1223283, 28121, 7724, 445, 193, 190, true, true
1223311, 28123, 7724, 444, 192, 190, true, true
1226262, 28203, 7725, 445, 193, 190, true, true
1232058, 28354, 7725, 444, 192, 192, true, true
1235456, 28442, 7725, 442, 191, 194, true, true
1236345, 28467, 7725, 441, 190, 194, true, true
1237773, 28508, 7726, 442, 191, 190, true, true
1237913, 28513, 7727, 443, 192, 188, true, true
1239688, 28562, 7727, 442, 191, 189, true, true
1242613, 28641, 7729, 442, 192, 188, true, true
1245056, 28707, 7730, 443, 193, 182, true, true
1247827, 28778, 7732, 445, 194, 179, true, true
1249504, 28815, 7733, 446, 195, 176, true, true
1249540, 28817, 7733, 444, 195, 176, true, true
1263237, 29125, 7735, 446, 196, 177, true, true
1264971, 29168, 7735, 436, 195, 179, true, true
1266160, 29200, 7735, 434, 193, 179, true, true
1266185, 29201, 7736, 435, 194, 178, true, true
1270266, 29306, 7737, 436, 195, 180, true, true
1270651, 29313, 7737, 435, 194, 180, true, true
1273755, 29381, 7737, 434, 193, 180, true, true
1277695, 29471, 7739, 436, 194, 180, true, true
1281092, 29562, 7739, 435, 193, 181, true, true
1281604, 29576, 7739, 434, 192, 183, true, true
1284961, 29650, 7739, 433, 191, 183, true, true
1289243, 29745, 7740, 434, 192, 179, true, true
1291988, 29810, 7740, 433, 191, 180, true, true
1296844, 29925, 7740, 432, 190, 182, true, true
1313066, 30319, 7741, 433, 191, 184, true, true
1323082, 30564, 7741, 431, 190, 187, true, true
1326873, 30655, 7742, 432, 191, 186, true, true
1328576, 30685, 7742, 431, 190, 187, true, true
1330472, 30734, 7742, 430, 189, 188, true, true
1331534, 30761, 7743, 431, 190, 185, true, true
1332385, 30782, 7744, 432, 191, 183, true, true
1337542, 30902, 7744, 431, 190, 186, true, true
1339457, 30957, 7744, 430, 189, 186, true, true
1342971, 31048, 7744, 429, 188, 186, true, true
1345506, 31110, 7745, 430, 189, 186, true, true
1348630, 31182, 7745, 429, 189, 186, true, true
1349279, 31197, 7745, 428, 188, 187, true, true
1355884, 31361, 7746, 428, 188, 190, true, true
1357416, 31401, 7746, 427, 187, 190, true, true
1362427, 31512, 7746, 426, 186, 192, true, true
1366241, 31610, 7747, 427, 187, 191, true, true
1366942, 31629, 7748, 428, 188, 190, true, true
1368131, 31666, 7749, 429, 189, 188, true, true
1372559, 31764, 7749, 428, 188, 191, true, true
1376283, 31845, 7749, 427, 187, 194, true, true
1384486, 32041, 7749, 426, 186, 194, true, true
1386369, 32093, 7749, 425, 185, 195, true, true
1391516, 32222, 7750, 425, 186, 194, true, true
1393430, 32272, 7750, 424, 186, 194, true, true
1393985, 32287, 7750, 416, 185, 194, true, true
1394234, 32294, 7750, 415, 184, 194, true, true
1398228, 32391, 7750, 413, 183, 194, true, true
1402088, 32483, 7750, 412, 182, 195, true, true
1410182, 32679, 7750, 411, 181, 196, true, true
1413625, 32755, 7751, 412, 182, 195, true, true
1417444, 32837, 7752, 413, 183, 195, true, true
1419410, 32880, 7752, 412, 182, 195, true, true
1422339, 32953, 7752, 410, 181, 195, true, true
1424214, 33002, 7752, 409, 181, 196, true, true
1438574, 33339, 7761, 418, 182, 198, true, true
1440319, 33378, 7761, 417, 182, 198, true, true
1461024, 33846, 7761, 416, 181, 203, true, true
1461940, 33869, 7762, 417, 182, 201, true, true
1462127, 33874, 7762, 416, 181, 202, true, true
1464763, 33930, 7762, 414, 180, 202, true, true
1465135, 33937, 7763, 415, 181, 200, true, true
1468135, 34001, 7765, 417, 182, 200, true, true
1481791, 34322, 7766, 418, 183, 204, true, true
1481999, 34327, 7767, 419, 184, 203, true, true
1484141, 34379, 7786, 436, 184, 200, true, true
1490210, 34514, 7786, 435, 183, 202, true, true
1495524, 34633, 7789, 429, 182, 201, true, true
1499776, 34735, 7789, 426, 181, 202, true, true
1500695, 34759, 7789, 425, 180, 202, true, true
1500809, 34764, 7790, 426, 181, 200, true, true
1504558, 34824, 7790, 425, 180, 201, true, true
1506678, 34872, 7792, 427, 181, 199, true, true
1509836, 34955, 7792, 426, 180, 199, true, true
1514575, 35063, 7793, 420, 181, 199, true, true
1516716, 35119, 7793, 419, 180, 200, true, true
1517969, 35136, 7794, 419, 181, 199, true, true
1523993, 35280, 7795, 420, 182, 195, true, true
1541138, 35686, 7796, 421, 183, 199, true, true
1542171, 35709, 7796, 420, 182, 199, true, true
1544521, 35753, 7796, 419, 181, 202, true, true
1545909, 35789, 7796, 418, 180, 203, true, true
1554098, 35964, 7797, 419, 181, 205, true, true
1555368, 35991, 7797, 418, 180, 205, true, true
1563196, 36140, 7797, 417, 179, 207, true, true
1564340, 36162, 7797, 415, 179, 207, true, true
1567648, 36241, 7797, 413, 178, 208, true, true
1572112, 36345, 7798, 414, 179, 207, true, true
1577168, 36467, 7799, 415, 180, 206, true, true
1578563, 36486, 7800, 416, 181, 204, true, true
1584677, 36610, 7800, 414, 180, 204, true, true
1587355, 36665, 7801, 413, 180, 202, true, true
1590266, 36742, 7802, 414, 181, 201, true, true
1591119, 36766, 7802, 413, 180, 201, true, true
1591442, 36779, 7803, 414, 181, 199, true, true
1597499, 36922, 7804, 415, 182, 197, true, true
1601853, 37001, 7804, 414, 181, 199, true, true
1603975, 37058, 7805, 415, 182, 199, true, true
1604565, 37074, 7805, 414, 181, 199, true, true
1608832, 37175, 7813, 415, 180, 194, true, true
1614922, 37284, 7813, 414, 179, 195, true, true
1617865, 37363, 7813, 413, 178, 195, true, true
1623559, 37495, 7814, 412, 179, 194, true, true
1629775, 37627, 7814, 411, 178, 195, true, true
1631072, 37652, 7814, 409, 177, 195, true, true
1636027, 37751, 7814, 403, 176, 196, true, true
1653716, 38165, 7814, 402, 175, 199, true, true
1654489, 38185, 7814, 401, 175, 199, true, true
1655233, 38206, 7815, 401, 176, 196, true, true
1655885, 38222, 7821, 407, 177, 196, true, true
1675362, 38517, 7821, 404, 176, 201, true, true
1679872, 38570, 7821, 402, 175, 202, true, true
1680461, 38577, 7821, 400, 174, 202, true, true
1690787, 38696, 7821, 383, 173, 202, true, true
1693634, 38731, 7822, 384, 174, 199, true, true
1712615, 38961, 7823, 384, 175, 202, true, true
1732123, 39185, 7826, 387, 176, 205, true, true
1733577, 39208, 7826, 386, 175, 206, true, true
1757647, 39465, 7827, 386, 175, 204, true, true
1772569, 39638, 7829, 388, 176, 201, true, true
1779883, 39739, 7835, 394, 177, 199, true, true
1791051, 39884, 7837, 396, 178, 196, true, true
1795335, 39933, 7838, 396, 178, 195, true, true
1798096, 39965, 7839, 397, 179, 192, true, true
1806439, 40064, 7839, 396, 178, 194, true, true
1811819, 40133, 7840, 397, 179, 195, true, true
1812069, 40137, 7840, 396, 178, 195, true, true
1812831, 40148, 7879, 413, 179, 192, true, true
1816699, 40195, 7881, 415, 180, 191, true, true
1817615, 40206, 7882, 415, 181, 190, true, true
1823573, 40282, 7883, 416, 182, 188, true, true
1839381, 40479, 7883, 415, 181, 191, true, true
1848777, 40585, 7883, 414, 180, 191, true, true
1865129, 40768, 7884, 414, 180, 192, true, true
1873592, 40828, 7884, 413, 179, 195, true, true
1960207, 41082, 7884, 412, 178, 197, true, true
1963540, 41119, 7911, 435, 178, 196, true, true
1969810, 41183, 7911, 434, 177, 197, true, true
1972097, 41211, 7911, 433, 176, 197, true, true
1974597, 41242, 7911, 432, 175, 198, true, true
1980955, 41314, 7912, 433, 176, 197, true, true
1982847, 41340, 7912, 432, 176, 197, true, true
1985214, 41371, 7912, 430, 175, 197, true, true
1993498, 41458, 7922, 390, 175, 195, true, true
2015980, 41720, 7924, 392, 176, 197, true, true
2023967, 41811, 7925, 393, 177, 195, true, true
2025086, 41825, 7925, 391, 176, 195, true, true
2028483, 41864, 7925, 390, 175, 195, true, true
2028785, 41867, 7925, 388, 174, 195, true, true
2030305, 41887, 7925, 383, 174, 195, true, true
2031684, 41902, 7927, 385, 175, 193, true, true
2044252, 42045, 7928, 386, 176, 191, true, true
2049667, 42104, 7930, 388, 177, 190, true, true
2073655, 42355, 7932, 390, 178, 193, true, true
2099365, 42617, 7933, 391, 179, 193, true, true
2116874, 42812, 7933, 390, 178, 196, true, true
2125029, 42907, 7933, 389, 177, 196, true, true
2150317, 43167, 7934, 390, 178, 195, true, true
2153363, 43207, 7936, 391, 178, 193, true, true
2168479, 43389, 7936, 389, 177, 195, true, true
2178317, 43526, 7936, 388, 176, 195, true, true
2180355, 43547, 7936, 387, 175, 195, true, true
2193409, 43745, 7936, 386, 174, 195, true, true
2209672, 44115, 7937, 387, 175, 197, true, true
2214398, 44236, 7942, 392, 176, 197, true, true
2220017, 44361, 7942, 391, 175, 198, true, true
2221925, 44415, 7942, 390, 175, 198, true, true
2224936, 44464, 7942, 384, 174, 199, true, true
2231311, 44606, 7943, 385, 175, 202, true, true
2238649, 44737, 7944, 386, 176, 198, true, true
2239758, 44760, 7944, 384, 176, 198, true, true
2245462, 44883, 7944, 383, 175, 200, true, true
2247681, 44933, 7946, 383, 174, 198, true, true
2247899, 44941, 7946, 382, 173, 198, true, true
2259547, 45200, 7946, 381, 172, 198, true, true
2272047, 45452, 7946, 379, 171, 200, true, true
2273494, 45483, 7947, 380, 172, 198, true, true
2275294, 45526, 7950, 383, 173, 196, true, true
2280902, 45649, 7951, 384, 174, 196, true, true
2288980, 45832, 7951, 383, 173, 198, true, true
2298109, 45962, 7952, 384, 174, 197, true, true
2317678, 46244, 7953, 385, 175, 196, true, true
2328222, 46429, 7956, 384, 175, 196, true, true
2329718, 46458, 7957, 385, 176, 192, true, true
2334577, 46563, 7958, 386, 177, 190, true, true
2342364, 46718, 7958, 385, 176, 191, true, true
2342976, 46728, 7958, 384, 175, 191, true, true
2349172, 46873, 7959, 385, 176, 186, true, true
2356249, 47038, 7961, 387, 177, 184, true, true
2356802, 47051, 7961, 385, 176, 185, true, true
2369636, 47327, 7961, 383, 174, 188, true, true
2376575, 47474, 7961, 382, 173, 190, true, true
2377725, 47503, 7961, 381, 172, 190, true, true
2383198, 47616, 7961, 380, 171, 191, true, true
2394503, 47859, 7961, 379, 170, 191, true, true
2394680, 47862, 7961, 378, 170, 191, true, true
2396521, 47897, 7962, 379, 171, 188, true, true
2397354, 47912, 7963, 380, 172, 187, true, true
2398921, 47935, 7971, 387, 173, 185, true, true
2400486, 47969, 7972, 388, 174, 184, true, true
2407826, 48139, 7974, 389, 175, 181, true, true
2408361, 48151, 7974, 388, 175, 181, true, true
2408868, 48162, 7975, 389, 176, 178, true, true
2411319, 48221, 7976, 390, 177, 174, true, true
2430261, 48647, 7992, 406, 178, 177, true, true
2432417, 48693, 7994, 407, 178, 174, true, true
2434846, 48749, 7994, 406, 177, 174, true, true
2436270, 48777, 7995, 407, 178, 173, true, true
2447338, 49013, 7995, 406, 177, 173, true, true
2481472, 49731, 7996, 407, 178, 181, true, true
2488647, 49885, 8000, 411, 179, 181, true, true
2491109, 49949, 8002, 413, 180, 180, true, true
2495689, 50048, 8006, 417, 181, 178, true, true
2496171, 50059, 8007, 416, 181, 177, true, true
2500671, 50144, 8007, 414, 180, 179, true, true
2505696, 50264, 8009, 416, 181, 172, true, true
2507829, 50310, 8009, 415, 180, 173, true, true
2509671, 50351, 8009, 414, 180, 173, true, true
2510611, 50379, 8010, 415, 181, 170, true, true
2514156, 50453, 8010, 414, 180, 170, true, true
2525001, 50676, 8010, 412, 179, 170, true, true
2533914, 50841, 8011, 413, 180, 169, true, true
2541984, 50999, 8013, 415, 181, 171, true, true
2582046, 51817, 8013, 407, 180, 176, true, true
2585542, 51896, 8015, 407, 180, 175, true, true
2587700, 51952, 8016, 408, 181, 174, true, true
2588328, 51963, 8016, 407, 181, 175, true, true
2590225, 52009, 8016, 406, 180, 175, true, true
2591208, 52029, 8016, 405, 179, 175, true, true
2606260, 52359, 8016, 404, 179, 177, true, true
2608447, 52399, 8017, 405, 180, 174, true, true
2610704, 52449, 8018, 406, 181, 173, true, true
2610938, 52454, 8018, 405, 180, 173, true, true
2613975, 52503, 8018, 404, 179, 173, true, true
2631997, 52891, 8018, 403, 178, 181, true, true
2643292, 53144, 8018, 402, 177, 181, true, true
2644048, 53160, 8019, 403, 178, 180, true, true
2648193, 53252, 8020, 404, 179, 179, true, true
2657418, 53459, 8021, 405, 180, 178, true, true
2657590, 53460, 8021, 404, 179, 178, true, true
2662484, 53562, 8022, 405, 180, 178, true, true
2667394, 53682, 8024, 407, 181, 175, true, true
2669786, 53737, 8025, 402, 182, 173, true, true
2670018, 53744, 8028, 403, 182, 172, true, true
2672746, 53804, 8028, 401, 181, 173, true, true
2676603, 53886, 8028, 400, 180, 174, true, true
2680349, 53976, 8028, 399, 179, 174, true, true
2682865, 54023, 8028, 384, 179, 174, true, true
2686484, 54111, 8029, 385, 180, 173, true, true
2698995, 54376, 8030, 386, 181, 172, true, true
2704498, 54508, 8031, 387, 182, 171, true, true
2709856, 54631, 8031, 385, 181, 173, true, true
2711271, 54658, 8033, 387, 182, 172, true, true
2714306, 54737, 8033, 386, 181, 172, true, true
2726757, 55033, 8033, 385, 180, 174, true, true
2727555, 55051, 8033, 381, 179, 174, true, true
2732784, 55179, 8033, 380, 178, 175, true, true
2733254, 55187, 8033, 379, 178, 175, true, true
2751235, 55570, 8034, 380, 179, 169, true, true
2768013, 55887, 8034, 379, 178, 171, true, true
2772588, 55987, 8035, 380, 179, 165, true, true
2789991, 56379, 8035, 379, 178, 165, true, true
2797580, 56542, 8036, 380, 179, 165, true, true
2816577, 56959, 8036, 374, 178, 169, true, true
2820716, 57046, 8037, 375, 179, 169, true, true
2827459, 57210, 8039, 376, 180, 163, true, true
2830510, 57286, 8039, 375, 179, 163, true, true
2846561, 57631, 8039, 374, 178, 165, true, true
2863183, 58020, 8040, 375, 179, 165, true, true
2867209, 58104, 8040, 374, 178, 165, true, true
2877075, 58330, 8040, 372, 177, 166, true, true
2884171, 58489, 8042, 374, 178, 164, true, true
2889133, 58606, 8045, 372, 179, 164, true, true
2889312, 58611, 8046, 373, 180, 162, true, true
2890267, 58632, 8046, 372, 179, 162, true, true
2904219, 58938, 8047, 373, 180, 164, true, true
2908471, 59038, 8048, 374, 181, 163, true, true
2913133, 59142, 8048, 373, 180, 163, true, true
2913341, 59146, 8048, 372, 179, 163, true, true
2930704, 59521, 8048, 371, 178, 164, true, true
2930841, 59525, 8048, 369, 177, 164, true, true
2930951, 59528, 8048, 368, 176, 164, true, true
2937794, 59667, 8049, 367, 175, 159, true, true
2943074, 59788, 8049, 366, 174, 160, true, true
2947071, 59854, 8049, 365, 173, 161, true, true
2955377, 60032, 8049, 363, 172, 163, true, true
2958407, 60106, 8050, 364, 173, 162, true, true
2961505, 60172, 8051, 365, 174, 156, true, true
2962348, 60186, 8051, 364, 173, 156, true, true
2986568, 60652, 8051, 363, 172, 157, true, true
3001006, 60963, 8053, 362, 171, 160, true, true
3012043, 61180, 8053, 361, 170, 161, true, true
3020551, 61357, 8054, 362, 171, 157, true, true
3021425, 61379, 8055, 363, 172, 156, true, true
3031461, 61601, 8055, 362, 171, 157, true, true
3033999, 61661, 8056, 363, 172, 151, true, true
3038017, 61749, 8056, 359, 171, 152, true, true
3039711, 61789, 8056, 357, 170, 152, true, true
3049974, 62028, 8056, 356, 169, 152, true, true
3056745, 62176, 8059, 357, 170, 152, true, true
3062597, 62282, 8059, 356, 169, 152, true, true
3072895, 62490, 8060, 357, 170, 149, true, true
3077636, 62590, 8062, 353, 170, 148, true, true
3077693, 62593, 8062, 352, 169, 148, true, true
3082085, 62684, 8062, 351, 168, 148, true, true
3090288, 62851, 8062, 349, 167, 150, true, true
3103933, 63135, 8062, 348, 166, 151, true, true
3106135, 63176, 8062, 347, 165, 151, true, true
3107848, 63212, 8062, 346, 164, 151, true, true
3111779, 63291, 8062, 345, 163, 152, true, true
3115263, 63357, 8063, 344, 163, 151, true, true
3116886, 63393, 8063, 343, 162, 151, true, true
3121188, 63483, 8067, 347, 163, 150, true, true
3123514, 63538, 8067, 346, 162, 150, true, true
3127189, 63619, 8068, 347, 163, 150, true, true
3128082, 63635, 8070, 349, 164, 145, true, true
3168541, 64473, 8070, 347, 163, 148, true, true
3187218, 64870, 8071, 347, 164, 149, true, true
3196774, 65086, 8071, 346, 164, 150, true, true
3209221, 65340, 8075, 350, 165, 148, true, true
3218124, 65542, 8075, 349, 164, 148, true, true
3231839, 65852, 8075, 348, 164, 151, true, true
3234803, 65911, 8075, 347, 164, 151, true, true
3253077, 66274, 8084, 356, 165, 154, true, true
3256334, 66334, 8084, 353, 164, 154, true, true
3277917, 66779, 8084, 351, 163, 155, true, true
3286782, 66966, 8085, 352, 164, 152, true, true
3320037, 67681, 8085, 351, 163, 156, true, true
3323137, 67747, 8086, 351, 164, 156, true, true
3332519, 67947, 8086, 349, 164, 160, true, true
3342676, 68148, 8086, 348, 163, 161, true, true
3344439, 68177, 8086, 347, 162, 163, true, true
3347963, 68245, 8087, 348, 163, 159, true, true
3348242, 68250, 8087, 346, 162, 159, true, true
3351208, 68309, 8087, 345, 161, 159, true, true
3351283, 68311, 8094, 352, 162, 158, true, true
3365205, 68581, 8094, 343, 161, 159, true, true
3378285, 68865, 8094, 339, 160, 162, true, true
3379341, 68891, 8094, 333, 160, 162, true, true
3379629, 68900, 8095, 334, 161, 161, true, true
3381298, 68946, 8095, 333, 160, 161, true, true
3391257, 69167, 8095, 332, 159, 161, true, true
3396761, 69307, 8095, 331, 158, 161, true, true
3422703, 69863, 8095, 330, 157, 164, true, true
3433320, 70089, 8095, 329, 156, 164, true, true
3455576, 70559, 8097, 326, 157, 166, true, true
3457557, 70594, 8098, 327, 158, 164, true, true
3459023, 70618, 8099, 328, 159, 165, true, true
3474641, 70957, 8099, 327, 159, 167, true, true
3498142, 71456, 8102, 330, 160, 168, true, true
3502596, 71548, 8108, 336, 161, 166, true, true
3504472, 71585, 8108, 334, 160, 166, true, true
3511018, 71729, 8109, 334, 160, 165, true, true
3526032, 72064, 8110, 335, 161, 163, true, true
3531450, 72171, 8111, 336, 162, 161, true, true
3542846, 72427, 8112, 337, 163, 160, true, true
3557607, 72762, 8113, 338, 164, 162, true, true
3562940, 72864, 8115, 340, 165, 161, true, true
3611006, 73910, 8115, 336, 163, 169, true, true
3618053, 74070, 8120, 340, 163, 169, true, true
3626224, 74255, 8120, 339, 162, 169, true, true
3631700, 74383, 8121, 340, 163, 169, true, true
3661185, 75040, 8122, 341, 164, 169, true, true
3680336, 75489, 8122, 340, 163, 173, true, true
3702547, 75991, 8122, 339, 162, 173, true, true
3704398, 76032, 8160, 360, 163, 172, true, true
3713885, 76237, 8161, 361, 164, 171, true, true
3716505, 76299, 8161, 359, 163, 171, true, true
3722045, 76432, 8161, 358, 162, 171, true, true
3738210, 76817, 8163, 360, 163, 167, true, true
3744899, 76988, 8164, 361, 164, 166, true, true
3746122, 77021, 8164, 360, 163, 166, true, true
3747704, 77058, 8164, 358, 162, 166, true, true
3765231, 77464, 8165, 359, 163, 167, true, true
3771503, 77604, 8165, 358, 162, 168, true, true
3779367, 77781, 8166, 359, 163, 170, true, true
3786659, 77940, 8166, 358, 163, 170, true, true
3793636, 78103, 8167, 359, 164, 169, true, true
3801866, 78269, 8169, 361, 165, 167, true, true
3844533, 79239, 8169, 359, 164, 167, true, true
3881685, 80060, 8169, 358, 163, 169, true, true
3881715, 80061, 8169, 357, 162, 169, true, true
3883776, 80109, 8169, 356, 161, 170, true, true
3885648, 80154, 8171, 358, 162, 169, true, true
3887206, 80193, 8171, 357, 161, 169, true, true
3889714, 80250, 8171, 356, 160, 169, true, true
3906613, 80639, 8172, 357, 161, 170, true, true
3918636, 80913, 8177, 361, 162, 169, true, true
3925714, 81083, 8177, 356, 161, 170, true, true
3932998, 81276, 8177, 355, 160, 171, true, true
3939267, 81403, 8177, 354, 159, 171, true, true
3942742, 81488, 8177, 353, 158, 171, true, true
3943755, 81508, 8177, 352, 157, 171, true, true
3947789, 81605, 8180, 355, 158, 167, true, true
3948915, 81632, 8181, 356, 159, 166, true, true
3956951, 81808, 8183, 358, 160, 166, true, true
3971045, 82113, 8184, 359, 161, 166, true, true
3979125, 82286, 8185, 360, 162, 166, true, true
3985476, 82437, 8186, 357, 162, 165, true, true
3993099, 82608, 8186, 356, 161, 166, true, true
4014647, 83098, 8186, 355, 161, 167, true, true
4017507, 83138, 8186, 349, 159, 167, true, true
4017640, 83140, 8186, 348, 158, 167, true, true
4023432, 83276, 8187, 349, 159, 161, true, true
4029862, 83418, 8188, 350, 160, 158, true, true
4034043, 83505, 8188, 348, 159, 158, true, true
4048762, 83819, 8192, 352, 160, 158, true, true
4052944, 83917, 8193, 353, 161, 156, true, true
4068507, 84245, 8194, 354, 162, 154, true, true
4076227, 84415, 8195, 355, 163, 154, true, true
4077955, 84462, 8197, 357, 164, 152, true, true
4080964, 84524, 8198, 358, 165, 147, true, true
4092653, 84769, 8199, 359, 166, 150, true, true
4102473, 84992, 8199, 358, 165, 151, true, true
4123081, 85466, 8204, 361, 164, 152, true, true
4123539, 85477, 8205, 362, 165, 151, true, true
4155869, 86216, 8205, 358, 165, 152, true, true
4176318, 86667, 8205, 357, 164, 155, true, true
4188730, 86955, 8205, 356, 163, 156, true, true
4214059, 87543, 8206, 353, 163, 159, true, true
4239502, 88099, 8209, 356, 164, 159, true, true
4256472, 88436, 8211, 358, 165, 154, true, true
4257300, 88453, 8211, 356, 164, 154, true, true
4258159, 88477, 8214, 359, 165, 152, true, true
4277081, 88913, 8214, 358, 165, 154, true, true
4280956, 89005, 8215, 357, 165, 155, true, true
4285164, 89107, 8215, 356, 164, 156, true, true
4290178, 89206, 8216, 357, 165, 157, true, true
4310886, 89662, 8216, 356, 165, 160, true, true
4350475, 90563, 8216, 355, 164, 164, true, true
4351765, 90593, 8217, 356, 165, 163, true, true
4380421, 91109, 8217, 355, 164, 165, true, true
4391812, 91316, 8218, 356, 165, 164, true, true
4409467, 91625, 8220, 358, 166, 161, true, true
4412348, 91676, 8220, 356, 165, 161, true, true
4436517, 92125, 8220, 355, 164, 163, true, true
4466364, 92619, 8220, 351, 162, 165, true, true
4506669, 93352, 8220, 350, 161, 169, true, true
4541571, 93980, 8220, 348, 160, 171, true, true
4570210, 94509, 8225, 353, 161, 173, true, true
4575027, 94602, 8228, 347, 160, 171, true, true
4585532, 94775, 8228, 346, 159, 172, true, true
4593868, 94931, 8229, 347, 160, 168, true, true
4601452, 95050, 8231, 349, 161, 163, true, true
4698057, 96837, 8232, 350, 162, 168, true, true
4701452, 96899, 8233, 351, 163, 166, true, true
4715343, 97165, 8233, 350, 162, 166, true, true
4720490, 97260, 8233, 349, 161, 166, true, true
4721057, 97272, 8233, 348, 160, 167, true, true
4758254, 97980, 8233, 346, 159, 169, true, true
4760876, 98026, 8233, 345, 158, 169, true, true
4761659, 98037, 8236, 348, 159, 166, true, true
4776704, 98310, 8236, 347, 158, 166, true, true
4786788, 98495, 8238, 348, 158, 165, true, true
4792268, 98598, 8238, 347, 157, 165, true, true
4817362, 99060, 8238, 346, 156, 168, true, true
4833145, 99355, 8238, 345, 155, 172, true, true
4862208, 99888, 8239, 346, 156, 172, true, true
4866516, 99965, 8243, 350, 157, 171, true, true
4870380, 100033, 8243, 349, 156, 171, true, true
4875475, 100127, 8246, 352, 157, 172, true, true
4881174, 100216, 8247, 353, 158, 171, true, true
4899525, 100576, 8248, 354, 159, 166, true, true
4967982, 101868, 8249, 355, 160, 163, true, true
4997087, 102413, 8249, 354, 160, 165, true, true
5020518, 102861, 8250, 353, 161, 163, true, true
5030229, 103036, 8251, 351, 160, 162, true, true
5064031, 103667, 8251, 350, 159, 163, true, true
5076123, 103917, 8251, 348, 158, 163, true, true
5091649, 104226, 8252, 349, 159, 162, true, true
5117854, 104720, 8252, 345, 158, 165, true, true
5137434, 105093, 8252, 343, 157, 167, true, true
5160437, 105548, 8252, 342, 157, 170, true, true
5165900, 105687, 8252, 341, 156, 171, true, true
5168943, 105765, 8253, 342, 157, 168, true, true
5187236, 106227, 8253, 341, 156, 168, true, true
5190683, 106294, 8254, 342, 157, 168, true, true
5242930, 107667, 8255, 343, 158, 170, true, true
5259183, 108123, 8256, 344, 159, 170, true, true
5268526, 108363, 8256, 343, 158, 170, true, true
5276296, 108575, 8258, 345, 159, 169, true, true
5293942, 109050, 8259, 346, 160, 169, true, true
5299558, 109212, 8259, 345, 159, 170, true, true
5301985, 109275, 8259, 341, 158, 170, true, true
5314539, 109624, 8261, 343, 159, 168, true, true
5328998, 110008, 8262, 342, 159, 167, true, true
5340220, 110328, 8262, 341, 158, 168, true, true
5346829, 110506, 8262, 338, 157, 168, true, true
5351097, 110627, 8279, 353, 157, 167, true, true
5382643, 111480, 8280, 354, 158, 168, true, true
5413698, 112299, 8280, 353, 157, 172, true, true
5435599, 112865, 8281, 354, 158, 172, true, true
5437617, 112923, 8281, 353, 157, 172, true, true
5454471, 113392, 8282, 351, 157, 175, true, true
5454596, 113397, 8282, 350, 156, 175, true, true
5472538, 113882, 8282, 349, 156, 176, true, true
5477226, 114010, 8286, 353, 157, 173, true, true
5516010, 115043, 8287, 354, 158, 173, true, true
5549332, 115897, 8289, 355, 159, 174, true, true
5551321, 115963, 8289, 354, 158, 174, true, true
5562665, 116276, 8290, 355, 159, 169, true, true
5600124, 117329, 8290, 354, 158, 170, true, true
5601677, 117363, 8292, 355, 159, 167, true, true
5613971, 117720, 8293, 356, 160, 168, true, true
5614088, 117723, 8293, 355, 159, 168, true, true
5649526, 118705, 8294, 356, 160, 171, true, true
5658843, 119008, 8294, 355, 159, 171, true, true
5678715, 119616, 8294, 354, 158, 171, true, true
5683404, 119743, 8295, 354, 159, 171, true, true
5691118, 119964, 8296, 355, 160, 169, true, true
5725061, 120924, 8298, 351, 160, 169, true, true
5737629, 121337, 8298, 348, 159, 171, true, true
5745380, 121549, 8298, 347, 158, 171, true, true
5746290, 121579, 8302, 350, 158, 165, true, true
5747335, 121612, 8303, 351, 159, 163, true, true
5756175, 121841, 8305, 353, 160, 158, true, true
5769619, 122248, 8306, 354, 161, 157, true, true
5791953, 122896, 8306, 353, 160, 159, true, true
5806966, 123358, 8306, 352, 159, 162, true, true
5855770, 124836, 8306, 350, 158, 166, true, true
5878514, 125548, 8311, 351, 159, 166, true, true
5881433, 125646, 8311, 350, 158, 166, true, true
5896628, 126100, 8312, 351, 159, 165, true, true
5896808, 126107, 8312, 350, 158, 165, true, true
5907518, 126446, 8312, 349, 157, 166, true, true
5922378, 126926, 8312, 348, 156, 168, true, true
5928725, 127112, 8313, 349, 157, 161, true, true
5936155, 127352, 8313, 346, 155, 162, true, true
5936304, 127355, 8317, 350, 156, 160, true, true
5944935, 127636, 8317, 349, 156, 162, true, true
5961963, 128223, 8317, 345, 155, 165, true, true
5982241, 128929, 8317, 343, 155, 165, true, true
5985503, 129042, 8318, 344, 156, 161, true, true
5992583, 129265, 8319, 345, 157, 160, true, true
6015154, 129981, 8320, 346, 158, 159, true, true
6050114, 131110, 8321, 347, 159, 160, true, true
6052763, 131177, 8324, 348, 160, 159, true, true
6056783, 131281, 8324, 346, 159, 159, true, true
6059452, 131361, 8325, 347, 160, 153, true, true
6082681, 132068, 8325, 346, 159, 155, true, true
6091293, 132314, 8326, 347, 160, 152, true, true
6095976, 132469, 8327, 348, 161, 153, true, true
6096130, 132473, 8328, 349, 162, 150, true, true
6115421, 133090, 8329, 349, 163, 151, true, true
6120741, 133269, 8329, 348, 162, 151, true, true
6141892, 133956, 8346, 358, 162, 151, true, true
6148230, 134166, 8346, 357, 161, 151, true, true
6153188, 134313, 8346, 356, 160, 151, true, true
6173738, 134961, 8348, 358, 161, 151, true, true
6177874, 135089, 8349, 357, 162, 150, true, true
6178391, 135107, 8349, 351, 162, 150, true, true
6186450, 135383, 8349, 350, 162, 150, true, true
6189643, 135489, 8350, 351, 163, 149, true, true
6192690, 135566, 8350, 350, 162, 149, true, true
6194502, 135619, 8350, 349, 161, 149, true, true
6200606, 135806, 8351, 350, 162, 148, true, true
6205030, 135961, 8351, 346, 161, 148, true, true
6216672, 136321, 8366, 360, 161, 148, true, true
6218683, 136391, 8366, 359, 160, 148, true, true
6218774, 136393, 8366, 356, 159, 148, true, true
6236586, 136959, 8367, 357, 160, 148, true, true
6250524, 137401, 8368, 358, 161, 148, true, true
6254905, 137557, 8369, 356, 161, 146, true, true
6291381, 138780, 8369, 355, 160, 149, true, true
6300634, 139080, 8369, 354, 160, 149, true, true
6305706, 139250, 8370, 352, 161, 147, true, true
6317109, 139642, 8370, 351, 160, 150, true, true
6325308, 139915, 8370, 350, 160, 151, true, true
6334537, 140206, 8371, 351, 161, 148, true, true
6336090, 140260, 8373, 350, 161, 147, true, true
6343459, 140517, 8373, 349, 160, 149, true, true
6362767, 141112, 8373, 347, 159, 149, true, true
6366175, 141196, 8373, 346, 158, 149, true, true
6375247, 141503, 8374, 347, 159, 150, true, true
6429910, 143274, 8374, 340, 158, 153, true, true
6432169, 143359, 8374, 339, 157, 153, true, true
6475925, 144869, 8375, 339, 157, 150, true, true
6478641, 144974, 8376, 339, 157, 149, true, true
6483526, 145143, 8377, 340, 158, 147, true, true
6493617, 145504, 8377, 339, 158, 149, true, true
6495809, 145567, 8377, 335, 158, 149, true, true
6503021, 145792, 8378, 336, 159, 148, true, true
6503452, 145803, 8378, 334, 158, 148, true, true
6519218, 146355, 8379, 335, 159, 147, true, true
6535320, 146873, 8380, 336, 160, 148, true, true
6558674, 147656, 8382, 338, 161, 148, true, true
6561225, 147716, 8382, 337, 161, 148, true, true
6593139, 148747, 8382, 336, 160, 149, true, true
6628321, 149927, 8382, 335, 159, 151, true, true
6635731, 150185, 8385, 338, 160, 148, true, true
6650059, 150640, 8387, 340, 161, 145, true, true
6689539, 151989, 8387, 339, 160, 146, true, true
6741534, 153787, 8387, 338, 159, 148, true, true
6742122, 153808, 8388, 339, 160, 147, true, true
6761240, 154440, 8388, 338, 159, 147, true, true
6765195, 154580, 8389, 339, 160, 143, true, true
6767296, 154631, 8389, 338, 159, 143, true, true
6780509, 155059, 8390, 339, 160, 145, true, true
6788282, 155337, 8390, 338, 159, 145, true, true
6792063, 155457, 8391, 338, 159, 143, true, true
6806217, 155931, 8393, 340, 160, 142, true, true
6817809, 156338, 8393, 339, 159, 143, true, true
6885249, 158671, 8393, 338, 158, 145, true, true
6904124, 159352, 8393, 337, 157, 147, true, true
6907362, 159461, 8393, 336, 156, 147, true, true
6930468, 160190, 8393, 335, 155, 147, true, true
6940518, 160582, 8393, 334, 154, 147, true, true
6956175, 161124, 8393, 333, 153, 149, true, true
6956267, 161128, 8393, 332, 152, 149, true, true
6965761, 161473, 8393, 328, 151, 150, true, true
6970139, 161623, 8393, 327, 150, 150, true, true
6973546, 161745, 8393, 326, 149, 150, true, true
6974912, 161798, 8393, 325, 148, 151, true, true
6984362, 162103, 8400, 332, 149, 148, true, true
6987819, 162242, 8400, 330, 148, 150, true, true
6994593, 162455, 8400, 329, 147, 150, true, true
6995930, 162501, 8400, 325, 146, 150, true, true
7017121, 163307, 8401, 326, 147, 150, true, true
7017514, 163319, 8401, 325, 146, 150, true, true
7028151, 163743, 8402, 326, 147, 148, true, true
7034793, 163970, 8402, 322, 147, 148, true, true
7042507, 164263, 8403, 323, 148, 147, true, true
7055974, 164734, 8403, 322, 147, 148, true, true
7067502, 165172, 8404, 323, 148, 147, true, true
7080533, 165677, 8404, 322, 147, 147, true, true
7105478, 166595, 8405, 323, 148, 148, true, true
7127694, 167466, 8405, 322, 147, 149, true, true
7131549, 167609, 8405, 321, 146, 149, true, true
7135662, 167758, 8405, 320, 145, 149, true, true
7158068, 168585, 8406, 321, 146, 147, true, true
7175700, 169253, 8407, 321, 147, 145, true, true
7178824, 169375, 8408, 322, 148, 145, true, true
7183787, 169574, 8409, 323, 149, 145, true, true
7195639, 170019, 8410, 324, 150, 143, true, true
7209945, 170591, 8411, 325, 151, 142, true, true
7216514, 170859, 8411, 324, 150, 142, true, true
7223706, 171117, 8412, 325, 151, 142, true, true
7272261, 172994, 8413, 324, 151, 142, true, true
7275957, 173135, 8413, 321, 150, 143, true, true
7295498, 173895, 8414, 322, 151, 142, true, true
7315177, 174657, 8414, 321, 150, 143, true, true
7315435, 174667, 8416, 322, 150, 142, true, true
7322682, 174963, 8418, 324, 151, 140, true, true
7329270, 175218, 8418, 323, 150, 141, true, true
7346867, 175902, 8418, 322, 150, 141, true, true
7367136, 176645, 8418, 321, 149, 143, true, true
7378161, 177079, 8418, 320, 148, 143, true, true
7399683, 177870, 8420, 320, 149, 141, true, true
7406870, 178142, 8420, 319, 148, 142, true, true
7410285, 178295, 8421, 320, 149, 141, true, true
7411054, 178328, 8421, 319, 148, 142, true, true
7422444, 178718, 8421, 318, 147, 143, true, true
7425819, 178843, 8422, 319, 148, 141, true, true
7427535, 178911, 8423, 320, 149, 139, true, true
7443677, 179495, 8431, 325, 149, 137, true, true
7450331, 179753, 8432, 326, 150, 136, true, true
7474332, 180656, 8432, 325, 149, 137, true, true
7480838, 180911, 8432, 324, 148, 137, true, true
7492815, 181338, 8432, 323, 147, 137, true, true
7547856, 183374, 8432, 322, 146, 138, true, true
7550390, 183473, 8433, 319, 146, 135, true, true
7559147, 183814, 8433, 318, 145, 135, true, true
7565059, 184052, 8433, 317, 144, 136, true, true
7573875, 184379, 8434, 318, 145, 133, true, true
7574553, 184409, 8434, 317, 144, 133, true, true
7616819, 186014, 8438, 321, 145, 142, true, true
7617440, 186038, 8439, 322, 146, 139, true, true
7617942, 186063, 8439, 321, 145, 140, true, true
7662567, 187728, 8440, 322, 146, 141, true, true
7676457, 188240, 8440, 321, 145, 142, true, true
7686783, 188646, 8440, 319, 144, 143, true, true
7687736, 188679, 8441, 320, 145, 138, true, true
7732223, 190251, 8442, 321, 146, 140, true, true
7749278, 190903, 8442, 320, 145, 140, true, true
7755016, 191140, 8443, 321, 146, 140, true, true
7789662, 192411, 8444, 322, 147, 140, true, true
7790039, 192422, 8444, 317, 147, 140, true, true
7799349, 192748, 8447, 320, 148, 138, true, true
7812725, 193217, 8447, 319, 147, 138, true, true
7819668, 193484, 8450, 322, 148, 137, true, true
7848267, 194529, 8450, 320, 148, 140, true, true
7855977, 194820, 8451, 321, 149, 139, true, true
7860473, 194997, 8454, 324, 150, 137, true, true
7897156, 196388, 8454, 323, 149, 138, true, true
7911482, 196937, 8454, 322, 148, 138, true, true
7929543, 197588, 8455, 323, 149, 137, true, true
7933418, 197713, 8456, 324, 150, 135, true, true
7949201, 198297, 8456, 322, 149, 137, true, true
7954501, 198483, 8456, 321, 148, 137, true, true
7958469, 198619, 8456, 319, 148, 137, true, true
7992757, 199868, 8457, 320, 149, 135, true, true
7999875, 200132, 8457, 319, 148, 135, true, true
8002661, 200220, 8457, 318, 147, 135, true, true
8039909, 201561, 8458, 319, 148, 133, true, true
8064944, 202509, 8458, 318, 147, 136, true, true
8088417, 203323, 8458, 317, 146, 137, true, true
8101019, 203800, 8458, 316, 146, 137, true, true
8103377, 203895, 8458, 315, 145, 138, true, true
8128274, 204764, 8458, 314, 144, 140, true, true
8153317, 205682, 8458, 311, 143, 140, true, true
8184844, 206827, 8458, 309, 142, 142, true, true
8205129, 207572, 8458, 308, 141, 142, true, true
8218808, 208062, 8458, 306, 141, 144, true, true
8222231, 208211, 8458, 305, 140, 144, true, true
8247138, 209123, 8458, 304, 139, 145, true, true
8252715, 209342, 8459, 305, 140, 145, true, true
8252825, 209346, 8460, 306, 141, 143, true, true
8262399, 209642, 8460, 305, 140, 144, true, true
8267625, 209833, 8460, 304, 139, 144, true, true
8289720, 210651, 8460, 301, 138, 144, true, true
8298318, 210986, 8461, 302, 139, 143, true, true
8298624, 210997, 8462, 303, 140, 142, true, true
8308399, 211346, 8463, 304, 141, 144, true, true
8340004, 212494, 8464, 304, 141, 144, true, true
8408446, 214967, 8464, 303, 140, 148, true, true
8416621, 215241, 8464, 302, 139, 148, true, true
8437636, 216021, 8465, 303, 140, 146, true, true
8463292, 216988, 8466, 304, 141, 144, true, true
8487925, 217879, 8472, 310, 142, 145, true, true
8498952, 218263, 8473, 311, 143, 144, true, true
8503112, 218413, 8473, 310, 142, 144, true, true
8546191, 219979, 8473, 309, 141, 146, true, true
8548779, 220082, 8475, 311, 142, 139, true, true
8575361, 221027, 8476, 312, 143, 139, true, true
8595533, 221784, 8477, 313, 144, 139, true, true
8600685, 221973, 8478, 314, 145, 139, true, true
8605842, 222144, 8479, 315, 146, 138, true, true
8631085, 223061, 8479, 314, 145, 143, true, true
8634110, 223186, 8483, 318, 146, 140, true, true
8652557, 223798, 8483, 317, 145, 140, true, true
8653924, 223843, 8484, 318, 146, 139, true, true
8691355, 225202, 8484, 317, 145, 141, true, true
8719133, 226134, 8490, 313, 146, 142, true, true
8719375, 226143, 8490, 312, 145, 142, true, true
8735779, 226739, 8493, 315, 146, 141, true, true
8736006, 226750, 8493, 314, 145, 142, true, true
8741795, 226967, 8494, 315, 146, 141, true, true
8748061, 227203, 8494, 314, 145, 142, true, true
8791222, 228771, 8494, 312, 144, 144, true, true
8807410, 229357, 8494, 309, 143, 145, true, true
8829543, 230108, 8494, 308, 142, 146, true, true
8872198, 231611, 8494, 307, 141, 148, true, true
8961614, 234798, 8495, 308, 142, 150, true, true
8962630, 234833, 8496, 309, 143, 149, true, true
8965612, 234940, 8497, 310, 144, 146, true, true
8976452, 235311, 8497, 309, 143, 147, true, true
8982057, 235513, 8497, 307, 142, 147, true, true
8990693, 235827, 8497, 306, 141, 147, true, true
9016295, 236776, 8498, 307, 142, 147, true, true
9045698, 237803, 8498, 306, 141, 147, true, true
9056404, 238194, 8498, 305, 140, 147, true, true
9087406, 239268, 8498, 301, 138, 148, true, true
9099357, 239707, 8498, 300, 137, 148, true, true
9100759, 239762, 8498, 299, 136, 148, true, true
9173618, 242353, 8498, 285, 136, 150, true, true
9174051, 242367, 8498, 283, 136, 150, true, true
9252554, 245120, 8499, 284, 137, 151, true, true
9267698, 245670, 8499, 283, 136, 151, true, true
9292154, 246526, 8499, 282, 135, 152, true, true
9354184, 248787, 8503, 283, 135, 152, true, true
9355753, 248847, 8504, 284, 136, 151, true, true
9371136, 249398, 8504, 283, 135, 152, true, true
9384130, 249837, 8506, 285, 136, 150, true, true
9436058, 251727, 8506, 280, 135, 151, true, true
9440677, 251901, 8506, 278, 134, 152, true, true
9468850, 252903, 8506, 277, 133, 154, true, true
9480808, 253339, 8506, 274, 132, 155, true, true
9487005, 253565, 8507, 275, 133, 154, true, true
9502200, 254103, 8507, 274, 132, 154, true, true
9530169, 255145, 8507, 273, 131, 155, true, true
9544445, 255668, 8508, 274, 132, 150, true, true
9558412, 256155, 8508, 269, 130, 150, true, true
9562402, 256285, 8508, 268, 129, 150, true, true
9614689, 258175, 8510, 268, 130, 149, true, true
9672355, 260230, 8511, 269, 131, 152, true, true
9714381, 261683, 8512, 270, 132, 152, true, true
9752170, 263123, 8513, 271, 133, 150, true, true
9755571, 263229, 8525, 278, 134, 148, true, true
9799710, 264768, 8526, 278, 134, 148, true, true
9800268, 264793, 8527, 279, 135, 147, true, true
9825339, 265641, 8527, 278, 134, 147, true, true
9825805, 265659, 8528, 278, 134, 143, true, true
9827636, 265727, 8528, 277, 134, 143, true, true
9881828, 267641, 8529, 278, 135, 144, true, true
9936296, 269551, 8529, 277, 134, 145, true, true
9961948, 270499, 8529, 276, 133, 145, true, true
10007909, 272268, 8531, 278, 134, 145, true, true
10011437, 272405, 8531, 277, 133, 145, true, true
10049079, 273839, 8531, 276, 132, 147, true, true
10051302, 273916, 8532, 277, 133, 146, true, true
10062345, 274373, 8532, 276, 132, 146, true, true
10099881, 275763, 8532, 275, 131, 147, true, true
10138245, 277186, 8533, 276, 132, 146, true, true
10175911, 278589, 8535, 278, 133, 145, true, true
10186562, 278989, 8536, 279, 134, 144, true, true
10190409, 279122, 8537, 280, 135, 140, true, true
10209334, 279848, 8537, 279, 135, 140, true, true
10227716, 280534, 8538, 280, 136, 139, true, true
10235367, 280839, 8539, 281, 137, 136, true, true
10280352, 282550, 8545, 287, 138, 138, true, true
10282890, 282647, 8546, 288, 139, 134, true, true
10295522, 283120, 8547, 289, 140, 127, true, true
10300083, 283293, 8547, 288, 139, 127, true, true
10365333, 285748, 8549, 288, 139, 128, true, true
10504199, 290682, 8550, 289, 140, 129, true, true
10506752, 290761, 8551, 290, 141, 128, true, true
10545400, 291868, 8551, 289, 140, 129, true, true
10548783, 291974, 8552, 290, 141, 128, true, true
10581130, 292929, 8555, 293, 142, 128, true, true
10631863, 294328, 8557, 295, 143, 129, true, true
10697459, 296219, 8557, 294, 142, 132, true, true
10698614, 296258, 8558, 295, 143, 128, true, true
10803761, 299334, 8558, 293, 142, 132, true, true
10844255, 300486, 8558, 291, 142, 133, true, true
10868880, 301191, 8559, 292, 143, 132, true, true
10920005, 302641, 8560, 293, 144, 132, true, true
10932315, 303009, 8560, 292, 143, 132, true, true
10966820, 304020, 8560, 291, 142, 132, true, true
11070267, 306968, 8560, 290, 141, 134, true, true
11073567, 307059, 8560, 289, 140, 134, true, true
11158374, 309502, 8560, 288, 139, 135, true, true
11162765, 309637, 8560, 287, 138, 136, true, true
11167160, 309758, 8560, 286, 137, 136, true, true
11171300, 309879, 8560, 285, 136, 136, true, true
11247700, 312048, 8560, 282, 135, 136, true, true
11261381, 312420, 8560, 281, 134, 137, true, true
11324048, 314174, 8560, 280, 133, 139, true, true
11379482, 316338, 8560, 278, 132, 140, true, true
11423896, 317956, 8561, 279, 133, 141, true, true
11587012, 324235, 8562, 280, 134, 142, true, true
11647719, 326677, 8563, 281, 135, 141, true, true
11697511, 328659, 8563, 280, 134, 143, true, true
11713035, 329301, 8564, 281, 135, 142, true, true
11719526, 329575, 8564, 280, 134, 142, true, true
11733897, 330143, 8564, 279, 133, 143, true, true
11773056, 331718, 8565, 280, 134, 146, true, true
11784176, 332181, 8565, 279, 133, 148, true, true
11817602, 333520, 8565, 278, 132, 148, true, true
11919454, 337641, 8569, 281, 132, 149, true, true
11920585, 337698, 8570, 282, 133, 148, true, true
11937236, 338384, 8570, 281, 132, 148, true, true
11943494, 338645, 8571, 282, 133, 139, true, true
12033219, 342182, 8573, 284, 134, 140, true, true
12052653, 342963, 8573, 283, 133, 140, true, true
12071829, 343735, 8573, 282, 132, 141, true, true
12117471, 345600, 8573, 281, 131, 142, true, true
12131963, 346182, 8574, 282, 132, 140, true, true
12161975, 347455, 8574, 280, 131, 140, true, true
12177189, 348086, 8574, 279, 130, 140, true, true
12206835, 349309, 8574, 278, 129, 140, true, true
12233705, 350363, 8575, 279, 130, 138, true, true
12303627, 353241, 8576, 280, 131, 139, true, true
12375333, 356100, 8577, 263, 132, 138, true, true
12388276, 356617, 8578, 264, 133, 138, true, true
12403989, 357232, 8578, 263, 132, 139, true, true
12458051, 359412, 8578, 262, 131, 140, true, true
12522610, 362187, 8578, 260, 130, 142, true, true
12539012, 362786, 8578, 258, 129, 143, true, true
12554921, 363500, 8578, 257, 128, 143, true, true
12626602, 366452, 8578, 256, 127, 145, true, true
12632400, 366691, 8578, 255, 126, 145, true, true
12633207, 366726, 8578, 254, 126, 145, true, true
12697847, 369438, 8579, 255, 127, 142, true, true
12699530, 369506, 8587, 261, 127, 138, true, true
12701772, 369593, 8600, 274, 128, 137, true, true
12705543, 369763, 8600, 271, 128, 137, true, true
12715823, 370165, 8601, 272, 129, 136, true, true
12719269, 370310, 8602, 273, 130, 129, true, true
12755237, 371784, 8603, 274, 131, 129, true, true
12760533, 372017, 8610, 278, 131, 128, true, true
12763292, 372111, 8610, 277, 130, 128, true, true
12799948, 373676, 8610, 276, 129, 130, true, true
12802301, 373771, 8611, 277, 130, 129, true, true
12865463, 376445, 8613, 279, 131, 129, true, true
12894155, 377569, 8613, 278, 130, 130, true, true
12911332, 378286, 8613, 277, 129, 130, true, true
12916592, 378484, 8613, 276, 128, 130, true, true
12931190, 379055, 8613, 275, 127, 130, true, true
12936400, 379265, 8615, 277, 128, 128, true, true
12970252, 380652, 8615, 276, 127, 129, true, true
13001697, 381897, 8616, 277, 128, 128, true, true
13025049, 382824, 8616, 276, 128, 129, true, true
13033011, 383119, 8620, 280, 129, 128, true, true
13060778, 384293, 8620, 278, 128, 128, true, true
13135537, 387404, 8621, 279, 129, 129, true, true
13150468, 388015, 8621, 278, 128, 129, true, true
13170265, 388867, 8621, 276, 128, 129, true, true
13172218, 388953, 8623, 278, 129, 127, true, true
13184630, 389457, 8623, 277, 128, 127, true, true
13244198, 391911, 8623, 276, 127, 128, true, true
13261941, 392627, 8623, 275, 126, 128, true, true
13332622, 395538, 8623, 274, 125, 132, true, true
13333385, 395568, 8631, 282, 126, 131, true, true
13340119, 395852, 8632, 283, 127, 129, true, true
13552103, 404942, 8633, 284, 128, 130, true, true
13553667, 405001, 8634, 285, 129, 129, true, true
13610651, 407416, 8634, 284, 128, 132, true, true
13641252, 408744, 8652, 287, 128, 132, true, true
13724707, 412305, 8652, 284, 128, 132, true, true
13752529, 413502, 8652, 283, 127, 134, true, true
13801080, 415539, 8653, 284, 128, 132, true, true
13807668, 415826, 8653, 283, 127, 132, true, true
13823148, 416542, 8654, 284, 128, 132, true, true
13872315, 418645, 8655, 285, 129, 134, true, true
13873105, 418691, 8656, 286, 130, 133, true, true
13887104, 419270, 8656, 285, 129, 134, true, true
13952770, 422184, 8656, 284, 128, 136, true, true
13954221, 422233, 8657, 285, 129, 135, true, true
13958300, 422420, 8658, 286, 130, 133, true, true
13962486, 422594, 8658, 285, 130, 134, true, true
13981485, 423415, 8658, 284, 129, 134, true, true
13983472, 423501, 8659, 285, 130, 133, true, true
14019606, 425084, 8660, 286, 131, 131, true, true
14024300, 425300, 8661, 286, 132, 128, true, true
14057409, 426695, 8661, 285, 131, 128, true, true
14059119, 426773, 8661, 284, 130, 128, true, true
14120542, 429325, 8661, 283, 129, 133, true, true
14180697, 431884, 8661, 282, 129, 136, true, true
14250782, 434876, 8661, 281, 128, 138, true, true
14303208, 437201, 8662, 282, 129, 138, true, true
14364605, 439752, 8662, 281, 128, 141, true, true
14386895, 440735, 8673, 279, 127, 140, true, true
14397559, 441202, 8674, 280, 128, 133, true, true
14404714, 441534, 8676, 282, 129, 132, true, true
14409778, 441736, 8677, 283, 130, 131, true, true
14435712, 442764, 8677, 282, 129, 131, true, true
14453509, 443555, 8679, 283, 129, 129, true, true
14455010, 443626, 8679, 282, 128, 129, true, true
14488262, 445044, 8679, 280, 127, 129, true, true
14494658, 445299, 8679, 268, 126, 129, true, true
14494899, 445306, 8681, 270, 127, 127, true, true
14503007, 445659, 8686, 267, 128, 127, true, true
14556013, 447859, 8686, 266, 127, 128, true, true
14596739, 449615, 8686, 265, 126, 128, true, true
14620001, 450586, 8686, 264, 125, 130, true, true
14648332, 451818, 8687, 264, 125, 130, true, true
14649265, 451854, 8688, 265, 126, 128, true, true
14674300, 452912, 8689, 266, 127, 126, true, true
14685154, 453350, 8690, 267, 128, 124, true, true
14757884, 456497, 8690, 266, 127, 128, true, true
14759249, 456546, 8695, 269, 128, 127, true, true
14887504, 461968, 8695, 268, 128, 128, true, true
15045844, 468729, 8696, 269, 129, 128, true, true
15050358, 468946, 8697, 270, 130, 127, true, true
15083733, 470306, 8697, 269, 129, 127, true, true
15148178, 473110, 8698, 270, 130, 126, true, true
15358482, 482282, 8698, 269, 129, 134, true, true
15386555, 483525, 8703, 273, 129, 133, true, true
15429205, 485474, 8714, 284, 130, 127, true, true
15492271, 488309, 8714, 283, 129, 127, true, true
15525272, 489795, 8715, 284, 130, 127, true, true
15593400, 492802, 8716, 285, 131, 126, true, true
15603379, 493218, 8716, 284, 130, 126, true, true
15637493, 494749, 8717, 274, 130, 125, true, true
15788993, 501529, 8717, 273, 130, 131, true, true
15836221, 503653, 8717, 272, 130, 132, true, true
15849004, 504241, 8717, 271, 129, 132, true, true
15861836, 504748, 8717, 269, 128, 133, true, true
15915681, 507092, 8718, 270, 129, 133, true, true
15943583, 508430, 8718, 269, 128, 134, true, true
16044195, 512926, 8718, 268, 127, 137, true, true
16127319, 516771, 8719, 269, 128, 139, true, true
16149710, 517823, 8720, 270, 129, 139, true, true
16186897, 519477, 8721, 271, 130, 139, true, true
16213940, 520663, 8721, 270, 129, 139, true, true
16257204, 522655, 8722, 271, 130, 138, true, true
16279516, 523633, 8722, 270, 129, 138, true, true
16359910, 527192, 8723, 271, 130, 138, true, true
16420587, 529888, 8723, 270, 129, 139, true, true
16474896, 532258, 8724, 271, 130, 137, true, true
16518626, 534291, 8724, 270, 129, 139, true, true
16555428, 535936, 8724, 269, 128, 141, true, true
16695677, 542411, 8725, 270, 129, 141, true, true
16759597, 545319, 8725, 268, 128, 141, true, true
16948598, 554184, 8725, 266, 127, 146, true, true
16955881, 554571, 8730, 271, 128, 141, true, true
17143581, 563424, 8730, 270, 127, 145, true, true
17168382, 564585, 8731, 271, 128, 136, true, true
17169950, 564673, 8732, 272, 129, 136, true, true
17187772, 565517, 8732, 269, 128, 136, true, true
17236095, 567846, 8732, 268, 127, 137, true, true
17366883, 574251, 8732, 267, 126, 139, true, true
17410927, 576313, 8732, 266, 125, 139, true, true
17447904, 578076, 8733, 267, 126, 140, true, true
17548295, 582959, 8733, 265, 125, 142, true, true
17577788, 584377, 8733, 263, 125, 143, true, true
17588419, 584882, 8734, 264, 126, 143, true, true
17639772, 587393, 8736, 266, 127, 143, true, true
17664007, 588620, 8738, 268, 128, 142, true, true
17680430, 589412, 8738, 267, 127, 142, true, true
17686129, 589693, 8739, 263, 128, 140, true, true
17722897, 591435, 8739, 262, 127, 142, true, true
17744011, 592431, 8739, 261, 126, 143, true, true
17760500, 593247, 8741, 263, 127, 141, true, true
17771157, 593762, 8745, 267, 128, 140, true, true
17880955, 598885, 8749, 270, 128, 139, true, true
17964062, 602771, 8750, 270, 128, 138, true, true
18074452, 608116, 8750, 269, 127, 140, true, true
18133750, 610968, 8750, 268, 126, 140, true, true
18171415, 612775, 8752, 270, 127, 137, true, true
18245608, 616272, 8752, 269, 126, 139, true, true
18259068, 616917, 8752, 266, 125, 139, true, true
18266480, 617228, 8753, 267, 126, 138, true, true
18308807, 619169, 8754, 268, 127, 137, true, true
18356258, 621389, 8754, 267, 126, 138, true, true
18419461, 624414, 8755, 268, 127, 136, true, true
18452342, 625946, 8761, 261, 128, 133, true, true
18481433, 627290, 8762, 262, 129, 132, true, true
18524545, 629352, 8763, 263, 130, 132, true, true
18613322, 633571, 8763, 262, 129, 135, true, true
18615763, 633668, 8764, 263, 130, 132, true, true
18630027, 634375, 8764, 262, 129, 132, true, true
18644300, 634993, 8764, 261, 128, 132, true, true
18664346, 635881, 8765, 262, 129, 130, true, true
18691130, 637038, 8766, 263, 130, 128, true, true
18703685, 637607, 8767, 264, 131, 127, true, true
18734277, 639062, 8767, 259, 130, 129, true, true
18776538, 640956, 8768, 260, 131, 128, true, true
18790036, 641539, 8769, 261, 132, 127, true, true
18840698, 643752, 8772, 260, 133, 127, true, true
18872280, 645162, 8772, 259, 132, 128, true, true
18935088, 647994, 8773, 260, 133, 128, true, true
19044605, 652987, 8773, 259, 132, 129, true, true
19096135, 655300, 8774, 260, 133, 127, true, true
19134366, 656949, 8774, 259, 132, 127, true, true
19206089, 660055, 8774, 256, 130, 130, true, true
19211549, 660318, 8776, 258, 131, 130, true, true
19223196, 660867, 8777, 259, 132, 128, true, true
19265119, 662767, 8778, 259, 132, 128, true, true
19292178, 663931, 8779, 260, 133, 127, true, true
19299229, 664243, 8787, 268, 134, 126, true, true
19362667, 667041, 8787, 266, 133, 128, true, true
19542181, 674968, 8789, 268, 134, 129, true, true
19644947, 679512, 8833, 300, 135, 129, true, true
19657602, 680074, 8833, 299, 134, 130, true, true
19662999, 680334, 8833, 298, 133, 130, true, true
19703113, 682200, 8835, 300, 134, 129, true, true
19822314, 687724, 8836, 301, 135, 131, true, true
19979868, 694935, 8836, 300, 134, 134, true, true
20161492, 703340, 8837, 301, 135, 134, true, true
20183059, 704344, 8839, 303, 136, 133, true, true
20223491, 706279, 8842, 306, 137, 132, true, true
20237098, 706885, 8842, 305, 136, 133, true, true
20360346, 712582, 8843, 306, 137, 132, true, true
20378901, 713446, 8846, 307, 137, 129, true, true
20540674, 721112, 8846, 306, 136, 130, true, true
20596609, 723813, 8847, 307, 137, 127, true, true
20622628, 724951, 8847, 306, 136, 127, true, true
20723834, 729819, 8848, 304, 136, 128, true, true
20726721, 729972, 8848, 301, 135, 128, true, true
20842832, 735477, 8848, 300, 134, 129, true, true
20853628, 735954, 8848, 299, 133, 129, true, true
21060503, 745792, 8848, 292, 133, 133, true, true
21076212, 746520, 8848, 290, 132, 133, true, true
21141167, 749717, 8849, 290, 132, 132, true, true
21154330, 750369, 8850, 289, 133, 130, true, true
21250330, 755023, 8851, 290, 134, 127, true, true
21323870, 758697, 8851, 286, 133, 128, true, true
21436885, 764279, 8852, 287, 134, 126, true, true
21485826, 766678, 8852, 285, 133, 127, true, true
21525932, 768697, 8857, 290, 134, 120, true, true
21618331, 773312, 8864, 297, 135, 119, true, true
21666510, 775692, 8864, 296, 134, 121, true, true
21778727, 781360, 8865, 297, 135, 123, true, true
21860458, 785485, 8865, 296, 134, 124, true, true
21900369, 787494, 8866, 297, 135, 121, true, true
21941944, 789526, 8867, 298, 136, 117, true, true
21976922, 791212, 8867, 296, 135, 117, true, true
21992464, 792018, 8867, 295, 134, 118, true, true
22078045, 796335, 8867, 294, 133, 119, true, true
22081420, 796525, 8867, 292, 133, 119, true, true
22137503, 799503, 8867, 247, 131, 120, true, true
22139576, 799598, 8868, 248, 132, 118, true, true
22178366, 801563, 8868, 247, 131, 118, true, true
22207685, 802932, 8868, 246, 130, 118, true, true
22328780, 808972, 8868, 245, 129, 120, true, true
22384219, 811642, 8869, 246, 130, 121, true, true
22425341, 813560, 8871, 248, 131, 122, true, true
22504494, 817376, 8872, 249, 132, 120, true, true
22608842, 822460, 8872, 248, 131, 121, true, true
22663698, 825163, 8873, 249, 132, 120, true, true
22690649, 826556, 8873, 248, 131, 120, true, true
22808714, 832457, 8877, 250, 132, 117, true, true
22809449, 832493, 8878, 251, 133, 116, true, true
22824306, 833244, 8878, 250, 132, 116, true, true
22832867, 833674, 8879, 251, 133, 115, true, true
22910497, 837536, 8879, 250, 132, 115, true, true
22955292, 839785, 8880, 251, 133, 113, true, true
22989816, 841537, 8881, 251, 133, 112, true, true
23101695, 846874, 8881, 245, 132, 113, true, true
23123579, 847993, 8881, 244, 131, 115, true, true
23127202, 848160, 8881, 243, 131, 115, true, true
23239842, 853693, 8882, 244, 132, 114, true, true
23312601, 857355, 8883, 244, 132, 113, true, true
23334363, 858434, 8883, 241, 132, 113, true, true
23372739, 860392, 8883, 236, 131, 113, true, true
23404705, 861920, 8883, 235, 130, 113, true, true
23406328, 862006, 8883, 234, 129, 113, true, true
23420725, 862720, 8883, 233, 128, 113, true, true
23426955, 863043, 8883, 229, 127, 113, true, true
23486118, 866001, 8884, 230, 128, 112, true, true
23580048, 870620, 8885, 231, 129, 110, true, true
23704116, 876356, 8885, 230, 128, 111, true, true
23735315, 877833, 8886, 231, 129, 110, true, true
23776804, 879787, 8886, 230, 128, 110, true, true
23847474, 883245, 8886, 225, 127, 111, true, true
23997241, 890679, 8887, 226, 128, 111, true, true
24045753, 893072, 8887, 225, 127, 111, true, true
24176873, 899450, 8888, 226, 128, 111, true, true
24220955, 901827, 8888, 225, 127, 112, true, true
24221275, 901847, 8889, 226, 128, 109, true, true
24319718, 906781, 8889, 225, 127, 111, true, true
24326204, 907087, 8890, 226, 128, 109, true, true
24382241, 909901, 8890, 224, 127, 109, true, true
24385815, 910082, 8891, 224, 127, 108, true, true
24507362, 916171, 8891, 223, 126, 108, true, true
24564987, 919090, 8892, 222, 127, 107, true, true
24713612, 926705, 8894, 224, 128, 108, true, true
24824590, 932488, 8894, 223, 127, 111, true, true
25109310, 947274, 8895, 224, 128, 110, true, true
25198179, 951890, 8897, 226, 129, 111, true, true
25279091, 955963, 8899, 228, 130, 111, true, true
25335390, 958819, 8900, 229, 131, 112, true, true
25407162, 962491, 8900, 227, 130, 112, true, true
25427796, 963504, 8900, 226, 129, 112, true, true
25459253, 965156, 8900, 225, 128, 112, true, true
25683772, 976650, 8900, 224, 127, 115, true, true
25712879, 978088, 8900, 223, 126, 115, true, true
25783853, 981564, 8901, 224, 127, 117, true, true
26006501, 992495, 8901, 223, 126, 121, true, true
26021301, 993266, 8901, 222, 125, 121, true, true
26073822, 995962, 8901, 221, 124, 123, true, true
26129350, 998628, 8902, 221, 124, 119, true, true
26179117, 1001130, 8904, 223, 125, 118, true, true
26185677, 1001464, 8909, 224, 125, 117, true, true
26297445, 1006978, 8909, 222, 124, 119, true, true
26338087, 1008928, 8909, 220, 123, 119, true, true
26451553, 1014603, 8909, 219, 122, 119, true, true
26461623, 1015046, 8909, 218, 121, 119, true, true
26499390, 1016929, 8909, 217, 120, 119, true, true
26519839, 1017956, 8909, 216, 119, 119, true, true
26653895, 1024519, 8911, 218, 120, 119, true, true
26692956, 1026516, 8913, 220, 121, 117, true, true
26771547, 1030248, 8913, 215, 120, 118, true, true
26792292, 1031294, 8915, 217, 121, 116, true, true
26846458, 1033905, 8915, 216, 120, 116, true, true
26850564, 1034124, 8915, 215, 119, 116, true, true
26877769, 1035474, 8915, 214, 118, 117, true, true
26893981, 1036266, 8916, 215, 119, 116, true, true
27065918, 1044529, 8916, 214, 118, 117, true, true
27205100, 1051092, 8917, 215, 119, 118, true, true
27373912, 1059112, 8925, 223, 120, 118, true, true
27487079, 1064597, 8925, 222, 119, 123, true, true
27518661, 1066145, 8925, 221, 118, 123, true, true
27620046, 1071216, 8925, 213, 117, 124, true, true
27620156, 1071221, 8928, 213, 117, 124, true, true
27629620, 1071673, 8928, 212, 116, 124, true, true
27778119, 1078900, 8929, 212, 116, 126, true, true
28035563, 1091139, 8929, 207, 115, 130, true, true
28062471, 1092400, 8930, 208, 116, 124, true, true
28181007, 1098111, 8931, 209, 117, 123, true, true
28251769, 1101456, 8933, 210, 117, 120, true, true
28301139, 1103773, 8933, 209, 116, 120, true, true
28628702, 1119336, 8933, 208, 115, 123, true, true
28655145, 1120652, 8934, 209, 116, 122, true, true
28749669, 1125049, 8934, 208, 115, 122, true, true
28841415, 1129299, 8934, 207, 114, 122, true, true
28843337, 1129382, 8934, 206, 113, 122, true, true
28898980, 1132115, 8935, 207, 114, 122, true, true
29188971, 1145963, 8936, 206, 114, 123, true, true
29378713, 1154992, 8937, 207, 115, 119, true, true
29456361, 1158711, 8938, 208, 116, 117, true, true
29584792, 1164762, 8938, 207, 115, 119, true, true
29624707, 1166636, 8939, 208, 116, 115, true, true
29682815, 1169384, 8939, 207, 115, 116, true, true
29823254, 1176103, 8939, 205, 113, 117, true, true
29893984, 1179461, 8939, 204, 112, 117, true, true
29968199, 1183056, 8940, 205, 113, 116, true, true
30225328, 1195495, 8940, 204, 112, 120, true, true
30234466, 1195960, 8940, 203, 111, 120, true, true
30284861, 1198346, 8940, 202, 110, 120, true, true
30311631, 1199583, 8940, 201, 109, 121, true, true
30471252, 1207279, 8941, 200, 109, 121, true, true
30568591, 1211797, 8941, 199, 109, 121, true, true
30905016, 1227654, 8941, 198, 109, 123, true, true
30934824, 1229060, 8941, 197, 108, 123, true, true
30938401, 1229216, 8941, 196, 107, 123, true, true
31048779, 1234386, 8941, 195, 106, 123, true, true
31261473, 1244312, 8942, 196, 107, 125, true, true
31498666, 1255474, 8942, 195, 106, 128, true, true
31639816, 1262379, 8942, 193, 106, 129, true, true
31639983, 1262386, 8942, 191, 104, 129, true, true
31699391, 1265135, 8943, 192, 105, 130, true, true
31854590, 1272738, 8944, 192, 105, 129, true, true
31911775, 1275571, 8945, 193, 106, 127, true, true
31947338, 1277320, 8947, 192, 106, 125, true, true
32231090, 1291198, 8948, 193, 107, 124, true, true
32513011, 1305043, 8950, 195, 108, 122, true, true
32722053, 1315351, 8952, 197, 109, 120, true, true
32722092, 1315352, 8953, 198, 110, 119, true, true
32755111, 1316927, 8953, 197, 109, 119, true, true
32804063, 1319352, 8954, 198, 110, 116, true, true
32822042, 1320205, 8956, 200, 111, 115, true, true
32828108, 1320490, 8957, 201, 112, 114, true, true
32875873, 1322851, 8958, 202, 113, 113, true, true
33072330, 1332142, 8958, 201, 113, 116, true, true
33108686, 1333984, 8959, 202, 114, 115, true, true
33210991, 1338782, 8959, 201, 113, 115, true, true
33284585, 1342472, 8960, 202, 114, 114, true, true
33315489, 1343967, 8960, 200, 113, 115, true, true
33477445, 1351732, 8961, 201, 114, 114, true, true
33590336, 1356934, 8961, 200, 113, 115, true, true
33883974, 1371349, 8961, 198, 112, 121, true, true
34076410, 1380648, 8961, 197, 111, 121, true, true
34222436, 1387647, 8961, 196, 110, 123, true, true
34251891, 1389118, 8961, 195, 109, 123, true, true
34317165, 1392217, 8961, 194, 108, 123, true, true
34606201, 1405959, 8962, 189, 108, 124, true, true
34757766, 1413303, 8965, 190, 108, 121, true, true
34764137, 1413596, 8965, 189, 107, 121, true, true
35158830, 1432682, 8966, 190, 108, 124, true, true
35234688, 1436459, 8966, 188, 107, 125, true, true
35350289, 1442130, 8966, 187, 106, 127, true, true
35551206, 1451798, 8967, 188, 107, 126, true, true
35555003, 1451974, 8968, 189, 108, 120, true, true
35664021, 1457408, 8969, 190, 109, 120, true, true
35915832, 1469560, 8970, 191, 110, 121, true, true
35977904, 1472644, 8970, 188, 110, 121, true, true
36234858, 1485305, 8971, 189, 111, 119, true, true
36281083, 1487570, 8972, 189, 111, 117, true, true
36450759, 1495673, 8974, 191, 112, 112, true, true
36714880, 1508766, 8974, 190, 111, 115, true, true
36799490, 1512929, 8975, 191, 112, 115, true, true
36909702, 1518238, 8976, 192, 113, 111, true, true
37432200, 1544041, 8976, 191, 112, 111, true, true
37712333, 1557845, 8977, 192, 113, 113, true, true
37784574, 1561532, 8978, 193, 114, 107, true, true
37863362, 1565551, 8978, 191, 113, 108, true, true
37898465, 1567338, 8978, 190, 112, 108, true, true
38051759, 1574905, 8978, 189, 112, 110, true, true
38098589, 1577211, 8978, 186, 111, 110, true, true
38235944, 1583925, 8979, 187, 112, 109, true, true
38242318, 1584240, 8979, 186, 111, 109, true, true
38560879, 1599855, 8979, 183, 110, 113, true, true
38788835, 1611038, 8986, 189, 111, 112, true, true
38979073, 1620373, 8986, 188, 110, 115, true, true
38999781, 1621409, 8986, 187, 109, 115, true, true
39071094, 1624856, 8989, 190, 110, 111, true, true
39089587, 1625776, 8989, 189, 109, 111, true, true
39099669, 1626316, 8991, 189, 110, 110, true, true
39127333, 1627645, 8991, 187, 109, 110, true, true
39233649, 1632680, 8991, 186, 108, 110, true, true
39259599, 1633974, 8993, 188, 109, 110, true, true
39291162, 1635558, 8994, 189, 110, 107, true, true
39522617, 1647055, 8994, 188, 109, 109, true, true
39809781, 1661482, 8996, 190, 110, 111, true, true
39862520, 1664078, 8997, 185, 111, 108, true, true
40367488, 1689508, 8997, 184, 110, 109, true, true
40475202, 1695007, 8997, 182, 109, 111, true, true
40476428, 1695074, 8998, 183, 110, 108, true, true
41247167, 1734896, 8998, 182, 109, 113, true, true
41252703, 1735190, 8998, 180, 108, 113, true, true
41271222, 1736286, 9002, 184, 109, 112, true, true
41323782, 1738955, 9002, 183, 108, 112, true, true
41383374, 1742082, 9003, 184, 109, 110, true, true
41869047, 1767586, 9003, 183, 108, 113, true, true
42295601, 1790330, 9003, 182, 107, 116, true, true
42490293, 1800616, 9004, 183, 108, 113, true, true
42568031, 1804610, 9004, 182, 107, 113, true, true
42594408, 1805960, 9004, 181, 106, 113, true, true
42856525, 1819526, 9004, 180, 105, 113, true, true
42880951, 1820724, 9004, 179, 104, 113, true, true
43435164, 1850182, 9005, 180, 105, 114, true, true
43470245, 1852052, 9006, 180, 106, 114, true, true
43480076, 1852592, 9009, 183, 107, 112, true, true
43539617, 1855639, 9010, 184, 108, 108, true, true
43541061, 1855715, 9011, 185, 109, 107, true, true
43766624, 1867476, 9011, 182, 108, 108, true, true
43778802, 1868111, 9012, 183, 109, 104, true, true
43838092, 1871116, 9012, 182, 108, 105, true, true
43878985, 1873215, 9012, 181, 107, 105, true, true
44149932, 1887005, 9012, 180, 106, 107, true, true
44308192, 1895391, 9013, 181, 107, 107, true, true
44342556, 1897275, 9013, 180, 106, 107, true, true
44575174, 1909116, 9014, 181, 107, 107, true, true
44671446, 1913960, 9014, 180, 106, 107, true, true
44738541, 1917453, 9015, 181, 107, 107, true, true
45253774, 1943663, 9016, 182, 108, 109, true, true
45258568, 1943907, 9016, 181, 107, 109, true, true
45282917, 1945108, 9016, 180, 106, 109, true, true
45358986, 1948961, 9016, 179, 105, 110, true, true
45420708, 1951983, 9016, 177, 105, 110, true, true
45578532, 1959748, 9017, 178, 106, 109, true, true
45596238, 1960634, 9018, 179, 107, 108, true, true
45624839, 1962068, 9019, 180, 108, 104, true, true
45732416, 1967361, 9020, 181, 109, 98, true, true
46001755, 1980541, 9020, 180, 108, 102, true, true
46212276, 1990838, 9023, 183, 109, 101, true, true
46214753, 1990936, 9023, 182, 108, 101, true, true
46663947, 2013239, 9023, 181, 107, 103, true, true
47159512, 2037857, 9024, 182, 108, 105, true, true
47174597, 2038647, 9025, 183, 109, 104, true, true
47201388, 2040017, 9025, 182, 108, 104, true, true
47215582, 2040719, 9025, 181, 107, 105, true, true
47513693, 2055452, 9025, 180, 106, 105, true, true
47797758, 2070262, 9026, 181, 107, 105, true, true
48073751, 2084394, 9026, 180, 106, 108, true, true
48275581, 2094662, 9026, 177, 106, 110, true, true
48314646, 2096710, 9026, 176, 105, 110, true, true
48327691, 2097376, 9026, 175, 104, 110, true, true
48477757, 2104987, 9026, 167, 103, 110, true, true
48560731, 2109234, 9027, 168, 104, 109, true, true
48779516, 2120032, 9028, 169, 105, 110, true, true
48827232, 2122382, 9028, 168, 104, 110, true, true
48853720, 2123727, 9028, 167, 103, 110, true, true
48877742, 2124915, 9032, 171, 104, 106, true, true
48959369, 2128946, 9034, 173, 105, 105, true, true
49028957, 2132430, 9034, 172, 105, 105, true, true
49219186, 2141797, 9034, 171, 104, 105, true, true
49232919, 2142438, 9035, 172, 105, 104, true, true
49286520, 2144938, 9035, 167, 105, 104, true, true
49298466, 2145537, 9035, 166, 104, 104, true, true
49475254, 2154370, 9036, 167, 105, 103, true, true
49666061, 2163831, 9036, 166, 104, 104, true, true
49803794, 2170621, 9036, 165, 104, 106, true, true
49839180, 2172389, 9036, 164, 103, 106, true, true
50028544, 2181471, 9036, 161, 102, 106, true, true
50477698, 2203290, 9036, 160, 101, 107, true, true
50637632, 2211019, 9036, 158, 100, 107, true, true
50901470, 2223846, 9036, 157, 99, 109, true, true
51136431, 2235075, 9036, 153, 98, 110, true, true
51884448, 2272105, 9037, 154, 99, 112, true, true
52415042, 2298370, 9038, 151, 100, 110, true, true
52661248, 2310457, 9039, 152, 101, 109, true, true
52781493, 2316508, 9039, 151, 100, 109, true, true
52888571, 2321735, 9041, 153, 101, 107, true, true
53007004, 2327661, 9042, 153, 101, 106, true, true
53206999, 2337361, 9044, 155, 102, 106, true, true
53294259, 2341680, 9045, 156, 103, 104, true, true
53325741, 2343276, 9045, 155, 102, 105, true, true
53486240, 2351122, 9045, 154, 101, 105, true, true
53839816, 2368010, 9046, 155, 102, 103, true, true
53870281, 2369462, 9048, 157, 103, 102, true, true
53879853, 2369985, 9049, 157, 103, 101, true, true
54262996, 2388028, 9049, 156, 102, 103, true, true
55126498, 2430325, 9049, 155, 101, 108, true, true
55498224, 2448522, 9050, 156, 102, 110, true, true
56059786, 2476465, 9051, 157, 103, 111, true, true
56474252, 2497116, 9052, 158, 104, 112, true, true
56718247, 2509226, 9052, 157, 104, 115, true, true
57068726, 2526805, 9052, 156, 103, 115, true, true
57093581, 2528029, 9052, 155, 102, 115, true, true
57233620, 2535046, 9053, 156, 103, 114, true, true
57305627, 2538664, 9053, 155, 102, 114, true, true
57955219, 2571785, 9054, 156, 103, 114, true, true
58396931, 2594232, 9055, 157, 104, 117, true, true
58681001, 2608737, 9055, 156, 103, 118, true, true
59260824, 2638831, 9056, 157, 104, 120, true, true
59320865, 2642034, 9056, 156, 103, 121, true, true
59484442, 2650702, 9057, 157, 104, 119, true, true
59950411, 2675108, 9057, 156, 103, 119, true, true
60157995, 2686107, 9057, 155, 102, 121, true, true
60199374, 2688250, 9062, 160, 103, 120, true, true
60476630, 2702990, 9062, 159, 102, 120, true, true
60690987, 2714681, 9062, 156, 101, 121, true, true
60926130, 2727176, 9066, 160, 102, 121, true, true
61202053, 2741576, 9067, 161, 103, 121, true, true
61379141, 2750798, 9067, 160, 102, 122, true, true
61664881, 2765758, 9068, 161, 103, 114, true, true
61731744, 2769288, 9068, 160, 102, 114, true, true
62204773, 2794219, 9069, 161, 103, 111, true, true
62286763, 2798564, 9069, 160, 102, 111, true, true
62587643, 2814164, 9069, 159, 101, 111, true, true
62635253, 2816633, 9070, 160, 102, 106, true, true
63098497, 2841334, 9070, 157, 102, 107, true, true
63474589, 2860808, 9071, 158, 103, 107, true, true
63475359, 2860867, 9071, 157, 102, 107, true, true
63751639, 2875120, 9075, 161, 103, 106, true, true
63913728, 2883620, 9076, 162, 104, 105, true, true
64442440, 2911426, 9077, 163, 105, 107, true, true
64656805, 2922820, 9077, 162, 104, 108, true, true
64731367, 2926826, 9078, 163, 105, 106, true, true
65162536, 2949324, 9079, 164, 106, 105, true, true
65341965, 2958497, 9080, 165, 107, 104, true, true
65603415, 2971936, 9080, 164, 106, 104, true, true
65799254, 2982406, 9080, 163, 105, 104, true, true
66193635, 3002785, 9081, 164, 106, 103, true, true
66279859, 3007113, 9081, 163, 105, 103, true, true
66322258, 3009368, 9082, 163, 106, 95, true, true
66364734, 3011503, 9084, 165, 107, 95, true, true
66736304, 3030486, 9086, 167, 108, 96, true, true
68015066, 3097021, 9086, 165, 107, 100, true, true
68019871, 3097276, 9086, 164, 106, 100, true, true
68083924, 3100556, 9086, 159, 105, 100, true, true
68273608, 3110269, 9087, 159, 105, 99, true, true
68631898, 3128450, 9089, 161, 106, 98, true, true
68790365, 3136686, 9090, 162, 107, 95, true, true
68876519, 3141216, 9090, 161, 106, 95, true, true
69278831, 3161998, 9090, 160, 106, 97, true, true
69511932, 3174053, 9097, 167, 107, 96, true, true
69633748, 3180356, 9098, 168, 108, 95, true, true
69717112, 3184699, 9099, 169, 109, 92, true, true
69968446, 3197546, 9100, 170, 110, 90, true, true
70714942, 3235694, 9101, 171, 111, 92, true, true
70757281, 3237909, 9102, 172, 112, 87, true, true
70803955, 3240294, 9102, 170, 111, 88, true, true
71295830, 3265724, 9102, 167, 110, 89, true, true
71309957, 3266453, 9102, 166, 109, 89, true, true
71824492, 3293302, 9102, 165, 108, 92, true, true
71825175, 3293341, 9102, 164, 107, 92, true, true
72016161, 3303335, 9109, 171, 108, 92, true, true
72053335, 3305268, 9109, 170, 108, 92, true, true
72091663, 3307294, 9109, 169, 107, 92, true, true
72390148, 3322712, 9109, 168, 106, 92, true, true
72501644, 3328389, 9110, 169, 107, 91, true, true
72702956, 3338485, 9110, 168, 107, 91, true, true
72758827, 3341452, 9110, 167, 106, 91, true, true
73513005, 3380043, 9110, 166, 106, 95, true, true
74145627, 3412707, 9110, 165, 105, 96, true, true
74259663, 3418429, 9116, 171, 106, 96, true, true
74369877, 3423964, 9116, 170, 105, 96, true, true
74928180, 3451730, 9116, 169, 104, 99, true, true
75836886, 3498413, 9117, 170, 105, 97, true, true
76163936, 3515235, 9119, 172, 106, 95, true, true
76536148, 3534754, 9120, 173, 107, 93, true, true
76748406, 3545669, 9120, 172, 106, 95, true, true
76838935, 3550419, 9122, 174, 107, 94, true, true
76936272, 3555499, 9122, 172, 105, 94, true, true
77323904, 3574718, 9122, 170, 104, 95, true, true
78804659, 3649411, 9123, 171, 105, 99, true, true
78964171, 3657625, 9123, 170, 104, 99, true, true
79053314, 3662201, 9124, 171, 105, 97, true, true
79398700, 3679665, 9125, 172, 106, 96, true, true
80149976, 3718451, 9126, 173, 107, 97, true, true
80414440, 3731868, 9126, 172, 106, 100, true, true
80595883, 3741346, 9127, 173, 107, 99, true, true
80906497, 3757638, 9128, 174, 108, 99, true, true
81127474, 3768892, 9130, 176, 109, 95, true, true
81331327, 3779230, 9130, 175, 108, 99, true, true
81480350, 3786866, 9130, 174, 107, 100, true, true
82293129, 3828373, 9130, 173, 107, 100, true, true
82431618, 3835526, 9130, 171, 107, 100, true, true
83095924, 3870607, 9131, 172, 108, 101, true, true
83542851, 3894206, 9132, 173, 109, 100, true, true
83733436, 3904258, 9133, 174, 110, 99, true, true
84365062, 3937849, 9133, 173, 109, 100, true, true
84374885, 3938328, 9133, 172, 108, 100, true, true
84646757, 3953005, 9134, 173, 109, 99, true, true
84683873, 3954959, 9135, 174, 110, 98, true, true
84686721, 3955100, 9136, 175, 111, 96, true, true
84744762, 3957999, 9136, 173, 110, 96, true, true
84960180, 3969087, 9136, 169, 109, 97, true, true
85300129, 3986743, 9136, 168, 108, 98, true, true
85326738, 3988155, 9139, 171, 109, 93, true, true
85624181, 4003830, 9139, 170, 108, 96, true, true
86064072, 4026158, 9139, 169, 107, 96, true, true
86174838, 4031882, 9140, 170, 108, 94, true, true
86311832, 4038797, 9151, 181, 109, 90, true, true
86551418, 4050920, 9151, 180, 108, 92, true, true
86565821, 4051612, 9153, 182, 109, 91, true, true
88479290, 4146560, 9155, 184, 110, 95, true, true
88712222, 4158284, 9155, 183, 109, 97, true, true
89234094, 4184367, 9156, 184, 110, 97, true, true
89574031, 4201594, 9156, 183, 109, 98, true, true
89913521, 4219350, 9158, 180, 110, 98, true, true
90206295, 4234532, 9160, 182, 111, 96, true, true
91322007, 4292484, 9160, 181, 110, 96, true, true
91563894, 4305184, 9160, 179, 109, 97, true, true
91786272, 4317133, 9160, 178, 108, 98, true, true
91983457, 4327615, 9161, 179, 109, 99, true, true
92086728, 4333010, 9161, 178, 108, 99, true, true
92553700, 4357864, 9161, 177, 107, 100, true, true
92599732, 4360256, 9161, 175, 106, 100, true, true
92778571, 4369746, 9161, 174, 105, 100, true, true
92852191, 4373632, 9161, 173, 104, 100, true, true
93492994, 4407377, 9161, 172, 103, 102, true, true
93891477, 4428917, 9161, 171, 102, 102, true, true
94262456, 4448744, 9162, 172, 103, 104, true, true
95083966, 4493426, 9162, 168, 102, 105, true, true
95587519, 4520441, 9163, 169, 103, 106, true, true
95746033, 4528963, 9163, 168, 102, 106, true, true
95884618, 4536365, 9163, 167, 101, 108, true, true
95991232, 4542476, 9163, 166, 101, 108, true, true
99129500, 4727297, 9163, 155, 100, 110, false, true
99787894, 4768754, 9163, 154, 99, 110, false, true
99936196, 4778097, 9163, 152, 98, 110, false, true
99998992, 4781752, 9163, 150, 97, 110, false, true
101069739, 4847780, 9164, 151, 98, 107, false, true
101361331, 4866239, 9164, 149, 97, 107, false, true
101410705, 4869221, 9164, 148, 97, 107, false, true
101476324, 4873101, 9165, 149, 98, 102, false, true
101673771, 4885194, 9166, 150, 99, 101, false, true
101741644, 4889280, 9167, 151, 100, 97, false, true
101835368, 4894933, 9167, 150, 99, 97, false, true
102200812, 4916740, 9168, 151, 100, 95, false, true
103236284, 4978358, 9169, 152, 101, 93, false, true
103490740, 4993362, 9170, 153, 102, 91, false, true
103503513, 4994082, 9170, 152, 101, 91, false, true
103760581, 5009170, 9170, 151, 100, 91, false, true
103892983, 5016981, 9170, 150, 99, 91, false, true
104010859, 5023954, 9170, 149, 98, 91, false, true
104163232, 5032648, 9170, 148, 97, 91, false, true
104168039, 5032976, 9170, 147, 96, 91, false, true
105502126, 5113404, 9170, 144, 95, 91, false, true
105655678, 5122764, 9171, 145, 96, 90, false, true
106099443, 5149969, 9172, 146, 97, 89, false, true
106520027, 5175548, 9173, 147, 98, 88, false, true
106558611, 5177717, 9174, 148, 99, 86, false, true
106572630, 5178506, 9176, 150, 100, 85, false, true
106614385, 5181043, 9176, 149, 99, 85, false, true
106874546, 5196230, 9176, 148, 98, 85, false, true
107460540, 5231292, 9176, 147, 97, 85, false, true
107488651, 5232921, 9177, 148, 98, 83, false, true
107553552, 5236792, 9180, 151, 99, 82, false, true
107909246, 5257757, 9180, 149, 98, 82, false, true
107944154, 5259744, 9180, 148, 97, 82, false, true
109585283, 5355427, 9182, 150, 98, 80, false, true
109829799, 5369878, 9182, 149, 97, 80, false, true
110582468, 5414577, 9182, 148, 96, 80, false, true
110625240, 5417162, 9182, 147, 95, 80, false, true
111502773, 5469721, 9182, 146, 94, 80, false, true
111729139, 5483225, 9183, 147, 95, 79, false, true
111899944, 5493249, 9183, 146, 94, 79, false, true
111926934, 5494774, 9183, 145, 93, 79, false, true
112532889, 5530580, 9187, 149, 94, 78, false, true
113385968, 5581058, 9187, 148, 93, 78, false, true
114308003, 5636541, 9189, 150, 94, 73, false, true
114346609, 5639112, 9189, 146, 93, 73, false, true
114811356, 5666805, 9189, 144, 92, 73, false, true
114947771, 5674610, 9189, 143, 91, 73, false, true
116150539, 5743972, 9190, 142, 92, 72, false, true
117272125, 5808123, 9191, 142, 93, 68, false, true
117284308, 5808839, 9192, 143, 94, 67, false, true
117345562, 5812064, 9193, 144, 95, 65, false, true
117675704, 5829353, 9194, 145, 96, 63, false, true
117684130, 5829740, 9194, 144, 95, 63, false, true
118725435, 5886617, 9194, 143, 94, 63, false, true
119692382, 5944502, 9194, 142, 93, 63, false, true
120033545, 5965021, 9194, 141, 92, 63, false, true
120945932, 6020533, 9194, 139, 91, 63, false, true
121021623, 6025165, 9194, 137, 90, 63, false, true
121135575, 6032416, 9194, 135, 89, 63, false, true
121340000, 6044509, 9195, 136, 90, 62, false, true
121551022, 6057443, 9195, 135, 89, 62, false, true
122496057, 6114494, 9196, 136, 90, 61, false, true
122770815, 6131012, 9197, 137, 91, 60, false, true
123097888, 6150536, 9198, 138, 92, 59, false, true
124314275, 6222641, 9198, 137, 91, 59, false, true
124420908, 6229061, 9198, 136, 90, 59, false, true
125633986, 6301854, 9198, 135, 89, 59, false, true
127551111, 6421526, 9199, 136, 90, 58, false, true
127763908, 6434881, 9200, 137, 91, 55, false, true
127934264, 6445116, 9202, 139, 92, 54, false, true
128055217, 6452648, 9202, 138, 91, 54, false, true
128491836, 6479268, 9203, 139, 92, 50, false, true
128575801, 6484190, 9204, 139, 92, 49, false, true
129564510, 6545132, 9205, 140, 93, 47, false, true
130083743, 6577708, 9206, 141, 94, 45, false, true
130223197, 6585977, 9207, 142, 95, 44, false, true
130380145, 6595762, 9209, 144, 96, 43, false, true
132006839, 6698378, 9209, 143, 95, 43, false, true
132398048, 6723345, 9210, 144, 96, 38, false, true
132404627, 6723757, 9213, 147, 97, 37, false, true
132640326, 6738401, 9213, 146, 96, 37, false, true
132767945, 6746349, 9215, 148, 97, 36, false, true
133928842, 6820078, 9215, 147, 96, 36, false, true
134061446, 6828285, 9216, 148, 97, 34, false, true
134877783, 6880266, 9217, 149, 98, 33, false, true
135752025, 6934281, 9217, 148, 97, 33, false, true
136316490, 6969541, 9217, 147, 96, 33, false, true
136983351, 7011315, 9217, 146, 95, 33, false, true
137046847, 7015264, 9218, 146, 96, 32, false, true
137821305, 7063831, 9218, 141, 95, 32, false, true
138100004, 7081269, 9218, 140, 94, 32, false, true
138138549, 7083673, 9220, 141, 95, 31, false, true
138952342, 7134361, 9222, 143, 96, 30, false, true
140472968, 7230693, 9222, 142, 95, 30, false, true
140834524, 7253439, 9222, 141, 95, 30, false, true
141129842, 7271721, 9222, 140, 94, 30, false, true
141353992, 7285597, 9224, 142, 95, 29, false, true
142853987, 7378376, 9226, 144, 96, 27, false, true
144130438, 7457983, 9226, 143, 95, 27, false, true
144637896, 7490056, 9227, 144, 96, 25, false, true
145316238, 7533843, 9227, 143, 96, 25, false, true
145513238, 7546552, 9229, 145, 97, 24, false, true
145554135, 7549177, 9230, 146, 98, 23, false, true
145603857, 7552204, 9231, 147, 99, 22, false, true
145866459, 7568258, 9233, 149, 100, 20, false, true
148190042, 7713117, 9234, 150, 101, 18, false, true
148787001, 7750636, 9234, 149, 100, 18, false, true
148818372, 7752552, 9234, 148, 99, 18, false, true
150363912, 7849587, 9235, 149, 100, 17, false, true
150748715, 7873781, 9235, 148, 99, 17, false, true
151399048, 7914242, 9235, 147, 98, 17, false, true
151685374, 7933377, 9235, 145, 97, 17, false, true
152197184, 7966168, 9235, 144, 96, 17, false, true
152499617, 7985558, 9236, 145, 97, 15, false, true
152597499, 7991824, 9236, 144, 96, 15, false, true
152654001, 7995498, 9236, 143, 95, 15, false, true
153988502, 8082087, 9238, 145, 96, 14, false, true
154266475, 8100369, 9240, 147, 97, 13, false, true
155935430, 8209568, 9241, 148, 98, 12, false, true
156169718, 8224542, 9241, 146, 97, 12, false, true
156741800, 8261824, 9241, 145, 96, 12, false, true
156793878, 8265043, 9242, 146, 97, 10, false, true
157360446, 8301004, 9242, 145, 96, 10, false, true
157659658, 8320281, 9243, 146, 97, 9, false, true
158698473, 8387429, 9243, 145, 96, 9, false, true
158837914, 8396612, 9243, 144, 95, 9, false, true
159153979, 8416739, 9243, 143, 94, 9, false, true
159385725, 8431574, 9243, 141, 93, 9, false, true
162332941, 8618191, 9244, 142, 94, 8, false, true
162705010, 8641678, 9245, 142, 94, 7, false, true
162841109, 8650505, 9246, 143, 95, 6, false, true
163114834, 8667672, 9246, 142, 94, 6, false, true
164618416, 8765164, 9247, 143, 95, 5, false, true
164923603, 8784401, 9249, 145, 96, 4, false, true
166353865, 8877555, 9249, 144, 95, 4, false, true
166480920, 8885837, 9250, 145, 96, 3, false, true
166961314, 8916783, 9252, 147, 97, 2, false, true
168416477, 9010482, 9252, 146, 96, 2, false, true
168796851, 9034859, 9253, 147, 97, 1, false, true
169224488, 9062815, 9254, 148, 98, 0, false, true
171647084, 9221720, 9254, 139, 96, 0, false, true
171681385, 9224087, 9254, 138, 95, 0, false, true
