time, #execs, #covered, #singletons, #sglt_clusts, #foundnew, done, update?
30, 1, 982, 982, 1, 1, true, true
31, 2, 1306, 615, 2, 2, true, true
32, 3, 1659, 823, 3, 3, true, true
35, 4, 1814, 764, 4, 4, true, true
35, 5, 1818, 767, 5, 4, true, true
36, 6, 1818, 763, 4, 6, true, true
37, 7, 1864, 773, 5, 7, true, true
38, 8, 1894, 783, 6, 8, true, true
39, 9, 2046, 702, 7, 9, true, true
40, 10, 2055, 680, 8, 10, true, true
41, 11, 2190, 760, 9, 11, true, true
43, 12, 2225, 763, 10, 10, true, true
44, 13, 2332, 728, 11, 10, true, true
45, 14, 2335, 728, 12, 10, true, true
47, 15, 2463, 747, 13, 11, true, true
48, 16, 2508, 727, 14, 12, true, true
50, 17, 2533, 733, 15, 13, true, true
51, 18, 2600, 775, 16, 14, true, true
53, 19, 2611, 757, 17, 15, true, true
54, 20, 2621, 750, 18, 15, true, true
56, 21, 2630, 743, 19, 15, true, true
57, 22, 2635, 744, 20, 16, true, true
59, 25, 2657, 747, 21, 21, true, true
61, 28, 2843, 730, 22, 25, true, true
63, 29, 2907, 765, 23, 24, true, true
64, 30, 2937, 745, 24, 24, true, true
66, 31, 3104, 790, 25, 25, true, true
67, 32, 3113, 779, 26, 26, true, true
69, 33, 3114, 780, 27, 26, true, true
70, 34, 3117, 777, 28, 27, true, true
71, 35, 3121, 776, 29, 26, true, true
227, 36, 3178, 784, 30, 27, true, true
229, 37, 3187, 781, 31, 28, true, true
231, 38, 3192, 781, 32, 27, true, true
233, 39, 3193, 782, 33, 27, true, true
235, 42, 3213, 788, 34, 32, true, true
238, 43, 3214, 784, 35, 33, true, true
239, 44, 3216, 785, 36, 33, true, true
241, 45, 3218, 785, 37, 33, true, true
242, 46, 3219, 785, 38, 34, true, true
244, 47, 3292, 838, 39, 35, true, true
245, 48, 3399, 885, 40, 34, true, true
247, 49, 3405, 882, 41, 35, true, true
248, 50, 3411, 876, 42, 36, true, true
250, 51, 3603, 1002, 43, 36, true, true
253, 53, 3635, 1027, 44, 38, true, true
255, 54, 3777, 1154, 45, 39, true, true
257, 55, 3779, 1153, 46, 40, true, true
259, 56, 3790, 1056, 47, 41, true, true
267, 59, 3814, 1005, 48, 46, true, true
271, 61, 3985, 968, 47, 46, true, true
273, 62, 3985, 964, 47, 48, true, true
275, 63, 3988, 957, 48, 49, true, true
279, 64, 3989, 957, 49, 50, true, true
285, 65, 3989, 955, 49, 51, true, true
289, 66, 4002, 937, 50, 51, true, true
294, 67, 4003, 938, 51, 52, true, true
298, 68, 4014, 921, 52, 53, true, true
304, 69, 4014, 920, 51, 55, true, true
307, 71, 4018, 914, 52, 57, true, true
312, 72, 4018, 905, 52, 58, true, true
314, 74, 4042, 926, 53, 60, true, true
323, 76, 4095, 958, 54, 60, true, true
326, 77, 4107, 969, 55, 60, true, true
328, 79, 4110, 970, 56, 60, true, true
331, 80, 4114, 973, 57, 61, true, true
333, 81, 4117, 976, 58, 62, true, true
338, 82, 4120, 970, 59, 63, true, true
344, 83, 4120, 969, 59, 65, true, true
346, 84, 4121, 968, 60, 66, true, true
350, 85, 4146, 956, 61, 66, true, true
353, 86, 4147, 955, 62, 66, true, true
355, 87, 4154, 940, 62, 67, true, true
358, 88, 4177, 954, 63, 67, true, true
361, 90, 4189, 957, 64, 70, true, true
364, 91, 4192, 959, 65, 69, true, true
367, 92, 4203, 968, 65, 70, true, true
370, 93, 4204, 967, 66, 71, true, true
374, 94, 4217, 964, 67, 71, true, true
380, 97, 4220, 966, 67, 74, true, true
384, 98, 4239, 985, 68, 74, true, true
388, 99, 4243, 988, 69, 75, true, true
393, 100, 4258, 999, 70, 75, true, true
397, 102, 4263, 996, 71, 75, true, true
402, 103, 4265, 903, 72, 75, true, true
406, 104, 4266, 900, 73, 76, true, true
410, 106, 4285, 915, 74, 76, true, true
413, 107, 4300, 904, 74, 74, true, true
416, 108, 4302, 906, 75, 75, true, true
420, 109, 4335, 937, 76, 74, true, true
423, 110, 4337, 939, 77, 74, true, true
428, 111, 4337, 936, 76, 74, true, true
431, 112, 4339, 936, 77, 73, true, true
435, 113, 4340, 937, 78, 73, true, true
439, 114, 4342, 929, 79, 73, true, true
442, 115, 4349, 930, 79, 71, true, true
445, 116, 4351, 916, 80, 71, true, true
448, 117, 4353, 918, 81, 70, true, true
451, 118, 4367, 880, 82, 69, true, true
454, 119, 4368, 881, 83, 70, true, true
457, 120, 4376, 879, 84, 69, true, true
459, 122, 4378, 881, 85, 69, true, true
462, 123, 4379, 882, 86, 70, true, true
465, 124, 4382, 884, 87, 69, true, true
468, 125, 4387, 868, 86, 69, true, true
471, 126, 4388, 862, 87, 69, true, true
473, 127, 4390, 862, 88, 70, true, true
483, 128, 4397, 861, 88, 70, true, true
490, 129, 4397, 860, 87, 71, true, true
495, 130, 4405, 868, 88, 71, true, true
503, 132, 4405, 861, 88, 73, true, true
506, 133, 4405, 857, 87, 75, true, true
510, 135, 4407, 859, 88, 77, true, true
513, 136, 4411, 863, 89, 78, true, true
518, 137, 4414, 855, 90, 79, true, true
522, 138, 4415, 854, 91, 79, true, true
526, 139, 4424, 846, 92, 77, true, true
529, 140, 4425, 845, 92, 76, true, true
534, 142, 4425, 832, 91, 78, true, true
542, 146, 4426, 831, 92, 80, true, true
555, 147, 4426, 813, 92, 81, true, true
558, 148, 4427, 811, 93, 80, true, true
562, 150, 4432, 816, 94, 80, true, true
565, 153, 4434, 817, 95, 81, true, true
572, 155, 4436, 819, 96, 83, true, true
590, 158, 4436, 816, 96, 86, true, true
595, 159, 4436, 810, 95, 88, true, true
600, 160, 4438, 812, 96, 88, true, true
603, 161, 4439, 813, 97, 89, true, true
608, 162, 4453, 825, 98, 87, true, true
611, 163, 4483, 829, 99, 87, true, true
614, 164, 4484, 830, 100, 86, true, true
617, 165, 4485, 830, 101, 86, true, true
620, 166, 4496, 825, 101, 87, true, true
623, 167, 4499, 826, 102, 88, true, true
631, 168, 4500, 826, 102, 87, true, true
638, 169, 4500, 820, 101, 87, true, true
644, 170, 4501, 821, 102, 88, true, true
649, 172, 4501, 819, 101, 90, true, true
654, 173, 4501, 818, 100, 91, true, true
663, 174, 4512, 826, 101, 90, true, true
667, 175, 4513, 824, 101, 91, true, true
678, 176, 4514, 818, 102, 91, true, true
680, 177, 4515, 819, 103, 91, true, true
685, 178, 4523, 826, 104, 91, true, true
689, 179, 4526, 825, 105, 91, true, true
699, 180, 4556, 855, 106, 91, true, true
718, 182, 4556, 853, 105, 95, true, true
728, 183, 4558, 849, 106, 96, true, true
742, 184, 4561, 850, 106, 95, true, true
749, 185, 4564, 851, 106, 93, true, true
756, 186, 4565, 829, 107, 93, true, true
775, 188, 4567, 831, 108, 94, true, true
781, 189, 4568, 832, 109, 93, true, true
798, 191, 4591, 837, 110, 92, true, true
814, 192, 4591, 821, 110, 92, true, true
820, 193, 4598, 827, 111, 93, true, true
840, 195, 4598, 826, 110, 93, true, true
892, 198, 4602, 826, 110, 92, true, true
912, 199, 4602, 825, 110, 92, true, true
916, 200, 4614, 825, 111, 92, true, true
937, 204, 4615, 825, 112, 92, true, true
943, 206, 4617, 818, 113, 94, true, true
951, 207, 4618, 819, 114, 93, true, true
953, 208, 4619, 820, 115, 92, true, true
968, 212, 4620, 814, 116, 97, true, true
980, 214, 4622, 816, 117, 100, true, true
984, 215, 4630, 816, 118, 99, true, true
989, 216, 4630, 812, 117, 100, true, true
1005, 219, 4630, 805, 117, 102, true, true
1011, 220, 4632, 807, 118, 101, true, true
1028, 223, 4633, 803, 118, 102, true, true
1042, 224, 4633, 802, 118, 102, true, true
1060, 225, 4644, 801, 118, 102, true, true
1065, 226, 4645, 801, 119, 103, true, true
1092, 228, 4653, 802, 120, 104, true, true
1345, 231, 4664, 807, 119, 106, true, true
1377, 233, 4664, 804, 119, 108, true, true
1395, 234, 4664, 802, 119, 108, true, true
1401, 235, 4665, 803, 120, 109, true, true
1409, 237, 4667, 805, 121, 110, true, true
1418, 238, 4688, 825, 122, 111, true, true
1449, 241, 4689, 824, 123, 113, true, true
1475, 244, 4692, 826, 124, 114, true, true
1481, 245, 4693, 824, 125, 114, true, true
1487, 246, 4695, 823, 125, 115, true, true
1498, 248, 4762, 879, 126, 115, true, true
1512, 250, 4768, 885, 127, 113, true, true
1522, 251, 4779, 891, 128, 112, true, true
1542, 252, 4779, 889, 128, 113, true, true
1549, 253, 4780, 890, 129, 112, true, true
1555, 254, 4781, 888, 130, 111, true, true
1560, 255, 4784, 885, 130, 111, true, true
1577, 257, 4918, 825, 127, 106, true, true
1604, 259, 4918, 824, 127, 106, true, true
1618, 260, 4918, 823, 127, 107, true, true
1648, 263, 4937, 823, 126, 109, true, true
1650, 264, 4937, 822, 125, 109, true, true
1655, 265, 4958, 824, 126, 108, true, true
1689, 267, 4962, 825, 127, 108, true, true
1695, 268, 4964, 827, 128, 106, true, true
1702, 270, 4965, 825, 128, 106, true, true
1710, 271, 4965, 823, 126, 107, true, true
1718, 272, 4967, 823, 127, 106, true, true
1726, 273, 4968, 823, 128, 105, true, true
1744, 274, 4968, 821, 128, 105, true, true
1770, 275, 4968, 819, 127, 105, true, true
1814, 276, 5048, 681, 127, 101, true, true
1846, 281, 5049, 680, 128, 102, true, true
1849, 282, 5049, 679, 127, 104, true, true
1869, 285, 5049, 677, 126, 106, true, true
1880, 289, 5049, 674, 126, 106, true, true
1888, 290, 5052, 672, 127, 105, true, true
1907, 291, 5052, 671, 127, 106, true, true
1932, 293, 5058, 676, 128, 108, true, true
1943, 295, 5059, 676, 128, 107, true, true
1959, 296, 5059, 674, 127, 109, true, true
1994, 299, 5061, 676, 128, 111, true, true
2001, 300, 5071, 685, 129, 110, true, true
2011, 303, 5085, 697, 130, 110, true, true
2018, 305, 5086, 698, 131, 109, true, true
2025, 306, 5089, 701, 132, 107, true, true
2040, 307, 5095, 704, 133, 107, true, true
2049, 308, 5098, 703, 134, 106, true, true
2075, 309, 5098, 694, 133, 106, true, true
2104, 311, 5098, 692, 132, 107, true, true
2115, 314, 5099, 693, 133, 107, true, true
2122, 315, 5100, 694, 134, 107, true, true
2132, 316, 5100, 693, 133, 107, true, true
2142, 317, 5103, 689, 133, 107, true, true
2148, 318, 5104, 685, 134, 106, true, true
2178, 320, 5105, 685, 134, 107, true, true
2196, 321, 5107, 683, 135, 106, true, true
2205, 322, 5138, 694, 134, 104, true, true
2243, 325, 5140, 688, 135, 106, true, true
2277, 328, 5140, 687, 135, 107, true, true
2296, 329, 5140, 683, 135, 107, true, true
2307, 331, 5141, 682, 136, 107, true, true
2317, 332, 5142, 683, 137, 108, true, true
2329, 333, 5143, 682, 138, 108, true, true
2347, 334, 5143, 680, 137, 108, true, true
2397, 336, 5143, 679, 136, 110, true, true
2453, 339, 5145, 681, 137, 113, true, true
2479, 340, 5145, 679, 137, 114, true, true
2502, 341, 5145, 677, 136, 115, true, true
2523, 342, 5157, 687, 136, 114, true, true
2532, 344, 5166, 694, 137, 114, true, true
2562, 346, 5170, 697, 138, 115, true, true
2573, 347, 5173, 698, 139, 113, true, true
2615, 349, 5173, 697, 139, 114, true, true
2636, 350, 5175, 699, 140, 113, true, true
3130, 351, 5179, 701, 141, 113, true, true
3168, 353, 5179, 699, 141, 113, true, true
3172, 354, 5276, 772, 142, 112, true, true
3196, 356, 5277, 766, 141, 114, true, true
3203, 357, 5278, 767, 142, 113, true, true
3208, 359, 5297, 750, 142, 114, true, true
3214, 361, 5303, 745, 143, 114, true, true
3220, 362, 5304, 746, 144, 114, true, true
3225, 363, 5305, 745, 144, 113, true, true
3236, 364, 5309, 745, 143, 113, true, true
3244, 365, 5309, 744, 143, 114, true, true
3255, 366, 5311, 746, 144, 113, true, true
3330, 372, 5321, 756, 145, 117, true, true
3339, 373, 5322, 754, 145, 113, true, true
3356, 374, 5322, 752, 145, 113, true, true
3379, 376, 5326, 756, 146, 113, true, true
3411, 377, 5326, 755, 145, 114, true, true
3444, 381, 5332, 758, 146, 112, true, true
3506, 383, 5332, 757, 145, 114, true, true
3528, 385, 5369, 789, 145, 114, true, true
3536, 386, 5379, 794, 146, 110, true, true
3560, 387, 5379, 792, 145, 110, true, true
3586, 388, 5379, 791, 144, 110, true, true
3635, 390, 5379, 788, 144, 110, true, true
3655, 392, 5380, 789, 145, 109, true, true
3661, 393, 5381, 790, 146, 108, true, true
3751, 400, 5382, 791, 147, 113, true, true
3760, 403, 5383, 792, 148, 113, true, true
3790, 406, 5383, 790, 147, 115, true, true
3864, 408, 5383, 789, 146, 116, true, true
3872, 409, 5401, 805, 147, 116, true, true
3879, 410, 5403, 804, 146, 115, true, true
3893, 412, 5414, 800, 147, 113, true, true
3919, 415, 5416, 801, 147, 115, true, true
3964, 418, 5417, 801, 148, 115, true, true
3995, 419, 5417, 796, 147, 116, true, true
4018, 421, 5418, 795, 146, 115, true, true
4026, 422, 5420, 797, 147, 115, true, true
4040, 423, 5421, 794, 148, 116, true, true
4055, 424, 5421, 792, 148, 116, true, true
4074, 425, 5421, 790, 148, 116, true, true
4087, 426, 5422, 791, 149, 113, true, true
4110, 427, 5422, 789, 148, 113, true, true
4122, 428, 5424, 791, 149, 113, true, true
4163, 429, 5424, 790, 149, 113, true, true
4206, 432, 5425, 791, 150, 115, true, true
4290, 435, 5425, 790, 150, 117, true, true
4410, 438, 5425, 789, 150, 118, true, true
4440, 439, 5425, 785, 150, 118, true, true
4532, 442, 5425, 783, 149, 119, true, true
4541, 443, 5429, 776, 150, 119, true, true
4585, 446, 5430, 777, 151, 120, true, true
4604, 447, 5430, 776, 151, 120, true, true
4635, 449, 5446, 754, 152, 119, true, true
4668, 451, 5446, 752, 151, 123, true, true
4688, 452, 5446, 751, 151, 124, true, true
4701, 453, 5447, 752, 152, 123, true, true
4749, 455, 5447, 751, 151, 123, true, true
4761, 456, 5450, 747, 152, 123, true, true
4786, 458, 5453, 749, 153, 124, true, true
4811, 460, 5454, 750, 154, 122, true, true
4842, 462, 5454, 745, 154, 123, true, true
4899, 464, 5492, 766, 155, 123, true, true
4996, 469, 5497, 771, 156, 124, true, true
5021, 470, 5498, 769, 155, 122, true, true
5078, 472, 5498, 763, 155, 123, true, true
5089, 474, 5498, 762, 154, 124, true, true
5119, 476, 5500, 758, 155, 125, true, true
5139, 477, 5500, 757, 154, 125, true, true
5165, 479, 5501, 757, 154, 124, true, true
5188, 480, 5501, 755, 154, 125, true, true
5244, 482, 5501, 754, 153, 126, true, true
5271, 483, 5501, 752, 152, 128, true, true
5351, 487, 5502, 753, 153, 131, true, true
5385, 489, 5502, 752, 153, 132, true, true
5419, 491, 5503, 750, 154, 133, true, true
5428, 492, 5551, 776, 154, 130, true, true
5438, 493, 5552, 776, 154, 130, true, true
5460, 494, 5552, 775, 153, 130, true, true
5470, 495, 5554, 777, 154, 129, true, true
5492, 496, 5554, 772, 154, 129, true, true
5524, 497, 5554, 771, 153, 129, true, true
5604, 502, 5554, 767, 153, 131, true, true
5613, 503, 5559, 769, 154, 128, true, true
5672, 505, 5559, 767, 154, 128, true, true
5681, 506, 5574, 771, 155, 127, true, true
5753, 509, 5574, 770, 154, 128, true, true
5817, 511, 5576, 771, 155, 126, true, true
5886, 517, 5576, 770, 154, 127, true, true
5921, 520, 5577, 771, 155, 127, true, true
5950, 521, 5577, 770, 155, 128, true, true
5978, 523, 5584, 777, 156, 128, true, true
6005, 525, 5585, 777, 157, 128, true, true
6016, 526, 5586, 776, 157, 127, true, true
6038, 527, 5586, 775, 157, 128, true, true
6109, 530, 5590, 779, 158, 124, true, true
6161, 532, 5593, 782, 159, 126, true, true
6174, 535, 5614, 798, 159, 128, true, true
6210, 537, 5616, 799, 160, 127, true, true
6251, 539, 5616, 797, 159, 129, true, true
6305, 542, 5617, 795, 158, 131, true, true
6445, 551, 5619, 797, 159, 135, true, true
6473, 553, 5620, 795, 159, 136, true, true
6548, 556, 5620, 788, 158, 137, true, true
6598, 559, 5625, 792, 158, 130, true, true
6623, 560, 5625, 791, 158, 130, true, true
6682, 562, 5625, 790, 158, 132, true, true
6701, 563, 5627, 792, 159, 131, true, true
6738, 564, 5627, 791, 158, 131, true, true
6761, 565, 5627, 789, 157, 131, true, true
6830, 568, 5637, 742, 156, 130, true, true
6912, 572, 5637, 741, 155, 130, true, true
6988, 575, 5637, 740, 154, 131, true, true
7078, 579, 5637, 739, 153, 133, true, true
7201, 584, 5652, 752, 154, 134, true, true
7217, 585, 5688, 703, 155, 133, true, true
7279, 586, 5688, 702, 155, 134, true, true
7404, 594, 5688, 701, 154, 138, true, true
7459, 598, 5688, 696, 151, 140, true, true
7488, 599, 5688, 695, 150, 140, true, true
7563, 604, 5691, 697, 151, 143, true, true
7647, 608, 5692, 696, 152, 146, true, true
7733, 613, 5693, 696, 153, 146, true, true
7764, 614, 5693, 695, 152, 146, true, true
7923, 621, 5693, 694, 152, 150, true, true
7957, 623, 5693, 693, 151, 150, true, true
7979, 624, 5693, 692, 151, 150, true, true
8020, 627, 5694, 693, 152, 151, true, true
8068, 629, 5694, 692, 151, 152, true, true
8084, 630, 5695, 693, 152, 152, true, true
8136, 633, 5695, 688, 152, 153, true, true
8150, 634, 5696, 680, 151, 153, true, true
8218, 638, 5697, 662, 152, 153, true, true
8227, 639, 5699, 663, 153, 153, true, true
8348, 645, 5702, 664, 153, 156, true, true
8595, 646, 5702, 662, 152, 156, true, true
8627, 647, 5704, 664, 153, 155, true, true
8667, 649, 5705, 663, 152, 154, true, true
8807, 653, 5705, 662, 151, 156, true, true
8866, 655, 5705, 656, 150, 157, true, true
8966, 661, 5706, 656, 151, 158, true, true
8991, 664, 5707, 641, 152, 158, true, true
9013, 666, 5715, 626, 153, 158, true, true
9057, 669, 5716, 627, 154, 158, true, true
9126, 672, 5719, 617, 155, 157, true, true
9137, 673, 5725, 613, 156, 157, true, true
9193, 675, 5725, 612, 156, 159, true, true
9309, 679, 5738, 611, 157, 156, true, true
9372, 682, 5739, 612, 158, 155, true, true
9381, 683, 5751, 624, 159, 154, true, true
9454, 687, 5751, 623, 159, 159, true, true
9466, 689, 5754, 625, 160, 157, true, true
9486, 690, 5754, 593, 160, 157, true, true
9507, 692, 5754, 591, 160, 158, true, true
9547, 696, 5755, 591, 160, 158, true, true
9585, 697, 5755, 587, 159, 159, true, true
9614, 698, 5755, 586, 159, 160, true, true
9646, 699, 5755, 585, 158, 160, true, true
9686, 702, 5755, 582, 157, 163, true, true
9819, 710, 5756, 583, 158, 168, true, true
9829, 711, 5759, 585, 159, 167, true, true
9839, 712, 5760, 586, 160, 166, true, true
9951, 714, 5760, 585, 159, 167, true, true
10033, 717, 5767, 582, 159, 168, true, true
10044, 718, 5770, 583, 160, 167, true, true
10056, 720, 5772, 585, 161, 166, true, true
10141, 723, 5783, 594, 162, 166, true, true
10292, 729, 5787, 596, 161, 166, true, true
10404, 733, 5788, 596, 161, 165, true, true
10441, 737, 5804, 610, 162, 166, true, true
10487, 738, 5805, 611, 163, 163, true, true
10543, 740, 5806, 611, 163, 160, true, true
10576, 742, 5807, 612, 164, 159, true, true
10594, 743, 5807, 608, 163, 159, true, true
10698, 749, 5807, 607, 162, 162, true, true
10711, 750, 5809, 608, 163, 158, true, true
10734, 752, 5812, 605, 163, 157, true, true
10768, 753, 5812, 603, 163, 157, true, true
10857, 757, 5812, 601, 162, 159, true, true
10928, 759, 5816, 605, 163, 158, true, true
11042, 763, 5820, 599, 164, 158, true, true
11070, 765, 5821, 600, 165, 153, true, true
11144, 767, 5822, 598, 166, 152, true, true
11250, 771, 5823, 599, 167, 153, true, true
11444, 777, 5823, 598, 166, 156, true, true
11570, 784, 5824, 599, 167, 157, true, true
11678, 789, 5825, 600, 168, 158, true, true
11704, 791, 5829, 604, 169, 159, true, true
11743, 793, 5830, 605, 170, 158, true, true
11793, 795, 5830, 604, 170, 158, true, true
11866, 798, 5831, 605, 171, 158, true, true
11903, 800, 5833, 606, 172, 158, true, true
11919, 801, 5835, 599, 173, 156, true, true
12130, 808, 5838, 601, 174, 157, true, true
12272, 811, 5838, 593, 174, 158, true, true
12330, 814, 5841, 594, 175, 158, true, true
12425, 818, 5842, 595, 176, 160, true, true
12688, 826, 5845, 598, 177, 160, true, true
12706, 827, 5845, 597, 176, 160, true, true
12727, 828, 5846, 592, 177, 157, true, true
12890, 834, 5847, 593, 178, 156, true, true
13054, 838, 5848, 594, 179, 157, true, true
13156, 842, 5848, 593, 178, 157, true, true
13218, 845, 5848, 591, 177, 157, true, true
13250, 846, 5848, 590, 176, 157, true, true
13289, 847, 5848, 589, 176, 158, true, true
13453, 855, 5848, 588, 175, 162, true, true
13613, 861, 5848, 583, 174, 166, true, true
13668, 864, 5849, 584, 175, 165, true, true
13712, 865, 5849, 583, 174, 165, true, true
13802, 869, 5849, 576, 172, 165, true, true
13857, 871, 5849, 575, 171, 167, true, true
13931, 873, 5849, 566, 171, 168, true, true
14055, 881, 5850, 567, 172, 169, true, true
14197, 886, 5851, 568, 173, 169, true, true
14249, 890, 5852, 569, 174, 170, true, true
14441, 899, 5856, 573, 175, 171, true, true
14463, 900, 5856, 570, 174, 172, true, true
14488, 901, 5856, 567, 173, 172, true, true
14539, 903, 5856, 562, 172, 175, true, true
14564, 904, 5856, 546, 171, 176, true, true
14652, 909, 5856, 545, 171, 178, true, true
14691, 911, 5857, 546, 172, 177, true, true
14768, 915, 5859, 545, 171, 178, true, true
14794, 916, 5859, 544, 170, 178, true, true
14816, 918, 5859, 543, 170, 178, true, true
14898, 922, 5860, 544, 171, 176, true, true
15254, 927, 5870, 554, 172, 175, true, true
15330, 929, 5870, 553, 171, 176, true, true
15413, 932, 5872, 555, 172, 178, true, true
15502, 936, 5872, 554, 172, 179, true, true
15540, 938, 5876, 554, 173, 174, true, true
15867, 948, 5877, 555, 174, 178, true, true
15905, 950, 5880, 557, 175, 178, true, true
16169, 952, 5881, 557, 176, 178, true, true
16268, 956, 5881, 555, 176, 178, true, true
16348, 960, 5881, 554, 175, 180, true, true
17013, 961, 5881, 552, 174, 180, true, true
17495, 962, 5881, 549, 173, 180, true, true
17544, 965, 5884, 552, 174, 174, true, true
17556, 966, 5885, 552, 174, 172, true, true
17584, 967, 5885, 551, 174, 172, true, true
17615, 969, 5890, 537, 174, 169, true, true
17626, 970, 5899, 541, 174, 168, true, true
17670, 971, 5899, 540, 174, 169, true, true
17730, 975, 5902, 541, 174, 167, true, true
17879, 978, 5902, 540, 173, 167, true, true
17899, 980, 5903, 541, 174, 166, true, true
17928, 981, 5946, 549, 172, 167, true, true
17953, 982, 5946, 547, 171, 167, true, true
17977, 983, 5955, 556, 172, 165, true, true
18024, 985, 5962, 550, 172, 165, true, true
19562, 995, 5964, 551, 173, 165, true, true
19651, 999, 5970, 555, 174, 164, true, true
19703, 1001, 5970, 553, 173, 164, true, true
19799, 1003, 5970, 552, 172, 164, true, true
19810, 1005, 5971, 552, 172, 165, true, true
19821, 1006, 5972, 553, 173, 164, true, true
19874, 1008, 5972, 552, 172, 164, true, true
20016, 1014, 5973, 552, 173, 165, true, true
20352, 1025, 5973, 551, 173, 167, true, true
20482, 1030, 5973, 550, 172, 168, true, true
20715, 1039, 5975, 551, 172, 166, true, true
20794, 1043, 5977, 553, 173, 167, true, true
20992, 1048, 5978, 554, 174, 164, true, true
21010, 1049, 5978, 553, 173, 164, true, true
21095, 1052, 5978, 552, 172, 164, true, true
21107, 1053, 5979, 553, 173, 164, true, true
21152, 1054, 5979, 552, 173, 164, true, true
21365, 1060, 5980, 552, 173, 163, true, true
21390, 1061, 5981, 551, 174, 159, true, true
21443, 1063, 5985, 555, 175, 158, true, true
21459, 1064, 5988, 557, 176, 157, true, true
21522, 1068, 5989, 558, 177, 157, true, true
21535, 1069, 6006, 575, 178, 155, true, true
21733, 1078, 6021, 568, 179, 155, true, true
21822, 1080, 6021, 561, 179, 156, true, true
21841, 1081, 6021, 560, 178, 157, true, true
21896, 1083, 6028, 566, 179, 157, true, true
21946, 1085, 6028, 565, 178, 159, true, true
22179, 1091, 6028, 564, 177, 161, true, true
22324, 1097, 6028, 563, 176, 164, true, true
22357, 1098, 6029, 564, 177, 163, true, true
22449, 1101, 6030, 562, 175, 160, true, true
22496, 1103, 6033, 565, 176, 159, true, true
22581, 1106, 6033, 561, 175, 160, true, true
22659, 1108, 6033, 559, 173, 160, true, true
22961, 1117, 6033, 556, 172, 161, true, true
23031, 1122, 6034, 557, 173, 158, true, true
23072, 1124, 6035, 558, 174, 156, true, true
23971, 1151, 6035, 555, 174, 166, true, true
24095, 1155, 6035, 554, 174, 167, true, true
24132, 1159, 6036, 555, 175, 168, true, true
24295, 1165, 6036, 554, 174, 174, true, true
24310, 1166, 6037, 554, 174, 172, true, true
24500, 1172, 6037, 550, 172, 172, true, true
24541, 1174, 6038, 551, 173, 170, true, true
24582, 1177, 6038, 550, 172, 170, true, true
24612, 1178, 6039, 550, 172, 169, true, true
24768, 1182, 6039, 549, 171, 170, true, true
24835, 1184, 6039, 548, 170, 170, true, true
24879, 1186, 6039, 547, 169, 171, true, true
25016, 1191, 6041, 539, 170, 174, true, true
25216, 1201, 6070, 567, 171, 177, true, true
25252, 1202, 6071, 568, 172, 176, true, true
25293, 1204, 6071, 564, 171, 176, true, true
25398, 1207, 6072, 564, 172, 175, true, true
25476, 1212, 6075, 566, 172, 172, true, true
25490, 1213, 6078, 566, 172, 171, true, true
25502, 1214, 6079, 567, 173, 170, true, true
25523, 1216, 6079, 566, 173, 170, true, true
25550, 1217, 6080, 567, 174, 169, true, true
25713, 1222, 6080, 561, 173, 169, true, true
26025, 1232, 6080, 560, 172, 172, true, true
26133, 1236, 6082, 562, 173, 172, true, true
26149, 1237, 6083, 562, 174, 171, true, true
26513, 1250, 6083, 561, 174, 175, true, true
26633, 1253, 6083, 557, 173, 176, true, true
26665, 1254, 6083, 556, 173, 176, true, true
26698, 1255, 6083, 555, 172, 176, true, true
26894, 1259, 6085, 557, 173, 175, true, true
26929, 1262, 6086, 558, 174, 172, true, true
27313, 1274, 6087, 558, 174, 176, true, true
27333, 1276, 6106, 575, 175, 175, true, true
27344, 1277, 6107, 576, 176, 174, true, true
27517, 1283, 6107, 570, 175, 176, true, true
27565, 1285, 6108, 571, 176, 174, true, true
27595, 1286, 6112, 574, 177, 173, true, true
27687, 1289, 6120, 580, 177, 173, true, true
27899, 1294, 6120, 579, 176, 174, true, true
28001, 1296, 6120, 578, 175, 174, true, true
28196, 1302, 6123, 581, 176, 174, true, true
28222, 1303, 6123, 580, 175, 174, true, true
28433, 1308, 6125, 582, 176, 171, true, true
28564, 1311, 6125, 581, 175, 174, true, true
28605, 1312, 6125, 579, 174, 175, true, true
28839, 1319, 6125, 578, 174, 177, true, true
28877, 1321, 6127, 580, 175, 176, true, true
29018, 1324, 6128, 581, 176, 175, true, true
29148, 1327, 6128, 580, 175, 175, true, true
29272, 1331, 6129, 581, 176, 175, true, true
29284, 1332, 6134, 585, 177, 174, true, true
29328, 1334, 6135, 586, 178, 171, true, true
29519, 1340, 6135, 584, 178, 172, true, true
29658, 1346, 6136, 584, 179, 172, true, true
29682, 1347, 6137, 583, 178, 170, true, true
29820, 1349, 6139, 585, 179, 171, true, true
30333, 1365, 6139, 584, 178, 176, true, true
30397, 1367, 6140, 585, 179, 175, true, true
30485, 1369, 6141, 586, 180, 174, true, true
30519, 1370, 6143, 587, 181, 173, true, true
30624, 1373, 6146, 589, 182, 172, true, true
30642, 1374, 6147, 590, 183, 172, true, true
30904, 1381, 6147, 589, 182, 173, true, true
31004, 1383, 6147, 588, 181, 173, true, true
31267, 1394, 6149, 590, 182, 174, true, true
31323, 1396, 6159, 598, 182, 173, true, true
31364, 1398, 6159, 596, 182, 173, true, true
31451, 1401, 6160, 597, 183, 175, true, true
31477, 1402, 6161, 598, 184, 173, true, true
31545, 1405, 6162, 599, 185, 172, true, true
31689, 1411, 6162, 598, 185, 172, true, true
31728, 1412, 6163, 599, 186, 170, true, true
31793, 1414, 6165, 601, 187, 168, true, true
31956, 1417, 6165, 600, 186, 170, true, true
32107, 1420, 6166, 601, 187, 166, true, true
32349, 1428, 6167, 602, 188, 166, true, true
32420, 1430, 6168, 601, 188, 165, true, true
32481, 1432, 6174, 604, 189, 165, true, true
32505, 1433, 6175, 604, 190, 164, true, true
32923, 1443, 6177, 606, 191, 165, true, true
33009, 1445, 6177, 605, 190, 165, true, true
33158, 1450, 6177, 602, 189, 166, true, true
33340, 1454, 6177, 601, 188, 167, true, true
33397, 1456, 6177, 600, 187, 168, true, true
33711, 1465, 6177, 599, 186, 169, true, true
33728, 1467, 6178, 597, 187, 167, true, true
34352, 1486, 6178, 596, 186, 172, true, true
34374, 1487, 6179, 597, 187, 171, true, true
34686, 1495, 6180, 598, 188, 172, true, true
35054, 1507, 6180, 592, 188, 173, true, true
35185, 1510, 6182, 594, 189, 173, true, true
35398, 1519, 6189, 600, 190, 172, true, true
35523, 1523, 6191, 600, 191, 172, true, true
35537, 1524, 6192, 601, 192, 169, true, true
35576, 1525, 6193, 602, 193, 167, true, true
35673, 1528, 6194, 603, 194, 167, true, true
35890, 1536, 6195, 604, 195, 167, true, true
35922, 1537, 6195, 601, 195, 167, true, true
36387, 1551, 6195, 600, 195, 169, true, true
36506, 1555, 6195, 598, 194, 169, true, true
36643, 1559, 6196, 599, 195, 169, true, true
36985, 1568, 6198, 582, 194, 169, true, true
37197, 1576, 6200, 573, 194, 169, true, true
37211, 1577, 6201, 574, 195, 167, true, true
37266, 1579, 6202, 575, 196, 168, true, true
37349, 1582, 6202, 573, 195, 169, true, true
37636, 1591, 6202, 572, 194, 174, true, true
37732, 1594, 6202, 571, 194, 175, true, true
37769, 1595, 6202, 570, 193, 175, true, true
37888, 1599, 6203, 571, 194, 171, true, true
38086, 1605, 6203, 569, 194, 171, true, true
38779, 1626, 6204, 570, 195, 174, true, true
38871, 1628, 6204, 569, 194, 174, true, true
38917, 1629, 6208, 573, 195, 172, true, true
38938, 1630, 6208, 572, 194, 172, true, true
38989, 1632, 6209, 573, 195, 171, true, true
39001, 1633, 6212, 576, 196, 170, true, true
39126, 1639, 6213, 577, 197, 169, true, true
39761, 1660, 6213, 576, 196, 173, true, true
39787, 1661, 6213, 575, 195, 174, true, true
39975, 1671, 6218, 572, 195, 168, true, true
40957, 1693, 6220, 574, 196, 172, true, true
41097, 1697, 6222, 576, 197, 168, true, true
41152, 1699, 6222, 575, 196, 168, true, true
41191, 1700, 6222, 574, 196, 168, true, true
41270, 1702, 6222, 573, 195, 168, true, true
41471, 1711, 6223, 574, 196, 167, true, true
41560, 1713, 6223, 571, 195, 167, true, true
41606, 1714, 6223, 570, 195, 168, true, true
41653, 1715, 6223, 568, 195, 169, true, true
41876, 1719, 6232, 577, 196, 169, true, true
41975, 1722, 6234, 579, 197, 168, true, true
42021, 1724, 6234, 578, 196, 168, true, true
42204, 1729, 6234, 576, 195, 168, true, true
42292, 1732, 6234, 575, 195, 169, true, true
42364, 1734, 6234, 573, 194, 170, true, true
42445, 1739, 6234, 572, 193, 170, true, true
42468, 1740, 6234, 571, 192, 170, true, true
42505, 1741, 6234, 565, 191, 170, true, true
42622, 1746, 6234, 564, 190, 170, true, true
42655, 1748, 6235, 565, 191, 169, true, true
42762, 1751, 6242, 567, 191, 168, true, true
42851, 1753, 6242, 566, 190, 169, true, true
43359, 1766, 6574, 885, 190, 171, true, true
43656, 1775, 6574, 884, 189, 171, true, true
43734, 1778, 6576, 885, 190, 170, true, true
43782, 1781, 6577, 885, 191, 169, true, true
43879, 1783, 6577, 883, 190, 169, true, true
43973, 1788, 6579, 883, 189, 167, true, true
44193, 1797, 6579, 882, 188, 169, true, true
44224, 1799, 6579, 880, 187, 169, true, true
44478, 1803, 6579, 878, 186, 170, true, true
44546, 1805, 6582, 881, 187, 167, true, true
44564, 1806, 6583, 882, 188, 167, true, true
44770, 1814, 6584, 883, 189, 169, true, true
44784, 1815, 6585, 884, 190, 169, true, true
44900, 1820, 6587, 886, 191, 169, true, true
44912, 1821, 6588, 887, 192, 167, true, true
44990, 1825, 6588, 886, 191, 167, true, true
45164, 1830, 6588, 885, 190, 169, true, true
46168, 1856, 6589, 886, 191, 170, true, true
46276, 1858, 6589, 885, 190, 170, true, true
46349, 1861, 6590, 886, 191, 169, true, true
46476, 1865, 6593, 888, 192, 168, true, true
47097, 1877, 6597, 892, 193, 171, true, true
47143, 1878, 6597, 891, 193, 171, true, true
47293, 1881, 6597, 889, 192, 171, true, true
47460, 1887, 6597, 888, 191, 172, true, true
47641, 1891, 6597, 884, 190, 173, true, true
47907, 1898, 6597, 875, 189, 173, true, true
48050, 1903, 6599, 877, 190, 169, true, true
48143, 1905, 6599, 876, 189, 170, true, true
48414, 1914, 6600, 876, 189, 172, true, true
48525, 1918, 6600, 874, 188, 172, true, true
48782, 1927, 6602, 876, 189, 174, true, true
48891, 1931, 6602, 875, 189, 175, true, true
49162, 1937, 6602, 874, 189, 175, true, true
49204, 1938, 6602, 871, 188, 175, true, true
49302, 1942, 6603, 872, 189, 175, true, true
50173, 1962, 6605, 874, 190, 177, true, true
50338, 1969, 6606, 875, 191, 178, true, true
50645, 1979, 6609, 878, 192, 178, true, true
50899, 1989, 6609, 877, 192, 178, true, true
51278, 2000, 6609, 876, 192, 179, true, true
51502, 2005, 6609, 874, 191, 180, true, true
51597, 2007, 6612, 877, 192, 179, true, true
51613, 2008, 6615, 880, 193, 178, true, true
51878, 2016, 6615, 879, 193, 179, true, true
52015, 2021, 6616, 880, 194, 179, true, true
52039, 2022, 6617, 881, 195, 178, true, true
52436, 2031, 6617, 880, 194, 179, true, true
53146, 2051, 6617, 877, 193, 184, true, true
53173, 2053, 6618, 878, 194, 182, true, true
53382, 2058, 6618, 877, 193, 185, true, true
53780, 2073, 6618, 876, 192, 189, true, true
53926, 2081, 6619, 877, 193, 189, true, true
54055, 2085, 6624, 882, 194, 189, true, true
54067, 2086, 6625, 883, 195, 188, true, true
54077, 2087, 6626, 884, 196, 185, true, true
54091, 2088, 6627, 881, 197, 183, true, true
54269, 2093, 6636, 884, 198, 179, true, true
54668, 2105, 6636, 881, 198, 179, true, true
54941, 2111, 6636, 880, 198, 180, true, true
55045, 2118, 6651, 895, 199, 181, true, true
55103, 2120, 6651, 894, 198, 181, true, true
55219, 2123, 6651, 893, 197, 181, true, true
55473, 2133, 6654, 891, 197, 181, true, true
55593, 2138, 6655, 892, 198, 178, true, true
55908, 2146, 6656, 893, 199, 177, true, true
56443, 2159, 6658, 895, 200, 178, true, true
56517, 2161, 6658, 894, 199, 179, true, true
56576, 2163, 6658, 893, 199, 180, true, true
56595, 2164, 6658, 892, 198, 180, true, true
56801, 2169, 6659, 893, 199, 178, true, true
56863, 2170, 6659, 891, 199, 178, true, true
57313, 2185, 6659, 889, 198, 181, true, true
57533, 2189, 6660, 887, 199, 181, true, true
57695, 2194, 6660, 886, 198, 181, true, true
58021, 2199, 6660, 885, 197, 182, true, true
58213, 2204, 6661, 886, 198, 181, true, true
58382, 2208, 6662, 887, 199, 180, true, true
58585, 2215, 6662, 886, 198, 182, true, true
58669, 2217, 6662, 879, 198, 183, true, true
58751, 2220, 6662, 877, 198, 183, true, true
59435, 2239, 6662, 875, 197, 186, true, true
59541, 2242, 6662, 874, 196, 190, true, true
60013, 2254, 6662, 873, 195, 192, true, true
60078, 2255, 6662, 872, 194, 192, true, true
60212, 2258, 6662, 871, 193, 194, true, true
60543, 2271, 6665, 873, 194, 194, true, true
60601, 2272, 6665, 872, 193, 194, true, true
60956, 2283, 6666, 873, 194, 192, true, true
61050, 2285, 6666, 871, 193, 192, true, true
61092, 2287, 6666, 870, 192, 192, true, true
61118, 2288, 6669, 873, 193, 191, true, true
61148, 2289, 6671, 873, 193, 189, true, true
61437, 2297, 6674, 876, 194, 187, true, true
61609, 2301, 6674, 875, 193, 187, true, true
61627, 2302, 6682, 873, 194, 184, true, true
61717, 2305, 6683, 874, 195, 181, true, true
61919, 2311, 6684, 874, 196, 180, true, true
62090, 2317, 6684, 871, 194, 180, true, true
62111, 2319, 6685, 872, 195, 176, true, true
62138, 2320, 6685, 871, 194, 176, true, true
62207, 2321, 6685, 870, 193, 176, true, true
62264, 2323, 6688, 863, 194, 175, true, true
62343, 2326, 6688, 862, 194, 176, true, true
62480, 2330, 6689, 861, 194, 176, true, true
62565, 2333, 6689, 860, 194, 177, true, true
63506, 2360, 6691, 861, 195, 182, true, true
63861, 2366, 6691, 860, 194, 182, true, true
64034, 2371, 6692, 861, 195, 181, true, true
64188, 2378, 6692, 860, 194, 182, true, true
64262, 2381, 6694, 858, 195, 181, true, true
64339, 2383, 6694, 857, 195, 181, true, true
64880, 2397, 6695, 858, 196, 185, true, true
65043, 2400, 6697, 860, 197, 183, true, true
65145, 2402, 6698, 861, 198, 181, true, true
65804, 2423, 6699, 862, 199, 184, true, true
66766, 2445, 6706, 830, 200, 185, true, true
66829, 2447, 6707, 831, 201, 182, true, true
67333, 2452, 6707, 825, 200, 182, true, true
67738, 2464, 6708, 826, 201, 184, true, true
67799, 2466, 6720, 819, 202, 182, true, true
67908, 2470, 6721, 814, 203, 183, true, true
68145, 2477, 6721, 812, 202, 183, true, true
68476, 2487, 6721, 811, 201, 184, true, true
68571, 2490, 6721, 809, 200, 184, true, true
68596, 2491, 6722, 810, 201, 182, true, true
69124, 2507, 6722, 808, 200, 184, true, true
70280, 2521, 6722, 806, 199, 185, true, true
70365, 2524, 6723, 807, 200, 183, true, true
70390, 2525, 6723, 806, 199, 183, true, true
70555, 2529, 6723, 805, 198, 183, true, true
70895, 2540, 6723, 804, 197, 185, true, true
71226, 2547, 6724, 801, 197, 183, true, true
71535, 2555, 6727, 804, 198, 180, true, true
71621, 2557, 6731, 808, 199, 175, true, true
72080, 2564, 6731, 805, 198, 175, true, true
72439, 2574, 6732, 806, 199, 174, true, true
72733, 2585, 6734, 808, 200, 172, true, true
73050, 2593, 6734, 807, 199, 172, true, true
73065, 2594, 6735, 808, 200, 171, true, true
73147, 2597, 6735, 807, 199, 171, true, true
73803, 2612, 6736, 808, 200, 171, true, true
74096, 2617, 6736, 805, 199, 171, true, true
74200, 2620, 6737, 806, 200, 169, true, true
74326, 2624, 6737, 804, 199, 169, true, true
74346, 2625, 6738, 804, 199, 165, true, true
74839, 2636, 6740, 799, 200, 166, true, true
75269, 2646, 6740, 798, 199, 169, true, true
75811, 2662, 6741, 799, 200, 169, true, true
76401, 2677, 6742, 800, 201, 166, true, true
76864, 2691, 6743, 800, 202, 165, true, true
76983, 2697, 6746, 802, 202, 164, true, true
77117, 2700, 6748, 804, 203, 160, true, true
77379, 2707, 6749, 804, 203, 159, true, true
77989, 2721, 6749, 803, 203, 160, true, true
78007, 2724, 6751, 805, 204, 158, true, true
78224, 2730, 6752, 806, 205, 156, true, true
78460, 2739, 6752, 805, 204, 159, true, true
78575, 2742, 6752, 804, 203, 159, true, true
78732, 2748, 6753, 805, 204, 158, true, true
78963, 2755, 6753, 803, 203, 159, true, true
79039, 2758, 6754, 804, 204, 155, true, true
79510, 2770, 6755, 805, 205, 154, true, true
79599, 2773, 6755, 804, 205, 154, true, true
79763, 2778, 6755, 803, 204, 154, true, true
79786, 2779, 6757, 805, 205, 153, true, true
80367, 2787, 6757, 804, 204, 154, true, true
80691, 2797, 6758, 803, 204, 154, true, true
80721, 2798, 6758, 801, 203, 154, true, true
80773, 2799, 6758, 800, 202, 154, true, true
80883, 2802, 6758, 799, 201, 155, true, true
81286, 2811, 6758, 798, 201, 156, true, true
82073, 2832, 6784, 824, 202, 154, true, true
82083, 2833, 6785, 825, 203, 153, true, true
82348, 2841, 6786, 824, 204, 152, true, true
82395, 2842, 6786, 823, 204, 152, true, true
82421, 2843, 6795, 832, 205, 152, true, true
83691, 2869, 6798, 835, 206, 151, true, true
83714, 2870, 6799, 836, 207, 150, true, true
83802, 2871, 6799, 834, 206, 150, true, true
83829, 2872, 6799, 833, 205, 150, true, true
83973, 2875, 6803, 834, 205, 149, true, true
84182, 2882, 6807, 838, 206, 149, true, true
84822, 2895, 6807, 835, 205, 151, true, true
85104, 2905, 6809, 836, 205, 149, true, true
85363, 2911, 6809, 835, 204, 151, true, true
85382, 2912, 6810, 833, 204, 150, true, true
85508, 2915, 6810, 832, 203, 150, true, true
86008, 2930, 6810, 830, 202, 152, true, true
86481, 2942, 6810, 828, 201, 152, true, true
86538, 2943, 6812, 828, 201, 151, true, true
86834, 2950, 6812, 827, 200, 152, true, true
86856, 2951, 6813, 828, 201, 151, true, true
87411, 2966, 6815, 830, 202, 149, true, true
88352, 2987, 6816, 831, 203, 152, true, true
88375, 2988, 6820, 835, 204, 149, true, true
89407, 3008, 6820, 834, 203, 154, true, true
89661, 3015, 6821, 835, 204, 154, true, true
89692, 3016, 6821, 834, 203, 154, true, true
90054, 3021, 6821, 832, 202, 154, true, true
90502, 3033, 6821, 830, 201, 154, true, true
90910, 3044, 6822, 830, 201, 155, true, true
91245, 3052, 6822, 829, 201, 156, true, true
92604, 3067, 6822, 828, 200, 156, true, true
92771, 3070, 6823, 829, 201, 156, true, true
95499, 3127, 6824, 828, 201, 167, true, true
95748, 3130, 6824, 822, 200, 168, true, true
95893, 3135, 6824, 821, 199, 169, true, true
96214, 3142, 6824, 820, 198, 169, true, true
96318, 3145, 6829, 825, 199, 168, true, true
96786, 3155, 6830, 825, 200, 168, true, true
96869, 3157, 6831, 826, 201, 165, true, true
97369, 3170, 6831, 825, 201, 169, true, true
97605, 3176, 6832, 826, 202, 168, true, true
97650, 3177, 6841, 831, 202, 167, true, true
97783, 3179, 6841, 830, 201, 167, true, true
98120, 3187, 6842, 831, 202, 168, true, true
99226, 3213, 6842, 830, 201, 170, true, true
99961, 3230, 6842, 828, 200, 172, true, true
100018, 3231, 6842, 827, 199, 172, true, true
100489, 3238, 6843, 828, 200, 170, true, true
101122, 3247, 6843, 826, 199, 172, true, true
101669, 3263, 6844, 827, 200, 170, true, true
101886, 3269, 6844, 826, 199, 171, true, true
102611, 3287, 6844, 825, 198, 171, true, true
103050, 3296, 6844, 824, 197, 173, true, true
103573, 3306, 6845, 823, 197, 172, true, true
103627, 3307, 6846, 821, 197, 167, true, true
103645, 3308, 6847, 822, 198, 167, true, true
104436, 3322, 6851, 826, 199, 167, true, true
105603, 3344, 6851, 825, 198, 168, true, true
106043, 3351, 6852, 825, 199, 167, true, true
106217, 3357, 6852, 823, 198, 169, true, true
106601, 3365, 6852, 821, 198, 169, true, true
107011, 3372, 6852, 820, 198, 169, true, true
107606, 3384, 6853, 821, 199, 171, true, true
107706, 3386, 6853, 820, 198, 171, true, true
109366, 3422, 6853, 819, 198, 174, true, true
109642, 3427, 6853, 818, 197, 174, true, true
109747, 3428, 6853, 817, 196, 174, true, true
110469, 3438, 6854, 818, 197, 173, true, true
111853, 3462, 6855, 819, 198, 174, true, true
112113, 3467, 6855, 818, 198, 175, true, true
112378, 3474, 6855, 816, 197, 175, true, true
113137, 3494, 6855, 815, 196, 179, true, true
113373, 3500, 6855, 814, 196, 179, true, true
113738, 3506, 6856, 815, 197, 177, true, true
114340, 3517, 6856, 814, 197, 178, true, true
114818, 3529, 6858, 816, 198, 179, true, true
116402, 3551, 6858, 815, 198, 180, true, true
116817, 3556, 6858, 813, 197, 180, true, true
117807, 3577, 6858, 811, 197, 181, true, true
118489, 3589, 6860, 813, 198, 179, true, true
118526, 3590, 6861, 812, 198, 177, true, true
119158, 3604, 6862, 813, 199, 178, true, true
119692, 3616, 6862, 810, 198, 183, true, true
119946, 3621, 6862, 807, 197, 183, true, true
120070, 3624, 6864, 809, 198, 179, true, true
120414, 3630, 6870, 814, 199, 177, true, true
120445, 3631, 6874, 818, 200, 176, true, true
121797, 3658, 6874, 817, 200, 180, true, true
121973, 3660, 6874, 816, 199, 180, true, true
122013, 3662, 6875, 817, 200, 178, true, true
122180, 3665, 6875, 816, 199, 178, true, true
122202, 3666, 6876, 817, 200, 173, true, true
123226, 3693, 6876, 816, 199, 175, true, true
123277, 3694, 6876, 814, 198, 175, true, true
124451, 3716, 6876, 813, 197, 178, true, true
126123, 3742, 6877, 814, 198, 177, true, true
126233, 3745, 6877, 813, 197, 177, true, true
126485, 3750, 6878, 810, 198, 178, true, true
126685, 3755, 6878, 809, 197, 179, true, true
127096, 3764, 6878, 807, 196, 179, true, true
127584, 3777, 6878, 803, 195, 179, true, true
127732, 3780, 6878, 802, 194, 179, true, true
128858, 3802, 6878, 801, 193, 181, true, true
129063, 3807, 6880, 803, 194, 180, true, true
129261, 3812, 6881, 803, 195, 179, true, true
129613, 3824, 6884, 806, 196, 180, true, true
129799, 3827, 6886, 808, 197, 179, true, true
130308, 3841, 6886, 807, 196, 181, true, true
130393, 3843, 6886, 806, 195, 181, true, true
130823, 3850, 6886, 805, 194, 181, true, true
131342, 3860, 6887, 806, 195, 180, true, true
131737, 3871, 6887, 805, 194, 181, true, true
131963, 3878, 6887, 804, 193, 181, true, true
131972, 3879, 6890, 807, 194, 181, true, true
131994, 3880, 6890, 804, 194, 181, true, true
132422, 3890, 6891, 803, 194, 182, true, true
132573, 3895, 6891, 802, 193, 183, true, true
133244, 3906, 6891, 801, 192, 183, true, true
133359, 3909, 6892, 802, 193, 181, true, true
133944, 3922, 6892, 800, 191, 183, true, true
133966, 3923, 6894, 802, 192, 181, true, true
134049, 3925, 6894, 801, 191, 181, true, true
134437, 3931, 6895, 801, 192, 181, true, true
134548, 3932, 6895, 800, 191, 181, true, true
135657, 3954, 6898, 803, 192, 181, true, true
140076, 4012, 6900, 805, 193, 183, true, true
140197, 4015, 6901, 806, 194, 185, true, true
141263, 4034, 6901, 805, 194, 186, true, true
141756, 4045, 6901, 803, 193, 186, true, true
141861, 4048, 6901, 801, 191, 188, true, true
142360, 4058, 6901, 800, 190, 188, true, true
142770, 4066, 6902, 800, 190, 188, true, true
143442, 4078, 6902, 791, 189, 191, true, true
143569, 4082, 6903, 792, 190, 189, true, true
143601, 4083, 6903, 791, 189, 189, true, true
143774, 4086, 6905, 793, 190, 187, true, true
144566, 4098, 6905, 787, 189, 188, true, true
145217, 4111, 6906, 788, 190, 185, true, true
145369, 4114, 6906, 785, 189, 185, true, true
145455, 4116, 6907, 786, 190, 184, true, true
145670, 4121, 6908, 785, 190, 183, true, true
146334, 4135, 6909, 786, 191, 179, true, true
146492, 4140, 6912, 789, 192, 177, true, true
147035, 4153, 6915, 789, 193, 177, true, true
147054, 4154, 6917, 791, 194, 174, true, true
147795, 4169, 6926, 795, 194, 174, true, true
150407, 4222, 6927, 796, 195, 178, true, true
150594, 4225, 6927, 793, 194, 178, true, true
150970, 4235, 6927, 792, 193, 179, true, true
152201, 4259, 6927, 791, 193, 179, true, true
152373, 4264, 6928, 790, 193, 178, true, true
152427, 4265, 6928, 789, 192, 178, true, true
152828, 4273, 6928, 781, 191, 178, true, true
154011, 4297, 6928, 779, 190, 182, true, true
154583, 4306, 6929, 780, 191, 179, true, true
155418, 4326, 6929, 779, 190, 179, true, true
157201, 4357, 6929, 774, 190, 180, true, true
157385, 4360, 6929, 773, 189, 180, true, true
158376, 4377, 6930, 774, 190, 178, true, true
160476, 4424, 6935, 777, 191, 183, true, true
160679, 4429, 6936, 777, 191, 182, true, true
160762, 4431, 6938, 779, 192, 181, true, true
161848, 4453, 6939, 780, 193, 183, true, true
162731, 4468, 6940, 781, 194, 181, true, true
162852, 4472, 6941, 782, 195, 179, true, true
163168, 4481, 6942, 783, 196, 176, true, true
163246, 4483, 6943, 784, 197, 172, true, true
163283, 4484, 6943, 783, 196, 172, true, true
163609, 4490, 6964, 624, 197, 171, true, true
164042, 4498, 6964, 623, 196, 172, true, true
164617, 4512, 6964, 622, 195, 172, true, true
164633, 4513, 6970, 620, 196, 168, true, true
165422, 4527, 6971, 621, 197, 167, true, true
166155, 4540, 6973, 623, 198, 166, true, true
167046, 4559, 6973, 622, 197, 168, true, true
167135, 4562, 6982, 631, 198, 167, true, true
169750, 4610, 6982, 630, 197, 171, true, true
171938, 4651, 6982, 629, 196, 176, true, true
171957, 4653, 6985, 631, 196, 175, true, true
172458, 4663, 6986, 632, 197, 174, true, true
172965, 4674, 6987, 632, 197, 175, true, true
173061, 4676, 6988, 632, 198, 174, true, true
173336, 4682, 6988, 631, 197, 175, true, true
173605, 4689, 6988, 630, 196, 175, true, true
174186, 4699, 6992, 632, 197, 174, true, true
175418, 4724, 6992, 631, 196, 178, true, true
175831, 4732, 6992, 616, 195, 178, true, true
176235, 4741, 6992, 614, 194, 180, true, true
176315, 4742, 7000, 621, 194, 178, true, true
176902, 4755, 7001, 622, 195, 177, true, true
178130, 4777, 7001, 621, 194, 178, true, true
178178, 4778, 7001, 620, 193, 178, true, true
178341, 4781, 7004, 623, 194, 173, true, true
178401, 4783, 7004, 622, 193, 173, true, true
178519, 4787, 7005, 618, 194, 172, true, true
178971, 4793, 7005, 617, 193, 173, true, true
180080, 4816, 7005, 615, 192, 175, true, true
180676, 4830, 7006, 616, 193, 177, true, true
182797, 4868, 7007, 617, 194, 176, true, true
184692, 4905, 7015, 624, 195, 177, true, true
184721, 4906, 7016, 625, 196, 175, true, true
185335, 4916, 7016, 624, 196, 175, true, true
185616, 4926, 7016, 623, 195, 176, true, true
186045, 4935, 7016, 621, 195, 176, true, true
186076, 4936, 7018, 611, 196, 175, true, true
187323, 4964, 7019, 612, 197, 172, true, true
188497, 4984, 7023, 615, 197, 174, true, true
189416, 5004, 7024, 616, 198, 173, true, true
190796, 5028, 7024, 615, 197, 177, true, true
192199, 5059, 7024, 614, 196, 179, true, true
192552, 5068, 7024, 613, 195, 180, true, true
193632, 5093, 7024, 612, 194, 180, true, true
194354, 5106, 7024, 611, 193, 182, true, true
196687, 5152, 7024, 610, 192, 189, true, true
197312, 5162, 7024, 608, 191, 190, true, true
198258, 5188, 7026, 610, 192, 192, true, true
198825, 5202, 7027, 608, 193, 192, true, true
199368, 5216, 7028, 609, 194, 189, true, true
199577, 5220, 7028, 606, 193, 189, true, true
199999, 5224, 7028, 598, 192, 189, true, true
200303, 5230, 7028, 597, 191, 189, true, true
201980, 5256, 7028, 596, 190, 191, true, true
202089, 5258, 7028, 595, 190, 191, true, true
202538, 5265, 7028, 594, 189, 191, true, true
202655, 5272, 7029, 595, 190, 190, true, true
202680, 5273, 7030, 596, 191, 188, true, true
203325, 5288, 7033, 593, 192, 189, true, true
203529, 5292, 7042, 602, 193, 188, true, true
205882, 5348, 7042, 588, 192, 190, true, true
206609, 5364, 7042, 587, 192, 192, true, true
207643, 5383, 7042, 586, 191, 193, true, true
207854, 5386, 7043, 587, 192, 192, true, true
208324, 5393, 7043, 586, 191, 192, true, true
211719, 5464, 7044, 587, 192, 195, true, true
211866, 5466, 7045, 588, 193, 194, true, true
212351, 5477, 7046, 589, 194, 191, true, true
213418, 5502, 7046, 588, 194, 191, true, true
218865, 5587, 7048, 590, 195, 194, true, true
219672, 5602, 7049, 590, 196, 193, true, true
219994, 5608, 7050, 589, 196, 192, true, true
222447, 5668, 7051, 589, 196, 193, true, true
223339, 5685, 7051, 587, 196, 194, true, true
223668, 5692, 7052, 588, 197, 192, true, true
225773, 5745, 7052, 587, 196, 193, true, true
226677, 5759, 7053, 588, 197, 192, true, true
227174, 5766, 7053, 587, 196, 192, true, true
227788, 5781, 7055, 589, 197, 191, true, true
227851, 5784, 7058, 592, 198, 189, true, true
229625, 5816, 7059, 593, 199, 192, true, true
229882, 5822, 7059, 592, 198, 192, true, true
230895, 5843, 7059, 591, 197, 194, true, true
231380, 5854, 7061, 592, 197, 191, true, true
233809, 5897, 7061, 591, 196, 192, true, true
235061, 5931, 7061, 589, 195, 193, true, true
235121, 5933, 7063, 586, 196, 192, true, true
235360, 5940, 7063, 585, 196, 193, true, true
235658, 5949, 7063, 584, 195, 193, true, true
237045, 5983, 7063, 583, 195, 196, true, true
237106, 5985, 7064, 584, 196, 194, true, true
237355, 5991, 7064, 582, 195, 194, true, true
237371, 5992, 7065, 582, 195, 192, true, true
237429, 5993, 7065, 580, 193, 192, true, true
240982, 6081, 7066, 581, 194, 193, true, true
241429, 6094, 7066, 580, 193, 193, true, true
241537, 6096, 7067, 581, 194, 191, true, true
243019, 6137, 7068, 582, 195, 191, true, true
243550, 6151, 7069, 583, 196, 189, true, true
243572, 6152, 7069, 582, 195, 189, true, true
243766, 6159, 7069, 581, 194, 190, true, true
243862, 6161, 7071, 583, 195, 186, true, true
244586, 6185, 7072, 584, 196, 187, true, true
244739, 6189, 7072, 583, 195, 188, true, true
245443, 6207, 7072, 582, 194, 189, true, true
245775, 6216, 7072, 581, 193, 190, true, true
245956, 6220, 7072, 580, 192, 191, true, true
246889, 6238, 7072, 574, 192, 193, true, true
247241, 6246, 7072, 573, 191, 193, true, true
247457, 6252, 7073, 574, 192, 188, true, true
247713, 6259, 7074, 575, 193, 185, true, true
247994, 6267, 7074, 574, 192, 186, true, true
248923, 6291, 7074, 573, 191, 189, true, true
250021, 6312, 7076, 575, 192, 189, true, true
250149, 6316, 7076, 574, 191, 189, true, true
250173, 6317, 7078, 576, 192, 183, true, true
250510, 6328, 7083, 581, 193, 182, true, true
252043, 6363, 7084, 582, 194, 182, true, true
254310, 6408, 7087, 581, 193, 188, true, true
254700, 6415, 7087, 580, 192, 188, true, true
256701, 6456, 7088, 581, 193, 188, true, true
257899, 6482, 7088, 580, 192, 189, true, true
260033, 6533, 7089, 581, 193, 188, true, true
260602, 6545, 7089, 580, 192, 189, true, true
262620, 6583, 7091, 579, 192, 191, true, true
262916, 6591, 7091, 578, 191, 191, true, true
263435, 6602, 7091, 577, 190, 191, true, true
264131, 6615, 7098, 567, 191, 192, true, true
265181, 6643, 7099, 568, 192, 191, true, true
265964, 6659, 7099, 565, 191, 194, true, true
267414, 6687, 7099, 562, 190, 196, true, true
268496, 6710, 7100, 561, 190, 193, true, true
269936, 6738, 7100, 560, 189, 193, true, true
270225, 6742, 7100, 559, 188, 193, true, true
271087, 6759, 7102, 561, 189, 192, true, true
271297, 6761, 7103, 562, 190, 191, true, true
272383, 6784, 7103, 560, 190, 191, true, true
272596, 6789, 7104, 561, 191, 190, true, true
274978, 6835, 7109, 566, 192, 192, true, true
275208, 6840, 7111, 568, 193, 190, true, true
276211, 6864, 7111, 566, 192, 191, true, true
276752, 6877, 7111, 565, 191, 192, true, true
276947, 6880, 7111, 564, 191, 192, true, true
277920, 6898, 7111, 559, 191, 194, true, true
278002, 6899, 7112, 559, 192, 192, true, true
279341, 6931, 7112, 554, 191, 194, true, true
279889, 6941, 7112, 553, 190, 195, true, true
280370, 6951, 7113, 554, 191, 194, true, true
280907, 6966, 7114, 555, 192, 192, true, true
281073, 6970, 7115, 556, 193, 190, true, true
281265, 6973, 7115, 554, 192, 191, true, true
281975, 6986, 7116, 555, 193, 189, true, true
282751, 7009, 7117, 556, 194, 191, true, true
282879, 7013, 7119, 558, 195, 189, true, true
284909, 7054, 7120, 559, 196, 188, true, true
284975, 7056, 7121, 560, 197, 186, true, true
285596, 7069, 7121, 559, 196, 186, true, true
286224, 7081, 7121, 517, 195, 186, true, true
288857, 7139, 7122, 515, 195, 189, true, true
289613, 7149, 7122, 514, 194, 190, true, true
289862, 7157, 7122, 513, 193, 191, true, true
290473, 7171, 7122, 512, 192, 191, true, true
291166, 7184, 7123, 507, 191, 191, true, true
291576, 7193, 7123, 506, 190, 191, true, true
292580, 7214, 7123, 505, 189, 194, true, true
292861, 7221, 7129, 510, 190, 194, true, true
292897, 7222, 7130, 511, 191, 193, true, true
293060, 7227, 7131, 512, 192, 188, true, true
294734, 7266, 7138, 519, 193, 186, true, true
295666, 7284, 7141, 516, 194, 185, true, true
296116, 7292, 7141, 515, 193, 185, true, true
296166, 7294, 7142, 516, 194, 184, true, true
296420, 7301, 7142, 515, 193, 184, true, true
297888, 7341, 7142, 513, 192, 185, true, true
298307, 7351, 7142, 512, 191, 185, true, true
300020, 7383, 7144, 514, 192, 183, true, true
301801, 7422, 7145, 514, 192, 181, true, true
301910, 7424, 7146, 515, 193, 177, true, true
304867, 7488, 7146, 514, 192, 182, true, true
305017, 7491, 7156, 524, 193, 181, true, true
305068, 7492, 7156, 523, 192, 181, true, true
305537, 7497, 7158, 525, 193, 180, true, true
305805, 7504, 7158, 524, 192, 180, true, true
305891, 7506, 7161, 527, 193, 178, true, true
308871, 7564, 7161, 526, 193, 179, true, true
309080, 7568, 7162, 527, 194, 176, true, true
309416, 7576, 7162, 526, 193, 177, true, true
309637, 7580, 7162, 524, 192, 177, true, true
312478, 7631, 7164, 526, 193, 178, true, true
313481, 7651, 7164, 516, 192, 180, true, true
314805, 7677, 7165, 516, 193, 179, true, true
314898, 7679, 7165, 514, 193, 179, true, true
317152, 7717, 7165, 513, 192, 180, true, true
317818, 7732, 7166, 514, 193, 179, true, true
318901, 7757, 7186, 532, 192, 175, true, true
319357, 7770, 7187, 533, 193, 173, true, true
319472, 7772, 7188, 534, 194, 172, true, true
320342, 7789, 7189, 535, 195, 173, true, true
322518, 7840, 7189, 534, 195, 173, true, true
323113, 7853, 7189, 533, 194, 173, true, true
325790, 7901, 7189, 532, 193, 175, true, true
325943, 7904, 7195, 538, 194, 173, true, true
326203, 7909, 7196, 539, 195, 168, true, true
327133, 7935, 7204, 545, 196, 167, true, true
327276, 7940, 7204, 544, 195, 167, true, true
328757, 7978, 7205, 545, 196, 166, true, true
331142, 8029, 7206, 546, 197, 166, true, true
334090, 8092, 7207, 547, 198, 167, true, true
334224, 8096, 7207, 546, 197, 167, true, true
335820, 8130, 7208, 547, 198, 164, true, true
336129, 8138, 7209, 547, 198, 164, true, true
336949, 8156, 7210, 548, 199, 164, true, true
337563, 8161, 7211, 549, 200, 162, true, true
338871, 8182, 7211, 548, 200, 163, true, true
342883, 8281, 7211, 547, 199, 171, true, true
342965, 8282, 7211, 546, 198, 171, true, true
344647, 8322, 7212, 547, 199, 171, true, true
345903, 8342, 7212, 546, 198, 173, true, true
347056, 8363, 7212, 545, 197, 173, true, true
348595, 8398, 7213, 546, 198, 173, true, true
348746, 8401, 7213, 545, 197, 173, true, true
349366, 8415, 7215, 546, 197, 172, true, true
356479, 8560, 7217, 546, 197, 176, true, true
357514, 8581, 7217, 544, 196, 177, true, true
357558, 8582, 7217, 543, 195, 177, true, true
360553, 8644, 7217, 542, 194, 181, true, true
362814, 8685, 7217, 541, 193, 183, true, true
366332, 8759, 7220, 544, 194, 186, true, true
366511, 8762, 7220, 542, 193, 186, true, true
366571, 8763, 7220, 541, 192, 186, true, true
366866, 8768, 7221, 542, 193, 184, true, true
368478, 8803, 7222, 542, 193, 184, true, true
369333, 8817, 7223, 543, 194, 182, true, true
369650, 8822, 7227, 547, 195, 181, true, true
371600, 8868, 7229, 547, 195, 182, true, true
371653, 8869, 7229, 545, 194, 182, true, true
372869, 8898, 7230, 545, 195, 181, true, true
373262, 8905, 7230, 544, 194, 182, true, true
373983, 8916, 7231, 545, 195, 181, true, true
374352, 8924, 7232, 544, 195, 179, true, true
375281, 8943, 7232, 543, 194, 180, true, true
376106, 8960, 7232, 542, 194, 181, true, true
379409, 9033, 7232, 541, 193, 184, true, true
379932, 9042, 7232, 540, 192, 184, true, true
380989, 9060, 7233, 541, 193, 183, true, true
382220, 9089, 7234, 542, 194, 182, true, true
382889, 9104, 7235, 543, 195, 182, true, true
384107, 9126, 7235, 542, 194, 183, true, true
384437, 9132, 7235, 541, 194, 183, true, true
384489, 9133, 7235, 540, 193, 183, true, true
385799, 9161, 7235, 539, 192, 185, true, true
386190, 9170, 7236, 540, 193, 183, true, true
386482, 9175, 7237, 541, 194, 181, true, true
387740, 9204, 7237, 540, 193, 182, true, true
388733, 9223, 7237, 537, 192, 183, true, true
389215, 9236, 7238, 537, 192, 180, true, true
389437, 9239, 7238, 536, 191, 180, true, true
390079, 9255, 7238, 535, 190, 181, true, true
392363, 9297, 7238, 534, 189, 182, true, true
392516, 9301, 7245, 541, 190, 181, true, true
393200, 9316, 7246, 542, 191, 178, true, true
393825, 9325, 7246, 541, 190, 179, true, true
394233, 9334, 7246, 536, 189, 179, true, true
394687, 9340, 7246, 535, 188, 179, true, true
395450, 9357, 7246, 534, 187, 179, true, true
397521, 9401, 7247, 533, 187, 175, true, true
398570, 9420, 7247, 532, 186, 175, true, true
398950, 9426, 7247, 531, 185, 175, true, true
401184, 9474, 7254, 530, 185, 174, true, true
401383, 9479, 7255, 531, 186, 172, true, true
403492, 9526, 7255, 530, 185, 173, true, true
404509, 9535, 7256, 531, 186, 169, true, true
404763, 9539, 7256, 530, 185, 169, true, true
406214, 9564, 7256, 529, 185, 171, true, true
407692, 9597, 7257, 530, 186, 171, true, true
409007, 9627, 7261, 528, 185, 170, true, true
409611, 9644, 7261, 527, 184, 170, true, true
410122, 9652, 7263, 529, 185, 168, true, true
410337, 9655, 7265, 531, 186, 165, true, true
414765, 9746, 7265, 530, 185, 170, true, true
415060, 9754, 7266, 531, 186, 170, true, true
416365, 9782, 7266, 527, 185, 173, true, true
419343, 9846, 7267, 528, 186, 173, true, true
421450, 9893, 7268, 529, 187, 172, true, true
423772, 9945, 7269, 530, 188, 169, true, true
424415, 9958, 7269, 529, 187, 169, true, true
424619, 9964, 7269, 528, 187, 170, true, true
424656, 9966, 7269, 527, 186, 170, true, true
425438, 9986, 7269, 525, 186, 170, true, true
427215, 10023, 7271, 527, 187, 170, true, true
427410, 10030, 7271, 526, 186, 170, true, true
428033, 10039, 7271, 525, 185, 170, true, true
428979, 10063, 7271, 524, 184, 171, true, true
432032, 10118, 7272, 525, 185, 171, true, true
432686, 10132, 7273, 526, 186, 169, true, true
437504, 10231, 7274, 526, 186, 173, true, true
438043, 10243, 7275, 527, 187, 172, true, true
438286, 10248, 7276, 528, 188, 170, true, true
438771, 10255, 7277, 529, 189, 167, true, true
439692, 10270, 7278, 530, 190, 164, true, true
440719, 10289, 7280, 532, 191, 163, true, true
441531, 10305, 7280, 525, 191, 163, true, true
442013, 10314, 7281, 526, 192, 162, true, true
443726, 10349, 7281, 525, 191, 164, true, true
444598, 10373, 7282, 521, 191, 162, true, true
444895, 10380, 7283, 522, 192, 160, true, true
449658, 10477, 7286, 525, 193, 161, true, true
453568, 10551, 7287, 526, 194, 160, true, true
462409, 10722, 7287, 525, 193, 169, true, true
462531, 10726, 7287, 524, 192, 169, true, true
462846, 10734, 7288, 525, 193, 166, true, true
464421, 10762, 7288, 504, 192, 166, true, true
466252, 10796, 7288, 498, 191, 167, true, true
469134, 10853, 7288, 497, 190, 170, true, true
469156, 10855, 7289, 498, 191, 169, true, true
471271, 10903, 7289, 497, 190, 169, true, true
472328, 10926, 7289, 496, 189, 169, true, true
473775, 10951, 7290, 497, 190, 170, true, true
477651, 11031, 7290, 496, 189, 172, true, true
477956, 11036, 7290, 495, 188, 172, true, true
478290, 11040, 7291, 496, 189, 171, true, true
479537, 11060, 7291, 494, 188, 171, true, true
480165, 11074, 7291, 493, 187, 171, true, true
480296, 11078, 7292, 494, 188, 170, true, true
481199, 11098, 7293, 495, 189, 169, true, true
483014, 11134, 7293, 494, 188, 171, true, true
484008, 11151, 7293, 493, 187, 171, true, true
488471, 11235, 7293, 492, 186, 173, true, true
491151, 11283, 7293, 491, 186, 175, true, true
493796, 11343, 7295, 493, 187, 176, true, true
496368, 11389, 7297, 493, 187, 178, true, true
502876, 11519, 7297, 492, 186, 180, true, true
504359, 11545, 7297, 490, 184, 180, true, true
508200, 11623, 7297, 489, 183, 183, true, true
508552, 11627, 7299, 491, 184, 182, true, true
508823, 11632, 7299, 490, 183, 182, true, true
511282, 11683, 7300, 484, 182, 185, true, true
511662, 11689, 7300, 482, 181, 185, true, true
514718, 11747, 7300, 481, 180, 186, true, true
517432, 11798, 7300, 480, 179, 188, true, true
525286, 11949, 7301, 481, 180, 191, true, true
525364, 11951, 7302, 482, 181, 190, true, true
525906, 11957, 7303, 483, 182, 189, true, true
528607, 12012, 7304, 484, 183, 183, true, true
529580, 12027, 7304, 482, 182, 183, true, true
530251, 12042, 7305, 483, 183, 184, true, true
533187, 12109, 7305, 482, 182, 185, true, true
533496, 12115, 7306, 483, 183, 183, true, true
535049, 12146, 7306, 476, 182, 183, true, true
535336, 12152, 7307, 477, 183, 178, true, true
538174, 12203, 7307, 476, 182, 179, true, true
538688, 12213, 7309, 477, 182, 175, true, true
540907, 12256, 7309, 475, 182, 176, true, true
543536, 12307, 7309, 473, 182, 179, true, true
544406, 12323, 7309, 472, 181, 179, true, true
545536, 12347, 7310, 473, 182, 178, true, true
546289, 12359, 7310, 471, 181, 178, true, true
549071, 12413, 7311, 472, 182, 177, true, true
550181, 12437, 7311, 471, 181, 178, true, true
550473, 12448, 7312, 472, 182, 177, true, true
550734, 12451, 7313, 473, 183, 176, true, true
551798, 12467, 7313, 472, 182, 176, true, true
553239, 12493, 7313, 470, 181, 176, true, true
553589, 12499, 7313, 469, 180, 176, true, true
554864, 12528, 7317, 473, 181, 175, true, true
555828, 12550, 7319, 475, 182, 175, true, true
556873, 12561, 7319, 474, 181, 176, true, true
559518, 12609, 7319, 473, 180, 177, true, true
561909, 12665, 7319, 472, 180, 180, true, true
562459, 12672, 7319, 471, 179, 181, true, true
563468, 12694, 7319, 469, 179, 181, true, true
563628, 12697, 7320, 470, 180, 180, true, true
565415, 12733, 7320, 469, 179, 180, true, true
566210, 12751, 7322, 471, 180, 179, true, true
566435, 12757, 7322, 470, 179, 179, true, true
566604, 12761, 7323, 469, 180, 178, true, true
567177, 12771, 7323, 467, 179, 178, true, true
568140, 12797, 7323, 466, 179, 180, true, true
568818, 12811, 7324, 466, 179, 178, true, true
572719, 12876, 7324, 465, 179, 180, true, true
573459, 12890, 7325, 466, 180, 179, true, true
574218, 12909, 7325, 465, 179, 179, true, true
577017, 12964, 7327, 467, 180, 181, true, true
581229, 13027, 7328, 468, 181, 178, true, true
585547, 13085, 7329, 469, 182, 178, true, true
587311, 13113, 7329, 467, 181, 179, true, true
588214, 13119, 7330, 468, 182, 177, true, true
589944, 13130, 7330, 467, 181, 177, true, true
595559, 13219, 7331, 468, 182, 177, true, true
596170, 13230, 7331, 467, 181, 178, true, true
599285, 13286, 7331, 466, 180, 179, true, true
599336, 13287, 7331, 463, 179, 179, true, true
600204, 13304, 7332, 464, 180, 179, true, true
600221, 13305, 7333, 464, 180, 178, true, true
601394, 13328, 7333, 462, 180, 178, true, true
602915, 13351, 7334, 463, 181, 170, true, true
603217, 13357, 7334, 462, 180, 170, true, true
603348, 13359, 7334, 461, 179, 170, true, true
604042, 13375, 7334, 459, 178, 171, true, true
606048, 13410, 7338, 463, 179, 169, true, true
613118, 13528, 7338, 462, 179, 170, true, true
617441, 13597, 7341, 465, 180, 170, true, true
621751, 13674, 7342, 466, 181, 172, true, true
621769, 13675, 7343, 467, 182, 171, true, true
628215, 13767, 7344, 468, 183, 171, true, true
628389, 13771, 7345, 469, 184, 170, true, true
631491, 13825, 7345, 468, 183, 171, true, true
632134, 13837, 7345, 467, 182, 171, true, true
633751, 13867, 7346, 467, 182, 172, true, true
635113, 13892, 7346, 464, 181, 172, true, true
635539, 13900, 7346, 463, 180, 172, true, true
635798, 13909, 7347, 464, 181, 167, true, true
636562, 13923, 7355, 466, 182, 164, true, true
637479, 13944, 7356, 467, 183, 161, true, true
641203, 14009, 7358, 469, 184, 159, true, true
641511, 14015, 7359, 469, 184, 156, true, true
641793, 14019, 7359, 468, 183, 156, true, true
642144, 14028, 7359, 466, 182, 156, true, true
645426, 14081, 7359, 465, 181, 156, true, true
645557, 14084, 7359, 464, 180, 156, true, true
645632, 14086, 7360, 465, 181, 154, true, true
650562, 14164, 7361, 466, 182, 155, true, true
653100, 14214, 7361, 465, 181, 155, true, true
655322, 14258, 7361, 464, 180, 155, true, true
656579, 14284, 7362, 465, 181, 154, true, true
660154, 14352, 7362, 463, 179, 157, true, true
660985, 14363, 7362, 462, 178, 158, true, true
664156, 14415, 7363, 463, 179, 155, true, true
664473, 14420, 7364, 463, 179, 154, true, true
665374, 14437, 7367, 466, 180, 152, true, true
674842, 14605, 7367, 465, 179, 157, true, true
675726, 14618, 7367, 464, 178, 157, true, true
683377, 14748, 7367, 463, 177, 163, true, true
685939, 14789, 7369, 465, 178, 161, true, true
688759, 14830, 7369, 464, 177, 164, true, true
690574, 14859, 7369, 463, 176, 164, true, true
692512, 14896, 7370, 464, 177, 163, true, true
694807, 14933, 7371, 462, 178, 164, true, true
695532, 14947, 7372, 463, 179, 163, true, true
696267, 14949, 7372, 462, 178, 163, true, true
697862, 14966, 7373, 463, 179, 159, true, true
699774, 14997, 7373, 462, 178, 162, true, true
706966, 15126, 7373, 461, 177, 163, true, true
708079, 15152, 7376, 463, 177, 160, true, true
710019, 15191, 7377, 462, 177, 160, true, true
711953, 15229, 7378, 463, 178, 160, true, true
715969, 15299, 7379, 464, 179, 158, true, true
722489, 15386, 7383, 468, 180, 157, true, true
728042, 15480, 7383, 466, 180, 159, true, true
731985, 15549, 7384, 467, 181, 159, true, true
733313, 15572, 7384, 465, 180, 160, true, true
735277, 15611, 7384, 464, 180, 164, true, true
741130, 15716, 7385, 465, 181, 166, true, true
744820, 15781, 7385, 460, 180, 168, true, true
746693, 15818, 7385, 459, 179, 169, true, true
746908, 15823, 7385, 458, 178, 169, true, true
754342, 15944, 7386, 459, 179, 166, true, true
754464, 15947, 7386, 458, 179, 166, true, true
755274, 15961, 7388, 460, 180, 166, true, true
756448, 15987, 7389, 460, 180, 163, true, true
765493, 16137, 7389, 459, 179, 166, true, true
766344, 16157, 7392, 431, 179, 165, true, true
771096, 16238, 7392, 430, 178, 167, true, true
772629, 16268, 7392, 429, 177, 167, true, true
774366, 16304, 7393, 429, 178, 166, true, true
774401, 16305, 7394, 430, 179, 161, true, true
777438, 16364, 7395, 431, 180, 161, true, true
779004, 16393, 7396, 432, 181, 162, true, true
779459, 16403, 7397, 433, 182, 161, true, true
780247, 16420, 7399, 435, 183, 160, true, true
780738, 16428, 7399, 434, 182, 160, true, true
782583, 16468, 7400, 435, 183, 159, true, true
784813, 16494, 7400, 433, 181, 159, true, true
786287, 16524, 7400, 432, 180, 159, true, true
788013, 16557, 7400, 431, 179, 162, true, true
789010, 16577, 7400, 429, 178, 162, true, true
789240, 16583, 7401, 430, 179, 161, true, true
792365, 16634, 7402, 431, 180, 160, true, true
794174, 16662, 7402, 430, 179, 160, true, true
794468, 16666, 7402, 429, 178, 160, true, true
797916, 16732, 7402, 428, 177, 160, true, true
798437, 16741, 7402, 427, 176, 160, true, true
800192, 16773, 7402, 426, 175, 160, true, true
812223, 16996, 7403, 427, 176, 163, true, true
816711, 17080, 7404, 426, 176, 163, true, true
820571, 17155, 7404, 424, 175, 165, true, true
822395, 17189, 7405, 425, 176, 164, true, true
823065, 17206, 7405, 424, 175, 164, true, true
826816, 17277, 7406, 425, 176, 164, true, true
828245, 17299, 7407, 425, 177, 163, true, true
829462, 17326, 7413, 431, 178, 162, true, true
834944, 17423, 7415, 431, 178, 163, true, true
835895, 17436, 7415, 430, 177, 163, true, true
836000, 17439, 7416, 431, 178, 161, true, true
838968, 17485, 7417, 432, 179, 160, true, true
839912, 17505, 7417, 430, 178, 160, true, true
842219, 17555, 7417, 429, 177, 160, true, true
842833, 17570, 7417, 428, 176, 160, true, true
845704, 17619, 7418, 429, 177, 159, true, true
845820, 17622, 7419, 430, 178, 158, true, true
849038, 17689, 7420, 431, 179, 158, true, true
849174, 17692, 7421, 432, 180, 156, true, true
852641, 17744, 7421, 431, 179, 156, true, true
855897, 17806, 7425, 435, 180, 156, true, true
856205, 17814, 7425, 434, 179, 156, true, true
856940, 17831, 7434, 433, 178, 155, true, true
858235, 17857, 7436, 435, 179, 153, true, true
860826, 17917, 7438, 437, 180, 150, true, true
864739, 18000, 7438, 436, 179, 151, true, true
865576, 18019, 7445, 440, 180, 149, true, true
865918, 18028, 7445, 436, 179, 149, true, true
867617, 18062, 7447, 438, 180, 145, true, true
872373, 18167, 7447, 437, 179, 149, true, true
873305, 18188, 7449, 439, 180, 148, true, true
873801, 18201, 7449, 438, 179, 148, true, true
874972, 18221, 7461, 400, 180, 146, true, true
879231, 18312, 7461, 396, 179, 146, true, true
879318, 18314, 7461, 393, 178, 146, true, true
879360, 18315, 7461, 391, 178, 146, true, true
879913, 18324, 7461, 390, 178, 146, true, true
880268, 18331, 7461, 389, 177, 146, true, true
881452, 18356, 7463, 391, 178, 146, true, true
883499, 18404, 7463, 390, 177, 146, true, true
883695, 18407, 7463, 387, 176, 146, true, true
884652, 18427, 7468, 387, 177, 145, true, true
887987, 18498, 7469, 388, 178, 144, true, true
891573, 18576, 7469, 387, 177, 145, true, true
893490, 18617, 7470, 388, 178, 143, true, true
913421, 19014, 7471, 388, 178, 148, true, true
916298, 19076, 7471, 387, 177, 149, true, true
918596, 19118, 7471, 386, 176, 149, true, true
918711, 19121, 7471, 385, 175, 149, true, true
920248, 19150, 7471, 383, 174, 150, true, true
922887, 19205, 7471, 382, 174, 150, true, true
926878, 19295, 7471, 381, 173, 153, true, true
933151, 19405, 7472, 382, 174, 153, true, true
934876, 19434, 7473, 381, 174, 152, true, true
936055, 19456, 7474, 382, 175, 151, true, true
937583, 19482, 7474, 380, 174, 152, true, true
939135, 19513, 7475, 381, 175, 152, true, true
939860, 19530, 7475, 380, 174, 153, true, true
940262, 19538, 7476, 381, 175, 151, true, true
941856, 19567, 7477, 382, 176, 148, true, true
954910, 19831, 7477, 380, 175, 156, true, true
959382, 19922, 7477, 379, 175, 158, true, true
960094, 19937, 7477, 378, 174, 160, true, true
960202, 19939, 7477, 377, 174, 160, true, true
960733, 19951, 7477, 376, 173, 160, true, true
963314, 20012, 7479, 378, 174, 160, true, true
963581, 20018, 7479, 377, 173, 160, true, true
979801, 20335, 7479, 368, 172, 164, true, true
980032, 20343, 7479, 365, 171, 164, true, true
984060, 20429, 7479, 363, 170, 164, true, true
986341, 20482, 7479, 361, 169, 164, true, true
987447, 20505, 7479, 359, 169, 164, true, true
993131, 20633, 7479, 358, 168, 167, true, true
994286, 20656, 7480, 359, 169, 165, true, true
1000057, 20766, 7481, 360, 170, 162, true, true
1001457, 20808, 7482, 361, 171, 161, true, true
1003080, 20852, 7483, 362, 172, 161, true, true
1003158, 20854, 7483, 361, 171, 161, true, true
1003516, 20862, 7483, 356, 171, 161, true, true
1011316, 21039, 7483, 354, 170, 164, true, true
1014621, 21099, 7513, 383, 170, 167, true, true
1015247, 21115, 7513, 382, 169, 167, true, true
1017465, 21169, 7514, 383, 170, 166, true, true
1022733, 21289, 7515, 384, 171, 165, true, true
1027454, 21402, 7516, 385, 172, 165, true, true
1027577, 21406, 7516, 384, 171, 165, true, true
1028385, 21417, 7534, 400, 170, 160, true, true
1033055, 21536, 7534, 399, 169, 163, true, true
1035503, 21601, 7536, 401, 170, 157, true, true
1039096, 21671, 7537, 402, 171, 157, true, true
1039501, 21679, 7537, 401, 170, 157, true, true
1048323, 21885, 7538, 401, 171, 158, true, true
1054894, 22012, 7538, 400, 170, 161, true, true
1064979, 22247, 7539, 400, 170, 165, true, true
1071242, 22392, 7539, 399, 169, 166, true, true
1072282, 22416, 7540, 398, 169, 165, true, true
1073895, 22458, 7541, 398, 169, 167, true, true
1076023, 22512, 7542, 399, 170, 168, true, true
1079160, 22585, 7543, 400, 171, 169, true, true
1082366, 22653, 7544, 400, 171, 168, true, true
1083647, 22688, 7544, 399, 170, 168, true, true
1085530, 22739, 7545, 400, 171, 167, true, true
1091977, 22899, 7546, 401, 172, 169, true, true
1093599, 22938, 7546, 400, 171, 169, true, true
1096337, 22999, 7547, 399, 172, 169, true, true
1101722, 23121, 7548, 400, 173, 170, true, true
1107714, 23241, 7548, 398, 172, 171, true, true
1108696, 23259, 7548, 396, 171, 171, true, true
1109631, 23282, 7554, 394, 172, 170, true, true
1110637, 23304, 7567, 407, 173, 170, true, true
1111593, 23329, 7568, 408, 174, 169, true, true
1121544, 23575, 7568, 393, 174, 170, true, true
1129340, 23730, 7568, 392, 174, 170, true, true
1134419, 23850, 7569, 393, 175, 170, true, true
1138823, 23949, 7569, 391, 174, 172, true, true
1141871, 24000, 7569, 390, 173, 173, true, true
1144765, 24057, 7569, 389, 172, 175, true, true
1145862, 24080, 7569, 388, 171, 175, true, true
1147472, 24114, 7569, 387, 170, 175, true, true
1158039, 24353, 7581, 370, 170, 176, true, true
1162293, 24450, 7581, 369, 169, 176, true, true
1166105, 24553, 7581, 368, 168, 177, true, true
1167140, 24574, 7582, 369, 169, 174, true, true
1168584, 24607, 7583, 370, 170, 173, true, true
1170285, 24652, 7583, 367, 169, 175, true, true
1181765, 24872, 7583, 366, 168, 179, true, true
1185883, 24950, 7583, 365, 167, 182, true, true
1188046, 25005, 7583, 364, 166, 183, true, true
1191059, 25072, 7584, 365, 167, 185, true, true
1192265, 25103, 7584, 362, 166, 185, true, true
1194356, 25161, 7585, 363, 167, 185, true, true
1196286, 25207, 7585, 362, 166, 185, true, true
1197610, 25240, 7589, 355, 167, 185, true, true
1200583, 25309, 7589, 354, 166, 186, true, true
1201532, 25332, 7591, 356, 167, 185, true, true
1210831, 25560, 7591, 355, 167, 186, true, true
1211003, 25564, 7604, 362, 166, 184, true, true
1211155, 25570, 7606, 364, 167, 183, true, true
1211538, 25578, 7606, 363, 167, 183, true, true
1215025, 25673, 7607, 364, 168, 182, true, true
1216059, 25696, 7608, 365, 169, 181, true, true
1216946, 25721, 7608, 363, 168, 181, true, true
1222200, 25843, 7610, 363, 169, 182, true, true
1233607, 26131, 7610, 362, 168, 186, true, true
1235159, 26176, 7611, 363, 169, 184, true, true
1241848, 26345, 7611, 361, 168, 185, true, true
1243599, 26385, 7611, 360, 167, 185, true, true
1245560, 26436, 7611, 359, 166, 185, true, true
1246163, 26451, 7620, 363, 165, 184, true, true
1250302, 26562, 7622, 365, 166, 184, true, true
1251218, 26579, 7622, 364, 165, 185, true, true
1255539, 26679, 7624, 366, 166, 183, true, true
1256896, 26709, 7624, 364, 165, 183, true, true
1257286, 26722, 7624, 362, 164, 183, true, true
1263957, 26880, 7633, 331, 165, 183, true, true
1272411, 27063, 7635, 333, 166, 183, true, true
1276554, 27143, 7636, 334, 167, 182, true, true
1279321, 27208, 7636, 333, 166, 183, true, true
1279520, 27211, 7637, 334, 167, 182, true, true
1279591, 27213, 7646, 343, 168, 180, true, true
1280474, 27230, 7648, 345, 169, 176, true, true
1289618, 27438, 7649, 346, 170, 176, true, true
1293573, 27527, 7649, 345, 169, 177, true, true
1306109, 27839, 7649, 344, 168, 180, true, true
1318416, 28140, 7649, 342, 166, 181, true, true
1320583, 28207, 7649, 341, 166, 182, true, true
1321786, 28237, 7664, 354, 167, 181, true, true
1325322, 28327, 7664, 353, 166, 182, true, true
1334549, 28555, 7666, 355, 167, 183, true, true
1338621, 28664, 7667, 356, 168, 183, true, true
1338718, 28668, 7668, 357, 169, 182, true, true
1338866, 28672, 7668, 356, 168, 182, true, true
1340665, 28716, 7669, 357, 169, 183, true, true
1341661, 28741, 7669, 356, 168, 183, true, true
1343057, 28766, 7669, 355, 167, 184, true, true
1353315, 28999, 7670, 351, 168, 187, true, true
1356845, 29082, 7670, 350, 167, 189, true, true
1359894, 29163, 7670, 349, 166, 189, true, true
1360310, 29173, 7673, 352, 167, 185, true, true
1361349, 29204, 7674, 353, 168, 184, true, true
1365963, 29325, 7674, 352, 167, 186, true, true
1367728, 29370, 7675, 353, 168, 186, true, true
1368524, 29392, 7676, 354, 169, 185, true, true
1370113, 29434, 7677, 355, 170, 184, true, true
1370676, 29448, 7677, 353, 169, 184, true, true
1372204, 29487, 7678, 354, 170, 180, true, true
1376903, 29605, 7681, 357, 171, 184, true, true
1377813, 29628, 7682, 358, 172, 182, true, true
1378159, 29641, 7682, 357, 171, 183, true, true
1378375, 29645, 7682, 356, 171, 183, true, true
1381402, 29723, 7685, 357, 172, 182, true, true
1382578, 29752, 7687, 359, 173, 177, true, true
1385810, 29827, 7687, 358, 173, 178, true, true
1388527, 29888, 7688, 359, 174, 176, true, true
1389625, 29916, 7688, 358, 173, 178, true, true
1391577, 29958, 7688, 357, 172, 178, true, true
1392468, 29983, 7688, 356, 171, 178, true, true
1393129, 29998, 7690, 355, 170, 176, true, true
1406560, 30319, 7690, 354, 169, 178, true, true
1410947, 30416, 7694, 356, 170, 174, true, true
1414919, 30521, 7695, 357, 171, 175, true, true
1416656, 30562, 7695, 356, 170, 177, true, true
1424670, 30755, 7695, 355, 169, 180, true, true
1427805, 30833, 7695, 353, 168, 181, true, true
1429094, 30862, 7699, 351, 169, 180, true, true
1436004, 31040, 7699, 350, 168, 181, true, true
1438127, 31093, 7703, 351, 168, 180, true, true
1439648, 31136, 7704, 351, 169, 179, true, true
1441637, 31175, 7705, 352, 170, 178, true, true
1443131, 31204, 7706, 353, 171, 177, true, true
1443856, 31218, 7707, 354, 172, 176, true, true
1447422, 31312, 7708, 353, 173, 177, true, true
1448408, 31336, 7708, 351, 172, 178, true, true
1456116, 31518, 7709, 352, 173, 179, true, true
1473474, 31908, 7711, 354, 174, 180, true, true
1478222, 32023, 7712, 355, 175, 175, true, true
1485236, 32190, 7712, 354, 174, 176, true, true
1486526, 32215, 7716, 340, 175, 176, true, true
1491040, 32323, 7722, 346, 176, 175, true, true
1492564, 32364, 7727, 351, 177, 174, true, true
1501281, 32571, 7727, 350, 176, 175, true, true
1503769, 32631, 7727, 349, 175, 177, true, true
1506417, 32686, 7727, 348, 174, 177, true, true
1516140, 32923, 7730, 348, 175, 174, true, true
1523442, 33103, 7732, 350, 176, 177, true, true
1523698, 33110, 7738, 355, 176, 176, true, true
1525675, 33170, 7739, 356, 177, 175, true, true
1533656, 33377, 7739, 353, 176, 178, true, true
1545869, 33683, 7740, 354, 177, 177, true, true
1548368, 33740, 7740, 353, 176, 177, true, true
1549612, 33776, 7741, 353, 177, 176, true, true
1550786, 33805, 7741, 352, 176, 176, true, true
1552534, 33853, 7741, 351, 175, 177, true, true
1552714, 33858, 7741, 350, 174, 177, true, true
1558328, 34002, 7742, 351, 175, 176, true, true
1560323, 34047, 7743, 352, 176, 176, true, true
1567997, 34257, 7743, 350, 175, 181, true, true
1571349, 34345, 7744, 351, 176, 182, true, true
1576778, 34489, 7745, 352, 177, 181, true, true
1577701, 34506, 7746, 353, 178, 179, true, true
1585469, 34714, 7748, 355, 179, 178, true, true
1589682, 34815, 7748, 354, 178, 179, true, true
1593818, 34921, 7748, 353, 177, 179, true, true
1594343, 34936, 7749, 354, 178, 175, true, true
1605999, 35255, 7749, 352, 178, 177, true, true
1606368, 35266, 7750, 353, 179, 177, true, true
1614736, 35497, 7750, 352, 178, 180, true, true
1620071, 35628, 7750, 351, 177, 180, true, true
1624705, 35753, 7750, 350, 176, 180, true, true
1628657, 35851, 7750, 349, 175, 182, true, true
1630674, 35909, 7750, 348, 174, 182, true, true
1640241, 36145, 7751, 349, 175, 182, true, true
1640632, 36157, 7752, 350, 176, 180, true, true
1644796, 36267, 7753, 351, 177, 179, true, true
1654961, 36537, 7753, 350, 176, 180, true, true
1657652, 36610, 7753, 348, 175, 181, true, true
1665570, 36810, 7753, 341, 175, 182, true, true
1673556, 37019, 7753, 340, 174, 183, true, true
1677025, 37094, 7754, 341, 175, 182, true, true
1684825, 37288, 7754, 340, 174, 183, true, true
1684878, 37289, 7754, 339, 173, 183, true, true
1692284, 37478, 7754, 334, 173, 185, true, true
1700375, 37625, 7754, 333, 172, 187, true, true
1702517, 37654, 7755, 334, 173, 186, true, true
1709322, 37761, 7757, 333, 173, 184, true, true
1725574, 38010, 7790, 363, 174, 185, true, true
1731016, 38083, 7790, 362, 173, 185, true, true
1731112, 38084, 7792, 357, 174, 184, true, true
1744054, 38269, 7793, 358, 175, 185, true, true
1763077, 38556, 7794, 359, 176, 185, true, true
1764920, 38584, 7795, 360, 177, 180, true, true
1774272, 38727, 7796, 361, 178, 180, true, true
1780747, 38806, 7796, 360, 177, 182, true, true
1790709, 38954, 7796, 359, 176, 185, true, true
1791269, 38961, 7796, 357, 175, 185, true, true
1795194, 39017, 7797, 358, 176, 184, true, true
1796162, 39034, 7798, 359, 177, 183, true, true
1810375, 39246, 7799, 360, 178, 181, true, true
1811023, 39256, 7800, 361, 179, 178, true, true
1815480, 39320, 7808, 359, 178, 177, true, true
1820040, 39401, 7809, 360, 179, 177, true, true
1821226, 39419, 7810, 361, 180, 176, true, true
1827782, 39513, 7811, 361, 181, 176, true, true
1829486, 39543, 7813, 363, 182, 172, true, true
1830578, 39558, 7813, 362, 181, 172, true, true
1843402, 39744, 7814, 363, 182, 170, true, true
1850590, 39846, 7814, 361, 181, 171, true, true
1850968, 39850, 7815, 362, 182, 168, true, true
1857190, 39955, 7815, 360, 181, 168, true, true
1860904, 40006, 7816, 361, 182, 166, true, true
1871440, 40151, 7817, 362, 183, 169, true, true
1873913, 40189, 7818, 362, 184, 166, true, true
1878001, 40249, 7818, 356, 183, 167, true, true
1885532, 40343, 7818, 355, 182, 168, true, true
1891306, 40430, 7818, 354, 181, 168, true, true
1893465, 40464, 7818, 353, 180, 168, true, true
1907378, 40606, 7818, 352, 179, 168, true, true
2013241, 41119, 7821, 355, 180, 168, true, true
2013796, 41126, 7821, 353, 179, 168, true, true
2021580, 41222, 7822, 352, 179, 165, true, true
2041256, 41469, 7823, 353, 180, 164, true, true
2046169, 41531, 7823, 352, 179, 166, true, true
2046958, 41542, 7824, 353, 180, 164, true, true
2051174, 41598, 7825, 354, 181, 163, true, true
2057315, 41680, 7826, 354, 181, 161, true, true
2071272, 41860, 7831, 347, 182, 159, true, true
2084914, 42031, 7835, 351, 183, 158, true, true
2088095, 42079, 7836, 352, 184, 153, true, true
2090866, 42108, 7837, 352, 184, 150, true, true
2091410, 42117, 7838, 353, 185, 146, true, true
2096289, 42177, 7838, 351, 185, 147, true, true
2108345, 42339, 7841, 351, 185, 147, true, true
2118394, 42473, 7841, 350, 184, 148, true, true
2120204, 42495, 7841, 348, 183, 148, true, true
2124488, 42548, 7842, 349, 184, 146, true, true
2135177, 42695, 7842, 348, 183, 146, true, true
2148822, 42868, 7843, 349, 184, 147, true, true
2158738, 43003, 7844, 350, 185, 144, true, true
2162993, 43056, 7844, 348, 184, 145, true, true
2168818, 43130, 7846, 350, 185, 144, true, true
2175318, 43210, 7846, 349, 184, 145, true, true
2176255, 43223, 7846, 348, 183, 145, true, true
2188688, 43371, 7847, 349, 184, 145, true, true
2208211, 43666, 7847, 348, 184, 145, true, true
2216299, 43782, 7847, 347, 183, 146, true, true
2220715, 43841, 7848, 348, 184, 145, true, true
2228313, 43998, 7849, 344, 183, 144, true, true
2232681, 44097, 7849, 343, 182, 144, true, true
2233208, 44108, 7849, 341, 181, 144, true, true
2236373, 44183, 7850, 342, 182, 143, true, true
2244962, 44398, 7850, 337, 181, 144, true, true
2247990, 44462, 7851, 337, 182, 144, true, true
2253753, 44616, 7851, 336, 182, 146, true, true
2254652, 44637, 7851, 335, 181, 146, true, true
2260626, 44780, 7851, 334, 180, 147, true, true
2262928, 44846, 7851, 333, 179, 148, true, true
2263320, 44855, 7851, 330, 178, 148, true, true
2267376, 44939, 7851, 328, 176, 149, true, true
2267680, 44949, 7851, 327, 175, 149, true, true
2274047, 45084, 7852, 328, 176, 147, true, true
2275600, 45117, 7853, 329, 177, 147, true, true
2277984, 45180, 7853, 328, 176, 147, true, true
2280969, 45234, 7853, 326, 175, 147, true, true
2287833, 45408, 7854, 327, 176, 146, true, true
2295699, 45583, 7855, 324, 177, 147, true, true
2312879, 45988, 7855, 323, 176, 148, true, true
2313510, 46006, 7855, 321, 175, 148, true, true
2332676, 46371, 7856, 322, 176, 148, true, true
2342374, 46524, 7856, 321, 175, 149, true, true
2345144, 46574, 7858, 323, 176, 150, true, true
2368144, 47048, 7858, 322, 175, 153, true, true
2370029, 47096, 7860, 324, 176, 152, true, true
2394934, 47636, 7861, 325, 177, 153, true, true
2396536, 47678, 7864, 326, 177, 151, true, true
2397488, 47705, 7864, 317, 176, 152, true, true
2401730, 47820, 7865, 318, 177, 152, true, true
2406569, 47936, 7866, 319, 178, 149, true, true
2413093, 48094, 7867, 320, 179, 147, true, true
2413592, 48109, 7869, 322, 180, 144, true, true
2430200, 48497, 7871, 324, 181, 140, true, true
2432995, 48549, 7871, 323, 181, 140, true, true
2447847, 48924, 7871, 322, 180, 143, true, true
2455146, 49103, 7871, 321, 179, 148, true, true
2461115, 49238, 7872, 320, 180, 143, true, true
2461242, 49242, 7874, 319, 180, 138, true, true
2465469, 49349, 7874, 318, 179, 140, true, true
2467636, 49408, 7874, 317, 178, 141, true, true
2470819, 49466, 7874, 316, 177, 142, true, true
2482542, 49733, 7875, 317, 178, 140, true, true
2483584, 49758, 7875, 316, 177, 141, true, true
2484817, 49790, 7876, 317, 178, 140, true, true
2488325, 49869, 7877, 318, 179, 138, true, true
2490918, 49918, 7878, 319, 180, 137, true, true
2495375, 50014, 7878, 317, 179, 138, true, true
2495624, 50022, 7881, 320, 180, 138, true, true
2498785, 50091, 7881, 319, 179, 139, true, true
2502712, 50183, 7881, 317, 178, 139, true, true
2507470, 50283, 7884, 320, 179, 139, true, true
2513488, 50415, 7884, 319, 179, 140, true, true
2514696, 50449, 7884, 316, 177, 140, true, true
2519053, 50552, 7884, 315, 176, 140, true, true
2531877, 50859, 7884, 314, 175, 141, true, true
2544811, 51135, 7885, 315, 176, 137, true, true
2545523, 51157, 7885, 314, 175, 137, true, true
2546955, 51192, 7886, 315, 176, 134, true, true
2547109, 51196, 7886, 314, 175, 134, true, true
2549080, 51238, 7886, 313, 174, 134, true, true
2557014, 51430, 7886, 312, 173, 135, true, true
2564576, 51610, 7886, 309, 173, 135, true, true
2566743, 51650, 7887, 310, 174, 130, true, true
2572613, 51795, 7887, 309, 173, 131, true, true
2582474, 52008, 7887, 308, 172, 132, true, true
2585110, 52063, 7887, 307, 171, 133, true, true
2587127, 52112, 7887, 306, 170, 133, true, true
2648408, 53565, 7889, 308, 171, 137, true, true
2666629, 54012, 7889, 307, 170, 140, true, true
2670051, 54099, 7890, 308, 171, 137, true, true
2673107, 54158, 7890, 307, 170, 137, true, true
2675505, 54221, 7890, 306, 169, 137, true, true
2682314, 54397, 7890, 305, 168, 138, true, true
2689850, 54589, 7890, 304, 167, 138, true, true
2692261, 54653, 7890, 303, 166, 138, true, true
2698580, 54805, 7895, 306, 166, 136, true, true
2702252, 54887, 7895, 305, 165, 137, true, true
2703583, 54910, 7895, 304, 164, 137, true, true
2720678, 55357, 7896, 305, 165, 139, true, true
2734549, 55677, 7897, 306, 166, 139, true, true
2735549, 55703, 7897, 305, 165, 139, true, true
2742265, 55861, 7897, 304, 164, 139, true, true
2754119, 56150, 7898, 304, 164, 139, true, true
2760608, 56271, 7898, 303, 163, 139, true, true
2762528, 56317, 7898, 302, 162, 139, true, true
2772452, 56527, 7898, 301, 161, 140, true, true
2783654, 56775, 7899, 302, 162, 138, true, true
2787987, 56884, 7900, 303, 163, 135, true, true
2791998, 56985, 7900, 302, 162, 135, true, true
2792672, 57002, 7902, 304, 163, 134, true, true
2793387, 57024, 7904, 306, 164, 133, true, true
2804045, 57278, 7905, 307, 165, 132, true, true
2812583, 57486, 7906, 308, 166, 135, true, true
2820967, 57701, 7907, 309, 167, 133, true, true
2825975, 57812, 7907, 308, 166, 133, true, true
2831495, 57948, 7907, 307, 165, 134, true, true
2835333, 58034, 7907, 306, 164, 134, true, true
2864710, 58690, 7907, 305, 163, 138, true, true
2874811, 58934, 7907, 304, 163, 140, true, true
2876942, 58976, 7907, 303, 162, 140, true, true
2878433, 59019, 7907, 302, 161, 140, true, true
2880913, 59084, 7907, 301, 160, 141, true, true
2883260, 59140, 7907, 299, 159, 142, true, true
2884977, 59178, 7909, 301, 160, 141, true, true
2888558, 59274, 7909, 300, 159, 141, true, true
2898857, 59542, 7910, 301, 160, 143, true, true
2923784, 60131, 7910, 300, 159, 143, true, true
2929828, 60284, 7910, 299, 158, 144, true, true
2951029, 60816, 7910, 298, 157, 145, true, true
2958192, 61003, 7911, 299, 158, 147, true, true
2960610, 61056, 7911, 298, 157, 149, true, true
2963419, 61128, 7919, 306, 158, 148, true, true
2964090, 61152, 7919, 305, 158, 148, true, true
2972245, 61355, 7919, 304, 157, 149, true, true
2972478, 61361, 7919, 303, 156, 149, true, true
2976013, 61435, 7919, 302, 155, 149, true, true
2980472, 61547, 7919, 301, 154, 151, true, true
2985004, 61664, 7919, 300, 153, 152, true, true
2989991, 61772, 7919, 299, 153, 154, true, true
2991776, 61815, 7920, 300, 154, 152, true, true
3011687, 62298, 7921, 301, 155, 152, true, true
3021748, 62562, 7922, 302, 156, 152, true, true
3022602, 62571, 7922, 301, 155, 152, true, true
3022657, 62573, 7922, 300, 154, 152, true, true
3030086, 62761, 7923, 301, 155, 151, true, true
3035545, 62885, 7926, 304, 156, 150, true, true
3067608, 63674, 7945, 323, 157, 153, true, true
3068094, 63689, 7946, 324, 158, 152, true, true
3072558, 63794, 7948, 326, 159, 151, true, true
3075497, 63865, 7949, 327, 160, 150, true, true
3076913, 63899, 7949, 325, 159, 150, true, true
3094717, 64320, 7949, 324, 158, 153, true, true
3097230, 64378, 7950, 325, 159, 152, true, true
3097774, 64390, 7953, 328, 160, 151, true, true
3114396, 64783, 7953, 327, 159, 151, true, true
3129210, 65151, 7954, 328, 160, 149, true, true
3132711, 65234, 7955, 329, 161, 148, true, true
3135655, 65304, 7955, 328, 160, 148, true, true
3139156, 65395, 7955, 325, 159, 148, true, true
3142080, 65469, 7955, 324, 158, 149, true, true
3148558, 65642, 7955, 323, 157, 150, true, true
3158184, 65871, 7957, 325, 158, 150, true, true
3161353, 65934, 7957, 324, 157, 151, true, true
3165774, 66025, 7957, 323, 156, 151, true, true
3167280, 66061, 7981, 335, 154, 147, true, true
3171309, 66167, 7982, 336, 155, 145, true, true
3183382, 66452, 7982, 335, 154, 145, true, true
3185320, 66507, 7982, 334, 153, 145, true, true
3195508, 66753, 7982, 331, 152, 148, true, true
3221325, 67344, 7983, 332, 153, 149, true, true
3236310, 67696, 7983, 331, 152, 149, true, true
3254332, 68105, 7987, 335, 153, 146, true, true
3255332, 68132, 7987, 331, 151, 146, true, true
3259854, 68255, 7987, 329, 150, 146, true, true
3264137, 68365, 7987, 328, 149, 146, true, true
3267297, 68432, 7987, 327, 148, 146, true, true
3274963, 68616, 7987, 326, 148, 147, true, true
3276261, 68635, 7987, 325, 147, 147, true, true
3283732, 68814, 7989, 322, 148, 144, true, true
3314980, 69552, 7990, 323, 149, 141, true, true
3322088, 69704, 7990, 322, 148, 141, true, true
3334761, 70004, 7991, 323, 149, 141, true, true
3344095, 70245, 7991, 321, 148, 142, true, true
3355436, 70516, 7991, 320, 147, 142, true, true
3357648, 70556, 7991, 317, 145, 142, true, true
3359669, 70609, 7993, 319, 146, 142, true, true
3375421, 70979, 7994, 320, 147, 141, true, true
3404930, 71646, 7994, 319, 146, 142, true, true
3406790, 71699, 7996, 321, 147, 138, true, true
3436773, 72430, 7997, 322, 148, 137, true, true
3445185, 72627, 7998, 323, 149, 138, true, true
3469437, 73223, 7998, 319, 148, 139, true, true
3492061, 73743, 7998, 318, 147, 142, true, true
3498152, 73886, 7998, 317, 146, 142, true, true
3517717, 74372, 7998, 316, 145, 144, true, true
3532481, 74745, 7999, 316, 146, 143, true, true
3533327, 74769, 7999, 314, 145, 143, true, true
3543316, 75028, 8000, 315, 146, 141, true, true
3549534, 75171, 8000, 314, 145, 141, true, true
3553749, 75259, 8000, 313, 144, 141, true, true
3565863, 75570, 8001, 314, 145, 142, true, true
3578971, 75896, 8001, 313, 144, 143, true, true
3592018, 76224, 8005, 300, 144, 146, true, true
3598737, 76385, 8005, 296, 143, 146, true, true
3599933, 76421, 8005, 295, 143, 146, true, true
3600482, 76434, 8005, 294, 142, 147, true, true
3644234, 77428, 8006, 295, 143, 149, true, true
3645475, 77468, 8006, 294, 142, 149, true, true
3654184, 77674, 8007, 295, 143, 148, true, true
3655959, 77716, 8008, 296, 144, 146, true, true
3661801, 77829, 8009, 297, 145, 143, true, true
3675188, 78139, 8010, 298, 146, 141, true, true
3702398, 78747, 8010, 297, 145, 145, true, true
3710274, 78931, 8010, 296, 144, 147, true, true
3739322, 79676, 8010, 295, 143, 150, true, true
3758743, 80167, 8013, 291, 144, 149, true, true
3760423, 80214, 8014, 292, 145, 148, true, true
3761194, 80232, 8015, 293, 146, 147, true, true
3766798, 80353, 8015, 292, 145, 148, true, true
3779669, 80665, 8015, 291, 144, 151, true, true
3788414, 80851, 8015, 290, 143, 151, true, true
3816744, 81533, 8015, 289, 142, 153, true, true
3818710, 81589, 8016, 290, 143, 151, true, true
3820672, 81639, 8016, 289, 142, 151, true, true
3843709, 82195, 8016, 288, 141, 155, true, true
3867353, 82834, 8019, 284, 141, 153, true, true
3872041, 82956, 8026, 291, 142, 151, true, true
3872561, 82972, 8026, 290, 141, 151, true, true
3879266, 83133, 8028, 290, 141, 150, true, true
3897484, 83624, 8028, 289, 140, 152, true, true
3899972, 83685, 8028, 288, 139, 152, true, true
3900005, 83686, 8028, 287, 138, 152, true, true
3905497, 83817, 8029, 286, 139, 150, true, true
3925364, 84306, 8029, 285, 138, 150, true, true
3929356, 84408, 8029, 284, 138, 150, true, true
3942859, 84745, 8031, 286, 139, 151, true, true
3973328, 85506, 8032, 287, 140, 153, true, true
3976630, 85598, 8033, 286, 140, 151, true, true
3977634, 85626, 8035, 288, 141, 150, true, true
3996579, 86111, 8036, 289, 142, 152, true, true
3998443, 86162, 8037, 290, 143, 151, true, true
4009797, 86478, 8038, 291, 144, 150, true, true
4009973, 86482, 8038, 290, 143, 150, true, true
4011356, 86525, 8038, 289, 142, 150, true, true
4014569, 86614, 8038, 288, 141, 150, true, true
4040757, 87329, 8038, 287, 140, 155, true, true
4048996, 87551, 8038, 286, 139, 158, true, true
4061611, 87843, 8039, 287, 140, 159, true, true
4061966, 87851, 8039, 286, 140, 159, true, true
4075046, 88182, 8039, 284, 139, 160, true, true
4088733, 88534, 8040, 285, 140, 159, true, true
4099463, 88809, 8040, 284, 139, 160, true, true
4100315, 88829, 8040, 283, 139, 160, true, true
4106380, 88992, 8045, 288, 140, 157, true, true
4117938, 89314, 8045, 287, 139, 163, true, true
4131108, 89681, 8046, 288, 140, 162, true, true
4144867, 90034, 8046, 287, 139, 165, true, true
4147188, 90088, 8046, 286, 138, 165, true, true
4150968, 90186, 8068, 302, 138, 164, true, true
4168874, 90671, 8070, 304, 139, 162, true, true
4177496, 90920, 8071, 304, 140, 162, true, true
4200099, 91490, 8071, 303, 139, 165, true, true
4203182, 91549, 8072, 304, 140, 164, true, true
4232357, 92295, 8073, 304, 140, 165, true, true
4255201, 92854, 8075, 305, 140, 167, true, true
4262962, 93060, 8076, 306, 141, 167, true, true
4276892, 93417, 8076, 301, 140, 168, true, true
4277278, 93424, 8076, 300, 139, 168, true, true
4280440, 93497, 8077, 301, 140, 167, true, true
4285508, 93631, 8077, 300, 139, 168, true, true
4297518, 93934, 8077, 299, 138, 171, true, true
4318041, 94508, 8077, 298, 137, 172, true, true
4337314, 94999, 8078, 299, 138, 171, true, true
4337897, 95017, 8078, 298, 137, 171, true, true
4343136, 95157, 8081, 301, 138, 170, true, true
4351850, 95378, 8081, 300, 137, 171, true, true
4352008, 95383, 8081, 299, 136, 171, true, true
4354887, 95452, 8081, 297, 135, 172, true, true
4358074, 95529, 8081, 295, 134, 172, true, true
4362917, 95651, 8081, 290, 133, 172, true, true
4373410, 95917, 8081, 289, 132, 173, true, true
4405670, 96640, 8081, 288, 131, 175, true, true
4445980, 97419, 8087, 294, 132, 169, true, true
4453532, 97564, 8087, 293, 131, 169, true, true
4456171, 97626, 8090, 296, 132, 167, true, true
4459090, 97680, 8090, 295, 131, 167, true, true
4469272, 97870, 8096, 301, 132, 167, true, true
4470673, 97895, 8097, 302, 133, 166, true, true
4477964, 98022, 8098, 303, 134, 165, true, true
4485477, 98163, 8098, 297, 133, 165, true, true
4508586, 98596, 8099, 298, 134, 166, true, true
4512900, 98681, 8100, 299, 135, 165, true, true
4514239, 98708, 8100, 298, 134, 165, true, true
4525876, 98926, 8102, 300, 135, 161, true, true
4561093, 99622, 8103, 301, 136, 160, true, true
4577901, 99948, 8103, 296, 135, 163, true, true
4582827, 100043, 8104, 297, 136, 162, true, true
4585344, 100091, 8106, 299, 137, 161, true, true
4608055, 100509, 8110, 301, 137, 161, true, true
4720592, 102706, 8111, 302, 138, 164, true, true
4737590, 103055, 8111, 299, 138, 165, true, true
4757521, 103474, 8111, 298, 138, 167, true, true
4784408, 103994, 8111, 297, 138, 168, true, true
4791027, 104119, 8112, 298, 139, 165, true, true
4808102, 104472, 8114, 300, 140, 164, true, true
4864533, 105571, 8120, 306, 141, 167, true, true
4873293, 105766, 8122, 308, 142, 167, true, true
4880890, 105897, 8122, 307, 142, 167, true, true
4916963, 106606, 8129, 314, 143, 166, true, true
4919112, 106643, 8129, 313, 142, 166, true, true
4921223, 106692, 8129, 312, 141, 166, true, true
4921989, 106704, 8129, 310, 141, 166, true, true
4978590, 107819, 8129, 306, 140, 170, true, true
4981691, 107884, 8129, 305, 139, 170, true, true
4985377, 107955, 8130, 306, 140, 168, true, true
4986812, 107983, 8130, 305, 139, 168, true, true
4988457, 108013, 8130, 304, 138, 168, true, true
4990515, 108045, 8186, 347, 139, 167, true, true
5014022, 108504, 8187, 348, 140, 167, true, true
5080265, 109736, 8188, 347, 140, 168, true, true
5095195, 110046, 8188, 346, 139, 169, true, true
5103448, 110204, 8189, 347, 140, 167, true, true
5107380, 110282, 8190, 347, 141, 166, true, true
5143544, 110991, 8190, 346, 140, 170, true, true
5157498, 111212, 8207, 360, 140, 169, true, true
5202287, 112141, 8209, 362, 141, 170, true, true
5208012, 112272, 8211, 364, 142, 170, true, true
5231185, 112885, 8212, 365, 143, 171, true, true
5250836, 113385, 8215, 368, 144, 173, true, true
5273414, 113966, 8215, 366, 143, 177, true, true
5279280, 114122, 8215, 365, 142, 178, true, true
5293557, 114509, 8216, 366, 143, 178, true, true
5296773, 114597, 8220, 370, 144, 177, true, true
5298555, 114637, 8221, 371, 145, 176, true, true
5299486, 114666, 8222, 372, 146, 168, true, true
5306559, 114846, 8223, 373, 147, 161, true, true
5317150, 115111, 8225, 362, 148, 157, true, true
5368065, 116485, 8225, 361, 147, 160, true, true
5380247, 116825, 8230, 366, 148, 159, true, true
5393165, 117138, 8232, 364, 147, 158, true, true
5401948, 117368, 8234, 366, 148, 157, true, true
5402561, 117382, 8234, 365, 147, 157, true, true
5414042, 117671, 8235, 366, 148, 154, true, true
5433708, 118189, 8235, 365, 147, 154, true, true
5449203, 118600, 8237, 367, 148, 154, true, true
5464585, 119004, 8238, 368, 149, 153, true, true
5514266, 120290, 8239, 369, 150, 154, true, true
5536657, 120898, 8241, 370, 150, 156, true, true
5557433, 121438, 8241, 369, 149, 158, true, true
5567614, 121688, 8242, 370, 150, 157, true, true
5568006, 121696, 8242, 369, 149, 157, true, true
5575598, 121849, 8242, 368, 149, 157, true, true
5577488, 121892, 8243, 369, 150, 156, true, true
5580256, 121956, 8243, 367, 149, 157, true, true
5584700, 122046, 8244, 368, 150, 155, true, true
5594893, 122316, 8250, 371, 151, 154, true, true
5595659, 122329, 8250, 370, 150, 154, true, true
5619493, 122961, 8250, 369, 149, 156, true, true
5623843, 123078, 8251, 370, 150, 155, true, true
5638128, 123429, 8251, 368, 149, 156, true, true
5638474, 123439, 8251, 367, 148, 156, true, true
5664174, 124110, 8251, 366, 147, 160, true, true
5675346, 124394, 8251, 365, 146, 160, true, true
5747907, 126309, 8252, 366, 147, 159, true, true
5766509, 126797, 8253, 367, 148, 159, true, true
5779169, 127150, 8253, 365, 147, 160, true, true
5789832, 127416, 8253, 363, 146, 160, true, true
5813468, 128080, 8271, 374, 146, 160, true, true
5815661, 128139, 8272, 375, 147, 154, true, true
5818003, 128204, 8273, 376, 148, 153, true, true
5896877, 130465, 8273, 374, 147, 157, true, true
5911117, 130857, 8274, 375, 148, 158, true, true
5920468, 131122, 8274, 374, 147, 158, true, true
5945685, 131786, 8274, 371, 146, 159, true, true
5955775, 132067, 8274, 370, 145, 159, true, true
5992494, 133099, 8274, 369, 144, 160, true, true
5997784, 133243, 8275, 370, 145, 159, true, true
6001367, 133349, 8276, 371, 146, 157, true, true
6014280, 133734, 8276, 370, 145, 158, true, true
6018838, 133859, 8277, 371, 146, 158, true, true
6088991, 135844, 8277, 370, 145, 166, true, true
6097713, 136131, 8279, 372, 146, 164, true, true
6127167, 136980, 8279, 371, 145, 164, true, true
6225339, 139853, 8279, 370, 144, 176, true, true
6229771, 139998, 8279, 369, 143, 177, true, true
6231366, 140048, 8279, 368, 142, 177, true, true
6271020, 141218, 8280, 369, 143, 175, true, true
6287659, 141683, 8281, 370, 144, 176, true, true
6312053, 142408, 8282, 371, 145, 176, true, true
6339635, 143208, 8282, 370, 144, 177, true, true
6369896, 144145, 8282, 369, 143, 181, true, true
6398383, 145015, 8283, 370, 144, 179, true, true
6405112, 145220, 8284, 350, 144, 179, true, true
6446804, 146456, 8284, 349, 144, 185, true, true
6452854, 146640, 8284, 346, 144, 186, true, true
6464338, 146988, 8285, 347, 145, 185, true, true
6471978, 147236, 8286, 347, 145, 184, true, true
6511338, 148419, 8287, 348, 146, 182, true, true
6514918, 148533, 8288, 349, 147, 178, true, true
6547905, 149540, 8288, 348, 146, 179, true, true
6555408, 149782, 8289, 349, 147, 176, true, true
6567175, 150143, 8289, 348, 146, 176, true, true
6606959, 151416, 8289, 347, 145, 179, true, true
6621736, 151852, 8289, 346, 145, 180, true, true
6622334, 151872, 8291, 348, 146, 178, true, true
6622745, 151888, 8291, 347, 145, 178, true, true
6634817, 152251, 8292, 348, 146, 176, true, true
6654664, 152863, 8293, 349, 147, 174, true, true
6702228, 154313, 8293, 348, 146, 176, true, true
6710606, 154576, 8294, 349, 147, 175, true, true
6711301, 154598, 8294, 348, 146, 175, true, true
6712982, 154657, 8295, 349, 147, 174, true, true
6713357, 154671, 8297, 351, 148, 172, true, true
6724306, 154988, 8297, 350, 147, 172, true, true
6727247, 155089, 8297, 348, 146, 172, true, true
6727824, 155107, 8297, 347, 145, 172, true, true
6739403, 155461, 8298, 345, 146, 170, true, true
6751954, 155858, 8299, 346, 147, 169, true, true
6771667, 156476, 8300, 347, 148, 167, true, true
6777599, 156648, 8300, 346, 147, 167, true, true
6781567, 156768, 8301, 347, 148, 166, true, true
6792451, 157104, 8305, 351, 149, 166, true, true
6802209, 157383, 8306, 352, 150, 165, true, true
6807116, 157535, 8307, 353, 151, 163, true, true
6810804, 157651, 8307, 352, 150, 164, true, true
6825384, 158064, 8307, 351, 149, 164, true, true
6825817, 158078, 8307, 346, 148, 164, true, true
6864382, 159243, 8308, 347, 149, 162, true, true
6868885, 159361, 8308, 346, 148, 163, true, true
6916105, 160801, 8309, 347, 149, 164, true, true
6916156, 160802, 8310, 348, 150, 163, true, true
6917764, 160853, 8311, 349, 151, 160, true, true
6964079, 162243, 8312, 350, 152, 157, true, true
6989458, 163022, 8313, 351, 153, 157, true, true
6992336, 163096, 8313, 350, 152, 157, true, true
6999981, 163304, 8314, 351, 153, 156, true, true
7000243, 163316, 8314, 350, 152, 156, true, true
7014502, 163756, 8315, 351, 153, 156, true, true
7041102, 164576, 8316, 352, 154, 155, true, true
7073188, 165557, 8316, 351, 153, 155, true, true
7097224, 166314, 8316, 350, 152, 155, true, true
7100383, 166416, 8316, 349, 151, 155, true, true
7151957, 168037, 8316, 346, 150, 157, true, true
7178623, 168877, 8317, 347, 151, 158, true, true
7208619, 169848, 8317, 346, 150, 158, true, true
7215644, 170048, 8318, 347, 151, 157, true, true
7255435, 171321, 8319, 347, 151, 155, true, true
7267461, 171700, 8319, 342, 150, 156, true, true
7267864, 171718, 8320, 343, 151, 155, true, true
7276394, 171975, 8321, 343, 152, 153, true, true
7321553, 173450, 8322, 344, 153, 153, true, true
7344037, 174194, 8322, 343, 152, 156, true, true
7349542, 174381, 8322, 342, 151, 156, true, true
7354789, 174545, 8323, 343, 152, 155, true, true
7361000, 174755, 8323, 342, 151, 156, true, true
7361504, 174768, 8323, 341, 150, 156, true, true
7362584, 174799, 8324, 342, 151, 152, true, true
7371488, 175079, 8325, 343, 152, 152, true, true
7375415, 175201, 8325, 342, 151, 152, true, true
7381214, 175393, 8325, 341, 150, 152, true, true
7424096, 176787, 8326, 342, 151, 155, true, true
7461235, 177978, 8326, 341, 150, 158, true, true
7474104, 178379, 8327, 342, 151, 155, true, true
7475396, 178428, 8328, 343, 152, 154, true, true
7513048, 179622, 8328, 342, 151, 156, true, true
7516842, 179732, 8328, 341, 150, 157, true, true
7580722, 181833, 8328, 340, 149, 162, true, true
7589139, 182112, 8329, 341, 150, 163, true, true
7598503, 182436, 8330, 342, 151, 164, true, true
7632734, 183611, 8331, 343, 152, 164, true, true
7678208, 185149, 8332, 344, 153, 163, true, true
7680078, 185210, 8332, 343, 152, 163, true, true
7680681, 185227, 8333, 344, 153, 158, true, true
7688149, 185492, 8333, 343, 152, 159, true, true
7705743, 186070, 8335, 334, 153, 159, true, true
7713253, 186329, 8336, 335, 154, 159, true, true
7740848, 187289, 8336, 334, 153, 160, true, true
7742082, 187336, 8337, 335, 154, 159, true, true
7750471, 187654, 8338, 336, 155, 158, true, true
7765320, 188174, 8338, 335, 155, 159, true, true
7776993, 188544, 8339, 336, 156, 157, true, true
7811580, 189674, 8340, 337, 157, 158, true, true
7817435, 189874, 8348, 345, 158, 158, true, true
7838175, 190533, 8348, 344, 157, 160, true, true
7845477, 190806, 8359, 355, 158, 159, true, true
7912180, 193079, 8361, 357, 159, 160, true, true
7925803, 193516, 8361, 356, 158, 160, true, true
7950173, 194367, 8361, 355, 157, 161, true, true
7971613, 195133, 8361, 353, 156, 163, true, true
7991264, 195861, 8364, 356, 157, 163, true, true
8023678, 197067, 8365, 357, 158, 163, true, true
8026456, 197175, 8366, 358, 159, 161, true, true
8048123, 198015, 8367, 359, 160, 160, true, true
8077980, 199182, 8368, 360, 161, 160, true, true
8082402, 199363, 8369, 358, 160, 160, true, true
8089147, 199624, 8369, 357, 159, 160, true, true
8091671, 199728, 8370, 358, 160, 158, true, true
8124085, 200974, 8370, 356, 159, 162, true, true
8163215, 202463, 8370, 355, 158, 163, true, true
8218170, 204581, 8375, 360, 159, 165, true, true
8226738, 204862, 8376, 361, 160, 162, true, true
8228879, 204953, 8376, 357, 159, 162, true, true
8228991, 204958, 8377, 358, 160, 161, true, true
8237898, 205307, 8380, 361, 161, 159, true, true
8249744, 205752, 8391, 356, 162, 158, true, true
8271983, 206548, 8391, 355, 161, 161, true, true
8274039, 206623, 8392, 356, 162, 160, true, true
8293804, 207373, 8393, 356, 162, 159, true, true
8330490, 208808, 8393, 355, 161, 162, true, true
8335982, 209012, 8400, 362, 162, 160, true, true
8356493, 209838, 8400, 361, 161, 160, true, true
8374715, 210526, 8410, 361, 161, 156, true, true
8395515, 211284, 8410, 360, 160, 156, true, true
8413989, 212010, 8410, 357, 159, 156, true, true
8444470, 213181, 8410, 356, 158, 157, true, true
8451793, 213441, 8414, 360, 159, 157, true, true
8453487, 213509, 8415, 361, 160, 156, true, true
8461532, 213776, 8416, 361, 161, 154, true, true
8478055, 214345, 8416, 358, 160, 155, true, true
8503017, 215316, 8417, 359, 161, 157, true, true
8524828, 216196, 8417, 357, 160, 158, true, true
8529987, 216352, 8417, 356, 159, 158, true, true
8555457, 217387, 8420, 359, 160, 156, true, true
8568629, 217916, 8421, 360, 161, 155, true, true
8617382, 219855, 8421, 358, 160, 158, true, true
8628851, 220251, 8422, 359, 161, 155, true, true
8640961, 220733, 8422, 358, 160, 156, true, true
8647102, 220948, 8423, 359, 161, 155, true, true
8648149, 220993, 8425, 361, 162, 154, true, true
8649522, 221056, 8426, 360, 163, 152, true, true
8710756, 223568, 8433, 366, 164, 156, true, true
8729190, 224324, 8433, 364, 163, 157, true, true
8742332, 224872, 8434, 364, 164, 156, true, true
8752268, 225275, 8434, 354, 163, 156, true, true
8759345, 225537, 8435, 355, 164, 152, true, true
8779643, 226312, 8435, 354, 163, 154, true, true
8783848, 226483, 8436, 355, 164, 148, true, true
8788459, 226635, 8438, 356, 164, 148, true, true
8806773, 227367, 8438, 355, 163, 149, true, true
8807663, 227405, 8439, 356, 164, 148, true, true
8814531, 227682, 8439, 354, 163, 149, true, true
8820401, 227922, 8439, 352, 163, 150, true, true
8821633, 227973, 8444, 357, 164, 148, true, true
8830172, 228326, 8452, 364, 165, 148, true, true
8862848, 229596, 8452, 358, 164, 150, true, true
8864013, 229637, 8455, 361, 165, 147, true, true
8886864, 230538, 8455, 360, 164, 148, true, true
8890162, 230669, 8455, 359, 164, 148, true, true
8918022, 231763, 8458, 362, 165, 148, true, true
8944017, 232816, 8458, 361, 164, 151, true, true
8944202, 232823, 8458, 359, 163, 151, true, true
8957966, 233339, 8458, 358, 162, 152, true, true
8966927, 233683, 8458, 357, 161, 152, true, true
8982367, 234313, 8459, 358, 162, 150, true, true
8999172, 234962, 8459, 356, 161, 151, true, true
9040430, 236564, 8461, 357, 161, 150, true, true
9046564, 236820, 8465, 361, 162, 146, true, true
9066416, 237648, 8466, 362, 163, 147, true, true
9104569, 239137, 8466, 361, 162, 150, true, true
9111077, 239396, 8467, 362, 163, 149, true, true
9166761, 241562, 8468, 363, 164, 149, true, true
9180069, 242108, 8468, 362, 163, 150, true, true
9191480, 242553, 8468, 361, 163, 150, true, true
9198980, 242843, 8469, 362, 164, 145, true, true
9200198, 242887, 8469, 357, 164, 145, true, true
9225378, 243882, 8470, 358, 165, 145, true, true
9237087, 244309, 8470, 357, 164, 147, true, true
9260537, 245267, 8472, 359, 165, 148, true, true
9273882, 245824, 8473, 360, 166, 146, true, true
9295244, 246700, 8473, 352, 165, 147, true, true
9305969, 247113, 8473, 351, 164, 147, true, true
9312098, 247333, 8473, 349, 163, 147, true, true
9312149, 247336, 8473, 348, 162, 147, true, true
9323316, 247756, 8473, 347, 161, 148, true, true
9328578, 247981, 8474, 348, 162, 146, true, true
9381322, 250032, 8474, 347, 161, 153, true, true
9454887, 252828, 8474, 346, 160, 157, true, true
9482211, 253958, 8474, 345, 159, 159, true, true
9513573, 255204, 8475, 346, 160, 157, true, true
9525081, 255646, 8476, 347, 161, 155, true, true
9569835, 257476, 8476, 346, 160, 158, true, true
9600149, 258728, 8477, 342, 161, 158, true, true
9620582, 259532, 8478, 343, 162, 155, true, true
9664101, 261266, 8479, 344, 163, 155, true, true
9664626, 261287, 8479, 343, 162, 155, true, true
9764004, 265192, 8479, 337, 161, 156, true, true
9802607, 266717, 8479, 336, 161, 160, true, true
9817675, 267334, 8479, 335, 161, 161, true, true
9819010, 267386, 8479, 334, 160, 161, true, true
9823572, 267569, 8490, 341, 161, 160, true, true
9842280, 268291, 8490, 340, 160, 160, true, true
9844659, 268393, 8491, 340, 161, 154, true, true
9865723, 269198, 8495, 344, 162, 150, true, true
9893728, 270317, 8496, 344, 163, 151, true, true
9895471, 270393, 8497, 341, 163, 148, true, true
9900835, 270601, 8498, 341, 163, 147, true, true
9908478, 270900, 8499, 341, 163, 147, true, true
9917180, 271233, 8500, 342, 164, 146, true, true
9933654, 271943, 8513, 355, 165, 145, true, true
9998314, 274470, 8513, 354, 164, 149, true, true
10029621, 275677, 8522, 353, 164, 148, true, true
10043831, 276188, 8551, 381, 165, 148, true, true
10070132, 277200, 8551, 380, 164, 149, true, true
10102028, 278413, 8552, 381, 165, 151, true, true
10109924, 278740, 8552, 379, 164, 152, true, true
10120218, 279133, 8554, 381, 165, 152, true, true
10132789, 279606, 8554, 380, 164, 152, true, true
10138022, 279805, 8554, 379, 163, 153, true, true
10165238, 280902, 8555, 379, 163, 154, true, true
10184951, 281568, 8555, 378, 162, 154, true, true
10224796, 283116, 8557, 380, 163, 149, true, true
10227058, 283207, 8558, 381, 164, 146, true, true
10283953, 285349, 8558, 375, 163, 148, true, true
10307678, 286260, 8559, 364, 164, 146, true, true
10330939, 287151, 8560, 365, 165, 142, true, true
10355586, 288045, 8560, 363, 164, 143, true, true
10371785, 288654, 8560, 362, 163, 143, true, true
10411087, 290097, 8560, 361, 162, 143, true, true
10423643, 290596, 8562, 363, 163, 140, true, true
10433977, 290973, 8563, 364, 164, 140, true, true
10470562, 292330, 8563, 362, 163, 140, true, true
10473736, 292450, 8565, 364, 164, 139, true, true
10487941, 292931, 8565, 363, 163, 139, true, true
10526436, 294328, 8565, 362, 162, 140, true, true
10746341, 300676, 8565, 361, 161, 151, true, true
10817701, 302676, 8565, 360, 160, 152, true, true
10822797, 302827, 8566, 361, 161, 151, true, true
10834757, 303198, 8566, 360, 160, 151, true, true
11005344, 308155, 8566, 359, 159, 156, true, true
11046673, 309366, 8566, 358, 158, 158, true, true
11108470, 311085, 8566, 357, 157, 158, true, true
11149830, 312348, 8567, 358, 158, 157, true, true
11176642, 313127, 8567, 356, 157, 157, true, true
11241032, 315118, 8567, 352, 157, 163, true, true
11305428, 317136, 8567, 351, 156, 164, true, true
11318911, 317499, 8568, 352, 157, 163, true, true
11389902, 320041, 8568, 351, 156, 164, true, true
11442503, 322121, 8568, 350, 155, 166, true, true
11471823, 323311, 8568, 349, 154, 168, true, true
11489817, 324091, 8568, 347, 154, 168, true, true
11508758, 324872, 8569, 348, 155, 164, true, true
11509365, 324895, 8569, 347, 154, 164, true, true
11514903, 325148, 8569, 345, 154, 166, true, true
11519768, 325357, 8569, 344, 153, 166, true, true
11522791, 325478, 8569, 343, 152, 166, true, true
11564361, 327114, 8569, 342, 151, 167, true, true
11576646, 327646, 8569, 340, 150, 167, true, true
11618155, 329348, 8569, 339, 149, 168, true, true
11705206, 332837, 8569, 337, 149, 169, true, true
11708401, 332967, 8569, 336, 148, 169, true, true
11761481, 335078, 8576, 343, 149, 169, true, true
11790079, 336228, 8576, 341, 148, 171, true, true
11792553, 336326, 8577, 342, 149, 166, true, true
11816498, 337283, 8577, 341, 148, 167, true, true
11828214, 337735, 8578, 341, 149, 167, true, true
11885985, 340124, 8579, 342, 150, 168, true, true
11952347, 342818, 8580, 334, 151, 169, true, true
12003876, 344864, 8581, 335, 152, 167, true, true
12004754, 344899, 8581, 334, 151, 167, true, true
12013173, 345237, 8581, 333, 150, 167, true, true
12062554, 347231, 8581, 331, 149, 169, true, true
12071829, 347611, 8581, 330, 148, 170, true, true
12089456, 348322, 8581, 329, 147, 170, true, true
12117611, 349470, 8582, 327, 146, 170, true, true
12126552, 349810, 8582, 326, 145, 170, true, true
12148221, 350628, 8582, 325, 144, 171, true, true
12185484, 352079, 8584, 326, 144, 169, true, true
12200047, 352636, 8585, 327, 145, 168, true, true
12205943, 352909, 8586, 327, 145, 167, true, true
12235463, 354049, 8587, 328, 146, 166, true, true
12307886, 356935, 8588, 325, 146, 166, true, true
12370837, 359460, 8588, 324, 146, 171, true, true
12411642, 361116, 8589, 319, 147, 171, true, true
12420034, 361444, 8591, 320, 147, 170, true, true
12447900, 362586, 8591, 319, 146, 171, true, true
12455385, 362880, 8592, 320, 147, 171, true, true
12477431, 363813, 8595, 323, 148, 170, true, true
12486158, 364168, 8596, 324, 149, 170, true, true
12488729, 364236, 8597, 325, 150, 167, true, true
12494814, 364486, 8598, 324, 151, 166, true, true
12505380, 364903, 8598, 321, 150, 166, true, true
12614945, 369331, 8598, 319, 149, 170, true, true
12642603, 370451, 8600, 321, 150, 170, true, true
12649443, 370711, 8602, 323, 151, 168, true, true
12666542, 371426, 8603, 324, 152, 166, true, true
12673394, 371705, 8604, 325, 153, 165, true, true
12697295, 372596, 8604, 324, 152, 165, true, true
12745480, 374487, 8604, 322, 151, 165, true, true
12791581, 376342, 8606, 324, 152, 165, true, true
12840347, 378266, 8606, 323, 151, 165, true, true
12865161, 379278, 8606, 322, 150, 165, true, true
12867800, 379393, 8608, 324, 151, 163, true, true
12871068, 379514, 8608, 322, 150, 163, true, true
12904821, 380881, 8608, 321, 149, 164, true, true
12993331, 384357, 8609, 322, 150, 161, true, true
13035478, 386097, 8609, 320, 149, 162, true, true
13035682, 386101, 8610, 321, 150, 161, true, true
13062089, 387154, 8614, 325, 151, 160, true, true
13073565, 387658, 8614, 324, 150, 160, true, true
13124366, 389637, 8615, 324, 151, 160, true, true
13157888, 391013, 8616, 325, 152, 159, true, true
13175459, 391707, 8616, 324, 151, 159, true, true
13188802, 392223, 8619, 327, 152, 157, true, true
13300582, 396458, 8619, 326, 151, 159, true, true
13302433, 396527, 8619, 325, 150, 159, true, true
13320391, 397209, 8619, 324, 149, 161, true, true
13331826, 397635, 8620, 325, 150, 158, true, true
13351682, 398381, 8621, 326, 151, 158, true, true
13384470, 399678, 8621, 325, 150, 160, true, true
13402131, 400367, 8622, 326, 151, 156, true, true
13402458, 400383, 8622, 325, 150, 156, true, true
13403513, 400423, 8622, 324, 149, 156, true, true
13407996, 400598, 8622, 323, 148, 156, true, true
13453078, 402307, 8622, 322, 147, 156, true, true
13474403, 403118, 8634, 334, 148, 155, true, true
13525096, 405068, 8634, 332, 147, 156, true, true
13551321, 406127, 8634, 331, 146, 158, true, true
13568464, 406786, 8639, 336, 147, 158, true, true
13578777, 407204, 8639, 335, 146, 158, true, true
13648791, 409828, 8639, 334, 145, 160, true, true
13695432, 411669, 8639, 333, 144, 161, true, true
13699819, 411849, 8640, 334, 145, 157, true, true
13703913, 412007, 8641, 335, 146, 156, true, true
13715631, 412428, 8642, 336, 147, 156, true, true
13770282, 414538, 8642, 335, 147, 157, true, true
13798733, 415645, 8642, 334, 146, 157, true, true
13801828, 415768, 8643, 335, 147, 155, true, true
13860964, 417954, 8644, 336, 148, 155, true, true
13924815, 420382, 8645, 330, 148, 154, true, true
13932604, 420682, 8646, 331, 149, 147, true, true
14090839, 426837, 8647, 332, 150, 149, true, true
14105596, 427413, 8647, 331, 149, 149, true, true
14113215, 427733, 8648, 332, 150, 149, true, true
14133521, 428519, 8648, 331, 149, 149, true, true
14146295, 429040, 8649, 332, 150, 146, true, true
14148508, 429132, 8649, 331, 149, 146, true, true
14260996, 433492, 8650, 332, 150, 147, true, true
14290346, 434681, 8650, 331, 149, 149, true, true
14412863, 439381, 8651, 332, 150, 147, true, true
14443342, 440564, 8652, 333, 151, 144, true, true
14481336, 442011, 8653, 334, 152, 144, true, true
14490565, 442371, 8653, 333, 151, 145, true, true
14517835, 443465, 8658, 338, 152, 145, true, true
14546198, 444557, 8659, 339, 153, 144, true, true
14591980, 446368, 8659, 338, 152, 144, true, true
14599388, 446670, 8659, 335, 152, 144, true, true
14649768, 448630, 8661, 337, 153, 143, true, true
14693090, 450326, 8661, 336, 152, 144, true, true
14701156, 450612, 8662, 337, 153, 142, true, true
14728267, 451681, 8662, 336, 152, 143, true, true
14769472, 453228, 8663, 337, 153, 143, true, true
14801205, 454402, 8663, 336, 152, 143, true, true
14838532, 455836, 8664, 337, 153, 142, true, true
14888906, 457815, 8695, 363, 153, 141, true, true
14893098, 457986, 8695, 362, 152, 141, true, true
14916394, 458979, 8695, 360, 151, 142, true, true
14942864, 460004, 8696, 361, 152, 141, true, true
14996815, 462156, 8697, 362, 153, 141, true, true
15041966, 463956, 8699, 364, 154, 141, true, true
15075926, 465288, 8700, 365, 155, 138, true, true
15081865, 465517, 8700, 364, 154, 138, true, true
15104740, 466409, 8700, 360, 153, 138, true, true
15287983, 473853, 8700, 359, 152, 145, true, true
15301742, 474396, 8701, 360, 153, 141, true, true
15310476, 474733, 8702, 361, 154, 139, true, true
15331120, 475582, 8704, 363, 155, 139, true, true
15337591, 475869, 8707, 366, 156, 134, true, true
15344358, 476164, 8707, 365, 155, 134, true, true
15409476, 478708, 8707, 364, 154, 137, true, true
15445899, 480129, 8707, 359, 152, 139, true, true
15512973, 482902, 8707, 358, 152, 143, true, true
15518102, 483123, 8707, 357, 151, 143, true, true
15518460, 483139, 8707, 356, 150, 143, true, true
15577183, 485484, 8709, 358, 151, 143, true, true
15634558, 487799, 8710, 354, 152, 141, true, true
15659494, 488728, 8725, 361, 152, 141, true, true
15664299, 488939, 8727, 363, 153, 140, true, true
15720380, 491222, 8727, 362, 152, 142, true, true
15732557, 491722, 8730, 365, 153, 141, true, true
15816984, 495159, 8730, 364, 152, 144, true, true
15827405, 495594, 8735, 369, 153, 143, true, true
15843243, 496214, 8735, 367, 152, 143, true, true
15874968, 497509, 8739, 371, 153, 143, true, true
15936224, 499971, 8740, 372, 154, 140, true, true
15958267, 500897, 8745, 377, 155, 139, true, true
15999444, 502541, 8749, 381, 156, 139, true, true
16060481, 505005, 8749, 380, 155, 140, true, true
16066438, 505234, 8749, 379, 154, 140, true, true
16088611, 506116, 8750, 380, 155, 130, true, true
16099917, 506515, 8750, 379, 154, 131, true, true
16172898, 509345, 8752, 381, 155, 131, true, true
16179007, 509576, 8752, 380, 155, 131, true, true
16239247, 511992, 8752, 379, 154, 132, true, true
16240828, 512047, 8753, 380, 155, 131, true, true
16242181, 512098, 8753, 379, 154, 131, true, true
16293271, 514077, 8753, 378, 153, 131, true, true
16310504, 514723, 8753, 377, 152, 132, true, true
16374929, 517308, 8755, 378, 152, 135, true, true
16416912, 518912, 8755, 377, 151, 136, true, true
16460158, 520540, 8756, 376, 151, 133, true, true
16494279, 521921, 8758, 378, 152, 132, true, true
16504859, 522322, 8758, 377, 151, 132, true, true
16768749, 532426, 8758, 376, 150, 133, true, true
16792035, 533303, 8758, 375, 149, 133, true, true
16794212, 533389, 8758, 374, 148, 133, true, true
16832123, 534901, 8758, 373, 148, 135, true, true
16948497, 539474, 8758, 372, 147, 136, true, true
16969646, 540263, 8760, 372, 147, 135, true, true
17007372, 541769, 8761, 373, 148, 132, true, true
17018970, 542215, 8761, 367, 148, 132, true, true
17087964, 544849, 8765, 371, 149, 127, true, true
17138872, 546789, 8766, 372, 150, 125, true, true
17212114, 549663, 8766, 371, 149, 125, true, true
17250543, 551132, 8766, 370, 148, 126, true, true
17270418, 551871, 8767, 371, 149, 126, true, true
17342674, 554691, 8767, 370, 148, 126, true, true
17345328, 554797, 8767, 367, 147, 126, true, true
17405981, 557125, 8768, 368, 148, 126, true, true
17424207, 557838, 8768, 365, 147, 126, true, true
17486655, 560240, 8769, 366, 148, 125, true, true
17487765, 560288, 8769, 365, 147, 125, true, true
17498903, 560778, 8770, 366, 148, 126, true, true
17704790, 568864, 8775, 355, 148, 130, true, true
17747803, 570639, 8775, 354, 147, 130, true, true
17816521, 573261, 8775, 353, 146, 132, true, true
17999226, 580560, 8777, 345, 147, 133, true, true
18016594, 581280, 8778, 346, 148, 132, true, true
18157527, 587120, 8778, 344, 146, 133, true, true
18167609, 587534, 8778, 343, 145, 133, true, true
18229785, 590165, 8783, 347, 145, 132, true, true
18231588, 590246, 8783, 346, 144, 132, true, true
18239020, 590501, 8783, 345, 143, 132, true, true
18245520, 590751, 8783, 344, 142, 132, true, true
18246117, 590776, 8783, 343, 141, 132, true, true
18268081, 591621, 8784, 344, 142, 130, true, true
18360331, 595221, 8784, 339, 141, 131, true, true
18367810, 595527, 8785, 340, 142, 129, true, true
18377733, 595916, 8786, 341, 143, 127, true, true
18480608, 600015, 8786, 339, 143, 128, true, true
18498195, 600724, 8786, 337, 143, 128, true, true
18521062, 601656, 8786, 336, 142, 128, true, true
18621349, 605588, 8788, 323, 142, 129, true, true
18628997, 605864, 8788, 322, 141, 129, true, true
18709897, 608977, 8788, 321, 140, 132, true, true
18711009, 609022, 8788, 320, 139, 132, true, true
18723267, 609497, 8788, 318, 138, 132, true, true
18748408, 610513, 8788, 317, 137, 132, true, true
18750394, 610592, 8788, 315, 136, 132, true, true
18769517, 611374, 8788, 314, 135, 132, true, true
18848804, 614324, 8789, 315, 136, 130, true, true
18921102, 617112, 8789, 314, 136, 131, true, true
18925915, 617305, 8789, 313, 135, 131, true, true
18928046, 617386, 8789, 312, 134, 131, true, true
19073003, 622786, 8789, 311, 133, 134, true, true
19082937, 623162, 8789, 310, 132, 134, true, true
19111087, 624267, 8789, 309, 131, 134, true, true
19140663, 625337, 8789, 308, 130, 134, true, true
19142750, 625420, 8789, 298, 130, 135, true, true
19211640, 627989, 8790, 299, 131, 135, true, true
19213949, 628075, 8790, 298, 130, 135, true, true
19374080, 634098, 8791, 299, 131, 136, true, true
19479857, 638058, 8792, 300, 132, 136, true, true
19605492, 642593, 8794, 302, 133, 138, true, true
19651098, 644308, 8795, 303, 134, 138, true, true
19693540, 645987, 8796, 304, 135, 138, true, true
19721291, 646974, 8796, 303, 134, 138, true, true
19795172, 649840, 8797, 304, 135, 138, true, true
19857135, 652077, 8798, 305, 136, 138, true, true
20011381, 657997, 8799, 304, 136, 136, true, true
20072798, 660388, 8800, 305, 137, 137, true, true
20245617, 667118, 8801, 306, 138, 142, true, true
20324018, 670169, 8801, 305, 137, 143, true, true
20404663, 673323, 8801, 304, 136, 144, true, true
20434094, 674456, 8801, 303, 135, 144, true, true
20448724, 675018, 8806, 303, 136, 143, true, true
20470652, 675883, 8806, 302, 135, 143, true, true
20525658, 678090, 8809, 305, 136, 138, true, true
20546508, 678939, 8809, 304, 135, 138, true, true
20568649, 679830, 8810, 305, 136, 137, true, true
20608287, 681341, 8818, 313, 137, 137, true, true
20701303, 684845, 8818, 312, 136, 137, true, true
20726019, 685827, 8818, 311, 135, 137, true, true
20776259, 687678, 8820, 310, 135, 136, true, true
20793621, 688333, 8821, 311, 136, 133, true, true
20921045, 693229, 8821, 309, 135, 133, true, true
20936657, 693791, 8821, 306, 135, 134, true, true
21041775, 697888, 8822, 307, 136, 133, true, true
21096465, 699999, 8823, 308, 137, 133, true, true
21126344, 701164, 8823, 307, 136, 133, true, true
21350368, 709999, 8830, 301, 136, 131, true, true
21359779, 710387, 8830, 300, 135, 132, true, true
21428133, 713084, 8830, 296, 135, 132, true, true
21459755, 714335, 8830, 295, 134, 132, true, true
21525413, 716968, 8832, 294, 134, 132, true, true
21528032, 717073, 8832, 290, 133, 132, true, true
21559750, 718342, 8833, 291, 134, 129, true, true
21569249, 718687, 8834, 292, 135, 128, true, true
21601382, 719960, 8834, 291, 134, 129, true, true
21639693, 721386, 8834, 290, 133, 130, true, true
21805190, 727768, 8836, 289, 134, 131, true, true
21878170, 730656, 8836, 287, 133, 131, true, true
21891637, 731188, 8837, 288, 134, 127, true, true
21912799, 732051, 8838, 289, 135, 125, true, true
22131791, 740701, 8838, 288, 134, 126, true, true
22135548, 740854, 8838, 287, 133, 126, true, true
22141584, 741073, 8839, 288, 134, 124, true, true
22144667, 741187, 8839, 287, 133, 124, true, true
22417109, 752107, 8840, 288, 134, 131, true, true
22485008, 754796, 8840, 287, 133, 132, true, true
22707469, 763731, 8840, 285, 132, 137, true, true
22764273, 766004, 8840, 283, 131, 141, true, true
22784787, 766831, 8840, 282, 130, 141, true, true
22869383, 770143, 8842, 284, 131, 141, true, true
22903989, 771593, 8842, 283, 130, 141, true, true
23024554, 776406, 8842, 280, 129, 144, true, true
23140381, 781130, 8842, 279, 128, 145, true, true
23236659, 785027, 8842, 276, 127, 145, true, true
23236772, 785030, 8843, 277, 128, 143, true, true
23381084, 790868, 8843, 276, 127, 147, true, true
23468698, 794286, 8843, 274, 126, 147, true, true
23487786, 795061, 8844, 270, 126, 145, true, true
23521111, 796353, 8844, 269, 125, 147, true, true
23554462, 797722, 8846, 270, 125, 143, true, true
23727041, 804757, 8847, 271, 126, 143, true, true
23752463, 805783, 8847, 268, 124, 143, true, true
23820417, 808576, 8847, 266, 124, 143, true, true
23890001, 811465, 8848, 267, 125, 143, true, true
23910088, 812281, 8848, 266, 124, 144, true, true
23971259, 814742, 8848, 264, 123, 145, true, true
24173685, 822988, 8849, 265, 124, 150, true, true
24200918, 824137, 8851, 267, 125, 149, true, true
24267991, 826921, 8851, 266, 124, 150, true, true
24284408, 827676, 8851, 265, 123, 150, true, true
24641363, 842901, 8852, 266, 124, 149, true, true
24769791, 848329, 8852, 265, 123, 149, true, true
24803209, 849716, 8852, 262, 123, 151, true, true
24808593, 849918, 8856, 263, 123, 149, true, true
24848399, 851562, 8857, 264, 124, 148, true, true
24938648, 855319, 8858, 265, 125, 147, true, true
24972049, 856756, 8858, 264, 124, 148, true, true
24998783, 857867, 8858, 263, 123, 149, true, true
25100848, 862284, 8859, 263, 123, 148, true, true
25115186, 862911, 8860, 264, 124, 147, true, true
25183324, 865753, 8860, 263, 123, 148, true, true
25229893, 867786, 8861, 264, 124, 147, true, true
25428569, 876016, 8861, 263, 123, 149, true, true
25461352, 877378, 8862, 264, 124, 150, true, true
25598888, 883027, 8862, 262, 123, 152, true, true
25684690, 886531, 8863, 263, 124, 151, true, true
25887535, 895119, 8863, 262, 123, 155, true, true
25973797, 898813, 8864, 262, 124, 154, true, true
26021996, 900834, 8866, 263, 124, 153, true, true
26097726, 903942, 8866, 261, 124, 153, true, true
26125979, 905123, 8866, 260, 123, 153, true, true
26142597, 905844, 8870, 264, 124, 150, true, true
26167486, 906831, 8870, 263, 123, 150, true, true
26331355, 913787, 8870, 262, 122, 151, true, true
26347900, 914473, 8870, 258, 121, 151, true, true
26366382, 915263, 8872, 260, 122, 151, true, true
26404887, 916784, 8873, 261, 123, 148, true, true
26408466, 916927, 8873, 222, 122, 148, true, true
26445378, 918485, 8875, 221, 121, 146, true, true
26459263, 919021, 8876, 222, 122, 145, true, true
26522335, 921713, 8876, 221, 121, 145, true, true
26604327, 925116, 8876, 220, 120, 146, true, true
26664994, 927726, 8878, 222, 121, 143, true, true
26800211, 933466, 8882, 226, 122, 145, true, true
26819270, 934296, 8882, 225, 121, 145, true, true
26846849, 935486, 8882, 224, 120, 145, true, true
26888563, 937238, 8883, 224, 121, 143, true, true
26892369, 937372, 8884, 225, 122, 142, true, true
27041871, 943653, 8885, 225, 123, 143, true, true
27142320, 947895, 8885, 224, 122, 143, true, true
27196870, 950246, 8886, 225, 123, 142, true, true
27218248, 951114, 8887, 226, 124, 139, true, true
27247249, 952354, 8889, 228, 125, 136, true, true
27297558, 954357, 8894, 233, 126, 137, true, true
27366248, 957197, 8895, 234, 127, 138, true, true
27393178, 958302, 8897, 233, 127, 136, true, true
27420262, 959440, 8898, 234, 128, 134, true, true
27504485, 962896, 8898, 233, 128, 136, true, true
27543908, 964573, 8899, 234, 129, 133, true, true
27631735, 968182, 8899, 233, 128, 134, true, true
27638872, 968482, 8900, 234, 129, 133, true, true
27811304, 975413, 8900, 232, 128, 136, true, true
27839420, 976595, 8900, 231, 127, 136, true, true
27927984, 980305, 8901, 232, 128, 136, true, true
27962440, 981711, 8901, 231, 128, 137, true, true
27985026, 982593, 8902, 232, 129, 134, true, true
28001293, 983261, 8904, 234, 130, 132, true, true
28011795, 983692, 8905, 235, 131, 128, true, true
28035703, 984681, 8905, 234, 130, 130, true, true
28041033, 984901, 8914, 243, 131, 129, true, true
28130842, 988579, 8914, 242, 131, 129, true, true
28275759, 994494, 8916, 244, 132, 129, true, true
28467078, 1002497, 8916, 243, 131, 130, true, true
28570451, 1006706, 8920, 247, 132, 128, true, true
28716682, 1012754, 8921, 248, 133, 130, true, true
28748667, 1014144, 8921, 247, 132, 130, true, true
28977462, 1023668, 8921, 246, 131, 131, true, true
29100220, 1028719, 8922, 246, 131, 133, true, true
29197355, 1032817, 8924, 248, 132, 130, true, true
29200580, 1032961, 8924, 247, 131, 130, true, true
29290785, 1036713, 8925, 248, 132, 129, true, true
29428288, 1042570, 8928, 251, 133, 129, true, true
29504017, 1045766, 8928, 250, 132, 130, true, true
30007463, 1067044, 8929, 251, 133, 141, true, true
30058644, 1069120, 8930, 252, 134, 134, true, true
30078563, 1069994, 8930, 251, 133, 134, true, true
30209749, 1075550, 8930, 248, 132, 135, true, true
30791076, 1100333, 8933, 251, 133, 139, true, true
30855409, 1103107, 8934, 252, 134, 137, true, true
30986674, 1108739, 8934, 251, 133, 138, true, true
31097366, 1113375, 8934, 250, 132, 138, true, true
31266862, 1120665, 8935, 251, 133, 141, true, true
31286200, 1121444, 8935, 250, 132, 142, true, true
31400480, 1126481, 8937, 252, 133, 140, true, true
31418859, 1127152, 8943, 257, 134, 139, true, true
31485144, 1130028, 8943, 256, 133, 139, true, true
31569553, 1133660, 8944, 257, 134, 138, true, true
31574347, 1133854, 8944, 255, 133, 138, true, true
31597323, 1134790, 8945, 256, 134, 134, true, true
31760730, 1141710, 8945, 255, 133, 136, true, true
31863439, 1145954, 8946, 256, 134, 133, true, true
31873383, 1146335, 8946, 254, 133, 133, true, true
31890373, 1147071, 8947, 255, 134, 131, true, true
31933947, 1148887, 8948, 256, 135, 131, true, true
32006112, 1151877, 8948, 255, 134, 132, true, true
32174535, 1158607, 8949, 256, 135, 133, true, true
32234142, 1161040, 8950, 257, 136, 133, true, true
32512396, 1172601, 8951, 258, 137, 131, true, true
32546263, 1174001, 8951, 257, 136, 131, true, true
32581359, 1175478, 8952, 257, 137, 130, true, true
32690231, 1179894, 8953, 258, 138, 129, true, true
32819459, 1185344, 8953, 257, 137, 133, true, true
32940075, 1190386, 8953, 256, 136, 135, true, true
33124861, 1198267, 8953, 255, 135, 137, true, true
33303933, 1205721, 8953, 254, 134, 137, true, true
33378922, 1208857, 8954, 255, 135, 133, true, true
33398404, 1209714, 8955, 256, 136, 133, true, true
33415146, 1210426, 8955, 255, 135, 133, true, true
33448690, 1211839, 8955, 254, 134, 133, true, true
33450628, 1211928, 8956, 255, 135, 132, true, true
33520853, 1214818, 8957, 256, 136, 131, true, true
33893910, 1230856, 8957, 255, 135, 133, true, true
34158456, 1242424, 8957, 253, 134, 138, true, true
34199123, 1244318, 8957, 252, 134, 138, true, true
34335746, 1250328, 8957, 248, 133, 139, true, true
34360528, 1251481, 8959, 250, 134, 134, true, true
34396501, 1253101, 8960, 247, 134, 133, true, true
34477759, 1256685, 8960, 246, 133, 134, true, true
34601053, 1262387, 8960, 241, 132, 135, true, true
34703074, 1267020, 8961, 242, 133, 129, true, true
34859262, 1274103, 8961, 241, 132, 132, true, true
34896413, 1275809, 8962, 242, 133, 129, true, true
34939913, 1277648, 8962, 241, 132, 131, true, true
34955714, 1278266, 8966, 237, 133, 130, true, true
35066626, 1283148, 8966, 236, 132, 130, true, true
35120035, 1285569, 8967, 237, 133, 127, true, true
35174898, 1287937, 8968, 238, 134, 123, true, true
35181301, 1288182, 8968, 237, 133, 123, true, true
35226254, 1290210, 8968, 236, 132, 124, true, true
35316247, 1294167, 8968, 235, 131, 125, true, true
35956117, 1322521, 8971, 238, 132, 131, true, true
36013354, 1325071, 8972, 239, 133, 130, true, true
36125909, 1329957, 8974, 240, 133, 126, true, true
36140864, 1330632, 8976, 242, 134, 124, true, true
36201651, 1333325, 8977, 242, 134, 123, true, true
36343082, 1339547, 8978, 243, 135, 123, true, true
36398122, 1341936, 8979, 243, 135, 122, true, true
36834698, 1361267, 8979, 241, 135, 128, true, true
37398827, 1386895, 8979, 240, 134, 130, true, true
37574090, 1395136, 8979, 238, 133, 131, true, true
37581621, 1395526, 8979, 237, 133, 131, true, true
37623914, 1397588, 8982, 240, 134, 128, true, true
37643286, 1398463, 8982, 238, 133, 128, true, true
37792727, 1405333, 8982, 237, 132, 130, true, true
37979306, 1413901, 8982, 234, 132, 130, true, true
38094157, 1419185, 8982, 232, 131, 130, true, true
38120645, 1420467, 8983, 233, 132, 129, true, true
38328436, 1429947, 8983, 232, 131, 133, true, true
38563006, 1441119, 8983, 231, 130, 135, true, true
38706262, 1447790, 8985, 233, 131, 136, true, true
38779651, 1451353, 8986, 234, 132, 137, true, true
38930235, 1458481, 8986, 233, 131, 138, true, true
39392125, 1480221, 8987, 234, 132, 140, true, true
39478882, 1484429, 8987, 233, 131, 140, true, true
39528502, 1486787, 8987, 231, 130, 140, true, true
39589188, 1489707, 8988, 232, 131, 139, true, true
39652549, 1492724, 8988, 230, 131, 140, true, true
39662525, 1493173, 8989, 231, 132, 139, true, true
39787117, 1498893, 8993, 235, 133, 138, true, true
39880873, 1503203, 8993, 234, 132, 138, true, true
40272841, 1521715, 8994, 235, 133, 139, true, true
40295229, 1522798, 8994, 234, 132, 139, true, true
40297068, 1522888, 8994, 232, 131, 139, true, true
40340852, 1524971, 8994, 224, 130, 139, true, true
40411217, 1528185, 8994, 223, 129, 140, true, true
40424661, 1528831, 8995, 224, 130, 138, true, true
40438419, 1529424, 8995, 223, 129, 138, true, true
40487227, 1531640, 8997, 225, 130, 136, true, true
40538354, 1533911, 8998, 226, 131, 136, true, true
40772018, 1544387, 8998, 225, 131, 136, true, true
41303063, 1569110, 8998, 224, 130, 140, true, true
41361499, 1571832, 8998, 223, 129, 140, true, true
41456266, 1576307, 8999, 224, 130, 134, true, true
41497635, 1578241, 9000, 225, 131, 127, true, true
41768379, 1590556, 9000, 224, 130, 129, true, true
41798908, 1591990, 9000, 223, 129, 129, true, true
41919629, 1597646, 9000, 222, 128, 129, true, true
42022989, 1602516, 9000, 221, 127, 129, true, true
42290104, 1614898, 9000, 220, 126, 133, true, true
42357671, 1618092, 9001, 221, 127, 133, true, true
42460139, 1622863, 9001, 220, 126, 134, true, true
42790261, 1637611, 9002, 221, 127, 135, true, true
42804245, 1638235, 9002, 219, 126, 135, true, true
42805407, 1638288, 9003, 220, 127, 134, true, true
42807444, 1638382, 9003, 217, 126, 134, true, true
42826774, 1639230, 9004, 218, 127, 132, true, true
43133550, 1652789, 9005, 219, 128, 130, true, true
43479890, 1668457, 9005, 218, 127, 134, true, true
43485134, 1668686, 9005, 217, 126, 134, true, true
43650470, 1675938, 9007, 218, 127, 133, true, true
44130990, 1697143, 9007, 217, 126, 136, true, true
44156573, 1698327, 9009, 219, 127, 134, true, true
44256270, 1702865, 9009, 218, 126, 135, true, true
44482791, 1712956, 9010, 219, 127, 131, true, true
44539149, 1715424, 9010, 218, 126, 131, true, true
44597539, 1717986, 9011, 219, 127, 131, true, true
44633583, 1719626, 9011, 218, 126, 131, true, true
44637426, 1719783, 9011, 217, 125, 131, true, true
44653569, 1720468, 9011, 216, 124, 131, true, true
44736087, 1724123, 9013, 218, 125, 130, true, true
44782439, 1726125, 9014, 219, 126, 129, true, true
45145111, 1742262, 9014, 217, 125, 131, true, true
45343365, 1750845, 9014, 216, 124, 132, true, true
45358597, 1751498, 9014, 215, 123, 132, true, true
45373691, 1752182, 9015, 216, 124, 130, true, true
45454550, 1755746, 9015, 215, 123, 130, true, true
45485898, 1757095, 9015, 214, 122, 130, true, true
45634311, 1763440, 9015, 212, 121, 130, true, true
45996059, 1779036, 9016, 213, 122, 129, true, true
46109136, 1783903, 9017, 214, 123, 128, true, true
46176198, 1786758, 9018, 215, 124, 126, true, true
46461818, 1799006, 9018, 213, 123, 129, true, true
46951949, 1819999, 9019, 214, 124, 136, true, true
47189890, 1830361, 9020, 215, 125, 138, true, true
47482648, 1843330, 9020, 214, 124, 139, true, true
47482907, 1843343, 9020, 211, 124, 139, true, true
47526974, 1845299, 9020, 210, 124, 140, true, true
47731431, 1854298, 9021, 211, 125, 139, true, true
47770133, 1856055, 9022, 212, 126, 138, true, true
48006707, 1866659, 9022, 211, 125, 138, true, true
48233771, 1876766, 9023, 212, 126, 131, true, true
48311275, 1880321, 9023, 208, 124, 132, true, true
48919686, 1908160, 9027, 212, 125, 136, true, true
48942065, 1909127, 9028, 212, 125, 134, true, true
49288586, 1924956, 9028, 211, 124, 136, true, true
49419449, 1931040, 9028, 210, 123, 137, true, true
49598294, 1939377, 9028, 205, 122, 139, true, true
49683078, 1943381, 9028, 204, 121, 140, true, true
49693894, 1943891, 9030, 206, 122, 135, true, true
49736988, 1945898, 9030, 205, 121, 135, true, true
49825460, 1949935, 9031, 206, 122, 135, true, true
50097741, 1962423, 9032, 190, 123, 137, true, true
50207459, 1967579, 9034, 190, 124, 130, true, true
50239817, 1969069, 9034, 189, 123, 130, true, true
50580367, 1985203, 9035, 190, 124, 128, true, true
50646701, 1988133, 9035, 189, 123, 129, true, true
50810931, 1995857, 9035, 188, 122, 129, true, true
50997237, 2004720, 9035, 187, 121, 132, true, true
51229188, 2015477, 9035, 185, 120, 136, true, true
51260524, 2016984, 9035, 183, 119, 136, true, true
51265347, 2017234, 9035, 181, 118, 136, true, true
51415925, 2024485, 9036, 182, 119, 136, true, true
51417173, 2024548, 9036, 180, 118, 136, true, true
51533940, 2029991, 9036, 179, 117, 136, true, true
51701315, 2037768, 9039, 182, 118, 134, true, true
51956195, 2049413, 9040, 183, 119, 132, true, true
51971242, 2050125, 9041, 184, 120, 131, true, true
51991854, 2051030, 9041, 183, 119, 131, true, true
52123705, 2057021, 9041, 182, 118, 133, true, true
52185520, 2059716, 9041, 181, 117, 133, true, true
52197518, 2060250, 9046, 185, 117, 125, true, true
52350882, 2067103, 9047, 186, 118, 123, true, true
52813718, 2087889, 9050, 185, 118, 126, true, true
52939033, 2093520, 9050, 184, 117, 127, true, true
52958548, 2094393, 9052, 186, 118, 125, true, true
53370494, 2113034, 9054, 188, 119, 122, true, true
53398876, 2114280, 9055, 189, 120, 119, true, true
53579609, 2122376, 9055, 186, 119, 120, true, true
53592756, 2122988, 9055, 185, 118, 120, true, true
53818379, 2133057, 9057, 187, 119, 121, true, true
53839976, 2134045, 9057, 186, 118, 121, true, true
54837599, 2177616, 9058, 187, 119, 126, true, true
55043557, 2186633, 9058, 186, 118, 128, true, true
55294695, 2197650, 9059, 187, 119, 126, true, true
55517592, 2207448, 9059, 186, 118, 127, true, true
55529151, 2207929, 9059, 185, 117, 127, true, true
56237367, 2238816, 9059, 184, 116, 129, true, true
56328344, 2242802, 9063, 188, 117, 128, true, true
56939911, 2269705, 9064, 189, 118, 125, true, true
57133628, 2278712, 9065, 190, 119, 121, true, true
57514642, 2295762, 9066, 190, 119, 122, true, true
57674812, 2303079, 9067, 191, 120, 120, true, true
57805051, 2309151, 9074, 198, 121, 116, true, true
58047587, 2320008, 9076, 200, 122, 116, true, true
58751855, 2352624, 9076, 195, 121, 117, true, true
58838810, 2356822, 9076, 194, 120, 117, true, true
58937162, 2361428, 9076, 193, 119, 117, true, true
59026175, 2365551, 9077, 194, 120, 117, true, true
59085621, 2368340, 9077, 193, 119, 117, true, true
59135477, 2370587, 9078, 194, 120, 116, true, true
59251351, 2375850, 9080, 196, 121, 115, true, true
59305050, 2378148, 9081, 197, 122, 113, true, true
59434731, 2384061, 9081, 196, 121, 113, true, true
60669726, 2440627, 9082, 197, 122, 117, true, true
60742144, 2443952, 9082, 196, 121, 117, true, true
61244555, 2467408, 9083, 197, 122, 117, true, true
61394615, 2474467, 9085, 199, 123, 117, true, true
61467089, 2477826, 9087, 201, 124, 116, true, true
61708726, 2488923, 9087, 197, 123, 116, true, true
61875072, 2496701, 9087, 196, 122, 117, true, true
62092219, 2506696, 9087, 195, 121, 120, true, true
62098750, 2506989, 9087, 194, 120, 120, true, true
62287384, 2515727, 9087, 193, 119, 121, true, true
62849150, 2542086, 9090, 196, 120, 121, true, true
62957392, 2547139, 9091, 197, 121, 118, true, true
63126390, 2555121, 9092, 197, 122, 115, true, true
63366320, 2566506, 9093, 198, 123, 114, true, true
63528596, 2574037, 9094, 199, 124, 111, true, true
63589444, 2577011, 9094, 198, 123, 112, true, true
63598752, 2577466, 9095, 199, 124, 109, true, true
63943677, 2593641, 9097, 201, 125, 110, true, true
64270848, 2609396, 9098, 202, 126, 107, true, true
64276904, 2609689, 9098, 201, 125, 107, true, true
64332183, 2612292, 9099, 201, 126, 107, true, true
64885316, 2638265, 9101, 203, 127, 109, true, true
65148841, 2650412, 9101, 202, 126, 112, true, true
65230682, 2654214, 9102, 203, 127, 111, true, true
65536306, 2668635, 9105, 206, 128, 110, true, true
65756512, 2679222, 9105, 205, 127, 111, true, true
65762168, 2679512, 9107, 207, 128, 108, true, true
65825632, 2682527, 9107, 205, 127, 108, true, true
66127000, 2696508, 9108, 206, 128, 108, true, true
66291445, 2704041, 9109, 207, 129, 107, true, true
66446652, 2711232, 9109, 206, 128, 107, true, true
66521760, 2714580, 9110, 200, 128, 107, true, true
68394805, 2800868, 9110, 199, 127, 113, true, true
69239785, 2841102, 9111, 200, 128, 116, true, true
69300894, 2843886, 9111, 199, 127, 116, true, true
69656809, 2860831, 9112, 200, 128, 115, true, true
69663897, 2861157, 9112, 199, 127, 115, true, true
70293448, 2891047, 9113, 200, 128, 111, true, true
70432455, 2897717, 9114, 201, 129, 109, true, true
70510622, 2901323, 9115, 202, 130, 108, true, true
70883899, 2918957, 9115, 201, 129, 108, true, true
71428443, 2944383, 9115, 200, 128, 110, true, true
71587890, 2951652, 9117, 202, 129, 108, true, true
71715817, 2957710, 9118, 203, 130, 106, true, true
72144607, 2977671, 9118, 202, 129, 108, true, true
72171355, 2978922, 9119, 202, 130, 107, true, true
72231596, 2981817, 9120, 203, 131, 103, true, true
72437248, 2991628, 9120, 202, 130, 103, true, true
73518201, 3042933, 9121, 203, 131, 103, true, true
73746650, 3054031, 9123, 205, 132, 103, true, true
73947931, 3064091, 9124, 206, 133, 104, true, true
74341417, 3083408, 9124, 195, 132, 105, true, true
74480640, 3090263, 9125, 196, 133, 101, true, true
74554635, 3093756, 9126, 197, 134, 98, true, true
74750993, 3103158, 9127, 198, 135, 97, true, true
75264902, 3127714, 9127, 197, 134, 98, true, true
75648300, 3146229, 9127, 196, 133, 98, true, true
75779321, 3152627, 9127, 195, 132, 98, true, true
75966302, 3161467, 9127, 194, 131, 98, true, true
76041075, 3165072, 9127, 193, 131, 98, true, true
76420876, 3183853, 9127, 192, 130, 102, true, true
76476960, 3186676, 9127, 191, 129, 102, true, true
76945773, 3208986, 9127, 190, 129, 102, true, true
76996059, 3211406, 9127, 189, 128, 102, true, true
77049354, 3213914, 9127, 188, 127, 102, true, true
77061120, 3214451, 9128, 189, 128, 98, true, true
77493600, 3235222, 9128, 187, 127, 103, true, true
77606362, 3240539, 9129, 188, 128, 101, true, true
78025056, 3260537, 9129, 187, 127, 103, true, true
78261515, 3271717, 9130, 188, 128, 99, true, true
78846871, 3300006, 9130, 187, 127, 103, true, true
78976713, 3306267, 9130, 186, 126, 103, true, true
79006715, 3307652, 9130, 185, 125, 103, true, true
79288584, 3321162, 9130, 184, 124, 104, true, true
79340816, 3323625, 9130, 181, 123, 104, true, true
80153858, 3362968, 9130, 180, 122, 105, true, true
80155772, 3363062, 9130, 179, 122, 105, true, true
80582993, 3383101, 9131, 180, 123, 105, true, true
80782809, 3392721, 9135, 184, 124, 102, true, true
80853634, 3396157, 9141, 190, 125, 101, true, true
81089993, 3407273, 9141, 189, 124, 101, true, true
81451641, 3424113, 9143, 191, 125, 104, true, true
81601920, 3431065, 9143, 190, 124, 105, true, true
82011988, 3450706, 9145, 192, 125, 105, true, true
82157958, 3457743, 9145, 190, 124, 105, true, true
82181009, 3458857, 9147, 191, 125, 104, true, true
82471750, 3472740, 9147, 189, 124, 106, true, true
82676262, 3482488, 9147, 188, 123, 106, true, true
83610051, 3527737, 9149, 190, 124, 108, true, true
84271614, 3560266, 9149, 189, 123, 112, true, true
84301365, 3561769, 9149, 188, 122, 112, true, true
84379428, 3565596, 9149, 187, 121, 112, true, true
84669638, 3579756, 9150, 188, 122, 113, true, true
84791407, 3585654, 9151, 189, 123, 111, true, true
84890647, 3590463, 9151, 188, 122, 111, true, true
85263181, 3608348, 9152, 186, 122, 110, true, true
85533646, 3621276, 9153, 187, 123, 108, true, true
85811658, 3634501, 9153, 186, 122, 108, true, true
85816738, 3634723, 9154, 187, 123, 107, true, true
86020406, 3644191, 9155, 188, 124, 105, true, true
86792341, 3680551, 9156, 189, 125, 104, true, true
86942116, 3687435, 9157, 190, 126, 103, true, true
87291977, 3703573, 9157, 189, 125, 103, true, true
87336042, 3705633, 9157, 188, 124, 103, true, true
88497143, 3759296, 9159, 190, 125, 102, true, true
88876460, 3777105, 9160, 191, 126, 100, true, true
88885016, 3777530, 9160, 189, 125, 100, true, true
89107792, 3787784, 9160, 188, 124, 100, true, true
89262648, 3794966, 9160, 187, 123, 101, true, true
89372402, 3800075, 9162, 189, 124, 98, true, true
89550826, 3808161, 9163, 190, 125, 97, true, true
89857543, 3822347, 9163, 189, 124, 98, true, true
89939508, 3826225, 9163, 188, 123, 98, true, true
89971985, 3827708, 9164, 189, 124, 97, true, true
90199186, 3838103, 9164, 188, 124, 97, true, true
90429793, 3848445, 9164, 187, 124, 97, true, true
90628964, 3857563, 9164, 186, 123, 98, true, true
90911778, 3869924, 9164, 185, 122, 99, true, true
91288360, 3886386, 9165, 186, 123, 95, true, true
91596922, 3900087, 9166, 187, 124, 96, true, true
92076590, 3921844, 9166, 183, 123, 99, true, true
92566290, 3943915, 9167, 183, 123, 99, true, true
92943322, 3960993, 9168, 184, 124, 98, true, true
93255293, 3975232, 9168, 183, 123, 101, true, true
93632353, 3992944, 9169, 181, 124, 101, true, true
93781895, 4000066, 9170, 182, 125, 95, true, true
93957459, 4008225, 9171, 182, 125, 93, true, true
94017763, 4010955, 9172, 183, 126, 92, true, true
94220486, 4020190, 9173, 184, 127, 91, true, true
94539388, 4034968, 9175, 186, 128, 91, true, true
94834580, 4048646, 9175, 185, 127, 93, true, true
95139053, 4062704, 9175, 184, 126, 95, true, true
96026588, 4104572, 9175, 183, 125, 98, true, true
96097354, 4108105, 9176, 184, 126, 96, true, true
96199048, 4113113, 9177, 185, 127, 93, true, true
96347290, 4120545, 9178, 185, 127, 92, true, true
97043731, 4156125, 9178, 184, 126, 93, false, true
97317635, 4170409, 9178, 177, 124, 93, false, true
97373849, 4173212, 9180, 179, 125, 92, false, true
97514611, 4180321, 9180, 178, 124, 92, false, true
97711160, 4190149, 9180, 177, 123, 92, false, true
98557411, 4233468, 9180, 176, 122, 92, false, true
99030612, 4257752, 9180, 175, 121, 92, false, true
99158042, 4264080, 9180, 174, 120, 92, false, true
99181789, 4265349, 9181, 175, 121, 88, false, true
99383879, 4275721, 9182, 175, 122, 86, false, true
99582846, 4286168, 9183, 176, 123, 84, false, true
99755850, 4294827, 9183, 175, 122, 84, false, true
99840896, 4299041, 9183, 174, 121, 84, false, true
100085799, 4311452, 9183, 173, 120, 84, false, true
100192331, 4316978, 9183, 172, 119, 84, false, true
100986585, 4356783, 9183, 171, 118, 84, false, true
101106162, 4362694, 9183, 170, 117, 84, false, true
101234387, 4369128, 9184, 171, 118, 82, false, true
101886922, 4401625, 9184, 170, 117, 82, false, true
103024511, 4458284, 9184, 169, 116, 82, false, true
103578240, 4485972, 9188, 173, 117, 81, false, true
104150167, 4514432, 9196, 181, 118, 80, false, true
104667368, 4540045, 9198, 183, 119, 77, false, true
105634805, 4589847, 9198, 182, 118, 77, false, true
105786091, 4597550, 9198, 181, 117, 77, false, true
106484357, 4633791, 9198, 180, 117, 77, false, true
106661157, 4642916, 9198, 179, 116, 77, false, true
106890020, 4654966, 9198, 178, 115, 77, false, true
107427963, 4682720, 9198, 177, 114, 77, false, true
108331596, 4729244, 9203, 182, 115, 73, false, true
109235626, 4776730, 9204, 181, 116, 72, false, true
109659750, 4799509, 9204, 180, 116, 72, false, true
110610053, 4849166, 9204, 179, 115, 72, false, true
110677148, 4852620, 9204, 175, 114, 72, false, true
111109888, 4875091, 9206, 176, 114, 70, false, true
112710721, 4960076, 9206, 174, 114, 70, false, true
113079092, 4979331, 9206, 172, 113, 70, false, true
113202070, 4985891, 9206, 171, 112, 70, false, true
113456944, 4999258, 9207, 172, 113, 69, false, true
113584755, 5005976, 9207, 167, 112, 69, false, true
114002310, 5027942, 9207, 166, 111, 69, false, true
114783378, 5069052, 9210, 169, 112, 68, false, true
114945117, 5077101, 9210, 168, 111, 68, false, true
116354357, 5150097, 9211, 169, 112, 64, false, true
116546091, 5160088, 9213, 167, 113, 63, false, true
116642611, 5165181, 9213, 165, 112, 63, false, true
117458730, 5205293, 9213, 164, 111, 63, false, true
117797283, 5221400, 9214, 165, 112, 62, false, true
118168762, 5238981, 9214, 163, 111, 62, false, true
118434098, 5251931, 9215, 164, 112, 61, false, true
119113981, 5287561, 9217, 166, 113, 60, false, true
119295883, 5297346, 9218, 166, 114, 55, false, true
119865234, 5328261, 9218, 165, 113, 55, false, true
119874428, 5328756, 9218, 163, 112, 55, false, true
120418671, 5357790, 9219, 164, 113, 53, false, true
120560385, 5365336, 9220, 165, 114, 52, false, true
121600239, 5421157, 9220, 164, 113, 52, false, true
121647964, 5423677, 9220, 162, 112, 52, false, true
122182534, 5452468, 9220, 161, 111, 52, false, true
122228062, 5454961, 9221, 162, 112, 51, false, true
123325986, 5514646, 9222, 163, 113, 50, false, true
123430901, 5520302, 9222, 162, 112, 50, false, true
124607533, 5582786, 9222, 161, 111, 50, false, true
125451179, 5627606, 9227, 166, 112, 49, false, true
125491078, 5629526, 9228, 167, 113, 48, false, true
125909718, 5651716, 9232, 171, 114, 47, false, true
125986279, 5655733, 9232, 170, 113, 47, false, true
126384680, 5676456, 9233, 170, 113, 45, false, true
127453587, 5731646, 9234, 171, 114, 44, false, true
128057927, 5763580, 9234, 170, 113, 44, false, true
128464297, 5784998, 9234, 168, 112, 44, false, true
128745837, 5799774, 9234, 167, 111, 44, false, true
130226903, 5878012, 9235, 168, 112, 43, false, true
130964731, 5917401, 9235, 167, 111, 43, false, true
131374130, 5939268, 9235, 166, 110, 43, false, true
131809758, 5962710, 9237, 168, 111, 42, false, true
134104245, 6087073, 9237, 167, 110, 42, false, true
134132749, 6088558, 9237, 166, 109, 42, false, true
134382660, 6101629, 9237, 165, 108, 42, false, true
134583489, 6112236, 9237, 164, 107, 42, false, true
134964948, 6132911, 9237, 163, 106, 42, false, true
136204257, 6200513, 9237, 162, 105, 42, false, true
136747665, 6230062, 9237, 161, 104, 42, false, true
137071970, 6247810, 9238, 159, 104, 40, false, true
138717090, 6338207, 9240, 161, 105, 38, false, true
138773289, 6341394, 9241, 162, 106, 37, false, true
138910579, 6349094, 9242, 163, 107, 35, false, true
139157145, 6362532, 9242, 162, 106, 35, false, true
140548434, 6439572, 9242, 160, 105, 35, false, true
140592997, 6442252, 9243, 161, 106, 34, false, true
141606861, 6499204, 9243, 160, 105, 34, false, true
141740005, 6506806, 9244, 160, 105, 33, false, true
141946168, 6518529, 9244, 158, 104, 33, false, true
142470017, 6547068, 9245, 159, 105, 32, false, true
142817222, 6566274, 9252, 166, 106, 31, false, true
143372360, 6596646, 9253, 167, 107, 29, false, true
145303269, 6705647, 9253, 165, 105, 29, false, true
145389200, 6710326, 9253, 164, 104, 29, false, true
145865886, 6736837, 9253, 163, 103, 29, false, true
146378411, 6765550, 9254, 164, 104, 28, false, true
146557534, 6775772, 9255, 165, 105, 27, false, true
147807953, 6846033, 9255, 164, 104, 27, false, true
147825484, 6847159, 9255, 162, 103, 27, false, true
147929404, 6853048, 9256, 163, 104, 26, false, true
148437259, 6881608, 9256, 162, 103, 26, false, true
149141773, 6921134, 9257, 163, 104, 25, false, true
149274453, 6928870, 9257, 162, 103, 25, false, true
150428690, 6994626, 9257, 161, 102, 25, false, true
151704893, 7067692, 9257, 160, 101, 25, false, true
152124407, 7091812, 9259, 162, 102, 24, false, true
152452127, 7110197, 9259, 161, 101, 24, false, true
152910812, 7136442, 9259, 159, 101, 24, false, true
153164684, 7151055, 9264, 164, 102, 23, false, true
153218758, 7154260, 9265, 165, 103, 22, false, true
156064708, 7317882, 9266, 166, 104, 20, false, true
157741018, 7417110, 9268, 168, 105, 19, false, true
157861502, 7424301, 9269, 169, 106, 18, false, true
158477090, 7461881, 9269, 168, 105, 18, false, true
159129125, 7500316, 9269, 166, 104, 18, false, true
159534342, 7524751, 9270, 167, 105, 17, false, true
160444831, 7579074, 9271, 168, 106, 16, false, true
160854731, 7603612, 9271, 167, 105, 16, false, true
161314460, 7631461, 9272, 168, 106, 15, false, true
162934353, 7730824, 9273, 169, 107, 14, false, true
163133853, 7743285, 9273, 168, 106, 14, false, true
163671028, 7776811, 9273, 167, 105, 14, false, true
164001606, 7797699, 9274, 167, 105, 13, false, true
164017420, 7798708, 9277, 170, 106, 12, false, true
164470928, 7826268, 9277, 169, 105, 12, false, true
164552373, 7831138, 9278, 168, 105, 11, false, true
164680172, 7838794, 9279, 169, 106, 10, false, true
165374667, 7881093, 9280, 170, 107, 9, false, true
166095042, 7925522, 9281, 171, 108, 8, false, true
166238006, 7934377, 9282, 172, 109, 7, false, true
166425025, 7945530, 9283, 173, 110, 6, false, true
166718989, 7963191, 9284, 174, 111, 5, false, true
166799495, 7968113, 9285, 174, 111, 4, false, true
168169742, 8051375, 9286, 175, 112, 3, false, true
168863448, 8093169, 9286, 174, 111, 3, false, true
169220621, 8114869, 9287, 175, 112, 2, false, true
170049746, 8165302, 9287, 174, 111, 2, false, true
170572568, 8197120, 9287, 173, 110, 2, false, true
170898070, 8217033, 9288, 174, 111, 1, false, true
170948456, 8220094, 9289, 175, 112, 0, false, true
171518564, 8253768, 9289, 174, 111, 0, false, true
171604813, 8258907, 9289, 173, 110, 0, false, true
