time, #execs, #covered, #singletons, #sglt_clusts, #foundnew, done, update?
41, 1, 689, 689, 1, 1, true, true
42, 2, 985, 425, 2, 2, true, true
43, 3, 1153, 461, 3, 3, true, true
43, 4, 1179, 429, 4, 4, true, true
44, 5, 1184, 434, 5, 4, true, true
45, 6, 1387, 551, 6, 4, true, true
46, 7, 1417, 555, 7, 5, true, true
46, 8, 1418, 552, 7, 6, true, true
48, 10, 2336, 1210, 8, 9, true, true
49, 11, 2360, 1199, 9, 10, true, true
51, 13, 2362, 1181, 10, 12, true, true
52, 14, 2367, 1185, 11, 13, true, true
53, 15, 2428, 1047, 12, 14, true, true
55, 16, 2447, 970, 13, 15, true, true
56, 17, 2448, 958, 14, 16, true, true
57, 18, 2457, 962, 15, 14, true, true
58, 19, 2459, 964, 16, 15, true, true
59, 20, 2459, 963, 16, 17, true, true
61, 21, 2460, 961, 17, 18, true, true
63, 22, 2467, 966, 17, 18, true, true
64, 23, 2467, 958, 17, 19, true, true
65, 24, 2472, 956, 18, 20, true, true
66, 25, 2473, 953, 19, 21, true, true
68, 26, 2704, 946, 20, 22, true, true
69, 27, 2734, 957, 21, 23, true, true
71, 28, 2747, 880, 22, 23, true, true
72, 29, 2754, 820, 22, 23, true, true
74, 30, 2841, 855, 23, 20, true, true
75, 31, 2868, 833, 24, 20, true, true
77, 32, 2871, 834, 25, 21, true, true
79, 34, 2921, 872, 26, 23, true, true
81, 36, 2971, 912, 27, 25, true, true
83, 37, 2971, 885, 26, 27, true, true
85, 38, 2976, 884, 27, 27, true, true
87, 39, 2988, 891, 28, 28, true, true
88, 40, 2989, 892, 29, 29, true, true
90, 41, 2994, 882, 29, 30, true, true
92, 42, 2996, 884, 30, 31, true, true
94, 44, 3006, 874, 31, 33, true, true
96, 45, 3007, 839, 32, 33, true, true
99, 47, 3007, 838, 32, 36, true, true
100, 48, 3009, 837, 33, 37, true, true
101, 49, 3090, 913, 33, 38, true, true
103, 50, 3100, 901, 34, 38, true, true
104, 51, 3101, 898, 35, 39, true, true
110, 52, 3133, 891, 36, 38, true, true
112, 53, 3246, 858, 37, 39, true, true
114, 54, 3247, 859, 38, 39, true, true
742, 55, 3331, 844, 39, 39, true, true
1556, 57, 3331, 837, 38, 42, true, true
1560, 59, 3331, 836, 38, 46, true, true
1562, 60, 3333, 834, 39, 47, true, true
1564, 61, 3336, 837, 40, 48, true, true
1566, 63, 3343, 843, 41, 49, true, true
1568, 64, 3365, 850, 42, 49, true, true
1572, 66, 3366, 850, 43, 52, true, true
1574, 67, 3408, 866, 44, 53, true, true
1575, 68, 3434, 863, 45, 53, true, true
1577, 69, 3438, 861, 45, 53, true, true
1581, 71, 3439, 856, 46, 56, true, true
1584, 72, 3485, 799, 47, 57, true, true
1587, 73, 3486, 776, 48, 57, true, true
1590, 74, 3727, 867, 49, 57, true, true
1592, 76, 3743, 857, 49, 57, true, true
1595, 77, 3839, 907, 50, 58, true, true
1598, 78, 3850, 916, 50, 59, true, true
1600, 79, 3895, 958, 51, 60, true, true
1603, 80, 3896, 958, 51, 60, true, true
1606, 81, 3909, 953, 52, 61, true, true
1610, 82, 3934, 960, 53, 61, true, true
1612, 83, 3935, 961, 54, 61, true, true
1615, 84, 3936, 961, 54, 61, true, true
1617, 86, 3965, 964, 55, 64, true, true
1620, 87, 3995, 966, 55, 64, true, true
1621, 88, 4021, 985, 56, 63, true, true
1624, 90, 4097, 986, 56, 64, true, true
1626, 91, 4109, 947, 57, 65, true, true
1644, 93, 4124, 915, 58, 65, true, true
1648, 94, 4125, 915, 59, 65, true, true
1650, 95, 4128, 917, 60, 66, true, true
1654, 96, 4129, 915, 60, 66, true, true
1657, 97, 4135, 907, 59, 66, true, true
1663, 98, 4137, 906, 59, 66, true, true
1672, 100, 4143, 906, 60, 65, true, true
1675, 101, 4171, 891, 61, 65, true, true
1681, 102, 4173, 879, 61, 65, true, true
1690, 105, 4175, 876, 62, 68, true, true
1696, 106, 4292, 862, 61, 66, true, true
1701, 107, 4296, 859, 62, 67, true, true
1711, 109, 4332, 823, 63, 67, true, true
1719, 112, 4343, 744, 64, 71, true, true
1723, 113, 4409, 791, 65, 71, true, true
1727, 114, 4414, 792, 66, 68, true, true
1730, 115, 4415, 790, 67, 68, true, true
1734, 116, 4421, 796, 68, 67, true, true
1736, 117, 4427, 800, 69, 65, true, true
1740, 118, 4465, 828, 70, 66, true, true
1744, 119, 4474, 830, 71, 65, true, true
1748, 120, 4474, 828, 70, 67, true, true
1752, 121, 4476, 825, 70, 67, true, true
1761, 122, 4476, 822, 69, 69, true, true
1766, 124, 4479, 823, 70, 71, true, true
1771, 126, 4487, 828, 71, 71, true, true
1782, 128, 4514, 849, 71, 72, true, true
1786, 129, 4517, 850, 72, 71, true, true
1791, 130, 4524, 827, 73, 71, true, true
1795, 131, 4535, 835, 74, 71, true, true
1798, 132, 4535, 833, 74, 72, true, true
1809, 134, 4547, 832, 75, 74, true, true
1819, 135, 4547, 831, 75, 75, true, true
1825, 136, 4555, 839, 76, 74, true, true
1829, 137, 4565, 843, 77, 74, true, true
1833, 139, 4580, 855, 78, 77, true, true
1838, 140, 4585, 859, 78, 77, true, true
1848, 142, 4615, 880, 79, 77, true, true
1852, 143, 4616, 875, 80, 77, true, true
1866, 144, 4617, 876, 81, 77, true, true
1936, 148, 4617, 871, 81, 81, true, true
1949, 149, 4617, 870, 80, 83, true, true
1963, 151, 4617, 869, 79, 86, true, true
1971, 152, 4618, 869, 80, 87, true, true
1977, 153, 4627, 877, 81, 88, true, true
1982, 154, 4629, 876, 82, 88, true, true
1986, 155, 4631, 878, 83, 89, true, true
1991, 156, 4632, 879, 84, 90, true, true
2003, 158, 4633, 879, 85, 91, true, true
2007, 159, 4643, 886, 86, 89, true, true
2012, 160, 4648, 879, 87, 88, true, true
2017, 161, 4657, 880, 87, 86, true, true
2021, 162, 4672, 885, 88, 85, true, true
2025, 163, 4705, 915, 89, 84, true, true
2044, 165, 4705, 913, 88, 86, true, true
2062, 166, 4706, 912, 89, 85, true, true
2086, 169, 4713, 883, 90, 86, true, true
2093, 170, 4715, 879, 89, 82, true, true
2097, 171, 4729, 892, 90, 81, true, true
2102, 172, 4745, 895, 90, 81, true, true
2104, 174, 4746, 896, 91, 80, true, true
2124, 178, 4747, 896, 92, 81, true, true
2132, 181, 4749, 898, 93, 82, true, true
2138, 182, 4749, 895, 93, 82, true, true
2143, 183, 4752, 894, 94, 82, true, true
2146, 184, 4770, 897, 95, 83, true, true
2196, 187, 4770, 889, 95, 86, true, true
2199, 188, 4811, 906, 96, 86, true, true
2205, 189, 4812, 905, 97, 87, true, true
2258, 190, 4824, 899, 98, 86, true, true
2271, 191, 4824, 897, 97, 88, true, true
2297, 193, 4824, 895, 96, 91, true, true
2307, 195, 4837, 875, 97, 92, true, true
2321, 199, 4837, 874, 97, 98, true, true
2326, 200, 4847, 883, 98, 99, true, true
2336, 202, 4854, 889, 99, 97, true, true
2343, 203, 4854, 882, 98, 98, true, true
2348, 204, 4857, 876, 98, 98, true, true
2352, 205, 4859, 877, 99, 97, true, true
2424, 206, 4861, 877, 99, 96, true, true
2441, 208, 4863, 879, 100, 96, true, true
2448, 209, 4874, 888, 101, 96, true, true
2453, 210, 4878, 888, 101, 97, true, true
2457, 212, 4885, 893, 102, 96, true, true
2469, 213, 4885, 890, 101, 96, true, true
2480, 214, 4916, 861, 99, 94, true, true
2495, 215, 4917, 862, 100, 94, true, true
2516, 219, 4920, 856, 101, 96, true, true
2525, 220, 4929, 857, 102, 95, true, true
2543, 221, 4929, 856, 102, 95, true, true
2558, 222, 4929, 854, 102, 95, true, true
2578, 224, 4930, 852, 103, 96, true, true
2584, 226, 4931, 853, 104, 97, true, true
2593, 228, 4932, 851, 105, 98, true, true
2599, 229, 4933, 852, 106, 96, true, true
2605, 232, 4935, 850, 107, 97, true, true
2624, 235, 4940, 842, 106, 99, true, true
2634, 236, 4950, 843, 107, 99, true, true
2647, 237, 4950, 840, 107, 101, true, true
2652, 239, 4952, 837, 108, 102, true, true
2658, 240, 4954, 839, 109, 101, true, true
2664, 241, 4958, 839, 110, 101, true, true
2676, 243, 4962, 843, 111, 102, true, true
2715, 245, 4962, 829, 111, 105, true, true
2724, 246, 4967, 808, 112, 105, true, true
2732, 248, 4968, 809, 113, 105, true, true
2760, 251, 4968, 807, 113, 107, true, true
2774, 253, 4970, 800, 114, 106, true, true
2784, 254, 4973, 796, 115, 105, true, true
2830, 257, 4976, 795, 116, 106, true, true
2874, 258, 4976, 794, 116, 108, true, true
2893, 260, 4977, 795, 117, 110, true, true
2902, 261, 4978, 787, 118, 109, true, true
2912, 262, 4988, 789, 119, 108, true, true
2915, 263, 4989, 790, 120, 106, true, true
2921, 265, 5011, 794, 121, 105, true, true
2930, 266, 5013, 796, 122, 103, true, true
2939, 267, 5014, 796, 122, 104, true, true
2957, 269, 5017, 798, 123, 105, true, true
2981, 273, 5019, 800, 124, 107, true, true
2990, 275, 5039, 802, 125, 107, true, true
2998, 276, 5046, 799, 126, 106, true, true
3004, 277, 5050, 801, 127, 106, true, true
3019, 278, 5051, 802, 128, 106, true, true
3026, 280, 5052, 803, 129, 106, true, true
3054, 281, 5052, 801, 128, 108, true, true
3106, 285, 5064, 792, 126, 111, true, true
3114, 287, 5065, 785, 127, 112, true, true
3169, 290, 5068, 788, 128, 112, true, true
3195, 291, 5078, 793, 128, 113, true, true
3222, 293, 5079, 794, 129, 112, true, true
3243, 295, 5079, 792, 128, 114, true, true
3259, 296, 5079, 790, 128, 115, true, true
3268, 297, 5084, 795, 129, 114, true, true
3278, 298, 5085, 794, 129, 113, true, true
3288, 299, 5086, 785, 130, 112, true, true
3298, 300, 5088, 781, 131, 112, true, true
3306, 301, 5091, 780, 132, 113, true, true
3310, 303, 5091, 779, 131, 114, true, true
3328, 304, 5091, 778, 131, 114, true, true
3338, 305, 5092, 777, 131, 113, true, true
3353, 306, 5092, 770, 130, 114, true, true
3378, 308, 5092, 768, 130, 116, true, true
3401, 310, 5094, 770, 131, 115, true, true
3421, 311, 5096, 771, 132, 115, true, true
3433, 312, 5100, 772, 133, 115, true, true
3498, 316, 5103, 774, 134, 118, true, true
3603, 324, 5104, 775, 135, 118, true, true
3617, 325, 5104, 774, 135, 119, true, true
3699, 333, 5107, 776, 136, 124, true, true
3721, 336, 5108, 777, 137, 125, true, true
3747, 339, 5112, 779, 138, 129, true, true
3774, 343, 5112, 778, 137, 129, true, true
3781, 344, 5113, 778, 138, 128, true, true
3867, 351, 5121, 786, 139, 133, true, true
3880, 354, 5128, 777, 140, 135, true, true
3907, 358, 5149, 778, 138, 136, true, true
3926, 359, 5149, 776, 137, 136, true, true
3936, 360, 5150, 766, 138, 136, true, true
3977, 365, 5152, 767, 139, 138, true, true
4002, 367, 5153, 768, 140, 139, true, true
4020, 368, 5153, 766, 140, 140, true, true
4028, 369, 5154, 767, 141, 140, true, true
4034, 371, 5155, 768, 142, 139, true, true
4040, 372, 5160, 772, 143, 138, true, true
4074, 375, 5163, 773, 143, 140, true, true
4097, 377, 5167, 770, 144, 140, true, true
4112, 378, 5167, 769, 144, 141, true, true
4140, 380, 5167, 768, 143, 141, true, true
4156, 381, 5169, 768, 143, 140, true, true
4175, 382, 5169, 763, 142, 141, true, true
4194, 383, 5169, 762, 141, 142, true, true
4205, 384, 5175, 753, 142, 142, true, true
4216, 385, 5175, 752, 141, 142, true, true
4226, 386, 5177, 751, 141, 140, true, true
4278, 389, 5178, 750, 141, 139, true, true
4288, 390, 5179, 751, 142, 140, true, true
4311, 392, 5179, 747, 142, 142, true, true
4318, 393, 5180, 747, 142, 140, true, true
4329, 394, 5181, 748, 143, 139, true, true
4343, 395, 5184, 749, 144, 139, true, true
4354, 396, 5184, 748, 143, 139, true, true
4363, 397, 5185, 747, 144, 139, true, true
4600, 398, 5186, 744, 143, 138, true, true
4631, 399, 5187, 741, 144, 137, true, true
4648, 400, 5187, 739, 144, 138, true, true
4713, 406, 5191, 732, 144, 140, true, true
4739, 407, 5192, 731, 145, 139, true, true
4747, 408, 5193, 732, 146, 139, true, true
4767, 411, 5258, 724, 145, 140, true, true
4819, 414, 5259, 725, 146, 138, true, true
4828, 415, 5260, 726, 147, 135, true, true
4858, 416, 5260, 724, 147, 135, true, true
4875, 417, 5261, 719, 147, 133, true, true
4890, 418, 5261, 718, 147, 134, true, true
4902, 419, 5261, 717, 146, 134, true, true
4909, 420, 5263, 709, 147, 133, true, true
4976, 423, 5266, 707, 148, 133, true, true
4987, 424, 5269, 710, 149, 132, true, true
5047, 428, 5269, 709, 148, 133, true, true
5061, 430, 5269, 708, 147, 136, true, true
5104, 434, 5272, 711, 148, 139, true, true
5116, 435, 5274, 712, 149, 139, true, true
5131, 436, 5274, 711, 148, 139, true, true
5149, 437, 5274, 709, 147, 141, true, true
5197, 440, 5274, 708, 147, 143, true, true
5229, 445, 5275, 697, 148, 146, true, true
5236, 446, 5277, 699, 149, 145, true, true
5266, 449, 5286, 708, 150, 142, true, true
5309, 451, 5292, 714, 151, 141, true, true
5375, 454, 5293, 714, 152, 143, true, true
5398, 456, 5295, 715, 153, 143, true, true
5446, 459, 5296, 714, 154, 143, true, true
5454, 461, 5297, 715, 155, 144, true, true
5507, 465, 5315, 728, 156, 143, true, true
5534, 466, 5315, 726, 155, 145, true, true
5576, 469, 5316, 727, 156, 143, true, true
5598, 472, 5317, 726, 155, 142, true, true
5604, 473, 5333, 735, 156, 141, true, true
5612, 474, 5345, 747, 157, 140, true, true
5656, 476, 5347, 748, 157, 141, true, true
5687, 477, 5347, 747, 156, 141, true, true
5741, 479, 5347, 746, 156, 142, true, true
5754, 480, 5348, 742, 156, 140, true, true
5784, 481, 5348, 741, 155, 140, true, true
5796, 482, 5349, 741, 156, 139, true, true
5858, 484, 5352, 743, 156, 139, true, true
5874, 485, 5352, 741, 154, 140, true, true
5883, 486, 5355, 744, 155, 139, true, true
5954, 488, 5356, 744, 155, 140, true, true
5964, 490, 5356, 742, 153, 142, true, true
5972, 491, 5357, 742, 153, 143, true, true
6618, 495, 5359, 744, 154, 143, true, true
6653, 496, 5359, 717, 153, 144, true, true
6716, 498, 5359, 716, 153, 145, true, true
6763, 500, 5359, 705, 153, 147, true, true
6771, 501, 5361, 701, 154, 146, true, true
6858, 506, 5361, 700, 153, 151, true, true
6868, 507, 5361, 699, 153, 151, true, true
6917, 509, 5363, 689, 154, 149, true, true
7060, 511, 5374, 652, 154, 148, true, true
7107, 515, 5375, 650, 155, 149, true, true
7119, 516, 5377, 652, 156, 148, true, true
7157, 517, 5377, 649, 155, 148, true, true
7203, 519, 5379, 648, 155, 145, true, true
7258, 521, 5379, 628, 154, 146, true, true
7290, 524, 5381, 629, 155, 146, true, true
7304, 525, 5381, 627, 154, 146, true, true
7383, 529, 5381, 626, 153, 147, true, true
7410, 530, 5381, 625, 152, 147, true, true
7482, 533, 5381, 619, 150, 148, true, true
7498, 534, 5381, 617, 148, 149, true, true
7507, 535, 5387, 622, 148, 149, true, true
7525, 537, 5387, 619, 148, 150, true, true
7554, 539, 5387, 617, 147, 151, true, true
7563, 540, 5389, 618, 147, 150, true, true
7595, 542, 5389, 616, 146, 152, true, true
7649, 544, 5390, 617, 147, 152, true, true
7683, 545, 5390, 616, 146, 152, true, true
7725, 547, 5390, 615, 145, 154, true, true
7782, 550, 5391, 616, 146, 154, true, true
7854, 553, 5391, 615, 146, 155, true, true
7947, 558, 5392, 616, 147, 157, true, true
7987, 559, 5392, 615, 147, 157, true, true
8003, 561, 5404, 621, 148, 156, true, true
8017, 562, 5411, 623, 147, 155, true, true
8064, 564, 5411, 622, 146, 155, true, true
8077, 567, 5412, 623, 147, 156, true, true
8088, 568, 5413, 624, 148, 155, true, true
8147, 570, 5414, 624, 149, 156, true, true
8155, 571, 5415, 625, 150, 154, true, true
8166, 572, 5417, 627, 151, 151, true, true
8245, 576, 5418, 628, 152, 154, true, true
8293, 579, 5418, 626, 151, 154, true, true
8304, 580, 5419, 626, 152, 154, true, true
8330, 581, 5445, 578, 149, 153, true, true
8374, 582, 5451, 578, 150, 152, true, true
8420, 583, 5451, 576, 149, 153, true, true
8490, 589, 5451, 574, 149, 154, true, true
8509, 590, 5452, 574, 149, 153, true, true
8545, 592, 5452, 572, 148, 154, true, true
8594, 593, 5452, 571, 147, 155, true, true
8729, 598, 5455, 568, 147, 157, true, true
8780, 600, 5455, 567, 146, 160, true, true
8791, 601, 5456, 566, 146, 159, true, true
8800, 602, 5457, 567, 147, 156, true, true
8839, 605, 5459, 569, 148, 156, true, true
8865, 606, 5459, 567, 147, 156, true, true
8931, 611, 5460, 565, 148, 157, true, true
8972, 613, 5461, 566, 149, 156, true, true
8991, 614, 5466, 567, 150, 156, true, true
9066, 617, 5467, 564, 150, 156, true, true
9097, 620, 5467, 563, 150, 157, true, true
9114, 622, 5468, 564, 151, 155, true, true
9138, 623, 5474, 570, 152, 154, true, true
9151, 625, 5475, 571, 153, 155, true, true
9176, 626, 5475, 570, 152, 155, true, true
9188, 627, 5481, 575, 153, 153, true, true
9211, 628, 5481, 573, 153, 153, true, true
9225, 630, 5484, 576, 154, 153, true, true
9449, 641, 5484, 575, 153, 159, true, true
9539, 646, 5485, 576, 154, 162, true, true
9645, 650, 5485, 574, 152, 167, true, true
9691, 652, 5485, 573, 151, 168, true, true
9778, 656, 5486, 563, 152, 169, true, true
9797, 657, 5487, 564, 153, 167, true, true
9807, 659, 5488, 565, 154, 168, true, true
9817, 660, 5489, 566, 155, 166, true, true
9886, 662, 5501, 574, 156, 166, true, true
9926, 663, 5501, 573, 155, 166, true, true
9949, 664, 5502, 574, 156, 165, true, true
10633, 665, 5502, 565, 156, 165, true, true
10713, 670, 5503, 560, 157, 166, true, true
10723, 671, 5519, 575, 158, 165, true, true
10758, 673, 5519, 574, 157, 165, true, true
10772, 674, 5519, 573, 156, 165, true, true
10814, 676, 5520, 573, 156, 165, true, true
10844, 677, 5520, 569, 155, 165, true, true
10861, 678, 5521, 570, 156, 163, true, true
11070, 690, 5522, 571, 157, 166, true, true
11138, 693, 5522, 570, 156, 170, true, true
11149, 694, 5524, 571, 157, 169, true, true
11167, 695, 5529, 575, 158, 168, true, true
11246, 698, 5530, 570, 158, 166, true, true
11307, 701, 5532, 572, 159, 163, true, true
11486, 703, 5532, 571, 158, 165, true, true
11590, 708, 5532, 570, 157, 169, true, true
11659, 711, 5533, 571, 158, 168, true, true
11847, 716, 5533, 560, 157, 170, true, true
11922, 720, 5534, 561, 158, 174, true, true
12149, 723, 5534, 551, 158, 174, true, true
12236, 728, 5534, 548, 157, 177, true, true
12279, 730, 5536, 546, 156, 177, true, true
12292, 731, 5537, 547, 157, 175, true, true
12329, 734, 5538, 548, 158, 177, true, true
12340, 736, 5551, 553, 159, 177, true, true
12351, 737, 5554, 556, 160, 177, true, true
12511, 742, 5554, 548, 160, 178, true, true
12524, 744, 5555, 548, 161, 173, true, true
12535, 745, 5556, 548, 161, 172, true, true
12567, 746, 5556, 545, 160, 172, true, true
12712, 750, 5559, 545, 161, 174, true, true
12732, 751, 5560, 546, 162, 173, true, true
12853, 755, 5560, 544, 161, 176, true, true
13060, 763, 5561, 545, 162, 179, true, true
13115, 765, 5561, 544, 162, 179, true, true
13176, 768, 5561, 543, 161, 180, true, true
13302, 773, 5578, 557, 162, 179, true, true
13335, 775, 5579, 557, 163, 177, true, true
13454, 779, 5579, 544, 161, 178, true, true
13465, 780, 5580, 541, 162, 176, true, true
13514, 782, 5589, 548, 163, 176, true, true
13525, 783, 5590, 549, 164, 174, true, true
13678, 789, 5592, 549, 165, 176, true, true
13767, 793, 5593, 548, 164, 177, true, true
13818, 795, 5593, 547, 163, 178, true, true
13821, 796, 5594, 548, 164, 179, true, true
13859, 798, 5595, 549, 165, 172, true, true
13875, 799, 5602, 546, 166, 170, true, true
14004, 805, 5603, 547, 167, 173, true, true
14033, 806, 5603, 546, 167, 173, true, true
14106, 811, 5603, 545, 166, 173, true, true
14147, 813, 5605, 547, 167, 173, true, true
14200, 815, 5605, 546, 167, 173, true, true
14330, 820, 5606, 541, 168, 175, true, true
14347, 821, 5606, 540, 167, 175, true, true
14648, 835, 5607, 541, 168, 179, true, true
14731, 839, 5608, 542, 169, 180, true, true
14810, 842, 5608, 541, 168, 181, true, true
14853, 844, 5610, 542, 169, 181, true, true
14869, 845, 5615, 542, 168, 177, true, true
15015, 851, 5615, 541, 167, 178, true, true
15050, 854, 5615, 540, 166, 178, true, true
15121, 857, 5616, 540, 166, 177, true, true
15134, 858, 5617, 539, 165, 176, true, true
15145, 859, 5620, 536, 166, 174, true, true
15159, 861, 5621, 537, 167, 173, true, true
15189, 863, 5624, 538, 167, 168, true, true
15340, 867, 5626, 540, 168, 168, true, true
15530, 873, 5627, 541, 169, 170, true, true
15570, 875, 5627, 540, 168, 171, true, true
15662, 878, 5628, 541, 169, 170, true, true
15701, 881, 5630, 543, 170, 173, true, true
15714, 883, 5630, 542, 169, 173, true, true
15831, 886, 5632, 519, 169, 172, true, true
15947, 889, 5725, 584, 169, 172, true, true
15987, 891, 5727, 585, 170, 172, true, true
16076, 895, 5727, 584, 169, 173, true, true
16247, 901, 5732, 587, 168, 176, true, true
16281, 903, 5733, 588, 169, 175, true, true
16392, 906, 5733, 585, 168, 176, true, true
16406, 908, 5734, 586, 169, 176, true, true
16418, 909, 5735, 587, 170, 173, true, true
16453, 910, 5735, 586, 170, 174, true, true
16601, 916, 5737, 588, 171, 173, true, true
16692, 920, 5737, 587, 170, 175, true, true
16827, 925, 5737, 586, 170, 175, true, true
16871, 927, 5741, 577, 171, 174, true, true
16898, 928, 5741, 576, 170, 176, true, true
16992, 932, 5743, 577, 171, 176, true, true
17002, 933, 5745, 579, 172, 176, true, true
17032, 934, 5745, 578, 171, 177, true, true
17107, 936, 5745, 577, 171, 178, true, true
17139, 937, 5745, 575, 170, 179, true, true
17176, 938, 5745, 574, 169, 180, true, true
17429, 946, 5746, 575, 170, 185, true, true
17557, 951, 5746, 571, 170, 187, true, true
17738, 956, 5747, 570, 170, 187, true, true
17841, 961, 5747, 569, 169, 187, true, true
17912, 963, 5747, 568, 168, 187, true, true
18003, 966, 5753, 574, 169, 188, true, true
18094, 968, 5756, 573, 168, 187, true, true
18176, 970, 5756, 572, 167, 187, true, true
18378, 976, 5758, 569, 167, 188, true, true
18399, 977, 5759, 569, 167, 187, true, true
18431, 978, 5762, 572, 168, 184, true, true
18739, 985, 5762, 571, 168, 188, true, true
18880, 991, 5763, 572, 169, 187, true, true
18975, 994, 5764, 571, 170, 182, true, true
19127, 998, 5764, 569, 170, 185, true, true
19278, 1004, 5800, 602, 171, 186, true, true
19324, 1005, 5800, 599, 170, 186, true, true
19348, 1007, 5800, 598, 170, 186, true, true
19528, 1009, 5801, 599, 171, 185, true, true
19541, 1010, 5803, 600, 171, 184, true, true
19555, 1011, 5809, 604, 172, 181, true, true
19735, 1016, 5809, 602, 171, 182, true, true
20152, 1026, 5823, 609, 171, 184, true, true
20197, 1027, 5834, 618, 171, 182, true, true
20326, 1031, 5834, 616, 169, 184, true, true
20457, 1038, 5834, 615, 169, 186, true, true
20533, 1042, 5843, 610, 169, 187, true, true
20547, 1043, 5844, 611, 170, 184, true, true
20561, 1044, 5852, 619, 171, 182, true, true
20828, 1055, 5853, 620, 172, 182, true, true
21091, 1065, 5854, 621, 173, 184, true, true
21133, 1067, 5854, 620, 173, 184, true, true
21163, 1068, 5854, 615, 172, 184, true, true
21183, 1069, 5854, 614, 171, 186, true, true
21332, 1076, 5855, 615, 172, 186, true, true
21515, 1084, 5856, 614, 173, 187, true, true
21594, 1087, 5856, 613, 173, 187, true, true
21716, 1092, 5859, 616, 174, 188, true, true
21951, 1100, 5861, 618, 175, 187, true, true
22033, 1106, 5863, 620, 176, 189, true, true
22089, 1108, 5863, 614, 176, 192, true, true
22127, 1109, 5863, 613, 175, 192, true, true
22143, 1110, 5865, 615, 176, 191, true, true
22176, 1111, 5865, 613, 174, 191, true, true
22195, 1113, 5865, 597, 174, 192, true, true
22392, 1121, 5867, 597, 174, 197, true, true
22428, 1123, 5867, 595, 173, 197, true, true
22528, 1125, 5867, 594, 172, 197, true, true
22635, 1128, 5867, 593, 171, 197, true, true
22663, 1129, 5870, 596, 172, 194, true, true
22810, 1137, 5870, 595, 171, 195, true, true
22901, 1140, 5871, 596, 172, 195, true, true
22966, 1143, 5872, 596, 173, 196, true, true
22994, 1144, 5872, 595, 172, 197, true, true
23009, 1145, 5873, 592, 172, 195, true, true
23083, 1147, 5873, 591, 171, 196, true, true
23095, 1148, 5905, 584, 172, 196, true, true
23158, 1150, 5905, 583, 172, 196, true, true
23178, 1151, 5905, 582, 171, 196, true, true
23189, 1152, 5906, 583, 172, 195, true, true
23292, 1155, 5906, 581, 171, 196, true, true
23378, 1159, 5907, 572, 171, 197, true, true
23644, 1168, 5907, 570, 171, 200, true, true
23709, 1170, 5908, 571, 172, 199, true, true
23912, 1174, 5908, 570, 171, 200, true, true
24083, 1181, 5909, 571, 172, 200, true, true
24159, 1186, 5910, 572, 173, 201, true, true
24252, 1190, 5910, 570, 172, 201, true, true
24271, 1191, 5911, 571, 173, 200, true, true
24432, 1194, 5913, 570, 172, 197, true, true
24501, 1197, 5914, 570, 173, 195, true, true
24517, 1198, 5915, 569, 174, 194, true, true
24529, 1199, 5917, 571, 175, 193, true, true
24595, 1202, 5917, 570, 174, 193, true, true
24714, 1209, 5918, 571, 175, 193, true, true
24730, 1210, 5919, 568, 176, 192, true, true
24851, 1214, 5921, 570, 177, 192, true, true
24984, 1221, 5921, 569, 176, 194, true, true
25031, 1222, 5921, 558, 176, 194, true, true
25269, 1228, 5921, 554, 174, 195, true, true
25362, 1230, 5928, 546, 175, 195, true, true
25521, 1235, 5929, 547, 176, 195, true, true
25651, 1242, 5971, 577, 176, 197, true, true
25669, 1243, 5972, 577, 176, 196, true, true
25837, 1248, 5973, 578, 177, 196, true, true
25875, 1249, 5973, 577, 176, 196, true, true
25901, 1250, 5973, 576, 175, 196, true, true
25969, 1253, 5973, 572, 175, 198, true, true
26167, 1259, 5973, 571, 174, 199, true, true
26349, 1267, 5976, 574, 175, 200, true, true
26394, 1269, 5979, 567, 175, 199, true, true
26427, 1270, 5979, 566, 174, 199, true, true
26459, 1271, 5979, 560, 173, 200, true, true
26775, 1280, 5982, 562, 173, 203, true, true
26798, 1281, 5984, 555, 173, 201, true, true
26820, 1282, 5985, 556, 174, 197, true, true
26862, 1283, 5985, 555, 174, 197, true, true
26956, 1287, 5985, 554, 173, 199, true, true
27022, 1289, 5987, 556, 174, 198, true, true
27130, 1292, 5987, 555, 173, 199, true, true
27146, 1293, 5988, 555, 174, 198, true, true
27262, 1294, 5988, 534, 173, 198, true, true
27281, 1295, 5989, 535, 174, 194, true, true
27446, 1299, 5991, 537, 175, 195, true, true
27489, 1300, 5992, 534, 175, 195, true, true
27621, 1303, 5992, 525, 175, 195, true, true
27765, 1307, 5992, 524, 175, 197, true, true
27786, 1308, 5997, 529, 176, 195, true, true
28044, 1313, 5998, 530, 177, 194, true, true
28124, 1315, 5998, 529, 177, 195, true, true
28149, 1316, 5999, 530, 178, 194, true, true
28249, 1321, 6002, 533, 179, 193, true, true
28620, 1331, 6003, 534, 180, 197, true, true
28760, 1335, 6004, 535, 181, 198, true, true
29043, 1347, 6004, 534, 180, 200, true, true
29092, 1350, 6004, 533, 179, 201, true, true
29151, 1352, 6004, 532, 178, 202, true, true
29235, 1355, 6004, 531, 177, 202, true, true
29340, 1360, 6005, 532, 178, 202, true, true
29362, 1361, 6006, 533, 179, 201, true, true
29732, 1368, 6006, 532, 178, 203, true, true
29987, 1376, 6006, 530, 177, 205, true, true
30214, 1380, 6006, 529, 176, 207, true, true
30258, 1381, 6008, 529, 177, 205, true, true
30317, 1384, 6008, 522, 177, 205, true, true
30363, 1386, 6009, 523, 178, 204, true, true
30494, 1392, 6021, 531, 178, 203, true, true
30569, 1397, 6021, 530, 177, 205, true, true
30607, 1399, 6023, 530, 178, 203, true, true
30783, 1403, 6025, 518, 179, 202, true, true
30863, 1406, 6026, 519, 180, 200, true, true
30932, 1410, 6027, 520, 181, 198, true, true
31170, 1415, 6028, 520, 182, 198, true, true
31183, 1416, 6029, 521, 183, 197, true, true
31337, 1421, 6030, 522, 184, 200, true, true
31397, 1425, 6031, 523, 185, 201, true, true
31577, 1430, 6031, 522, 184, 202, true, true
31593, 1431, 6032, 523, 185, 200, true, true
31695, 1434, 6032, 522, 185, 201, true, true
31713, 1436, 6036, 526, 186, 200, true, true
31762, 1438, 6036, 522, 186, 200, true, true
31822, 1439, 6037, 520, 185, 198, true, true
31835, 1440, 6039, 522, 186, 197, true, true
31875, 1441, 6039, 520, 186, 197, true, true
32180, 1449, 6040, 521, 187, 196, true, true
32210, 1450, 6041, 519, 187, 196, true, true
32265, 1452, 6042, 520, 188, 196, true, true
32391, 1457, 6043, 520, 189, 196, true, true
32549, 1461, 6043, 519, 189, 198, true, true
32609, 1464, 6044, 520, 190, 194, true, true
32669, 1466, 6046, 521, 191, 190, true, true
32840, 1469, 6046, 518, 190, 190, true, true
33102, 1474, 6049, 521, 191, 190, true, true
33172, 1475, 6049, 520, 191, 190, true, true
33687, 1490, 6050, 521, 192, 194, true, true
33971, 1496, 6057, 524, 193, 194, true, true
34137, 1500, 6058, 525, 194, 194, true, true
34201, 1505, 6059, 526, 195, 194, true, true
34231, 1506, 6061, 528, 196, 193, true, true
34355, 1509, 6062, 529, 197, 193, true, true
34437, 1513, 6067, 534, 198, 192, true, true
34554, 1516, 6067, 533, 198, 194, true, true
34655, 1518, 6067, 532, 197, 194, true, true
34749, 1520, 6141, 606, 198, 193, true, true
34881, 1524, 6141, 605, 197, 193, true, true
35243, 1536, 6147, 598, 198, 194, true, true
35535, 1548, 6147, 596, 197, 198, true, true
35895, 1558, 6148, 597, 198, 202, true, true
35910, 1561, 6149, 598, 199, 200, true, true
36018, 1564, 6151, 600, 200, 199, true, true
36244, 1571, 6152, 600, 200, 196, true, true
36273, 1572, 6152, 597, 199, 196, true, true
36317, 1575, 6153, 598, 200, 196, true, true
36400, 1578, 6154, 598, 201, 195, true, true
36442, 1579, 6154, 597, 201, 195, true, true
36614, 1583, 6158, 601, 202, 196, true, true
36700, 1585, 6158, 600, 201, 196, true, true
36776, 1590, 6160, 601, 202, 194, true, true
36826, 1592, 6163, 604, 203, 191, true, true
36999, 1597, 6166, 606, 204, 189, true, true
37142, 1603, 6167, 605, 204, 189, true, true
37376, 1609, 6167, 603, 204, 191, true, true
37405, 1610, 6167, 602, 203, 191, true, true
37618, 1614, 6167, 601, 202, 191, true, true
37733, 1617, 6167, 600, 201, 191, true, true
38083, 1626, 6168, 601, 202, 190, true, true
38436, 1636, 6169, 602, 203, 189, true, true
38537, 1638, 6170, 603, 204, 189, true, true
38563, 1639, 6170, 602, 203, 189, true, true
38676, 1644, 6177, 607, 204, 191, true, true
38768, 1646, 6177, 606, 203, 191, true, true
38882, 1655, 6179, 608, 204, 190, true, true
38967, 1660, 6198, 626, 205, 186, true, true
39134, 1665, 6201, 627, 205, 186, true, true
39586, 1676, 6202, 628, 206, 185, true, true
39613, 1678, 6203, 629, 207, 184, true, true
39801, 1684, 6204, 630, 208, 184, true, true
39848, 1686, 6205, 630, 209, 184, true, true
40692, 1702, 6205, 628, 208, 185, true, true
41544, 1726, 6205, 627, 208, 189, true, true
41607, 1730, 6208, 629, 209, 188, true, true
41763, 1734, 6211, 632, 210, 186, true, true
41815, 1736, 6249, 669, 210, 183, true, true
42301, 1743, 6249, 668, 210, 184, true, true
42369, 1745, 6250, 669, 211, 183, true, true
42405, 1746, 6251, 669, 211, 183, true, true
42893, 1757, 6258, 642, 211, 182, true, true
42912, 1758, 6260, 644, 212, 181, true, true
43050, 1760, 6261, 644, 213, 179, true, true
43169, 1762, 6261, 642, 212, 179, true, true
43722, 1778, 6262, 643, 213, 181, true, true
43737, 1780, 6263, 644, 214, 177, true, true
43882, 1784, 6264, 645, 215, 177, true, true
44086, 1791, 6266, 647, 216, 177, true, true
44309, 1798, 6266, 646, 215, 179, true, true
44323, 1799, 6267, 647, 216, 177, true, true
44478, 1801, 6269, 646, 216, 178, true, true
45154, 1816, 6270, 645, 217, 177, true, true
45218, 1818, 6283, 648, 217, 174, true, true
45249, 1819, 6283, 646, 216, 174, true, true
45384, 1823, 6284, 647, 217, 172, true, true
45664, 1829, 6285, 648, 218, 170, true, true
45857, 1833, 6285, 647, 217, 171, true, true
45919, 1836, 6295, 630, 217, 170, true, true
46069, 1840, 6295, 629, 216, 170, true, true
46473, 1855, 6295, 628, 215, 172, true, true
46726, 1864, 6296, 627, 215, 171, true, true
46742, 1865, 6299, 630, 216, 170, true, true
46836, 1869, 6300, 631, 217, 168, true, true
47013, 1874, 6300, 629, 216, 169, true, true
47253, 1879, 6301, 630, 217, 169, true, true
47284, 1880, 6307, 626, 218, 168, true, true
47416, 1883, 6309, 628, 219, 168, true, true
47442, 1884, 6309, 626, 218, 168, true, true
47594, 1887, 6309, 624, 217, 168, true, true
47801, 1891, 6309, 622, 216, 169, true, true
48126, 1897, 6309, 621, 215, 171, true, true
48507, 1907, 6309, 620, 214, 174, true, true
48542, 1908, 6310, 619, 214, 173, true, true
49297, 1925, 6310, 618, 213, 176, true, true
49311, 1928, 6311, 619, 214, 173, true, true
49355, 1931, 6312, 620, 215, 174, true, true
49582, 1936, 6312, 617, 213, 175, true, true
50067, 1945, 6312, 615, 212, 175, true, true
50210, 1951, 6313, 616, 213, 176, true, true
50351, 1957, 6314, 615, 214, 176, true, true
50391, 1958, 6314, 611, 213, 176, true, true
50454, 1960, 6328, 614, 214, 172, true, true
50705, 1965, 6328, 613, 213, 174, true, true
51535, 1989, 6329, 614, 214, 176, true, true
51627, 1991, 6330, 614, 215, 175, true, true
51653, 1994, 6331, 615, 216, 174, true, true
52114, 2007, 6331, 614, 215, 176, true, true
52745, 2025, 6332, 615, 216, 179, true, true
53504, 2044, 6332, 614, 215, 182, true, true
53654, 2049, 6334, 615, 215, 180, true, true
53697, 2050, 6334, 614, 215, 180, true, true
54009, 2059, 6334, 613, 214, 181, true, true
54022, 2060, 6337, 616, 215, 181, true, true
54092, 2062, 6346, 620, 216, 182, true, true
54229, 2067, 6346, 617, 215, 183, true, true
54696, 2076, 6346, 615, 213, 184, true, true
54709, 2077, 6346, 614, 212, 185, true, true
54729, 2079, 6355, 616, 212, 184, true, true
55111, 2089, 6355, 615, 211, 187, true, true
55486, 2101, 6356, 616, 212, 190, true, true
55671, 2105, 6356, 613, 212, 191, true, true
56099, 2111, 6357, 604, 212, 193, true, true
56382, 2119, 6358, 604, 212, 191, true, true
56628, 2126, 6358, 603, 212, 192, true, true
56694, 2127, 6359, 604, 213, 190, true, true
57127, 2137, 6360, 605, 214, 188, true, true
57152, 2138, 6361, 606, 215, 188, true, true
57348, 2142, 6361, 603, 214, 188, true, true
57548, 2149, 6362, 603, 215, 187, true, true
57996, 2158, 6363, 604, 216, 189, true, true
58164, 2163, 6363, 603, 215, 190, true, true
58505, 2175, 6368, 608, 216, 190, true, true
58550, 2177, 6369, 609, 217, 189, true, true
58704, 2181, 6369, 608, 217, 190, true, true
58786, 2184, 6370, 609, 218, 191, true, true
58861, 2187, 6371, 602, 218, 189, true, true
59123, 2193, 6371, 601, 217, 190, true, true
59939, 2211, 6371, 599, 216, 193, true, true
59969, 2212, 6372, 600, 217, 192, true, true
60000, 2213, 6375, 603, 218, 188, true, true
60084, 2214, 6375, 602, 217, 188, true, true
60154, 2216, 6375, 601, 216, 189, true, true
60466, 2223, 6376, 601, 217, 189, true, true
60889, 2229, 6377, 600, 216, 184, true, true
61006, 2231, 6377, 599, 216, 185, true, true
61123, 2233, 6377, 598, 215, 185, true, true
61236, 2236, 6377, 595, 214, 185, true, true
61443, 2240, 6377, 594, 213, 185, true, true
61497, 2241, 6378, 594, 214, 181, true, true
61856, 2249, 6378, 593, 213, 182, true, true
62050, 2254, 6378, 590, 212, 187, true, true
62272, 2259, 6379, 591, 213, 184, true, true
62911, 2275, 6379, 588, 212, 186, true, true
63209, 2283, 6379, 587, 211, 188, true, true
63274, 2287, 6380, 588, 212, 186, true, true
63441, 2292, 6381, 589, 213, 178, true, true
63797, 2299, 6381, 588, 212, 178, true, true
64025, 2306, 6381, 587, 212, 179, true, true
64058, 2307, 6381, 586, 211, 179, true, true
64244, 2314, 6381, 585, 210, 182, true, true
64703, 2326, 6389, 581, 210, 182, true, true
64826, 2328, 6389, 580, 209, 182, true, true
64899, 2333, 6390, 581, 210, 182, true, true
64970, 2336, 6390, 580, 209, 183, true, true
65543, 2345, 6390, 579, 208, 184, true, true
66008, 2350, 6390, 578, 208, 184, true, true
66569, 2365, 6391, 576, 209, 183, true, true
66616, 2367, 6391, 575, 208, 183, true, true
66638, 2369, 6392, 573, 208, 182, true, true
66652, 2370, 6393, 574, 209, 180, true, true
67817, 2398, 6393, 572, 208, 184, true, true
68030, 2405, 6393, 571, 207, 188, true, true
68223, 2410, 6393, 568, 206, 189, true, true
68440, 2412, 6393, 565, 205, 189, true, true
68637, 2416, 6393, 564, 205, 190, true, true
68719, 2419, 6393, 563, 204, 191, true, true
69213, 2430, 6393, 562, 203, 192, true, true
69303, 2432, 6393, 561, 203, 193, true, true
69334, 2433, 6393, 560, 202, 193, true, true
69401, 2435, 6393, 558, 201, 194, true, true
69525, 2440, 6393, 557, 200, 194, true, true
69836, 2449, 6394, 558, 201, 195, true, true
70094, 2453, 6394, 557, 201, 195, true, true
70399, 2459, 6395, 558, 202, 193, true, true
70559, 2463, 6395, 556, 201, 193, true, true
70838, 2470, 6395, 554, 201, 193, true, true
71187, 2479, 6396, 555, 202, 194, true, true
71229, 2480, 6396, 554, 202, 194, true, true
71289, 2481, 6396, 552, 201, 194, true, true
71564, 2489, 6397, 553, 202, 194, true, true
71671, 2493, 6397, 552, 201, 194, true, true
72074, 2503, 6402, 557, 202, 191, true, true
72793, 2514, 6402, 556, 201, 194, true, true
73053, 2519, 6403, 557, 202, 192, true, true
73430, 2528, 6403, 552, 201, 193, true, true
73487, 2529, 6403, 550, 200, 194, true, true
73843, 2535, 6403, 546, 199, 194, true, true
74099, 2541, 6403, 545, 198, 195, true, true
74436, 2546, 6406, 541, 198, 195, true, true
74525, 2549, 6406, 540, 197, 195, true, true
74855, 2553, 6407, 540, 197, 194, true, true
74913, 2554, 6407, 539, 196, 194, true, true
74994, 2558, 6410, 542, 197, 194, true, true
75072, 2560, 6411, 543, 198, 192, true, true
75178, 2563, 6411, 542, 197, 193, true, true
75310, 2567, 6413, 544, 198, 193, true, true
75684, 2574, 6413, 543, 198, 194, true, true
75722, 2575, 6445, 542, 198, 191, true, true
75922, 2580, 6445, 541, 197, 191, true, true
76020, 2582, 6445, 540, 196, 192, true, true
76642, 2593, 6446, 541, 197, 192, true, true
76794, 2599, 6454, 549, 198, 191, true, true
77219, 2609, 6455, 549, 198, 191, true, true
77359, 2611, 6458, 547, 198, 190, true, true
78368, 2630, 6458, 546, 197, 192, true, true
78627, 2636, 6459, 547, 198, 192, true, true
78891, 2641, 6459, 546, 198, 192, true, true
79086, 2646, 6459, 543, 198, 193, true, true
79243, 2651, 6459, 542, 197, 193, true, true
79355, 2653, 6459, 540, 196, 193, true, true
79405, 2654, 6459, 538, 195, 193, true, true
79520, 2657, 6459, 537, 194, 193, true, true
79603, 2660, 6459, 536, 193, 193, true, true
79895, 2666, 6459, 531, 192, 193, true, true
79977, 2669, 6461, 533, 193, 192, true, true
80025, 2670, 6465, 537, 194, 191, true, true
80471, 2682, 6465, 535, 194, 192, true, true
80626, 2686, 6465, 534, 193, 193, true, true
81354, 2701, 6465, 533, 192, 196, true, true
82165, 2716, 6466, 525, 190, 198, true, true
82587, 2723, 6467, 526, 191, 196, true, true
82625, 2724, 6467, 525, 190, 196, true, true
83791, 2749, 6467, 524, 189, 198, true, true
83815, 2750, 6470, 527, 190, 197, true, true
83845, 2752, 6472, 529, 191, 195, true, true
83966, 2755, 6472, 528, 190, 195, true, true
84092, 2758, 6472, 527, 190, 196, true, true
84569, 2770, 6473, 528, 191, 197, true, true
84787, 2775, 6473, 527, 190, 199, true, true
85742, 2798, 6473, 526, 189, 204, true, true
85888, 2802, 6473, 517, 189, 206, true, true
86289, 2809, 6489, 533, 190, 206, true, true
86952, 2824, 6490, 533, 190, 207, true, true
87046, 2826, 6490, 531, 189, 208, true, true
87452, 2833, 6491, 532, 190, 208, true, true
87555, 2835, 6492, 532, 190, 205, true, true
87626, 2837, 6493, 532, 191, 204, true, true
87880, 2841, 6493, 531, 190, 204, true, true
88317, 2850, 6495, 533, 191, 200, true, true
88537, 2854, 6495, 532, 190, 202, true, true
89446, 2877, 6498, 535, 191, 200, true, true
90185, 2899, 6499, 536, 192, 202, true, true
90286, 2901, 6499, 535, 191, 202, true, true
90486, 2906, 6502, 538, 192, 201, true, true
90751, 2911, 6502, 537, 191, 201, true, true
90874, 2914, 6502, 536, 190, 202, true, true
91256, 2922, 6503, 537, 191, 197, true, true
91567, 2929, 6504, 538, 192, 196, true, true
92018, 2940, 6513, 547, 193, 192, true, true
92271, 2945, 6513, 539, 192, 194, true, true
93287, 2962, 6514, 540, 193, 194, true, true
93852, 2975, 6514, 539, 192, 194, true, true
93886, 2977, 6516, 540, 193, 194, true, true
93912, 2978, 6517, 541, 194, 191, true, true
93976, 2980, 6517, 539, 192, 191, true, true
94372, 2990, 6518, 540, 193, 191, true, true
94717, 2999, 6519, 541, 194, 190, true, true
95067, 3007, 6520, 542, 195, 189, true, true
95346, 3014, 6520, 540, 195, 189, true, true
95403, 3015, 6520, 539, 194, 189, true, true
95496, 3018, 6520, 538, 193, 190, true, true
95580, 3020, 6520, 537, 192, 190, true, true
96119, 3028, 6520, 536, 191, 190, true, true
97077, 3052, 6521, 537, 192, 191, true, true
97149, 3054, 6523, 536, 192, 189, true, true
97341, 3058, 6523, 535, 191, 189, true, true
97608, 3064, 6523, 534, 190, 189, true, true
98619, 3088, 6524, 535, 191, 186, true, true
98667, 3089, 6524, 534, 190, 186, true, true
98705, 3090, 6524, 533, 189, 186, true, true
99086, 3101, 6525, 534, 190, 184, true, true
99240, 3103, 6525, 533, 189, 184, true, true
99300, 3104, 6526, 533, 190, 181, true, true
99633, 3113, 6528, 535, 191, 182, true, true
99648, 3114, 6530, 534, 190, 181, true, true
99696, 3115, 6530, 524, 190, 181, true, true
99748, 3117, 6531, 525, 191, 180, true, true
100045, 3123, 6531, 524, 190, 180, true, true
100786, 3135, 6532, 525, 191, 178, true, true
101119, 3140, 6532, 524, 190, 179, true, true
102107, 3161, 6532, 523, 189, 180, true, true
102219, 3163, 6535, 524, 190, 179, true, true
102749, 3176, 6535, 522, 190, 179, true, true
102866, 3179, 6535, 521, 189, 179, true, true
104891, 3216, 6542, 523, 190, 176, true, true
104982, 3218, 6543, 524, 191, 175, true, true
105428, 3229, 6543, 523, 190, 179, true, true
106763, 3240, 6543, 521, 189, 179, true, true
107009, 3247, 6544, 522, 190, 177, true, true
107467, 3254, 6547, 525, 191, 176, true, true
108036, 3263, 6547, 523, 190, 177, true, true
108610, 3274, 6549, 524, 190, 179, true, true
108815, 3279, 6550, 525, 191, 175, true, true
109019, 3285, 6551, 526, 192, 174, true, true
109668, 3298, 6551, 525, 192, 174, true, true
109812, 3301, 6552, 526, 193, 171, true, true
109993, 3304, 6552, 524, 192, 171, true, true
110051, 3306, 6553, 525, 193, 170, true, true
110434, 3313, 6554, 526, 194, 162, true, true
110929, 3325, 6554, 525, 193, 162, true, true
111246, 3328, 6554, 521, 191, 162, true, true
111765, 3339, 6554, 520, 190, 162, true, true
111832, 3341, 6554, 519, 189, 162, true, true
111947, 3343, 6554, 518, 188, 162, true, true
112412, 3350, 6554, 446, 187, 162, true, true
112868, 3365, 6555, 446, 188, 164, true, true
113040, 3371, 6559, 450, 189, 163, true, true
113300, 3375, 6559, 448, 188, 163, true, true
113976, 3391, 6559, 447, 187, 167, true, true
114162, 3395, 6569, 457, 188, 167, true, true
115078, 3415, 6570, 455, 188, 169, true, true
115887, 3435, 6570, 454, 187, 171, true, true
117095, 3458, 6570, 451, 187, 173, true, true
117551, 3464, 6571, 452, 188, 171, true, true
118023, 3473, 6576, 438, 188, 170, true, true
118735, 3492, 6576, 437, 187, 171, true, true
119516, 3508, 6577, 438, 188, 172, true, true
120600, 3529, 6617, 462, 187, 175, true, true
121644, 3549, 6617, 461, 186, 177, true, true
121687, 3550, 6617, 460, 185, 177, true, true
121889, 3556, 6618, 461, 186, 177, true, true
122245, 3562, 6618, 454, 185, 177, true, true
122837, 3574, 6619, 455, 186, 175, true, true
123386, 3586, 6620, 455, 187, 174, true, true
124286, 3602, 6620, 454, 186, 177, true, true
125121, 3621, 6620, 453, 185, 180, true, true
126015, 3635, 6622, 453, 184, 179, true, true
126768, 3647, 6624, 450, 183, 179, true, true
127663, 3664, 6625, 451, 184, 180, true, true
127781, 3669, 6625, 450, 183, 180, true, true
127947, 3674, 6625, 449, 182, 180, true, true
129413, 3707, 6626, 450, 183, 182, true, true
132342, 3739, 6626, 449, 182, 184, true, true
132440, 3741, 6626, 447, 181, 185, true, true
133248, 3761, 6627, 448, 182, 185, true, true
133361, 3764, 6627, 444, 181, 185, true, true
133392, 3765, 6628, 444, 181, 184, true, true
134206, 3780, 6628, 443, 180, 184, true, true
134512, 3787, 6628, 441, 179, 185, true, true
134626, 3790, 6629, 442, 180, 182, true, true
134693, 3792, 6630, 442, 181, 181, true, true
134905, 3800, 6634, 445, 181, 179, true, true
135420, 3810, 6637, 443, 182, 179, true, true
135983, 3820, 6639, 444, 183, 179, true, true
136180, 3826, 6640, 442, 183, 179, true, true
136530, 3834, 6640, 440, 182, 181, true, true
138185, 3858, 6641, 441, 183, 179, true, true
138390, 3862, 6641, 440, 182, 179, true, true
139771, 3889, 6641, 439, 181, 180, true, true
139969, 3893, 6641, 438, 180, 180, true, true
140081, 3895, 6641, 437, 179, 180, true, true
140351, 3899, 6641, 436, 178, 180, true, true
140968, 3911, 6642, 437, 179, 180, true, true
141417, 3921, 6643, 438, 180, 180, true, true
141542, 3925, 6644, 439, 181, 179, true, true
141655, 3927, 6644, 438, 180, 180, true, true
142391, 3940, 6647, 441, 181, 181, true, true
143615, 3966, 6650, 444, 182, 183, true, true
144435, 3982, 6650, 443, 182, 186, true, true
145259, 4005, 6650, 438, 181, 186, true, true
146018, 4019, 6651, 438, 182, 186, true, true
146194, 4023, 6651, 435, 181, 187, true, true
146429, 4028, 6652, 436, 182, 182, true, true
146463, 4029, 6662, 428, 181, 181, true, true
147268, 4046, 6662, 427, 181, 184, true, true
147472, 4052, 6663, 427, 181, 183, true, true
148402, 4064, 6663, 426, 180, 184, true, true
149152, 4081, 6665, 427, 180, 181, true, true
149443, 4088, 6665, 425, 180, 182, true, true
150741, 4116, 6666, 426, 181, 181, true, true
150927, 4119, 6674, 434, 182, 183, true, true
151335, 4124, 6674, 426, 181, 183, true, true
151589, 4129, 6674, 420, 180, 184, true, true
151766, 4133, 6674, 419, 179, 184, true, true
151971, 4136, 6677, 421, 180, 183, true, true
152162, 4138, 6677, 420, 179, 183, true, true
152829, 4153, 6677, 419, 178, 183, true, true
153882, 4163, 6678, 412, 177, 182, true, true
153904, 4164, 6680, 414, 178, 181, true, true
154662, 4179, 6685, 417, 178, 182, true, true
154759, 4181, 6686, 418, 179, 181, true, true
155198, 4189, 6692, 418, 179, 181, true, true
155621, 4197, 6694, 420, 180, 180, true, true
156038, 4206, 6694, 417, 179, 182, true, true
156373, 4212, 6694, 416, 178, 182, true, true
156670, 4219, 6695, 417, 179, 182, true, true
158903, 4258, 6696, 418, 180, 182, true, true
159821, 4275, 6696, 417, 179, 184, true, true
160769, 4293, 6697, 418, 180, 185, true, true
161066, 4302, 6699, 419, 181, 182, true, true
161491, 4311, 6720, 436, 182, 182, true, true
161747, 4316, 6727, 443, 183, 181, true, true
161894, 4319, 6727, 442, 182, 181, true, true
162030, 4322, 6727, 441, 181, 181, true, true
162570, 4329, 6730, 443, 182, 180, true, true
164346, 4362, 6732, 445, 183, 185, true, true
164617, 4364, 6732, 444, 182, 185, true, true
164636, 4365, 6733, 443, 183, 184, true, true
165612, 4380, 6737, 444, 183, 184, true, true
166126, 4391, 6738, 445, 184, 183, true, true
167084, 4414, 6739, 444, 184, 184, true, true
167274, 4418, 6740, 445, 185, 183, true, true
168027, 4432, 6742, 447, 186, 182, true, true
168289, 4441, 6742, 446, 185, 183, true, true
168434, 4443, 6757, 454, 186, 182, true, true
170577, 4484, 6758, 450, 186, 185, true, true
171310, 4500, 6760, 450, 186, 184, true, true
171330, 4501, 6761, 451, 187, 183, true, true
171347, 4502, 6763, 453, 188, 181, true, true
171520, 4506, 6763, 452, 188, 181, true, true
171621, 4508, 6763, 450, 187, 181, true, true
173051, 4537, 6763, 447, 187, 184, true, true
173862, 4550, 6764, 448, 188, 184, true, true
173878, 4551, 6765, 449, 189, 183, true, true
173910, 4552, 6765, 448, 188, 183, true, true
175032, 4576, 6769, 449, 188, 182, true, true
176603, 4604, 6769, 448, 187, 183, true, true
176659, 4607, 6769, 446, 186, 184, true, true
176805, 4611, 6769, 445, 186, 184, true, true
177015, 4616, 6770, 425, 186, 180, true, true
177137, 4618, 6771, 424, 186, 179, true, true
177366, 4621, 6771, 423, 185, 179, true, true
177479, 4624, 6772, 423, 186, 178, true, true
177821, 4630, 6773, 424, 187, 175, true, true
178079, 4634, 6773, 422, 186, 175, true, true
178595, 4642, 6774, 422, 186, 174, true, true
179593, 4658, 6775, 423, 187, 175, true, true
180725, 4676, 6775, 422, 186, 178, true, true
181012, 4681, 6775, 421, 185, 179, true, true
182219, 4703, 6775, 420, 184, 180, true, true
182354, 4705, 6776, 420, 185, 176, true, true
182507, 4707, 6778, 421, 186, 175, true, true
182660, 4710, 6779, 419, 187, 174, true, true
183750, 4731, 6779, 418, 186, 176, true, true
184132, 4736, 6779, 417, 185, 176, true, true
186155, 4774, 6779, 416, 184, 178, true, true
186403, 4781, 6779, 415, 183, 178, true, true
186925, 4793, 6781, 417, 184, 178, true, true
186987, 4794, 6781, 416, 183, 178, true, true
187755, 4806, 6783, 418, 184, 174, true, true
187782, 4807, 6784, 419, 185, 171, true, true
189041, 4827, 6793, 426, 185, 172, true, true
189666, 4836, 6793, 425, 184, 173, true, true
189691, 4837, 6793, 424, 183, 173, true, true
191289, 4861, 6795, 424, 184, 173, true, true
191549, 4864, 6795, 422, 184, 173, true, true
191578, 4867, 6798, 424, 185, 172, true, true
192414, 4883, 6799, 425, 186, 171, true, true
192512, 4885, 6800, 426, 187, 170, true, true
192963, 4893, 6800, 424, 186, 170, true, true
193742, 4907, 6800, 423, 185, 171, true, true
194122, 4915, 6800, 421, 184, 171, true, true
195269, 4940, 6800, 420, 183, 171, true, true
195589, 4946, 6803, 423, 184, 169, true, true
195934, 4947, 6806, 425, 184, 168, true, true
197290, 4972, 6806, 423, 183, 170, true, true
198195, 4983, 6806, 422, 182, 170, true, true
198490, 4988, 6806, 421, 181, 170, true, true
198926, 4998, 6808, 422, 181, 166, true, true
200003, 5019, 6815, 429, 182, 165, true, true
200316, 5024, 6817, 431, 183, 165, true, true
201259, 5048, 6817, 430, 182, 169, true, true
201682, 5057, 6818, 431, 183, 162, true, true
202735, 5075, 6818, 430, 182, 162, true, true
203492, 5091, 6819, 431, 183, 160, true, true
204384, 5109, 6820, 432, 184, 160, true, true
204751, 5116, 6820, 431, 183, 160, true, true
205221, 5123, 6820, 430, 182, 161, true, true
206407, 5142, 6821, 431, 183, 161, true, true
207719, 5162, 6821, 430, 182, 162, true, true
208058, 5173, 6821, 429, 181, 164, true, true
209322, 5200, 6821, 428, 180, 164, true, true
210491, 5226, 6821, 427, 179, 165, true, true
211382, 5249, 6823, 429, 180, 165, true, true
212135, 5270, 6823, 428, 179, 167, true, true
212891, 5283, 6823, 427, 178, 168, true, true
213444, 5291, 6823, 426, 177, 168, true, true
214862, 5326, 6823, 425, 176, 173, true, true
215734, 5345, 6824, 425, 176, 173, true, true
216590, 5368, 6824, 424, 175, 173, true, true
216677, 5371, 6826, 425, 175, 171, true, true
216963, 5378, 6826, 424, 174, 171, true, true
217198, 5382, 6827, 425, 175, 167, true, true
217436, 5386, 6828, 426, 176, 165, true, true
217706, 5391, 6828, 425, 175, 165, true, true
218589, 5405, 6830, 427, 176, 166, true, true
220438, 5438, 6830, 426, 176, 171, true, true
222083, 5468, 6831, 427, 177, 172, true, true
222686, 5479, 6831, 425, 176, 173, true, true
223507, 5496, 6831, 424, 175, 174, true, true
224223, 5515, 6832, 425, 176, 175, true, true
224414, 5522, 6833, 426, 177, 172, true, true
225556, 5550, 6834, 426, 178, 172, true, true
225571, 5551, 6835, 427, 179, 171, true, true
225667, 5556, 6836, 427, 180, 170, true, true
226780, 5582, 6838, 429, 181, 169, true, true
227771, 5600, 6838, 428, 180, 172, true, true
227955, 5604, 6838, 427, 179, 173, true, true
227982, 5605, 6838, 426, 178, 173, true, true
228405, 5617, 6838, 425, 177, 173, true, true
228679, 5624, 6841, 425, 176, 171, true, true
229358, 5639, 6844, 428, 177, 171, true, true
229507, 5641, 6844, 427, 176, 171, true, true
230085, 5650, 6844, 425, 174, 172, true, true
230262, 5653, 6845, 425, 174, 171, true, true
232355, 5706, 6846, 426, 175, 177, true, true
232470, 5708, 6846, 425, 174, 177, true, true
235136, 5769, 6846, 424, 173, 182, true, true
235173, 5770, 6847, 425, 174, 179, true, true
235194, 5771, 6848, 426, 175, 178, true, true
235351, 5775, 6849, 426, 176, 177, true, true
235950, 5791, 6850, 425, 177, 177, true, true
237439, 5834, 6851, 425, 177, 176, true, true
237483, 5835, 6851, 423, 176, 176, true, true
237533, 5836, 6852, 424, 177, 172, true, true
240083, 5885, 6857, 429, 178, 173, true, true
241254, 5901, 6858, 429, 179, 173, true, true
243630, 5952, 6859, 430, 180, 181, true, true
244427, 5967, 6859, 418, 179, 182, true, true
244711, 5972, 6859, 417, 178, 182, true, true
244890, 5977, 6860, 418, 179, 180, true, true
250971, 6089, 6864, 415, 180, 180, true, true
251474, 6103, 6865, 415, 180, 178, true, true
258307, 6220, 6866, 416, 181, 184, true, true
259802, 6255, 6866, 414, 181, 186, true, true
261577, 6284, 6867, 415, 182, 187, true, true
270570, 6440, 6867, 413, 181, 195, true, true
270971, 6451, 6872, 411, 182, 194, true, true
271432, 6463, 6872, 409, 181, 195, true, true
271936, 6474, 6872, 408, 180, 197, true, true
274052, 6510, 6874, 408, 180, 196, true, true
275470, 6535, 6874, 406, 179, 196, true, true
275593, 6537, 6875, 407, 180, 195, true, true
275703, 6540, 6875, 402, 178, 195, true, true
276806, 6569, 6875, 400, 178, 196, true, true
278331, 6609, 6875, 399, 177, 198, true, true
280988, 6675, 6875, 398, 177, 206, true, true
282037, 6701, 6875, 397, 176, 207, true, true
283928, 6758, 6875, 395, 175, 210, true, true
283973, 6759, 6875, 394, 175, 211, true, true
284248, 6764, 6875, 390, 173, 212, true, true
284280, 6765, 6876, 391, 174, 208, true, true
284489, 6772, 6881, 394, 175, 207, true, true
285210, 6790, 6881, 393, 174, 208, true, true
285753, 6803, 6882, 394, 175, 209, true, true
286250, 6814, 6883, 395, 176, 209, true, true
286776, 6831, 6883, 394, 175, 209, true, true
286887, 6834, 6883, 393, 174, 210, true, true
287111, 6842, 6884, 392, 173, 210, true, true
289442, 6899, 6884, 391, 172, 213, true, true
291146, 6906, 6884, 390, 171, 214, true, true
292835, 6940, 6885, 390, 172, 216, true, true
293364, 6949, 6885, 389, 171, 217, true, true
293588, 6954, 6885, 388, 170, 219, true, true
293706, 6957, 6886, 387, 171, 218, true, true
294054, 6964, 6886, 386, 170, 218, true, true
296337, 7003, 6887, 385, 171, 217, true, true
296571, 7006, 6887, 383, 170, 217, true, true
296621, 7007, 6888, 384, 171, 213, true, true
296694, 7010, 6891, 387, 172, 211, true, true
297115, 7018, 6892, 388, 173, 209, true, true
298510, 7045, 6893, 389, 174, 209, true, true
298565, 7047, 6894, 390, 175, 207, true, true
298797, 7054, 6898, 392, 174, 201, true, true
299048, 7060, 6899, 393, 175, 195, true, true
302003, 7112, 6899, 392, 175, 198, true, true
303485, 7141, 6899, 391, 174, 199, true, true
305432, 7177, 6899, 389, 173, 204, true, true
305593, 7182, 6903, 392, 173, 202, true, true
305774, 7186, 6903, 391, 172, 202, true, true
305804, 7187, 6906, 394, 173, 201, true, true
306603, 7205, 6906, 393, 172, 201, true, true
306815, 7210, 6907, 394, 173, 200, true, true
306906, 7212, 6908, 395, 174, 198, true, true
306981, 7216, 6908, 393, 172, 199, true, true
307807, 7232, 6908, 392, 171, 200, true, true
310196, 7281, 6909, 393, 172, 197, true, true
312648, 7320, 6910, 394, 173, 198, true, true
312677, 7321, 6911, 395, 174, 195, true, true
314369, 7359, 6912, 393, 174, 194, true, true
315501, 7380, 6914, 395, 175, 193, true, true
316379, 7399, 6914, 393, 174, 195, true, true
318720, 7435, 6914, 392, 174, 197, true, true
318910, 7438, 6915, 393, 175, 194, true, true
321590, 7492, 6916, 394, 176, 199, true, true
324991, 7562, 6916, 393, 175, 201, true, true
326145, 7592, 6916, 392, 174, 201, true, true
326493, 7596, 6916, 391, 173, 201, true, true
327632, 7617, 6916, 390, 172, 202, true, true
327812, 7621, 6916, 389, 171, 202, true, true
329551, 7660, 6919, 391, 172, 202, true, true
330081, 7674, 6919, 389, 170, 202, true, true
334178, 7759, 6922, 392, 171, 206, true, true
336971, 7818, 6922, 391, 170, 208, true, true
338614, 7851, 6923, 392, 171, 207, true, true
339294, 7866, 6924, 393, 172, 207, true, true
341712, 7903, 6924, 391, 171, 208, true, true
342135, 7910, 6925, 391, 171, 207, true, true
342412, 7914, 6927, 393, 172, 206, true, true
343314, 7935, 6928, 394, 173, 205, true, true
344087, 7950, 6929, 395, 174, 205, true, true
344707, 7963, 6929, 394, 173, 206, true, true
345937, 7988, 6929, 393, 173, 206, true, true
346990, 8013, 6929, 392, 172, 208, true, true
347258, 8021, 6929, 389, 171, 208, true, true
347304, 8022, 6931, 388, 172, 207, true, true
348759, 8046, 6931, 387, 172, 210, true, true
349999, 8074, 6932, 388, 173, 208, true, true
350619, 8088, 6932, 387, 172, 210, true, true
352281, 8125, 6934, 386, 173, 209, true, true
356390, 8211, 6934, 385, 172, 211, true, true
356806, 8219, 6936, 387, 173, 209, true, true
357159, 8227, 6937, 387, 174, 209, true, true
357387, 8233, 6951, 401, 175, 208, true, true
357440, 8234, 6953, 403, 176, 207, true, true
361860, 8322, 6955, 405, 177, 205, true, true
362152, 8329, 6956, 406, 178, 204, true, true
362524, 8336, 6957, 407, 179, 202, true, true
363214, 8347, 6973, 413, 179, 201, true, true
363832, 8362, 6973, 411, 178, 201, true, true
364657, 8377, 6974, 412, 179, 200, true, true
365321, 8393, 6974, 410, 179, 200, true, true
365545, 8399, 6975, 411, 180, 191, true, true
365625, 8401, 6975, 410, 179, 191, true, true
366483, 8425, 6977, 412, 180, 190, true, true
366760, 8432, 6977, 411, 180, 191, true, true
368553, 8465, 6977, 410, 179, 192, true, true
368589, 8467, 6980, 413, 180, 190, true, true
371416, 8521, 6982, 414, 181, 190, true, true
371744, 8528, 6982, 413, 180, 191, true, true
373897, 8574, 6983, 414, 181, 190, true, true
374434, 8586, 6983, 407, 180, 190, true, true
375912, 8621, 6985, 409, 181, 189, true, true
376259, 8628, 6985, 408, 181, 189, true, true
377325, 8645, 6987, 410, 182, 187, true, true
378156, 8661, 6988, 411, 183, 185, true, true
378727, 8677, 6989, 410, 184, 180, true, true
379767, 8696, 6999, 420, 185, 178, true, true
380835, 8718, 6999, 419, 185, 180, true, true
381110, 8724, 7000, 420, 186, 179, true, true
384742, 8805, 7001, 421, 187, 179, true, true
385330, 8819, 7003, 419, 187, 181, true, true
386936, 8848, 7003, 418, 186, 182, true, true
387937, 8875, 7004, 419, 187, 183, true, true
390880, 8951, 7008, 423, 188, 184, true, true
390956, 8954, 7010, 425, 189, 184, true, true
391392, 8964, 7010, 424, 188, 184, true, true
394076, 9039, 7016, 430, 189, 184, true, true
394982, 9056, 7016, 429, 188, 185, true, true
395689, 9073, 7017, 430, 189, 186, true, true
396749, 9100, 7017, 429, 189, 186, true, true
397943, 9125, 7017, 427, 187, 187, true, true
401622, 9213, 7019, 429, 188, 184, true, true
404631, 9282, 7023, 432, 189, 187, true, true
404723, 9285, 7024, 432, 189, 183, true, true
406033, 9327, 7026, 434, 190, 184, true, true
406544, 9345, 7027, 435, 191, 184, true, true
406786, 9354, 7028, 436, 192, 183, true, true
409769, 9421, 7030, 438, 193, 182, true, true
411683, 9456, 7030, 437, 192, 183, true, true
415228, 9519, 7031, 433, 193, 184, true, true
417833, 9574, 7031, 432, 192, 186, true, true
419510, 9615, 7031, 431, 191, 186, true, true
419530, 9616, 7033, 428, 191, 185, true, true
419576, 9617, 7033, 427, 191, 185, true, true
423085, 9692, 7033, 426, 190, 188, true, true
425818, 9756, 7033, 425, 189, 189, true, true
426933, 9787, 7034, 425, 189, 178, true, true
428539, 9824, 7034, 423, 188, 179, true, true
430555, 9866, 7034, 422, 187, 180, true, true
431428, 9894, 7034, 421, 186, 181, true, true
432213, 9916, 7035, 422, 187, 179, true, true
432982, 9935, 7037, 424, 188, 178, true, true
433475, 9949, 7037, 422, 186, 179, true, true
435148, 9992, 7037, 413, 185, 180, true, true
437428, 10044, 7037, 412, 184, 184, true, true
437777, 10053, 7038, 412, 184, 183, true, true
438773, 10077, 7039, 413, 185, 181, true, true
438910, 10080, 7040, 414, 186, 179, true, true
439574, 10098, 7040, 413, 185, 180, true, true
439751, 10103, 7042, 415, 186, 178, true, true
440043, 10110, 7043, 407, 186, 177, true, true
443304, 10187, 7043, 405, 185, 181, true, true
443988, 10204, 7043, 404, 184, 181, true, true
444588, 10219, 7043, 403, 183, 181, true, true
445226, 10237, 7044, 404, 184, 179, true, true
446408, 10265, 7044, 403, 183, 182, true, true
446484, 10266, 7044, 401, 182, 182, true, true
447033, 10276, 7044, 400, 181, 182, true, true
447856, 10294, 7044, 399, 180, 182, true, true
449957, 10341, 7044, 394, 180, 183, true, true
450071, 10342, 7044, 393, 179, 183, true, true
453210, 10416, 7045, 393, 179, 188, true, true
454808, 10453, 7045, 392, 178, 189, true, true
456245, 10479, 7046, 393, 179, 187, true, true
456550, 10486, 7047, 394, 180, 182, true, true
456921, 10496, 7047, 393, 179, 182, true, true
458033, 10518, 7047, 392, 178, 183, true, true
460306, 10563, 7047, 390, 177, 185, true, true
461314, 10588, 7047, 389, 176, 186, true, true
461937, 10599, 7048, 390, 177, 182, true, true
462936, 10624, 7049, 391, 178, 179, true, true
464247, 10651, 7051, 393, 179, 180, true, true
465124, 10671, 7054, 393, 180, 180, true, true
468850, 10758, 7054, 392, 179, 182, true, true
470787, 10801, 7055, 393, 180, 183, true, true
471071, 10810, 7056, 394, 181, 180, true, true
471775, 10826, 7056, 393, 181, 180, true, true
471870, 10828, 7056, 392, 180, 180, true, true
471937, 10830, 7057, 393, 181, 179, true, true
472608, 10846, 7057, 392, 181, 180, true, true
473217, 10859, 7058, 393, 182, 180, true, true
473661, 10870, 7059, 394, 183, 175, true, true
473854, 10879, 7060, 395, 184, 174, true, true
476040, 10928, 7060, 385, 183, 174, true, true
477356, 10955, 7063, 388, 184, 173, true, true
478788, 10981, 7065, 390, 185, 169, true, true
479413, 10996, 7066, 391, 186, 167, true, true
479662, 11003, 7069, 389, 185, 165, true, true
482943, 11070, 7070, 390, 186, 170, true, true
485152, 11112, 7070, 389, 185, 171, true, true
486972, 11149, 7070, 388, 184, 174, true, true
487733, 11167, 7070, 387, 183, 176, true, true
488041, 11175, 7070, 386, 182, 176, true, true
489228, 11198, 7070, 385, 182, 176, true, true
489260, 11199, 7071, 385, 183, 174, true, true
489669, 11208, 7072, 384, 184, 174, true, true
491473, 11249, 7072, 382, 183, 175, true, true
492736, 11273, 7072, 381, 182, 175, true, true
492884, 11276, 7078, 384, 183, 173, true, true
493521, 11299, 7079, 385, 184, 173, true, true
494180, 11312, 7079, 384, 183, 174, true, true
494295, 11315, 7079, 382, 182, 174, true, true
494390, 11317, 7083, 386, 183, 172, true, true
494699, 11325, 7084, 387, 184, 169, true, true
494749, 11326, 7084, 386, 183, 169, true, true
500107, 11430, 7085, 387, 184, 169, true, true
500146, 11432, 7085, 386, 183, 170, true, true
501165, 11453, 7085, 385, 183, 170, true, true
501196, 11454, 7085, 384, 183, 170, true, true
504695, 11511, 7086, 385, 184, 168, true, true
505157, 11522, 7086, 383, 183, 168, true, true
506865, 11561, 7086, 382, 182, 171, true, true
507457, 11574, 7086, 381, 181, 172, true, true
509464, 11613, 7086, 380, 180, 172, true, true
509883, 11620, 7086, 378, 179, 172, true, true
510056, 11624, 7086, 376, 178, 172, true, true
515164, 11731, 7087, 377, 179, 175, true, true
515761, 11742, 7087, 376, 178, 175, true, true
517579, 11777, 7088, 377, 179, 173, true, true
518887, 11805, 7089, 378, 180, 172, true, true
520290, 11836, 7089, 377, 179, 173, true, true
520410, 11839, 7089, 376, 178, 173, true, true
521157, 11853, 7089, 374, 177, 173, true, true
521521, 11863, 7089, 372, 176, 173, true, true
522179, 11870, 7091, 374, 177, 172, true, true
523454, 11897, 7092, 375, 178, 171, true, true
525085, 11928, 7093, 376, 179, 170, true, true
528549, 12000, 7093, 375, 179, 172, true, true
530570, 12039, 7093, 374, 178, 173, true, true
534936, 12137, 7093, 373, 177, 177, true, true
542031, 12279, 7093, 372, 176, 180, true, true
543264, 12304, 7094, 373, 177, 179, true, true
543962, 12314, 7095, 374, 178, 173, true, true
544166, 12319, 7095, 373, 177, 173, true, true
548400, 12410, 7097, 375, 178, 173, true, true
548547, 12414, 7098, 376, 179, 172, true, true
549693, 12438, 7098, 375, 178, 172, true, true
551154, 12472, 7099, 376, 179, 171, true, true
552850, 12503, 7100, 377, 180, 168, true, true
554075, 12531, 7110, 382, 180, 162, true, true
554438, 12537, 7110, 381, 180, 162, true, true
555054, 12552, 7110, 380, 179, 163, true, true
555073, 12554, 7111, 381, 180, 162, true, true
555885, 12569, 7111, 379, 179, 162, true, true
556360, 12572, 7111, 377, 178, 162, true, true
557246, 12587, 7111, 376, 177, 163, true, true
561533, 12679, 7111, 375, 176, 166, true, true
562010, 12689, 7112, 376, 177, 165, true, true
565475, 12741, 7113, 377, 178, 164, true, true
565615, 12743, 7296, 543, 179, 164, true, true
568724, 12785, 7300, 547, 180, 161, true, true
578228, 12924, 7300, 546, 179, 166, true, true
578675, 12933, 7301, 546, 180, 166, true, true
579436, 12946, 7313, 557, 181, 165, true, true
587244, 13086, 7313, 556, 180, 171, true, true
590326, 13157, 7314, 557, 181, 170, true, true
591352, 13179, 7314, 552, 180, 171, true, true
591448, 13181, 7314, 551, 179, 171, true, true
593989, 13229, 7317, 554, 180, 170, true, true
596039, 13278, 7317, 553, 179, 171, true, true
596541, 13286, 7317, 552, 179, 171, true, true
598266, 13316, 7318, 553, 180, 170, true, true
599517, 13331, 7318, 551, 179, 170, true, true
600299, 13343, 7320, 553, 180, 169, true, true
600325, 13344, 7320, 552, 179, 169, true, true
603430, 13391, 7320, 551, 178, 171, true, true
603673, 13395, 7321, 550, 179, 170, true, true
604470, 13411, 7321, 549, 178, 171, true, true
604863, 13419, 7322, 550, 179, 169, true, true
610285, 13518, 7322, 549, 178, 170, true, true
610711, 13525, 7323, 550, 179, 167, true, true
611931, 13553, 7323, 549, 178, 167, true, true
612417, 13563, 7323, 548, 177, 167, true, true
614773, 13602, 7324, 549, 178, 165, true, true
616074, 13615, 7324, 548, 177, 165, true, true
618746, 13666, 7324, 546, 176, 165, true, true
620518, 13696, 7325, 547, 177, 162, true, true
626357, 13809, 7326, 548, 178, 162, true, true
627700, 13830, 7327, 549, 179, 161, true, true
630774, 13885, 7329, 551, 180, 159, true, true
631630, 13905, 7330, 552, 181, 158, true, true
631772, 13907, 7330, 551, 180, 158, true, true
634691, 13957, 7330, 550, 180, 158, true, true
640101, 14042, 7330, 549, 179, 159, true, true
645029, 14136, 7331, 550, 180, 162, true, true
653367, 14281, 7331, 548, 179, 165, true, true
653958, 14292, 7331, 547, 178, 166, true, true
654329, 14299, 7332, 548, 179, 164, true, true
655144, 14311, 7333, 549, 180, 162, true, true
655801, 14326, 7333, 543, 179, 163, true, true
656229, 14337, 7335, 545, 180, 161, true, true
660701, 14425, 7335, 544, 179, 163, true, true
660961, 14429, 7335, 543, 178, 163, true, true
664109, 14488, 7335, 542, 177, 163, true, true
664203, 14490, 7335, 541, 176, 163, true, true
666427, 14539, 7335, 540, 175, 167, true, true
668338, 14578, 7338, 543, 176, 165, true, true
669296, 14594, 7341, 546, 177, 164, true, true
672787, 14650, 7341, 545, 176, 167, true, true
677516, 14732, 7342, 546, 177, 166, true, true
679896, 14775, 7342, 545, 176, 167, true, true
680865, 14793, 7344, 539, 177, 166, true, true
682692, 14826, 7344, 538, 176, 167, true, true
686089, 14885, 7344, 533, 176, 171, true, true
688165, 14921, 7345, 534, 177, 172, true, true
690013, 14953, 7346, 534, 178, 168, true, true
691347, 14978, 7347, 532, 176, 167, true, true
693819, 15021, 7358, 540, 177, 165, true, true
696002, 15051, 7358, 539, 176, 165, true, true
702027, 15165, 7358, 538, 175, 166, true, true
708918, 15285, 7359, 539, 176, 166, true, true
712843, 15355, 7359, 538, 175, 170, true, true
716740, 15438, 7359, 536, 174, 171, true, true
718910, 15474, 7359, 535, 173, 171, true, true
724875, 15587, 7394, 404, 174, 172, true, true
726727, 15621, 7399, 409, 175, 171, true, true
731874, 15714, 7400, 410, 176, 170, true, true
735787, 15787, 7400, 409, 175, 173, true, true
740716, 15870, 7401, 410, 176, 172, true, true
742626, 15906, 7401, 409, 175, 174, true, true
748951, 16019, 7401, 408, 174, 176, true, true
751659, 16075, 7401, 406, 174, 177, true, true
767341, 16391, 7405, 410, 175, 189, true, true
768783, 16418, 7411, 416, 176, 189, true, true
769035, 16424, 7411, 415, 176, 189, true, true
769344, 16430, 7411, 414, 175, 189, true, true
770190, 16445, 7412, 414, 176, 189, true, true
776938, 16577, 7412, 413, 175, 191, true, true
782908, 16727, 7427, 418, 175, 193, true, true
783796, 16746, 7427, 417, 174, 195, true, true
787268, 16829, 7429, 415, 174, 191, true, true
788463, 16857, 7430, 414, 175, 190, true, true
791572, 16930, 7431, 415, 176, 188, true, true
797296, 17038, 7431, 414, 175, 192, true, true
801136, 17117, 7431, 411, 174, 193, true, true
801468, 17126, 7431, 410, 173, 193, true, true
805309, 17190, 7431, 409, 172, 195, true, true
805557, 17194, 7432, 410, 173, 194, true, true
811020, 17328, 7432, 409, 172, 194, true, true
812506, 17356, 7432, 408, 172, 194, true, true
813390, 17381, 7433, 409, 173, 194, true, true
814741, 17417, 7433, 408, 172, 194, true, true
819225, 17509, 7434, 409, 173, 194, true, true
821739, 17569, 7434, 407, 172, 196, true, true
824060, 17617, 7437, 410, 173, 197, true, true
826334, 17670, 7438, 408, 173, 195, true, true
827180, 17692, 7438, 407, 173, 195, true, true
828841, 17736, 7440, 406, 174, 193, true, true
831311, 17784, 7441, 407, 175, 192, true, true
840353, 17998, 7442, 408, 176, 191, true, true
840481, 18002, 7443, 408, 176, 190, true, true
841085, 18017, 7443, 407, 175, 190, true, true
845450, 18102, 7452, 416, 176, 190, true, true
846508, 18127, 7453, 417, 177, 184, true, true
851164, 18246, 7455, 419, 178, 185, true, true
854878, 18321, 7456, 420, 179, 183, true, true
859872, 18427, 7456, 419, 178, 185, true, true
860259, 18440, 7456, 416, 177, 185, true, true
860313, 18441, 7456, 410, 177, 185, true, true
862331, 18494, 7457, 411, 178, 186, true, true
863082, 18513, 7457, 410, 177, 186, true, true
867442, 18615, 7458, 411, 178, 186, true, true
868278, 18630, 7459, 409, 178, 184, true, true
875703, 18788, 7460, 410, 179, 187, true, true
876773, 18816, 7461, 411, 180, 189, true, true
879261, 18880, 7461, 410, 179, 189, true, true
880729, 18911, 7470, 419, 180, 188, true, true
880951, 18918, 7471, 420, 181, 186, true, true
881421, 18930, 7488, 413, 182, 185, true, true
881724, 18937, 7489, 414, 183, 182, true, true
881982, 18944, 7490, 414, 183, 181, true, true
884893, 19011, 7491, 415, 184, 180, true, true
886604, 19045, 7491, 406, 184, 181, true, true
887275, 19060, 7492, 407, 185, 180, true, true
894925, 19249, 7492, 406, 184, 182, true, true
895383, 19262, 7492, 405, 183, 182, true, true
896566, 19288, 7492, 404, 182, 182, true, true
898457, 19325, 7492, 403, 181, 182, true, true
899426, 19346, 7493, 404, 182, 181, true, true
907220, 19509, 7494, 405, 183, 183, true, true
909557, 19561, 7498, 409, 184, 182, true, true
916471, 19699, 7499, 410, 185, 183, true, true
920164, 19769, 7499, 409, 184, 184, true, true
930736, 19991, 7499, 408, 184, 187, true, true
930991, 19997, 7499, 407, 183, 187, true, true
932575, 20036, 7502, 402, 184, 186, true, true
932907, 20045, 7502, 401, 184, 186, true, true
940733, 20231, 7503, 402, 185, 187, true, true
942344, 20288, 7505, 404, 186, 182, true, true
942579, 20296, 7506, 405, 187, 180, true, true
942779, 20301, 7506, 404, 186, 180, true, true
942833, 20302, 7506, 403, 186, 180, true, true
945897, 20366, 7506, 402, 185, 180, true, true
950688, 20488, 7507, 403, 186, 182, true, true
950732, 20489, 7507, 402, 185, 182, true, true
950998, 20494, 7507, 401, 184, 182, true, true
959633, 20679, 7508, 402, 185, 181, true, true
961802, 20725, 7509, 403, 186, 178, true, true
964952, 20804, 7511, 405, 187, 175, true, true
968334, 20883, 7511, 403, 186, 179, true, true
968877, 20900, 7512, 404, 187, 175, true, true
970307, 20944, 7513, 405, 188, 174, true, true
973644, 21020, 7514, 405, 188, 173, true, true
975917, 21085, 7516, 407, 189, 167, true, true
976233, 21094, 7516, 406, 188, 167, true, true
984110, 21287, 7517, 407, 189, 169, true, true
990713, 21465, 7517, 406, 188, 171, true, true
991208, 21484, 7518, 407, 189, 171, true, true
992109, 21505, 7519, 408, 190, 170, true, true
993526, 21543, 7519, 406, 189, 170, true, true
995115, 21582, 7520, 407, 190, 170, true, true
995451, 21591, 7520, 406, 189, 170, true, true
996620, 21623, 7520, 405, 189, 170, true, true
999385, 21688, 7521, 406, 190, 167, true, true
999760, 21699, 7522, 407, 191, 166, true, true
1002362, 21742, 7522, 406, 190, 167, true, true
1008935, 21919, 7524, 408, 191, 170, true, true
1009393, 21931, 7525, 409, 192, 169, true, true
1013213, 22019, 7529, 413, 193, 165, true, true
1013329, 22021, 7529, 412, 192, 165, true, true
1013922, 22036, 7529, 402, 192, 165, true, true
1014482, 22052, 7530, 402, 193, 165, true, true
1015606, 22076, 7531, 403, 194, 162, true, true
1015908, 22087, 7531, 401, 193, 162, true, true
1020297, 22189, 7531, 399, 192, 166, true, true
1020556, 22195, 7532, 398, 191, 165, true, true
1022334, 22236, 7533, 399, 192, 159, true, true
1024083, 22280, 7534, 400, 193, 157, true, true
1024658, 22297, 7535, 401, 194, 153, true, true
1025025, 22306, 7536, 402, 195, 152, true, true
1025427, 22318, 7537, 403, 196, 150, true, true
1029249, 22401, 7538, 404, 197, 149, true, true
1030511, 22428, 7539, 403, 196, 150, true, true
1036574, 22590, 7539, 402, 195, 151, true, true
1037778, 22621, 7539, 401, 194, 152, true, true
1040990, 22691, 7539, 400, 194, 152, true, true
1042843, 22740, 7540, 400, 195, 150, true, true
1044986, 22798, 7540, 399, 194, 151, true, true
1047528, 22862, 7540, 397, 192, 151, true, true
1048382, 22888, 7540, 396, 191, 152, true, true
1049189, 22909, 7540, 393, 190, 152, true, true
1053254, 22994, 7540, 392, 189, 155, true, true
1054221, 23023, 7540, 390, 188, 156, true, true
1056399, 23078, 7541, 391, 189, 155, true, true
1057729, 23101, 7542, 392, 190, 155, true, true
1057767, 23102, 7543, 393, 191, 154, true, true
1059280, 23129, 7543, 392, 190, 154, true, true
1067162, 23333, 7543, 388, 189, 154, true, true
1067254, 23335, 7544, 389, 190, 151, true, true
1068749, 23379, 7544, 388, 189, 152, true, true
1079213, 23615, 7544, 387, 188, 153, true, true
1083885, 23736, 7544, 385, 187, 154, true, true
1087096, 23822, 7545, 386, 188, 152, true, true
1092917, 23959, 7547, 388, 189, 154, true, true
1093812, 23991, 7547, 387, 188, 154, true, true
1095286, 24033, 7552, 391, 189, 155, true, true
1099399, 24132, 7553, 392, 190, 151, true, true
1099708, 24138, 7553, 391, 189, 152, true, true
1102171, 24201, 7553, 390, 188, 154, true, true
1102785, 24221, 7553, 389, 187, 154, true, true
1104606, 24280, 7554, 390, 188, 153, true, true
1106059, 24321, 7554, 389, 187, 154, true, true
1110932, 24428, 7555, 390, 188, 155, true, true
1113274, 24486, 7556, 391, 189, 153, true, true
1117206, 24594, 7556, 390, 189, 154, true, true
1117676, 24608, 7565, 399, 190, 150, true, true
1118198, 24620, 7566, 400, 191, 150, true, true
1120042, 24670, 7567, 401, 192, 149, true, true
1123891, 24772, 7567, 400, 191, 149, true, true
1124712, 24785, 7567, 398, 190, 150, true, true
1133961, 25009, 7569, 400, 191, 150, true, true
1134260, 25020, 7569, 399, 190, 150, true, true
1137082, 25088, 7569, 398, 189, 150, true, true
1138214, 25104, 7569, 397, 188, 151, true, true
1140828, 25170, 7569, 395, 187, 152, true, true
1142285, 25211, 7570, 396, 188, 151, true, true
1144620, 25281, 7572, 398, 189, 147, true, true
1147146, 25356, 7575, 399, 190, 148, true, true
1150616, 25433, 7575, 397, 189, 149, true, true
1152545, 25484, 7575, 396, 188, 149, true, true
1153448, 25506, 7576, 397, 189, 148, true, true
1157249, 25598, 7577, 398, 190, 148, true, true
1157315, 25600, 7578, 399, 191, 147, true, true
1159979, 25668, 7578, 398, 190, 149, true, true
1160178, 25674, 7579, 399, 191, 148, true, true
1163244, 25743, 7580, 400, 192, 148, true, true
1171408, 25957, 7581, 401, 193, 151, true, true
1171527, 25960, 7581, 399, 192, 151, true, true
1174062, 26029, 7582, 400, 193, 151, true, true
1174793, 26050, 7582, 398, 192, 151, true, true
1176067, 26085, 7582, 397, 191, 151, true, true
1176919, 26104, 7582, 395, 190, 152, true, true
1182359, 26231, 7582, 394, 189, 152, true, true
1186388, 26343, 7582, 393, 188, 153, true, true
1189895, 26425, 7582, 392, 187, 153, true, true
1192736, 26502, 7582, 390, 187, 156, true, true
1198241, 26632, 7606, 406, 188, 154, true, true
1203356, 26766, 7606, 405, 187, 154, true, true
1204231, 26787, 7606, 404, 186, 156, true, true
1204528, 26794, 7607, 405, 187, 154, true, true
1209408, 26918, 7607, 404, 187, 157, true, true
1210776, 26946, 7607, 400, 186, 158, true, true
1220237, 27155, 7608, 401, 187, 162, true, true
1231014, 27434, 7610, 403, 188, 164, true, true
1232269, 27470, 7610, 402, 187, 164, true, true
1256309, 28081, 7610, 401, 186, 170, true, true
1256667, 28091, 7611, 402, 187, 169, true, true
1262023, 28231, 7612, 403, 188, 169, true, true
1262082, 28232, 7612, 401, 187, 169, true, true
1263525, 28268, 7612, 398, 186, 170, true, true
1265867, 28321, 7613, 399, 187, 170, true, true
1266168, 28332, 7613, 398, 186, 170, true, true
1267078, 28349, 7613, 395, 185, 170, true, true
1268887, 28402, 7613, 393, 184, 170, true, true
1270336, 28442, 7613, 392, 183, 170, true, true
1275247, 28565, 7613, 391, 182, 172, true, true
1280015, 28668, 7613, 390, 181, 175, true, true
1283100, 28731, 7615, 392, 182, 174, true, true
1285236, 28775, 7615, 390, 181, 174, true, true
1293311, 28985, 7615, 389, 180, 179, true, true
1293551, 28992, 7616, 390, 181, 178, true, true
1294409, 29011, 7617, 391, 182, 178, true, true
1294559, 29016, 7618, 392, 183, 174, true, true
1301842, 29195, 7619, 393, 184, 176, true, true
1304696, 29264, 7634, 408, 185, 175, true, true
1312782, 29475, 7635, 409, 186, 175, true, true
1321559, 29691, 7635, 408, 185, 177, true, true
1322615, 29725, 7637, 410, 186, 175, true, true
1324333, 29771, 7638, 410, 186, 173, true, true
1325879, 29817, 7640, 412, 187, 171, true, true
1334477, 30016, 7640, 411, 186, 172, true, true
1342383, 30220, 7642, 413, 187, 172, true, true
1344622, 30278, 7642, 411, 186, 172, true, true
1354688, 30531, 7643, 412, 187, 172, true, true
1357124, 30601, 7644, 413, 188, 171, true, true
1358067, 30624, 7644, 412, 187, 172, true, true
1359581, 30667, 7644, 410, 186, 173, true, true
1360322, 30687, 7647, 413, 187, 172, true, true
1362199, 30734, 7647, 406, 186, 172, true, true
1366510, 30844, 7648, 407, 187, 171, true, true
1371361, 30940, 7648, 406, 186, 171, true, true
1378224, 31120, 7648, 405, 185, 172, true, true
1387646, 31374, 7652, 409, 186, 172, true, true
1388740, 31400, 7654, 410, 186, 171, true, true
1389272, 31409, 7654, 409, 186, 171, true, true
1391100, 31454, 7655, 410, 187, 168, true, true
1394082, 31520, 7655, 409, 186, 169, true, true
1394424, 31527, 7655, 408, 185, 169, true, true
1395400, 31557, 7655, 407, 184, 170, true, true
1403227, 31765, 7656, 408, 185, 170, true, true
1410817, 31975, 7657, 409, 186, 169, true, true
1413320, 32035, 7657, 408, 185, 169, true, true
1413536, 32042, 7657, 407, 184, 169, true, true
1420159, 32185, 7657, 406, 183, 170, true, true
1420725, 32196, 7658, 407, 184, 168, true, true
1421358, 32215, 7660, 409, 185, 166, true, true
1421625, 32222, 7661, 409, 186, 165, true, true
1423521, 32264, 7661, 408, 185, 166, true, true
1425320, 32310, 7662, 409, 186, 165, true, true
1428543, 32390, 7677, 424, 187, 162, true, true
1429272, 32408, 7677, 423, 186, 162, true, true
1431953, 32467, 7678, 424, 187, 161, true, true
1434014, 32521, 7681, 427, 188, 159, true, true
1434666, 32538, 7682, 428, 189, 158, true, true
1435359, 32552, 7682, 419, 188, 159, true, true
1436508, 32584, 7682, 418, 187, 159, true, true
1440300, 32665, 7682, 416, 186, 160, true, true
1444181, 32754, 7684, 418, 187, 158, true, true
1445225, 32776, 7684, 417, 186, 159, true, true
1446184, 32800, 7684, 416, 185, 159, true, true
1446415, 32806, 7684, 415, 184, 159, true, true
1446438, 32807, 7685, 416, 185, 155, true, true
1449506, 32868, 7686, 417, 186, 152, true, true
1451499, 32917, 7691, 415, 187, 152, true, true
1452359, 32934, 7691, 414, 186, 152, true, true
1463114, 33185, 7691, 413, 186, 155, true, true
1464600, 33220, 7692, 413, 187, 153, true, true
1470098, 33353, 7692, 411, 186, 154, true, true
1472568, 33415, 7692, 410, 185, 155, true, true
1473531, 33445, 7692, 409, 184, 155, true, true
1474485, 33465, 7692, 408, 183, 155, true, true
1475333, 33485, 7692, 407, 182, 155, true, true
1475902, 33500, 7692, 406, 181, 155, true, true
1494673, 33933, 7693, 407, 182, 162, true, true
1495639, 33951, 7694, 408, 183, 161, true, true
1495797, 33956, 7700, 413, 183, 159, true, true
1498286, 34015, 7700, 412, 182, 160, true, true
1504435, 34148, 7703, 414, 182, 160, true, true
1509066, 34255, 7703, 413, 181, 160, true, true
1512358, 34332, 7703, 412, 180, 161, true, true
1531751, 34758, 7703, 410, 180, 164, true, true
1546230, 35124, 7704, 411, 181, 165, true, true
1549496, 35197, 7704, 410, 180, 165, true, true
1550078, 35210, 7705, 411, 181, 164, true, true
1554931, 35324, 7709, 413, 181, 164, true, true
1555533, 35336, 7710, 414, 182, 159, true, true
1567729, 35596, 7710, 413, 181, 161, true, true
1570991, 35667, 7711, 414, 182, 160, true, true
1573133, 35730, 7711, 412, 181, 160, true, true
1575635, 35775, 7711, 411, 180, 160, true, true
1582548, 35934, 7711, 408, 179, 161, true, true
1591570, 36117, 7712, 409, 180, 156, true, true
1593527, 36161, 7713, 410, 181, 154, true, true
1593594, 36162, 7713, 409, 180, 154, true, true
1594957, 36192, 7715, 408, 181, 153, true, true
1595682, 36206, 7715, 406, 180, 153, true, true
1607299, 36451, 7719, 399, 181, 154, true, true
1616120, 36664, 7729, 409, 182, 152, true, true
1620548, 36772, 7730, 410, 183, 150, true, true
1628055, 36937, 7731, 411, 184, 150, true, true
1634846, 37090, 7732, 412, 185, 147, true, true
1643050, 37261, 7732, 411, 184, 149, true, true
1643185, 37264, 7734, 412, 185, 147, true, true
1650795, 37452, 7801, 451, 186, 147, true, true
1651114, 37463, 7802, 452, 187, 144, true, true
1653928, 37515, 7802, 451, 186, 145, true, true
1654307, 37520, 7802, 449, 185, 145, true, true
1658670, 37609, 7802, 448, 184, 145, true, true
1658799, 37612, 7802, 446, 183, 145, true, true
1659154, 37620, 7803, 447, 184, 144, true, true
1675932, 37980, 7803, 446, 183, 144, true, true
1686387, 38160, 7803, 441, 183, 146, true, true
1734197, 38771, 7803, 440, 182, 151, true, true
1738735, 38822, 7803, 439, 181, 151, true, true
1742059, 38858, 7805, 437, 181, 147, true, true
1790259, 39488, 7805, 436, 180, 153, true, true
1795338, 39548, 7827, 393, 180, 151, true, true
1797635, 39575, 7827, 392, 179, 152, true, true
1815287, 39805, 7827, 391, 178, 156, true, true
1819205, 39854, 7827, 390, 177, 156, true, true
1838637, 40095, 7827, 388, 176, 156, true, true
1845591, 40179, 7832, 393, 177, 155, true, true
1847903, 40207, 7832, 392, 176, 155, true, true
1873801, 40547, 7832, 391, 175, 157, true, true
1875751, 40576, 7832, 390, 174, 157, true, true
1963714, 40834, 7832, 389, 173, 158, true, true
1982733, 41057, 7832, 388, 172, 162, true, true
1990146, 41137, 7832, 387, 171, 162, true, true
1998182, 41240, 7857, 412, 172, 160, true, true
2009151, 41357, 7858, 413, 173, 160, true, true
2017921, 41455, 7859, 412, 172, 159, true, true
2032392, 41632, 7860, 413, 173, 159, true, true
2041073, 41741, 7860, 412, 172, 161, true, true
2048055, 41826, 7860, 411, 171, 161, true, true
2052375, 41876, 7864, 415, 172, 154, true, true
2080620, 42205, 7865, 416, 173, 154, true, true
2086739, 42280, 7865, 414, 172, 154, true, true
2105652, 42501, 7872, 419, 172, 153, true, true
2113670, 42614, 7872, 418, 171, 153, true, true
2134056, 42862, 7876, 422, 172, 152, true, true
2137761, 42911, 7876, 421, 171, 152, true, true
2139982, 42937, 7876, 420, 170, 152, true, true
2172922, 43342, 7876, 419, 169, 155, true, true
2186094, 43525, 7876, 418, 168, 155, true, true
2187629, 43561, 7876, 414, 168, 157, true, true
2193148, 43650, 7888, 417, 169, 156, true, true
2197123, 43695, 7890, 419, 170, 155, true, true
2209035, 43858, 7890, 418, 169, 160, true, true
2212127, 43942, 7890, 416, 168, 160, true, true
2224690, 44244, 7890, 412, 167, 163, true, true
2225950, 44272, 7891, 413, 168, 156, true, true
2230278, 44367, 7892, 414, 169, 155, true, true
2240458, 44626, 7892, 413, 168, 158, true, true
2244138, 44720, 7898, 419, 169, 157, true, true
2247833, 44813, 7898, 416, 168, 157, true, true
2250159, 44882, 7898, 415, 167, 157, true, true
2257736, 45073, 7898, 414, 166, 161, true, true
2260104, 45134, 7898, 413, 165, 161, true, true
2261749, 45180, 7900, 404, 166, 157, true, true
2262983, 45214, 7901, 405, 167, 156, true, true
2273146, 45494, 7902, 406, 168, 154, true, true
2278946, 45640, 7902, 405, 167, 155, true, true
2283126, 45734, 7902, 404, 167, 156, true, true
2288019, 45858, 7902, 399, 164, 157, true, true
2293241, 45999, 7904, 388, 165, 156, true, true
2300713, 46187, 7905, 387, 165, 157, true, true
2303776, 46272, 7905, 386, 164, 158, true, true
2308825, 46398, 7905, 385, 163, 158, true, true
2353394, 47251, 7905, 383, 162, 163, true, true
2358461, 47362, 7906, 384, 163, 162, true, true
2365469, 47539, 7906, 383, 163, 166, true, true
2371840, 47693, 7907, 384, 164, 165, true, true
2377801, 47844, 7908, 385, 165, 165, true, true
2394109, 48268, 7909, 386, 166, 166, true, true
2395753, 48310, 7910, 386, 167, 165, true, true
2396416, 48328, 7912, 388, 168, 164, true, true
2396821, 48340, 7912, 387, 168, 164, true, true
2407230, 48595, 7912, 386, 168, 166, true, true
2408418, 48627, 7914, 388, 169, 165, true, true
2411328, 48703, 7914, 385, 167, 165, true, true
2412858, 48741, 7915, 386, 168, 164, true, true
2417005, 48847, 7917, 385, 166, 163, true, true
2417035, 48849, 7918, 386, 167, 162, true, true
2428047, 49140, 7918, 385, 166, 163, true, true
2431483, 49232, 7918, 383, 165, 163, true, true
2437396, 49381, 7918, 382, 164, 163, true, true
2443974, 49550, 7918, 381, 163, 164, true, true
2451366, 49748, 7919, 382, 164, 166, true, true
2456247, 49881, 7920, 382, 164, 164, true, true
2459032, 49957, 7920, 381, 163, 164, true, true
2463297, 50069, 7920, 380, 162, 164, true, true
2468955, 50194, 7921, 380, 162, 164, true, true
2471392, 50259, 7923, 382, 163, 160, true, true
2479372, 50436, 7923, 381, 162, 160, true, true
2483094, 50538, 7923, 372, 162, 160, true, true
2484095, 50567, 7924, 372, 162, 159, true, true
2492560, 50765, 7925, 373, 163, 163, true, true
2497547, 50910, 7925, 372, 162, 165, true, true
2504835, 51114, 7926, 373, 163, 166, true, true
2510580, 51268, 7927, 374, 164, 165, true, true
2513659, 51336, 7928, 375, 165, 163, true, true
2515825, 51397, 7929, 364, 166, 163, true, true
2519609, 51494, 7929, 363, 165, 163, true, true
2531256, 51796, 7929, 362, 164, 163, true, true
2534296, 51885, 7930, 363, 165, 163, true, true
2535179, 51908, 7933, 366, 166, 162, true, true
2537189, 51956, 7934, 367, 167, 161, true, true
2545784, 52175, 7941, 370, 167, 161, true, true
2552954, 52333, 7941, 368, 166, 162, true, true
2564917, 52634, 7941, 367, 165, 164, true, true
2574191, 52882, 7942, 368, 166, 164, true, true
2575907, 52936, 7942, 367, 165, 164, true, true
2576352, 52949, 7943, 368, 166, 163, true, true
2598760, 53549, 7943, 367, 165, 166, true, true
2603149, 53650, 7946, 370, 166, 163, true, true
2610197, 53836, 7965, 387, 166, 160, true, true
2611679, 53875, 7973, 395, 167, 157, true, true
2618688, 54065, 7973, 393, 167, 159, true, true
2618878, 54072, 7974, 394, 168, 158, true, true
2619579, 54090, 7978, 398, 169, 155, true, true
2623044, 54180, 7978, 397, 168, 155, true, true
2631042, 54395, 7978, 396, 167, 155, true, true
2652739, 54947, 7979, 397, 168, 158, true, true
2653272, 54962, 7979, 396, 167, 158, true, true
2660073, 55132, 7981, 395, 168, 157, true, true
2667112, 55296, 7981, 394, 167, 159, true, true
2671769, 55419, 7981, 393, 166, 160, true, true
2675164, 55523, 7982, 392, 167, 159, true, true
2676627, 55559, 7984, 394, 168, 152, true, true
2688736, 55864, 7984, 392, 167, 155, true, true
2695742, 56031, 7985, 393, 168, 155, true, true
2711127, 56429, 7989, 395, 169, 155, true, true
2712227, 56459, 7990, 396, 170, 153, true, true
2714248, 56501, 7992, 394, 170, 152, true, true
2717354, 56586, 7996, 398, 171, 151, true, true
2731519, 56962, 7997, 399, 172, 151, true, true
2735131, 57055, 7997, 398, 172, 152, true, true
2740469, 57206, 7997, 397, 171, 152, true, true
2743274, 57257, 7997, 396, 171, 152, true, true
2745964, 57326, 7998, 397, 172, 151, true, true
2762757, 57758, 7998, 396, 171, 151, true, true
2774789, 58057, 7999, 397, 172, 152, true, true
2780089, 58214, 7999, 395, 171, 154, true, true
2781910, 58262, 7999, 394, 170, 154, true, true
2795276, 58609, 7999, 393, 169, 154, true, true
2797663, 58661, 7999, 392, 168, 154, true, true
2801923, 58778, 8001, 393, 168, 151, true, true
2807450, 58911, 8002, 394, 169, 152, true, true
2820118, 59246, 8003, 377, 170, 153, true, true
2845679, 59918, 8003, 376, 170, 154, true, true
2853588, 60134, 8003, 375, 169, 155, true, true
2857002, 60207, 8003, 374, 168, 156, true, true
2880036, 60804, 8004, 375, 169, 155, true, true
2880662, 60823, 8005, 374, 169, 154, true, true
2886218, 60966, 8005, 373, 169, 154, true, true
2895551, 61207, 8008, 371, 170, 150, true, true
2897114, 61249, 8011, 373, 170, 149, true, true
2934261, 62204, 8017, 377, 170, 150, true, true
2941319, 62376, 8020, 371, 167, 149, true, true
2966170, 63013, 8021, 372, 168, 153, true, true
2969452, 63102, 8032, 363, 168, 152, true, true
2987046, 63541, 8033, 364, 169, 152, true, true
3014750, 64296, 8033, 363, 168, 154, true, true
3016220, 64330, 8033, 362, 168, 154, true, true
3023315, 64539, 8033, 349, 168, 155, true, true
3029293, 64718, 8033, 348, 168, 158, true, true
3033636, 64831, 8040, 343, 168, 157, true, true
3036885, 64936, 8042, 345, 169, 156, true, true
3042887, 65098, 8042, 344, 168, 160, true, true
3046617, 65214, 8044, 346, 169, 156, true, true
3058909, 65541, 8044, 340, 168, 156, true, true
3072675, 65930, 8044, 339, 167, 158, true, true
3076694, 66046, 8045, 340, 168, 152, true, true
3084380, 66285, 8045, 339, 167, 154, true, true
3084646, 66291, 8045, 338, 166, 154, true, true
3086223, 66345, 8045, 337, 166, 154, true, true
3092788, 66541, 8051, 343, 167, 154, true, true
3103431, 66820, 8053, 345, 168, 154, true, true
3105107, 66856, 8053, 344, 167, 154, true, true
3116477, 67180, 8054, 345, 168, 154, true, true
3117475, 67214, 8055, 346, 169, 149, true, true
3118111, 67235, 8056, 347, 170, 148, true, true
3126445, 67472, 8056, 346, 169, 148, true, true
3127280, 67498, 8057, 347, 170, 146, true, true
3127418, 67505, 8057, 346, 169, 146, true, true
3131048, 67618, 8057, 345, 169, 147, true, true
3145562, 68025, 8058, 346, 170, 143, true, true
3154436, 68280, 8060, 348, 171, 143, true, true
3165843, 68596, 8060, 347, 170, 146, true, true
3183160, 69113, 8062, 349, 171, 145, true, true
3198493, 69516, 8062, 348, 170, 148, true, true
3204276, 69675, 8063, 349, 171, 147, true, true
3205733, 69719, 8063, 348, 170, 147, true, true
3216473, 69994, 8065, 343, 171, 146, true, true
3237389, 70618, 8066, 344, 172, 147, true, true
3260521, 71268, 8066, 343, 172, 148, true, true
3264487, 71389, 8066, 342, 171, 148, true, true
3271841, 71599, 8066, 341, 170, 149, true, true
3273319, 71645, 8067, 342, 171, 148, true, true
3283267, 71948, 8070, 345, 172, 149, true, true
3295009, 72274, 8071, 346, 173, 147, true, true
3306427, 72560, 8071, 343, 172, 148, true, true
3309169, 72650, 8071, 342, 171, 149, true, true
3317153, 72867, 8071, 341, 170, 151, true, true
3318553, 72915, 8072, 342, 171, 150, true, true
3330996, 73273, 8076, 346, 172, 150, true, true
3342286, 73600, 8077, 347, 173, 149, true, true
3355504, 73991, 8077, 346, 172, 150, true, true
3360079, 74140, 8077, 345, 171, 151, true, true
3360355, 74149, 8078, 346, 172, 149, true, true
3367079, 74326, 8079, 347, 173, 150, true, true
3371827, 74452, 8080, 348, 174, 148, true, true
3387772, 74936, 8080, 344, 173, 148, true, true
3401479, 75338, 8080, 343, 172, 150, true, true
3409595, 75569, 8080, 342, 171, 150, true, true
3450638, 76715, 8080, 341, 170, 151, true, true
3456393, 76896, 8080, 340, 169, 152, true, true
3460783, 76986, 8082, 342, 170, 150, true, true
3461719, 77011, 8083, 343, 171, 149, true, true
3467781, 77175, 8083, 342, 170, 149, true, true
3472162, 77297, 8088, 343, 171, 148, true, true
3490150, 77771, 8088, 342, 170, 152, true, true
3499352, 78032, 8088, 341, 170, 153, true, true
3499899, 78047, 8089, 342, 171, 151, true, true
3512338, 78389, 8090, 342, 172, 152, true, true
3514025, 78439, 8090, 339, 171, 152, true, true
3519574, 78596, 8090, 338, 170, 153, true, true
3533740, 78993, 8092, 340, 171, 157, true, true
3534217, 79005, 8092, 339, 170, 157, true, true
3534575, 79014, 8092, 336, 170, 157, true, true
3539846, 79130, 8093, 337, 171, 157, true, true
3553232, 79501, 8093, 336, 171, 157, true, true
3557292, 79601, 8095, 338, 172, 156, true, true
3557506, 79609, 8098, 341, 173, 154, true, true
3560747, 79709, 8098, 340, 172, 155, true, true
3569782, 79949, 8098, 339, 171, 156, true, true
3574280, 80050, 8098, 338, 170, 157, true, true
3576660, 80119, 8098, 337, 169, 157, true, true
3581711, 80262, 8098, 336, 168, 159, true, true
3592777, 80569, 8098, 335, 167, 164, true, true
3608259, 81016, 8098, 334, 166, 165, true, true
3614570, 81183, 8099, 335, 167, 164, true, true
3632627, 81699, 8099, 334, 167, 166, true, true
3635416, 81789, 8100, 335, 168, 161, true, true
3637390, 81837, 8100, 334, 168, 161, true, true
3637784, 81847, 8100, 333, 167, 162, true, true
3640722, 81930, 8101, 334, 168, 160, true, true
3659553, 82401, 8105, 324, 168, 162, true, true
3662931, 82486, 8105, 323, 167, 162, true, true
3673380, 82756, 8105, 318, 166, 163, true, true
3687536, 83161, 8105, 317, 165, 164, true, true
3697787, 83419, 8106, 318, 166, 163, true, true
3697951, 83426, 8107, 319, 167, 162, true, true
3711029, 83783, 8108, 320, 168, 164, true, true
3752030, 84922, 8108, 317, 167, 166, true, true
3754159, 84980, 8109, 318, 168, 163, true, true
3756907, 85053, 8109, 315, 168, 164, true, true
3771057, 85449, 8109, 314, 167, 166, true, true
3779873, 85680, 8109, 313, 166, 166, true, true
3791748, 86004, 8109, 312, 165, 168, true, true
3792744, 86038, 8111, 314, 166, 167, true, true
3804130, 86335, 8111, 313, 165, 167, true, true
3811113, 86522, 8111, 312, 164, 168, true, true
3831700, 87055, 8111, 310, 163, 171, true, true
3831943, 87065, 8111, 309, 162, 171, true, true
3833529, 87112, 8111, 307, 161, 171, true, true
3849977, 87515, 8111, 306, 161, 175, true, true
3854621, 87651, 8111, 303, 160, 176, true, true
3855028, 87666, 8114, 305, 160, 174, true, true
3855643, 87684, 8115, 306, 161, 173, true, true
3855687, 87685, 8116, 307, 162, 172, true, true
3896966, 88791, 8116, 306, 161, 178, true, true
3902274, 88927, 8117, 307, 162, 177, true, true
3908979, 89109, 8117, 306, 161, 180, true, true
3931318, 89709, 8117, 305, 160, 183, true, true
3940718, 89971, 8117, 304, 160, 184, true, true
3941317, 89991, 8119, 303, 160, 183, true, true
3941871, 90010, 8120, 304, 161, 177, true, true
3946221, 90129, 8120, 303, 160, 177, true, true
3954102, 90338, 8120, 300, 159, 178, true, true
3963746, 90603, 8121, 294, 158, 179, true, true
3985695, 91212, 8121, 293, 157, 182, true, true
4002900, 91695, 8121, 289, 157, 185, true, true
4006130, 91782, 8121, 288, 156, 187, true, true
4015798, 92024, 8122, 289, 157, 183, true, true
4020154, 92142, 8122, 288, 156, 183, true, true
4048560, 92938, 8124, 288, 156, 186, true, true
4054099, 93064, 8124, 282, 156, 187, true, true
4057240, 93131, 8125, 283, 157, 185, true, true
4086167, 93920, 8144, 300, 157, 189, true, true
4103570, 94366, 8145, 301, 158, 189, true, true
4118081, 94754, 8146, 301, 158, 189, true, true
4122471, 94872, 8147, 302, 159, 188, true, true
4122962, 94887, 8147, 299, 158, 188, true, true
4128741, 95036, 8147, 296, 157, 188, true, true
4130001, 95070, 8148, 297, 158, 187, true, true
4136374, 95221, 8148, 296, 157, 187, true, true
4140300, 95322, 8148, 295, 156, 187, true, true
4145726, 95466, 8149, 296, 157, 187, true, true
4162559, 95924, 8150, 297, 158, 188, true, true
4163541, 95954, 8151, 295, 159, 186, true, true
4169913, 96124, 8151, 294, 158, 187, true, true
4178369, 96303, 8152, 295, 159, 186, true, true
4183258, 96424, 8152, 280, 158, 187, true, true
4197251, 96773, 8153, 281, 159, 187, true, true
4200081, 96848, 8153, 280, 158, 189, true, true
4202779, 96921, 8153, 279, 157, 189, true, true
4205052, 96978, 8153, 278, 156, 189, true, true
4211626, 97143, 8156, 273, 156, 189, true, true
4252332, 98156, 8157, 273, 156, 193, true, true
4266930, 98545, 8157, 272, 155, 194, true, true
4283947, 98962, 8157, 271, 154, 194, true, true
4294126, 99226, 8158, 271, 154, 192, true, true
4296375, 99280, 8161, 274, 155, 191, true, true
4296598, 99288, 8162, 275, 156, 190, true, true
4317928, 99823, 8162, 274, 155, 192, true, true
4337574, 100325, 8162, 273, 154, 194, true, true
4370718, 101168, 8162, 271, 153, 196, true, true
4373685, 101237, 8163, 272, 154, 195, true, true
4381276, 101395, 8164, 273, 155, 193, true, true
4382643, 101421, 8165, 274, 156, 192, true, true
4411559, 102010, 8166, 275, 157, 194, true, true
4421984, 102216, 8167, 276, 158, 196, true, true
4427293, 102316, 8169, 278, 159, 196, true, true
4430869, 102386, 8169, 277, 158, 196, true, true
4448904, 102745, 8169, 276, 157, 198, true, true
4453945, 102844, 8169, 274, 155, 198, true, true
4495675, 103635, 8172, 274, 154, 199, true, true
4504411, 103801, 8174, 275, 154, 193, true, true
4521273, 104153, 8175, 276, 155, 191, true, true
4525140, 104235, 8179, 275, 155, 185, true, true
4535718, 104431, 8179, 274, 154, 185, true, true
4589907, 105528, 8179, 273, 153, 189, true, true
4591953, 105571, 8179, 272, 152, 189, true, true
4609713, 105908, 8180, 273, 153, 190, true, true
4653024, 106710, 8181, 274, 154, 184, true, true
4713916, 107901, 8181, 273, 153, 187, true, true
4715842, 107941, 8182, 274, 154, 185, true, true
4732560, 108260, 8182, 273, 154, 187, true, true
4759771, 108799, 8182, 272, 153, 187, true, true
4762133, 108851, 8192, 276, 152, 186, true, true
4807411, 109744, 8193, 277, 153, 187, true, true
4812831, 109853, 8194, 278, 154, 182, true, true
4834677, 110295, 8194, 277, 153, 183, true, true
4839684, 110386, 8198, 281, 154, 180, true, true
4857510, 110756, 8200, 281, 155, 180, true, true
4878358, 111157, 8201, 282, 156, 178, true, true
4889805, 111400, 8205, 270, 156, 179, true, true
4900465, 111598, 8205, 267, 156, 180, true, true
4905651, 111689, 8206, 268, 157, 179, true, true
4905965, 111694, 8206, 263, 156, 179, true, true
4921942, 112015, 8207, 260, 155, 180, true, true
4938491, 112359, 8208, 261, 156, 181, true, true
5002371, 113595, 8209, 262, 157, 180, true, true
5020172, 113959, 8209, 261, 156, 181, true, true
5056824, 114714, 8209, 259, 155, 185, true, true
5097897, 115570, 8209, 258, 154, 189, true, true
5101119, 115644, 8210, 259, 155, 180, true, true
5120079, 116031, 8212, 260, 156, 179, true, true
5130453, 116240, 8213, 261, 157, 176, true, true
5137818, 116345, 8214, 262, 158, 173, true, true
5167035, 116872, 8214, 261, 157, 173, true, true
5224516, 118376, 8215, 261, 157, 171, true, true
5227039, 118441, 8215, 259, 156, 171, true, true
5247312, 119007, 8215, 258, 155, 171, true, true
5264778, 119490, 8216, 259, 156, 169, true, true
5265387, 119504, 8216, 258, 155, 169, true, true
5270971, 119670, 8216, 257, 154, 169, true, true
5277898, 119836, 8216, 256, 153, 170, true, true
5291139, 120178, 8216, 253, 153, 172, true, true
5296369, 120319, 8217, 254, 154, 170, true, true
5304073, 120515, 8218, 255, 155, 169, true, true
5322881, 121012, 8218, 254, 154, 171, true, true
5342508, 121510, 8219, 255, 155, 169, true, true
5366066, 122125, 8220, 256, 156, 169, true, true
5372240, 122296, 8221, 257, 157, 167, true, true
5373065, 122321, 8221, 253, 156, 167, true, true
5386491, 122658, 8222, 254, 157, 166, true, true
5401646, 123056, 8223, 255, 158, 166, true, true
5413201, 123355, 8223, 254, 157, 166, true, true
5426051, 123687, 8223, 253, 156, 168, true, true
5469585, 124811, 8223, 252, 155, 170, true, true
5474244, 124935, 8223, 247, 154, 170, true, true
5487926, 125284, 8224, 248, 155, 169, true, true
5491167, 125379, 8226, 250, 156, 163, true, true
5493888, 125443, 8226, 249, 155, 163, true, true
5497250, 125538, 8226, 248, 154, 163, true, true
5511812, 125895, 8226, 247, 153, 164, true, true
5565320, 127193, 8226, 246, 153, 166, true, true
5589368, 127797, 8226, 244, 152, 167, true, true
5590863, 127846, 8226, 241, 151, 167, true, true
5672193, 129941, 8227, 242, 152, 170, true, true
5673938, 129979, 8227, 241, 151, 170, true, true
5674881, 130006, 8228, 242, 152, 165, true, true
5675427, 130019, 8228, 241, 151, 165, true, true
5712393, 130946, 8228, 240, 150, 165, true, true
5724019, 131259, 8228, 239, 150, 167, true, true
5735992, 131600, 8229, 240, 151, 167, true, true
5758227, 132215, 8230, 241, 152, 167, true, true
5775581, 132715, 8231, 242, 153, 167, true, true
5785292, 132965, 8232, 243, 154, 165, true, true
5794269, 133217, 8234, 245, 155, 164, true, true
5798834, 133335, 8234, 243, 154, 164, true, true
5806705, 133556, 8235, 244, 155, 161, true, true
5819402, 133905, 8237, 246, 156, 161, true, true
5840809, 134463, 8238, 247, 157, 158, true, true
5862613, 135039, 8239, 244, 157, 158, true, true
5871012, 135247, 8239, 243, 156, 158, true, true
5894826, 135931, 8240, 244, 157, 157, true, true
5929280, 136897, 8241, 245, 158, 157, true, true
5930900, 136943, 8241, 242, 157, 158, true, true
5969484, 138076, 8242, 242, 157, 157, true, true
5978831, 138327, 8242, 241, 156, 157, true, true
5984116, 138476, 8243, 242, 157, 156, true, true
5985904, 138516, 8243, 241, 156, 156, true, true
6041263, 140059, 8243, 240, 155, 159, true, true
6042764, 140093, 8243, 239, 154, 159, true, true
6059466, 140557, 8243, 238, 153, 161, true, true
6062506, 140638, 8244, 237, 153, 161, true, true
6070406, 140848, 8246, 239, 154, 160, true, true
6141661, 142824, 8246, 238, 153, 163, true, true
6148932, 143023, 8246, 237, 152, 163, true, true
6161665, 143396, 8252, 243, 153, 160, true, true
6163632, 143454, 8252, 242, 152, 160, true, true
6167514, 143561, 8254, 244, 153, 158, true, true
6186599, 144078, 8260, 242, 154, 159, true, true
6209534, 144725, 8278, 257, 154, 159, true, true
6226296, 145223, 8279, 258, 155, 157, true, true
6233489, 145406, 8279, 256, 154, 157, true, true
6239134, 145569, 8279, 255, 153, 157, true, true
6252426, 145959, 8280, 256, 154, 156, true, true
6294544, 147117, 8280, 252, 153, 157, true, true
6296329, 147179, 8280, 251, 152, 157, true, true
6308559, 147512, 8281, 252, 153, 158, true, true
6334569, 148271, 8281, 250, 152, 159, true, true
6393982, 149916, 8281, 249, 151, 163, true, true
6399216, 150070, 8300, 253, 152, 162, true, true
6412673, 150453, 8301, 254, 153, 160, true, true
6476864, 152248, 8302, 253, 153, 160, true, true
6518577, 153441, 8303, 254, 154, 159, true, true
6535286, 153914, 8303, 253, 153, 161, true, true
6535449, 153921, 8306, 254, 154, 160, true, true
6557519, 154594, 8306, 253, 153, 160, true, true
6567106, 154902, 8306, 252, 152, 160, true, true
6573438, 155073, 8307, 252, 152, 157, true, true
6578630, 155220, 8308, 253, 153, 158, true, true
6578982, 155231, 8309, 254, 154, 153, true, true
6607094, 156055, 8312, 255, 154, 152, true, true
6608540, 156096, 8312, 254, 153, 152, true, true
6641328, 157006, 8313, 250, 154, 151, true, true
6648068, 157210, 8314, 251, 155, 149, true, true
6666474, 157775, 8315, 252, 156, 148, true, true
6667606, 157798, 8317, 254, 157, 147, true, true
6669371, 157868, 8320, 257, 158, 146, true, true
6680731, 158188, 8320, 256, 157, 148, true, true
6716723, 159280, 8327, 263, 158, 149, true, true
6741313, 159999, 8327, 262, 157, 150, true, true
6755506, 160415, 8329, 264, 158, 148, true, true
6760861, 160549, 8330, 265, 159, 146, true, true
6767858, 160778, 8330, 264, 158, 146, true, true
6794359, 161546, 8331, 264, 158, 145, true, true
6807520, 161952, 8331, 263, 157, 145, true, true
6822432, 162395, 8332, 264, 158, 145, true, true
6853347, 163315, 8333, 265, 159, 145, true, true
6865741, 163675, 8334, 266, 160, 145, true, true
6867295, 163722, 8334, 265, 159, 145, true, true
6877663, 164026, 8334, 264, 158, 145, true, true
6888503, 164342, 8336, 266, 159, 142, true, true
6888844, 164353, 8337, 267, 160, 141, true, true
6903931, 164792, 8337, 266, 159, 142, true, true
6925346, 165436, 8338, 267, 160, 141, true, true
6935552, 165738, 8355, 284, 161, 140, true, true
6956487, 166351, 8356, 285, 162, 141, true, true
6969796, 166721, 8356, 284, 161, 141, true, true
6981272, 167067, 8356, 283, 161, 143, true, true
6998140, 167558, 8358, 285, 162, 142, true, true
7062462, 169439, 8358, 284, 161, 147, true, true
7067718, 169609, 8359, 285, 162, 144, true, true
7080691, 169991, 8360, 285, 162, 138, true, true
7120578, 171151, 8360, 284, 161, 143, true, true
7147767, 171991, 8360, 283, 160, 143, true, true
7168553, 172626, 8360, 282, 159, 145, true, true
7173861, 172802, 8360, 281, 158, 145, true, true
7183715, 173114, 8364, 285, 159, 143, true, true
7194850, 173486, 8364, 284, 158, 143, true, true
7208223, 173915, 8364, 283, 157, 143, true, true
7221140, 174282, 8365, 284, 158, 144, true, true
7224492, 174372, 8366, 285, 159, 144, true, true
7237509, 174778, 8367, 286, 160, 144, true, true
7258529, 175453, 8367, 284, 159, 147, true, true
7259255, 175470, 8371, 288, 160, 143, true, true
7260407, 175510, 8371, 287, 159, 143, true, true
7279703, 176128, 8372, 288, 160, 141, true, true
7285857, 176296, 8373, 289, 161, 138, true, true
7337976, 177940, 8373, 288, 160, 141, true, true
7361308, 178696, 8373, 287, 159, 141, true, true
7365369, 178836, 8373, 286, 158, 142, true, true
7380557, 179339, 8377, 290, 159, 140, true, true
7384490, 179453, 8377, 289, 158, 140, true, true
7399433, 179925, 8378, 290, 159, 138, true, true
7410075, 180290, 8378, 289, 158, 138, true, true
7417389, 180519, 8378, 288, 157, 139, true, true
7430033, 180885, 8379, 289, 158, 135, true, true
7437125, 181085, 8402, 311, 159, 135, true, true
7450860, 181512, 8402, 310, 158, 136, true, true
7509326, 183400, 8402, 309, 157, 143, true, true
7556535, 184920, 8407, 314, 158, 145, true, true
7563231, 185138, 8408, 313, 157, 145, true, true
7570665, 185354, 8409, 314, 158, 144, true, true
7588784, 185957, 8410, 315, 159, 145, true, true
7601268, 186323, 8410, 314, 158, 146, true, true
7644148, 187757, 8410, 313, 157, 147, true, true
7661556, 188303, 8410, 312, 156, 148, true, true
7666264, 188449, 8411, 313, 157, 147, true, true
7699165, 189511, 8411, 312, 156, 147, true, true
7714735, 190037, 8411, 311, 155, 147, true, true
7736061, 190760, 8411, 310, 154, 149, true, true
7753210, 191353, 8415, 314, 155, 148, true, true
7761637, 191646, 8416, 315, 156, 148, true, true
7771820, 191997, 8416, 314, 155, 150, true, true
7795436, 192800, 8416, 312, 154, 151, true, true
7821527, 193686, 8418, 314, 155, 154, true, true
7831168, 194036, 8418, 313, 154, 154, true, true
7840165, 194368, 8424, 318, 155, 148, true, true
7855473, 194857, 8425, 319, 156, 148, true, true
7856757, 194898, 8425, 318, 155, 148, true, true
7883807, 195851, 8426, 319, 156, 151, true, true
7885304, 195907, 8430, 321, 155, 149, true, true
7917401, 197025, 8432, 323, 156, 148, true, true
7951732, 198284, 8433, 324, 157, 147, true, true
7974303, 199099, 8433, 323, 156, 147, true, true
8028074, 201026, 8434, 324, 157, 150, true, true
8055253, 202069, 8435, 325, 158, 148, true, true
8080689, 203057, 8436, 326, 159, 152, true, true
8083587, 203171, 8436, 323, 159, 152, true, true
8084291, 203194, 8437, 324, 160, 151, true, true
8117361, 204414, 8438, 324, 160, 151, true, true
8118876, 204460, 8438, 323, 159, 151, true, true
8128058, 204805, 8438, 322, 158, 151, true, true
8136525, 205112, 8438, 318, 157, 151, true, true
8149096, 205583, 8438, 316, 156, 152, true, true
8161429, 206058, 8438, 315, 155, 152, true, true
8167553, 206289, 8454, 327, 156, 150, true, true
8173124, 206505, 8454, 326, 155, 150, true, true
8216935, 208160, 8454, 319, 153, 154, true, true
8252186, 209545, 8455, 320, 154, 154, true, true
8266200, 210099, 8456, 319, 153, 154, true, true
8284515, 210780, 8466, 322, 153, 152, true, true
8287730, 210909, 8466, 320, 153, 152, true, true
8295970, 211183, 8468, 321, 153, 151, true, true
8319128, 212009, 8469, 322, 154, 148, true, true
8329852, 212387, 8471, 324, 155, 146, true, true
8331008, 212444, 8471, 321, 153, 146, true, true
8340629, 212817, 8473, 323, 154, 146, true, true
8352305, 213227, 8473, 322, 153, 146, true, true
8390129, 214650, 8473, 317, 152, 147, true, true
8403706, 215160, 8473, 316, 151, 147, true, true
8416617, 215658, 8474, 317, 152, 147, true, true
8426771, 216040, 8475, 315, 152, 146, true, true
8430073, 216168, 8475, 313, 151, 146, true, true
8473205, 217809, 8475, 311, 150, 148, true, true
8492061, 218553, 8476, 312, 151, 148, true, true
8492377, 218567, 8476, 310, 150, 148, true, true
8523990, 219677, 8476, 309, 149, 152, true, true
8545035, 220494, 8476, 308, 148, 153, true, true
8546486, 220556, 8477, 309, 149, 153, true, true
8559030, 221031, 8477, 308, 148, 153, true, true
8565889, 221304, 8478, 309, 149, 152, true, true
8605303, 222773, 8479, 310, 150, 154, true, true
8609868, 222940, 8480, 311, 151, 152, true, true
8623075, 223364, 8480, 310, 150, 155, true, true
8628141, 223576, 8481, 311, 151, 154, true, true
8631106, 223680, 8482, 312, 152, 151, true, true
8642724, 224146, 8482, 310, 151, 151, true, true
8656477, 224656, 8484, 312, 152, 150, true, true
8678898, 225564, 8485, 313, 153, 150, true, true
8721930, 227158, 8485, 311, 151, 152, true, true
8727692, 227344, 8485, 295, 150, 152, true, true
8748676, 228132, 8485, 291, 149, 155, true, true
8750119, 228194, 8487, 293, 150, 154, true, true
8774239, 229112, 8487, 292, 149, 154, true, true
8796708, 229928, 8489, 294, 150, 155, true, true
8814515, 230560, 8489, 293, 149, 155, true, true
8853923, 232032, 8489, 292, 148, 156, true, true
8859480, 232227, 8490, 293, 149, 155, true, true
8917834, 234380, 8490, 292, 148, 156, true, true
8971305, 236346, 8490, 291, 147, 161, true, true
8983958, 236807, 8490, 290, 146, 161, true, true
9021853, 238132, 8490, 287, 145, 161, true, true
9023928, 238206, 8490, 286, 144, 161, true, true
9030233, 238442, 8491, 287, 145, 158, true, true
9060314, 239560, 8491, 286, 144, 160, true, true
9073708, 240086, 8491, 285, 143, 160, true, true
9086698, 240571, 8491, 284, 142, 161, true, true
9099155, 241054, 8491, 283, 141, 161, true, true
9155353, 243217, 8492, 283, 141, 162, true, true
9174683, 243917, 8492, 280, 140, 162, true, true
9225768, 245853, 8492, 279, 139, 168, true, true
9228786, 245965, 8493, 280, 140, 167, true, true
9231040, 246049, 8493, 279, 139, 167, true, true
9258148, 247090, 8494, 280, 140, 166, true, true
9261441, 247223, 8495, 280, 140, 163, true, true
9273248, 247701, 8497, 282, 141, 162, true, true
9330167, 249892, 8497, 281, 140, 163, true, true
9366028, 251263, 8497, 280, 139, 165, true, true
9371218, 251436, 8497, 279, 138, 165, true, true
9433316, 253888, 8498, 280, 139, 163, true, true
9467191, 255191, 8498, 279, 138, 165, true, true
9478240, 255613, 8498, 278, 137, 165, true, true
9504913, 256664, 8498, 277, 136, 166, true, true
9511601, 256915, 8499, 278, 137, 165, true, true
9525958, 257512, 8499, 277, 136, 165, true, true
9529384, 257652, 8499, 273, 135, 165, true, true
9577582, 259463, 8499, 272, 134, 166, true, true
9579820, 259550, 8501, 274, 135, 164, true, true
9642845, 261970, 8501, 273, 134, 168, true, true
9656138, 262474, 8501, 272, 133, 169, true, true
9687475, 263663, 8503, 273, 133, 170, true, true
9714213, 264705, 8505, 275, 134, 168, true, true
9717428, 264843, 8506, 276, 135, 166, true, true
9750605, 266150, 8506, 275, 134, 166, true, true
9751525, 266160, 8506, 273, 133, 166, true, true
9794843, 267733, 8507, 274, 134, 160, true, true
9861886, 270233, 8507, 272, 132, 160, true, true
9902800, 271812, 8508, 273, 133, 160, true, true
9940919, 273319, 8508, 272, 132, 161, true, true
9959263, 274015, 8509, 273, 133, 160, true, true
10054721, 277685, 8509, 272, 132, 164, true, true
10065067, 278124, 8509, 268, 132, 164, true, true
10090634, 279079, 8512, 265, 132, 163, true, true
10097834, 279380, 8513, 261, 132, 162, true, true
10123982, 280419, 8514, 257, 133, 163, true, true
10133064, 280739, 8516, 259, 134, 161, true, true
10173305, 282305, 8516, 258, 133, 162, true, true
10189733, 282936, 8517, 259, 134, 161, true, true
10231606, 284566, 8518, 260, 135, 161, true, true
10256963, 285501, 8518, 258, 134, 161, true, true
10280107, 286436, 8520, 258, 134, 156, true, true
10287091, 286701, 8520, 257, 134, 156, true, true
10306599, 287467, 8520, 254, 133, 157, true, true
10309382, 287560, 8520, 253, 132, 158, true, true
10335524, 288539, 8520, 252, 131, 159, true, true
10405008, 291339, 8536, 255, 132, 164, true, true
10431506, 292340, 8537, 256, 133, 166, true, true
10481750, 294389, 8538, 257, 134, 168, true, true
10484377, 294505, 8539, 258, 135, 167, true, true
10518958, 295677, 8539, 257, 134, 168, true, true
10564993, 297119, 8540, 258, 135, 171, true, true
10573429, 297385, 8542, 260, 136, 169, true, true
10643846, 299514, 8542, 257, 135, 171, true, true
10646245, 299574, 8543, 258, 136, 170, true, true
10648026, 299616, 8543, 257, 135, 171, true, true
10678927, 300515, 8544, 258, 136, 171, true, true
10682327, 300629, 8544, 257, 135, 171, true, true
10804973, 304214, 8546, 259, 136, 166, true, true
10823671, 304795, 8546, 258, 135, 166, true, true
10835770, 305167, 8548, 260, 136, 163, true, true
10857195, 305789, 8549, 261, 137, 162, true, true
10906651, 307175, 8549, 260, 136, 162, true, true
10920732, 307588, 8549, 259, 135, 162, true, true
11012708, 310281, 8550, 260, 136, 161, true, true
11013919, 310316, 8551, 261, 137, 160, true, true
11040059, 311067, 8552, 262, 138, 159, true, true
11062962, 311776, 8552, 261, 137, 160, true, true
11068245, 311928, 8552, 260, 136, 161, true, true
11139572, 313993, 8553, 259, 136, 162, true, true
11180806, 315236, 8554, 260, 137, 158, true, true
11208199, 316091, 8554, 258, 136, 159, true, true
11215547, 316323, 8556, 260, 137, 158, true, true
11257036, 317525, 8556, 257, 137, 159, true, true
11262177, 317677, 8557, 258, 138, 156, true, true
11332048, 319681, 8557, 257, 138, 160, true, true
11378795, 321522, 8557, 256, 137, 160, true, true
11447601, 324225, 8558, 257, 138, 161, true, true
11484969, 325667, 8559, 258, 139, 157, true, true
11510683, 326694, 8560, 259, 140, 156, true, true
11607398, 330638, 8561, 260, 141, 158, true, true
11648021, 332303, 8561, 259, 140, 159, true, true
11653501, 332516, 8561, 255, 139, 159, true, true
11678303, 333534, 8563, 257, 140, 157, true, true
11681298, 333655, 8563, 256, 139, 157, true, true
11729499, 335672, 8564, 257, 140, 157, true, true
11748143, 336485, 8564, 256, 139, 160, true, true
11771176, 337452, 8565, 257, 140, 154, true, true
11785089, 337994, 8565, 256, 140, 154, true, true
11789163, 338166, 8565, 255, 139, 154, true, true
11801760, 338659, 8589, 265, 140, 151, true, true
11826469, 339675, 8590, 266, 141, 150, true, true
11846174, 340375, 8590, 264, 140, 151, true, true
11850526, 340564, 8596, 270, 141, 149, true, true
11877838, 341610, 8597, 271, 142, 148, true, true
11892377, 342220, 8597, 270, 141, 148, true, true
11953632, 344684, 8599, 272, 142, 148, true, true
11954380, 344714, 8600, 272, 142, 147, true, true
12039863, 348096, 8600, 271, 142, 149, true, true
12045588, 348321, 8601, 270, 143, 147, true, true
12055585, 348747, 8601, 269, 142, 147, true, true
12096689, 350364, 8603, 268, 143, 146, true, true
12101240, 350552, 8604, 268, 143, 145, true, true
12106653, 350780, 8604, 266, 142, 145, true, true
12106803, 350789, 8605, 267, 143, 144, true, true
12126506, 351531, 8605, 266, 142, 144, true, true
12131137, 351706, 8605, 265, 141, 145, true, true
12148723, 352402, 8605, 260, 140, 145, true, true
12159555, 352818, 8606, 261, 141, 141, true, true
12166958, 353104, 8609, 264, 142, 138, true, true
12184107, 353786, 8609, 263, 141, 138, true, true
12211123, 354849, 8609, 262, 140, 138, true, true
12211634, 354871, 8617, 266, 140, 137, true, true
12238954, 356001, 8617, 264, 139, 138, true, true
12257671, 356723, 8617, 263, 139, 138, true, true
12361933, 360806, 8618, 264, 140, 135, true, true
12397994, 362244, 8619, 265, 141, 131, true, true
12421857, 363253, 8622, 268, 142, 129, true, true
12422733, 363290, 8623, 269, 143, 127, true, true
12433594, 363728, 8623, 268, 142, 127, true, true
12473765, 365389, 8624, 268, 142, 125, true, true
12476662, 365525, 8625, 267, 142, 125, true, true
12484323, 365839, 8626, 268, 143, 124, true, true
12499389, 366412, 8626, 267, 143, 124, true, true
12574552, 369246, 8626, 266, 142, 126, true, true
12588047, 369769, 8627, 267, 143, 123, true, true
12593253, 370006, 8629, 269, 144, 122, true, true
12624475, 371245, 8630, 270, 145, 119, true, true
12655089, 372396, 8631, 270, 145, 118, true, true
12666551, 372845, 8631, 269, 144, 118, true, true
12699442, 374145, 8631, 268, 143, 119, true, true
12759115, 376357, 8634, 270, 144, 119, true, true
12926467, 382832, 8635, 271, 145, 118, true, true
12944361, 383516, 8636, 272, 146, 117, true, true
12947002, 383632, 8637, 273, 147, 116, true, true
12961211, 384166, 8637, 271, 146, 117, true, true
12999288, 385621, 8638, 272, 147, 116, true, true
13016443, 386302, 8639, 273, 148, 115, true, true
13019686, 386432, 8641, 271, 147, 113, true, true
13027873, 386749, 8641, 270, 146, 113, true, true
13095119, 389312, 8642, 271, 147, 113, true, true
13116544, 390187, 8644, 273, 148, 110, true, true
13121759, 390395, 8646, 275, 149, 109, true, true
13145526, 391282, 8647, 276, 150, 110, true, true
13175764, 392470, 8704, 333, 151, 110, true, true
13199030, 393378, 8704, 332, 150, 110, true, true
13225203, 394419, 8705, 333, 151, 109, true, true
13365053, 399994, 8705, 332, 150, 114, true, true
13371837, 400268, 8707, 331, 151, 112, true, true
13394018, 401091, 8707, 330, 150, 115, true, true
13421355, 402125, 8708, 331, 151, 113, true, true
13472218, 404163, 8708, 330, 150, 113, true, true
13502608, 405380, 8709, 331, 151, 111, true, true
13505482, 405490, 8710, 332, 152, 110, true, true
13515470, 405879, 8712, 334, 153, 106, true, true
13585242, 408601, 8712, 333, 152, 108, true, true
13629752, 410269, 8712, 332, 151, 108, true, true
13636996, 410534, 8712, 331, 151, 108, true, true
13678820, 412223, 8724, 338, 152, 106, true, true
13707072, 413361, 8725, 339, 153, 105, true, true
13753562, 415169, 8725, 323, 152, 106, true, true
13762652, 415530, 8727, 325, 153, 104, true, true
13777389, 416126, 8729, 327, 154, 103, true, true
13786557, 416486, 8730, 328, 155, 98, true, true
14007341, 425097, 8731, 329, 156, 103, true, true
14025188, 425843, 8731, 328, 155, 105, true, true
14052076, 426914, 8731, 327, 154, 106, true, true
14084439, 428230, 8731, 326, 153, 107, true, true
14138360, 430405, 8731, 325, 152, 109, true, true
14246049, 434591, 8731, 324, 151, 112, true, true
14282115, 436036, 8731, 323, 150, 113, true, true
14306287, 436986, 8731, 322, 149, 113, true, true
14320651, 437538, 8732, 323, 150, 112, true, true
14358644, 439064, 8732, 321, 149, 112, true, true
14396995, 440617, 8733, 322, 150, 110, true, true
14407429, 441042, 8734, 322, 151, 109, true, true
14424800, 441764, 8734, 321, 150, 109, true, true
14441954, 442484, 8734, 320, 149, 109, true, true
14451251, 442868, 8735, 318, 150, 107, true, true
14532152, 446124, 8735, 317, 149, 112, true, true
14546389, 446696, 8738, 319, 149, 112, true, true
14646873, 450899, 8739, 320, 150, 115, true, true
14657912, 451342, 8740, 320, 150, 114, true, true
14749589, 455307, 8740, 319, 150, 114, true, true
14764021, 455900, 8745, 324, 151, 111, true, true
14827689, 458457, 8746, 325, 152, 111, true, true
14835742, 458784, 8747, 325, 152, 108, true, true
14954548, 463727, 8747, 324, 151, 110, true, true
14996725, 465484, 8747, 322, 150, 110, true, true
15000428, 465613, 8747, 320, 150, 110, true, true
15011246, 466107, 8747, 319, 149, 110, true, true
15040800, 467364, 8747, 317, 148, 110, true, true
15085744, 469262, 8747, 316, 147, 110, true, true
15092195, 469500, 8748, 316, 147, 108, true, true
15109155, 470146, 8748, 311, 145, 108, true, true
15293967, 477646, 8748, 306, 144, 113, true, true
15298616, 477843, 8749, 306, 145, 111, true, true
15318628, 478615, 8749, 305, 145, 111, true, true
15343620, 479632, 8749, 304, 144, 111, true, true
15356442, 480197, 8749, 303, 144, 111, true, true
15443946, 484005, 8750, 304, 145, 111, true, true
15532307, 487743, 8750, 303, 145, 113, true, true
15535244, 487867, 8751, 304, 146, 112, true, true
15568906, 489284, 8751, 303, 145, 112, true, true
15584464, 489936, 8752, 304, 146, 111, true, true
15584737, 489947, 8752, 301, 145, 111, true, true
15678168, 493796, 8752, 300, 144, 115, true, true
15753984, 497005, 8753, 301, 145, 112, true, true
15775147, 497887, 8753, 300, 144, 113, true, true
15822640, 499778, 8753, 299, 143, 113, true, true
15882610, 502199, 8754, 300, 144, 115, true, true
15882805, 502209, 8754, 299, 143, 115, true, true
15919841, 503738, 8754, 298, 143, 115, true, true
15972566, 505948, 8755, 299, 144, 116, true, true
15988197, 506585, 8755, 297, 143, 116, true, true
16021194, 507928, 8755, 296, 142, 117, true, true
16138903, 512715, 8755, 295, 141, 119, true, true
16215557, 515836, 8755, 294, 140, 120, true, true
16224184, 516170, 8755, 293, 139, 120, true, true
16246848, 517100, 8755, 291, 139, 124, true, true
16256015, 517482, 8755, 289, 138, 124, true, true
16319694, 520164, 8755, 288, 137, 126, true, true
16347009, 521319, 8756, 289, 138, 125, true, true
16362617, 521972, 8757, 290, 139, 125, true, true
16433807, 524832, 8758, 291, 140, 125, true, true
16437729, 524978, 8759, 292, 141, 124, true, true
16443794, 525227, 8761, 294, 142, 121, true, true
16467431, 526186, 8763, 294, 143, 119, true, true
16521306, 528306, 8763, 293, 142, 120, true, true
16535719, 528819, 8763, 292, 141, 120, true, true
16620755, 532193, 8763, 291, 140, 121, true, true
16694622, 535223, 8763, 289, 139, 123, true, true
16837373, 541065, 8765, 291, 140, 129, true, true
16845985, 541426, 8766, 292, 141, 128, true, true
16955119, 545616, 8774, 300, 142, 129, true, true
17013580, 547887, 8774, 299, 141, 130, true, true
17115646, 552021, 8774, 291, 140, 134, true, true
17127801, 552461, 8774, 290, 139, 134, true, true
17242323, 556896, 8774, 288, 138, 138, true, true
17324224, 560214, 8774, 287, 137, 143, true, true
17329472, 560420, 8774, 286, 136, 143, true, true
17330527, 560468, 8774, 285, 135, 143, true, true
17339121, 560815, 8774, 283, 134, 143, true, true
17451604, 565293, 8774, 281, 133, 144, true, true
17657430, 573713, 8776, 282, 134, 144, true, true
17661119, 573837, 8776, 281, 133, 144, true, true
17691229, 575070, 8777, 282, 134, 142, true, true
17802969, 579665, 8777, 281, 133, 145, true, true
17842977, 581337, 8778, 282, 134, 144, true, true
17865880, 582246, 8779, 283, 135, 143, true, true
17896340, 583392, 8779, 282, 134, 143, true, true
17903744, 583694, 8781, 265, 133, 142, true, true
17918496, 584307, 8781, 264, 132, 142, true, true
18000638, 587494, 8782, 265, 133, 142, true, true
18031584, 588672, 8782, 264, 132, 143, true, true
18074652, 590425, 8782, 262, 131, 143, true, true
18100128, 591429, 8783, 263, 132, 141, true, true
18107931, 591735, 8783, 262, 131, 141, true, true
18113526, 591976, 8785, 263, 131, 139, true, true
18166689, 594003, 8786, 264, 132, 140, true, true
18192724, 595058, 8786, 263, 131, 140, true, true
18220807, 596166, 8786, 262, 130, 140, true, true
18248437, 597296, 8788, 264, 131, 138, true, true
18258448, 597688, 8790, 266, 132, 137, true, true
18297969, 599227, 8790, 265, 131, 137, true, true
18354015, 601334, 8791, 266, 132, 134, true, true
18615132, 611643, 8791, 264, 131, 138, true, true
18648884, 612982, 8791, 263, 130, 138, true, true
18810827, 619450, 8793, 265, 131, 140, true, true
18838704, 620561, 8794, 266, 132, 138, true, true
18956665, 625253, 8794, 264, 131, 139, true, true
18966146, 625664, 8794, 262, 130, 139, true, true
19038270, 628475, 8795, 263, 131, 139, true, true
19048760, 628881, 8796, 264, 132, 138, true, true
19114338, 631561, 8797, 265, 133, 138, true, true
19146497, 632939, 8798, 266, 134, 134, true, true
19215404, 635659, 8799, 267, 135, 132, true, true
19288670, 638604, 8800, 268, 136, 132, true, true
19306824, 639298, 8801, 269, 137, 125, true, true
19372316, 641875, 8801, 268, 136, 127, true, true
19428124, 644112, 8802, 269, 137, 125, true, true
19448551, 644912, 8802, 267, 136, 125, true, true
19613328, 651466, 8802, 266, 135, 128, true, true
19674543, 653963, 8802, 265, 134, 129, true, true
19760709, 657539, 8802, 262, 133, 130, true, true
19775319, 658127, 8803, 262, 133, 128, true, true
19789178, 658725, 8804, 263, 134, 126, true, true
19790969, 658801, 8804, 262, 133, 126, true, true
19821860, 660012, 8806, 264, 134, 126, true, true
19866144, 661845, 8806, 263, 133, 128, true, true
19873895, 662156, 8806, 262, 132, 128, true, true
20026224, 668368, 8806, 261, 132, 132, true, true
20099171, 671391, 8807, 262, 133, 131, true, true
20131259, 672696, 8808, 263, 134, 129, true, true
20154730, 673703, 8808, 262, 134, 129, true, true
20166641, 674190, 8808, 261, 133, 129, true, true
20302166, 679770, 8808, 260, 132, 132, true, true
20369139, 682453, 8808, 248, 131, 134, true, true
20501529, 687962, 8809, 249, 132, 135, true, true
20655059, 694314, 8813, 253, 133, 135, true, true
20866856, 703328, 8813, 252, 132, 137, true, true
21031235, 710686, 8813, 251, 131, 140, true, true
21044199, 711309, 8813, 250, 130, 140, true, true
21153969, 716229, 8813, 249, 129, 142, true, true
21169858, 716911, 8813, 247, 128, 142, true, true
21175718, 717195, 8814, 248, 129, 141, true, true
21218952, 719102, 8815, 249, 130, 139, true, true
21279566, 721765, 8815, 248, 129, 142, true, true
21296534, 722540, 8815, 247, 128, 142, true, true
21315261, 723366, 8815, 246, 127, 142, true, true
21485875, 730791, 8815, 245, 126, 142, true, true
21546680, 733529, 8818, 248, 127, 142, true, true
21577216, 734885, 8818, 247, 126, 142, true, true
21633518, 737550, 8818, 246, 125, 142, true, true
21650659, 738264, 8818, 244, 123, 142, true, true
21694053, 740200, 8820, 246, 124, 141, true, true
21708326, 740849, 8827, 253, 125, 141, true, true
21761373, 743243, 8827, 252, 124, 142, true, true
21786024, 744306, 8827, 251, 123, 143, true, true
21847143, 747009, 8828, 252, 124, 141, true, true
21935560, 750973, 8833, 257, 125, 140, true, true
21959985, 752080, 8833, 256, 124, 140, true, true
22154257, 760719, 8833, 255, 123, 143, true, true
22315871, 768080, 8833, 250, 122, 145, true, true
22317723, 768160, 8834, 251, 123, 144, true, true
22443146, 773762, 8834, 250, 122, 144, true, true
22559623, 779139, 8834, 249, 121, 147, true, true
22567401, 779495, 8834, 248, 120, 147, true, true
22604103, 781193, 8836, 250, 121, 146, true, true
22626279, 782255, 8841, 255, 122, 145, true, true
22638979, 782795, 8843, 255, 121, 144, true, true
22720776, 786484, 8843, 249, 120, 145, true, true
22733173, 787061, 8843, 248, 119, 145, true, true
22795048, 789824, 8843, 247, 118, 145, true, true
22809253, 790410, 8845, 249, 119, 144, true, true
22873585, 793362, 8845, 248, 118, 146, true, true
22962321, 797438, 8845, 247, 117, 148, true, true
23035065, 800814, 8846, 248, 118, 144, true, true
23048417, 801470, 8846, 247, 117, 144, true, true
23063820, 802121, 8847, 248, 118, 143, true, true
23306200, 813036, 8849, 250, 119, 141, true, true
23310860, 813241, 8849, 249, 118, 141, true, true
23357094, 815339, 8864, 264, 119, 136, true, true
23568765, 825031, 8864, 263, 118, 140, true, true
23615578, 827144, 8864, 262, 117, 140, true, true
23746196, 833273, 8865, 263, 118, 141, true, true
23819078, 836649, 8866, 264, 119, 141, true, true
23825620, 836961, 8867, 265, 120, 140, true, true
23900606, 840405, 8867, 209, 120, 140, true, true
23931031, 841801, 8867, 206, 120, 142, true, true
24133908, 850989, 8870, 209, 121, 142, true, true
24139134, 851236, 8870, 194, 120, 142, true, true
24156511, 852000, 8871, 195, 121, 140, true, true
24215508, 854745, 8873, 197, 122, 139, true, true
24223931, 855162, 8873, 196, 121, 140, true, true
24287016, 858078, 8875, 198, 122, 139, true, true
24318430, 859486, 8876, 199, 123, 138, true, true
24353161, 861051, 8877, 200, 124, 134, true, true
24447828, 865324, 8881, 204, 125, 133, true, true
24502518, 867718, 8885, 208, 126, 133, true, true
24574858, 870934, 8886, 209, 127, 132, true, true
24598979, 871990, 8886, 208, 126, 132, true, true
24765370, 879510, 8886, 207, 125, 134, true, true
24968471, 888883, 8886, 206, 124, 141, true, true
24981787, 889469, 8886, 205, 123, 141, true, true
25008094, 890661, 8886, 204, 122, 141, true, true
25017643, 891077, 8887, 205, 123, 140, true, true
25040474, 892138, 8888, 206, 124, 140, true, true
25043915, 892293, 8888, 204, 123, 140, true, true
25075649, 893790, 8889, 205, 124, 132, true, true
25119058, 895756, 8889, 204, 123, 132, true, true
25170317, 898065, 8891, 206, 124, 131, true, true
25200554, 899354, 8892, 207, 125, 129, true, true
25219447, 900190, 8892, 206, 124, 130, true, true
25500705, 912459, 8893, 207, 125, 130, true, true
25559364, 915145, 8893, 206, 124, 130, true, true
25765024, 924382, 8894, 204, 125, 131, true, true
25798541, 925891, 8894, 203, 124, 133, true, true
25805847, 926229, 8895, 204, 125, 131, true, true
26131641, 941038, 8901, 209, 125, 138, true, true
26213469, 944875, 8903, 211, 126, 138, true, true
26300431, 948864, 8904, 212, 127, 129, true, true
26328353, 950179, 8905, 213, 128, 129, true, true
26397362, 953357, 8905, 212, 127, 129, true, true
26717193, 968119, 8905, 211, 126, 130, true, true
26792196, 971564, 8905, 210, 125, 130, true, true
26842348, 973790, 8905, 209, 124, 132, true, true
26857653, 974491, 8905, 208, 123, 132, true, true
26985933, 980490, 8905, 207, 122, 135, true, true
27001182, 981239, 8907, 209, 123, 134, true, true
27039491, 982975, 8910, 210, 123, 129, true, true
27080163, 984886, 8910, 208, 122, 129, true, true
27129597, 987086, 8911, 209, 123, 128, true, true
27150240, 988030, 8912, 210, 124, 127, true, true
27313782, 995692, 8913, 211, 125, 128, true, true
27401843, 999847, 8913, 209, 124, 129, true, true
27430247, 1001158, 8913, 208, 123, 130, true, true
27433087, 1001295, 8914, 209, 124, 126, true, true
27441664, 1001703, 8915, 210, 125, 125, true, true
27570805, 1007650, 8916, 211, 126, 127, true, true
27611011, 1009530, 8916, 210, 125, 128, true, true
27718429, 1014333, 8917, 211, 126, 125, true, true
27736451, 1015208, 8917, 210, 125, 125, true, true
27774616, 1016923, 8918, 211, 126, 123, true, true
27847445, 1020228, 8918, 209, 126, 123, true, true
28040404, 1029233, 8918, 208, 125, 125, true, true
28103257, 1032085, 8918, 207, 124, 125, true, true
28127570, 1033206, 8918, 206, 123, 125, true, true
28147263, 1034051, 8919, 207, 124, 125, true, true
28263678, 1039405, 8919, 205, 123, 125, true, true
28339983, 1042969, 8920, 206, 124, 125, true, true
28512042, 1051140, 8921, 207, 125, 128, true, true
28603620, 1055557, 8921, 206, 124, 129, true, true
28685120, 1059400, 8922, 207, 125, 131, true, true
28826474, 1066250, 8922, 206, 124, 132, true, true
28883275, 1068888, 8922, 205, 123, 132, true, true
28893428, 1069365, 8924, 207, 124, 130, true, true
28936898, 1071384, 8924, 206, 123, 131, true, true
28950240, 1071992, 8925, 207, 124, 130, true, true
29005539, 1074608, 8927, 207, 124, 129, true, true
29037488, 1076091, 8928, 208, 125, 126, true, true
29056542, 1076976, 8934, 214, 126, 125, true, true
29088229, 1078451, 8934, 213, 126, 125, true, true
29088715, 1078476, 8934, 212, 125, 125, true, true
29156191, 1081635, 8934, 211, 124, 127, true, true
29177206, 1082616, 8934, 210, 123, 127, true, true
29182219, 1082882, 8935, 211, 124, 126, true, true
29186669, 1083094, 8935, 209, 123, 126, true, true
29212183, 1084202, 8942, 212, 123, 123, true, true
29315519, 1088939, 8944, 213, 123, 121, true, true
29437991, 1094523, 8945, 214, 124, 120, true, true
29575786, 1100748, 8945, 213, 123, 122, true, true
29592315, 1101497, 8945, 211, 123, 122, true, true
29800337, 1110544, 8946, 209, 124, 124, true, true
29863933, 1113434, 8948, 211, 125, 125, true, true
29986565, 1118959, 8948, 210, 124, 125, true, true
30000445, 1119582, 8949, 211, 125, 123, true, true
30238548, 1130471, 8949, 210, 124, 126, true, true
30459998, 1140530, 8949, 209, 123, 129, true, true
30501785, 1142399, 8951, 210, 124, 127, true, true
30583288, 1146064, 8951, 209, 123, 127, true, true
30819030, 1156485, 8952, 210, 124, 129, true, true
30845105, 1157655, 8953, 211, 125, 128, true, true
30851205, 1157921, 8954, 212, 126, 127, true, true
31136141, 1170306, 8956, 214, 127, 127, true, true
31206443, 1173409, 8956, 213, 126, 127, true, true
31271455, 1176395, 8956, 212, 125, 127, true, true
31316588, 1178394, 8956, 211, 124, 128, true, true
31374501, 1180907, 8956, 210, 124, 129, true, true
31469241, 1185197, 8957, 211, 125, 128, true, true
31994801, 1209008, 8957, 210, 124, 136, true, true
32130840, 1215324, 8965, 216, 124, 133, true, true
32187999, 1218018, 8968, 212, 125, 131, true, true
32263661, 1221566, 8968, 211, 124, 131, true, true
32437094, 1229519, 8968, 210, 123, 134, true, true
32441680, 1229754, 8968, 209, 122, 134, true, true
32624075, 1238046, 8969, 210, 123, 133, true, true
32682470, 1240722, 8970, 211, 124, 127, true, true
32885844, 1250062, 8970, 210, 123, 129, true, true
32996054, 1255077, 8971, 211, 124, 129, true, true
33159896, 1262558, 8974, 214, 125, 129, true, true
33278650, 1267936, 8974, 212, 124, 129, true, true
33546059, 1280191, 8974, 211, 123, 131, true, true
33760477, 1290315, 8974, 210, 122, 131, true, true
33879583, 1296029, 8976, 212, 123, 131, true, true
33987633, 1301118, 8978, 210, 124, 130, true, true
34359844, 1318561, 8978, 208, 124, 133, true, true
34403875, 1320723, 8979, 209, 125, 131, true, true
34410517, 1321036, 8981, 211, 126, 130, true, true
34528839, 1326612, 8981, 210, 125, 131, true, true
34538838, 1327114, 8982, 211, 126, 130, true, true
34567075, 1328489, 8983, 212, 127, 124, true, true
34688674, 1334436, 8984, 213, 128, 123, true, true
34703528, 1335123, 8985, 214, 129, 121, true, true
34731798, 1336486, 8985, 212, 128, 121, true, true
34744978, 1337123, 8985, 211, 127, 121, true, true
34769814, 1338300, 8985, 209, 126, 121, true, true
34794207, 1339410, 8985, 208, 125, 122, true, true
34999656, 1349049, 8985, 207, 124, 125, true, true
35091353, 1353394, 8985, 206, 124, 127, true, true
35133143, 1355355, 8985, 205, 123, 127, true, true
35158997, 1356615, 8986, 206, 124, 126, true, true
35227728, 1359759, 8987, 207, 125, 125, true, true
35280324, 1362194, 8987, 206, 124, 125, true, true
35452667, 1370250, 8988, 207, 125, 123, true, true
36011814, 1396461, 8988, 205, 124, 129, true, true
36235131, 1406832, 8989, 206, 125, 127, true, true
36433944, 1416135, 8991, 207, 126, 128, true, true
36635644, 1425546, 8991, 205, 125, 129, true, true
36659954, 1426699, 8991, 204, 124, 129, true, true
36694387, 1428243, 8991, 198, 124, 129, true, true
36755221, 1431055, 8991, 196, 123, 129, true, true
36910434, 1438259, 8993, 198, 124, 129, true, true
37002415, 1442606, 8994, 199, 125, 128, true, true
37283968, 1455821, 8994, 197, 124, 129, true, true
37826865, 1481665, 8995, 198, 125, 134, true, true
37857777, 1483142, 8995, 197, 124, 134, true, true
38533879, 1516495, 8996, 196, 125, 135, true, true
38611874, 1520248, 8997, 197, 126, 134, true, true
38634622, 1521375, 8997, 195, 125, 134, true, true
38650679, 1522191, 8998, 196, 126, 131, true, true
38712390, 1525253, 8998, 195, 125, 133, true, true
38814381, 1530143, 8999, 196, 126, 133, true, true
38821733, 1530494, 8999, 193, 125, 133, true, true
39181386, 1547825, 9001, 195, 126, 133, true, true
39185878, 1548034, 9001, 194, 125, 133, true, true
39275580, 1552343, 9001, 193, 124, 135, true, true
39592019, 1567872, 9002, 194, 125, 136, true, true
39897692, 1582817, 9003, 195, 126, 132, true, true
39940782, 1584889, 9003, 193, 125, 132, true, true
40097163, 1592774, 9003, 192, 124, 132, true, true
40301539, 1603211, 9004, 193, 125, 135, true, true
40586693, 1617571, 9004, 192, 124, 136, true, true
40605869, 1618502, 9004, 191, 123, 136, true, true
40675254, 1621899, 9004, 190, 122, 136, true, true
40700133, 1623011, 9005, 191, 123, 133, true, true
40807575, 1628479, 9006, 192, 124, 130, true, true
40874686, 1631799, 9006, 191, 123, 132, true, true
41134243, 1644518, 9006, 190, 122, 133, true, true
41172367, 1646376, 9006, 188, 121, 133, true, true
41433252, 1659613, 9006, 187, 120, 135, true, true
41474612, 1661672, 9012, 193, 121, 131, true, true
41858807, 1681048, 9013, 194, 122, 135, true, true
41860597, 1681142, 9014, 195, 123, 132, true, true
41862326, 1681238, 9014, 194, 122, 133, true, true
42135103, 1694812, 9014, 193, 121, 136, true, true
42253550, 1700547, 9014, 192, 120, 137, true, true
42430469, 1709284, 9014, 191, 119, 138, true, true
42435253, 1709520, 9015, 192, 120, 136, true, true
42482557, 1711921, 9015, 191, 119, 136, true, true
42618345, 1718537, 9015, 190, 118, 137, true, true
42894922, 1731837, 9016, 191, 119, 137, true, true
42912628, 1732750, 9017, 192, 120, 137, true, true
43090797, 1741505, 9017, 191, 119, 139, true, true
43266324, 1750125, 9018, 192, 120, 139, true, true
43500822, 1761284, 9018, 191, 119, 141, true, true
43516650, 1762005, 9020, 193, 120, 140, true, true
43591199, 1765667, 9025, 198, 121, 140, true, true
43615106, 1766773, 9025, 197, 120, 140, true, true
43742452, 1772772, 9027, 199, 121, 139, true, true
43945679, 1782595, 9027, 196, 120, 143, true, true
44175827, 1793788, 9030, 199, 121, 143, true, true
44187070, 1794325, 9030, 197, 120, 143, true, true
44286666, 1799153, 9030, 196, 119, 143, true, true
44313294, 1800571, 9031, 196, 120, 143, true, true
44534528, 1811570, 9033, 198, 121, 142, true, true
44643982, 1816891, 9033, 197, 120, 145, true, true
44685448, 1818857, 9034, 198, 121, 142, true, true
45006376, 1834567, 9034, 197, 120, 143, true, true
45007185, 1834614, 9035, 198, 121, 141, true, true
45200562, 1844028, 9036, 199, 122, 141, true, true
45327841, 1850038, 9037, 200, 123, 141, true, true
45346022, 1850943, 9037, 199, 122, 141, true, true
45412793, 1854127, 9037, 193, 121, 141, true, true
45445725, 1855758, 9039, 195, 122, 139, true, true
45535024, 1860025, 9040, 196, 123, 133, true, true
45544833, 1860471, 9040, 195, 122, 133, true, true
45571497, 1861727, 9041, 196, 123, 128, true, true
45902401, 1877200, 9042, 197, 124, 132, true, true
45947163, 1879223, 9043, 197, 124, 131, true, true
46113650, 1886878, 9044, 198, 125, 131, true, true
46402999, 1900285, 9045, 198, 125, 131, true, true
46964137, 1926132, 9046, 199, 126, 131, true, true
47358181, 1944480, 9047, 198, 127, 125, true, true
47359330, 1944542, 9047, 196, 126, 125, true, true
47568924, 1954176, 9047, 195, 125, 127, true, true
47658358, 1958125, 9049, 197, 126, 126, true, true
47668345, 1958581, 9049, 196, 125, 126, true, true
47808039, 1965068, 9049, 190, 124, 126, true, true
47988348, 1973370, 9050, 191, 125, 126, true, true
47997862, 1973797, 9051, 192, 126, 124, true, true
48291449, 1987653, 9052, 193, 127, 117, true, true
48396512, 1992520, 9053, 194, 128, 116, true, true
48511111, 1997856, 9053, 192, 127, 117, true, true
48589691, 2001459, 9054, 193, 128, 113, true, true
48728336, 2008102, 9057, 191, 128, 113, true, true
48831281, 2012824, 9058, 192, 129, 110, true, true
48927055, 2017247, 9058, 191, 129, 110, true, true
48990422, 2020155, 9058, 190, 128, 110, true, true
49127929, 2026432, 9058, 189, 127, 110, true, true
49172172, 2028393, 9058, 188, 126, 110, true, true
49538846, 2045412, 9062, 192, 127, 109, true, true
49813626, 2058285, 9062, 191, 126, 112, true, true
49934985, 2063802, 9062, 190, 125, 112, true, true
49999506, 2066852, 9063, 191, 126, 109, true, true
50157240, 2074324, 9063, 190, 125, 110, true, true
50474742, 2089329, 9064, 191, 126, 112, true, true
50504375, 2090705, 9064, 190, 125, 112, true, true
50712982, 2100294, 9065, 190, 125, 111, true, true
50960615, 2111852, 9065, 188, 124, 111, true, true
51050874, 2115964, 9066, 189, 125, 110, true, true
51075216, 2117150, 9067, 189, 126, 107, true, true
51113384, 2118970, 9067, 188, 125, 107, true, true
51542369, 2138778, 9067, 187, 124, 110, true, true
51687988, 2145646, 9067, 186, 123, 112, true, true
52016234, 2161180, 9067, 185, 122, 116, true, true
52040047, 2162248, 9068, 186, 123, 115, true, true
52132938, 2166773, 9069, 186, 123, 110, true, true
52196414, 2169777, 9069, 185, 122, 110, true, true
52303124, 2174882, 9069, 184, 122, 110, true, true
52395461, 2179274, 9069, 183, 121, 110, true, true
52577763, 2188065, 9069, 182, 120, 113, true, true
52582695, 2188333, 9069, 180, 119, 113, true, true
52682556, 2193034, 9069, 179, 118, 114, true, true
52823401, 2199781, 9071, 180, 118, 112, true, true
53016340, 2208914, 9073, 182, 119, 112, true, true
53029725, 2209539, 9076, 185, 120, 111, true, true
53039277, 2210006, 9079, 188, 121, 110, true, true
53068281, 2211303, 9080, 189, 122, 107, true, true
53274233, 2220587, 9081, 190, 123, 106, true, true
53366903, 2224903, 9082, 191, 124, 106, true, true
53395596, 2226229, 9083, 192, 125, 103, true, true
54047942, 2256540, 9083, 191, 124, 108, true, true
54324787, 2269303, 9084, 192, 125, 107, true, true
55114383, 2305674, 9085, 193, 126, 107, true, true
55142755, 2306933, 9086, 194, 127, 104, true, true
55524862, 2324757, 9086, 193, 126, 105, true, true
55773502, 2336472, 9086, 192, 125, 105, true, true
56134898, 2353776, 9086, 191, 124, 106, true, true
56146665, 2354333, 9087, 191, 125, 104, true, true
56274426, 2360196, 9088, 192, 126, 105, true, true
56535856, 2372483, 9090, 194, 127, 103, true, true
56900798, 2389479, 9090, 193, 126, 105, true, true
57102537, 2399121, 9090, 192, 125, 105, true, true
57327898, 2409644, 9091, 193, 126, 103, true, true
57870395, 2434739, 9091, 192, 125, 104, true, true
58249407, 2452700, 9095, 196, 126, 103, true, true
58378301, 2458836, 9095, 195, 125, 105, true, true
58448050, 2462105, 9095, 194, 124, 106, true, true
58549232, 2466941, 9096, 195, 125, 104, true, true
58761200, 2476835, 9097, 196, 126, 106, true, true
58810863, 2479182, 9097, 195, 125, 107, true, true
59115901, 2493205, 9097, 194, 125, 108, true, true
59348723, 2503953, 9097, 193, 124, 109, true, true
59471067, 2509623, 9105, 201, 125, 108, true, true
59534025, 2512631, 9105, 200, 124, 109, true, true
59771216, 2523655, 9107, 202, 125, 107, true, true
59849758, 2527265, 9107, 201, 124, 107, true, true
60228846, 2544875, 9109, 202, 124, 105, true, true
60396438, 2552548, 9111, 204, 125, 99, true, true
61021866, 2581019, 9111, 198, 125, 104, true, true
61116552, 2585477, 9111, 197, 124, 104, true, true
61126573, 2585912, 9112, 197, 124, 103, true, true
61511283, 2603371, 9113, 198, 125, 101, true, true
61861694, 2619402, 9113, 196, 124, 101, true, true
61888826, 2620567, 9113, 195, 123, 101, true, true
62467815, 2646575, 9114, 196, 124, 99, true, true
62478694, 2647103, 9114, 195, 124, 99, true, true
62953652, 2668930, 9114, 194, 123, 100, true, true
63118212, 2676722, 9116, 196, 124, 100, true, true
63172295, 2679364, 9116, 190, 123, 100, true, true
63368805, 2688517, 9116, 189, 122, 101, true, true
63388696, 2689480, 9117, 190, 123, 97, true, true
63501132, 2694633, 9117, 189, 122, 97, true, true
63561492, 2697475, 9117, 188, 121, 97, true, true
63709577, 2704216, 9117, 187, 120, 97, true, true
63914892, 2713617, 9118, 188, 121, 98, true, true
64187120, 2726191, 9118, 187, 120, 100, true, true
64358579, 2734188, 9118, 186, 119, 101, true, true
64585237, 2744622, 9119, 184, 119, 99, true, true
64848433, 2756990, 9119, 182, 118, 100, true, true
64850857, 2757111, 9119, 181, 118, 100, true, true
64979185, 2763135, 9119, 180, 117, 100, true, true
65010170, 2764541, 9119, 178, 116, 100, true, true
65174144, 2771835, 9120, 179, 117, 99, true, true
65262652, 2775844, 9120, 178, 116, 99, true, true
65683335, 2794800, 9120, 177, 115, 99, true, true
66100309, 2813362, 9120, 175, 114, 99, true, true
66433091, 2827959, 9120, 174, 113, 100, true, true
66481196, 2830106, 9121, 175, 114, 97, true, true
66928460, 2849986, 9122, 176, 115, 98, true, true
67436740, 2872868, 9124, 178, 116, 97, true, true
67665759, 2883017, 9125, 179, 117, 97, true, true
67944822, 2895670, 9126, 180, 118, 92, true, true
68639579, 2927071, 9127, 181, 119, 90, true, true
69184214, 2951968, 9128, 182, 120, 91, true, true
69286386, 2956522, 9128, 181, 119, 91, true, true
69359725, 2959779, 9129, 181, 119, 89, true, true
69630511, 2971708, 9129, 180, 118, 89, true, true
69693478, 2974494, 9129, 178, 118, 89, true, true
70682648, 3017771, 9130, 179, 119, 94, true, true
71246920, 3042162, 9130, 178, 118, 94, true, true
71336882, 3046249, 9131, 176, 117, 91, true, true
71390788, 3048643, 9132, 177, 118, 90, true, true
71511806, 3053956, 9133, 178, 119, 89, true, true
72204447, 3084979, 9133, 177, 118, 91, true, true
72273384, 3088013, 9133, 175, 117, 91, true, true
72307569, 3089506, 9133, 174, 116, 91, true, true
72497788, 3097907, 9134, 175, 117, 87, true, true
72897012, 3115512, 9134, 174, 116, 89, true, true
73223871, 3129688, 9134, 172, 115, 89, true, true
74805763, 3199475, 9136, 174, 116, 91, true, true
74954188, 3206144, 9137, 175, 117, 90, true, true
74976363, 3207080, 9137, 174, 116, 90, true, true
76056368, 3255236, 9137, 172, 115, 93, true, true
76163477, 3260001, 9137, 171, 114, 93, true, true
76364387, 3269474, 9138, 172, 115, 92, true, true
77223990, 3308508, 9138, 171, 114, 96, true, true
77248458, 3309645, 9138, 170, 113, 96, true, true
77267472, 3310465, 9138, 169, 112, 96, true, true
77645262, 3327294, 9138, 168, 111, 96, true, true
78182474, 3351404, 9138, 167, 110, 98, true, true
78342534, 3358661, 9143, 167, 110, 99, true, true
78517467, 3366641, 9145, 169, 111, 98, true, true
78639790, 3372212, 9145, 168, 110, 98, true, true
78903989, 3383855, 9145, 167, 109, 99, true, true
79260067, 3399746, 9146, 168, 110, 95, true, true
80068983, 3436448, 9146, 167, 109, 99, true, true
80153372, 3440378, 9147, 168, 110, 98, true, true
80221001, 3443306, 9148, 168, 111, 96, true, true
80622933, 3461416, 9148, 167, 110, 97, true, true
80684733, 3464192, 9148, 165, 108, 97, true, true
80776381, 3468319, 9149, 166, 109, 94, true, true
81421958, 3496605, 9150, 167, 110, 94, true, true
81438287, 3497305, 9150, 164, 109, 94, true, true
81800636, 3513467, 9150, 163, 108, 95, true, true
81889825, 3517313, 9150, 162, 107, 95, true, true
82178494, 3530083, 9151, 163, 108, 94, true, true
82397309, 3539772, 9151, 162, 107, 94, true, true
82571795, 3547540, 9151, 161, 106, 94, true, true
82959993, 3565034, 9152, 162, 107, 93, true, true
83249685, 3578241, 9152, 161, 106, 95, true, true
83444159, 3586921, 9153, 162, 107, 94, true, true
84126891, 3617921, 9153, 161, 106, 97, true, true
84376335, 3629250, 9158, 166, 107, 96, true, true
84455773, 3632839, 9159, 167, 108, 94, true, true
85061008, 3659975, 9159, 166, 107, 97, true, true
85476235, 3678793, 9163, 170, 108, 95, true, true
85567315, 3682908, 9163, 168, 107, 95, true, true
86695313, 3733995, 9164, 169, 108, 94, true, true
86754340, 3736641, 9164, 165, 107, 94, true, true
86789990, 3738193, 9166, 164, 108, 93, true, true
86873446, 3741858, 9166, 160, 107, 93, true, true
87113669, 3752382, 9167, 161, 108, 92, true, true
87484189, 3768641, 9168, 162, 109, 90, true, true
88131172, 3797160, 9168, 160, 108, 92, true, true
89513536, 3858104, 9171, 162, 108, 93, true, true
90251438, 3891024, 9171, 161, 108, 94, true, true
90316011, 3893900, 9172, 162, 109, 93, true, true
90938862, 3921459, 9172, 161, 108, 94, true, true
91409445, 3941880, 9172, 160, 107, 94, true, true
91999626, 3967903, 9172, 159, 106, 95, true, true
92394495, 3985367, 9172, 158, 105, 95, true, true
92955683, 4010356, 9173, 158, 105, 94, true, true
94665037, 4090151, 9173, 157, 104, 101, true, true
94890699, 4100474, 9175, 159, 105, 96, true, true
95642911, 4136761, 9176, 160, 106, 95, true, true
95732355, 4141124, 9176, 159, 105, 95, true, true
96153629, 4161496, 9176, 158, 104, 97, true, true
96345923, 4171052, 9177, 159, 105, 96, true, true
96489484, 4178424, 9179, 160, 105, 93, true, true
96717840, 4190284, 9180, 161, 106, 92, true, true
96961664, 4202278, 9180, 159, 105, 93, true, true
97333826, 4221203, 9180, 158, 104, 94, true, true
97812191, 4245680, 9180, 156, 103, 96, true, true
98783106, 4295691, 9180, 155, 102, 98, true, true
98830994, 4298246, 9180, 154, 101, 98, true, true
100049138, 4361541, 9180, 153, 101, 101, true, true
100342273, 4377465, 9181, 154, 102, 101, true, true
100792661, 4401420, 9182, 155, 103, 99, true, true
101606329, 4445915, 9183, 156, 104, 97, true, true
101865353, 4460161, 9184, 157, 105, 93, false, true
102145843, 4475661, 9184, 156, 104, 93, false, true
102280339, 4483131, 9185, 157, 105, 90, false, true
102477163, 4493868, 9185, 156, 104, 90, false, true
104246997, 4590329, 9185, 155, 103, 90, false, true
104623286, 4611445, 9185, 154, 103, 90, false, true
105017580, 4634026, 9186, 155, 104, 87, false, true
105314008, 4650838, 9186, 153, 103, 87, false, true
105700124, 4672469, 9186, 152, 102, 87, false, true
106424421, 4714215, 9188, 154, 103, 85, false, true
106529834, 4719985, 9189, 155, 104, 83, false, true
106995815, 4746644, 9189, 154, 103, 83, false, true
107417648, 4771370, 9189, 153, 102, 83, false, true
107891846, 4798805, 9192, 156, 103, 82, false, true
108184741, 4815264, 9195, 158, 104, 81, false, true
108383750, 4826826, 9196, 159, 105, 75, false, true
109414098, 4885869, 9197, 160, 106, 73, false, true
109636868, 4898308, 9197, 159, 105, 73, false, true
109824034, 4908825, 9197, 156, 103, 73, false, true
109938536, 4915276, 9197, 155, 102, 73, false, true
110033281, 4920450, 9197, 154, 101, 73, false, true
110503492, 4946830, 9199, 156, 102, 72, false, true
110612847, 4952981, 9199, 155, 101, 72, false, true
110664614, 4955977, 9200, 156, 102, 71, false, true
111362275, 4995504, 9200, 155, 101, 71, false, true
111846747, 5023485, 9200, 154, 100, 71, false, true
111863566, 5024433, 9200, 152, 99, 71, false, true
113126117, 5097355, 9200, 149, 98, 71, false, true
113159932, 5099344, 9205, 154, 99, 70, false, true
113514383, 5119534, 9206, 152, 99, 67, false, true
113754204, 5133333, 9206, 151, 98, 67, false, true
114199328, 5158889, 9206, 150, 97, 67, false, true
114443110, 5173013, 9207, 151, 98, 66, false, true
116970362, 5316643, 9208, 152, 99, 65, false, true
117399061, 5339223, 9208, 151, 98, 65, false, true
117840968, 5361688, 9208, 150, 97, 65, false, true
117864962, 5362879, 9208, 149, 96, 65, false, true
117915055, 5365544, 9210, 151, 97, 64, false, true
118813312, 5415242, 9211, 152, 98, 60, false, true
119190869, 5438026, 9212, 153, 99, 59, false, true
119291734, 5444155, 9212, 152, 98, 59, false, true
119375505, 5449167, 9212, 151, 97, 59, false, true
120029934, 5488033, 9212, 150, 96, 59, false, true
120046267, 5488994, 9213, 151, 97, 58, false, true
120370977, 5508335, 9214, 152, 98, 57, false, true
120763841, 5532682, 9214, 151, 97, 57, false, true
120844193, 5537596, 9214, 150, 96, 57, false, true
122460636, 5636009, 9215, 151, 97, 54, false, true
123084361, 5675351, 9217, 153, 98, 53, false, true
123114498, 5677359, 9219, 155, 99, 51, false, true
123544834, 5703968, 9219, 154, 98, 51, false, true
124380540, 5755120, 9219, 152, 97, 51, false, true
125663184, 5835550, 9219, 151, 96, 51, false, true
126366748, 5879598, 9221, 153, 97, 49, false, true
127506058, 5951292, 9222, 154, 98, 48, false, true
127889468, 5975613, 9222, 153, 97, 48, false, true
127905145, 5976576, 9224, 155, 98, 46, false, true
128091562, 5988107, 9224, 154, 97, 46, false, true
128128025, 5990414, 9226, 156, 98, 44, false, true
128347975, 6004103, 9226, 155, 97, 44, false, true
128436950, 6009695, 9226, 154, 97, 44, false, true
128718132, 6026648, 9226, 153, 96, 44, false, true
130200819, 6118288, 9226, 152, 95, 44, false, true
130401092, 6130942, 9226, 151, 94, 44, false, true
130693533, 6148668, 9227, 152, 95, 42, false, true
131270415, 6184951, 9227, 150, 94, 42, false, true
131674134, 6210064, 9228, 151, 95, 41, false, true
131937251, 6226376, 9229, 152, 96, 39, false, true
133500997, 6325171, 9230, 153, 97, 37, false, true
133700770, 6337394, 9231, 154, 98, 36, false, true
133920734, 6351136, 9231, 153, 97, 36, false, true
135095685, 6423321, 9231, 152, 97, 36, false, true
135594138, 6453999, 9231, 151, 96, 36, false, true
136932299, 6537494, 9231, 150, 95, 36, false, true
137248920, 6557415, 9231, 149, 94, 36, false, true
137666306, 6583586, 9232, 150, 95, 35, false, true
139011351, 6667947, 9232, 149, 94, 35, false, true
139473061, 6697057, 9232, 148, 93, 35, false, true
139782902, 6716642, 9233, 149, 94, 34, false, true
140032722, 6732705, 9233, 148, 93, 34, false, true
140303746, 6749578, 9234, 149, 94, 32, false, true
140851508, 6784431, 9234, 147, 93, 32, false, true
141501911, 6826181, 9236, 149, 94, 31, false, true
142097014, 6864237, 9236, 148, 93, 31, false, true
142162804, 6868396, 9237, 149, 94, 30, false, true
142553857, 6893418, 9238, 148, 94, 29, false, true
143279301, 6938946, 9238, 147, 93, 29, false, true
143413171, 6947411, 9238, 146, 92, 29, false, true
143787993, 6971186, 9239, 147, 93, 28, false, true
145606838, 7089010, 9239, 146, 92, 28, false, true
146454157, 7145773, 9239, 145, 91, 28, false, true
146551891, 7152164, 9240, 146, 92, 26, false, true
147096410, 7188709, 9241, 147, 93, 24, false, true
147653581, 7225638, 9242, 148, 94, 23, false, true
148584004, 7287302, 9243, 149, 95, 22, false, true
151387896, 7480592, 9243, 147, 94, 22, false, true
151690014, 7502801, 9243, 146, 93, 22, false, true
151728892, 7505575, 9244, 147, 94, 21, false, true
151794229, 7510262, 9244, 146, 93, 21, false, true
152695530, 7574052, 9245, 147, 94, 20, false, true
153802470, 7652425, 9246, 148, 95, 19, false, true
155202715, 7752278, 9246, 147, 94, 19, false, true
156068230, 7813160, 9246, 143, 93, 19, false, true
156523555, 7845467, 9246, 142, 92, 19, false, true
157422459, 7909686, 9246, 141, 91, 19, false, true
157571187, 7920487, 9247, 142, 92, 18, false, true
158245677, 7968629, 9247, 141, 91, 18, false, true
159217973, 8038420, 9249, 143, 92, 17, false, true
159325106, 8045859, 9250, 144, 93, 16, false, true
159351461, 8047750, 9253, 147, 94, 15, false, true
159377249, 8049580, 9254, 148, 95, 14, false, true
159691528, 8071417, 9254, 147, 94, 14, false, true
159929397, 8087599, 9254, 146, 93, 14, false, true
159978572, 8090880, 9255, 145, 93, 13, false, true
160380647, 8118449, 9255, 144, 92, 13, false, true
160673790, 8138074, 9256, 145, 93, 12, false, true
162181675, 8239707, 9256, 144, 92, 12, false, true
162332000, 8250046, 9256, 142, 91, 12, false, true
162382624, 8253489, 9256, 141, 90, 12, false, true
162490266, 8260661, 9258, 143, 91, 11, false, true
162935185, 8290494, 9260, 145, 92, 10, false, true
163252145, 8311892, 9261, 145, 93, 9, false, true
163666562, 8339305, 9264, 148, 94, 7, false, true
164577311, 8400845, 9265, 149, 95, 6, false, true
165565706, 8468751, 9265, 147, 94, 6, false, true
165623247, 8472590, 9266, 148, 95, 5, false, true
166011816, 8498864, 9267, 149, 96, 4, false, true
167172143, 8577470, 9269, 151, 97, 3, false, true
167550345, 8603190, 9269, 146, 96, 3, false, true
168780262, 8685116, 9269, 145, 95, 3, false, true
169034828, 8702298, 9269, 142, 94, 3, false, true
169634691, 8742674, 9270, 143, 95, 2, false, true
169909368, 8761070, 9271, 144, 96, 1, false, true
170196180, 8780381, 9271, 143, 95, 1, false, true
171859054, 8890535, 9272, 144, 96, 0, false, true
